timestamp,open,high,low,close,volume
2023-10-19T00:00:00Z,1.1090,1.1280,1.1090,1.1240,6652760
2023-10-19T01:00:00Z,1.1250,1.1270,1.0920,1.1060,13025171
2023-10-19T02:00:00Z,1.1060,1.1070,1.0910,1.0960,4442493
2023-10-19T03:00:00Z,1.0970,1.1020,1.0920,1.1000,3235281
2023-10-19T04:00:00Z,1.0990,1.1010,1.0900,1.0990,3037771
2023-10-19T05:00:00Z,1.0980,1.1040,1.0960,1.0960,3221938
2023-10-19T06:00:00Z,1.0970,1.0980,1.0910,1.0940,2595568
2023-10-19T07:00:00Z,1.0940,1.0950,1.0800,1.0860,5192098
2023-10-19T08:00:00Z,1.0860,1.0860,1.0760,1.0810,3765670
2023-10-19T09:00:00Z,1.0820,1.0820,1.0650,1.0680,6160206
2023-10-19T10:00:00Z,1.0670,1.0750,1.0610,1.0730,6060966
2023-10-19T11:00:00Z,1.0740,1.0760,1.0620,1.0670,4813081
2023-10-19T12:00:00Z,1.0660,1.0710,1.0620,1.0690,3489712
2023-10-19T13:00:00Z,1.0690,1.0780,1.0680,1.0710,4894741
2023-10-19T14:00:00Z,1.0710,1.0720,1.0610,1.0710,4942683
2023-10-19T15:00:00Z,1.0700,1.0770,1.0670,1.0710,4228090
2023-10-19T16:00:00Z,1.0700,1.0760,1.0560,1.0570,7860715
2023-10-19T17:00:00Z,1.0570,1.0620,1.0540,1.0620,3139948
2023-10-19T18:00:00Z,1.0620,1.0650,1.0570,1.0580,2416053
2023-10-19T19:00:00Z,1.0580,1.0650,1.0560,1.0620,2437098
2023-10-19T20:00:00Z,1.0620,1.0690,1.0570,1.0570,3145610
2023-10-19T21:00:00Z,1.0570,1.0580,1.0300,1.0390,14061875
2023-10-19T22:00:00Z,1.0390,1.0450,1.0380,1.0440,2439359
2023-10-19T23:00:00Z,1.0440,1.0470,1.0410,1.0450,2495826
2023-10-20T00:00:00Z,1.0440,1.0450,1.0360,1.0380,3637483
2023-10-20T01:00:00Z,1.0370,1.0440,1.0320,1.0430,2609855
2023-10-20T02:00:00Z,1.0440,1.0590,1.0430,1.0560,5547535
2023-10-20T03:00:00Z,1.0550,1.0660,1.0530,1.0610,5586181
2023-10-20T04:00:00Z,1.0600,1.0700,1.0590,1.0680,4199282
2023-10-20T05:00:00Z,1.0690,1.0740,1.0640,1.0690,3951994
2023-10-20T06:00:00Z,1.0690,1.0720,1.0640,1.0710,2906828
2023-10-20T07:00:00Z,1.0710,1.0740,1.0630,1.0640,3180623
2023-10-20T08:00:00Z,1.0640,1.0850,1.0640,1.0800,9911636
2023-10-20T09:00:00Z,1.0790,1.0890,1.0770,1.0850,4100612
2023-10-20T10:00:00Z,1.0850,1.0970,1.0770,1.0800,9193368
2023-10-20T11:00:00Z,1.0790,1.0840,1.0740,1.0760,4926560
2023-10-20T12:00:00Z,1.0760,1.0780,1.0620,1.0660,8258170
2023-10-20T13:00:00Z,1.0670,1.0720,1.0640,1.0710,2954604
2023-10-20T14:00:00Z,1.0700,1.0730,1.0640,1.0710,3352775
2023-10-20T15:00:00Z,1.0700,1.0750,1.0670,1.0740,2809096
2023-10-20T16:00:00Z,1.0740,1.0900,1.0720,1.0830,4819709
2023-10-20T17:00:00Z,1.0820,1.0870,1.0780,1.0800,3816277
2023-10-20T18:00:00Z,1.0800,1.0840,1.0770,1.0790,1903824
2023-10-20T19:00:00Z,1.0790,1.0860,1.0780,1.0860,1743079
2023-10-20T20:00:00Z,1.0850,1.0920,1.0850,1.0860,3846732
2023-10-20T21:00:00Z,1.0850,1.0960,1.0850,1.0950,2829243
2023-10-20T22:00:00Z,1.0960,1.1010,1.0940,1.0990,3438141
2023-10-20T23:00:00Z,1.1000,1.1000,1.0880,1.0890,2784728
2023-10-21T00:00:00Z,1.0890,1.0970,1.0860,1.0870,3588011
2023-10-21T01:00:00Z,1.0880,1.0890,1.0820,1.0880,2159460
2023-10-21T02:00:00Z,1.0870,1.0940,1.0850,1.0880,2250187
2023-10-21T03:00:00Z,1.0870,1.0950,1.0840,1.0950,1871458
2023-10-21T04:00:00Z,1.0950,1.1010,1.0940,1.0970,2074063
2023-10-21T05:00:00Z,1.0960,1.1050,1.0960,1.1040,1644274
2023-10-21T06:00:00Z,1.1040,1.1230,1.1030,1.1190,7448582
2023-10-21T07:00:00Z,1.1190,1.1240,1.1140,1.1230,4437228
2023-10-21T08:00:00Z,1.1220,1.1250,1.1100,1.1140,4324980
2023-10-21T09:00:00Z,1.1130,1.1140,1.1070,1.1090,2878827
2023-10-21T10:00:00Z,1.1090,1.1110,1.1010,1.1040,3302180
2023-10-21T11:00:00Z,1.1040,1.1100,1.1000,1.1020,4487978
2023-10-21T12:00:00Z,1.1020,1.1080,1.1000,1.1030,3211018
2023-10-21T13:00:00Z,1.1020,1.1210,1.1000,1.1180,6633854
2023-10-21T14:00:00Z,1.1170,1.1250,1.1140,1.1170,7587197
2023-10-21T15:00:00Z,1.1170,1.1190,1.1070,1.1140,6693718
2023-10-21T16:00:00Z,1.1130,1.1360,1.1120,1.1210,9837796
2023-10-21T17:00:00Z,1.1210,1.1310,1.1170,1.1270,5993713
2023-10-21T18:00:00Z,1.1270,1.1350,1.1220,1.1300,7981114
2023-10-21T19:00:00Z,1.1300,1.1310,1.1210,1.1240,3676280
2023-10-21T20:00:00Z,1.1250,1.1280,1.1180,1.1240,3538386
2023-10-21T21:00:00Z,1.1250,1.1340,1.1230,1.1330,1980065
2023-10-21T22:00:00Z,1.1340,1.1380,1.1250,1.1260,2843879
2023-10-21T23:00:00Z,1.1260,1.1280,1.1170,1.1210,3368744
2023-10-22T00:00:00Z,1.1210,1.1260,1.1170,1.1210,4396098
2023-10-22T01:00:00Z,1.1210,1.1290,1.1150,1.1200,4178123
2023-10-22T02:00:00Z,1.1190,1.1210,1.1110,1.1200,2558292
2023-10-22T03:00:00Z,1.1200,1.1230,1.1150,1.1230,3266858
2023-10-22T04:00:00Z,1.1220,1.1330,1.1200,1.1330,2303165
2023-10-22T05:00:00Z,1.1330,1.1560,1.1320,1.1520,7685641
2023-10-22T06:00:00Z,1.1510,1.1570,1.1430,1.1460,5133011
2023-10-22T07:00:00Z,1.1450,1.1460,1.0850,1.1200,16437591
2023-10-22T08:00:00Z,1.1200,1.1260,1.1070,1.1150,9215705
2023-10-22T09:00:00Z,1.1140,1.1270,1.1140,1.1150,6034827
2023-10-22T10:00:00Z,1.1160,1.1270,1.1150,1.1260,4366965
2023-10-22T11:00:00Z,1.1250,1.1310,1.1180,1.1230,5486044
2023-10-22T12:00:00Z,1.1230,1.1440,1.1220,1.1380,5870659
2023-10-22T13:00:00Z,1.1370,1.1460,1.1320,1.1340,4266152
2023-10-22T14:00:00Z,1.1340,1.1380,1.1150,1.1170,8063225
2023-10-22T15:00:00Z,1.1170,1.1190,1.1080,1.1160,7420001
2023-10-22T16:00:00Z,1.1150,1.1240,1.1140,1.1160,3696046
2023-10-22T17:00:00Z,1.1170,1.1240,1.1130,1.1200,2840461
2023-10-22T18:00:00Z,1.1210,1.1240,1.1170,1.1190,4255223
2023-10-22T19:00:00Z,1.1200,1.1260,1.1180,1.1220,3389311
2023-10-22T20:00:00Z,1.1220,1.1240,1.1180,1.1220,2015838
2023-10-22T21:00:00Z,1.1220,1.1220,1.1140,1.1140,1956319
2023-10-22T22:00:00Z,1.1150,1.1380,1.1110,1.1360,5267019
2023-10-22T23:00:00Z,1.1370,1.1440,1.1320,1.1440,5766701
2023-10-23T00:00:00Z,1.1440,1.1480,1.1300,1.1390,6851973
2023-10-23T01:00:00Z,1.1400,1.1530,1.1350,1.1390,7761769
2023-10-23T02:00:00Z,1.1390,1.1460,1.1350,1.1440,3378129
2023-10-23T03:00:00Z,1.1450,1.1500,1.1360,1.1420,5843212
2023-10-23T04:00:00Z,1.1420,1.1450,1.1350,1.1430,4618300
2023-10-23T05:00:00Z,1.1420,1.1440,1.1330,1.1390,4772400
2023-10-23T06:00:00Z,1.1390,1.1510,1.1230,1.1230,6689052
2023-10-23T07:00:00Z,1.1240,1.1290,1.1110,1.1200,7667569
2023-10-23T08:00:00Z,1.1190,1.1320,1.1160,1.1300,4844408
2023-10-23T09:00:00Z,1.1300,1.1310,1.1020,1.1110,11770366
2023-10-23T10:00:00Z,1.1100,1.1200,1.1100,1.1150,3354895
2023-10-23T11:00:00Z,1.1140,1.1210,1.1130,1.1170,3940932
2023-10-23T12:00:00Z,1.1160,1.1210,1.1130,1.1170,3713576
2023-10-23T13:00:00Z,1.1170,1.1190,1.0940,1.1060,10145363
2023-10-23T14:00:00Z,1.1070,1.1150,1.1050,1.1120,5092412
2023-10-23T15:00:00Z,1.1120,1.1160,1.1070,1.1120,4747891
2023-10-23T16:00:00Z,1.1110,1.1290,1.1090,1.1270,7671256
2023-10-23T17:00:00Z,1.1270,1.1310,1.1130,1.1280,7616124
2023-10-23T18:00:00Z,1.1280,1.1390,1.1220,1.1380,7916420
2023-10-23T19:00:00Z,1.1380,1.1490,1.1360,1.1470,5904125
2023-10-23T20:00:00Z,1.1470,1.1510,1.1360,1.1400,6927469
2023-10-23T21:00:00Z,1.1390,1.1490,1.1330,1.1480,2999299
2023-10-23T22:00:00Z,1.1480,1.2160,1.1480,1.2160,26895446
2023-10-23T23:00:00Z,1.2160,1.2200,1.1810,1.1900,14401039
2023-10-24T00:00:00Z,1.1900,1.2190,1.1830,1.2100,14224171
2023-10-24T01:00:00Z,1.2110,1.2180,1.1950,1.2130,9732838
2023-10-24T02:00:00Z,1.2140,1.2450,1.2100,1.2320,18708594
2023-10-24T03:00:00Z,1.2320,1.2350,1.2000,1.2010,10016049
2023-10-24T04:00:00Z,1.2010,1.2270,1.2000,1.2250,6689778
2023-10-24T05:00:00Z,1.2240,1.2370,1.2070,1.2140,8748398
2023-10-24T06:00:00Z,1.2150,1.2240,1.1930,1.2080,9470138
2023-10-24T07:00:00Z,1.2090,1.2110,1.1940,1.2100,5692763
2023-10-24T08:00:00Z,1.2110,1.2350,1.2070,1.2310,6177960
2023-10-24T09:00:00Z,1.2320,1.2640,1.2260,1.2510,11439117
2023-10-24T10:00:00Z,1.2500,1.2570,1.2420,1.2520,5574819
2023-10-24T11:00:00Z,1.2520,1.2700,1.2490,1.2700,6801511
2023-10-24T12:00:00Z,1.2700,1.2770,1.2520,1.2600,11887762
2023-10-24T13:00:00Z,1.2590,1.2610,1.2330,1.2550,10764256
2023-10-24T14:00:00Z,1.2550,1.2570,1.2320,1.2500,6423782
2023-10-24T15:00:00Z,1.2510,1.2630,1.1780,1.1990,27752840
2023-10-24T16:00:00Z,1.2000,1.2300,1.1900,1.2180,11039371
2023-10-24T17:00:00Z,1.2190,1.2250,1.2070,1.2090,5058468
2023-10-24T18:00:00Z,1.2090,1.2230,1.1960,1.2180,5941056
2023-10-24T19:00:00Z,1.2180,1.2220,1.2130,1.2180,3137075
2023-10-24T20:00:00Z,1.2190,1.2260,1.2090,1.2130,4842450
2023-10-24T21:00:00Z,1.2130,1.2340,1.2050,1.2290,4591438
2023-10-24T22:00:00Z,1.2280,1.2390,1.2230,1.2360,5486521
2023-10-24T23:00:00Z,1.2370,1.2420,1.2210,1.2320,6297797
2023-10-25T00:00:00Z,1.2320,1.2500,1.2210,1.2490,9008234
2023-10-25T01:00:00Z,1.2490,1.2660,1.2470,1.2580,7763561
2023-10-25T02:00:00Z,1.2580,1.2600,1.2400,1.2450,4908507
2023-10-25T03:00:00Z,1.2450,1.2480,1.2340,1.2410,4713668
2023-10-25T04:00:00Z,1.2410,1.2610,1.2360,1.2610,4218097
2023-10-25T05:00:00Z,1.2610,1.2630,1.2370,1.2390,6302193
2023-10-25T06:00:00Z,1.2390,1.2560,1.2390,1.2520,3721391
2023-10-25T07:00:00Z,1.2530,1.2580,1.2110,1.2260,12159991
2023-10-25T08:00:00Z,1.2250,1.2400,1.2160,1.2390,12071195
2023-10-25T09:00:00Z,1.2380,1.2600,1.2350,1.2500,6208096
2023-10-25T10:00:00Z,1.2490,1.2740,1.2440,1.2700,7899087
2023-10-25T11:00:00Z,1.2700,1.2740,1.2610,1.2740,8402005
2023-10-25T12:00:00Z,1.2740,1.2980,1.2710,1.2890,16874013
2023-10-25T13:00:00Z,1.2890,1.3490,1.2880,1.3310,34838182
2023-10-25T14:00:00Z,1.3310,1.3850,1.3110,1.3700,30742982
2023-10-25T15:00:00Z,1.3700,1.3710,1.3400,1.3600,21102379
2023-10-25T16:00:00Z,1.3590,1.3620,1.3200,1.3220,21677717
2023-10-25T17:00:00Z,1.3210,1.3380,1.3160,1.3300,8858768
2023-10-25T18:00:00Z,1.3290,1.3360,1.3230,1.3340,5714349
2023-10-25T19:00:00Z,1.3350,1.3360,1.3110,1.3260,5809523
2023-10-25T20:00:00Z,1.3260,1.3280,1.3010,1.3040,5639242
2023-10-25T21:00:00Z,1.3050,1.3090,1.2880,1.3060,5252496
2023-10-25T22:00:00Z,1.3050,1.3170,1.3010,1.3140,6651352
2023-10-25T23:00:00Z,1.3140,1.3230,1.3040,1.3200,7898813
2023-10-26T00:00:00Z,1.3200,1.3260,1.3010,1.3160,10279888
2023-10-26T01:00:00Z,1.3150,1.3290,1.3090,1.3180,7656333
2023-10-26T02:00:00Z,1.3180,1.3200,1.3050,1.3180,3879969
2023-10-26T03:00:00Z,1.3180,1.3590,1.3170,1.3570,9235053
2023-10-26T04:00:00Z,1.3570,1.3690,1.3320,1.3390,11866913
2023-10-26T05:00:00Z,1.3380,1.3480,1.3210,1.3230,7919301
2023-10-26T06:00:00Z,1.3220,1.3490,1.3070,1.3490,10383403
2023-10-26T07:00:00Z,1.3480,1.3790,1.3390,1.3770,11019689
2023-10-26T08:00:00Z,1.3760,1.3840,1.3470,1.3550,10857310
2023-10-26T09:00:00Z,1.3550,1.3600,1.3310,1.3500,8716433
2023-10-26T10:00:00Z,1.3500,1.3520,1.3170,1.3320,11197703
2023-10-26T11:00:00Z,1.3320,1.3390,1.3030,1.3150,12156429
2023-10-26T12:00:00Z,1.3150,1.3350,1.3140,1.3270,7526244
2023-10-26T13:00:00Z,1.3270,1.3290,1.2970,1.2990,7023592
2023-10-26T14:00:00Z,1.2980,1.3130,1.2460,1.2910,24634056
2023-10-26T15:00:00Z,1.2920,1.2930,1.2560,1.2790,11832645
2023-10-26T16:00:00Z,1.2800,1.2830,1.2640,1.2650,8524484
2023-10-26T17:00:00Z,1.2650,1.2840,1.2620,1.2810,5763310
2023-10-26T18:00:00Z,1.2810,1.2930,1.2810,1.2910,4083928
2023-10-26T19:00:00Z,1.2900,1.3040,1.2890,1.3010,4001114
2023-10-26T20:00:00Z,1.3000,1.3160,1.2980,1.3150,3624990
2023-10-26T21:00:00Z,1.3150,1.3350,1.3090,1.3260,5104818
2023-10-26T22:00:00Z,1.3260,1.3310,1.3170,1.3250,3464464
2023-10-26T23:00:00Z,1.3250,1.3290,1.3130,1.3230,3190967
2023-10-27T00:00:00Z,1.3230,1.3280,1.3080,1.3150,4855439
2023-10-27T01:00:00Z,1.3150,1.3170,1.2860,1.2890,7334401
2023-10-27T02:00:00Z,1.2890,1.3200,1.2830,1.3060,5454868
2023-10-27T03:00:00Z,1.3060,1.3080,1.2960,1.3020,2541639
2023-10-27T04:00:00Z,1.3030,1.3030,1.2890,1.2980,3603838
2023-10-27T05:00:00Z,1.2990,1.3100,1.2830,1.3080,5198543
2023-10-27T06:00:00Z,1.3080,1.3180,1.3020,1.3150,4705830
2023-10-27T07:00:00Z,1.3140,1.3170,1.2940,1.2950,4244472
2023-10-27T08:00:00Z,1.2940,1.3110,1.2900,1.3090,3319572
2023-10-27T09:00:00Z,1.3090,1.3160,1.3050,1.3130,3943624
2023-10-27T10:00:00Z,1.3130,1.3140,1.3010,1.3030,2748792
2023-10-27T11:00:00Z,1.3020,1.3040,1.2880,1.2980,4114879
2023-10-27T12:00:00Z,1.2970,1.3230,1.2910,1.3180,6707399
2023-10-27T13:00:00Z,1.3190,1.3250,1.3130,1.3170,5039194
2023-10-27T14:00:00Z,1.3170,1.3170,1.2850,1.2920,7793399
2023-10-27T15:00:00Z,1.2920,1.3080,1.2890,1.3000,5421294
2023-10-27T16:00:00Z,1.2990,1.3030,1.2760,1.2860,5156554
2023-10-27T17:00:00Z,1.2850,1.2940,1.2530,1.2890,8682726
2023-10-27T18:00:00Z,1.2890,1.2920,1.2660,1.2880,7457867
2023-10-27T19:00:00Z,1.2870,1.2940,1.2840,1.2920,3231778
2023-10-27T20:00:00Z,1.2920,1.2980,1.2860,1.2950,3099332
2023-10-27T21:00:00Z,1.2950,1.2990,1.2880,1.2980,1365044
2023-10-27T22:00:00Z,1.2980,1.3000,1.2890,1.2930,1932246
2023-10-27T23:00:00Z,1.2930,1.3070,1.2890,1.3010,2552059
2023-10-28T00:00:00Z,1.3020,1.3500,1.2990,1.3340,8657225
2023-10-28T01:00:00Z,1.3340,1.3440,1.3200,1.3400,3713432
2023-10-28T02:00:00Z,1.3390,1.3740,1.3380,1.3700,7142628
2023-10-28T03:00:00Z,1.3700,1.3780,1.3610,1.3720,6353739
2023-10-28T04:00:00Z,1.3720,1.3920,1.3650,1.3720,7156581
2023-10-28T05:00:00Z,1.3720,1.3840,1.3620,1.3640,4656295
2023-10-28T06:00:00Z,1.3640,1.3700,1.3550,1.3600,4294137
2023-10-28T07:00:00Z,1.3590,1.3670,1.3520,1.3590,2889675
2023-10-28T08:00:00Z,1.3600,1.3730,1.3510,1.3640,3509390
2023-10-28T09:00:00Z,1.3650,1.3730,1.3600,1.3680,3022379
2023-10-28T10:00:00Z,1.3670,1.3750,1.3590,1.3740,2495064
2023-10-28T11:00:00Z,1.3730,1.3870,1.3600,1.3640,6334727
2023-10-28T12:00:00Z,1.3640,1.3700,1.3370,1.3500,6953969
2023-10-28T13:00:00Z,1.3490,1.3670,1.3440,1.3670,3187514
2023-10-28T14:00:00Z,1.3670,1.3740,1.3620,1.3710,3577946
2023-10-28T15:00:00Z,1.3720,1.3780,1.3680,1.3740,2206468
2023-10-28T16:00:00Z,1.3750,1.3880,1.3680,1.3850,3997979
2023-10-28T17:00:00Z,1.3850,1.3940,1.3680,1.3730,5230104
2023-10-28T18:00:00Z,1.3720,1.3780,1.3640,1.3750,2585584
2023-10-28T19:00:00Z,1.3750,1.3750,1.3640,1.3680,1752675
2023-10-28T20:00:00Z,1.3680,1.3790,1.3650,1.3780,1854535
2023-10-28T21:00:00Z,1.3780,1.3850,1.3740,1.3810,1390077
2023-10-28T22:00:00Z,1.3810,1.3850,1.3640,1.3730,2662108
2023-10-28T23:00:00Z,1.3740,1.3760,1.3640,1.3680,2115244
2023-10-29T00:00:00Z,1.3680,1.3780,1.3560,1.3630,3655235
2023-10-29T01:00:00Z,1.3630,1.3650,1.3400,1.3550,5079317
2023-10-29T02:00:00Z,1.3550,1.3660,1.3460,1.3540,5403158
2023-10-29T03:00:00Z,1.3540,1.3670,1.3440,1.3480,2885363
2023-10-29T04:00:00Z,1.3470,1.3620,1.3400,1.3600,2522945
2023-10-29T05:00:00Z,1.3600,1.3720,1.3580,1.3610,2147918
2023-10-29T06:00:00Z,1.3620,1.3670,1.3580,1.3610,1809479
2023-10-29T07:00:00Z,1.3610,1.3650,1.3530,1.3550,1891312
2023-10-29T08:00:00Z,1.3550,1.3740,1.3530,1.3710,2462453
2023-10-29T09:00:00Z,1.3710,1.3730,1.3500,1.3530,2626101
2023-10-29T10:00:00Z,1.3530,1.3530,1.3430,1.3490,2228386
2023-10-29T11:00:00Z,1.3490,1.3620,1.3470,1.3570,2296340
2023-10-29T12:00:00Z,1.3570,1.3720,1.3550,1.3720,2705544
2023-10-29T13:00:00Z,1.3720,1.3850,1.3650,1.3830,6756847
2023-10-29T14:00:00Z,1.3840,1.4350,1.3770,1.4240,17035224
2023-10-29T15:00:00Z,1.4240,1.4290,1.4120,1.4190,6900040
2023-10-29T16:00:00Z,1.4190,1.4200,1.4010,1.4080,5548663
2023-10-29T17:00:00Z,1.4080,1.4130,1.4000,1.4040,4503373
2023-10-29T18:00:00Z,1.4040,1.4180,1.4030,1.4070,3663944
2023-10-29T19:00:00Z,1.4070,1.4100,1.3850,1.4000,4252079
2023-10-29T20:00:00Z,1.4000,1.4070,1.3920,1.4060,1826377
2023-10-29T21:00:00Z,1.4050,1.4160,1.4000,1.4010,1792914
2023-10-29T22:00:00Z,1.4010,1.4160,1.4010,1.4060,2555598
2023-10-29T23:00:00Z,1.4060,1.4140,1.3920,1.4010,3259816
2023-10-30T00:00:00Z,1.4010,1.4070,1.3820,1.3880,4703522
2023-10-30T01:00:00Z,1.3890,1.3990,1.3840,1.3880,2594226
2023-10-30T02:00:00Z,1.3870,1.3920,1.3710,1.3810,4807728
2023-10-30T03:00:00Z,1.3810,1.3850,1.3700,1.3770,2487000
2023-10-30T04:00:00Z,1.3770,1.3840,1.3750,1.3770,1306751
2023-10-30T05:00:00Z,1.3760,1.3860,1.3670,1.3710,3467550
2023-10-30T06:00:00Z,1.3720,1.3800,1.3550,1.3790,4469130
2023-10-30T07:00:00Z,1.3780,1.3840,1.3630,1.3650,2927577
2023-10-30T08:00:00Z,1.3640,1.3870,1.3600,1.3840,5057563
2023-10-30T09:00:00Z,1.3830,1.4020,1.3820,1.3860,5288130
2023-10-30T10:00:00Z,1.3850,1.3920,1.3750,1.3880,3023237
2023-10-30T11:00:00Z,1.3870,1.3920,1.3810,1.3880,2110032
2023-10-30T12:00:00Z,1.3880,1.3960,1.3700,1.3760,4286054
2023-10-30T13:00:00Z,1.3770,1.3860,1.3700,1.3830,2713728
2023-10-30T14:00:00Z,1.3840,1.3960,1.3740,1.3770,4967577
2023-10-30T15:00:00Z,1.3770,1.3820,1.3660,1.3800,2986987
2023-10-30T16:00:00Z,1.3800,1.3810,1.3650,1.3740,3234228
2023-10-30T17:00:00Z,1.3750,1.3750,1.3300,1.3590,10182444
2023-10-30T18:00:00Z,1.3600,1.3630,1.3560,1.3580,1453559
2023-10-30T19:00:00Z,1.3590,1.3700,1.3570,1.3670,1881876
2023-10-30T20:00:00Z,1.3670,1.3710,1.3580,1.3680,1556505
2023-10-30T21:00:00Z,1.3670,1.3810,1.3620,1.3780,1873035
2023-10-30T22:00:00Z,1.3780,1.3870,1.3740,1.3850,1778749
2023-10-30T23:00:00Z,1.3850,1.3880,1.3810,1.3810,1429005
2023-10-31T00:00:00Z,1.3820,1.4000,1.3730,1.3800,4660415
2023-10-31T01:00:00Z,1.3800,1.3850,1.3680,1.3840,3109350
2023-10-31T02:00:00Z,1.3840,1.3860,1.3570,1.3660,2739052
2023-10-31T03:00:00Z,1.3650,1.3680,1.3440,1.3460,4023283
2023-10-31T04:00:00Z,1.3460,1.3580,1.3430,1.3530,2226280
2023-10-31T05:00:00Z,1.3520,1.3630,1.3450,1.3580,1854984
2023-10-31T06:00:00Z,1.3580,1.3650,1.3470,1.3520,2980987
2023-10-31T07:00:00Z,1.3520,1.3550,1.3360,1.3430,4159436
2023-10-31T08:00:00Z,1.3420,1.3550,1.3190,1.3520,6475332
2023-10-31T09:00:00Z,1.3520,1.3590,1.3440,1.3560,2874577
2023-10-31T10:00:00Z,1.3560,1.3590,1.3510,1.3530,2092001
2023-10-31T11:00:00Z,1.3530,1.3700,1.3490,1.3650,3856636
2023-10-31T12:00:00Z,1.3660,1.3720,1.3410,1.3450,5903338
2023-10-31T13:00:00Z,1.3450,1.3520,1.3080,1.3280,8542171
2023-10-31T14:00:00Z,1.3280,1.3370,1.3180,1.3260,6788551
2023-10-31T15:00:00Z,1.3250,1.3280,1.2640,1.2970,16038359
2023-10-31T16:00:00Z,1.2970,1.3180,1.2910,1.3150,5579904
2023-10-31T17:00:00Z,1.3150,1.3190,1.3050,1.3140,3298309
2023-10-31T18:00:00Z,1.3140,1.3180,1.3090,1.3150,2368686
2023-10-31T19:00:00Z,1.3160,1.3230,1.3100,1.3150,2501959
2023-10-31T20:00:00Z,1.3150,1.3300,1.3130,1.3260,3000819
2023-10-31T21:00:00Z,1.3260,1.3300,1.3130,1.3170,1807904
2023-10-31T22:00:00Z,1.3180,1.3330,1.3160,1.3250,1569023
2023-10-31T23:00:00Z,1.3250,1.3290,1.3180,1.3270,1435546
2023-11-01T00:00:00Z,1.3260,1.3380,1.3190,1.3300,4176582
2023-11-01T01:00:00Z,1.3300,1.3350,1.3210,1.3260,1910809
2023-11-01T02:00:00Z,1.3270,1.3370,1.3200,1.3240,1863826
2023-11-01T03:00:00Z,1.3250,1.3290,1.3120,1.3160,1945212
2023-11-01T04:00:00Z,1.3160,1.3200,1.3100,1.3130,1414150
2023-11-01T05:00:00Z,1.3140,1.3140,1.2870,1.2900,4460293
2023-11-01T06:00:00Z,1.2900,1.3050,1.2850,1.3010,3364369
2023-11-01T07:00:00Z,1.3010,1.3110,1.2960,1.3050,2331956
2023-11-01T08:00:00Z,1.3050,1.3370,1.3000,1.3270,12036550
2023-11-01T09:00:00Z,1.3260,1.3340,1.3130,1.3150,17807139
2023-11-01T10:00:00Z,1.3160,1.3220,1.2910,1.2950,11075046
2023-11-01T11:00:00Z,1.2960,1.3030,1.2930,1.3010,2517838
2023-11-01T12:00:00Z,1.3010,1.3200,1.2830,1.3170,5761185
2023-11-01T13:00:00Z,1.3180,1.3350,1.3010,1.3100,9791173
2023-11-01T14:00:00Z,1.3110,1.3250,1.2890,1.2960,7381085
2023-11-01T15:00:00Z,1.2960,1.3030,1.2740,1.2870,7034266
2023-11-01T16:00:00Z,1.2870,1.3090,1.2830,1.3020,5492783
2023-11-01T17:00:00Z,1.3010,1.3130,1.2970,1.3120,3945733
2023-11-01T18:00:00Z,1.3110,1.3540,1.3060,1.3440,10178038
2023-11-01T19:00:00Z,1.3430,1.3600,1.3320,1.3430,7252907
2023-11-01T20:00:00Z,1.3430,1.3710,1.3430,1.3710,6355555
2023-11-01T21:00:00Z,1.3710,1.3750,1.3540,1.3670,5540253
2023-11-01T22:00:00Z,1.3680,1.3720,1.3490,1.3530,2922511
2023-11-01T23:00:00Z,1.3530,1.3600,1.3460,1.3590,3217606
2023-11-02T00:00:00Z,1.3580,1.3650,1.3450,1.3640,3751788
2023-11-02T01:00:00Z,1.3630,1.3860,1.3620,1.3680,6271179
2023-11-02T02:00:00Z,1.3680,1.3800,1.3590,1.3720,3710890
2023-11-02T03:00:00Z,1.3720,1.3830,1.3650,1.3680,4289810
2023-11-02T04:00:00Z,1.3690,1.3720,1.3510,1.3540,3788967
2023-11-02T05:00:00Z,1.3550,1.3560,1.3320,1.3350,6857619
2023-11-02T06:00:00Z,1.3350,1.3500,1.3260,1.3400,5919774
2023-11-02T07:00:00Z,1.3390,1.3460,1.3320,1.3390,3363245
2023-11-02T08:00:00Z,1.3400,1.3510,1.3220,1.3490,4671066
2023-11-02T09:00:00Z,1.3480,1.3620,1.3420,1.3550,3590876
2023-11-02T10:00:00Z,1.3550,1.3590,1.3450,1.3490,3319272
2023-11-02T11:00:00Z,1.3490,1.3550,1.3420,1.3530,2455944
2023-11-02T12:00:00Z,1.3520,1.3630,1.3490,1.3550,3607947
2023-11-02T13:00:00Z,1.3540,1.3590,1.3210,1.3350,9818937
2023-11-02T14:00:00Z,1.3350,1.3410,1.3110,1.3280,7832993
2023-11-02T15:00:00Z,1.3290,1.3300,1.3010,1.3070,7711701
2023-11-02T16:00:00Z,1.3060,1.3190,1.2900,1.3130,7514293
2023-11-02T17:00:00Z,1.3130,1.3350,1.3110,1.3330,4313559
2023-11-02T18:00:00Z,1.3330,1.3350,1.3220,1.3300,2453076
2023-11-02T19:00:00Z,1.3310,1.3500,1.3280,1.3500,2659561
2023-11-02T20:00:00Z,1.3500,1.3540,1.3330,1.3520,3569241
2023-11-02T21:00:00Z,1.3530,1.3720,1.3390,1.3670,4432910
2023-11-02T22:00:00Z,1.3660,1.3750,1.3580,1.3720,2745850
2023-11-02T23:00:00Z,1.3720,1.3910,1.3680,1.3820,4282691
2023-11-03T00:00:00Z,1.3820,1.3930,1.3430,1.3570,8274328
2023-11-03T01:00:00Z,1.3560,1.3610,1.3270,1.3420,6504012
2023-11-03T02:00:00Z,1.3430,1.3600,1.3390,1.3550,2539832
2023-11-03T03:00:00Z,1.3550,1.3580,1.3460,1.3520,1683213
2023-11-03T04:00:00Z,1.3520,1.3590,1.3260,1.3340,3856066
2023-11-03T05:00:00Z,1.3340,1.3690,1.3240,1.3670,3331845
2023-11-03T06:00:00Z,1.3670,1.3870,1.3610,1.3660,4971572
2023-11-03T07:00:00Z,1.3650,1.3800,1.3580,1.3740,2823955
2023-11-03T08:00:00Z,1.3740,1.4150,1.3670,1.4110,12729290
2023-11-03T09:00:00Z,1.4120,1.4360,1.3730,1.3790,17388689
2023-11-03T10:00:00Z,1.3790,1.3840,1.3580,1.3790,9455660
2023-11-03T11:00:00Z,1.3790,1.3900,1.3680,1.3770,4211117
2023-11-03T12:00:00Z,1.3780,1.4210,1.3620,1.4170,9863307
2023-11-03T13:00:00Z,1.4170,1.4210,1.3920,1.4100,7608547
2023-11-03T14:00:00Z,1.4100,1.4200,1.3790,1.3860,7873886
2023-11-03T15:00:00Z,1.3870,1.3950,1.3770,1.3850,4540995
2023-11-03T16:00:00Z,1.3840,1.4050,1.3790,1.4020,5540173
2023-11-03T17:00:00Z,1.4010,1.4090,1.3640,1.3740,5981095
2023-11-03T18:00:00Z,1.3750,1.3750,1.3490,1.3580,5501611
2023-11-03T19:00:00Z,1.3580,1.3590,1.3470,1.3540,2446857
2023-11-03T20:00:00Z,1.3540,1.3610,1.3490,1.3570,2010983
2023-11-03T21:00:00Z,1.3570,1.3760,1.3570,1.3690,2240897
2023-11-03T22:00:00Z,1.3690,1.3740,1.3600,1.3700,1338828
2023-11-03T23:00:00Z,1.3700,1.3710,1.3510,1.3550,2279293
2023-11-04T00:00:00Z,1.3560,1.3570,1.3410,1.3470,3249425
2023-11-04T01:00:00Z,1.3480,1.3730,1.3460,1.3720,2959987
2023-11-04T02:00:00Z,1.3710,1.3740,1.3580,1.3610,1988337
2023-11-04T03:00:00Z,1.3610,1.3740,1.3580,1.3740,1531243
2023-11-04T04:00:00Z,1.3730,1.3770,1.3650,1.3720,1970618
2023-11-04T05:00:00Z,1.3730,1.3810,1.3650,1.3780,2149747
2023-11-04T06:00:00Z,1.3780,1.3920,1.3700,1.3880,3142050
2023-11-04T07:00:00Z,1.3890,1.3930,1.3760,1.3820,3086330
2023-11-04T08:00:00Z,1.3820,1.3960,1.3730,1.3950,2711403
2023-11-04T09:00:00Z,1.3950,1.4030,1.3850,1.3860,2807652
2023-11-04T10:00:00Z,1.3860,1.3970,1.3800,1.3880,2526070
2023-11-04T11:00:00Z,1.3880,1.3970,1.3760,1.3800,3016117
2023-11-04T12:00:00Z,1.3810,1.3850,1.3760,1.3850,2151463
2023-11-04T13:00:00Z,1.3840,1.3880,1.3730,1.3760,3071925
2023-11-04T14:00:00Z,1.3770,1.3770,1.3620,1.3680,3738685
2023-11-04T15:00:00Z,1.3690,1.3710,1.3570,1.3660,2950939
2023-11-04T16:00:00Z,1.3650,1.3740,1.3560,1.3680,2333474
2023-11-04T17:00:00Z,1.3680,1.3740,1.3660,1.3720,1386316
2023-11-04T18:00:00Z,1.3720,1.3770,1.3680,1.3750,1474779
2023-11-04T19:00:00Z,1.3740,1.3770,1.3680,1.3730,1210437
2023-11-04T20:00:00Z,1.3720,1.3760,1.3680,1.3750,1030556
2023-11-04T21:00:00Z,1.3740,1.3870,1.3740,1.3840,1280090
2023-11-04T22:00:00Z,1.3840,1.4010,1.3810,1.4010,1870124
2023-11-04T23:00:00Z,1.4010,1.4130,1.3910,1.3990,4115214
2023-11-05T00:00:00Z,1.3990,1.4310,1.3880,1.4300,6729665
2023-11-05T01:00:00Z,1.4300,1.4550,1.4230,1.4460,8951180
2023-11-05T02:00:00Z,1.4470,1.4670,1.4280,1.4530,6424346
2023-11-05T03:00:00Z,1.4530,1.4700,1.4480,1.4570,4681016
2023-11-05T04:00:00Z,1.4570,1.4670,1.4390,1.4410,5162704
2023-11-05T05:00:00Z,1.4420,1.4520,1.4330,1.4420,2894947
2023-11-05T06:00:00Z,1.4420,1.4490,1.4360,1.4440,2648972
2023-11-05T07:00:00Z,1.4450,1.4510,1.4400,1.4460,2504933
2023-11-05T08:00:00Z,1.4470,1.4530,1.4300,1.4340,4196620
2023-11-05T09:00:00Z,1.4350,1.4570,1.4340,1.4530,2723737
2023-11-05T10:00:00Z,1.4520,1.4790,1.4470,1.4750,6033550
2023-11-05T11:00:00Z,1.4740,1.4840,1.4610,1.4760,4809544
2023-11-05T12:00:00Z,1.4760,1.4850,1.4530,1.4720,7879937
2023-11-05T13:00:00Z,1.4730,1.4780,1.4140,1.4240,9139875
2023-11-05T14:00:00Z,1.4250,1.4460,1.4240,1.4400,6608461
2023-11-05T15:00:00Z,1.4410,1.4470,1.4220,1.4360,5319753
2023-11-05T16:00:00Z,1.4350,1.4490,1.4300,1.4430,3116233
2023-11-05T17:00:00Z,1.4430,1.4580,1.4360,1.4400,4902815
2023-11-05T18:00:00Z,1.4400,1.4410,1.4260,1.4350,2624955
2023-11-05T19:00:00Z,1.4350,1.4500,1.4330,1.4410,2694461
2023-11-05T20:00:00Z,1.4410,1.4590,1.4370,1.4440,2900485
2023-11-05T21:00:00Z,1.4440,1.4490,1.4050,1.4220,5413660
2023-11-05T22:00:00Z,1.4220,1.4460,1.4190,1.4450,2042870
2023-11-05T23:00:00Z,1.4450,1.4590,1.4440,1.4530,3486740
2023-11-06T00:00:00Z,1.4520,1.4810,1.4440,1.4790,5667582
2023-11-06T01:00:00Z,1.4790,1.4890,1.4570,1.4650,6118023
2023-11-06T02:00:00Z,1.4650,1.4740,1.4560,1.4660,3454684
2023-11-06T03:00:00Z,1.4660,1.4690,1.4470,1.4480,2992606
2023-11-06T04:00:00Z,1.4490,1.4530,1.4220,1.4250,4848125
2023-11-06T05:00:00Z,1.4260,1.4330,1.4070,1.4200,5108842
2023-11-06T06:00:00Z,1.4210,1.4260,1.4130,1.4250,2911684
2023-11-06T07:00:00Z,1.4240,1.4340,1.4130,1.4330,3714393
2023-11-06T08:00:00Z,1.4330,1.4420,1.4160,1.4420,3505245
2023-11-06T09:00:00Z,1.4410,1.4680,1.4400,1.4670,4908344
2023-11-06T10:00:00Z,1.4670,1.4800,1.4600,1.4710,5583251
2023-11-06T11:00:00Z,1.4700,1.4850,1.4630,1.4790,5022558
2023-11-06T12:00:00Z,1.4790,1.5110,1.4650,1.5040,8720258
2023-11-06T13:00:00Z,1.5040,1.5080,1.4730,1.4870,10021553
2023-11-06T14:00:00Z,1.4870,1.4970,1.4790,1.4910,4018047
2023-11-06T15:00:00Z,1.4910,1.4960,1.4730,1.4850,3635559
2023-11-06T16:00:00Z,1.4860,1.4940,1.4660,1.4690,4343481
2023-11-06T17:00:00Z,1.4690,1.4760,1.4590,1.4690,3144358
2023-11-06T18:00:00Z,1.4690,1.4770,1.4560,1.4720,2939017
2023-11-06T19:00:00Z,1.4710,1.4930,1.4680,1.4920,2128883
2023-11-06T20:00:00Z,1.4910,1.4960,1.4840,1.4950,2216739
2023-11-06T21:00:00Z,1.4950,1.4950,1.4690,1.4860,2545282
2023-11-06T22:00:00Z,1.4860,1.5170,1.4820,1.5070,2789053
2023-11-06T23:00:00Z,1.5060,1.5100,1.4860,1.5000,5017081
2023-11-07T00:00:00Z,1.5000,1.5010,1.4530,1.4680,7212053
2023-11-07T01:00:00Z,1.4690,1.4840,1.4620,1.4740,3604467
2023-11-07T02:00:00Z,1.4740,1.4810,1.4350,1.4390,4640755
2023-11-07T03:00:00Z,1.4400,1.4720,1.4350,1.4680,3537638
2023-11-07T04:00:00Z,1.4670,1.4700,1.4520,1.4620,2581963
2023-11-07T05:00:00Z,1.4630,1.4730,1.4540,1.4720,2154365
2023-11-07T06:00:00Z,1.4720,1.4800,1.4640,1.4790,2464887
2023-11-07T07:00:00Z,1.4790,1.4800,1.4620,1.4690,4393501
2023-11-07T08:00:00Z,1.4700,1.4820,1.4660,1.4670,3567237
2023-11-07T09:00:00Z,1.4680,1.4700,1.4240,1.4360,7152021
2023-11-07T10:00:00Z,1.4370,1.4460,1.4270,1.4300,6081801
2023-11-07T11:00:00Z,1.4300,1.4430,1.4260,1.4330,2826260
2023-11-07T12:00:00Z,1.4320,1.4420,1.4170,1.4410,4057569
2023-11-07T13:00:00Z,1.4400,1.4430,1.4210,1.4330,3803375
2023-11-07T14:00:00Z,1.4340,1.4390,1.4220,1.4320,3118758
2023-11-07T15:00:00Z,1.4320,1.4330,1.3810,1.3970,10204549
2023-11-07T16:00:00Z,1.3980,1.4070,1.3900,1.3920,4072890
2023-11-07T17:00:00Z,1.3920,1.4120,1.3750,1.4110,5613515
2023-11-07T18:00:00Z,1.4100,1.4480,1.4070,1.4400,7135437
2023-11-07T19:00:00Z,1.4400,1.4470,1.4290,1.4400,3671478
2023-11-07T20:00:00Z,1.4400,1.4550,1.4340,1.4510,3188884
2023-11-07T21:00:00Z,1.4510,1.4550,1.4340,1.4400,2498703
2023-11-07T22:00:00Z,1.4400,1.4410,1.4140,1.4190,3513708
2023-11-07T23:00:00Z,1.4200,1.4290,1.4160,1.4200,2089311
2023-11-08T00:00:00Z,1.4200,1.4230,1.4040,1.4200,2802214
2023-11-08T01:00:00Z,1.4200,1.4310,1.4130,1.4240,2046089
2023-11-08T02:00:00Z,1.4230,1.4280,1.4200,1.4220,1375527
2023-11-08T03:00:00Z,1.4220,1.4280,1.4170,1.4230,1647450
2023-11-08T04:00:00Z,1.4220,1.4310,1.4200,1.4250,1434408
2023-11-08T05:00:00Z,1.4240,1.4270,1.4150,1.4180,1694893
2023-11-08T06:00:00Z,1.4190,1.4400,1.4100,1.4400,2597094
2023-11-08T07:00:00Z,1.4400,1.4420,1.4270,1.4300,2683095
2023-11-08T08:00:00Z,1.4310,1.4370,1.4250,1.4350,2287184
2023-11-08T09:00:00Z,1.4340,1.4490,1.4340,1.4430,3332376
2023-11-08T10:00:00Z,1.4430,1.4550,1.4420,1.4530,2943847
2023-11-08T11:00:00Z,1.4530,1.4560,1.4420,1.4510,2370833
2023-11-08T12:00:00Z,1.4510,1.4590,1.4480,1.4530,3239356
2023-11-08T13:00:00Z,1.4540,1.4560,1.4350,1.4510,4542782
2023-11-08T14:00:00Z,1.4520,1.4570,1.4400,1.4410,3378732
2023-11-08T15:00:00Z,1.4410,1.4450,1.4240,1.4410,5456997
2023-11-08T16:00:00Z,1.4410,1.4680,1.4390,1.4640,3754160
2023-11-08T17:00:00Z,1.4650,1.4700,1.4550,1.4660,3467114
2023-11-08T18:00:00Z,1.4660,1.4770,1.4640,1.4730,2777015
2023-11-08T19:00:00Z,1.4730,1.4840,1.4670,1.4770,3263083
2023-11-08T20:00:00Z,1.4760,1.4820,1.4700,1.4800,2446432
2023-11-08T21:00:00Z,1.4790,1.4890,1.4630,1.4700,3834829
2023-11-08T22:00:00Z,1.4700,1.4810,1.4690,1.4750,1682108
2023-11-08T23:00:00Z,1.4760,1.4800,1.4670,1.4670,2406498
2023-11-09T00:00:00Z,1.4680,1.5020,1.4560,1.4990,5905263
2023-11-09T01:00:00Z,1.4990,1.5040,1.4780,1.4800,4234887
2023-11-09T02:00:00Z,1.4800,1.5050,1.4750,1.4940,5235089
2023-11-09T03:00:00Z,1.4940,1.4990,1.4790,1.4980,2596537
2023-11-09T04:00:00Z,1.4970,1.5100,1.4930,1.5060,2893752
2023-11-09T05:00:00Z,1.5070,1.5100,1.4940,1.4990,3719953
2023-11-09T06:00:00Z,1.4980,1.5360,1.4980,1.5240,4624888
2023-11-09T07:00:00Z,1.5240,1.5250,1.4910,1.4960,5535111
2023-11-09T08:00:00Z,1.4960,1.5100,1.4950,1.5050,3089726
2023-11-09T09:00:00Z,1.5040,1.5070,1.4940,1.5000,2692387
2023-11-09T10:00:00Z,1.5000,1.5070,1.4910,1.4940,2581579
2023-11-09T11:00:00Z,1.4940,1.4950,1.4760,1.4860,4541953
2023-11-09T12:00:00Z,1.4860,1.4960,1.4780,1.4820,4515072
2023-11-09T13:00:00Z,1.4820,1.4930,1.4630,1.4810,6632424
2023-11-09T14:00:00Z,1.4820,1.5330,1.4770,1.5280,11213685
2023-11-09T15:00:00Z,1.5270,1.5370,1.4770,1.4790,16694455
2023-11-09T16:00:00Z,1.4800,1.4920,1.1320,1.3440,42891589
2023-11-09T17:00:00Z,1.3430,1.3660,1.3240,1.3590,13539912
2023-11-09T18:00:00Z,1.3580,1.3600,1.3250,1.3270,8152418
2023-11-09T19:00:00Z,1.3260,1.3330,1.3070,1.3280,8058301
2023-11-09T20:00:00Z,1.3280,1.3330,1.3060,1.3290,7399428
2023-11-09T21:00:00Z,1.3290,1.3470,1.3260,1.3400,5824315
2023-11-09T22:00:00Z,1.3400,1.3660,1.3360,1.3660,3529509
2023-11-09T23:00:00Z,1.3650,1.4010,1.3530,1.3870,7747350
2023-11-10T00:00:00Z,1.3870,1.3980,1.3710,1.3770,7816207
2023-11-10T01:00:00Z,1.3770,1.4040,1.3690,1.4010,3734590
2023-11-10T02:00:00Z,1.4010,1.4250,1.3920,1.4240,3802195
2023-11-10T03:00:00Z,1.4240,1.4240,1.3890,1.3910,4410694
2023-11-10T04:00:00Z,1.3920,1.4140,1.3850,1.3990,4163610
2023-11-10T05:00:00Z,1.3990,1.4070,1.3910,1.4050,2513284
2023-11-10T06:00:00Z,1.4040,1.4090,1.3820,1.3890,3925422
2023-11-10T07:00:00Z,1.3900,1.3970,1.3700,1.3870,6372691
2023-11-10T08:00:00Z,1.3870,1.3890,1.3550,1.3830,5712221
2023-11-10T09:00:00Z,1.3840,1.4070,1.3790,1.4030,2970908
2023-11-10T10:00:00Z,1.4030,1.4050,1.3900,1.4010,3328284
2023-11-10T11:00:00Z,1.4020,1.4090,1.3860,1.4060,5048176
2023-11-10T12:00:00Z,1.4050,1.4070,1.3740,1.3910,6302178
2023-11-10T13:00:00Z,1.3910,1.3940,1.3630,1.3690,5057827
2023-11-10T14:00:00Z,1.3680,1.3760,1.3360,1.3560,9180784
2023-11-10T15:00:00Z,1.3560,1.3820,1.3550,1.3700,4506201
2023-11-10T16:00:00Z,1.3700,1.3970,1.3670,1.3880,5214235
2023-11-10T17:00:00Z,1.3880,1.4030,1.3860,1.3970,4237307
2023-11-10T18:00:00Z,1.3960,1.4050,1.3890,1.3930,3028533
2023-11-10T19:00:00Z,1.3940,1.4080,1.3910,1.3990,3038720
2023-11-10T20:00:00Z,1.3980,1.4290,1.3930,1.4240,3836416
2023-11-10T21:00:00Z,1.4240,1.4420,1.4190,1.4370,3700249
2023-11-10T22:00:00Z,1.4360,1.4420,1.4220,1.4330,2837655
2023-11-10T23:00:00Z,1.4330,1.4420,1.4240,1.4380,3357838
2023-11-11T00:00:00Z,1.4380,1.4640,1.4310,1.4580,8229022
2023-11-11T01:00:00Z,1.4580,1.4730,1.4130,1.4260,8619586
2023-11-11T02:00:00Z,1.4260,1.4490,1.4150,1.4440,4636025
2023-11-11T03:00:00Z,1.4440,1.4450,1.4120,1.4150,4368671
2023-11-11T04:00:00Z,1.4150,1.4180,1.3800,1.4070,7715953
2023-11-11T05:00:00Z,1.4070,1.4230,1.4020,1.4210,2340697
2023-11-11T06:00:00Z,1.4210,1.4320,1.4090,1.4260,2771852
2023-11-11T07:00:00Z,1.4250,1.4280,1.4100,1.4210,3130762
2023-11-11T08:00:00Z,1.4220,1.4260,1.4120,1.4200,2705320
2023-11-11T09:00:00Z,1.4210,1.4410,1.4170,1.4400,3004979
2023-11-11T10:00:00Z,1.4390,1.4500,1.4360,1.4500,2661909
2023-11-11T11:00:00Z,1.4500,1.4510,1.4270,1.4300,2593520
2023-11-11T12:00:00Z,1.4310,1.4440,1.4200,1.4420,2753214
2023-11-11T13:00:00Z,1.4420,1.4490,1.4330,1.4440,2674173
2023-11-11T14:00:00Z,1.4440,1.4660,1.4410,1.4570,6220089
2023-11-11T15:00:00Z,1.4580,1.4610,1.4420,1.4470,4166708
2023-11-11T16:00:00Z,1.4470,1.4760,1.4460,1.4680,4545762
2023-11-11T17:00:00Z,1.4670,1.4720,1.4330,1.4570,6967281
2023-11-11T18:00:00Z,1.4570,1.4620,1.4450,1.4480,2780237
2023-11-11T19:00:00Z,1.4480,1.4720,1.4460,1.4710,2121594
2023-11-11T20:00:00Z,1.4700,1.4720,1.4380,1.4410,4345443
2023-11-11T21:00:00Z,1.4420,1.4510,1.4310,1.4370,3452776
2023-11-11T22:00:00Z,1.4370,1.4500,1.4140,1.4460,4354852
2023-11-11T23:00:00Z,1.4450,1.4480,1.4100,1.4330,4490486
2023-11-12T00:00:00Z,1.4340,1.4450,1.3590,1.3930,11095210
2023-11-12T01:00:00Z,1.3930,1.4090,1.3780,1.4020,4223517
2023-11-12T02:00:00Z,1.4020,1.4070,1.3810,1.3900,2957446
2023-11-12T03:00:00Z,1.3910,1.4160,1.3870,1.4150,2219802
2023-11-12T04:00:00Z,1.4140,1.4230,1.4020,1.4130,2495360
2023-11-12T05:00:00Z,1.4130,1.4350,1.4040,1.4310,2492908
2023-11-12T06:00:00Z,1.4310,1.4690,1.4240,1.4620,3659552
2023-11-12T07:00:00Z,1.4630,1.4890,1.4570,1.4780,6626530
2023-11-12T08:00:00Z,1.4780,1.4850,1.4570,1.4740,5017536
2023-11-12T09:00:00Z,1.4740,1.4770,1.4550,1.4620,4577601
2023-11-12T10:00:00Z,1.4630,1.4720,1.4490,1.4630,3027531
2023-11-12T11:00:00Z,1.4630,1.4720,1.4580,1.4710,2147130
2023-11-12T12:00:00Z,1.4710,1.4730,1.4430,1.4510,4938509
2023-11-12T13:00:00Z,1.4510,1.4570,1.4320,1.4440,4731488
2023-11-12T14:00:00Z,1.4440,1.4650,1.4430,1.4530,3229082
2023-11-12T15:00:00Z,1.4520,1.4610,1.4370,1.4490,3370305
2023-11-12T16:00:00Z,1.4490,1.4570,1.4420,1.4550,2714675
2023-11-12T17:00:00Z,1.4540,1.4650,1.4430,1.4480,3313317
2023-11-12T18:00:00Z,1.4490,1.4660,1.4390,1.4610,3242095
2023-11-12T19:00:00Z,1.4600,1.4660,1.4450,1.4530,2345453
2023-11-12T20:00:00Z,1.4530,1.4710,1.4480,1.4660,2750418
2023-11-12T21:00:00Z,1.4650,1.4770,1.4640,1.4740,2415528
2023-11-12T22:00:00Z,1.4740,1.4820,1.4680,1.4810,1966493
2023-11-12T23:00:00Z,1.4820,1.4870,1.4540,1.4870,4576015
2023-11-13T00:00:00Z,1.4870,1.5140,1.4680,1.5110,7562241
2023-11-13T01:00:00Z,1.5110,1.5290,1.5030,1.5110,5078080
2023-11-13T02:00:00Z,1.5110,1.5260,1.5020,1.5060,3711013
2023-11-13T03:00:00Z,1.5060,1.5110,1.4460,1.4540,6610030
2023-11-13T04:00:00Z,1.4530,1.4640,1.4370,1.4450,4753090
2023-11-13T05:00:00Z,1.4440,1.4660,1.4370,1.4630,3385064
2023-11-13T06:00:00Z,1.4620,1.4640,1.4360,1.4530,3299705
2023-11-13T07:00:00Z,1.4540,1.4700,1.4490,1.4550,2714202
2023-11-13T08:00:00Z,1.4550,1.4800,1.4540,1.4790,2695930
2023-11-13T09:00:00Z,1.4790,1.4950,1.4740,1.4870,3357059
2023-11-13T10:00:00Z,1.4870,1.4890,1.4670,1.4740,2850934
2023-11-13T11:00:00Z,1.4750,1.4760,1.4320,1.4450,4923395
2023-11-13T12:00:00Z,1.4460,1.4590,1.4220,1.4580,4587376
2023-11-13T13:00:00Z,1.4580,1.4580,1.4410,1.4570,2876286
2023-11-13T14:00:00Z,1.4570,1.4740,1.4120,1.4510,10968014
2023-11-13T15:00:00Z,1.4520,1.4930,1.4440,1.4910,8654696
2023-11-13T16:00:00Z,1.4910,1.5430,1.4800,1.5380,14022334
2023-11-13T17:00:00Z,1.5390,1.5780,1.5030,1.5510,26007187
2023-11-13T18:00:00Z,1.5500,1.5640,1.5310,1.5390,9242733
2023-11-13T19:00:00Z,1.5380,1.5420,1.5150,1.5410,6305361
2023-11-13T20:00:00Z,1.5420,1.5560,1.5130,1.5170,8310240
2023-11-13T21:00:00Z,1.5180,1.5230,1.4670,1.4890,15394978
2023-11-13T22:00:00Z,1.4890,1.5120,1.4610,1.4710,5803673
2023-11-13T23:00:00Z,1.4710,1.4900,1.4550,1.4620,6686372
2023-11-14T00:00:00Z,1.4620,1.4700,1.4200,1.4250,10392178
2023-11-14T01:00:00Z,1.4260,1.4710,1.4230,1.4590,5107620
2023-11-14T02:00:00Z,1.4590,1.4770,1.4570,1.4640,3262097
2023-11-14T03:00:00Z,1.4640,1.4740,1.4560,1.4610,2548264
2023-11-14T04:00:00Z,1.4600,1.4870,1.4510,1.4820,3735818
2023-11-14T05:00:00Z,1.4820,1.4900,1.4760,1.4880,3041611
2023-11-14T06:00:00Z,1.4880,1.4970,1.4710,1.4860,3619318
2023-11-14T07:00:00Z,1.4850,1.4980,1.4760,1.4880,2831041
2023-11-14T08:00:00Z,1.4870,1.4890,1.4730,1.4860,3563525
2023-11-14T09:00:00Z,1.4870,1.4910,1.4540,1.4570,4755982
2023-11-14T10:00:00Z,1.4580,1.4630,1.4360,1.4410,4996588
2023-11-14T11:00:00Z,1.4420,1.4440,1.3860,1.4020,14511788
2023-11-14T12:00:00Z,1.4020,1.4140,1.3930,1.4110,7098074
2023-11-14T13:00:00Z,1.4110,1.4480,1.4090,1.4320,11666871
2023-11-14T14:00:00Z,1.4320,1.4480,1.4250,1.4380,6140737
2023-11-14T15:00:00Z,1.4380,1.4430,1.3900,1.4130,10037858
2023-11-14T16:00:00Z,1.4130,1.4320,1.4100,1.4190,4355861
2023-11-14T17:00:00Z,1.4190,1.4230,1.3900,1.3930,5027294
2023-11-14T18:00:00Z,1.3920,1.3990,1.3040,1.3430,18709733
2023-11-14T19:00:00Z,1.3440,1.3710,1.3370,1.3650,7430487
2023-11-14T20:00:00Z,1.3640,1.3860,1.3590,1.3680,4207035
2023-11-14T21:00:00Z,1.3680,1.3850,1.3640,1.3810,3194501
2023-11-14T22:00:00Z,1.3820,1.3920,1.3770,1.3910,2402431
2023-11-14T23:00:00Z,1.3920,1.4030,1.3870,1.3910,3308527
2023-11-15T00:00:00Z,1.3900,1.4090,1.3840,1.3970,4366120
2023-11-15T01:00:00Z,1.3970,1.4070,1.3850,1.3940,4089982
2023-11-15T02:00:00Z,1.3930,1.4020,1.3900,1.4000,2331298
2023-11-15T03:00:00Z,1.4000,1.4020,1.3870,1.3900,2216272
2023-11-15T04:00:00Z,1.3890,1.4090,1.3880,1.4090,2502485
2023-11-15T05:00:00Z,1.4080,1.4110,1.3960,1.4060,2712962
2023-11-15T06:00:00Z,1.4070,1.4100,1.4000,1.4030,3147160
2023-11-15T07:00:00Z,1.4030,1.4160,1.4010,1.4110,3749012
2023-11-15T08:00:00Z,1.4110,1.4320,1.4100,1.4300,3262337
2023-11-15T09:00:00Z,1.4310,1.4410,1.4190,1.4240,4504942
2023-11-15T10:00:00Z,1.4250,1.4330,1.4210,1.4290,3178633
2023-11-15T11:00:00Z,1.4300,1.4540,1.4290,1.4540,4843796
2023-11-15T12:00:00Z,1.4530,1.4600,1.4430,1.4500,6240579
2023-11-15T13:00:00Z,1.4510,1.4540,1.4340,1.4430,6280849
2023-11-15T14:00:00Z,1.4430,1.4540,1.4340,1.4350,4421561
2023-11-15T15:00:00Z,1.4350,1.4580,1.4340,1.4570,3588786
2023-11-15T16:00:00Z,1.4560,1.4650,1.4430,1.4510,4719505
2023-11-15T17:00:00Z,1.4510,1.4530,1.4360,1.4400,4541829
2023-11-15T18:00:00Z,1.4400,1.4700,1.4270,1.4550,13514496
2023-11-15T19:00:00Z,1.4540,1.4710,1.4430,1.4690,5511392
2023-11-15T20:00:00Z,1.4700,1.4740,1.4530,1.4570,4572999
2023-11-15T21:00:00Z,1.4570,1.4600,1.4420,1.4580,3916934
2023-11-15T22:00:00Z,1.4570,1.4820,1.4550,1.4750,3060123
2023-11-15T23:00:00Z,1.4750,1.4790,1.4620,1.4690,2823058
2023-11-16T00:00:00Z,1.4690,1.4920,1.4630,1.4860,5693057
2023-11-16T01:00:00Z,1.4850,1.4910,1.4660,1.4690,4039732
2023-11-16T02:00:00Z,1.4680,1.4790,1.4620,1.4770,2534206
2023-11-16T03:00:00Z,1.4770,1.4880,1.4700,1.4830,2521278
2023-11-16T04:00:00Z,1.4820,1.4930,1.4730,1.4880,2121702
2023-11-16T05:00:00Z,1.4870,1.4890,1.4710,1.4830,2611972
2023-11-16T06:00:00Z,1.4840,1.4940,1.4740,1.4920,3122256
2023-11-16T07:00:00Z,1.4920,1.4990,1.4820,1.4960,3810435
2023-11-16T08:00:00Z,1.4970,1.5020,1.4620,1.4750,7422095
2023-11-16T09:00:00Z,1.4760,1.4800,1.4510,1.4630,7524205
2023-11-16T10:00:00Z,1.4640,1.4720,1.4500,1.4530,4397993
2023-11-16T11:00:00Z,1.4530,1.4760,1.4480,1.4560,7016627
2023-11-16T12:00:00Z,1.4560,1.4580,1.4310,1.4450,8500968
2023-11-16T13:00:00Z,1.4450,1.4490,1.4090,1.4380,10790019
2023-11-16T14:00:00Z,1.4390,1.4490,1.4250,1.4470,6522802
2023-11-16T15:00:00Z,1.4460,1.4560,1.4020,1.4170,9735499
2023-11-16T16:00:00Z,1.4180,1.4370,1.4150,1.4360,4396849
2023-11-16T17:00:00Z,1.4350,1.4500,1.4280,1.4310,3178690
2023-11-16T18:00:00Z,1.4320,1.4360,1.4090,1.4160,4937885
2023-11-16T19:00:00Z,1.4150,1.4200,1.3640,1.4080,12875963
2023-11-16T20:00:00Z,1.4090,1.4180,1.3890,1.3910,5019148
2023-11-16T21:00:00Z,1.3920,1.3980,1.3750,1.3860,5127032
2023-11-16T22:00:00Z,1.3850,1.4080,1.3840,1.4000,1900858
2023-11-16T23:00:00Z,1.3990,1.4020,1.3700,1.3890,5515374
2023-11-17T00:00:00Z,1.3890,1.4170,1.3860,1.4170,4220651
2023-11-17T01:00:00Z,1.4160,1.4440,1.4090,1.4420,3472927
2023-11-17T02:00:00Z,1.4410,1.4440,1.4180,1.4230,3276003
2023-11-17T03:00:00Z,1.4230,1.4270,1.4080,1.4170,2581344
2023-11-17T04:00:00Z,1.4180,1.4210,1.4060,1.4130,2217907
2023-11-17T05:00:00Z,1.4120,1.4180,1.4050,1.4160,2010291
2023-11-17T06:00:00Z,1.4170,1.4230,1.4080,1.4110,2100630
2023-11-17T07:00:00Z,1.4100,1.4120,1.3870,1.3910,3839933
2023-11-17T08:00:00Z,1.3910,1.4060,1.3850,1.4040,3337545
2023-11-17T09:00:00Z,1.4030,1.4070,1.3860,1.3940,2962958
2023-11-17T10:00:00Z,1.3930,1.3940,1.3540,1.3730,7923730
2023-11-17T11:00:00Z,1.3730,1.3780,1.3650,1.3700,3692967
2023-11-17T12:00:00Z,1.3710,1.3730,1.3430,1.3680,5825629
2023-11-17T13:00:00Z,1.3670,1.3830,1.3570,1.3570,4954458
2023-11-17T14:00:00Z,1.3570,1.3650,1.3250,1.3340,8990631
2023-11-17T15:00:00Z,1.3330,1.3390,1.2940,1.3010,11311862
2023-11-17T16:00:00Z,1.3000,1.3290,1.2960,1.3180,5838907
2023-11-17T17:00:00Z,1.3190,1.3510,1.3160,1.3480,7208316
2023-11-17T18:00:00Z,1.3470,1.3510,1.3370,1.3470,3459987
2023-11-17T19:00:00Z,1.3480,1.3520,1.3350,1.3350,2702168
2023-11-17T20:00:00Z,1.3360,1.3500,1.3310,1.3350,2638373
2023-11-17T21:00:00Z,1.3360,1.3440,1.3300,1.3420,1947248
2023-11-17T22:00:00Z,1.3410,1.3650,1.3400,1.3650,1889863
2023-11-17T23:00:00Z,1.3640,1.3710,1.3560,1.3670,3072291
2023-11-18T00:00:00Z,1.3660,1.3670,1.3440,1.3450,2959598
2023-11-18T01:00:00Z,1.3460,1.3550,1.3370,1.3400,2555830
2023-11-18T02:00:00Z,1.3400,1.3470,1.3380,1.3390,1807045
2023-11-18T03:00:00Z,1.3390,1.3410,1.3230,1.3240,2439067
2023-11-18T04:00:00Z,1.3250,1.3370,1.3230,1.3240,2017068
2023-11-18T05:00:00Z,1.3240,1.3260,1.3000,1.3010,3768761
2023-11-18T06:00:00Z,1.3010,1.3100,1.2820,1.2850,6204823
2023-11-18T07:00:00Z,1.2850,1.3060,1.2620,1.3050,7045261
2023-11-18T08:00:00Z,1.3040,1.3110,1.2930,1.3060,4562414
2023-11-18T09:00:00Z,1.3060,1.3130,1.3030,1.3120,2427348
2023-11-18T10:00:00Z,1.3110,1.3250,1.3080,1.3240,2319854
2023-11-18T11:00:00Z,1.3240,1.3250,1.3130,1.3150,2394269
2023-11-18T12:00:00Z,1.3160,1.3240,1.3110,1.3180,1705402
2023-11-18T13:00:00Z,1.3180,1.3230,1.2940,1.3080,5442401
2023-11-18T14:00:00Z,1.3090,1.3270,1.3060,1.3200,3798285
2023-11-18T15:00:00Z,1.3190,1.3390,1.3170,1.3390,3916960
2023-11-18T16:00:00Z,1.3380,1.3500,1.3340,1.3350,3652953
2023-11-18T17:00:00Z,1.3360,1.3470,1.3280,1.3440,3052953
2023-11-18T18:00:00Z,1.3440,1.3510,1.3370,1.3480,2244073
2023-11-18T19:00:00Z,1.3480,1.3520,1.3430,1.3470,2024490
2023-11-18T20:00:00Z,1.3480,1.3510,1.3400,1.3420,1713786
2023-11-18T21:00:00Z,1.3410,1.3450,1.3380,1.3390,1483123
2023-11-18T22:00:00Z,1.3400,1.3430,1.3300,1.3390,1891726
2023-11-18T23:00:00Z,1.3400,1.3440,1.3370,1.3400,1203349
2023-11-19T00:00:00Z,1.3410,1.3420,1.3190,1.3210,2602325
2023-11-19T01:00:00Z,1.3220,1.3280,1.3050,1.3240,3783221
2023-11-19T02:00:00Z,1.3240,1.3320,1.3140,1.3280,1823532
2023-11-19T03:00:00Z,1.3270,1.3460,1.3240,1.3450,1704393
2023-11-19T04:00:00Z,1.3450,1.3450,1.3350,1.3400,1361363
2023-11-19T05:00:00Z,1.3410,1.3460,1.3360,1.3370,1519224
2023-11-19T06:00:00Z,1.3380,1.3520,1.3360,1.3480,2712074
2023-11-19T07:00:00Z,1.3470,1.3580,1.3470,1.3510,2794101
2023-11-19T08:00:00Z,1.3500,1.3640,1.3480,1.3490,2355898
2023-11-19T09:00:00Z,1.3490,1.3560,1.3460,1.3530,1578395
2023-11-19T10:00:00Z,1.3520,1.3530,1.3410,1.3430,2011383
2023-11-19T11:00:00Z,1.3440,1.3490,1.3340,1.3420,2975780
2023-11-19T12:00:00Z,1.3410,1.3440,1.3310,1.3390,1766168
2023-11-19T13:00:00Z,1.3390,1.3500,1.3390,1.3460,1783029
2023-11-19T14:00:00Z,1.3460,1.3490,1.3370,1.3420,1969856
2023-11-19T15:00:00Z,1.3430,1.3510,1.3360,1.3500,2003157
2023-11-19T16:00:00Z,1.3490,1.3580,1.3450,1.3470,1843220
2023-11-19T17:00:00Z,1.3480,1.3580,1.3460,1.3540,1437173
2023-11-19T18:00:00Z,1.3530,1.3740,1.3530,1.3710,2460466
2023-11-19T19:00:00Z,1.3700,1.3780,1.3660,1.3770,1793778
2023-11-19T20:00:00Z,1.3760,1.3800,1.3680,1.3750,2313774
2023-11-19T21:00:00Z,1.3750,1.3770,1.3670,1.3710,1473592
2023-11-19T22:00:00Z,1.3720,1.3740,1.3610,1.3680,1214906
2023-11-19T23:00:00Z,1.3680,1.3890,1.3660,1.3820,5270317
2023-11-20T00:00:00Z,1.3820,1.3910,1.3730,1.3860,3855402
2023-11-20T01:00:00Z,1.3850,1.3900,1.3790,1.3830,2555417
2023-11-20T02:00:00Z,1.3840,1.3870,1.3760,1.3860,1459525
2023-11-20T03:00:00Z,1.3850,1.3870,1.3720,1.3790,1630775
2023-11-20T04:00:00Z,1.3790,1.3850,1.3720,1.3850,1510404
2023-11-20T05:00:00Z,1.3840,1.3850,1.3720,1.3750,2021261
2023-11-20T06:00:00Z,1.3760,1.3820,1.3710,1.3820,1610382
2023-11-20T07:00:00Z,1.3810,1.3920,1.3740,1.3900,1898823
2023-11-20T08:00:00Z,1.3910,1.3950,1.3860,1.3900,2350332
2023-11-20T09:00:00Z,1.3900,1.4210,1.3880,1.4210,3527212
2023-11-20T10:00:00Z,1.4210,1.4400,1.4200,1.4290,5619053
2023-11-20T11:00:00Z,1.4290,1.4430,1.4240,1.4280,5314388
2023-11-20T12:00:00Z,1.4280,1.4540,1.4210,1.4500,5416983
2023-11-20T13:00:00Z,1.4500,1.4740,1.4480,1.4610,9358535
2023-11-20T14:00:00Z,1.4610,1.4840,1.4440,1.4720,14459743
2023-11-20T15:00:00Z,1.4720,1.5000,1.4670,1.4850,9086083
2023-11-20T16:00:00Z,1.4840,1.4990,1.4490,1.4530,8827200
2023-11-20T17:00:00Z,1.4540,1.4940,1.4500,1.4860,9376442
2023-11-20T18:00:00Z,1.4860,1.5030,1.4680,1.4750,8866987
2023-11-20T19:00:00Z,1.4750,1.4950,1.4700,1.4810,4662069
2023-11-20T20:00:00Z,1.4810,1.5090,1.4770,1.5080,6190901
2023-11-20T21:00:00Z,1.5080,1.5150,1.4560,1.4870,16478314
2023-11-20T22:00:00Z,1.4860,1.5190,1.4830,1.5150,8601582
2023-11-20T23:00:00Z,1.5140,1.5330,1.5010,1.5100,7773747
2023-11-21T00:00:00Z,1.5090,1.5590,1.5090,1.5440,13331313
2023-11-21T01:00:00Z,1.5440,1.5480,1.5010,1.5010,7272400
2023-11-21T02:00:00Z,1.5010,1.5220,1.4860,1.5000,9232246
2023-11-21T03:00:00Z,1.5010,1.5090,1.4860,1.4920,4251070
2023-11-21T04:00:00Z,1.4930,1.4940,1.4750,1.4830,3992292
2023-11-21T05:00:00Z,1.4830,1.4940,1.4650,1.4840,5567339
2023-11-21T06:00:00Z,1.4830,1.5270,1.4830,1.5040,8352092
2023-11-21T07:00:00Z,1.5030,1.5050,1.4720,1.4760,6569302
2023-11-21T08:00:00Z,1.4760,1.4880,1.4580,1.4870,6063619
2023-11-21T09:00:00Z,1.4860,1.5110,1.4860,1.4880,6894511
2023-11-21T10:00:00Z,1.4890,1.4900,1.4690,1.4790,3676285
2023-11-21T11:00:00Z,1.4790,1.4830,1.4540,1.4630,6340030
2023-11-21T12:00:00Z,1.4640,1.4750,1.4590,1.4630,3367023
2023-11-21T13:00:00Z,1.4620,1.4880,1.4430,1.4510,7521846
2023-11-21T14:00:00Z,1.4510,1.4590,1.4250,1.4400,13806052
2023-11-21T15:00:00Z,1.4410,1.4440,1.3940,1.4350,16382868
2023-11-21T16:00:00Z,1.4350,1.4610,1.4280,1.4470,7978072
2023-11-21T17:00:00Z,1.4460,1.4480,1.3660,1.3840,13666617
2023-11-21T18:00:00Z,1.3850,1.3860,1.3410,1.3640,13191468
2023-11-21T19:00:00Z,1.3650,1.3880,1.3600,1.3800,5278191
2023-11-21T20:00:00Z,1.3800,1.4060,1.3670,1.3930,4782557
2023-11-21T21:00:00Z,1.3930,1.4020,1.3830,1.3860,3512873
2023-11-21T22:00:00Z,1.3870,1.3870,1.3130,1.3290,9235694
2023-11-21T23:00:00Z,1.3290,1.3550,1.3210,1.3280,7935950
2023-11-22T00:00:00Z,1.3280,1.3650,1.3230,1.3590,5005609
2023-11-22T01:00:00Z,1.3590,1.3620,1.3510,1.3530,2402616
2023-11-22T02:00:00Z,1.3530,1.3770,1.3490,1.3760,2730053
2023-11-22T03:00:00Z,1.3750,1.3790,1.3650,1.3770,2273371
2023-11-22T04:00:00Z,1.3770,1.3790,1.3630,1.3730,2617173
2023-11-22T05:00:00Z,1.3740,1.3830,1.3730,1.3810,2433656
2023-11-22T06:00:00Z,1.3800,1.3950,1.3780,1.3910,3342051
2023-11-22T07:00:00Z,1.3900,1.4010,1.3840,1.3930,3208256
2023-11-22T08:00:00Z,1.3920,1.3940,1.3860,1.3930,2153649
2023-11-22T09:00:00Z,1.3930,1.3980,1.3850,1.3940,2140086
2023-11-22T10:00:00Z,1.3930,1.3960,1.3750,1.3810,3825779
2023-11-22T11:00:00Z,1.3800,1.3820,1.3660,1.3690,2856361
2023-11-22T12:00:00Z,1.3690,1.3790,1.3670,1.3760,2558957
2023-11-22T13:00:00Z,1.3750,1.3870,1.3660,1.3840,4417146
2023-11-22T14:00:00Z,1.3840,1.3920,1.3790,1.3860,5751041
2023-11-22T15:00:00Z,1.3860,1.4230,1.3740,1.4120,8542215
2023-11-22T16:00:00Z,1.4110,1.4200,1.3930,1.4080,5075152
2023-11-22T17:00:00Z,1.4080,1.4200,1.4040,1.4130,3358169
2023-11-22T18:00:00Z,1.4120,1.4490,1.4070,1.4420,7231526
2023-11-22T19:00:00Z,1.4420,1.4510,1.4350,1.4510,3750948
2023-11-22T20:00:00Z,1.4510,1.4600,1.4430,1.4570,3080565
2023-11-22T21:00:00Z,1.4570,1.4650,1.4420,1.4460,5099192
2023-11-22T22:00:00Z,1.4460,1.4560,1.4370,1.4440,2367447
2023-11-22T23:00:00Z,1.4440,1.4470,1.4380,1.4450,2634239
2023-11-23T00:00:00Z,1.4450,1.4620,1.4410,1.4590,3466861
2023-11-23T01:00:00Z,1.4580,1.4860,1.4570,1.4790,4031132
2023-11-23T02:00:00Z,1.4790,1.4900,1.4730,1.4770,3910981
2023-11-23T03:00:00Z,1.4780,1.5020,1.4770,1.4960,3552516
2023-11-23T04:00:00Z,1.4960,1.5100,1.4910,1.4970,4169063
2023-11-23T05:00:00Z,1.4970,1.4980,1.4860,1.4910,2803856
2023-11-23T06:00:00Z,1.4920,1.4970,1.4820,1.4820,2905375
2023-11-23T07:00:00Z,1.4830,1.4900,1.4720,1.4730,2979186
2023-11-23T08:00:00Z,1.4730,1.4800,1.4720,1.4780,2640027
2023-11-23T09:00:00Z,1.4770,1.4790,1.4630,1.4710,3449313
2023-11-23T10:00:00Z,1.4720,1.4800,1.4540,1.4550,4531005
2023-11-23T11:00:00Z,1.4560,1.4600,1.4480,1.4550,4763376
2023-11-23T12:00:00Z,1.4550,1.4600,1.4440,1.4490,3418004
2023-11-23T13:00:00Z,1.4490,1.4560,1.4360,1.4420,3291613
2023-11-23T14:00:00Z,1.4420,1.4480,1.4280,1.4350,3855169
2023-11-23T15:00:00Z,1.4360,1.4380,1.4190,1.4210,4879927
2023-11-23T16:00:00Z,1.4220,1.4340,1.4190,1.4240,3511737
2023-11-23T17:00:00Z,1.4250,1.4350,1.4210,1.4220,2100170
2023-11-23T18:00:00Z,1.4220,1.4300,1.4170,1.4200,2324886
2023-11-23T19:00:00Z,1.4210,1.4220,1.4080,1.4100,2877453
2023-11-23T20:00:00Z,1.4100,1.4180,1.4050,1.4140,1719394
2023-11-23T21:00:00Z,1.4140,1.4230,1.4140,1.4200,1711538
2023-11-23T22:00:00Z,1.4190,1.4250,1.4160,1.4210,1153270
2023-11-23T23:00:00Z,1.4200,1.4240,1.4150,1.4220,1569709
2023-11-24T00:00:00Z,1.4230,1.4240,1.3940,1.4150,4757055
2023-11-24T01:00:00Z,1.4150,1.4320,1.4140,1.4180,3009094
2023-11-24T02:00:00Z,1.4170,1.4240,1.4110,1.4170,2069133
2023-11-24T03:00:00Z,1.4170,1.4260,1.4140,1.4240,1451071
2023-11-24T04:00:00Z,1.4230,1.4260,1.4130,1.4140,1388207
2023-11-24T05:00:00Z,1.4150,1.4170,1.4040,1.4130,1837904
2023-11-24T06:00:00Z,1.4130,1.4130,1.4050,1.4090,2418119
2023-11-24T07:00:00Z,1.4100,1.4340,1.4070,1.4340,2779028
2023-11-24T08:00:00Z,1.4340,1.4360,1.4270,1.4270,2932156
2023-11-24T09:00:00Z,1.4270,1.4650,1.4260,1.4510,6609416
2023-11-24T10:00:00Z,1.4500,1.4560,1.4360,1.4380,5256989
2023-11-24T11:00:00Z,1.4380,1.4560,1.4370,1.4420,4835611
2023-11-24T12:00:00Z,1.4420,1.4610,1.4380,1.4560,2943323
2023-11-24T13:00:00Z,1.4560,1.4650,1.4390,1.4480,3921966
2023-11-24T14:00:00Z,1.4480,1.4510,1.4300,1.4420,4228810
2023-11-24T15:00:00Z,1.4420,1.4700,1.4410,1.4640,6126921
2023-11-24T16:00:00Z,1.4630,1.4760,1.4430,1.4500,6669506
2023-11-24T17:00:00Z,1.4500,1.4840,1.4470,1.4750,4957913
2023-11-24T18:00:00Z,1.4740,1.4870,1.4620,1.4690,3924397
2023-11-24T19:00:00Z,1.4690,1.4790,1.4570,1.4780,3223132
2023-11-24T20:00:00Z,1.4780,1.4830,1.4700,1.4770,1955460
2023-11-24T21:00:00Z,1.4770,1.4990,1.4730,1.4910,4174742
2023-11-24T22:00:00Z,1.4910,1.5020,1.4740,1.4860,4676344
2023-11-24T23:00:00Z,1.4870,1.4960,1.4720,1.4850,3590091
2023-11-25T00:00:00Z,1.4860,1.5180,1.4750,1.4950,7128864
2023-11-25T01:00:00Z,1.4960,1.5190,1.4900,1.5160,3846263
2023-11-25T02:00:00Z,1.5160,1.5460,1.5120,1.5350,7065006
2023-11-25T03:00:00Z,1.5340,1.6090,1.5320,1.6080,15504543
2023-11-25T04:00:00Z,1.6080,1.6710,1.6040,1.6300,25862282
2023-11-25T05:00:00Z,1.6310,1.6670,1.6210,1.6370,13060782
2023-11-25T06:00:00Z,1.6360,1.7210,1.6340,1.6810,24490019
2023-11-25T07:00:00Z,1.6820,1.6960,1.6680,1.6830,14834250
2023-11-25T08:00:00Z,1.6830,1.6930,1.6500,1.6510,13427110
2023-11-25T09:00:00Z,1.6520,1.6750,1.6450,1.6720,8300397
2023-11-25T10:00:00Z,1.6720,1.6750,1.6500,1.6700,7539918
2023-11-25T11:00:00Z,1.6700,1.6850,1.6590,1.6800,11441973
2023-11-25T12:00:00Z,1.6810,1.7070,1.6680,1.6970,12720856
2023-11-25T13:00:00Z,1.6970,1.7450,1.6810,1.7310,18456571
2023-11-25T14:00:00Z,1.7310,1.7320,1.6960,1.7210,19943634
2023-11-25T15:00:00Z,1.7210,1.7300,1.6900,1.6990,13501227
2023-11-25T16:00:00Z,1.6990,1.7280,1.6900,1.7190,10197360
2023-11-25T17:00:00Z,1.7180,1.7380,1.7080,1.7150,8636278
2023-11-25T18:00:00Z,1.7140,1.7190,1.6910,1.6990,7783954
2023-11-25T19:00:00Z,1.6990,1.7030,1.6830,1.7000,4874367
2023-11-25T20:00:00Z,1.7000,1.7040,1.6810,1.6920,4157905
2023-11-25T21:00:00Z,1.6920,1.7070,1.6860,1.7000,3095177
2023-11-25T22:00:00Z,1.7010,1.7110,1.6690,1.6780,5756377
2023-11-25T23:00:00Z,1.6780,1.6960,1.6700,1.6920,4397534
2023-11-26T00:00:00Z,1.6910,1.7050,1.6690,1.6920,7303354
2023-11-26T01:00:00Z,1.6930,1.7090,1.6750,1.6810,7191676
2023-11-26T02:00:00Z,1.6810,1.7100,1.6740,1.7010,6138904
2023-11-26T03:00:00Z,1.7010,1.7180,1.6660,1.6860,9310875
2023-11-26T04:00:00Z,1.6860,1.7370,1.6840,1.7240,11501318
2023-11-26T05:00:00Z,1.7230,1.7750,1.7150,1.7560,19582772
2023-11-26T06:00:00Z,1.7560,1.7620,1.7300,1.7620,11099500
2023-11-26T07:00:00Z,1.7620,1.7660,1.7360,1.7550,7205150
2023-11-26T08:00:00Z,1.7540,1.7580,1.7370,1.7470,5810776
2023-11-26T09:00:00Z,1.7460,1.7560,1.7200,1.7500,8184227
2023-11-26T10:00:00Z,1.7500,1.7580,1.7100,1.7180,7780979
2023-11-26T11:00:00Z,1.7180,1.7340,1.7140,1.7210,7058672
2023-11-26T12:00:00Z,1.7210,1.7290,1.7070,1.7230,7583135
2023-11-26T13:00:00Z,1.7230,1.7280,1.6880,1.7060,7462772
2023-11-26T14:00:00Z,1.7050,1.7060,1.6710,1.6970,8683528
2023-11-26T15:00:00Z,1.6970,1.7100,1.6560,1.6670,9676909
2023-11-26T16:00:00Z,1.6670,1.6740,1.6240,1.6370,14564599
2023-11-26T17:00:00Z,1.6370,1.6590,1.6330,1.6420,4460475
2023-11-26T18:00:00Z,1.6420,1.6520,1.6340,1.6400,3193289
2023-11-26T19:00:00Z,1.6400,1.6410,1.6170,1.6330,4540666
2023-11-26T20:00:00Z,1.6340,1.6490,1.6180,1.6480,4236488
2023-11-26T21:00:00Z,1.6470,1.6510,1.6360,1.6500,2804737
2023-11-26T22:00:00Z,1.6500,1.6680,1.6480,1.6590,3491386
2023-11-26T23:00:00Z,1.6580,1.6590,1.6360,1.6390,3074523
2023-11-27T00:00:00Z,1.6380,1.6670,1.6270,1.6540,5646174
2023-11-27T01:00:00Z,1.6550,1.6570,1.6150,1.6150,4961980
2023-11-27T02:00:00Z,1.6160,1.6210,1.6010,1.6200,6157114
2023-11-27T03:00:00Z,1.6200,1.6290,1.6050,1.6280,4932886
2023-11-27T04:00:00Z,1.6280,1.6370,1.6160,1.6360,3210909
2023-11-27T05:00:00Z,1.6350,1.6380,1.6210,1.6230,2558914
2023-11-27T06:00:00Z,1.6240,1.6490,1.6020,1.6040,6389834
2023-11-27T07:00:00Z,1.6050,1.6170,1.5840,1.6040,11848575
2023-11-27T08:00:00Z,1.6040,1.6110,1.5940,1.5970,3576060
2023-11-27T09:00:00Z,1.5970,1.6170,1.5950,1.6020,3059007
2023-11-27T10:00:00Z,1.6010,1.6070,1.5710,1.5820,8347932
2023-11-27T11:00:00Z,1.5810,1.6150,1.5710,1.6110,8470905
2023-11-27T12:00:00Z,1.6110,1.6380,1.6070,1.6200,9423778
2023-11-27T13:00:00Z,1.6210,1.6380,1.6110,1.6190,8080191
2023-11-27T14:00:00Z,1.6200,1.6280,1.5940,1.6000,6920421
2023-11-27T15:00:00Z,1.6000,1.6410,1.5960,1.6070,8391360
2023-11-27T16:00:00Z,1.6070,1.6450,1.5980,1.6440,7837364
2023-11-27T17:00:00Z,1.6440,1.6600,1.6250,1.6300,7819722
2023-11-27T18:00:00Z,1.6310,1.6400,1.6170,1.6190,4461721
2023-11-27T19:00:00Z,1.6200,1.6480,1.6110,1.6300,8245881
2023-11-27T20:00:00Z,1.6290,1.6340,1.5790,1.6110,8222401
2023-11-27T21:00:00Z,1.6110,1.6380,1.6020,1.6380,4135174
2023-11-27T22:00:00Z,1.6370,1.6370,1.6070,1.6160,1956546
2023-11-27T23:00:00Z,1.6160,1.6360,1.6120,1.6280,3177445
2023-11-28T00:00:00Z,1.6280,1.6610,1.6200,1.6550,5767160
2023-11-28T01:00:00Z,1.6550,1.6760,1.6370,1.6600,6936157
2023-11-28T02:00:00Z,1.6600,1.6630,1.6200,1.6210,5274913
2023-11-28T03:00:00Z,1.6220,1.6240,1.5860,1.5920,4556995
2023-11-28T04:00:00Z,1.5920,1.6060,1.5770,1.5820,5594998
2023-11-28T05:00:00Z,1.5820,1.5860,1.5530,1.5540,8270423
2023-11-28T06:00:00Z,1.5540,1.5930,1.5480,1.5910,5339459
2023-11-28T07:00:00Z,1.5910,1.5920,1.5660,1.5850,4086580
2023-11-28T08:00:00Z,1.5850,1.5880,1.5630,1.5650,3219863
2023-11-28T09:00:00Z,1.5650,1.5880,1.5570,1.5780,3912064
2023-11-28T10:00:00Z,1.5780,1.5850,1.5660,1.5840,4026970
2023-11-28T11:00:00Z,1.5840,1.6000,1.5710,1.5990,3826100
2023-11-28T12:00:00Z,1.5990,1.6020,1.5860,1.5910,3945605
2023-11-28T13:00:00Z,1.5910,1.6080,1.5770,1.6050,3474118
2023-11-28T14:00:00Z,1.6050,1.6100,1.5920,1.5960,3687024
2023-11-28T15:00:00Z,1.5960,1.6050,1.5690,1.5840,6264544
2023-11-28T16:00:00Z,1.5850,1.6220,1.5760,1.6210,6665484
2023-11-28T17:00:00Z,1.6200,1.6330,1.6020,1.6260,7497635
2023-11-28T18:00:00Z,1.6260,1.6290,1.6010,1.6150,4358630
2023-11-28T19:00:00Z,1.6150,1.6280,1.6100,1.6200,2973371
2023-11-28T20:00:00Z,1.6200,1.6340,1.6120,1.6330,3318559
2023-11-28T21:00:00Z,1.6330,1.6350,1.6050,1.6090,2877917
2023-11-28T22:00:00Z,1.6100,1.6140,1.5840,1.5870,3138729
2023-11-28T23:00:00Z,1.5870,1.5940,1.5710,1.5800,4062961
2023-11-29T00:00:00Z,1.5800,1.5910,1.5620,1.5860,4750529
2023-11-29T01:00:00Z,1.5850,1.5950,1.5800,1.5820,2369960
2023-11-29T02:00:00Z,1.5820,1.5870,1.5680,1.5720,2412007
2023-11-29T03:00:00Z,1.5710,1.5880,1.5690,1.5880,2385709
2023-11-29T04:00:00Z,1.5880,1.5960,1.5820,1.5890,2823279
2023-11-29T05:00:00Z,1.5890,1.5910,1.5750,1.5850,2035642
2023-11-29T06:00:00Z,1.5860,1.6010,1.5750,1.6010,3173166
2023-11-29T07:00:00Z,1.6000,1.6060,1.5760,1.5840,3527704
2023-11-29T08:00:00Z,1.5830,1.6070,1.5770,1.6030,4550647
2023-11-29T09:00:00Z,1.6030,1.6240,1.6000,1.6020,6442901
2023-11-29T10:00:00Z,1.6030,1.6040,1.5410,1.5560,13070784
2023-11-29T11:00:00Z,1.5550,1.5670,1.5490,1.5610,4527828
2023-11-29T12:00:00Z,1.5600,1.5750,1.5560,1.5620,6339377
2023-11-29T13:00:00Z,1.5620,1.5710,1.5550,1.5570,3463710
2023-11-29T14:00:00Z,1.5570,1.5620,1.5310,1.5370,6356912
2023-11-29T15:00:00Z,1.5370,1.5430,1.5170,1.5320,7695901
2023-11-29T16:00:00Z,1.5320,1.5440,1.5120,1.5420,5343845
2023-11-29T17:00:00Z,1.5420,1.5600,1.5370,1.5530,3254314
2023-11-29T18:00:00Z,1.5520,1.5700,1.5430,1.5690,3276404
2023-11-29T19:00:00Z,1.5680,1.5720,1.5530,1.5610,2792346
2023-11-29T20:00:00Z,1.5610,1.5640,1.5400,1.5580,3317274
2023-11-29T21:00:00Z,1.5580,1.5720,1.5570,1.5630,3382456
2023-11-29T22:00:00Z,1.5630,1.5770,1.5600,1.5760,1601684
2023-11-29T23:00:00Z,1.5750,1.5960,1.5710,1.5790,5330757
2023-11-30T00:00:00Z,1.5780,1.5990,1.5710,1.5860,4205361
2023-11-30T01:00:00Z,1.5860,1.5920,1.5730,1.5780,4048893
2023-11-30T02:00:00Z,1.5790,1.5990,1.5730,1.5960,3158554
2023-11-30T03:00:00Z,1.5960,1.6260,1.5900,1.6260,4482074
2023-11-30T04:00:00Z,1.6260,1.6290,1.6030,1.6080,4293004
2023-11-30T05:00:00Z,1.6080,1.6240,1.5980,1.6080,5306354
2023-11-30T06:00:00Z,1.6070,1.6180,1.5890,1.6020,4516499
2023-11-30T07:00:00Z,1.6020,1.6120,1.5910,1.5940,3074393
2023-11-30T08:00:00Z,1.5940,1.6160,1.5860,1.6150,4474550
2023-11-30T09:00:00Z,1.6150,1.6210,1.6050,1.6200,3396958
2023-11-30T10:00:00Z,1.6200,1.6320,1.6160,1.6250,4139796
2023-11-30T11:00:00Z,1.6240,1.6320,1.6170,1.6260,3051669
2023-11-30T12:00:00Z,1.6270,1.6360,1.6200,1.6300,3202548
2023-11-30T13:00:00Z,1.6290,1.6300,1.6040,1.6110,5700708
2023-11-30T14:00:00Z,1.6100,1.6140,1.5950,1.6020,4957735
2023-11-30T15:00:00Z,1.6020,1.6100,1.5920,1.5990,3141167
2023-11-30T16:00:00Z,1.5980,1.6030,1.5880,1.5930,2503125
2023-11-30T17:00:00Z,1.5930,1.6020,1.5920,1.5940,1500731
2023-11-30T18:00:00Z,1.5940,1.5940,1.5820,1.5850,2204452
2023-11-30T19:00:00Z,1.5850,1.5880,1.5800,1.5800,1690563
2023-11-30T20:00:00Z,1.5810,1.5810,1.5720,1.5760,2211259
2023-11-30T21:00:00Z,1.5750,1.5820,1.5710,1.5790,1480969
2023-11-30T22:00:00Z,1.5780,1.5850,1.5670,1.5700,1994404
2023-11-30T23:00:00Z,1.5700,1.5770,1.5590,1.5730,3341829
2023-12-01T00:00:00Z,1.5720,1.5740,1.5570,1.5630,3095358
2023-12-01T01:00:00Z,1.5630,1.5930,1.5570,1.5860,5780154
2023-12-01T02:00:00Z,1.5850,1.5920,1.5790,1.5810,2333356
2023-12-01T03:00:00Z,1.5810,1.5870,1.5780,1.5790,1864687
2023-12-01T04:00:00Z,1.5790,1.5900,1.5760,1.5860,2592097
2023-12-01T05:00:00Z,1.5850,1.5870,1.5730,1.5750,1890879
2023-12-01T06:00:00Z,1.5760,1.5780,1.5680,1.5760,2158752
2023-12-01T07:00:00Z,1.5760,1.5900,1.5740,1.5850,4104905
2023-12-01T08:00:00Z,1.5840,1.6050,1.5830,1.5930,4039396
2023-12-01T09:00:00Z,1.5930,1.6140,1.5890,1.6100,5730339
2023-12-01T10:00:00Z,1.6100,1.6190,1.6060,1.6100,3417551
2023-12-01T11:00:00Z,1.6110,1.6130,1.6020,1.6060,2853515
2023-12-01T12:00:00Z,1.6060,1.6120,1.5940,1.6000,2997869
2023-12-01T13:00:00Z,1.6000,1.6120,1.5940,1.5970,2260501
2023-12-01T14:00:00Z,1.5970,1.5990,1.5830,1.5860,2920423
2023-12-01T15:00:00Z,1.5870,1.5980,1.5840,1.5910,2193426
2023-12-01T16:00:00Z,1.5920,1.6270,1.5890,1.6130,5742073
2023-12-01T17:00:00Z,1.6130,1.6190,1.6040,1.6070,2897080
2023-12-01T18:00:00Z,1.6060,1.6140,1.6050,1.6070,1605789
2023-12-01T19:00:00Z,1.6060,1.6120,1.6020,1.6100,1188180
2023-12-01T20:00:00Z,1.6110,1.6130,1.6020,1.6030,987240
2023-12-01T21:00:00Z,1.6040,1.6100,1.6000,1.6040,1022654
2023-12-01T22:00:00Z,1.6040,1.6040,1.5940,1.5960,968422
2023-12-01T23:00:00Z,1.5970,1.6030,1.5930,1.6020,1195026
2023-12-02T00:00:00Z,1.6010,1.6090,1.5970,1.6090,1364906
2023-12-02T01:00:00Z,1.6080,1.6200,1.6060,1.6170,1210530
2023-12-02T02:00:00Z,1.6170,1.6260,1.6150,1.6190,1680593
2023-12-02T03:00:00Z,1.6180,1.6360,1.6160,1.6210,2446093
2023-12-02T04:00:00Z,1.6200,1.6210,1.6110,1.6180,1151124
2023-12-02T05:00:00Z,1.6170,1.6180,1.6090,1.6090,1198374
2023-12-02T06:00:00Z,1.6100,1.6160,1.6060,1.6130,1676912
2023-12-02T07:00:00Z,1.6120,1.6230,1.6100,1.6180,1556246
2023-12-02T08:00:00Z,1.6180,1.6280,1.6150,1.6240,2241332
2023-12-02T09:00:00Z,1.6230,1.6310,1.6210,1.6250,1509177
2023-12-02T10:00:00Z,1.6240,1.6250,1.6120,1.6150,1469668
2023-12-02T11:00:00Z,1.6150,1.6220,1.6120,1.6120,1312883
2023-12-02T12:00:00Z,1.6130,1.6210,1.6080,1.6190,1640387
2023-12-02T13:00:00Z,1.6180,1.6240,1.6100,1.6110,1671199
2023-12-02T14:00:00Z,1.6120,1.6130,1.5820,1.5970,4427286
2023-12-02T15:00:00Z,1.5970,1.5990,1.5850,1.5940,3008777
2023-12-02T16:00:00Z,1.5930,1.5950,1.5840,1.5940,2210324
2023-12-02T17:00:00Z,1.5930,1.6040,1.5880,1.6020,1930366
2023-12-02T18:00:00Z,1.6010,1.6260,1.5990,1.6170,4433572
2023-12-02T19:00:00Z,1.6180,1.6480,1.6170,1.6430,7876828
2023-12-02T20:00:00Z,1.6430,1.6510,1.6350,1.6420,3482447
2023-12-02T21:00:00Z,1.6420,1.6510,1.6320,1.6460,2541663
2023-12-02T22:00:00Z,1.6460,1.6510,1.6320,1.6410,2416489
2023-12-02T23:00:00Z,1.6420,1.6430,1.6350,1.6370,1379423
2023-12-03T00:00:00Z,1.6370,1.6440,1.6240,1.6430,2856844
2023-12-03T01:00:00Z,1.6430,1.6460,1.6270,1.6300,2424733
2023-12-03T02:00:00Z,1.6300,1.6330,1.6060,1.6130,4481411
2023-12-03T03:00:00Z,1.6130,1.6150,1.6010,1.6080,2984096
2023-12-03T04:00:00Z,1.6090,1.6130,1.6050,1.6080,1960137
2023-12-03T05:00:00Z,1.6080,1.6160,1.6050,1.6160,1798770
2023-12-03T06:00:00Z,1.6150,1.6210,1.6060,1.6140,1816550
2023-12-03T07:00:00Z,1.6150,1.6270,1.6120,1.6270,1655787
2023-12-03T08:00:00Z,1.6270,1.6280,1.6080,1.6090,1910910
2023-12-03T09:00:00Z,1.6100,1.6230,1.6060,1.6160,1702198
2023-12-03T10:00:00Z,1.6160,1.6170,1.6030,1.6130,2487909
2023-12-03T11:00:00Z,1.6140,1.6150,1.5850,1.6030,4282623
2023-12-03T12:00:00Z,1.6030,1.6050,1.5670,1.5810,4796751
2023-12-03T13:00:00Z,1.5820,1.5960,1.5800,1.5880,3572342
2023-12-03T14:00:00Z,1.5870,1.5940,1.5770,1.5860,3021375
2023-12-03T15:00:00Z,1.5850,1.6030,1.5850,1.6020,2843773
2023-12-03T16:00:00Z,1.6010,1.6070,1.5940,1.5960,3086477
2023-12-03T17:00:00Z,1.5970,1.5970,1.5830,1.5840,1904022
2023-12-03T18:00:00Z,1.5850,1.5900,1.5810,1.5820,1575833
2023-12-03T19:00:00Z,1.5820,1.5900,1.5760,1.5840,1569096
2023-12-03T20:00:00Z,1.5840,1.5890,1.5800,1.5840,1184073
2023-12-03T21:00:00Z,1.5850,1.5890,1.5810,1.5890,980921
2023-12-03T22:00:00Z,1.5890,1.6070,1.5860,1.6040,3061116
2023-12-03T23:00:00Z,1.6040,1.6190,1.5830,1.5900,4012854
2023-12-04T00:00:00Z,1.5900,1.6050,1.5810,1.6040,2428366
2023-12-04T01:00:00Z,1.6040,1.6250,1.5970,1.6130,4693044
2023-12-04T02:00:00Z,1.6120,1.6230,1.6070,1.6190,2222446
2023-12-04T03:00:00Z,1.6180,1.6480,1.6160,1.6430,6727059
2023-12-04T04:00:00Z,1.6430,1.6700,1.6380,1.6630,6344533
2023-12-04T05:00:00Z,1.6630,1.6660,1.6350,1.6420,5486637
2023-12-04T06:00:00Z,1.6420,1.6800,1.6340,1.6720,5492915
2023-12-04T07:00:00Z,1.6720,1.6900,1.6550,1.6590,6237161
2023-12-04T08:00:00Z,1.6590,1.6790,1.6590,1.6690,4311689
2023-12-04T09:00:00Z,1.6690,1.6760,1.6430,1.6450,3731706
2023-12-04T10:00:00Z,1.6450,1.6620,1.6420,1.6430,3491925
2023-12-04T11:00:00Z,1.6440,1.6480,1.5050,1.5920,30966284
2023-12-04T12:00:00Z,1.5930,1.6040,1.5760,1.5980,8448101
2023-12-04T13:00:00Z,1.5980,1.6020,1.5740,1.5780,6545782
2023-12-04T14:00:00Z,1.5790,1.5820,1.5520,1.5690,9025923
2023-12-04T15:00:00Z,1.5680,1.5750,1.5580,1.5730,4012636
2023-12-04T16:00:00Z,1.5720,1.5920,1.5690,1.5910,2764057
2023-12-04T17:00:00Z,1.5900,1.5910,1.5780,1.5890,2718506
2023-12-04T18:00:00Z,1.5890,1.5940,1.5840,1.5880,1739022
2023-12-04T19:00:00Z,1.5880,1.5930,1.5820,1.5900,1842360
2023-12-04T20:00:00Z,1.5890,1.5950,1.5820,1.5910,2139826
2023-12-04T21:00:00Z,1.5920,1.5960,1.5870,1.5930,1633253
2023-12-04T22:00:00Z,1.5920,1.5970,1.5710,1.5820,2215735
2023-12-04T23:00:00Z,1.5810,1.6190,1.5780,1.6170,3304787
2023-12-05T00:00:00Z,1.6170,1.6490,1.6060,1.6410,7243024
2023-12-05T01:00:00Z,1.6410,1.6490,1.6110,1.6250,6392348
2023-12-05T02:00:00Z,1.6250,1.6250,1.5880,1.6020,5017761
2023-12-05T03:00:00Z,1.6030,1.6150,1.5990,1.6110,1795532
2023-12-05T04:00:00Z,1.6110,1.6120,1.5960,1.6070,1828428
2023-12-05T05:00:00Z,1.6070,1.6390,1.6000,1.6340,2831177
2023-12-05T06:00:00Z,1.6340,1.6470,1.6150,1.6230,5067482
2023-12-05T07:00:00Z,1.6230,1.6370,1.5930,1.6070,8553896
2023-12-05T08:00:00Z,1.6080,1.6320,1.6020,1.6200,6012146
2023-12-05T09:00:00Z,1.6210,1.6560,1.6170,1.6380,6443304
2023-12-05T10:00:00Z,1.6390,1.6460,1.6000,1.6010,4397808
2023-12-05T11:00:00Z,1.6020,1.6210,1.6000,1.6110,5074847
2023-12-05T12:00:00Z,1.6110,1.6310,1.6080,1.6150,4086076
2023-12-05T13:00:00Z,1.6160,1.6230,1.5900,1.5920,5029930
2023-12-05T14:00:00Z,1.5920,1.6140,1.5840,1.6060,4253919
2023-12-05T15:00:00Z,1.6050,1.6260,1.6010,1.6220,3719927
2023-12-05T16:00:00Z,1.6220,1.6560,1.6140,1.6480,9469828
2023-12-05T17:00:00Z,1.6480,1.6720,1.6400,1.6600,13014287
2023-12-05T18:00:00Z,1.6600,1.6800,1.6490,1.6640,6512593
2023-12-05T19:00:00Z,1.6630,1.6720,1.6570,1.6650,3913943
2023-12-05T20:00:00Z,1.6660,1.6780,1.6500,1.6700,2990053
2023-12-05T21:00:00Z,1.6700,1.6720,1.6570,1.6650,2432031
2023-12-05T22:00:00Z,1.6650,1.6900,1.6590,1.6860,2937820
2023-12-05T23:00:00Z,1.6860,1.7200,1.6840,1.7000,6974167
2023-12-06T00:00:00Z,1.7000,1.7200,1.6930,1.7090,6430480
2023-12-06T01:00:00Z,1.7100,1.7310,1.6720,1.6800,8013591
2023-12-06T02:00:00Z,1.6810,1.6860,1.6490,1.6580,6100135
2023-12-06T03:00:00Z,1.6580,1.6620,1.6340,1.6390,4191297
2023-12-06T04:00:00Z,1.6400,1.6550,1.6400,1.6510,2783987
2023-12-06T05:00:00Z,1.6520,1.6580,1.6020,1.6330,10434728
2023-12-06T06:00:00Z,1.6330,1.6370,1.6050,1.6330,6669234
2023-12-06T07:00:00Z,1.6330,1.6380,1.6170,1.6300,4163198
2023-12-06T08:00:00Z,1.6290,1.6540,1.6240,1.6510,3281637
2023-12-06T09:00:00Z,1.6510,1.6580,1.6310,1.6360,3928638
2023-12-06T10:00:00Z,1.6360,1.6420,1.6200,1.6240,4523683
2023-12-06T11:00:00Z,1.6250,1.6270,1.5790,1.6090,10999139
2023-12-06T12:00:00Z,1.6090,1.6240,1.6060,1.6210,3395696
2023-12-06T13:00:00Z,1.6210,1.6300,1.6130,1.6170,3551088
2023-12-06T14:00:00Z,1.6170,1.6250,1.6070,1.6110,3322878
2023-12-06T15:00:00Z,1.6110,1.6460,1.6060,1.6340,4009155
2023-12-06T16:00:00Z,1.6340,1.6470,1.6280,1.6400,4111123
2023-12-06T17:00:00Z,1.6410,1.6670,1.6310,1.6610,5527745
2023-12-06T18:00:00Z,1.6610,1.6640,1.6510,1.6620,2118953
2023-12-06T19:00:00Z,1.6610,1.6620,1.6510,1.6580,1306696
2023-12-06T20:00:00Z,1.6580,1.6630,1.6420,1.6430,2227603
2023-12-06T21:00:00Z,1.6440,1.6580,1.6220,1.6490,4411804
2023-12-06T22:00:00Z,1.6480,1.6560,1.6210,1.6310,2057284
2023-12-06T23:00:00Z,1.6310,1.6340,1.6160,1.6210,2802167
2023-12-07T00:00:00Z,1.6210,1.6580,1.6160,1.6380,3069866
2023-12-07T01:00:00Z,1.6380,1.6440,1.6160,1.6290,2067595
2023-12-07T02:00:00Z,1.6290,1.6320,1.6160,1.6210,1576871
2023-12-07T03:00:00Z,1.6210,1.6240,1.6070,1.6240,2172287
2023-12-07T04:00:00Z,1.6230,1.6430,1.6200,1.6410,1757079
2023-12-07T05:00:00Z,1.6410,1.6590,1.6400,1.6480,2303219
2023-12-07T06:00:00Z,1.6480,1.6500,1.6340,1.6370,2400712
2023-12-07T07:00:00Z,1.6370,1.6450,1.6360,1.6380,1311950
2023-12-07T08:00:00Z,1.6380,1.6420,1.6030,1.6080,4681362
2023-12-07T09:00:00Z,1.6090,1.6100,1.5640,1.5990,11554732
2023-12-07T10:00:00Z,1.5990,1.6040,1.5820,1.5960,4010088
2023-12-07T11:00:00Z,1.5960,1.6060,1.5910,1.5980,2816928
2023-12-07T12:00:00Z,1.5970,1.6170,1.5890,1.6170,3285194
2023-12-07T13:00:00Z,1.6160,1.6190,1.6000,1.6050,2272888
2023-12-07T14:00:00Z,1.6050,1.6150,1.6000,1.6120,2194241
2023-12-07T15:00:00Z,1.6120,1.6500,1.6090,1.6430,6846157
2023-12-07T16:00:00Z,1.6430,1.6810,1.6360,1.6690,8315113
2023-12-07T17:00:00Z,1.6700,1.6850,1.6520,1.6640,7415627
2023-12-07T18:00:00Z,1.6640,1.6660,1.6430,1.6500,2974815
2023-12-07T19:00:00Z,1.6510,1.6550,1.6250,1.6360,3724479
2023-12-07T20:00:00Z,1.6360,1.6510,1.6290,1.6460,2533666
2023-12-07T21:00:00Z,1.6460,1.7040,1.6450,1.6910,6967416
2023-12-07T22:00:00Z,1.6910,1.6980,1.6560,1.6630,5262704
2023-12-07T23:00:00Z,1.6630,1.6710,1.6570,1.6660,2026160
2023-12-08T00:00:00Z,1.6650,1.6760,1.6600,1.6610,2747569
2023-12-08T01:00:00Z,1.6620,1.6680,1.6460,1.6610,2520320
2023-12-08T02:00:00Z,1.6610,1.6680,1.6530,1.6660,3109396
2023-12-08T03:00:00Z,1.6670,1.6880,1.6600,1.6790,3447049
2023-12-08T04:00:00Z,1.6790,1.6900,1.6730,1.6830,2686743
2023-12-08T05:00:00Z,1.6820,1.6890,1.6690,1.6720,1963379
2023-12-08T06:00:00Z,1.6720,1.6820,1.6660,1.6760,2120048
2023-12-08T07:00:00Z,1.6750,1.6780,1.6420,1.6530,4644428
2023-12-08T08:00:00Z,1.6540,1.6630,1.6480,1.6530,3247494
2023-12-08T09:00:00Z,1.6520,1.6660,1.6470,1.6490,2284542
2023-12-08T10:00:00Z,1.6490,1.6620,1.6470,1.6610,1983655
2023-12-08T11:00:00Z,1.6610,1.6740,1.6540,1.6700,2874254
2023-12-08T12:00:00Z,1.6690,1.6940,1.6640,1.6820,3672838
2023-12-08T13:00:00Z,1.6810,1.6850,1.6650,1.6720,4233823
2023-12-08T14:00:00Z,1.6710,1.6970,1.6660,1.6920,4341660
2023-12-08T15:00:00Z,1.6910,1.7070,1.6840,1.6890,4510414
2023-12-08T16:00:00Z,1.6890,1.7250,1.6890,1.7200,5577324
2023-12-08T17:00:00Z,1.7200,1.7250,1.6960,1.7120,5529816
2023-12-08T18:00:00Z,1.7130,1.7220,1.7070,1.7170,2634687
2023-12-08T19:00:00Z,1.7160,1.7400,1.7160,1.7380,2382227
2023-12-08T20:00:00Z,1.7370,1.7470,1.7300,1.7410,3358086
2023-12-08T21:00:00Z,1.7410,1.7490,1.7240,1.7460,3620520
2023-12-08T22:00:00Z,1.7460,1.7540,1.7440,1.7500,2635430
2023-12-08T23:00:00Z,1.7490,1.7720,1.7480,1.7600,4063863
2023-12-09T00:00:00Z,1.7590,1.8290,1.7590,1.7980,8232303
2023-12-09T01:00:00Z,1.7970,1.7990,1.7670,1.7800,4943700
2023-12-09T02:00:00Z,1.7800,1.7810,1.7620,1.7700,2682098
2023-12-09T03:00:00Z,1.7700,1.7950,1.7690,1.7900,2436368
2023-12-09T04:00:00Z,1.7900,1.8010,1.7830,1.7870,2085267
2023-12-09T05:00:00Z,1.7880,1.7940,1.7710,1.7760,2405714
2023-12-09T06:00:00Z,1.7760,1.7950,1.7710,1.7890,2637145
2023-12-09T07:00:00Z,1.7880,1.8300,1.7870,1.8210,4228110
2023-12-09T08:00:00Z,1.8210,1.8520,1.7680,1.7950,14860293
2023-12-09T09:00:00Z,1.7950,1.8320,1.7930,1.8120,7244281
2023-12-09T10:00:00Z,1.8130,1.8620,1.8120,1.8350,8506584
2023-12-09T11:00:00Z,1.8340,1.8370,1.7990,1.8030,6212115
2023-12-09T12:00:00Z,1.8030,1.8460,1.7960,1.8440,5550595
2023-12-09T13:00:00Z,1.8440,1.8500,1.8130,1.8200,6316534
2023-12-09T14:00:00Z,1.8200,1.8320,1.7820,1.7980,6514380
2023-12-09T15:00:00Z,1.7970,1.8220,1.7720,1.8130,4867869
2023-12-09T16:00:00Z,1.8130,1.8220,1.7830,1.8050,4492747
2023-12-09T17:00:00Z,1.8050,1.8060,1.7740,1.7780,3746317
2023-12-09T18:00:00Z,1.7790,1.8200,1.7740,1.8160,3705073
2023-12-09T19:00:00Z,1.8160,1.8250,1.8060,1.8170,2324014
2023-12-09T20:00:00Z,1.8170,1.8190,1.7970,1.8070,2751199
2023-12-09T21:00:00Z,1.8080,1.8240,1.7870,1.8170,2469187
2023-12-09T22:00:00Z,1.8170,1.8320,1.8090,1.8170,2068874
2023-12-09T23:00:00Z,1.8160,1.8270,1.7690,1.7780,6312699
2023-12-10T00:00:00Z,1.7780,1.8480,1.7770,1.8350,6098718
2023-12-10T01:00:00Z,1.8360,1.8440,1.8120,1.8210,3275686
2023-12-10T02:00:00Z,1.8220,1.8480,1.8100,1.8300,3702212
2023-12-10T03:00:00Z,1.8290,1.8840,1.8200,1.8720,5741421
2023-12-10T04:00:00Z,1.8710,1.8870,1.8630,1.8740,5847751
2023-12-10T05:00:00Z,1.8740,1.8800,1.8610,1.8660,2811395
2023-12-10T06:00:00Z,1.8660,1.8700,1.8330,1.8380,3796831
2023-12-10T07:00:00Z,1.8380,1.8420,1.8040,1.8250,4569180
2023-12-10T08:00:00Z,1.8260,1.8320,1.7970,1.8140,4755179
2023-12-10T09:00:00Z,1.8150,1.8260,1.7650,1.7660,6128364
2023-12-10T10:00:00Z,1.7660,1.7920,1.7650,1.7900,4122651
2023-12-10T11:00:00Z,1.7890,1.7960,1.7830,1.7900,2479013
2023-12-10T12:00:00Z,1.7900,1.8200,1.7870,1.8150,3967873
2023-12-10T13:00:00Z,1.8150,1.8170,1.7900,1.8050,2804026
2023-12-10T14:00:00Z,1.8050,1.8170,1.7960,1.8080,2921452
2023-12-10T15:00:00Z,1.8080,1.8210,1.8050,1.8130,2476781
2023-12-10T16:00:00Z,1.8120,1.8200,1.7970,1.8130,2892088
2023-12-10T17:00:00Z,1.8130,1.8180,1.7850,1.7900,3098420
2023-12-10T18:00:00Z,1.7900,1.8160,1.7900,1.7930,2783259
2023-12-10T19:00:00Z,1.7930,1.7970,1.7850,1.7950,1763054
2023-12-10T20:00:00Z,1.7940,1.8300,1.7890,1.8270,3084731
2023-12-10T21:00:00Z,1.8270,1.8270,1.8000,1.8020,2848926
2023-12-10T22:00:00Z,1.8020,1.8140,1.7910,1.7940,1567461
2023-12-10T23:00:00Z,1.7950,1.8020,1.7760,1.7900,3224924
2023-12-11T00:00:00Z,1.7900,1.8110,1.7750,1.7790,4008399
2023-12-11T01:00:00Z,1.7800,1.7800,1.7430,1.7740,6593887
2023-12-11T02:00:00Z,1.7740,1.7740,1.5290,1.6530,27917698
2023-12-11T03:00:00Z,1.6530,1.6990,1.6490,1.6690,7587963
2023-12-11T04:00:00Z,1.6690,1.6780,1.6550,1.6700,6043027
2023-12-11T05:00:00Z,1.6700,1.6890,1.6630,1.6850,4777278
2023-12-11T06:00:00Z,1.6840,1.6860,1.6460,1.6690,7149734
2023-12-11T07:00:00Z,1.6690,1.6840,1.6550,1.6570,3020373
2023-12-11T08:00:00Z,1.6570,1.6700,1.6410,1.6680,4286048
2023-12-11T09:00:00Z,1.6680,1.6770,1.6610,1.6740,2239404
2023-12-11T10:00:00Z,1.6730,1.6780,1.6560,1.6640,3631597
2023-12-11T11:00:00Z,1.6640,1.6730,1.6570,1.6670,2412533
2023-12-11T12:00:00Z,1.6670,1.6770,1.6490,1.6530,3229381
2023-12-11T13:00:00Z,1.6520,1.6610,1.6290,1.6470,3546966
2023-12-11T14:00:00Z,1.6480,1.6570,1.6260,1.6350,5330331
2023-12-11T15:00:00Z,1.6340,1.6510,1.6270,1.6420,4185050
2023-12-11T16:00:00Z,1.6410,1.6460,1.6200,1.6400,5298048
2023-12-11T17:00:00Z,1.6400,1.6410,1.6060,1.6080,3594402
2023-12-11T18:00:00Z,1.6070,1.6110,1.5660,1.6040,11846747
2023-12-11T19:00:00Z,1.6050,1.6100,1.5830,1.6050,4115867
2023-12-11T20:00:00Z,1.6060,1.6140,1.5950,1.6110,2756692
2023-12-11T21:00:00Z,1.6110,1.6300,1.6100,1.6280,2237977
2023-12-11T22:00:00Z,1.6290,1.6340,1.6230,1.6250,1506902
2023-12-11T23:00:00Z,1.6260,1.6330,1.6210,1.6290,1473559
2023-12-12T00:00:00Z,1.6280,1.6440,1.6240,1.6330,3466114
2023-12-12T01:00:00Z,1.6330,1.6480,1.6300,1.6470,2239703
2023-12-12T02:00:00Z,1.6460,1.6620,1.6440,1.6550,2398187
2023-12-12T03:00:00Z,1.6550,1.6630,1.6400,1.6470,2322730
2023-12-12T04:00:00Z,1.6470,1.6530,1.6260,1.6270,2488280
2023-12-12T05:00:00Z,1.6280,1.6570,1.6270,1.6540,2643661
2023-12-12T06:00:00Z,1.6530,1.6620,1.6400,1.6550,3256172
2023-12-12T07:00:00Z,1.6560,1.6810,1.6530,1.6740,3216852
2023-12-12T08:00:00Z,1.6750,1.6770,1.6610,1.6680,2619280
2023-12-12T09:00:00Z,1.6690,1.6690,1.6540,1.6580,2017555
2023-12-12T10:00:00Z,1.6580,1.6720,1.6570,1.6690,2872798
2023-12-12T11:00:00Z,1.6680,1.6700,1.6490,1.6500,2574006
2023-12-12T12:00:00Z,1.6490,1.6630,1.6430,1.6600,3282447
2023-12-12T13:00:00Z,1.6590,1.6740,1.6470,1.6640,4407841
2023-12-12T14:00:00Z,1.6630,1.6670,1.6340,1.6460,4357890
2023-12-12T15:00:00Z,1.6460,1.6480,1.6080,1.6350,7660561
2023-12-12T16:00:00Z,1.6340,1.6390,1.6170,1.6250,3528734
2023-12-12T17:00:00Z,1.6250,1.6270,1.5910,1.6000,4693247
2023-12-12T18:00:00Z,1.6010,1.6410,1.5970,1.6340,3373142
2023-12-12T19:00:00Z,1.6330,1.6370,1.6150,1.6250,2974358
2023-12-12T20:00:00Z,1.6260,1.6310,1.6050,1.6210,2698209
2023-12-12T21:00:00Z,1.6210,1.6310,1.6030,1.6050,1892780
2023-12-12T22:00:00Z,1.6050,1.6280,1.6000,1.6200,1413341
2023-12-12T23:00:00Z,1.6200,1.6470,1.6200,1.6410,2698455
2023-12-13T00:00:00Z,1.6400,1.6490,1.6330,1.6380,2464028
2023-12-13T01:00:00Z,1.6390,1.6410,1.5860,1.5890,5022801
2023-12-13T02:00:00Z,1.5890,1.6020,1.5670,1.5970,7042754
2023-12-13T03:00:00Z,1.5980,1.6050,1.5830,1.5890,2782910
2023-12-13T04:00:00Z,1.5900,1.6000,1.5730,1.5980,3650110
2023-12-13T05:00:00Z,1.5980,1.5990,1.5820,1.5960,1888281
2023-12-13T06:00:00Z,1.5960,1.6010,1.5560,1.5630,5349938
2023-12-13T07:00:00Z,1.5620,1.5970,1.5500,1.5890,5501511
2023-12-13T08:00:00Z,1.5900,1.6050,1.5890,1.6000,2466789
2023-12-13T09:00:00Z,1.6000,1.6080,1.5960,1.6050,1998589
2023-12-13T10:00:00Z,1.6050,1.6060,1.5880,1.5970,2253290
2023-12-13T11:00:00Z,1.5970,1.6030,1.5830,1.5860,2264496
2023-12-13T12:00:00Z,1.5870,1.6060,1.5840,1.6040,2333050
2023-12-13T13:00:00Z,1.6040,1.6210,1.5980,1.6190,3782939
2023-12-13T14:00:00Z,1.6190,1.6250,1.6090,1.6160,3566126
2023-12-13T15:00:00Z,1.6160,1.6500,1.6160,1.6430,4749172
2023-12-13T16:00:00Z,1.6420,1.6670,1.6280,1.6600,6607266
2023-12-13T17:00:00Z,1.6590,1.6910,1.6590,1.6790,7722920
2023-12-13T18:00:00Z,1.6790,1.7390,1.6790,1.7270,8410075
2023-12-13T19:00:00Z,1.7280,1.8000,1.7280,1.7960,12715799
2023-12-13T20:00:00Z,1.7960,1.8130,1.7590,1.7640,10163616
2023-12-13T21:00:00Z,1.7650,1.7980,1.7570,1.7920,5006626
2023-12-13T22:00:00Z,1.7920,1.8310,1.7920,1.7980,7514700
2023-12-13T23:00:00Z,1.7990,1.8210,1.7970,1.8180,4424293
2023-12-14T00:00:00Z,1.8180,1.8340,1.7960,1.8160,9265288
2023-12-14T01:00:00Z,1.8170,1.8400,1.8050,1.8070,5379857
2023-12-14T02:00:00Z,1.8080,1.8130,1.7890,1.7990,5154778
2023-12-14T03:00:00Z,1.8000,1.8040,1.7710,1.7740,2847301
2023-12-14T04:00:00Z,1.7740,1.7810,1.7480,1.7500,2611553
2023-12-14T05:00:00Z,1.7500,1.7730,1.7470,1.7680,2835247
2023-12-14T06:00:00Z,1.7670,1.7760,1.7610,1.7700,2515250
2023-12-14T07:00:00Z,1.7700,1.7760,1.7640,1.7690,1891763
2023-12-14T08:00:00Z,1.7690,1.7770,1.7540,1.7650,2880392
2023-12-14T09:00:00Z,1.7640,1.7910,1.7610,1.7880,2791017
2023-12-14T10:00:00Z,1.7870,1.8300,1.7860,1.8290,4443503
2023-12-14T11:00:00Z,1.8300,1.8360,1.8120,1.8340,4328067
2023-12-14T12:00:00Z,1.8340,1.8540,1.8130,1.8330,4848470
2023-12-14T13:00:00Z,1.8330,1.8340,1.7520,1.8270,14864173
2023-12-14T14:00:00Z,1.8280,1.8290,1.7840,1.8030,7553863
2023-12-14T15:00:00Z,1.8020,1.8150,1.7830,1.8090,4905108
2023-12-14T16:00:00Z,1.8080,1.8320,1.8000,1.8010,4242521
2023-12-14T17:00:00Z,1.8010,1.8190,1.7880,1.8060,6133949
2023-12-14T18:00:00Z,1.8070,1.8250,1.7880,1.8030,4740166
2023-12-14T19:00:00Z,1.8030,1.8040,1.7810,1.7820,3000104
2023-12-14T20:00:00Z,1.7830,1.7850,1.7690,1.7810,2054030
2023-12-14T21:00:00Z,1.7810,1.7870,1.7710,1.7790,1828560
2023-12-14T22:00:00Z,1.7790,1.7960,1.7750,1.7830,1709945
2023-12-14T23:00:00Z,1.7820,1.8010,1.7800,1.7960,2262176
2023-12-15T00:00:00Z,1.7960,1.8020,1.7620,1.7750,3011406
2023-12-15T01:00:00Z,1.7750,1.7880,1.7650,1.7870,2251358
2023-12-15T02:00:00Z,1.7860,1.7940,1.7750,1.7780,1909821
2023-12-15T03:00:00Z,1.7790,1.7900,1.7700,1.7750,1997125
2023-12-15T04:00:00Z,1.7750,1.7760,1.7380,1.7460,3898952
2023-12-15T05:00:00Z,1.7460,1.7480,1.7260,1.7330,3042606
2023-12-15T06:00:00Z,1.7330,1.7510,1.7300,1.7460,2330667
2023-12-15T07:00:00Z,1.7450,1.7520,1.7340,1.7410,1810407
2023-12-15T08:00:00Z,1.7400,1.7570,1.7310,1.7560,1981983
2023-12-15T09:00:00Z,1.7550,1.7710,1.7520,1.7560,2701992
2023-12-15T10:00:00Z,1.7560,1.7750,1.7500,1.7710,1803673
2023-12-15T11:00:00Z,1.7700,1.7820,1.7650,1.7780,2195966
2023-12-15T12:00:00Z,1.7780,1.7860,1.7600,1.7600,3924026
2023-12-15T13:00:00Z,1.7610,1.7820,1.7450,1.7500,6886321
2023-12-15T14:00:00Z,1.7500,1.7530,1.6870,1.7050,10195866
2023-12-15T15:00:00Z,1.7060,1.7120,1.6820,1.6940,5804843
2023-12-15T16:00:00Z,1.6940,1.7110,1.6850,1.6970,3793428
2023-12-15T17:00:00Z,1.6970,1.7110,1.6930,1.6970,2155274
2023-12-15T18:00:00Z,1.6960,1.7240,1.6950,1.7180,1726793
2023-12-15T19:00:00Z,1.7170,1.7310,1.7130,1.7170,1957675
2023-12-15T20:00:00Z,1.7170,1.7200,1.7040,1.7080,2435038
2023-12-15T21:00:00Z,1.7080,1.7130,1.6990,1.7020,1788252
2023-12-15T22:00:00Z,1.7020,1.7040,1.6690,1.6810,2926036
2023-12-15T23:00:00Z,1.6810,1.6910,1.6550,1.6740,4818837
2023-12-16T00:00:00Z,1.6740,1.6900,1.6560,1.6870,3921381
2023-12-16T01:00:00Z,1.6880,1.7010,1.6860,1.6880,2150220
2023-12-16T02:00:00Z,1.6890,1.7220,1.6880,1.7210,1685842
2023-12-16T03:00:00Z,1.7210,1.7510,1.7180,1.7210,3815965
2023-12-16T04:00:00Z,1.7220,1.7370,1.7140,1.7370,1970876
2023-12-16T05:00:00Z,1.7370,1.7730,1.7350,1.7520,3769329
2023-12-16T06:00:00Z,1.7510,1.7590,1.7430,1.7530,1979660
2023-12-16T07:00:00Z,1.7530,1.7590,1.7380,1.7530,1583871
2023-12-16T08:00:00Z,1.7520,1.7620,1.7410,1.7490,1938692
2023-12-16T09:00:00Z,1.7500,1.7700,1.7500,1.7680,2580688
2023-12-16T10:00:00Z,1.7690,1.7810,1.7640,1.7660,2585820
2023-12-16T11:00:00Z,1.7660,1.7830,1.7600,1.7760,2264340
2023-12-16T12:00:00Z,1.7760,1.7770,1.7640,1.7770,1877033
2023-12-16T13:00:00Z,1.7770,1.7790,1.7590,1.7680,3215498
2023-12-16T14:00:00Z,1.7690,1.7730,1.7610,1.7650,1549587
2023-12-16T15:00:00Z,1.7660,1.7830,1.7530,1.7740,2591225
2023-12-16T16:00:00Z,1.7740,1.7870,1.7700,1.7730,2401312
2023-12-16T17:00:00Z,1.7730,1.7840,1.7630,1.7800,2252913
2023-12-16T18:00:00Z,1.7800,1.7800,1.7540,1.7660,2587037
2023-12-16T19:00:00Z,1.7660,1.7730,1.7320,1.7410,3562335
2023-12-16T20:00:00Z,1.7420,1.7700,1.7400,1.7510,2252174
2023-12-16T21:00:00Z,1.7500,1.7540,1.7380,1.7420,1852752
2023-12-16T22:00:00Z,1.7420,1.7570,1.7330,1.7540,1467033
2023-12-16T23:00:00Z,1.7530,1.7540,1.7400,1.7490,1823650
2023-12-17T00:00:00Z,1.7490,1.7540,1.7340,1.7350,2015216
2023-12-17T01:00:00Z,1.7360,1.7450,1.7200,1.7320,3605164
2023-12-17T02:00:00Z,1.7320,1.7500,1.7280,1.7280,2029290
2023-12-17T03:00:00Z,1.7290,1.7370,1.7150,1.7310,2115330
2023-12-17T04:00:00Z,1.7310,1.7410,1.7300,1.7380,1652912
2023-12-17T05:00:00Z,1.7370,1.7390,1.6900,1.7020,3264445
2023-12-17T06:00:00Z,1.7020,1.7140,1.6740,1.6980,5212906
2023-12-17T07:00:00Z,1.6970,1.7060,1.6870,1.6890,2530212
2023-12-17T08:00:00Z,1.6890,1.7080,1.6830,1.7050,2635289
2023-12-17T09:00:00Z,1.7050,1.7130,1.6950,1.7070,1891182
2023-12-17T10:00:00Z,1.7070,1.7290,1.7000,1.7270,2743598
2023-12-17T11:00:00Z,1.7270,1.7360,1.7170,1.7180,2748276
2023-12-17T12:00:00Z,1.7180,1.7220,1.7090,1.7140,2125676
2023-12-17T13:00:00Z,1.7150,1.7190,1.6930,1.7030,3760595
2023-12-17T14:00:00Z,1.7030,1.7170,1.6880,1.6980,3666725
2023-12-17T15:00:00Z,1.6980,1.7210,1.6910,1.7170,2438458
2023-12-17T16:00:00Z,1.7180,1.7320,1.7090,1.7300,2248701
2023-12-17T17:00:00Z,1.7300,1.7400,1.7220,1.7280,2213548
2023-12-17T18:00:00Z,1.7290,1.7330,1.7050,1.7290,2003137
2023-12-17T19:00:00Z,1.7300,1.7320,1.7170,1.7180,1055493
2023-12-17T20:00:00Z,1.7190,1.7340,1.7160,1.7300,997398
2023-12-17T21:00:00Z,1.7290,1.7310,1.7080,1.7110,1355059
2023-12-17T22:00:00Z,1.7110,1.7130,1.6800,1.6900,1938580
2023-12-17T23:00:00Z,1.6900,1.6900,1.6640,1.6800,3717323
2023-12-18T00:00:00Z,1.6810,1.6960,1.6770,1.6800,2450141
2023-12-18T01:00:00Z,1.6800,1.6890,1.6350,1.6390,6441960
2023-12-18T02:00:00Z,1.6400,1.6520,1.6210,1.6270,3799388
2023-12-18T03:00:00Z,1.6280,1.6470,1.6250,1.6430,2037912
2023-12-18T04:00:00Z,1.6440,1.6520,1.6380,1.6500,1355078
2023-12-18T05:00:00Z,1.6510,1.6540,1.6340,1.6370,1591105
2023-12-18T06:00:00Z,1.6360,1.6500,1.6330,1.6460,1644618
2023-12-18T07:00:00Z,1.6460,1.6490,1.6150,1.6220,3162825
2023-12-18T08:00:00Z,1.6220,1.6350,1.6050,1.6290,3586241
2023-12-18T09:00:00Z,1.6280,1.6290,1.5860,1.6000,8355129
2023-12-18T10:00:00Z,1.5990,1.6020,1.5460,1.5790,12352963
2023-12-18T11:00:00Z,1.5800,1.6030,1.5780,1.6010,4472652
2023-12-18T12:00:00Z,1.6010,1.6030,1.5760,1.5780,2908991
2023-12-18T13:00:00Z,1.5780,1.6150,1.5760,1.6100,3801256
2023-12-18T14:00:00Z,1.6100,1.6250,1.6010,1.6200,3231426
2023-12-18T15:00:00Z,1.6210,1.6230,1.6040,1.6050,2633282
2023-12-18T16:00:00Z,1.6060,1.6120,1.5940,1.6110,3156545
2023-12-18T17:00:00Z,1.6100,1.6220,1.6070,1.6120,1690178
2023-12-18T18:00:00Z,1.6120,1.6140,1.6000,1.6140,1445155
2023-12-18T19:00:00Z,1.6140,1.6250,1.6110,1.6160,1772322
2023-12-18T20:00:00Z,1.6160,1.6310,1.6000,1.6290,2488901
2023-12-18T21:00:00Z,1.6280,1.6560,1.6280,1.6540,3795564
2023-12-18T22:00:00Z,1.6530,1.6550,1.6430,1.6490,1584728
2023-12-18T23:00:00Z,1.6500,1.6530,1.6390,1.6510,1388217
2023-12-19T00:00:00Z,1.6510,1.6570,1.6350,1.6460,2792952
2023-12-19T01:00:00Z,1.6460,1.6740,1.6410,1.6720,2433553
2023-12-19T02:00:00Z,1.6730,1.6770,1.6500,1.6530,3065589
2023-12-19T03:00:00Z,1.6530,1.6540,1.6400,1.6450,1802392
2023-12-19T04:00:00Z,1.6450,1.6510,1.6340,1.6420,1425134
2023-12-19T05:00:00Z,1.6420,1.6510,1.6390,1.6500,1187291
2023-12-19T06:00:00Z,1.6490,1.6550,1.6400,1.6510,1673799
2023-12-19T07:00:00Z,1.6500,1.6710,1.6480,1.6660,2092314
2023-12-19T08:00:00Z,1.6650,1.6690,1.6500,1.6510,1735103
2023-12-19T09:00:00Z,1.6520,1.6600,1.6400,1.6510,2017346
2023-12-19T10:00:00Z,1.6520,1.6590,1.6450,1.6550,1517649
2023-12-19T11:00:00Z,1.6550,1.6580,1.6450,1.6480,1236295
2023-12-19T12:00:00Z,1.6480,1.6530,1.6280,1.6330,2440896
2023-12-19T13:00:00Z,1.6340,1.6470,1.6280,1.6280,1772169
2023-12-19T14:00:00Z,1.6290,1.6300,1.6000,1.6070,5881117
2023-12-19T15:00:00Z,1.6070,1.6240,1.6010,1.6140,3172517
2023-12-19T16:00:00Z,1.6130,1.6220,1.6080,1.6180,2840989
2023-12-19T17:00:00Z,1.6180,1.6190,1.5710,1.5740,5020048
2023-12-19T18:00:00Z,1.5740,1.5950,1.5700,1.5940,2742931
2023-12-19T19:00:00Z,1.5930,1.6070,1.5880,1.5930,2043116
2023-12-19T20:00:00Z,1.5930,1.6000,1.5730,1.5740,2247515
2023-12-19T21:00:00Z,1.5740,1.5990,1.5730,1.5980,1631377
2023-12-19T22:00:00Z,1.5970,1.5980,1.5750,1.5800,1415007
2023-12-19T23:00:00Z,1.5810,1.5940,1.5720,1.5870,2639984
2023-12-20T00:00:00Z,1.5870,1.6070,1.5840,1.6040,2844825
2023-12-20T01:00:00Z,1.6040,1.6070,1.5830,1.5890,2100479
2023-12-20T02:00:00Z,1.5900,1.6070,1.5760,1.6060,2737779
2023-12-20T03:00:00Z,1.6050,1.6080,1.5990,1.6080,1356616
2023-12-20T04:00:00Z,1.6070,1.6250,1.6030,1.6230,2149612
2023-12-20T05:00:00Z,1.6230,1.6260,1.6160,1.6240,1716629
2023-12-20T06:00:00Z,1.6250,1.6300,1.6140,1.6150,2060519
2023-12-20T07:00:00Z,1.6160,1.6240,1.6050,1.6230,2237518
2023-12-20T08:00:00Z,1.6220,1.6270,1.6150,1.6220,1809013
2023-12-20T09:00:00Z,1.6220,1.6290,1.6170,1.6240,1749692
2023-12-20T10:00:00Z,1.6240,1.6250,1.6120,1.6190,1644513
2023-12-20T11:00:00Z,1.6200,1.6260,1.6080,1.6230,2250922
2023-12-20T12:00:00Z,1.6220,1.6400,1.6120,1.6360,2377433
2023-12-20T13:00:00Z,1.6360,1.6480,1.6290,1.6470,3664198
2023-12-20T14:00:00Z,1.6470,1.6600,1.6360,1.6480,4524334
2023-12-20T15:00:00Z,1.6490,1.6650,1.6410,1.6540,4223063
2023-12-20T16:00:00Z,1.6530,1.6560,1.6210,1.6310,4229895
2023-12-20T17:00:00Z,1.6310,1.6620,1.6290,1.6600,3231231
2023-12-20T18:00:00Z,1.6600,1.6620,1.6510,1.6530,1880584
2023-12-20T19:00:00Z,1.6530,1.6560,1.6330,1.6340,2046799
2023-12-20T20:00:00Z,1.6340,1.6380,1.5980,1.6110,6160859
2023-12-20T21:00:00Z,1.6120,1.6280,1.6020,1.6110,2312684
2023-12-20T22:00:00Z,1.6110,1.6260,1.6090,1.6220,1233008
2023-12-20T23:00:00Z,1.6210,1.6260,1.6150,1.6250,1764641
2023-12-21T00:00:00Z,1.6240,1.6330,1.6180,1.6240,2207056
2023-12-21T01:00:00Z,1.6250,1.6400,1.6190,1.6380,2383644
2023-12-21T02:00:00Z,1.6370,1.6640,1.6330,1.6490,3157261
2023-12-21T03:00:00Z,1.6480,1.6490,1.6360,1.6380,1718311
2023-12-21T04:00:00Z,1.6390,1.6440,1.6350,1.6440,1178524
2023-12-21T05:00:00Z,1.6430,1.6490,1.6210,1.6250,1900924
2023-12-21T06:00:00Z,1.6260,1.6430,1.6220,1.6420,1779618
2023-12-21T07:00:00Z,1.6430,1.6470,1.6390,1.6420,1007508
2023-12-21T08:00:00Z,1.6420,1.6580,1.6370,1.6420,2256168
2023-12-21T09:00:00Z,1.6410,1.6480,1.6300,1.6460,2121329
2023-12-21T10:00:00Z,1.6460,1.6580,1.6460,1.6550,2414660
2023-12-21T11:00:00Z,1.6550,1.6640,1.6540,1.6580,1976033
2023-12-21T12:00:00Z,1.6570,1.6640,1.6460,1.6500,3508132
2023-12-21T13:00:00Z,1.6500,1.6520,1.6420,1.6500,2074979
2023-12-21T14:00:00Z,1.6500,1.6530,1.6180,1.6210,5326303
2023-12-21T15:00:00Z,1.6210,1.6320,1.6100,1.6310,3328640
2023-12-21T16:00:00Z,1.6300,1.6410,1.6280,1.6400,2253448
2023-12-21T17:00:00Z,1.6400,1.6490,1.6270,1.6380,2602797
2023-12-21T18:00:00Z,1.6380,1.6470,1.6300,1.6360,2345094
2023-12-21T19:00:00Z,1.6360,1.6450,1.6310,1.6430,2101803
2023-12-21T20:00:00Z,1.6430,1.6560,1.6420,1.6550,2460246
2023-12-21T21:00:00Z,1.6550,1.6560,1.6390,1.6560,2335828
2023-12-21T22:00:00Z,1.6550,1.6690,1.6480,1.6670,1489985
2023-12-21T23:00:00Z,1.6670,1.6830,1.6640,1.6770,3687995
2023-12-22T00:00:00Z,1.6770,1.6900,1.6710,1.6890,3041117
2023-12-22T01:00:00Z,1.6890,1.7120,1.6870,1.7080,3247110
2023-12-22T02:00:00Z,1.7080,1.7180,1.6820,1.6880,4007167
2023-12-22T03:00:00Z,1.6880,1.6910,1.6710,1.6810,2252076
2023-12-22T04:00:00Z,1.6820,1.6910,1.6760,1.6900,1986127
2023-12-22T05:00:00Z,1.6890,1.7030,1.6880,1.6920,1956466
2023-12-22T06:00:00Z,1.6920,1.6970,1.6530,1.6650,6173161
2023-12-22T07:00:00Z,1.6650,1.6750,1.6400,1.6640,6756952
2023-12-22T08:00:00Z,1.6630,1.6840,1.6620,1.6700,4026693
2023-12-22T09:00:00Z,1.6700,1.6850,1.6450,1.6700,5141101
2023-12-22T10:00:00Z,1.6700,1.6860,1.6610,1.6820,2232734
2023-12-22T11:00:00Z,1.6810,1.6970,1.6780,1.6930,1839028
2023-12-22T12:00:00Z,1.6920,1.7000,1.6790,1.6850,3233627
2023-12-22T13:00:00Z,1.6850,1.7060,1.6800,1.7050,2784913
2023-12-22T14:00:00Z,1.7050,1.7070,1.6720,1.6980,4267518
2023-12-22T15:00:00Z,1.6970,1.7160,1.6920,1.7030,3117630
2023-12-22T16:00:00Z,1.7020,1.7050,1.6820,1.6890,2415526
2023-12-22T17:00:00Z,1.6900,1.7050,1.6890,1.6980,1403597
2023-12-22T18:00:00Z,1.6980,1.7130,1.6960,1.7090,1781693
2023-12-22T19:00:00Z,1.7080,1.7090,1.6910,1.6950,1729614
2023-12-22T20:00:00Z,1.6960,1.7240,1.6950,1.7170,2474580
2023-12-22T21:00:00Z,1.7160,1.7270,1.7060,1.7100,2101972
2023-12-22T22:00:00Z,1.7100,1.7200,1.7070,1.7170,1450838
2023-12-22T23:00:00Z,1.7170,1.7280,1.7120,1.7220,1516096
2023-12-23T00:00:00Z,1.7220,1.7360,1.7070,1.7080,3782064
2023-12-23T01:00:00Z,1.7080,1.7180,1.6830,1.6860,3711609
2023-12-23T02:00:00Z,1.6860,1.7020,1.6730,1.6760,3237077
2023-12-23T03:00:00Z,1.6760,1.6890,1.6610,1.6680,2600212
2023-12-23T04:00:00Z,1.6690,1.6750,1.6560,1.6730,3858430
2023-12-23T05:00:00Z,1.6730,1.6830,1.6660,1.6810,1815868
2023-12-23T06:00:00Z,1.6810,1.6900,1.6770,1.6830,1916176
2023-12-23T07:00:00Z,1.6830,1.6870,1.6710,1.6810,1690724
2023-12-23T08:00:00Z,1.6820,1.7290,1.6790,1.7220,3863772
2023-12-23T09:00:00Z,1.7220,1.7300,1.7050,1.7120,3329421
2023-12-23T10:00:00Z,1.7110,1.7140,1.7050,1.7070,1521377
2023-12-23T11:00:00Z,1.7080,1.7120,1.6980,1.7060,1428209
2023-12-23T12:00:00Z,1.7070,1.7190,1.7030,1.7090,2274059
2023-12-23T13:00:00Z,1.7090,1.7130,1.6950,1.7070,1799849
2023-12-23T14:00:00Z,1.7070,1.7080,1.6980,1.7050,1455577
2023-12-23T15:00:00Z,1.7050,1.7080,1.6910,1.6920,1713282
2023-12-23T16:00:00Z,1.6930,1.6970,1.6830,1.6930,2526045
2023-12-23T17:00:00Z,1.6920,1.7010,1.6910,1.6940,1453317
2023-12-23T18:00:00Z,1.6930,1.7030,1.6840,1.6990,1476671
2023-12-23T19:00:00Z,1.6990,1.7030,1.6820,1.6880,1782097
2023-12-23T20:00:00Z,1.6880,1.6970,1.6830,1.6950,1964757
2023-12-23T21:00:00Z,1.6950,1.7040,1.6870,1.7040,1577972
2023-12-23T22:00:00Z,1.7040,1.7120,1.6970,1.7070,1449924
2023-12-23T23:00:00Z,1.7080,1.7160,1.7030,1.7090,2403097
2023-12-24T00:00:00Z,1.7100,1.7120,1.6760,1.6910,4300808
2023-12-24T01:00:00Z,1.6920,1.7160,1.6890,1.7140,2606030
2023-12-24T02:00:00Z,1.7140,1.7270,1.7030,1.7110,3032261
2023-12-24T03:00:00Z,1.7110,1.7150,1.7010,1.7140,2042222
2023-12-24T04:00:00Z,1.7150,1.7220,1.7010,1.7060,2085758
2023-12-24T05:00:00Z,1.7070,1.7090,1.6540,1.6710,6455257
2023-12-24T06:00:00Z,1.6720,1.6760,1.6500,1.6680,4996532
2023-12-24T07:00:00Z,1.6690,1.6930,1.6650,1.6920,2548307
2023-12-24T08:00:00Z,1.6910,1.6950,1.6820,1.6850,2018476
2023-12-24T09:00:00Z,1.6860,1.7050,1.6810,1.6990,2718968
2023-12-24T10:00:00Z,1.6980,1.7030,1.6660,1.6820,4374366
2023-12-24T11:00:00Z,1.6820,1.7040,1.6800,1.6960,2794304
2023-12-24T12:00:00Z,1.6960,1.7090,1.6870,1.7080,2942552
2023-12-24T13:00:00Z,1.7080,1.7100,1.7010,1.7050,2279904
2023-12-24T14:00:00Z,1.7050,1.7410,1.7030,1.7120,5469492
2023-12-24T15:00:00Z,1.7110,1.7270,1.7050,1.7100,4662248
2023-12-24T16:00:00Z,1.7110,1.7230,1.7020,1.7150,2968888
2023-12-24T17:00:00Z,1.7160,1.7240,1.7060,1.7150,2342462
2023-12-24T18:00:00Z,1.7150,1.7310,1.7130,1.7270,1829016
2023-12-24T19:00:00Z,1.7260,1.7350,1.7200,1.7290,3398887
2023-12-24T20:00:00Z,1.7290,1.7410,1.6960,1.7080,4668377
2023-12-24T21:00:00Z,1.7090,1.7250,1.7050,1.7120,2533063
2023-12-24T22:00:00Z,1.7120,1.7160,1.6560,1.6850,8424884
2023-12-24T23:00:00Z,1.6850,1.7170,1.6840,1.7050,2745365
2023-12-25T00:00:00Z,1.7050,1.7200,1.6920,1.7150,4258754
2023-12-25T01:00:00Z,1.7150,1.7510,1.7150,1.7340,8654844
2023-12-25T02:00:00Z,1.7340,1.7390,1.7050,1.7250,3085512
2023-12-25T03:00:00Z,1.7260,1.7330,1.7120,1.7150,2213122
2023-12-25T04:00:00Z,1.7160,1.7340,1.7150,1.7290,2456240
2023-12-25T05:00:00Z,1.7280,1.7380,1.7240,1.7360,1692058
2023-12-25T06:00:00Z,1.7350,1.7500,1.7310,1.7470,2765373
2023-12-25T07:00:00Z,1.7470,1.7700,1.7380,1.7520,7377741
2023-12-25T08:00:00Z,1.7510,1.7620,1.7300,1.7350,3539249
2023-12-25T09:00:00Z,1.7350,1.7580,1.7330,1.7470,3102212
2023-12-25T10:00:00Z,1.7470,1.7830,1.7400,1.7780,3805997
2023-12-25T11:00:00Z,1.7790,1.7980,1.7650,1.7970,4396106
2023-12-25T12:00:00Z,1.7960,1.8210,1.7770,1.8130,5202280
2023-12-25T13:00:00Z,1.8130,1.8180,1.7910,1.7970,3811003
2023-12-25T14:00:00Z,1.7970,1.8320,1.7810,1.8290,4095686
2023-12-25T15:00:00Z,1.8300,1.8300,1.8060,1.8110,4052540
2023-12-25T16:00:00Z,1.8120,1.8300,1.8000,1.8200,5043804
2023-12-25T17:00:00Z,1.8200,1.8390,1.8110,1.8200,3518668
2023-12-25T18:00:00Z,1.8200,1.8380,1.8090,1.8200,3232993
2023-12-25T19:00:00Z,1.8200,1.8200,1.7950,1.7970,3068019
2023-12-25T20:00:00Z,1.7970,1.7990,1.7660,1.7890,5177422
2023-12-25T21:00:00Z,1.7900,1.7950,1.7750,1.7940,2724754
2023-12-25T22:00:00Z,1.7930,1.8140,1.7880,1.8120,2182644
2023-12-25T23:00:00Z,1.8110,1.8140,1.7980,1.8000,1853809
2023-12-26T00:00:00Z,1.8000,1.8050,1.7840,1.7930,3060270
2023-12-26T01:00:00Z,1.7940,1.8130,1.7810,1.7950,2846104
2023-12-26T02:00:00Z,1.7940,1.8190,1.7910,1.8090,2193601
2023-12-26T03:00:00Z,1.8090,1.8290,1.8030,1.8150,2692948
2023-12-26T04:00:00Z,1.8150,1.8210,1.8090,1.8190,1423760
2023-12-26T05:00:00Z,1.8190,1.8200,1.7340,1.7510,11442262
2023-12-26T06:00:00Z,1.7510,1.7600,1.7280,1.7370,7422830
2023-12-26T07:00:00Z,1.7360,1.7650,1.7220,1.7560,3735984
2023-12-26T08:00:00Z,1.7550,1.7620,1.7170,1.7470,4940763
2023-12-26T09:00:00Z,1.7470,1.7490,1.7220,1.7360,4104179
2023-12-26T10:00:00Z,1.7360,1.7590,1.7310,1.7540,3207327
2023-12-26T11:00:00Z,1.7530,1.7660,1.7410,1.7620,2728677
2023-12-26T12:00:00Z,1.7620,1.7670,1.7520,1.7650,2503923
2023-12-26T13:00:00Z,1.7660,1.7810,1.7600,1.7600,4109697
2023-12-26T14:00:00Z,1.7600,1.7730,1.7510,1.7550,4889314
2023-12-26T15:00:00Z,1.7550,1.7560,1.7170,1.7220,6750156
2023-12-26T16:00:00Z,1.7210,1.7370,1.7150,1.7290,5394531
2023-12-26T17:00:00Z,1.7290,1.7310,1.5720,1.6630,20260818
2023-12-26T18:00:00Z,1.6640,1.6720,1.6370,1.6690,5898515
2023-12-26T19:00:00Z,1.6680,1.6830,1.6600,1.6750,2748145
2023-12-26T20:00:00Z,1.6740,1.6920,1.6710,1.6850,2138904
2023-12-26T21:00:00Z,1.6850,1.6940,1.6800,1.6880,2162089
2023-12-26T22:00:00Z,1.6870,1.7050,1.6860,1.7020,1533853
2023-12-26T23:00:00Z,1.7010,1.7240,1.7000,1.7130,3518722
2023-12-27T00:00:00Z,1.7120,1.7430,1.7040,1.7240,4270294
2023-12-27T01:00:00Z,1.7240,1.7340,1.7060,1.7110,3048088
2023-12-27T02:00:00Z,1.7120,1.7120,1.6640,1.6700,5015190
2023-12-27T03:00:00Z,1.6690,1.6840,1.6550,1.6710,3456542
2023-12-27T04:00:00Z,1.6700,1.6870,1.6700,1.6790,2229895
2023-12-27T05:00:00Z,1.6790,1.6950,1.6740,1.6920,2942219
2023-12-27T06:00:00Z,1.6910,1.7240,1.6880,1.7100,3949900
2023-12-27T07:00:00Z,1.7100,1.7340,1.6980,1.7130,4483412
2023-12-27T08:00:00Z,1.7130,1.7400,1.6990,1.7370,5033685
2023-12-27T09:00:00Z,1.7370,1.7560,1.7340,1.7520,3510577
2023-12-27T10:00:00Z,1.7520,1.7650,1.7470,1.7530,4126695
2023-12-27T11:00:00Z,1.7530,1.7640,1.7490,1.7600,3490809
2023-12-27T12:00:00Z,1.7590,1.7600,1.7450,1.7570,4240226
2023-12-27T13:00:00Z,1.7580,1.7640,1.7450,1.7540,3966434
2023-12-27T14:00:00Z,1.7540,1.7800,1.7320,1.7620,9077039
2023-12-27T15:00:00Z,1.7620,1.7750,1.7500,1.7640,5373976
2023-12-27T16:00:00Z,1.7640,1.7730,1.7430,1.7510,5175636
2023-12-27T17:00:00Z,1.7520,1.7580,1.7380,1.7540,3310588
2023-12-27T18:00:00Z,1.7540,1.7650,1.7480,1.7600,2477373
2023-12-27T19:00:00Z,1.7600,1.7760,1.7540,1.7720,2683836
2023-12-27T20:00:00Z,1.7710,1.7810,1.7630,1.7680,2407751
2023-12-27T21:00:00Z,1.7670,1.7680,1.7530,1.7540,2344239
2023-12-27T22:00:00Z,1.7550,1.7650,1.7290,1.7400,2465301
2023-12-27T23:00:00Z,1.7410,1.7760,1.7400,1.7740,3788531
2023-12-28T00:00:00Z,1.7740,1.8160,1.7730,1.8110,6614519
2023-12-28T01:00:00Z,1.8100,1.8150,1.7800,1.8010,3704297
2023-12-28T02:00:00Z,1.8010,1.8030,1.7700,1.7760,3858072
2023-12-28T03:00:00Z,1.7770,1.7920,1.7740,1.7860,2489406
2023-12-28T04:00:00Z,1.7860,1.7970,1.7700,1.7740,2541301
2023-12-28T05:00:00Z,1.7740,1.7790,1.7530,1.7550,3586239
2023-12-28T06:00:00Z,1.7560,1.7650,1.7320,1.7390,4127190
2023-12-28T07:00:00Z,1.7390,1.7540,1.7340,1.7540,4488596
2023-12-28T08:00:00Z,1.7540,1.7640,1.7480,1.7520,2556632
2023-12-28T09:00:00Z,1.7510,1.7650,1.7460,1.7500,3010165
2023-12-28T10:00:00Z,1.7500,1.7700,1.7460,1.7650,2812035
2023-12-28T11:00:00Z,1.7640,1.7740,1.7570,1.7740,2094751
2023-12-28T12:00:00Z,1.7740,1.7750,1.7130,1.7200,6434716
2023-12-28T13:00:00Z,1.7200,1.7380,1.6910,1.7250,5564685
2023-12-28T14:00:00Z,1.7250,1.7270,1.6770,1.6990,8624989
2023-12-28T15:00:00Z,1.7000,1.7220,1.6960,1.7160,4797167
2023-12-28T16:00:00Z,1.7160,1.7290,1.7020,1.7270,3695265
2023-12-28T17:00:00Z,1.7280,1.7380,1.7140,1.7190,2157634
2023-12-28T18:00:00Z,1.7190,1.7260,1.7060,1.7090,2205373
2023-12-28T19:00:00Z,1.7090,1.7240,1.7060,1.7140,1241617
2023-12-28T20:00:00Z,1.7140,1.7150,1.6870,1.7040,2440690
2023-12-28T21:00:00Z,1.7030,1.7120,1.6810,1.6920,2159384
2023-12-28T22:00:00Z,1.6920,1.7030,1.6860,1.7020,1330842
2023-12-28T23:00:00Z,1.7030,1.7080,1.6910,1.6950,1535974
2023-12-29T00:00:00Z,1.6960,1.7120,1.6660,1.6780,4377033
2023-12-29T01:00:00Z,1.6770,1.6950,1.6510,1.6730,6495816
2023-12-29T02:00:00Z,1.6740,1.7040,1.6690,1.7030,1999764
2023-12-29T03:00:00Z,1.7030,1.7210,1.6970,1.7110,1640175
2023-12-29T04:00:00Z,1.7110,1.7180,1.7050,1.7160,1290980
2023-12-29T05:00:00Z,1.7150,1.7220,1.7040,1.7210,1330046
2023-12-29T06:00:00Z,1.7210,1.7270,1.7150,1.7250,1585147
2023-12-29T07:00:00Z,1.7260,1.7320,1.6970,1.7040,3872153
2023-12-29T08:00:00Z,1.7040,1.7490,1.7020,1.7440,3058014
2023-12-29T09:00:00Z,1.7440,1.7680,1.7380,1.7570,4187652
2023-12-29T10:00:00Z,1.7560,1.7630,1.7390,1.7420,3212460
2023-12-29T11:00:00Z,1.7430,1.7550,1.7400,1.7510,1605988
2023-12-29T12:00:00Z,1.7500,1.7540,1.7330,1.7370,2340886
2023-12-29T13:00:00Z,1.7380,1.7480,1.7290,1.7420,2168871
2023-12-29T14:00:00Z,1.7420,1.7470,1.7290,1.7420,2424130
2023-12-29T15:00:00Z,1.7420,1.7420,1.6840,1.7010,6666117
2023-12-29T16:00:00Z,1.7010,1.7040,1.6630,1.6650,8714011
2023-12-29T17:00:00Z,1.6640,1.6820,1.6600,1.6720,3506866
2023-12-29T18:00:00Z,1.6710,1.6820,1.6690,1.6790,1476178
2023-12-29T19:00:00Z,1.6800,1.6850,1.6710,1.6820,1352553
2023-12-29T20:00:00Z,1.6820,1.6820,1.6620,1.6690,1522808
2023-12-29T21:00:00Z,1.6690,1.6800,1.6580,1.6640,2142105
2023-12-29T22:00:00Z,1.6640,1.6650,1.6310,1.6630,3135416
2023-12-29T23:00:00Z,1.6630,1.6710,1.6500,1.6690,2274281
2023-12-30T00:00:00Z,1.6700,1.6770,1.6630,1.6760,1286240
2023-12-30T01:00:00Z,1.6760,1.6830,1.6710,1.6770,1155149
2023-12-30T02:00:00Z,1.6780,1.6790,1.6500,1.6540,1633742
2023-12-30T03:00:00Z,1.6550,1.6640,1.6480,1.6560,1548963
2023-12-30T04:00:00Z,1.6560,1.6630,1.6530,1.6580,1332055
2023-12-30T05:00:00Z,1.6570,1.6700,1.6550,1.6700,1392468
2023-12-30T06:00:00Z,1.6690,1.6740,1.6660,1.6720,1201826
2023-12-30T07:00:00Z,1.6710,1.6750,1.6570,1.6610,1584257
2023-12-30T08:00:00Z,1.6620,1.6620,1.6270,1.6350,4197130
2023-12-30T09:00:00Z,1.6360,1.6540,1.6300,1.6380,2517585
2023-12-30T10:00:00Z,1.6380,1.6430,1.6320,1.6410,1546078
2023-12-30T11:00:00Z,1.6410,1.6480,1.6390,1.6450,1209928
2023-12-30T12:00:00Z,1.6450,1.6520,1.6390,1.6420,1553670
2023-12-30T13:00:00Z,1.6410,1.6450,1.6330,1.6380,1478338
2023-12-30T14:00:00Z,1.6390,1.6530,1.6380,1.6520,1956834
2023-12-30T15:00:00Z,1.6510,1.6620,1.6440,1.6600,2270951
2023-12-30T16:00:00Z,1.6590,1.6660,1.6500,1.6560,2151530
2023-12-30T17:00:00Z,1.6550,1.6680,1.6510,1.6620,1521124
2023-12-30T18:00:00Z,1.6620,1.6640,1.6430,1.6450,1734502
2023-12-30T19:00:00Z,1.6450,1.6550,1.6430,1.6460,1114488
2023-12-30T20:00:00Z,1.6460,1.6530,1.6360,1.6430,1646083
2023-12-30T21:00:00Z,1.6430,1.6500,1.6400,1.6480,1185187
2023-12-30T22:00:00Z,1.6490,1.6510,1.6320,1.6400,1142916
2023-12-30T23:00:00Z,1.6400,1.6550,1.6390,1.6530,1884237
2023-12-31T00:00:00Z,1.6530,1.6610,1.6430,1.6570,1549863
2023-12-31T01:00:00Z,1.6570,1.6620,1.6450,1.6480,1499245
2023-12-31T02:00:00Z,1.6490,1.6530,1.6180,1.6310,2188247
2023-12-31T03:00:00Z,1.6320,1.6340,1.6150,1.6270,2045759
2023-12-31T04:00:00Z,1.6280,1.6400,1.6240,1.6340,1578388
2023-12-31T05:00:00Z,1.6350,1.6390,1.6300,1.6320,988407
2023-12-31T06:00:00Z,1.6320,1.6470,1.6250,1.6440,1619450
2023-12-31T07:00:00Z,1.6440,1.6670,1.6430,1.6640,2038383
2023-12-31T08:00:00Z,1.6640,1.6650,1.6550,1.6570,1624603
2023-12-31T09:00:00Z,1.6580,1.6690,1.6560,1.6640,1708201
2023-12-31T10:00:00Z,1.6640,1.6670,1.6570,1.6590,1197868
2023-12-31T11:00:00Z,1.6600,1.6630,1.6540,1.6560,1110312
2023-12-31T12:00:00Z,1.6570,1.6710,1.6470,1.6520,2700306
2023-12-31T13:00:00Z,1.6520,1.6650,1.6420,1.6580,2157608
2023-12-31T14:00:00Z,1.6580,1.6650,1.6540,1.6620,1160869
2023-12-31T15:00:00Z,1.6620,1.6740,1.6530,1.6570,2411057
2023-12-31T16:00:00Z,1.6580,1.6670,1.6540,1.6630,1325585
2023-12-31T17:00:00Z,1.6630,1.6660,1.6500,1.6620,1878143
2023-12-31T18:00:00Z,1.6630,1.6650,1.6510,1.6620,1703535
2023-12-31T19:00:00Z,1.6620,1.6630,1.6480,1.6510,1192679
2023-12-31T20:00:00Z,1.6510,1.6570,1.6360,1.6390,3207011
2023-12-31T21:00:00Z,1.6400,1.6680,1.6380,1.6600,1654679
2023-12-31T22:00:00Z,1.6600,1.6640,1.5830,1.6160,4802936
2023-12-31T23:00:00Z,1.6150,1.6320,1.6100,1.6230,3978726
2024-01-01T00:00:00Z,1.6230,1.6460,1.6200,1.6420,2325690
2024-01-01T01:00:00Z,1.6430,1.6470,1.6350,1.6410,1162802
2024-01-01T02:00:00Z,1.6410,1.6430,1.6210,1.6240,1351984
2024-01-01T03:00:00Z,1.6240,1.6260,1.5960,1.5970,3038366
2024-01-01T04:00:00Z,1.5970,1.6040,1.5810,1.6020,3613794
2024-01-01T05:00:00Z,1.6020,1.6120,1.5970,1.5990,1815822
2024-01-01T06:00:00Z,1.5990,1.6100,1.5960,1.6070,1204521
2024-01-01T07:00:00Z,1.6060,1.6270,1.6040,1.6270,2179134
2024-01-01T08:00:00Z,1.6270,1.6300,1.6160,1.6230,1322065
2024-01-01T09:00:00Z,1.6230,1.6290,1.6170,1.6240,1124822
2024-01-01T10:00:00Z,1.6230,1.6320,1.6200,1.6310,1813176
2024-01-01T11:00:00Z,1.6300,1.6350,1.6240,1.6340,1207748
2024-01-01T12:00:00Z,1.6340,1.6420,1.6310,1.6390,1246339
2024-01-01T13:00:00Z,1.6390,1.6460,1.6370,1.6440,1195029
2024-01-01T14:00:00Z,1.6430,1.6500,1.6340,1.6360,2007216
2024-01-01T15:00:00Z,1.6370,1.6560,1.6330,1.6530,2027224
2024-01-01T16:00:00Z,1.6530,1.6660,1.6460,1.6640,2542910
2024-01-01T17:00:00Z,1.6640,1.6980,1.6580,1.6770,5684463
2024-01-01T18:00:00Z,1.6770,1.6890,1.6730,1.6800,3105733
2024-01-01T19:00:00Z,1.6800,1.6920,1.6760,1.6890,1463167
2024-01-01T20:00:00Z,1.6890,1.7000,1.6890,1.6940,1767772
2024-01-01T21:00:00Z,1.6950,1.6960,1.6800,1.6850,1829439
2024-01-01T22:00:00Z,1.6850,1.6960,1.6780,1.6960,1006048
2024-01-01T23:00:00Z,1.6950,1.7030,1.6910,1.7010,1662176
2024-01-02T00:00:00Z,1.7020,1.7210,1.6920,1.7190,3864557
2024-01-02T01:00:00Z,1.7190,1.7360,1.7140,1.7230,3649218
2024-01-02T02:00:00Z,1.7240,1.7510,1.7220,1.7490,2261388
2024-01-02T03:00:00Z,1.7490,1.7530,1.7330,1.7460,2003186
2024-01-02T04:00:00Z,1.7460,1.7480,1.7330,1.7350,1968134
2024-01-02T05:00:00Z,1.7350,1.7370,1.7220,1.7270,1512796
2024-01-02T06:00:00Z,1.7280,1.7380,1.7230,1.7250,1572888
2024-01-02T07:00:00Z,1.7250,1.7300,1.7150,1.7180,1619731
2024-01-02T08:00:00Z,1.7180,1.7340,1.7140,1.7270,2558943
2024-01-02T09:00:00Z,1.7270,1.7630,1.7230,1.7500,5556676
2024-01-02T10:00:00Z,1.7490,1.7570,1.7370,1.7440,3004866
2024-01-02T11:00:00Z,1.7430,1.7470,1.7270,1.7360,2842841
2024-01-02T12:00:00Z,1.7370,1.7510,1.7230,1.7250,3202930
2024-01-02T13:00:00Z,1.7250,1.7550,1.7210,1.7380,2571708
2024-01-02T14:00:00Z,1.7380,1.7440,1.6900,1.7020,5670638
2024-01-02T15:00:00Z,1.7010,1.7110,1.6770,1.7020,5750635
2024-01-02T16:00:00Z,1.7020,1.7150,1.6870,1.7140,2726776
2024-01-02T17:00:00Z,1.7150,1.7160,1.6840,1.6950,2232692
2024-01-02T18:00:00Z,1.6960,1.7030,1.6900,1.6960,1275387
2024-01-02T19:00:00Z,1.6950,1.7040,1.6810,1.6890,2241127
2024-01-02T20:00:00Z,1.6880,1.7030,1.6720,1.6730,3006219
2024-01-02T21:00:00Z,1.6740,1.6910,1.6580,1.6910,3421375
2024-01-02T22:00:00Z,1.6900,1.7040,1.6850,1.6980,1857546
2024-01-02T23:00:00Z,1.6980,1.7020,1.6820,1.6920,2167559
2024-01-03T00:00:00Z,1.6920,1.7150,1.6900,1.7110,3294018
2024-01-03T01:00:00Z,1.7110,1.7270,1.7080,1.7250,1687006
2024-01-03T02:00:00Z,1.7250,1.7380,1.7220,1.7360,2072180
2024-01-03T03:00:00Z,1.7350,1.7400,1.7230,1.7350,2109842
2024-01-03T04:00:00Z,1.7340,1.7440,1.7280,1.7370,2464823
2024-01-03T05:00:00Z,1.7360,1.7400,1.7300,1.7330,1425519
2024-01-03T06:00:00Z,1.7340,1.7450,1.7330,1.7380,1580422
2024-01-03T07:00:00Z,1.7380,1.7400,1.7120,1.7190,3134180
2024-01-03T08:00:00Z,1.7200,1.7420,1.7190,1.7400,1593869
2024-01-03T09:00:00Z,1.7400,1.7580,1.7390,1.7480,2334053
2024-01-03T10:00:00Z,1.7480,1.7550,1.7320,1.7390,3621695
2024-01-03T11:00:00Z,1.7390,1.7420,1.6500,1.6660,11908567
2024-01-03T12:00:00Z,1.6650,1.6670,1.2420,1.5390,35882005
2024-01-03T13:00:00Z,1.5390,1.5430,1.5070,1.5240,11386785
2024-01-03T14:00:00Z,1.5250,1.5270,1.4670,1.4760,11455575
2024-01-03T15:00:00Z,1.4760,1.5230,1.4720,1.5220,7980373
2024-01-03T16:00:00Z,1.5230,1.5270,1.4800,1.4980,8675663
2024-01-03T17:00:00Z,1.4980,1.5020,1.4620,1.4720,5033773
2024-01-03T18:00:00Z,1.4720,1.4780,1.4110,1.4350,6618930
2024-01-03T19:00:00Z,1.4350,1.4630,1.4340,1.4410,4312078
2024-01-03T20:00:00Z,1.4420,1.4780,1.4390,1.4750,2964248
2024-01-03T21:00:00Z,1.4760,1.4890,1.4700,1.4830,2484670
2024-01-03T22:00:00Z,1.4840,1.4850,1.4570,1.4710,1784129
2024-01-03T23:00:00Z,1.4710,1.4710,1.4510,1.4580,1876683
2024-01-04T00:00:00Z,1.4570,1.4700,1.4510,1.4630,3077565
2024-01-04T01:00:00Z,1.4630,1.4670,1.4250,1.4420,5146931
2024-01-04T02:00:00Z,1.4410,1.4790,1.4390,1.4760,2218024
2024-01-04T03:00:00Z,1.4750,1.4920,1.4690,1.4870,2134273
2024-01-04T04:00:00Z,1.4860,1.4900,1.4760,1.4840,3002292
2024-01-04T05:00:00Z,1.4850,1.4990,1.4800,1.4900,2433831
2024-01-04T06:00:00Z,1.4900,1.5040,1.4850,1.4930,2317967
2024-01-04T07:00:00Z,1.4930,1.5000,1.4780,1.4850,2913838
2024-01-04T08:00:00Z,1.4850,1.4950,1.4730,1.4930,3652131
2024-01-04T09:00:00Z,1.4920,1.4980,1.4850,1.4900,2668624
2024-01-04T10:00:00Z,1.4910,1.4960,1.4680,1.4880,3960293
2024-01-04T11:00:00Z,1.4890,1.4910,1.4750,1.4840,3409106
2024-01-04T12:00:00Z,1.4850,1.5040,1.4780,1.4900,4311190
2024-01-04T13:00:00Z,1.4900,1.5020,1.4800,1.4940,3380448
2024-01-04T14:00:00Z,1.4930,1.5100,1.4830,1.5050,3456690
2024-01-04T15:00:00Z,1.5050,1.5300,1.4990,1.5240,4283907
2024-01-04T16:00:00Z,1.5230,1.5270,1.4900,1.5050,5153930
2024-01-04T17:00:00Z,1.5050,1.5130,1.4950,1.5020,1843553
2024-01-04T18:00:00Z,1.5010,1.5140,1.4990,1.5070,1368064
2024-01-04T19:00:00Z,1.5070,1.5200,1.5050,1.5110,2946077
2024-01-04T20:00:00Z,1.5110,1.5330,1.5090,1.5140,2359291
2024-01-04T21:00:00Z,1.5150,1.5240,1.5000,1.5040,2263497
2024-01-04T22:00:00Z,1.5050,1.5220,1.5010,1.5100,1458217
2024-01-04T23:00:00Z,1.5100,1.5190,1.5020,1.5160,1308294
2024-01-05T00:00:00Z,1.5160,1.5300,1.5090,1.5160,2376705
2024-01-05T01:00:00Z,1.5160,1.5250,1.4020,1.4750,9829792
2024-01-05T02:00:00Z,1.4760,1.4900,1.4580,1.4620,3480737
2024-01-05T03:00:00Z,1.4620,1.4770,1.4490,1.4580,2903807
2024-01-05T04:00:00Z,1.4570,1.4690,1.4390,1.4660,3390603
2024-01-05T05:00:00Z,1.4660,1.4730,1.4630,1.4690,1319472
2024-01-05T06:00:00Z,1.4690,1.4740,1.4510,1.4570,2387679
2024-01-05T07:00:00Z,1.4580,1.4650,1.4440,1.4650,2300496
2024-01-05T08:00:00Z,1.4650,1.4710,1.4480,1.4540,1807087
2024-01-05T09:00:00Z,1.4540,1.4670,1.4530,1.4630,2038336
2024-01-05T10:00:00Z,1.4620,1.4660,1.4180,1.4350,2908892
2024-01-05T11:00:00Z,1.4350,1.4470,1.4300,1.4340,2787648
2024-01-05T12:00:00Z,1.4340,1.4470,1.4200,1.4350,3840929
2024-01-05T13:00:00Z,1.4350,1.4450,1.4260,1.4360,3679023
2024-01-05T14:00:00Z,1.4360,1.4430,1.3970,1.4050,6526502
2024-01-05T15:00:00Z,1.4060,1.4240,1.3950,1.4210,4158619
2024-01-05T16:00:00Z,1.4200,1.4310,1.3980,1.4010,3884724
2024-01-05T17:00:00Z,1.4020,1.4180,1.3600,1.4130,7345345
2024-01-05T18:00:00Z,1.4130,1.4250,1.4070,1.4170,1054766
2024-01-05T19:00:00Z,1.4180,1.4290,1.4130,1.4180,1339976
2024-01-05T20:00:00Z,1.4190,1.4350,1.4140,1.4280,1938771
2024-01-05T21:00:00Z,1.4280,1.4300,1.4120,1.4250,1596368
2024-01-05T22:00:00Z,1.4250,1.4270,1.4080,1.4170,1080817
2024-01-05T23:00:00Z,1.4180,1.4400,1.4180,1.4380,1913217
2024-01-06T00:00:00Z,1.4390,1.4390,1.4170,1.4270,2483216
2024-01-06T01:00:00Z,1.4270,1.4280,1.4060,1.4180,1745983
2024-01-06T02:00:00Z,1.4170,1.4220,1.4050,1.4170,875787
2024-01-06T03:00:00Z,1.4170,1.4190,1.4090,1.4120,1021158
2024-01-06T04:00:00Z,1.4120,1.4170,1.3920,1.3950,1656686
2024-01-06T05:00:00Z,1.3940,1.3980,1.3500,1.3660,6653155
2024-01-06T06:00:00Z,1.3670,1.3720,1.3340,1.3460,7561920
2024-01-06T07:00:00Z,1.3460,1.3670,1.3370,1.3670,4769801
2024-01-06T08:00:00Z,1.3660,1.3810,1.3570,1.3780,2300206
2024-01-06T09:00:00Z,1.3770,1.3810,1.3700,1.3710,1713803
2024-01-06T10:00:00Z,1.3710,1.3800,1.3640,1.3760,2032295
2024-01-06T11:00:00Z,1.3750,1.3850,1.3700,1.3810,1659423
2024-01-06T12:00:00Z,1.3810,1.3900,1.3720,1.3780,2775967
2024-01-06T13:00:00Z,1.3780,1.3950,1.3690,1.3920,2384371
2024-01-06T14:00:00Z,1.3920,1.4050,1.3870,1.4040,3278540
2024-01-06T15:00:00Z,1.4030,1.4210,1.3980,1.4150,3444964
2024-01-06T16:00:00Z,1.4150,1.4240,1.4050,1.4150,2629416
2024-01-06T17:00:00Z,1.4150,1.4420,1.4110,1.4320,2817469
2024-01-06T18:00:00Z,1.4310,1.4330,1.4180,1.4190,1796202
2024-01-06T19:00:00Z,1.4200,1.4210,1.4000,1.4100,2498365
2024-01-06T20:00:00Z,1.4100,1.4180,1.3950,1.4070,2317001
2024-01-06T21:00:00Z,1.4060,1.4110,1.3950,1.4050,1552377
2024-01-06T22:00:00Z,1.4060,1.4070,1.3900,1.4000,1120702
2024-01-06T23:00:00Z,1.3990,1.4070,1.3820,1.4030,2395129
2024-01-07T00:00:00Z,1.4030,1.4220,1.3940,1.4140,2127614
2024-01-07T01:00:00Z,1.4140,1.4240,1.4050,1.4080,1892552
2024-01-07T02:00:00Z,1.4080,1.4270,1.4060,1.4190,2239070
2024-01-07T03:00:00Z,1.4180,1.4680,1.4160,1.4370,6319358
2024-01-07T04:00:00Z,1.4360,1.4500,1.4330,1.4420,2693882
2024-01-07T05:00:00Z,1.4420,1.4840,1.4400,1.4650,3254107
2024-01-07T06:00:00Z,1.4640,1.4800,1.4550,1.4610,2500146
2024-01-07T07:00:00Z,1.4600,1.4750,1.4590,1.4680,1614412
2024-01-07T08:00:00Z,1.4670,1.4700,1.4330,1.4420,3345706
2024-01-07T09:00:00Z,1.4430,1.4490,1.4200,1.4230,4221235
2024-01-07T10:00:00Z,1.4240,1.4340,1.4170,1.4290,2351845
2024-01-07T11:00:00Z,1.4280,1.4390,1.4250,1.4290,1669864
2024-01-07T12:00:00Z,1.4280,1.4530,1.4170,1.4440,2481629
2024-01-07T13:00:00Z,1.4430,1.4570,1.4430,1.4540,2568993
2024-01-07T14:00:00Z,1.4540,1.4650,1.4330,1.4590,3528622
2024-01-07T15:00:00Z,1.4580,1.4670,1.4120,1.4250,5336672
2024-01-07T16:00:00Z,1.4250,1.4300,1.3890,1.4010,4346696
2024-01-07T17:00:00Z,1.4010,1.4110,1.3920,1.4070,2357196
2024-01-07T18:00:00Z,1.4070,1.4180,1.4070,1.4100,1291697
2024-01-07T19:00:00Z,1.4100,1.4110,1.4000,1.4050,896585
2024-01-07T20:00:00Z,1.4050,1.4190,1.4010,1.4080,1723650
2024-01-07T21:00:00Z,1.4090,1.4170,1.3920,1.3970,1421009
2024-01-07T22:00:00Z,1.3980,1.4070,1.3550,1.3650,5012521
2024-01-07T23:00:00Z,1.3650,1.3810,1.3470,1.3670,7508641
2024-01-08T00:00:00Z,1.3680,1.3750,1.3390,1.3420,5636235
2024-01-08T01:00:00Z,1.3410,1.3570,1.3270,1.3400,4606734
2024-01-08T02:00:00Z,1.3400,1.3470,1.2710,1.2970,9312822
2024-01-08T03:00:00Z,1.2970,1.3030,1.2500,1.2940,7956523
2024-01-08T04:00:00Z,1.2930,1.3160,1.2860,1.3110,3464760
2024-01-08T05:00:00Z,1.3110,1.3110,1.2870,1.3050,3079870
2024-01-08T06:00:00Z,1.3040,1.3280,1.3000,1.3150,6086564
2024-01-08T07:00:00Z,1.3140,1.3340,1.3070,1.3140,2911924
2024-01-08T08:00:00Z,1.3140,1.3310,1.3090,1.3200,2750876
2024-01-08T09:00:00Z,1.3200,1.3260,1.3050,1.3110,2623864
2024-01-08T10:00:00Z,1.3120,1.3290,1.3030,1.3250,3295927
2024-01-08T11:00:00Z,1.3240,1.3450,1.3210,1.3430,3130705
2024-01-08T12:00:00Z,1.3420,1.3610,1.3330,1.3550,6889843
2024-01-08T13:00:00Z,1.3550,1.3620,1.3480,1.3550,4835772
2024-01-08T14:00:00Z,1.3550,1.3690,1.3510,1.3600,4586141
2024-01-08T15:00:00Z,1.3600,1.3780,1.3570,1.3620,5333055
2024-01-08T16:00:00Z,1.3630,1.3730,1.3460,1.3510,2870451
2024-01-08T17:00:00Z,1.3500,1.3690,1.3450,1.3690,3477782
2024-01-08T18:00:00Z,1.3690,1.4000,1.3680,1.3900,5610739
2024-01-08T19:00:00Z,1.3900,1.4020,1.3780,1.3930,4300978
2024-01-08T20:00:00Z,1.3920,1.3950,1.3720,1.3820,2642895
2024-01-08T21:00:00Z,1.3820,1.3980,1.3800,1.3890,2066522
2024-01-08T22:00:00Z,1.3880,1.4080,1.3850,1.4080,1200645
2024-01-08T23:00:00Z,1.4080,1.4100,1.3980,1.4070,2053369
2024-01-09T00:00:00Z,1.4080,1.4140,1.3620,1.3830,6998808
2024-01-09T01:00:00Z,1.3830,1.3850,1.3620,1.3740,2407837
2024-01-09T02:00:00Z,1.3740,1.3770,1.3670,1.3740,1244879
2024-01-09T03:00:00Z,1.3730,1.3820,1.3610,1.3760,2349852
2024-01-09T04:00:00Z,1.3750,1.3940,1.3710,1.3930,1747957
2024-01-09T05:00:00Z,1.3920,1.3960,1.3770,1.3850,1701394
2024-01-09T06:00:00Z,1.3850,1.3860,1.3670,1.3760,1817136
2024-01-09T07:00:00Z,1.3760,1.3860,1.3660,1.3780,2024782
2024-01-09T08:00:00Z,1.3770,1.3800,1.3510,1.3510,2986891
2024-01-09T09:00:00Z,1.3510,1.3580,1.3320,1.3370,4811274
2024-01-09T10:00:00Z,1.3370,1.3470,1.3360,1.3390,2484871
2024-01-09T11:00:00Z,1.3380,1.3500,1.3330,1.3410,2770922
2024-01-09T12:00:00Z,1.3410,1.3470,1.2750,1.3080,7788633
2024-01-09T13:00:00Z,1.3080,1.3300,1.3030,1.3220,6850483
2024-01-09T14:00:00Z,1.3210,1.3270,1.2950,1.2970,4768952
2024-01-09T15:00:00Z,1.2970,1.3080,1.2870,1.3000,3610638
2024-01-09T16:00:00Z,1.2990,1.3040,1.2750,1.2900,3953897
2024-01-09T17:00:00Z,1.2900,1.2920,1.2770,1.2830,3975113
2024-01-09T18:00:00Z,1.2840,1.2970,1.2800,1.2940,2566186
2024-01-09T19:00:00Z,1.2940,1.3020,1.2680,1.2860,5082994
2024-01-09T20:00:00Z,1.2860,1.2900,1.2580,1.2620,4993244
2024-01-09T21:00:00Z,1.2620,1.3180,1.2610,1.2830,16875416
2024-01-09T22:00:00Z,1.2830,1.3290,1.2790,1.3150,3940681
2024-01-09T23:00:00Z,1.3150,1.3210,1.3040,1.3190,2320146
2024-01-10T00:00:00Z,1.3190,1.3360,1.3090,1.3250,4402297
2024-01-10T01:00:00Z,1.3250,1.3370,1.3200,1.3320,2559540
2024-01-10T02:00:00Z,1.3310,1.3370,1.3160,1.3170,1504026
2024-01-10T03:00:00Z,1.3180,1.3320,1.3150,1.3250,1241260
2024-01-10T04:00:00Z,1.3240,1.3400,1.3230,1.3270,1911100
2024-01-10T05:00:00Z,1.3270,1.3440,1.3260,1.3440,1702798
2024-01-10T06:00:00Z,1.3430,1.3440,1.3230,1.3310,2526813
2024-01-10T07:00:00Z,1.3310,1.3330,1.3130,1.3200,2327767
2024-01-10T08:00:00Z,1.3210,1.3290,1.3070,1.3170,3029087
2024-01-10T09:00:00Z,1.3170,1.3570,1.3140,1.3500,5093266
2024-01-10T10:00:00Z,1.3500,1.3530,1.3400,1.3430,1998982
2024-01-10T11:00:00Z,1.3430,1.3500,1.3300,1.3460,3025141
2024-01-10T12:00:00Z,1.3450,1.3460,1.2760,1.2930,10641616
2024-01-10T13:00:00Z,1.2940,1.3130,1.2810,1.3070,6057238
2024-01-10T14:00:00Z,1.3070,1.3270,1.3000,1.3200,3961081
2024-01-10T15:00:00Z,1.3190,1.3540,1.3130,1.3450,7196532
2024-01-10T16:00:00Z,1.3440,1.3530,1.3330,1.3340,4005092
2024-01-10T17:00:00Z,1.3340,1.3510,1.3270,1.3450,2888036
2024-01-10T18:00:00Z,1.3450,1.3590,1.3400,1.3530,3240466
2024-01-10T19:00:00Z,1.3520,1.3650,1.3420,1.3500,3230164
2024-01-10T20:00:00Z,1.3500,1.3520,1.3080,1.3470,9569732
2024-01-10T21:00:00Z,1.3480,1.4090,1.3420,1.4070,7937539
2024-01-10T22:00:00Z,1.4070,1.4340,1.3960,1.4250,6078815
2024-01-10T23:00:00Z,1.4250,1.4420,1.4070,1.4200,9067146
2024-01-11T00:00:00Z,1.4190,1.4310,1.4060,1.4290,5040766
2024-01-11T01:00:00Z,1.4300,1.4400,1.4100,1.4210,3745866
2024-01-11T02:00:00Z,1.4210,1.4360,1.4170,1.4340,1812348
2024-01-11T03:00:00Z,1.4340,1.4480,1.4270,1.4470,2624996
2024-01-11T04:00:00Z,1.4470,1.4570,1.4370,1.4380,2293439
2024-01-11T05:00:00Z,1.4390,1.4390,1.4180,1.4270,3162689
2024-01-11T06:00:00Z,1.4270,1.4290,1.4000,1.4150,4595146
2024-01-11T07:00:00Z,1.4150,1.4360,1.4130,1.4340,2101548
2024-01-11T08:00:00Z,1.4340,1.4500,1.4280,1.4500,2416745
2024-01-11T09:00:00Z,1.4490,1.4610,1.4440,1.4470,3275872
2024-01-11T10:00:00Z,1.4470,1.4740,1.4460,1.4710,3839096
2024-01-11T11:00:00Z,1.4700,1.4840,1.4590,1.4820,5097916
2024-01-11T12:00:00Z,1.4820,1.4930,1.4780,1.4920,4636199
2024-01-11T13:00:00Z,1.4910,1.4930,1.4540,1.4750,7678144
2024-01-11T14:00:00Z,1.4750,1.4950,1.4530,1.4850,8851800
2024-01-11T15:00:00Z,1.4850,1.4880,1.4260,1.4480,12066562
2024-01-11T16:00:00Z,1.4490,1.4600,1.4110,1.4470,7829958
2024-01-11T17:00:00Z,1.4460,1.4720,1.4390,1.4660,3059541
2024-01-11T18:00:00Z,1.4660,1.4800,1.4550,1.4730,1727548
2024-01-11T19:00:00Z,1.4730,1.4740,1.4610,1.4650,1809058
2024-01-11T20:00:00Z,1.4650,1.4750,1.4460,1.4500,2874615
2024-01-11T21:00:00Z,1.4500,1.4590,1.4410,1.4450,1628598
2024-01-11T22:00:00Z,1.4450,1.4510,1.4340,1.4480,1182720
2024-01-11T23:00:00Z,1.4480,1.4580,1.4450,1.4550,1507076
2024-01-12T00:00:00Z,1.4540,1.4630,1.4400,1.4580,3193054
2024-01-12T01:00:00Z,1.4580,1.4600,1.4320,1.4490,2740047
2024-01-12T02:00:00Z,1.4490,1.4710,1.4470,1.4680,1817762
2024-01-12T03:00:00Z,1.4670,1.4700,1.4530,1.4610,1626054
2024-01-12T04:00:00Z,1.4600,1.4790,1.4560,1.4670,2597272
2024-01-12T05:00:00Z,1.4660,1.4870,1.4640,1.4780,1905915
2024-01-12T06:00:00Z,1.4770,1.4870,1.4710,1.4730,2208613
2024-01-12T07:00:00Z,1.4740,1.4760,1.4520,1.4630,2988655
2024-01-12T08:00:00Z,1.4630,1.4690,1.4440,1.4670,4089395
2024-01-12T09:00:00Z,1.4660,1.4810,1.4530,1.4760,3746071
2024-01-12T10:00:00Z,1.4760,1.4880,1.4720,1.4830,2412885
2024-01-12T11:00:00Z,1.4830,1.5170,1.4790,1.5000,4502990
2024-01-12T12:00:00Z,1.4990,1.5180,1.4840,1.4920,4763942
2024-01-12T13:00:00Z,1.4920,1.5190,1.4880,1.5190,3498866
2024-01-12T14:00:00Z,1.5190,1.5310,1.5060,1.5190,6591129
2024-01-12T15:00:00Z,1.5190,1.5250,1.4730,1.4790,11694067
2024-01-12T16:00:00Z,1.4800,1.5090,1.4510,1.4720,9687911
2024-01-12T17:00:00Z,1.4710,1.4800,1.4200,1.4730,9031322
2024-01-12T18:00:00Z,1.4740,1.4870,1.4600,1.4840,4079907
2024-01-12T19:00:00Z,1.4840,1.4900,1.4640,1.4840,2762756
2024-01-12T20:00:00Z,1.4830,1.5270,1.4790,1.5160,4400231
2024-01-12T21:00:00Z,1.5150,1.5210,1.4530,1.4810,8859483
2024-01-12T22:00:00Z,1.4800,1.4810,1.3760,1.4270,14530604
2024-01-12T23:00:00Z,1.4260,1.4520,1.4220,1.4420,3153236
2024-01-13T00:00:00Z,1.4410,1.4570,1.4230,1.4240,4630115
2024-01-13T01:00:00Z,1.4250,1.4370,1.3930,1.4310,5614566
2024-01-13T02:00:00Z,1.4310,1.4460,1.4220,1.4310,2864840
2024-01-13T03:00:00Z,1.4310,1.4540,1.4260,1.4480,2403123
2024-01-13T04:00:00Z,1.4480,1.4540,1.4390,1.4450,1722428
2024-01-13T05:00:00Z,1.4450,1.4540,1.4370,1.4530,1977195
2024-01-13T06:00:00Z,1.4530,1.4600,1.4380,1.4480,2780154
2024-01-13T07:00:00Z,1.4470,1.4520,1.4330,1.4340,2054025
2024-01-13T08:00:00Z,1.4350,1.4400,1.4260,1.4340,2495519
2024-01-13T09:00:00Z,1.4330,1.4350,1.4140,1.4140,2871698
2024-01-13T10:00:00Z,1.4150,1.4190,1.4060,1.4140,3049305
2024-01-13T11:00:00Z,1.4130,1.4250,1.4130,1.4200,2304212
2024-01-13T12:00:00Z,1.4200,1.4290,1.4150,1.4210,3012261
2024-01-13T13:00:00Z,1.4210,1.4320,1.4170,1.4220,2158631
2024-01-13T14:00:00Z,1.4210,1.4260,1.4130,1.4190,3181418
2024-01-13T15:00:00Z,1.4180,1.4430,1.4180,1.4410,3132111
2024-01-13T16:00:00Z,1.4400,1.4420,1.4210,1.4240,2989308
2024-01-13T17:00:00Z,1.4240,1.4300,1.4150,1.4250,1745362
2024-01-13T18:00:00Z,1.4240,1.4350,1.4200,1.4320,1318810
2024-01-13T19:00:00Z,1.4310,1.4660,1.4310,1.4580,3084187
2024-01-13T20:00:00Z,1.4570,1.4590,1.4450,1.4520,2069779
2024-01-13T21:00:00Z,1.4530,1.4620,1.4490,1.4610,1859466
2024-01-13T22:00:00Z,1.4610,1.4640,1.4520,1.4600,1076837
2024-01-13T23:00:00Z,1.4590,1.4700,1.4510,1.4550,1795615
2024-01-14T00:00:00Z,1.4560,1.4580,1.4270,1.4280,2628040
2024-01-14T01:00:00Z,1.4280,1.4460,1.4260,1.4400,2807625
2024-01-14T02:00:00Z,1.4390,1.4410,1.4190,1.4200,2275328
2024-01-14T03:00:00Z,1.4210,1.4310,1.4120,1.4170,2215592
2024-01-14T04:00:00Z,1.4180,1.4250,1.4080,1.4130,2955563
2024-01-14T05:00:00Z,1.4120,1.4360,1.4120,1.4360,2049804
2024-01-14T06:00:00Z,1.4350,1.4450,1.4340,1.4410,1930403
2024-01-14T07:00:00Z,1.4410,1.4440,1.4310,1.4380,1812612
2024-01-14T08:00:00Z,1.4390,1.4440,1.4280,1.4430,2119698
2024-01-14T09:00:00Z,1.4420,1.4470,1.4370,1.4470,1615318
2024-01-14T10:00:00Z,1.4470,1.4480,1.4320,1.4350,1607693
2024-01-14T11:00:00Z,1.4340,1.4430,1.4250,1.4280,2212135
2024-01-14T12:00:00Z,1.4280,1.4320,1.4200,1.4220,1976349
2024-01-14T13:00:00Z,1.4220,1.4290,1.4140,1.4280,2576355
2024-01-14T14:00:00Z,1.4280,1.4340,1.4240,1.4310,1832876
2024-01-14T15:00:00Z,1.4310,1.4610,1.4290,1.4440,3507885
2024-01-14T16:00:00Z,1.4440,1.4460,1.4200,1.4270,2968527
2024-01-14T17:00:00Z,1.4270,1.4390,1.4230,1.4360,1436867
2024-01-14T18:00:00Z,1.4350,1.4400,1.4210,1.4280,1758107
2024-01-14T19:00:00Z,1.4290,1.4300,1.3950,1.4010,4344290
2024-01-14T20:00:00Z,1.4000,1.4120,1.3810,1.4020,3205812
2024-01-14T21:00:00Z,1.4010,1.4210,1.3920,1.4200,2393449
2024-01-14T22:00:00Z,1.4210,1.4230,1.3980,1.4060,1214636
2024-01-14T23:00:00Z,1.4060,1.4100,1.3690,1.3780,6149024
2024-01-15T00:00:00Z,1.3780,1.4040,1.3750,1.4040,3191162
2024-01-15T01:00:00Z,1.4040,1.4160,1.3980,1.4110,1926383
2024-01-15T02:00:00Z,1.4100,1.4270,1.4040,1.4260,1332365
2024-01-15T03:00:00Z,1.4260,1.4280,1.4130,1.4160,1324012
2024-01-15T04:00:00Z,1.4160,1.4260,1.4150,1.4260,1416292
2024-01-15T05:00:00Z,1.4250,1.4330,1.4200,1.4240,1401309
2024-01-15T06:00:00Z,1.4230,1.4280,1.4170,1.4240,1549379
2024-01-15T07:00:00Z,1.4230,1.4280,1.4150,1.4210,1692350
2024-01-15T08:00:00Z,1.4210,1.4230,1.4120,1.4150,2048189
2024-01-15T09:00:00Z,1.4140,1.4240,1.4070,1.4220,1827069
2024-01-15T10:00:00Z,1.4220,1.4290,1.4180,1.4220,2050616
2024-01-15T11:00:00Z,1.4220,1.4280,1.4160,1.4250,1616755
2024-01-15T12:00:00Z,1.4250,1.4330,1.4130,1.4180,2757057
2024-01-15T13:00:00Z,1.4180,1.4340,1.4140,1.4280,2115957
2024-01-15T14:00:00Z,1.4280,1.4300,1.4050,1.4110,4673125
2024-01-15T15:00:00Z,1.4110,1.4190,1.4000,1.4070,2857609
2024-01-15T16:00:00Z,1.4080,1.4280,1.4050,1.4280,1984530
2024-01-15T17:00:00Z,1.4280,1.4480,1.4240,1.4400,2795487
2024-01-15T18:00:00Z,1.4400,1.4580,1.4350,1.4410,2758580
2024-01-15T19:00:00Z,1.4420,1.4520,1.4380,1.4400,1715221
2024-01-15T20:00:00Z,1.4410,1.4490,1.4340,1.4390,1694236
2024-01-15T21:00:00Z,1.4390,1.4400,1.4120,1.4130,2477151
2024-01-15T22:00:00Z,1.4130,1.4160,1.3950,1.4090,2182146
2024-01-15T23:00:00Z,1.4080,1.4510,1.4060,1.4400,8164419
2024-01-16T00:00:00Z,1.4400,1.4580,1.4360,1.4470,3458706
2024-01-16T01:00:00Z,1.4470,1.4590,1.4360,1.4410,2280639
2024-01-16T02:00:00Z,1.4410,1.4420,1.4300,1.4330,1726616
2024-01-16T03:00:00Z,1.4330,1.4450,1.4320,1.4440,1256674
2024-01-16T04:00:00Z,1.4450,1.4450,1.4330,1.4360,1129167
2024-01-16T05:00:00Z,1.4360,1.4440,1.4290,1.4300,1068862
2024-01-16T06:00:00Z,1.4310,1.4380,1.4250,1.4370,1246872
2024-01-16T07:00:00Z,1.4360,1.4400,1.4280,1.4370,1037050
2024-01-16T08:00:00Z,1.4370,1.4460,1.4310,1.4450,1782755
2024-01-16T09:00:00Z,1.4460,1.4570,1.4420,1.4490,1619907
2024-01-16T10:00:00Z,1.4500,1.4530,1.4440,1.4470,1444021
2024-01-16T11:00:00Z,1.4460,1.4520,1.4330,1.4410,1986325
2024-01-16T12:00:00Z,1.4400,1.4550,1.4380,1.4540,1882699
2024-01-16T13:00:00Z,1.4540,1.4560,1.4360,1.4370,2713369
2024-01-16T14:00:00Z,1.4380,1.4440,1.4070,1.4330,6291989
2024-01-16T15:00:00Z,1.4330,1.4560,1.4270,1.4510,3962216
2024-01-16T16:00:00Z,1.4500,1.4640,1.4430,1.4500,3821513
2024-01-16T17:00:00Z,1.4500,1.4610,1.4440,1.4520,2142960
2024-01-16T18:00:00Z,1.4510,1.4620,1.4420,1.4480,1712659
2024-01-16T19:00:00Z,1.4470,1.4560,1.4400,1.4540,1750361
2024-01-16T20:00:00Z,1.4540,1.4630,1.4520,1.4620,1939267
2024-01-16T21:00:00Z,1.4620,1.4700,1.4560,1.4680,1710451
2024-01-16T22:00:00Z,1.4680,1.4690,1.4550,1.4590,810639
2024-01-16T23:00:00Z,1.4580,1.4630,1.4490,1.4560,1752726
2024-01-17T00:00:00Z,1.4560,1.4630,1.4530,1.4580,1892292
2024-01-17T01:00:00Z,1.4570,1.4790,1.4540,1.4750,2887631
2024-01-17T02:00:00Z,1.4740,1.4930,1.4700,1.4760,2727748
2024-01-17T03:00:00Z,1.4770,1.4800,1.4680,1.4720,1649681
2024-01-17T04:00:00Z,1.4730,1.4750,1.4610,1.4650,1315167
2024-01-17T05:00:00Z,1.4660,1.4660,1.4420,1.4430,1795269
2024-01-17T06:00:00Z,1.4420,1.4660,1.4410,1.4630,2853282
2024-01-17T07:00:00Z,1.4620,1.4790,1.4540,1.4590,3226153
2024-01-17T08:00:00Z,1.4590,1.4980,1.4540,1.4970,5488993
2024-01-17T09:00:00Z,1.4970,1.5200,1.4910,1.5100,7429095
2024-01-17T10:00:00Z,1.5100,1.6480,1.5080,1.6100,23504907
2024-01-17T11:00:00Z,1.6110,1.6330,1.5750,1.5960,19995308
2024-01-17T12:00:00Z,1.5960,1.6670,1.5950,1.6490,28924115
2024-01-17T13:00:00Z,1.6490,1.6600,1.6160,1.6340,14981100
2024-01-17T14:00:00Z,1.6330,1.6420,1.6070,1.6180,15320184
2024-01-17T15:00:00Z,1.6180,1.6210,1.5520,1.5660,17603110
2024-01-17T16:00:00Z,1.5670,1.5780,1.5360,1.5400,14842989
2024-01-17T17:00:00Z,1.5390,1.5670,1.5210,1.5540,12289419
2024-01-17T18:00:00Z,1.5540,1.5570,1.5350,1.5540,6224945
2024-01-17T19:00:00Z,1.5530,1.5540,1.5370,1.5370,4266606
2024-01-17T20:00:00Z,1.5370,1.5520,1.5260,1.5450,5194850
2024-01-17T21:00:00Z,1.5450,1.5540,1.5370,1.5460,3845192
2024-01-17T22:00:00Z,1.5450,1.5510,1.5150,1.5360,3817803
2024-01-17T23:00:00Z,1.5360,1.5490,1.5230,1.5440,4344867
2024-01-18T00:00:00Z,1.5430,1.5490,1.5210,1.5280,5444339
2024-01-18T01:00:00Z,1.5280,1.5350,1.4870,1.5160,9519602
2024-01-18T02:00:00Z,1.5160,1.5310,1.5070,1.5110,4012051
2024-01-18T03:00:00Z,1.5100,1.5170,1.5010,1.5090,3764558
2024-01-18T04:00:00Z,1.5100,1.5200,1.4860,1.4880,5501857
2024-01-18T05:00:00Z,1.4870,1.4960,1.4830,1.4880,3558173
2024-01-18T06:00:00Z,1.4890,1.5020,1.4830,1.4870,4516024
2024-01-18T07:00:00Z,1.4870,1.5020,1.4840,1.4940,3192959
2024-01-18T08:00:00Z,1.4930,1.4960,1.4760,1.4860,5847649
2024-01-18T09:00:00Z,1.4850,1.4910,1.4730,1.4760,4872997
2024-01-18T10:00:00Z,1.4760,1.4810,1.4660,1.4710,5011281
2024-01-18T11:00:00Z,1.4710,1.4740,1.4450,1.4520,10456842
2024-01-18T12:00:00Z,1.4520,1.4530,1.4120,1.4310,12027901
2024-01-18T13:00:00Z,1.4320,1.4430,1.4220,1.4400,6257349
2024-01-18T14:00:00Z,1.4390,1.4530,1.4350,1.4520,4674514
2024-01-18T15:00:00Z,1.4520,1.4540,1.4360,1.4370,3857285
2024-01-18T16:00:00Z,1.4360,1.4370,1.3830,1.4010,16014697
2024-01-18T17:00:00Z,1.4020,1.4060,1.3770,1.3910,9197028
2024-01-18T18:00:00Z,1.3910,1.4010,1.3730,1.3940,7585628
2024-01-18T19:00:00Z,1.3950,1.4050,1.3580,1.3730,9413179
2024-01-18T20:00:00Z,1.3730,1.3950,1.3700,1.3820,7268992
2024-01-18T21:00:00Z,1.3820,1.3920,1.3730,1.3820,4251349
2024-01-18T22:00:00Z,1.3820,1.3910,1.3780,1.3880,2075781
2024-01-18T23:00:00Z,1.3880,1.3890,1.3800,1.3870,1902526
2024-01-19T00:00:00Z,1.3860,1.3930,1.3670,1.3810,4271595
2024-01-19T01:00:00Z,1.3800,1.3820,1.3500,1.3720,5355649
2024-01-19T02:00:00Z,1.3730,1.3800,1.3580,1.3640,3029065
2024-01-19T03:00:00Z,1.3650,1.3720,1.3400,1.3700,5893237
2024-01-19T04:00:00Z,1.3710,1.3870,1.3690,1.3830,2686522
2024-01-19T05:00:00Z,1.3820,1.3870,1.3760,1.3830,1961946
2024-01-19T06:00:00Z,1.3820,1.3900,1.3770,1.3850,2138913
2024-01-19T07:00:00Z,1.3850,1.3900,1.3770,1.3830,2736801
2024-01-19T08:00:00Z,1.3830,1.3970,1.3810,1.3950,2516229
2024-01-19T09:00:00Z,1.3950,1.4040,1.3740,1.3800,6414322
2024-01-19T10:00:00Z,1.3800,1.3880,1.3780,1.3830,1883284
2024-01-19T11:00:00Z,1.3830,1.3940,1.3810,1.3880,2915935
2024-01-19T12:00:00Z,1.3870,1.3880,1.3750,1.3790,2008133
2024-01-19T13:00:00Z,1.3780,1.3880,1.3720,1.3840,4153826
2024-01-19T14:00:00Z,1.3840,1.3860,1.3580,1.3640,4793475
2024-01-19T15:00:00Z,1.3640,1.3790,1.3500,1.3640,8232110
2024-01-19T16:00:00Z,1.3640,1.3690,1.3080,1.3200,17265634
2024-01-19T17:00:00Z,1.3200,1.3540,1.3170,1.3490,6721075
2024-01-19T18:00:00Z,1.3500,1.3700,1.3380,1.3670,3790359
2024-01-19T19:00:00Z,1.3670,1.3680,1.3550,1.3660,2023973
2024-01-19T20:00:00Z,1.3660,1.3780,1.3630,1.3650,2685260
2024-01-19T21:00:00Z,1.3650,1.3760,1.3640,1.3740,1998209
2024-01-19T22:00:00Z,1.3750,1.3800,1.3660,1.3790,1144610
2024-01-19T23:00:00Z,1.3790,1.3900,1.3740,1.3890,2044196
2024-01-20T00:00:00Z,1.3900,1.3900,1.3780,1.3790,2794542
2024-01-20T01:00:00Z,1.3790,1.4100,1.3780,1.4080,3091247
2024-01-20T02:00:00Z,1.4080,1.4200,1.3960,1.4100,3870466
2024-01-20T03:00:00Z,1.4110,1.4110,1.3960,1.4030,1741290
2024-01-20T04:00:00Z,1.4020,1.4050,1.3870,1.3910,2647320
2024-01-20T05:00:00Z,1.3920,1.3920,1.3790,1.3850,2589102
2024-01-20T06:00:00Z,1.3850,1.4040,1.3850,1.4020,3132734
2024-01-20T07:00:00Z,1.4020,1.4090,1.3970,1.3990,2560418
2024-01-20T08:00:00Z,1.3990,1.4020,1.3900,1.3990,3300987
2024-01-20T09:00:00Z,1.3980,1.4080,1.3820,1.3830,3591456
2024-01-20T10:00:00Z,1.3820,1.3920,1.3800,1.3820,3053165
2024-01-20T11:00:00Z,1.3820,1.3900,1.3790,1.3900,1288301
2024-01-20T12:00:00Z,1.3900,1.3930,1.3820,1.3840,1947035
2024-01-20T13:00:00Z,1.3840,1.3900,1.3800,1.3850,1433824
2024-01-20T14:00:00Z,1.3850,1.3850,1.3710,1.3820,2194557
2024-01-20T15:00:00Z,1.3810,1.3900,1.3720,1.3780,2642954
2024-01-20T16:00:00Z,1.3780,1.3890,1.3740,1.3870,2532158
2024-01-20T17:00:00Z,1.3860,1.4010,1.3840,1.3940,2768147
2024-01-20T18:00:00Z,1.3940,1.3940,1.3810,1.3860,1705578
2024-01-20T19:00:00Z,1.3870,1.3940,1.3860,1.3910,1449794
2024-01-20T20:00:00Z,1.3920,1.4000,1.3900,1.3940,1893683
2024-01-20T21:00:00Z,1.3950,1.4020,1.3920,1.3930,1142377
2024-01-20T22:00:00Z,1.3930,1.4000,1.3900,1.3990,897955
2024-01-20T23:00:00Z,1.3990,1.3990,1.3890,1.3980,1337553
2024-01-21T00:00:00Z,1.3970,1.3980,1.3830,1.3870,1839913
2024-01-21T01:00:00Z,1.3860,1.4050,1.3840,1.3980,1938976
2024-01-21T02:00:00Z,1.3970,1.4100,1.3940,1.4090,1418250
2024-01-21T03:00:00Z,1.4080,1.4160,1.4030,1.4060,1650583
2024-01-21T04:00:00Z,1.4060,1.4090,1.3990,1.4040,1355692
2024-01-21T05:00:00Z,1.4040,1.4060,1.3960,1.3980,982974
2024-01-21T06:00:00Z,1.3980,1.4000,1.3900,1.3950,1488119
2024-01-21T07:00:00Z,1.3940,1.4020,1.3910,1.4010,934042
2024-01-21T08:00:00Z,1.4010,1.4070,1.3970,1.4000,1291400
2024-01-21T09:00:00Z,1.4010,1.4070,1.4000,1.4030,1655739
2024-01-21T10:00:00Z,1.4030,1.4090,1.3990,1.4080,1524699
2024-01-21T11:00:00Z,1.4080,1.4090,1.3980,1.4010,1061430
2024-01-21T12:00:00Z,1.4010,1.4110,1.3960,1.4090,1696837
2024-01-21T13:00:00Z,1.4080,1.4300,1.4060,1.4230,3519024
2024-01-21T14:00:00Z,1.4240,1.4280,1.4160,1.4160,1975802
2024-01-21T15:00:00Z,1.4160,1.4220,1.4070,1.4190,3123515
2024-01-21T16:00:00Z,1.4190,1.4220,1.4020,1.4160,3020486
2024-01-21T17:00:00Z,1.4150,1.4310,1.4140,1.4290,1966009
2024-01-21T18:00:00Z,1.4290,1.4320,1.4170,1.4210,1705997
2024-01-21T19:00:00Z,1.4210,1.4300,1.4140,1.4300,1734525
2024-01-21T20:00:00Z,1.4300,1.4310,1.4100,1.4110,2314654
2024-01-21T21:00:00Z,1.4110,1.4200,1.4100,1.4180,1580213
2024-01-21T22:00:00Z,1.4190,1.4190,1.4030,1.4060,1079527
2024-01-21T23:00:00Z,1.4060,1.4120,1.3960,1.4000,3093744
2024-01-22T00:00:00Z,1.4000,1.4140,1.3910,1.4060,3587545
2024-01-22T01:00:00Z,1.4060,1.4060,1.3750,1.3850,6424497
2024-01-22T02:00:00Z,1.3860,1.3920,1.3680,1.3790,2706628
2024-01-22T03:00:00Z,1.3790,1.3940,1.3740,1.3890,1973109
2024-01-22T04:00:00Z,1.3890,1.3890,1.3680,1.3680,2332983
2024-01-22T05:00:00Z,1.3690,1.3900,1.3590,1.3870,2718205
2024-01-22T06:00:00Z,1.3860,1.3920,1.3790,1.3850,2197448
2024-01-22T07:00:00Z,1.3860,1.3910,1.3780,1.3820,1428894
2024-01-22T08:00:00Z,1.3820,1.3830,1.3450,1.3620,5254397
2024-01-22T09:00:00Z,1.3620,1.3670,1.3410,1.3520,3837919
2024-01-22T10:00:00Z,1.3510,1.3580,1.3340,1.3500,4729095
2024-01-22T11:00:00Z,1.3500,1.3560,1.3450,1.3500,1865931
2024-01-22T12:00:00Z,1.3490,1.3500,1.3330,1.3450,2576666
2024-01-22T13:00:00Z,1.3450,1.3660,1.3440,1.3540,3479112
2024-01-22T14:00:00Z,1.3550,1.3570,1.3230,1.3330,6048396
2024-01-22T15:00:00Z,1.3320,1.3460,1.3140,1.3450,5815370
2024-01-22T16:00:00Z,1.3450,1.3540,1.3360,1.3380,3559721
2024-01-22T17:00:00Z,1.3390,1.3550,1.3340,1.3480,2780380
2024-01-22T18:00:00Z,1.3480,1.3520,1.3260,1.3400,4142483
2024-01-22T19:00:00Z,1.3410,1.3500,1.3000,1.3240,10493372
2024-01-22T20:00:00Z,1.3240,1.3600,1.3220,1.3470,6061940
2024-01-22T21:00:00Z,1.3470,1.3470,1.3280,1.3290,3731352
2024-01-22T22:00:00Z,1.3280,1.3340,1.3040,1.3180,2164487
2024-01-22T23:00:00Z,1.3180,1.3240,1.3110,1.3150,2653373
2024-01-23T00:00:00Z,1.3160,1.3240,1.3010,1.3220,3478021
2024-01-23T01:00:00Z,1.3220,1.3260,1.3040,1.3180,2470670
2024-01-23T02:00:00Z,1.3170,1.3350,1.3160,1.3340,1819521
2024-01-23T03:00:00Z,1.3340,1.3410,1.3270,1.3290,2977617
2024-01-23T04:00:00Z,1.3280,1.3400,1.3280,1.3310,1464762
2024-01-23T05:00:00Z,1.3320,1.3400,1.3290,1.3370,1222822
2024-01-23T06:00:00Z,1.3370,1.3390,1.3270,1.3300,1635593
2024-01-23T07:00:00Z,1.3300,1.3340,1.3080,1.3150,4176993
2024-01-23T08:00:00Z,1.3150,1.3240,1.2870,1.2980,11205660
2024-01-23T09:00:00Z,1.2970,1.2990,1.2340,1.2550,17967198
2024-01-23T10:00:00Z,1.2550,1.2790,1.2540,1.2590,5475929
2024-01-23T11:00:00Z,1.2590,1.2680,1.2540,1.2650,4954719
2024-01-23T12:00:00Z,1.2660,1.2720,1.2560,1.2690,3881649
2024-01-23T13:00:00Z,1.2690,1.2710,1.2470,1.2530,5017243
2024-01-23T14:00:00Z,1.2530,1.2650,1.2320,1.2630,8544847
2024-01-23T15:00:00Z,1.2630,1.2850,1.2630,1.2820,5167815
2024-01-23T16:00:00Z,1.2820,1.2870,1.2700,1.2830,3772447
2024-01-23T17:00:00Z,1.2840,1.2990,1.2810,1.2840,3245417
2024-01-23T18:00:00Z,1.2840,1.2960,1.2700,1.2710,2610218
2024-01-23T19:00:00Z,1.2700,1.2800,1.2630,1.2640,2884225
2024-01-23T20:00:00Z,1.2640,1.2770,1.2610,1.2710,2258036
2024-01-23T21:00:00Z,1.2710,1.2770,1.2590,1.2740,2290419
2024-01-23T22:00:00Z,1.2750,1.2930,1.2730,1.2910,1423039
2024-01-23T23:00:00Z,1.2910,1.3030,1.2890,1.3020,2631295
2024-01-24T00:00:00Z,1.3030,1.3140,1.2920,1.3070,3433488
2024-01-24T01:00:00Z,1.3080,1.3080,1.2920,1.2940,1924462
2024-01-24T02:00:00Z,1.2940,1.2980,1.2860,1.2910,2176589
2024-01-24T03:00:00Z,1.2900,1.2940,1.2840,1.2870,2076454
2024-01-24T04:00:00Z,1.2860,1.2910,1.2830,1.2850,1675177
2024-01-24T05:00:00Z,1.2840,1.2960,1.2840,1.2940,1756648
2024-01-24T06:00:00Z,1.2940,1.3020,1.2850,1.3010,3006594
2024-01-24T07:00:00Z,1.3000,1.3110,1.2960,1.3080,2326700
2024-01-24T08:00:00Z,1.3090,1.3220,1.3070,1.3180,3144912
2024-01-24T09:00:00Z,1.3180,1.3250,1.3140,1.3200,2477814
2024-01-24T10:00:00Z,1.3200,1.3320,1.3170,1.3260,2918418
2024-01-24T11:00:00Z,1.3270,1.3280,1.3110,1.3150,2948753
2024-01-24T12:00:00Z,1.3140,1.3210,1.3060,1.3080,3135979
2024-01-24T13:00:00Z,1.3080,1.3100,1.2920,1.3000,3548413
2024-01-24T14:00:00Z,1.2990,1.3100,1.2930,1.2990,3940736
2024-01-24T15:00:00Z,1.2990,1.3110,1.2910,1.3050,3148611
2024-01-24T16:00:00Z,1.3060,1.3150,1.2990,1.3140,2254232
2024-01-24T17:00:00Z,1.3150,1.3170,1.3080,1.3140,1526993
2024-01-24T18:00:00Z,1.3140,1.3140,1.2950,1.3100,2274745
2024-01-24T19:00:00Z,1.3090,1.3150,1.3050,1.3110,1758001
2024-01-24T20:00:00Z,1.3110,1.3190,1.2990,1.3020,2159110
2024-01-24T21:00:00Z,1.3020,1.3230,1.3020,1.3200,2009671
2024-01-24T22:00:00Z,1.3200,1.3250,1.3160,1.3250,1183668
2024-01-24T23:00:00Z,1.3250,1.3310,1.3240,1.3280,1844900
2024-01-25T00:00:00Z,1.3290,1.3370,1.3240,1.3360,3200033
2024-01-25T01:00:00Z,1.3360,1.3380,1.3190,1.3220,2177304
2024-01-25T02:00:00Z,1.3220,1.3290,1.3170,1.3210,1138043
2024-01-25T03:00:00Z,1.3210,1.3410,1.3200,1.3340,1371703
2024-01-25T04:00:00Z,1.3340,1.3390,1.3230,1.3280,1737583
2024-01-25T05:00:00Z,1.3280,1.3300,1.3130,1.3210,2192139
2024-01-25T06:00:00Z,1.3210,1.3260,1.3100,1.3230,1928855
2024-01-25T07:00:00Z,1.3240,1.3260,1.3180,1.3250,1090705
2024-01-25T08:00:00Z,1.3250,1.3260,1.3150,1.3180,1089917
2024-01-25T09:00:00Z,1.3180,1.3250,1.3080,1.3090,2021397
2024-01-25T10:00:00Z,1.3090,1.3130,1.2990,1.3100,2569550
2024-01-25T11:00:00Z,1.3100,1.3250,1.3050,1.3170,2568249
2024-01-25T12:00:00Z,1.3170,1.3200,1.2830,1.2910,3863907
2024-01-25T13:00:00Z,1.2900,1.3000,1.2860,1.2950,3250119
2024-01-25T14:00:00Z,1.2950,1.3020,1.2880,1.2960,2281174
2024-01-25T15:00:00Z,1.2970,1.2990,1.2770,1.2860,3088975
2024-01-25T16:00:00Z,1.2860,1.2960,1.2830,1.2850,2180494
2024-01-25T17:00:00Z,1.2860,1.3000,1.2750,1.2950,2672114
2024-01-25T18:00:00Z,1.2960,1.3130,1.2940,1.3010,3079629
2024-01-25T19:00:00Z,1.3020,1.3170,1.2980,1.3140,1796072
2024-01-25T20:00:00Z,1.3140,1.3140,1.3010,1.3100,1719648
2024-01-25T21:00:00Z,1.3090,1.3230,1.3080,1.3160,2293097
2024-01-25T22:00:00Z,1.3150,1.3170,1.3080,1.3120,1238492
2024-01-25T23:00:00Z,1.3120,1.3170,1.3060,1.3150,1762877
2024-01-26T00:00:00Z,1.3150,1.3240,1.2980,1.3180,3142519
2024-01-26T01:00:00Z,1.3170,1.3310,1.3090,1.3260,1979918
2024-01-26T02:00:00Z,1.3250,1.3380,1.3220,1.3320,2146107
2024-01-26T03:00:00Z,1.3330,1.3410,1.3320,1.3360,1690099
2024-01-26T04:00:00Z,1.3360,1.3430,1.3340,1.3340,1721497
2024-01-26T05:00:00Z,1.3350,1.3380,1.3300,1.3350,1348320
2024-01-26T06:00:00Z,1.3350,1.3390,1.3250,1.3250,1236627
2024-01-26T07:00:00Z,1.3250,1.3300,1.3220,1.3240,1853040
2024-01-26T08:00:00Z,1.3240,1.3340,1.3220,1.3310,1878212
2024-01-26T09:00:00Z,1.3320,1.3430,1.3290,1.3300,1525492
2024-01-26T10:00:00Z,1.3310,1.3490,1.3290,1.3490,2499175
2024-01-26T11:00:00Z,1.3490,1.3640,1.3470,1.3590,3470495
2024-01-26T12:00:00Z,1.3590,1.3610,1.3500,1.3550,2527127
2024-01-26T13:00:00Z,1.3560,1.3600,1.3490,1.3540,2096021
2024-01-26T14:00:00Z,1.3550,1.3710,1.3540,1.3680,2226661
2024-01-26T15:00:00Z,1.3690,1.3720,1.3630,1.3680,2073380
2024-01-26T16:00:00Z,1.3690,1.3880,1.3680,1.3860,2668406
2024-01-26T17:00:00Z,1.3870,1.3890,1.3800,1.3870,1797258
2024-01-26T18:00:00Z,1.3860,1.3930,1.3840,1.3850,1762814
2024-01-26T19:00:00Z,1.3860,1.3860,1.3800,1.3840,1304460
2024-01-26T20:00:00Z,1.3840,1.3910,1.3740,1.3780,2007166
2024-01-26T21:00:00Z,1.3790,1.3860,1.3740,1.3830,1194342
2024-01-26T22:00:00Z,1.3840,1.3940,1.3820,1.3920,984922
2024-01-26T23:00:00Z,1.3930,1.3970,1.3900,1.3960,1498993
2024-01-27T00:00:00Z,1.3960,1.4160,1.3930,1.4140,4883720
2024-01-27T01:00:00Z,1.4140,1.4190,1.4050,1.4140,3510678
2024-01-27T02:00:00Z,1.4140,1.4270,1.4130,1.4200,1998542
2024-01-27T03:00:00Z,1.4210,1.4280,1.4200,1.4250,1528200
2024-01-27T04:00:00Z,1.4260,1.4600,1.4250,1.4520,4846852
2024-01-27T05:00:00Z,1.4520,1.4520,1.4180,1.4230,4830475
2024-01-27T06:00:00Z,1.4220,1.4340,1.4210,1.4280,3305648
2024-01-27T07:00:00Z,1.4280,1.4290,1.4100,1.4160,3313983
2024-01-27T08:00:00Z,1.4160,1.4290,1.4100,1.4210,3115405
2024-01-27T09:00:00Z,1.4210,1.4440,1.4180,1.4400,3154750
2024-01-27T10:00:00Z,1.4410,1.4500,1.4280,1.4310,3218039
2024-01-27T11:00:00Z,1.4320,1.4370,1.4260,1.4310,2087253
2024-01-27T12:00:00Z,1.4310,1.4380,1.4240,1.4260,2342933
2024-01-27T13:00:00Z,1.4260,1.4360,1.4230,1.4280,2024064
2024-01-27T14:00:00Z,1.4280,1.4330,1.4220,1.4260,1964915
2024-01-27T15:00:00Z,1.4270,1.4340,1.4240,1.4320,1469613
2024-01-27T16:00:00Z,1.4320,1.4330,1.4150,1.4170,2112391
2024-01-27T17:00:00Z,1.4180,1.4260,1.4140,1.4210,1955790
2024-01-27T18:00:00Z,1.4210,1.4220,1.4150,1.4200,1291693
2024-01-27T19:00:00Z,1.4200,1.4260,1.4170,1.4210,1885127
2024-01-27T20:00:00Z,1.4210,1.4270,1.4180,1.4230,1528116
2024-01-27T21:00:00Z,1.4230,1.4230,1.4140,1.4150,1231202
2024-01-27T22:00:00Z,1.4160,1.4180,1.4110,1.4130,1341346
2024-01-27T23:00:00Z,1.4130,1.4140,1.4060,1.4120,2357191
2024-01-28T00:00:00Z,1.4110,1.4210,1.4080,1.4150,3142862
2024-01-28T01:00:00Z,1.4160,1.4280,1.4150,1.4210,2876707
2024-01-28T02:00:00Z,1.4210,1.4250,1.4120,1.4150,1385332
2024-01-28T03:00:00Z,1.4160,1.4310,1.4140,1.4300,1621630
2024-01-28T04:00:00Z,1.4300,1.4390,1.4200,1.4370,2330947
2024-01-28T05:00:00Z,1.4380,1.4420,1.4250,1.4320,2377046
2024-01-28T06:00:00Z,1.4320,1.4350,1.4210,1.4260,2216735
2024-01-28T07:00:00Z,1.4270,1.4360,1.4230,1.4260,1763901
2024-01-28T08:00:00Z,1.4260,1.4320,1.4160,1.4280,2133562
2024-01-28T09:00:00Z,1.4290,1.4400,1.4270,1.4320,2102228
2024-01-28T10:00:00Z,1.4320,1.4400,1.4290,1.4320,1554309
2024-01-28T11:00:00Z,1.4330,1.4520,1.4270,1.4400,3699611
2024-01-28T12:00:00Z,1.4410,1.4420,1.4120,1.4240,3748856
2024-01-28T13:00:00Z,1.4240,1.4260,1.4120,1.4200,2825220
2024-01-28T14:00:00Z,1.4200,1.4230,1.3990,1.4020,3641985
2024-01-28T15:00:00Z,1.4020,1.4130,1.4000,1.4060,2675066
2024-01-28T16:00:00Z,1.4070,1.4170,1.4050,1.4150,1649469
2024-01-28T17:00:00Z,1.4160,1.4160,1.4010,1.4050,2368579
2024-01-28T18:00:00Z,1.4050,1.4090,1.3860,1.3890,3368930
2024-01-28T19:00:00Z,1.3890,1.3960,1.3710,1.3790,3515274
2024-01-28T20:00:00Z,1.3790,1.3890,1.3650,1.3860,3091265
2024-01-28T21:00:00Z,1.3870,1.3900,1.3760,1.3840,1623332
2024-01-28T22:00:00Z,1.3840,1.3850,1.3690,1.3760,1754518
2024-01-28T23:00:00Z,1.3770,1.3880,1.3700,1.3850,1977519
2024-01-29T00:00:00Z,1.3860,1.3890,1.3770,1.3820,2543121
2024-01-29T01:00:00Z,1.3830,1.3990,1.3820,1.3860,2384496
2024-01-29T02:00:00Z,1.3850,1.3910,1.3840,1.3880,1212514
2024-01-29T03:00:00Z,1.3870,1.3960,1.3860,1.3880,1174927
2024-01-29T04:00:00Z,1.3880,1.3890,1.3770,1.3820,1402328
2024-01-29T05:00:00Z,1.3830,1.3870,1.3790,1.3810,1046147
2024-01-29T06:00:00Z,1.3820,1.3870,1.3800,1.3840,1149571
2024-01-29T07:00:00Z,1.3850,1.3920,1.3810,1.3850,1585637
2024-01-29T08:00:00Z,1.3860,1.4130,1.3850,1.4100,3015883
2024-01-29T09:00:00Z,1.4100,1.4110,1.3970,1.4070,2202629
2024-01-29T10:00:00Z,1.4080,1.4100,1.4020,1.4050,1630448
2024-01-29T11:00:00Z,1.4050,1.4060,1.4000,1.4050,1338897
2024-01-29T12:00:00Z,1.4060,1.4090,1.3980,1.4060,1756809
2024-01-29T13:00:00Z,1.4070,1.4080,1.3830,1.3870,3335582
2024-01-29T14:00:00Z,1.3870,1.4060,1.3850,1.4030,3417326
2024-01-29T15:00:00Z,1.4030,1.4520,1.3960,1.4480,9302207
2024-01-29T16:00:00Z,1.4490,1.4710,1.4360,1.4490,7101921
2024-01-29T17:00:00Z,1.4500,1.4660,1.4460,1.4530,3974970
2024-01-29T18:00:00Z,1.4530,1.4710,1.4470,1.4560,2976886
2024-01-29T19:00:00Z,1.4560,1.4600,1.4440,1.4440,2095233
2024-01-29T20:00:00Z,1.4440,1.4540,1.4400,1.4540,1828694
2024-01-29T21:00:00Z,1.4540,1.4540,1.4320,1.4360,2012309
2024-01-29T22:00:00Z,1.4350,1.4370,1.4290,1.4320,992458
2024-01-29T23:00:00Z,1.4330,1.4360,1.4270,1.4300,1802466
2024-01-30T00:00:00Z,1.4300,1.4320,1.4230,1.4280,2448550
2024-01-30T01:00:00Z,1.4270,1.4440,1.4220,1.4340,2750003
2024-01-30T02:00:00Z,1.4330,1.4470,1.4310,1.4410,2024273
2024-01-30T03:00:00Z,1.4410,1.4440,1.4240,1.4280,1511187
2024-01-30T04:00:00Z,1.4280,1.4300,1.4170,1.4180,2935916
2024-01-30T05:00:00Z,1.4180,1.4230,1.4120,1.4200,1539935
2024-01-30T06:00:00Z,1.4200,1.4210,1.4060,1.4140,2298489
2024-01-30T07:00:00Z,1.4150,1.4200,1.4130,1.4180,1507281
2024-01-30T08:00:00Z,1.4170,1.4270,1.4130,1.4220,2370615
2024-01-30T09:00:00Z,1.4210,1.4250,1.4170,1.4200,1580247
2024-01-30T10:00:00Z,1.4210,1.4280,1.4170,1.4250,1557977
2024-01-30T11:00:00Z,1.4260,1.4310,1.4200,1.4240,1947159
2024-01-30T12:00:00Z,1.4250,1.4270,1.3990,1.4050,6430120
2024-01-30T13:00:00Z,1.4050,1.4120,1.3930,1.4090,4719265
2024-01-30T14:00:00Z,1.4090,1.4190,1.4000,1.4160,3215996
2024-01-30T15:00:00Z,1.4160,1.4380,1.4100,1.4310,3142089
2024-01-30T16:00:00Z,1.4310,1.4390,1.4250,1.4350,3924768
2024-01-30T17:00:00Z,1.4360,1.4410,1.4310,1.4360,1808815
2024-01-30T18:00:00Z,1.4360,1.4440,1.4330,1.4370,2048557
2024-01-30T19:00:00Z,1.4360,1.4380,1.4330,1.4350,1587104
2024-01-30T20:00:00Z,1.4360,1.4420,1.4320,1.4350,1612622
2024-01-30T21:00:00Z,1.4350,1.4360,1.4260,1.4320,2109570
2024-01-30T22:00:00Z,1.4330,1.4390,1.4300,1.4310,1320172
2024-01-30T23:00:00Z,1.4310,1.4420,1.4180,1.4300,4382870
2024-01-31T00:00:00Z,1.4290,1.4350,1.3990,1.4200,5141841
2024-01-31T01:00:00Z,1.4210,1.4380,1.4070,1.4160,3469060
2024-01-31T02:00:00Z,1.4160,1.4240,1.4040,1.4230,1726852
2024-01-31T03:00:00Z,1.4230,1.4260,1.4150,1.4160,1032134
2024-01-31T04:00:00Z,1.4170,1.4170,1.4070,1.4140,1120159
2024-01-31T05:00:00Z,1.4140,1.4180,1.4000,1.4110,1653137
2024-01-31T06:00:00Z,1.4110,1.4210,1.4030,1.4070,2089454
2024-01-31T07:00:00Z,1.4060,1.4150,1.4020,1.4130,1905660
2024-01-31T08:00:00Z,1.4120,1.4370,1.4040,1.4160,4635357
2024-01-31T09:00:00Z,1.4160,1.4170,1.3910,1.3960,5147361
2024-01-31T10:00:00Z,1.3960,1.4040,1.3780,1.3800,5079162
2024-01-31T11:00:00Z,1.3790,1.3980,1.3780,1.3970,2472622
2024-01-31T12:00:00Z,1.3970,1.4220,1.3920,1.4110,3624310
2024-01-31T13:00:00Z,1.4100,1.4160,1.3980,1.4010,2974250
2024-01-31T14:00:00Z,1.4000,1.4010,1.3840,1.3870,5134707
2024-01-31T15:00:00Z,1.3860,1.4080,1.3650,1.4080,5984122
2024-01-31T16:00:00Z,1.4080,1.4470,1.3990,1.4250,6730156
2024-01-31T17:00:00Z,1.4250,1.4270,1.4110,1.4250,3306797
2024-01-31T18:00:00Z,1.4250,1.4280,1.4120,1.4170,2125840
2024-01-31T19:00:00Z,1.4170,1.4270,1.4010,1.4220,3597601
2024-01-31T20:00:00Z,1.4210,1.4240,1.3990,1.4020,4949726
2024-01-31T21:00:00Z,1.4010,1.4100,1.3770,1.3920,5460828
2024-01-31T22:00:00Z,1.3920,1.3950,1.3770,1.3940,1798214
2024-01-31T23:00:00Z,1.3940,1.4070,1.3900,1.3930,2403609
2024-02-01T00:00:00Z,1.3920,1.4190,1.3920,1.4070,4364679
2024-02-01T01:00:00Z,1.4070,1.4080,1.3720,1.3820,6284556
2024-02-01T02:00:00Z,1.3820,1.4320,1.3800,1.4230,4151985
2024-02-01T03:00:00Z,1.4230,1.4320,1.4150,1.4170,3368456
2024-02-01T04:00:00Z,1.4160,1.4460,1.4150,1.4350,5654039
2024-02-01T05:00:00Z,1.4350,1.4510,1.4300,1.4390,4795911
2024-02-01T06:00:00Z,1.4400,1.4540,1.4210,1.4280,5038688
2024-02-01T07:00:00Z,1.4270,1.4380,1.4160,1.4250,4387471
2024-02-01T08:00:00Z,1.4240,1.4400,1.4120,1.4400,4050113
2024-02-01T09:00:00Z,1.4400,1.4860,1.4340,1.4810,14381946
2024-02-01T10:00:00Z,1.4820,1.5060,1.4720,1.5030,19170124
2024-02-01T11:00:00Z,1.5030,1.5080,1.4830,1.4910,18666596
2024-02-01T12:00:00Z,1.4900,1.5250,1.4800,1.5200,24113663
2024-02-01T13:00:00Z,1.5190,1.5380,1.5070,1.5140,16423922
2024-02-01T14:00:00Z,1.5130,1.5190,1.4960,1.5060,17007230
2024-02-01T15:00:00Z,1.5060,1.5140,1.4870,1.4990,15471463
2024-02-01T16:00:00Z,1.4980,1.4990,1.4720,1.4790,11008485
2024-02-01T17:00:00Z,1.4790,1.4980,1.4730,1.4890,6473001
2024-02-01T18:00:00Z,1.4880,1.5060,1.4850,1.4930,5411280
2024-02-01T19:00:00Z,1.4930,1.5060,1.4800,1.5020,4700257
2024-02-01T20:00:00Z,1.5030,1.5140,1.4990,1.5090,7548215
2024-02-01T21:00:00Z,1.5080,1.5150,1.5020,1.5020,3571792
2024-02-01T22:00:00Z,1.5020,1.5150,1.5010,1.5110,2417089
2024-02-01T23:00:00Z,1.5110,1.5130,1.4940,1.5050,4309349
2024-02-02T00:00:00Z,1.5050,1.5200,1.4920,1.5150,6139579
2024-02-02T01:00:00Z,1.5160,1.5230,1.5040,1.5170,4359099
2024-02-02T02:00:00Z,1.5160,1.5180,1.4940,1.5030,4003231
2024-02-02T03:00:00Z,1.5030,1.5170,1.4910,1.4930,3797612
2024-02-02T04:00:00Z,1.4930,1.4960,1.4810,1.4870,3529828
2024-02-02T05:00:00Z,1.4870,1.4910,1.4820,1.4890,1822311
2024-02-02T06:00:00Z,1.4890,1.4990,1.4800,1.4910,2525134
2024-02-02T07:00:00Z,1.4910,1.4960,1.4750,1.4770,3335656
2024-02-02T08:00:00Z,1.4780,1.4800,1.4110,1.4180,20860172
2024-02-02T09:00:00Z,1.4180,1.4280,1.4090,1.4150,6373441
2024-02-02T10:00:00Z,1.4150,1.4320,1.4130,1.4260,3895608
2024-02-02T11:00:00Z,1.4260,1.4330,1.4220,1.4250,4125975
2024-02-02T12:00:00Z,1.4240,1.4290,1.4170,1.4200,2929839
2024-02-02T13:00:00Z,1.4210,1.4220,1.4020,1.4090,6468069
2024-02-02T14:00:00Z,1.4100,1.4190,1.4060,1.4100,4243609
2024-02-02T15:00:00Z,1.4110,1.4210,1.4090,1.4190,4427799
2024-02-02T16:00:00Z,1.4190,1.4270,1.4160,1.4250,5012655
2024-02-02T17:00:00Z,1.4250,1.4300,1.4170,1.4200,3667574
2024-02-02T18:00:00Z,1.4200,1.4240,1.4120,1.4230,3175024
2024-02-02T19:00:00Z,1.4230,1.4250,1.4160,1.4220,1976718
2024-02-02T20:00:00Z,1.4220,1.4240,1.4120,1.4130,2302833
2024-02-02T21:00:00Z,1.4140,1.4270,1.4130,1.4190,2113669
2024-02-02T22:00:00Z,1.4200,1.4260,1.4170,1.4240,1301181
2024-02-02T23:00:00Z,1.4240,1.4250,1.4190,1.4230,2050783
2024-02-03T00:00:00Z,1.4230,1.4340,1.4170,1.4210,3815729
2024-02-03T01:00:00Z,1.4210,1.4350,1.4200,1.4320,3073187
2024-02-03T02:00:00Z,1.4330,1.4370,1.4270,1.4340,2778632
2024-02-03T03:00:00Z,1.4340,1.4390,1.4290,1.4350,2002784
2024-02-03T04:00:00Z,1.4350,1.4360,1.4200,1.4250,2161579
2024-02-03T05:00:00Z,1.4250,1.4330,1.4220,1.4320,1955829
2024-02-03T06:00:00Z,1.4320,1.4330,1.4210,1.4220,2132735
2024-02-03T07:00:00Z,1.4220,1.4230,1.4080,1.4150,3254329
2024-02-03T08:00:00Z,1.4140,1.4180,1.4030,1.4070,2788023
2024-02-03T09:00:00Z,1.4080,1.4200,1.4050,1.4150,2051082
2024-02-03T10:00:00Z,1.4160,1.4190,1.4130,1.4140,1340410
2024-02-03T11:00:00Z,1.4140,1.4160,1.4030,1.4090,2483171
2024-02-03T12:00:00Z,1.4090,1.4130,1.4070,1.4090,1389969
2024-02-03T13:00:00Z,1.4100,1.4120,1.4060,1.4110,1317095
2024-02-03T14:00:00Z,1.4110,1.4160,1.4080,1.4120,2017059
2024-02-03T15:00:00Z,1.4120,1.4270,1.4020,1.4170,5103770
2024-02-03T16:00:00Z,1.4180,1.4200,1.4060,1.4090,2578510
2024-02-03T17:00:00Z,1.4100,1.4150,1.4050,1.4100,2128013
2024-02-03T18:00:00Z,1.4090,1.4110,1.4050,1.4060,2249349
2024-02-03T19:00:00Z,1.4070,1.4110,1.4050,1.4060,991828
2024-02-03T20:00:00Z,1.4070,1.4070,1.3930,1.3990,3058869
2024-02-03T21:00:00Z,1.4000,1.4010,1.3930,1.3950,1767350
2024-02-03T22:00:00Z,1.3950,1.3990,1.3930,1.3970,875846
2024-02-03T23:00:00Z,1.3970,1.4030,1.3920,1.3970,2293714
2024-02-04T00:00:00Z,1.3960,1.3970,1.3760,1.3880,6021373
2024-02-04T01:00:00Z,1.3870,1.3910,1.3780,1.3840,2498232
2024-02-04T02:00:00Z,1.3850,1.3880,1.3790,1.3820,1759038
2024-02-04T03:00:00Z,1.3820,1.3870,1.3790,1.3840,1759134
2024-02-04T04:00:00Z,1.3850,1.3850,1.3730,1.3770,2784553
2024-02-04T05:00:00Z,1.3780,1.3790,1.3730,1.3740,1655063
2024-02-04T06:00:00Z,1.3740,1.3800,1.3610,1.3670,3972490
2024-02-04T07:00:00Z,1.3670,1.3720,1.3580,1.3680,2857478
2024-02-04T08:00:00Z,1.3690,1.3720,1.3610,1.3630,1591498
2024-02-04T09:00:00Z,1.3640,1.3660,1.3510,1.3630,3759394
2024-02-04T10:00:00Z,1.3640,1.3730,1.3610,1.3710,1660499
2024-02-04T11:00:00Z,1.3720,1.3820,1.3700,1.3770,2019696
2024-02-04T12:00:00Z,1.3770,1.3840,1.3760,1.3760,1743257
2024-02-04T13:00:00Z,1.3750,1.3800,1.3740,1.3770,1401091
2024-02-04T14:00:00Z,1.3770,1.3800,1.3680,1.3720,2341533
2024-02-04T15:00:00Z,1.3730,1.3790,1.3690,1.3760,2267652
2024-02-04T16:00:00Z,1.3750,1.3820,1.3730,1.3810,1866625
2024-02-04T17:00:00Z,1.3800,1.3870,1.3750,1.3820,2951856
2024-02-04T18:00:00Z,1.3810,1.3830,1.3680,1.3720,2003724
2024-02-04T19:00:00Z,1.3720,1.3740,1.3580,1.3690,3646313
2024-02-04T20:00:00Z,1.3680,1.3790,1.3620,1.3750,2821825
2024-02-04T21:00:00Z,1.3750,1.3800,1.3700,1.3730,2016406
2024-02-04T22:00:00Z,1.3720,1.3760,1.3410,1.3570,2799370
2024-02-04T23:00:00Z,1.3570,1.3600,1.3520,1.3580,2337990
2024-02-05T00:00:00Z,1.3570,1.3630,1.3500,1.3540,2919595
2024-02-05T01:00:00Z,1.3530,1.3610,1.3280,1.3590,5352055
2024-02-05T02:00:00Z,1.3600,1.3620,1.3540,1.3600,1499502
2024-02-05T03:00:00Z,1.3610,1.3720,1.3590,1.3710,1086065
2024-02-05T04:00:00Z,1.3700,1.3760,1.3670,1.3710,1602463
2024-02-05T05:00:00Z,1.3710,1.3720,1.3660,1.3690,797362
2024-02-05T06:00:00Z,1.3690,1.3750,1.3650,1.3728,2375175
2024-02-05T07:00:00Z,1.3726,1.3809,1.3650,1.3791,6805335
2024-02-05T08:00:00Z,1.3791,1.3830,1.3719,1.3738,4797291
2024-02-05T09:00:00Z,1.3739,1.3758,1.3631,1.3716,4706544
2024-02-05T10:00:00Z,1.3717,1.3860,1.3717,1.3745,4844827
2024-02-05T11:00:00Z,1.3748,1.3836,1.3729,1.3824,1793632
2024-02-05T12:00:00Z,1.3821,1.3840,1.3702,1.3742,1697575
2024-02-05T13:00:00Z,1.3742,1.3840,1.3710,1.3818,2112315
2024-02-05T14:00:00Z,1.3817,1.3849,1.3670,1.3688,2512148
2024-02-05T15:00:00Z,1.3687,1.3691,1.3514,1.3566,3814146
2024-02-05T16:00:00Z,1.3565,1.3626,1.3503,1.3604,3007080
2024-02-05T17:00:00Z,1.3603,1.3710,1.3586,1.3678,1768255
2024-02-05T18:00:00Z,1.3677,1.3757,1.3662,1.3747,1537004
2024-02-05T19:00:00Z,1.3747,1.3806,1.3730,1.3738,1703774
2024-02-05T20:00:00Z,1.3741,1.3770,1.3580,1.3684,2307005
2024-02-05T21:00:00Z,1.3686,1.3694,1.3570,1.3603,1592959
2024-02-05T22:00:00Z,1.3603,1.3668,1.3540,1.3652,1863078
2024-02-05T23:00:00Z,1.3652,1.3767,1.3644,1.3751,3219430
2024-02-06T00:00:00Z,1.3751,1.3798,1.3692,1.3772,3224287
2024-02-06T01:00:00Z,1.3771,1.3837,1.3730,1.3828,2891934
2024-02-06T02:00:00Z,1.3828,1.3914,1.3805,1.3858,3127742
2024-02-06T03:00:00Z,1.3857,1.3869,1.3732,1.3736,2217548
2024-02-06T04:00:00Z,1.3737,1.3780,1.3720,1.3737,1520246
2024-02-06T05:00:00Z,1.3737,1.3773,1.3687,1.3717,1563988
2024-02-06T06:00:00Z,1.3718,1.3778,1.3685,1.3770,1717408
2024-02-06T07:00:00Z,1.3770,1.3830,1.3661,1.3734,7061350
2024-02-06T08:00:00Z,1.3734,1.3869,1.3712,1.3860,1970220
2024-02-06T09:00:00Z,1.3859,1.3860,1.3793,1.3801,1817157
2024-02-06T10:00:00Z,1.3802,1.3812,1.3600,1.3708,3099195
2024-02-06T11:00:00Z,1.3708,1.3729,1.3631,1.3715,1507722
2024-02-06T12:00:00Z,1.3715,1.3770,1.3600,1.3673,2369666
2024-02-06T13:00:00Z,1.3674,1.3710,1.3571,1.3692,2278554
2024-02-06T14:00:00Z,1.3692,1.3760,1.3597,1.3619,2284173
2024-02-06T15:00:00Z,1.3618,1.3692,1.3580,1.3654,2471750
2024-02-06T16:00:00Z,1.3653,1.3677,1.3600,1.3606,2146747
2024-02-06T17:00:00Z,1.3606,1.3694,1.3575,1.3690,1493837
2024-02-06T18:00:00Z,1.3691,1.3778,1.3671,1.3761,1527052
2024-02-06T19:00:00Z,1.3762,1.3790,1.3683,1.3726,1599546
2024-02-06T20:00:00Z,1.3726,1.3741,1.3628,1.3655,1561174
2024-02-06T21:00:00Z,1.3654,1.3670,1.3600,1.3619,1006370
2024-02-06T22:00:00Z,1.3619,1.3661,1.3584,1.3645,1035728
2024-02-06T23:00:00Z,1.3645,1.3656,1.3541,1.3556,2846228
2024-02-07T00:00:00Z,1.3556,1.3660,1.3545,1.3568,2866784
2024-02-07T01:00:00Z,1.3567,1.3652,1.3556,1.3586,2300663
2024-02-07T02:00:00Z,1.3587,1.3616,1.3523,1.3546,1838384
2024-02-07T03:00:00Z,1.3546,1.3582,1.3506,1.3512,1712212
2024-02-07T04:00:00Z,1.3512,1.3569,1.3422,1.3474,2770914
2024-02-07T05:00:00Z,1.3473,1.3589,1.3349,1.3553,2443783
2024-02-07T06:00:00Z,1.3552,1.3670,1.3412,1.3516,15409204
2024-02-07T07:00:00Z,1.3517,1.3562,1.3377,1.3455,2059580
2024-02-07T08:00:00Z,1.3455,1.3550,1.3414,1.3513,1338838
2024-02-07T09:00:00Z,1.3513,1.3560,1.3450,1.3507,1223467
2024-02-07T10:00:00Z,1.3507,1.3520,1.3426,1.3446,1217977
2024-02-07T11:00:00Z,1.3447,1.3500,1.3436,1.3468,1054928
2024-02-07T12:00:00Z,1.3467,1.3555,1.3446,1.3550,1256710
2024-02-07T13:00:00Z,1.3552,1.3597,1.3520,1.3550,1788446
2024-02-07T14:00:00Z,1.3551,1.3648,1.3517,1.3560,2307479
2024-02-07T15:00:00Z,1.3560,1.3627,1.3490,1.3605,1681176
2024-02-07T16:00:00Z,1.3606,1.3699,1.3574,1.3694,2151888
2024-02-07T17:00:00Z,1.3694,1.3750,1.3655,1.3723,2597581
2024-02-07T18:00:00Z,1.3724,1.3782,1.3701,1.3754,1393928
2024-02-07T19:00:00Z,1.3754,1.3776,1.3704,1.3745,1173136
2024-02-07T20:00:00Z,1.3746,1.3886,1.3746,1.3878,2568218
2024-02-07T21:00:00Z,1.3875,1.3979,1.3862,1.3956,2685110
2024-02-07T22:00:00Z,1.3957,1.3973,1.3914,1.3960,1274240
2024-02-07T23:00:00Z,1.3960,1.3985,1.3920,1.3954,1500628
2024-02-08T00:00:00Z,1.3954,1.4079,1.3950,1.4069,2293379
2024-02-08T01:00:00Z,1.4069,1.4078,1.3932,1.3961,1613753
2024-02-08T02:00:00Z,1.3960,1.4033,1.3923,1.4022,1393097
2024-02-08T03:00:00Z,1.4021,1.4033,1.3834,1.3838,3092779
2024-02-08T04:00:00Z,1.3838,1.3917,1.3838,1.3881,1342360
2024-02-08T05:00:00Z,1.3880,1.3922,1.3851,1.3877,957866
2024-02-08T06:00:00Z,1.3877,1.3968,1.3850,1.3895,1327085
2024-02-08T07:00:00Z,1.3895,1.3963,1.3881,1.3917,909496
2024-02-08T08:00:00Z,1.3917,1.3978,1.3905,1.3973,925025
2024-02-08T09:00:00Z,1.3972,1.3980,1.3899,1.3906,728913
2024-02-08T10:00:00Z,1.3907,1.3940,1.3856,1.3884,1410255
2024-02-08T11:00:00Z,1.3884,1.3914,1.3835,1.3894,1086156
2024-02-08T12:00:00Z,1.3893,1.3982,1.3840,1.3865,1333442
2024-02-08T13:00:00Z,1.3864,1.3909,1.3780,1.3905,1986723
2024-02-08T14:00:00Z,1.3905,1.4008,1.3890,1.3934,2951186
2024-02-08T15:00:00Z,1.3933,1.4080,1.3905,1.3986,3318927
2024-02-08T16:00:00Z,1.3987,1.4050,1.3767,1.3920,4340843
2024-02-08T17:00:00Z,1.3921,1.4056,1.3862,1.3996,2673175
2024-02-08T18:00:00Z,1.3996,1.4074,1.3982,1.4004,1762342
2024-02-08T19:00:00Z,1.4004,1.4019,1.3917,1.3924,1344442
2024-02-08T20:00:00Z,1.3925,1.4013,1.3910,1.3988,1087925
2024-02-08T21:00:00Z,1.3989,1.4020,1.3944,1.3978,1096746
2024-02-08T22:00:00Z,1.3979,1.4075,1.3970,1.3996,920177
2024-02-08T23:00:00Z,1.3997,1.4068,1.3989,1.4002,1470626
2024-02-09T00:00:00Z,1.4002,1.4116,1.3991,1.4088,2071081
2024-02-09T01:00:00Z,1.4089,1.4163,1.4084,1.4158,1417247
2024-02-09T02:00:00Z,1.4158,1.4291,1.4155,1.4278,2601217
2024-02-09T03:00:00Z,1.4276,1.4285,1.4130,1.4142,1532158
2024-02-09T04:00:00Z,1.4142,1.4173,1.4006,1.4067,1729778
2024-02-09T05:00:00Z,1.4068,1.4170,1.4046,1.4160,910362
2024-02-09T06:00:00Z,1.4160,1.4410,1.4112,1.4312,13518856
2024-02-09T07:00:00Z,1.4312,1.4469,1.4150,1.4164,13869938
2024-02-09T08:00:00Z,1.4164,1.4226,1.4010,1.4162,5411187
2024-02-09T09:00:00Z,1.4159,1.4175,1.4014,1.4093,3010839
2024-02-09T10:00:00Z,1.4093,1.4125,1.4061,1.4088,1463227
2024-02-09T11:00:00Z,1.4087,1.4149,1.4037,1.4130,2229265
2024-02-09T12:00:00Z,1.4130,1.4210,1.4122,1.4167,2151209
2024-02-09T13:00:00Z,1.4167,1.4230,1.4150,1.4197,1759430
2024-02-09T14:00:00Z,1.4197,1.4217,1.3880,1.4042,4899434
2024-02-09T15:00:00Z,1.4042,1.4110,1.3906,1.4070,2392906
2024-02-09T16:00:00Z,1.4069,1.4076,1.3899,1.3973,2904023
2024-02-09T17:00:00Z,1.3974,1.4037,1.3950,1.4018,1268589
2024-02-09T18:00:00Z,1.4018,1.4144,1.4003,1.4103,2146794
2024-02-09T19:00:00Z,1.4103,1.4139,1.3970,1.4134,1854615
2024-02-09T20:00:00Z,1.4133,1.4170,1.4111,1.4127,1398420
2024-02-09T21:00:00Z,1.4127,1.4200,1.4046,1.4194,1664169
2024-02-09T22:00:00Z,1.4193,1.4220,1.4148,1.4213,1264868
2024-02-09T23:00:00Z,1.4212,1.4299,1.4199,1.4236,1877409
2024-02-10T00:00:00Z,1.4235,1.4370,1.4231,1.4262,2216173
2024-02-10T01:00:00Z,1.4262,1.4420,1.4224,1.4400,1872987
2024-02-10T02:00:00Z,1.4399,1.4435,1.4310,1.4362,1500384
2024-02-10T03:00:00Z,1.4362,1.4492,1.4361,1.4441,1614364
2024-02-10T04:00:00Z,1.4440,1.4480,1.4362,1.4402,1263995
2024-02-10T05:00:00Z,1.4402,1.4426,1.4342,1.4406,943786
2024-02-10T06:00:00Z,1.4406,1.4426,1.4271,1.4300,1119485
2024-02-10T07:00:00Z,1.4299,1.4326,1.4237,1.4242,1256721
2024-02-10T08:00:00Z,1.4242,1.4322,1.4141,1.4173,2064248
2024-02-10T09:00:00Z,1.4173,1.4332,1.4173,1.4228,3664047
2024-02-10T10:00:00Z,1.4228,1.4274,1.4042,1.4115,3503312
2024-02-10T11:00:00Z,1.4114,1.4235,1.4099,1.4226,1493256
2024-02-10T12:00:00Z,1.4226,1.4250,1.4160,1.4189,836806
2024-02-10T13:00:00Z,1.4190,1.4235,1.4120,1.4206,1038239
2024-02-10T14:00:00Z,1.4206,1.4228,1.4183,1.4216,735255
2024-02-10T15:00:00Z,1.4217,1.4262,1.4197,1.4251,891276
2024-02-10T16:00:00Z,1.4251,1.4307,1.4170,1.4303,1253742
2024-02-10T17:00:00Z,1.4303,1.4375,1.4240,1.4300,3607669
2024-02-10T18:00:00Z,1.4300,1.4398,1.4267,1.4377,1259169
2024-02-10T19:00:00Z,1.4376,1.4444,1.4352,1.4369,1454696
2024-02-10T20:00:00Z,1.4370,1.4458,1.4325,1.4385,1602090
2024-02-10T21:00:00Z,1.4386,1.4484,1.4365,1.4410,1753054
2024-02-10T22:00:00Z,1.4411,1.4452,1.4295,1.4378,1581826
2024-02-10T23:00:00Z,1.4378,1.4418,1.4278,1.4322,1421623
2024-02-11T00:00:00Z,1.4323,1.4430,1.4295,1.4421,1500369
2024-02-11T01:00:00Z,1.4420,1.4460,1.4331,1.4422,1895200
2024-02-11T02:00:00Z,1.4421,1.4467,1.4383,1.4402,920683
2024-02-11T03:00:00Z,1.4402,1.4725,1.4383,1.4574,5201464
2024-02-11T04:00:00Z,1.4575,1.4632,1.4480,1.4497,1567017
2024-02-11T05:00:00Z,1.4498,1.4520,1.4448,1.4452,1103359
2024-02-11T06:00:00Z,1.4453,1.4546,1.4449,1.4538,1549286
2024-02-11T07:00:00Z,1.4537,1.4595,1.4462,1.4581,1874754
2024-02-11T08:00:00Z,1.4580,1.4627,1.4540,1.4553,1244539
2024-02-11T09:00:00Z,1.4552,1.4600,1.4471,1.4478,1189241
2024-02-11T10:00:00Z,1.4478,1.4519,1.4407,1.4479,1887809
2024-02-11T11:00:00Z,1.4478,1.4630,1.4476,1.4605,1763797
2024-02-11T12:00:00Z,1.4605,1.4605,1.4510,1.4554,999709
2024-02-11T13:00:00Z,1.4553,1.4561,1.4440,1.4473,1535997
2024-02-11T14:00:00Z,1.4472,1.4509,1.4337,1.4483,2120105
2024-02-11T15:00:00Z,1.4483,1.4484,1.4402,1.4435,871122
2024-02-11T16:00:00Z,1.4434,1.4443,1.4317,1.4373,1621403
2024-02-11T17:00:00Z,1.4373,1.4468,1.4350,1.4449,1013375
2024-02-11T18:00:00Z,1.4448,1.4448,1.4303,1.4412,1185138
2024-02-11T19:00:00Z,1.4412,1.4416,1.4360,1.4376,687190
2024-02-11T20:00:00Z,1.4377,1.4429,1.4128,1.4221,3072114
2024-02-11T21:00:00Z,1.4221,1.4290,1.4200,1.4246,1210196
2024-02-11T22:00:00Z,1.4246,1.4295,1.4190,1.4252,780828
2024-02-11T23:00:00Z,1.4252,1.4311,1.4217,1.4295,862440
2024-02-12T00:00:00Z,1.4295,1.4394,1.4261,1.4367,1734893
2024-02-12T01:00:00Z,1.4366,1.4529,1.4312,1.4413,1993662
2024-02-12T02:00:00Z,1.4413,1.4435,1.4105,1.4269,2799198
2024-02-12T03:00:00Z,1.4270,1.4365,1.4227,1.4312,997380
2024-02-12T04:00:00Z,1.4310,1.4403,1.4290,1.4317,1573216
2024-02-12T05:00:00Z,1.4317,1.4389,1.4317,1.4343,824486
2024-02-12T06:00:00Z,1.4343,1.4374,1.4168,1.4280,2665242
2024-02-12T07:00:00Z,1.4280,1.4407,1.4280,1.4376,1357452
2024-02-12T08:00:00Z,1.4375,1.4495,1.4367,1.4404,1616075
2024-02-12T09:00:00Z,1.4403,1.4490,1.4301,1.4374,1836244
2024-02-12T10:00:00Z,1.4374,1.4428,1.4294,1.4312,1405439
2024-02-12T11:00:00Z,1.4313,1.4334,1.4220,1.4267,1726676
2024-02-12T12:00:00Z,1.4266,1.4300,1.4188,1.4270,1217425
2024-02-12T13:00:00Z,1.4269,1.4273,1.4214,1.4245,868427
2024-02-12T14:00:00Z,1.4245,1.4453,1.4235,1.4451,1904841
2024-02-12T15:00:00Z,1.4452,1.4700,1.4391,1.4633,5245892
2024-02-12T16:00:00Z,1.4633,1.4662,1.4535,1.4646,2958148
2024-02-12T17:00:00Z,1.4647,1.4876,1.4645,1.4868,4629303
2024-02-12T18:00:00Z,1.4867,1.4920,1.4768,1.4860,2678727
2024-02-12T19:00:00Z,1.4860,1.4943,1.4706,1.4714,2670127
2024-02-12T20:00:00Z,1.4713,1.4838,1.4709,1.4815,1685509
2024-02-12T21:00:00Z,1.4815,1.4825,1.4722,1.4750,1564420
2024-02-12T22:00:00Z,1.4751,1.4842,1.4691,1.4842,1291147
2024-02-12T23:00:00Z,1.4841,1.4855,1.4742,1.4784,1809924
2024-02-13T00:00:00Z,1.4784,1.4985,1.4784,1.4966,2842784
2024-02-13T01:00:00Z,1.4965,1.5042,1.4861,1.4999,2684465
2024-02-13T02:00:00Z,1.4998,1.4999,1.4887,1.4935,1608617
2024-02-13T03:00:00Z,1.4934,1.4988,1.4808,1.4890,1820424
2024-02-13T04:00:00Z,1.4890,1.5048,1.4884,1.5034,2091602
2024-02-13T05:00:00Z,1.5035,1.5041,1.4950,1.5024,1214773
2024-02-13T06:00:00Z,1.5024,1.5024,1.4908,1.4923,1289743
2024-02-13T07:00:00Z,1.4922,1.4997,1.4871,1.4992,1530850
2024-02-13T08:00:00Z,1.4991,1.5080,1.4979,1.5052,1526770
2024-02-13T09:00:00Z,1.5051,1.5125,1.4982,1.5051,2057691
2024-02-13T10:00:00Z,1.5050,1.5054,1.4910,1.4924,2211350
2024-02-13T11:00:00Z,1.4925,1.4990,1.4891,1.4981,1459933
2024-02-13T12:00:00Z,1.4981,1.5008,1.4922,1.4942,894310
2024-02-13T13:00:00Z,1.4943,1.4993,1.4366,1.4774,6151730
2024-02-13T14:00:00Z,1.4776,1.4819,1.4444,1.4620,7091836
2024-02-13T15:00:00Z,1.4621,1.4789,1.4509,1.4743,3124312
2024-02-13T16:00:00Z,1.4743,1.4839,1.4687,1.4767,2959867
2024-02-13T17:00:00Z,1.4768,1.5102,1.4740,1.4917,6222964
2024-02-13T18:00:00Z,1.4915,1.5062,1.4897,1.4965,2596424
2024-02-13T19:00:00Z,1.4965,1.5050,1.4900,1.5023,1572915
2024-02-13T20:00:00Z,1.5023,1.5290,1.4985,1.5221,2840088
2024-02-13T21:00:00Z,1.5220,1.5270,1.5141,1.5188,1965194
2024-02-13T22:00:00Z,1.5187,1.5212,1.5063,1.5152,1715658
2024-02-13T23:00:00Z,1.5151,1.5335,1.5104,1.5286,2267051
2024-02-14T00:00:00Z,1.5285,1.5347,1.5185,1.5246,2467342
2024-02-14T01:00:00Z,1.5246,1.5349,1.5103,1.5169,2336638
2024-02-14T02:00:00Z,1.5169,1.5181,1.5038,1.5111,1207798
2024-02-14T03:00:00Z,1.5110,1.5222,1.5043,1.5181,1273760
2024-02-14T04:00:00Z,1.5181,1.5218,1.5054,1.5111,1191370
2024-02-14T05:00:00Z,1.5112,1.5177,1.5094,1.5156,742443
2024-02-14T06:00:00Z,1.5155,1.5620,1.5106,1.5616,4140838
2024-02-14T07:00:00Z,1.5619,1.5719,1.5432,1.5673,4862606
2024-02-14T08:00:00Z,1.5672,1.5833,1.5583,1.5772,4493273
2024-02-14T09:00:00Z,1.5771,1.5995,1.5674,1.5716,9387888
2024-02-14T10:00:00Z,1.5717,1.5768,1.5627,1.5740,3000561
2024-02-14T11:00:00Z,1.5740,1.5753,1.5644,1.5666,1997956
2024-02-14T12:00:00Z,1.5666,1.5691,1.5399,1.5437,4005262
2024-02-14T13:00:00Z,1.5438,1.5609,1.5415,1.5598,3139350
2024-02-14T14:00:00Z,1.5599,1.5665,1.5489,1.5550,3434048
2024-02-14T15:00:00Z,1.5550,1.5573,1.5362,1.5503,2979145
2024-02-14T16:00:00Z,1.5504,1.5505,1.5250,1.5372,3584146
2024-02-14T17:00:00Z,1.5373,1.5514,1.5353,1.5440,1997607
2024-02-14T18:00:00Z,1.5439,1.5560,1.5402,1.5536,1169844
2024-02-14T19:00:00Z,1.5535,1.5608,1.5482,1.5571,1381692
2024-02-14T20:00:00Z,1.5571,1.5667,1.5550,1.5646,1489081
2024-02-14T21:00:00Z,1.5646,1.5677,1.5594,1.5651,1147189
2024-02-14T22:00:00Z,1.5652,1.5719,1.5601,1.5711,1010259
2024-02-14T23:00:00Z,1.5711,1.5719,1.5600,1.5662,1528363
2024-02-15T00:00:00Z,1.5662,1.5839,1.5616,1.5737,3408566
2024-02-15T01:00:00Z,1.5736,1.5789,1.5450,1.5515,3467430
2024-02-15T02:00:00Z,1.5516,1.5575,1.5414,1.5520,3036796
2024-02-15T03:00:00Z,1.5516,1.5758,1.5510,1.5647,2336186
2024-02-15T04:00:00Z,1.5646,1.5727,1.5557,1.5626,2642236
2024-02-15T05:00:00Z,1.5623,1.5640,1.5312,1.5467,3174924
2024-02-15T06:00:00Z,1.5467,1.5726,1.5432,1.5678,2740727
2024-02-15T07:00:00Z,1.5677,1.5815,1.5608,1.5799,1880460
2024-02-15T08:00:00Z,1.5799,1.5800,1.5675,1.5731,2017158
2024-02-15T09:00:00Z,1.5731,1.5942,1.5722,1.5933,2239461
2024-02-15T10:00:00Z,1.5934,1.6200,1.5910,1.6107,3992904
2024-02-15T11:00:00Z,1.6107,1.6311,1.6025,1.6087,4285241
2024-02-15T12:00:00Z,1.6087,1.6246,1.6026,1.6181,2786918
2024-02-15T13:00:00Z,1.6180,1.6495,1.6152,1.6429,3941195
2024-02-15T14:00:00Z,1.6429,1.6747,1.6400,1.6738,4545964
2024-02-15T15:00:00Z,1.6738,1.6826,1.6343,1.6505,8717181
2024-02-15T16:00:00Z,1.6504,1.6580,1.6270,1.6432,5166016
2024-02-15T17:00:00Z,1.6431,1.6469,1.6253,1.6311,2703881
2024-02-15T18:00:00Z,1.6310,1.6469,1.6261,1.6361,1823959
2024-02-15T19:00:00Z,1.6361,1.6367,1.6076,1.6213,2673098
2024-02-15T20:00:00Z,1.6212,1.6258,1.5959,1.6028,3025619
2024-02-15T21:00:00Z,1.6027,1.6108,1.5831,1.5917,3881783
2024-02-15T22:00:00Z,1.5917,1.6058,1.5879,1.5966,2226206
2024-02-15T23:00:00Z,1.5966,1.6057,1.5850,1.6054,1984830
2024-02-16T00:00:00Z,1.6054,1.6093,1.5846,1.5930,2400973
2024-02-16T01:00:00Z,1.5930,1.6235,1.5886,1.6161,2206382
2024-02-16T02:00:00Z,1.6160,1.6307,1.6086,1.6242,2607262
2024-02-16T03:00:00Z,1.6241,1.6310,1.6100,1.6303,1904915
2024-02-16T04:00:00Z,1.6302,1.6519,1.6282,1.6440,3501426
2024-02-16T05:00:00Z,1.6439,1.6518,1.6339,1.6491,2081466
2024-02-16T06:00:00Z,1.6492,1.6530,1.6317,1.6368,2301539
2024-02-16T07:00:00Z,1.6368,1.6394,1.6135,1.6203,3145460
2024-02-16T08:00:00Z,1.6203,1.6410,1.6181,1.6342,1911630
2024-02-16T09:00:00Z,1.6342,1.6360,1.6121,1.6263,2929256
2024-02-16T10:00:00Z,1.6262,1.6531,1.6200,1.6531,2187441
2024-02-16T11:00:00Z,1.6531,1.6543,1.6422,1.6463,2985132
2024-02-16T12:00:00Z,1.6463,1.6719,1.6459,1.6581,5035108
2024-02-16T13:00:00Z,1.6581,1.6797,1.6388,1.6487,5803467
2024-02-16T14:00:00Z,1.6486,1.6502,1.5810,1.6049,7200116
2024-02-16T15:00:00Z,1.6047,1.6150,1.5890,1.6134,6458220
2024-02-16T16:00:00Z,1.6136,1.6379,1.6083,1.6238,4569834
2024-02-16T17:00:00Z,1.6234,1.6250,1.6112,1.6184,2163139
2024-02-16T18:00:00Z,1.6184,1.6260,1.6071,1.6232,1481251
2024-02-16T19:00:00Z,1.6232,1.6336,1.6129,1.6191,1906723
2024-02-16T20:00:00Z,1.6189,1.6520,1.6154,1.6511,3360886
2024-02-16T21:00:00Z,1.6510,1.6704,1.6424,1.6698,2237193
2024-02-16T22:00:00Z,1.6697,1.6813,1.6593,1.6660,3283072
2024-02-16T23:00:00Z,1.6660,1.6997,1.6637,1.6994,3533727
2024-02-17T00:00:00Z,1.6992,1.6999,1.6753,1.6803,3272814
2024-02-17T01:00:00Z,1.6803,1.6848,1.6402,1.6506,4208157
2024-02-17T02:00:00Z,1.6506,1.6707,1.6387,1.6660,2606335
2024-02-17T03:00:00Z,1.6661,1.6734,1.6586,1.6599,1051108
2024-02-17T04:00:00Z,1.6599,1.6615,1.6350,1.6359,1816625
2024-02-17T05:00:00Z,1.6359,1.6425,1.6251,1.6296,1697374
2024-02-17T06:00:00Z,1.6296,1.6440,1.6283,1.6387,1435437
2024-02-17T07:00:00Z,1.6387,1.6547,1.6369,1.6533,2268774
2024-02-17T08:00:00Z,1.6536,1.6550,1.6059,1.6150,5182789
2024-02-17T09:00:00Z,1.6149,1.6201,1.6015,1.6051,2341616
2024-02-17T10:00:00Z,1.6052,1.6094,1.5960,1.6044,2130217
2024-02-17T11:00:00Z,1.6044,1.6193,1.5980,1.6120,2519665
2024-02-17T12:00:00Z,1.6119,1.6158,1.6068,1.6096,1194163
2024-02-17T13:00:00Z,1.6097,1.6107,1.5843,1.5899,3663797
2024-02-17T14:00:00Z,1.5897,1.5973,1.5567,1.5757,5633480
2024-02-17T15:00:00Z,1.5756,1.5901,1.5637,1.5882,2675901
2024-02-17T16:00:00Z,1.5881,1.6382,1.5860,1.6312,7714084
2024-02-17T17:00:00Z,1.6312,1.6470,1.6304,1.6433,2950029
2024-02-17T18:00:00Z,1.6433,1.6512,1.6280,1.6323,2019286
2024-02-17T19:00:00Z,1.6324,1.6333,1.6217,1.6250,1050142
2024-02-17T20:00:00Z,1.6250,1.6378,1.6228,1.6353,1016010
2024-02-17T21:00:00Z,1.6354,1.6598,1.6340,1.6581,1788924
2024-02-17T22:00:00Z,1.6580,1.6771,1.6568,1.6584,2491200
2024-02-17T23:00:00Z,1.6584,1.6636,1.6439,1.6490,1564084
2024-02-18T00:00:00Z,1.6492,1.6673,1.6456,1.6560,1823979
2024-02-18T01:00:00Z,1.6559,1.6608,1.6384,1.6436,1411967
2024-02-18T02:00:00Z,1.6436,1.6484,1.6175,1.6286,3443532
2024-02-18T03:00:00Z,1.6285,1.6368,1.6232,1.6363,1122866
2024-02-18T04:00:00Z,1.6363,1.6458,1.6363,1.6420,902443
2024-02-18T05:00:00Z,1.6419,1.6769,1.6405,1.6711,1927122
2024-02-18T06:00:00Z,1.6711,1.6761,1.6486,1.6634,2292589
2024-02-18T07:00:00Z,1.6632,1.7047,1.6530,1.6872,5065333
2024-02-18T08:00:00Z,1.6872,1.7426,1.6871,1.7355,5274405
2024-02-18T09:00:00Z,1.7355,1.7506,1.7167,1.7288,3825291
2024-02-18T10:00:00Z,1.7288,1.7343,1.7167,1.7227,2256951
2024-02-18T11:00:00Z,1.7228,1.7284,1.7051,1.7082,1972952
2024-02-18T12:00:00Z,1.7083,1.7189,1.6886,1.6907,2660123
2024-02-18T13:00:00Z,1.6909,1.6978,1.6713,1.6760,4515491
2024-02-18T14:00:00Z,1.6761,1.6985,1.6734,1.6941,1973078
2024-02-18T15:00:00Z,1.6943,1.7042,1.6911,1.7012,1661423
2024-02-18T16:00:00Z,1.7012,1.7095,1.6878,1.7077,1642289
2024-02-18T17:00:00Z,1.7078,1.7193,1.7050,1.7177,1719131
2024-02-18T18:00:00Z,1.7177,1.7269,1.7080,1.7235,2357177
2024-02-18T19:00:00Z,1.7238,1.7331,1.7156,1.7261,1608159
2024-02-18T20:00:00Z,1.7260,1.7305,1.7086,1.7280,2215487
2024-02-18T21:00:00Z,1.7280,1.7353,1.7180,1.7318,1205359
2024-02-18T22:00:00Z,1.7318,1.7491,1.7282,1.7428,2090928
2024-02-18T23:00:00Z,1.7428,1.7438,1.7171,1.7338,2365438
2024-02-19T00:00:00Z,1.7339,1.7417,1.7224,1.7263,2027682
2024-02-19T01:00:00Z,1.7263,1.7277,1.7070,1.7146,1636084
2024-02-19T02:00:00Z,1.7146,1.7179,1.7055,1.7144,986022
2024-02-19T03:00:00Z,1.7144,1.7230,1.7065,1.7206,1007792
2024-02-19T04:00:00Z,1.7205,1.7421,1.7180,1.7416,1960780
2024-02-19T05:00:00Z,1.7416,1.7617,1.7311,1.7610,2650912
2024-02-19T06:00:00Z,1.7611,1.7628,1.7462,1.7516,2777081
2024-02-19T07:00:00Z,1.7514,1.7537,1.7380,1.7489,1554601
2024-02-19T08:00:00Z,1.7490,1.7491,1.7127,1.7174,2331173
2024-02-19T09:00:00Z,1.7174,1.7291,1.7060,1.7065,2303574
2024-02-19T10:00:00Z,1.7065,1.7079,1.6806,1.7067,4087630
2024-02-19T11:00:00Z,1.7067,1.7173,1.7023,1.7137,1760893
2024-02-19T12:00:00Z,1.7136,1.7263,1.7077,1.7158,2174385
2024-02-19T13:00:00Z,1.7160,1.7307,1.7117,1.7269,2343487
2024-02-19T14:00:00Z,1.7268,1.7358,1.7150,1.7278,3127179
2024-02-19T15:00:00Z,1.7276,1.7475,1.7256,1.7364,2643067
2024-02-19T16:00:00Z,1.7365,1.7463,1.7108,1.7181,3271657
2024-02-19T17:00:00Z,1.7182,1.7528,1.7046,1.7434,4624016
2024-02-19T18:00:00Z,1.7434,1.7558,1.7364,1.7492,2309909
2024-02-19T19:00:00Z,1.7492,1.7531,1.7312,1.7392,1753276
2024-02-19T20:00:00Z,1.7392,1.7527,1.7350,1.7470,1165333
2024-02-19T21:00:00Z,1.7470,1.7768,1.7430,1.7519,3605466
2024-02-19T22:00:00Z,1.7518,1.7625,1.7463,1.7529,1640721
2024-02-19T23:00:00Z,1.7529,1.7611,1.7193,1.7258,2182184
2024-02-20T00:00:00Z,1.7259,1.7409,1.7060,1.7088,2846274
2024-02-20T01:00:00Z,1.7088,1.7206,1.6839,1.7072,3468580
2024-02-20T02:00:00Z,1.7071,1.7238,1.7040,1.7214,1394651
2024-02-20T03:00:00Z,1.7215,1.7249,1.7067,1.7094,1603037
2024-02-20T04:00:00Z,1.7095,1.7685,1.7017,1.7618,4714097
2024-02-20T05:00:00Z,1.7617,1.7990,1.7607,1.7975,3806914
2024-02-20T06:00:00Z,1.7975,1.9148,1.7961,1.8838,14780837
2024-02-20T07:00:00Z,1.8838,1.8883,1.8503,1.8588,6758312
2024-02-20T08:00:00Z,1.8588,1.8697,1.8115,1.8426,6352528
2024-02-20T09:00:00Z,1.8425,1.8518,1.7875,1.8127,5828384
2024-02-20T10:00:00Z,1.8128,1.8404,1.8015,1.8254,5112225
2024-02-20T11:00:00Z,1.8255,1.8440,1.8124,1.8387,3240088
2024-02-20T12:00:00Z,1.8385,1.8461,1.8140,1.8150,3888000
2024-02-20T13:00:00Z,1.8153,1.8480,1.8063,1.8319,5705836
2024-02-20T14:00:00Z,1.8319,1.8339,1.7519,1.7744,9756515
2024-02-20T15:00:00Z,1.7744,1.7788,1.6942,1.7432,8673553
2024-02-20T16:00:00Z,1.7433,1.7720,1.7368,1.7398,5873589
2024-02-20T17:00:00Z,1.7399,1.7719,1.7279,1.7658,5618465
2024-02-20T18:00:00Z,1.7657,1.8292,1.7591,1.8254,5373727
2024-02-20T19:00:00Z,1.8253,1.8327,1.8010,1.8233,4691663
2024-02-20T20:00:00Z,1.8231,1.8246,1.8051,1.8081,2489135
2024-02-20T21:00:00Z,1.8083,1.8229,1.8017,1.8108,1747267
2024-02-20T22:00:00Z,1.8109,1.8447,1.8093,1.8270,2444741
2024-02-20T23:00:00Z,1.8270,1.8546,1.8254,1.8479,3493333
2024-02-21T00:00:00Z,1.8480,1.8573,1.8200,1.8299,2864411
2024-02-21T01:00:00Z,1.8297,1.8365,1.8031,1.8087,2293986
2024-02-21T02:00:00Z,1.8087,1.8114,1.7814,1.7895,2718857
2024-02-21T03:00:00Z,1.7896,1.8020,1.7888,1.7894,1046205
2024-02-21T04:00:00Z,1.7894,1.7941,1.7600,1.7691,2776578
2024-02-21T05:00:00Z,1.7691,1.7958,1.7575,1.7582,2961672
2024-02-21T06:00:00Z,1.7582,1.7640,1.7437,1.7515,2384006
2024-02-21T07:00:00Z,1.7516,1.7557,1.7256,1.7327,2969581
2024-02-21T08:00:00Z,1.7327,1.7530,1.7266,1.7470,2232678
2024-02-21T09:00:00Z,1.7469,1.7477,1.6931,1.7028,5667400
2024-02-21T10:00:00Z,1.7028,1.7147,1.6820,1.7070,4090701
2024-02-21T11:00:00Z,1.7070,1.7146,1.6810,1.6891,3854732
2024-02-21T12:00:00Z,1.6890,1.7061,1.6695,1.7021,4872955
2024-02-21T13:00:00Z,1.7021,1.7120,1.6823,1.6950,2707221
2024-02-21T14:00:00Z,1.6952,1.6968,1.6550,1.6686,5574601
2024-02-21T15:00:00Z,1.6687,1.6908,1.6617,1.6830,3139215
2024-02-21T16:00:00Z,1.6831,1.6980,1.6652,1.6923,2360715
2024-02-21T17:00:00Z,1.6923,1.6986,1.6468,1.6489,3203940
2024-02-21T18:00:00Z,1.6491,1.6603,1.6304,1.6514,3203777
2024-02-21T19:00:00Z,1.6513,1.6769,1.6434,1.6768,1903810
2024-02-21T20:00:00Z,1.6768,1.6802,1.6623,1.6665,1573886
2024-02-21T21:00:00Z,1.6666,1.6970,1.6648,1.6965,1817596
2024-02-21T22:00:00Z,1.6964,1.7034,1.6856,1.7000,1306690
2024-02-21T23:00:00Z,1.7000,1.7185,1.6972,1.7169,1790953
2024-02-22T00:00:00Z,1.7169,1.7268,1.7052,1.7077,2603793
2024-02-22T01:00:00Z,1.7076,1.7137,1.6626,1.6644,2737847
2024-02-22T02:00:00Z,1.6645,1.6693,1.6543,1.6633,2343717
2024-02-22T03:00:00Z,1.6634,1.6717,1.6452,1.6677,2996976
2024-02-22T04:00:00Z,1.6677,1.6805,1.6646,1.6743,1395794
2024-02-22T05:00:00Z,1.6743,1.6861,1.6697,1.6808,1180262
2024-02-22T06:00:00Z,1.6808,1.7161,1.6802,1.7153,1979254
2024-02-22T07:00:00Z,1.7153,1.7306,1.7010,1.7256,2199757
2024-02-22T08:00:00Z,1.7260,1.7537,1.7246,1.7429,3477887
2024-02-22T09:00:00Z,1.7431,1.7440,1.7284,1.7401,2418064
2024-02-22T10:00:00Z,1.7402,1.7405,1.7032,1.7138,2567412
2024-02-22T11:00:00Z,1.7138,1.7278,1.7044,1.7165,2314728
2024-02-22T12:00:00Z,1.7165,1.7297,1.7010,1.7082,2384976
2024-02-22T13:00:00Z,1.7081,1.7108,1.6655,1.6812,4058371
2024-02-22T14:00:00Z,1.6814,1.7050,1.6787,1.7038,2070404
2024-02-22T15:00:00Z,1.7039,1.7176,1.6933,1.7080,2260733
2024-02-22T16:00:00Z,1.7082,1.7160,1.6864,1.6918,2418328
2024-02-22T17:00:00Z,1.6918,1.7095,1.6914,1.7041,1266233
2024-02-22T18:00:00Z,1.7041,1.7327,1.6976,1.7296,1688673
2024-02-22T19:00:00Z,1.7293,1.7304,1.7117,1.7189,1759078
2024-02-22T20:00:00Z,1.7190,1.7412,1.7157,1.7406,2755295
2024-02-22T21:00:00Z,1.7403,1.7417,1.7010,1.7110,2553914
2024-02-22T22:00:00Z,1.7109,1.7180,1.6860,1.7045,1445724
2024-02-22T23:00:00Z,1.7045,1.7102,1.6853,1.6913,1439992
2024-02-23T00:00:00Z,1.6914,1.7014,1.6864,1.7013,1332960
2024-02-23T01:00:00Z,1.7013,1.7086,1.6853,1.6857,1021711
2024-02-23T02:00:00Z,1.6856,1.6959,1.6616,1.6665,2386721
2024-02-23T03:00:00Z,1.6664,1.6664,1.6513,1.6577,2352259
2024-02-23T04:00:00Z,1.6577,1.6748,1.6400,1.6721,2518218
2024-02-23T05:00:00Z,1.6722,1.6778,1.6593,1.6650,1750858
2024-02-23T06:00:00Z,1.6650,1.6761,1.6634,1.6742,1245113
2024-02-23T07:00:00Z,1.6742,1.6763,1.6469,1.6535,1742977
2024-02-23T08:00:00Z,1.6535,1.6617,1.6262,1.6357,3176253
2024-02-23T09:00:00Z,1.6356,1.6495,1.6290,1.6481,1858327
2024-02-23T10:00:00Z,1.6482,1.6656,1.6458,1.6615,1953587
2024-02-23T11:00:00Z,1.6616,1.6693,1.6534,1.6665,1177813
2024-02-23T12:00:00Z,1.6666,1.6680,1.6474,1.6556,1973078
2024-02-23T13:00:00Z,1.6556,1.6720,1.6508,1.6716,1402389
2024-02-23T14:00:00Z,1.6717,1.6860,1.6559,1.6853,3436012
2024-02-23T15:00:00Z,1.6852,1.6862,1.6413,1.6598,5085067
2024-02-23T16:00:00Z,1.6599,1.6735,1.6124,1.6732,6551371
2024-02-23T17:00:00Z,1.6732,1.6836,1.6601,1.6751,2032030
2024-02-23T18:00:00Z,1.6755,1.6759,1.6595,1.6703,1316994
2024-02-23T19:00:00Z,1.6704,1.6789,1.6652,1.6789,1058932
2024-02-23T20:00:00Z,1.6788,1.6788,1.6641,1.6735,887395
2024-02-23T21:00:00Z,1.6736,1.6749,1.6552,1.6589,903605
2024-02-23T22:00:00Z,1.6590,1.6634,1.6456,1.6482,1033975
2024-02-23T23:00:00Z,1.6482,1.6659,1.6282,1.6643,1889510
2024-02-24T00:00:00Z,1.6643,1.6773,1.6571,1.6764,1488289
2024-02-24T01:00:00Z,1.6762,1.6780,1.6356,1.6375,1837924
2024-02-24T02:00:00Z,1.6375,1.6887,1.6351,1.6868,1907284
2024-02-24T03:00:00Z,1.6868,1.7350,1.6760,1.7192,3524797
2024-02-24T04:00:00Z,1.7191,1.7406,1.7088,1.7308,2905987
2024-02-24T05:00:00Z,1.7306,1.7437,1.7250,1.7311,1690455
2024-02-24T06:00:00Z,1.7311,1.7373,1.7207,1.7286,1578841
2024-02-24T07:00:00Z,1.7287,1.7348,1.7133,1.7172,2811562
2024-02-24T08:00:00Z,1.7173,1.7275,1.7106,1.7202,2115429
2024-02-24T09:00:00Z,1.7203,1.7455,1.7186,1.7420,2000591
2024-02-24T10:00:00Z,1.7420,1.7523,1.7325,1.7362,2575198
2024-02-24T11:00:00Z,1.7361,1.7450,1.7295,1.7419,1929179
2024-02-24T12:00:00Z,1.7418,1.7434,1.7298,1.7317,1986279
2024-02-24T13:00:00Z,1.7318,1.7674,1.7293,1.7478,3408791
2024-02-24T14:00:00Z,1.7478,1.7705,1.7400,1.7464,3795188
2024-02-24T15:00:00Z,1.7463,1.7632,1.7300,1.7411,2300909
2024-02-24T16:00:00Z,1.7411,1.7730,1.7387,1.7644,2961537
2024-02-24T17:00:00Z,1.7643,1.7705,1.7557,1.7650,2201257
2024-02-24T18:00:00Z,1.7652,1.7736,1.7595,1.7631,1994414
2024-02-24T19:00:00Z,1.7631,1.7675,1.7559,1.7638,1023417
2024-02-24T20:00:00Z,1.7639,1.7676,1.7536,1.7541,1158593
2024-02-24T21:00:00Z,1.7541,1.7729,1.7508,1.7675,1226727
2024-02-24T22:00:00Z,1.7675,1.7714,1.7570,1.7572,1027924
2024-02-24T23:00:00Z,1.7573,1.7710,1.7543,1.7659,864624
2024-02-25T00:00:00Z,1.7660,1.7694,1.7507,1.7597,1008105
2024-02-25T01:00:00Z,1.7597,1.8098,1.7526,1.7906,2680863
2024-02-25T02:00:00Z,1.7906,1.8090,1.7840,1.7857,2377467
2024-02-25T03:00:00Z,1.7856,1.7937,1.7588,1.7931,2225093
2024-02-25T04:00:00Z,1.7931,1.8041,1.7670,1.7766,2028159
2024-02-25T05:00:00Z,1.7765,1.7814,1.7602,1.7744,1162909
2024-02-25T06:00:00Z,1.7745,1.7975,1.7669,1.7961,1866655
2024-02-25T07:00:00Z,1.7959,1.7967,1.7805,1.7821,1353008
2024-02-25T08:00:00Z,1.7821,1.7898,1.7701,1.7725,1644827
2024-02-25T09:00:00Z,1.7725,1.7770,1.7604,1.7736,1470696
2024-02-25T10:00:00Z,1.7736,1.7800,1.7645,1.7778,1457300
2024-02-25T11:00:00Z,1.7777,1.7855,1.7712,1.7825,1382722
2024-02-25T12:00:00Z,1.7824,1.8472,1.7805,1.8311,5246443
2024-02-25T13:00:00Z,1.8310,1.8429,1.8095,1.8180,4364043
2024-02-25T14:00:00Z,1.8180,1.8375,1.8135,1.8224,2919558
2024-02-25T15:00:00Z,1.8228,1.8340,1.8032,1.8085,2691402
2024-02-25T16:00:00Z,1.8085,1.8358,1.7964,1.8229,3453217
2024-02-25T17:00:00Z,1.8229,1.8380,1.8193,1.8357,1946654
2024-02-25T18:00:00Z,1.8358,1.8403,1.8217,1.8287,1610995
2024-02-25T19:00:00Z,1.8286,1.8398,1.8241,1.8379,1718394
2024-02-25T20:00:00Z,1.8378,1.8504,1.8261,1.8324,2500385
2024-02-25T21:00:00Z,1.8322,1.8340,1.8232,1.8250,1161656
2024-02-25T22:00:00Z,1.8250,1.8297,1.8158,1.8220,1250754
2024-02-25T23:00:00Z,1.8219,1.8459,1.8201,1.8445,1669921
2024-02-26T00:00:00Z,1.8446,1.8626,1.8320,1.8604,2113385
2024-02-26T01:00:00Z,1.8604,1.8665,1.8223,1.8284,1980387
2024-02-26T02:00:00Z,1.8281,1.8474,1.8200,1.8422,1653405
2024-02-26T03:00:00Z,1.8421,1.8481,1.8287,1.8331,1111367
2024-02-26T04:00:00Z,1.8331,1.8400,1.8080,1.8148,1916485
2024-02-26T05:00:00Z,1.8148,1.8888,1.8088,1.8822,4338719
2024-02-26T06:00:00Z,1.8822,2.0049,1.8670,1.9976,8889986
2024-02-26T07:00:00Z,1.9975,2.0883,1.9506,1.9646,17840781
2024-02-26T08:00:00Z,1.9646,1.9960,1.9411,1.9693,6422711
2024-02-26T09:00:00Z,1.9693,1.9723,1.8936,1.9027,7418999
2024-02-26T10:00:00Z,1.9029,1.9619,1.9012,1.9504,5370652
2024-02-26T11:00:00Z,1.9504,1.9768,1.9210,1.9719,5850184
2024-02-26T12:00:00Z,1.9718,1.9728,1.9405,1.9450,3842963
2024-02-26T13:00:00Z,1.9451,1.9659,1.9349,1.9361,2778293
2024-02-26T14:00:00Z,1.9361,2.0256,1.9250,2.0033,6416232
2024-02-26T15:00:00Z,2.0034,2.0140,1.9709,2.0019,6554804
2024-02-26T16:00:00Z,2.0019,2.0356,1.9896,2.0123,6257031
2024-02-26T17:00:00Z,2.0122,2.0336,1.9922,2.0217,3882036
2024-02-26T18:00:00Z,2.0218,2.0267,1.9783,1.9832,3070745
2024-02-26T19:00:00Z,1.9831,1.9989,1.9714,1.9862,2344665
2024-02-26T20:00:00Z,1.9862,1.9942,1.9601,1.9900,2945865
2024-02-26T21:00:00Z,1.9899,2.0389,1.9830,2.0263,3867148
2024-02-26T22:00:00Z,2.0268,2.0320,1.9832,1.9927,2478291
2024-02-26T23:00:00Z,1.9926,1.9984,1.9805,1.9881,1197861
2024-02-27T00:00:00Z,1.9880,1.9910,1.9478,1.9677,2532368
2024-02-27T01:00:00Z,1.9680,1.9835,1.9587,1.9593,1756096
2024-02-27T02:00:00Z,1.9592,1.9970,1.9420,1.9959,3683296
2024-02-27T03:00:00Z,1.9958,2.0597,1.9902,2.0020,6556367
2024-02-27T04:00:00Z,2.0019,2.0130,1.9480,1.9558,3538725
2024-02-27T05:00:00Z,1.9558,1.9832,1.9524,1.9662,1797205
2024-02-27T06:00:00Z,1.9656,1.9735,1.9524,1.9560,1687005
2024-02-27T07:00:00Z,1.9559,1.9562,1.9244,1.9296,3303682
2024-02-27T08:00:00Z,1.9297,1.9576,1.9284,1.9529,1963201
2024-02-27T09:00:00Z,1.9528,1.9733,1.9498,1.9646,1506860
2024-02-27T10:00:00Z,1.9646,1.9647,1.9448,1.9567,1735608
2024-02-27T11:00:00Z,1.9566,1.9681,1.9443,1.9629,1427773
2024-02-27T12:00:00Z,1.9630,1.9721,1.9480,1.9501,2067385
2024-02-27T13:00:00Z,1.9508,1.9568,1.9126,1.9457,3626886
2024-02-27T14:00:00Z,1.9457,1.9489,1.9196,1.9319,2397613
2024-02-27T15:00:00Z,1.9321,1.9434,1.9050,1.9193,2141825
2024-02-27T16:00:00Z,1.9194,1.9620,1.9048,1.9271,3576048
2024-02-27T17:00:00Z,1.9272,1.9618,1.9233,1.9594,2766286
2024-02-27T18:00:00Z,1.9598,2.0516,1.9443,1.9456,9076959
2024-02-27T19:00:00Z,1.9456,1.9559,1.9310,1.9486,3090566
2024-02-27T20:00:00Z,1.9485,1.9580,1.9231,1.9486,2346492
2024-02-27T21:00:00Z,1.9485,1.9580,1.9356,1.9573,1119431
2024-02-27T22:00:00Z,1.9577,1.9770,1.9554,1.9709,1226490
2024-02-27T23:00:00Z,1.9710,1.9734,1.9417,1.9449,1520805
2024-02-28T00:00:00Z,1.9450,1.9699,1.9388,1.9506,1683678
2024-02-28T01:00:00Z,1.9504,1.9505,1.9263,1.9414,1208435
2024-02-28T02:00:00Z,1.9415,1.9719,1.9377,1.9677,1143197
2024-02-28T03:00:00Z,1.9677,1.9812,1.9594,1.9689,1538273
2024-02-28T04:00:00Z,1.9688,2.0096,1.9602,1.9842,3052789
2024-02-28T05:00:00Z,1.9843,1.9863,1.9628,1.9675,1510923
2024-02-28T06:00:00Z,1.9675,1.9710,1.9501,1.9519,1811750
2024-02-28T07:00:00Z,1.9521,1.9786,1.9423,1.9764,1843385
2024-02-28T08:00:00Z,1.9764,1.9805,1.9506,1.9549,2464226
2024-02-28T09:00:00Z,1.9551,1.9697,1.9211,1.9687,3658815
2024-02-28T10:00:00Z,1.9686,2.0011,1.9592,1.9968,3351587
2024-02-28T11:00:00Z,1.9969,1.9969,1.9060,1.9266,5772243
2024-02-28T12:00:00Z,1.9267,1.9552,1.9262,1.9514,3359002
2024-02-28T13:00:00Z,1.9514,1.9794,1.9442,1.9715,2960511
2024-02-28T14:00:00Z,1.9714,1.9792,1.9288,1.9622,3754951
2024-02-28T15:00:00Z,1.9623,1.9713,1.9430,1.9504,2329754
2024-02-28T16:00:00Z,1.9505,1.9901,1.9489,1.9858,3192990
2024-02-28T17:00:00Z,1.9861,2.0018,1.6289,1.8704,19241676
2024-02-28T18:00:00Z,1.8704,1.8800,1.7302,1.8365,10232540
2024-02-28T19:00:00Z,1.8366,1.8520,1.8134,1.8240,3175950
2024-02-28T20:00:00Z,1.8239,1.8623,1.8100,1.8578,2645038
2024-02-28T21:00:00Z,1.8579,1.8782,1.8400,1.8713,1571350
2024-02-28T22:00:00Z,1.8713,1.8887,1.8664,1.8797,1454047
2024-02-28T23:00:00Z,1.8798,1.8815,1.8557,1.8592,1538138
2024-02-29T00:00:00Z,1.8591,1.8950,1.8423,1.8905,3647088
2024-02-29T01:00:00Z,1.8903,1.9172,1.8819,1.9075,2336680
2024-02-29T02:00:00Z,1.9075,1.9256,1.8921,1.8973,1863638
2024-02-29T03:00:00Z,1.8973,1.9365,1.8917,1.9090,2956947
2024-02-29T04:00:00Z,1.9090,1.9127,1.8920,1.9054,1697443
2024-02-29T05:00:00Z,1.9055,1.9155,1.8959,1.9137,2025299
2024-02-29T06:00:00Z,1.9140,1.9698,1.9136,1.9533,3524562
2024-02-29T07:00:00Z,1.9533,1.9646,1.9193,1.9584,3280394
2024-02-29T08:00:00Z,1.9580,2.0363,1.9564,2.0188,5604860
2024-02-29T09:00:00Z,2.0187,2.0443,1.9803,1.9834,4335948
2024-02-29T10:00:00Z,1.9834,1.9894,1.9596,1.9771,3251204
2024-02-29T11:00:00Z,1.9770,2.0488,1.9753,1.9870,9310713
2024-02-29T12:00:00Z,1.9870,2.0063,1.9786,1.9867,3440648
2024-02-29T13:00:00Z,1.9868,1.9918,1.9550,1.9685,3680414
2024-02-29T14:00:00Z,1.9684,1.9925,1.9378,1.9613,3387957
2024-02-29T15:00:00Z,1.9611,1.9880,1.9515,1.9850,1868350
2024-02-29T16:00:00Z,1.9849,1.9854,1.9131,1.9683,4466276
2024-02-29T17:00:00Z,1.9684,1.9698,1.8870,1.9237,4895816
2024-02-29T18:00:00Z,1.9244,1.9500,1.9204,1.9410,3074490
2024-02-29T19:00:00Z,1.9411,1.9688,1.9316,1.9562,1687928
2024-02-29T20:00:00Z,1.9562,1.9780,1.9546,1.9546,1596741
2024-02-29T21:00:00Z,1.9546,1.9571,1.8849,1.9229,3578083
2024-02-29T22:00:00Z,1.9229,1.9283,1.8286,1.8707,4126329
2024-02-29T23:00:00Z,1.8707,1.9103,1.8707,1.9101,1573045
2024-03-01T00:00:00Z,1.9104,1.9469,1.9101,1.9469,2257986
2024-03-01T01:00:00Z,1.9469,1.9744,1.9329,1.9595,2231060
2024-03-01T02:00:00Z,1.9595,1.9598,1.9254,1.9293,1898043
2024-03-01T03:00:00Z,1.9294,1.9376,1.9119,1.9230,1380560
2024-03-01T04:00:00Z,1.9231,1.9466,1.9208,1.9321,1641104
2024-03-01T05:00:00Z,1.9320,2.0061,1.9284,1.9706,4492273
2024-03-01T06:00:00Z,1.9705,1.9872,1.9503,1.9547,1785152
2024-03-01T07:00:00Z,1.9551,1.9579,1.9263,1.9297,1924726
2024-03-01T08:00:00Z,1.9298,1.9579,1.9276,1.9554,1971698
2024-03-01T09:00:00Z,1.9554,1.9675,1.9512,1.9653,1544420
2024-03-01T10:00:00Z,1.9654,1.9795,1.9580,1.9664,2161749
2024-03-01T11:00:00Z,1.9665,1.9765,1.9467,1.9563,2260576
2024-03-01T12:00:00Z,1.9562,1.9655,1.9444,1.9543,1794388
2024-03-01T13:00:00Z,1.9542,1.9850,1.9508,1.9847,2230185
2024-03-01T14:00:00Z,1.9846,1.9980,1.9607,1.9955,4163713
2024-03-01T15:00:00Z,1.9956,2.0008,1.9680,1.9792,4495612
2024-03-01T16:00:00Z,1.9791,1.9853,1.9498,1.9650,2970343
2024-03-01T17:00:00Z,1.9650,1.9975,1.9650,1.9800,2150812
2024-03-01T18:00:00Z,1.9800,1.9940,1.9688,1.9852,2090438
2024-03-01T19:00:00Z,1.9851,2.0134,1.9792,2.0110,1710250
2024-03-01T20:00:00Z,2.0110,2.0317,1.9980,2.0280,2360152
2024-03-01T21:00:00Z,2.0279,2.0843,2.0070,2.0780,4942116
2024-03-01T22:00:00Z,2.0778,2.1100,2.0600,2.0977,3764082
2024-03-01T23:00:00Z,2.0976,2.1350,2.0822,2.1291,3498816
2024-03-02T00:00:00Z,2.1291,2.1592,2.0963,2.1026,3889478
2024-03-02T01:00:00Z,2.1024,2.1226,2.0618,2.1080,3246467
2024-03-02T02:00:00Z,2.1080,2.1492,2.1041,2.1329,2692716
2024-03-02T03:00:00Z,2.1330,2.1648,2.1234,2.1334,2449477
2024-03-02T04:00:00Z,2.1335,2.1422,2.1177,2.1196,1687784
2024-03-02T05:00:00Z,2.1196,2.1525,2.1001,2.1514,3496490
2024-03-02T06:00:00Z,2.1517,2.3522,2.1471,2.3103,12998128
2024-03-02T07:00:00Z,2.3105,2.4019,2.2820,2.3655,11874903
2024-03-02T08:00:00Z,2.3662,2.5083,2.2708,2.2852,16165003
2024-03-02T09:00:00Z,2.2854,2.2976,2.2301,2.2631,6924112
2024-03-02T10:00:00Z,2.2630,2.3072,2.2576,2.2676,4665901
2024-03-02T11:00:00Z,2.2675,2.3202,2.2645,2.2889,3749900
2024-03-02T12:00:00Z,2.2885,2.3430,2.2831,2.3294,5308948
2024-03-02T13:00:00Z,2.3294,2.3294,2.2530,2.2582,3579007
2024-03-02T14:00:00Z,2.2581,2.3030,2.2459,2.2749,4565602
2024-03-02T15:00:00Z,2.2749,2.2889,2.2513,2.2645,2205475
2024-03-02T16:00:00Z,2.2646,2.2867,2.2176,2.2453,4108572
2024-03-02T17:00:00Z,2.2452,2.2540,2.2255,2.2305,1464141
2024-03-02T18:00:00Z,2.2307,2.2751,2.2273,2.2650,2203317
2024-03-02T19:00:00Z,2.2652,2.2888,2.2504,2.2838,1900157
2024-03-02T20:00:00Z,2.2840,2.2854,2.2469,2.2725,1724523
2024-03-02T21:00:00Z,2.2728,2.2960,2.2672,2.2831,1665997
2024-03-02T22:00:00Z,2.2831,2.3000,2.2771,2.2810,1394585
2024-03-02T23:00:00Z,2.2809,2.3024,2.2744,2.2910,1252708
2024-03-03T00:00:00Z,2.2911,2.3274,2.2623,2.3013,3381158
2024-03-03T01:00:00Z,2.3013,2.3392,2.2903,2.3073,2553540
2024-03-03T02:00:00Z,2.3073,2.3550,2.2998,2.3257,3194450
2024-03-03T03:00:00Z,2.3252,2.3938,2.3110,2.3766,3532902
2024-03-03T04:00:00Z,2.3766,2.3790,2.3380,2.3706,2016905
2024-03-03T05:00:00Z,2.3701,2.3740,2.2973,2.3020,2755143
2024-03-03T06:00:00Z,2.3020,2.3039,2.2460,2.2520,3925381
2024-03-03T07:00:00Z,2.2518,2.2616,1.9936,2.1839,13647136
2024-03-03T08:00:00Z,2.1841,2.2129,2.1449,2.1950,5780049
2024-03-03T09:00:00Z,2.1948,2.2267,2.1889,2.2106,3837632
2024-03-03T10:00:00Z,2.2106,2.2335,2.1925,2.2129,2922408
2024-03-03T11:00:00Z,2.2126,2.2357,2.2034,2.2338,1488060
2024-03-03T12:00:00Z,2.2338,2.2612,2.2137,2.2196,2926095
2024-03-03T13:00:00Z,2.2198,2.2520,2.2145,2.2495,1624640
2024-03-03T14:00:00Z,2.2494,2.2855,2.2377,2.2654,3243311
2024-03-03T15:00:00Z,2.2654,2.3165,2.2633,2.2736,3800295
2024-03-03T16:00:00Z,2.2737,2.2857,2.2525,2.2821,2289496
2024-03-03T17:00:00Z,2.2820,2.2859,2.2630,2.2668,1330441
2024-03-03T18:00:00Z,2.2666,2.2681,2.2353,2.2422,2190762
2024-03-03T19:00:00Z,2.2422,2.2530,2.2381,2.2472,1105441
2024-03-03T20:00:00Z,2.2472,2.2643,2.2389,2.2432,1683699
2024-03-03T21:00:00Z,2.2432,2.2596,2.2430,2.2590,719749
2024-03-03T22:00:00Z,2.2592,2.2660,2.2250,2.2358,1431697
2024-03-03T23:00:00Z,2.2360,2.2445,2.2222,2.2382,1177107
2024-03-04T00:00:00Z,2.2382,2.2799,2.1918,2.2769,3902526
2024-03-04T01:00:00Z,2.2770,2.2868,2.2518,2.2580,2099661
2024-03-04T02:00:00Z,2.2580,2.2593,2.2258,2.2319,1726527
2024-03-04T03:00:00Z,2.2321,2.2381,2.2038,2.2104,2301144
2024-03-04T04:00:00Z,2.2101,2.2560,2.2003,2.2512,1761091
2024-03-04T05:00:00Z,2.2510,2.2572,2.2174,2.2309,2244479
2024-03-04T06:00:00Z,2.2309,2.2841,2.2285,2.2721,2044312
2024-03-04T07:00:00Z,2.2719,2.2851,2.2331,2.2336,2819205
2024-03-04T08:00:00Z,2.2337,2.2601,2.2330,2.2540,2472295
2024-03-04T09:00:00Z,2.2540,2.2540,2.2194,2.2448,3357791
2024-03-04T10:00:00Z,2.2448,2.2500,2.1838,2.2050,4458400
2024-03-04T11:00:00Z,2.2048,2.2238,2.1955,2.2214,2610131
2024-03-04T12:00:00Z,2.2213,2.2476,2.2038,2.2378,1878638
2024-03-04T13:00:00Z,2.2379,2.2562,2.2015,2.2087,3472005
2024-03-04T14:00:00Z,2.2087,2.2321,2.1831,2.2172,3349492
2024-03-04T15:00:00Z,2.2176,2.2468,2.2079,2.2305,2389552
2024-03-04T16:00:00Z,2.2307,2.2354,2.1647,2.1712,4137967
2024-03-04T17:00:00Z,2.1713,2.3447,2.1333,2.2488,21398924
2024-03-04T18:00:00Z,2.2489,2.4340,2.2451,2.4267,10764999
2024-03-04T19:00:00Z,2.4267,2.5104,2.3814,2.4616,13263965
2024-03-04T20:00:00Z,2.4616,2.4630,2.3460,2.3555,6640858
2024-03-04T21:00:00Z,2.3555,2.4166,2.3232,2.4078,4795912
2024-03-04T22:00:00Z,2.4076,2.4089,2.3780,2.3970,2417285
2024-03-04T23:00:00Z,2.3970,2.3996,2.3520,2.3630,2605722
2024-03-05T00:00:00Z,2.3629,2.3824,2.3284,2.3414,2713593
2024-03-05T01:00:00Z,2.3415,2.3662,2.3136,2.3335,2560494
2024-03-05T02:00:00Z,2.3335,2.3378,2.2770,2.3124,3349420
2024-03-05T03:00:00Z,2.3125,2.3185,2.2907,2.3028,1464358
2024-03-05T04:00:00Z,2.3026,2.3329,2.2667,2.3026,5035660
2024-03-05T05:00:00Z,2.3025,2.3381,2.2222,2.3336,6766197
2024-03-05T06:00:00Z,2.3335,2.3551,2.2999,2.3473,3665428
2024-03-05T07:00:00Z,2.3472,2.3483,2.2902,2.2923,3582618
2024-03-05T08:00:00Z,2.2926,2.3259,2.2644,2.3190,3376459
2024-03-05T09:00:00Z,2.3189,2.3709,2.3108,2.3616,3989848
2024-03-05T10:00:00Z,2.3619,2.3710,2.3415,2.3481,2499443
2024-03-05T11:00:00Z,2.3481,2.3620,2.3237,2.3356,2279327
2024-03-05T12:00:00Z,2.3357,2.3491,2.3255,2.3308,1761893
2024-03-05T13:00:00Z,2.3305,2.3331,2.3044,2.3214,2823624
2024-03-05T14:00:00Z,2.3212,2.3215,2.2636,2.2823,6053189
2024-03-05T15:00:00Z,2.2826,2.3040,2.2143,2.2403,8191718
2024-03-05T16:00:00Z,2.2405,2.2606,2.0882,2.2229,12499342
2024-03-05T17:00:00Z,2.2233,2.2263,2.1380,2.2197,6237961
2024-03-05T18:00:00Z,2.2197,2.2537,2.2040,2.2252,3843128
2024-03-05T19:00:00Z,2.2247,2.2355,1.7976,1.9944,17441887
2024-03-05T20:00:00Z,1.9940,2.0536,1.9327,1.9875,14911590
2024-03-05T21:00:00Z,1.9872,2.0820,1.9839,2.0639,6561353
2024-03-05T22:00:00Z,2.0637,2.0746,2.0114,2.0686,3030193
2024-03-05T23:00:00Z,2.0692,2.0997,2.0626,2.0852,2167722
2024-03-06T00:00:00Z,2.0853,2.0978,2.0565,2.0594,2526792
2024-03-06T01:00:00Z,2.0594,2.0730,2.0280,2.0344,2073504
2024-03-06T02:00:00Z,2.0344,2.0426,1.9757,1.9768,2714435
2024-03-06T03:00:00Z,1.9771,2.0193,1.9741,2.0138,2637205
2024-03-06T04:00:00Z,2.0138,2.0920,2.0138,2.0903,2365717
2024-03-06T05:00:00Z,2.0900,2.1276,2.0794,2.1226,3800694
2024-03-06T06:00:00Z,2.1225,2.1674,2.1156,2.1449,2868002
2024-03-06T07:00:00Z,2.1448,2.1493,2.1253,2.1386,2251412
2024-03-06T08:00:00Z,2.1390,2.1799,2.1337,2.1504,3411395
2024-03-06T09:00:00Z,2.1504,2.1590,2.0859,2.0892,4142489
2024-03-06T10:00:00Z,2.0894,2.1516,2.0891,2.1396,2697150
2024-03-06T11:00:00Z,2.1395,2.1520,2.1270,2.1350,2141989
2024-03-06T12:00:00Z,2.1352,2.1398,2.0436,2.0909,5610248
2024-03-06T13:00:00Z,2.0912,2.1218,2.0580,2.1145,4253178
2024-03-06T14:00:00Z,2.1146,2.1311,2.0757,2.0941,2730720
2024-03-06T15:00:00Z,2.0940,2.1181,2.0533,2.1116,3025006
2024-03-06T16:00:00Z,2.1115,2.1534,2.1059,2.1474,2804080
2024-03-06T17:00:00Z,2.1475,2.1796,2.1319,2.1713,2351665
2024-03-06T18:00:00Z,2.1712,2.1776,2.1383,2.1530,2022667
2024-03-06T19:00:00Z,2.1532,2.1661,2.1369,2.1520,1565023
2024-03-06T20:00:00Z,2.1522,2.1676,2.1341,2.1610,1721821
2024-03-06T21:00:00Z,2.1608,2.1880,2.1504,2.1874,2165511
2024-03-06T22:00:00Z,2.1878,2.1973,2.1590,2.1752,1728306
2024-03-06T23:00:00Z,2.1751,2.2198,2.1709,2.2100,2072503
2024-03-07T00:00:00Z,2.2100,2.2305,2.1924,2.2174,2553804
2024-03-07T01:00:00Z,2.2177,2.2330,2.1839,2.2320,1946746
2024-03-07T02:00:00Z,2.2322,2.2323,2.1777,2.1985,1758629
2024-03-07T03:00:00Z,2.1984,2.2154,2.1735,2.1894,1945470
2024-03-07T04:00:00Z,2.1895,2.2126,2.1734,2.1900,1783214
2024-03-07T05:00:00Z,2.1899,2.2042,2.1381,2.1539,3114926
2024-03-07T06:00:00Z,2.1540,2.1714,2.1410,2.1654,2170977
2024-03-07T07:00:00Z,2.1654,2.2113,2.1616,2.2002,2119097
2024-03-07T08:00:00Z,2.2003,2.2195,2.1881,2.1894,1760880
2024-03-07T09:00:00Z,2.1897,2.2087,2.1790,2.1911,1355281
2024-03-07T10:00:00Z,2.1910,2.2239,2.1888,2.2169,2084077
2024-03-07T11:00:00Z,2.2166,2.2411,2.2008,2.2203,2283913
2024-03-07T12:00:00Z,2.2203,2.2243,2.1863,2.1975,1832257
2024-03-07T13:00:00Z,2.1975,2.2145,2.1748,2.2117,1777510
2024-03-07T14:00:00Z,2.2118,2.2378,2.1742,2.2160,3914665
2024-03-07T15:00:00Z,2.2159,2.2298,2.1904,2.2080,2254188
2024-03-07T16:00:00Z,2.2078,2.2279,2.1974,2.2161,2362092
2024-03-07T17:00:00Z,2.2161,2.2403,2.2090,2.2383,2001693
2024-03-07T18:00:00Z,2.2381,2.2476,2.2186,2.2402,1390622
2024-03-07T19:00:00Z,2.2397,2.2433,2.2208,2.2313,1321828
2024-03-07T20:00:00Z,2.2313,2.2412,2.2148,2.2182,1701857
2024-03-07T21:00:00Z,2.2181,2.2494,2.2000,2.2388,2645325
2024-03-07T22:00:00Z,2.2390,2.2441,2.2124,2.2134,834788
2024-03-07T23:00:00Z,2.2133,2.2256,2.2066,2.2109,1065653
2024-03-08T00:00:00Z,2.2108,2.2466,2.2108,2.2444,1310630
2024-03-08T01:00:00Z,2.2442,2.2607,2.2018,2.2060,2127851
2024-03-08T02:00:00Z,2.2061,2.2182,2.1849,2.1887,1598716
2024-03-08T03:00:00Z,2.1887,2.1914,2.1694,2.1854,1696999
2024-03-08T04:00:00Z,2.1855,2.1978,2.1741,2.1882,1262052
2024-03-08T05:00:00Z,2.1882,2.1935,2.1645,2.1816,1172553
2024-03-08T06:00:00Z,2.1816,2.2042,2.1758,2.2037,1182528
2024-03-08T07:00:00Z,2.2036,2.2101,2.1920,2.2008,1652821
2024-03-08T08:00:00Z,2.2012,2.2061,2.1763,2.1973,1562371
2024-03-08T09:00:00Z,2.1973,2.2049,2.1902,2.1935,1111507
2024-03-08T10:00:00Z,2.1935,2.2072,2.1868,2.1923,1283296
2024-03-08T11:00:00Z,2.1922,2.1947,2.1698,2.1921,1831137
2024-03-08T12:00:00Z,2.1922,2.1967,2.1737,2.1875,1227715
2024-03-08T13:00:00Z,2.1872,2.1994,2.1770,2.1829,1820952
2024-03-08T14:00:00Z,2.1827,2.1864,2.1540,2.1596,2559942
2024-03-08T15:00:00Z,2.1590,2.1678,2.0086,2.1096,11525922
2024-03-08T16:00:00Z,2.1097,2.1477,2.0639,2.1398,7374354
2024-03-08T17:00:00Z,2.1398,2.1940,2.1360,2.1787,3448362
2024-03-08T18:00:00Z,2.1789,2.1970,2.1730,2.1826,1892506
2024-03-08T19:00:00Z,2.1826,2.1924,2.1623,2.1767,1851214
2024-03-08T20:00:00Z,2.1767,2.1879,2.1681,2.1861,1475671
2024-03-08T21:00:00Z,2.1863,2.2023,2.1671,2.1705,1990318
2024-03-08T22:00:00Z,2.1705,2.2016,2.1665,2.1920,1276251
2024-03-08T23:00:00Z,2.1921,2.2032,2.1756,2.1840,1472116
2024-03-09T00:00:00Z,2.1842,2.1971,2.1741,2.1893,1167755
2024-03-09T01:00:00Z,2.1894,2.1994,2.1530,2.1926,2700840
2024-03-09T02:00:00Z,2.1925,2.2411,2.1890,2.2351,2350030
2024-03-09T03:00:00Z,2.2353,2.2741,2.2244,2.2518,2549918
2024-03-09T04:00:00Z,2.2517,2.2619,2.2400,2.2452,1873991
2024-03-09T05:00:00Z,2.2447,2.2634,2.2352,2.2612,1429281
2024-03-09T06:00:00Z,2.2610,2.2814,2.2562,2.2726,2000705
2024-03-09T07:00:00Z,2.2726,2.3160,2.2601,2.2897,4111209
2024-03-09T08:00:00Z,2.2893,2.3257,2.2820,2.2861,2792833
2024-03-09T09:00:00Z,2.2863,2.3489,2.2763,2.3260,3688266
2024-03-09T10:00:00Z,2.3260,2.3322,2.2845,2.3111,3557616
2024-03-09T11:00:00Z,2.3111,2.3489,2.2914,2.3117,3394567
2024-03-09T12:00:00Z,2.3117,2.3718,2.3116,2.3631,3527712
2024-03-09T13:00:00Z,2.3637,2.3673,2.3310,2.3460,1999638
2024-03-09T14:00:00Z,2.3460,2.3700,2.3312,2.3482,2249721
2024-03-09T15:00:00Z,2.3476,2.3589,2.3352,2.3411,1568219
2024-03-09T16:00:00Z,2.3410,2.3477,2.3011,2.3047,3009483
2024-03-09T17:00:00Z,2.3044,2.3164,2.2753,2.2865,3388953
2024-03-09T18:00:00Z,2.2864,2.2995,2.2781,2.2938,1494831
2024-03-09T19:00:00Z,2.2937,2.2970,2.2654,2.2720,1362254
2024-03-09T20:00:00Z,2.2719,2.2924,2.2624,2.2885,1574672
2024-03-09T21:00:00Z,2.2882,2.2895,2.2660,2.2818,1026534
2024-03-09T22:00:00Z,2.2817,2.2851,2.2644,2.2748,1115200
2024-03-09T23:00:00Z,2.2748,2.2835,2.2546,2.2735,1475930
2024-03-10T00:00:00Z,2.2735,2.3252,2.2635,2.3070,3012584
2024-03-10T01:00:00Z,2.3069,2.3207,2.2623,2.3010,2776537
2024-03-10T02:00:00Z,2.3010,2.3038,2.2748,2.2798,1025787
2024-03-10T03:00:00Z,2.2799,2.3149,2.2708,2.3108,1273127
2024-03-10T04:00:00Z,2.3111,2.3217,2.2921,2.3126,1823155
2024-03-10T05:00:00Z,2.3132,2.3370,2.3012,2.3074,1610831
2024-03-10T06:00:00Z,2.3075,2.4005,2.3050,2.3968,3177490
2024-03-10T07:00:00Z,2.3968,2.4556,2.3647,2.3791,7157691
2024-03-10T08:00:00Z,2.3791,2.3995,2.3529,2.3882,2963076
2024-03-10T09:00:00Z,2.3882,2.3923,2.2953,2.3048,6645260
2024-03-10T10:00:00Z,2.3047,2.3279,2.2973,2.3247,2595585
2024-03-10T11:00:00Z,2.3247,2.3267,2.2819,2.2959,2174022
2024-03-10T12:00:00Z,2.2960,2.3069,2.2479,2.2803,3059295
2024-03-10T13:00:00Z,2.2802,2.2900,2.2000,2.2282,4061693
2024-03-10T14:00:00Z,2.2280,2.2406,2.1801,2.2332,4721930
2024-03-10T15:00:00Z,2.2332,2.2543,2.2212,2.2328,2635347
2024-03-10T16:00:00Z,2.2329,2.2938,2.2304,2.2850,3104625
2024-03-10T17:00:00Z,2.2850,2.3373,2.2686,2.3335,2646166
2024-03-10T18:00:00Z,2.3334,2.3507,2.3100,2.3117,3047150
2024-03-10T19:00:00Z,2.3122,2.3291,2.3020,2.3076,1393952
2024-03-10T20:00:00Z,2.3076,2.3089,2.2928,2.3059,1231071
2024-03-10T21:00:00Z,2.3059,2.3190,2.2903,2.3077,1225764
2024-03-10T22:00:00Z,2.3080,2.3094,2.2300,2.2544,3217225
2024-03-10T23:00:00Z,2.2544,2.2928,2.2532,2.2921,1178073
2024-03-11T00:00:00Z,2.2921,2.3148,2.1004,2.2373,6927264
2024-03-11T01:00:00Z,2.2375,2.2731,2.1904,2.2293,4074683
2024-03-11T02:00:00Z,2.2292,2.2571,2.2145,2.2500,1775792
2024-03-11T03:00:00Z,2.2498,2.3061,2.2425,2.2738,2160072
2024-03-11T04:00:00Z,2.2736,2.2786,2.2524,2.2541,1262211
2024-03-11T05:00:00Z,2.2545,2.2769,2.2401,2.2471,1574374
2024-03-11T06:00:00Z,2.2471,2.2742,2.2231,2.2742,2085926
2024-03-11T07:00:00Z,2.2744,2.3106,2.2581,2.2999,4302643
2024-03-11T08:00:00Z,2.2999,2.3399,2.2867,2.3176,2772502
2024-03-11T09:00:00Z,2.3176,2.3440,2.3045,2.3399,1832926
2024-03-11T10:00:00Z,2.3396,2.3420,2.3076,2.3136,1814486
2024-03-11T11:00:00Z,2.3141,2.3362,2.2931,2.3083,2467804
2024-03-11T12:00:00Z,2.3084,2.3280,2.2978,2.3165,1644897
2024-03-11T13:00:00Z,2.3164,2.3169,2.2546,2.2660,2929382
2024-03-11T14:00:00Z,2.2664,2.2904,2.2534,2.2802,2682283
2024-03-11T15:00:00Z,2.2801,2.3031,2.2664,2.2679,2033580
2024-03-11T16:00:00Z,2.2681,2.2885,2.2410,2.2828,3047329
2024-03-11T17:00:00Z,2.2830,2.2859,2.2634,2.2727,1321712
2024-03-11T18:00:00Z,2.2724,2.3019,2.2680,2.2912,2017744
2024-03-11T19:00:00Z,2.2912,2.3023,2.2778,2.2818,1708629
2024-03-11T20:00:00Z,2.2819,2.3280,2.2764,2.3209,1775990
2024-03-11T21:00:00Z,2.3208,2.3580,2.3081,2.3388,3144602
2024-03-11T22:00:00Z,2.3386,2.3390,2.3081,2.3175,1359861
2024-03-11T23:00:00Z,2.3174,2.3373,2.3143,2.3352,1094968
2024-03-12T00:00:00Z,2.3352,2.3618,2.3253,2.3285,2347102
2024-03-12T01:00:00Z,2.3286,2.3381,2.3118,2.3239,1766240
2024-03-12T02:00:00Z,2.3238,2.3476,2.3110,2.3321,2060550
2024-03-12T03:00:00Z,2.3319,2.3331,2.2773,2.2861,2439883
2024-03-12T04:00:00Z,2.2864,2.3041,2.2613,2.2835,2261089
2024-03-12T05:00:00Z,2.2838,2.2962,2.2784,2.2855,897287
2024-03-12T06:00:00Z,2.2854,2.2862,2.2210,2.2489,4092179
2024-03-12T07:00:00Z,2.2488,2.2517,2.2275,2.2375,1559010
2024-03-12T08:00:00Z,2.2375,2.2449,2.1713,2.2055,4575603
2024-03-12T09:00:00Z,2.2053,2.2438,2.2033,2.2322,2943810
2024-03-12T10:00:00Z,2.2324,2.2441,2.2210,2.2351,1374325
2024-03-12T11:00:00Z,2.2351,2.2567,2.2188,2.2225,2016574
2024-03-12T12:00:00Z,2.2226,2.2394,2.1900,2.2379,4017417
2024-03-12T13:00:00Z,2.2375,2.2526,2.2163,2.2398,2699782
2024-03-12T14:00:00Z,2.2396,2.2699,2.2097,2.2250,4663912
2024-03-12T15:00:00Z,2.2251,2.2688,2.2044,2.2603,3488672
2024-03-12T16:00:00Z,2.2598,2.2736,2.2020,2.2240,5640747
2024-03-12T17:00:00Z,2.2244,2.2540,2.0907,2.2478,10410794
2024-03-12T18:00:00Z,2.2477,2.2746,2.2313,2.2679,3384399
2024-03-12T19:00:00Z,2.2680,2.3000,2.2620,2.2905,2044064
2024-03-12T20:00:00Z,2.2909,2.2909,2.2407,2.2568,2000465
2024-03-12T21:00:00Z,2.2571,2.2833,2.2490,2.2679,1503768
2024-03-12T22:00:00Z,2.2677,2.2792,2.2577,2.2714,1088609
2024-03-12T23:00:00Z,2.2714,2.2934,2.2602,2.2916,1110956
2024-03-13T00:00:00Z,2.2916,2.2967,2.2711,2.2930,1451017
2024-03-13T01:00:00Z,2.2928,2.3325,2.2831,2.3179,1991426
2024-03-13T02:00:00Z,2.3185,2.3261,2.3116,2.3216,988265
2024-03-13T03:00:00Z,2.3216,2.3618,2.3144,2.3488,1783531
2024-03-13T04:00:00Z,2.3487,2.3613,2.3315,2.3595,1372258
2024-03-13T05:00:00Z,2.3595,2.4542,2.3532,2.4388,5748412
2024-03-13T06:00:00Z,2.4388,2.4870,2.4340,2.4597,5765518
2024-03-13T07:00:00Z,2.4593,2.4637,2.4085,2.4257,3945658
2024-03-13T08:00:00Z,2.4260,2.6800,2.4145,2.6048,16326373
2024-03-13T09:00:00Z,2.6050,2.6220,2.5304,2.5317,7716275
2024-03-13T10:00:00Z,2.5320,2.5826,2.5064,2.5733,6567174
2024-03-13T11:00:00Z,2.5734,2.5796,2.5148,2.5194,3778183
2024-03-13T12:00:00Z,2.5192,2.5443,2.4942,2.5052,5123520
2024-03-13T13:00:00Z,2.5052,2.5144,2.4249,2.4654,6437672
2024-03-13T14:00:00Z,2.4655,2.4873,2.4311,2.4493,4064458
2024-03-13T15:00:00Z,2.4492,2.4740,2.4258,2.4376,3413833
2024-03-13T16:00:00Z,2.4376,2.4670,2.4129,2.4463,3484329
2024-03-13T17:00:00Z,2.4463,2.4764,2.4343,2.4463,2559834
2024-03-13T18:00:00Z,2.4463,2.4526,2.4360,2.4453,1598741
2024-03-13T19:00:00Z,2.4454,2.4684,2.4352,2.4573,2103253
2024-03-13T20:00:00Z,2.4572,2.4585,2.3915,2.4127,3542834
2024-03-13T21:00:00Z,2.4127,2.4314,2.4020,2.4267,1737480
2024-03-13T22:00:00Z,2.4270,2.4319,2.4131,2.4196,1147911
2024-03-13T23:00:00Z,2.4196,2.4386,2.4164,2.4268,1439734
2024-03-14T00:00:00Z,2.4268,2.4317,2.3842,2.3888,3156892
2024-03-14T01:00:00Z,2.3886,2.4117,2.3760,2.3994,1869042
2024-03-14T02:00:00Z,2.3992,2.4080,2.3865,2.3909,1025153
2024-03-14T03:00:00Z,2.3908,2.3988,2.3367,2.3648,3916495
2024-03-14T04:00:00Z,2.3648,2.3674,2.3142,2.3191,4225056
2024-03-14T05:00:00Z,2.3193,2.3454,2.3090,2.3351,2509479
2024-03-14T06:00:00Z,2.3351,2.3653,2.3331,2.3642,1850498
2024-03-14T07:00:00Z,2.3642,2.3647,2.3434,2.3500,1945935
2024-03-14T08:00:00Z,2.3501,2.3587,2.3367,2.3382,1824602
2024-03-14T09:00:00Z,2.3382,2.3643,2.3377,2.3529,2545926
2024-03-14T10:00:00Z,2.3527,2.3630,2.3390,2.3482,2384448
2024-03-14T11:00:00Z,2.3482,2.3553,2.3100,2.3438,3129268
2024-03-14T12:00:00Z,2.3438,2.3549,2.3124,2.3318,3149009
2024-03-14T13:00:00Z,2.3321,2.3400,2.2323,2.2643,7932815
2024-03-14T14:00:00Z,2.2643,2.3192,2.2625,2.2967,5095492
2024-03-14T15:00:00Z,2.2969,2.3073,2.2521,2.2795,4458768
2024-03-14T16:00:00Z,2.2795,2.3180,2.2512,2.3180,4307343
2024-03-14T17:00:00Z,2.3179,2.3231,2.2880,2.3056,2768636
2024-03-14T18:00:00Z,2.3054,2.3054,2.2341,2.2650,3766505
2024-03-14T19:00:00Z,2.2654,2.2769,2.1850,2.2486,6837859
2024-03-14T20:00:00Z,2.2486,2.2988,2.2458,2.2826,3541741
2024-03-14T21:00:00Z,2.2828,2.3019,2.2741,2.2982,1452150
2024-03-14T22:00:00Z,2.2981,2.3234,2.2971,2.3217,1517858
2024-03-14T23:00:00Z,2.3219,2.3394,2.3191,2.3252,1650764
2024-03-15T00:00:00Z,2.3251,2.3520,2.3217,2.3395,2567523
2024-03-15T01:00:00Z,2.3395,2.3400,2.3090,2.3116,1867854
2024-03-15T02:00:00Z,2.3117,2.3204,2.1689,2.2205,7247911
2024-03-15T03:00:00Z,2.2210,2.2412,2.0586,2.1901,10472711
2024-03-15T04:00:00Z,2.1906,2.2010,2.1363,2.1541,5129739
2024-03-15T05:00:00Z,2.1536,2.1910,2.1374,2.1450,2580127
2024-03-15T06:00:00Z,2.1449,2.2107,2.1442,2.2105,2398658
2024-03-15T07:00:00Z,2.2105,2.2150,2.1840,2.1985,1920867
2024-03-15T08:00:00Z,2.1993,2.2011,2.0816,2.0865,5994724
2024-03-15T09:00:00Z,2.0857,2.1324,2.0000,2.1232,11431380
2024-03-15T10:00:00Z,2.1233,2.1348,2.0964,2.1033,3618515
2024-03-15T11:00:00Z,2.1036,2.1321,2.0560,2.1240,4875985
2024-03-15T12:00:00Z,2.1240,2.1447,2.1073,2.1365,3617575
2024-03-15T13:00:00Z,2.1364,2.1620,2.1066,2.1551,3189564
2024-03-15T14:00:00Z,2.1551,2.1606,2.1220,2.1547,2321309
2024-03-15T15:00:00Z,2.1546,2.1599,2.1297,2.1348,1725556
2024-03-15T16:00:00Z,2.1348,2.1582,2.1100,2.1299,2440395
2024-03-15T17:00:00Z,2.1297,2.1531,2.1102,2.1495,1622312
2024-03-15T18:00:00Z,2.1497,2.2038,2.1496,2.2030,2529640
2024-03-15T19:00:00Z,2.2029,2.2125,2.1378,2.1518,3159661
2024-03-15T20:00:00Z,2.1516,2.1566,2.1076,2.1222,3542533
2024-03-15T21:00:00Z,2.1223,2.1593,2.1198,2.1546,1251581
2024-03-15T22:00:00Z,2.1547,2.1903,2.1456,2.1888,1106485
2024-03-15T23:00:00Z,2.1886,2.2000,2.1737,2.1999,1525238
2024-03-16T00:00:00Z,2.2000,2.2096,2.1841,2.1905,1811995
2024-03-16T01:00:00Z,2.1906,2.2108,2.1843,2.1988,2212801
2024-03-16T02:00:00Z,2.1988,2.2111,2.1885,2.1998,1324573
2024-03-16T03:00:00Z,2.1997,2.2265,2.1898,2.2202,1609612
2024-03-16T04:00:00Z,2.2202,2.2336,2.2009,2.2106,1947091
2024-03-16T05:00:00Z,2.2105,2.2133,2.1667,2.1994,2523293
2024-03-16T06:00:00Z,2.1993,2.2266,2.1960,2.2247,2225698
2024-03-16T07:00:00Z,2.2248,2.2486,2.2080,2.2452,1912642
2024-03-16T08:00:00Z,2.2453,2.2455,2.2152,2.2260,1842926
2024-03-16T09:00:00Z,2.2267,2.2412,2.2146,2.2309,2004748
2024-03-16T10:00:00Z,2.2308,2.2370,2.2077,2.2140,2127012
2024-03-16T11:00:00Z,2.2140,2.2244,2.1763,2.1992,2944156
2024-03-16T12:00:00Z,2.1991,2.2039,2.1567,2.1602,3796901
2024-03-16T13:00:00Z,2.1602,2.1838,2.1216,2.1247,3752525
2024-03-16T14:00:00Z,2.1248,2.1615,2.1155,2.1526,2847180
2024-03-16T15:00:00Z,2.1531,2.1827,2.1180,2.1751,2227707
2024-03-16T16:00:00Z,2.1746,2.1825,2.1420,2.1480,2124058
2024-03-16T17:00:00Z,2.1482,2.1612,2.1003,2.1065,4014573
2024-03-16T18:00:00Z,2.1070,2.1128,2.0100,2.0425,8968457
2024-03-16T19:00:00Z,2.0423,2.1027,2.0415,2.0639,3901044
2024-03-16T20:00:00Z,2.0638,2.1066,2.0436,2.0914,2991326
2024-03-16T21:00:00Z,2.0911,2.1016,2.0380,2.0642,2237240
2024-03-16T22:00:00Z,2.0639,2.0939,2.0440,2.0770,1513021
2024-03-16T23:00:00Z,2.0766,2.0836,2.0207,2.0711,3606000
2024-03-17T00:00:00Z,2.0712,2.1034,2.0324,2.0341,3058075
2024-03-17T01:00:00Z,2.0341,2.0762,2.0341,2.0721,2671848
2024-03-17T02:00:00Z,2.0722,2.1058,2.0564,2.0935,1572979
2024-03-17T03:00:00Z,2.0938,2.1079,2.0776,2.1034,1519426
2024-03-17T04:00:00Z,2.1034,2.1055,2.0753,2.0862,1143493
2024-03-17T05:00:00Z,2.0862,2.0993,2.0540,2.0650,2132012
2024-03-17T06:00:00Z,2.0650,2.0719,2.0000,2.0016,3388230
2024-03-17T07:00:00Z,2.0006,2.0157,1.9350,2.0019,7947114
2024-03-17T08:00:00Z,2.0017,2.0692,1.9967,2.0558,3457531
2024-03-17T09:00:00Z,2.0554,2.0745,2.0475,2.0607,2087326
2024-03-17T10:00:00Z,2.0609,2.0940,2.0605,2.0821,1984428
2024-03-17T11:00:00Z,2.0818,2.0922,2.0652,2.0713,1403918
2024-03-17T12:00:00Z,2.0712,2.0879,2.0230,2.0371,2071786
2024-03-17T13:00:00Z,2.0367,2.0758,2.0364,2.0711,2226246
2024-03-17T14:00:00Z,2.0712,2.1021,2.0563,2.0966,2498298
2024-03-17T15:00:00Z,2.0965,2.1233,2.0802,2.1145,2318745
2024-03-17T16:00:00Z,2.1142,2.1311,2.0893,2.0958,2223078
2024-03-17T17:00:00Z,2.0962,2.1261,2.0885,2.1233,1324190
2024-03-17T18:00:00Z,2.1234,2.1284,2.0990,2.1085,1616036
2024-03-17T19:00:00Z,2.1085,2.1227,2.0967,2.1197,1160166
2024-03-17T20:00:00Z,2.1197,2.1210,2.0979,2.1025,1089793
2024-03-17T21:00:00Z,2.1023,2.1080,2.0953,2.1073,693217
2024-03-17T22:00:00Z,2.1073,2.1304,2.1000,2.1012,1036646
2024-03-17T23:00:00Z,2.1012,2.1141,2.0901,2.1090,1517678
2024-03-18T00:00:00Z,2.1090,2.1090,2.0474,2.0510,3002672
2024-03-18T01:00:00Z,2.0503,2.0920,2.0323,2.0876,2280764
2024-03-18T02:00:00Z,2.0876,2.1191,2.0829,2.1022,1409121
2024-03-18T03:00:00Z,2.1022,2.1157,2.0946,2.0998,1046411
2024-03-18T04:00:00Z,2.0999,2.1273,2.0789,2.1213,1614653
2024-03-18T05:00:00Z,2.1218,2.1474,2.1060,2.1402,2305022
2024-03-18T06:00:00Z,2.1401,2.1575,2.1278,2.1292,1761810
2024-03-18T07:00:00Z,2.1292,2.1294,2.1053,2.1138,1695154
2024-03-18T08:00:00Z,2.1139,2.1145,2.0624,2.0847,2735990
2024-03-18T09:00:00Z,2.0848,2.0861,2.0427,2.0505,2477008
2024-03-18T10:00:00Z,2.0503,2.0805,2.0390,2.0805,1784907
2024-03-18T11:00:00Z,2.0806,2.1028,2.0725,2.0792,1486824
2024-03-18T12:00:00Z,2.0791,2.0957,2.0638,2.0857,2409458
2024-03-18T13:00:00Z,2.0856,2.0897,2.0203,2.0372,4505136
2024-03-18T14:00:00Z,2.0375,2.0471,1.9857,2.0016,5065525
2024-03-18T15:00:00Z,2.0016,2.0255,1.9707,2.0211,3322137
2024-03-18T16:00:00Z,2.0210,2.0493,1.9884,1.9996,3228238
2024-03-18T17:00:00Z,1.9996,2.0023,1.9600,1.9919,4250479
2024-03-18T18:00:00Z,1.9920,2.0032,1.9625,1.9658,1980438
2024-03-18T19:00:00Z,1.9663,1.9931,1.9514,1.9684,1860630
2024-03-18T20:00:00Z,1.9688,2.0013,1.9661,1.9915,1462049
2024-03-18T21:00:00Z,1.9915,2.0221,1.9892,1.9977,1370677
2024-03-18T22:00:00Z,1.9976,2.0068,1.9793,1.9935,1444258
2024-03-18T23:00:00Z,1.9934,2.0200,1.9867,1.9952,1149427
2024-03-19T00:00:00Z,1.9947,2.0272,1.9476,1.9540,3473038
2024-03-19T01:00:00Z,1.9542,1.9566,1.8708,1.8965,6504215
2024-03-19T02:00:00Z,1.8970,1.9325,1.8869,1.8941,2320907
2024-03-19T03:00:00Z,1.8941,1.9138,1.8465,1.9031,4118245
2024-03-19T04:00:00Z,1.9031,1.9180,1.8664,1.8695,2977318
2024-03-19T05:00:00Z,1.8693,1.8898,1.8367,1.8660,3575248
2024-03-19T06:00:00Z,1.8661,1.8781,1.8100,1.8368,4266100
2024-03-19T07:00:00Z,1.8366,1.8567,1.7579,1.8561,8604652
2024-03-19T08:00:00Z,1.8565,1.8574,1.7616,1.7692,7373208
2024-03-19T09:00:00Z,1.7691,1.8168,1.7301,1.8130,9304364
2024-03-19T10:00:00Z,1.8130,1.8132,1.7681,1.7954,4779676
2024-03-19T11:00:00Z,1.7953,1.8269,1.7715,1.8265,5014273
2024-03-19T12:00:00Z,1.8265,1.8657,1.8172,1.8533,4385804
2024-03-19T13:00:00Z,1.8539,1.8606,1.8195,1.8365,4664622
2024-03-19T14:00:00Z,1.8367,1.8430,1.7953,1.8357,3589413
2024-03-19T15:00:00Z,1.8357,1.8820,1.8146,1.8768,3187282
2024-03-19T16:00:00Z,1.8769,1.8914,1.8593,1.8784,3838970
2024-03-19T17:00:00Z,1.8787,1.9128,1.8739,1.8936,3488942
2024-03-19T18:00:00Z,1.8936,1.9063,1.8692,1.8946,2051805
2024-03-19T19:00:00Z,1.8944,1.9186,1.8857,1.8897,1946280
2024-03-19T20:00:00Z,1.8895,1.8960,1.8471,1.8590,5460399
2024-03-19T21:00:00Z,1.8589,1.8652,1.8326,1.8626,2156080
2024-03-19T22:00:00Z,1.8623,1.8681,1.7702,1.7866,4655809
2024-03-19T23:00:00Z,1.7867,1.8062,1.7513,1.7946,3691396
2024-03-20T00:00:00Z,1.7945,1.8395,1.7881,1.8387,3540854
2024-03-20T01:00:00Z,1.8387,1.8387,1.7752,1.7888,3439763
2024-03-20T02:00:00Z,1.7888,1.8300,1.7771,1.8256,1824222
2024-03-20T03:00:00Z,1.8254,1.8487,1.7809,1.7854,2407715
2024-03-20T04:00:00Z,1.7855,1.8021,1.7392,1.7552,5054786
2024-03-20T05:00:00Z,1.7552,1.7654,1.7010,1.7397,6318360
2024-03-20T06:00:00Z,1.7391,1.7970,1.7362,1.7883,3086588
2024-03-20T07:00:00Z,1.7884,1.8453,1.7856,1.8361,3875628
2024-03-20T08:00:00Z,1.8361,1.8368,1.7991,1.7996,3767663
2024-03-20T09:00:00Z,1.7996,1.8222,1.7943,1.8149,2067921
2024-03-20T10:00:00Z,1.8148,1.8262,1.8012,1.8166,1661395
2024-03-20T11:00:00Z,1.8165,1.8501,1.8127,1.8452,2993289
2024-03-20T12:00:00Z,1.8448,1.8746,1.8325,1.8573,3047609
2024-03-20T13:00:00Z,1.8573,1.8579,1.8200,1.8248,3490647
2024-03-20T14:00:00Z,1.8248,1.8532,1.8144,1.8417,2349934
2024-03-20T15:00:00Z,1.8413,1.8498,1.7984,1.8082,3039672
2024-03-20T16:00:00Z,1.8085,1.8203,1.7367,1.7797,6795438
2024-03-20T17:00:00Z,1.7800,1.8256,1.7703,1.8145,3842939
2024-03-20T18:00:00Z,1.8147,1.8975,1.8147,1.8927,4286511
2024-03-20T19:00:00Z,1.8927,1.9190,1.8771,1.9040,4157780
2024-03-20T20:00:00Z,1.9040,1.9429,1.8938,1.9286,3957033
2024-03-20T21:00:00Z,1.9286,1.9438,1.9203,1.9378,1880937
2024-03-20T22:00:00Z,1.9379,1.9528,1.9238,1.9371,1920327
2024-03-20T23:00:00Z,1.9370,1.9417,1.9172,1.9244,1759752
2024-03-21T00:00:00Z,1.9244,1.9399,1.9122,1.9289,2891847
2024-03-21T01:00:00Z,1.9288,1.9378,1.9157,1.9290,1735945
2024-03-21T02:00:00Z,1.9290,1.9421,1.9235,1.9343,1120187
2024-03-21T03:00:00Z,1.9340,1.9546,1.9098,1.9205,2169941
2024-03-21T04:00:00Z,1.9208,1.9339,1.9041,1.9176,2050047
2024-03-21T05:00:00Z,1.9176,1.9178,1.8709,1.9139,2427785
2024-03-21T06:00:00Z,1.9135,1.9282,1.8985,1.9060,1815515
2024-03-21T07:00:00Z,1.9060,1.9165,1.8955,1.9026,2421249
2024-03-21T08:00:00Z,1.9026,1.9274,1.9023,1.9162,1770936
2024-03-21T09:00:00Z,1.9160,1.9294,1.9050,1.9223,1957357
2024-03-21T10:00:00Z,1.9225,1.9384,1.9198,1.9308,1687023
2024-03-21T11:00:00Z,1.9307,1.9424,1.9183,1.9302,1987054
2024-03-21T12:00:00Z,1.9301,1.9437,1.9062,1.9115,2344881
2024-03-21T13:00:00Z,1.9113,1.9270,1.8981,1.9047,2357928
2024-03-21T14:00:00Z,1.9050,1.9331,1.9005,1.9215,1490545
2024-03-21T15:00:00Z,1.9216,1.9258,1.8901,1.9102,2324737
2024-03-21T16:00:00Z,1.9102,1.9428,1.9001,1.9376,2327794
2024-03-21T17:00:00Z,1.9375,1.9514,1.8981,1.9097,4123620
2024-03-21T18:00:00Z,1.9096,1.9160,1.8510,1.8683,4402927
2024-03-21T19:00:00Z,1.8681,1.9048,1.8648,1.8955,2270843
2024-03-21T20:00:00Z,1.8954,1.9218,1.8702,1.9060,3233447
2024-03-21T21:00:00Z,1.9061,1.9167,1.8916,1.9126,1319769
2024-03-21T22:00:00Z,1.9125,1.9201,1.8978,1.8987,1149889
2024-03-21T23:00:00Z,1.8986,1.9112,1.8967,1.9075,944200
2024-03-22T00:00:00Z,1.9074,1.9203,1.8839,1.8991,2126245
2024-03-22T01:00:00Z,1.8990,1.9054,1.8636,1.8667,2656645
2024-03-22T02:00:00Z,1.8666,1.8854,1.8585,1.8831,1447008
2024-03-22T03:00:00Z,1.8831,1.9189,1.8810,1.9139,1518503
2024-03-22T04:00:00Z,1.9137,1.9200,1.8957,1.9078,1630352
2024-03-22T05:00:00Z,1.9075,1.9223,1.8981,1.9219,1287310
2024-03-22T06:00:00Z,1.9220,1.9386,1.9092,1.9323,2217326
2024-03-22T07:00:00Z,1.9322,1.9377,1.9207,1.9282,1107797
2024-03-22T08:00:00Z,1.9284,1.9495,1.9199,1.9226,2787011
2024-03-22T09:00:00Z,1.9226,1.9415,1.9183,1.9205,1555021
2024-03-22T10:00:00Z,1.9205,1.9246,1.8751,1.8823,2943031
2024-03-22T11:00:00Z,1.8822,1.8983,1.8524,1.8593,3212578
2024-03-22T12:00:00Z,1.8593,1.8948,1.8456,1.8725,2745693
2024-03-22T13:00:00Z,1.8722,1.8791,1.8051,1.8199,4493328
2024-03-22T14:00:00Z,1.8196,1.8350,1.8022,1.8131,4773626
2024-03-22T15:00:00Z,1.8134,1.8700,1.8097,1.8586,3724075
2024-03-22T16:00:00Z,1.8587,1.8637,1.8283,1.8458,2626746
2024-03-22T17:00:00Z,1.8454,1.8615,1.8394,1.8556,2065201
2024-03-22T18:00:00Z,1.8558,1.8689,1.8474,1.8578,1586504
2024-03-22T19:00:00Z,1.8577,1.8714,1.8419,1.8625,1555938
2024-03-22T20:00:00Z,1.8628,1.8674,1.8432,1.8501,1585413
2024-03-22T21:00:00Z,1.8501,1.8513,1.8108,1.8368,1756130
2024-03-22T22:00:00Z,1.8367,1.8459,1.8149,1.8381,1256196
2024-03-22T23:00:00Z,1.8381,1.8721,1.8351,1.8718,1460793
2024-03-23T00:00:00Z,1.8719,1.8722,1.8569,1.8603,988040
2024-03-23T01:00:00Z,1.8603,1.8972,1.8595,1.8902,1945459
2024-03-23T02:00:00Z,1.8907,1.9014,1.8726,1.8899,1654009
2024-03-23T03:00:00Z,1.8898,1.8903,1.8521,1.8759,1798069
2024-03-23T04:00:00Z,1.8754,1.9022,1.8715,1.8899,1119031
2024-03-23T05:00:00Z,1.8899,1.8974,1.8730,1.8809,2172838
2024-03-23T06:00:00Z,1.8807,1.8960,1.8753,1.8886,1280474
2024-03-23T07:00:00Z,1.8881,1.9175,1.8873,1.9043,1714224
2024-03-23T08:00:00Z,1.9043,1.9124,1.8952,1.9031,1179463
2024-03-23T09:00:00Z,1.9030,1.9041,1.8885,1.9006,1057735
2024-03-23T10:00:00Z,1.9006,1.9142,1.8980,1.9020,1262313
2024-03-23T11:00:00Z,1.9020,1.9184,1.8994,1.9180,886314
2024-03-23T12:00:00Z,1.9179,1.9281,1.9106,1.9200,1165907
2024-03-23T13:00:00Z,1.9202,1.9348,1.9147,1.9302,1440773
2024-03-23T14:00:00Z,1.9301,1.9457,1.9211,1.9399,2300886
2024-03-23T15:00:00Z,1.9397,1.9453,1.9215,1.9323,1889747
2024-03-23T16:00:00Z,1.9322,1.9389,1.9178,1.9239,1381135
2024-03-23T17:00:00Z,1.9242,1.9324,1.9168,1.9312,1187277
2024-03-23T18:00:00Z,1.9315,1.9406,1.9274,1.9347,910676
2024-03-23T19:00:00Z,1.9351,1.9378,1.9180,1.9211,933336
2024-03-23T20:00:00Z,1.9212,1.9280,1.9174,1.9262,862832
2024-03-23T21:00:00Z,1.9266,1.9306,1.9190,1.9234,811801
2024-03-23T22:00:00Z,1.9231,1.9254,1.9120,1.9137,1078401
2024-03-23T23:00:00Z,1.9136,1.9193,1.8865,1.8901,1846691
2024-03-24T00:00:00Z,1.8900,1.9164,1.8871,1.9148,1013224
2024-03-24T01:00:00Z,1.9146,1.9227,1.9041,1.9190,994020
2024-03-24T02:00:00Z,1.9186,1.9211,1.8993,1.9069,878180
2024-03-24T03:00:00Z,1.9068,1.9082,1.8803,1.8808,1167576
2024-03-24T04:00:00Z,1.8810,1.8904,1.8688,1.8828,1203287
2024-03-24T05:00:00Z,1.8828,1.9074,1.8804,1.9032,788033
2024-03-24T06:00:00Z,1.9032,1.9101,1.8838,1.8889,1224411
2024-03-24T07:00:00Z,1.8886,1.9022,1.8819,1.9011,1068387
2024-03-24T08:00:00Z,1.9018,1.9292,1.8958,1.9287,1167366
2024-03-24T09:00:00Z,1.9288,1.9302,1.9138,1.9245,1007261
2024-03-24T10:00:00Z,1.9241,1.9360,1.9222,1.9320,1012465
2024-03-24T11:00:00Z,1.9321,1.9393,1.9245,1.9369,1253702
2024-03-24T12:00:00Z,1.9370,1.9476,1.9283,1.9374,1205437
2024-03-24T13:00:00Z,1.9371,1.9423,1.9145,1.9209,1690194
2024-03-24T14:00:00Z,1.9208,1.9382,1.9181,1.9320,1121449
2024-03-24T15:00:00Z,1.9321,1.9380,1.9230,1.9284,947139
2024-03-24T16:00:00Z,1.9286,1.9342,1.9184,1.9204,1215618
2024-03-24T17:00:00Z,1.9205,1.9242,1.8920,1.9226,2747879
2024-03-24T18:00:00Z,1.9227,1.9750,1.9203,1.9450,4869981
2024-03-24T19:00:00Z,1.9453,1.9729,1.9427,1.9610,2069527
2024-03-24T20:00:00Z,1.9610,1.9868,1.9521,1.9832,2620642
2024-03-24T21:00:00Z,1.9837,1.9870,1.9697,1.9797,1515926
2024-03-24T22:00:00Z,1.9800,1.9865,1.9722,1.9835,1248163
2024-03-24T23:00:00Z,1.9834,1.9944,1.9786,1.9885,1663418
2024-03-25T00:00:00Z,1.9886,1.9996,1.9714,1.9846,1871133
2024-03-25T01:00:00Z,1.9846,2.0184,1.9846,2.0137,2042692
2024-03-25T02:00:00Z,2.0138,2.0340,2.0020,2.0291,1628726
2024-03-25T03:00:00Z,2.0293,2.0400,2.0222,2.0294,1482836
2024-03-25T04:00:00Z,2.0293,2.0318,2.0136,2.0294,1288488
2024-03-25T05:00:00Z,2.0297,2.0387,2.0221,2.0365,952067
2024-03-25T06:00:00Z,2.0364,2.0371,2.0154,2.0198,1043444
2024-03-25T07:00:00Z,2.0197,2.0204,1.9854,1.9915,1604228
2024-03-25T08:00:00Z,1.9915,2.0230,1.9898,2.0074,1949116
2024-03-25T09:00:00Z,2.0074,2.0240,2.0011,2.0236,1061813
2024-03-25T10:00:00Z,2.0236,2.0462,2.0189,2.0312,1962514
2024-03-25T11:00:00Z,2.0311,2.0317,2.0017,2.0065,1528485
2024-03-25T12:00:00Z,2.0059,2.0243,2.0042,2.0141,1307265
2024-03-25T13:00:00Z,2.0141,2.0309,2.0035,2.0301,1580753
2024-03-25T14:00:00Z,2.0301,2.0546,2.0196,2.0481,4287567
2024-03-25T15:00:00Z,2.0479,2.0607,2.0349,2.0524,2293717
2024-03-25T16:00:00Z,2.0524,2.0754,2.0460,2.0666,2200192
2024-03-25T17:00:00Z,2.0669,2.0768,2.0510,2.0601,2109982
2024-03-25T18:00:00Z,2.0600,2.0677,2.0478,2.0621,1362921
2024-03-25T19:00:00Z,2.0620,2.0780,2.0487,2.0772,1334469
2024-03-25T20:00:00Z,2.0772,2.0839,2.0721,2.0779,1110270
2024-03-25T21:00:00Z,2.0778,2.0778,2.0395,2.0582,2255867
2024-03-25T22:00:00Z,2.0583,2.0724,2.0583,2.0675,686401
2024-03-25T23:00:00Z,2.0675,2.0755,2.0511,2.0625,896026
2024-03-26T00:00:00Z,2.0625,2.0818,2.0569,2.0715,1508514
2024-03-26T01:00:00Z,2.0717,2.1100,2.0648,2.1097,1431096
2024-03-26T02:00:00Z,2.1097,2.1144,2.0950,2.1122,1142695
2024-03-26T03:00:00Z,2.1122,2.1129,2.1010,2.1021,923126
2024-03-26T04:00:00Z,2.1023,2.1106,2.0961,2.1078,824103
2024-03-26T05:00:00Z,2.1080,2.1183,2.0995,2.1164,857727
2024-03-26T06:00:00Z,2.1164,2.1317,2.1103,2.1296,1081071
2024-03-26T07:00:00Z,2.1296,2.1431,2.1073,2.1143,2376619
2024-03-26T08:00:00Z,2.1145,2.1255,2.1030,2.1174,1386394
2024-03-26T09:00:00Z,2.1174,2.1350,2.1054,2.1314,1127002
2024-03-26T10:00:00Z,2.1313,2.1359,2.1162,2.1247,899118
2024-03-26T11:00:00Z,2.1247,2.1249,2.1070,2.1086,1140356
2024-03-26T12:00:00Z,2.1086,2.1207,2.0967,2.1130,1534212
2024-03-26T13:00:00Z,2.1125,2.1160,2.0687,2.0806,3033489
2024-03-26T14:00:00Z,2.0808,2.0865,2.0340,2.0765,5614989
2024-03-26T15:00:00Z,2.0761,2.0769,2.0387,2.0573,2282821
2024-03-26T16:00:00Z,2.0575,2.0711,2.0212,2.0298,3803720
2024-03-26T17:00:00Z,2.0296,2.0570,2.0233,2.0520,1719906
2024-03-26T18:00:00Z,2.0522,2.0742,2.0504,2.0597,1176397
2024-03-26T19:00:00Z,2.0593,2.0626,2.0398,2.0428,1552633
2024-03-26T20:00:00Z,2.0429,2.0717,2.0429,2.0638,1177758
2024-03-26T21:00:00Z,2.0639,2.0845,2.0619,2.0730,943392
2024-03-26T22:00:00Z,2.0730,2.0788,2.0510,2.0764,982556
2024-03-26T23:00:00Z,2.0764,2.0846,2.0684,2.0717,837822
2024-03-27T00:00:00Z,2.0717,2.1025,2.0615,2.1018,1325553
2024-03-27T01:00:00Z,2.1018,2.1139,2.0961,2.0984,953294
2024-03-27T02:00:00Z,2.0985,2.1006,2.0853,2.0952,795847
2024-03-27T03:00:00Z,2.0955,2.1009,2.0740,2.0806,908245
2024-03-27T04:00:00Z,2.0805,2.0891,2.0630,2.0674,852244
2024-03-27T05:00:00Z,2.0677,2.0763,2.0626,2.0735,765148
2024-03-27T06:00:00Z,2.0735,2.0840,2.0567,2.0627,867864
2024-03-27T07:00:00Z,2.0629,2.0641,2.0207,2.0301,2254955
2024-03-27T08:00:00Z,2.0302,2.0519,2.0060,2.0138,1916311
2024-03-27T09:00:00Z,2.0135,2.0351,1.9955,2.0317,2033729
2024-03-27T10:00:00Z,2.0316,2.0474,2.0251,2.0380,1351072
2024-03-27T11:00:00Z,2.0379,2.0548,2.0309,2.0539,1203863
2024-03-27T12:00:00Z,2.0539,2.0596,2.0331,2.0478,1596501
2024-03-27T13:00:00Z,2.0478,2.0859,2.0146,2.0266,5199870
2024-03-27T14:00:00Z,2.0266,2.0345,1.9612,2.0176,7280445
2024-03-27T15:00:00Z,2.0173,2.0259,1.9679,1.9699,3123421
2024-03-27T16:00:00Z,1.9700,1.9918,1.9560,1.9908,2429056
2024-03-27T17:00:00Z,1.9908,2.0095,1.9852,1.9945,1324627
2024-03-27T18:00:00Z,1.9946,2.0002,1.9723,1.9750,1726459
2024-03-27T19:00:00Z,1.9752,2.0041,1.9751,2.0012,1044276
2024-03-27T20:00:00Z,2.0011,2.0171,1.9996,2.0063,1050439
2024-03-27T21:00:00Z,2.0065,2.0206,1.9971,1.9994,981806
2024-03-27T22:00:00Z,1.9994,2.0158,1.9982,2.0134,901290
2024-03-27T23:00:00Z,2.0133,2.0136,1.9902,1.9968,1298183
2024-03-28T00:00:00Z,1.9968,2.0179,1.9932,2.0058,1234974
2024-03-28T01:00:00Z,2.0058,2.0070,1.9701,1.9827,1536185
2024-03-28T02:00:00Z,1.9827,2.0030,1.9652,1.9764,1608343
2024-03-28T03:00:00Z,1.9764,1.9900,1.9603,1.9885,1257700
2024-03-28T04:00:00Z,1.9885,2.0102,1.9865,2.0073,1230300
2024-03-28T05:00:00Z,2.0073,2.0092,1.9945,1.9998,612265
2024-03-28T06:00:00Z,2.0000,2.0198,1.9962,2.0163,1360620
2024-03-28T07:00:00Z,2.0163,2.0315,2.0078,2.0314,1456540
2024-03-28T08:00:00Z,2.0314,2.0525,2.0235,2.0474,1747718
2024-03-28T09:00:00Z,2.0476,2.0647,2.0323,2.0529,1572265
2024-03-28T10:00:00Z,2.0528,2.0537,2.0292,2.0433,1754229
2024-03-28T11:00:00Z,2.0433,2.0476,2.0243,2.0382,1407160
2024-03-28T12:00:00Z,2.0381,2.0437,2.0068,2.0234,2315186
2024-03-28T13:00:00Z,2.0235,2.0384,2.0016,2.0334,2102457
2024-03-28T14:00:00Z,2.0334,2.0507,2.0164,2.0431,1959588
2024-03-28T15:00:00Z,2.0433,2.0448,2.0187,2.0336,1190354
2024-03-28T16:00:00Z,2.0335,2.0340,2.0101,2.0252,1527554
2024-03-28T17:00:00Z,2.0249,2.0276,2.0113,2.0184,960969
2024-03-28T18:00:00Z,2.0183,2.0257,2.0126,2.0257,691371
2024-03-28T19:00:00Z,2.0255,2.0345,2.0225,2.0317,732705
2024-03-28T20:00:00Z,2.0316,2.0395,2.0278,2.0380,784165
2024-03-28T21:00:00Z,2.0380,2.0483,2.0367,2.0378,764727
2024-03-28T22:00:00Z,2.0377,2.0447,2.0204,2.0445,1031768
2024-03-28T23:00:00Z,2.0445,2.0524,2.0408,2.0507,1085794
2024-03-29T00:00:00Z,2.0507,2.0574,2.0305,2.0431,1390055
2024-03-29T01:00:00Z,2.0431,2.0553,2.0286,2.0359,989274
2024-03-29T02:00:00Z,2.0356,2.0373,2.0102,2.0253,1460811
2024-03-29T03:00:00Z,2.0252,2.0415,2.0194,2.0324,966555
2024-03-29T04:00:00Z,2.0322,2.0520,2.0238,2.0317,1082073
2024-03-29T05:00:00Z,2.0313,2.0480,2.0166,2.0259,1059194
2024-03-29T06:00:00Z,2.0259,2.0382,2.0107,2.0373,1034525
2024-03-29T07:00:00Z,2.0372,2.0398,1.9827,1.9914,2302328
2024-03-29T08:00:00Z,1.9914,2.0258,1.9885,2.0180,1627536
2024-03-29T09:00:00Z,2.0181,2.0282,1.9971,2.0059,1028778
2024-03-29T10:00:00Z,2.0058,2.0193,1.9970,2.0178,866622
2024-03-29T11:00:00Z,2.0178,2.0308,2.0175,2.0259,1526380
2024-03-29T12:00:00Z,2.0261,2.0524,2.0170,2.0472,2303300
2024-03-29T13:00:00Z,2.0472,2.0565,2.0382,2.0513,1564446
2024-03-29T14:00:00Z,2.0516,2.0789,2.0461,2.0473,2468805
2024-03-29T15:00:00Z,2.0477,2.0600,1.9954,2.0172,3728451
2024-03-29T16:00:00Z,2.0174,2.0424,2.0087,2.0141,2100444
2024-03-29T17:00:00Z,2.0137,2.0354,2.0033,2.0121,1289856
2024-03-29T18:00:00Z,2.0121,2.0205,2.0050,2.0147,776155
2024-03-29T19:00:00Z,2.0146,2.0158,2.0036,2.0153,607922
2024-03-29T20:00:00Z,2.0153,2.0160,2.0000,2.0086,802211
2024-03-29T21:00:00Z,2.0085,2.0100,1.9769,1.9810,1322454
2024-03-29T22:00:00Z,1.9809,2.0135,1.9794,2.0126,1095146
2024-03-29T23:00:00Z,2.0127,2.0211,2.0086,2.0127,765819
2024-03-30T00:00:00Z,2.0127,2.0169,1.9915,2.0159,1743633
2024-03-30T01:00:00Z,2.0157,2.0234,2.0028,2.0136,1175272
2024-03-30T02:00:00Z,2.0136,2.0147,2.0023,2.0095,560207
2024-03-30T03:00:00Z,2.0100,2.0169,1.9955,1.9983,773564
2024-03-30T04:00:00Z,1.9983,2.0139,1.9963,2.0133,739090
2024-03-30T05:00:00Z,2.0135,2.0195,2.0039,2.0114,1112881
2024-03-30T06:00:00Z,2.0114,2.0129,1.9841,1.9930,1240456
2024-03-30T07:00:00Z,1.9929,2.0023,1.9852,1.9870,907651
2024-03-30T08:00:00Z,1.9868,1.9984,1.9792,1.9908,1269817
2024-03-30T09:00:00Z,1.9907,2.0032,1.9851,2.0007,622258
2024-03-30T10:00:00Z,2.0007,2.0054,1.9938,2.0014,448574
2024-03-30T11:00:00Z,2.0016,2.0103,1.9966,2.0087,606618
2024-03-30T12:00:00Z,2.0089,2.0103,2.0010,2.0052,681586
2024-03-30T13:00:00Z,2.0052,2.0056,1.9938,1.9975,818749
2024-03-30T14:00:00Z,1.9975,2.0044,1.9868,1.9945,945931
2024-03-30T15:00:00Z,1.9946,2.0058,1.9935,1.9988,789224
2024-03-30T16:00:00Z,1.9989,2.0129,1.9907,2.0082,1152788
2024-03-30T17:00:00Z,2.0088,2.0094,1.9926,2.0037,713225
2024-03-30T18:00:00Z,2.0037,2.0082,1.9974,1.9974,791475
2024-03-30T19:00:00Z,1.9974,2.0021,1.9802,2.0004,1236988
2024-03-30T20:00:00Z,2.0002,2.0031,1.9939,1.9957,748154
2024-03-30T21:00:00Z,1.9958,1.9999,1.9738,1.9845,1078494
2024-03-30T22:00:00Z,1.9844,1.9911,1.9746,1.9810,1441942
2024-03-30T23:00:00Z,1.9810,1.9885,1.9628,1.9763,1527316
2024-03-31T00:00:00Z,1.9763,1.9884,1.9658,1.9837,1174346
2024-03-31T01:00:00Z,1.9838,1.9909,1.9776,1.9834,877543
2024-03-31T02:00:00Z,1.9833,1.9920,1.9803,1.9889,590676
2024-03-31T03:00:00Z,1.9893,1.9925,1.9770,1.9853,943965
2024-03-31T04:00:00Z,1.9853,1.9979,1.9794,1.9968,819154
2024-03-31T05:00:00Z,1.9967,2.0269,1.9939,2.0218,1459470
2024-03-31T06:00:00Z,2.0219,2.0319,2.0140,2.0183,1623549
2024-03-31T07:00:00Z,2.0185,2.0263,2.0124,2.0167,666442
2024-03-31T08:00:00Z,2.0165,2.0183,2.0027,2.0036,742913
2024-03-31T09:00:00Z,2.0036,2.0075,1.9949,1.9982,645872
2024-03-31T10:00:00Z,1.9981,2.0039,1.9940,1.9999,530030
2024-03-31T11:00:00Z,1.9998,2.0087,1.9991,2.0055,711448
2024-03-31T12:00:00Z,2.0055,2.0138,2.0007,2.0046,783094
2024-03-31T13:00:00Z,2.0047,2.0117,1.9992,2.0016,917474
2024-03-31T14:00:00Z,2.0018,2.0086,1.9955,2.0048,953923
2024-03-31T15:00:00Z,2.0047,2.0060,1.9998,2.0035,480216
2024-03-31T16:00:00Z,2.0034,2.0075,1.9992,2.0028,503591
2024-03-31T17:00:00Z,2.0030,2.0058,2.0005,2.0038,321500
2024-03-31T18:00:00Z,2.0036,2.0158,1.9980,2.0060,919828
2024-03-31T19:00:00Z,2.0057,2.0125,1.9952,2.0087,1153923
2024-03-31T20:00:00Z,2.0087,2.0137,2.0021,2.0053,727857
2024-03-31T21:00:00Z,2.0054,2.0064,1.9866,1.9933,811224
2024-03-31T22:00:00Z,1.9933,2.0010,1.9911,1.9986,750185
2024-03-31T23:00:00Z,1.9985,2.0149,1.9969,2.0130,976704
2024-04-01T00:00:00Z,2.0131,2.0148,2.0003,2.0087,1418022
2024-04-01T01:00:00Z,2.0086,2.0150,1.9974,2.0073,956119
2024-04-01T02:00:00Z,2.0066,2.0123,2.0001,2.0063,537799
2024-04-01T03:00:00Z,2.0060,2.0136,1.9993,2.0067,654225
2024-04-01T04:00:00Z,2.0068,2.0110,1.9909,1.9920,779322
2024-04-01T05:00:00Z,1.9920,1.9964,1.8661,1.8965,9114031
2024-04-01T06:00:00Z,1.8972,1.9307,1.8878,1.9141,4375562
2024-04-01T07:00:00Z,1.9142,1.9306,1.9113,1.9224,1499407
2024-04-01T08:00:00Z,1.9226,1.9226,1.8840,1.8918,2695951
2024-04-01T09:00:00Z,1.8919,1.9039,1.8782,1.8838,1797836
2024-04-01T10:00:00Z,1.8837,1.9052,1.8749,1.9039,2643245
2024-04-01T11:00:00Z,1.9039,1.9131,1.8927,1.8944,1432928
2024-04-01T12:00:00Z,1.8945,1.9095,1.8908,1.9084,1233564
2024-04-01T13:00:00Z,1.9082,1.9214,1.8955,1.9131,1453732
2024-04-01T14:00:00Z,1.9134,1.9173,1.8564,1.8663,2937033
2024-04-01T15:00:00Z,1.8662,1.8759,1.8326,1.8546,5094275
2024-04-01T16:00:00Z,1.8546,1.8759,1.8500,1.8652,1877660
2024-04-01T17:00:00Z,1.8651,1.8678,1.8290,1.8587,2128527
2024-04-01T18:00:00Z,1.8587,1.8602,1.8343,1.8599,1232592
2024-04-01T19:00:00Z,1.8599,1.8820,1.8551,1.8806,1098700
2024-04-01T20:00:00Z,1.8806,1.8905,1.8700,1.8870,1170829
2024-04-01T21:00:00Z,1.8872,1.8891,1.8756,1.8814,823091
2024-04-01T22:00:00Z,1.8813,1.8845,1.8775,1.8814,765717
2024-04-01T23:00:00Z,1.8815,1.8910,1.8788,1.8824,755681
2024-04-02T00:00:00Z,1.8828,1.8829,1.8504,1.8668,1941929
2024-04-02T01:00:00Z,1.8669,1.8744,1.8594,1.8647,1164888
2024-04-02T02:00:00Z,1.8647,1.8651,1.7428,1.7926,8216745
2024-04-02T03:00:00Z,1.7927,1.8050,1.7764,1.7887,2906162
2024-04-02T04:00:00Z,1.7886,1.7966,1.7709,1.7763,2031639
2024-04-02T05:00:00Z,1.7762,1.7810,1.7541,1.7799,2098536
2024-04-02T06:00:00Z,1.7799,1.7956,1.7735,1.7913,1532318
2024-04-02T07:00:00Z,1.7912,1.7915,1.7666,1.7709,1014583
2024-04-02T08:00:00Z,1.7710,1.7773,1.7190,1.7265,3534293
2024-04-02T09:00:00Z,1.7263,1.7528,1.7150,1.7426,3510592
2024-04-02T10:00:00Z,1.7425,1.7437,1.7190,1.7312,2110104
2024-04-02T11:00:00Z,1.7312,1.7377,1.7034,1.7368,3101683
2024-04-02T12:00:00Z,1.7365,1.7468,1.7286,1.7387,1529062
2024-04-02T13:00:00Z,1.7386,1.7424,1.7128,1.7384,2275335
2024-04-02T14:00:00Z,1.7388,1.7717,1.7359,1.7557,2512705
2024-04-02T15:00:00Z,1.7557,1.7680,1.7280,1.7325,1885049
2024-04-02T16:00:00Z,1.7327,1.7516,1.7209,1.7424,2320019
2024-04-02T17:00:00Z,1.7425,1.7507,1.7311,1.7443,1095496
2024-04-02T18:00:00Z,1.7443,1.7504,1.7360,1.7452,929672
2024-04-02T19:00:00Z,1.7454,1.7552,1.7411,1.7468,972664
2024-04-02T20:00:00Z,1.7467,1.7559,1.7351,1.7412,1148880
2024-04-02T21:00:00Z,1.7412,1.7455,1.7224,1.7341,948944
2024-04-02T22:00:00Z,1.7340,1.7461,1.7285,1.7456,822246
2024-04-02T23:00:00Z,1.7454,1.7457,1.7178,1.7217,1094081
2024-04-03T00:00:00Z,1.7216,1.7282,1.6560,1.7025,6252586
2024-04-03T01:00:00Z,1.7023,1.7375,1.6805,1.7340,2207509
2024-04-03T02:00:00Z,1.7338,1.7421,1.7253,1.7395,1505022
2024-04-03T03:00:00Z,1.7399,1.7528,1.7299,1.7456,1276369
2024-04-03T04:00:00Z,1.7455,1.7557,1.7420,1.7513,1254985
2024-04-03T05:00:00Z,1.7516,1.7527,1.7301,1.7387,1259412
2024-04-03T06:00:00Z,1.7386,1.7685,1.7376,1.7669,1308452
2024-04-03T07:00:00Z,1.7669,1.7750,1.7584,1.7652,1330938
2024-04-03T08:00:00Z,1.7652,1.7860,1.7544,1.7839,1539388
2024-04-03T09:00:00Z,1.7838,1.7874,1.7680,1.7750,1698890
2024-04-03T10:00:00Z,1.7750,1.7750,1.7526,1.7625,1363785
2024-04-03T11:00:00Z,1.7625,1.7640,1.7428,1.7516,1833150
2024-04-03T12:00:00Z,1.7516,1.7559,1.7317,1.7401,1759065
2024-04-03T13:00:00Z,1.7400,1.7487,1.7201,1.7313,1958512
2024-04-03T14:00:00Z,1.7315,1.7612,1.7310,1.7579,2546829
2024-04-03T15:00:00Z,1.7579,1.7600,1.7154,1.7220,2665610
2024-04-03T16:00:00Z,1.7218,1.7425,1.7190,1.7272,1429327
2024-04-03T17:00:00Z,1.7271,1.7318,1.6937,1.7028,2442053
2024-04-03T18:00:00Z,1.7026,1.7040,1.6757,1.7005,2999989
2024-04-03T19:00:00Z,1.7004,1.7047,1.6863,1.6901,1167835
2024-04-03T20:00:00Z,1.6902,1.6917,1.6612,1.6696,2738399
2024-04-03T21:00:00Z,1.6696,1.6832,1.6492,1.6792,2056107
2024-04-03T22:00:00Z,1.6792,1.6859,1.6695,1.6841,1784328
2024-04-03T23:00:00Z,1.6841,1.6909,1.6778,1.6796,788452
2024-04-04T00:00:00Z,1.6794,1.7050,1.6737,1.7019,1659230
2024-04-04T01:00:00Z,1.7018,1.7052,1.6794,1.6872,1311336
2024-04-04T02:00:00Z,1.6872,1.6879,1.6576,1.6740,2164559
2024-04-04T03:00:00Z,1.6737,1.6786,1.6569,1.6677,1898989
2024-04-04T04:00:00Z,1.6678,1.6788,1.6444,1.6756,2508907
2024-04-04T05:00:00Z,1.6756,1.6859,1.6705,1.6820,755126
2024-04-04T06:00:00Z,1.6817,1.7000,1.6789,1.6974,1051775
2024-04-04T07:00:00Z,1.6970,1.7200,1.6930,1.7105,1067767
2024-04-04T08:00:00Z,1.7106,1.7250,1.7063,1.7198,1213215
2024-04-04T09:00:00Z,1.7199,1.7275,1.7144,1.7173,963011
2024-04-04T10:00:00Z,1.7173,1.7300,1.7120,1.7181,1511193
2024-04-04T11:00:00Z,1.7182,1.7275,1.7114,1.7222,807201
2024-04-04T12:00:00Z,1.7223,1.7333,1.7208,1.7270,1604695
2024-04-04T13:00:00Z,1.7270,1.7467,1.7269,1.7305,2538152
2024-04-04T14:00:00Z,1.7308,1.7420,1.7255,1.7340,1440824
2024-04-04T15:00:00Z,1.7340,1.7345,1.7231,1.7287,856510
2024-04-04T16:00:00Z,1.7287,1.7467,1.7240,1.7323,1165645
2024-04-04T17:00:00Z,1.7323,1.7482,1.7267,1.7471,1041112
2024-04-04T18:00:00Z,1.7469,1.7544,1.7223,1.7260,1915594
2024-04-04T19:00:00Z,1.7259,1.7304,1.7127,1.7157,1215987
2024-04-04T20:00:00Z,1.7157,1.7177,1.6756,1.7049,3982173
2024-04-04T21:00:00Z,1.7044,1.7089,1.6870,1.6937,1166824
2024-04-04T22:00:00Z,1.6938,1.6953,1.6752,1.6908,1828788
2024-04-04T23:00:00Z,1.6908,1.7000,1.6866,1.6991,816858
2024-04-05T00:00:00Z,1.6992,1.7058,1.6893,1.7048,1432522
2024-04-05T01:00:00Z,1.7047,1.7047,1.6738,1.6826,1658230
2024-04-05T02:00:00Z,1.6827,1.6830,1.6480,1.6549,3090219
2024-04-05T03:00:00Z,1.6547,1.6812,1.6536,1.6802,1174201
2024-04-05T04:00:00Z,1.6802,1.6803,1.6513,1.6600,1210463
2024-04-05T05:00:00Z,1.6600,1.6631,1.6239,1.6531,3643383
2024-04-05T06:00:00Z,1.6532,1.6630,1.6480,1.6544,1054073
2024-04-05T07:00:00Z,1.6544,1.6544,1.6380,1.6469,1117414
2024-04-05T08:00:00Z,1.6470,1.6640,1.6363,1.6443,1531332
2024-04-05T09:00:00Z,1.6443,1.6443,1.6150,1.6326,3498960
2024-04-05T10:00:00Z,1.6326,1.6358,1.6105,1.6269,2195683
2024-04-05T11:00:00Z,1.6269,1.6323,1.6092,1.6126,2297895
2024-04-05T12:00:00Z,1.6126,1.6420,1.6003,1.6408,4488809
2024-04-05T13:00:00Z,1.6409,1.6600,1.6322,1.6565,2105598
2024-04-05T14:00:00Z,1.6565,1.6720,1.6498,1.6674,1596890
2024-04-05T15:00:00Z,1.6674,1.6768,1.6569,1.6761,1533179
2024-04-05T16:00:00Z,1.6761,1.6812,1.6628,1.6679,1315368
2024-04-05T17:00:00Z,1.6678,1.6700,1.6577,1.6601,910850
2024-04-05T18:00:00Z,1.6602,1.6705,1.6555,1.6703,923080
2024-04-05T19:00:00Z,1.6703,1.6870,1.6703,1.6759,1527188
2024-04-05T20:00:00Z,1.6758,1.6908,1.6727,1.6842,1005046
2024-04-05T21:00:00Z,1.6841,1.6855,1.6723,1.6734,589026
2024-04-05T22:00:00Z,1.6731,1.6770,1.6657,1.6669,1198084
2024-04-05T23:00:00Z,1.6669,1.6732,1.6615,1.6636,769863
2024-04-06T00:00:00Z,1.6637,1.6906,1.6522,1.6813,2546717
2024-04-06T01:00:00Z,1.6813,1.6889,1.6768,1.6794,944507
2024-04-06T02:00:00Z,1.6789,1.6924,1.6760,1.6898,1053069
2024-04-06T03:00:00Z,1.6893,1.7039,1.6873,1.7039,872285
2024-04-06T04:00:00Z,1.7039,1.7057,1.6958,1.7009,888003
2024-04-06T05:00:00Z,1.7009,1.7175,1.6990,1.7108,1039480
2024-04-06T06:00:00Z,1.7107,1.7125,1.7049,1.7112,597267
2024-04-06T07:00:00Z,1.7113,1.7158,1.7050,1.7118,1069055
2024-04-06T08:00:00Z,1.7118,1.7217,1.7076,1.7207,1012491
2024-04-06T09:00:00Z,1.7210,1.7264,1.7055,1.7064,1089472
2024-04-06T10:00:00Z,1.7064,1.7104,1.7001,1.7053,745203
2024-04-06T11:00:00Z,1.7056,1.7083,1.6960,1.6983,837325
2024-04-06T12:00:00Z,1.6983,1.7005,1.6932,1.6994,981623
2024-04-06T13:00:00Z,1.6991,1.6993,1.6861,1.6891,914092
2024-04-06T14:00:00Z,1.6891,1.7040,1.6867,1.7014,820347
2024-04-06T15:00:00Z,1.7015,1.7136,1.6964,1.7004,1227832
2024-04-06T16:00:00Z,1.7001,1.7039,1.6940,1.7021,741895
2024-04-06T17:00:00Z,1.7020,1.7094,1.6970,1.7015,981938
2024-04-06T18:00:00Z,1.7014,1.7048,1.6944,1.6985,578311
2024-04-06T19:00:00Z,1.6984,1.7020,1.6944,1.6971,552936
2024-04-06T20:00:00Z,1.6970,1.7052,1.6930,1.7050,483961
2024-04-06T21:00:00Z,1.7049,1.7083,1.6938,1.6961,538039
2024-04-06T22:00:00Z,1.6961,1.7148,1.6950,1.7148,797880
2024-04-06T23:00:00Z,1.7145,1.7222,1.7041,1.7069,1276824
2024-04-07T00:00:00Z,1.7069,1.7107,1.6954,1.7096,1127908
2024-04-07T01:00:00Z,1.7096,1.7292,1.7089,1.7251,1310271
2024-04-07T02:00:00Z,1.7251,1.7303,1.7197,1.7209,767063
2024-04-07T03:00:00Z,1.7209,1.7280,1.7180,1.7245,677718
2024-04-07T04:00:00Z,1.7245,1.7276,1.7135,1.7185,716449
2024-04-07T05:00:00Z,1.7185,1.7294,1.7173,1.7258,768368
2024-04-07T06:00:00Z,1.7261,1.7271,1.7140,1.7169,739406
2024-04-07T07:00:00Z,1.7168,1.7208,1.7158,1.7167,421056
2024-04-07T08:00:00Z,1.7166,1.7269,1.7142,1.7254,612527
2024-04-07T09:00:00Z,1.7253,1.7256,1.7100,1.7139,921175
2024-04-07T10:00:00Z,1.7138,1.7261,1.7104,1.7238,626809
2024-04-07T11:00:00Z,1.7237,1.7318,1.7207,1.7311,525210
2024-04-07T12:00:00Z,1.7312,1.7380,1.7269,1.7329,997031
2024-04-07T13:00:00Z,1.7328,1.7420,1.7301,1.7342,806506
2024-04-07T14:00:00Z,1.7341,1.7347,1.7211,1.7322,1087286
2024-04-07T15:00:00Z,1.7323,1.7397,1.7151,1.7193,1798855
2024-04-07T16:00:00Z,1.7196,1.7364,1.7174,1.7291,1119822
2024-04-07T17:00:00Z,1.7294,1.7303,1.7147,1.7199,914301
2024-04-07T18:00:00Z,1.7197,1.7200,1.7035,1.7117,1234364
2024-04-07T19:00:00Z,1.7114,1.7115,1.6964,1.6999,1142681
2024-04-07T20:00:00Z,1.6997,1.7155,1.6981,1.7104,834575
2024-04-07T21:00:00Z,1.7104,1.7129,1.6990,1.6995,829795
2024-04-07T22:00:00Z,1.6995,1.7069,1.6920,1.7050,1287621
2024-04-07T23:00:00Z,1.7051,1.7259,1.7045,1.7240,1057715
2024-04-08T00:00:00Z,1.7239,1.7246,1.7041,1.7102,1301797
2024-04-08T01:00:00Z,1.7100,1.7244,1.7055,1.7092,850748
2024-04-08T02:00:00Z,1.7092,1.7093,1.6847,1.6921,1509460
2024-04-08T03:00:00Z,1.6921,1.6953,1.6753,1.6904,1601719
2024-04-08T04:00:00Z,1.6904,1.6911,1.6796,1.6832,891341
2024-04-08T05:00:00Z,1.6833,1.6954,1.6828,1.6935,927353
2024-04-08T06:00:00Z,1.6934,1.6972,1.6868,1.6938,774322
2024-04-08T07:00:00Z,1.6939,1.7330,1.6928,1.7271,2262642
2024-04-08T08:00:00Z,1.7272,1.7659,1.7251,1.7550,8984039
2024-04-08T09:00:00Z,1.7547,1.7652,1.7521,1.7614,2143603
2024-04-08T10:00:00Z,1.7614,1.7780,1.7593,1.7733,2427188
2024-04-08T11:00:00Z,1.7736,1.7757,1.7580,1.7738,1741796
2024-04-08T12:00:00Z,1.7740,1.7752,1.7535,1.7640,2733793
2024-04-08T13:00:00Z,1.7638,1.7830,1.7568,1.7717,2874891
2024-04-08T14:00:00Z,1.7718,1.7780,1.7614,1.7778,1586022
2024-04-08T15:00:00Z,1.7777,1.7854,1.7678,1.7731,1408196
2024-04-08T16:00:00Z,1.7736,1.7798,1.7685,1.7731,1044291
2024-04-08T17:00:00Z,1.7731,1.7760,1.7643,1.7743,886073
2024-04-08T18:00:00Z,1.7743,1.7834,1.7734,1.7768,1246764
2024-04-08T19:00:00Z,1.7768,1.7788,1.7704,1.7739,626366
2024-04-08T20:00:00Z,1.7743,1.7828,1.7713,1.7825,696865
2024-04-08T21:00:00Z,1.7825,1.7869,1.7801,1.7847,748525
2024-04-08T22:00:00Z,1.7847,1.8201,1.7840,1.8160,3355484
2024-04-08T23:00:00Z,1.8160,1.8164,1.7998,1.8027,1602772
2024-04-09T00:00:00Z,1.8027,1.8084,1.7818,1.7877,2312344
2024-04-09T01:00:00Z,1.7877,1.7906,1.7694,1.7847,1992422
2024-04-09T02:00:00Z,1.7850,1.7957,1.7831,1.7877,827624
2024-04-09T03:00:00Z,1.7878,1.7931,1.7682,1.7750,1338492
2024-04-09T04:00:00Z,1.7749,1.7776,1.7540,1.7742,1836281
2024-04-09T05:00:00Z,1.7742,1.7867,1.7733,1.7844,1044956
2024-04-09T06:00:00Z,1.7844,1.7872,1.7458,1.7550,3063603
2024-04-09T07:00:00Z,1.7552,1.7641,1.7311,1.7426,2912701
2024-04-09T08:00:00Z,1.7425,1.7562,1.7096,1.7546,3797372
2024-04-09T09:00:00Z,1.7545,1.7632,1.7442,1.7478,2022211
2024-04-09T10:00:00Z,1.7476,1.7636,1.7417,1.7605,1387787
2024-04-09T11:00:00Z,1.7602,1.7706,1.7596,1.7701,993150
2024-04-09T12:00:00Z,1.7701,1.7739,1.7588,1.7671,1458331
2024-04-09T13:00:00Z,1.7672,1.7688,1.7308,1.7310,2186018
2024-04-09T14:00:00Z,1.7309,1.7478,1.6850,1.7060,6263817
2024-04-09T15:00:00Z,1.7059,1.7108,1.6826,1.7098,2812888
2024-04-09T16:00:00Z,1.7098,1.7131,1.6874,1.6903,2266950
2024-04-09T17:00:00Z,1.6905,1.7060,1.6736,1.7012,1873079
2024-04-09T18:00:00Z,1.7011,1.7057,1.6947,1.6984,656010
2024-04-09T19:00:00Z,1.6984,1.7073,1.6920,1.7043,716980
2024-04-09T20:00:00Z,1.7041,1.7120,1.7029,1.7087,491137
2024-04-09T21:00:00Z,1.7087,1.7090,1.6918,1.6996,644448
2024-04-09T22:00:00Z,1.6996,1.7070,1.6929,1.7028,661237
2024-04-09T23:00:00Z,1.7027,1.7030,1.6816,1.6867,1328080
2024-04-10T00:00:00Z,1.6866,1.6995,1.6811,1.6916,1358987
2024-04-10T01:00:00Z,1.6915,1.6923,1.6625,1.6896,2480265
2024-04-10T02:00:00Z,1.6895,1.6986,1.6369,1.6457,3183169
2024-04-10T03:00:00Z,1.6457,1.6696,1.6369,1.6689,2067178
2024-04-10T04:00:00Z,1.6689,1.6727,1.6631,1.6710,847336
2024-04-10T05:00:00Z,1.6707,1.6851,1.6665,1.6730,1556398
2024-04-10T06:00:00Z,1.6734,1.6869,1.6719,1.6748,822148
2024-04-10T07:00:00Z,1.6742,1.6770,1.6670,1.6692,793980
2024-04-10T08:00:00Z,1.6694,1.6722,1.6520,1.6649,1743295
2024-04-10T09:00:00Z,1.6646,1.6713,1.6527,1.6635,1269613
2024-04-10T10:00:00Z,1.6632,1.6643,1.6391,1.6528,1870940
2024-04-10T11:00:00Z,1.6528,1.6621,1.6473,1.6563,863019
2024-04-10T12:00:00Z,1.6562,1.6599,1.5715,1.6181,8242080
2024-04-10T13:00:00Z,1.6180,1.6180,1.6001,1.6146,2790834
2024-04-10T14:00:00Z,1.6147,1.6362,1.6036,1.6316,2543705
2024-04-10T15:00:00Z,1.6317,1.6324,1.6166,1.6260,1359091
2024-04-10T16:00:00Z,1.6260,1.6537,1.6201,1.6528,1759382
2024-04-10T17:00:00Z,1.6528,1.6632,1.6450,1.6518,1998737
2024-04-10T18:00:00Z,1.6520,1.6530,1.6272,1.6333,1686512
2024-04-10T19:00:00Z,1.6332,1.6530,1.6288,1.6530,971767
2024-04-10T20:00:00Z,1.6531,1.6607,1.6481,1.6518,975048
2024-04-10T21:00:00Z,1.6517,1.6552,1.6410,1.6482,730155
2024-04-10T22:00:00Z,1.6483,1.6830,1.6482,1.6628,2062461
2024-04-10T23:00:00Z,1.6628,1.6677,1.6573,1.6622,744099
2024-04-11T00:00:00Z,1.6623,1.6632,1.6506,1.6584,1335585
2024-04-11T01:00:00Z,1.6584,1.6614,1.6470,1.6488,794066
2024-04-11T02:00:00Z,1.6490,1.6662,1.6457,1.6619,812270
2024-04-11T03:00:00Z,1.6617,1.6633,1.6554,1.6607,705548
2024-04-11T04:00:00Z,1.6606,1.6631,1.6451,1.6574,1104830
2024-04-11T05:00:00Z,1.6575,1.6636,1.6555,1.6610,535784
2024-04-11T06:00:00Z,1.6610,1.6745,1.6602,1.6718,973734
2024-04-11T07:00:00Z,1.6718,1.6830,1.6718,1.6774,1009918
2024-04-11T08:00:00Z,1.6775,1.6884,1.6750,1.6828,1073159
2024-04-11T09:00:00Z,1.6830,1.6831,1.6610,1.6616,1254664
2024-04-11T10:00:00Z,1.6618,1.6656,1.6476,1.6486,1401523
2024-04-11T11:00:00Z,1.6485,1.6490,1.6264,1.6309,2117516
2024-04-11T12:00:00Z,1.6310,1.6514,1.6188,1.6452,3289112
2024-04-11T13:00:00Z,1.6453,1.6564,1.6215,1.6358,4357500
2024-04-11T14:00:00Z,1.6361,1.6376,1.6129,1.6296,3158526
2024-04-11T15:00:00Z,1.6297,1.6389,1.6231,1.6332,1729774
2024-04-11T16:00:00Z,1.6331,1.6378,1.6061,1.6233,2384594
2024-04-11T17:00:00Z,1.6234,1.6391,1.6211,1.6285,1592365
2024-04-11T18:00:00Z,1.6284,1.6317,1.6132,1.6232,1538803
2024-04-11T19:00:00Z,1.6232,1.6269,1.6137,1.6229,1031333
2024-04-11T20:00:00Z,1.6231,1.6340,1.6183,1.6315,1299656
2024-04-11T21:00:00Z,1.6315,1.6333,1.6164,1.6207,1081942
2024-04-11T22:00:00Z,1.6205,1.6278,1.6190,1.6232,545640
2024-04-11T23:00:00Z,1.6229,1.6270,1.6160,1.6249,845801
2024-04-12T00:00:00Z,1.6250,1.6439,1.6238,1.6408,1469679
2024-04-12T01:00:00Z,1.6406,1.6477,1.6353,1.6384,1041703
2024-04-12T02:00:00Z,1.6385,1.6530,1.6358,1.6442,917930
2024-04-12T03:00:00Z,1.6441,1.6524,1.6441,1.6506,657411
2024-04-12T04:00:00Z,1.6504,1.6560,1.6477,1.6527,601338
2024-04-12T05:00:00Z,1.6527,1.6534,1.6428,1.6479,681834
2024-04-12T06:00:00Z,1.6479,1.6495,1.6290,1.6322,1126559
2024-04-12T07:00:00Z,1.6323,1.6341,1.6171,1.6232,1154927
2024-04-12T08:00:00Z,1.6232,1.6318,1.6191,1.6268,935329
2024-04-12T09:00:00Z,1.6268,1.6308,1.6205,1.6250,1028632
2024-04-12T10:00:00Z,1.6249,1.6254,1.6143,1.6225,1318040
2024-04-12T11:00:00Z,1.6225,1.6286,1.6201,1.6231,815997
2024-04-12T12:00:00Z,1.6232,1.6232,1.5825,1.5869,4111214
2024-04-12T13:00:00Z,1.5869,1.5870,1.5200,1.5387,10773635
2024-04-12T14:00:00Z,1.5388,1.5468,1.5234,1.5284,4276806
2024-04-12T15:00:00Z,1.5284,1.5369,1.5156,1.5251,2454193
2024-04-12T16:00:00Z,1.5251,1.5306,1.4920,1.5147,5135147
2024-04-12T17:00:00Z,1.5146,1.5182,1.3229,1.4151,18077083
2024-04-12T18:00:00Z,1.4151,1.4188,1.0500,1.2353,27940687
2024-04-12T19:00:00Z,1.2348,1.2917,1.2223,1.2657,11922372
2024-04-12T20:00:00Z,1.2653,1.2954,1.2588,1.2950,5083846
2024-04-12T21:00:00Z,1.2950,1.3116,1.2849,1.3094,3714415
2024-04-12T22:00:00Z,1.3094,1.3136,1.2877,1.2942,2893013
2024-04-12T23:00:00Z,1.2943,1.3110,1.2859,1.3056,2452069
2024-04-13T00:00:00Z,1.3056,1.3059,1.2838,1.2875,2619577
2024-04-13T01:00:00Z,1.2876,1.2887,1.2428,1.2490,4753154
2024-04-13T02:00:00Z,1.2489,1.2693,1.2483,1.2613,2827546
2024-04-13T03:00:00Z,1.2611,1.2815,1.2553,1.2800,2270310
2024-04-13T04:00:00Z,1.2800,1.2957,1.2717,1.2864,2185713
2024-04-13T05:00:00Z,1.2864,1.2943,1.2820,1.2843,1207984
2024-04-13T06:00:00Z,1.2843,1.2998,1.2843,1.2994,1367092
2024-04-13T07:00:00Z,1.2994,1.3034,1.2803,1.2855,2019912
2024-04-13T08:00:00Z,1.2855,1.2898,1.2733,1.2776,2194282
2024-04-13T09:00:00Z,1.2775,1.2994,1.2742,1.2911,2552948
2024-04-13T10:00:00Z,1.2910,1.3098,1.2857,1.3018,3031884
2024-04-13T11:00:00Z,1.3018,1.3150,1.2938,1.2947,2712929
2024-04-13T12:00:00Z,1.2946,1.3200,1.2898,1.3048,2859279
2024-04-13T13:00:00Z,1.3048,1.3145,1.2995,1.3024,2021102
2024-04-13T14:00:00Z,1.3025,1.3118,1.2907,1.2969,2836701
2024-04-13T15:00:00Z,1.2969,1.3126,1.2857,1.2875,2493884
2024-04-13T16:00:00Z,1.2875,1.2915,1.2411,1.2465,9961028
2024-04-13T17:00:00Z,1.2465,1.2480,1.1584,1.1896,20749978
2024-04-13T18:00:00Z,1.1897,1.2311,1.1743,1.2286,9130921
2024-04-13T19:00:00Z,1.2286,1.2337,1.0700,1.1196,13854121
2024-04-13T20:00:00Z,1.1203,1.1326,0.9630,1.0649,28766694
2024-04-13T21:00:00Z,1.0650,1.1089,1.0320,1.1074,9165545
2024-04-13T22:00:00Z,1.1074,1.1529,1.0763,1.1412,8530547
2024-04-13T23:00:00Z,1.1409,1.1682,1.1361,1.1455,7141523
2024-04-14T00:00:00Z,1.1452,1.1546,1.1050,1.1239,5741066
2024-04-14T01:00:00Z,1.1241,1.1470,1.1100,1.1339,3126194
2024-04-14T02:00:00Z,1.1338,1.1392,1.1121,1.1238,2111982
2024-04-14T03:00:00Z,1.1238,1.1326,1.0926,1.1300,4212452
2024-04-14T04:00:00Z,1.1300,1.1773,1.1221,1.1662,4115197
2024-04-14T05:00:00Z,1.1661,1.1916,1.1577,1.1828,3683558
2024-04-14T06:00:00Z,1.1825,1.2071,1.1729,1.1986,3057703
2024-04-14T07:00:00Z,1.1985,1.2152,1.1912,1.2103,2928389
2024-04-14T08:00:00Z,1.2100,1.2158,1.1961,1.2022,2073636
2024-04-14T09:00:00Z,1.2022,1.2119,1.1838,1.1894,2847618
2024-04-14T10:00:00Z,1.1895,1.2025,1.1887,1.1954,1842150
2024-04-14T11:00:00Z,1.1956,1.1998,1.1513,1.1625,4661867
2024-04-14T12:00:00Z,1.1624,1.1945,1.1618,1.1779,3200632
2024-04-14T13:00:00Z,1.1781,1.1888,1.1562,1.1575,3442442
2024-04-14T14:00:00Z,1.1575,1.1794,1.1443,1.1645,4176459
2024-04-14T15:00:00Z,1.1644,1.1848,1.1585,1.1700,2943481
2024-04-14T16:00:00Z,1.1700,1.1972,1.1650,1.1782,3179425
2024-04-14T17:00:00Z,1.1781,1.1917,1.1272,1.1623,9215275
2024-04-14T18:00:00Z,1.1623,1.1943,1.1574,1.1884,3122462
2024-04-14T19:00:00Z,1.1883,1.1944,1.1758,1.1792,1817265
2024-04-14T20:00:00Z,1.1792,1.1892,1.1632,1.1686,2477640
2024-04-14T21:00:00Z,1.1686,1.1756,1.1624,1.1738,1140561
2024-04-14T22:00:00Z,1.1739,1.2312,1.1736,1.2284,5434521
2024-04-14T23:00:00Z,1.2284,1.2450,1.2233,1.2252,2421618
2024-04-15T00:00:00Z,1.2253,1.2257,1.1909,1.1968,3325223
2024-04-15T01:00:00Z,1.1968,1.2053,1.1830,1.1985,2530680
2024-04-15T02:00:00Z,1.1985,1.1988,1.1715,1.1771,2193352
2024-04-15T03:00:00Z,1.1772,1.1871,1.1727,1.1785,1840435
2024-04-15T04:00:00Z,1.1786,1.1824,1.1634,1.1764,2598249
2024-04-15T05:00:00Z,1.1764,1.2104,1.1764,1.2087,2416395
2024-04-15T06:00:00Z,1.2087,1.2668,1.2026,1.2594,5214904
2024-04-15T07:00:00Z,1.2592,1.2673,1.2472,1.2533,2613489
2024-04-15T08:00:00Z,1.2532,1.2598,1.2387,1.2405,2141257
2024-04-15T09:00:00Z,1.2406,1.2564,1.2300,1.2485,2894817
2024-04-15T10:00:00Z,1.2485,1.2633,1.2431,1.2593,1832390
2024-04-15T11:00:00Z,1.2594,1.2661,1.2377,1.2410,2129479
2024-04-15T12:00:00Z,1.2410,1.2553,1.2341,1.2478,2473646
2024-04-15T13:00:00Z,1.2478,1.2585,1.2299,1.2347,2639058
2024-04-15T14:00:00Z,1.2347,1.2468,1.1986,1.2017,6287952
2024-04-15T15:00:00Z,1.2019,1.2175,1.1857,1.2149,4794145
2024-04-15T16:00:00Z,1.2149,1.2251,1.1919,1.1934,4103322
2024-04-15T17:00:00Z,1.1933,1.2137,1.1712,1.1845,6491790
2024-04-15T18:00:00Z,1.1841,1.1929,1.1568,1.1584,6008877
2024-04-15T19:00:00Z,1.1584,1.1934,1.1420,1.1852,4790695
2024-04-15T20:00:00Z,1.1852,1.1947,1.1603,1.1628,2849313
2024-04-15T21:00:00Z,1.1629,1.1852,1.1490,1.1833,2276806
2024-04-15T22:00:00Z,1.1834,1.1929,1.1737,1.1926,1369378
2024-04-15T23:00:00Z,1.1925,1.1927,1.1765,1.1833,1001663
2024-04-16T00:00:00Z,1.1834,1.1872,1.1537,1.1682,2800074
2024-04-16T01:00:00Z,1.1682,1.1960,1.1626,1.1736,1965393
2024-04-16T02:00:00Z,1.1737,1.1839,1.1619,1.1784,1656392
2024-04-16T03:00:00Z,1.1784,1.1849,1.1442,1.1552,2014746
2024-04-16T04:00:00Z,1.1551,1.1626,1.1189,1.1369,4552974
2024-04-16T05:00:00Z,1.1370,1.1536,1.1310,1.1461,3078285
2024-04-16T06:00:00Z,1.1462,1.1763,1.1411,1.1721,2700919
2024-04-16T07:00:00Z,1.1721,1.1990,1.1695,1.1935,2346220
2024-04-16T08:00:00Z,1.1936,1.1956,1.1818,1.1846,1588741
2024-04-16T09:00:00Z,1.1846,1.1931,1.1741,1.1772,1873097
2024-04-16T10:00:00Z,1.1770,1.1777,1.1307,1.1695,5850913
2024-04-16T11:00:00Z,1.1696,1.1888,1.1626,1.1873,3702495
2024-04-16T12:00:00Z,1.1875,1.1875,1.1596,1.1620,2595869
2024-04-16T13:00:00Z,1.1620,1.1658,1.1370,1.1556,5396869
2024-04-16T14:00:00Z,1.1557,1.1790,1.1463,1.1514,3697319
2024-04-16T15:00:00Z,1.1516,1.1592,1.1270,1.1369,5484329
2024-04-16T16:00:00Z,1.1370,1.1699,1.1301,1.1692,4139120
2024-04-16T17:00:00Z,1.1693,1.1925,1.1625,1.1791,3477458
2024-04-16T18:00:00Z,1.1791,1.1940,1.1714,1.1906,3488628
2024-04-16T19:00:00Z,1.1908,1.1950,1.1778,1.1835,1603823
2024-04-16T20:00:00Z,1.1834,1.1978,1.1823,1.1957,2038627
2024-04-16T21:00:00Z,1.1958,1.2181,1.1935,1.2111,2208115
2024-04-16T22:00:00Z,1.2108,1.2137,1.2041,1.2093,1048291
2024-04-16T23:00:00Z,1.2092,1.2094,1.1963,1.1992,951886
2024-04-17T00:00:00Z,1.1991,1.2056,1.1870,1.1971,1957619
2024-04-17T01:00:00Z,1.1970,1.1994,1.1761,1.1945,1772607
2024-04-17T02:00:00Z,1.1948,1.1980,1.1777,1.1884,1642830
2024-04-17T03:00:00Z,1.1885,1.1973,1.1867,1.1950,1121700
2024-04-17T04:00:00Z,1.1952,1.2166,1.1894,1.2122,1806422
2024-04-17T05:00:00Z,1.2121,1.2175,1.1896,1.1946,1612493
2024-04-17T06:00:00Z,1.1946,1.2074,1.1884,1.2037,1812709
2024-04-17T07:00:00Z,1.2037,1.2092,1.1933,1.2046,2119790
2024-04-17T08:00:00Z,1.2044,1.2121,1.1937,1.2005,1677194
2024-04-17T09:00:00Z,1.2004,1.2087,1.1978,1.2012,1405515
2024-04-17T10:00:00Z,1.2012,1.2016,1.1790,1.1791,2320557
2024-04-17T11:00:00Z,1.1791,1.1839,1.1628,1.1637,3224311
2024-04-17T12:00:00Z,1.1638,1.1712,1.1461,1.1620,4256503
2024-04-17T13:00:00Z,1.1621,1.1873,1.1621,1.1746,3293377
2024-04-17T14:00:00Z,1.1747,1.1751,1.1332,1.1666,8488590
2024-04-17T15:00:00Z,1.1667,1.1709,1.1371,1.1474,7232702
2024-04-17T16:00:00Z,1.1474,1.1744,1.1319,1.1585,8059443
2024-04-17T17:00:00Z,1.1583,1.1886,1.1554,1.1878,3250724
2024-04-17T18:00:00Z,1.1879,1.2239,1.1850,1.2142,5171245
2024-04-17T19:00:00Z,1.2140,1.2146,1.1961,1.2069,2714319
2024-04-17T20:00:00Z,1.2070,1.2165,1.1879,1.1896,2475242
2024-04-17T21:00:00Z,1.1899,1.2185,1.1880,1.2047,1821846
2024-04-17T22:00:00Z,1.2046,1.2066,1.1925,1.1966,1408595
2024-04-17T23:00:00Z,1.1966,1.2018,1.1814,1.1849,1418709
2024-04-18T00:00:00Z,1.1850,1.1917,1.1559,1.1863,3118205
2024-04-18T01:00:00Z,1.1863,1.2050,1.1845,1.2032,2561512
2024-04-18T02:00:00Z,1.2031,1.2072,1.1911,1.2021,1698303
2024-04-18T03:00:00Z,1.2021,1.2153,1.2012,1.2040,1750200
2024-04-18T04:00:00Z,1.2039,1.2138,1.1997,1.2012,1362138
2024-04-18T05:00:00Z,1.2014,1.2151,1.1983,1.2020,1579594
2024-04-18T06:00:00Z,1.2021,1.2068,1.1774,1.1875,2444567
2024-04-18T07:00:00Z,1.1876,1.1986,1.1776,1.1859,1146147
2024-04-18T08:00:00Z,1.1858,1.2048,1.1714,1.2025,1648189
2024-04-18T09:00:00Z,1.2025,1.2301,1.1999,1.2265,3230036
2024-04-18T10:00:00Z,1.2264,1.2336,1.2126,1.2213,4025091
2024-04-18T11:00:00Z,1.2212,1.2434,1.2207,1.2339,4886275
2024-04-18T12:00:00Z,1.2339,1.2370,1.1996,1.2154,5217060
2024-04-18T13:00:00Z,1.2154,1.2250,1.2035,1.2197,5340890
2024-04-18T14:00:00Z,1.2196,1.2495,1.2126,1.2421,5839845
2024-04-18T15:00:00Z,1.2421,1.2516,1.2289,1.2438,3635464
2024-04-18T16:00:00Z,1.2439,1.2658,1.2412,1.2490,4461763
2024-04-18T17:00:00Z,1.2490,1.2502,1.2285,1.2300,2975625
2024-04-18T18:00:00Z,1.2298,1.2500,1.2235,1.2441,3285055
2024-04-18T19:00:00Z,1.2442,1.2535,1.2409,1.2509,2067443
2024-04-18T20:00:00Z,1.2511,1.2544,1.2443,1.2527,1500090
2024-04-18T21:00:00Z,1.2529,1.2626,1.2504,1.2555,1105946
2024-04-18T22:00:00Z,1.2554,1.2601,1.2454,1.2544,1966224
2024-04-18T23:00:00Z,1.2543,1.2569,1.2454,1.2503,1020180
2024-04-19T00:00:00Z,1.2502,1.2502,1.2239,1.2286,2739239
2024-04-19T01:00:00Z,1.2287,1.2296,1.1767,1.1829,6494796
2024-04-19T02:00:00Z,1.1830,1.1925,1.1500,1.1840,9835267
2024-04-19T03:00:00Z,1.1841,1.2215,1.1811,1.2092,4774452
2024-04-19T04:00:00Z,1.2091,1.2349,1.2074,1.2213,2645460
2024-04-19T05:00:00Z,1.2212,1.2261,1.2050,1.2132,1683014
2024-04-19T06:00:00Z,1.2130,1.2651,1.2038,1.2624,4491016
2024-04-19T07:00:00Z,1.2623,1.2733,1.2395,1.2469,3443398
2024-04-19T08:00:00Z,1.2470,1.2574,1.2389,1.2548,2424793
2024-04-19T09:00:00Z,1.2547,1.2592,1.2382,1.2421,1878005
2024-04-19T10:00:00Z,1.2421,1.2504,1.2323,1.2419,3148444
2024-04-19T11:00:00Z,1.2420,1.2482,1.2344,1.2362,2011091
2024-04-19T12:00:00Z,1.2361,1.2418,1.2268,1.2327,2336678
2024-04-19T13:00:00Z,1.2325,1.2407,1.2164,1.2358,2394162
2024-04-19T14:00:00Z,1.2358,1.2422,1.2153,1.2319,2739810
2024-04-19T15:00:00Z,1.2321,1.2467,1.2256,1.2411,2240184
2024-04-19T16:00:00Z,1.2410,1.2465,1.2222,1.2390,2791695
2024-04-19T17:00:00Z,1.2391,1.2497,1.2339,1.2451,1783191
2024-04-19T18:00:00Z,1.2451,1.2455,1.2336,1.2368,1172020
2024-04-19T19:00:00Z,1.2369,1.2474,1.2355,1.2465,998469
2024-04-19T20:00:00Z,1.2465,1.2465,1.2260,1.2315,1278433
2024-04-19T21:00:00Z,1.2314,1.2411,1.2312,1.2386,637713
2024-04-19T22:00:00Z,1.2387,1.2445,1.2259,1.2260,1671898
2024-04-19T23:00:00Z,1.2260,1.2307,1.2015,1.2211,3338067
2024-04-20T00:00:00Z,1.2212,1.2302,1.2105,1.2106,2533559
2024-04-20T01:00:00Z,1.2106,1.2371,1.2039,1.2304,1872950
2024-04-20T02:00:00Z,1.2303,1.2424,1.2286,1.2340,1166245
2024-04-20T03:00:00Z,1.2339,1.2368,1.2268,1.2357,775346
2024-04-20T04:00:00Z,1.2358,1.2510,1.2330,1.2459,1060132
2024-04-20T05:00:00Z,1.2459,1.2502,1.2422,1.2483,813094
2024-04-20T06:00:00Z,1.2483,1.2611,1.2448,1.2540,1291925
2024-04-20T07:00:00Z,1.2540,1.2570,1.2491,1.2544,892806
2024-04-20T08:00:00Z,1.2545,1.2545,1.2428,1.2452,1243286
2024-04-20T09:00:00Z,1.2453,1.2466,1.2348,1.2430,1328297
2024-04-20T10:00:00Z,1.2430,1.2478,1.2363,1.2420,1375666
2024-04-20T11:00:00Z,1.2419,1.2494,1.2350,1.2397,2178218
2024-04-20T12:00:00Z,1.2397,1.2501,1.2309,1.2445,1512325
2024-04-20T13:00:00Z,1.2444,1.2543,1.2436,1.2506,1360101
2024-04-20T14:00:00Z,1.2506,1.2602,1.2487,1.2547,1968564
2024-04-20T15:00:00Z,1.2547,1.2782,1.2507,1.2778,2521423
2024-04-20T16:00:00Z,1.2778,1.2887,1.2667,1.2823,3839969
2024-04-20T17:00:00Z,1.2822,1.3105,1.2820,1.3071,2597533
2024-04-20T18:00:00Z,1.3073,1.3163,1.2980,1.3047,2299924
2024-04-20T19:00:00Z,1.3048,1.3175,1.2975,1.3132,1502205
2024-04-20T20:00:00Z,1.3133,1.3220,1.3078,1.3141,1402438
2024-04-20T21:00:00Z,1.3142,1.3200,1.3096,1.3132,816732
2024-04-20T22:00:00Z,1.3135,1.3174,1.3069,1.3081,1258606
2024-04-20T23:00:00Z,1.3081,1.3196,1.3079,1.3153,759722
2024-04-21T00:00:00Z,1.3153,1.3155,1.2912,1.2994,1698978
2024-04-21T01:00:00Z,1.2993,1.3135,1.2984,1.3074,1094855
2024-04-21T02:00:00Z,1.3074,1.3241,1.3053,1.3167,1257353
2024-04-21T03:00:00Z,1.3168,1.3252,1.3054,1.3111,1552043
2024-04-21T04:00:00Z,1.3111,1.3170,1.3057,1.3148,842300
2024-04-21T05:00:00Z,1.3150,1.3217,1.3070,1.3143,1029955
2024-04-21T06:00:00Z,1.3144,1.3238,1.3103,1.3147,1933000
2024-04-21T07:00:00Z,1.3147,1.3195,1.3065,1.3187,984387
2024-04-21T08:00:00Z,1.3188,1.3252,1.3110,1.3114,1397466
2024-04-21T09:00:00Z,1.3114,1.3160,1.2975,1.3018,1629072
2024-04-21T10:00:00Z,1.3018,1.3059,1.2916,1.3035,1183430
2024-04-21T11:00:00Z,1.3036,1.3148,1.3006,1.3096,1544782
2024-04-21T12:00:00Z,1.3097,1.3130,1.2949,1.3000,1401396
2024-04-21T13:00:00Z,1.3000,1.3075,1.2814,1.2879,2319061
2024-04-21T14:00:00Z,1.2879,1.2915,1.2772,1.2814,1565070
2024-04-21T15:00:00Z,1.2813,1.2960,1.2812,1.2903,1110203
2024-04-21T16:00:00Z,1.2902,1.2909,1.2561,1.2713,3485549
2024-04-21T17:00:00Z,1.2718,1.2826,1.2662,1.2801,1243994
2024-04-21T18:00:00Z,1.2800,1.2805,1.2723,1.2746,834517
2024-04-21T19:00:00Z,1.2746,1.2804,1.2707,1.2730,925100
2024-04-21T20:00:00Z,1.2729,1.2838,1.2683,1.2822,1167686
2024-04-21T21:00:00Z,1.2822,1.2946,1.2788,1.2802,1458932
2024-04-21T22:00:00Z,1.2803,1.2916,1.2786,1.2860,1432487
2024-04-21T23:00:00Z,1.2860,1.2907,1.2810,1.2849,983643
2024-04-22T00:00:00Z,1.2849,1.3026,1.2806,1.2876,1546018
2024-04-22T01:00:00Z,1.2875,1.3071,1.2800,1.2851,2307852
2024-04-22T02:00:00Z,1.2852,1.2925,1.2727,1.2851,2303216
2024-04-22T03:00:00Z,1.2850,1.3199,1.2836,1.3124,2414125
2024-04-22T04:00:00Z,1.3124,1.3277,1.3094,1.3207,2336580
2024-04-22T05:00:00Z,1.3207,1.3335,1.3190,1.3322,1898770
2024-04-22T06:00:00Z,1.3322,1.3382,1.3274,1.3276,1497176
2024-04-22T07:00:00Z,1.3278,1.3352,1.3115,1.3122,1863422
2024-04-22T08:00:00Z,1.3121,1.3200,1.3021,1.3053,1535392
2024-04-22T09:00:00Z,1.3054,1.3188,1.3028,1.3179,999642
2024-04-22T10:00:00Z,1.3179,1.3569,1.3160,1.3243,3772633
2024-04-22T11:00:00Z,1.3243,1.3248,1.3118,1.3178,1442642
2024-04-22T12:00:00Z,1.3178,1.3295,1.3141,1.3252,1235085
2024-04-22T13:00:00Z,1.3253,1.3333,1.3129,1.3239,1660302
2024-04-22T14:00:00Z,1.3238,1.3276,1.3070,1.3100,1533128
2024-04-22T15:00:00Z,1.3100,1.3231,1.3019,1.3210,2781387
2024-04-22T16:00:00Z,1.3210,1.3422,1.3167,1.3253,3808855
2024-04-22T17:00:00Z,1.3254,1.3436,1.3243,1.3373,2310487
2024-04-22T18:00:00Z,1.3374,1.3459,1.3345,1.3379,1198546
2024-04-22T19:00:00Z,1.3380,1.3439,1.3306,1.3413,1408907
2024-04-22T20:00:00Z,1.3413,1.3537,1.3385,1.3476,2026951
2024-04-22T21:00:00Z,1.3474,1.3481,1.3389,1.3434,694524
2024-04-22T22:00:00Z,1.3435,1.3565,1.3429,1.3521,1348260
2024-04-22T23:00:00Z,1.3522,1.3583,1.3392,1.3430,1088406
2024-04-23T00:00:00Z,1.3429,1.3597,1.3398,1.3576,1036557
2024-04-23T01:00:00Z,1.3577,1.3613,1.3468,1.3497,1284249
2024-04-23T02:00:00Z,1.3498,1.3578,1.3382,1.3428,915517
2024-04-23T03:00:00Z,1.3428,1.3489,1.3320,1.3340,1258913
2024-04-23T04:00:00Z,1.3340,1.3417,1.3213,1.3286,1970991
2024-04-23T05:00:00Z,1.3288,1.3418,1.3258,1.3374,1317057
2024-04-23T06:00:00Z,1.3374,1.3405,1.3204,1.3266,1087942
2024-04-23T07:00:00Z,1.3264,1.3311,1.3111,1.3190,1803827
2024-04-23T08:00:00Z,1.3189,1.3278,1.3131,1.3252,1322050
2024-04-23T09:00:00Z,1.3252,1.3283,1.3173,1.3223,1373458
2024-04-23T10:00:00Z,1.3223,1.3318,1.3220,1.3253,1362662
2024-04-23T11:00:00Z,1.3254,1.3265,1.3115,1.3181,1381113
2024-04-23T12:00:00Z,1.3181,1.3245,1.3078,1.3181,2185918
2024-04-23T13:00:00Z,1.3181,1.3339,1.3125,1.3306,2733564
2024-04-23T14:00:00Z,1.3308,1.3441,1.3250,1.3380,2476370
2024-04-23T15:00:00Z,1.3381,1.3389,1.3214,1.3251,1811765
2024-04-23T16:00:00Z,1.3254,1.3322,1.3196,1.3239,1214703
2024-04-23T17:00:00Z,1.3238,1.3282,1.3175,1.3212,1088237
2024-04-23T18:00:00Z,1.3213,1.3227,1.3060,1.3158,1508862
2024-04-23T19:00:00Z,1.3158,1.3223,1.3100,1.3216,883281
2024-04-23T20:00:00Z,1.3217,1.3249,1.3080,1.3220,1350495
2024-04-23T21:00:00Z,1.3219,1.3222,1.3125,1.3183,526619
2024-04-23T22:00:00Z,1.3182,1.3215,1.3078,1.3114,723550
2024-04-23T23:00:00Z,1.3113,1.3164,1.3027,1.3156,768467
2024-04-24T00:00:00Z,1.3155,1.3265,1.3067,1.3263,1609406
2024-04-24T01:00:00Z,1.3263,1.3384,1.3243,1.3287,1282599
2024-04-24T02:00:00Z,1.3287,1.3315,1.3135,1.3210,1070176
2024-04-24T03:00:00Z,1.3209,1.3387,1.3168,1.3346,1335693
2024-04-24T04:00:00Z,1.3346,1.3595,1.3300,1.3518,1773538
2024-04-24T05:00:00Z,1.3517,1.3556,1.3406,1.3454,1040088
2024-04-24T06:00:00Z,1.3454,1.3503,1.3332,1.3470,1463104
2024-04-24T07:00:00Z,1.3469,1.3525,1.3408,1.3445,1180904
2024-04-24T08:00:00Z,1.3444,1.3502,1.3390,1.3433,1200557
2024-04-24T09:00:00Z,1.3432,1.3462,1.3346,1.3458,1292874
2024-04-24T10:00:00Z,1.3458,1.3538,1.3402,1.3506,1445396
2024-04-24T11:00:00Z,1.3506,1.3568,1.3468,1.3539,1464313
2024-04-24T12:00:00Z,1.3539,1.3569,1.3386,1.3415,1543362
2024-04-24T13:00:00Z,1.3417,1.3422,1.3068,1.3094,3941790
2024-04-24T14:00:00Z,1.3091,1.3186,1.2644,1.2859,8242651
2024-04-24T15:00:00Z,1.2861,1.2900,1.2655,1.2695,3805690
2024-04-24T16:00:00Z,1.2690,1.2782,1.2522,1.2704,3405222
2024-04-24T17:00:00Z,1.2704,1.2902,1.2677,1.2812,2363112
2024-04-24T18:00:00Z,1.2810,1.2813,1.2566,1.2612,1883481
2024-04-24T19:00:00Z,1.2613,1.2774,1.2488,1.2676,2032635
2024-04-24T20:00:00Z,1.2673,1.2714,1.2500,1.2555,1474666
2024-04-24T21:00:00Z,1.2557,1.2648,1.2480,1.2647,1082525
2024-04-24T22:00:00Z,1.2647,1.2655,1.2330,1.2412,1684069
2024-04-24T23:00:00Z,1.2411,1.2466,1.2261,1.2433,3050813
2024-04-25T00:00:00Z,1.2433,1.2545,1.2344,1.2486,1554126
2024-04-25T01:00:00Z,1.2485,1.2564,1.2296,1.2299,1116067
2024-04-25T02:00:00Z,1.2297,1.2439,1.2209,1.2377,1788063
2024-04-25T03:00:00Z,1.2377,1.2431,1.2180,1.2244,2081921
2024-04-25T04:00:00Z,1.2245,1.2386,1.2038,1.2346,2406671
2024-04-25T05:00:00Z,1.2346,1.2499,1.2244,1.2361,1721328
2024-04-25T06:00:00Z,1.2360,1.2440,1.2331,1.2359,983655
2024-04-25T07:00:00Z,1.2358,1.2403,1.2245,1.2278,1262261
2024-04-25T08:00:00Z,1.2279,1.2363,1.2161,1.2257,2243802
2024-04-25T09:00:00Z,1.2258,1.2357,1.2204,1.2281,1882185
2024-04-25T10:00:00Z,1.2282,1.2283,1.2119,1.2214,2964141
2024-04-25T11:00:00Z,1.2213,1.2484,1.2188,1.2411,2486414
2024-04-25T12:00:00Z,1.2412,1.2536,1.2260,1.2308,2736513
2024-04-25T13:00:00Z,1.2310,1.2490,1.2212,1.2456,2572458
2024-04-25T14:00:00Z,1.2456,1.2590,1.2414,1.2508,2497925
2024-04-25T15:00:00Z,1.2509,1.2769,1.2467,1.2759,2393062
2024-04-25T16:00:00Z,1.2757,1.2868,1.2723,1.2811,2443792
2024-04-25T17:00:00Z,1.2811,1.2839,1.2701,1.2801,1604129
2024-04-25T18:00:00Z,1.2799,1.2820,1.2696,1.2787,1145583
2024-04-25T19:00:00Z,1.2787,1.2804,1.2689,1.2735,1010335
2024-04-25T20:00:00Z,1.2735,1.2855,1.2696,1.2824,1072683
2024-04-25T21:00:00Z,1.2824,1.2877,1.2749,1.2756,1161706
2024-04-25T22:00:00Z,1.2755,1.2786,1.2695,1.2710,742580
2024-04-25T23:00:00Z,1.2709,1.2732,1.2658,1.2679,713726
2024-04-26T00:00:00Z,1.2679,1.2727,1.2469,1.2570,2474584
2024-04-26T01:00:00Z,1.2570,1.2667,1.2328,1.2569,3329053
2024-04-26T02:00:00Z,1.2566,1.2693,1.2526,1.2633,1313966
2024-04-26T03:00:00Z,1.2632,1.2809,1.2556,1.2578,3032451
2024-04-26T04:00:00Z,1.2577,1.2656,1.2511,1.2579,1683511
2024-04-26T05:00:00Z,1.2580,1.2742,1.2563,1.2731,1203486
2024-04-26T06:00:00Z,1.2730,1.2738,1.2567,1.2610,968979
2024-04-26T07:00:00Z,1.2609,1.2639,1.2485,1.2545,1385427
2024-04-26T08:00:00Z,1.2546,1.2795,1.2527,1.2788,4079175
2024-04-26T09:00:00Z,1.2789,1.2939,1.2733,1.2790,2874338
2024-04-26T10:00:00Z,1.2791,1.2812,1.2630,1.2679,1793518
2024-04-26T11:00:00Z,1.2680,1.2790,1.2657,1.2766,1407205
2024-04-26T12:00:00Z,1.2765,1.2880,1.2695,1.2805,2449748
2024-04-26T13:00:00Z,1.2807,1.3069,1.2625,1.3008,5585488
2024-04-26T14:00:00Z,1.3008,1.3195,1.2882,1.2953,5170710
2024-04-26T15:00:00Z,1.2953,1.3190,1.2865,1.3139,4072140
2024-04-26T16:00:00Z,1.3140,1.3147,1.2865,1.2947,4090867
2024-04-26T17:00:00Z,1.2948,1.3221,1.2919,1.3219,2979566
2024-04-26T18:00:00Z,1.3220,1.3456,1.3133,1.3260,5646453
2024-04-26T19:00:00Z,1.3260,1.3367,1.3205,1.3305,2899258
2024-04-26T20:00:00Z,1.3303,1.4490,1.3296,1.3889,31912083
2024-04-26T21:00:00Z,1.3888,1.4082,1.3488,1.3867,15186436
2024-04-26T22:00:00Z,1.3865,1.3917,1.3540,1.3649,10588197
2024-04-26T23:00:00Z,1.3648,1.3899,1.3633,1.3838,5638983
2024-04-27T00:00:00Z,1.3836,1.3842,1.3304,1.3477,13829649
2024-04-27T01:00:00Z,1.3477,1.3481,1.2923,1.3083,14126257
2024-04-27T02:00:00Z,1.3083,1.3162,1.2874,1.2974,7421963
2024-04-27T03:00:00Z,1.2974,1.3210,1.2870,1.3023,4884168
2024-04-27T04:00:00Z,1.3022,1.3068,1.2914,1.2987,3668409
2024-04-27T05:00:00Z,1.2987,1.2996,1.2728,1.2744,5164778
2024-04-27T06:00:00Z,1.2745,1.2804,1.2472,1.2562,6386719
2024-04-27T07:00:00Z,1.2562,1.2684,1.2524,1.2567,3757982
2024-04-27T08:00:00Z,1.2567,1.2587,1.2415,1.2459,3974437
2024-04-27T09:00:00Z,1.2458,1.2644,1.2414,1.2574,3058243
2024-04-27T10:00:00Z,1.2574,1.2580,1.2368,1.2370,3803581
2024-04-27T11:00:00Z,1.2370,1.2489,1.2307,1.2388,3015005
2024-04-27T12:00:00Z,1.2387,1.2493,1.2351,1.2393,2849174
2024-04-27T13:00:00Z,1.2393,1.2495,1.2360,1.2491,2932547
2024-04-27T14:00:00Z,1.2492,1.2496,1.2370,1.2377,4314560
2024-04-27T15:00:00Z,1.2377,1.2409,1.2235,1.2252,4078599
2024-04-27T16:00:00Z,1.2252,1.2372,1.2196,1.2331,3701095
2024-04-27T17:00:00Z,1.2332,1.2661,1.2327,1.2634,4776744
2024-04-27T18:00:00Z,1.2635,1.2717,1.2417,1.2541,4214624
2024-04-27T19:00:00Z,1.2541,1.2650,1.2492,1.2643,1574593
2024-04-27T20:00:00Z,1.2643,1.2687,1.2539,1.2653,2720447
2024-04-27T21:00:00Z,1.2651,1.2758,1.2616,1.2711,2311573
2024-04-27T22:00:00Z,1.2711,1.2738,1.2619,1.2644,2407350
2024-04-27T23:00:00Z,1.2644,1.2756,1.2630,1.2725,1992589
2024-04-28T00:00:00Z,1.2725,1.3105,1.2725,1.3096,4599666
2024-04-28T01:00:00Z,1.3096,1.3363,1.3055,1.3237,4938511
2024-04-28T02:00:00Z,1.3237,1.3403,1.3182,1.3367,3142153
2024-04-28T03:00:00Z,1.3368,1.3471,1.3258,1.3265,2667424
2024-04-28T04:00:00Z,1.3265,1.3303,1.3192,1.3236,2303682
2024-04-28T05:00:00Z,1.3237,1.3259,1.3131,1.3183,2033066
2024-04-28T06:00:00Z,1.3183,1.3338,1.3183,1.3272,2005050
2024-04-28T07:00:00Z,1.3273,1.3345,1.3188,1.3230,1998611
2024-04-28T08:00:00Z,1.3230,1.3264,1.3081,1.3109,2045399
2024-04-28T09:00:00Z,1.3110,1.3143,1.3012,1.3093,1715463
2024-04-28T10:00:00Z,1.3093,1.3130,1.2948,1.3014,1837169
2024-04-28T11:00:00Z,1.3014,1.3024,1.2870,1.2913,2144707
2024-04-28T12:00:00Z,1.2913,1.2959,1.2880,1.2919,1242195
2024-04-28T13:00:00Z,1.2919,1.3091,1.2899,1.2985,2308290
2024-04-28T14:00:00Z,1.2985,1.3002,1.2894,1.2976,1332542
2024-04-28T15:00:00Z,1.2976,1.3021,1.2891,1.2923,1087319
2024-04-28T16:00:00Z,1.2923,1.2990,1.2867,1.2940,1457819
2024-04-28T17:00:00Z,1.2941,1.3043,1.2930,1.3022,1096752
2024-04-28T18:00:00Z,1.3022,1.3238,1.3018,1.3169,2329514
2024-04-28T19:00:00Z,1.3169,1.3178,1.3076,1.3106,1176030
2024-04-28T20:00:00Z,1.3106,1.3198,1.3078,1.3106,1404557
2024-04-28T21:00:00Z,1.3105,1.3127,1.3042,1.3075,931138
2024-04-28T22:00:00Z,1.3075,1.3109,1.2846,1.2901,2336221
2024-04-28T23:00:00Z,1.2901,1.2903,1.2671,1.2773,3093461
2024-04-29T00:00:00Z,1.2773,1.2849,1.2733,1.2795,1527346
2024-04-29T01:00:00Z,1.2794,1.2925,1.2759,1.2907,1107713
2024-04-29T02:00:00Z,1.2907,1.2945,1.2672,1.2777,1798102
2024-04-29T03:00:00Z,1.2776,1.2810,1.2583,1.2625,2084519
2024-04-29T04:00:00Z,1.2624,1.2853,1.2557,1.2837,2157909
2024-04-29T05:00:00Z,1.2836,1.2836,1.2640,1.2693,1504259
2024-04-29T06:00:00Z,1.2693,1.2697,1.2369,1.2463,3823458
2024-04-29T07:00:00Z,1.2467,1.2516,1.2372,1.2419,2469401
2024-04-29T08:00:00Z,1.2420,1.2429,1.2244,1.2295,3317060
2024-04-29T09:00:00Z,1.2296,1.2401,1.2216,1.2360,2380850
2024-04-29T10:00:00Z,1.2359,1.2429,1.2297,1.2346,1831802
2024-04-29T11:00:00Z,1.2347,1.2406,1.2306,1.2351,1322694
2024-04-29T12:00:00Z,1.2351,1.2479,1.2255,1.2468,2364006
2024-04-29T13:00:00Z,1.2468,1.2524,1.2247,1.2337,2897141
2024-04-29T14:00:00Z,1.2336,1.2514,1.2297,1.2477,2635951
2024-04-29T15:00:00Z,1.2478,1.2544,1.2416,1.2466,1497567
2024-04-29T16:00:00Z,1.2467,1.2478,1.2253,1.2294,2058068
2024-04-29T17:00:00Z,1.2293,1.2407,1.2286,1.2349,1539396
2024-04-29T18:00:00Z,1.2348,1.2348,1.2205,1.2279,1973016
2024-04-29T19:00:00Z,1.2280,1.2297,1.2120,1.2228,2990704
2024-04-29T20:00:00Z,1.2229,1.2267,1.2122,1.2169,2005560
2024-04-29T21:00:00Z,1.2170,1.2171,1.2029,1.2106,1994288
2024-04-29T22:00:00Z,1.2107,1.2377,1.2097,1.2353,2395640
2024-04-29T23:00:00Z,1.2353,1.2431,1.2315,1.2329,1664056
2024-04-30T00:00:00Z,1.2329,1.2535,1.2276,1.2464,1973140
2024-04-30T01:00:00Z,1.2465,1.2468,1.2205,1.2215,1537504
2024-04-30T02:00:00Z,1.2215,1.2358,1.2059,1.2336,2954442
2024-04-30T03:00:00Z,1.2333,1.2377,1.2257,1.2283,1097122
2024-04-30T04:00:00Z,1.2284,1.2302,1.2185,1.2227,1120392
2024-04-30T05:00:00Z,1.2228,1.2255,1.2065,1.2126,1729063
2024-04-30T06:00:00Z,1.2127,1.2194,1.2090,1.2181,1292321
2024-04-30T07:00:00Z,1.2182,1.2208,1.2078,1.2104,1335079
2024-04-30T08:00:00Z,1.2105,1.2146,1.1627,1.1716,7653369
2024-04-30T09:00:00Z,1.1718,1.1848,1.1684,1.1786,5346091
2024-04-30T10:00:00Z,1.1785,1.1836,1.1711,1.1808,2985976
2024-04-30T11:00:00Z,1.1810,1.1812,1.1599,1.1681,4589975
2024-04-30T12:00:00Z,1.1681,1.1739,1.1432,1.1644,5988172
2024-04-30T13:00:00Z,1.1643,1.1702,1.1532,1.1625,3215617
2024-04-30T14:00:00Z,1.1621,1.1823,1.1601,1.1712,4774522
2024-04-30T15:00:00Z,1.1712,1.1776,1.1619,1.1697,2583830
2024-04-30T16:00:00Z,1.1696,1.1718,1.1424,1.1689,4893058
2024-04-30T17:00:00Z,1.1688,1.1743,1.1554,1.1576,2324134
2024-04-30T18:00:00Z,1.1575,1.1621,1.1475,1.1558,2366804
2024-04-30T19:00:00Z,1.1557,1.1592,1.1309,1.1385,4958076
2024-04-30T20:00:00Z,1.1386,1.1566,1.1386,1.1437,4091475
2024-04-30T21:00:00Z,1.1437,1.1531,1.1426,1.1494,1282710
2024-04-30T22:00:00Z,1.1493,1.1695,1.1487,1.1642,2456660
2024-04-30T23:00:00Z,1.1642,1.1722,1.1588,1.1684,1408628
2024-05-01T00:00:00Z,1.1684,1.1747,1.1557,1.1609,2267361
2024-05-01T01:00:00Z,1.1609,1.1751,1.1500,1.1728,3207852
2024-05-01T02:00:00Z,1.1727,1.1745,1.1516,1.1666,1828314
2024-05-01T03:00:00Z,1.1665,1.1715,1.1612,1.1700,1034455
2024-05-01T04:00:00Z,1.1701,1.1773,1.1696,1.1727,1297641
2024-05-01T05:00:00Z,1.1726,1.1747,1.1598,1.1672,1996986
2024-05-01T06:00:00Z,1.1673,1.1688,1.1520,1.1532,1660219
2024-05-01T07:00:00Z,1.1530,1.1551,1.0937,1.1179,11578730
2024-05-01T08:00:00Z,1.1179,1.1251,1.0893,1.1251,5773834
2024-05-01T09:00:00Z,1.1250,1.1392,1.1196,1.1326,2664201
2024-05-01T10:00:00Z,1.1327,1.1427,1.1286,1.1418,2338485
2024-05-01T11:00:00Z,1.1419,1.1472,1.1354,1.1469,1465725
2024-05-01T12:00:00Z,1.1470,1.1662,1.1439,1.1636,3196430
2024-05-01T13:00:00Z,1.1639,1.1682,1.1508,1.1603,2028168
2024-05-01T14:00:00Z,1.1604,1.1683,1.1544,1.1667,1885969
2024-05-01T15:00:00Z,1.1666,1.1669,1.1487,1.1587,2127758
2024-05-01T16:00:00Z,1.1586,1.1688,1.1524,1.1560,2481418
2024-05-01T17:00:00Z,1.1561,1.1789,1.1491,1.1741,2638952
2024-05-01T18:00:00Z,1.1744,1.2159,1.1718,1.2044,5770644
2024-05-01T19:00:00Z,1.2045,1.2139,1.1707,1.1806,5163349
2024-05-01T20:00:00Z,1.1807,1.1952,1.1733,1.1909,2278045
2024-05-01T21:00:00Z,1.1908,1.1935,1.1810,1.1822,1432395
2024-05-01T22:00:00Z,1.1823,1.1858,1.1650,1.1667,2172946
2024-05-01T23:00:00Z,1.1666,1.1765,1.1658,1.1725,1382254
2024-05-02T00:00:00Z,1.1728,1.1781,1.1501,1.1547,2616353
2024-05-02T01:00:00Z,1.1547,1.1702,1.1415,1.1638,2978348
2024-05-02T02:00:00Z,1.1637,1.1725,1.1585,1.1592,1694490
2024-05-02T03:00:00Z,1.1593,1.1648,1.1580,1.1610,827149
2024-05-02T04:00:00Z,1.1610,1.1681,1.1581,1.1603,987185
2024-05-02T05:00:00Z,1.1602,1.1667,1.1526,1.1654,1213612
2024-05-02T06:00:00Z,1.1654,1.1731,1.1635,1.1662,1122730
2024-05-02T07:00:00Z,1.1662,1.1734,1.1639,1.1643,1038632
2024-05-02T08:00:00Z,1.1644,1.1730,1.1607,1.1695,1017496
2024-05-02T09:00:00Z,1.1694,1.1728,1.1648,1.1726,1015810
2024-05-02T10:00:00Z,1.1726,1.1787,1.1683,1.1723,1671839
2024-05-02T11:00:00Z,1.1723,1.1887,1.1706,1.1842,2666164
2024-05-02T12:00:00Z,1.1842,1.1962,1.1825,1.1844,1901868
2024-05-02T13:00:00Z,1.1844,1.1891,1.1781,1.1810,1517506
2024-05-02T14:00:00Z,1.1809,1.1987,1.1773,1.1962,2293245
2024-05-02T15:00:00Z,1.1964,1.2069,1.1953,1.1998,2571447
2024-05-02T16:00:00Z,1.1999,1.2024,1.1900,1.1934,1630391
2024-05-02T17:00:00Z,1.1935,1.2036,1.1909,1.2015,1537350
2024-05-02T18:00:00Z,1.2016,1.2050,1.1933,1.1999,1414852
2024-05-02T19:00:00Z,1.1999,1.2054,1.1951,1.2048,1245633
2024-05-02T20:00:00Z,1.2049,1.2078,1.1905,1.1992,1751875
2024-05-02T21:00:00Z,1.1993,1.2102,1.1985,1.2063,1008421
2024-05-02T22:00:00Z,1.2064,1.2135,1.2040,1.2085,1558945
2024-05-02T23:00:00Z,1.2084,1.2098,1.2031,1.2031,1081188
2024-05-03T00:00:00Z,1.2032,1.2108,1.1988,1.2028,1366411
2024-05-03T01:00:00Z,1.2029,1.2284,1.2015,1.2189,2250155
2024-05-03T02:00:00Z,1.2188,1.2286,1.2159,1.2201,1343460
2024-05-03T03:00:00Z,1.2201,1.2258,1.2147,1.2174,994610
2024-05-03T04:00:00Z,1.2173,1.2188,1.2081,1.2132,1309735
2024-05-03T05:00:00Z,1.2133,1.2242,1.2084,1.2147,1258514
2024-05-03T06:00:00Z,1.2146,1.2177,1.2085,1.2106,947997
2024-05-03T07:00:00Z,1.2105,1.2162,1.2007,1.2084,1318700
2024-05-03T08:00:00Z,1.2085,1.2144,1.2056,1.2072,1121710
2024-05-03T09:00:00Z,1.2073,1.2121,1.2043,1.2089,1144247
2024-05-03T10:00:00Z,1.2090,1.2095,1.1938,1.2015,1803755
2024-05-03T11:00:00Z,1.2014,1.2046,1.1948,1.2016,1227627
2024-05-03T12:00:00Z,1.2017,1.2310,1.1983,1.2273,3374412
2024-05-03T13:00:00Z,1.2273,1.2369,1.2252,1.2315,2901588
2024-05-03T14:00:00Z,1.2319,1.2357,1.2234,1.2318,1829636
2024-05-03T15:00:00Z,1.2318,1.2354,1.2230,1.2325,1357885
2024-05-03T16:00:00Z,1.2325,1.2409,1.2292,1.2305,1798849
2024-05-03T17:00:00Z,1.2304,1.2381,1.2273,1.2364,1271520
2024-05-03T18:00:00Z,1.2362,1.2392,1.2314,1.2326,971953
2024-05-03T19:00:00Z,1.2325,1.2366,1.2284,1.2360,1044376
2024-05-03T20:00:00Z,1.2358,1.2548,1.2346,1.2483,2469432
2024-05-03T21:00:00Z,1.2485,1.2530,1.2440,1.2479,1204736
2024-05-03T22:00:00Z,1.2484,1.2499,1.2438,1.2473,986516
2024-05-03T23:00:00Z,1.2472,1.2524,1.2412,1.2427,797742
2024-05-04T00:00:00Z,1.2427,1.2514,1.2390,1.2454,1253353
2024-05-04T01:00:00Z,1.2455,1.2510,1.2393,1.2399,1137879
2024-05-04T02:00:00Z,1.2397,1.2413,1.2328,1.2364,1440145
2024-05-04T03:00:00Z,1.2365,1.2424,1.2353,1.2424,762959
2024-05-04T04:00:00Z,1.2423,1.2488,1.2397,1.2454,1092077
2024-05-04T05:00:00Z,1.2455,1.2471,1.2387,1.2465,621820
2024-05-04T06:00:00Z,1.2464,1.2468,1.2379,1.2406,827796
2024-05-04T07:00:00Z,1.2406,1.2438,1.2390,1.2403,562278
2024-05-04T08:00:00Z,1.2402,1.2474,1.2394,1.2458,670723
2024-05-04T09:00:00Z,1.2457,1.2485,1.2423,1.2445,582172
2024-05-04T10:00:00Z,1.2445,1.2659,1.2409,1.2639,1507817
2024-05-04T11:00:00Z,1.2639,1.2648,1.2445,1.2492,2180126
2024-05-04T12:00:00Z,1.2491,1.2552,1.2462,1.2547,1237270
2024-05-04T13:00:00Z,1.2547,1.2560,1.2379,1.2473,1598015
2024-05-04T14:00:00Z,1.2473,1.2516,1.2411,1.2491,908067
2024-05-04T15:00:00Z,1.2490,1.2529,1.2418,1.2495,994650
2024-05-04T16:00:00Z,1.2495,1.2583,1.2425,1.2566,1224911
2024-05-04T17:00:00Z,1.2566,1.2571,1.2432,1.2480,1388325
2024-05-04T18:00:00Z,1.2478,1.2522,1.2457,1.2476,512686
2024-05-04T19:00:00Z,1.2475,1.2542,1.2457,1.2534,632866
2024-05-04T20:00:00Z,1.2534,1.2557,1.2477,1.2485,686161
2024-05-04T21:00:00Z,1.2484,1.2496,1.2378,1.2446,983794
2024-05-04T22:00:00Z,1.2445,1.2457,1.2383,1.2392,803832
2024-05-04T23:00:00Z,1.2392,1.2416,1.2362,1.2379,730249
2024-05-05T00:00:00Z,1.2379,1.2446,1.2243,1.2363,2196336
2024-05-05T01:00:00Z,1.2364,1.2372,1.2152,1.2265,2500374
2024-05-05T02:00:00Z,1.2265,1.2294,1.2184,1.2196,825556
2024-05-05T03:00:00Z,1.2195,1.2238,1.2122,1.2231,1025866
2024-05-05T04:00:00Z,1.2231,1.2252,1.2195,1.2199,649651
2024-05-05T05:00:00Z,1.2199,1.2224,1.2079,1.2111,1425296
2024-05-05T06:00:00Z,1.2111,1.2209,1.2095,1.2171,942233
2024-05-05T07:00:00Z,1.2171,1.2256,1.2160,1.2211,772251
2024-05-05T08:00:00Z,1.2211,1.2320,1.2210,1.2273,1213744
2024-05-05T09:00:00Z,1.2273,1.2318,1.2218,1.2304,564329
2024-05-05T10:00:00Z,1.2304,1.2347,1.2249,1.2283,858334
2024-05-05T11:00:00Z,1.2284,1.2344,1.2240,1.2321,813458
2024-05-05T12:00:00Z,1.2320,1.2337,1.2230,1.2250,693706
2024-05-05T13:00:00Z,1.2250,1.2361,1.2214,1.2336,1584331
2024-05-05T14:00:00Z,1.2334,1.2485,1.2265,1.2461,1632332
2024-05-05T15:00:00Z,1.2461,1.2739,1.2432,1.2675,4075874
2024-05-05T16:00:00Z,1.2676,1.2800,1.2619,1.2723,2179132
2024-05-05T17:00:00Z,1.2723,1.2753,1.2654,1.2666,1290177
2024-05-05T18:00:00Z,1.2667,1.2677,1.2539,1.2597,1435992
2024-05-05T19:00:00Z,1.2597,1.2672,1.2595,1.2640,712040
2024-05-05T20:00:00Z,1.2639,1.2640,1.2558,1.2583,817044
2024-05-05T21:00:00Z,1.2583,1.2616,1.2525,1.2615,602108
2024-05-05T22:00:00Z,1.2615,1.2625,1.2566,1.2610,611738
2024-05-05T23:00:00Z,1.2610,1.2666,1.2608,1.2626,525654
2024-05-06T00:00:00Z,1.2626,1.2745,1.2608,1.2702,936499
2024-05-06T01:00:00Z,1.2702,1.2768,1.2641,1.2657,1018475
2024-05-06T02:00:00Z,1.2659,1.2706,1.2590,1.2590,588171
2024-05-06T03:00:00Z,1.2592,1.2657,1.2544,1.2626,1039527
2024-05-06T04:00:00Z,1.2625,1.2704,1.2580,1.2702,1354337
2024-05-06T05:00:00Z,1.2702,1.2866,1.2644,1.2819,1506158
2024-05-06T06:00:00Z,1.2818,1.2912,1.2790,1.2889,1694518
2024-05-06T07:00:00Z,1.2888,1.2987,1.2852,1.2971,1350437
2024-05-06T08:00:00Z,1.2972,1.3204,1.2947,1.3100,3011486
2024-05-06T09:00:00Z,1.3101,1.3205,1.3101,1.3185,1250626
2024-05-06T10:00:00Z,1.3185,1.3202,1.2796,1.2867,3486708
2024-05-06T11:00:00Z,1.2867,1.2950,1.2842,1.2897,1763117
2024-05-06T12:00:00Z,1.2897,1.2912,1.2381,1.2579,5628559
2024-05-06T13:00:00Z,1.2578,1.2771,1.2524,1.2743,3484889
2024-05-06T14:00:00Z,1.2745,1.2807,1.2511,1.2521,3278846
2024-05-06T15:00:00Z,1.2521,1.2719,1.2416,1.2658,3878722
2024-05-06T16:00:00Z,1.2654,1.2732,1.2595,1.2616,2206756
2024-05-06T17:00:00Z,1.2617,1.2760,1.2595,1.2653,2296956
2024-05-06T18:00:00Z,1.2653,1.2765,1.2614,1.2709,1426904
2024-05-06T19:00:00Z,1.2708,1.2712,1.2507,1.2603,2111232
2024-05-06T20:00:00Z,1.2603,1.2701,1.2576,1.2682,909160
2024-05-06T21:00:00Z,1.2682,1.2767,1.2665,1.2733,1071547
2024-05-06T22:00:00Z,1.2733,1.2733,1.2584,1.2614,901098
2024-05-06T23:00:00Z,1.2613,1.2621,1.2505,1.2520,687815
2024-05-07T00:00:00Z,1.2522,1.2603,1.2436,1.2551,1602386
2024-05-07T01:00:00Z,1.2552,1.2694,1.2508,1.2685,1101233
2024-05-07T02:00:00Z,1.2685,1.2693,1.2643,1.2669,671131
2024-05-07T03:00:00Z,1.2670,1.2685,1.2341,1.2497,2987163
2024-05-07T04:00:00Z,1.2498,1.2555,1.2466,1.2539,1113488
2024-05-07T05:00:00Z,1.2538,1.2599,1.2443,1.2527,1300632
2024-05-07T06:00:00Z,1.2527,1.2545,1.2395,1.2452,863459
2024-05-07T07:00:00Z,1.2452,1.2549,1.2421,1.2537,775827
2024-05-07T08:00:00Z,1.2536,1.2780,1.2501,1.2760,1870700
2024-05-07T09:00:00Z,1.2760,1.3137,1.2740,1.2794,5896197
2024-05-07T10:00:00Z,1.2795,1.2830,1.2671,1.2740,2989362
2024-05-07T11:00:00Z,1.2740,1.2744,1.2467,1.2532,3113371
2024-05-07T12:00:00Z,1.2531,1.2722,1.2522,1.2675,1543153
2024-05-07T13:00:00Z,1.2675,1.2749,1.2552,1.2657,1711133
2024-05-07T14:00:00Z,1.2656,1.2834,1.2606,1.2803,1722848
2024-05-07T15:00:00Z,1.2803,1.2866,1.2738,1.2757,1720952
2024-05-07T16:00:00Z,1.2757,1.2764,1.2658,1.2756,1162323
2024-05-07T17:00:00Z,1.2757,1.2758,1.2680,1.2721,748381
2024-05-07T18:00:00Z,1.2720,1.2721,1.2537,1.2651,1540887
2024-05-07T19:00:00Z,1.2651,1.2664,1.2551,1.2573,723975
2024-05-07T20:00:00Z,1.2574,1.2621,1.2529,1.2586,954740
2024-05-07T21:00:00Z,1.2588,1.2658,1.2475,1.2553,906912
2024-05-07T22:00:00Z,1.2554,1.2558,1.2416,1.2477,1292410
2024-05-07T23:00:00Z,1.2477,1.2491,1.2297,1.2339,2318003
2024-05-08T00:00:00Z,1.2339,1.2401,1.2217,1.2378,1915512
2024-05-08T01:00:00Z,1.2378,1.2430,1.2255,1.2291,935012
2024-05-08T02:00:00Z,1.2292,1.2360,1.2271,1.2321,993904
2024-05-08T03:00:00Z,1.2319,1.2370,1.2252,1.2330,678472
2024-05-08T04:00:00Z,1.2330,1.2370,1.2162,1.2245,1208949
2024-05-08T05:00:00Z,1.2244,1.2276,1.2172,1.2248,980656
2024-05-08T06:00:00Z,1.2247,1.2280,1.2102,1.2188,1615896
2024-05-08T07:00:00Z,1.2187,1.2236,1.1929,1.1977,3221727
2024-05-08T08:00:00Z,1.1978,1.2075,1.1910,1.2071,2236278
2024-05-08T09:00:00Z,1.2071,1.2082,1.1955,1.2068,1416877
2024-05-08T10:00:00Z,1.2068,1.2128,1.2050,1.2078,1356612
2024-05-08T11:00:00Z,1.2077,1.2077,1.1928,1.1992,1882383
2024-05-08T12:00:00Z,1.1992,1.2083,1.1900,1.1984,1969032
2024-05-08T13:00:00Z,1.1983,1.2195,1.1953,1.2179,2187319
2024-05-08T14:00:00Z,1.2179,1.2323,1.2125,1.2266,2564603
2024-05-08T15:00:00Z,1.2267,1.2297,1.2105,1.2216,2448244
2024-05-08T16:00:00Z,1.2215,1.2256,1.2120,1.2256,1209509
2024-05-08T17:00:00Z,1.2255,1.2330,1.2186,1.2218,1215816
2024-05-08T18:00:00Z,1.2218,1.2327,1.2200,1.2247,897528
2024-05-08T19:00:00Z,1.2245,1.2289,1.2083,1.2181,1824083
2024-05-08T20:00:00Z,1.2181,1.2268,1.1920,1.2014,4228494
2024-05-08T21:00:00Z,1.2011,1.2130,1.1974,1.2071,1148998
2024-05-08T22:00:00Z,1.2071,1.2125,1.2004,1.2100,970170
2024-05-08T23:00:00Z,1.2099,1.2156,1.2057,1.2110,870071
2024-05-09T00:00:00Z,1.2110,1.2218,1.2095,1.2199,1056341
2024-05-09T01:00:00Z,1.2200,1.2304,1.2198,1.2283,915108
2024-05-09T02:00:00Z,1.2283,1.2404,1.2263,1.2365,1208622
2024-05-09T03:00:00Z,1.2364,1.2383,1.2272,1.2334,1313043
2024-05-09T04:00:00Z,1.2335,1.2395,1.2316,1.2340,727527
2024-05-09T05:00:00Z,1.2340,1.2439,1.2332,1.2392,816272
2024-05-09T06:00:00Z,1.2392,1.2441,1.2341,1.2380,1050018
2024-05-09T07:00:00Z,1.2380,1.2393,1.2228,1.2278,1206898
2024-05-09T08:00:00Z,1.2276,1.2338,1.2201,1.2333,1215189
2024-05-09T09:00:00Z,1.2331,1.2349,1.2153,1.2270,1966708
2024-05-09T10:00:00Z,1.2269,1.2290,1.2109,1.2119,1544274
2024-05-09T11:00:00Z,1.2119,1.2312,1.2086,1.2281,1531769
2024-05-09T12:00:00Z,1.2281,1.2434,1.2248,1.2386,1765859
2024-05-09T13:00:00Z,1.2388,1.2411,1.2223,1.2333,1557116
2024-05-09T14:00:00Z,1.2335,1.2456,1.2305,1.2428,1656145
2024-05-09T15:00:00Z,1.2428,1.2576,1.2388,1.2513,4172055
2024-05-09T16:00:00Z,1.2512,1.2638,1.2428,1.2450,2630748
2024-05-09T17:00:00Z,1.2449,1.2544,1.2422,1.2534,1041570
2024-05-09T18:00:00Z,1.2533,1.2604,1.2523,1.2593,987171
2024-05-09T19:00:00Z,1.2593,1.2649,1.2576,1.2605,903963
2024-05-09T20:00:00Z,1.2604,1.2653,1.2571,1.2616,729489
2024-05-09T21:00:00Z,1.2615,1.2662,1.2581,1.2611,716698
2024-05-09T22:00:00Z,1.2612,1.2870,1.2584,1.2844,1631244
2024-05-09T23:00:00Z,1.2844,1.2874,1.2780,1.2823,1028709
2024-05-10T00:00:00Z,1.2822,1.2883,1.2791,1.2810,1271799
2024-05-10T01:00:00Z,1.2810,1.2915,1.2735,1.2868,1227043
2024-05-10T02:00:00Z,1.2867,1.2949,1.2752,1.2799,1900064
2024-05-10T03:00:00Z,1.2799,1.2799,1.2722,1.2742,742061
2024-05-10T04:00:00Z,1.2742,1.2779,1.2695,1.2764,700909
2024-05-10T05:00:00Z,1.2764,1.2793,1.2689,1.2787,722505
2024-05-10T06:00:00Z,1.2786,1.2932,1.2746,1.2860,1638719
2024-05-10T07:00:00Z,1.2859,1.2986,1.2799,1.2919,1516794
2024-05-10T08:00:00Z,1.2919,1.2998,1.2857,1.2880,1224162
2024-05-10T09:00:00Z,1.2881,1.2893,1.2791,1.2856,1609872
2024-05-10T10:00:00Z,1.2856,1.2924,1.2828,1.2879,1304815
2024-05-10T11:00:00Z,1.2878,1.2917,1.2828,1.2914,1036829
2024-05-10T12:00:00Z,1.2913,1.2950,1.2793,1.2816,1091421
2024-05-10T13:00:00Z,1.2816,1.2836,1.2727,1.2798,1080062
2024-05-10T14:00:00Z,1.2797,1.2834,1.2318,1.2444,7345443
2024-05-10T15:00:00Z,1.2445,1.2494,1.2335,1.2419,3516782
2024-05-10T16:00:00Z,1.2418,1.2461,1.2194,1.2387,4227607
2024-05-10T17:00:00Z,1.2386,1.2419,1.2222,1.2309,2738307
2024-05-10T18:00:00Z,1.2307,1.2404,1.2276,1.2378,1195998
2024-05-10T19:00:00Z,1.2376,1.2379,1.2215,1.2264,1236924
2024-05-10T20:00:00Z,1.2264,1.2287,1.2112,1.2203,2367573
2024-05-10T21:00:00Z,1.2202,1.2228,1.2111,1.2127,1067840
2024-05-10T22:00:00Z,1.2128,1.2154,1.2001,1.2096,1585558
2024-05-10T23:00:00Z,1.2095,1.2195,1.2089,1.2146,760891
2024-05-11T00:00:00Z,1.2146,1.2219,1.2098,1.2132,917091
2024-05-11T01:00:00Z,1.2132,1.2318,1.2125,1.2210,1445793
2024-05-11T02:00:00Z,1.2211,1.2237,1.2129,1.2208,1045824
2024-05-11T03:00:00Z,1.2210,1.2224,1.2126,1.2145,613609
2024-05-11T04:00:00Z,1.2145,1.2186,1.2104,1.2144,974416
2024-05-11T05:00:00Z,1.2145,1.2242,1.2143,1.2191,517707
2024-05-11T06:00:00Z,1.2192,1.2282,1.2185,1.2211,1045056
2024-05-11T07:00:00Z,1.2211,1.2296,1.2178,1.2246,913310
2024-05-11T08:00:00Z,1.2246,1.2262,1.2100,1.2113,945017
2024-05-11T09:00:00Z,1.2112,1.2201,1.2097,1.2191,698905
2024-05-11T10:00:00Z,1.2190,1.2190,1.2098,1.2132,686395
2024-05-11T11:00:00Z,1.2132,1.2158,1.2014,1.2094,1236937
2024-05-11T12:00:00Z,1.2095,1.2160,1.2084,1.2125,775125
2024-05-11T13:00:00Z,1.2126,1.2233,1.2110,1.2226,847817
2024-05-11T14:00:00Z,1.2225,1.2260,1.2182,1.2215,821499
2024-05-11T15:00:00Z,1.2215,1.2348,1.2196,1.2290,1903081
2024-05-11T16:00:00Z,1.2290,1.2327,1.2236,1.2257,940786
2024-05-11T17:00:00Z,1.2258,1.2280,1.2215,1.2273,542155
2024-05-11T18:00:00Z,1.2274,1.2295,1.2220,1.2272,676916
2024-05-11T19:00:00Z,1.2273,1.2298,1.2229,1.2267,516308
2024-05-11T20:00:00Z,1.2266,1.2271,1.2159,1.2233,1080212
2024-05-11T21:00:00Z,1.2233,1.2234,1.2162,1.2191,529600
2024-05-11T22:00:00Z,1.2191,1.2224,1.2129,1.2172,830095
2024-05-11T23:00:00Z,1.2172,1.2174,1.2070,1.2126,824087
2024-05-12T00:00:00Z,1.2125,1.2216,1.2112,1.2173,696323
2024-05-12T01:00:00Z,1.2174,1.2223,1.2156,1.2187,624453
2024-05-12T02:00:00Z,1.2188,1.2216,1.2165,1.2172,357686
2024-05-12T03:00:00Z,1.2172,1.2173,1.2116,1.2125,350345
2024-05-12T04:00:00Z,1.2125,1.2206,1.2104,1.2198,415714
2024-05-12T05:00:00Z,1.2198,1.2198,1.2142,1.2157,335593
2024-05-12T06:00:00Z,1.2158,1.2168,1.2112,1.2135,400574
2024-05-12T07:00:00Z,1.2136,1.2170,1.2032,1.2077,975462
2024-05-12T08:00:00Z,1.2078,1.2171,1.2031,1.2141,974197
2024-05-12T09:00:00Z,1.2143,1.2148,1.2057,1.2076,621891
2024-05-12T10:00:00Z,1.2077,1.2309,1.2058,1.2188,2493541
2024-05-12T11:00:00Z,1.2189,1.2228,1.2136,1.2159,794951
2024-05-12T12:00:00Z,1.2159,1.2177,1.2117,1.2134,733451
2024-05-12T13:00:00Z,1.2134,1.2154,1.2097,1.2144,496800
2024-05-12T14:00:00Z,1.2145,1.2185,1.2101,1.2115,589725
2024-05-12T15:00:00Z,1.2116,1.2220,1.2076,1.2180,867108
2024-05-12T16:00:00Z,1.2179,1.2255,1.2119,1.2120,1007794
2024-05-12T17:00:00Z,1.2120,1.2132,1.2054,1.2088,1128679
2024-05-12T18:00:00Z,1.2089,1.2091,1.1965,1.2002,1410292
2024-05-12T19:00:00Z,1.2003,1.2003,1.1913,1.1978,1348394
2024-05-12T20:00:00Z,1.1978,1.2025,1.1931,1.1987,769990
2024-05-12T21:00:00Z,1.1987,1.2004,1.1829,1.1960,1665080
2024-05-12T22:00:00Z,1.1961,1.2000,1.1935,1.1980,851518
2024-05-12T23:00:00Z,1.1980,1.2025,1.1952,1.1972,472536
2024-05-13T00:00:00Z,1.1971,1.2101,1.1970,1.2046,813309
2024-05-13T01:00:00Z,1.2045,1.2059,1.1746,1.1854,2441136
2024-05-13T02:00:00Z,1.1853,1.1877,1.1488,1.1579,4608755
2024-05-13T03:00:00Z,1.1578,1.1590,1.1384,1.1567,2601657
2024-05-13T04:00:00Z,1.1566,1.1566,1.1429,1.1497,1782405
2024-05-13T05:00:00Z,1.1497,1.1576,1.1470,1.1520,1295060
2024-05-13T06:00:00Z,1.1521,1.1750,1.1521,1.1721,1191188
2024-05-13T07:00:00Z,1.1719,1.1935,1.1694,1.1901,1644624
2024-05-13T08:00:00Z,1.1903,1.2020,1.1882,1.1964,2186033
2024-05-13T09:00:00Z,1.1966,1.2119,1.1966,1.2079,1312566
2024-05-13T10:00:00Z,1.2079,1.2085,1.1923,1.1987,1295741
2024-05-13T11:00:00Z,1.1986,1.2006,1.1874,1.1924,1040246
2024-05-13T12:00:00Z,1.1924,1.1938,1.1830,1.1902,1212398
2024-05-13T13:00:00Z,1.1902,1.1966,1.1865,1.1881,1086118
2024-05-13T14:00:00Z,1.1880,1.1979,1.1843,1.1853,1372396
2024-05-13T15:00:00Z,1.1852,1.2014,1.1846,1.1971,1120924
2024-05-13T16:00:00Z,1.1972,1.2152,1.1930,1.2103,1734039
2024-05-13T17:00:00Z,1.2103,1.2121,1.1843,1.1870,1828886
2024-05-13T18:00:00Z,1.1870,1.1886,1.1734,1.1794,1800155
2024-05-13T19:00:00Z,1.1795,1.1867,1.1763,1.1795,734319
2024-05-13T20:00:00Z,1.1794,1.1802,1.1721,1.1748,724527
2024-05-13T21:00:00Z,1.1748,1.1777,1.1706,1.1745,643056
2024-05-13T22:00:00Z,1.1745,1.1764,1.1627,1.1670,1210682
2024-05-13T23:00:00Z,1.1671,1.1776,1.1667,1.1742,452123
2024-05-14T00:00:00Z,1.1741,1.1803,1.1660,1.1695,1047686
2024-05-14T01:00:00Z,1.1695,1.1757,1.1565,1.1625,1415749
2024-05-14T02:00:00Z,1.1621,1.1680,1.1542,1.1679,1245676
2024-05-14T03:00:00Z,1.1679,1.1770,1.1640,1.1690,745400
2024-05-14T04:00:00Z,1.1690,1.1700,1.1603,1.1661,844094
2024-05-14T05:00:00Z,1.1660,1.1761,1.1633,1.1663,986572
2024-05-14T06:00:00Z,1.1663,1.1664,1.1349,1.1627,3520668
2024-05-14T07:00:00Z,1.1626,1.1714,1.1623,1.1683,1084450
2024-05-14T08:00:00Z,1.1683,1.1698,1.1583,1.1632,940580
2024-05-14T09:00:00Z,1.1631,1.1658,1.1539,1.1565,938471
2024-05-14T10:00:00Z,1.1565,1.1606,1.1528,1.1591,646499
2024-05-14T11:00:00Z,1.1592,1.1658,1.1577,1.1601,861199
2024-05-14T12:00:00Z,1.1603,1.1683,1.1480,1.1559,2004212
2024-05-14T13:00:00Z,1.1557,1.1670,1.1542,1.1565,1092957
2024-05-14T14:00:00Z,1.1566,1.1609,1.1383,1.1519,2507209
2024-05-14T15:00:00Z,1.1515,1.1625,1.1468,1.1536,1516718
2024-05-14T16:00:00Z,1.1536,1.1541,1.1402,1.1471,1548286
2024-05-14T17:00:00Z,1.1471,1.1488,1.1302,1.1384,1740019
2024-05-14T18:00:00Z,1.1384,1.1492,1.1361,1.1444,1670822
2024-05-14T19:00:00Z,1.1445,1.1479,1.1408,1.1426,716268
2024-05-14T20:00:00Z,1.1426,1.1480,1.1398,1.1457,906439
2024-05-14T21:00:00Z,1.1457,1.1471,1.1358,1.1455,1070304
2024-05-14T22:00:00Z,1.1454,1.1454,1.1322,1.1410,987113
2024-05-14T23:00:00Z,1.1410,1.1428,1.1353,1.1418,657671
2024-05-15T00:00:00Z,1.1417,1.1479,1.1307,1.1358,1132039
2024-05-15T01:00:00Z,1.1361,1.1478,1.1357,1.1431,840180
2024-05-15T02:00:00Z,1.1430,1.1468,1.1404,1.1453,457790
2024-05-15T03:00:00Z,1.1453,1.1491,1.1446,1.1471,522863
2024-05-15T04:00:00Z,1.1469,1.1481,1.1411,1.1459,984168
2024-05-15T05:00:00Z,1.1459,1.1468,1.1378,1.1398,763518
2024-05-15T06:00:00Z,1.1399,1.1442,1.1375,1.1403,587757
2024-05-15T07:00:00Z,1.1403,1.1470,1.1388,1.1440,718188
2024-05-15T08:00:00Z,1.1440,1.1451,1.1322,1.1337,1033263
2024-05-15T09:00:00Z,1.1336,1.1521,1.1257,1.1480,3126046
2024-05-15T10:00:00Z,1.1480,1.1524,1.1433,1.1449,1235583
2024-05-15T11:00:00Z,1.1448,1.1467,1.1302,1.1367,1181748
2024-05-15T12:00:00Z,1.1367,1.1741,1.1322,1.1680,4189648
2024-05-15T13:00:00Z,1.1680,1.1831,1.1647,1.1697,2737655
2024-05-15T14:00:00Z,1.1698,1.1833,1.1677,1.1828,1508153
2024-05-15T15:00:00Z,1.1829,1.1899,1.1781,1.1784,1805798
2024-05-15T16:00:00Z,1.1786,1.1883,1.1731,1.1765,1314234
2024-05-15T17:00:00Z,1.1765,1.1912,1.1765,1.1872,1424214
2024-05-15T18:00:00Z,1.1870,1.2025,1.1869,1.1981,2400516
2024-05-15T19:00:00Z,1.1981,1.2252,1.1946,1.2221,2334036
2024-05-15T20:00:00Z,1.2222,1.2274,1.2150,1.2210,1586594
2024-05-15T21:00:00Z,1.2211,1.2225,1.2086,1.2113,886801
2024-05-15T22:00:00Z,1.2114,1.2200,1.2090,1.2160,782919
2024-05-15T23:00:00Z,1.2161,1.2197,1.2144,1.2154,701988
2024-05-16T00:00:00Z,1.2154,1.2259,1.2112,1.2203,1373329
2024-05-16T01:00:00Z,1.2203,1.2276,1.2172,1.2259,793465
2024-05-16T02:00:00Z,1.2259,1.2286,1.2190,1.2235,614183
2024-05-16T03:00:00Z,1.2235,1.2371,1.2219,1.2371,806870
2024-05-16T04:00:00Z,1.2371,1.2400,1.2243,1.2262,910483
2024-05-16T05:00:00Z,1.2263,1.2288,1.2210,1.2244,475770
2024-05-16T06:00:00Z,1.2242,1.2327,1.2224,1.2297,613409
2024-05-16T07:00:00Z,1.2298,1.2393,1.2298,1.2366,826653
2024-05-16T08:00:00Z,1.2369,1.2399,1.2264,1.2304,955727
2024-05-16T09:00:00Z,1.2305,1.2394,1.2267,1.2388,669314
2024-05-16T10:00:00Z,1.2390,1.2390,1.2263,1.2272,1071700
2024-05-16T11:00:00Z,1.2271,1.2305,1.2222,1.2294,759940
2024-05-16T12:00:00Z,1.2291,1.2291,1.2061,1.2082,2958583
2024-05-16T13:00:00Z,1.2082,1.2109,1.1949,1.2071,1998908
2024-05-16T14:00:00Z,1.2070,1.2094,1.1638,1.1703,3423277
2024-05-16T15:00:00Z,1.1704,1.1980,1.1664,1.1921,2508128
2024-05-16T16:00:00Z,1.1921,1.2011,1.1878,1.1974,1740133
2024-05-16T17:00:00Z,1.1974,1.2030,1.1859,1.1966,1320386
2024-05-16T18:00:00Z,1.1967,1.2059,1.1950,1.2042,627356
2024-05-16T19:00:00Z,1.2042,1.2066,1.1974,1.1986,910285
2024-05-16T20:00:00Z,1.1988,1.2060,1.1942,1.2010,701705
2024-05-16T21:00:00Z,1.2010,1.2067,1.1934,1.2067,519710
2024-05-16T22:00:00Z,1.2067,1.2090,1.1977,1.2070,683515
2024-05-16T23:00:00Z,1.2067,1.2143,1.2014,1.2114,593979
2024-05-17T00:00:00Z,1.2113,1.2181,1.2097,1.2142,788590
2024-05-17T01:00:00Z,1.2142,1.2142,1.1938,1.2014,1256253
2024-05-17T02:00:00Z,1.2015,1.2056,1.1957,1.2001,751605
2024-05-17T03:00:00Z,1.2002,1.2115,1.1978,1.2032,744847
2024-05-17T04:00:00Z,1.2034,1.2050,1.1971,1.1997,507521
2024-05-17T05:00:00Z,1.1996,1.2068,1.1993,1.2028,357986
2024-05-17T06:00:00Z,1.2027,1.2095,1.1898,1.2053,990925
2024-05-17T07:00:00Z,1.2052,1.2349,1.2052,1.2255,1889412
2024-05-17T08:00:00Z,1.2255,1.2314,1.2103,1.2170,1356290
2024-05-17T09:00:00Z,1.2170,1.2258,1.2127,1.2229,843674
2024-05-17T10:00:00Z,1.2227,1.2313,1.2163,1.2273,1295782
2024-05-17T11:00:00Z,1.2272,1.2272,1.2172,1.2194,685040
2024-05-17T12:00:00Z,1.2193,1.2369,1.2137,1.2328,1181332
2024-05-17T13:00:00Z,1.2334,1.2354,1.2203,1.2300,1097635
2024-05-17T14:00:00Z,1.2300,1.2437,1.2289,1.2380,1134165
2024-05-17T15:00:00Z,1.2380,1.2518,1.2312,1.2492,1531052
2024-05-17T16:00:00Z,1.2491,1.2732,1.2452,1.2537,4784599
2024-05-17T17:00:00Z,1.2536,1.2578,1.2472,1.2510,1431423
2024-05-17T18:00:00Z,1.2509,1.2552,1.2410,1.2552,1479743
2024-05-17T19:00:00Z,1.2552,1.2555,1.2477,1.2516,696753
2024-05-17T20:00:00Z,1.2516,1.2547,1.2475,1.2523,610144
2024-05-17T21:00:00Z,1.2525,1.2552,1.2481,1.2515,681066
2024-05-17T22:00:00Z,1.2514,1.2578,1.2502,1.2568,477284
2024-05-17T23:00:00Z,1.2567,1.2584,1.2507,1.2518,421919
2024-05-18T00:00:00Z,1.2519,1.2553,1.2476,1.2504,597255
2024-05-18T01:00:00Z,1.2505,1.2574,1.2432,1.2572,609846
2024-05-18T02:00:00Z,1.2572,1.2575,1.2477,1.2532,377594
2024-05-18T03:00:00Z,1.2531,1.2630,1.2529,1.2618,491409
2024-05-18T04:00:00Z,1.2619,1.2642,1.2556,1.2617,587053
2024-05-18T05:00:00Z,1.2618,1.2642,1.2529,1.2583,720059
2024-05-18T06:00:00Z,1.2582,1.2598,1.2550,1.2579,536128
2024-05-18T07:00:00Z,1.2581,1.2665,1.2550,1.2566,1022810
2024-05-18T08:00:00Z,1.2564,1.2662,1.2547,1.2610,748666
2024-05-18T09:00:00Z,1.2610,1.2630,1.2565,1.2612,536875
2024-05-18T10:00:00Z,1.2611,1.2612,1.2529,1.2579,920002
2024-05-18T11:00:00Z,1.2579,1.2585,1.2517,1.2559,536204
2024-05-18T12:00:00Z,1.2560,1.2570,1.2430,1.2437,1740930
2024-05-18T13:00:00Z,1.2438,1.2468,1.2329,1.2349,1829645
2024-05-18T14:00:00Z,1.2348,1.2426,1.2242,1.2386,1973964
2024-05-18T15:00:00Z,1.2386,1.2483,1.2382,1.2458,876381
2024-05-18T16:00:00Z,1.2458,1.2548,1.2435,1.2449,839048
2024-05-18T17:00:00Z,1.2451,1.2574,1.2446,1.2512,919665
2024-05-18T18:00:00Z,1.2511,1.2563,1.2471,1.2495,481428
2024-05-18T19:00:00Z,1.2494,1.2528,1.2477,1.2520,431880
2024-05-18T20:00:00Z,1.2519,1.2560,1.2486,1.2538,604581
2024-05-18T21:00:00Z,1.2537,1.2557,1.2463,1.2524,571126
2024-05-18T22:00:00Z,1.2523,1.2599,1.2502,1.2558,531356
2024-05-18T23:00:00Z,1.2558,1.2583,1.2544,1.2553,319666
2024-05-19T00:00:00Z,1.2552,1.2574,1.2495,1.2503,498198
2024-05-19T01:00:00Z,1.2504,1.2592,1.2496,1.2513,531046
2024-05-19T02:00:00Z,1.2513,1.2649,1.2508,1.2620,826104
2024-05-19T03:00:00Z,1.2619,1.2670,1.2579,1.2602,534056
2024-05-19T04:00:00Z,1.2604,1.2611,1.2489,1.2556,572218
2024-05-19T05:00:00Z,1.2554,1.2573,1.2485,1.2501,376313
2024-05-19T06:00:00Z,1.2503,1.2513,1.2382,1.2429,753309
2024-05-19T07:00:00Z,1.2429,1.2494,1.2408,1.2471,593678
2024-05-19T08:00:00Z,1.2471,1.2475,1.2369,1.2396,410615
2024-05-19T09:00:00Z,1.2397,1.2415,1.2325,1.2406,853775
2024-05-19T10:00:00Z,1.2405,1.2489,1.2375,1.2407,864866
2024-05-19T11:00:00Z,1.2406,1.2427,1.2303,1.2419,1283494
2024-05-19T12:00:00Z,1.2418,1.2429,1.2231,1.2275,1630268
2024-05-19T13:00:00Z,1.2274,1.2294,1.2096,1.2222,2301818
2024-05-19T14:00:00Z,1.2220,1.2234,1.2044,1.2104,1609398
2024-05-19T15:00:00Z,1.2104,1.2104,1.1935,1.2017,2401922
2024-05-19T16:00:00Z,1.2017,1.2047,1.1780,1.1829,2519092
2024-05-19T17:00:00Z,1.1828,1.1935,1.1803,1.1905,1532633
2024-05-19T18:00:00Z,1.1906,1.1953,1.1863,1.1882,843530
2024-05-19T19:00:00Z,1.1883,1.1987,1.1848,1.1875,1247349
2024-05-19T20:00:00Z,1.1873,1.1923,1.1860,1.1889,873790
2024-05-19T21:00:00Z,1.1888,1.1911,1.1760,1.1874,1126501
2024-05-19T22:00:00Z,1.1874,1.1984,1.1861,1.1945,767193
2024-05-19T23:00:00Z,1.1945,1.1960,1.1871,1.1894,549139
2024-05-20T00:00:00Z,1.1894,1.1936,1.1805,1.1881,880375
2024-05-20T01:00:00Z,1.1881,1.1914,1.1700,1.1889,2061333
2024-05-20T02:00:00Z,1.1889,1.2016,1.1874,1.1985,737219
2024-05-20T03:00:00Z,1.1985,1.1999,1.1904,1.1904,652873
2024-05-20T04:00:00Z,1.1905,1.2129,1.1901,1.2107,989480
2024-05-20T05:00:00Z,1.2103,1.2313,1.2093,1.2216,1765461
2024-05-20T06:00:00Z,1.2218,1.2224,1.1913,1.1973,1838508
2024-05-20T07:00:00Z,1.1973,1.2145,1.1954,1.2103,997260
2024-05-20T08:00:00Z,1.2103,1.2153,1.2034,1.2060,665064
2024-05-20T09:00:00Z,1.2058,1.2111,1.1973,1.1985,916312
2024-05-20T10:00:00Z,1.1986,1.2116,1.1971,1.2051,901817
2024-05-20T11:00:00Z,1.2052,1.2108,1.1984,1.2005,1027925
2024-05-20T12:00:00Z,1.2004,1.2027,1.1888,1.1914,986382
2024-05-20T13:00:00Z,1.1915,1.1977,1.1890,1.1950,892894
2024-05-20T14:00:00Z,1.1949,1.1960,1.1857,1.1950,845616
2024-05-20T15:00:00Z,1.1953,1.2135,1.1919,1.2124,1151119
2024-05-20T16:00:00Z,1.2124,1.2266,1.2069,1.2214,1797734
2024-05-20T17:00:00Z,1.2214,1.2387,1.2165,1.2385,2463829
2024-05-20T18:00:00Z,1.2384,1.2419,1.2336,1.2342,1497860
2024-05-20T19:00:00Z,1.2342,1.2856,1.2304,1.2802,6285905
2024-05-20T20:00:00Z,1.2800,1.2935,1.2706,1.2833,4227769
2024-05-20T21:00:00Z,1.2834,1.2981,1.2739,1.2939,2261367
2024-05-20T22:00:00Z,1.2935,1.2964,1.2854,1.2881,1993473
2024-05-20T23:00:00Z,1.2881,1.3021,1.2841,1.2981,1681586
2024-05-21T00:00:00Z,1.2982,1.3199,1.2927,1.3030,2411544
2024-05-21T01:00:00Z,1.3032,1.3112,1.2895,1.3088,2060903
2024-05-21T02:00:00Z,1.3093,1.3104,1.2997,1.3017,1106234
2024-05-21T03:00:00Z,1.3019,1.3104,1.3002,1.3017,706162
2024-05-21T04:00:00Z,1.3015,1.3076,1.2929,1.2933,1235543
2024-05-21T05:00:00Z,1.2932,1.3138,1.2840,1.3108,1923515
2024-05-21T06:00:00Z,1.3107,1.3168,1.3074,1.3107,869322
2024-05-21T07:00:00Z,1.3107,1.3131,1.3005,1.3090,979449
2024-05-21T08:00:00Z,1.3089,1.3091,1.3012,1.3030,1017656
2024-05-21T09:00:00Z,1.3030,1.3057,1.2966,1.3022,1228563
2024-05-21T10:00:00Z,1.3022,1.3022,1.2938,1.2979,1012274
2024-05-21T11:00:00Z,1.2978,1.3070,1.2920,1.3020,1970612
2024-05-21T12:00:00Z,1.3022,1.3089,1.2952,1.3086,1798764
2024-05-21T13:00:00Z,1.3086,1.3338,1.3071,1.3170,7626235
2024-05-21T14:00:00Z,1.3170,1.3300,1.3144,1.3222,2335275
2024-05-21T15:00:00Z,1.3223,1.3325,1.2978,1.3034,3087031
2024-05-21T16:00:00Z,1.3033,1.3188,1.2978,1.3140,2604845
2024-05-21T17:00:00Z,1.3141,1.3256,1.3084,1.3181,1356525
2024-05-21T18:00:00Z,1.3181,1.3226,1.3085,1.3145,1076751
2024-05-21T19:00:00Z,1.3144,1.3152,1.2867,1.2961,1836695
2024-05-21T20:00:00Z,1.2962,1.3138,1.2958,1.3035,1375801
2024-05-21T21:00:00Z,1.3033,1.3040,1.2820,1.2948,1886974
2024-05-21T22:00:00Z,1.2943,1.3041,1.2941,1.3008,843043
2024-05-21T23:00:00Z,1.3008,1.3016,1.2948,1.2985,480496
2024-05-22T00:00:00Z,1.2984,1.3028,1.2894,1.2935,798727
2024-05-22T01:00:00Z,1.2936,1.3136,1.2921,1.3063,1142764
2024-05-22T02:00:00Z,1.3063,1.3103,1.2962,1.3007,728086
2024-05-22T03:00:00Z,1.3006,1.3035,1.2929,1.3010,607879
2024-05-22T04:00:00Z,1.3010,1.3051,1.2712,1.2872,2372700
2024-05-22T05:00:00Z,1.2871,1.3004,1.2817,1.2990,1035011
2024-05-22T06:00:00Z,1.2992,1.3186,1.2973,1.3158,1243938
2024-05-22T07:00:00Z,1.3157,1.3174,1.3006,1.3133,1350132
2024-05-22T08:00:00Z,1.3135,1.3268,1.3043,1.3123,2140565
2024-05-22T09:00:00Z,1.3123,1.3129,1.3017,1.3093,1711659
2024-05-22T10:00:00Z,1.3088,1.3241,1.3056,1.3186,1210446
2024-05-22T11:00:00Z,1.3185,1.3257,1.2936,1.2981,2165473
2024-05-22T12:00:00Z,1.2979,1.3066,1.2621,1.2636,3730308
2024-05-22T13:00:00Z,1.2637,1.2863,1.2629,1.2863,2018568
2024-05-22T14:00:00Z,1.2864,1.2895,1.2713,1.2796,2682874
2024-05-22T15:00:00Z,1.2796,1.2976,1.2712,1.2924,1689233
2024-05-22T16:00:00Z,1.2924,1.2962,1.2799,1.2913,1470073
2024-05-22T17:00:00Z,1.2914,1.3055,1.2814,1.2850,1620803
2024-05-22T18:00:00Z,1.2848,1.2889,1.2631,1.2744,2295608
2024-05-22T19:00:00Z,1.2741,1.2994,1.2709,1.2926,2852304
2024-05-22T20:00:00Z,1.2926,1.3029,1.2776,1.2833,1576368
2024-05-22T21:00:00Z,1.2832,1.2887,1.2632,1.2869,2023040
2024-05-22T22:00:00Z,1.2869,1.2903,1.2762,1.2781,709993
2024-05-22T23:00:00Z,1.2780,1.2797,1.2731,1.2768,517043
2024-05-23T00:00:00Z,1.2765,1.2882,1.2750,1.2823,990221
2024-05-23T01:00:00Z,1.2823,1.2824,1.2671,1.2764,965479
2024-05-23T02:00:00Z,1.2764,1.2823,1.2710,1.2781,580299
2024-05-23T03:00:00Z,1.2783,1.2944,1.2744,1.2930,797129
2024-05-23T04:00:00Z,1.2929,1.2971,1.2838,1.2953,666152
2024-05-23T05:00:00Z,1.2953,1.2985,1.2834,1.2869,699580
2024-05-23T06:00:00Z,1.2866,1.2963,1.2789,1.2897,711835
2024-05-23T07:00:00Z,1.2899,1.3059,1.2874,1.2950,1182834
2024-05-23T08:00:00Z,1.2953,1.2963,1.2842,1.2876,941323
2024-05-23T09:00:00Z,1.2878,1.2898,1.2702,1.2736,1262935
2024-05-23T10:00:00Z,1.2737,1.2775,1.2639,1.2677,1403709
2024-05-23T11:00:00Z,1.2677,1.2958,1.2671,1.2949,1532779
2024-05-23T12:00:00Z,1.2949,1.3101,1.2326,1.2764,5094100
2024-05-23T13:00:00Z,1.2765,1.2864,1.2250,1.2487,7105946
2024-05-23T14:00:00Z,1.2487,1.2613,1.2406,1.2427,2505583
2024-05-23T15:00:00Z,1.2428,1.2623,1.2408,1.2527,1605198
2024-05-23T16:00:00Z,1.2526,1.2562,1.2441,1.2486,994411
2024-05-23T17:00:00Z,1.2486,1.2545,1.2378,1.2380,1035312
2024-05-23T18:00:00Z,1.2381,1.2415,1.2109,1.2323,3831424
2024-05-23T19:00:00Z,1.2324,1.2382,1.2227,1.2321,1377271
2024-05-23T20:00:00Z,1.2323,1.2326,1.1790,1.2289,5739544
2024-05-23T21:00:00Z,1.2288,1.2665,1.2278,1.2662,4261660
2024-05-23T22:00:00Z,1.2661,1.2756,1.2610,1.2627,1537385
2024-05-23T23:00:00Z,1.2627,1.2665,1.2555,1.2661,824612
2024-05-24T00:00:00Z,1.2661,1.3036,1.2622,1.2923,2705304
2024-05-24T01:00:00Z,1.2925,1.2927,1.2769,1.2828,908285
2024-05-24T02:00:00Z,1.2828,1.2986,1.2752,1.2942,992362
2024-05-24T03:00:00Z,1.2942,1.3123,1.2914,1.3050,1434651
2024-05-24T04:00:00Z,1.3049,1.3180,1.3015,1.3037,1743559
2024-05-24T05:00:00Z,1.3031,1.3249,1.2959,1.3018,3396750
2024-05-24T06:00:00Z,1.3015,1.3135,1.2754,1.2759,2299645
2024-05-24T07:00:00Z,1.2761,1.2940,1.2669,1.2896,2159295
2024-05-24T08:00:00Z,1.2895,1.2932,1.2641,1.2914,2233231
2024-05-24T09:00:00Z,1.2912,1.3159,1.2832,1.3095,2662765
2024-05-24T10:00:00Z,1.3093,1.3287,1.3058,1.3141,3686549
2024-05-24T11:00:00Z,1.3141,1.3277,1.3107,1.3239,1875407
2024-05-24T12:00:00Z,1.3240,1.3255,1.3101,1.3159,2244678
2024-05-24T13:00:00Z,1.3160,1.3186,1.2952,1.2987,2171887
2024-05-24T14:00:00Z,1.2988,1.3232,1.2918,1.3116,2208226
2024-05-24T15:00:00Z,1.3115,1.3221,1.2934,1.2982,2303085
2024-05-24T16:00:00Z,1.2982,1.3006,1.2778,1.2816,2272270
2024-05-24T17:00:00Z,1.2814,1.2963,1.2779,1.2937,1283713
2024-05-24T18:00:00Z,1.2938,1.3166,1.2934,1.3042,1387960
2024-05-24T19:00:00Z,1.3042,1.3071,1.2965,1.3041,807302
2024-05-24T20:00:00Z,1.3045,1.3123,1.2975,1.3069,959937
2024-05-24T21:00:00Z,1.3068,1.3243,1.3053,1.3168,1427111
2024-05-24T22:00:00Z,1.3169,1.3207,1.3121,1.3193,808812
2024-05-24T23:00:00Z,1.3192,1.3250,1.3132,1.3219,757819
2024-05-25T00:00:00Z,1.3219,1.3310,1.3149,1.3230,1495910
2024-05-25T01:00:00Z,1.3229,1.3472,1.3143,1.3449,2173499
2024-05-25T02:00:00Z,1.3449,1.3451,1.3261,1.3281,1227644
2024-05-25T03:00:00Z,1.3284,1.3298,1.3214,1.3273,662622
2024-05-25T04:00:00Z,1.3273,1.3364,1.3261,1.3339,757723
2024-05-25T05:00:00Z,1.3339,1.3400,1.3253,1.3304,891227
2024-05-25T06:00:00Z,1.3305,1.3305,1.3140,1.3180,1110422
2024-05-25T07:00:00Z,1.3181,1.3239,1.3132,1.3169,757720
2024-05-25T08:00:00Z,1.3169,1.3176,1.3089,1.3107,946801
2024-05-25T09:00:00Z,1.3107,1.3179,1.3030,1.3178,1218188
2024-05-25T10:00:00Z,1.3177,1.3250,1.3118,1.3215,1251995
2024-05-25T11:00:00Z,1.3212,1.3254,1.3080,1.3107,1430234
2024-05-25T12:00:00Z,1.3110,1.3152,1.3044,1.3115,789989
2024-05-25T13:00:00Z,1.3114,1.3166,1.2976,1.3011,1357483
2024-05-25T14:00:00Z,1.3013,1.3104,1.2979,1.3069,862171
2024-05-25T15:00:00Z,1.3070,1.3137,1.3053,1.3109,901598
2024-05-25T16:00:00Z,1.3107,1.3133,1.3050,1.3110,642679
2024-05-25T17:00:00Z,1.3111,1.3186,1.3097,1.3113,671622
2024-05-25T18:00:00Z,1.3112,1.3148,1.3076,1.3093,561102
2024-05-25T19:00:00Z,1.3094,1.3154,1.3081,1.3137,468453
2024-05-25T20:00:00Z,1.3136,1.3202,1.3060,1.3094,910399
2024-05-25T21:00:00Z,1.3095,1.3135,1.3028,1.3089,790505
2024-05-25T22:00:00Z,1.3090,1.3158,1.3049,1.3125,699347
2024-05-25T23:00:00Z,1.3126,1.3193,1.3120,1.3180,509849
2024-05-26T00:00:00Z,1.3179,1.3182,1.3080,1.3098,699588
2024-05-26T01:00:00Z,1.3098,1.3201,1.3086,1.3116,610513
2024-05-26T02:00:00Z,1.3116,1.3137,1.2927,1.3016,1232269
2024-05-26T03:00:00Z,1.3016,1.3158,1.2986,1.3149,696864
2024-05-26T04:00:00Z,1.3150,1.3150,1.3027,1.3045,606304
2024-05-26T05:00:00Z,1.3043,1.3125,1.3003,1.3125,514295
2024-05-26T06:00:00Z,1.3124,1.3144,1.3049,1.3062,509892
2024-05-26T07:00:00Z,1.3061,1.3129,1.3017,1.3036,839471
2024-05-26T08:00:00Z,1.3036,1.3074,1.2870,1.2932,1413027
2024-05-26T09:00:00Z,1.2932,1.3002,1.2832,1.2884,1081465
2024-05-26T10:00:00Z,1.2885,1.2954,1.2830,1.2916,1231102
2024-05-26T11:00:00Z,1.2916,1.2960,1.2880,1.2909,732866
2024-05-26T12:00:00Z,1.2913,1.2980,1.2814,1.2883,1680145
2024-05-26T13:00:00Z,1.2883,1.2902,1.2758,1.2837,1144031
2024-05-26T14:00:00Z,1.2837,1.3013,1.2790,1.2940,1256408
2024-05-26T15:00:00Z,1.2938,1.3043,1.2826,1.2894,1329694
2024-05-26T16:00:00Z,1.2892,1.2943,1.2802,1.2878,759631
2024-05-26T17:00:00Z,1.2877,1.2898,1.2782,1.2803,557279
2024-05-26T18:00:00Z,1.2803,1.2846,1.2774,1.2820,541931
2024-05-26T19:00:00Z,1.2820,1.2877,1.2814,1.2850,417943
2024-05-26T20:00:00Z,1.2850,1.2850,1.2761,1.2770,444013
2024-05-26T21:00:00Z,1.2770,1.2800,1.2630,1.2800,1018534
2024-05-26T22:00:00Z,1.2800,1.2856,1.2773,1.2827,445600
2024-05-26T23:00:00Z,1.2825,1.2844,1.2778,1.2805,383917
2024-05-27T00:00:00Z,1.2806,1.2866,1.2760,1.2855,519107
2024-05-27T01:00:00Z,1.2857,1.2980,1.2805,1.2909,607393
2024-05-27T02:00:00Z,1.2909,1.2954,1.2847,1.2886,693151
2024-05-27T03:00:00Z,1.2884,1.2981,1.2862,1.2946,621585
2024-05-27T04:00:00Z,1.2946,1.3010,1.2905,1.2905,509251
2024-05-27T05:00:00Z,1.2910,1.2928,1.2726,1.2834,978083
2024-05-27T06:00:00Z,1.2834,1.2834,1.2709,1.2730,759329
2024-05-27T07:00:00Z,1.2730,1.2785,1.2700,1.2730,578954
2024-05-27T08:00:00Z,1.2729,1.2858,1.2713,1.2809,882292
2024-05-27T09:00:00Z,1.2808,1.2936,1.2775,1.2874,816322
2024-05-27T10:00:00Z,1.2875,1.2923,1.2830,1.2904,572979
2024-05-27T11:00:00Z,1.2904,1.2955,1.2817,1.2939,677150
2024-05-27T12:00:00Z,1.2938,1.2975,1.2880,1.2924,681305
2024-05-27T13:00:00Z,1.2925,1.3198,1.2920,1.3170,2735944
2024-05-27T14:00:00Z,1.3171,1.3241,1.3100,1.3168,1728545
2024-05-27T15:00:00Z,1.3168,1.3403,1.3162,1.3368,2476527
2024-05-27T16:00:00Z,1.3369,1.3508,1.3366,1.3462,2188913
2024-05-27T17:00:00Z,1.3462,1.3500,1.3312,1.3433,1591931
2024-05-27T18:00:00Z,1.3435,1.3490,1.3384,1.3411,1021162
2024-05-27T19:00:00Z,1.3411,1.3461,1.3136,1.3207,2059878
2024-05-27T20:00:00Z,1.3208,1.3448,1.3188,1.3444,1483618
2024-05-27T21:00:00Z,1.3444,1.3480,1.3388,1.3457,763319
2024-05-27T22:00:00Z,1.3458,1.3466,1.3365,1.3367,746748
2024-05-27T23:00:00Z,1.3367,1.3474,1.3331,1.3448,801130
2024-05-28T00:00:00Z,1.3448,1.3531,1.3296,1.3321,1750311
2024-05-28T01:00:00Z,1.3322,1.3491,1.3170,1.3188,2186631
2024-05-28T02:00:00Z,1.3185,1.3391,1.3068,1.3359,2780185
2024-05-28T03:00:00Z,1.3361,1.3414,1.3153,1.3250,1711118
2024-05-28T04:00:00Z,1.3250,1.3253,1.2751,1.2848,4118358
2024-05-28T05:00:00Z,1.2848,1.3006,1.2763,1.2969,1751929
2024-05-28T06:00:00Z,1.2970,1.3059,1.2907,1.3017,1086509
2024-05-28T07:00:00Z,1.3016,1.3078,1.2952,1.3006,857354
2024-05-28T08:00:00Z,1.3004,1.3073,1.2962,1.3006,978208
2024-05-28T09:00:00Z,1.3005,1.3138,1.2944,1.3138,1300616
2024-05-28T10:00:00Z,1.3137,1.3300,1.3125,1.3201,1294163
2024-05-28T11:00:00Z,1.3200,1.3302,1.3139,1.3222,1149316
2024-05-28T12:00:00Z,1.3222,1.3229,1.3028,1.3046,1434822
2024-05-28T13:00:00Z,1.3046,1.3162,1.2961,1.3028,2830327
2024-05-28T14:00:00Z,1.3029,1.3078,1.2862,1.2928,2619597
2024-05-28T15:00:00Z,1.2929,1.3120,1.2887,1.3095,1369520
2024-05-28T16:00:00Z,1.3094,1.3134,1.2967,1.3018,1375363
2024-05-28T17:00:00Z,1.3019,1.3124,1.2985,1.3007,1252320
2024-05-28T18:00:00Z,1.3004,1.3070,1.2822,1.2933,1763505
2024-05-28T19:00:00Z,1.2933,1.3134,1.2923,1.3108,984951
2024-05-28T20:00:00Z,1.3107,1.3324,1.3107,1.3194,2090248
2024-05-28T21:00:00Z,1.3193,1.3295,1.3141,1.3236,716254
2024-05-28T22:00:00Z,1.3235,1.3298,1.3165,1.3176,652161
2024-05-28T23:00:00Z,1.3176,1.3205,1.3137,1.3148,441410
2024-05-29T00:00:00Z,1.3150,1.3200,1.3083,1.3102,558196
2024-05-29T01:00:00Z,1.3101,1.3165,1.3009,1.3072,673201
2024-05-29T02:00:00Z,1.3074,1.3149,1.3013,1.3102,725813
2024-05-29T03:00:00Z,1.3103,1.3265,1.3101,1.3202,840058
2024-05-29T04:00:00Z,1.3202,1.3319,1.3199,1.3289,765161
2024-05-29T05:00:00Z,1.3290,1.3369,1.3272,1.3344,750722
2024-05-29T06:00:00Z,1.3344,1.3461,1.3323,1.3327,1012264
2024-05-29T07:00:00Z,1.3329,1.3350,1.3214,1.3224,1162249
2024-05-29T08:00:00Z,1.3226,1.3320,1.3056,1.3289,2188961
2024-05-29T09:00:00Z,1.3291,1.3474,1.3244,1.3401,2475162
2024-05-29T10:00:00Z,1.3401,1.3428,1.3310,1.3361,885724
2024-05-29T11:00:00Z,1.3359,1.3364,1.3210,1.3227,637186
2024-05-29T12:00:00Z,1.3228,1.3392,1.3182,1.3341,1856727
2024-05-29T13:00:00Z,1.3342,1.3505,1.3222,1.3288,2557383
2024-05-29T14:00:00Z,1.3288,1.3350,1.3191,1.3226,1777747
2024-05-29T15:00:00Z,1.3227,1.3320,1.3158,1.3173,1624280
2024-05-29T16:00:00Z,1.3175,1.3415,1.3050,1.3367,2972470
2024-05-29T17:00:00Z,1.3365,1.3379,1.3213,1.3345,997556
2024-05-29T18:00:00Z,1.3345,1.3347,1.3171,1.3220,1039536
2024-05-29T19:00:00Z,1.3218,1.3291,1.3104,1.3115,921797
2024-05-29T20:00:00Z,1.3116,1.3176,1.3073,1.3160,1174398
2024-05-29T21:00:00Z,1.3159,1.3172,1.2963,1.3068,1246206
2024-05-29T22:00:00Z,1.3065,1.3082,1.2999,1.3068,737660
2024-05-29T23:00:00Z,1.3067,1.3099,1.2989,1.3001,553252
2024-05-30T00:00:00Z,1.3000,1.3128,1.2969,1.2983,598106
2024-05-30T01:00:00Z,1.2984,1.3111,1.2943,1.3083,752841
2024-05-30T02:00:00Z,1.3084,1.3198,1.3066,1.3135,657523
2024-05-30T03:00:00Z,1.3133,1.3189,1.3110,1.3177,405042
2024-05-30T04:00:00Z,1.3177,1.3209,1.3069,1.3095,611562
2024-05-30T05:00:00Z,1.3094,1.3099,1.3008,1.3059,622616
2024-05-30T06:00:00Z,1.3058,1.3058,1.2763,1.2812,2246329
2024-05-30T07:00:00Z,1.2814,1.2852,1.2606,1.2668,2035474
2024-05-30T08:00:00Z,1.2666,1.2800,1.2550,1.2793,2415487
2024-05-30T09:00:00Z,1.2793,1.2807,1.2721,1.2806,853246
2024-05-30T10:00:00Z,1.2803,1.2857,1.2721,1.2830,841716
2024-05-30T11:00:00Z,1.2829,1.2896,1.2741,1.2745,1345614
2024-05-30T12:00:00Z,1.2743,1.2873,1.2731,1.2851,961223
2024-05-30T13:00:00Z,1.2851,1.2929,1.2768,1.2890,1610150
2024-05-30T14:00:00Z,1.2891,1.2980,1.2799,1.2828,910595
2024-05-30T15:00:00Z,1.2826,1.2951,1.2770,1.2934,1059870
2024-05-30T16:00:00Z,1.2931,1.3012,1.2895,1.2978,877198
2024-05-30T17:00:00Z,1.2979,1.3120,1.2957,1.3085,1594355
2024-05-30T18:00:00Z,1.3086,1.3133,1.3039,1.3088,1042115
2024-05-30T19:00:00Z,1.3087,1.3095,1.2906,1.2975,1091944
2024-05-30T20:00:00Z,1.2974,1.2974,1.2780,1.2873,1539577
2024-05-30T21:00:00Z,1.2875,1.2885,1.2807,1.2860,667070
2024-05-30T22:00:00Z,1.2861,1.2861,1.2806,1.2829,428362
2024-05-30T23:00:00Z,1.2828,1.2870,1.2781,1.2792,373496
2024-05-31T00:00:00Z,1.2792,1.2798,1.2671,1.2762,1091324
2024-05-31T01:00:00Z,1.2763,1.2803,1.2688,1.2705,628950
2024-05-31T02:00:00Z,1.2705,1.2794,1.2697,1.2748,404768
2024-05-31T03:00:00Z,1.2748,1.2783,1.2724,1.2776,356585
2024-05-31T04:00:00Z,1.2776,1.2824,1.2761,1.2764,400467
2024-05-31T05:00:00Z,1.2763,1.2765,1.2408,1.2569,3733818
2024-05-31T06:00:00Z,1.2567,1.2683,1.2544,1.2619,1199567
2024-05-31T07:00:00Z,1.2619,1.2680,1.2576,1.2620,1009349
2024-05-31T08:00:00Z,1.2620,1.2653,1.2534,1.2566,1092412
2024-05-31T09:00:00Z,1.2566,1.2574,1.2439,1.2529,1212861
2024-05-31T10:00:00Z,1.2530,1.2625,1.2512,1.2532,1082852
2024-05-31T11:00:00Z,1.2534,1.2681,1.2534,1.2635,946738
2024-05-31T12:00:00Z,1.2635,1.2749,1.2590,1.2693,1634619
2024-05-31T13:00:00Z,1.2691,1.2719,1.2493,1.2510,1608314
2024-05-31T14:00:00Z,1.2508,1.2568,1.2438,1.2549,1968160
2024-05-31T15:00:00Z,1.2549,1.2629,1.2490,1.2505,1412856
2024-05-31T16:00:00Z,1.2502,1.2556,1.2342,1.2490,2972396
2024-05-31T17:00:00Z,1.2491,1.2533,1.2447,1.2523,991746
2024-05-31T18:00:00Z,1.2523,1.2540,1.2467,1.2503,857230
2024-05-31T19:00:00Z,1.2503,1.2598,1.2465,1.2555,879817
2024-05-31T20:00:00Z,1.2558,1.2591,1.2515,1.2577,520404
2024-05-31T21:00:00Z,1.2576,1.2598,1.2537,1.2544,534965
2024-05-31T22:00:00Z,1.2546,1.2581,1.2529,1.2538,322455
2024-05-31T23:00:00Z,1.2539,1.2571,1.2472,1.2500,754477
2024-06-01T00:00:00Z,1.2499,1.2504,1.2402,1.2450,652248
2024-06-01T01:00:00Z,1.2451,1.2488,1.2371,1.2410,811254
2024-06-01T02:00:00Z,1.2410,1.2494,1.2391,1.2476,578034
2024-06-01T03:00:00Z,1.2475,1.2493,1.2429,1.2458,350491
2024-06-01T04:00:00Z,1.2458,1.2522,1.2409,1.2490,471762
2024-06-01T05:00:00Z,1.2488,1.2505,1.2442,1.2465,490982
2024-06-01T06:00:00Z,1.2466,1.2489,1.2415,1.2478,697765
2024-06-01T07:00:00Z,1.2479,1.2484,1.2423,1.2455,466641
2024-06-01T08:00:00Z,1.2455,1.2527,1.2420,1.2521,840736
2024-06-01T09:00:00Z,1.2521,1.2530,1.2459,1.2518,499619
2024-06-01T10:00:00Z,1.2519,1.2542,1.2483,1.2535,732847
2024-06-01T11:00:00Z,1.2536,1.2589,1.2525,1.2581,531837
2024-06-01T12:00:00Z,1.2581,1.2655,1.2549,1.2644,998382
2024-06-01T13:00:00Z,1.2644,1.2739,1.2640,1.2725,1276847
2024-06-01T14:00:00Z,1.2725,1.2766,1.2715,1.2733,932560
2024-06-01T15:00:00Z,1.2732,1.2817,1.2704,1.2725,1042725
2024-06-01T16:00:00Z,1.2724,1.2798,1.2714,1.2745,619788
2024-06-01T17:00:00Z,1.2746,1.2826,1.2704,1.2815,530730
2024-06-01T18:00:00Z,1.2814,1.2886,1.2783,1.2811,868760
2024-06-01T19:00:00Z,1.2811,1.2843,1.2769,1.2830,533226
2024-06-01T20:00:00Z,1.2829,1.2875,1.2815,1.2872,614801
2024-06-01T21:00:00Z,1.2871,1.2988,1.2833,1.2959,1499391
2024-06-01T22:00:00Z,1.2959,1.3014,1.2922,1.2959,1168326
2024-06-01T23:00:00Z,1.2960,1.2965,1.2909,1.2928,547973
2024-06-02T00:00:00Z,1.2929,1.3097,1.2926,1.3037,1080099
2024-06-02T01:00:00Z,1.3035,1.3133,1.3015,1.3103,1275395
2024-06-02T02:00:00Z,1.3104,1.3221,1.3104,1.3175,1491515
2024-06-02T03:00:00Z,1.3177,1.3210,1.3107,1.3148,834088
2024-06-02T04:00:00Z,1.3148,1.3197,1.3054,1.3116,971428
2024-06-02T05:00:00Z,1.3116,1.3119,1.2970,1.3051,978719
2024-06-02T06:00:00Z,1.3052,1.3091,1.3010,1.3056,709992
2024-06-02T07:00:00Z,1.3057,1.3070,1.2888,1.2932,1151380
2024-06-02T08:00:00Z,1.2932,1.3077,1.2932,1.3067,895778
2024-06-02T09:00:00Z,1.3066,1.3101,1.2933,1.3028,1462527
2024-06-02T10:00:00Z,1.3026,1.3050,1.2906,1.3048,1233665
2024-06-02T11:00:00Z,1.3049,1.3099,1.2998,1.3090,855187
2024-06-02T12:00:00Z,1.3090,1.3112,1.2911,1.2957,1139914
2024-06-02T13:00:00Z,1.2956,1.3086,1.2937,1.3053,654285
2024-06-02T14:00:00Z,1.3053,1.3071,1.2998,1.3070,565614
2024-06-02T15:00:00Z,1.3071,1.3082,1.2993,1.3050,409342
2024-06-02T16:00:00Z,1.3051,1.3107,1.2976,1.3014,825355
2024-06-02T17:00:00Z,1.3015,1.3030,1.2851,1.2858,1459485
2024-06-02T18:00:00Z,1.2859,1.2922,1.2729,1.2902,2033494
2024-06-02T19:00:00Z,1.2903,1.2915,1.2768,1.2879,813075
2024-06-02T20:00:00Z,1.2880,1.2907,1.2765,1.2860,694091
2024-06-02T21:00:00Z,1.2861,1.2861,1.2763,1.2814,469852
2024-06-02T22:00:00Z,1.2812,1.2838,1.2751,1.2772,557306
2024-06-02T23:00:00Z,1.2771,1.2817,1.2763,1.2790,376317
2024-06-03T00:00:00Z,1.2790,1.2827,1.2617,1.2709,1554337
2024-06-03T01:00:00Z,1.2709,1.2971,1.2683,1.2967,1852194
2024-06-03T02:00:00Z,1.2970,1.3111,1.2946,1.3100,1312085
2024-06-03T03:00:00Z,1.3101,1.3132,1.3029,1.3121,1298278
2024-06-03T04:00:00Z,1.3121,1.3198,1.3014,1.3158,2172625
2024-06-03T05:00:00Z,1.3158,1.3340,1.3140,1.3197,2048741
2024-06-03T06:00:00Z,1.3198,1.3256,1.3078,1.3218,1391547
2024-06-03T07:00:00Z,1.3219,1.3294,1.3090,1.3112,1833122
2024-06-03T08:00:00Z,1.3112,1.3137,1.3042,1.3047,1435858
2024-06-03T09:00:00Z,1.3048,1.3110,1.2995,1.3059,922116
2024-06-03T10:00:00Z,1.3059,1.3186,1.3056,1.3079,910816
2024-06-03T11:00:00Z,1.3077,1.3164,1.3058,1.3132,853991
2024-06-03T12:00:00Z,1.3132,1.3227,1.3091,1.3179,1152896
2024-06-03T13:00:00Z,1.3178,1.3184,1.3077,1.3085,745856
2024-06-03T14:00:00Z,1.3083,1.3133,1.2816,1.2878,2697946
2024-06-03T15:00:00Z,1.2877,1.2979,1.2861,1.2954,1431026
2024-06-03T16:00:00Z,1.2954,1.2971,1.2814,1.2832,1091881
2024-06-03T17:00:00Z,1.2832,1.2912,1.2800,1.2889,901840
2024-06-03T18:00:00Z,1.2887,1.2940,1.2856,1.2923,618268
2024-06-03T19:00:00Z,1.2923,1.3156,1.2912,1.3113,1585163
2024-06-03T20:00:00Z,1.3115,1.3153,1.3020,1.3051,1514109
2024-06-03T21:00:00Z,1.3050,1.3097,1.2952,1.3045,973947
2024-06-03T22:00:00Z,1.3047,1.3100,1.3004,1.3085,606719
2024-06-03T23:00:00Z,1.3083,1.3092,1.2989,1.3028,669942
2024-06-04T00:00:00Z,1.3029,1.3135,1.3005,1.3088,1236618
2024-06-04T01:00:00Z,1.3088,1.3346,1.3023,1.3277,1708129
2024-06-04T02:00:00Z,1.3276,1.3304,1.3101,1.3119,1143810
2024-06-04T03:00:00Z,1.3119,1.3199,1.3062,1.3110,934136
2024-06-04T04:00:00Z,1.3109,1.3117,1.3031,1.3047,920334
2024-06-04T05:00:00Z,1.3047,1.3061,1.2938,1.2960,1048677
2024-06-04T06:00:00Z,1.2960,1.3024,1.2927,1.2950,1100733
2024-06-04T07:00:00Z,1.2949,1.3012,1.2932,1.2989,438488
2024-06-04T08:00:00Z,1.2990,1.3075,1.2931,1.2943,1172971
2024-06-04T09:00:00Z,1.2944,1.2984,1.2832,1.2897,1766127
2024-06-04T10:00:00Z,1.2893,1.2980,1.2885,1.2935,778986
2024-06-04T11:00:00Z,1.2935,1.2975,1.2834,1.2925,864676
2024-06-04T12:00:00Z,1.2925,1.3001,1.2887,1.2916,1147779
2024-06-04T13:00:00Z,1.2916,1.3076,1.2898,1.3029,1601883
2024-06-04T14:00:00Z,1.3032,1.3158,1.2997,1.3093,2453514
2024-06-04T15:00:00Z,1.3093,1.3254,1.3080,1.3226,2130340
2024-06-04T16:00:00Z,1.3225,1.3265,1.3159,1.3249,1179152
2024-06-04T17:00:00Z,1.3250,1.3268,1.3177,1.3225,708495
2024-06-04T18:00:00Z,1.3228,1.3339,1.3225,1.3286,1296376
2024-06-04T19:00:00Z,1.3288,1.3312,1.3176,1.3300,828341
2024-06-04T20:00:00Z,1.3300,1.3302,1.3195,1.3234,782452
2024-06-04T21:00:00Z,1.3235,1.3240,1.3163,1.3192,688547
2024-06-04T22:00:00Z,1.3193,1.3205,1.3126,1.3143,528729
2024-06-04T23:00:00Z,1.3144,1.3223,1.3114,1.3199,680801
2024-06-05T00:00:00Z,1.3199,1.3309,1.3198,1.3259,641797
2024-06-05T01:00:00Z,1.3258,1.3358,1.3188,1.3326,1147269
2024-06-05T02:00:00Z,1.3328,1.3342,1.3209,1.3230,790903
2024-06-05T03:00:00Z,1.3228,1.3313,1.3176,1.3306,745967
2024-06-05T04:00:00Z,1.3304,1.3351,1.3225,1.3269,956868
2024-06-05T05:00:00Z,1.3269,1.3312,1.3153,1.3303,950078
2024-06-05T06:00:00Z,1.3304,1.3475,1.3283,1.3417,1474246
2024-06-05T07:00:00Z,1.3417,1.3433,1.3295,1.3304,1174716
2024-06-05T08:00:00Z,1.3304,1.3351,1.3230,1.3253,1092972
2024-06-05T09:00:00Z,1.3254,1.3272,1.3180,1.3228,1009669
2024-06-05T10:00:00Z,1.3228,1.3304,1.3171,1.3259,694348
2024-06-05T11:00:00Z,1.3258,1.3311,1.3233,1.3303,402795
2024-06-05T12:00:00Z,1.3304,1.3324,1.3162,1.3321,1248426
2024-06-05T13:00:00Z,1.3321,1.3321,1.3190,1.3251,903238
2024-06-05T14:00:00Z,1.3251,1.3387,1.3185,1.3368,1221777
2024-06-05T15:00:00Z,1.3369,1.3406,1.3308,1.3389,919522
2024-06-05T16:00:00Z,1.3390,1.3444,1.3295,1.3317,1017931
2024-06-05T17:00:00Z,1.3317,1.3394,1.3302,1.3385,763761
2024-06-05T18:00:00Z,1.3387,1.3432,1.3321,1.3342,1132244
2024-06-05T19:00:00Z,1.3342,1.3484,1.3315,1.3479,1003110
2024-06-05T20:00:00Z,1.3480,1.3529,1.3448,1.3495,956147
2024-06-05T21:00:00Z,1.3494,1.3509,1.3459,1.3474,508985
2024-06-05T22:00:00Z,1.3474,1.3499,1.3390,1.3412,633781
2024-06-05T23:00:00Z,1.3413,1.3680,1.3408,1.3627,1565642
2024-06-06T00:00:00Z,1.3627,1.3646,1.3516,1.3554,939002
2024-06-06T01:00:00Z,1.3554,1.3657,1.3500,1.3601,902168
2024-06-06T02:00:00Z,1.3600,1.3662,1.3555,1.3598,953907
2024-06-06T03:00:00Z,1.3598,1.3600,1.3491,1.3513,561754
2024-06-06T04:00:00Z,1.3514,1.3613,1.3502,1.3603,625788
2024-06-06T05:00:00Z,1.3602,1.3640,1.3498,1.3549,987977
2024-06-06T06:00:00Z,1.3549,1.3549,1.3316,1.3360,1829702
2024-06-06T07:00:00Z,1.3359,1.3376,1.3221,1.3372,2108005
2024-06-06T08:00:00Z,1.3372,1.3373,1.3191,1.3272,1544036
2024-06-06T09:00:00Z,1.3273,1.3348,1.3270,1.3337,813394
2024-06-06T10:00:00Z,1.3335,1.3415,1.3274,1.3393,748649
2024-06-06T11:00:00Z,1.3389,1.3430,1.3325,1.3415,662672
2024-06-06T12:00:00Z,1.3414,1.3430,1.3280,1.3334,1037386
2024-06-06T13:00:00Z,1.3333,1.3500,1.3258,1.3413,1410111
2024-06-06T14:00:00Z,1.3415,1.3434,1.3355,1.3408,849289
2024-06-06T15:00:00Z,1.3408,1.3464,1.3343,1.3364,855339
2024-06-06T16:00:00Z,1.3363,1.3400,1.3217,1.3280,1431933
2024-06-06T17:00:00Z,1.3279,1.3373,1.3261,1.3353,684307
2024-06-06T18:00:00Z,1.3353,1.3394,1.3296,1.3321,893716
2024-06-06T19:00:00Z,1.3322,1.3333,1.3151,1.3191,1718196
2024-06-06T20:00:00Z,1.3193,1.3274,1.3024,1.3265,1821398
2024-06-06T21:00:00Z,1.3267,1.3271,1.3200,1.3232,475896
2024-06-06T22:00:00Z,1.3231,1.3313,1.3197,1.3301,691047
2024-06-06T23:00:00Z,1.3302,1.3325,1.3254,1.3294,499822
2024-06-07T00:00:00Z,1.3295,1.3316,1.3223,1.3256,584016
2024-06-07T01:00:00Z,1.3257,1.3274,1.3185,1.3216,588169
2024-06-07T02:00:00Z,1.3217,1.3247,1.3126,1.3160,543382
2024-06-07T03:00:00Z,1.3160,1.3171,1.3106,1.3152,451793
2024-06-07T04:00:00Z,1.3152,1.3252,1.3143,1.3233,564076
2024-06-07T05:00:00Z,1.3233,1.3283,1.3210,1.3228,749590
2024-06-07T06:00:00Z,1.3228,1.3243,1.3149,1.3212,1118468
2024-06-07T07:00:00Z,1.3211,1.3243,1.3175,1.3224,734422
2024-06-07T08:00:00Z,1.3224,1.3231,1.3163,1.3181,598219
2024-06-07T09:00:00Z,1.3182,1.3184,1.3096,1.3136,906766
2024-06-07T10:00:00Z,1.3136,1.3172,1.3070,1.3159,1019977
2024-06-07T11:00:00Z,1.3157,1.3245,1.3141,1.3233,1153220
2024-06-07T12:00:00Z,1.3231,1.3255,1.2888,1.3057,4071953
2024-06-07T13:00:00Z,1.3059,1.3215,1.3020,1.3165,1703634
2024-06-07T14:00:00Z,1.3163,1.3341,1.3158,1.3314,1771346
2024-06-07T15:00:00Z,1.3313,1.3355,1.3235,1.3276,1858503
2024-06-07T16:00:00Z,1.3276,1.3281,1.3027,1.3068,1906331
2024-06-07T17:00:00Z,1.3067,1.3070,1.2760,1.2765,3300337
2024-06-07T18:00:00Z,1.2763,1.2805,1.0945,1.1781,21529929
2024-06-07T19:00:00Z,1.1781,1.1946,1.1616,1.1844,3673524
2024-06-07T20:00:00Z,1.1843,1.1986,1.1758,1.1944,1702350
2024-06-07T21:00:00Z,1.1945,1.1976,1.1876,1.1940,1610350
2024-06-07T22:00:00Z,1.1941,1.1996,1.1915,1.1953,930108
2024-06-07T23:00:00Z,1.1953,1.1985,1.1897,1.1943,627695
2024-06-08T00:00:00Z,1.1943,1.1943,1.1828,1.1907,1201626
2024-06-08T01:00:00Z,1.1907,1.1969,1.1847,1.1957,906646
2024-06-08T02:00:00Z,1.1956,1.1959,1.1842,1.1890,733392
2024-06-08T03:00:00Z,1.1889,1.1938,1.1847,1.1863,819720
2024-06-08T04:00:00Z,1.1863,1.1863,1.1748,1.1766,1474469
2024-06-08T05:00:00Z,1.1766,1.1800,1.1712,1.1750,903774
2024-06-08T06:00:00Z,1.1750,1.1783,1.1684,1.1749,1117751
2024-06-08T07:00:00Z,1.1749,1.1812,1.1728,1.1803,793002
2024-06-08T08:00:00Z,1.1803,1.1806,1.1688,1.1696,1470809
2024-06-08T09:00:00Z,1.1696,1.1746,1.1664,1.1703,1083414
2024-06-08T10:00:00Z,1.1703,1.1711,1.1613,1.1677,1279028
2024-06-08T11:00:00Z,1.1678,1.1706,1.1440,1.1499,2963329
2024-06-08T12:00:00Z,1.1499,1.1558,1.1385,1.1470,2655576
2024-06-08T13:00:00Z,1.1471,1.1507,1.1284,1.1504,3305195
2024-06-08T14:00:00Z,1.1505,1.1506,1.1361,1.1484,1413052
2024-06-08T15:00:00Z,1.1485,1.1507,1.1395,1.1405,1000617
2024-06-08T16:00:00Z,1.1405,1.1438,1.1321,1.1392,1510301
2024-06-08T17:00:00Z,1.1393,1.1448,1.1233,1.1371,2039209
2024-06-08T18:00:00Z,1.1371,1.1467,1.1332,1.1360,1102129
2024-06-08T19:00:00Z,1.1360,1.1404,1.1262,1.1276,1106368
2024-06-08T20:00:00Z,1.1276,1.1295,1.1200,1.1264,1516300
2024-06-08T21:00:00Z,1.1264,1.1295,1.1210,1.1242,766222
2024-06-08T22:00:00Z,1.1242,1.1280,1.1124,1.1212,1532206
2024-06-08T23:00:00Z,1.1213,1.1225,1.1158,1.1205,874870
2024-06-09T00:00:00Z,1.1205,1.1219,1.1134,1.1176,1159508
2024-06-09T01:00:00Z,1.1175,1.1220,1.1158,1.1182,779965
2024-06-09T02:00:00Z,1.1181,1.1182,1.1002,1.1041,1821464
2024-06-09T03:00:00Z,1.1040,1.1098,1.1008,1.1074,899854
2024-06-09T04:00:00Z,1.1075,1.1179,1.1068,1.1142,830920
2024-06-09T05:00:00Z,1.1142,1.1232,1.1047,1.1219,1087025
2024-06-09T06:00:00Z,1.1218,1.1300,1.1215,1.1246,1058506
2024-06-09T07:00:00Z,1.1246,1.1277,1.1214,1.1233,675914
2024-06-09T08:00:00Z,1.1234,1.1337,1.1200,1.1327,977127
2024-06-09T09:00:00Z,1.1327,1.1403,1.1314,1.1361,779619
2024-06-09T10:00:00Z,1.1361,1.1411,1.1334,1.1389,562725
2024-06-09T11:00:00Z,1.1390,1.1449,1.1381,1.1416,1080127
2024-06-09T12:00:00Z,1.1416,1.1524,1.1389,1.1490,1535588
2024-06-09T13:00:00Z,1.1490,1.1514,1.1338,1.1355,1614689
2024-06-09T14:00:00Z,1.1356,1.1476,1.1352,1.1454,973788
2024-06-09T15:00:00Z,1.1454,1.1536,1.1450,1.1508,960031
2024-06-09T16:00:00Z,1.1508,1.1589,1.1476,1.1497,1213278
2024-06-09T17:00:00Z,1.1497,1.1547,1.1483,1.1519,692316
2024-06-09T18:00:00Z,1.1519,1.1623,1.1510,1.1603,638084
2024-06-09T19:00:00Z,1.1602,1.1683,1.1589,1.1634,868482
2024-06-09T20:00:00Z,1.1634,1.1682,1.1580,1.1607,717375
2024-06-09T21:00:00Z,1.1607,1.1620,1.1541,1.1598,684271
2024-06-09T22:00:00Z,1.1598,1.1626,1.1537,1.1551,529460
2024-06-09T23:00:00Z,1.1551,1.1563,1.1501,1.1542,569875
2024-06-10T00:00:00Z,1.1542,1.1543,1.1437,1.1487,840668
2024-06-10T01:00:00Z,1.1486,1.1564,1.1434,1.1484,762644
2024-06-10T02:00:00Z,1.1484,1.1548,1.1454,1.1476,582151
2024-06-10T03:00:00Z,1.1476,1.1496,1.1379,1.1430,810973
2024-06-10T04:00:00Z,1.1429,1.1475,1.1365,1.1427,783923
2024-06-10T05:00:00Z,1.1428,1.1439,1.1281,1.1327,1462266
2024-06-10T06:00:00Z,1.1329,1.1347,1.1236,1.1264,1169199
2024-06-10T07:00:00Z,1.1265,1.1289,1.1086,1.1115,2132395
2024-06-10T08:00:00Z,1.1114,1.1328,1.1113,1.1312,1750174
2024-06-10T09:00:00Z,1.1308,1.1456,1.1298,1.1444,1762842
2024-06-10T10:00:00Z,1.1446,1.1487,1.1403,1.1442,725143
2024-06-10T11:00:00Z,1.1443,1.1520,1.1393,1.1449,995693
2024-06-10T12:00:00Z,1.1450,1.1456,1.1378,1.1387,784188
2024-06-10T13:00:00Z,1.1387,1.1407,1.1277,1.1340,1634380
2024-06-10T14:00:00Z,1.1339,1.1490,1.1302,1.1469,1265090
2024-06-10T15:00:00Z,1.1470,1.1639,1.1458,1.1584,2439446
2024-06-10T16:00:00Z,1.1585,1.1599,1.1466,1.1498,1741446
2024-06-10T17:00:00Z,1.1498,1.1505,1.1412,1.1467,680333
2024-06-10T18:00:00Z,1.1466,1.1491,1.1338,1.1447,2897708
2024-06-10T19:00:00Z,1.1447,1.1463,1.1366,1.1387,1848893
2024-06-10T20:00:00Z,1.1386,1.1430,1.1266,1.1383,1950318
2024-06-10T21:00:00Z,1.1383,1.1438,1.1342,1.1410,1061716
2024-06-10T22:00:00Z,1.1410,1.1410,1.1305,1.1344,649456
2024-06-10T23:00:00Z,1.1344,1.1362,1.1270,1.1305,994223
2024-06-11T00:00:00Z,1.1305,1.1364,1.1285,1.1334,827154
2024-06-11T01:00:00Z,1.1336,1.1414,1.0697,1.1023,4553226
2024-06-11T02:00:00Z,1.1021,1.1124,1.0885,1.1080,3699920
2024-06-11T03:00:00Z,1.1080,1.1158,1.1038,1.1099,1624347
2024-06-11T04:00:00Z,1.1099,1.1125,1.0887,1.1009,2465982
2024-06-11T05:00:00Z,1.1008,1.1030,1.0934,1.1024,1362595
2024-06-11T06:00:00Z,1.1023,1.1051,1.0811,1.0906,1924617
2024-06-11T07:00:00Z,1.0905,1.1011,1.0875,1.0972,1248812
2024-06-11T08:00:00Z,1.0970,1.1074,1.0968,1.1020,1611435
2024-06-11T09:00:00Z,1.1020,1.1074,1.0965,1.1024,1269825
2024-06-11T10:00:00Z,1.1022,1.1179,1.0987,1.1120,1625217
2024-06-11T11:00:00Z,1.1119,1.1138,1.1031,1.1040,953715
2024-06-11T12:00:00Z,1.1040,1.1061,1.0900,1.0918,1844345
2024-06-11T13:00:00Z,1.0914,1.0975,1.0742,1.0824,3800707
2024-06-11T14:00:00Z,1.0821,1.0973,1.0786,1.0942,2039827
2024-06-11T15:00:00Z,1.0945,1.0996,1.0336,1.0757,7562640
2024-06-11T16:00:00Z,1.0754,1.0924,1.0688,1.0721,2914062
2024-06-11T17:00:00Z,1.0722,1.0857,1.0569,1.0787,2669691
2024-06-11T18:00:00Z,1.0787,1.0939,1.0779,1.0904,1593059
2024-06-11T19:00:00Z,1.0906,1.0943,1.0854,1.0898,1123683
2024-06-11T20:00:00Z,1.0898,1.0911,1.0836,1.0885,731773
2024-06-11T21:00:00Z,1.0885,1.0943,1.0852,1.0934,505489
2024-06-11T22:00:00Z,1.0935,1.0946,1.0817,1.0823,608221
2024-06-11T23:00:00Z,1.0824,1.0854,1.0753,1.0786,665881
2024-06-12T00:00:00Z,1.0786,1.0842,1.0721,1.0754,877630
2024-06-12T01:00:00Z,1.0754,1.0778,1.0548,1.0696,1980388
2024-06-12T02:00:00Z,1.0696,1.0871,1.0672,1.0816,1292834
2024-06-12T03:00:00Z,1.0814,1.0944,1.0812,1.0927,721178
2024-06-12T04:00:00Z,1.0928,1.0959,1.0890,1.0925,921323
2024-06-12T05:00:00Z,1.0925,1.0928,1.0829,1.0833,617774
2024-06-12T06:00:00Z,1.0835,1.0875,1.0814,1.0824,600848
2024-06-12T07:00:00Z,1.0822,1.0925,1.0822,1.0918,771162
2024-06-12T08:00:00Z,1.0917,1.0967,1.0873,1.0895,938363
2024-06-12T09:00:00Z,1.0896,1.0970,1.0864,1.0960,644293
2024-06-12T10:00:00Z,1.0960,1.1040,1.0957,1.1009,1491402
2024-06-12T11:00:00Z,1.1007,1.1017,1.0913,1.0920,843582
2024-06-12T12:00:00Z,1.0921,1.1310,1.0898,1.1309,4188031
2024-06-12T13:00:00Z,1.1310,1.1393,1.1211,1.1228,2027869
2024-06-12T14:00:00Z,1.1230,1.1375,1.1230,1.1364,1551588
2024-06-12T15:00:00Z,1.1364,1.1401,1.1275,1.1325,968518
2024-06-12T16:00:00Z,1.1325,1.1388,1.1254,1.1337,979960
2024-06-12T17:00:00Z,1.1337,1.1426,1.1269,1.1408,2037793
2024-06-12T18:00:00Z,1.1407,1.1409,1.1000,1.1144,4949430
2024-06-12T19:00:00Z,1.1143,1.1363,1.0943,1.1026,4087159
2024-06-12T20:00:00Z,1.1025,1.1211,1.0970,1.1182,1537631
2024-06-12T21:00:00Z,1.1182,1.1232,1.1175,1.1214,643785
2024-06-12T22:00:00Z,1.1216,1.1229,1.1143,1.1224,674985
2024-06-12T23:00:00Z,1.1224,1.1224,1.1153,1.1184,342163
2024-06-13T00:00:00Z,1.1183,1.1240,1.1102,1.1210,1059592
2024-06-13T01:00:00Z,1.1209,1.1237,1.1107,1.1120,511437
2024-06-13T02:00:00Z,1.1123,1.1146,1.0911,1.0928,1683015
2024-06-13T03:00:00Z,1.0928,1.0933,1.0740,1.0918,2950729
2024-06-13T04:00:00Z,1.0917,1.1007,1.0905,1.0946,824121
2024-06-13T05:00:00Z,1.0946,1.0975,1.0868,1.0883,652784
2024-06-13T06:00:00Z,1.0883,1.0915,1.0792,1.0818,886890
2024-06-13T07:00:00Z,1.0818,1.0898,1.0780,1.0855,1183334
2024-06-13T08:00:00Z,1.0855,1.0875,1.0821,1.0860,596180
2024-06-13T09:00:00Z,1.0860,1.0876,1.0765,1.0837,739980
2024-06-13T10:00:00Z,1.0836,1.0934,1.0799,1.0906,768737
2024-06-13T11:00:00Z,1.0905,1.0918,1.0790,1.0816,781530
2024-06-13T12:00:00Z,1.0816,1.0979,1.0764,1.0828,1945191
2024-06-13T13:00:00Z,1.0828,1.0936,1.0768,1.0851,1025312
2024-06-13T14:00:00Z,1.0853,1.0904,1.0721,1.0841,1635565
2024-06-13T15:00:00Z,1.0839,1.0870,1.0558,1.0600,3078710
2024-06-13T16:00:00Z,1.0598,1.0737,1.0521,1.0737,2201099
2024-06-13T17:00:00Z,1.0738,1.0815,1.0722,1.0796,1066049
2024-06-13T18:00:00Z,1.0795,1.0821,1.0749,1.0777,575648
2024-06-13T19:00:00Z,1.0776,1.0834,1.0749,1.0793,563938
2024-06-13T20:00:00Z,1.0793,1.0829,1.0713,1.0737,832922
2024-06-13T21:00:00Z,1.0736,1.0747,1.0626,1.0747,748956
2024-06-13T22:00:00Z,1.0747,1.0795,1.0707,1.0769,752538
2024-06-13T23:00:00Z,1.0766,1.0766,1.0629,1.0714,707997
2024-06-14T00:00:00Z,1.0714,1.0764,1.0561,1.0624,1620557
2024-06-14T01:00:00Z,1.0623,1.0735,1.0529,1.0722,1701983
2024-06-14T02:00:00Z,1.0723,1.0853,1.0697,1.0833,982127
2024-06-14T03:00:00Z,1.0835,1.0858,1.0714,1.0735,887650
2024-06-14T04:00:00Z,1.0736,1.0777,1.0717,1.0746,485419
2024-06-14T05:00:00Z,1.0747,1.0900,1.0746,1.0870,1065883
2024-06-14T06:00:00Z,1.0871,1.0928,1.0822,1.0862,777227
2024-06-14T07:00:00Z,1.0861,1.0881,1.0817,1.0831,464427
2024-06-14T08:00:00Z,1.0832,1.0918,1.0810,1.0879,621557
2024-06-14T09:00:00Z,1.0878,1.0879,1.0768,1.0778,907405
2024-06-14T10:00:00Z,1.0780,1.0814,1.0742,1.0780,726554
2024-06-14T11:00:00Z,1.0779,1.0820,1.0729,1.0772,716376
2024-06-14T12:00:00Z,1.0772,1.0815,1.0751,1.0769,1128100
2024-06-14T13:00:00Z,1.0768,1.0812,1.0739,1.0757,748524
2024-06-14T14:00:00Z,1.0759,1.0763,1.0472,1.0597,3634975
2024-06-14T15:00:00Z,1.0597,1.0650,1.0438,1.0520,2642588
2024-06-14T16:00:00Z,1.0519,1.0525,1.0000,1.0179,9741058
2024-06-14T17:00:00Z,1.0179,1.0183,1.0009,1.0083,3466540
2024-06-14T18:00:00Z,1.0083,1.0100,0.9890,1.0013,5063575
2024-06-14T19:00:00Z,1.0012,1.0084,0.9961,1.0014,1694839
2024-06-14T20:00:00Z,1.0013,1.0114,1.0002,1.0013,1479215
2024-06-14T21:00:00Z,1.0014,1.0259,1.0003,1.0180,2299497
2024-06-14T22:00:00Z,1.0180,1.0187,1.0073,1.0148,1355084
2024-06-14T23:00:00Z,1.0149,1.0152,1.0089,1.0135,749061
2024-06-15T00:00:00Z,1.0135,1.0188,1.0075,1.0147,983022
2024-06-15T01:00:00Z,1.0148,1.0204,1.0101,1.0118,750942
2024-06-15T02:00:00Z,1.0115,1.0248,1.0111,1.0234,966943
2024-06-15T03:00:00Z,1.0235,1.0370,1.0235,1.0369,869067
2024-06-15T04:00:00Z,1.0369,1.0417,1.0334,1.0369,1151281
2024-06-15T05:00:00Z,1.0369,1.0447,1.0366,1.0383,791541
2024-06-15T06:00:00Z,1.0385,1.0455,1.0385,1.0418,984891
2024-06-15T07:00:00Z,1.0419,1.0488,1.0415,1.0432,1016069
2024-06-15T08:00:00Z,1.0433,1.0490,1.0395,1.0479,1169779
2024-06-15T09:00:00Z,1.0480,1.0543,1.0431,1.0452,1248073
2024-06-15T10:00:00Z,1.0452,1.0547,1.0440,1.0513,1208127
2024-06-15T11:00:00Z,1.0513,1.0553,1.0476,1.0550,783965
2024-06-15T12:00:00Z,1.0550,1.0620,1.0532,1.0603,1430237
2024-06-15T13:00:00Z,1.0603,1.0666,1.0564,1.0652,1590914
2024-06-15T14:00:00Z,1.0652,1.0679,1.0547,1.0567,1363070
2024-06-15T15:00:00Z,1.0568,1.0661,1.0561,1.0577,1002402
2024-06-15T16:00:00Z,1.0577,1.0608,1.0513,1.0524,1033091
2024-06-15T17:00:00Z,1.0525,1.0583,1.0488,1.0553,818947
2024-06-15T18:00:00Z,1.0552,1.0555,1.0477,1.0491,684012
2024-06-15T19:00:00Z,1.0492,1.0534,1.0433,1.0498,1133221
2024-06-15T20:00:00Z,1.0498,1.0522,1.0396,1.0418,1094366
2024-06-15T21:00:00Z,1.0419,1.0448,1.0374,1.0437,1048202
2024-06-15T22:00:00Z,1.0438,1.0462,1.0407,1.0460,467637
2024-06-15T23:00:00Z,1.0460,1.0490,1.0438,1.0462,522512
2024-06-16T00:00:00Z,1.0466,1.0533,1.0436,1.0438,845910
2024-06-16T01:00:00Z,1.0438,1.0481,1.0369,1.0441,836534
2024-06-16T02:00:00Z,1.0440,1.0453,1.0386,1.0388,549195
2024-06-16T03:00:00Z,1.0389,1.0405,1.0336,1.0362,697253
2024-06-16T04:00:00Z,1.0361,1.0411,1.0302,1.0388,762678
2024-06-16T05:00:00Z,1.0387,1.0562,1.0381,1.0515,1356928
2024-06-16T06:00:00Z,1.0515,1.0603,1.0500,1.0569,1143967
2024-06-16T07:00:00Z,1.0572,1.0625,1.0553,1.0603,885094
2024-06-16T08:00:00Z,1.0603,1.0646,1.0555,1.0574,820611
2024-06-16T09:00:00Z,1.0575,1.0595,1.0520,1.0572,802740
2024-06-16T10:00:00Z,1.0573,1.0657,1.0547,1.0651,952900
2024-06-16T11:00:00Z,1.0650,1.0650,1.0571,1.0574,412153
2024-06-16T12:00:00Z,1.0574,1.0597,1.0549,1.0593,788893
2024-06-16T13:00:00Z,1.0594,1.0669,1.0591,1.0669,766600
2024-06-16T14:00:00Z,1.0667,1.0697,1.0599,1.0608,910605
2024-06-16T15:00:00Z,1.0606,1.0707,1.0602,1.0696,718729
2024-06-16T16:00:00Z,1.0696,1.0698,1.0607,1.0625,849814
2024-06-16T17:00:00Z,1.0624,1.0649,1.0579,1.0593,635616
2024-06-16T18:00:00Z,1.0591,1.0630,1.0573,1.0613,547938
2024-06-16T19:00:00Z,1.0613,1.0649,1.0595,1.0638,407140
2024-06-16T20:00:00Z,1.0638,1.0682,1.0626,1.0672,602646
2024-06-16T21:00:00Z,1.0670,1.0670,1.0611,1.0627,557089
2024-06-16T22:00:00Z,1.0627,1.0803,1.0627,1.0760,1639816
2024-06-16T23:00:00Z,1.0761,1.0847,1.0758,1.0844,1021842
2024-06-17T00:00:00Z,1.0841,1.0897,1.0756,1.0769,1332835
2024-06-17T01:00:00Z,1.0768,1.0779,1.0624,1.0654,1299664
2024-06-17T02:00:00Z,1.0654,1.0655,1.0481,1.0569,1716001
2024-06-17T03:00:00Z,1.0569,1.0590,1.0489,1.0523,1091504
2024-06-17T04:00:00Z,1.0525,1.0586,1.0465,1.0583,829668
2024-06-17T05:00:00Z,1.0583,1.0630,1.0465,1.0499,874010
2024-06-17T06:00:00Z,1.0502,1.0508,1.0378,1.0406,1247930
2024-06-17T07:00:00Z,1.0407,1.0483,1.0296,1.0403,1729903
2024-06-17T08:00:00Z,1.0403,1.0413,1.0244,1.0312,1820343
2024-06-17T09:00:00Z,1.0312,1.0409,1.0209,1.0226,1810384
2024-06-17T10:00:00Z,1.0229,1.0314,1.0081,1.0293,2639262
2024-06-17T11:00:00Z,1.0293,1.0373,1.0265,1.0277,1141424
2024-06-17T12:00:00Z,1.0277,1.0298,1.0219,1.0233,1136523
2024-06-17T13:00:00Z,1.0233,1.0284,1.0079,1.0127,1979641
2024-06-17T14:00:00Z,1.0128,1.0338,1.0128,1.0288,1491461
2024-06-17T15:00:00Z,1.0288,1.0340,1.0178,1.0214,1762346
2024-06-17T16:00:00Z,1.0213,1.0366,0.9885,1.0316,5446675
2024-06-17T17:00:00Z,1.0316,1.0453,1.0314,1.0404,1673176
2024-06-17T18:00:00Z,1.0404,1.0560,1.0393,1.0556,1782450
2024-06-17T19:00:00Z,1.0554,1.0572,1.0440,1.0454,900002
2024-06-17T20:00:00Z,1.0456,1.0461,1.0187,1.0222,2444673
2024-06-17T21:00:00Z,1.0225,1.0326,1.0145,1.0275,1165305
2024-06-17T22:00:00Z,1.0276,1.0312,1.0210,1.0263,817323
2024-06-17T23:00:00Z,1.0264,1.0283,1.0125,1.0146,972099
2024-06-18T00:00:00Z,1.0146,1.0193,0.9906,1.0058,3627612
2024-06-18T01:00:00Z,1.0057,1.0122,0.8669,0.9214,14940281
2024-06-18T02:00:00Z,0.9211,0.9330,0.9054,0.9268,4902876
2024-06-18T03:00:00Z,0.9269,0.9335,0.9182,0.9329,2217768
2024-06-18T04:00:00Z,0.9327,0.9334,0.9224,0.9278,2161198
2024-06-18T05:00:00Z,0.9279,0.9397,0.9156,0.9168,2075804
2024-06-18T06:00:00Z,0.9167,0.9266,0.9161,0.9223,1677023
2024-06-18T07:00:00Z,0.9223,0.9304,0.9202,0.9235,1583501
2024-06-18T08:00:00Z,0.9234,0.9312,0.9200,0.9272,1322568
2024-06-18T09:00:00Z,0.9272,0.9276,0.9191,0.9204,1115988
2024-06-18T10:00:00Z,0.9204,0.9228,0.9124,0.9145,1866283
2024-06-18T11:00:00Z,0.9145,0.9159,0.8936,0.9025,4610471
2024-06-18T12:00:00Z,0.9025,0.9060,0.8832,0.8976,4273419
2024-06-18T13:00:00Z,0.8978,0.9004,0.8808,0.8881,3613218
2024-06-18T14:00:00Z,0.8882,0.9123,0.8755,0.8958,4640069
2024-06-18T15:00:00Z,0.8956,0.9031,0.8879,0.8971,2492050
2024-06-18T16:00:00Z,0.8973,0.8988,0.8838,0.8967,2624181
2024-06-18T17:00:00Z,0.8968,0.9013,0.8850,0.8863,2473579
2024-06-18T18:00:00Z,0.8863,0.8933,0.8724,0.8759,3767584
2024-06-18T19:00:00Z,0.8758,0.8818,0.8663,0.8808,3753694
2024-06-18T20:00:00Z,0.8807,0.8928,0.8710,0.8900,3514555
2024-06-18T21:00:00Z,0.8899,0.9071,0.8889,0.9060,2668519
2024-06-18T22:00:00Z,0.9060,0.9168,0.9010,0.9151,1457581
2024-06-18T23:00:00Z,0.9151,0.9193,0.9096,0.9140,943252
2024-06-19T00:00:00Z,0.9139,0.9161,0.8990,0.9132,1726046
2024-06-19T01:00:00Z,0.9133,0.9333,0.9124,0.9243,2896485
2024-06-19T02:00:00Z,0.9244,0.9415,0.9233,0.9332,1558483
2024-06-19T03:00:00Z,0.9329,0.9426,0.9272,0.9340,1927170
2024-06-19T04:00:00Z,0.9340,0.9425,0.9311,0.9334,1013270
2024-06-19T05:00:00Z,0.9334,0.9348,0.9240,0.9267,1332621
2024-06-19T06:00:00Z,0.9268,0.9333,0.9255,0.9333,1299845
2024-06-19T07:00:00Z,0.9333,0.9360,0.9246,0.9303,1056349
2024-06-19T08:00:00Z,0.9304,0.9345,0.9168,0.9191,3093388
2024-06-19T09:00:00Z,0.9190,0.9231,0.9162,0.9211,1354739
2024-06-19T10:00:00Z,0.9212,0.9322,0.9196,0.9318,1103689
2024-06-19T11:00:00Z,0.9319,0.9329,0.9157,0.9230,1522797
2024-06-19T12:00:00Z,0.9228,0.9350,0.9219,0.9323,1074470
2024-06-19T13:00:00Z,0.9322,0.9346,0.9271,0.9272,981942
2024-06-19T14:00:00Z,0.9272,0.9272,0.9062,0.9092,2277702
2024-06-19T15:00:00Z,0.9090,0.9160,0.9034,0.9104,1354277
2024-06-19T16:00:00Z,0.9102,0.9257,0.9074,0.9184,1676562
2024-06-19T17:00:00Z,0.9183,0.9358,0.9171,0.9229,2165189
2024-06-19T18:00:00Z,0.9229,0.9296,0.9198,0.9247,1080425
2024-06-19T19:00:00Z,0.9250,0.9304,0.9220,0.9260,1077527
2024-06-19T20:00:00Z,0.9263,0.9309,0.9221,0.9290,812593
2024-06-19T21:00:00Z,0.9290,0.9354,0.9262,0.9280,1125881
2024-06-19T22:00:00Z,0.9284,0.9304,0.9204,0.9212,1136524
2024-06-19T23:00:00Z,0.9213,0.9228,0.9109,0.9155,1465426
2024-06-20T00:00:00Z,0.9155,0.9257,0.9074,0.9217,1961337
2024-06-20T01:00:00Z,0.9218,0.9447,0.9188,0.9312,2000224
2024-06-20T02:00:00Z,0.9310,0.9318,0.9200,0.9244,1048177
2024-06-20T03:00:00Z,0.9249,0.9261,0.9185,0.9230,905069
2024-06-20T04:00:00Z,0.9229,0.9294,0.9155,0.9281,841921
2024-06-20T05:00:00Z,0.9282,0.9373,0.9250,0.9366,1968148
2024-06-20T06:00:00Z,0.9364,0.9457,0.9350,0.9421,1409952
2024-06-20T07:00:00Z,0.9420,0.9568,0.9420,0.9541,1846833
2024-06-20T08:00:00Z,0.9543,0.9553,0.9440,0.9493,1143026
2024-06-20T09:00:00Z,0.9493,0.9547,0.9480,0.9486,1086231
2024-06-20T10:00:00Z,0.9486,0.9585,0.9442,0.9567,1288886
2024-06-20T11:00:00Z,0.9566,0.9709,0.9548,0.9569,2489468
2024-06-20T12:00:00Z,0.9570,0.9629,0.9452,0.9467,2471177
2024-06-20T13:00:00Z,0.9466,0.9479,0.9279,0.9301,4716313
2024-06-20T14:00:00Z,0.9299,0.9325,0.9108,0.9232,3780689
2024-06-20T15:00:00Z,0.9233,0.9282,0.9154,0.9166,2307306
2024-06-20T16:00:00Z,0.9164,0.9239,0.9022,0.9200,3053190
2024-06-20T17:00:00Z,0.9200,0.9250,0.9135,0.9225,1090739
2024-06-20T18:00:00Z,0.9224,0.9271,0.9187,0.9226,1719927
2024-06-20T19:00:00Z,0.9225,0.9254,0.9154,0.9244,1666256
2024-06-20T20:00:00Z,0.9242,0.9265,0.9174,0.9222,1501945
2024-06-20T21:00:00Z,0.9221,0.9252,0.9200,0.9212,466378
2024-06-20T22:00:00Z,0.9212,0.9237,0.9168,0.9203,1021293
2024-06-20T23:00:00Z,0.9203,0.9214,0.9105,0.9147,927536
2024-06-21T00:00:00Z,0.9146,0.9167,0.9032,0.9063,2222495
2024-06-21T01:00:00Z,0.9065,0.9322,0.9042,0.9296,1609094
2024-06-21T02:00:00Z,0.9295,0.9355,0.9185,0.9199,1345819
2024-06-21T03:00:00Z,0.9198,0.9222,0.9127,0.9192,924659
2024-06-21T04:00:00Z,0.9192,0.9275,0.9144,0.9261,925661
2024-06-21T05:00:00Z,0.9262,0.9280,0.9186,0.9230,1399662
2024-06-21T06:00:00Z,0.9230,0.9239,0.9143,0.9215,929824
2024-06-21T07:00:00Z,0.9216,0.9253,0.9059,0.9115,1631226
2024-06-21T08:00:00Z,0.9114,0.9173,0.8976,0.9017,2578605
2024-06-21T09:00:00Z,0.9014,0.9304,0.8997,0.9292,2998193
2024-06-21T10:00:00Z,0.9291,0.9342,0.9261,0.9281,1782470
2024-06-21T11:00:00Z,0.9282,0.9386,0.9282,0.9361,1399342
2024-06-21T12:00:00Z,0.9360,0.9400,0.9232,0.9269,1962137
2024-06-21T13:00:00Z,0.9268,0.9279,0.9088,0.9159,2570392
2024-06-21T14:00:00Z,0.9158,0.9437,0.9125,0.9394,3521921
2024-06-21T15:00:00Z,0.9395,0.9429,0.9220,0.9313,2425155
2024-06-21T16:00:00Z,0.9316,0.9364,0.9267,0.9285,1546144
2024-06-21T17:00:00Z,0.9285,0.9326,0.9140,0.9173,1927984
2024-06-21T18:00:00Z,0.9172,0.9308,0.9093,0.9299,2336370
2024-06-21T19:00:00Z,0.9299,0.9331,0.9261,0.9303,1844197
2024-06-21T20:00:00Z,0.9300,0.9384,0.9286,0.9323,1486369
2024-06-21T21:00:00Z,0.9321,0.9350,0.9249,0.9344,962291
2024-06-21T22:00:00Z,0.9344,0.9406,0.9320,0.9381,1233201
2024-06-21T23:00:00Z,0.9382,0.9434,0.9375,0.9416,999769
2024-06-22T00:00:00Z,0.9416,0.9435,0.9258,0.9295,1743891
2024-06-22T01:00:00Z,0.9296,0.9340,0.9270,0.9318,841117
2024-06-22T02:00:00Z,0.9318,0.9429,0.9318,0.9368,837732
2024-06-22T03:00:00Z,0.9366,0.9429,0.9328,0.9372,1424572
2024-06-22T04:00:00Z,0.9372,0.9423,0.9355,0.9408,856753
2024-06-22T05:00:00Z,0.9410,0.9425,0.9362,0.9388,885633
2024-06-22T06:00:00Z,0.9391,0.9416,0.9344,0.9378,817993
2024-06-22T07:00:00Z,0.9377,0.9381,0.9285,0.9305,945616
2024-06-22T08:00:00Z,0.9305,0.9314,0.9221,0.9232,1209714
2024-06-22T09:00:00Z,0.9231,0.9259,0.9200,0.9243,669738
2024-06-22T10:00:00Z,0.9242,0.9251,0.9181,0.9236,880543
2024-06-22T11:00:00Z,0.9236,0.9283,0.9208,0.9276,677853
2024-06-22T12:00:00Z,0.9275,0.9302,0.9243,0.9250,737776
2024-06-22T13:00:00Z,0.9249,0.9326,0.9236,0.9285,877799
2024-06-22T14:00:00Z,0.9284,0.9333,0.9264,0.9299,1019708
2024-06-22T15:00:00Z,0.9301,0.9306,0.9251,0.9275,794249
2024-06-22T16:00:00Z,0.9276,0.9318,0.9241,0.9302,846903
2024-06-22T17:00:00Z,0.9303,0.9391,0.9276,0.9286,1058943
2024-06-22T18:00:00Z,0.9283,0.9327,0.9277,0.9311,666837
2024-06-22T19:00:00Z,0.9312,0.9313,0.9265,0.9300,703362
2024-06-22T20:00:00Z,0.9301,0.9302,0.9225,0.9263,676825
2024-06-22T21:00:00Z,0.9261,0.9310,0.9257,0.9292,445876
2024-06-22T22:00:00Z,0.9291,0.9303,0.9239,0.9268,648209
2024-06-22T23:00:00Z,0.9269,0.9285,0.9207,0.9220,640295
2024-06-23T00:00:00Z,0.9221,0.9385,0.9200,0.9334,1378823
2024-06-23T01:00:00Z,0.9335,0.9388,0.9324,0.9353,1085631
2024-06-23T02:00:00Z,0.9353,0.9384,0.9330,0.9380,642100
2024-06-23T03:00:00Z,0.9381,0.9411,0.9340,0.9401,641686
2024-06-23T04:00:00Z,0.9401,0.9420,0.9362,0.9406,463430
2024-06-23T05:00:00Z,0.9407,0.9468,0.9378,0.9433,1102490
2024-06-23T06:00:00Z,0.9432,0.9434,0.9374,0.9380,509709
2024-06-23T07:00:00Z,0.9380,0.9426,0.9376,0.9424,546683
2024-06-23T08:00:00Z,0.9422,0.9468,0.9397,0.9444,915916
2024-06-23T09:00:00Z,0.9446,0.9488,0.9407,0.9447,790692
2024-06-23T10:00:00Z,0.9449,0.9462,0.9401,0.9420,856050
2024-06-23T11:00:00Z,0.9420,0.9461,0.9382,0.9450,1303820
2024-06-23T12:00:00Z,0.9454,0.9454,0.9405,0.9425,668977
2024-06-23T13:00:00Z,0.9426,0.9455,0.9386,0.9408,1216186
2024-06-23T14:00:00Z,0.9408,0.9427,0.9321,0.9376,1593919
2024-06-23T15:00:00Z,0.9376,0.9434,0.9292,0.9351,1758883
2024-06-23T16:00:00Z,0.9352,0.9360,0.9038,0.9080,4388138
2024-06-23T17:00:00Z,0.9081,0.9192,0.9070,0.9147,1631231
2024-06-23T18:00:00Z,0.9146,0.9178,0.9120,0.9155,1156565
2024-06-23T19:00:00Z,0.9157,0.9186,0.9136,0.9174,648993
2024-06-23T20:00:00Z,0.9175,0.9177,0.8881,0.9080,3497629
2024-06-23T21:00:00Z,0.9083,0.9180,0.9082,0.9167,1125632
2024-06-23T22:00:00Z,0.9167,0.9168,0.9011,0.9066,1345180
2024-06-23T23:00:00Z,0.9067,0.9071,0.8988,0.9026,1079844
2024-06-24T00:00:00Z,0.9026,0.9185,0.9006,0.9113,1491682
2024-06-24T01:00:00Z,0.9111,0.9129,0.8980,0.9038,1633705
2024-06-24T02:00:00Z,0.9036,0.9056,0.8830,0.8921,2568554
2024-06-24T03:00:00Z,0.8921,0.9025,0.8920,0.8961,1321594
2024-06-24T04:00:00Z,0.8960,0.8998,0.8921,0.8973,1306457
2024-06-24T05:00:00Z,0.8973,0.8992,0.8700,0.8782,6007917
2024-06-24T06:00:00Z,0.8783,0.8876,0.8781,0.8873,1690808
2024-06-24T07:00:00Z,0.8875,0.8876,0.8791,0.8804,1948684
2024-06-24T08:00:00Z,0.8805,0.8956,0.8750,0.8918,2329749
2024-06-24T09:00:00Z,0.8919,0.8946,0.8400,0.8904,7969934
2024-06-24T10:00:00Z,0.8903,0.9134,0.8892,0.9083,3294797
2024-06-24T11:00:00Z,0.9083,0.9110,0.8949,0.8998,2239617
2024-06-24T12:00:00Z,0.8997,0.9147,0.8974,0.9121,1974644
2024-06-24T13:00:00Z,0.9122,0.9203,0.9017,0.9182,2762483
2024-06-24T14:00:00Z,0.9182,0.9296,0.9118,0.9181,2511951
2024-06-24T15:00:00Z,0.9182,0.9189,0.8982,0.9022,2478800
2024-06-24T16:00:00Z,0.9021,0.9177,0.9000,0.9151,2332013
2024-06-24T17:00:00Z,0.9151,0.9317,0.9102,0.9167,3717344
2024-06-24T18:00:00Z,0.9170,0.9211,0.9052,0.9192,2233061
2024-06-24T19:00:00Z,0.9191,0.9236,0.9105,0.9166,2123608
2024-06-24T20:00:00Z,0.9165,0.9289,0.9066,0.9212,3331498
2024-06-24T21:00:00Z,0.9210,0.9455,0.9205,0.9396,2881502
2024-06-24T22:00:00Z,0.9397,0.9467,0.9348,0.9411,1426427
2024-06-24T23:00:00Z,0.9412,0.9560,0.9410,0.9536,1434542
2024-06-25T00:00:00Z,0.9536,0.9636,0.9521,0.9559,1911707
2024-06-25T01:00:00Z,0.9559,0.9651,0.9519,0.9615,1230145
2024-06-25T02:00:00Z,0.9617,0.9663,0.9565,0.9608,1151062
2024-06-25T03:00:00Z,0.9609,0.9847,0.9604,0.9796,2414476
2024-06-25T04:00:00Z,0.9795,0.9855,0.9731,0.9764,1835084
2024-06-25T05:00:00Z,0.9764,0.9861,0.9747,0.9774,1503292
2024-06-25T06:00:00Z,0.9774,0.9785,0.9684,0.9703,1134354
2024-06-25T07:00:00Z,0.9703,0.9747,0.9659,0.9696,1064518
2024-06-25T08:00:00Z,0.9697,0.9753,0.9623,0.9640,1489298
2024-06-25T09:00:00Z,0.9640,0.9761,0.9629,0.9738,1248959
2024-06-25T10:00:00Z,0.9739,0.9748,0.9677,0.9716,780625
2024-06-25T11:00:00Z,0.9717,0.9746,0.9637,0.9686,1616351
2024-06-25T12:00:00Z,0.9685,0.9697,0.9626,0.9640,858079
2024-06-25T13:00:00Z,0.9641,0.9748,0.9640,0.9694,1501308
2024-06-25T14:00:00Z,0.9695,0.9822,0.9668,0.9761,2047102
2024-06-25T15:00:00Z,0.9762,0.9796,0.9703,0.9746,1126439
2024-06-25T16:00:00Z,0.9747,0.9764,0.9664,0.9683,1168485
2024-06-25T17:00:00Z,0.9682,0.9740,0.9676,0.9694,841576
2024-06-25T18:00:00Z,0.9694,0.9784,0.9685,0.9759,1060153
2024-06-25T19:00:00Z,0.9759,0.9801,0.9737,0.9744,842305
2024-06-25T20:00:00Z,0.9746,0.9753,0.9715,0.9723,584904
2024-06-25T21:00:00Z,0.9723,0.9792,0.9707,0.9755,1161478
2024-06-25T22:00:00Z,0.9756,0.9809,0.9713,0.9731,875432
2024-06-25T23:00:00Z,0.9732,0.9742,0.9670,0.9701,716240
2024-06-26T00:00:00Z,0.9701,0.9721,0.9639,0.9651,941136
2024-06-26T01:00:00Z,0.9653,0.9797,0.9622,0.9777,1045919
2024-06-26T02:00:00Z,0.9777,0.9845,0.9742,0.9749,1292540
2024-06-26T03:00:00Z,0.9750,0.9780,0.9658,0.9695,1282664
2024-06-26T04:00:00Z,0.9694,0.9711,0.9628,0.9639,1140317
2024-06-26T05:00:00Z,0.9638,0.9692,0.9581,0.9626,1350002
2024-06-26T06:00:00Z,0.9626,0.9644,0.9610,0.9627,919420
2024-06-26T07:00:00Z,0.9628,0.9719,0.9611,0.9691,1102103
2024-06-26T08:00:00Z,0.9691,0.9707,0.9591,0.9603,1076999
2024-06-26T09:00:00Z,0.9603,0.9639,0.9582,0.9617,742918
2024-06-26T10:00:00Z,0.9616,0.9635,0.9540,0.9571,1459332
2024-06-26T11:00:00Z,0.9571,0.9609,0.9548,0.9567,625066
2024-06-26T12:00:00Z,0.9566,0.9591,0.9510,0.9522,820368
2024-06-26T13:00:00Z,0.9522,0.9620,0.9490,0.9616,1287921
2024-06-26T14:00:00Z,0.9616,0.9681,0.9513,0.9599,1850309
2024-06-26T15:00:00Z,0.9600,0.9654,0.9560,0.9643,2048287
2024-06-26T16:00:00Z,0.9645,0.9664,0.9530,0.9559,1097606
2024-06-26T17:00:00Z,0.9558,0.9565,0.9400,0.9562,2115473
2024-06-26T18:00:00Z,0.9564,0.9582,0.9492,0.9540,846740
2024-06-26T19:00:00Z,0.9539,0.9720,0.9509,0.9717,1513091
2024-06-26T20:00:00Z,0.9716,0.9799,0.9656,0.9730,1702028
2024-06-26T21:00:00Z,0.9730,0.9760,0.9682,0.9717,698707
2024-06-26T22:00:00Z,0.9716,0.9759,0.9679,0.9714,657325
2024-06-26T23:00:00Z,0.9715,0.9733,0.9694,0.9709,504245
2024-06-27T00:00:00Z,0.9710,0.9781,0.9681,0.9738,919263
2024-06-27T01:00:00Z,0.9739,0.9748,0.9662,0.9696,769052
2024-06-27T02:00:00Z,0.9695,0.9709,0.9629,0.9649,776816
2024-06-27T03:00:00Z,0.9650,0.9754,0.9631,0.9670,767383
2024-06-27T04:00:00Z,0.9671,0.9680,0.9640,0.9645,582428
2024-06-27T05:00:00Z,0.9646,0.9673,0.9501,0.9511,1634057
2024-06-27T06:00:00Z,0.9512,0.9553,0.9478,0.9532,1542972
2024-06-27T07:00:00Z,0.9532,0.9546,0.9490,0.9500,790442
2024-06-27T08:00:00Z,0.9501,0.9518,0.9465,0.9497,711471
2024-06-27T09:00:00Z,0.9497,0.9660,0.9485,0.9631,1543969
2024-06-27T10:00:00Z,0.9631,0.9674,0.9581,0.9602,1054111
2024-06-27T11:00:00Z,0.9602,0.9710,0.9587,0.9672,1024207
2024-06-27T12:00:00Z,0.9669,0.9847,0.9663,0.9821,2801667
2024-06-27T13:00:00Z,0.9821,0.9939,0.9802,0.9864,3284532
2024-06-27T14:00:00Z,0.9863,0.9974,0.9815,0.9826,1901488
2024-06-27T15:00:00Z,0.9827,0.9874,0.9760,0.9773,1007684
2024-06-27T16:00:00Z,0.9773,0.9809,0.9719,0.9761,1109522
2024-06-27T17:00:00Z,0.9762,0.9833,0.9747,0.9808,947679
2024-06-27T18:00:00Z,0.9808,0.9820,0.9759,0.9792,790730
2024-06-27T19:00:00Z,0.9792,0.9832,0.9733,0.9824,866560
2024-06-27T20:00:00Z,0.9825,0.9833,0.9794,0.9804,583903
2024-06-27T21:00:00Z,0.9804,0.9810,0.9765,0.9784,554747
2024-06-27T22:00:00Z,0.9785,0.9788,0.9744,0.9762,463230
2024-06-27T23:00:00Z,0.9760,0.9772,0.9704,0.9728,547049
2024-06-28T00:00:00Z,0.9727,0.9728,0.9620,0.9627,1143623
2024-06-28T01:00:00Z,0.9626,0.9807,0.9610,0.9785,1113900
2024-06-28T02:00:00Z,0.9788,0.9816,0.9703,0.9705,769129
2024-06-28T03:00:00Z,0.9705,0.9787,0.9701,0.9772,702645
2024-06-28T04:00:00Z,0.9771,0.9771,0.9689,0.9748,748682
2024-06-28T05:00:00Z,0.9748,0.9748,0.9657,0.9663,637350
2024-06-28T06:00:00Z,0.9662,0.9723,0.9645,0.9722,586163
2024-06-28T07:00:00Z,0.9722,0.9746,0.9643,0.9741,1161957
2024-06-28T08:00:00Z,0.9741,0.9775,0.9717,0.9754,875800
2024-06-28T09:00:00Z,0.9753,0.9793,0.9694,0.9790,722938
2024-06-28T10:00:00Z,0.9790,0.9809,0.9753,0.9778,631139
2024-06-28T11:00:00Z,0.9778,0.9836,0.9758,0.9811,819730
2024-06-28T12:00:00Z,0.9811,0.9894,0.9751,0.9770,1930869
2024-06-28T13:00:00Z,0.9771,0.9896,0.9696,0.9786,1800361
2024-06-28T14:00:00Z,0.9788,0.9861,0.9741,0.9856,1873951
2024-06-28T15:00:00Z,0.9856,0.9933,0.9785,0.9837,1845045
2024-06-28T16:00:00Z,0.9838,0.9857,0.9684,0.9812,2296373
2024-06-28T17:00:00Z,0.9812,0.9822,0.9595,0.9655,1923474
2024-06-28T18:00:00Z,0.9656,0.9727,0.9644,0.9723,977364
2024-06-28T19:00:00Z,0.9723,0.9819,0.9652,0.9764,1984290
2024-06-28T20:00:00Z,0.9765,0.9841,0.9729,0.9741,1305667
2024-06-28T21:00:00Z,0.9739,0.9739,0.9600,0.9668,1110484
2024-06-28T22:00:00Z,0.9667,0.9683,0.9577,0.9636,1020940
2024-06-28T23:00:00Z,0.9635,0.9639,0.9571,0.9574,553069
2024-06-29T00:00:00Z,0.9574,0.9624,0.9557,0.9604,1445748
2024-06-29T01:00:00Z,0.9604,0.9697,0.9586,0.9690,536311
2024-06-29T02:00:00Z,0.9690,0.9745,0.9677,0.9712,765251
2024-06-29T03:00:00Z,0.9713,0.9730,0.9669,0.9719,523566
2024-06-29T04:00:00Z,0.9719,0.9730,0.9651,0.9660,386281
2024-06-29T05:00:00Z,0.9661,0.9674,0.9606,0.9625,548884
2024-06-29T06:00:00Z,0.9623,0.9654,0.9591,0.9612,583603
2024-06-29T07:00:00Z,0.9612,0.9717,0.9612,0.9662,655809
2024-06-29T08:00:00Z,0.9663,0.9665,0.9607,0.9663,809357
2024-06-29T09:00:00Z,0.9663,0.9675,0.9631,0.9662,539987
2024-06-29T10:00:00Z,0.9663,0.9778,0.9653,0.9727,1132050
2024-06-29T11:00:00Z,0.9726,0.9785,0.9707,0.9745,625423
2024-06-29T12:00:00Z,0.9744,0.9751,0.9683,0.9705,586463
2024-06-29T13:00:00Z,0.9704,0.9740,0.9696,0.9697,453784
2024-06-29T14:00:00Z,0.9696,0.9713,0.9602,0.9628,755071
2024-06-29T15:00:00Z,0.9626,0.9657,0.9595,0.9645,681779
2024-06-29T16:00:00Z,0.9646,0.9648,0.9562,0.9571,718836
2024-06-29T17:00:00Z,0.9570,0.9581,0.9515,0.9562,804074
2024-06-29T18:00:00Z,0.9561,0.9563,0.9486,0.9504,722254
2024-06-29T19:00:00Z,0.9504,0.9504,0.9412,0.9462,1216570
2024-06-29T20:00:00Z,0.9462,0.9480,0.9422,0.9480,899255
2024-06-29T21:00:00Z,0.9479,0.9501,0.9435,0.9487,799859
2024-06-29T22:00:00Z,0.9487,0.9490,0.9373,0.9426,1434248
2024-06-29T23:00:00Z,0.9426,0.9442,0.9390,0.9407,512781
2024-06-30T00:00:00Z,0.9408,0.9471,0.9386,0.9461,740758
2024-06-30T01:00:00Z,0.9462,0.9483,0.9379,0.9418,704290
2024-06-30T02:00:00Z,0.9419,0.9445,0.9336,0.9387,1352558
2024-06-30T03:00:00Z,0.9388,0.9440,0.9387,0.9429,630560
2024-06-30T04:00:00Z,0.9430,0.9433,0.9373,0.9381,591912
2024-06-30T05:00:00Z,0.9381,0.9442,0.9362,0.9427,555760
2024-06-30T06:00:00Z,0.9428,0.9523,0.9411,0.9523,932962
2024-06-30T07:00:00Z,0.9523,0.9760,0.9518,0.9690,2841235
2024-06-30T08:00:00Z,0.9690,0.9817,0.9669,0.9795,1570356
2024-06-30T09:00:00Z,0.9797,0.9900,0.9761,0.9767,2196574
2024-06-30T10:00:00Z,0.9767,0.9846,0.9746,0.9788,1332708
2024-06-30T11:00:00Z,0.9790,0.9873,0.9790,0.9798,1192197
2024-06-30T12:00:00Z,0.9799,0.9817,0.9716,0.9761,1002178
2024-06-30T13:00:00Z,0.9762,0.9817,0.9752,0.9786,807826
2024-06-30T14:00:00Z,0.9786,0.9799,0.9695,0.9719,1078364
2024-06-30T15:00:00Z,0.9721,0.9788,0.9721,0.9776,781281
2024-06-30T16:00:00Z,0.9778,0.9781,0.9670,0.9687,644381
2024-06-30T17:00:00Z,0.9688,0.9794,0.9681,0.9725,878454
2024-06-30T18:00:00Z,0.9726,0.9782,0.9698,0.9767,698646
2024-06-30T19:00:00Z,0.9767,0.9794,0.9730,0.9788,706098
2024-06-30T20:00:00Z,0.9787,0.9855,0.9783,0.9802,973707
2024-06-30T21:00:00Z,0.9800,0.9808,0.9745,0.9759,550132
2024-06-30T22:00:00Z,0.9759,0.9940,0.9759,0.9916,1621945
2024-06-30T23:00:00Z,0.9916,0.9935,0.9824,0.9850,920737
2024-07-01T00:00:00Z,0.9852,0.9886,0.9800,0.9812,1536999
2024-07-01T01:00:00Z,0.9810,1.0008,0.9769,0.9909,2039732
2024-07-01T02:00:00Z,0.9909,0.9925,0.9824,0.9859,1404273
2024-07-01T03:00:00Z,0.9859,0.9870,0.9783,0.9795,1299121
2024-07-01T04:00:00Z,0.9796,0.9853,0.9774,0.9808,577148
2024-07-01T05:00:00Z,0.9807,0.9810,0.9732,0.9738,916750
2024-07-01T06:00:00Z,0.9740,0.9743,0.9687,0.9696,910682
2024-07-01T07:00:00Z,0.9696,0.9757,0.9695,0.9726,863385
2024-07-01T08:00:00Z,0.9727,0.9730,0.9615,0.9661,1971829
2024-07-01T09:00:00Z,0.9661,0.9729,0.9644,0.9714,1820443
2024-07-01T10:00:00Z,0.9713,0.9739,0.9680,0.9715,1448429
2024-07-01T11:00:00Z,0.9715,0.9737,0.9670,0.9708,1090080
2024-07-01T12:00:00Z,0.9709,0.9770,0.9684,0.9686,1432154
2024-07-01T13:00:00Z,0.9686,0.9708,0.9557,0.9579,2293610
2024-07-01T14:00:00Z,0.9580,0.9594,0.9383,0.9390,4191351
2024-07-01T15:00:00Z,0.9390,0.9467,0.9343,0.9464,2614365
2024-07-01T16:00:00Z,0.9463,0.9478,0.9423,0.9453,1811414
2024-07-01T17:00:00Z,0.9454,0.9524,0.9433,0.9517,1374865
2024-07-01T18:00:00Z,0.9517,0.9521,0.9408,0.9434,1844663
2024-07-01T19:00:00Z,0.9433,0.9475,0.9410,0.9444,1074674
2024-07-01T20:00:00Z,0.9444,0.9464,0.9419,0.9420,1966479
2024-07-01T21:00:00Z,0.9419,0.9435,0.9384,0.9409,954775
2024-07-01T22:00:00Z,0.9408,0.9410,0.9252,0.9295,2903177
2024-07-01T23:00:00Z,0.9295,0.9299,0.9054,0.9056,4215671
2024-07-02T00:00:00Z,0.9057,0.9178,0.8925,0.9153,5243784
2024-07-02T01:00:00Z,0.9154,0.9225,0.9131,0.9157,2257162
2024-07-02T02:00:00Z,0.9157,0.9164,0.9117,0.9143,1305778
2024-07-02T03:00:00Z,0.9142,0.9224,0.9109,0.9171,1720205
2024-07-02T04:00:00Z,0.9172,0.9242,0.9156,0.9202,1306013
2024-07-02T05:00:00Z,0.9204,0.9274,0.9204,0.9237,965313
2024-07-02T06:00:00Z,0.9238,0.9323,0.9220,0.9289,1821841
2024-07-02T07:00:00Z,0.9288,0.9313,0.9232,0.9242,1601098
2024-07-02T08:00:00Z,0.9244,0.9285,0.9203,0.9220,1194998
2024-07-02T09:00:00Z,0.9222,0.9318,0.9219,0.9295,957893
2024-07-02T10:00:00Z,0.9294,0.9320,0.9256,0.9290,773516
2024-07-02T11:00:00Z,0.9291,0.9311,0.9245,0.9292,735094
2024-07-02T12:00:00Z,0.9292,0.9370,0.9251,0.9336,1222078
2024-07-02T13:00:00Z,0.9335,0.9459,0.9316,0.9361,2533660
2024-07-02T14:00:00Z,0.9355,0.9364,0.9188,0.9270,4070532
2024-07-02T15:00:00Z,0.9269,0.9302,0.9191,0.9230,2060150
2024-07-02T16:00:00Z,0.9228,0.9228,0.9136,0.9193,1484459
2024-07-02T17:00:00Z,0.9192,0.9235,0.9143,0.9232,959411
2024-07-02T18:00:00Z,0.9231,0.9378,0.9231,0.9329,1395937
2024-07-02T19:00:00Z,0.9331,0.9358,0.9298,0.9344,893926
2024-07-02T20:00:00Z,0.9345,0.9381,0.9299,0.9312,588381
2024-07-02T21:00:00Z,0.9310,0.9340,0.9283,0.9324,453188
2024-07-02T22:00:00Z,0.9324,0.9351,0.9293,0.9342,635120
2024-07-02T23:00:00Z,0.9342,0.9346,0.9279,0.9312,484561
2024-07-03T00:00:00Z,0.9312,0.9375,0.9292,0.9300,760981
2024-07-03T01:00:00Z,0.9298,0.9303,0.9135,0.9212,1771450
2024-07-03T02:00:00Z,0.9211,0.9211,0.9116,0.9173,1436391
2024-07-03T03:00:00Z,0.9172,0.9173,0.8961,0.9112,3156176
2024-07-03T04:00:00Z,0.9111,0.9111,0.9041,0.9063,1364113
2024-07-03T05:00:00Z,0.9063,0.9139,0.9046,0.9136,885697
2024-07-03T06:00:00Z,0.9135,0.9150,0.9112,0.9144,886724
2024-07-03T07:00:00Z,0.9144,0.9150,0.9097,0.9124,746291
2024-07-03T08:00:00Z,0.9123,0.9164,0.9062,0.9097,1282802
2024-07-03T09:00:00Z,0.9099,0.9155,0.9073,0.9076,931395
2024-07-03T10:00:00Z,0.9077,0.9088,0.8861,0.9080,4864042
2024-07-03T11:00:00Z,0.9081,0.9081,0.8968,0.9046,1579525
2024-07-03T12:00:00Z,0.9046,0.9049,0.8904,0.8956,2355795
2024-07-03T13:00:00Z,0.8955,0.9078,0.8923,0.9071,1973071
2024-07-03T14:00:00Z,0.9073,0.9089,0.8985,0.9002,2176333
2024-07-03T15:00:00Z,0.9003,0.9024,0.8947,0.8988,1495566
2024-07-03T16:00:00Z,0.8986,0.9024,0.8946,0.9003,1565885
2024-07-03T17:00:00Z,0.9005,0.9018,0.8923,0.8964,1244220
2024-07-03T18:00:00Z,0.8963,0.8984,0.8917,0.8943,1183302
2024-07-03T19:00:00Z,0.8943,0.8954,0.8750,0.8857,3857829
2024-07-03T20:00:00Z,0.8855,0.8877,0.8798,0.8812,1358202
2024-07-03T21:00:00Z,0.8814,0.8966,0.8798,0.8942,2001049
2024-07-03T22:00:00Z,0.8941,0.8950,0.8884,0.8933,799061
2024-07-03T23:00:00Z,0.8934,0.8938,0.8882,0.8906,687613
2024-07-04T00:00:00Z,0.8904,0.8966,0.8899,0.8917,807005
2024-07-04T01:00:00Z,0.8916,0.8933,0.8358,0.8481,9712795
2024-07-04T02:00:00Z,0.8481,0.8614,0.8287,0.8600,4290235
2024-07-04T03:00:00Z,0.8599,0.8599,0.8546,0.8562,1074155
2024-07-04T04:00:00Z,0.8562,0.8587,0.8531,0.8576,1080091
2024-07-04T05:00:00Z,0.8575,0.8585,0.8519,0.8541,1045980
2024-07-04T06:00:00Z,0.8541,0.8547,0.8427,0.8476,2209400
2024-07-04T07:00:00Z,0.8476,0.8476,0.8367,0.8419,1936273
2024-07-04T08:00:00Z,0.8418,0.8470,0.8227,0.8435,3682941
2024-07-04T09:00:00Z,0.8434,0.8440,0.8332,0.8392,2639300
2024-07-04T10:00:00Z,0.8394,0.8402,0.8240,0.8332,2722981
2024-07-04T11:00:00Z,0.8331,0.8366,0.8263,0.8297,1479507
2024-07-04T12:00:00Z,0.8294,0.8304,0.8068,0.8101,4242389
2024-07-04T13:00:00Z,0.8102,0.8130,0.7902,0.8110,8145495
2024-07-04T14:00:00Z,0.8109,0.8141,0.8042,0.8098,3004621
2024-07-04T15:00:00Z,0.8097,0.8160,0.8052,0.8138,2203273
2024-07-04T16:00:00Z,0.8138,0.8138,0.8023,0.8062,3513968
2024-07-04T17:00:00Z,0.8062,0.8118,0.8034,0.8118,1804327
2024-07-04T18:00:00Z,0.8119,0.8138,0.8029,0.8055,2009436
2024-07-04T19:00:00Z,0.8056,0.8147,0.8032,0.8037,1815283
2024-07-04T20:00:00Z,0.8037,0.8084,0.7995,0.8080,2161217
2024-07-04T21:00:00Z,0.8080,0.8131,0.8037,0.8101,972967
2024-07-04T22:00:00Z,0.8100,0.8137,0.7960,0.7962,1625095
2024-07-04T23:00:00Z,0.7962,0.7966,0.7600,0.7692,8269053
2024-07-05T00:00:00Z,0.7692,0.7697,0.6983,0.7310,20377756
2024-07-05T01:00:00Z,0.7310,0.7333,0.7017,0.7320,8212274
2024-07-05T02:00:00Z,0.7319,0.7319,0.6478,0.6674,13152492
2024-07-05T03:00:00Z,0.6674,0.6866,0.6527,0.6731,14371910
2024-07-05T04:00:00Z,0.6730,0.6981,0.6558,0.6918,7086047
2024-07-05T05:00:00Z,0.6917,0.7043,0.6887,0.7007,3660630
2024-07-05T06:00:00Z,0.7005,0.7008,0.6824,0.6881,4407847
2024-07-05T07:00:00Z,0.6880,0.6921,0.6826,0.6902,3369220
2024-07-05T08:00:00Z,0.6902,0.6902,0.6618,0.6646,4620576
2024-07-05T09:00:00Z,0.6646,0.6881,0.6634,0.6841,3861222
2024-07-05T10:00:00Z,0.6841,0.6971,0.6800,0.6954,3345118
2024-07-05T11:00:00Z,0.6953,0.7080,0.6942,0.7047,3938655
2024-07-05T12:00:00Z,0.7045,0.7150,0.6989,0.6995,3965055
2024-07-05T13:00:00Z,0.6996,0.7179,0.6964,0.7139,3216975
2024-07-05T14:00:00Z,0.7140,0.7146,0.7028,0.7116,2275896
2024-07-05T15:00:00Z,0.7115,0.7241,0.7090,0.7213,4186427
2024-07-05T16:00:00Z,0.7213,0.7243,0.7063,0.7097,3483159
2024-07-05T17:00:00Z,0.7097,0.7171,0.7049,0.7154,2240911
2024-07-05T18:00:00Z,0.7154,0.7219,0.7082,0.7192,2138233
2024-07-05T19:00:00Z,0.7191,0.7198,0.7102,0.7119,1891650
2024-07-05T20:00:00Z,0.7120,0.7173,0.7085,0.7136,2333988
2024-07-05T21:00:00Z,0.7136,0.7155,0.7080,0.7086,1201719
2024-07-05T22:00:00Z,0.7085,0.7128,0.7023,0.7040,1737873
2024-07-05T23:00:00Z,0.7039,0.7125,0.7024,0.7073,1497404
2024-07-06T00:00:00Z,0.7073,0.7354,0.7040,0.7222,4229905
2024-07-06T01:00:00Z,0.7222,0.7227,0.7082,0.7093,2326010
2024-07-06T02:00:00Z,0.7095,0.7160,0.7017,0.7135,1986641
2024-07-06T03:00:00Z,0.7134,0.7174,0.7115,0.7118,1380236
2024-07-06T04:00:00Z,0.7118,0.7162,0.7095,0.7097,1240733
2024-07-06T05:00:00Z,0.7097,0.7140,0.7080,0.7123,1247920
2024-07-06T06:00:00Z,0.7123,0.7255,0.7122,0.7205,2027380
2024-07-06T07:00:00Z,0.7204,0.7338,0.7198,0.7295,2467883
2024-07-06T08:00:00Z,0.7296,0.7343,0.7255,0.7277,2248245
2024-07-06T09:00:00Z,0.7278,0.7336,0.7241,0.7325,1723375
2024-07-06T10:00:00Z,0.7324,0.7363,0.7304,0.7338,1892136
2024-07-06T11:00:00Z,0.7338,0.7355,0.7296,0.7320,1206641
2024-07-06T12:00:00Z,0.7321,0.7349,0.7240,0.7294,1477545
2024-07-06T13:00:00Z,0.7296,0.7350,0.7246,0.7297,1762312
2024-07-06T14:00:00Z,0.7297,0.7349,0.7251,0.7322,1694787
2024-07-06T15:00:00Z,0.7324,0.7432,0.7319,0.7419,2070490
2024-07-06T16:00:00Z,0.7419,0.7645,0.7399,0.7641,4275976
2024-07-06T17:00:00Z,0.7640,0.7662,0.7592,0.7629,2562413
2024-07-06T18:00:00Z,0.7628,0.7650,0.7597,0.7620,1110713
2024-07-06T19:00:00Z,0.7620,0.7637,0.7578,0.7598,933533
2024-07-06T20:00:00Z,0.7598,0.7642,0.7588,0.7615,968819
2024-07-06T21:00:00Z,0.7615,0.7660,0.7581,0.7599,1243255
2024-07-06T22:00:00Z,0.7599,0.7676,0.7595,0.7661,1559965
2024-07-06T23:00:00Z,0.7661,0.7664,0.7606,0.7621,1025148
2024-07-07T00:00:00Z,0.7621,0.7623,0.7526,0.7529,1556315
2024-07-07T01:00:00Z,0.7530,0.7554,0.7444,0.7519,2635596
2024-07-07T02:00:00Z,0.7518,0.7594,0.7517,0.7576,1410868
2024-07-07T03:00:00Z,0.7578,0.7578,0.7483,0.7544,1242780
2024-07-07T04:00:00Z,0.7544,0.7552,0.7440,0.7450,1639279
2024-07-07T05:00:00Z,0.7453,0.7519,0.7394,0.7502,1528634
2024-07-07T06:00:00Z,0.7502,0.7515,0.7460,0.7485,992818
2024-07-07T07:00:00Z,0.7486,0.7531,0.7380,0.7446,2191576
2024-07-07T08:00:00Z,0.7446,0.7487,0.7428,0.7468,957649
2024-07-07T09:00:00Z,0.7468,0.7509,0.7410,0.7448,1680692
2024-07-07T10:00:00Z,0.7449,0.7500,0.7423,0.7450,1528122
2024-07-07T11:00:00Z,0.7448,0.7479,0.7424,0.7468,990059
2024-07-07T12:00:00Z,0.7466,0.7517,0.7401,0.7433,1449772
2024-07-07T13:00:00Z,0.7432,0.7432,0.7213,0.7224,4057772
2024-07-07T14:00:00Z,0.7226,0.7236,0.7106,0.7175,3527334
2024-07-07T15:00:00Z,0.7175,0.7291,0.7159,0.7233,2088717
2024-07-07T16:00:00Z,0.7234,0.7349,0.7207,0.7331,2288518
2024-07-07T17:00:00Z,0.7332,0.7373,0.7266,0.7351,1217646
2024-07-07T18:00:00Z,0.7355,0.7389,0.7313,0.7326,1074746
2024-07-07T19:00:00Z,0.7326,0.7341,0.7283,0.7304,823497
2024-07-07T20:00:00Z,0.7304,0.7324,0.7270,0.7283,952935
2024-07-07T21:00:00Z,0.7284,0.7285,0.7082,0.7165,2568364
2024-07-07T22:00:00Z,0.7166,0.7202,0.7010,0.7029,2398544
2024-07-07T23:00:00Z,0.7029,0.7079,0.6936,0.6991,3280175
2024-07-08T00:00:00Z,0.6991,0.7016,0.6707,0.6748,6314026
2024-07-08T01:00:00Z,0.6748,0.6779,0.6626,0.6758,6910409
2024-07-08T02:00:00Z,0.6757,0.6932,0.6707,0.6901,3591008
2024-07-08T03:00:00Z,0.6903,0.6964,0.6833,0.6873,2295588
2024-07-08T04:00:00Z,0.6872,0.7013,0.6838,0.7002,3033110
2024-07-08T05:00:00Z,0.7002,0.7040,0.6910,0.6962,1594652
2024-07-08T06:00:00Z,0.6964,0.7050,0.6921,0.6988,1911529
2024-07-08T07:00:00Z,0.6990,0.6996,0.6900,0.6984,1787165
2024-07-08T08:00:00Z,0.6985,0.7423,0.6968,0.7388,5583778
2024-07-08T09:00:00Z,0.7389,0.7474,0.7330,0.7362,3599891
2024-07-08T10:00:00Z,0.7365,0.7434,0.7225,0.7250,2493319
2024-07-08T11:00:00Z,0.7251,0.7425,0.7246,0.7400,2041325
2024-07-08T12:00:00Z,0.7399,0.7432,0.7318,0.7374,2119805
2024-07-08T13:00:00Z,0.7374,0.7420,0.7291,0.7348,2035452
2024-07-08T14:00:00Z,0.7346,0.7383,0.6955,0.7185,10265206
2024-07-08T15:00:00Z,0.7185,0.7275,0.7052,0.7057,4495991
2024-07-08T16:00:00Z,0.7058,0.7110,0.6955,0.7045,3193811
2024-07-08T17:00:00Z,0.7045,0.7142,0.7006,0.7110,2229398
2024-07-08T18:00:00Z,0.7110,0.7145,0.7070,0.7129,1815889
2024-07-08T19:00:00Z,0.7130,0.7181,0.7125,0.7157,1236315
2024-07-08T20:00:00Z,0.7159,0.7186,0.7074,0.7099,1806219
2024-07-08T21:00:00Z,0.7098,0.7221,0.7072,0.7187,1836244
2024-07-08T22:00:00Z,0.7186,0.7229,0.7156,0.7182,993957
2024-07-08T23:00:00Z,0.7179,0.7220,0.7160,0.7184,1026811
2024-07-09T00:00:00Z,0.7183,0.7216,0.7127,0.7174,3338183
2024-07-09T01:00:00Z,0.7178,0.7350,0.7142,0.7172,3357188
2024-07-09T02:00:00Z,0.7172,0.7299,0.7103,0.7271,3138530
2024-07-09T03:00:00Z,0.7271,0.7282,0.7160,0.7219,1385468
2024-07-09T04:00:00Z,0.7219,0.7260,0.7205,0.7232,1272162
2024-07-09T05:00:00Z,0.7232,0.7251,0.7167,0.7247,1071188
2024-07-09T06:00:00Z,0.7248,0.7297,0.7217,0.7217,1371648
2024-07-09T07:00:00Z,0.7220,0.7235,0.7151,0.7171,1206935
2024-07-09T08:00:00Z,0.7172,0.7278,0.7130,0.7228,2430576
2024-07-09T09:00:00Z,0.7227,0.7251,0.7197,0.7197,743622
2024-07-09T10:00:00Z,0.7198,0.7238,0.7170,0.7189,1206434
2024-07-09T11:00:00Z,0.7190,0.7204,0.7129,0.7173,981104
2024-07-09T12:00:00Z,0.7174,0.7194,0.7107,0.7124,1118523
2024-07-09T13:00:00Z,0.7124,0.7164,0.7089,0.7144,2013156
2024-07-09T14:00:00Z,0.7144,0.7288,0.7084,0.7087,4665567
2024-07-09T15:00:00Z,0.7086,0.7144,0.6991,0.7139,4403626
2024-07-09T16:00:00Z,0.7137,0.7186,0.7103,0.7137,1882171
2024-07-09T17:00:00Z,0.7138,0.7160,0.7076,0.7098,1413570
2024-07-09T18:00:00Z,0.7097,0.7161,0.7078,0.7156,1540666
2024-07-09T19:00:00Z,0.7156,0.7180,0.7146,0.7176,1243123
2024-07-09T20:00:00Z,0.7175,0.7258,0.7157,0.7226,1582156
2024-07-09T21:00:00Z,0.7228,0.7251,0.7201,0.7222,1166263
2024-07-09T22:00:00Z,0.7222,0.7280,0.7183,0.7226,1716191
2024-07-09T23:00:00Z,0.7226,0.7258,0.7196,0.7235,933153
2024-07-10T00:00:00Z,0.7237,0.7249,0.7148,0.7156,1890182
2024-07-10T01:00:00Z,0.7156,0.7265,0.7121,0.7227,2127704
2024-07-10T02:00:00Z,0.7226,0.7275,0.7178,0.7258,1306696
2024-07-10T03:00:00Z,0.7258,0.7344,0.7254,0.7332,1172622
2024-07-10T04:00:00Z,0.7331,0.7476,0.7331,0.7458,2634803
2024-07-10T05:00:00Z,0.7458,0.7468,0.7363,0.7401,2621809
2024-07-10T06:00:00Z,0.7401,0.7434,0.7377,0.7410,1236778
2024-07-10T07:00:00Z,0.7411,0.7426,0.7289,0.7325,1841829
2024-07-10T08:00:00Z,0.7325,0.7327,0.7257,0.7282,1698736
2024-07-10T09:00:00Z,0.7281,0.7297,0.7226,0.7262,1529212
2024-07-10T10:00:00Z,0.7263,0.7318,0.7236,0.7311,1380409
2024-07-10T11:00:00Z,0.7310,0.7328,0.7244,0.7265,1315288
2024-07-10T12:00:00Z,0.7265,0.7282,0.7173,0.7263,2078864
2024-07-10T13:00:00Z,0.7262,0.7293,0.7194,0.7248,2046128
2024-07-10T14:00:00Z,0.7248,0.7288,0.7200,0.7266,1372892
2024-07-10T15:00:00Z,0.7266,0.7375,0.7227,0.7320,2085543
2024-07-10T16:00:00Z,0.7319,0.7382,0.7292,0.7331,2352401
2024-07-10T17:00:00Z,0.7331,0.7335,0.7267,0.7312,1389026
2024-07-10T18:00:00Z,0.7310,0.7324,0.7267,0.7285,894159
2024-07-10T19:00:00Z,0.7285,0.7317,0.7245,0.7288,1129923
2024-07-10T20:00:00Z,0.7289,0.7311,0.7237,0.7255,981952
2024-07-10T21:00:00Z,0.7255,0.7255,0.7193,0.7221,889813
2024-07-10T22:00:00Z,0.7221,0.7261,0.7201,0.7256,755599
2024-07-10T23:00:00Z,0.7254,0.7290,0.7235,0.7277,618233
2024-07-11T00:00:00Z,0.7278,0.7286,0.7206,0.7272,1159694
2024-07-11T01:00:00Z,0.7271,0.7364,0.7205,0.7345,1719946
2024-07-11T02:00:00Z,0.7346,0.7377,0.7299,0.7303,1191006
2024-07-11T03:00:00Z,0.7302,0.7310,0.7130,0.7217,2703952
2024-07-11T04:00:00Z,0.7216,0.7254,0.7200,0.7239,1093755
2024-07-11T05:00:00Z,0.7241,0.7286,0.7218,0.7281,1061091
2024-07-11T06:00:00Z,0.7280,0.7305,0.7258,0.7303,972693
2024-07-11T07:00:00Z,0.7303,0.7347,0.7300,0.7312,1045006
2024-07-11T08:00:00Z,0.7313,0.7346,0.7287,0.7320,1200975
2024-07-11T09:00:00Z,0.7322,0.7393,0.7317,0.7380,1846764
2024-07-11T10:00:00Z,0.7380,0.7404,0.7337,0.7393,1337093
2024-07-11T11:00:00Z,0.7393,0.7418,0.7363,0.7401,1317793
2024-07-11T12:00:00Z,0.7400,0.7565,0.7374,0.7505,6424085
2024-07-11T13:00:00Z,0.7505,0.7520,0.7417,0.7467,3044401
2024-07-11T14:00:00Z,0.7467,0.7511,0.7330,0.7376,3605706
2024-07-11T15:00:00Z,0.7378,0.7537,0.7181,0.7214,7284097
2024-07-11T16:00:00Z,0.7214,0.7293,0.7151,0.7275,3017298
2024-07-11T17:00:00Z,0.7276,0.7325,0.7258,0.7308,1356963
2024-07-11T18:00:00Z,0.7308,0.7378,0.7289,0.7356,1465894
2024-07-11T19:00:00Z,0.7356,0.7367,0.7257,0.7260,1586888
2024-07-11T20:00:00Z,0.7259,0.7265,0.7181,0.7230,1956622
2024-07-11T21:00:00Z,0.7229,0.7237,0.7132,0.7168,1589762
2024-07-11T22:00:00Z,0.7167,0.7190,0.7112,0.7159,1796983
2024-07-11T23:00:00Z,0.7160,0.7170,0.7080,0.7137,1616190
2024-07-12T00:00:00Z,0.7139,0.7251,0.7125,0.7176,1888197
2024-07-12T01:00:00Z,0.7177,0.7220,0.7056,0.7191,2643118
2024-07-12T02:00:00Z,0.7190,0.7292,0.7182,0.7278,1266787
2024-07-12T03:00:00Z,0.7278,0.7291,0.7192,0.7194,1114391
2024-07-12T04:00:00Z,0.7195,0.7208,0.7121,0.7185,1283484
2024-07-12T05:00:00Z,0.7186,0.7223,0.7160,0.7208,767217
2024-07-12T06:00:00Z,0.7209,0.7331,0.7202,0.7269,1552716
2024-07-12T07:00:00Z,0.7269,0.7321,0.7226,0.7269,1410743
2024-07-12T08:00:00Z,0.7266,0.7292,0.7227,0.7291,1000313
2024-07-12T09:00:00Z,0.7292,0.7300,0.7128,0.7144,1822317
2024-07-12T10:00:00Z,0.7146,0.7173,0.7074,0.7154,2835174
2024-07-12T11:00:00Z,0.7153,0.7169,0.7127,0.7148,1167170
2024-07-12T12:00:00Z,0.7149,0.7220,0.7141,0.7218,1935658
2024-07-12T13:00:00Z,0.7219,0.7340,0.7216,0.7325,1974565
2024-07-12T14:00:00Z,0.7325,0.7342,0.7273,0.7303,1500196
2024-07-12T15:00:00Z,0.7303,0.7390,0.7299,0.7348,1952446
2024-07-12T16:00:00Z,0.7347,0.7396,0.7311,0.7353,1437878
2024-07-12T17:00:00Z,0.7354,0.7387,0.7300,0.7309,1697430
2024-07-12T18:00:00Z,0.7310,0.7347,0.7274,0.7312,1450120
2024-07-12T19:00:00Z,0.7311,0.7319,0.7238,0.7250,1990737
2024-07-12T20:00:00Z,0.7250,0.7256,0.7154,0.7225,1972255
2024-07-12T21:00:00Z,0.7224,0.7237,0.7204,0.7229,659939
2024-07-12T22:00:00Z,0.7228,0.7241,0.7202,0.7231,885988
2024-07-12T23:00:00Z,0.7230,0.7249,0.7207,0.7237,641530
2024-07-13T00:00:00Z,0.7237,0.7297,0.7213,0.7287,1413883
2024-07-13T01:00:00Z,0.7286,0.7340,0.7273,0.7297,1455784
2024-07-13T02:00:00Z,0.7297,0.7337,0.7270,0.7314,711234
2024-07-13T03:00:00Z,0.7316,0.7346,0.7300,0.7317,638713
2024-07-13T04:00:00Z,0.7318,0.7339,0.7291,0.7300,766675
2024-07-13T05:00:00Z,0.7300,0.7430,0.7287,0.7341,2918436
2024-07-13T06:00:00Z,0.7342,0.7385,0.7341,0.7364,864860
2024-07-13T07:00:00Z,0.7363,0.7374,0.7307,0.7326,1246311
2024-07-13T08:00:00Z,0.7327,0.7337,0.7263,0.7268,2273504
2024-07-13T09:00:00Z,0.7269,0.7337,0.7261,0.7325,1902670
2024-07-13T10:00:00Z,0.7326,0.7349,0.7230,0.7272,2058187
2024-07-13T11:00:00Z,0.7272,0.7296,0.7243,0.7280,1145950
2024-07-13T12:00:00Z,0.7281,0.7298,0.7254,0.7284,1001729
2024-07-13T13:00:00Z,0.7283,0.7286,0.7238,0.7249,1060947
2024-07-13T14:00:00Z,0.7248,0.7248,0.7187,0.7235,1782654
2024-07-13T15:00:00Z,0.7234,0.7284,0.7213,0.7247,1841966
2024-07-13T16:00:00Z,0.7246,0.7317,0.7244,0.7285,1390750
2024-07-13T17:00:00Z,0.7284,0.7295,0.7240,0.7274,1066503
2024-07-13T18:00:00Z,0.7275,0.7294,0.7243,0.7264,881030
2024-07-13T19:00:00Z,0.7263,0.7357,0.7263,0.7343,1756194
2024-07-13T20:00:00Z,0.7344,0.7358,0.7286,0.7287,1539896
2024-07-13T21:00:00Z,0.7288,0.7320,0.7272,0.7319,937638
2024-07-13T22:00:00Z,0.7318,0.7427,0.7272,0.7413,2954895
2024-07-13T23:00:00Z,0.7414,0.7476,0.7372,0.7378,2905842
2024-07-14T00:00:00Z,0.7379,0.7429,0.7341,0.7395,1803914
2024-07-14T01:00:00Z,0.7394,0.7440,0.7364,0.7413,1282889
2024-07-14T02:00:00Z,0.7414,0.7428,0.7334,0.7352,1246783
2024-07-14T03:00:00Z,0.7352,0.7398,0.7346,0.7378,712048
2024-07-14T04:00:00Z,0.7378,0.7457,0.7377,0.7416,1101951
2024-07-14T05:00:00Z,0.7416,0.7449,0.7371,0.7420,1047715
2024-07-14T06:00:00Z,0.7419,0.7431,0.7386,0.7393,828806
2024-07-14T07:00:00Z,0.7393,0.7425,0.7375,0.7394,682025
2024-07-14T08:00:00Z,0.7393,0.7443,0.7385,0.7419,985512
2024-07-14T09:00:00Z,0.7418,0.7506,0.7412,0.7465,2067549
2024-07-14T10:00:00Z,0.7464,0.7473,0.7385,0.7394,1384428
2024-07-14T11:00:00Z,0.7393,0.7419,0.7383,0.7393,1149802
2024-07-14T12:00:00Z,0.7393,0.7394,0.7254,0.7266,3483270
2024-07-14T13:00:00Z,0.7265,0.7315,0.7260,0.7300,1099719
2024-07-14T14:00:00Z,0.7299,0.7336,0.7249,0.7322,1929190
2024-07-14T15:00:00Z,0.7323,0.7367,0.7308,0.7364,1304894
2024-07-14T16:00:00Z,0.7365,0.7396,0.7336,0.7377,1090177
2024-07-14T17:00:00Z,0.7377,0.7430,0.7335,0.7413,1639719
2024-07-14T18:00:00Z,0.7413,0.7428,0.7380,0.7390,1097741
2024-07-14T19:00:00Z,0.7391,0.7395,0.7352,0.7366,933440
2024-07-14T20:00:00Z,0.7366,0.7422,0.7359,0.7398,1029010
2024-07-14T21:00:00Z,0.7398,0.7561,0.7378,0.7561,1782411
2024-07-14T22:00:00Z,0.7561,0.7592,0.7533,0.7565,2750221
2024-07-14T23:00:00Z,0.7566,0.7622,0.7528,0.7566,1578869
2024-07-15T00:00:00Z,0.7566,0.7655,0.7539,0.7627,2145475
2024-07-15T01:00:00Z,0.7626,0.7670,0.7581,0.7600,1582574
2024-07-15T02:00:00Z,0.7600,0.7693,0.7570,0.7660,1690054
2024-07-15T03:00:00Z,0.7659,0.7700,0.7628,0.7695,948092
2024-07-15T04:00:00Z,0.7694,0.7695,0.7627,0.7639,1199046
2024-07-15T05:00:00Z,0.7641,0.7650,0.7610,0.7623,1119485
2024-07-15T06:00:00Z,0.7624,0.7690,0.7618,0.7643,1484449
2024-07-15T07:00:00Z,0.7642,0.7698,0.7604,0.7670,2726809
2024-07-15T08:00:00Z,0.7670,0.7700,0.7610,0.7628,1664795
2024-07-15T09:00:00Z,0.7627,0.7632,0.7530,0.7571,2210740
2024-07-15T10:00:00Z,0.7571,0.7576,0.7483,0.7507,2613109
2024-07-15T11:00:00Z,0.7507,0.7558,0.7488,0.7526,1536878
2024-07-15T12:00:00Z,0.7527,0.7605,0.7524,0.7585,1684292
2024-07-15T13:00:00Z,0.7584,0.7639,0.7552,0.7587,1681756
2024-07-15T14:00:00Z,0.7587,0.7648,0.7562,0.7637,1593331
2024-07-15T15:00:00Z,0.7637,0.7669,0.7571,0.7623,2508295
2024-07-15T16:00:00Z,0.7624,0.7718,0.7585,0.7642,2437925
2024-07-15T17:00:00Z,0.7642,0.7704,0.7613,0.7667,2199554
2024-07-15T18:00:00Z,0.7667,0.7794,0.7639,0.7747,2483213
2024-07-15T19:00:00Z,0.7746,0.7852,0.7729,0.7801,3623291
2024-07-15T20:00:00Z,0.7801,0.7909,0.7781,0.7872,3187764
2024-07-15T21:00:00Z,0.7871,0.7919,0.7838,0.7856,2228024
2024-07-15T22:00:00Z,0.7858,0.8018,0.7858,0.7979,3469765
2024-07-15T23:00:00Z,0.7980,0.8092,0.7951,0.8034,2590993
2024-07-16T00:00:00Z,0.8036,0.8124,0.7961,0.8013,3220565
2024-07-16T01:00:00Z,0.8013,0.8163,0.7974,0.8145,3638580
2024-07-16T02:00:00Z,0.8145,0.8169,0.8060,0.8161,2320039
2024-07-16T03:00:00Z,0.8160,0.8254,0.8130,0.8211,3049649
2024-07-16T04:00:00Z,0.8212,0.8249,0.8072,0.8085,2675987
2024-07-16T05:00:00Z,0.8084,0.8180,0.7946,0.8000,4393500
2024-07-16T06:00:00Z,0.8001,0.8056,0.7786,0.7821,5653582
2024-07-16T07:00:00Z,0.7824,0.7915,0.7742,0.7799,4876422
2024-07-16T08:00:00Z,0.7799,0.7860,0.7658,0.7804,4753649
2024-07-16T09:00:00Z,0.7803,0.7830,0.7757,0.7817,1974582
2024-07-16T10:00:00Z,0.7816,0.7886,0.7795,0.7855,2077355
2024-07-16T11:00:00Z,0.7855,0.7887,0.7812,0.7864,1977444
2024-07-16T12:00:00Z,0.7864,0.7910,0.7781,0.7796,2160332
2024-07-16T13:00:00Z,0.7797,0.7894,0.7786,0.7849,2238864
2024-07-16T14:00:00Z,0.7848,0.7946,0.7797,0.7936,2727435
2024-07-16T15:00:00Z,0.7937,0.8157,0.7934,0.8130,4827633
2024-07-16T16:00:00Z,0.8131,0.8234,0.8061,0.8194,4633730
2024-07-16T17:00:00Z,0.8192,0.8207,0.8122,0.8156,2831964
2024-07-16T18:00:00Z,0.8156,0.8190,0.8118,0.8164,1876507
2024-07-16T19:00:00Z,0.8164,0.8217,0.8138,0.8189,1881989
2024-07-16T20:00:00Z,0.8188,0.8213,0.8144,0.8163,1327524
2024-07-16T21:00:00Z,0.8165,0.8194,0.8119,0.8128,1904880
2024-07-16T22:00:00Z,0.8127,0.8143,0.8036,0.8073,3266732
2024-07-16T23:00:00Z,0.8072,0.8151,0.8059,0.8109,1564081
2024-07-17T00:00:00Z,0.8107,0.8215,0.8096,0.8168,1845319
2024-07-17T01:00:00Z,0.8169,0.8280,0.8164,0.8230,2385466
2024-07-17T02:00:00Z,0.8229,0.8288,0.8209,0.8217,1431651
2024-07-17T03:00:00Z,0.8219,0.8234,0.8125,0.8212,1620022
2024-07-17T04:00:00Z,0.8213,0.8324,0.8186,0.8305,1260565
2024-07-17T05:00:00Z,0.8304,0.8359,0.8278,0.8304,1905305
2024-07-17T06:00:00Z,0.8304,0.8448,0.8293,0.8370,3623682
2024-07-17T07:00:00Z,0.8369,0.8381,0.8299,0.8322,2250512
2024-07-17T08:00:00Z,0.8324,0.8363,0.8187,0.8267,3840617
2024-07-17T09:00:00Z,0.8267,0.8414,0.8248,0.8395,1833490
2024-07-17T10:00:00Z,0.8397,0.8434,0.8336,0.8372,1908981
2024-07-17T11:00:00Z,0.8371,0.8373,0.8228,0.8314,2487584
2024-07-17T12:00:00Z,0.8314,0.8386,0.8275,0.8318,1830248
2024-07-17T13:00:00Z,0.8317,0.8432,0.8236,0.8407,3075926
2024-07-17T14:00:00Z,0.8407,0.8424,0.8317,0.8343,1885749
2024-07-17T15:00:00Z,0.8342,0.8461,0.8287,0.8297,3726862
2024-07-17T16:00:00Z,0.8298,0.8311,0.8085,0.8222,6915865
2024-07-17T17:00:00Z,0.8221,0.8270,0.8168,0.8251,2282320
2024-07-17T18:00:00Z,0.8250,0.8320,0.8226,0.8297,1374530
2024-07-17T19:00:00Z,0.8298,0.8379,0.8289,0.8338,1507781
2024-07-17T20:00:00Z,0.8338,0.8342,0.8277,0.8288,1201061
2024-07-17T21:00:00Z,0.8288,0.8295,0.8180,0.8253,2666479
2024-07-17T22:00:00Z,0.8254,0.8281,0.8202,0.8216,1032101
2024-07-17T23:00:00Z,0.8215,0.8226,0.8122,0.8135,1338441
2024-07-18T00:00:00Z,0.8135,0.8369,0.8135,0.8344,2058801
2024-07-18T01:00:00Z,0.8343,0.8410,0.8314,0.8348,1763671
2024-07-18T02:00:00Z,0.8348,0.8391,0.8247,0.8325,2397979
2024-07-18T03:00:00Z,0.8324,0.8419,0.8318,0.8405,1122741
2024-07-18T04:00:00Z,0.8406,0.8437,0.8353,0.8377,1191063
2024-07-18T05:00:00Z,0.8378,0.8489,0.8301,0.8460,2798523
2024-07-18T06:00:00Z,0.8460,0.8563,0.8409,0.8517,2921376
2024-07-18T07:00:00Z,0.8519,0.8599,0.8402,0.8412,3640367
2024-07-18T08:00:00Z,0.8415,0.8444,0.8301,0.8384,2785313
2024-07-18T09:00:00Z,0.8383,0.8417,0.8321,0.8334,1670747
2024-07-18T10:00:00Z,0.8334,0.8334,0.8231,0.8306,2268400
2024-07-18T11:00:00Z,0.8306,0.8387,0.8274,0.8380,1596577
2024-07-18T12:00:00Z,0.8380,0.8405,0.8354,0.8360,1630173
2024-07-18T13:00:00Z,0.8361,0.8369,0.8179,0.8239,3391690
2024-07-18T14:00:00Z,0.8237,0.8255,0.8028,0.8109,5365517
2024-07-18T15:00:00Z,0.8106,0.8115,0.7920,0.7938,5848559
2024-07-18T16:00:00Z,0.7938,0.8001,0.7827,0.8001,4666393
2024-07-18T17:00:00Z,0.8001,0.8024,0.7933,0.7941,1951432
2024-07-18T18:00:00Z,0.7941,0.7956,0.7893,0.7903,2041378
2024-07-18T19:00:00Z,0.7903,0.7917,0.7821,0.7884,2598473
2024-07-18T20:00:00Z,0.7883,0.7913,0.7826,0.7908,1308890
2024-07-18T21:00:00Z,0.7907,0.7971,0.7875,0.7955,869107
2024-07-18T22:00:00Z,0.7956,0.8073,0.7940,0.8056,1541837
2024-07-18T23:00:00Z,0.8057,0.8109,0.8045,0.8061,1295822
2024-07-19T00:00:00Z,0.8061,0.8098,0.7982,0.8002,1730949
2024-07-19T01:00:00Z,0.8004,0.8035,0.7855,0.7978,2477196
2024-07-19T02:00:00Z,0.7978,0.8028,0.7964,0.7994,946013
2024-07-19T03:00:00Z,0.7994,0.8195,0.7985,0.8191,1370185
2024-07-19T04:00:00Z,0.8191,0.8240,0.8117,0.8119,1510821
2024-07-19T05:00:00Z,0.8118,0.8149,0.8083,0.8141,702152
2024-07-19T06:00:00Z,0.8141,0.8243,0.8136,0.8156,1390435
2024-07-19T07:00:00Z,0.8158,0.8159,0.8006,0.8037,1578104
2024-07-19T08:00:00Z,0.8036,0.8071,0.7946,0.8065,2733577
2024-07-19T09:00:00Z,0.8065,0.8112,0.7978,0.7980,1302790
2024-07-19T10:00:00Z,0.7978,0.8083,0.7961,0.8051,983730
2024-07-19T11:00:00Z,0.8052,0.8090,0.8029,0.8072,632427
2024-07-19T12:00:00Z,0.8073,0.8086,0.8020,0.8060,1102061
2024-07-19T13:00:00Z,0.8059,0.8166,0.7984,0.8142,2016831
2024-07-19T14:00:00Z,0.8143,0.8189,0.8087,0.8145,2244390
2024-07-19T15:00:00Z,0.8145,0.8162,0.8073,0.8156,1693445
2024-07-19T16:00:00Z,0.8154,0.8270,0.8152,0.8253,2658129
2024-07-19T17:00:00Z,0.8252,0.8296,0.8215,0.8273,1257838
2024-07-19T18:00:00Z,0.8272,0.8305,0.8250,0.8304,1024405
2024-07-19T19:00:00Z,0.8304,0.8361,0.8303,0.8316,1583289
2024-07-19T20:00:00Z,0.8317,0.8360,0.8291,0.8317,1492868
2024-07-19T21:00:00Z,0.8317,0.8364,0.8282,0.8287,1368035
2024-07-19T22:00:00Z,0.8288,0.8330,0.8249,0.8257,1201771
2024-07-19T23:00:00Z,0.8258,0.8300,0.8245,0.8278,637050
2024-07-20T00:00:00Z,0.8278,0.8320,0.8152,0.8194,2588513
2024-07-20T01:00:00Z,0.8193,0.8247,0.8152,0.8184,1227059
2024-07-20T02:00:00Z,0.8184,0.8250,0.8181,0.8228,547279
2024-07-20T03:00:00Z,0.8228,0.8282,0.8225,0.8253,875673
2024-07-20T04:00:00Z,0.8253,0.8325,0.8233,0.8309,915394
2024-07-20T05:00:00Z,0.8310,0.8327,0.8246,0.8277,779225
2024-07-20T06:00:00Z,0.8276,0.8338,0.8267,0.8317,1011896
2024-07-20T07:00:00Z,0.8315,0.8364,0.8292,0.8322,1028082
2024-07-20T08:00:00Z,0.8321,0.8352,0.8264,0.8289,1003810
2024-07-20T09:00:00Z,0.8290,0.8333,0.8240,0.8313,890548
2024-07-20T10:00:00Z,0.8312,0.8345,0.8276,0.8302,890175
2024-07-20T11:00:00Z,0.8301,0.8303,0.8200,0.8238,1972050
2024-07-20T12:00:00Z,0.8239,0.8286,0.8230,0.8258,1314748
2024-07-20T13:00:00Z,0.8259,0.8306,0.8174,0.8238,2645784
2024-07-20T14:00:00Z,0.8242,0.8344,0.8229,0.8301,1459534
2024-07-20T15:00:00Z,0.8300,0.8354,0.8280,0.8350,1653990
2024-07-20T16:00:00Z,0.8351,0.8394,0.8264,0.8304,2309077
2024-07-20T17:00:00Z,0.8303,0.8439,0.8282,0.8402,3408790
2024-07-20T18:00:00Z,0.8401,0.8427,0.8356,0.8414,1132719
2024-07-20T19:00:00Z,0.8411,0.8441,0.8329,0.8335,1054754
2024-07-20T20:00:00Z,0.8335,0.8374,0.8329,0.8362,847945
2024-07-20T21:00:00Z,0.8362,0.8372,0.8291,0.8357,1371770
2024-07-20T22:00:00Z,0.8357,0.8416,0.8344,0.8363,1193115
2024-07-20T23:00:00Z,0.8362,0.8418,0.8349,0.8403,460193
2024-07-21T00:00:00Z,0.8405,0.8427,0.8343,0.8349,758210
2024-07-21T01:00:00Z,0.8348,0.8506,0.8340,0.8449,1407922
2024-07-21T02:00:00Z,0.8449,0.8491,0.8442,0.8447,560542
2024-07-21T03:00:00Z,0.8445,0.8497,0.8442,0.8450,609902
2024-07-21T04:00:00Z,0.8450,0.8450,0.8353,0.8361,924005
2024-07-21T05:00:00Z,0.8362,0.8372,0.8307,0.8356,1533193
2024-07-21T06:00:00Z,0.8355,0.8362,0.8271,0.8279,1271126
2024-07-21T07:00:00Z,0.8278,0.8299,0.8210,0.8268,1842777
2024-07-21T08:00:00Z,0.8268,0.8334,0.8263,0.8295,593613
2024-07-21T09:00:00Z,0.8294,0.8398,0.8292,0.8396,1212589
2024-07-21T10:00:00Z,0.8397,0.8465,0.8377,0.8400,1862314
2024-07-21T11:00:00Z,0.8399,0.8491,0.8394,0.8437,2170368
2024-07-21T12:00:00Z,0.8436,0.8500,0.8379,0.8386,1978300
2024-07-21T13:00:00Z,0.8387,0.8426,0.8326,0.8365,1505962
2024-07-21T14:00:00Z,0.8365,0.8491,0.8297,0.8487,1856088
2024-07-21T15:00:00Z,0.8488,0.8526,0.8417,0.8443,2131125
2024-07-21T16:00:00Z,0.8445,0.8486,0.8388,0.8464,2178252
2024-07-21T17:00:00Z,0.8464,0.8480,0.8256,0.8319,3201919
2024-07-21T18:00:00Z,0.8320,0.8347,0.8040,0.8213,7116391
2024-07-21T19:00:00Z,0.8214,0.8353,0.8174,0.8351,2217330
2024-07-21T20:00:00Z,0.8348,0.8535,0.8335,0.8510,3959900
2024-07-21T21:00:00Z,0.8511,0.8633,0.8477,0.8620,2620456
2024-07-21T22:00:00Z,0.8621,0.8676,0.8591,0.8594,1726503
2024-07-21T23:00:00Z,0.8594,0.8648,0.8585,0.8623,918424
2024-07-22T00:00:00Z,0.8623,0.8723,0.8606,0.8667,1722421
2024-07-22T01:00:00Z,0.8667,0.8670,0.8529,0.8550,1807501
2024-07-22T02:00:00Z,0.8551,0.8628,0.8534,0.8627,991774
2024-07-22T03:00:00Z,0.8628,0.8635,0.8545,0.8546,770776
2024-07-22T04:00:00Z,0.8547,0.8568,0.8516,0.8541,926958
2024-07-22T05:00:00Z,0.8537,0.8547,0.8327,0.8379,3131066
2024-07-22T06:00:00Z,0.8377,0.8426,0.8264,0.8352,3245482
2024-07-22T07:00:00Z,0.8352,0.8398,0.8316,0.8326,2956970
2024-07-22T08:00:00Z,0.8326,0.8343,0.8259,0.8322,1846418
2024-07-22T09:00:00Z,0.8322,0.8377,0.8285,0.8369,1644976
2024-07-22T10:00:00Z,0.8369,0.8443,0.8353,0.8432,1895001
2024-07-22T11:00:00Z,0.8432,0.8481,0.8408,0.8467,1056493
2024-07-22T12:00:00Z,0.8465,0.8518,0.8410,0.8462,1445388
2024-07-22T13:00:00Z,0.8463,0.8492,0.8313,0.8343,3332762
2024-07-22T14:00:00Z,0.8341,0.8406,0.8274,0.8323,3194269
2024-07-22T15:00:00Z,0.8321,0.8364,0.8270,0.8327,2442836
2024-07-22T16:00:00Z,0.8328,0.8363,0.8285,0.8315,1172335
2024-07-22T17:00:00Z,0.8315,0.8373,0.8288,0.8364,925220
2024-07-22T18:00:00Z,0.8364,0.8391,0.8304,0.8326,1216225
2024-07-22T19:00:00Z,0.8327,0.8406,0.8306,0.8405,1100044
2024-07-22T20:00:00Z,0.8406,0.8410,0.8323,0.8362,966908
2024-07-22T21:00:00Z,0.8362,0.8381,0.8215,0.8250,2936964
2024-07-22T22:00:00Z,0.8250,0.8251,0.8100,0.8149,3341962
2024-07-22T23:00:00Z,0.8149,0.8149,0.8039,0.8092,2692641
2024-07-23T00:00:00Z,0.8091,0.8215,0.8054,0.8197,1719081
2024-07-23T01:00:00Z,0.8198,0.8310,0.8150,0.8262,1835166
2024-07-23T02:00:00Z,0.8263,0.8297,0.8204,0.8264,1035574
2024-07-23T03:00:00Z,0.8265,0.8267,0.8178,0.8184,892913
2024-07-23T04:00:00Z,0.8183,0.8214,0.8065,0.8097,2138138
2024-07-23T05:00:00Z,0.8097,0.8116,0.7943,0.8003,3669247
2024-07-23T06:00:00Z,0.8004,0.8050,0.7947,0.8041,1994843
2024-07-23T07:00:00Z,0.8043,0.8059,0.7972,0.8037,1862910
2024-07-23T08:00:00Z,0.8037,0.8274,0.8025,0.8249,2814217
2024-07-23T09:00:00Z,0.8250,0.8274,0.8190,0.8199,2235106
2024-07-23T10:00:00Z,0.8199,0.8256,0.8150,0.8166,1637153
2024-07-23T11:00:00Z,0.8166,0.8223,0.8089,0.8178,2570665
2024-07-23T12:00:00Z,0.8178,0.8198,0.8080,0.8140,1706775
2024-07-23T13:00:00Z,0.8139,0.8154,0.8000,0.8053,4318098
2024-07-23T14:00:00Z,0.8055,0.8218,0.8019,0.8202,3416787
2024-07-23T15:00:00Z,0.8201,0.8205,0.8067,0.8090,2969202
2024-07-23T16:00:00Z,0.8087,0.8097,0.7800,0.7806,5202822
2024-07-23T17:00:00Z,0.7808,0.7869,0.7744,0.7862,4357219
2024-07-23T18:00:00Z,0.7861,0.7890,0.7827,0.7868,2816205
2024-07-23T19:00:00Z,0.7868,0.7963,0.7855,0.7913,2800553
2024-07-23T20:00:00Z,0.7910,0.7965,0.7895,0.7898,2038098
2024-07-23T21:00:00Z,0.7899,0.7942,0.7852,0.7852,1147573
2024-07-23T22:00:00Z,0.7851,0.7919,0.7831,0.7904,1759863
2024-07-23T23:00:00Z,0.7905,0.7967,0.7894,0.7939,1091204
2024-07-24T00:00:00Z,0.7938,0.8008,0.7861,0.7862,1246671
2024-07-24T01:00:00Z,0.7862,0.7974,0.7862,0.7901,1336630
2024-07-24T02:00:00Z,0.7901,0.7966,0.7878,0.7958,1141774
2024-07-24T03:00:00Z,0.7957,0.8007,0.7936,0.7989,869220
2024-07-24T04:00:00Z,0.7988,0.8042,0.7957,0.8008,1394267
2024-07-24T05:00:00Z,0.8009,0.8025,0.7941,0.8016,1167103
2024-07-24T06:00:00Z,0.8019,0.8199,0.8008,0.8188,4463121
2024-07-24T07:00:00Z,0.8188,0.8206,0.8121,0.8148,2072998
2024-07-24T08:00:00Z,0.8148,0.8253,0.8132,0.8184,2878996
2024-07-24T09:00:00Z,0.8185,0.8204,0.8139,0.8197,1412024
2024-07-24T10:00:00Z,0.8198,0.8239,0.8187,0.8211,1037031
2024-07-24T11:00:00Z,0.8212,0.8260,0.8200,0.8238,1418247
2024-07-24T12:00:00Z,0.8238,0.8245,0.8089,0.8110,2358112
2024-07-24T13:00:00Z,0.8112,0.8193,0.8102,0.8105,1365820
2024-07-24T14:00:00Z,0.8104,0.8223,0.8092,0.8152,1770785
2024-07-24T15:00:00Z,0.8150,0.8168,0.8008,0.8014,2680288
2024-07-24T16:00:00Z,0.8015,0.8063,0.7944,0.8054,2305057
2024-07-24T17:00:00Z,0.8054,0.8105,0.8044,0.8066,1596325
2024-07-24T18:00:00Z,0.8064,0.8068,0.7941,0.7968,2992981
2024-07-24T19:00:00Z,0.7969,0.8049,0.7938,0.7980,2027697
2024-07-24T20:00:00Z,0.7981,0.8033,0.7972,0.8008,747261
2024-07-24T21:00:00Z,0.8009,0.8011,0.7760,0.7870,4132937
2024-07-24T22:00:00Z,0.7870,0.7870,0.7782,0.7795,1647381
2024-07-24T23:00:00Z,0.7798,0.7801,0.7715,0.7782,2098080
2024-07-25T00:00:00Z,0.7779,0.7835,0.7760,0.7799,1327560
2024-07-25T01:00:00Z,0.7799,0.7800,0.7370,0.7548,11664889
2024-07-25T02:00:00Z,0.7547,0.7550,0.7410,0.7517,3547360
2024-07-25T03:00:00Z,0.7517,0.7521,0.7450,0.7486,1798778
2024-07-25T04:00:00Z,0.7486,0.7570,0.7426,0.7539,2339611
2024-07-25T05:00:00Z,0.7539,0.7562,0.7489,0.7510,1501202
2024-07-25T06:00:00Z,0.7508,0.7592,0.7477,0.7577,1566408
2024-07-25T07:00:00Z,0.7576,0.7603,0.7527,0.7530,2075696
2024-07-25T08:00:00Z,0.7530,0.7579,0.7502,0.7570,1805915
2024-07-25T09:00:00Z,0.7573,0.7589,0.7539,0.7558,1767720
2024-07-25T10:00:00Z,0.7557,0.7557,0.7487,0.7528,2381230
2024-07-25T11:00:00Z,0.7528,0.7561,0.7511,0.7536,1571581
2024-07-25T12:00:00Z,0.7536,0.7537,0.7365,0.7395,3695397
2024-07-25T13:00:00Z,0.7395,0.7447,0.7322,0.7414,3967777
2024-07-25T14:00:00Z,0.7413,0.7569,0.7321,0.7565,4675872
2024-07-25T15:00:00Z,0.7565,0.7597,0.7446,0.7475,3346451
2024-07-25T16:00:00Z,0.7475,0.7565,0.7423,0.7495,2987420
2024-07-25T17:00:00Z,0.7496,0.7522,0.7472,0.7515,2078611
2024-07-25T18:00:00Z,0.7516,0.7522,0.7242,0.7273,3914074
2024-07-25T19:00:00Z,0.7272,0.7341,0.7175,0.7281,5764807
2024-07-25T20:00:00Z,0.7281,0.7365,0.7135,0.7364,4581674
2024-07-25T21:00:00Z,0.7365,0.7500,0.7355,0.7466,3072054
2024-07-25T22:00:00Z,0.7465,0.7503,0.7431,0.7474,1745114
2024-07-25T23:00:00Z,0.7473,0.7486,0.7434,0.7451,907712
2024-07-26T00:00:00Z,0.7450,0.7527,0.7427,0.7508,1628653
2024-07-26T01:00:00Z,0.7506,0.7561,0.7494,0.7542,1579290
2024-07-26T02:00:00Z,0.7542,0.7629,0.7534,0.7609,3175778
2024-07-26T03:00:00Z,0.7608,0.7687,0.7596,0.7627,1835595
2024-07-26T04:00:00Z,0.7627,0.7664,0.7613,0.7633,1310779
2024-07-26T05:00:00Z,0.7633,0.7694,0.7615,0.7690,1596475
2024-07-26T06:00:00Z,0.7689,0.7770,0.7675,0.7759,1495893
2024-07-26T07:00:00Z,0.7759,0.7792,0.7711,0.7715,1842024
2024-07-26T08:00:00Z,0.7716,0.7753,0.7710,0.7737,1244562
2024-07-26T09:00:00Z,0.7736,0.7781,0.7728,0.7733,1637601
2024-07-26T10:00:00Z,0.7734,0.7764,0.7687,0.7696,1791757
2024-07-26T11:00:00Z,0.7696,0.7737,0.7674,0.7729,1309810
2024-07-26T12:00:00Z,0.7730,0.7735,0.7667,0.7692,1663439
2024-07-26T13:00:00Z,0.7692,0.7802,0.7652,0.7793,2609400
2024-07-26T14:00:00Z,0.7792,0.7809,0.7682,0.7745,2395816
2024-07-26T15:00:00Z,0.7744,0.7794,0.7741,0.7780,1267190
2024-07-26T16:00:00Z,0.7779,0.7830,0.7761,0.7803,1495239
2024-07-26T17:00:00Z,0.7804,0.7838,0.7798,0.7824,951503
2024-07-26T18:00:00Z,0.7823,0.7876,0.7820,0.7872,1534350
2024-07-26T19:00:00Z,0.7872,0.7939,0.7869,0.7906,1648464
2024-07-26T20:00:00Z,0.7907,0.7914,0.7840,0.7861,1440118
2024-07-26T21:00:00Z,0.7861,0.7899,0.7849,0.7881,752470
2024-07-26T22:00:00Z,0.7880,0.7911,0.7876,0.7900,646717
2024-07-26T23:00:00Z,0.7901,0.7919,0.7875,0.7880,527607
2024-07-27T00:00:00Z,0.7878,0.7908,0.7862,0.7870,948062
2024-07-27T01:00:00Z,0.7870,0.7875,0.7791,0.7797,986364
2024-07-27T02:00:00Z,0.7797,0.7885,0.7791,0.7876,588477
2024-07-27T03:00:00Z,0.7874,0.7887,0.7819,0.7840,732179
2024-07-27T04:00:00Z,0.7841,0.7871,0.7834,0.7862,517601
2024-07-27T05:00:00Z,0.7861,0.7918,0.7849,0.7860,755987
2024-07-27T06:00:00Z,0.7860,0.7916,0.7856,0.7913,509689
2024-07-27T07:00:00Z,0.7915,0.7945,0.7877,0.7908,813104
2024-07-27T08:00:00Z,0.7907,0.7937,0.7878,0.7906,771639
2024-07-27T09:00:00Z,0.7906,0.7941,0.7880,0.7927,786565
2024-07-27T10:00:00Z,0.7925,0.7944,0.7912,0.7923,822464
2024-07-27T11:00:00Z,0.7923,0.7952,0.7888,0.7948,1011667
2024-07-27T12:00:00Z,0.7948,0.7985,0.7936,0.7944,1121937
2024-07-27T13:00:00Z,0.7943,0.8060,0.7943,0.8026,1724516
2024-07-27T14:00:00Z,0.8025,0.8051,0.7936,0.7963,1664284
2024-07-27T15:00:00Z,0.7964,0.7974,0.7827,0.7879,2033304
2024-07-27T16:00:00Z,0.7880,0.7937,0.7833,0.7873,1788750
2024-07-27T17:00:00Z,0.7873,0.7919,0.7840,0.7865,1608855
2024-07-27T18:00:00Z,0.7864,0.7918,0.7836,0.7847,1101236
2024-07-27T19:00:00Z,0.7847,0.7939,0.7776,0.7927,2501050
2024-07-27T20:00:00Z,0.7927,0.7927,0.7724,0.7891,5146492
2024-07-27T21:00:00Z,0.7890,0.8022,0.7867,0.7984,2109279
2024-07-27T22:00:00Z,0.7983,0.8028,0.7977,0.7992,854266
2024-07-27T23:00:00Z,0.7991,0.7998,0.7907,0.7910,1080169
2024-07-28T00:00:00Z,0.7910,0.7930,0.7821,0.7917,2250039
2024-07-28T01:00:00Z,0.7917,0.7953,0.7900,0.7904,765554
2024-07-28T02:00:00Z,0.7905,0.7910,0.7842,0.7861,1309230
2024-07-28T03:00:00Z,0.7860,0.7875,0.7820,0.7823,887931
2024-07-28T04:00:00Z,0.7824,0.7840,0.7756,0.7758,793233
2024-07-28T05:00:00Z,0.7757,0.7771,0.7687,0.7768,1730744
2024-07-28T06:00:00Z,0.7768,0.7809,0.7764,0.7779,640258
2024-07-28T07:00:00Z,0.7779,0.7790,0.7749,0.7785,537525
2024-07-28T08:00:00Z,0.7784,0.7791,0.7735,0.7771,747031
2024-07-28T09:00:00Z,0.7773,0.7798,0.7756,0.7792,500843
2024-07-28T10:00:00Z,0.7793,0.7809,0.7779,0.7790,464360
2024-07-28T11:00:00Z,0.7790,0.7820,0.7768,0.7773,714513
2024-07-28T12:00:00Z,0.7773,0.7795,0.7748,0.7773,943059
2024-07-28T13:00:00Z,0.7773,0.7793,0.7750,0.7785,700249
2024-07-28T14:00:00Z,0.7786,0.7788,0.7667,0.7673,2331145
2024-07-28T15:00:00Z,0.7674,0.7707,0.7646,0.7676,814601
2024-07-28T16:00:00Z,0.7677,0.7703,0.7667,0.7669,557184
2024-07-28T17:00:00Z,0.7669,0.7716,0.7669,0.7716,558622
2024-07-28T18:00:00Z,0.7717,0.7763,0.7701,0.7721,1035136
2024-07-28T19:00:00Z,0.7722,0.7725,0.7684,0.7693,793402
2024-07-28T20:00:00Z,0.7694,0.7698,0.7659,0.7663,610510
2024-07-28T21:00:00Z,0.7662,0.7680,0.7624,0.7664,1142536
2024-07-28T22:00:00Z,0.7665,0.7678,0.7612,0.7625,973176
2024-07-28T23:00:00Z,0.7625,0.7705,0.7613,0.7700,583718
2024-07-29T00:00:00Z,0.7701,0.7849,0.7685,0.7797,2349466
2024-07-29T01:00:00Z,0.7800,0.7863,0.7780,0.7796,1712746
2024-07-29T02:00:00Z,0.7796,0.7974,0.7785,0.7972,1930719
2024-07-29T03:00:00Z,0.7972,0.8013,0.7945,0.7950,1735152
2024-07-29T04:00:00Z,0.7948,0.7974,0.7908,0.7960,1519265
2024-07-29T05:00:00Z,0.7960,0.8003,0.7954,0.7991,1650402
2024-07-29T06:00:00Z,0.7991,0.8024,0.7961,0.7992,2199334
2024-07-29T07:00:00Z,0.7992,0.8020,0.7969,0.8010,1494516
2024-07-29T08:00:00Z,0.8010,0.8029,0.7954,0.7969,1362205
2024-07-29T09:00:00Z,0.7970,0.8007,0.7966,0.8006,1310382
2024-07-29T10:00:00Z,0.8006,0.8023,0.7976,0.7981,1433831
2024-07-29T11:00:00Z,0.7981,0.8022,0.7961,0.7979,1596914
2024-07-29T12:00:00Z,0.7980,0.8012,0.7948,0.7985,2091312
2024-07-29T13:00:00Z,0.7986,0.8033,0.7957,0.7976,2725203
2024-07-29T14:00:00Z,0.7977,0.7987,0.7872,0.7897,3777424
2024-07-29T15:00:00Z,0.7896,0.7928,0.7757,0.7837,4966993
2024-07-29T16:00:00Z,0.7836,0.7859,0.7707,0.7721,4149582
2024-07-29T17:00:00Z,0.7722,0.7829,0.7695,0.7771,3559240
2024-07-29T18:00:00Z,0.7771,0.7845,0.7758,0.7812,2380510
2024-07-29T19:00:00Z,0.7812,0.7821,0.7785,0.7819,1170257
2024-07-29T20:00:00Z,0.7819,0.7839,0.7788,0.7818,850817
2024-07-29T21:00:00Z,0.7818,0.7822,0.7734,0.7798,1045787
2024-07-29T22:00:00Z,0.7799,0.7829,0.7739,0.7747,833666
2024-07-29T23:00:00Z,0.7747,0.7774,0.7705,0.7725,1149424
2024-07-30T00:00:00Z,0.7727,0.7791,0.7652,0.7784,3056711
2024-07-30T01:00:00Z,0.7782,0.7874,0.7719,0.7738,1632734
2024-07-30T02:00:00Z,0.7740,0.7788,0.7703,0.7788,1382615
2024-07-30T03:00:00Z,0.7788,0.7869,0.7782,0.7853,1406922
2024-07-30T04:00:00Z,0.7851,0.7864,0.7820,0.7864,1757307
2024-07-30T05:00:00Z,0.7863,0.7865,0.7795,0.7821,1660426
2024-07-30T06:00:00Z,0.7820,0.7959,0.7808,0.7921,2289346
2024-07-30T07:00:00Z,0.7920,0.8014,0.7920,0.8005,2689647
2024-07-30T08:00:00Z,0.8006,0.8042,0.7961,0.7971,2638872
2024-07-30T09:00:00Z,0.7972,0.8010,0.7955,0.7974,1987214
2024-07-30T10:00:00Z,0.7973,0.8024,0.7936,0.7957,3043198
2024-07-30T11:00:00Z,0.7956,0.8033,0.7930,0.8020,2676018
2024-07-30T12:00:00Z,0.8020,0.8034,0.7919,0.8000,3494787
2024-07-30T13:00:00Z,0.7999,0.8041,0.7916,0.7926,3630112
2024-07-30T14:00:00Z,0.7928,0.7992,0.7880,0.7915,4395912
2024-07-30T15:00:00Z,0.7913,0.8079,0.7881,0.8015,4817290
2024-07-30T16:00:00Z,0.8015,0.8093,0.7988,0.8016,2408098
2024-07-30T17:00:00Z,0.8018,0.8025,0.7873,0.7932,3700809
2024-07-30T18:00:00Z,0.7931,0.7931,0.7791,0.7835,4705886
2024-07-30T19:00:00Z,0.7834,0.7837,0.7718,0.7771,3345215
2024-07-30T20:00:00Z,0.7772,0.7810,0.7639,0.7785,4405513
2024-07-30T21:00:00Z,0.7785,0.7785,0.7640,0.7720,2159348
2024-07-30T22:00:00Z,0.7720,0.7729,0.7662,0.7725,1637325
2024-07-30T23:00:00Z,0.7723,0.7773,0.7699,0.7751,1386752
2024-07-31T00:00:00Z,0.7750,0.7840,0.7645,0.7830,3844144
2024-07-31T01:00:00Z,0.7831,0.7956,0.7787,0.7860,3028901
2024-07-31T02:00:00Z,0.7861,0.7885,0.7770,0.7815,2181011
2024-07-31T03:00:00Z,0.7814,0.7860,0.7785,0.7818,1868304
2024-07-31T04:00:00Z,0.7816,0.7824,0.7673,0.7711,2716724
2024-07-31T05:00:00Z,0.7712,0.7869,0.7645,0.7848,3004711
2024-07-31T06:00:00Z,0.7847,0.7963,0.7844,0.7916,4025242
2024-07-31T07:00:00Z,0.7916,0.7933,0.7865,0.7869,2417676
2024-07-31T08:00:00Z,0.7869,0.7890,0.7829,0.7844,2050973
2024-07-31T09:00:00Z,0.7843,0.7870,0.7825,0.7839,1513428
2024-07-31T10:00:00Z,0.7837,0.7844,0.7708,0.7709,3241356
2024-07-31T11:00:00Z,0.7708,0.7755,0.7674,0.7691,3034711
2024-07-31T12:00:00Z,0.7691,0.7761,0.7689,0.7711,2609695
2024-07-31T13:00:00Z,0.7712,0.7862,0.7711,0.7809,3090965
2024-07-31T14:00:00Z,0.7808,0.7862,0.7717,0.7768,4140631
2024-07-31T15:00:00Z,0.7768,0.7796,0.7730,0.7736,2326217
2024-07-31T16:00:00Z,0.7737,0.7821,0.7672,0.7697,3679707
2024-07-31T17:00:00Z,0.7696,0.7804,0.7674,0.7749,2996697
2024-07-31T18:00:00Z,0.7750,0.7776,0.7607,0.7776,6184958
2024-07-31T19:00:00Z,0.7777,0.7808,0.7518,0.7573,6347134
2024-07-31T20:00:00Z,0.7571,0.7575,0.7404,0.7442,5938798
2024-07-31T21:00:00Z,0.7442,0.7564,0.7412,0.7552,2817041
2024-07-31T22:00:00Z,0.7552,0.7570,0.7462,0.7538,2531520
2024-07-31T23:00:00Z,0.7538,0.7543,0.7474,0.7487,1280948
2024-08-01T00:00:00Z,0.7486,0.7573,0.7474,0.7568,2815567
2024-08-01T01:00:00Z,0.7567,0.7594,0.7469,0.7571,2655219
2024-08-01T02:00:00Z,0.7571,0.7604,0.7492,0.7532,3396496
2024-08-01T03:00:00Z,0.7531,0.7574,0.7449,0.7501,3808690
2024-08-01T04:00:00Z,0.7500,0.7527,0.7260,0.7300,6699159
2024-08-01T05:00:00Z,0.7300,0.7411,0.7243,0.7399,3640684
2024-08-01T06:00:00Z,0.7400,0.7400,0.7267,0.7270,2944389
2024-08-01T07:00:00Z,0.7269,0.7335,0.7241,0.7270,3232159
2024-08-01T08:00:00Z,0.7271,0.7382,0.7264,0.7327,3469239
2024-08-01T09:00:00Z,0.7328,0.7366,0.7277,0.7289,1975774
2024-08-01T10:00:00Z,0.7288,0.7310,0.7252,0.7287,2057279
2024-08-01T11:00:00Z,0.7287,0.7313,0.7239,0.7292,2494862
2024-08-01T12:00:00Z,0.7293,0.7384,0.7267,0.7351,2803299
2024-08-01T13:00:00Z,0.7350,0.7370,0.7263,0.7299,2670885
2024-08-01T14:00:00Z,0.7297,0.7301,0.7045,0.7046,7074343
2024-08-01T15:00:00Z,0.7046,0.7115,0.6981,0.7044,8899476
2024-08-01T16:00:00Z,0.7045,0.7048,0.6800,0.6914,12738756
2024-08-01T17:00:00Z,0.6914,0.6932,0.6847,0.6927,4904227
2024-08-01T18:00:00Z,0.6925,0.6925,0.6665,0.6779,11562228
2024-08-01T19:00:00Z,0.6779,0.6879,0.6771,0.6847,3350623
2024-08-01T20:00:00Z,0.6847,0.6974,0.6763,0.6971,5093162
2024-08-01T21:00:00Z,0.6970,0.7080,0.6931,0.7017,3100257
2024-08-01T22:00:00Z,0.7018,0.7246,0.7009,0.7186,4452082
2024-08-01T23:00:00Z,0.7187,0.7225,0.7140,0.7189,1690326
2024-08-02T00:00:00Z,0.7188,0.7255,0.7163,0.7163,2177347
2024-08-02T01:00:00Z,0.7164,0.7170,0.7080,0.7086,2341235
2024-08-02T02:00:00Z,0.7087,0.7120,0.6956,0.7016,2925874
2024-08-02T03:00:00Z,0.7017,0.7102,0.6985,0.7077,1638698
2024-08-02T04:00:00Z,0.7077,0.7105,0.7026,0.7060,1401103
2024-08-02T05:00:00Z,0.7062,0.7065,0.6916,0.6931,2264010
2024-08-02T06:00:00Z,0.6933,0.6953,0.6826,0.6926,3796282
2024-08-02T07:00:00Z,0.6926,0.6950,0.6848,0.6913,2311564
2024-08-02T08:00:00Z,0.6912,0.6941,0.6817,0.6940,3160969
2024-08-02T09:00:00Z,0.6940,0.6972,0.6918,0.6939,2216518
2024-08-02T10:00:00Z,0.6939,0.6973,0.6889,0.6948,1561993
2024-08-02T11:00:00Z,0.6948,0.7003,0.6921,0.6938,1883572
2024-08-02T12:00:00Z,0.6938,0.6968,0.6865,0.6938,4335537
2024-08-02T13:00:00Z,0.6938,0.7102,0.6884,0.7032,4364407
2024-08-02T14:00:00Z,0.7032,0.7046,0.6687,0.6706,8084721
2024-08-02T15:00:00Z,0.6706,0.6804,0.6541,0.6770,12555274
2024-08-02T16:00:00Z,0.6770,0.6796,0.6654,0.6701,4457296
2024-08-02T17:00:00Z,0.6701,0.6758,0.6669,0.6694,1914967
2024-08-02T18:00:00Z,0.6694,0.6729,0.6640,0.6662,2002614
2024-08-02T19:00:00Z,0.6662,0.6691,0.6586,0.6663,2820212
2024-08-02T20:00:00Z,0.6664,0.6729,0.6604,0.6697,3554497
2024-08-02T21:00:00Z,0.6696,0.6696,0.6555,0.6682,4139264
2024-08-02T22:00:00Z,0.6683,0.6701,0.6615,0.6656,2469008
2024-08-02T23:00:00Z,0.6658,0.6723,0.6614,0.6667,2572870
2024-08-03T00:00:00Z,0.6669,0.6713,0.6551,0.6599,3216848
2024-08-03T01:00:00Z,0.6598,0.6653,0.6454,0.6619,5943037
2024-08-03T02:00:00Z,0.6619,0.6667,0.6589,0.6622,1313800
2024-08-03T03:00:00Z,0.6625,0.6689,0.6605,0.6668,2281325
2024-08-03T04:00:00Z,0.6667,0.6675,0.6619,0.6660,1296163
2024-08-03T05:00:00Z,0.6661,0.6694,0.6654,0.6692,1622096
2024-08-03T06:00:00Z,0.6694,0.6743,0.6684,0.6712,1314951
2024-08-03T07:00:00Z,0.6712,0.6728,0.6678,0.6697,1545037
2024-08-03T08:00:00Z,0.6697,0.6741,0.6664,0.6728,1995942
2024-08-03T09:00:00Z,0.6729,0.6769,0.6698,0.6763,1512888
2024-08-03T10:00:00Z,0.6763,0.6808,0.6744,0.6802,1706874
2024-08-03T11:00:00Z,0.6803,0.6868,0.6786,0.6843,1701003
2024-08-03T12:00:00Z,0.6842,0.6901,0.6816,0.6856,2498122
2024-08-03T13:00:00Z,0.6856,0.6890,0.6833,0.6842,1705385
2024-08-03T14:00:00Z,0.6842,0.6890,0.6792,0.6809,1836631
2024-08-03T15:00:00Z,0.6809,0.6850,0.6596,0.6607,5139255
2024-08-03T16:00:00Z,0.6606,0.6619,0.6362,0.6432,12964234
2024-08-03T17:00:00Z,0.6432,0.6438,0.6226,0.6263,9917097
2024-08-03T18:00:00Z,0.6263,0.6298,0.6158,0.6189,6941400
2024-08-03T19:00:00Z,0.6189,0.6268,0.6142,0.6144,5978374
2024-08-03T20:00:00Z,0.6145,0.6220,0.6096,0.6127,5346479
2024-08-03T21:00:00Z,0.6127,0.6269,0.6102,0.6263,3725237
2024-08-03T22:00:00Z,0.6264,0.6303,0.6209,0.6234,2854798
2024-08-03T23:00:00Z,0.6235,0.6312,0.6214,0.6279,2366108
2024-08-04T00:00:00Z,0.6278,0.6372,0.6251,0.6352,2673789
2024-08-04T01:00:00Z,0.6353,0.6367,0.6278,0.6339,1828252
2024-08-04T02:00:00Z,0.6337,0.6457,0.6335,0.6419,1816947
2024-08-04T03:00:00Z,0.6420,0.6423,0.6345,0.6389,1407643
2024-08-04T04:00:00Z,0.6387,0.6445,0.6375,0.6379,1586265
2024-08-04T05:00:00Z,0.6379,0.6443,0.6379,0.6416,1068617
2024-08-04T06:00:00Z,0.6416,0.6483,0.6413,0.6441,2560014
2024-08-04T07:00:00Z,0.6442,0.6445,0.6280,0.6299,3499043
2024-08-04T08:00:00Z,0.6299,0.6360,0.6245,0.6334,1915858
2024-08-04T09:00:00Z,0.6334,0.6358,0.6311,0.6318,1118591
2024-08-04T10:00:00Z,0.6318,0.6349,0.6271,0.6339,1218577
2024-08-04T11:00:00Z,0.6340,0.6360,0.6308,0.6317,816958
2024-08-04T12:00:00Z,0.6318,0.6386,0.6293,0.6380,1459091
2024-08-04T13:00:00Z,0.6380,0.6396,0.6326,0.6330,1297332
2024-08-04T14:00:00Z,0.6329,0.6342,0.6110,0.6166,5557119
2024-08-04T15:00:00Z,0.6167,0.6168,0.6028,0.6050,6002103
2024-08-04T16:00:00Z,0.6051,0.6108,0.5932,0.5952,6000938
2024-08-04T17:00:00Z,0.5953,0.5997,0.5802,0.5959,9064158
2024-08-04T18:00:00Z,0.5960,0.6061,0.5884,0.6044,4131055
2024-08-04T19:00:00Z,0.6044,0.6207,0.5991,0.6157,3613590
2024-08-04T20:00:00Z,0.6156,0.6245,0.6109,0.6160,2561702
2024-08-04T21:00:00Z,0.6161,0.6168,0.6096,0.6131,2080475
2024-08-04T22:00:00Z,0.6130,0.6224,0.6113,0.6183,3054418
2024-08-04T23:00:00Z,0.6183,0.6183,0.6046,0.6072,2721364
2024-08-05T00:00:00Z,0.6072,0.6138,0.5709,0.5790,13432993
2024-08-05T01:00:00Z,0.5788,0.5801,0.5022,0.5355,38757574
2024-08-05T02:00:00Z,0.5356,0.5389,0.5199,0.5381,15177250
2024-08-05T03:00:00Z,0.5379,0.5384,0.5245,0.5259,7830891
2024-08-05T04:00:00Z,0.5259,0.5359,0.5230,0.5277,5421261
2024-08-05T05:00:00Z,0.5277,0.5322,0.5059,0.5194,18773077
2024-08-05T06:00:00Z,0.5194,0.5226,0.4727,0.5043,36708516
2024-08-05T07:00:00Z,0.5042,0.5330,0.5008,0.5265,12179781
2024-08-05T08:00:00Z,0.5266,0.5278,0.5125,0.5181,6427755
2024-08-05T09:00:00Z,0.5181,0.5238,0.5124,0.5206,5371981
2024-08-05T10:00:00Z,0.5205,0.5212,0.5004,0.5024,8853657
2024-08-05T11:00:00Z,0.5024,0.5040,0.4832,0.5032,15873078
2024-08-05T12:00:00Z,0.5032,0.5087,0.4874,0.4943,16642014
2024-08-05T13:00:00Z,0.4942,0.5351,0.4908,0.5321,21883905
2024-08-05T14:00:00Z,0.5321,0.5595,0.5321,0.5510,16355334
2024-08-05T15:00:00Z,0.5511,0.5602,0.5452,0.5563,7421229
2024-08-05T16:00:00Z,0.5562,0.5668,0.5487,0.5500,8625675
2024-08-05T17:00:00Z,0.5500,0.5569,0.5466,0.5515,4747868
2024-08-05T18:00:00Z,0.5515,0.5528,0.5347,0.5352,4241473
2024-08-05T19:00:00Z,0.5352,0.5470,0.5327,0.5433,7212461
2024-08-05T20:00:00Z,0.5434,0.5506,0.5427,0.5473,3933294
2024-08-05T21:00:00Z,0.5473,0.5559,0.5427,0.5474,4193576
2024-08-05T22:00:00Z,0.5475,0.5542,0.5444,0.5514,2320866
2024-08-05T23:00:00Z,0.5514,0.5560,0.5457,0.5461,2359568
2024-08-06T00:00:00Z,0.5462,0.5768,0.5451,0.5768,6834694
2024-08-06T01:00:00Z,0.5767,0.5838,0.5692,0.5737,4724922
2024-08-06T02:00:00Z,0.5736,0.5769,0.5675,0.5708,2575649
2024-08-06T03:00:00Z,0.5708,0.5715,0.5637,0.5649,2615195
2024-08-06T04:00:00Z,0.5650,0.5684,0.5617,0.5668,2347101
2024-08-06T05:00:00Z,0.5668,0.5750,0.5639,0.5739,2632942
2024-08-06T06:00:00Z,0.5739,0.5749,0.5666,0.5729,3475583
2024-08-06T07:00:00Z,0.5727,0.5768,0.5698,0.5760,2554684
2024-08-06T08:00:00Z,0.5759,0.5759,0.5560,0.5600,5327190
2024-08-06T09:00:00Z,0.5600,0.5639,0.5556,0.5627,4077024
2024-08-06T10:00:00Z,0.5625,0.5650,0.5581,0.5616,2023716
2024-08-06T11:00:00Z,0.5618,0.5641,0.5570,0.5609,2449219
2024-08-06T12:00:00Z,0.5608,0.5670,0.5577,0.5595,3290509
2024-08-06T13:00:00Z,0.5594,0.5658,0.5538,0.5637,5581486
2024-08-06T14:00:00Z,0.5636,0.5848,0.5631,0.5746,9005861
2024-08-06T15:00:00Z,0.5746,0.5790,0.5692,0.5771,4279197
2024-08-06T16:00:00Z,0.5772,0.5840,0.5728,0.5800,3275352
2024-08-06T17:00:00Z,0.5800,0.5814,0.5725,0.5729,1949601
2024-08-06T18:00:00Z,0.5728,0.5812,0.5725,0.5762,2086042
2024-08-06T19:00:00Z,0.5762,0.5794,0.5743,0.5759,1390601
2024-08-06T20:00:00Z,0.5758,0.5795,0.5726,0.5770,2068448
2024-08-06T21:00:00Z,0.5769,0.5814,0.5751,0.5807,1165365
2024-08-06T22:00:00Z,0.5806,0.5867,0.5750,0.5800,3096611
2024-08-06T23:00:00Z,0.5800,0.5813,0.5746,0.5768,1419047
2024-08-07T00:00:00Z,0.5768,0.5802,0.5692,0.5764,2916259
2024-08-07T01:00:00Z,0.5765,0.5872,0.5696,0.5856,3082941
2024-08-07T02:00:00Z,0.5856,0.5919,0.5797,0.5833,3086286
2024-08-07T03:00:00Z,0.5832,0.5883,0.5822,0.5857,1648035
2024-08-07T04:00:00Z,0.5856,0.5939,0.5845,0.5887,2083844
2024-08-07T05:00:00Z,0.5888,0.5958,0.5881,0.5894,1901841
2024-08-07T06:00:00Z,0.5894,0.5930,0.5858,0.5892,1440275
2024-08-07T07:00:00Z,0.5892,0.5915,0.5845,0.5890,1308294
2024-08-07T08:00:00Z,0.5891,0.5946,0.5884,0.5932,1899771
2024-08-07T09:00:00Z,0.5932,0.5983,0.5910,0.5940,2440152
2024-08-07T10:00:00Z,0.5940,0.6004,0.5922,0.5925,1680768
2024-08-07T11:00:00Z,0.5924,0.5931,0.5850,0.5860,3122538
2024-08-07T12:00:00Z,0.5861,0.5937,0.5840,0.5924,2562705
2024-08-07T13:00:00Z,0.5923,0.5944,0.5859,0.5881,3715774
2024-08-07T14:00:00Z,0.5881,0.5899,0.5634,0.5712,9357447
2024-08-07T15:00:00Z,0.5713,0.5777,0.5677,0.5717,5338498
2024-08-07T16:00:00Z,0.5716,0.5728,0.5619,0.5649,4952247
2024-08-07T17:00:00Z,0.5649,0.5669,0.5549,0.5614,5103958
2024-08-07T18:00:00Z,0.5614,0.5630,0.5503,0.5532,4646853
2024-08-07T19:00:00Z,0.5533,0.5589,0.5522,0.5580,3434456
2024-08-07T20:00:00Z,0.5582,0.5658,0.5501,0.5598,5424226
2024-08-07T21:00:00Z,0.5600,0.5641,0.5574,0.5617,2334075
2024-08-07T22:00:00Z,0.5616,0.5627,0.5515,0.5616,2444050
2024-08-07T23:00:00Z,0.5617,0.5637,0.5561,0.5587,1400239
2024-08-08T00:00:00Z,0.5588,0.5622,0.5487,0.5572,3705372
2024-08-08T01:00:00Z,0.5573,0.5792,0.5571,0.5782,4939697
2024-08-08T02:00:00Z,0.5779,0.5899,0.5777,0.5871,2454216
2024-08-08T03:00:00Z,0.5873,0.5906,0.5814,0.5817,1322211
2024-08-08T04:00:00Z,0.5818,0.5894,0.5818,0.5831,1407999
2024-08-08T05:00:00Z,0.5832,0.5885,0.5830,0.5867,1107137
2024-08-08T06:00:00Z,0.5868,0.5913,0.5840,0.5873,1719312
2024-08-08T07:00:00Z,0.5874,0.5885,0.5830,0.5840,1819766
2024-08-08T08:00:00Z,0.5840,0.5867,0.5824,0.5852,1288625
2024-08-08T09:00:00Z,0.5853,0.5859,0.5812,0.5821,1480378
2024-08-08T10:00:00Z,0.5822,0.5846,0.5792,0.5822,1647639
2024-08-08T11:00:00Z,0.5821,0.5832,0.5783,0.5788,1224431
2024-08-08T12:00:00Z,0.5789,0.5980,0.5759,0.5878,7204043
2024-08-08T13:00:00Z,0.5878,0.5913,0.5780,0.5840,4512642
2024-08-08T14:00:00Z,0.5840,0.5954,0.5828,0.5943,4021975
2024-08-08T15:00:00Z,0.5943,0.5971,0.5900,0.5968,4570552
2024-08-08T16:00:00Z,0.5970,0.6030,0.5961,0.5981,4945155
2024-08-08T17:00:00Z,0.5981,0.6016,0.5951,0.5952,1803430
2024-08-08T18:00:00Z,0.5952,0.5970,0.5938,0.5958,980840
2024-08-08T19:00:00Z,0.5957,0.5996,0.5949,0.5963,1453458
2024-08-08T20:00:00Z,0.5963,0.5999,0.5961,0.5977,632249
2024-08-08T21:00:00Z,0.5976,0.6138,0.5972,0.6124,2161635
2024-08-08T22:00:00Z,0.6125,0.6194,0.6069,0.6171,4568009
2024-08-08T23:00:00Z,0.6172,0.6208,0.6143,0.6185,2807395
2024-08-09T00:00:00Z,0.6184,0.6185,0.6113,0.6137,2925506
2024-08-09T01:00:00Z,0.6137,0.6152,0.6102,0.6129,1924203
2024-08-09T02:00:00Z,0.6129,0.6145,0.6102,0.6105,927800
2024-08-09T03:00:00Z,0.6105,0.6125,0.6092,0.6110,855978
2024-08-09T04:00:00Z,0.6110,0.6116,0.6017,0.6017,1777085
2024-08-09T05:00:00Z,0.6019,0.6055,0.5995,0.6052,1301528
2024-08-09T06:00:00Z,0.6054,0.6074,0.6022,0.6063,1055727
2024-08-09T07:00:00Z,0.6063,0.6108,0.6056,0.6067,1627756
2024-08-09T08:00:00Z,0.6067,0.6108,0.6049,0.6099,1778212
2024-08-09T09:00:00Z,0.6098,0.6114,0.6029,0.6051,2037998
2024-08-09T10:00:00Z,0.6053,0.6123,0.6020,0.6123,4942055
2024-08-09T11:00:00Z,0.6124,0.6151,0.6091,0.6136,2926069
2024-08-09T12:00:00Z,0.6136,0.6137,0.6027,0.6061,2707433
2024-08-09T13:00:00Z,0.6060,0.6086,0.5984,0.6047,2795183
2024-08-09T14:00:00Z,0.6048,0.6151,0.5944,0.6037,4870136
2024-08-09T15:00:00Z,0.6037,0.6066,0.5985,0.5987,1569560
2024-08-09T16:00:00Z,0.5985,0.6065,0.5963,0.6057,1502517
2024-08-09T17:00:00Z,0.6057,0.6120,0.6051,0.6071,2559160
2024-08-09T18:00:00Z,0.6071,0.6087,0.6043,0.6080,851561
2024-08-09T19:00:00Z,0.6080,0.6111,0.6058,0.6089,640539
2024-08-09T20:00:00Z,0.6089,0.6131,0.6078,0.6101,1024554
2024-08-09T21:00:00Z,0.6101,0.6127,0.6050,0.6119,1545894
2024-08-09T22:00:00Z,0.6119,0.6148,0.6073,0.6122,2845209
2024-08-09T23:00:00Z,0.6121,0.6146,0.6079,0.6140,984240
2024-08-10T00:00:00Z,0.6140,0.6222,0.6087,0.6091,3070595
2024-08-10T01:00:00Z,0.6091,0.6145,0.6074,0.6100,1086640
2024-08-10T02:00:00Z,0.6099,0.6151,0.6092,0.6124,835975
2024-08-10T03:00:00Z,0.6125,0.6125,0.6082,0.6103,674109
2024-08-10T04:00:00Z,0.6104,0.6108,0.6053,0.6094,1288463
2024-08-10T05:00:00Z,0.6095,0.6096,0.6060,0.6070,724653
2024-08-10T06:00:00Z,0.6070,0.6093,0.6055,0.6093,683163
2024-08-10T07:00:00Z,0.6093,0.6128,0.6086,0.6117,789675
2024-08-10T08:00:00Z,0.6117,0.6128,0.6050,0.6062,2525546
2024-08-10T09:00:00Z,0.6061,0.6135,0.6049,0.6113,1753410
2024-08-10T10:00:00Z,0.6115,0.6161,0.6104,0.6151,1057209
2024-08-10T11:00:00Z,0.6151,0.6171,0.6138,0.6159,944654
2024-08-10T12:00:00Z,0.6159,0.6170,0.6133,0.6149,677769
2024-08-10T13:00:00Z,0.6148,0.6154,0.6112,0.6116,907095
2024-08-10T14:00:00Z,0.6116,0.6170,0.6111,0.6168,890220
2024-08-10T15:00:00Z,0.6169,0.6216,0.6162,0.6182,1777579
2024-08-10T16:00:00Z,0.6182,0.6244,0.6179,0.6234,1555231
2024-08-10T17:00:00Z,0.6233,0.6271,0.6205,0.6244,1667091
2024-08-10T18:00:00Z,0.6243,0.6254,0.6209,0.6224,1482095
2024-08-10T19:00:00Z,0.6224,0.6250,0.6205,0.6237,646286
2024-08-10T20:00:00Z,0.6237,0.6257,0.6206,0.6225,607709
2024-08-10T21:00:00Z,0.6226,0.6261,0.6223,0.6254,573792
2024-08-10T22:00:00Z,0.6254,0.6254,0.6216,0.6220,828161
2024-08-10T23:00:00Z,0.6221,0.6222,0.6185,0.6199,615030
2024-08-11T00:00:00Z,0.6200,0.6228,0.6181,0.6210,1003221
2024-08-11T01:00:00Z,0.6211,0.6220,0.6185,0.6208,520532
2024-08-11T02:00:00Z,0.6209,0.6228,0.6177,0.6191,450248
2024-08-11T03:00:00Z,0.6191,0.6257,0.6186,0.6205,965588
2024-08-11T04:00:00Z,0.6206,0.6216,0.6180,0.6200,596868
2024-08-11T05:00:00Z,0.6199,0.6229,0.6195,0.6227,547611
2024-08-11T06:00:00Z,0.6228,0.6228,0.6182,0.6206,593861
2024-08-11T07:00:00Z,0.6207,0.6241,0.6201,0.6240,893359
2024-08-11T08:00:00Z,0.6241,0.6257,0.6212,0.6233,842491
2024-08-11T09:00:00Z,0.6233,0.6287,0.6201,0.6216,2098809
2024-08-11T10:00:00Z,0.6217,0.6230,0.6180,0.6190,1011662
2024-08-11T11:00:00Z,0.6188,0.6195,0.6085,0.6125,4627155
2024-08-11T12:00:00Z,0.6124,0.6140,0.6058,0.6098,2130632
2024-08-11T13:00:00Z,0.6098,0.6099,0.6019,0.6061,2375529
2024-08-11T14:00:00Z,0.6061,0.6082,0.5939,0.5961,3293908
2024-08-11T15:00:00Z,0.5960,0.5977,0.5906,0.5934,3327763
2024-08-11T16:00:00Z,0.5934,0.5986,0.5911,0.5969,1645269
2024-08-11T17:00:00Z,0.5967,0.5983,0.5944,0.5960,1138501
2024-08-11T18:00:00Z,0.5959,0.5969,0.5921,0.5931,1061624
2024-08-11T19:00:00Z,0.5932,0.5932,0.5785,0.5798,3905123
2024-08-11T20:00:00Z,0.5797,0.5805,0.5737,0.5770,4090369
2024-08-11T21:00:00Z,0.5769,0.5798,0.5729,0.5788,1657862
2024-08-11T22:00:00Z,0.5786,0.5806,0.5701,0.5769,2491751
2024-08-11T23:00:00Z,0.5768,0.5768,0.5733,0.5740,1355088
2024-08-12T00:00:00Z,0.5740,0.5850,0.5738,0.5822,3125246
2024-08-12T01:00:00Z,0.5822,0.5858,0.5796,0.5830,1988555
2024-08-12T02:00:00Z,0.5830,0.5842,0.5797,0.5830,930608
2024-08-12T03:00:00Z,0.5830,0.5853,0.5793,0.5806,1100463
2024-08-12T04:00:00Z,0.5805,0.5826,0.5774,0.5789,1219278
2024-08-12T05:00:00Z,0.5788,0.5810,0.5773,0.5806,1070716
2024-08-12T06:00:00Z,0.5805,0.5816,0.5766,0.5782,1169855
2024-08-12T07:00:00Z,0.5781,0.5888,0.5705,0.5877,4531940
2024-08-12T08:00:00Z,0.5878,0.5991,0.5875,0.5897,3926325
2024-08-12T09:00:00Z,0.5896,0.5969,0.5889,0.5943,2828100
2024-08-12T10:00:00Z,0.5943,0.5999,0.5909,0.5994,2317906
2024-08-12T11:00:00Z,0.5994,0.6120,0.5990,0.6118,3258582
2024-08-12T12:00:00Z,0.6118,0.6148,0.6088,0.6135,2954078
2024-08-12T13:00:00Z,0.6135,0.6154,0.5919,0.5940,4214838
2024-08-12T14:00:00Z,0.5941,0.6201,0.5875,0.6177,7252752
2024-08-12T15:00:00Z,0.6175,0.6221,0.6062,0.6163,4787047
2024-08-12T16:00:00Z,0.6163,0.6204,0.6126,0.6169,3237099
2024-08-12T17:00:00Z,0.6169,0.6204,0.6136,0.6139,1747250
2024-08-12T18:00:00Z,0.6139,0.6163,0.6014,0.6022,2164500
2024-08-12T19:00:00Z,0.6023,0.6097,0.6019,0.6059,1657509
2024-08-12T20:00:00Z,0.6060,0.6103,0.6038,0.6049,1412784
2024-08-12T21:00:00Z,0.6050,0.6066,0.5986,0.6057,1273258
2024-08-12T22:00:00Z,0.6057,0.6090,0.6041,0.6064,993554
2024-08-12T23:00:00Z,0.6063,0.6178,0.6063,0.6141,1851507
2024-08-13T00:00:00Z,0.6141,0.6172,0.6109,0.6122,2200134
2024-08-13T01:00:00Z,0.6122,0.6160,0.6091,0.6142,1224801
2024-08-13T02:00:00Z,0.6141,0.6144,0.6062,0.6110,1912031
2024-08-13T03:00:00Z,0.6111,0.6112,0.6008,0.6022,2071891
2024-08-13T04:00:00Z,0.6021,0.6063,0.5988,0.6063,804802
2024-08-13T05:00:00Z,0.6063,0.6078,0.6048,0.6061,542019
2024-08-13T06:00:00Z,0.6062,0.6131,0.6030,0.6116,1631035
2024-08-13T07:00:00Z,0.6116,0.6128,0.6066,0.6069,1168429
2024-08-13T08:00:00Z,0.6070,0.6089,0.6020,0.6040,1055555
2024-08-13T09:00:00Z,0.6038,0.6038,0.5965,0.5997,2335450
2024-08-13T10:00:00Z,0.5996,0.5998,0.5936,0.5983,1674861
2024-08-13T11:00:00Z,0.5982,0.5987,0.5950,0.5983,607585
2024-08-13T12:00:00Z,0.5984,0.6025,0.5963,0.6014,1876749
2024-08-13T13:00:00Z,0.6014,0.6072,0.5973,0.6062,2248385
2024-08-13T14:00:00Z,0.6061,0.6079,0.5976,0.6032,1861054
2024-08-13T15:00:00Z,0.6032,0.6042,0.5973,0.5993,985035
2024-08-13T16:00:00Z,0.5991,0.6142,0.5980,0.6132,2544138
2024-08-13T17:00:00Z,0.6132,0.6155,0.6093,0.6144,3202102
2024-08-13T18:00:00Z,0.6144,0.6150,0.6092,0.6097,1248524
2024-08-13T19:00:00Z,0.6096,0.6119,0.6025,0.6115,1963941
2024-08-13T20:00:00Z,0.6113,0.6124,0.6052,0.6054,1617141
2024-08-13T21:00:00Z,0.6054,0.6125,0.6038,0.6123,1137658
2024-08-13T22:00:00Z,0.6123,0.6130,0.6074,0.6083,1237012
2024-08-13T23:00:00Z,0.6083,0.6085,0.6029,0.6044,1405598
2024-08-14T00:00:00Z,0.6043,0.6053,0.6006,0.6051,1632362
2024-08-14T01:00:00Z,0.6051,0.6057,0.5963,0.5977,1789453
2024-08-14T02:00:00Z,0.5977,0.6029,0.5964,0.6018,1055898
2024-08-14T03:00:00Z,0.6017,0.6059,0.6007,0.6019,1091167
2024-08-14T04:00:00Z,0.6018,0.6041,0.6004,0.6007,1104797
2024-08-14T05:00:00Z,0.6007,0.6034,0.5984,0.5987,1010312
2024-08-14T06:00:00Z,0.5986,0.6023,0.5951,0.5992,1596337
2024-08-14T07:00:00Z,0.5992,0.5998,0.5975,0.5991,778259
2024-08-14T08:00:00Z,0.5992,0.6003,0.5958,0.5981,1236562
2024-08-14T09:00:00Z,0.5982,0.6010,0.5974,0.5983,720760
2024-08-14T10:00:00Z,0.5983,0.6063,0.5980,0.6010,1486156
2024-08-14T11:00:00Z,0.6009,0.6020,0.5975,0.6005,1145890
2024-08-14T12:00:00Z,0.6005,0.6111,0.5972,0.6020,5693224
2024-08-14T13:00:00Z,0.6019,0.6045,0.5847,0.5862,5136423
2024-08-14T14:00:00Z,0.5862,0.5875,0.5753,0.5869,5504681
2024-08-14T15:00:00Z,0.5869,0.5958,0.5847,0.5910,2835689
2024-08-14T16:00:00Z,0.5910,0.5932,0.5841,0.5888,2330870
2024-08-14T17:00:00Z,0.5885,0.5896,0.5862,0.5881,931159
2024-08-14T18:00:00Z,0.5879,0.5918,0.5850,0.5881,957984
2024-08-14T19:00:00Z,0.5881,0.5881,0.5846,0.5861,645220
2024-08-14T20:00:00Z,0.5859,0.5872,0.5849,0.5869,542484
2024-08-14T21:00:00Z,0.5870,0.5892,0.5861,0.5866,581795
2024-08-14T22:00:00Z,0.5866,0.5904,0.5809,0.5897,1638402
2024-08-14T23:00:00Z,0.5898,0.5902,0.5879,0.5884,523821
2024-08-15T00:00:00Z,0.5885,0.5936,0.5880,0.5912,1096131
2024-08-15T01:00:00Z,0.5911,0.5923,0.5858,0.5870,962269
2024-08-15T02:00:00Z,0.5871,0.5927,0.5850,0.5894,1267098
2024-08-15T03:00:00Z,0.5895,0.5923,0.5890,0.5890,457637
2024-08-15T04:00:00Z,0.5890,0.5900,0.5869,0.5894,695312
2024-08-15T05:00:00Z,0.5894,0.5916,0.5842,0.5849,1031784
2024-08-15T06:00:00Z,0.5849,0.5889,0.5817,0.5843,1911763
2024-08-15T07:00:00Z,0.5843,0.5899,0.5821,0.5892,1503860
2024-08-15T08:00:00Z,0.5894,0.5946,0.5879,0.5933,1506978
2024-08-15T09:00:00Z,0.5935,0.5965,0.5904,0.5911,1238609
2024-08-15T10:00:00Z,0.5911,0.5912,0.5887,0.5899,744003
2024-08-15T11:00:00Z,0.5899,0.5968,0.5899,0.5942,1194993
2024-08-15T12:00:00Z,0.5942,0.6002,0.5932,0.5937,2417226
2024-08-15T13:00:00Z,0.5937,0.6005,0.5900,0.5999,1756900
2024-08-15T14:00:00Z,0.5998,0.6044,0.5978,0.6008,1969560
2024-08-15T15:00:00Z,0.6010,0.6029,0.5972,0.5985,1513723
2024-08-15T16:00:00Z,0.5986,0.6007,0.5930,0.5959,1474914
2024-08-15T17:00:00Z,0.5958,0.5965,0.5781,0.5786,2836570
2024-08-15T18:00:00Z,0.5787,0.5787,0.5621,0.5671,7293671
2024-08-15T19:00:00Z,0.5671,0.5710,0.5616,0.5700,3079528
2024-08-15T20:00:00Z,0.5698,0.5698,0.5639,0.5682,2370617
2024-08-15T21:00:00Z,0.5682,0.5699,0.5641,0.5695,1289644
2024-08-15T22:00:00Z,0.5695,0.5746,0.5659,0.5721,1599838
2024-08-15T23:00:00Z,0.5720,0.5745,0.5710,0.5720,1008756
2024-08-16T00:00:00Z,0.5720,0.5736,0.5698,0.5699,1320673
2024-08-16T01:00:00Z,0.5700,0.5725,0.5656,0.5680,1111544
2024-08-16T02:00:00Z,0.5680,0.5772,0.5655,0.5716,1565054
2024-08-16T03:00:00Z,0.5715,0.5724,0.5696,0.5697,710696
2024-08-16T04:00:00Z,0.5696,0.5748,0.5686,0.5745,915086
2024-08-16T05:00:00Z,0.5745,0.5765,0.5739,0.5749,1021802
2024-08-16T06:00:00Z,0.5748,0.5823,0.5738,0.5812,1196309
2024-08-16T07:00:00Z,0.5813,0.5842,0.5782,0.5821,1598532
2024-08-16T08:00:00Z,0.5823,0.5846,0.5789,0.5793,1417716
2024-08-16T09:00:00Z,0.5793,0.5812,0.5777,0.5798,1241557
2024-08-16T10:00:00Z,0.5798,0.5804,0.5776,0.5778,1231333
2024-08-16T11:00:00Z,0.5777,0.5788,0.5726,0.5741,1307030
2024-08-16T12:00:00Z,0.5740,0.5754,0.5572,0.5628,5354726
2024-08-16T13:00:00Z,0.5629,0.5742,0.5614,0.5675,5808035
2024-08-16T14:00:00Z,0.5676,0.5692,0.5549,0.5571,3825242
2024-08-16T15:00:00Z,0.5573,0.5599,0.5470,0.5513,4456731
2024-08-16T16:00:00Z,0.5512,0.5650,0.5491,0.5603,4195687
2024-08-16T17:00:00Z,0.5604,0.5664,0.5504,0.5642,3789495
2024-08-16T18:00:00Z,0.5641,0.5700,0.5620,0.5663,3054187
2024-08-16T19:00:00Z,0.5664,0.5689,0.5640,0.5651,1595875
2024-08-16T20:00:00Z,0.5652,0.5696,0.5619,0.5619,1869893
2024-08-16T21:00:00Z,0.5619,0.5647,0.5608,0.5639,1150124
2024-08-16T22:00:00Z,0.5639,0.5658,0.5617,0.5623,674251
2024-08-16T23:00:00Z,0.5622,0.5626,0.5590,0.5604,714590
2024-08-17T00:00:00Z,0.5603,0.5607,0.5545,0.5588,1546096
2024-08-17T01:00:00Z,0.5588,0.5619,0.5581,0.5602,946125
2024-08-17T02:00:00Z,0.5601,0.5637,0.5597,0.5612,796410
2024-08-17T03:00:00Z,0.5612,0.5624,0.5576,0.5603,718403
2024-08-17T04:00:00Z,0.5604,0.5646,0.5594,0.5628,1011332
2024-08-17T05:00:00Z,0.5627,0.5635,0.5612,0.5624,412817
2024-08-17T06:00:00Z,0.5624,0.5637,0.5616,0.5621,573982
2024-08-17T07:00:00Z,0.5622,0.5629,0.5607,0.5624,606137
2024-08-17T08:00:00Z,0.5623,0.5625,0.5572,0.5604,1084521
2024-08-17T09:00:00Z,0.5604,0.5655,0.5594,0.5627,1833188
2024-08-17T10:00:00Z,0.5627,0.5634,0.5582,0.5584,1378531
2024-08-17T11:00:00Z,0.5583,0.5600,0.5560,0.5598,1335247
2024-08-17T12:00:00Z,0.5597,0.5635,0.5582,0.5629,1458325
2024-08-17T13:00:00Z,0.5629,0.5659,0.5609,0.5619,1804205
2024-08-17T14:00:00Z,0.5619,0.5641,0.5598,0.5634,1110501
2024-08-17T15:00:00Z,0.5634,0.5672,0.5624,0.5630,1645505
2024-08-17T16:00:00Z,0.5629,0.5689,0.5624,0.5685,1587274
2024-08-17T17:00:00Z,0.5685,0.5725,0.5677,0.5680,1725240
2024-08-17T18:00:00Z,0.5680,0.5685,0.5662,0.5683,1405784
2024-08-17T19:00:00Z,0.5682,0.5706,0.5667,0.5701,1248951
2024-08-17T20:00:00Z,0.5701,0.5736,0.5696,0.5726,1245510
2024-08-17T21:00:00Z,0.5725,0.5769,0.5723,0.5767,1529821
2024-08-17T22:00:00Z,0.5769,0.5823,0.5758,0.5802,3383922
2024-08-17T23:00:00Z,0.5802,0.5854,0.5795,0.5848,2170548
2024-08-18T00:00:00Z,0.5848,0.5853,0.5809,0.5833,1431769
2024-08-18T01:00:00Z,0.5834,0.5843,0.5795,0.5805,1617802
2024-08-18T02:00:00Z,0.5806,0.5883,0.5793,0.5877,1286171
2024-08-18T03:00:00Z,0.5879,0.5897,0.5817,0.5818,1158766
2024-08-18T04:00:00Z,0.5817,0.5824,0.5764,0.5799,1246437
2024-08-18T05:00:00Z,0.5799,0.5819,0.5758,0.5773,1057360
2024-08-18T06:00:00Z,0.5774,0.5833,0.5774,0.5828,1243993
2024-08-18T07:00:00Z,0.5827,0.5834,0.5780,0.5798,707295
2024-08-18T08:00:00Z,0.5798,0.5818,0.5779,0.5811,1876427
2024-08-18T09:00:00Z,0.5810,0.5854,0.5803,0.5831,1108118
2024-08-18T10:00:00Z,0.5831,0.5944,0.5827,0.5934,3242450
2024-08-18T11:00:00Z,0.5935,0.5955,0.5901,0.5936,2180395
2024-08-18T12:00:00Z,0.5937,0.6069,0.5930,0.6045,3605987
2024-08-18T13:00:00Z,0.6046,0.6130,0.6022,0.6029,4747964
2024-08-18T14:00:00Z,0.6029,0.6063,0.5991,0.6004,2493526
2024-08-18T15:00:00Z,0.6004,0.6040,0.5966,0.6028,1702461
2024-08-18T16:00:00Z,0.6027,0.6045,0.5967,0.5974,2037949
2024-08-18T17:00:00Z,0.5973,0.5977,0.5900,0.5915,1910885
2024-08-18T18:00:00Z,0.5915,0.5945,0.5910,0.5942,843020
2024-08-18T19:00:00Z,0.5942,0.5949,0.5919,0.5942,686287
2024-08-18T20:00:00Z,0.5943,0.5948,0.5921,0.5939,730181
2024-08-18T21:00:00Z,0.5939,0.5956,0.5900,0.5914,913873
2024-08-18T22:00:00Z,0.5915,0.5955,0.5915,0.5927,841781
2024-08-18T23:00:00Z,0.5926,0.5939,0.5827,0.5841,2492796
2024-08-19T00:00:00Z,0.5840,0.5844,0.5784,0.5792,3108944
2024-08-19T01:00:00Z,0.5792,0.5869,0.5786,0.5838,1845491
2024-08-19T02:00:00Z,0.5839,0.5911,0.5813,0.5905,2427449
2024-08-19T03:00:00Z,0.5905,0.5911,0.5872,0.5895,997140
2024-08-19T04:00:00Z,0.5893,0.5913,0.5868,0.5913,922347
2024-08-19T05:00:00Z,0.5914,0.5914,0.5843,0.5872,902071
2024-08-19T06:00:00Z,0.5872,0.5948,0.5838,0.5938,1731418
2024-08-19T07:00:00Z,0.5938,0.5980,0.5922,0.5927,2071420
2024-08-19T08:00:00Z,0.5926,0.5993,0.5924,0.5968,1877460
2024-08-19T09:00:00Z,0.5967,0.6011,0.5868,0.5877,2939224
2024-08-19T10:00:00Z,0.5877,0.5973,0.5847,0.5929,3156928
2024-08-19T11:00:00Z,0.5931,0.6006,0.5904,0.5996,2087044
2024-08-19T12:00:00Z,0.5995,0.6026,0.5879,0.5894,3483855
2024-08-19T13:00:00Z,0.5895,0.5973,0.5883,0.5899,2229926
2024-08-19T14:00:00Z,0.5900,0.5998,0.5883,0.5959,6789204
2024-08-19T15:00:00Z,0.5960,0.5989,0.5922,0.5929,1667874
2024-08-19T16:00:00Z,0.5927,0.5949,0.5843,0.5909,2124261
2024-08-19T17:00:00Z,0.5910,0.6113,0.5906,0.5930,16383251
2024-08-19T18:00:00Z,0.5931,0.5990,0.5906,0.5967,2456856
2024-08-19T19:00:00Z,0.5967,0.5988,0.5942,0.5972,1676658
2024-08-19T20:00:00Z,0.5972,0.5987,0.5939,0.5940,1616982
2024-08-19T21:00:00Z,0.5941,0.5942,0.5907,0.5916,1416027
2024-08-19T22:00:00Z,0.5916,0.5953,0.5910,0.5931,1509050
2024-08-19T23:00:00Z,0.5932,0.5970,0.5905,0.5957,2982501
2024-08-20T00:00:00Z,0.5956,0.6066,0.5943,0.6023,2953221
2024-08-20T01:00:00Z,0.6021,0.6060,0.6002,0.6021,1753273
2024-08-20T02:00:00Z,0.6021,0.6047,0.6000,0.6029,1137243
2024-08-20T03:00:00Z,0.6029,0.6029,0.5993,0.6007,983184
2024-08-20T04:00:00Z,0.6008,0.6026,0.5943,0.5985,3477480
2024-08-20T05:00:00Z,0.5985,0.6042,0.5982,0.6029,1928146
2024-08-20T06:00:00Z,0.6029,0.6037,0.6006,0.6033,1147897
2024-08-20T07:00:00Z,0.6033,0.6036,0.6004,0.6027,1331831
2024-08-20T08:00:00Z,0.6028,0.6033,0.5963,0.5989,2432582
2024-08-20T09:00:00Z,0.5989,0.6022,0.5981,0.6019,974890
2024-08-20T10:00:00Z,0.6018,0.6040,0.6012,0.6017,1288501
2024-08-20T11:00:00Z,0.6016,0.6020,0.5984,0.6003,1182111
2024-08-20T12:00:00Z,0.6003,0.6032,0.5995,0.6010,1381125
2024-08-20T13:00:00Z,0.6010,0.6042,0.5967,0.6032,2011794
2024-08-20T14:00:00Z,0.6032,0.6038,0.5864,0.5882,5024487
2024-08-20T15:00:00Z,0.5882,0.5897,0.5789,0.5863,5249116
2024-08-20T16:00:00Z,0.5863,0.5915,0.5848,0.5879,1768684
2024-08-20T17:00:00Z,0.5878,0.5939,0.5866,0.5929,1398027
2024-08-20T18:00:00Z,0.5928,0.5990,0.5919,0.5987,1639924
2024-08-20T19:00:00Z,0.5987,0.6053,0.5982,0.6031,1621277
2024-08-20T20:00:00Z,0.6032,0.6101,0.6024,0.6027,1650453
2024-08-20T21:00:00Z,0.6027,0.6045,0.5983,0.6013,1263185
2024-08-20T22:00:00Z,0.6013,0.6063,0.6013,0.6055,990639
2024-08-20T23:00:00Z,0.6054,0.6068,0.6034,0.6043,866550
2024-08-21T00:00:00Z,0.6043,0.6073,0.6013,0.6022,1259665
2024-08-21T01:00:00Z,0.6020,0.6084,0.6000,0.6070,1597617
2024-08-21T02:00:00Z,0.6072,0.6159,0.6070,0.6142,2041366
2024-08-21T03:00:00Z,0.6143,0.6152,0.6094,0.6113,1420094
2024-08-21T04:00:00Z,0.6112,0.6140,0.6106,0.6135,829119
2024-08-21T05:00:00Z,0.6134,0.6186,0.6105,0.6181,1404765
2024-08-21T06:00:00Z,0.6181,0.6255,0.6178,0.6254,2690183
2024-08-21T07:00:00Z,0.6254,0.6334,0.6244,0.6320,4041787
2024-08-21T08:00:00Z,0.6320,0.6336,0.6177,0.6199,3355928
2024-08-21T09:00:00Z,0.6198,0.6200,0.6123,0.6183,3710250
2024-08-21T10:00:00Z,0.6183,0.6238,0.6109,0.6149,2927187
2024-08-21T11:00:00Z,0.6148,0.6161,0.6132,0.6133,1140538
2024-08-21T12:00:00Z,0.6134,0.6143,0.6070,0.6101,2041933
2024-08-21T13:00:00Z,0.6101,0.6173,0.6024,0.6153,3304198
2024-08-21T14:00:00Z,0.6154,0.6185,0.6082,0.6106,3652890
2024-08-21T15:00:00Z,0.6105,0.6179,0.6088,0.6150,2193633
2024-08-21T16:00:00Z,0.6150,0.6181,0.6101,0.6179,1812241
2024-08-21T17:00:00Z,0.6179,0.6370,0.6153,0.6265,10837433
2024-08-21T18:00:00Z,0.6266,0.6367,0.6261,0.6350,3692166
2024-08-21T19:00:00Z,0.6350,0.6392,0.6334,0.6376,3978129
2024-08-21T20:00:00Z,0.6376,0.6441,0.6326,0.6354,3266551
2024-08-21T21:00:00Z,0.6355,0.6366,0.6319,0.6342,1047619
2024-08-21T22:00:00Z,0.6342,0.6348,0.6314,0.6340,736956
2024-08-21T23:00:00Z,0.6341,0.6349,0.6297,0.6329,838621
2024-08-22T00:00:00Z,0.6330,0.6349,0.6314,0.6330,1503409
2024-08-22T01:00:00Z,0.6330,0.6385,0.6302,0.6382,1857239
2024-08-22T02:00:00Z,0.6381,0.6395,0.6289,0.6378,6755877
2024-08-22T03:00:00Z,0.6379,0.6447,0.6359,0.6379,3078479
2024-08-22T04:00:00Z,0.6378,0.6429,0.6366,0.6413,1284166
2024-08-22T05:00:00Z,0.6412,0.6433,0.6383,0.6409,1097108
2024-08-22T06:00:00Z,0.6409,0.6424,0.6393,0.6411,816157
2024-08-22T07:00:00Z,0.6410,0.6489,0.6402,0.6453,2073666
2024-08-22T08:00:00Z,0.6453,0.6467,0.6411,0.6419,1458737
2024-08-22T09:00:00Z,0.6419,0.6440,0.6370,0.6392,1945235
2024-08-22T10:00:00Z,0.6393,0.6453,0.6387,0.6449,962954
2024-08-22T11:00:00Z,0.6450,0.6451,0.6339,0.6393,3255907
2024-08-22T12:00:00Z,0.6393,0.6531,0.6300,0.6318,8287520
2024-08-22T13:00:00Z,0.6318,0.6367,0.6303,0.6344,2561272
2024-08-22T14:00:00Z,0.6345,0.6347,0.6285,0.6324,2379768
2024-08-22T15:00:00Z,0.6323,0.6359,0.6283,0.6302,1556957
2024-08-22T16:00:00Z,0.6302,0.6347,0.6290,0.6320,1105518
2024-08-22T17:00:00Z,0.6320,0.6347,0.6297,0.6300,717776
2024-08-22T18:00:00Z,0.6300,0.6347,0.6294,0.6312,719175
2024-08-22T19:00:00Z,0.6312,0.6326,0.6289,0.6301,518162
2024-08-22T20:00:00Z,0.6302,0.6357,0.6302,0.6352,1025346
2024-08-22T21:00:00Z,0.6352,0.6366,0.6328,0.6328,625131
2024-08-22T22:00:00Z,0.6329,0.6354,0.6315,0.6347,718044
2024-08-22T23:00:00Z,0.6348,0.6353,0.6320,0.6349,533206
2024-08-23T00:00:00Z,0.6350,0.6419,0.6344,0.6377,1255418
2024-08-23T01:00:00Z,0.6376,0.6409,0.6356,0.6390,913259
2024-08-23T02:00:00Z,0.6391,0.6451,0.6378,0.6410,1312166
2024-08-23T03:00:00Z,0.6409,0.6475,0.6404,0.6457,1011531
2024-08-23T04:00:00Z,0.6457,0.6477,0.6429,0.6443,835795
2024-08-23T05:00:00Z,0.6442,0.6520,0.6440,0.6490,1408009
2024-08-23T06:00:00Z,0.6490,0.6524,0.6465,0.6500,1013841
2024-08-23T07:00:00Z,0.6501,0.6559,0.6500,0.6523,1871472
2024-08-23T08:00:00Z,0.6523,0.6595,0.6520,0.6592,1514691
2024-08-23T09:00:00Z,0.6592,0.6596,0.6532,0.6549,1401602
2024-08-23T10:00:00Z,0.6550,0.6562,0.6535,0.6539,1044195
2024-08-23T11:00:00Z,0.6538,0.6538,0.6483,0.6489,1475130
2024-08-23T12:00:00Z,0.6490,0.6555,0.6489,0.6543,1230890
2024-08-23T13:00:00Z,0.6543,0.6616,0.6532,0.6598,1650545
2024-08-23T14:00:00Z,0.6599,0.6712,0.6523,0.6583,6299093
2024-08-23T15:00:00Z,0.6582,0.6754,0.6572,0.6717,4378959
2024-08-23T16:00:00Z,0.6716,0.6779,0.6697,0.6752,2530498
2024-08-23T17:00:00Z,0.6753,0.6890,0.6746,0.6844,2520575
2024-08-23T18:00:00Z,0.6843,0.6878,0.6805,0.6831,2831642
2024-08-23T19:00:00Z,0.6834,0.6916,0.6828,0.6877,1576348
2024-08-23T20:00:00Z,0.6877,0.6939,0.6876,0.6924,1467238
2024-08-23T21:00:00Z,0.6923,0.7100,0.6915,0.7072,4899377
2024-08-23T22:00:00Z,0.7072,0.7160,0.7059,0.7087,3144523
2024-08-23T23:00:00Z,0.7087,0.7147,0.7081,0.7142,1790884
2024-08-24T00:00:00Z,0.7144,0.7188,0.7107,0.7112,2904573
2024-08-24T01:00:00Z,0.7111,0.7116,0.7049,0.7085,2073839
2024-08-24T02:00:00Z,0.7085,0.7124,0.7069,0.7077,1137106
2024-08-24T03:00:00Z,0.7076,0.7104,0.7033,0.7080,1930108
2024-08-24T04:00:00Z,0.7080,0.7105,0.7043,0.7046,981340
2024-08-24T05:00:00Z,0.7045,0.7094,0.7037,0.7088,1153723
2024-08-24T06:00:00Z,0.7088,0.7096,0.7034,0.7034,1085179
2024-08-24T07:00:00Z,0.7034,0.7069,0.7019,0.7058,1383230
2024-08-24T08:00:00Z,0.7057,0.7109,0.7031,0.7102,1437316
2024-08-24T09:00:00Z,0.7102,0.7194,0.7086,0.7182,2345035
2024-08-24T10:00:00Z,0.7181,0.7424,0.7170,0.7295,7171486
2024-08-24T11:00:00Z,0.7296,0.7442,0.7294,0.7337,5278390
2024-08-24T12:00:00Z,0.7335,0.7365,0.7276,0.7304,2512407
2024-08-24T13:00:00Z,0.7305,0.7395,0.7291,0.7354,2873694
2024-08-24T14:00:00Z,0.7353,0.7516,0.7337,0.7513,3706437
2024-08-24T15:00:00Z,0.7515,0.7699,0.7501,0.7548,10006214
2024-08-24T16:00:00Z,0.7548,0.7751,0.7532,0.7730,5636167
2024-08-24T17:00:00Z,0.7729,0.7992,0.7688,0.7718,11862512
2024-08-24T18:00:00Z,0.7717,0.7776,0.7641,0.7740,5135317
2024-08-24T19:00:00Z,0.7743,0.7861,0.7741,0.7798,3479197
2024-08-24T20:00:00Z,0.7797,0.7811,0.7727,0.7758,1784955
2024-08-24T21:00:00Z,0.7757,0.7757,0.7468,0.7496,5129266
2024-08-24T22:00:00Z,0.7496,0.7578,0.7486,0.7509,2732244
2024-08-24T23:00:00Z,0.7510,0.7601,0.7509,0.7587,1553281
2024-08-25T00:00:00Z,0.7587,0.7598,0.7378,0.7392,3074450
2024-08-25T01:00:00Z,0.7392,0.7467,0.7250,0.7330,3539792
2024-08-25T02:00:00Z,0.7330,0.7418,0.7330,0.7401,1734265
2024-08-25T03:00:00Z,0.7402,0.7418,0.7305,0.7373,1698754
2024-08-25T04:00:00Z,0.7373,0.7399,0.7272,0.7392,1954598
2024-08-25T05:00:00Z,0.7392,0.7447,0.7386,0.7391,1825309
2024-08-25T06:00:00Z,0.7392,0.7422,0.7320,0.7354,1707248
2024-08-25T07:00:00Z,0.7354,0.7354,0.7130,0.7205,7220727
2024-08-25T08:00:00Z,0.7204,0.7280,0.7151,0.7246,2608136
2024-08-25T09:00:00Z,0.7246,0.7286,0.7201,0.7280,2220980
2024-08-25T10:00:00Z,0.7281,0.7294,0.7192,0.7247,3199149
2024-08-25T11:00:00Z,0.7248,0.7390,0.7247,0.7298,2837503
2024-08-25T12:00:00Z,0.7300,0.7357,0.7299,0.7340,1418223
2024-08-25T13:00:00Z,0.7341,0.7413,0.7310,0.7349,2669651
2024-08-25T14:00:00Z,0.7350,0.7397,0.7332,0.7368,1392650
2024-08-25T15:00:00Z,0.7367,0.7448,0.7344,0.7383,2314984
2024-08-25T16:00:00Z,0.7382,0.7436,0.7297,0.7320,2655429
2024-08-25T17:00:00Z,0.7320,0.7395,0.7314,0.7348,1184255
2024-08-25T18:00:00Z,0.7348,0.7386,0.7306,0.7353,1086473
2024-08-25T19:00:00Z,0.7352,0.7367,0.7329,0.7362,492448
2024-08-25T20:00:00Z,0.7362,0.7390,0.7331,0.7370,773784
2024-08-25T21:00:00Z,0.7370,0.7440,0.7347,0.7426,1214088
2024-08-25T22:00:00Z,0.7427,0.7448,0.7356,0.7382,1106363
2024-08-25T23:00:00Z,0.7381,0.7428,0.7266,0.7297,1981794
2024-08-26T00:00:00Z,0.7299,0.7374,0.7268,0.7319,1492363
2024-08-26T01:00:00Z,0.7321,0.7335,0.7239,0.7257,1592452
2024-08-26T02:00:00Z,0.7256,0.7284,0.7188,0.7278,1785566
2024-08-26T03:00:00Z,0.7278,0.7319,0.7251,0.7318,996777
2024-08-26T04:00:00Z,0.7317,0.7359,0.7286,0.7332,1102099
2024-08-26T05:00:00Z,0.7333,0.7333,0.7253,0.7271,1007098
2024-08-26T06:00:00Z,0.7272,0.7283,0.7189,0.7230,1688549
2024-08-26T07:00:00Z,0.7230,0.7277,0.7167,0.7198,1621613
2024-08-26T08:00:00Z,0.7198,0.7269,0.7193,0.7219,1223151
2024-08-26T09:00:00Z,0.7220,0.7285,0.7111,0.7280,2198242
2024-08-26T10:00:00Z,0.7281,0.7334,0.7224,0.7230,2128687
2024-08-26T11:00:00Z,0.7229,0.7296,0.7204,0.7222,1369503
2024-08-26T12:00:00Z,0.7223,0.7236,0.7052,0.7089,3351325
2024-08-26T13:00:00Z,0.7088,0.7157,0.7044,0.7090,2728930
2024-08-26T14:00:00Z,0.7090,0.7150,0.7020,0.7112,2465301
2024-08-26T15:00:00Z,0.7112,0.7112,0.6980,0.7012,1734769
2024-08-26T16:00:00Z,0.7010,0.7065,0.6966,0.7028,1894909
2024-08-26T17:00:00Z,0.7027,0.7062,0.6882,0.6904,3133245
2024-08-26T18:00:00Z,0.6907,0.6994,0.6843,0.6951,2911108
2024-08-26T19:00:00Z,0.6949,0.6971,0.6891,0.6911,1058853
2024-08-26T20:00:00Z,0.6912,0.6978,0.6864,0.6927,1300658
2024-08-26T21:00:00Z,0.6926,0.6931,0.6829,0.6870,1480067
2024-08-26T22:00:00Z,0.6870,0.6898,0.6850,0.6892,694776
2024-08-26T23:00:00Z,0.6889,0.6942,0.6865,0.6868,1339847
2024-08-27T00:00:00Z,0.6869,0.6973,0.6869,0.6925,1366044
2024-08-27T01:00:00Z,0.6924,0.7071,0.6920,0.7008,2209371
2024-08-27T02:00:00Z,0.7008,0.7082,0.6980,0.7003,935302
2024-08-27T03:00:00Z,0.7003,0.7057,0.6987,0.7044,829535
2024-08-27T04:00:00Z,0.7043,0.7080,0.7003,0.7051,873303
2024-08-27T05:00:00Z,0.7049,0.7175,0.7047,0.7171,1264094
2024-08-27T06:00:00Z,0.7171,0.7215,0.7034,0.7039,3041911
2024-08-27T07:00:00Z,0.7040,0.7081,0.7012,0.7053,1749204
2024-08-27T08:00:00Z,0.7053,0.7083,0.6958,0.7035,1791685
2024-08-27T09:00:00Z,0.7036,0.7073,0.6948,0.6990,1747477
2024-08-27T10:00:00Z,0.6989,0.6992,0.6850,0.6885,2469780
2024-08-27T11:00:00Z,0.6884,0.6944,0.6852,0.6893,1572028
2024-08-27T12:00:00Z,0.6892,0.6914,0.6806,0.6912,2090472
2024-08-27T13:00:00Z,0.6911,0.6946,0.6863,0.6866,1621391
2024-08-27T14:00:00Z,0.6867,0.6945,0.6796,0.6871,2105790
2024-08-27T15:00:00Z,0.6870,0.6916,0.6833,0.6884,1235803
2024-08-27T16:00:00Z,0.6881,0.7001,0.6832,0.6898,2704259
2024-08-27T17:00:00Z,0.6898,0.6938,0.6868,0.6908,1216867
2024-08-27T18:00:00Z,0.6908,0.6995,0.6891,0.6990,1274792
2024-08-27T19:00:00Z,0.6989,0.7000,0.6882,0.6898,1238836
2024-08-27T20:00:00Z,0.6897,0.6904,0.6843,0.6846,876438
2024-08-27T21:00:00Z,0.6847,0.6862,0.6526,0.6658,5517001
2024-08-27T22:00:00Z,0.6657,0.6658,0.6425,0.6600,5986753
2024-08-27T23:00:00Z,0.6599,0.6662,0.6553,0.6626,1967387
2024-08-28T00:00:00Z,0.6627,0.6652,0.6563,0.6611,1841966
2024-08-28T01:00:00Z,0.6613,0.6634,0.6548,0.6623,1757342
2024-08-28T02:00:00Z,0.6623,0.6624,0.6525,0.6574,1021407
2024-08-28T03:00:00Z,0.6574,0.6673,0.6568,0.6660,989306
2024-08-28T04:00:00Z,0.6658,0.6661,0.6597,0.6601,897999
2024-08-28T05:00:00Z,0.6601,0.6658,0.6590,0.6611,814508
2024-08-28T06:00:00Z,0.6611,0.6638,0.6580,0.6595,651814
2024-08-28T07:00:00Z,0.6592,0.6607,0.6476,0.6481,1873972
2024-08-28T08:00:00Z,0.6481,0.6645,0.6438,0.6601,2054654
2024-08-28T09:00:00Z,0.6600,0.6911,0.6600,0.6900,2938687
2024-08-28T10:00:00Z,0.6900,0.6925,0.6813,0.6820,3588763
2024-08-28T11:00:00Z,0.6821,0.6856,0.6794,0.6801,1816538
2024-08-28T12:00:00Z,0.6800,0.6853,0.6771,0.6783,1545545
2024-08-28T13:00:00Z,0.6782,0.6790,0.6610,0.6629,3257671
2024-08-28T14:00:00Z,0.6630,0.6792,0.6614,0.6691,4579618
2024-08-28T15:00:00Z,0.6690,0.6690,0.6513,0.6558,3708520
2024-08-28T16:00:00Z,0.6557,0.6565,0.6338,0.6552,7711242
2024-08-28T17:00:00Z,0.6552,0.6583,0.6448,0.6469,3043662
2024-08-28T18:00:00Z,0.6468,0.6595,0.6414,0.6591,3571662
2024-08-28T19:00:00Z,0.6591,0.6639,0.6483,0.6497,2182867
2024-08-28T20:00:00Z,0.6497,0.6611,0.6445,0.6489,3497552
2024-08-28T21:00:00Z,0.6491,0.6532,0.6434,0.6435,1065862
2024-08-28T22:00:00Z,0.6434,0.6441,0.6325,0.6379,2026387
2024-08-28T23:00:00Z,0.6378,0.6444,0.6361,0.6390,1398505
2024-08-29T00:00:00Z,0.6390,0.6490,0.6384,0.6471,1933775
2024-08-29T01:00:00Z,0.6470,0.6516,0.6397,0.6430,1531417
2024-08-29T02:00:00Z,0.6431,0.6454,0.6381,0.6445,1029873
2024-08-29T03:00:00Z,0.6445,0.6451,0.6403,0.6420,719655
2024-08-29T04:00:00Z,0.6421,0.6437,0.6370,0.6412,1280673
2024-08-29T05:00:00Z,0.6411,0.6511,0.6392,0.6501,1107990
2024-08-29T06:00:00Z,0.6501,0.6533,0.6456,0.6478,1538024
2024-08-29T07:00:00Z,0.6477,0.6519,0.6463,0.6464,1414954
2024-08-29T08:00:00Z,0.6463,0.6476,0.6404,0.6421,1357847
2024-08-29T09:00:00Z,0.6421,0.6458,0.6402,0.6406,1474384
2024-08-29T10:00:00Z,0.6407,0.6454,0.6402,0.6423,1164838
2024-08-29T11:00:00Z,0.6424,0.6564,0.6403,0.6479,1855466
2024-08-29T12:00:00Z,0.6478,0.6553,0.6466,0.6510,1871547
2024-08-29T13:00:00Z,0.6509,0.6535,0.6440,0.6526,2717725
2024-08-29T14:00:00Z,0.6526,0.6546,0.6371,0.6377,3231405
2024-08-29T15:00:00Z,0.6377,0.6527,0.6375,0.6460,3994943
2024-08-29T16:00:00Z,0.6461,0.6506,0.6346,0.6365,2658489
2024-08-29T17:00:00Z,0.6365,0.6406,0.6334,0.6373,1518288
2024-08-29T18:00:00Z,0.6373,0.6374,0.6146,0.6160,6767340
2024-08-29T19:00:00Z,0.6160,0.6234,0.6123,0.6191,2511595
2024-08-29T20:00:00Z,0.6191,0.6244,0.6183,0.6243,1176433
2024-08-29T21:00:00Z,0.6244,0.6247,0.6187,0.6198,963995
2024-08-29T22:00:00Z,0.6198,0.6213,0.6128,0.6201,1672868
2024-08-29T23:00:00Z,0.6201,0.6268,0.6183,0.6259,1611478
2024-08-30T00:00:00Z,0.6258,0.6315,0.6220,0.6268,1901932
2024-08-30T01:00:00Z,0.6268,0.6284,0.6199,0.6233,1454781
2024-08-30T02:00:00Z,0.6235,0.6261,0.6190,0.6236,1244194
2024-08-30T03:00:00Z,0.6237,0.6256,0.6203,0.6236,1450128
2024-08-30T04:00:00Z,0.6235,0.6313,0.6232,0.6295,1587130
2024-08-30T05:00:00Z,0.6294,0.6303,0.6229,0.6270,1806751
2024-08-30T06:00:00Z,0.6271,0.6335,0.6251,0.6329,1896898
2024-08-30T07:00:00Z,0.6329,0.6361,0.6271,0.6291,1381261
2024-08-30T08:00:00Z,0.6291,0.6336,0.6285,0.6310,1004144
2024-08-30T09:00:00Z,0.6309,0.6363,0.6293,0.6345,1386265
2024-08-30T10:00:00Z,0.6344,0.6360,0.6286,0.6318,1378935
2024-08-30T11:00:00Z,0.6317,0.6354,0.6297,0.6303,1277670
2024-08-30T12:00:00Z,0.6303,0.6379,0.6290,0.6335,2208891
2024-08-30T13:00:00Z,0.6334,0.6362,0.6227,0.6323,2712625
2024-08-30T14:00:00Z,0.6324,0.6363,0.6127,0.6141,3690112
2024-08-30T15:00:00Z,0.6136,0.6180,0.6018,0.6055,5532961
2024-08-30T16:00:00Z,0.6056,0.6208,0.6030,0.6200,3453497
2024-08-30T17:00:00Z,0.6200,0.6239,0.6159,0.6205,1620919
2024-08-30T18:00:00Z,0.6206,0.6390,0.6191,0.6382,3324429
2024-08-30T19:00:00Z,0.6382,0.6385,0.6266,0.6291,1815147
2024-08-30T20:00:00Z,0.6291,0.6336,0.6258,0.6293,1457382
2024-08-30T21:00:00Z,0.6292,0.6335,0.6283,0.6314,840966
2024-08-30T22:00:00Z,0.6313,0.6362,0.6306,0.6352,849715
2024-08-30T23:00:00Z,0.6352,0.6365,0.6334,0.6341,610939
2024-08-31T00:00:00Z,0.6341,0.6385,0.6326,0.6341,1422491
2024-08-31T01:00:00Z,0.6340,0.6388,0.6328,0.6352,1359273
2024-08-31T02:00:00Z,0.6353,0.6375,0.6326,0.6362,759459
2024-08-31T03:00:00Z,0.6363,0.6390,0.6345,0.6369,660957
2024-08-31T04:00:00Z,0.6370,0.6421,0.6362,0.6420,967857
2024-08-31T05:00:00Z,0.6420,0.6420,0.6366,0.6367,794136
2024-08-31T06:00:00Z,0.6368,0.6380,0.6352,0.6361,855116
2024-08-31T07:00:00Z,0.6361,0.6366,0.6325,0.6346,693743
2024-08-31T08:00:00Z,0.6347,0.6354,0.6214,0.6216,2051591
2024-08-31T09:00:00Z,0.6218,0.6254,0.6209,0.6222,1165277
2024-08-31T10:00:00Z,0.6221,0.6273,0.6218,0.6264,667249
2024-08-31T11:00:00Z,0.6265,0.6280,0.6245,0.6253,688749
2024-08-31T12:00:00Z,0.6253,0.6258,0.6216,0.6228,1026544
2024-08-31T13:00:00Z,0.6228,0.6240,0.6173,0.6180,1312497
2024-08-31T14:00:00Z,0.6180,0.6239,0.6174,0.6207,1226318
2024-08-31T15:00:00Z,0.6208,0.6214,0.6158,0.6175,946297
2024-08-31T16:00:00Z,0.6175,0.6184,0.6110,0.6132,1590284
2024-08-31T17:00:00Z,0.6132,0.6142,0.6028,0.6076,2895142
2024-08-31T18:00:00Z,0.6075,0.6142,0.6065,0.6082,1636941
2024-08-31T19:00:00Z,0.6081,0.6082,0.6043,0.6062,1120352
2024-08-31T20:00:00Z,0.6061,0.6102,0.6045,0.6078,1239840
2024-08-31T21:00:00Z,0.6079,0.6131,0.6065,0.6112,795088
2024-08-31T22:00:00Z,0.6111,0.6119,0.6078,0.6082,892106
2024-08-31T23:00:00Z,0.6081,0.6093,0.6057,0.6062,652484
2024-09-01T00:00:00Z,0.6062,0.6099,0.6060,0.6081,867088
2024-09-01T01:00:00Z,0.6080,0.6100,0.5988,0.5993,1801064
2024-09-01T02:00:00Z,0.5993,0.5998,0.5935,0.5996,2828387
2024-09-01T03:00:00Z,0.5997,0.6055,0.5981,0.5990,3098364
2024-09-01T04:00:00Z,0.5991,0.6040,0.5978,0.6031,1205585
2024-09-01T05:00:00Z,0.6031,0.6049,0.5949,0.5965,2013917
2024-09-01T06:00:00Z,0.5965,0.6025,0.5956,0.5997,985889
2024-09-01T07:00:00Z,0.5996,0.6054,0.5985,0.6048,984256
2024-09-01T08:00:00Z,0.6048,0.6056,0.5998,0.6005,773610
2024-09-01T09:00:00Z,0.6005,0.6044,0.5987,0.6006,899890
2024-09-01T10:00:00Z,0.6006,0.6018,0.5946,0.5955,1366228
2024-09-01T11:00:00Z,0.5955,0.5992,0.5939,0.5990,851604
2024-09-01T12:00:00Z,0.5990,0.5998,0.5918,0.5932,1399171
2024-09-01T13:00:00Z,0.5932,0.5964,0.5853,0.5924,2510880
2024-09-01T14:00:00Z,0.5924,0.5955,0.5816,0.5918,3437926
2024-09-01T15:00:00Z,0.5917,0.5992,0.5891,0.5976,1824575
2024-09-01T16:00:00Z,0.5975,0.6009,0.5901,0.5905,1904396
2024-09-01T17:00:00Z,0.5905,0.5917,0.5806,0.5853,2362031
2024-09-01T18:00:00Z,0.5852,0.5966,0.5848,0.5940,2107512
2024-09-01T19:00:00Z,0.5940,0.5984,0.5895,0.5939,1251630
2024-09-01T20:00:00Z,0.5938,0.5982,0.5909,0.5919,1197641
2024-09-01T21:00:00Z,0.5917,0.5919,0.5852,0.5886,956154
2024-09-01T22:00:00Z,0.5886,0.5892,0.5631,0.5660,5200132
2024-09-01T23:00:00Z,0.5659,0.5714,0.5648,0.5683,2796788
2024-09-02T00:00:00Z,0.5681,0.5744,0.5648,0.5708,2260521
2024-09-02T01:00:00Z,0.5708,0.5765,0.5687,0.5711,1589143
2024-09-02T02:00:00Z,0.5710,0.5797,0.5682,0.5705,3050216
2024-09-02T03:00:00Z,0.5704,0.5744,0.5695,0.5732,1106053
2024-09-02T04:00:00Z,0.5731,0.5747,0.5657,0.5662,1238665
2024-09-02T05:00:00Z,0.5662,0.5757,0.5660,0.5729,1568031
2024-09-02T06:00:00Z,0.5728,0.5752,0.5702,0.5710,946587
2024-09-02T07:00:00Z,0.5710,0.5726,0.5636,0.5667,1752404
2024-09-02T08:00:00Z,0.5665,0.5794,0.5664,0.5763,2764088
2024-09-02T09:00:00Z,0.5762,0.5869,0.5728,0.5860,2667850
2024-09-02T10:00:00Z,0.5859,0.5935,0.5857,0.5912,2581708
2024-09-02T11:00:00Z,0.5912,0.5929,0.5874,0.5882,1365356
2024-09-02T12:00:00Z,0.5882,0.5912,0.5851,0.5860,1204837
2024-09-02T13:00:00Z,0.5859,0.5876,0.5802,0.5820,1596644
2024-09-02T14:00:00Z,0.5819,0.5934,0.5777,0.5927,2867027
2024-09-02T15:00:00Z,0.5928,0.5947,0.5896,0.5901,1499511
2024-09-02T16:00:00Z,0.5901,0.5957,0.5866,0.5869,1515381
2024-09-02T17:00:00Z,0.5869,0.5951,0.5867,0.5942,1217289
2024-09-02T18:00:00Z,0.5944,0.5961,0.5898,0.5917,1315425
2024-09-02T19:00:00Z,0.5916,0.5923,0.5892,0.5908,727197
2024-09-02T20:00:00Z,0.5908,0.6042,0.5896,0.6013,1729922
2024-09-02T21:00:00Z,0.6015,0.6052,0.5987,0.6010,1548895
2024-09-02T22:00:00Z,0.6010,0.6031,0.5991,0.6008,929276
2024-09-02T23:00:00Z,0.6008,0.6022,0.5990,0.6012,684285
2024-09-03T00:00:00Z,0.6012,0.6025,0.5987,0.6023,797784
2024-09-03T01:00:00Z,0.6022,0.6062,0.6006,0.6058,1137672
2024-09-03T02:00:00Z,0.6058,0.6128,0.6045,0.6057,1786005
2024-09-03T03:00:00Z,0.6057,0.6087,0.6036,0.6043,734327
2024-09-03T04:00:00Z,0.6043,0.6050,0.5993,0.6010,843477
2024-09-03T05:00:00Z,0.6008,0.6041,0.5987,0.6037,805476
2024-09-03T06:00:00Z,0.6036,0.6036,0.5965,0.5971,999620
2024-09-03T07:00:00Z,0.5971,0.6054,0.5971,0.6047,1088625
2024-09-03T08:00:00Z,0.6048,0.6065,0.5997,0.6007,1675057
2024-09-03T09:00:00Z,0.6007,0.6046,0.6004,0.6012,998705
2024-09-03T10:00:00Z,0.6013,0.6088,0.6007,0.6063,1492669
2024-09-03T11:00:00Z,0.6063,0.6083,0.6042,0.6062,1179693
2024-09-03T12:00:00Z,0.6063,0.6120,0.6059,0.6089,1368522
2024-09-03T13:00:00Z,0.6089,0.6127,0.5947,0.5974,3618437
2024-09-03T14:00:00Z,0.5974,0.5984,0.5910,0.5938,3514384
2024-09-03T15:00:00Z,0.5938,0.5967,0.5876,0.5888,2211351
2024-09-03T16:00:00Z,0.5888,0.5962,0.5873,0.5935,1919395
2024-09-03T17:00:00Z,0.5936,0.6003,0.5934,0.5945,1526491
2024-09-03T18:00:00Z,0.5943,0.5957,0.5914,0.5927,1626134
2024-09-03T19:00:00Z,0.5927,0.5990,0.5921,0.5953,1152514
2024-09-03T20:00:00Z,0.5954,0.5989,0.5949,0.5982,976862
2024-09-03T21:00:00Z,0.5982,0.5982,0.5921,0.5942,675738
2024-09-03T22:00:00Z,0.5942,0.5953,0.5914,0.5914,964316
2024-09-03T23:00:00Z,0.5913,0.5943,0.5874,0.5883,2282887
2024-09-04T00:00:00Z,0.5883,0.5951,0.5830,0.5836,2560825
2024-09-04T01:00:00Z,0.5839,0.5868,0.5635,0.5844,7460121
2024-09-04T02:00:00Z,0.5843,0.5875,0.5818,0.5829,1886559
2024-09-04T03:00:00Z,0.5830,0.5903,0.5828,0.5889,861292
2024-09-04T04:00:00Z,0.5889,0.5903,0.5852,0.5902,902454
2024-09-04T05:00:00Z,0.5902,0.5904,0.5840,0.5843,1044691
2024-09-04T06:00:00Z,0.5843,0.5929,0.5835,0.5904,1876483
2024-09-04T07:00:00Z,0.5904,0.5995,0.5876,0.5944,2611690
2024-09-04T08:00:00Z,0.5944,0.5983,0.5916,0.5969,1412854
2024-09-04T09:00:00Z,0.5969,0.5991,0.5943,0.5946,1422071
2024-09-04T10:00:00Z,0.5948,0.5958,0.5858,0.5860,2210287
2024-09-04T11:00:00Z,0.5860,0.5899,0.5848,0.5877,1816516
2024-09-04T12:00:00Z,0.5877,0.5899,0.5838,0.5862,3241402
2024-09-04T13:00:00Z,0.5861,0.5875,0.5804,0.5858,3254060
2024-09-04T14:00:00Z,0.5858,0.6062,0.5823,0.6031,5538821
2024-09-04T15:00:00Z,0.6033,0.6108,0.5988,0.6099,3416505
2024-09-04T16:00:00Z,0.6098,0.6146,0.6052,0.6111,3335450
2024-09-04T17:00:00Z,0.6109,0.6123,0.6022,0.6035,1853581
2024-09-04T18:00:00Z,0.6035,0.6068,0.5997,0.6015,1382409
2024-09-04T19:00:00Z,0.6015,0.6074,0.6010,0.6061,1501015
2024-09-04T20:00:00Z,0.6061,0.6063,0.5992,0.6026,1409379
2024-09-04T21:00:00Z,0.6026,0.6072,0.6013,0.6059,768287
2024-09-04T22:00:00Z,0.6060,0.6095,0.6041,0.6051,1642298
2024-09-04T23:00:00Z,0.6051,0.6093,0.6045,0.6061,1274232
2024-09-05T00:00:00Z,0.6060,0.6115,0.6044,0.6086,1085631
2024-09-05T01:00:00Z,0.6086,0.6210,0.6083,0.6175,4184553
2024-09-05T02:00:00Z,0.6176,0.6195,0.6083,0.6090,1780280
2024-09-05T03:00:00Z,0.6090,0.6100,0.6013,0.6082,4121513
2024-09-05T04:00:00Z,0.6081,0.6186,0.6051,0.6183,2535503
2024-09-05T05:00:00Z,0.6183,0.6203,0.6153,0.6195,1999498
2024-09-05T06:00:00Z,0.6195,0.6282,0.6115,0.6247,5351318
2024-09-05T07:00:00Z,0.6248,0.6346,0.6243,0.6324,5271257
2024-09-05T08:00:00Z,0.6324,0.6384,0.6267,0.6289,4370164
2024-09-05T09:00:00Z,0.6289,0.6309,0.6242,0.6261,2711788
2024-09-05T10:00:00Z,0.6261,0.6324,0.6252,0.6305,1877101
2024-09-05T11:00:00Z,0.6306,0.6375,0.6305,0.6358,3677652
2024-09-05T12:00:00Z,0.6357,0.6409,0.6288,0.6358,5889392
2024-09-05T13:00:00Z,0.6359,0.6431,0.6337,0.6422,6927742
2024-09-05T14:00:00Z,0.6423,0.6459,0.6349,0.6361,6828851
2024-09-05T15:00:00Z,0.6360,0.6574,0.6300,0.6541,22184238
2024-09-05T16:00:00Z,0.6540,0.6668,0.6457,0.6505,28091471
2024-09-05T17:00:00Z,0.6505,0.6551,0.6453,0.6532,13526052
2024-09-05T18:00:00Z,0.6532,0.6593,0.6522,0.6561,9448750
2024-09-05T19:00:00Z,0.6560,0.6581,0.6476,0.6491,13576174
2024-09-05T20:00:00Z,0.6491,0.6538,0.6443,0.6462,10364068
2024-09-05T21:00:00Z,0.6462,0.6554,0.6451,0.6508,6585792
2024-09-05T22:00:00Z,0.6508,0.6549,0.6452,0.6517,6424478
2024-09-05T23:00:00Z,0.6517,0.6547,0.6470,0.6483,3874285
2024-09-06T00:00:00Z,0.6482,0.6551,0.6456,0.6541,5210847
2024-09-06T01:00:00Z,0.6541,0.6541,0.6458,0.6511,5751336
2024-09-06T02:00:00Z,0.6511,0.6547,0.6467,0.6473,4645568
2024-09-06T03:00:00Z,0.6474,0.6474,0.6401,0.6425,6301044
2024-09-06T04:00:00Z,0.6425,0.6481,0.6423,0.6425,3710273
2024-09-06T05:00:00Z,0.6425,0.6439,0.6364,0.6388,5817339
2024-09-06T06:00:00Z,0.6389,0.6416,0.6356,0.6409,3835346
2024-09-06T07:00:00Z,0.6410,0.6412,0.6276,0.6321,8974346
2024-09-06T08:00:00Z,0.6320,0.6327,0.6230,0.6253,4766715
2024-09-06T09:00:00Z,0.6253,0.6286,0.6216,0.6281,3853572
2024-09-06T10:00:00Z,0.6282,0.6330,0.6275,0.6304,3617389
2024-09-06T11:00:00Z,0.6304,0.6316,0.6248,0.6263,3205572
2024-09-06T12:00:00Z,0.6262,0.6440,0.6230,0.6375,7109158
2024-09-06T13:00:00Z,0.6375,0.6390,0.6238,0.6243,6451825
2024-09-06T14:00:00Z,0.6243,0.6296,0.6182,0.6287,8464509
2024-09-06T15:00:00Z,0.6287,0.6374,0.6227,0.6368,7119304
2024-09-06T16:00:00Z,0.6367,0.6377,0.6277,0.6328,5532658
2024-09-06T17:00:00Z,0.6328,0.6415,0.6310,0.6359,4536281
2024-09-06T18:00:00Z,0.6359,0.6403,0.6307,0.6308,4393598
2024-09-06T19:00:00Z,0.6308,0.6379,0.6295,0.6337,6503602
2024-09-06T20:00:00Z,0.6336,0.6373,0.6139,0.6154,9587933
2024-09-06T21:00:00Z,0.6155,0.6337,0.6097,0.6336,8453303
2024-09-06T22:00:00Z,0.6336,0.6375,0.6306,0.6341,2086098
2024-09-06T23:00:00Z,0.6340,0.6403,0.6331,0.6371,2078673
2024-09-07T00:00:00Z,0.6372,0.6411,0.6340,0.6357,2263627
2024-09-07T01:00:00Z,0.6358,0.6387,0.6345,0.6353,1267302
2024-09-07T02:00:00Z,0.6353,0.6382,0.6334,0.6359,1216633
2024-09-07T03:00:00Z,0.6360,0.6392,0.6352,0.6366,842248
2024-09-07T04:00:00Z,0.6366,0.6379,0.6335,0.6379,1504249
2024-09-07T05:00:00Z,0.6379,0.6459,0.6362,0.6439,2657757
2024-09-07T06:00:00Z,0.6440,0.6545,0.6432,0.6536,3184967
2024-09-07T07:00:00Z,0.6537,0.6638,0.6489,0.6607,4345262
2024-09-07T08:00:00Z,0.6606,0.6783,0.6594,0.6761,8905125
2024-09-07T09:00:00Z,0.6761,0.6778,0.6656,0.6729,7125571
2024-09-07T10:00:00Z,0.6730,0.6880,0.6702,0.6823,11659781
2024-09-07T11:00:00Z,0.6823,0.7050,0.6810,0.7034,19020808
2024-09-07T12:00:00Z,0.7033,0.7198,0.6978,0.7172,32406475
2024-09-07T13:00:00Z,0.7173,0.7294,0.7133,0.7177,34925125
2024-09-07T14:00:00Z,0.7177,0.7239,0.7058,0.7084,24146159
2024-09-07T15:00:00Z,0.7084,0.7201,0.7074,0.7106,18991851
2024-09-07T16:00:00Z,0.7107,0.7486,0.7088,0.7414,34363294
2024-09-07T17:00:00Z,0.7416,0.7448,0.7269,0.7332,25812136
2024-09-07T18:00:00Z,0.7330,0.7448,0.7256,0.7313,20424512
2024-09-07T19:00:00Z,0.7313,0.7412,0.7260,0.7392,12941189
2024-09-07T20:00:00Z,0.7391,0.7410,0.7295,0.7296,8036191
2024-09-07T21:00:00Z,0.7297,0.7381,0.7289,0.7333,6988226
2024-09-07T22:00:00Z,0.7334,0.7342,0.7238,0.7253,9031722
2024-09-07T23:00:00Z,0.7252,0.7346,0.7221,0.7333,7265854
2024-09-08T00:00:00Z,0.7333,0.7335,0.7244,0.7308,9188062
2024-09-08T01:00:00Z,0.7308,0.7380,0.7288,0.7331,8183570
2024-09-08T02:00:00Z,0.7333,0.7471,0.7318,0.7466,10708040
2024-09-08T03:00:00Z,0.7467,0.7626,0.7424,0.7611,22093945
2024-09-08T04:00:00Z,0.7611,0.7611,0.7254,0.7451,31627931
2024-09-08T05:00:00Z,0.7451,0.7519,0.7382,0.7393,11589234
2024-09-08T06:00:00Z,0.7393,0.7497,0.7348,0.7348,7974440
2024-09-08T07:00:00Z,0.7347,0.7356,0.7156,0.7192,16423826
2024-09-08T08:00:00Z,0.7194,0.7294,0.7193,0.7239,12287079
2024-09-08T09:00:00Z,0.7238,0.7297,0.7161,0.7177,8991756
2024-09-08T10:00:00Z,0.7178,0.7239,0.7178,0.7218,5361177
2024-09-08T11:00:00Z,0.7219,0.7221,0.7127,0.7199,7256087
2024-09-08T12:00:00Z,0.7198,0.7199,0.7122,0.7135,7716897
2024-09-08T13:00:00Z,0.7136,0.7277,0.7109,0.7251,9723596
2024-09-08T14:00:00Z,0.7250,0.7361,0.7242,0.7331,9977080
2024-09-08T15:00:00Z,0.7330,0.7397,0.7303,0.7321,9747221
2024-09-08T16:00:00Z,0.7322,0.7406,0.7296,0.7352,11051845
2024-09-08T17:00:00Z,0.7352,0.7419,0.7319,0.7330,6500233
2024-09-08T18:00:00Z,0.7330,0.7409,0.7315,0.7367,5007629
2024-09-08T19:00:00Z,0.7367,0.7378,0.7328,0.7358,3121250
2024-09-08T20:00:00Z,0.7359,0.7364,0.7321,0.7356,3005988
2024-09-08T21:00:00Z,0.7354,0.7442,0.7354,0.7376,4414699
2024-09-08T22:00:00Z,0.7376,0.7452,0.7331,0.7335,8065212
2024-09-08T23:00:00Z,0.7334,0.7446,0.7329,0.7444,4120491
2024-09-09T00:00:00Z,0.7443,0.7474,0.7377,0.7411,6474394
2024-09-09T01:00:00Z,0.7410,0.7466,0.7350,0.7403,4586096
2024-09-09T02:00:00Z,0.7401,0.7541,0.7394,0.7411,10524775
2024-09-09T03:00:00Z,0.7412,0.7426,0.7316,0.7417,8295327
2024-09-09T04:00:00Z,0.7417,0.7520,0.7329,0.7377,9653141
2024-09-09T05:00:00Z,0.7377,0.7400,0.7225,0.7255,8155357
2024-09-09T06:00:00Z,0.7255,0.7346,0.7218,0.7313,8677581
2024-09-09T07:00:00Z,0.7313,0.7325,0.7245,0.7279,4268322
2024-09-09T08:00:00Z,0.7278,0.7335,0.7262,0.7272,6363750
2024-09-09T09:00:00Z,0.7272,0.7357,0.7247,0.7325,6436814
2024-09-09T10:00:00Z,0.7325,0.7433,0.7292,0.7396,7902812
2024-09-09T11:00:00Z,0.7396,0.7428,0.7346,0.7403,3558045
2024-09-09T12:00:00Z,0.7404,0.7427,0.7357,0.7371,4382959
2024-09-09T13:00:00Z,0.7370,0.7378,0.7311,0.7349,3830745
2024-09-09T14:00:00Z,0.7350,0.7413,0.7314,0.7369,5872003
2024-09-09T15:00:00Z,0.7369,0.7616,0.7368,0.7590,9772253
2024-09-09T16:00:00Z,0.7589,0.7960,0.7342,0.7880,41647270
2024-09-09T17:00:00Z,0.7881,0.7966,0.7644,0.7840,21069508
2024-09-09T18:00:00Z,0.7841,0.8176,0.7838,0.7982,20188754
2024-09-09T19:00:00Z,0.7979,0.8482,0.7921,0.8258,20866676
2024-09-09T20:00:00Z,0.8258,0.8435,0.8128,0.8338,17699717
2024-09-09T21:00:00Z,0.8338,0.8578,0.8268,0.8468,16534525
2024-09-09T22:00:00Z,0.8468,0.8924,0.8465,0.8893,31127271
2024-09-09T23:00:00Z,0.8893,0.8920,0.8500,0.8513,25773595
2024-09-10T00:00:00Z,0.8513,0.8588,0.8431,0.8458,12797874
2024-09-10T01:00:00Z,0.8459,0.8507,0.8380,0.8399,7544177
2024-09-10T02:00:00Z,0.8400,0.8466,0.8312,0.8430,7056501
2024-09-10T03:00:00Z,0.8430,0.8495,0.8415,0.8442,5824342
2024-09-10T04:00:00Z,0.8441,0.8446,0.8273,0.8295,8576462
2024-09-10T05:00:00Z,0.8295,0.8392,0.8270,0.8282,5723764
2024-09-10T06:00:00Z,0.8282,0.8340,0.8214,0.8290,8160397
2024-09-10T07:00:00Z,0.8290,0.8438,0.8289,0.8413,10577623
2024-09-10T08:00:00Z,0.8413,0.8421,0.8307,0.8379,8738265
2024-09-10T09:00:00Z,0.8379,0.8620,0.8338,0.8569,16301905
2024-09-10T10:00:00Z,0.8568,0.8620,0.8463,0.8548,14037847
2024-09-10T11:00:00Z,0.8549,0.8556,0.8449,0.8469,5630706
2024-09-10T12:00:00Z,0.8469,0.8470,0.8181,0.8225,15620051
2024-09-10T13:00:00Z,0.8224,0.8244,0.8120,0.8138,16059582
2024-09-10T14:00:00Z,0.8138,0.8237,0.8075,0.8149,9663840
2024-09-10T15:00:00Z,0.8149,0.8233,0.8089,0.8159,8423056
2024-09-10T16:00:00Z,0.8161,0.8219,0.8146,0.8179,3906342
2024-09-10T17:00:00Z,0.8180,0.8278,0.8178,0.8259,7050535
2024-09-10T18:00:00Z,0.8259,0.8277,0.8184,0.8217,5764612
2024-09-10T19:00:00Z,0.8217,0.8300,0.8181,0.8246,4157137
2024-09-10T20:00:00Z,0.8246,0.8285,0.8216,0.8245,2401824
2024-09-10T21:00:00Z,0.8245,0.8283,0.8221,0.8268,1889121
2024-09-10T22:00:00Z,0.8268,0.8345,0.8266,0.8317,3924943
2024-09-10T23:00:00Z,0.8317,0.8343,0.8262,0.8283,3342284
2024-09-11T00:00:00Z,0.8283,0.8297,0.8218,0.8290,4215771
2024-09-11T01:00:00Z,0.8290,0.8292,0.8107,0.8180,8631212
2024-09-11T02:00:00Z,0.8180,0.8228,0.8119,0.8157,3761126
2024-09-11T03:00:00Z,0.8157,0.8231,0.8121,0.8189,4351897
2024-09-11T04:00:00Z,0.8189,0.8189,0.8028,0.8103,7302239
2024-09-11T05:00:00Z,0.8104,0.8108,0.7979,0.8013,5544429
2024-09-11T06:00:00Z,0.8014,0.8058,0.7933,0.8007,7902116
2024-09-11T07:00:00Z,0.8006,0.8084,0.7935,0.8024,7178097
2024-09-11T08:00:00Z,0.8024,0.8024,0.7944,0.7967,4269216
2024-09-11T09:00:00Z,0.7967,0.8022,0.7953,0.7961,3795396
2024-09-11T10:00:00Z,0.7961,0.8000,0.7913,0.7971,6325559
2024-09-11T11:00:00Z,0.7971,0.8008,0.7863,0.7882,5956432
2024-09-11T12:00:00Z,0.7881,0.7933,0.7746,0.7762,10118273
2024-09-11T13:00:00Z,0.7761,0.7863,0.7552,0.7560,14524696
2024-09-11T14:00:00Z,0.7558,0.7616,0.7503,0.7536,9510097
2024-09-11T15:00:00Z,0.7536,0.7715,0.7510,0.7626,9765159
2024-09-11T16:00:00Z,0.7626,0.7774,0.7579,0.7661,9747570
2024-09-11T17:00:00Z,0.7660,0.7733,0.7632,0.7657,6510254
2024-09-11T18:00:00Z,0.7657,0.7774,0.7587,0.7630,7129277
2024-09-11T19:00:00Z,0.7629,0.7644,0.7545,0.7587,4222277
2024-09-11T20:00:00Z,0.7587,0.7630,0.7568,0.7580,2761953
2024-09-11T21:00:00Z,0.7581,0.7620,0.7557,0.7572,3684335
2024-09-11T22:00:00Z,0.7571,0.7580,0.7530,0.7550,2243209
2024-09-11T23:00:00Z,0.7550,0.7563,0.7520,0.7537,2477145
2024-09-12T00:00:00Z,0.7537,0.7596,0.7508,0.7520,5252060
2024-09-12T01:00:00Z,0.7519,0.7579,0.7485,0.7570,4832941
2024-09-12T02:00:00Z,0.7570,0.7625,0.7457,0.7498,6159818
2024-09-12T03:00:00Z,0.7499,0.7617,0.7498,0.7593,3810678
2024-09-12T04:00:00Z,0.7592,0.7629,0.7543,0.7562,4399382
2024-09-12T05:00:00Z,0.7563,0.7647,0.7481,0.7513,7344171
2024-09-12T06:00:00Z,0.7513,0.7582,0.7491,0.7516,3969166
2024-09-12T07:00:00Z,0.7516,0.7533,0.7482,0.7487,3372491
2024-09-12T08:00:00Z,0.7488,0.7522,0.7400,0.7470,6120693
2024-09-12T09:00:00Z,0.7469,0.7520,0.7460,0.7485,4099685
2024-09-12T10:00:00Z,0.7485,0.7507,0.7458,0.7473,2618428
2024-09-12T11:00:00Z,0.7473,0.7519,0.7441,0.7507,4030938
2024-09-12T12:00:00Z,0.7507,0.7507,0.7411,0.7453,4400892
2024-09-12T13:00:00Z,0.7452,0.7480,0.7403,0.7441,3601040
2024-09-12T14:00:00Z,0.7441,0.7539,0.7372,0.7390,7367143
2024-09-12T15:00:00Z,0.7392,0.7460,0.7361,0.7406,3892362
2024-09-12T16:00:00Z,0.7407,0.7468,0.7403,0.7452,2457121
2024-09-12T17:00:00Z,0.7453,0.7463,0.7381,0.7419,4434060
2024-09-12T18:00:00Z,0.7419,0.7421,0.7361,0.7385,3094139
2024-09-12T19:00:00Z,0.7384,0.7432,0.7375,0.7410,3179011
2024-09-12T20:00:00Z,0.7409,0.7434,0.7381,0.7419,2190688
2024-09-12T21:00:00Z,0.7418,0.7459,0.7410,0.7430,2189007
2024-09-12T22:00:00Z,0.7430,0.7493,0.7428,0.7482,2212992
2024-09-12T23:00:00Z,0.7482,0.7519,0.7457,0.7488,2914479
2024-09-13T00:00:00Z,0.7488,0.7503,0.7444,0.7483,3187316
2024-09-13T01:00:00Z,0.7483,0.7540,0.7455,0.7506,3085285
2024-09-13T02:00:00Z,0.7506,0.7507,0.7421,0.7421,2355679
2024-09-13T03:00:00Z,0.7422,0.7468,0.7418,0.7431,1744736
2024-09-13T04:00:00Z,0.7430,0.7432,0.7373,0.7381,2800428
2024-09-13T05:00:00Z,0.7381,0.7418,0.7378,0.7408,1957209
2024-09-13T06:00:00Z,0.7408,0.7408,0.7325,0.7330,4935989
2024-09-13T07:00:00Z,0.7330,0.7348,0.7308,0.7329,2987162
2024-09-13T08:00:00Z,0.7330,0.7333,0.7268,0.7283,3911549
2024-09-13T09:00:00Z,0.7283,0.7370,0.7266,0.7338,3028319
2024-09-13T10:00:00Z,0.7338,0.7383,0.7322,0.7352,3770389
2024-09-13T11:00:00Z,0.7351,0.7351,0.7280,0.7299,3815265
2024-09-13T12:00:00Z,0.7300,0.7323,0.7207,0.7254,6949288
2024-09-13T13:00:00Z,0.7254,0.7283,0.7227,0.7256,2826161
2024-09-13T14:00:00Z,0.7256,0.7323,0.7229,0.7291,4664677
2024-09-13T15:00:00Z,0.7290,0.7460,0.7280,0.7414,7894781
2024-09-13T16:00:00Z,0.7412,0.7428,0.7358,0.7404,4892436
2024-09-13T17:00:00Z,0.7404,0.7500,0.7403,0.7419,5912376
2024-09-13T18:00:00Z,0.7419,0.7494,0.7400,0.7449,3527998
2024-09-13T19:00:00Z,0.7449,0.7461,0.7420,0.7440,2270888
2024-09-13T20:00:00Z,0.7439,0.7458,0.7418,0.7445,1557775
2024-09-13T21:00:00Z,0.7445,0.7528,0.7444,0.7502,3152606
2024-09-13T22:00:00Z,0.7502,0.7539,0.7441,0.7454,2796513
2024-09-13T23:00:00Z,0.7455,0.7458,0.7400,0.7423,1983099
2024-09-14T00:00:00Z,0.7424,0.7428,0.7367,0.7385,2226269
2024-09-14T01:00:00Z,0.7386,0.7429,0.7374,0.7375,1151301
2024-09-14T02:00:00Z,0.7374,0.7417,0.7370,0.7389,1140707
2024-09-14T03:00:00Z,0.7387,0.7526,0.7385,0.7482,3457405
2024-09-14T04:00:00Z,0.7483,0.7483,0.7421,0.7432,1530589
2024-09-14T05:00:00Z,0.7433,0.7473,0.7380,0.7382,2829457
2024-09-14T06:00:00Z,0.7382,0.7428,0.7362,0.7411,2363854
2024-09-14T07:00:00Z,0.7409,0.7415,0.7371,0.7408,1444840
2024-09-14T08:00:00Z,0.7408,0.7450,0.7386,0.7391,2242645
2024-09-14T09:00:00Z,0.7391,0.7490,0.7385,0.7487,2415330
2024-09-14T10:00:00Z,0.7487,0.7487,0.7402,0.7420,1828741
2024-09-14T11:00:00Z,0.7421,0.7434,0.7380,0.7426,2076635
2024-09-14T12:00:00Z,0.7425,0.7538,0.7415,0.7526,4452139
2024-09-14T13:00:00Z,0.7526,0.7575,0.7479,0.7573,3731665
2024-09-14T14:00:00Z,0.7572,0.7689,0.7527,0.7612,7820738
2024-09-14T15:00:00Z,0.7613,0.7618,0.7534,0.7564,3952599
2024-09-14T16:00:00Z,0.7564,0.7618,0.7431,0.7462,5241307
2024-09-14T17:00:00Z,0.7462,0.7496,0.7423,0.7463,2505938
2024-09-14T18:00:00Z,0.7463,0.7470,0.7377,0.7441,5043667
2024-09-14T19:00:00Z,0.7442,0.7452,0.7364,0.7390,3875892
2024-09-14T20:00:00Z,0.7388,0.7438,0.7379,0.7421,2593515
2024-09-14T21:00:00Z,0.7421,0.7463,0.7387,0.7398,2338840
2024-09-14T22:00:00Z,0.7398,0.7412,0.7374,0.7392,1117424
2024-09-14T23:00:00Z,0.7391,0.7412,0.7302,0.7335,3829293
2024-09-15T00:00:00Z,0.7334,0.7338,0.7277,0.7289,4184837
2024-09-15T01:00:00Z,0.7289,0.7342,0.7255,0.7330,2449629
2024-09-15T02:00:00Z,0.7330,0.7427,0.7328,0.7422,2382760
2024-09-15T03:00:00Z,0.7421,0.7422,0.7380,0.7384,1752072
2024-09-15T04:00:00Z,0.7384,0.7434,0.7380,0.7392,2589105
2024-09-15T05:00:00Z,0.7391,0.7457,0.7386,0.7427,2252121
2024-09-15T06:00:00Z,0.7426,0.7487,0.7408,0.7480,2265514
2024-09-15T07:00:00Z,0.7480,0.7573,0.7454,0.7557,3916645
2024-09-15T08:00:00Z,0.7558,0.7601,0.7452,0.7453,5041210
2024-09-15T09:00:00Z,0.7452,0.7516,0.7448,0.7488,2171695
2024-09-15T10:00:00Z,0.7487,0.7535,0.7415,0.7487,4310348
2024-09-15T11:00:00Z,0.7486,0.7496,0.7436,0.7461,1986021
2024-09-15T12:00:00Z,0.7461,0.7539,0.7431,0.7531,2594460
2024-09-15T13:00:00Z,0.7530,0.7557,0.7467,0.7483,2525234
2024-09-15T14:00:00Z,0.7482,0.7518,0.7417,0.7502,3372075
2024-09-15T15:00:00Z,0.7501,0.7518,0.7474,0.7489,1956637
2024-09-15T16:00:00Z,0.7489,0.7490,0.7335,0.7340,4382420
2024-09-15T17:00:00Z,0.7340,0.7372,0.7304,0.7353,3092520
2024-09-15T18:00:00Z,0.7353,0.7394,0.7304,0.7364,3449012
2024-09-15T19:00:00Z,0.7363,0.7411,0.7333,0.7365,2840915
2024-09-15T20:00:00Z,0.7365,0.7397,0.7323,0.7376,2359230
2024-09-15T21:00:00Z,0.7376,0.7381,0.7253,0.7316,4466854
2024-09-15T22:00:00Z,0.7316,0.7342,0.7275,0.7315,1508472
2024-09-15T23:00:00Z,0.7314,0.7314,0.7140,0.7271,6458150
2024-09-16T00:00:00Z,0.7272,0.7296,0.7207,0.7249,2979182
2024-09-16T01:00:00Z,0.7249,0.7250,0.7124,0.7155,3684487
2024-09-16T02:00:00Z,0.7155,0.7164,0.7029,0.7060,5159584
2024-09-16T03:00:00Z,0.7061,0.7205,0.7050,0.7198,2791973
2024-09-16T04:00:00Z,0.7198,0.7222,0.7163,0.7173,1740541
2024-09-16T05:00:00Z,0.7172,0.7197,0.7152,0.7187,1629467
2024-09-16T06:00:00Z,0.7186,0.7197,0.7088,0.7097,2764629
2024-09-16T07:00:00Z,0.7095,0.7162,0.7070,0.7133,3748186
2024-09-16T08:00:00Z,0.7132,0.7182,0.7094,0.7141,3568050
2024-09-16T09:00:00Z,0.7141,0.7168,0.7050,0.7084,2771816
2024-09-16T10:00:00Z,0.7083,0.7154,0.7062,0.7140,2887215
2024-09-16T11:00:00Z,0.7141,0.7181,0.7104,0.7162,2566171
2024-09-16T12:00:00Z,0.7161,0.7192,0.7105,0.7105,3827062
2024-09-16T13:00:00Z,0.7105,0.7176,0.7037,0.7170,4294811
2024-09-16T14:00:00Z,0.7169,0.7177,0.7049,0.7126,3666052
2024-09-16T15:00:00Z,0.7126,0.7235,0.7107,0.7168,4019825
2024-09-16T16:00:00Z,0.7169,0.7179,0.7092,0.7092,2889914
2024-09-16T17:00:00Z,0.7093,0.7166,0.7033,0.7151,4042096
2024-09-16T18:00:00Z,0.7152,0.7160,0.7073,0.7088,2412046
2024-09-16T19:00:00Z,0.7087,0.7144,0.7055,0.7103,2297581
2024-09-16T20:00:00Z,0.7102,0.7115,0.7054,0.7056,1622007
2024-09-16T21:00:00Z,0.7057,0.7140,0.7039,0.7138,1920468
2024-09-16T22:00:00Z,0.7138,0.7147,0.7094,0.7137,1388058
2024-09-16T23:00:00Z,0.7138,0.7239,0.7138,0.7208,1755369
2024-09-17T00:00:00Z,0.7210,0.7229,0.7125,0.7132,2260270
2024-09-17T01:00:00Z,0.7132,0.7171,0.7107,0.7150,1932153
2024-09-17T02:00:00Z,0.7151,0.7228,0.7147,0.7202,2383092
2024-09-17T03:00:00Z,0.7202,0.7294,0.7201,0.7271,2267646
2024-09-17T04:00:00Z,0.7271,0.7329,0.7252,0.7259,2948120
2024-09-17T05:00:00Z,0.7260,0.7444,0.7260,0.7442,3274049
2024-09-17T06:00:00Z,0.7442,0.7461,0.7324,0.7366,3145863
2024-09-17T07:00:00Z,0.7365,0.7498,0.7346,0.7464,5701110
2024-09-17T08:00:00Z,0.7463,0.7487,0.7416,0.7420,3363462
2024-09-17T09:00:00Z,0.7419,0.7485,0.7370,0.7477,4071802
2024-09-17T10:00:00Z,0.7476,0.7482,0.7393,0.7428,2456063
2024-09-17T11:00:00Z,0.7427,0.7437,0.7354,0.7402,1864727
2024-09-17T12:00:00Z,0.7402,0.7471,0.7370,0.7455,2582690
2024-09-17T13:00:00Z,0.7455,0.7490,0.7402,0.7421,4876580
2024-09-17T14:00:00Z,0.7420,0.7576,0.7416,0.7459,7758113
2024-09-17T15:00:00Z,0.7459,0.7505,0.7410,0.7444,5939133
2024-09-17T16:00:00Z,0.7445,0.7462,0.7331,0.7342,5263078
2024-09-17T17:00:00Z,0.7342,0.7433,0.7342,0.7387,2671432
2024-09-17T18:00:00Z,0.7387,0.7424,0.7357,0.7388,2306546
2024-09-17T19:00:00Z,0.7388,0.7409,0.7310,0.7381,2814258
2024-09-17T20:00:00Z,0.7382,0.7443,0.7365,0.7422,2599362
2024-09-17T21:00:00Z,0.7421,0.7489,0.7416,0.7455,1528041
2024-09-17T22:00:00Z,0.7455,0.7455,0.7402,0.7430,1185665
2024-09-17T23:00:00Z,0.7430,0.7442,0.7402,0.7430,1250870
2024-09-18T00:00:00Z,0.7431,0.7522,0.7406,0.7509,5216401
2024-09-18T01:00:00Z,0.7506,0.7531,0.7445,0.7477,2634815
2024-09-18T02:00:00Z,0.7478,0.7581,0.7461,0.7566,2610886
2024-09-18T03:00:00Z,0.7565,0.7685,0.7559,0.7664,4774802
2024-09-18T04:00:00Z,0.7663,0.7668,0.7546,0.7583,3216782
2024-09-18T05:00:00Z,0.7580,0.7580,0.7514,0.7553,2607759
2024-09-18T06:00:00Z,0.7553,0.7594,0.7536,0.7591,1487300
2024-09-18T07:00:00Z,0.7590,0.7672,0.7586,0.7608,2930219
2024-09-18T08:00:00Z,0.7607,0.7610,0.7459,0.7471,3585128
2024-09-18T09:00:00Z,0.7471,0.7490,0.7378,0.7381,3964705
2024-09-18T10:00:00Z,0.7380,0.7521,0.7360,0.7456,5372158
2024-09-18T11:00:00Z,0.7456,0.7472,0.7411,0.7424,2377274
2024-09-18T12:00:00Z,0.7424,0.7495,0.7419,0.7467,1910936
2024-09-18T13:00:00Z,0.7466,0.7507,0.7350,0.7385,3443849
2024-09-18T14:00:00Z,0.7385,0.7418,0.7343,0.7375,2679175
2024-09-18T15:00:00Z,0.7376,0.7409,0.7243,0.7273,5247112
2024-09-18T16:00:00Z,0.7272,0.7410,0.7228,0.7400,3516957
2024-09-18T17:00:00Z,0.7401,0.7484,0.7346,0.7438,2925630
2024-09-18T18:00:00Z,0.7436,0.7667,0.7416,0.7581,9462780
2024-09-18T19:00:00Z,0.7582,0.7659,0.7528,0.7591,4198408
2024-09-18T20:00:00Z,0.7591,0.7699,0.7506,0.7691,3699924
2024-09-18T21:00:00Z,0.7691,0.7734,0.7626,0.7630,2634441
2024-09-18T22:00:00Z,0.7629,0.7751,0.7603,0.7678,2527895
2024-09-18T23:00:00Z,0.7679,0.7867,0.7679,0.7849,3064357
2024-09-19T00:00:00Z,0.7850,0.7889,0.7775,0.7839,4471670
2024-09-19T01:00:00Z,0.7841,0.7857,0.7742,0.7786,2783545
2024-09-19T02:00:00Z,0.7786,0.7824,0.7755,0.7811,1730327
2024-09-19T03:00:00Z,0.7811,0.7900,0.7802,0.7852,2547224
2024-09-19T04:00:00Z,0.7852,0.7883,0.7771,0.7798,2473709
2024-09-19T05:00:00Z,0.7797,0.7858,0.7752,0.7761,2490603
2024-09-19T06:00:00Z,0.7760,0.7773,0.7720,0.7722,2928576
2024-09-19T07:00:00Z,0.7722,0.7783,0.7695,0.7777,2413581
2024-09-19T08:00:00Z,0.7777,0.7785,0.7692,0.7706,2506234
2024-09-19T09:00:00Z,0.7707,0.7759,0.7692,0.7700,2638737
2024-09-19T10:00:00Z,0.7701,0.7797,0.7688,0.7727,3707003
2024-09-19T11:00:00Z,0.7726,0.7801,0.7718,0.7784,2620003
2024-09-19T12:00:00Z,0.7781,0.7819,0.7733,0.7783,3758649
2024-09-19T13:00:00Z,0.7781,0.7828,0.7756,0.7813,2199615
2024-09-19T14:00:00Z,0.7814,0.7961,0.7799,0.7902,8794077
2024-09-19T15:00:00Z,0.7901,0.7922,0.7820,0.7834,4935536
2024-09-19T16:00:00Z,0.7834,0.7957,0.7822,0.7920,5396531
2024-09-19T17:00:00Z,0.7921,0.7949,0.7847,0.7941,4435067
2024-09-19T18:00:00Z,0.7942,0.8025,0.7935,0.7960,4673488
2024-09-19T19:00:00Z,0.7960,0.7968,0.7852,0.7877,3833491
2024-09-19T20:00:00Z,0.7876,0.7962,0.7861,0.7875,3689594
2024-09-19T21:00:00Z,0.7875,0.7908,0.7842,0.7861,2194390
2024-09-19T22:00:00Z,0.7860,0.7998,0.7841,0.7991,3480610
2024-09-19T23:00:00Z,0.7991,0.8030,0.7937,0.7950,3142524
2024-09-20T00:00:00Z,0.7949,0.8054,0.7902,0.7912,4318962
2024-09-20T01:00:00Z,0.7912,0.7926,0.7837,0.7900,2959238
2024-09-20T02:00:00Z,0.7899,0.7959,0.7864,0.7948,1876910
2024-09-20T03:00:00Z,0.7947,0.8047,0.7930,0.8040,2619321
2024-09-20T04:00:00Z,0.8039,0.8110,0.8019,0.8080,4668555
2024-09-20T05:00:00Z,0.8081,0.8135,0.8034,0.8122,3868010
2024-09-20T06:00:00Z,0.8122,0.8154,0.8083,0.8147,2970733
2024-09-20T07:00:00Z,0.8147,0.8159,0.8000,0.8010,4054441
2024-09-20T08:00:00Z,0.8009,0.8010,0.7866,0.7940,5848636
2024-09-20T09:00:00Z,0.7939,0.7978,0.7891,0.7914,2404292
2024-09-20T10:00:00Z,0.7914,0.7945,0.7891,0.7917,1552370
2024-09-20T11:00:00Z,0.7913,0.7919,0.7796,0.7840,5692092
2024-09-20T12:00:00Z,0.7840,0.7913,0.7838,0.7874,3194936
2024-09-20T13:00:00Z,0.7873,0.7881,0.7737,0.7772,7468649
2024-09-20T14:00:00Z,0.7771,0.7924,0.7768,0.7863,4279193
2024-09-20T15:00:00Z,0.7864,0.7923,0.7818,0.7917,2939459
2024-09-20T16:00:00Z,0.7918,0.7957,0.7862,0.7919,2979325
2024-09-20T17:00:00Z,0.7917,0.7971,0.7870,0.7894,2707089
2024-09-20T18:00:00Z,0.7895,0.8009,0.7848,0.7991,3017050
2024-09-20T19:00:00Z,0.7991,0.8058,0.7981,0.8043,2827525
2024-09-20T20:00:00Z,0.8043,0.8050,0.7971,0.7971,1756881
2024-09-20T21:00:00Z,0.7972,0.8038,0.7971,0.8013,1564224
2024-09-20T22:00:00Z,0.8014,0.8061,0.7995,0.8059,1241282
2024-09-20T23:00:00Z,0.8059,0.8078,0.8011,0.8062,1294017
2024-09-21T00:00:00Z,0.8061,0.8064,0.7954,0.7986,2366731
2024-09-21T01:00:00Z,0.7987,0.8034,0.7914,0.7924,3361335
2024-09-21T02:00:00Z,0.7925,0.7940,0.7832,0.7843,2796426
2024-09-21T03:00:00Z,0.7842,0.7908,0.7841,0.7848,1876703
2024-09-21T04:00:00Z,0.7847,0.7879,0.7811,0.7829,2281690
2024-09-21T05:00:00Z,0.7830,0.7933,0.7823,0.7919,1423103
2024-09-21T06:00:00Z,0.7918,0.8056,0.7917,0.8039,2515754
2024-09-21T07:00:00Z,0.8038,0.8049,0.7951,0.7996,3079848
2024-09-21T08:00:00Z,0.7998,0.8008,0.7949,0.7957,1313426
2024-09-21T09:00:00Z,0.7958,0.8035,0.7957,0.8012,1201346
2024-09-21T10:00:00Z,0.8012,0.8016,0.7925,0.7950,1425285
2024-09-21T11:00:00Z,0.7951,0.8003,0.7947,0.7998,795621
2024-09-21T12:00:00Z,0.7998,0.8031,0.7966,0.8026,1659261
2024-09-21T13:00:00Z,0.8026,0.8059,0.7964,0.8024,2261935
2024-09-21T14:00:00Z,0.8026,0.8147,0.8001,0.8123,5120713
2024-09-21T15:00:00Z,0.8123,0.8179,0.8060,0.8117,3761191
2024-09-21T16:00:00Z,0.8117,0.8184,0.8064,0.8090,3749613
2024-09-21T17:00:00Z,0.8090,0.8118,0.8064,0.8070,1863575
2024-09-21T18:00:00Z,0.8071,0.8094,0.8019,0.8022,1749959
2024-09-21T19:00:00Z,0.8023,0.8045,0.8010,0.8017,1080822
2024-09-21T20:00:00Z,0.8018,0.8093,0.8006,0.8067,2020349
2024-09-21T21:00:00Z,0.8067,0.8090,0.8025,0.8036,845019
2024-09-21T22:00:00Z,0.8036,0.8085,0.8036,0.8082,713997
2024-09-21T23:00:00Z,0.8081,0.8173,0.8067,0.8119,2010283
2024-09-22T00:00:00Z,0.8119,0.8127,0.7986,0.8031,2428979
2024-09-22T01:00:00Z,0.8030,0.8041,0.7957,0.7973,1391919
2024-09-22T02:00:00Z,0.7973,0.7995,0.7909,0.7947,2025523
2024-09-22T03:00:00Z,0.7948,0.7986,0.7926,0.7941,1499255
2024-09-22T04:00:00Z,0.7941,0.7990,0.7941,0.7987,1080705
2024-09-22T05:00:00Z,0.7988,0.7997,0.7847,0.7852,3363404
2024-09-22T06:00:00Z,0.7852,0.7890,0.7817,0.7850,1879623
2024-09-22T07:00:00Z,0.7851,0.7904,0.7849,0.7888,1356586
2024-09-22T08:00:00Z,0.7889,0.7963,0.7884,0.7957,1503113
2024-09-22T09:00:00Z,0.7957,0.7960,0.7837,0.7860,2326107
2024-09-22T10:00:00Z,0.7862,0.7899,0.7773,0.7831,2189340
2024-09-22T11:00:00Z,0.7830,0.7874,0.7761,0.7839,2264787
2024-09-22T12:00:00Z,0.7839,0.7871,0.7784,0.7840,1600371
2024-09-22T13:00:00Z,0.7840,0.7862,0.7739,0.7776,2626926
2024-09-22T14:00:00Z,0.7776,0.7817,0.7708,0.7753,2276690
2024-09-22T15:00:00Z,0.7753,0.7809,0.7722,0.7796,2045704
2024-09-22T16:00:00Z,0.7796,0.7813,0.7711,0.7804,1924386
2024-09-22T17:00:00Z,0.7801,0.7891,0.7795,0.7869,1479415
2024-09-22T18:00:00Z,0.7869,0.7871,0.7805,0.7810,870099
2024-09-22T19:00:00Z,0.7810,0.7850,0.7725,0.7832,1991129
2024-09-22T20:00:00Z,0.7832,0.7958,0.7822,0.7852,6636560
2024-09-22T21:00:00Z,0.7852,0.7863,0.7654,0.7674,3881820
2024-09-22T22:00:00Z,0.7674,0.7873,0.7568,0.7847,8046331
2024-09-22T23:00:00Z,0.7846,0.7879,0.7769,0.7775,3164540
2024-09-23T00:00:00Z,0.7776,0.7863,0.7564,0.7801,5420535
2024-09-23T01:00:00Z,0.7802,0.7906,0.7784,0.7879,3161147
2024-09-23T02:00:00Z,0.7878,0.7885,0.7803,0.7879,2076612
2024-09-23T03:00:00Z,0.7879,0.7979,0.7870,0.7915,3509082
2024-09-23T04:00:00Z,0.7914,0.7954,0.7819,0.7862,2108566
2024-09-23T05:00:00Z,0.7861,0.7928,0.7807,0.7898,2170241
2024-09-23T06:00:00Z,0.7897,0.7999,0.7876,0.7994,3348579
2024-09-23T07:00:00Z,0.7993,0.7993,0.7869,0.7894,2989763
2024-09-23T08:00:00Z,0.7893,0.7932,0.7829,0.7893,3474172
2024-09-23T09:00:00Z,0.7894,0.8014,0.7892,0.7970,2721473
2024-09-23T10:00:00Z,0.7969,0.7976,0.7927,0.7951,1267831
2024-09-23T11:00:00Z,0.7952,0.8008,0.7907,0.7981,1966617
2024-09-23T12:00:00Z,0.7983,0.8026,0.7922,0.7954,1886706
2024-09-23T13:00:00Z,0.7952,0.7992,0.7930,0.7964,1945241
2024-09-23T14:00:00Z,0.7963,0.8048,0.7924,0.7968,3010916
2024-09-23T15:00:00Z,0.7967,0.8042,0.7914,0.8015,1957759
2024-09-23T16:00:00Z,0.8014,0.8059,0.7957,0.7964,2803923
2024-09-23T17:00:00Z,0.7963,0.8004,0.7949,0.8001,1417549
2024-09-23T18:00:00Z,0.8001,0.8034,0.7984,0.7994,1026801
2024-09-23T19:00:00Z,0.7993,0.8017,0.7947,0.7956,1235195
2024-09-23T20:00:00Z,0.7958,0.8004,0.7950,0.7979,1123622
2024-09-23T21:00:00Z,0.7981,0.8011,0.7926,0.8005,1721780
2024-09-23T22:00:00Z,0.8005,0.8005,0.7964,0.7978,712425
2024-09-23T23:00:00Z,0.7975,0.8064,0.7968,0.8062,1792040
2024-09-24T00:00:00Z,0.8062,0.8140,0.8024,0.8058,4615075
2024-09-24T01:00:00Z,0.8058,0.8146,0.8019,0.8050,2853622
2024-09-24T02:00:00Z,0.8050,0.8061,0.7959,0.7987,3135690
2024-09-24T03:00:00Z,0.7988,0.8016,0.7937,0.7983,1375746
2024-09-24T04:00:00Z,0.7982,0.7999,0.7904,0.7921,1357490
2024-09-24T05:00:00Z,0.7922,0.7999,0.7914,0.7984,1131289
2024-09-24T06:00:00Z,0.7984,0.8100,0.7977,0.8060,2363454
2024-09-24T07:00:00Z,0.8062,0.8131,0.8044,0.8126,1435410
2024-09-24T08:00:00Z,0.8127,0.8200,0.8111,0.8171,3233100
2024-09-24T09:00:00Z,0.8171,0.8196,0.8073,0.8122,2116420
2024-09-24T10:00:00Z,0.8121,0.8178,0.8110,0.8122,1142447
2024-09-24T11:00:00Z,0.8122,0.8165,0.8104,0.8165,1607143
2024-09-24T12:00:00Z,0.8166,0.8264,0.8161,0.8193,3782132
2024-09-24T13:00:00Z,0.8192,0.8239,0.8174,0.8175,1870366
2024-09-24T14:00:00Z,0.8175,0.8178,0.7971,0.8101,6349557
2024-09-24T15:00:00Z,0.8101,0.8114,0.8012,0.8036,1861549
2024-09-24T16:00:00Z,0.8037,0.8070,0.8006,0.8039,1332973
2024-09-24T17:00:00Z,0.8037,0.8141,0.8030,0.8103,1621444
2024-09-24T18:00:00Z,0.8103,0.8119,0.8036,0.8067,1105689
2024-09-24T19:00:00Z,0.8066,0.8174,0.8061,0.8156,1808919
2024-09-24T20:00:00Z,0.8155,0.8196,0.8111,0.8132,2273510
2024-09-24T21:00:00Z,0.8131,0.8145,0.8094,0.8130,1056923
2024-09-24T22:00:00Z,0.8130,0.8232,0.8129,0.8212,2608576
2024-09-24T23:00:00Z,0.8212,0.8222,0.8157,0.8195,1238519
2024-09-25T00:00:00Z,0.8195,0.8284,0.8139,0.8245,2570672
2024-09-25T01:00:00Z,0.8246,0.8426,0.8224,0.8354,3783259
2024-09-25T02:00:00Z,0.8353,0.8369,0.8313,0.8333,1918242
2024-09-25T03:00:00Z,0.8333,0.8341,0.8280,0.8339,1777234
2024-09-25T04:00:00Z,0.8339,0.8375,0.8220,0.8234,1849519
2024-09-25T05:00:00Z,0.8234,0.8273,0.8209,0.8272,1140678
2024-09-25T06:00:00Z,0.8272,0.8285,0.8169,0.8192,2183224
2024-09-25T07:00:00Z,0.8192,0.8261,0.8166,0.8248,1782209
2024-09-25T08:00:00Z,0.8248,0.8286,0.8198,0.8231,1305895
2024-09-25T09:00:00Z,0.8230,0.8283,0.8228,0.8240,1146111
2024-09-25T10:00:00Z,0.8239,0.8332,0.8231,0.8312,1969356
2024-09-25T11:00:00Z,0.8312,0.8322,0.8242,0.8308,1775913
2024-09-25T12:00:00Z,0.8309,0.8325,0.8270,0.8276,1112219
2024-09-25T13:00:00Z,0.8276,0.8325,0.8219,0.8260,1916015
2024-09-25T14:00:00Z,0.8260,0.8372,0.8228,0.8335,3120729
2024-09-25T15:00:00Z,0.8334,0.8377,0.8226,0.8234,2383774
2024-09-25T16:00:00Z,0.8232,0.8344,0.8230,0.8321,2260589
2024-09-25T17:00:00Z,0.8320,0.8330,0.8249,0.8290,2307385
2024-09-25T18:00:00Z,0.8290,0.8374,0.8288,0.8349,1463197
2024-09-25T19:00:00Z,0.8348,0.8445,0.8338,0.8385,3171340
2024-09-25T20:00:00Z,0.8385,0.8456,0.8380,0.8430,2624686
2024-09-25T21:00:00Z,0.8432,0.8481,0.8389,0.8414,2176840
2024-09-25T22:00:00Z,0.8414,0.8423,0.8261,0.8306,2647688
2024-09-25T23:00:00Z,0.8307,0.8320,0.8247,0.8303,1754541
2024-09-26T00:00:00Z,0.8302,0.8354,0.8138,0.8199,3792111
2024-09-26T01:00:00Z,0.8200,0.8256,0.8137,0.8248,1862141
2024-09-26T02:00:00Z,0.8248,0.8296,0.8216,0.8264,1212259
2024-09-26T03:00:00Z,0.8264,0.8299,0.8241,0.8285,901878
2024-09-26T04:00:00Z,0.8286,0.8344,0.8265,0.8328,1230685
2024-09-26T05:00:00Z,0.8329,0.8600,0.8320,0.8549,5253273
2024-09-26T06:00:00Z,0.8547,0.8557,0.8460,0.8474,2950083
2024-09-26T07:00:00Z,0.8475,0.8552,0.8470,0.8529,1962197
2024-09-26T08:00:00Z,0.8529,0.8559,0.8425,0.8440,2133646
2024-09-26T09:00:00Z,0.8442,0.8481,0.8410,0.8421,1471145
2024-09-26T10:00:00Z,0.8420,0.8482,0.8390,0.8436,2194816
2024-09-26T11:00:00Z,0.8435,0.8445,0.8353,0.8356,2054925
2024-09-26T12:00:00Z,0.8356,0.8359,0.8230,0.8261,4456416
2024-09-26T13:00:00Z,0.8261,0.8304,0.8210,0.8256,2324687
2024-09-26T14:00:00Z,0.8255,0.8324,0.8171,0.8180,3777150
2024-09-26T15:00:00Z,0.8181,0.8342,0.8147,0.8298,3219959
2024-09-26T16:00:00Z,0.8298,0.8455,0.8238,0.8409,4849329
2024-09-26T17:00:00Z,0.8411,0.8485,0.8280,0.8293,2759548
2024-09-26T18:00:00Z,0.8293,0.8347,0.8236,0.8286,1513265
2024-09-26T19:00:00Z,0.8287,0.8373,0.8261,0.8308,1698632
2024-09-26T20:00:00Z,0.8309,0.8347,0.8171,0.8181,2150585
2024-09-26T21:00:00Z,0.8180,0.8309,0.8172,0.8303,1492908
2024-09-26T22:00:00Z,0.8301,0.8353,0.8288,0.8329,1698668
2024-09-26T23:00:00Z,0.8332,0.8357,0.8229,0.8349,1782623
2024-09-27T00:00:00Z,0.8347,0.8397,0.8330,0.8390,2160160
2024-09-27T01:00:00Z,0.8391,0.8427,0.8334,0.8358,1867767
2024-09-27T02:00:00Z,0.8357,0.8379,0.8255,0.8258,1522518
2024-09-27T03:00:00Z,0.8258,0.8378,0.8217,0.8369,1698400
2024-09-27T04:00:00Z,0.8373,0.8428,0.8356,0.8404,1687153
2024-09-27T05:00:00Z,0.8403,0.8441,0.8342,0.8431,2110857
2024-09-27T06:00:00Z,0.8432,0.8500,0.8394,0.8414,3128382
2024-09-27T07:00:00Z,0.8413,0.8529,0.8361,0.8516,4213262
2024-09-27T08:00:00Z,0.8516,0.8562,0.8496,0.8511,5613992
2024-09-27T09:00:00Z,0.8512,0.8545,0.8455,0.8471,2529913
2024-09-27T10:00:00Z,0.8469,0.8501,0.8341,0.8356,3220268
2024-09-27T11:00:00Z,0.8358,0.8448,0.8358,0.8440,1522125
2024-09-27T12:00:00Z,0.8440,0.8497,0.8384,0.8493,1868503
2024-09-27T13:00:00Z,0.8494,0.8533,0.8419,0.8507,2100818
2024-09-27T14:00:00Z,0.8508,0.8578,0.8474,0.8522,3643773
2024-09-27T15:00:00Z,0.8521,0.8568,0.8474,0.8478,1801669
2024-09-27T16:00:00Z,0.8477,0.8529,0.8406,0.8496,2197312
2024-09-27T17:00:00Z,0.8495,0.8504,0.8351,0.8423,2602273
2024-09-27T18:00:00Z,0.8423,0.8433,0.8367,0.8431,1055361
2024-09-27T19:00:00Z,0.8431,0.8462,0.8394,0.8411,1207159
2024-09-27T20:00:00Z,0.8412,0.8460,0.8376,0.8437,1053046
2024-09-27T21:00:00Z,0.8438,0.8510,0.8438,0.8501,1019392
2024-09-27T22:00:00Z,0.8501,0.8562,0.8470,0.8539,1051912
2024-09-27T23:00:00Z,0.8539,0.8555,0.8472,0.8491,1099529
2024-09-28T00:00:00Z,0.8491,0.8536,0.8459,0.8531,1228614
2024-09-28T01:00:00Z,0.8530,0.8583,0.8521,0.8568,1341744
2024-09-28T02:00:00Z,0.8568,0.8733,0.8563,0.8694,2940922
2024-09-28T03:00:00Z,0.8694,0.8747,0.8619,0.8646,1708166
2024-09-28T04:00:00Z,0.8645,0.8736,0.8599,0.8666,1774590
2024-09-28T05:00:00Z,0.8665,0.8679,0.8548,0.8557,1880677
2024-09-28T06:00:00Z,0.8558,0.8581,0.8383,0.8423,4402032
2024-09-28T07:00:00Z,0.8422,0.8493,0.8420,0.8436,1993631
2024-09-28T08:00:00Z,0.8437,0.8459,0.8320,0.8342,3602677
2024-09-28T09:00:00Z,0.8341,0.8346,0.8165,0.8265,7630975
2024-09-28T10:00:00Z,0.8265,0.8334,0.8225,0.8315,2113344
2024-09-28T11:00:00Z,0.8314,0.8316,0.8205,0.8250,1592610
2024-09-28T12:00:00Z,0.8247,0.8248,0.8131,0.8150,3661347
2024-09-28T13:00:00Z,0.8149,0.8153,0.8030,0.8075,3944304
2024-09-28T14:00:00Z,0.8074,0.8232,0.8068,0.8223,2592642
2024-09-28T15:00:00Z,0.8222,0.8231,0.8131,0.8143,1566201
2024-09-28T16:00:00Z,0.8143,0.8156,0.8050,0.8078,1893620
2024-09-28T17:00:00Z,0.8076,0.8156,0.8064,0.8145,2674462
2024-09-28T18:00:00Z,0.8145,0.8231,0.8137,0.8157,4178939
2024-09-28T19:00:00Z,0.8156,0.8165,0.8107,0.8115,1645044
2024-09-28T20:00:00Z,0.8116,0.8128,0.8058,0.8063,1387386
2024-09-28T21:00:00Z,0.8064,0.8087,0.7940,0.8038,3451104
2024-09-28T22:00:00Z,0.8037,0.8165,0.8010,0.8137,1852315
2024-09-28T23:00:00Z,0.8138,0.8257,0.8102,0.8240,2184829
2024-09-29T00:00:00Z,0.8241,0.8343,0.8206,0.8236,3607111
2024-09-29T01:00:00Z,0.8236,0.8281,0.8164,0.8272,1906484
2024-09-29T02:00:00Z,0.8273,0.8417,0.8244,0.8377,2983767
2024-09-29T03:00:00Z,0.8377,0.8423,0.8305,0.8380,1587228
2024-09-29T04:00:00Z,0.8380,0.8421,0.8295,0.8317,2078029
2024-09-29T05:00:00Z,0.8317,0.8356,0.8254,0.8263,1880471
2024-09-29T06:00:00Z,0.8263,0.8274,0.8143,0.8155,2853507
2024-09-29T07:00:00Z,0.8155,0.8189,0.8015,0.8038,3684738
2024-09-29T08:00:00Z,0.8037,0.8118,0.8025,0.8051,2453284
2024-09-29T09:00:00Z,0.8051,0.8155,0.8051,0.8143,1770154
2024-09-29T10:00:00Z,0.8143,0.8157,0.8059,0.8081,1261904
2024-09-29T11:00:00Z,0.8079,0.8128,0.8062,0.8083,1176482
2024-09-29T12:00:00Z,0.8083,0.8107,0.7957,0.7969,2375291
2024-09-29T13:00:00Z,0.7971,0.8148,0.7928,0.8146,2467635
2024-09-29T14:00:00Z,0.8147,0.8200,0.8059,0.8076,2688016
2024-09-29T15:00:00Z,0.8077,0.8200,0.8056,0.8195,1642956
2024-09-29T16:00:00Z,0.8195,0.8266,0.8149,0.8258,2544702
2024-09-29T17:00:00Z,0.8257,0.8318,0.8249,0.8284,1957922
2024-09-29T18:00:00Z,0.8288,0.8417,0.8269,0.8338,3194614
2024-09-29T19:00:00Z,0.8338,0.8384,0.8320,0.8382,1004456
2024-09-29T20:00:00Z,0.8384,0.8490,0.8331,0.8337,2754784
2024-09-29T21:00:00Z,0.8338,0.8422,0.8332,0.8377,1091483
2024-09-29T22:00:00Z,0.8377,0.8424,0.8303,0.8336,1913560
2024-09-29T23:00:00Z,0.8337,0.8369,0.8266,0.8363,1824007
2024-09-30T00:00:00Z,0.8363,0.8435,0.8225,0.8424,5015671
2024-09-30T01:00:00Z,0.8423,0.8470,0.8271,0.8287,3940909
2024-09-30T02:00:00Z,0.8287,0.8346,0.8223,0.8229,2282388
2024-09-30T03:00:00Z,0.8228,0.8345,0.8130,0.8322,3042381
2024-09-30T04:00:00Z,0.8322,0.8328,0.8169,0.8269,2119601
2024-09-30T05:00:00Z,0.8268,0.8403,0.8240,0.8348,2038679
2024-09-30T06:00:00Z,0.8349,0.8427,0.8255,0.8258,2326825
2024-09-30T07:00:00Z,0.8256,0.8342,0.8241,0.8317,1975472
2024-09-30T08:00:00Z,0.8319,0.8330,0.8236,0.8304,2040420
2024-09-30T09:00:00Z,0.8304,0.8310,0.8127,0.8131,2954523
2024-09-30T10:00:00Z,0.8131,0.8164,0.8014,0.8090,5471042
2024-09-30T11:00:00Z,0.8090,0.8146,0.8025,0.8106,2546305
2024-09-30T12:00:00Z,0.8107,0.8134,0.8035,0.8107,1483507
2024-09-30T13:00:00Z,0.8106,0.8165,0.8039,0.8045,2214347
2024-09-30T14:00:00Z,0.8044,0.8047,0.7920,0.7981,4440465
2024-09-30T15:00:00Z,0.7982,0.8028,0.7804,0.7820,4276144
2024-09-30T16:00:00Z,0.7821,0.7889,0.7751,0.7788,4382211
2024-09-30T17:00:00Z,0.7789,0.7841,0.7772,0.7839,1612843
2024-09-30T18:00:00Z,0.7839,0.7874,0.7750,0.7846,2110079
2024-09-30T19:00:00Z,0.7848,0.7855,0.7791,0.7809,1557024
2024-09-30T20:00:00Z,0.7809,0.7894,0.7791,0.7848,1670873
2024-09-30T21:00:00Z,0.7848,0.7879,0.7799,0.7801,973631
2024-09-30T22:00:00Z,0.7801,0.7809,0.7653,0.7665,2765991
2024-09-30T23:00:00Z,0.7665,0.7670,0.7505,0.7604,7300775
2024-10-01T00:00:00Z,0.7603,0.7719,0.7572,0.7692,4095942
2024-10-01T01:00:00Z,0.7692,0.7798,0.7680,0.7774,2222874
2024-10-01T02:00:00Z,0.7775,0.7841,0.7701,0.7838,1800456
2024-10-01T03:00:00Z,0.7838,0.7962,0.7826,0.7950,3167220
2024-10-01T04:00:00Z,0.7950,0.7972,0.7874,0.7928,2034885
2024-10-01T05:00:00Z,0.7928,0.7932,0.7869,0.7900,1077578
2024-10-01T06:00:00Z,0.7901,0.8009,0.7896,0.8001,1681633
2024-10-01T07:00:00Z,0.8002,0.8008,0.7954,0.7963,1309819
2024-10-01T08:00:00Z,0.7963,0.8023,0.7955,0.8003,1381218
2024-10-01T09:00:00Z,0.8004,0.8049,0.7994,0.8033,980974
2024-10-01T10:00:00Z,0.8032,0.8143,0.8013,0.8141,2403991
2024-10-01T11:00:00Z,0.8144,0.8247,0.8108,0.8113,4120666
2024-10-01T12:00:00Z,0.8113,0.8150,0.8061,0.8078,1989735
2024-10-01T13:00:00Z,0.8078,0.8088,0.7752,0.7847,7933086
2024-10-01T14:00:00Z,0.7848,0.7899,0.7478,0.7520,8776397
2024-10-01T15:00:00Z,0.7522,0.7548,0.7109,0.7403,14361230
2024-10-01T16:00:00Z,0.7402,0.7442,0.7161,0.7263,7245633
2024-10-01T17:00:00Z,0.7260,0.7260,0.6754,0.7135,17488253
2024-10-01T18:00:00Z,0.7136,0.7164,0.7010,0.7052,5165507
2024-10-01T19:00:00Z,0.7051,0.7069,0.6924,0.6933,4023623
2024-10-01T20:00:00Z,0.6933,0.6982,0.6810,0.6954,7761896
2024-10-01T21:00:00Z,0.6950,0.6997,0.6859,0.6987,2665185
2024-10-01T22:00:00Z,0.6988,0.6988,0.6828,0.6844,2403148
2024-10-01T23:00:00Z,0.6845,0.6893,0.6796,0.6803,3387798
2024-10-02T00:00:00Z,0.6802,0.6860,0.6667,0.6821,7152009
2024-10-02T01:00:00Z,0.6820,0.6972,0.6807,0.6940,3000136
2024-10-02T02:00:00Z,0.6939,0.7045,0.6924,0.7028,2608785
2024-10-02T03:00:00Z,0.7026,0.7037,0.6985,0.7003,1952132
2024-10-02T04:00:00Z,0.7003,0.7013,0.6898,0.6929,2267647
2024-10-02T05:00:00Z,0.6927,0.6980,0.6900,0.6950,1654982
2024-10-02T06:00:00Z,0.6950,0.7086,0.6915,0.7071,4887215
2024-10-02T07:00:00Z,0.7072,0.7126,0.7044,0.7059,2572363
2024-10-02T08:00:00Z,0.7058,0.7068,0.6990,0.7005,2354737
2024-10-02T09:00:00Z,0.7006,0.7019,0.6857,0.6898,3801920
2024-10-02T10:00:00Z,0.6896,0.6951,0.6790,0.6790,3752459
2024-10-02T11:00:00Z,0.6789,0.6910,0.6729,0.6846,4225270
2024-10-02T12:00:00Z,0.6848,0.6884,0.6771,0.6799,3718367
2024-10-02T13:00:00Z,0.6800,0.6914,0.6748,0.6899,4674966
2024-10-02T14:00:00Z,0.6899,0.6974,0.6834,0.6834,4204756
2024-10-02T15:00:00Z,0.6834,0.6988,0.6818,0.6943,3993775
2024-10-02T16:00:00Z,0.6941,0.7025,0.6899,0.6901,3996919
2024-10-02T17:00:00Z,0.6900,0.6918,0.6828,0.6877,3350823
2024-10-02T18:00:00Z,0.6880,0.6885,0.6620,0.6624,7568417
2024-10-02T19:00:00Z,0.6624,0.6727,0.6530,0.6697,6803483
2024-10-02T20:00:00Z,0.6695,0.6847,0.6654,0.6795,3732676
2024-10-02T21:00:00Z,0.6795,0.6900,0.6734,0.6856,4322942
2024-10-02T22:00:00Z,0.6856,0.6920,0.6747,0.6912,5541990
2024-10-02T23:00:00Z,0.6913,0.6932,0.6865,0.6888,2564570
2024-10-03T00:00:00Z,0.6889,0.6966,0.6810,0.6927,4289803
2024-10-03T01:00:00Z,0.6926,0.7074,0.6921,0.7053,4127045
2024-10-03T02:00:00Z,0.7053,0.7068,0.6972,0.7025,2375634
2024-10-03T03:00:00Z,0.7024,0.7093,0.7002,0.7069,2377157
2024-10-03T04:00:00Z,0.7070,0.7132,0.7010,0.7068,2154849
2024-10-03T05:00:00Z,0.7067,0.7114,0.6993,0.7021,3057275
2024-10-03T06:00:00Z,0.7021,0.7044,0.6972,0.6977,1966365
2024-10-03T07:00:00Z,0.6977,0.6995,0.6847,0.6848,3799218
2024-10-03T08:00:00Z,0.6847,0.6867,0.6700,0.6731,6306129
2024-10-03T09:00:00Z,0.6731,0.6843,0.6624,0.6841,5739991
2024-10-03T10:00:00Z,0.6840,0.6933,0.6833,0.6926,3828516
2024-10-03T11:00:00Z,0.6928,0.6947,0.6807,0.6815,2464456
2024-10-03T12:00:00Z,0.6815,0.6856,0.6738,0.6800,4615426
2024-10-03T13:00:00Z,0.6801,0.6836,0.6695,0.6789,5641674
2024-10-03T14:00:00Z,0.6789,0.6906,0.6671,0.6679,5200210
2024-10-03T15:00:00Z,0.6680,0.6743,0.6537,0.6717,7230495
2024-10-03T16:00:00Z,0.6719,0.6743,0.6567,0.6622,3732760
2024-10-03T17:00:00Z,0.6621,0.6757,0.6568,0.6739,3941288
2024-10-03T18:00:00Z,0.6739,0.6768,0.6664,0.6687,2361527
2024-10-03T19:00:00Z,0.6686,0.6818,0.6678,0.6800,2131523
2024-10-03T20:00:00Z,0.6799,0.6834,0.6727,0.6765,1639573
2024-10-03T21:00:00Z,0.6767,0.6869,0.6711,0.6845,2038427
2024-10-03T22:00:00Z,0.6846,0.6892,0.6808,0.6879,1766041
2024-10-03T23:00:00Z,0.6879,0.6912,0.6792,0.6822,2212987
2024-10-04T00:00:00Z,0.6823,0.6849,0.6771,0.6775,1802570
2024-10-04T01:00:00Z,0.6776,0.6952,0.6773,0.6910,2322361
2024-10-04T02:00:00Z,0.6910,0.6932,0.6864,0.6878,925780
2024-10-04T03:00:00Z,0.6878,0.6885,0.6825,0.6862,826487
2024-10-04T04:00:00Z,0.6865,0.6947,0.6860,0.6893,986738
2024-10-04T05:00:00Z,0.6893,0.6970,0.6887,0.6961,1070278
2024-10-04T06:00:00Z,0.6960,0.6987,0.6919,0.6928,1382168
2024-10-04T07:00:00Z,0.6927,0.6972,0.6897,0.6928,1659948
2024-10-04T08:00:00Z,0.6928,0.7010,0.6920,0.6958,2194661
2024-10-04T09:00:00Z,0.6958,0.7002,0.6904,0.6908,1849592
2024-10-04T10:00:00Z,0.6906,0.6961,0.6893,0.6908,1292665
2024-10-04T11:00:00Z,0.6910,0.6962,0.6887,0.6956,2371063
2024-10-04T12:00:00Z,0.6954,0.7042,0.6901,0.7034,3610207
2024-10-04T13:00:00Z,0.7033,0.7051,0.6941,0.6982,3758875
2024-10-04T14:00:00Z,0.6980,0.6985,0.6867,0.6938,2760425
2024-10-04T15:00:00Z,0.6937,0.7056,0.6934,0.7056,2674016
2024-10-04T16:00:00Z,0.7055,0.7132,0.7032,0.7111,2623781
2024-10-04T17:00:00Z,0.7110,0.7136,0.7031,0.7061,1926593
2024-10-04T18:00:00Z,0.7062,0.7132,0.7056,0.7128,1415097
2024-10-04T19:00:00Z,0.7128,0.7154,0.7113,0.7128,1384933
2024-10-04T20:00:00Z,0.7128,0.7128,0.7074,0.7106,1276122
2024-10-04T21:00:00Z,0.7106,0.7126,0.7082,0.7089,747896
2024-10-04T22:00:00Z,0.7089,0.7099,0.7063,0.7082,873311
2024-10-04T23:00:00Z,0.7082,0.7104,0.7058,0.7095,819653
2024-10-05T00:00:00Z,0.7095,0.7164,0.7094,0.7161,913349
2024-10-05T01:00:00Z,0.7161,0.7189,0.7097,0.7110,1142852
2024-10-05T02:00:00Z,0.7109,0.7113,0.7010,0.7023,1224328
2024-10-05T03:00:00Z,0.7023,0.7066,0.6998,0.7019,1195276
2024-10-05T04:00:00Z,0.7019,0.7083,0.6988,0.7057,1148363
2024-10-05T05:00:00Z,0.7058,0.7140,0.7058,0.7139,1055130
2024-10-05T06:00:00Z,0.7139,0.7176,0.7093,0.7168,853962
2024-10-05T07:00:00Z,0.7169,0.7182,0.7120,0.7121,729658
2024-10-05T08:00:00Z,0.7122,0.7211,0.7117,0.7175,1490334
2024-10-05T09:00:00Z,0.7174,0.7208,0.7174,0.7195,851065
2024-10-05T10:00:00Z,0.7194,0.7206,0.7159,0.7180,1202470
2024-10-05T11:00:00Z,0.7180,0.7209,0.7169,0.7193,625817
2024-10-05T12:00:00Z,0.7192,0.7237,0.7190,0.7235,1087486
2024-10-05T13:00:00Z,0.7235,0.7244,0.7144,0.7157,1269684
2024-10-05T14:00:00Z,0.7157,0.7189,0.7126,0.7176,1381876
2024-10-05T15:00:00Z,0.7178,0.7194,0.7131,0.7167,970358
2024-10-05T16:00:00Z,0.7169,0.7173,0.7064,0.7079,1569104
2024-10-05T17:00:00Z,0.7079,0.7097,0.7035,0.7089,2018008
2024-10-05T18:00:00Z,0.7089,0.7112,0.7011,0.7021,1619804
2024-10-05T19:00:00Z,0.7022,0.7024,0.6972,0.6996,1765747
2024-10-05T20:00:00Z,0.6996,0.6998,0.6911,0.6926,1788106
2024-10-05T21:00:00Z,0.6926,0.7039,0.6906,0.6987,2492631
2024-10-05T22:00:00Z,0.6987,0.7046,0.6981,0.7040,914371
2024-10-05T23:00:00Z,0.7039,0.7045,0.7014,0.7030,527583
2024-10-06T00:00:00Z,0.7031,0.7033,0.6980,0.7000,864297
2024-10-06T01:00:00Z,0.7001,0.7106,0.6997,0.7093,1700285
2024-10-06T02:00:00Z,0.7094,0.7100,0.7030,0.7038,907969
2024-10-06T03:00:00Z,0.7039,0.7068,0.6993,0.6994,784891
2024-10-06T04:00:00Z,0.6996,0.7032,0.6969,0.7000,720992
2024-10-06T05:00:00Z,0.7000,0.7043,0.6976,0.7021,753729
2024-10-06T06:00:00Z,0.7022,0.7070,0.7020,0.7032,975663
2024-10-06T07:00:00Z,0.7032,0.7045,0.6997,0.7023,1498090
2024-10-06T08:00:00Z,0.7023,0.7080,0.7004,0.7043,1881774
2024-10-06T09:00:00Z,0.7043,0.7119,0.7033,0.7081,780832
2024-10-06T10:00:00Z,0.7082,0.7116,0.7068,0.7071,1065391
2024-10-06T11:00:00Z,0.7070,0.7132,0.7070,0.7127,688137
2024-10-06T12:00:00Z,0.7128,0.7219,0.7108,0.7213,2107223
2024-10-06T13:00:00Z,0.7213,0.7235,0.7185,0.7191,1323347
2024-10-06T14:00:00Z,0.7191,0.7330,0.7172,0.7321,2172055
2024-10-06T15:00:00Z,0.7319,0.7340,0.7254,0.7287,2334999
2024-10-06T16:00:00Z,0.7288,0.7350,0.7232,0.7234,2664337
2024-10-06T17:00:00Z,0.7235,0.7266,0.7198,0.7203,1063483
2024-10-06T18:00:00Z,0.7203,0.7286,0.7203,0.7271,1618370
2024-10-06T19:00:00Z,0.7269,0.7329,0.7240,0.7256,1279700
2024-10-06T20:00:00Z,0.7257,0.7287,0.7244,0.7265,925466
2024-10-06T21:00:00Z,0.7264,0.7293,0.7191,0.7204,970196
2024-10-06T22:00:00Z,0.7203,0.7309,0.7202,0.7299,948854
2024-10-06T23:00:00Z,0.7300,0.7359,0.7300,0.7353,1330296
2024-10-07T00:00:00Z,0.7355,0.7431,0.7300,0.7425,2528340
2024-10-07T01:00:00Z,0.7424,0.7486,0.7421,0.7482,1644717
2024-10-07T02:00:00Z,0.7482,0.7527,0.7458,0.7478,1672758
2024-10-07T03:00:00Z,0.7478,0.7537,0.7459,0.7504,1653936
2024-10-07T04:00:00Z,0.7503,0.7540,0.7445,0.7454,1467304
2024-10-07T05:00:00Z,0.7454,0.7498,0.7444,0.7465,1297714
2024-10-07T06:00:00Z,0.7467,0.7549,0.7467,0.7540,1139041
2024-10-07T07:00:00Z,0.7541,0.7572,0.7515,0.7543,1437450
2024-10-07T08:00:00Z,0.7544,0.7594,0.7541,0.7558,1389951
2024-10-07T09:00:00Z,0.7557,0.7579,0.7437,0.7477,2335120
2024-10-07T10:00:00Z,0.7476,0.7477,0.7376,0.7386,2511490
2024-10-07T11:00:00Z,0.7385,0.7509,0.7351,0.7501,2172846
2024-10-07T12:00:00Z,0.7502,0.7516,0.7433,0.7450,1925271
2024-10-07T13:00:00Z,0.7448,0.7564,0.7440,0.7546,2113298
2024-10-07T14:00:00Z,0.7545,0.7688,0.7544,0.7557,3814462
2024-10-07T15:00:00Z,0.7556,0.7564,0.7479,0.7519,2221708
2024-10-07T16:00:00Z,0.7518,0.7615,0.7502,0.7595,1512791
2024-10-07T17:00:00Z,0.7596,0.7616,0.7564,0.7591,1381133
2024-10-07T18:00:00Z,0.7592,0.7604,0.7369,0.7400,2575847
2024-10-07T19:00:00Z,0.7400,0.7518,0.7394,0.7502,1994660
2024-10-07T20:00:00Z,0.7501,0.7536,0.7450,0.7460,1243147
2024-10-07T21:00:00Z,0.7459,0.7538,0.7450,0.7518,747445
2024-10-07T22:00:00Z,0.7517,0.7550,0.7404,0.7417,1882759
2024-10-07T23:00:00Z,0.7417,0.7458,0.7355,0.7366,2495774
2024-10-08T00:00:00Z,0.7366,0.7441,0.7351,0.7435,1493107
2024-10-08T01:00:00Z,0.7434,0.7461,0.7371,0.7410,1799833
2024-10-08T02:00:00Z,0.7410,0.7433,0.7341,0.7433,1053905
2024-10-08T03:00:00Z,0.7434,0.7452,0.7389,0.7420,913620
2024-10-08T04:00:00Z,0.7421,0.7487,0.7382,0.7412,1286006
2024-10-08T05:00:00Z,0.7412,0.7421,0.7258,0.7311,2381941
2024-10-08T06:00:00Z,0.7311,0.7363,0.7238,0.7352,1970209
2024-10-08T07:00:00Z,0.7351,0.7355,0.7221,0.7329,2082139
2024-10-08T08:00:00Z,0.7328,0.7379,0.7294,0.7343,1442870
2024-10-08T09:00:00Z,0.7343,0.7350,0.7296,0.7335,1406690
2024-10-08T10:00:00Z,0.7334,0.7345,0.7293,0.7329,922093
2024-10-08T11:00:00Z,0.7328,0.7367,0.7308,0.7349,857661
2024-10-08T12:00:00Z,0.7348,0.7353,0.7252,0.7262,1469083
2024-10-08T13:00:00Z,0.7261,0.7338,0.7205,0.7332,1672272
2024-10-08T14:00:00Z,0.7333,0.7367,0.7173,0.7256,2260515
2024-10-08T15:00:00Z,0.7257,0.7266,0.7073,0.7166,3171549
2024-10-08T16:00:00Z,0.7170,0.7252,0.7121,0.7229,2898541
2024-10-08T17:00:00Z,0.7230,0.7234,0.7082,0.7130,2084231
2024-10-08T18:00:00Z,0.7131,0.7179,0.7024,0.7094,2578102
2024-10-08T19:00:00Z,0.7094,0.7163,0.7049,0.7149,2004656
2024-10-08T20:00:00Z,0.7150,0.7161,0.7119,0.7153,739504
2024-10-08T21:00:00Z,0.7153,0.7223,0.7135,0.7212,901811
2024-10-08T22:00:00Z,0.7212,0.7216,0.7132,0.7135,972037
2024-10-08T23:00:00Z,0.7133,0.7152,0.7087,0.7139,1128801
2024-10-09T00:00:00Z,0.7139,0.7201,0.7119,0.7176,1360155
2024-10-09T01:00:00Z,0.7176,0.7333,0.7164,0.7286,1509327
2024-10-09T02:00:00Z,0.7288,0.7303,0.7243,0.7247,1190135
2024-10-09T03:00:00Z,0.7246,0.7282,0.7203,0.7256,1189046
2024-10-09T04:00:00Z,0.7255,0.7337,0.7238,0.7281,1324470
2024-10-09T05:00:00Z,0.7281,0.7420,0.7279,0.7416,2148562
2024-10-09T06:00:00Z,0.7417,0.7419,0.7360,0.7385,1204259
2024-10-09T07:00:00Z,0.7384,0.7389,0.7302,0.7359,1353004
2024-10-09T08:00:00Z,0.7359,0.7383,0.7302,0.7342,1432642
2024-10-09T09:00:00Z,0.7342,0.7392,0.7331,0.7392,1230201
2024-10-09T10:00:00Z,0.7391,0.7398,0.7328,0.7366,1166505
2024-10-09T11:00:00Z,0.7366,0.7452,0.7364,0.7443,1935924
2024-10-09T12:00:00Z,0.7442,0.7456,0.7322,0.7371,2669292
2024-10-09T13:00:00Z,0.7370,0.7399,0.7261,0.7271,3295948
2024-10-09T14:00:00Z,0.7273,0.7329,0.7187,0.7213,2566365
2024-10-09T15:00:00Z,0.7214,0.7397,0.7214,0.7360,2641193
2024-10-09T16:00:00Z,0.7360,0.7371,0.7129,0.7153,3331909
2024-10-09T17:00:00Z,0.7152,0.7212,0.7121,0.7206,1574809
2024-10-09T18:00:00Z,0.7205,0.7222,0.7108,0.7135,2696639
2024-10-09T19:00:00Z,0.7134,0.7151,0.7082,0.7128,1414820
2024-10-09T20:00:00Z,0.7127,0.7127,0.6932,0.6953,7033637
2024-10-09T21:00:00Z,0.6952,0.7084,0.6938,0.7074,1710572
2024-10-09T22:00:00Z,0.7074,0.7074,0.7011,0.7044,1213657
2024-10-09T23:00:00Z,0.7045,0.7075,0.7028,0.7048,804027
2024-10-10T00:00:00Z,0.7047,0.7085,0.6987,0.7032,1901969
2024-10-10T01:00:00Z,0.7032,0.7128,0.7029,0.7113,1474825
2024-10-10T02:00:00Z,0.7112,0.7120,0.7079,0.7098,845041
2024-10-10T03:00:00Z,0.7099,0.7161,0.7087,0.7123,909140
2024-10-10T04:00:00Z,0.7122,0.7165,0.7120,0.7149,754974
2024-10-10T05:00:00Z,0.7148,0.7191,0.7110,0.7190,947933
2024-10-10T06:00:00Z,0.7189,0.7205,0.7151,0.7163,1265870
2024-10-10T07:00:00Z,0.7162,0.7168,0.7038,0.7049,1847758
2024-10-10T08:00:00Z,0.7049,0.7082,0.6975,0.6987,1931569
2024-10-10T09:00:00Z,0.6987,0.7019,0.6923,0.7009,3017256
2024-10-10T10:00:00Z,0.7006,0.7068,0.7000,0.7043,1423235
2024-10-10T11:00:00Z,0.7043,0.7125,0.7038,0.7121,1347266
2024-10-10T12:00:00Z,0.7122,0.7134,0.6958,0.7019,2827615
2024-10-10T13:00:00Z,0.7019,0.7065,0.6927,0.6984,2733117
2024-10-10T14:00:00Z,0.6982,0.7015,0.6862,0.6959,5078437
2024-10-10T15:00:00Z,0.6959,0.6986,0.6876,0.6978,1823763
2024-10-10T16:00:00Z,0.6979,0.7010,0.6884,0.6894,2002395
2024-10-10T17:00:00Z,0.6894,0.6916,0.6779,0.6817,3185973
2024-10-10T18:00:00Z,0.6816,0.6862,0.6714,0.6858,6809456
2024-10-10T19:00:00Z,0.6857,0.6899,0.6822,0.6876,1741836
2024-10-10T20:00:00Z,0.6875,0.6919,0.6859,0.6910,1318765
2024-10-10T21:00:00Z,0.6910,0.6990,0.6892,0.6990,1204835
2024-10-10T22:00:00Z,0.6989,0.6993,0.6934,0.6956,1018414
2024-10-10T23:00:00Z,0.6959,0.7010,0.6956,0.6996,923423
2024-10-11T00:00:00Z,0.6997,0.7030,0.6960,0.6973,1248983
2024-10-11T01:00:00Z,0.6975,0.7056,0.6937,0.7026,1120141
2024-10-11T02:00:00Z,0.7025,0.7037,0.6986,0.7023,708197
2024-10-11T03:00:00Z,0.7024,0.7066,0.7024,0.7040,726173
2024-10-11T04:00:00Z,0.7041,0.7064,0.7004,0.7022,689288
2024-10-11T05:00:00Z,0.7021,0.7036,0.6887,0.6913,2589247
2024-10-11T06:00:00Z,0.6913,0.7010,0.6910,0.6980,1606028
2024-10-11T07:00:00Z,0.6980,0.7011,0.6970,0.6982,808968
2024-10-11T08:00:00Z,0.6982,0.7017,0.6975,0.6985,615055
2024-10-11T09:00:00Z,0.6983,0.7071,0.6982,0.7065,1381020
2024-10-11T10:00:00Z,0.7061,0.7100,0.7040,0.7065,1494531
2024-10-11T11:00:00Z,0.7064,0.7073,0.7038,0.7054,681277
2024-10-11T12:00:00Z,0.7054,0.7101,0.7042,0.7070,1372238
2024-10-11T13:00:00Z,0.7070,0.7116,0.7035,0.7102,1634469
2024-10-11T14:00:00Z,0.7102,0.7118,0.7062,0.7077,1562404
2024-10-11T15:00:00Z,0.7078,0.7167,0.7078,0.7121,2373464
2024-10-11T16:00:00Z,0.7119,0.7167,0.7105,0.7149,1845783
2024-10-11T17:00:00Z,0.7150,0.7210,0.7129,0.7197,1661514
2024-10-11T18:00:00Z,0.7198,0.7212,0.7155,0.7181,1055833
2024-10-11T19:00:00Z,0.7181,0.7244,0.7179,0.7215,1334267
2024-10-11T20:00:00Z,0.7216,0.7252,0.7203,0.7244,821915
2024-10-11T21:00:00Z,0.7244,0.7280,0.7244,0.7259,832031
2024-10-11T22:00:00Z,0.7258,0.7278,0.7201,0.7222,1533100
2024-10-11T23:00:00Z,0.7221,0.7235,0.7181,0.7202,901125
2024-10-12T00:00:00Z,0.7203,0.7230,0.7194,0.7199,890420
2024-10-12T01:00:00Z,0.7200,0.7218,0.7185,0.7196,835457
2024-10-12T02:00:00Z,0.7196,0.7197,0.7114,0.7117,1399205
2024-10-12T03:00:00Z,0.7117,0.7142,0.7069,0.7091,1882957
2024-10-12T04:00:00Z,0.7092,0.7175,0.7091,0.7151,1134995
2024-10-12T05:00:00Z,0.7152,0.7210,0.7149,0.7202,1186942
2024-10-12T06:00:00Z,0.7204,0.7249,0.7185,0.7228,1338905
2024-10-12T07:00:00Z,0.7227,0.7295,0.7221,0.7293,1260452
2024-10-12T08:00:00Z,0.7294,0.7295,0.7236,0.7264,1325138
2024-10-12T09:00:00Z,0.7265,0.7287,0.7237,0.7279,941996
2024-10-12T10:00:00Z,0.7279,0.7371,0.7273,0.7358,1730944
2024-10-12T11:00:00Z,0.7359,0.7379,0.7313,0.7327,957575
2024-10-12T12:00:00Z,0.7325,0.7339,0.7285,0.7320,1135604
2024-10-12T13:00:00Z,0.7321,0.7358,0.7307,0.7339,691702
2024-10-12T14:00:00Z,0.7339,0.7342,0.7294,0.7314,1088016
2024-10-12T15:00:00Z,0.7314,0.7346,0.7287,0.7304,1160527
2024-10-12T16:00:00Z,0.7305,0.7362,0.7270,0.7274,1263569
2024-10-12T17:00:00Z,0.7274,0.7308,0.7243,0.7278,1642471
2024-10-12T18:00:00Z,0.7279,0.7307,0.7209,0.7235,1416402
2024-10-12T19:00:00Z,0.7236,0.7239,0.7185,0.7210,1452351
2024-10-12T20:00:00Z,0.7211,0.7234,0.7199,0.7215,612585
2024-10-12T21:00:00Z,0.7215,0.7255,0.7207,0.7244,542238
2024-10-12T22:00:00Z,0.7243,0.7244,0.7201,0.7230,882077
2024-10-12T23:00:00Z,0.7229,0.7238,0.7205,0.7217,591246
2024-10-13T00:00:00Z,0.7217,0.7277,0.7213,0.7219,1163550
2024-10-13T01:00:00Z,0.7218,0.7223,0.7121,0.7164,1934988
2024-10-13T02:00:00Z,0.7165,0.7231,0.7161,0.7226,768218
2024-10-13T03:00:00Z,0.7227,0.7242,0.7128,0.7145,997684
2024-10-13T04:00:00Z,0.7144,0.7220,0.7139,0.7214,742730
2024-10-13T05:00:00Z,0.7215,0.7307,0.7208,0.7254,1282727
2024-10-13T06:00:00Z,0.7254,0.7272,0.7220,0.7239,712431
2024-10-13T07:00:00Z,0.7238,0.7254,0.7201,0.7248,947183
2024-10-13T08:00:00Z,0.7249,0.7289,0.7205,0.7216,1272728
2024-10-13T09:00:00Z,0.7217,0.7267,0.7211,0.7251,821438
2024-10-13T10:00:00Z,0.7250,0.7277,0.7219,0.7229,880053
2024-10-13T11:00:00Z,0.7229,0.7255,0.7117,0.7127,2101001
2024-10-13T12:00:00Z,0.7127,0.7212,0.7121,0.7171,1202563
2024-10-13T13:00:00Z,0.7172,0.7206,0.7160,0.7190,743293
2024-10-13T14:00:00Z,0.7190,0.7217,0.7060,0.7092,2670366
2024-10-13T15:00:00Z,0.7092,0.7113,0.6922,0.7018,4286134
2024-10-13T16:00:00Z,0.7017,0.7129,0.6996,0.7103,2020091
2024-10-13T17:00:00Z,0.7102,0.7122,0.7005,0.7039,1340419
2024-10-13T18:00:00Z,0.7038,0.7054,0.6980,0.7013,1100424
2024-10-13T19:00:00Z,0.7014,0.7077,0.7014,0.7063,669085
2024-10-13T20:00:00Z,0.7063,0.7087,0.7047,0.7086,643971
2024-10-13T21:00:00Z,0.7085,0.7236,0.7081,0.7193,1607452
2024-10-13T22:00:00Z,0.7193,0.7310,0.7180,0.7223,2743304
2024-10-13T23:00:00Z,0.7222,0.7261,0.7187,0.7261,1036560
2024-10-14T00:00:00Z,0.7261,0.7291,0.7165,0.7166,2218034
2024-10-14T01:00:00Z,0.7165,0.7287,0.7159,0.7227,1585070
2024-10-14T02:00:00Z,0.7227,0.7227,0.7145,0.7191,2199928
2024-10-14T03:00:00Z,0.7190,0.7424,0.7181,0.7419,3604936
2024-10-14T04:00:00Z,0.7418,0.7528,0.7407,0.7479,4240697
2024-10-14T05:00:00Z,0.7479,0.7498,0.7390,0.7446,1464960
2024-10-14T06:00:00Z,0.7446,0.7505,0.7400,0.7493,1144011
2024-10-14T07:00:00Z,0.7493,0.7598,0.7482,0.7571,2123052
2024-10-14T08:00:00Z,0.7571,0.7594,0.7496,0.7512,1611882
2024-10-14T09:00:00Z,0.7512,0.7573,0.7470,0.7544,1466627
2024-10-14T10:00:00Z,0.7544,0.7568,0.7519,0.7560,1249578
2024-10-14T11:00:00Z,0.7558,0.7591,0.7532,0.7570,1489462
2024-10-14T12:00:00Z,0.7569,0.7612,0.7535,0.7569,1840250
2024-10-14T13:00:00Z,0.7570,0.7613,0.7515,0.7603,2176780
2024-10-14T14:00:00Z,0.7603,0.7631,0.7567,0.7570,2634307
2024-10-14T15:00:00Z,0.7571,0.7638,0.7565,0.7610,1602382
2024-10-14T16:00:00Z,0.7610,0.7646,0.7533,0.7577,2360379
2024-10-14T17:00:00Z,0.7578,0.7628,0.7565,0.7623,1357719
2024-10-14T18:00:00Z,0.7623,0.7719,0.7605,0.7666,2265676
2024-10-14T19:00:00Z,0.7663,0.7680,0.7614,0.7634,1277157
2024-10-14T20:00:00Z,0.7633,0.7709,0.7628,0.7688,1219716
2024-10-14T21:00:00Z,0.7688,0.7757,0.7656,0.7675,2399911
2024-10-14T22:00:00Z,0.7674,0.7780,0.7670,0.7772,2037188
2024-10-14T23:00:00Z,0.7772,0.7789,0.7736,0.7761,1094157
2024-10-15T00:00:00Z,0.7760,0.7820,0.7725,0.7779,2939752
2024-10-15T01:00:00Z,0.7781,0.7847,0.7753,0.7794,1677687
2024-10-15T02:00:00Z,0.7794,0.7873,0.7776,0.7787,2113028
2024-10-15T03:00:00Z,0.7787,0.7809,0.7665,0.7692,2272619
2024-10-15T04:00:00Z,0.7694,0.7744,0.7656,0.7721,1054329
2024-10-15T05:00:00Z,0.7721,0.7738,0.7588,0.7636,2375919
2024-10-15T06:00:00Z,0.7636,0.7681,0.7596,0.7665,998036
2024-10-15T07:00:00Z,0.7665,0.7738,0.7647,0.7671,1158842
2024-10-15T08:00:00Z,0.7671,0.7737,0.7660,0.7711,1270641
2024-10-15T09:00:00Z,0.7711,0.7716,0.7632,0.7632,1421063
2024-10-15T10:00:00Z,0.7632,0.7720,0.7612,0.7683,1097482
2024-10-15T11:00:00Z,0.7681,0.7693,0.7423,0.7470,5716525
2024-10-15T12:00:00Z,0.7471,0.7632,0.7464,0.7568,3006322
2024-10-15T13:00:00Z,0.7567,0.7748,0.7488,0.7727,3028812
2024-10-15T14:00:00Z,0.7728,0.7775,0.7447,0.7479,7483349
2024-10-15T15:00:00Z,0.7482,0.7542,0.7319,0.7518,6543938
2024-10-15T16:00:00Z,0.7518,0.7643,0.7507,0.7558,3172321
2024-10-15T17:00:00Z,0.7557,0.7587,0.7488,0.7559,1710161
2024-10-15T18:00:00Z,0.7561,0.7621,0.7550,0.7552,1341344
2024-10-15T19:00:00Z,0.7553,0.7579,0.7468,0.7484,1517506
2024-10-15T20:00:00Z,0.7483,0.7497,0.7327,0.7344,3038648
2024-10-15T21:00:00Z,0.7346,0.7381,0.7303,0.7355,2216574
2024-10-15T22:00:00Z,0.7354,0.7410,0.7326,0.7382,1388191
2024-10-15T23:00:00Z,0.7381,0.7491,0.7369,0.7484,1246370
2024-10-16T00:00:00Z,0.7484,0.7496,0.7395,0.7402,1265727
2024-10-16T01:00:00Z,0.7403,0.7471,0.7341,0.7438,1184335
2024-10-16T02:00:00Z,0.7440,0.7521,0.7425,0.7430,1127403
2024-10-16T03:00:00Z,0.7429,0.7457,0.7372,0.7397,1191184
2024-10-16T04:00:00Z,0.7394,0.7417,0.7251,0.7324,2410823
2024-10-16T05:00:00Z,0.7325,0.7398,0.7323,0.7361,1129069
2024-10-16T06:00:00Z,0.7360,0.7390,0.7269,0.7335,1666437
2024-10-16T07:00:00Z,0.7333,0.7333,0.7212,0.7237,2459051
2024-10-16T08:00:00Z,0.7236,0.7246,0.7177,0.7210,2746596
2024-10-16T09:00:00Z,0.7211,0.7343,0.7208,0.7323,1998549
2024-10-16T10:00:00Z,0.7323,0.7331,0.7266,0.7314,1900771
2024-10-16T11:00:00Z,0.7313,0.7387,0.7260,0.7337,2224249
2024-10-16T12:00:00Z,0.7334,0.7372,0.7256,0.7271,2195333
2024-10-16T13:00:00Z,0.7272,0.7298,0.7180,0.7218,2454014
2024-10-16T14:00:00Z,0.7219,0.7339,0.7159,0.7219,2754143
2024-10-16T15:00:00Z,0.7219,0.7246,0.7159,0.7189,1567721
2024-10-16T16:00:00Z,0.7189,0.7218,0.7128,0.7198,2649805
2024-10-16T17:00:00Z,0.7198,0.7240,0.7164,0.7170,1396357
2024-10-16T18:00:00Z,0.7169,0.7200,0.7139,0.7141,1685508
2024-10-16T19:00:00Z,0.7143,0.7194,0.7137,0.7169,946828
2024-10-16T20:00:00Z,0.7170,0.7281,0.7159,0.7229,1593287
2024-10-16T21:00:00Z,0.7230,0.7294,0.7230,0.7258,1256433
2024-10-16T22:00:00Z,0.7258,0.7316,0.7258,0.7287,724395
2024-10-16T23:00:00Z,0.7287,0.7291,0.7183,0.7193,1152248
2024-10-17T00:00:00Z,0.7194,0.7259,0.7191,0.7208,1090876
2024-10-17T01:00:00Z,0.7210,0.7239,0.7118,0.7235,1993980
2024-10-17T02:00:00Z,0.7234,0.7237,0.7126,0.7131,1202461
2024-10-17T03:00:00Z,0.7131,0.7235,0.7123,0.7225,1156370
2024-10-17T04:00:00Z,0.7224,0.7236,0.7140,0.7148,1355231
2024-10-17T05:00:00Z,0.7149,0.7179,0.7101,0.7111,1417713
2024-10-17T06:00:00Z,0.7110,0.7150,0.7072,0.7111,1671966
2024-10-17T07:00:00Z,0.7112,0.7126,0.7030,0.7095,2497745
2024-10-17T08:00:00Z,0.7096,0.7131,0.7060,0.7126,1128494
2024-10-17T09:00:00Z,0.7126,0.7129,0.7078,0.7085,857503
2024-10-17T10:00:00Z,0.7085,0.7095,0.6968,0.7038,2364866
2024-10-17T11:00:00Z,0.7038,0.7053,0.6961,0.6969,1650768
2024-10-17T12:00:00Z,0.6968,0.7062,0.6941,0.7056,1560355
2024-10-17T13:00:00Z,0.7055,0.7091,0.6966,0.7041,2690144
2024-10-17T14:00:00Z,0.7041,0.7077,0.6991,0.7056,1829141
2024-10-17T15:00:00Z,0.7057,0.7147,0.7017,0.7100,1960376
2024-10-17T16:00:00Z,0.7101,0.7102,0.7019,0.7049,1351624
2024-10-17T17:00:00Z,0.7050,0.7085,0.6973,0.7011,2052618
2024-10-17T18:00:00Z,0.7011,0.7020,0.6869,0.6940,4641108
2024-10-17T19:00:00Z,0.6941,0.7011,0.6922,0.6986,1244539
2024-10-17T20:00:00Z,0.6986,0.7041,0.6982,0.7001,1074782
2024-10-17T21:00:00Z,0.7000,0.7028,0.6998,0.7010,710766
2024-10-17T22:00:00Z,0.7010,0.7088,0.7010,0.7085,1046078
2024-10-17T23:00:00Z,0.7086,0.7101,0.7068,0.7096,940445
2024-10-18T00:00:00Z,0.7097,0.7143,0.7075,0.7120,3299807
2024-10-18T01:00:00Z,0.7120,0.7226,0.7117,0.7206,2294684
2024-10-18T02:00:00Z,0.7208,0.7311,0.7193,0.7282,2959314
2024-10-18T03:00:00Z,0.7281,0.7283,0.7193,0.7203,2260849
2024-10-18T04:00:00Z,0.7203,0.7272,0.7203,0.7238,1155891
2024-10-18T05:00:00Z,0.7238,0.7284,0.7227,0.7274,1507450
2024-10-18T06:00:00Z,0.7274,0.7330,0.7264,0.7296,1477391
2024-10-18T07:00:00Z,0.7296,0.7313,0.7247,0.7293,1324045
2024-10-18T08:00:00Z,0.7293,0.7315,0.7265,0.7290,1220894
2024-10-18T09:00:00Z,0.7290,0.7296,0.7239,0.7240,1950096
2024-10-18T10:00:00Z,0.7241,0.7300,0.7237,0.7296,1015782
2024-10-18T11:00:00Z,0.7295,0.7310,0.7251,0.7259,835118
2024-10-18T12:00:00Z,0.7259,0.7313,0.7181,0.7188,2199222
2024-10-18T13:00:00Z,0.7189,0.7266,0.7187,0.7242,2042780
2024-10-18T14:00:00Z,0.7243,0.7295,0.7183,0.7269,2459460
2024-10-18T15:00:00Z,0.7270,0.7309,0.7251,0.7267,2311978
2024-10-18T16:00:00Z,0.7267,0.7363,0.7207,0.7353,3368014
2024-10-18T17:00:00Z,0.7354,0.7386,0.7331,0.7344,1892991
2024-10-18T18:00:00Z,0.7345,0.7384,0.7336,0.7357,1170439
2024-10-18T19:00:00Z,0.7358,0.7369,0.7316,0.7327,1204135
2024-10-18T20:00:00Z,0.7329,0.7351,0.7312,0.7315,774312
2024-10-18T21:00:00Z,0.7315,0.7325,0.7268,0.7285,791904
2024-10-18T22:00:00Z,0.7284,0.7306,0.7259,0.7302,873717
2024-10-18T23:00:00Z,0.7302,0.7372,0.7302,0.7365,1284587
2024-10-19T00:00:00Z,0.7366,0.7503,0.7358,0.7494,2210980
2024-10-19T01:00:00Z,0.7494,0.7528,0.7455,0.7459,1534959
2024-10-19T02:00:00Z,0.7460,0.7550,0.7459,0.7543,1107530
2024-10-19T03:00:00Z,0.7543,0.7576,0.7530,0.7536,949729
2024-10-19T04:00:00Z,0.7539,0.7565,0.7494,0.7502,1075717
2024-10-19T05:00:00Z,0.7503,0.7529,0.7484,0.7501,529857
2024-10-19T06:00:00Z,0.7501,0.7516,0.7481,0.7489,690429
2024-10-19T07:00:00Z,0.7489,0.7504,0.7450,0.7462,995293
2024-10-19T08:00:00Z,0.7463,0.7497,0.7462,0.7475,815587
2024-10-19T09:00:00Z,0.7476,0.7495,0.7453,0.7463,864170
2024-10-19T10:00:00Z,0.7462,0.7476,0.7388,0.7400,1503991
2024-10-19T11:00:00Z,0.7401,0.7415,0.7333,0.7335,1476636
2024-10-19T12:00:00Z,0.7334,0.7411,0.7326,0.7400,866175
2024-10-19T13:00:00Z,0.7400,0.7409,0.7360,0.7387,567567
2024-10-19T14:00:00Z,0.7386,0.7450,0.7386,0.7444,885939
2024-10-19T15:00:00Z,0.7443,0.7450,0.7400,0.7412,658755
2024-10-19T16:00:00Z,0.7412,0.7421,0.7373,0.7377,1035534
2024-10-19T17:00:00Z,0.7377,0.7450,0.7375,0.7438,1432975
2024-10-19T18:00:00Z,0.7438,0.7469,0.7427,0.7458,1033537
2024-10-19T19:00:00Z,0.7457,0.7502,0.7439,0.7456,1125551
2024-10-19T20:00:00Z,0.7458,0.7566,0.7454,0.7559,1421442
2024-10-19T21:00:00Z,0.7560,0.9269,0.7560,0.9131,101503376
2024-10-19T22:00:00Z,0.9127,0.9210,0.8672,0.8788,70541265
2024-10-19T23:00:00Z,0.8788,0.8984,0.8627,0.8709,44493568
2024-10-20T00:00:00Z,0.8711,0.8826,0.8607,0.8789,25356145
2024-10-20T01:00:00Z,0.8790,0.9088,0.8719,0.9053,27787811
2024-10-20T02:00:00Z,0.9054,0.9140,0.8930,0.9026,31901807
2024-10-20T03:00:00Z,0.9028,1.0499,0.8938,1.0173,143983230
2024-10-20T04:00:00Z,1.0174,1.1530,1.0070,1.1208,154847778
2024-10-20T05:00:00Z,1.1208,1.2931,1.1125,1.2245,210593911
2024-10-20T06:00:00Z,1.2246,1.2640,1.1825,1.2472,117997435
2024-10-20T07:00:00Z,1.2473,1.2888,1.2186,1.2721,129547680
2024-10-20T08:00:00Z,1.2718,1.3589,1.2425,1.3344,189514449
2024-10-20T09:00:00Z,1.3343,1.3491,1.2930,1.3320,112562449
2024-10-20T10:00:00Z,1.3321,1.3900,1.3057,1.3654,149852290
2024-10-20T11:00:00Z,1.3655,1.3800,1.3230,1.3653,109209679
2024-10-20T12:00:00Z,1.3647,1.6801,1.3561,1.5277,430097229
2024-10-20T13:00:00Z,1.5280,1.6100,1.4903,1.5615,222895488
2024-10-20T14:00:00Z,1.5613,1.5864,1.4450,1.4767,193856113
2024-10-20T15:00:00Z,1.4769,1.5555,1.4764,1.5290,132228399
2024-10-20T16:00:00Z,1.5293,1.6262,1.5028,1.5809,167259407
2024-10-20T17:00:00Z,1.5809,1.6038,1.5070,1.5241,102476803
2024-10-20T18:00:00Z,1.5241,1.5847,1.4777,1.5069,117274362
2024-10-20T19:00:00Z,1.5068,1.5356,1.4700,1.5167,74094352
2024-10-20T20:00:00Z,1.5167,1.5286,1.4609,1.4943,74494729
2024-10-20T21:00:00Z,1.4943,1.5010,1.3816,1.4052,120494868
2024-10-20T22:00:00Z,1.4052,1.5328,1.3700,1.5008,136835338
2024-10-20T23:00:00Z,1.5008,1.5273,1.4532,1.4895,70772407
2024-10-21T00:00:00Z,1.4896,1.4897,1.3966,1.4281,83197776
2024-10-21T01:00:00Z,1.4281,1.5098,1.4101,1.4831,77871402
2024-10-21T02:00:00Z,1.4832,1.5873,1.4608,1.5304,103840106
2024-10-21T03:00:00Z,1.5305,1.5672,1.5070,1.5277,63989335
2024-10-21T04:00:00Z,1.5278,1.5338,1.4444,1.4975,69872479
2024-10-21T05:00:00Z,1.4975,1.5088,1.4572,1.5034,43643548
2024-10-21T06:00:00Z,1.5034,1.5492,1.4661,1.4719,86413591
2024-10-21T07:00:00Z,1.4720,1.5248,1.4610,1.5107,54336828
2024-10-21T08:00:00Z,1.5106,1.5355,1.4938,1.5134,57703780
2024-10-21T09:00:00Z,1.5131,1.5775,1.5115,1.5398,98468269
2024-10-21T10:00:00Z,1.5397,1.7100,1.5277,1.7015,215113698
2024-10-21T11:00:00Z,1.7012,1.7577,1.5840,1.5974,263485380
2024-10-21T12:00:00Z,1.5974,1.6061,1.5510,1.5830,141258169
2024-10-21T13:00:00Z,1.5830,1.6229,1.4813,1.4934,171528095
2024-10-21T14:00:00Z,1.4936,1.5053,1.4500,1.4885,147698660
2024-10-21T15:00:00Z,1.4885,1.5576,1.4667,1.5226,121948491
2024-10-21T16:00:00Z,1.5226,1.5530,1.5060,1.5314,62712541
2024-10-21T17:00:00Z,1.5314,1.5728,1.5288,1.5426,51455766
2024-10-21T18:00:00Z,1.5426,1.5785,1.5229,1.5545,45773169
2024-10-21T19:00:00Z,1.5546,1.5932,1.5355,1.5599,40735133
2024-10-21T20:00:00Z,1.5599,1.5829,1.5401,1.5641,34940341
2024-10-21T21:00:00Z,1.5641,1.5845,1.5338,1.5717,32938618
2024-10-21T22:00:00Z,1.5720,1.5838,1.5463,1.5478,30890846
2024-10-21T23:00:00Z,1.5476,1.5819,1.5381,1.5685,30666435
2024-10-22T00:00:00Z,1.5683,1.6475,1.5450,1.6163,98369918
2024-10-22T01:00:00Z,1.6162,1.6443,1.5258,1.5782,87000720
2024-10-22T02:00:00Z,1.5781,1.6002,1.5100,1.5188,58272692
2024-10-22T03:00:00Z,1.5189,1.5474,1.4972,1.5406,37336636
2024-10-22T04:00:00Z,1.5406,1.5406,1.4720,1.5012,49928539
2024-10-22T05:00:00Z,1.5013,1.5290,1.4956,1.5136,32124494
2024-10-22T06:00:00Z,1.5136,1.5249,1.4826,1.5139,37476717
2024-10-22T07:00:00Z,1.5139,1.5215,1.4865,1.4970,23016623
2024-10-22T08:00:00Z,1.4971,1.5001,1.4600,1.4869,53372312
2024-10-22T09:00:00Z,1.4870,1.4880,1.4426,1.4777,49802511
2024-10-22T10:00:00Z,1.4776,1.4883,1.4616,1.4667,23377742
2024-10-22T11:00:00Z,1.4665,1.4749,1.4463,1.4706,52086122
2024-10-22T12:00:00Z,1.4703,1.4827,1.4200,1.4404,66070152
2024-10-22T13:00:00Z,1.4405,1.4426,1.4031,1.4134,59457711
2024-10-22T14:00:00Z,1.4134,1.4285,1.3835,1.4120,64927431
2024-10-22T15:00:00Z,1.4119,1.4168,1.3877,1.4084,34235842
2024-10-22T16:00:00Z,1.4085,1.4231,1.3400,1.3463,60345778
2024-10-22T17:00:00Z,1.3462,1.3580,1.3119,1.3262,69365912
2024-10-22T18:00:00Z,1.3261,1.3347,1.2720,1.2754,56578796
2024-10-22T19:00:00Z,1.2754,1.3044,1.2539,1.2868,80691340
2024-10-22T20:00:00Z,1.2868,1.3137,1.2843,1.3023,34949270
2024-10-22T21:00:00Z,1.3022,1.3121,1.2951,1.3070,17917208
2024-10-22T22:00:00Z,1.3071,1.3698,1.3067,1.3534,53775229
2024-10-22T23:00:00Z,1.3535,1.3660,1.3404,1.3539,39324489
2024-10-23T00:00:00Z,1.3539,1.3548,1.3086,1.3101,35300569
2024-10-23T01:00:00Z,1.3102,1.3230,1.2872,1.3117,36998417
2024-10-23T02:00:00Z,1.3118,1.3193,1.3004,1.3060,17538746
2024-10-23T03:00:00Z,1.3061,1.3159,1.2811,1.3062,26819796
2024-10-23T04:00:00Z,1.3062,1.3107,1.2734,1.2754,22440452
2024-10-23T05:00:00Z,1.2754,1.3000,1.2721,1.2879,21375594
2024-10-23T06:00:00Z,1.2880,1.3120,1.2839,1.2884,23835125
2024-10-23T07:00:00Z,1.2884,1.3002,1.2731,1.2814,22049106
2024-10-23T08:00:00Z,1.2814,1.2911,1.2497,1.2577,41747579
2024-10-23T09:00:00Z,1.2576,1.2598,1.2250,1.2270,41822959
2024-10-23T10:00:00Z,1.2268,1.2437,1.2203,1.2336,33909975
2024-10-23T11:00:00Z,1.2337,1.2415,1.1894,1.1942,48486089
2024-10-23T12:00:00Z,1.1942,1.2150,1.1602,1.1954,92621642
2024-10-23T13:00:00Z,1.1953,1.2199,1.1918,1.2014,40720690
2024-10-23T14:00:00Z,1.2014,1.2471,1.1970,1.2122,58003001
2024-10-23T15:00:00Z,1.2122,1.2179,1.1960,1.2023,40934902
2024-10-23T16:00:00Z,1.2024,1.2297,1.1879,1.2070,54026101
2024-10-23T17:00:00Z,1.2070,1.2256,1.1951,1.2010,36776479
2024-10-23T18:00:00Z,1.2010,1.2213,1.1864,1.2078,40309507
2024-10-23T19:00:00Z,1.2077,1.2256,1.2010,1.2090,20933564
2024-10-23T20:00:00Z,1.2090,1.2131,1.1969,1.2012,16999490
2024-10-23T21:00:00Z,1.2011,1.2045,1.1802,1.1807,16359808
2024-10-23T22:00:00Z,1.1807,1.1904,1.1382,1.1445,36728943
2024-10-23T23:00:00Z,1.1445,1.1499,1.1176,1.1292,43957949
2024-10-24T00:00:00Z,1.1292,1.1590,1.1105,1.1522,52138312
2024-10-24T01:00:00Z,1.1522,1.1745,1.1501,1.1619,38237154
2024-10-24T02:00:00Z,1.1619,1.1732,1.1471,1.1666,22059144
2024-10-24T03:00:00Z,1.1666,1.1963,1.1640,1.1770,33075797
2024-10-24T04:00:00Z,1.1769,1.1831,1.1663,1.1693,16245904
2024-10-24T05:00:00Z,1.1692,1.1890,1.1644,1.1777,18639599
2024-10-24T06:00:00Z,1.1777,1.2043,1.1666,1.1677,25704440
2024-10-24T07:00:00Z,1.1677,1.1749,1.1500,1.1586,23274690
2024-10-24T08:00:00Z,1.1586,1.1643,1.1256,1.1279,30829692
2024-10-24T09:00:00Z,1.1278,1.1449,1.1200,1.1304,27482139
2024-10-24T10:00:00Z,1.1305,1.1507,1.1284,1.1342,22955555
2024-10-24T11:00:00Z,1.1343,1.1477,1.1123,1.1211,29920524
2024-10-24T12:00:00Z,1.1211,1.1348,1.1192,1.1257,23527460
2024-10-24T13:00:00Z,1.1257,1.1366,1.1097,1.1266,33106482
2024-10-24T14:00:00Z,1.1267,1.1278,1.0818,1.0883,52800440
2024-10-24T15:00:00Z,1.0882,1.1369,1.0879,1.1315,42925301
2024-10-24T16:00:00Z,1.1316,1.1723,1.1312,1.1631,67503669
2024-10-24T17:00:00Z,1.1631,1.1638,1.1394,1.1477,22359742
2024-10-24T18:00:00Z,1.1477,1.1590,1.1369,1.1412,19485316
2024-10-24T19:00:00Z,1.1412,1.1568,1.1327,1.1456,18537262
2024-10-24T20:00:00Z,1.1455,1.1675,1.1407,1.1542,16629191
2024-10-24T21:00:00Z,1.1543,1.1636,1.1389,1.1479,16295861
2024-10-24T22:00:00Z,1.1478,1.1482,1.1217,1.1229,17496676
2024-10-24T23:00:00Z,1.1228,1.1549,1.1202,1.1392,21127358
2024-10-25T00:00:00Z,1.1393,1.1736,1.1365,1.1528,32545836
2024-10-25T01:00:00Z,1.1530,1.1596,1.1324,1.1443,24504704
2024-10-25T02:00:00Z,1.1443,1.1492,1.1125,1.1312,32854607
2024-10-25T03:00:00Z,1.1311,1.1493,1.1204,1.1230,18056920
2024-10-25T04:00:00Z,1.1230,1.1289,1.0961,1.1071,30909428
2024-10-25T05:00:00Z,1.1072,1.1128,1.0905,1.1022,19099846
2024-10-25T06:00:00Z,1.1022,1.1088,1.0865,1.0964,17122116
2024-10-25T07:00:00Z,1.0963,1.1261,1.0925,1.1207,25423427
2024-10-25T08:00:00Z,1.1209,1.1244,1.0743,1.1216,41983905
2024-10-25T09:00:00Z,1.1216,1.1491,1.1083,1.1408,34326752
2024-10-25T10:00:00Z,1.1408,1.1532,1.1270,1.1390,30589367
2024-10-25T11:00:00Z,1.1389,1.1693,1.1364,1.1451,30861179
2024-10-25T12:00:00Z,1.1450,1.1583,1.1333,1.1478,25336969
2024-10-25T13:00:00Z,1.1478,1.2290,1.1430,1.2266,81260432
2024-10-25T14:00:00Z,1.2267,1.3098,1.2212,1.2528,189328116
2024-10-25T15:00:00Z,1.2527,1.2735,1.1852,1.1895,111152714
2024-10-25T16:00:00Z,1.1894,1.1973,1.1657,1.1814,65845385
2024-10-25T17:00:00Z,1.1815,1.1905,1.1568,1.1606,44780840
2024-10-25T18:00:00Z,1.1604,1.1806,1.1501,1.1680,43185817
2024-10-25T19:00:00Z,1.1679,1.1689,1.1473,1.1623,23944376
2024-10-25T20:00:00Z,1.1623,1.1724,1.1506,1.1553,19605191
2024-10-25T21:00:00Z,1.1554,1.1712,1.1517,1.1662,15926220
2024-10-25T22:00:00Z,1.1661,1.1688,1.1133,1.1138,42259011
2024-10-25T23:00:00Z,1.1139,1.1191,1.0223,1.0594,95669208
2024-10-26T00:00:00Z,1.0594,1.0680,1.0374,1.0597,48725741
2024-10-26T01:00:00Z,1.0597,1.0630,1.0362,1.0428,22889589
2024-10-26T02:00:00Z,1.0428,1.0581,1.0276,1.0491,21500329
2024-10-26T03:00:00Z,1.0491,1.0636,1.0440,1.0604,12317046
2024-10-26T04:00:00Z,1.0604,1.0620,1.0443,1.0458,12679537
2024-10-26T05:00:00Z,1.0457,1.0550,1.0416,1.0490,12144758
2024-10-26T06:00:00Z,1.0489,1.0489,1.0350,1.0362,14957689
2024-10-26T07:00:00Z,1.0362,1.0545,1.0312,1.0431,16747051
2024-10-26T08:00:00Z,1.0430,1.0481,1.0372,1.0415,12311663
2024-10-26T09:00:00Z,1.0414,1.0866,1.0401,1.0749,34932665
2024-10-26T10:00:00Z,1.0750,1.0840,1.0456,1.0496,36299294
2024-10-26T11:00:00Z,1.0496,1.0655,1.0479,1.0590,16038002
2024-10-26T12:00:00Z,1.0590,1.0637,1.0478,1.0498,14391461
2024-10-26T13:00:00Z,1.0497,1.0633,1.0343,1.0350,26180295
2024-10-26T14:00:00Z,1.0351,1.0438,1.0173,1.0207,45474423
2024-10-26T15:00:00Z,1.0207,1.0491,1.0093,1.0413,53738975
2024-10-26T16:00:00Z,1.0412,1.0486,1.0315,1.0402,21073623
2024-10-26T17:00:00Z,1.0401,1.0614,1.0370,1.0471,21965203
2024-10-26T18:00:00Z,1.0471,1.0647,1.0459,1.0512,19752872
2024-10-26T19:00:00Z,1.0512,1.0561,1.0465,1.0537,10684947
2024-10-26T20:00:00Z,1.0537,1.0629,1.0474,1.0495,11192840
2024-10-26T21:00:00Z,1.0496,1.0601,1.0483,1.0531,7352858
2024-10-26T22:00:00Z,1.0531,1.0693,1.0516,1.0643,9361062
2024-10-26T23:00:00Z,1.0644,1.0766,1.0596,1.0632,11821560
2024-10-27T00:00:00Z,1.0631,1.0675,1.0567,1.0571,9920869
2024-10-27T01:00:00Z,1.0571,1.0630,1.0495,1.0547,10051306
2024-10-27T02:00:00Z,1.0547,1.0581,1.0453,1.0468,8307628
2024-10-27T03:00:00Z,1.0468,1.0540,1.0422,1.0511,11049338
2024-10-27T04:00:00Z,1.0514,1.0567,1.0331,1.0355,14520574
2024-10-27T05:00:00Z,1.0355,1.0497,1.0335,1.0391,10683720
2024-10-27T06:00:00Z,1.0391,1.0397,1.0246,1.0340,12753398
2024-10-27T07:00:00Z,1.0339,1.0357,1.0205,1.0246,12571742
2024-10-27T08:00:00Z,1.0246,1.0325,1.0227,1.0252,13999474
2024-10-27T09:00:00Z,1.0253,1.0392,1.0090,1.0369,27614729
2024-10-27T10:00:00Z,1.0370,1.0448,1.0306,1.0382,22117758
2024-10-27T11:00:00Z,1.0381,1.0472,1.0360,1.0432,12167567
2024-10-27T12:00:00Z,1.0433,1.0436,1.0303,1.0311,15124683
2024-10-27T13:00:00Z,1.0311,1.0373,1.0213,1.0214,18555869
2024-10-27T14:00:00Z,1.0213,1.0384,1.0207,1.0256,15966736
2024-10-27T15:00:00Z,1.0256,1.0334,1.0229,1.0289,10782921
2024-10-27T16:00:00Z,1.0289,1.0467,1.0223,1.0412,19157239
2024-10-27T17:00:00Z,1.0413,1.0788,1.0353,1.0625,42268388
2024-10-27T18:00:00Z,1.0625,1.0881,1.0537,1.0759,40776464
2024-10-27T19:00:00Z,1.0759,1.0990,1.0614,1.0813,32713039
2024-10-27T20:00:00Z,1.0813,1.1490,1.0750,1.1353,63161608
2024-10-27T21:00:00Z,1.1355,1.1489,1.1212,1.1239,33209640
2024-10-27T22:00:00Z,1.1239,1.1977,1.1239,1.1607,51605338
2024-10-27T23:00:00Z,1.1607,1.1699,1.1266,1.1296,32588567
2024-10-28T00:00:00Z,1.1297,1.1297,1.1002,1.1189,37382512
2024-10-28T01:00:00Z,1.1189,1.1258,1.0926,1.0960,22562285
2024-10-28T02:00:00Z,1.0961,1.0989,1.0814,1.0826,14429252
2024-10-28T03:00:00Z,1.0827,1.0915,1.0544,1.0564,19943077
2024-10-28T04:00:00Z,1.0563,1.0774,1.0525,1.0548,23580954
2024-10-28T05:00:00Z,1.0547,1.0564,1.0329,1.0454,20771454
2024-10-28T06:00:00Z,1.0453,1.0612,1.0413,1.0577,18861197
2024-10-28T07:00:00Z,1.0577,1.0743,1.0572,1.0642,25217634
2024-10-28T08:00:00Z,1.0641,1.0729,1.0548,1.0585,16321773
2024-10-28T09:00:00Z,1.0584,1.0625,1.0419,1.0574,22428355
2024-10-28T10:00:00Z,1.0572,1.0760,1.0484,1.0558,23605625
2024-10-28T11:00:00Z,1.0559,1.0635,1.0489,1.0504,13384732
2024-10-28T12:00:00Z,1.0503,1.0510,1.0346,1.0404,24548267
2024-10-28T13:00:00Z,1.0404,1.0505,1.0373,1.0384,16828879
2024-10-28T14:00:00Z,1.0385,1.0405,1.0139,1.0323,36861266
2024-10-28T15:00:00Z,1.0322,1.0409,1.0208,1.0261,18164420
2024-10-28T16:00:00Z,1.0261,1.0330,1.0086,1.0137,18392016
2024-10-28T17:00:00Z,1.0137,1.0262,0.9896,1.0085,38837532
2024-10-28T18:00:00Z,1.0084,1.0201,1.0074,1.0177,12155217
2024-10-28T19:00:00Z,1.0177,1.0330,1.0159,1.0195,27250972
2024-10-28T20:00:00Z,1.0195,1.0195,1.0195,1.0195,0
2024-10-28T21:00:00Z,1.0279,1.0411,1.0232,1.0397,6688297
2024-10-28T22:00:00Z,1.0398,1.0550,1.0397,1.0468,19867998
2024-10-28T23:00:00Z,1.0469,1.0561,1.0394,1.0443,10230100
2024-10-29T00:00:00Z,1.0444,1.0510,1.0387,1.0465,10779153
2024-10-29T01:00:00Z,1.0463,1.0611,1.0396,1.0549,12227919
2024-10-29T02:00:00Z,1.0551,1.0730,1.0503,1.0685,20116753
2024-10-29T03:00:00Z,1.0687,1.0829,1.0653,1.0720,14340853
2024-10-29T04:00:00Z,1.0720,1.0813,1.0623,1.0657,13656492
2024-10-29T05:00:00Z,1.0656,1.0888,1.0591,1.0667,17799317
2024-10-29T06:00:00Z,1.0668,1.0712,1.0550,1.0602,11150243
2024-10-29T07:00:00Z,1.0602,1.0621,1.0529,1.0604,9903531
2024-10-29T08:00:00Z,1.0603,1.0859,1.0601,1.0700,16936927
2024-10-29T09:00:00Z,1.0700,1.0777,1.0584,1.0737,9525364
2024-10-29T10:00:00Z,1.0738,1.0854,1.0681,1.0756,11712227
2024-10-29T11:00:00Z,1.0756,1.0784,1.0635,1.0653,8828125
2024-10-29T12:00:00Z,1.0652,1.0706,1.0622,1.0659,7873820
2024-10-29T13:00:00Z,1.0659,1.0874,1.0659,1.0796,19115646
2024-10-29T14:00:00Z,1.0796,1.0809,1.0551,1.0608,18456855
2024-10-29T15:00:00Z,1.0608,1.0713,1.0570,1.0705,14896877
2024-10-29T16:00:00Z,1.0704,1.1062,1.0687,1.1025,40219163
2024-10-29T17:00:00Z,1.1026,1.1144,1.0728,1.0777,27930226
2024-10-29T18:00:00Z,1.0777,1.0931,1.0735,1.0867,12764085
2024-10-29T19:00:00Z,1.0867,1.0917,1.0522,1.0567,23137164
2024-10-29T20:00:00Z,1.0567,1.0610,1.0338,1.0567,21465221
2024-10-29T21:00:00Z,1.0566,1.0694,1.0563,1.0656,8925720
2024-10-29T22:00:00Z,1.0656,1.0777,1.0638,1.0771,9332662
2024-10-29T23:00:00Z,1.0770,1.0889,1.0749,1.0876,7284313
2024-10-30T00:00:00Z,1.0875,1.1257,1.0873,1.1066,24940045
2024-10-30T01:00:00Z,1.1066,1.1230,1.0874,1.0904,29117877
2024-10-30T02:00:00Z,1.0904,1.1206,1.0898,1.1020,15238236
2024-10-30T03:00:00Z,1.1020,1.1268,1.0991,1.1082,13943069
2024-10-30T04:00:00Z,1.1081,1.1107,1.0963,1.0974,10170982
2024-10-30T05:00:00Z,1.0974,1.1254,1.0971,1.1033,11679277
2024-10-30T06:00:00Z,1.1033,1.1328,1.1028,1.1199,18790791
2024-10-30T07:00:00Z,1.1199,1.1300,1.1004,1.1078,16803497
2024-10-30T08:00:00Z,1.1080,1.1157,1.0856,1.0876,17537751
2024-10-30T09:00:00Z,1.0874,1.0979,1.0832,1.0859,12234472
2024-10-30T10:00:00Z,1.0858,1.0996,1.0812,1.0841,13615519
2024-10-30T11:00:00Z,1.0841,1.1055,1.0747,1.1012,19229067
2024-10-30T12:00:00Z,1.1011,1.1130,1.0942,1.1072,22585826
2024-10-30T13:00:00Z,1.1072,1.1157,1.0808,1.1115,19783075
2024-10-30T14:00:00Z,1.1113,1.1119,1.0892,1.0931,16120824
2024-10-30T15:00:00Z,1.0932,1.1063,1.0821,1.0887,17840639
2024-10-30T16:00:00Z,1.0886,1.1058,1.0824,1.1000,15341366
2024-10-30T17:00:00Z,1.0998,1.1057,1.0864,1.0903,12505331
2024-10-30T18:00:00Z,1.0902,1.1029,1.0876,1.0970,8240200
2024-10-30T19:00:00Z,1.0967,1.1096,1.0913,1.0928,9435589
2024-10-30T20:00:00Z,1.0927,1.1042,1.0795,1.0955,18520478
2024-10-30T21:00:00Z,1.0955,1.1034,1.0640,1.0723,18688807
2024-10-30T22:00:00Z,1.0723,1.0817,1.0683,1.0759,6063723
2024-10-30T23:00:00Z,1.0759,1.0985,1.0755,1.0893,11390518
2024-10-31T00:00:00Z,1.0893,1.1048,1.0887,1.0937,12337637
2024-10-31T01:00:00Z,1.0937,1.0971,1.0808,1.0895,8600578
2024-10-31T02:00:00Z,1.0895,1.0909,1.0707,1.0740,9809994
2024-10-31T03:00:00Z,1.0740,1.0782,1.0635,1.0664,9503623
2024-10-31T04:00:00Z,1.0665,1.0720,1.0629,1.0680,5018770
2024-10-31T05:00:00Z,1.0681,1.0872,1.0681,1.0775,12808390
2024-10-31T06:00:00Z,1.0774,1.0774,1.0522,1.0594,14203324
2024-10-31T07:00:00Z,1.0594,1.0670,1.0527,1.0608,6982992
2024-10-31T08:00:00Z,1.0609,1.0619,1.0424,1.0445,11669022
2024-10-31T09:00:00Z,1.0445,1.0490,1.0355,1.0457,10718213
2024-10-31T10:00:00Z,1.0458,1.0480,1.0350,1.0380,9565336
2024-10-31T11:00:00Z,1.0377,1.0416,1.0328,1.0368,7960214
2024-10-31T12:00:00Z,1.0368,1.0408,1.0268,1.0361,11791435
2024-10-31T13:00:00Z,1.0360,1.0378,1.0255,1.0312,12577388
2024-10-31T14:00:00Z,1.0313,1.0318,1.0080,1.0167,25268332
2024-10-31T15:00:00Z,1.0166,1.0268,1.0117,1.0198,11052284
2024-10-31T16:00:00Z,1.0197,1.0198,1.0128,1.0172,8009510
2024-10-31T17:00:00Z,1.0170,1.0218,1.0065,1.0097,10880407
2024-10-31T18:00:00Z,1.0098,1.0099,0.9905,1.0000,19537173
2024-10-31T19:00:00Z,1.0001,1.0040,0.9947,0.9971,7730337
2024-10-31T20:00:00Z,0.9971,1.0031,0.9929,1.0027,7372246
2024-10-31T21:00:00Z,1.0027,1.0139,0.9994,1.0076,8321402
2024-10-31T22:00:00Z,1.0077,1.0080,0.9971,1.0023,7225358
2024-10-31T23:00:00Z,1.0024,1.0098,1.0002,1.0013,4179144
2024-11-01T00:00:00Z,1.0013,1.0070,0.9947,0.9953,6760880
2024-11-01T01:00:00Z,0.9953,0.9992,0.9771,0.9850,23408874
2024-11-01T02:00:00Z,0.9847,0.9900,0.9700,0.9858,14823533
2024-11-01T03:00:00Z,0.9858,0.9959,0.9826,0.9889,7117923
2024-11-01T04:00:00Z,0.9889,0.9948,0.9863,0.9916,4140150
2024-11-01T05:00:00Z,0.9916,0.9926,0.9841,0.9858,5169021
2024-11-01T06:00:00Z,0.9858,0.9882,0.9710,0.9713,10139674
2024-11-01T07:00:00Z,0.9714,0.9785,0.9630,0.9729,14034609
2024-11-01T08:00:00Z,0.9730,0.9805,0.9729,0.9758,6509650
2024-11-01T09:00:00Z,0.9759,0.9778,0.9708,0.9717,4829615
2024-11-01T10:00:00Z,0.9716,0.9888,0.9688,0.9847,11623304
2024-11-01T11:00:00Z,0.9846,0.9893,0.9831,0.9838,5137176
2024-11-01T12:00:00Z,0.9838,0.9981,0.9830,0.9946,10142146
2024-11-01T13:00:00Z,0.9945,1.0139,0.9902,1.0136,16717091
2024-11-01T14:00:00Z,1.0137,1.0315,1.0077,1.0267,22984006
2024-11-01T15:00:00Z,1.0267,1.0292,0.9720,0.9788,39277718
2024-11-01T16:00:00Z,0.9787,1.0219,0.9753,1.0151,29984921
2024-11-01T17:00:00Z,1.0151,1.0327,0.9985,1.0019,26237044
2024-11-01T18:00:00Z,1.0019,1.0095,0.9956,1.0026,10641362
2024-11-01T19:00:00Z,1.0025,1.0068,0.9938,1.0014,9451856
2024-11-01T20:00:00Z,1.0014,1.0334,0.9969,1.0132,14809470
2024-11-01T21:00:00Z,1.0132,1.0257,0.9987,1.0114,15527867
2024-11-01T22:00:00Z,1.0113,1.0198,1.0000,1.0068,8282217
2024-11-01T23:00:00Z,1.0067,1.0240,1.0027,1.0150,12888453
2024-11-02T00:00:00Z,1.0149,1.0253,1.0041,1.0044,8411969
2024-11-02T01:00:00Z,1.0044,1.0148,0.9963,1.0107,8463200
2024-11-02T02:00:00Z,1.0106,1.0133,1.0032,1.0045,4549159
2024-11-02T03:00:00Z,1.0045,1.0067,0.9951,0.9996,5354001
2024-11-02T04:00:00Z,0.9996,1.0061,0.9884,0.9900,7078457
2024-11-02T05:00:00Z,0.9900,1.0213,0.9849,1.0161,12954529
2024-11-02T06:00:00Z,1.0163,1.0184,1.0044,1.0141,8236296
2024-11-02T07:00:00Z,1.0140,1.0148,1.0054,1.0120,5716382
2024-11-02T08:00:00Z,1.0120,1.0170,0.9955,0.9955,7565148
2024-11-02T09:00:00Z,0.9956,1.0259,0.9922,1.0124,16201721
2024-11-02T10:00:00Z,1.0126,1.0137,0.9984,1.0062,11791670
2024-11-02T11:00:00Z,1.0061,1.0212,1.0026,1.0086,8914311
2024-11-02T12:00:00Z,1.0085,1.0111,0.9826,0.9873,17497708
2024-11-02T13:00:00Z,0.9874,1.0100,0.9766,0.9822,20226652
2024-11-02T14:00:00Z,0.9822,0.9984,0.9773,0.9924,15844181
2024-11-02T15:00:00Z,0.9923,0.9984,0.9783,0.9829,14997544
2024-11-02T16:00:00Z,0.9830,1.0067,0.9805,1.0035,16625494
2024-11-02T17:00:00Z,1.0034,1.0045,0.9776,0.9802,11584088
2024-11-02T18:00:00Z,0.9801,0.9854,0.9653,0.9734,16445665
2024-11-02T19:00:00Z,0.9735,1.0010,0.9711,0.9999,13196646
2024-11-02T20:00:00Z,0.9999,1.0114,0.9944,1.0044,10088707
2024-11-02T21:00:00Z,1.0045,1.0102,1.0001,1.0026,5064280
2024-11-02T22:00:00Z,1.0027,1.0098,0.9932,0.9941,5376921
2024-11-02T23:00:00Z,0.9941,1.0069,0.9862,1.0039,6106968
2024-11-03T00:00:00Z,1.0040,1.0106,0.9930,0.9934,6570301
2024-11-03T01:00:00Z,0.9935,1.0139,0.9872,0.9893,12809690
2024-11-03T02:00:00Z,0.9893,1.0029,0.9285,0.9372,43282674
2024-11-03T03:00:00Z,0.9372,0.9563,0.9283,0.9473,23955841
2024-11-03T04:00:00Z,0.9473,0.9657,0.9462,0.9627,10866918
2024-11-03T05:00:00Z,0.9627,0.9662,0.9527,0.9555,7134567
2024-11-03T06:00:00Z,0.9554,1.0191,0.9546,1.0011,26872472
2024-11-03T07:00:00Z,1.0011,1.0094,0.9926,1.0037,16369887
2024-11-03T08:00:00Z,1.0037,1.0278,0.9965,1.0204,33452352
2024-11-03T09:00:00Z,1.0205,1.0240,0.9979,1.0000,23193092
2024-11-03T10:00:00Z,1.0001,1.0183,0.9901,1.0085,20463815
2024-11-03T11:00:00Z,1.0085,1.0186,0.9825,0.9849,21108523
2024-11-03T12:00:00Z,0.9849,1.0047,0.9848,0.9917,16452301
2024-11-03T13:00:00Z,0.9916,0.9959,0.9670,0.9692,30932788
2024-11-03T14:00:00Z,0.9692,0.9818,0.9235,0.9280,51744980
2024-11-03T15:00:00Z,0.9280,0.9296,0.8939,0.9144,61382088
2024-11-03T16:00:00Z,0.9143,0.9270,0.8855,0.8924,42183524
2024-11-03T17:00:00Z,0.8922,0.9132,0.8914,0.8956,25472176
2024-11-03T18:00:00Z,0.8956,0.9026,0.8750,0.8800,27058811
2024-11-03T19:00:00Z,0.8799,0.9090,0.8755,0.9074,20509151
2024-11-03T20:00:00Z,0.9073,0.9298,0.9047,0.9257,23691264
2024-11-03T21:00:00Z,0.9256,0.9443,0.9204,0.9275,18261771
2024-11-03T22:00:00Z,0.9276,0.9392,0.9229,0.9348,12524228
2024-11-03T23:00:00Z,0.9348,0.9350,0.9208,0.9234,12267112
2024-11-04T00:00:00Z,0.9234,0.9304,0.9095,0.9215,16438820
2024-11-04T01:00:00Z,0.9216,0.9445,0.9142,0.9239,15785011
2024-11-04T02:00:00Z,0.9243,0.9434,0.9211,0.9404,10878862
2024-11-04T03:00:00Z,0.9405,0.9515,0.9242,0.9256,9528334
2024-11-04T04:00:00Z,0.9258,0.9362,0.9224,0.9229,7308469
2024-11-04T05:00:00Z,0.9230,0.9244,0.9093,0.9106,8630836
2024-11-04T06:00:00Z,0.9106,0.9269,0.9082,0.9238,8470718
2024-11-04T07:00:00Z,0.9239,0.9275,0.9076,0.9096,11141409
2024-11-04T08:00:00Z,0.9095,0.9175,0.8976,0.9021,14179359
2024-11-04T09:00:00Z,0.9022,0.9117,0.8958,0.9014,11663243
2024-11-04T10:00:00Z,0.9014,0.9200,0.9005,0.9097,16458537
2024-11-04T11:00:00Z,0.9097,0.9274,0.9055,0.9161,12918553
2024-11-04T12:00:00Z,0.9162,0.9265,0.9105,0.9160,11552499
2024-11-04T13:00:00Z,0.9160,0.9339,0.9144,0.9235,16986757
2024-11-04T14:00:00Z,0.9235,0.9364,0.9133,0.9174,21798311
2024-11-04T15:00:00Z,0.9173,0.9277,0.9054,0.9081,15734996
2024-11-04T16:00:00Z,0.9081,0.9126,0.8878,0.8932,20299669
2024-11-04T17:00:00Z,0.8931,0.9169,0.8917,0.9108,17907924
2024-11-04T18:00:00Z,0.9109,0.9121,0.8986,0.9040,9441754
2024-11-04T19:00:00Z,0.9040,0.9213,0.9037,0.9142,8610114
2024-11-04T20:00:00Z,0.9143,0.9155,0.8952,0.8993,9075277
2024-11-04T21:00:00Z,0.8993,0.9093,0.8661,0.8693,23578949
2024-11-04T22:00:00Z,0.8691,0.9109,0.8674,0.9051,16570154
2024-11-04T23:00:00Z,0.9049,0.9126,0.8948,0.9116,11873938
2024-11-05T00:00:00Z,0.9117,0.9323,0.9108,0.9205,17832707
2024-11-05T01:00:00Z,0.9204,0.9251,0.9059,0.9206,11290617
2024-11-05T02:00:00Z,0.9206,0.9248,0.9060,0.9069,4975295
2024-11-05T03:00:00Z,0.9070,0.9218,0.9068,0.9162,5616688
2024-11-05T04:00:00Z,0.9161,0.9339,0.9120,0.9316,7691675
2024-11-05T05:00:00Z,0.9317,0.9460,0.9259,0.9439,10449374
2024-11-05T06:00:00Z,0.9438,0.9453,0.9271,0.9284,8724859
2024-11-05T07:00:00Z,0.9284,0.9338,0.9219,0.9290,9489373
2024-11-05T08:00:00Z,0.9290,0.9314,0.9179,0.9267,8864410
2024-11-05T09:00:00Z,0.9266,0.9405,0.9247,0.9267,9953191
2024-11-05T10:00:00Z,0.9267,0.9317,0.9229,0.9238,6249034
2024-11-05T11:00:00Z,0.9239,0.9411,0.9238,0.9373,7622444
2024-11-05T12:00:00Z,0.9373,1.0229,0.9347,1.0145,49862098
2024-11-05T13:00:00Z,1.0144,1.0480,0.9886,1.0005,118477334
2024-11-05T14:00:00Z,1.0004,1.0193,0.9944,1.0138,43198788
2024-11-05T15:00:00Z,1.0137,1.0139,0.9772,0.9795,31850073
2024-11-05T16:00:00Z,0.9795,0.9981,0.9767,0.9944,17749705
2024-11-05T17:00:00Z,0.9944,1.0066,0.9907,0.9917,13584426
2024-11-05T18:00:00Z,0.9917,0.9930,0.9773,0.9810,10050593
2024-11-05T19:00:00Z,0.9809,0.9848,0.9558,0.9618,15221468
2024-11-05T20:00:00Z,0.9620,0.9729,0.9578,0.9667,12429529
2024-11-05T21:00:00Z,0.9668,0.9691,0.9586,0.9603,6263795
2024-11-05T22:00:00Z,0.9602,0.9733,0.9571,0.9716,8673855
2024-11-05T23:00:00Z,0.9717,0.9837,0.9676,0.9775,10874703
2024-11-06T00:00:00Z,0.9775,0.9961,0.9713,0.9935,21757744
2024-11-06T01:00:00Z,0.9935,1.0048,0.9785,0.9800,18222349
2024-11-06T02:00:00Z,0.9800,1.0200,0.9768,1.0095,19785401
2024-11-06T03:00:00Z,1.0095,1.0319,1.0021,1.0243,31737808
2024-11-06T04:00:00Z,1.0243,1.0548,1.0183,1.0259,24652842
2024-11-06T05:00:00Z,1.0258,1.0300,1.0101,1.0286,18163463
2024-11-06T06:00:00Z,1.0286,1.0380,1.0156,1.0169,19336500
2024-11-06T07:00:00Z,1.0167,1.0350,1.0064,1.0110,17139793
2024-11-06T08:00:00Z,1.0111,1.0140,0.9824,0.9920,23860130
2024-11-06T09:00:00Z,0.9919,1.0079,0.9883,1.0041,10646937
2024-11-06T10:00:00Z,1.0041,1.0189,0.9955,1.0175,10951334
2024-11-06T11:00:00Z,1.0175,1.0222,1.0094,1.0137,8495138
2024-11-06T12:00:00Z,1.0137,1.0213,1.0026,1.0054,11553252
2024-11-06T13:00:00Z,1.0055,1.0190,1.0003,1.0158,13987508
2024-11-06T14:00:00Z,1.0159,1.0222,0.9925,0.9951,20399457
2024-11-06T15:00:00Z,0.9952,1.0153,0.9916,1.0093,13922727
2024-11-06T16:00:00Z,1.0092,1.0277,1.0069,1.0243,14315693
2024-11-06T17:00:00Z,1.0242,1.0409,1.0139,1.0404,12266004
2024-11-06T18:00:00Z,1.0403,1.0443,1.0262,1.0312,13064530
2024-11-06T19:00:00Z,1.0313,1.0369,1.0203,1.0356,10091661
2024-11-06T20:00:00Z,1.0356,1.0395,1.0266,1.0317,7986121
2024-11-06T21:00:00Z,1.0315,1.0543,1.0268,1.0518,13624513
2024-11-06T22:00:00Z,1.0519,1.0740,1.0427,1.0678,13046198
2024-11-06T23:00:00Z,1.0678,1.0853,1.0623,1.0743,15442952
2024-11-07T00:00:00Z,1.0743,1.0883,1.0602,1.0725,14033158
2024-11-07T01:00:00Z,1.0726,1.1363,1.0623,1.0844,27375105
2024-11-07T02:00:00Z,1.0843,1.1026,1.0836,1.0983,13674614
2024-11-07T03:00:00Z,1.0983,1.1434,1.0963,1.1290,28116506
2024-11-07T04:00:00Z,1.1289,1.1323,1.0825,1.0898,20685965
2024-11-07T05:00:00Z,1.0897,1.0958,1.0838,1.0884,6409786
2024-11-07T06:00:00Z,1.0884,1.0906,1.0566,1.0690,14578982
2024-11-07T07:00:00Z,1.0690,1.0756,1.0633,1.0657,6507642
2024-11-07T08:00:00Z,1.0656,1.0875,1.0639,1.0796,9273593
2024-11-07T09:00:00Z,1.0796,1.0802,1.0650,1.0658,5895343
2024-11-07T10:00:00Z,1.0656,1.0717,1.0551,1.0653,8154931
2024-11-07T11:00:00Z,1.0653,1.0708,1.0569,1.0584,5669271
2024-11-07T12:00:00Z,1.0583,1.0785,1.0578,1.0736,6850241
2024-11-07T13:00:00Z,1.0737,1.0845,1.0631,1.0656,10490523
2024-11-07T14:00:00Z,1.0658,1.0844,1.0550,1.0702,11694660
2024-11-07T15:00:00Z,1.0700,1.0836,1.0664,1.0761,10036164
2024-11-07T16:00:00Z,1.0760,1.0793,1.0587,1.0722,9674588
2024-11-07T17:00:00Z,1.0723,1.0753,1.0601,1.0633,8303365
2024-11-07T18:00:00Z,1.0633,1.0732,1.0496,1.0627,11420110
2024-11-07T19:00:00Z,1.0629,1.0665,1.0522,1.0637,8428619
2024-11-07T20:00:00Z,1.0638,1.0747,1.0634,1.0699,7300500
2024-11-07T21:00:00Z,1.0699,1.0779,1.0683,1.0735,5129027
2024-11-07T22:00:00Z,1.0735,1.0758,1.0428,1.0523,11366569
2024-11-07T23:00:00Z,1.0524,1.0656,1.0410,1.0632,9490109
2024-11-08T00:00:00Z,1.0632,1.0774,1.0632,1.0688,9778189
2024-11-08T01:00:00Z,1.0688,1.0760,1.0564,1.0629,7219453
2024-11-08T02:00:00Z,1.0629,1.0639,1.0353,1.0362,9046026
2024-11-08T03:00:00Z,1.0362,1.0487,1.0335,1.0398,5954006
2024-11-08T04:00:00Z,1.0398,1.0469,1.0300,1.0308,7462273
2024-11-08T05:00:00Z,1.0307,1.0384,1.0257,1.0364,7853265
2024-11-08T06:00:00Z,1.0365,1.0433,1.0253,1.0281,10177246
2024-11-08T07:00:00Z,1.0280,1.0326,1.0203,1.0260,7520166
2024-11-08T08:00:00Z,1.0259,1.0269,1.0143,1.0245,10160767
2024-11-08T09:00:00Z,1.0246,1.0408,1.0222,1.0389,8547576
2024-11-08T10:00:00Z,1.0389,1.0420,1.0294,1.0395,5561548
2024-11-08T11:00:00Z,1.0394,1.0410,1.0302,1.0344,4202706
2024-11-08T12:00:00Z,1.0344,1.0434,1.0344,1.0382,7799584
2024-11-08T13:00:00Z,1.0382,1.0412,1.0309,1.0384,7998721
2024-11-08T14:00:00Z,1.0386,1.0519,1.0213,1.0253,17097849
2024-11-08T15:00:00Z,1.0254,1.0427,1.0222,1.0311,15247800
2024-11-08T16:00:00Z,1.0310,1.0377,1.0041,1.0110,15140713
2024-11-08T17:00:00Z,1.0108,1.0224,0.9963,1.0213,16630485
2024-11-08T18:00:00Z,1.0213,1.0317,1.0196,1.0254,9114427
2024-11-08T19:00:00Z,1.0253,1.0419,1.0236,1.0377,11215905
2024-11-08T20:00:00Z,1.0376,1.0424,1.0190,1.0239,8035547
2024-11-08T21:00:00Z,1.0239,1.0341,1.0184,1.0310,5141710
2024-11-08T22:00:00Z,1.0310,1.0475,1.0273,1.0466,5102830
2024-11-08T23:00:00Z,1.0466,1.0497,1.0385,1.0474,3812204
2024-11-09T00:00:00Z,1.0475,1.0523,1.0378,1.0419,5344674
2024-11-09T01:00:00Z,1.0420,1.0452,1.0201,1.0211,7555908
2024-11-09T02:00:00Z,1.0212,1.0308,1.0143,1.0270,7638827
2024-11-09T03:00:00Z,1.0270,1.0344,1.0233,1.0248,3844485
2024-11-09T04:00:00Z,1.0250,1.0369,1.0250,1.0361,3540568
2024-11-09T05:00:00Z,1.0362,1.0681,1.0337,1.0679,8825067
2024-11-09T06:00:00Z,1.0679,1.0746,1.0567,1.0596,11885496
2024-11-09T07:00:00Z,1.0596,1.0619,1.0501,1.0599,6240620
2024-11-09T08:00:00Z,1.0605,1.0835,1.0574,1.0789,14450875
2024-11-09T09:00:00Z,1.0790,1.0910,1.0745,1.0826,8241623
2024-11-09T10:00:00Z,1.0826,1.0845,1.0695,1.0748,8101213
2024-11-09T11:00:00Z,1.0749,1.0867,1.0712,1.0807,4667895
2024-11-09T12:00:00Z,1.0807,1.0893,1.0668,1.0677,8804999
2024-11-09T13:00:00Z,1.0678,1.0824,1.0607,1.0780,9828510
2024-11-09T14:00:00Z,1.0783,1.0812,1.0535,1.0700,10847827
2024-11-09T15:00:00Z,1.0700,1.0850,1.0616,1.0757,9340993
2024-11-09T16:00:00Z,1.0758,1.0935,1.0728,1.0790,11438721
2024-11-09T17:00:00Z,1.0789,1.0789,1.0528,1.0696,12487378
2024-11-09T18:00:00Z,1.0698,1.0898,1.0662,1.0856,11957548
2024-11-09T19:00:00Z,1.0857,1.0900,1.0743,1.0757,5695774
2024-11-09T20:00:00Z,1.0757,1.0864,1.0720,1.0842,3263360
2024-11-09T21:00:00Z,1.0842,1.0999,1.0817,1.0908,6017403
2024-11-09T22:00:00Z,1.0908,1.1090,1.0888,1.1070,5981634
2024-11-09T23:00:00Z,1.1069,1.1163,1.1017,1.1114,7888864
2024-11-10T00:00:00Z,1.1114,1.1117,1.0863,1.0876,7917726
2024-11-10T01:00:00Z,1.0875,1.0921,1.0763,1.0831,6140146
2024-11-10T02:00:00Z,1.0832,1.0953,1.0813,1.0864,7259312
2024-11-10T03:00:00Z,1.0865,1.0964,1.0806,1.0873,6408941
2024-11-10T04:00:00Z,1.0874,1.1186,1.0824,1.1138,11564152
2024-11-10T05:00:00Z,1.1138,1.1326,1.1036,1.1058,13103623
2024-11-10T06:00:00Z,1.1058,1.1093,1.0955,1.1084,10539036
2024-11-10T07:00:00Z,1.1085,1.1108,1.0877,1.1000,9097597
2024-11-10T08:00:00Z,1.1001,1.1265,1.0976,1.1251,9547423
2024-11-10T09:00:00Z,1.1251,1.1500,1.1111,1.1309,14592562
2024-11-10T10:00:00Z,1.1309,1.1496,1.1300,1.1408,11506313
2024-11-10T11:00:00Z,1.1408,1.1583,1.1333,1.1519,11902012
2024-11-10T12:00:00Z,1.1516,1.1631,1.1338,1.1573,21516024
2024-11-10T13:00:00Z,1.1574,1.1657,1.1414,1.1615,14450762
2024-11-10T14:00:00Z,1.1616,1.1829,1.1291,1.1446,25797764
2024-11-10T15:00:00Z,1.1445,1.1613,1.1360,1.1608,13130318
2024-11-10T16:00:00Z,1.1608,1.1769,1.1471,1.1726,14688939
2024-11-10T17:00:00Z,1.1728,1.1883,1.1669,1.1738,11876851
2024-11-10T18:00:00Z,1.1738,1.1916,1.1703,1.1768,11321801
2024-11-10T19:00:00Z,1.1767,1.1866,1.1326,1.1493,17577258
2024-11-10T20:00:00Z,1.1495,1.1556,1.1033,1.1043,18806052
2024-11-10T21:00:00Z,1.1042,1.1162,1.0560,1.1093,30045322
2024-11-10T22:00:00Z,1.1092,1.1296,1.0905,1.1102,13029498
2024-11-10T23:00:00Z,1.1103,1.1212,1.1033,1.1155,7958470
2024-11-11T00:00:00Z,1.1156,1.1380,1.1097,1.1340,9154549
2024-11-11T01:00:00Z,1.1340,1.1419,1.1215,1.1297,8670253
2024-11-11T02:00:00Z,1.1298,1.1706,1.1266,1.1679,9832334
2024-11-11T03:00:00Z,1.1679,1.1687,1.1443,1.1533,7920632
2024-11-11T04:00:00Z,1.1533,1.1555,1.1288,1.1397,7352510
2024-11-11T05:00:00Z,1.1396,1.1414,1.0731,1.0888,22377569
2024-11-11T06:00:00Z,1.0887,1.0963,1.0690,1.0888,16037484
2024-11-11T07:00:00Z,1.0889,1.0954,1.0758,1.0898,10744341
2024-11-11T08:00:00Z,1.0898,1.1029,1.0865,1.1001,8339643
2024-11-11T09:00:00Z,1.1000,1.1102,1.0926,1.1088,8345279
2024-11-11T10:00:00Z,1.1087,1.1144,1.0958,1.1040,9612191
2024-11-11T11:00:00Z,1.1040,1.1170,1.1015,1.1141,5898168
2024-11-11T12:00:00Z,1.1141,1.1176,1.0898,1.0970,12476811
2024-11-11T13:00:00Z,1.0970,1.0985,1.0756,1.0884,11864543
2024-11-11T14:00:00Z,1.0881,1.1019,1.0750,1.0971,12748922
2024-11-11T15:00:00Z,1.0971,1.1180,1.0909,1.1051,15026291
2024-11-11T16:00:00Z,1.1050,1.1318,1.0954,1.1196,14111698
2024-11-11T17:00:00Z,1.1195,1.1399,1.1181,1.1352,9901627
2024-11-11T18:00:00Z,1.1351,1.1470,1.1251,1.1441,10521847
2024-11-11T19:00:00Z,1.1441,1.1477,1.1277,1.1336,10346528
2024-11-11T20:00:00Z,1.1336,1.1610,1.1282,1.1475,10762534
2024-11-11T21:00:00Z,1.1477,1.1572,1.1321,1.1395,10448986
2024-11-11T22:00:00Z,1.1395,1.1532,1.1122,1.1525,11289847
2024-11-11T23:00:00Z,1.1527,1.1829,1.1410,1.1779,15385329
2024-11-12T00:00:00Z,1.1778,1.1790,1.1297,1.1689,19457371
2024-11-12T01:00:00Z,1.1690,1.1762,1.1504,1.1591,11789881
2024-11-12T02:00:00Z,1.1592,1.1857,1.1448,1.1541,14357566
2024-11-12T03:00:00Z,1.1540,1.2017,1.1443,1.1820,19489861
2024-11-12T04:00:00Z,1.1821,1.1917,1.1594,1.1599,10196071
2024-11-12T05:00:00Z,1.1599,1.1913,1.1560,1.1894,10791189
2024-11-12T06:00:00Z,1.1894,1.1999,1.1745,1.1857,11246675
2024-11-12T07:00:00Z,1.1858,1.2277,1.1822,1.2270,15201731
2024-11-12T08:00:00Z,1.2271,1.2422,1.2127,1.2336,14983810
2024-11-12T09:00:00Z,1.2338,1.2437,1.1665,1.1676,20978325
2024-11-12T10:00:00Z,1.1676,1.1777,1.0540,1.0968,59719061
2024-11-12T11:00:00Z,1.0969,1.1255,1.0865,1.0986,20333794
2024-11-12T12:00:00Z,1.0983,1.1098,1.0588,1.0780,20461986
2024-11-12T13:00:00Z,1.0780,1.0880,1.0480,1.0816,21215352
2024-11-12T14:00:00Z,1.0814,1.0923,1.0556,1.0917,16214729
2024-11-12T15:00:00Z,1.0917,1.0938,1.0651,1.0691,10167503
2024-11-12T16:00:00Z,1.0692,1.0760,1.0365,1.0664,15059163
2024-11-12T17:00:00Z,1.0664,1.0838,1.0618,1.0667,7119518
2024-11-12T18:00:00Z,1.0667,1.0994,1.0659,1.0980,6968053
2024-11-12T19:00:00Z,1.0979,1.1090,1.0939,1.1000,6911325
2024-11-12T20:00:00Z,1.1000,1.1143,1.0925,1.1023,6354136
2024-11-12T21:00:00Z,1.1021,1.1218,1.0892,1.1181,6761366
2024-11-12T22:00:00Z,1.1182,1.1527,1.1102,1.1500,6491028
2024-11-12T23:00:00Z,1.1499,1.1499,1.1198,1.1242,8566982
2024-11-13T00:00:00Z,1.1243,1.1391,1.1114,1.1143,10056479
2024-11-13T01:00:00Z,1.1142,1.1297,1.0937,1.1137,11812471
2024-11-13T02:00:00Z,1.1136,1.1172,1.0725,1.1013,9325356
2024-11-13T03:00:00Z,1.1014,1.1036,1.0655,1.0661,8970182
2024-11-13T04:00:00Z,1.0660,1.0900,1.0214,1.0554,19889419
2024-11-13T05:00:00Z,1.0552,1.0648,1.0345,1.0394,10950883
2024-11-13T06:00:00Z,1.0393,1.0544,1.0097,1.0285,16903470
2024-11-13T07:00:00Z,1.0284,1.0583,1.0232,1.0546,12828524
2024-11-13T08:00:00Z,1.0546,1.0657,1.0432,1.0490,7184001
2024-11-13T09:00:00Z,1.0489,1.0565,1.0309,1.0448,10522664
2024-11-13T10:00:00Z,1.0449,1.0576,1.0325,1.0543,8632090
2024-11-13T11:00:00Z,1.0542,1.0722,1.0491,1.0558,9585832
2024-11-13T12:00:00Z,1.0558,1.0677,1.0411,1.0599,9635256
2024-11-13T13:00:00Z,1.0599,1.0954,1.0473,1.0873,19067958
2024-11-13T14:00:00Z,1.0873,1.1158,1.0784,1.1106,16992785
2024-11-13T15:00:00Z,1.1106,1.1168,1.0918,1.1167,10481390
2024-11-13T16:00:00Z,1.1166,1.1293,1.1063,1.1153,12252588
2024-11-13T17:00:00Z,1.1154,1.1457,1.1140,1.1406,7251007
2024-11-13T18:00:00Z,1.1406,1.1746,1.1360,1.1549,15492746
2024-11-13T19:00:00Z,1.1550,1.1599,1.0982,1.1042,29508078
2024-11-13T20:00:00Z,1.1041,1.1352,1.0870,1.1150,15590560
2024-11-13T21:00:00Z,1.1150,1.1227,1.0786,1.1126,15145256
2024-11-13T22:00:00Z,1.1128,1.1300,1.1067,1.1218,6943013
2024-11-13T23:00:00Z,1.1218,1.1444,1.1127,1.1429,7279722
2024-11-14T00:00:00Z,1.1430,1.1566,1.1320,1.1327,11514015
2024-11-14T01:00:00Z,1.1327,1.1760,1.1312,1.1721,10305250
2024-11-14T02:00:00Z,1.1721,1.1924,1.1698,1.1720,14415085
2024-11-14T03:00:00Z,1.1718,1.1817,1.1481,1.1787,10822350
2024-11-14T04:00:00Z,1.1788,1.1895,1.1733,1.1824,6171970
2024-11-14T05:00:00Z,1.1822,1.1833,1.1635,1.1661,6619578
2024-11-14T06:00:00Z,1.1662,1.1914,1.1492,1.1493,8401633
2024-11-14T07:00:00Z,1.1492,1.1629,1.1385,1.1592,8746912
2024-11-14T08:00:00Z,1.1590,1.1769,1.1590,1.1647,6570462
2024-11-14T09:00:00Z,1.1647,1.1842,1.1616,1.1742,6158045
2024-11-14T10:00:00Z,1.1741,1.1848,1.1522,1.1531,9787558
2024-11-14T11:00:00Z,1.1532,1.1603,1.1255,1.1596,18513499
2024-11-14T12:00:00Z,1.1596,1.1633,1.1409,1.1477,6725726
2024-11-14T13:00:00Z,1.1476,1.1626,1.1313,1.1350,8475721
2024-11-14T14:00:00Z,1.1350,1.1845,1.0992,1.1051,34195640
2024-11-14T15:00:00Z,1.1052,1.1112,1.0783,1.0940,21307452
2024-11-14T16:00:00Z,1.0938,1.1116,1.0826,1.1057,10650592
2024-11-14T17:00:00Z,1.1058,1.1081,1.0945,1.0994,4731025
2024-11-14T18:00:00Z,1.0995,1.1581,1.0936,1.0991,42285469
2024-11-14T19:00:00Z,1.0991,1.1076,1.0945,1.1075,5722819
2024-11-14T20:00:00Z,1.1075,1.1080,1.0842,1.0856,6961125
2024-11-14T21:00:00Z,1.0855,1.1038,1.0812,1.0977,7209814
2024-11-14T22:00:00Z,1.0976,1.1008,1.0657,1.0736,7549635
2024-11-14T23:00:00Z,1.0735,1.0785,1.0376,1.0519,13917982
2024-11-15T00:00:00Z,1.0519,1.0654,1.0367,1.0373,8310331
2024-11-15T01:00:00Z,1.0373,1.0441,1.0173,1.0426,9077102
2024-11-15T02:00:00Z,1.0426,1.0497,1.0270,1.0476,4566355
2024-11-15T03:00:00Z,1.0475,1.0498,1.0350,1.0482,3636182
2024-11-15T04:00:00Z,1.0481,1.0485,1.0058,1.0163,9325636
2024-11-15T05:00:00Z,1.0162,1.0370,1.0087,1.0361,6791718
2024-11-15T06:00:00Z,1.0360,1.0528,1.0359,1.0483,5889295
2024-11-15T07:00:00Z,1.0484,1.0537,1.0391,1.0408,3208087
2024-11-15T08:00:00Z,1.0408,1.0538,1.0296,1.0528,6281506
2024-11-15T09:00:00Z,1.0529,1.0688,1.0505,1.0639,7177075
2024-11-15T10:00:00Z,1.0639,1.0713,1.0604,1.0686,3935994
2024-11-15T11:00:00Z,1.0687,1.0743,1.0607,1.0736,4292641
2024-11-15T12:00:00Z,1.0736,1.0807,1.0642,1.0670,5328107
2024-11-15T13:00:00Z,1.0670,1.0718,1.0570,1.0658,8175226
2024-11-15T14:00:00Z,1.0658,1.0678,1.0410,1.0423,10326243
2024-11-15T15:00:00Z,1.0423,1.0425,1.0172,1.0272,12354571
2024-11-15T16:00:00Z,1.0272,1.0411,1.0130,1.0279,8629521
2024-11-15T17:00:00Z,1.0279,1.0449,1.0263,1.0353,5916008
2024-11-15T18:00:00Z,1.0352,1.0418,1.0261,1.0386,6239875
2024-11-15T19:00:00Z,1.0386,1.0603,1.0366,1.0557,6759669
2024-11-15T20:00:00Z,1.0557,1.0830,1.0554,1.0825,9385694
2024-11-15T21:00:00Z,1.0825,1.0916,1.0783,1.0855,6598514
2024-11-15T22:00:00Z,1.0854,1.0955,1.0853,1.0911,3318278
2024-11-15T23:00:00Z,1.0911,1.0951,1.0863,1.0894,2886097
2024-11-16T00:00:00Z,1.0894,1.0975,1.0836,1.0940,5379080
2024-11-16T01:00:00Z,1.0940,1.1139,1.0929,1.1084,9490483
2024-11-16T02:00:00Z,1.1084,1.1233,1.1071,1.1167,4853642
2024-11-16T03:00:00Z,1.1167,1.1279,1.1121,1.1263,4526981
2024-11-16T04:00:00Z,1.1263,1.1655,1.1256,1.1509,12874917
2024-11-16T05:00:00Z,1.1510,1.1593,1.1409,1.1417,7686941
2024-11-16T06:00:00Z,1.1417,1.1718,1.1401,1.1523,12138379
2024-11-16T07:00:00Z,1.1522,1.1675,1.1509,1.1583,6060805
2024-11-16T08:00:00Z,1.1583,1.1812,1.1556,1.1742,8451274
2024-11-16T09:00:00Z,1.1742,1.1939,1.1535,1.1547,11246310
2024-11-16T10:00:00Z,1.1547,1.1776,1.1495,1.1728,6740001
2024-11-16T11:00:00Z,1.1727,1.1944,1.1582,1.1883,9832310
2024-11-16T12:00:00Z,1.1884,1.1983,1.1669,1.1981,10215155
2024-11-16T13:00:00Z,1.1981,1.3193,1.1964,1.2078,70918678
2024-11-16T14:00:00Z,1.2078,1.2377,1.1812,1.1895,26829058
2024-11-16T15:00:00Z,1.1894,1.1945,1.1231,1.1340,32495695
2024-11-16T16:00:00Z,1.1339,1.1590,1.1225,1.1424,18303512
2024-11-16T17:00:00Z,1.1424,1.1555,1.1341,1.1534,7835349
2024-11-16T18:00:00Z,1.1534,1.1652,1.1505,1.1594,5022017
2024-11-16T19:00:00Z,1.1596,1.1603,1.1476,1.1522,6341977
2024-11-16T20:00:00Z,1.1522,1.1574,1.1376,1.1409,5224134
2024-11-16T21:00:00Z,1.1409,1.1565,1.1394,1.1527,4115273
2024-11-16T22:00:00Z,1.1526,1.1711,1.1491,1.1531,5662753
2024-11-16T23:00:00Z,1.1531,1.1612,1.1447,1.1550,6809170
2024-11-17T00:00:00Z,1.1551,1.1599,1.1436,1.1467,5171569
2024-11-17T01:00:00Z,1.1466,1.1484,1.0981,1.1072,15150058
2024-11-17T02:00:00Z,1.1072,1.1075,1.0727,1.0898,13164738
2024-11-17T03:00:00Z,1.0897,1.0988,1.0713,1.0986,5327351
2024-11-17T04:00:00Z,1.0985,1.1137,1.0860,1.1058,8057166
2024-11-17T05:00:00Z,1.1057,1.1219,1.1021,1.1082,5505006
2024-11-17T06:00:00Z,1.1082,1.1344,1.1068,1.1278,5903184
2024-11-17T07:00:00Z,1.1278,1.1342,1.1204,1.1245,4782074
2024-11-17T08:00:00Z,1.1245,1.1320,1.1187,1.1201,4926489
2024-11-17T09:00:00Z,1.1199,1.1254,1.1136,1.1216,3556705
2024-11-17T10:00:00Z,1.1215,1.1217,1.1096,1.1167,5425712
2024-11-17T11:00:00Z,1.1168,1.1168,1.0886,1.0902,9653265
2024-11-17T12:00:00Z,1.0902,1.1107,1.0896,1.1088,6017962
2024-11-17T13:00:00Z,1.1087,1.1089,1.0920,1.1024,6807060
2024-11-17T14:00:00Z,1.1024,1.1084,1.0916,1.0977,5229226
2024-11-17T15:00:00Z,1.0978,1.1031,1.0894,1.0949,4262701
2024-11-17T16:00:00Z,1.0951,1.1014,1.0850,1.1006,5113180
2024-11-17T17:00:00Z,1.1006,1.1164,1.0927,1.1142,5639420
2024-11-17T18:00:00Z,1.1143,1.1151,1.0848,1.0865,7273200
2024-11-17T19:00:00Z,1.0866,1.0944,1.0772,1.0908,5399767
2024-11-17T20:00:00Z,1.0908,1.0987,1.0745,1.0893,6116314
2024-11-17T21:00:00Z,1.0895,1.0928,1.0707,1.0716,5663313
2024-11-17T22:00:00Z,1.0715,1.0839,1.0623,1.0710,6220182
2024-11-17T23:00:00Z,1.0709,1.0811,1.0632,1.0782,5223562
2024-11-18T00:00:00Z,1.0782,1.0909,1.0716,1.0838,5308028
2024-11-18T01:00:00Z,1.0840,1.1125,1.0828,1.1107,6132814
2024-11-18T02:00:00Z,1.1108,1.1181,1.1061,1.1094,4306653
2024-11-18T03:00:00Z,1.1094,1.1148,1.0944,1.1138,6844109
2024-11-18T04:00:00Z,1.1139,1.1236,1.1114,1.1141,4609578
2024-11-18T05:00:00Z,1.1141,1.1264,1.1131,1.1254,3257820
2024-11-18T06:00:00Z,1.1253,1.1444,1.1235,1.1423,8472112
2024-11-18T07:00:00Z,1.1423,1.1526,1.1385,1.1401,8256640
2024-11-18T08:00:00Z,1.1400,1.1472,1.1262,1.1312,5806606
2024-11-18T09:00:00Z,1.1313,1.1324,1.1106,1.1149,6033882
2024-11-18T10:00:00Z,1.1149,1.1335,1.1138,1.1274,4089871
2024-11-18T11:00:00Z,1.1272,1.1308,1.0991,1.1055,10298919
2024-11-18T12:00:00Z,1.1056,1.1239,1.0940,1.1232,9444562
2024-11-18T13:00:00Z,1.1231,1.1249,1.0917,1.0990,9811917
2024-11-18T14:00:00Z,1.0990,1.1320,1.0956,1.1237,9917929
2024-11-18T15:00:00Z,1.1236,1.1471,1.1213,1.1422,7309268
2024-11-18T16:00:00Z,1.1423,1.1507,1.1316,1.1418,8131389
2024-11-18T17:00:00Z,1.1417,1.1515,1.1334,1.1491,6012952
2024-11-18T18:00:00Z,1.1490,1.1554,1.1291,1.1378,6796495
2024-11-18T19:00:00Z,1.1378,1.1408,1.1090,1.1249,8655494
2024-11-18T20:00:00Z,1.1248,1.1470,1.1208,1.1447,6758662
2024-11-18T21:00:00Z,1.1447,1.1629,1.1420,1.1505,4802907
2024-11-18T22:00:00Z,1.1504,1.1569,1.1442,1.1465,2895987
2024-11-18T23:00:00Z,1.1464,1.1566,1.1326,1.1549,4409396
2024-11-19T00:00:00Z,1.1550,1.1646,1.1444,1.1632,5753090
2024-11-19T01:00:00Z,1.1633,1.1674,1.1436,1.1439,3735707
2024-11-19T02:00:00Z,1.1439,1.1525,1.1395,1.1423,2719235
2024-11-19T03:00:00Z,1.1423,1.1469,1.1378,1.1383,1682116
2024-11-19T04:00:00Z,1.1384,1.1426,1.1257,1.1312,3863508
2024-11-19T05:00:00Z,1.1312,1.1422,1.1265,1.1408,2377780
2024-11-19T06:00:00Z,1.1408,1.1482,1.1333,1.1416,6245316
2024-11-19T07:00:00Z,1.1416,1.1493,1.1356,1.1376,2193476
2024-11-19T08:00:00Z,1.1377,1.1407,1.1220,1.1336,3177382
2024-11-19T09:00:00Z,1.1337,1.1359,1.1118,1.1158,5335443
2024-11-19T10:00:00Z,1.1156,1.1291,1.1104,1.1273,2671132
2024-11-19T11:00:00Z,1.1274,1.1342,1.1202,1.1256,2258321
2024-11-19T12:00:00Z,1.1256,1.1412,1.1256,1.1346,2712556
2024-11-19T13:00:00Z,1.1346,1.1359,1.1110,1.1116,7772448
2024-11-19T14:00:00Z,1.1116,1.1289,1.1070,1.1164,6695077
2024-11-19T15:00:00Z,1.1165,1.1332,1.1152,1.1293,4180017
2024-11-19T16:00:00Z,1.1294,1.1402,1.1259,1.1370,4210396
2024-11-19T17:00:00Z,1.1371,1.1539,1.1314,1.1387,8964142
2024-11-19T18:00:00Z,1.1387,1.1418,1.1258,1.1375,5449685
2024-11-19T19:00:00Z,1.1376,1.1392,1.1289,1.1317,2789297
2024-11-19T20:00:00Z,1.1317,1.1362,1.0925,1.1018,8643065
2024-11-19T21:00:00Z,1.1018,1.1133,1.0858,1.1100,8471419
2024-11-19T22:00:00Z,1.1100,1.1180,1.0923,1.1177,4353017
2024-11-19T23:00:00Z,1.1177,1.1373,1.1137,1.1344,4747962
2024-11-20T00:00:00Z,1.1344,1.1345,1.1121,1.1160,3851932
2024-11-20T01:00:00Z,1.1160,1.1201,1.1032,1.1084,3078939
2024-11-20T02:00:00Z,1.1085,1.1132,1.0976,1.0984,2720524
2024-11-20T03:00:00Z,1.0985,1.0992,1.0700,1.0960,8444095
2024-11-20T04:00:00Z,1.0958,1.1053,1.0805,1.1035,3111238
2024-11-20T05:00:00Z,1.1037,1.1141,1.0936,1.1044,4891548
2024-11-20T06:00:00Z,1.1043,1.1127,1.0959,1.0991,3060288
2024-11-20T07:00:00Z,1.0991,1.1070,1.0955,1.0997,1947534
2024-11-20T08:00:00Z,1.0996,1.1055,1.0960,1.0987,2633698
2024-11-20T09:00:00Z,1.0987,1.1066,1.0901,1.0971,3641588
2024-11-20T10:00:00Z,1.0970,1.1059,1.0948,1.0972,3689611
2024-11-20T11:00:00Z,1.0973,1.0976,1.0802,1.0921,4389677
2024-11-20T12:00:00Z,1.0921,1.0980,1.0812,1.0886,4706675
2024-11-20T13:00:00Z,1.0887,1.1096,1.0801,1.1084,6307118
2024-11-20T14:00:00Z,1.1085,1.1234,1.0891,1.1007,7956446
2024-11-20T15:00:00Z,1.1005,1.1095,1.0878,1.1043,4763054
2024-11-20T16:00:00Z,1.1044,1.1084,1.0714,1.0851,9038166
2024-11-20T17:00:00Z,1.0850,1.1007,1.0817,1.0863,5790087
2024-11-20T18:00:00Z,1.0866,1.0883,1.0572,1.0788,15244106
2024-11-20T19:00:00Z,1.0787,1.0827,1.0530,1.0763,8883903
2024-11-20T20:00:00Z,1.0763,1.0974,1.0628,1.0905,9322781
2024-11-20T21:00:00Z,1.0902,1.1152,1.0902,1.1107,7341898
2024-11-20T22:00:00Z,1.1107,1.1418,1.1103,1.1412,8166298
2024-11-20T23:00:00Z,1.1411,1.1615,1.1338,1.1402,13019321
2024-11-21T00:00:00Z,1.1403,1.1707,1.1268,1.1306,15390016
2024-11-21T01:00:00Z,1.1304,1.1372,1.1193,1.1199,6684945
2024-11-21T02:00:00Z,1.1199,1.1205,1.0855,1.1051,8976093
2024-11-21T03:00:00Z,1.1052,1.1193,1.0945,1.0975,6752267
2024-11-21T04:00:00Z,1.0976,1.1320,1.0943,1.1257,8844055
2024-11-21T05:00:00Z,1.1256,1.1452,1.1226,1.1415,5121610
2024-11-21T06:00:00Z,1.1414,1.1437,1.1229,1.1297,5886128
2024-11-21T07:00:00Z,1.1297,1.1490,1.1297,1.1484,5453637
2024-11-21T08:00:00Z,1.1484,1.1528,1.1358,1.1500,4326976
2024-11-21T09:00:00Z,1.1500,1.1573,1.1208,1.1219,6624467
2024-11-21T10:00:00Z,1.1220,1.1309,1.1117,1.1170,5083319
2024-11-21T11:00:00Z,1.1170,1.1287,1.1080,1.1220,5658339
2024-11-21T12:00:00Z,1.1218,1.1668,1.1216,1.1512,10850825
2024-11-21T13:00:00Z,1.1512,1.1882,1.1512,1.1742,12556768
2024-11-21T14:00:00Z,1.1743,1.1840,1.1459,1.1538,11360528
2024-11-21T15:00:00Z,1.1538,1.1621,1.1332,1.1557,9731585
2024-11-21T16:00:00Z,1.1557,1.1772,1.1557,1.1677,6191304
2024-11-21T17:00:00Z,1.1676,1.1751,1.1608,1.1706,4556820
2024-11-21T18:00:00Z,1.1706,1.1745,1.1504,1.1596,5612700
2024-11-21T19:00:00Z,1.1596,1.1642,1.1430,1.1515,4554516
2024-11-21T20:00:00Z,1.1516,1.1582,1.1449,1.1523,3202526
2024-11-21T21:00:00Z,1.1523,1.1570,1.1448,1.1532,2483647
2024-11-21T22:00:00Z,1.1532,1.1695,1.1531,1.1683,2238698
2024-11-21T23:00:00Z,1.1682,1.1732,1.1606,1.1656,2992120
2024-11-22T00:00:00Z,1.1656,1.1726,1.1484,1.1496,3581543
2024-11-22T01:00:00Z,1.1497,1.1719,1.1420,1.1714,4569832
2024-11-22T02:00:00Z,1.1712,1.1783,1.1546,1.1660,5079410
2024-11-22T03:00:00Z,1.1660,1.1769,1.1641,1.1747,3026079
2024-11-22T04:00:00Z,1.1747,1.1906,1.1747,1.1855,5419836
2024-11-22T05:00:00Z,1.1854,1.1856,1.1700,1.1776,3406062
2024-11-22T06:00:00Z,1.1777,1.1879,1.1700,1.1866,5510675
2024-11-22T07:00:00Z,1.1865,1.2083,1.1771,1.1845,10794008
2024-11-22T08:00:00Z,1.1846,1.2010,1.1576,1.1649,11258728
2024-11-22T09:00:00Z,1.1648,1.1711,1.1520,1.1609,6228006
2024-11-22T10:00:00Z,1.1607,1.1653,1.1457,1.1466,4847073
2024-11-22T11:00:00Z,1.1467,1.1587,1.1375,1.1564,6514287
2024-11-22T12:00:00Z,1.1564,1.1730,1.1480,1.1671,6049549
2024-11-22T13:00:00Z,1.1672,1.1675,1.1231,1.1343,10955810
2024-11-22T14:00:00Z,1.1342,1.1435,1.1253,1.1311,6284934
2024-11-22T15:00:00Z,1.1311,1.1701,1.1285,1.1667,6510969
2024-11-22T16:00:00Z,1.1667,1.1675,1.1424,1.1508,7590344
2024-11-22T17:00:00Z,1.1507,1.1596,1.1382,1.1410,3835718
2024-11-22T18:00:00Z,1.1410,1.1532,1.1320,1.1343,3964857
2024-11-22T19:00:00Z,1.1342,1.1500,1.1302,1.1496,4181129
2024-11-22T20:00:00Z,1.1495,1.1694,1.1434,1.1685,3605551
2024-11-22T21:00:00Z,1.1685,1.1844,1.1595,1.1773,5225495
2024-11-22T22:00:00Z,1.1773,1.1819,1.1667,1.1711,2988476
2024-11-22T23:00:00Z,1.1712,1.2243,1.1712,1.2182,6951837
2024-11-23T00:00:00Z,1.2182,1.2300,1.1962,1.2222,8426253
2024-11-23T01:00:00Z,1.2220,1.2601,1.2204,1.2435,9560666
2024-11-23T02:00:00Z,1.2435,1.2548,1.2061,1.2110,8848103
2024-11-23T03:00:00Z,1.2112,1.2231,1.2076,1.2179,3097364
2024-11-23T04:00:00Z,1.2178,1.2237,1.1962,1.2226,9995660
2024-11-23T05:00:00Z,1.2226,1.2321,1.2119,1.2319,5891842
2024-11-23T06:00:00Z,1.2319,1.2327,1.2125,1.2275,5142316
2024-11-23T07:00:00Z,1.2273,1.2488,1.2233,1.2482,5729191
2024-11-23T08:00:00Z,1.2483,1.2483,1.2345,1.2445,5748084
2024-11-23T09:00:00Z,1.2443,1.2539,1.2386,1.2400,3396383
2024-11-23T10:00:00Z,1.2399,1.2434,1.2312,1.2418,3288753
2024-11-23T11:00:00Z,1.2419,1.2524,1.2395,1.2506,3123328
2024-11-23T12:00:00Z,1.2506,1.2776,1.2455,1.2727,6122643
2024-11-23T13:00:00Z,1.2725,1.2995,1.2673,1.2831,7088898
2024-11-23T14:00:00Z,1.2831,1.3043,1.2785,1.2989,7196887
2024-11-23T15:00:00Z,1.2989,1.3158,1.2913,1.3033,8633622
2024-11-23T16:00:00Z,1.3034,1.3228,1.2335,1.2685,25684037
2024-11-23T17:00:00Z,1.2684,1.2889,1.2362,1.2797,10097495
2024-11-23T18:00:00Z,1.2798,1.2958,1.2663,1.2880,5313940
2024-11-23T19:00:00Z,1.2880,1.3082,1.2720,1.2872,7232420
2024-11-23T20:00:00Z,1.2871,1.2874,1.2456,1.2768,7575688
2024-11-23T21:00:00Z,1.2765,1.3051,1.2708,1.2936,4022324
2024-11-23T22:00:00Z,1.2937,1.3074,1.2926,1.2965,3429226
2024-11-23T23:00:00Z,1.2962,1.3174,1.2843,1.3089,6295736
2024-11-24T00:00:00Z,1.3089,1.3373,1.2948,1.3237,8994667
2024-11-24T01:00:00Z,1.3238,1.3500,1.3083,1.3388,6928006
2024-11-24T02:00:00Z,1.3388,1.3488,1.3314,1.3447,3839345
2024-11-24T03:00:00Z,1.3449,1.3988,1.3369,1.3947,8809518
2024-11-24T04:00:00Z,1.3946,1.4443,1.3632,1.3844,19661758
2024-11-24T05:00:00Z,1.3843,1.3977,1.3736,1.3896,6424292
2024-11-24T06:00:00Z,1.3895,1.3953,1.3518,1.3610,6188080
2024-11-24T07:00:00Z,1.3610,1.3769,1.3531,1.3615,3730544
2024-11-24T08:00:00Z,1.3614,1.3837,1.3315,1.3360,7954838
2024-11-24T09:00:00Z,1.3360,1.3572,1.3263,1.3532,5378307
2024-11-24T10:00:00Z,1.3532,1.3625,1.3298,1.3514,5952237
2024-11-24T11:00:00Z,1.3514,1.3567,1.3053,1.3077,10777383
2024-11-24T12:00:00Z,1.3076,1.3288,1.2304,1.2678,23135666
2024-11-24T13:00:00Z,1.2677,1.3098,1.2556,1.2932,11176765
2024-11-24T14:00:00Z,1.2935,1.2937,1.2522,1.2822,10167869
2024-11-24T15:00:00Z,1.2821,1.2856,1.2368,1.2394,7657055
2024-11-24T16:00:00Z,1.2392,1.2912,1.2308,1.2782,7466823
2024-11-24T17:00:00Z,1.2780,1.2799,1.2474,1.2720,5146954
2024-11-24T18:00:00Z,1.2720,1.3003,1.2690,1.2905,4962237
2024-11-24T19:00:00Z,1.2905,1.2955,1.2801,1.2909,3214552
2024-11-24T20:00:00Z,1.2909,1.3249,1.2858,1.3227,3810341
2024-11-24T21:00:00Z,1.3228,1.3395,1.3077,1.3360,3282385
2024-11-24T22:00:00Z,1.3360,1.3756,1.3312,1.3700,4905377
2024-11-24T23:00:00Z,1.3701,1.3883,1.3523,1.3777,6089574
2024-11-25T00:00:00Z,1.3778,1.3928,1.3547,1.3668,8192559
2024-11-25T01:00:00Z,1.3668,1.3721,1.3146,1.3444,7486180
2024-11-25T02:00:00Z,1.3443,1.3697,1.3385,1.3661,3599348
2024-11-25T03:00:00Z,1.3659,1.3820,1.3516,1.3547,5076939
2024-11-25T04:00:00Z,1.3546,1.3701,1.3536,1.3569,3195815
2024-11-25T05:00:00Z,1.3570,1.3649,1.3432,1.3551,3346700
2024-11-25T06:00:00Z,1.3549,1.3565,1.3340,1.3383,3063557
2024-11-25T07:00:00Z,1.3379,1.3561,1.3366,1.3498,2599352
2024-11-25T08:00:00Z,1.3498,1.3729,1.3422,1.3701,3953938
2024-11-25T09:00:00Z,1.3702,1.3944,1.3664,1.3810,4786889
2024-11-25T10:00:00Z,1.3806,1.3806,1.3511,1.3722,4569669
2024-11-25T11:00:00Z,1.3722,1.3743,1.3440,1.3507,4491831
2024-11-25T12:00:00Z,1.3506,1.3563,1.3268,1.3313,5419368
2024-11-25T13:00:00Z,1.3317,1.3382,1.3007,1.3159,7790006
2024-11-25T14:00:00Z,1.3159,1.3368,1.2884,1.2926,7709335
2024-11-25T15:00:00Z,1.2927,1.3402,1.2722,1.3309,10156631
2024-11-25T16:00:00Z,1.3309,1.3512,1.3121,1.3278,7904562
2024-11-25T17:00:00Z,1.3278,1.3292,1.2930,1.3156,5642799
2024-11-25T18:00:00Z,1.3156,1.3279,1.3036,1.3164,3420651
2024-11-25T19:00:00Z,1.3164,1.3386,1.3072,1.3296,3551198
2024-11-25T20:00:00Z,1.3294,1.3577,1.3245,1.3571,4433293
2024-11-25T21:00:00Z,1.3571,1.3637,1.3074,1.3282,6356452
2024-11-25T22:00:00Z,1.3282,1.3410,1.2833,1.3363,6898759
2024-11-25T23:00:00Z,1.3363,1.3395,1.3135,1.3163,5173213
2024-11-26T00:00:00Z,1.3162,1.3623,1.2996,1.3409,7812563
2024-11-26T01:00:00Z,1.3410,1.3674,1.3395,1.3515,4568041
2024-11-26T02:00:00Z,1.3515,1.3733,1.3490,1.3649,3803820
2024-11-26T03:00:00Z,1.3648,1.3668,1.3324,1.3574,3790415
2024-11-26T04:00:00Z,1.3573,1.3623,1.3345,1.3546,2898172
2024-11-26T05:00:00Z,1.3546,1.3760,1.3526,1.3676,3188491
2024-11-26T06:00:00Z,1.3675,1.3878,1.3592,1.3638,3822929
2024-11-26T07:00:00Z,1.3631,1.3631,1.3111,1.3246,5414024
2024-11-26T08:00:00Z,1.3246,1.3267,1.2865,1.3072,7442237
2024-11-26T09:00:00Z,1.3073,1.3252,1.2883,1.3038,6464551
2024-11-26T10:00:00Z,1.3039,1.3082,1.2620,1.2629,6104808
2024-11-26T11:00:00Z,1.2629,1.2736,1.2222,1.2451,11571584
2024-11-26T12:00:00Z,1.2451,1.2649,1.2151,1.2263,7582265
2024-11-26T13:00:00Z,1.2262,1.2462,1.2146,1.2309,4829006
2024-11-26T14:00:00Z,1.2310,1.2614,1.2132,1.2496,7219159
2024-11-26T15:00:00Z,1.2495,1.2514,1.2219,1.2225,4979314
2024-11-26T16:00:00Z,1.2224,1.2661,1.2152,1.2586,5329881
2024-11-26T17:00:00Z,1.2587,1.2653,1.2451,1.2584,3000973
2024-11-26T18:00:00Z,1.2582,1.2603,1.2124,1.2333,6508785
2024-11-26T19:00:00Z,1.2330,1.2436,1.2225,1.2433,5121670
2024-11-26T20:00:00Z,1.2431,1.2682,1.2363,1.2620,4653125
2024-11-26T21:00:00Z,1.2619,1.2790,1.2508,1.2631,4362511
2024-11-26T22:00:00Z,1.2631,1.2864,1.2603,1.2722,2866160
2024-11-26T23:00:00Z,1.2722,1.2848,1.2673,1.2808,1915667
2024-11-27T00:00:00Z,1.2808,1.2961,1.2597,1.2634,5163248
2024-11-27T01:00:00Z,1.2633,1.2879,1.2544,1.2839,3524195
2024-11-27T02:00:00Z,1.2839,1.2892,1.2639,1.2837,3143355
2024-11-27T03:00:00Z,1.2840,1.2932,1.2722,1.2737,2158688
2024-11-27T04:00:00Z,1.2737,1.3060,1.2722,1.2890,3492181
2024-11-27T05:00:00Z,1.2891,1.2923,1.2703,1.2776,2647827
2024-11-27T06:00:00Z,1.2777,1.3027,1.2772,1.2912,2958965
2024-11-27T07:00:00Z,1.2913,1.3077,1.2861,1.3038,2114790
2024-11-27T08:00:00Z,1.3038,1.3139,1.2984,1.3033,3621782
2024-11-27T09:00:00Z,1.3033,1.3045,1.2857,1.2978,2669574
2024-11-27T10:00:00Z,1.2976,1.3012,1.2605,1.2652,9882063
2024-11-27T11:00:00Z,1.2651,1.2737,1.2565,1.2705,3910527
2024-11-27T12:00:00Z,1.2705,1.2744,1.2480,1.2618,4048563
2024-11-27T13:00:00Z,1.2619,1.2787,1.2598,1.2787,3818511
2024-11-27T14:00:00Z,1.2788,1.2869,1.2641,1.2834,4789843
2024-11-27T15:00:00Z,1.2832,1.2974,1.2746,1.2868,4797936
2024-11-27T16:00:00Z,1.2868,1.3062,1.2786,1.2935,4658497
2024-11-27T17:00:00Z,1.2935,1.3111,1.2860,1.3105,2682363
2024-11-27T18:00:00Z,1.3106,1.3147,1.3041,1.3074,2464214
2024-11-27T19:00:00Z,1.3075,1.3154,1.3045,1.3109,2298091
2024-11-27T20:00:00Z,1.3107,1.3238,1.3102,1.3148,3411372
2024-11-27T21:00:00Z,1.3150,1.3156,1.2973,1.3010,2238996
2024-11-27T22:00:00Z,1.3009,1.3183,1.3006,1.3130,1898005
2024-11-27T23:00:00Z,1.3131,1.3244,1.3040,1.3174,3733896
2024-11-28T00:00:00Z,1.3176,1.3241,1.3044,1.3196,3921646
2024-11-28T01:00:00Z,1.3196,1.3382,1.3166,1.3376,3563213
2024-11-28T02:00:00Z,1.3375,1.3390,1.3069,1.3111,3044955
2024-11-28T03:00:00Z,1.3112,1.3165,1.2858,1.2989,4328961
2024-11-28T04:00:00Z,1.2991,1.3175,1.2940,1.3160,2176116
2024-11-28T05:00:00Z,1.3160,1.3253,1.3080,1.3126,2549614
2024-11-28T06:00:00Z,1.3128,1.3155,1.2934,1.3130,2558865
2024-11-28T07:00:00Z,1.3132,1.3200,1.2987,1.3039,3984722
2024-11-28T08:00:00Z,1.3040,1.3238,1.2882,1.3208,3907331
2024-11-28T09:00:00Z,1.3207,1.3317,1.3088,1.3107,3341551
2024-11-28T10:00:00Z,1.3108,1.3252,1.3023,1.3087,4881490
2024-11-28T11:00:00Z,1.3090,1.3282,1.2966,1.3241,4546357
2024-11-28T12:00:00Z,1.3239,1.3252,1.2951,1.3075,4051597
2024-11-28T13:00:00Z,1.3077,1.3279,1.2950,1.3249,5423746
2024-11-28T14:00:00Z,1.3248,1.3341,1.3027,1.3255,5658474
2024-11-28T15:00:00Z,1.3255,1.3347,1.3045,1.3107,6451841
2024-11-28T16:00:00Z,1.3109,1.3472,1.3104,1.3442,7635044
2024-11-28T17:00:00Z,1.3443,1.3807,1.3441,1.3593,8774226
2024-11-28T18:00:00Z,1.3593,1.4333,1.3566,1.4305,10905328
2024-11-28T19:00:00Z,1.4303,1.4303,1.3926,1.3961,9167866
2024-11-28T20:00:00Z,1.3960,1.4048,1.3716,1.3782,5962246
2024-11-28T21:00:00Z,1.3782,1.4054,1.3782,1.4039,5214774
2024-11-28T22:00:00Z,1.4037,1.4103,1.3930,1.3946,3234500
2024-11-28T23:00:00Z,1.3945,1.3952,1.3843,1.3886,2814612
2024-11-29T00:00:00Z,1.3888,1.3900,1.3544,1.3551,6154151
2024-11-29T01:00:00Z,1.3552,1.3601,1.3415,1.3562,5742055
2024-11-29T02:00:00Z,1.3560,1.3626,1.3488,1.3544,3594308
2024-11-29T03:00:00Z,1.3543,1.3557,1.3436,1.3447,2029975
2024-11-29T04:00:00Z,1.3448,1.3457,1.3295,1.3391,3325893
2024-11-29T05:00:00Z,1.3392,1.3460,1.3353,1.3372,2337662
2024-11-29T06:00:00Z,1.3373,1.3440,1.3297,1.3343,3677750
2024-11-29T07:00:00Z,1.3341,1.3392,1.3232,1.3240,3651098
2024-11-29T08:00:00Z,1.3240,1.3420,1.3236,1.3367,2393155
2024-11-29T09:00:00Z,1.3366,1.3514,1.3347,1.3467,2190365
2024-11-29T10:00:00Z,1.3468,1.3744,1.3433,1.3725,5423524
2024-11-29T11:00:00Z,1.3726,1.3836,1.3700,1.3770,4145495
2024-11-29T12:00:00Z,1.3769,1.3887,1.3719,1.3846,5026512
2024-11-29T13:00:00Z,1.3847,1.4075,1.3820,1.4059,4295467
2024-11-29T14:00:00Z,1.4059,1.4152,1.4023,1.4108,5079572
2024-11-29T15:00:00Z,1.4107,1.4335,1.4073,1.4126,7211887
2024-11-29T16:00:00Z,1.4127,1.4152,1.3906,1.3989,6135761
2024-11-29T17:00:00Z,1.3989,1.4061,1.3859,1.3954,4254064
2024-11-29T18:00:00Z,1.3953,1.4201,1.3953,1.4136,3174669
2024-11-29T19:00:00Z,1.4136,1.4250,1.4037,1.4207,2484840
2024-11-29T20:00:00Z,1.4207,1.4257,1.4167,1.4218,1968633
2024-11-29T21:00:00Z,1.4218,1.4270,1.4140,1.4219,1646418
2024-11-29T22:00:00Z,1.4218,1.4243,1.4163,1.4182,1404463
2024-11-29T23:00:00Z,1.4180,1.4201,1.4125,1.4185,1616962
2024-11-30T00:00:00Z,1.4185,1.4322,1.4026,1.4156,6188657
2024-11-30T01:00:00Z,1.4156,1.4164,1.4015,1.4047,1673514
2024-11-30T02:00:00Z,1.4046,1.4118,1.3947,1.4095,2129594
2024-11-30T03:00:00Z,1.4094,1.4277,1.4024,1.4250,4982115
2024-11-30T04:00:00Z,1.4250,1.4347,1.4204,1.4336,2209455
2024-11-30T05:00:00Z,1.4337,1.4350,1.4180,1.4292,2306623
2024-11-30T06:00:00Z,1.4292,1.4401,1.4226,1.4335,3685180
2024-11-30T07:00:00Z,1.4338,1.4356,1.4203,1.4338,3440272
2024-11-30T08:00:00Z,1.4341,1.4351,1.4140,1.4197,2155539
2024-11-30T09:00:00Z,1.4192,1.4337,1.4146,1.4312,4068930
2024-11-30T10:00:00Z,1.4312,1.4441,1.3856,1.3883,9243987
2024-11-30T11:00:00Z,1.3883,1.4045,1.3813,1.3924,4721148
2024-11-30T12:00:00Z,1.3924,1.4128,1.3924,1.4061,3058653
2024-11-30T13:00:00Z,1.4062,1.4071,1.3935,1.3956,2490903
2024-11-30T14:00:00Z,1.3956,1.4184,1.3900,1.3933,3187278
2024-11-30T15:00:00Z,1.3936,1.4195,1.3889,1.4155,3353904
2024-11-30T16:00:00Z,1.4155,1.4400,1.4076,1.4347,5212048
2024-11-30T17:00:00Z,1.4345,1.4542,1.4262,1.4541,5329332
2024-11-30T18:00:00Z,1.4540,1.4623,1.4400,1.4616,4287989
2024-11-30T19:00:00Z,1.4615,1.4930,1.4562,1.4870,5545581
2024-11-30T20:00:00Z,1.4870,1.5304,1.4852,1.5228,8280492
2024-11-30T21:00:00Z,1.5229,1.5693,1.5215,1.5455,11298215
2024-11-30T22:00:00Z,1.5454,1.5472,1.5013,1.5147,7560646
2024-11-30T23:00:00Z,1.5146,1.5253,1.5015,1.5015,4002864
2024-12-01T00:00:00Z,1.5016,1.5021,1.4669,1.4737,6487502
2024-12-01T01:00:00Z,1.4741,1.4924,1.4657,1.4746,3724115
2024-12-01T02:00:00Z,1.4746,1.4823,1.4400,1.4419,7076273
2024-12-01T03:00:00Z,1.4424,1.4608,1.4414,1.4514,2332652
2024-12-01T04:00:00Z,1.4515,1.4534,1.4361,1.4471,2390130
2024-12-01T05:00:00Z,1.4471,1.4693,1.4336,1.4581,5130533
2024-12-01T06:00:00Z,1.4582,1.4921,1.4568,1.4913,3899448
2024-12-01T07:00:00Z,1.4912,1.5456,1.4784,1.5209,7615814
2024-12-01T08:00:00Z,1.5209,1.5480,1.5105,1.5260,8521695
2024-12-01T09:00:00Z,1.5259,1.5264,1.4935,1.5096,6401121
2024-12-01T10:00:00Z,1.5096,1.5141,1.4803,1.5003,3571782
2024-12-01T11:00:00Z,1.5003,1.5502,1.4981,1.5326,7879921
2024-12-01T12:00:00Z,1.5323,1.6374,1.5275,1.6134,29146907
2024-12-01T13:00:00Z,1.6135,1.6137,1.5426,1.5463,19235237
2024-12-01T14:00:00Z,1.5464,1.5820,1.5418,1.5579,7921940
2024-12-01T15:00:00Z,1.5578,1.5671,1.5480,1.5525,4998873
2024-12-01T16:00:00Z,1.5525,1.5565,1.5333,1.5367,5492158
2024-12-01T17:00:00Z,1.5367,1.5402,1.5232,1.5358,4906292
2024-12-01T18:00:00Z,1.5357,1.5416,1.5233,1.5321,3177615
2024-12-01T19:00:00Z,1.5321,1.5442,1.5220,1.5291,3384472
2024-12-01T20:00:00Z,1.5289,1.5311,1.4944,1.5148,7418737
2024-12-01T21:00:00Z,1.5149,1.5393,1.5104,1.5250,5002257
2024-12-01T22:00:00Z,1.5251,1.5326,1.5132,1.5314,2479285
2024-12-01T23:00:00Z,1.5315,1.5333,1.5140,1.5227,3693417
2024-12-02T00:00:00Z,1.5227,1.5285,1.4982,1.5088,5027806
2024-12-02T01:00:00Z,1.5089,1.5537,1.5061,1.5426,6267081
2024-12-02T02:00:00Z,1.5427,1.5455,1.5241,1.5433,4003756
2024-12-02T03:00:00Z,1.5430,1.5450,1.4707,1.4802,6854947
2024-12-02T04:00:00Z,1.4802,1.5075,1.4577,1.5055,10040297
2024-12-02T05:00:00Z,1.5054,1.5188,1.5027,1.5183,3932493
2024-12-02T06:00:00Z,1.5182,1.5409,1.4929,1.5401,7283107
2024-12-02T07:00:00Z,1.5400,1.6126,1.5225,1.5377,34426297
2024-12-02T08:00:00Z,1.5377,1.5536,1.4340,1.4673,20796463
2024-12-02T09:00:00Z,1.4671,1.5099,1.4588,1.4879,9110708
2024-12-02T10:00:00Z,1.4880,1.4943,1.4303,1.4326,9339178
2024-12-02T11:00:00Z,1.4325,1.4691,1.4301,1.4520,5744686
2024-12-02T12:00:00Z,1.4519,1.5114,1.4442,1.4744,9734520
2024-12-02T13:00:00Z,1.4743,1.5410,1.4716,1.5291,9788181
2024-12-02T14:00:00Z,1.5291,1.5379,1.4931,1.4995,6810752
2024-12-02T15:00:00Z,1.4997,1.5456,1.4850,1.5280,8789856
2024-12-02T16:00:00Z,1.5282,1.5434,1.4819,1.5061,7994380
2024-12-02T17:00:00Z,1.5057,1.5120,1.4582,1.4628,6718506
2024-12-02T18:00:00Z,1.4627,1.5312,1.4626,1.5265,5207692
2024-12-02T19:00:00Z,1.5264,1.5315,1.5001,1.5198,3925785
2024-12-02T20:00:00Z,1.5199,1.5897,1.5166,1.5590,8779675
2024-12-02T21:00:00Z,1.5586,1.5773,1.5477,1.5647,5676069
2024-12-02T22:00:00Z,1.5652,1.5891,1.5568,1.5796,4988652
2024-12-02T23:00:00Z,1.5796,1.5971,1.5672,1.5924,4609968
2024-12-03T00:00:00Z,1.5922,1.6206,1.5803,1.6002,9403792
2024-12-03T01:00:00Z,1.6002,1.6078,1.5790,1.5823,3484769
2024-12-03T02:00:00Z,1.5821,1.6288,1.5767,1.6267,3686128
2024-12-03T03:00:00Z,1.6267,1.6513,1.6201,1.6332,7602796
2024-12-03T04:00:00Z,1.6332,1.6799,1.6237,1.6613,6903255
2024-12-03T05:00:00Z,1.6615,1.6784,1.6537,1.6746,4039076
2024-12-03T06:00:00Z,1.6748,1.7452,1.6720,1.6777,13892725
2024-12-03T07:00:00Z,1.6776,1.6923,1.6494,1.6672,11378599
2024-12-03T08:00:00Z,1.6669,1.6747,1.6385,1.6617,4579054
2024-12-03T09:00:00Z,1.6618,1.6716,1.6325,1.6379,5846972
2024-12-03T10:00:00Z,1.6372,1.6580,1.6024,1.6125,8633541
2024-12-03T11:00:00Z,1.6116,1.6363,1.6085,1.6348,4756861
2024-12-03T12:00:00Z,1.6347,1.6409,1.6162,1.6351,3788447
2024-12-03T13:00:00Z,1.6353,1.6416,1.5313,1.5550,14224543
2024-12-03T14:00:00Z,1.5550,1.5802,1.4986,1.5741,18977979
2024-12-03T15:00:00Z,1.5740,1.6534,1.5638,1.6315,16355959
2024-12-03T16:00:00Z,1.6313,1.6842,1.6219,1.6460,11061738
2024-12-03T17:00:00Z,1.6460,1.7085,1.6236,1.6988,7711503
2024-12-03T18:00:00Z,1.6988,1.7252,1.6797,1.7152,7691148
2024-12-03T19:00:00Z,1.7153,1.7165,1.6663,1.7094,6308250
2024-12-03T20:00:00Z,1.7095,1.8068,1.7032,1.8011,9961486
2024-12-03T21:00:00Z,1.8007,2.0783,1.7941,1.9797,60672480
2024-12-03T22:00:00Z,1.9798,1.9829,1.9189,1.9376,20499277
2024-12-03T23:00:00Z,1.9376,1.9731,1.8749,1.8967,15532589
2024-12-04T00:00:00Z,1.8968,1.9261,1.8627,1.8656,11788286
2024-12-04T01:00:00Z,1.8657,1.8912,1.8455,1.8812,7717374
2024-12-04T02:00:00Z,1.8810,1.8865,1.8462,1.8470,6403762
2024-12-04T03:00:00Z,1.8471,1.8715,1.8433,1.8579,3111808
2024-12-04T04:00:00Z,1.8578,1.9057,1.8548,1.8991,4629717
2024-12-04T05:00:00Z,1.8991,1.9218,1.8973,1.9059,5083778
2024-12-04T06:00:00Z,1.9058,1.9061,1.8640,1.8761,4236909
2024-12-04T07:00:00Z,1.8762,1.8818,1.8522,1.8581,4159161
2024-12-04T08:00:00Z,1.8582,1.8726,1.8526,1.8586,3761332
2024-12-04T09:00:00Z,1.8587,1.8874,1.8549,1.8756,4185617
2024-12-04T10:00:00Z,1.8757,1.9137,1.8718,1.8916,6407905
2024-12-04T11:00:00Z,1.8911,1.9589,1.8877,1.9307,9628741
2024-12-04T12:00:00Z,1.9305,2.0722,1.9148,2.0264,30832865
2024-12-04T13:00:00Z,2.0263,2.0786,1.9568,1.9809,22940925
2024-12-04T14:00:00Z,1.9812,2.1469,1.9683,2.1433,22355852
2024-12-04T15:00:00Z,2.1434,2.1702,2.0505,2.0835,31708459
2024-12-04T16:00:00Z,2.0835,2.0990,1.9316,1.9339,27948942
2024-12-04T17:00:00Z,1.9341,1.9637,1.9016,1.9620,13362730
2024-12-04T18:00:00Z,1.9621,2.0022,1.9580,1.9933,10014555
2024-12-04T19:00:00Z,1.9932,2.0296,1.9823,1.9862,6812975
2024-12-04T20:00:00Z,1.9863,2.0012,1.9174,1.9351,9422197
2024-12-04T21:00:00Z,1.9350,1.9593,1.9154,1.9521,8132048
2024-12-04T22:00:00Z,1.9521,1.9984,1.9520,1.9913,4880197
2024-12-04T23:00:00Z,1.9912,1.9998,1.9168,1.9473,9069355
2024-12-05T00:00:00Z,1.9474,1.9676,1.9207,1.9360,5292440
2024-12-05T01:00:00Z,1.9359,1.9374,1.8533,1.9022,12491111
2024-12-05T02:00:00Z,1.9021,1.9356,1.8916,1.9093,6810890
2024-12-05T03:00:00Z,1.9096,1.9534,1.8741,1.8876,7539168
2024-12-05T04:00:00Z,1.8878,1.9441,1.8739,1.9144,4465513
2024-12-05T05:00:00Z,1.9145,1.9283,1.8821,1.9080,7279061
2024-12-05T06:00:00Z,1.9080,1.9187,1.8825,1.9165,4115094
2024-12-05T07:00:00Z,1.9164,1.9587,1.9141,1.9487,4279940
2024-12-05T08:00:00Z,1.9487,1.9607,1.9181,1.9286,5168736
2024-12-05T09:00:00Z,1.9287,1.9508,1.9182,1.9321,4127093
2024-12-05T10:00:00Z,1.9320,1.9400,1.9071,1.9280,4508398
2024-12-05T11:00:00Z,1.9283,1.9744,1.9251,1.9681,5065429
2024-12-05T12:00:00Z,1.9681,1.9778,1.9360,1.9417,4343371
2024-12-05T13:00:00Z,1.9415,1.9547,1.9243,1.9272,3618116
2024-12-05T14:00:00Z,1.9280,1.9440,1.9100,1.9215,6158303
2024-12-05T15:00:00Z,1.9219,1.9424,1.8921,1.9331,8551200
2024-12-05T16:00:00Z,1.9332,1.9440,1.8981,1.9213,7229955
2024-12-05T17:00:00Z,1.9212,1.9551,1.9113,1.9458,5876141
2024-12-05T18:00:00Z,1.9458,1.9500,1.9017,1.9053,4429805
2024-12-05T19:00:00Z,1.9052,1.9249,1.8538,1.8730,8181930
2024-12-05T20:00:00Z,1.8731,1.8908,1.8355,1.8608,11180733
2024-12-05T21:00:00Z,1.8609,1.8962,1.8555,1.8854,3350705
2024-12-05T22:00:00Z,1.8853,1.8990,1.7632,1.8427,11182238
2024-12-05T23:00:00Z,1.8423,1.8651,1.8122,1.8360,5479983
2024-12-06T00:00:00Z,1.8361,1.8750,1.8178,1.8698,4300902
2024-12-06T01:00:00Z,1.8697,1.8978,1.8625,1.8796,5519337
2024-12-06T02:00:00Z,1.8796,1.8879,1.8535,1.8814,3189696
2024-12-06T03:00:00Z,1.8814,1.8875,1.8556,1.8839,2894204
2024-12-06T04:00:00Z,1.8840,1.9081,1.8814,1.9016,2649536
2024-12-06T05:00:00Z,1.9015,1.9070,1.8886,1.8980,2073872
2024-12-06T06:00:00Z,1.8981,1.9198,1.8893,1.9006,2848337
2024-12-06T07:00:00Z,1.9005,1.9027,1.8833,1.8898,2049262
2024-12-06T08:00:00Z,1.8898,1.9176,1.8885,1.8891,3465273
2024-12-06T09:00:00Z,1.8892,1.8914,1.8461,1.8537,5388789
2024-12-06T10:00:00Z,1.8535,1.8617,1.8200,1.8507,5510530
2024-12-06T11:00:00Z,1.8506,1.8636,1.8357,1.8475,3087213
2024-12-06T12:00:00Z,1.8475,1.8655,1.7978,1.8026,5585733
2024-12-06T13:00:00Z,1.8026,1.8635,1.7976,1.8460,7301431
2024-12-06T14:00:00Z,1.8459,1.8729,1.8289,1.8722,3820713
2024-12-06T15:00:00Z,1.8723,1.9011,1.8632,1.8827,5148911
2024-12-06T16:00:00Z,1.8827,1.8926,1.8687,1.8751,3662784
2024-12-06T17:00:00Z,1.8750,1.8916,1.8666,1.8785,2497322
2024-12-06T18:00:00Z,1.8785,1.8905,1.8739,1.8830,2151582
2024-12-06T19:00:00Z,1.8829,1.9037,1.8794,1.9017,2507798
2024-12-06T20:00:00Z,1.9017,1.9356,1.8967,1.9134,6111447
2024-12-06T21:00:00Z,1.9135,1.9162,1.8768,1.8787,3070410
2024-12-06T22:00:00Z,1.8788,1.8930,1.8550,1.8580,3038533
2024-12-06T23:00:00Z,1.8579,1.8680,1.8403,1.8548,3490983
2024-12-07T00:00:00Z,1.8548,1.8549,1.8206,1.8332,3407193
2024-12-07T01:00:00Z,1.8331,1.8425,1.8177,1.8366,2818623
2024-12-07T02:00:00Z,1.8366,1.8574,1.8307,1.8553,2060354
2024-12-07T03:00:00Z,1.8553,1.8619,1.8382,1.8587,2325660
2024-12-07T04:00:00Z,1.8586,1.8667,1.8421,1.8604,2408491
2024-12-07T05:00:00Z,1.8604,1.8689,1.8501,1.8612,1975670
2024-12-07T06:00:00Z,1.8612,1.8796,1.8582,1.8638,2385279
2024-12-07T07:00:00Z,1.8637,1.8713,1.8333,1.8504,2704596
2024-12-07T08:00:00Z,1.8505,1.8583,1.8394,1.8504,2424326
2024-12-07T09:00:00Z,1.8503,1.8732,1.8498,1.8572,2215387
2024-12-07T10:00:00Z,1.8570,1.8731,1.8418,1.8710,2797907
2024-12-07T11:00:00Z,1.8709,1.8936,1.8664,1.8781,3840272
2024-12-07T12:00:00Z,1.8781,1.8894,1.8648,1.8802,2426470
2024-12-07T13:00:00Z,1.8802,1.8919,1.8692,1.8882,1939087
2024-12-07T14:00:00Z,1.8883,1.8978,1.8667,1.8967,2813289
2024-12-07T15:00:00Z,1.8968,1.9076,1.8823,1.9048,3073400
2024-12-07T16:00:00Z,1.9047,1.9097,1.8689,1.8752,4118005
2024-12-07T17:00:00Z,1.8753,1.8795,1.8546,1.8698,3370788
2024-12-07T18:00:00Z,1.8697,1.9220,1.8682,1.9190,4719761
2024-12-07T19:00:00Z,1.9190,1.9224,1.8798,1.8866,3883928
2024-12-07T20:00:00Z,1.8862,1.8987,1.8737,1.8852,2072407
2024-12-07T21:00:00Z,1.8851,1.9031,1.8820,1.8929,1811705
2024-12-07T22:00:00Z,1.8929,1.9123,1.8858,1.8914,1920813
2024-12-07T23:00:00Z,1.8913,1.9253,1.8902,1.8959,3389392
2024-12-08T00:00:00Z,1.8959,1.9307,1.8911,1.9268,3471514
2024-12-08T01:00:00Z,1.9267,1.9267,1.8711,1.8758,5237715
2024-12-08T02:00:00Z,1.8758,1.8980,1.8724,1.8826,1922747
2024-12-08T03:00:00Z,1.8826,1.8944,1.8793,1.8805,959460
2024-12-08T04:00:00Z,1.8804,1.8883,1.8533,1.8560,2567761
2024-12-08T05:00:00Z,1.8560,1.8588,1.8277,1.8361,4249717
2024-12-08T06:00:00Z,1.8361,1.8545,1.8263,1.8529,2126178
2024-12-08T07:00:00Z,1.8529,1.8690,1.8512,1.8660,1842873
2024-12-08T08:00:00Z,1.8659,1.8682,1.8117,1.8131,5145087
2024-12-08T09:00:00Z,1.8131,1.8381,1.8052,1.8200,3806176
2024-12-08T10:00:00Z,1.8200,1.8434,1.8186,1.8317,2420436
2024-12-08T11:00:00Z,1.8317,1.8470,1.8255,1.8406,1189496
2024-12-08T12:00:00Z,1.8405,1.8571,1.8258,1.8528,2487880
2024-12-08T13:00:00Z,1.8527,1.8769,1.8504,1.8726,2313858
2024-12-08T14:00:00Z,1.8728,1.8797,1.8524,1.8540,3045709
2024-12-08T15:00:00Z,1.8541,1.8798,1.8380,1.8703,3749048
2024-12-08T16:00:00Z,1.8703,1.8861,1.8566,1.8587,2597282
2024-12-08T17:00:00Z,1.8587,1.8655,1.8458,1.8618,2260061
2024-12-08T18:00:00Z,1.8618,1.8714,1.8478,1.8580,2077578
2024-12-08T19:00:00Z,1.8579,1.8857,1.8500,1.8828,2053914
2024-12-08T20:00:00Z,1.8828,1.8957,1.8782,1.8857,2661022
2024-12-08T21:00:00Z,1.8857,1.8898,1.8692,1.8729,1471075
2024-12-08T22:00:00Z,1.8729,1.8941,1.8721,1.8921,1041723
2024-12-08T23:00:00Z,1.8920,1.8965,1.8818,1.8907,1628926
2024-12-09T00:00:00Z,1.8907,1.9039,1.8717,1.8920,5743231
2024-12-09T01:00:00Z,1.8920,1.9097,1.8496,1.8500,5202017
2024-12-09T02:00:00Z,1.8500,1.8620,1.7939,1.8005,6922794
2024-12-09T03:00:00Z,1.8005,1.8114,1.7299,1.7455,9856655
2024-12-09T04:00:00Z,1.7456,1.7696,1.7305,1.7584,6788368
2024-12-09T05:00:00Z,1.7584,1.7656,1.7406,1.7524,3333611
2024-12-09T06:00:00Z,1.7523,1.7547,1.7167,1.7321,4730703
2024-12-09T07:00:00Z,1.7321,1.7340,1.6970,1.7239,8819145
2024-12-09T08:00:00Z,1.7240,1.7253,1.6613,1.6680,8945403
2024-12-09T09:00:00Z,1.6679,1.6919,1.6446,1.6739,7412102
2024-12-09T10:00:00Z,1.6738,1.6932,1.6718,1.6892,3622417
2024-12-09T11:00:00Z,1.6892,1.6896,1.6462,1.6498,4132208
2024-12-09T12:00:00Z,1.6497,1.6673,1.6255,1.6653,7060646
2024-12-09T13:00:00Z,1.6653,1.7171,1.6555,1.7090,5944869
2024-12-09T14:00:00Z,1.7090,1.7422,1.6896,1.7362,5873853
2024-12-09T15:00:00Z,1.7363,1.7390,1.6755,1.6881,7339207
2024-12-09T16:00:00Z,1.6882,1.7154,1.6797,1.6955,4656259
2024-12-09T17:00:00Z,1.6955,1.7095,1.6676,1.6688,3310527
2024-12-09T18:00:00Z,1.6690,1.6965,1.6690,1.6832,2922539
2024-12-09T19:00:00Z,1.6831,1.6875,1.6647,1.6702,3204333
2024-12-09T20:00:00Z,1.6702,1.6749,1.4983,1.5203,31482278
2024-12-09T21:00:00Z,1.5200,1.5269,1.2087,1.4476,43965417
2024-12-09T22:00:00Z,1.4476,1.4694,1.3177,1.4644,26384874
2024-12-09T23:00:00Z,1.4643,1.5019,1.4515,1.4880,8466689
2024-12-10T00:00:00Z,1.4880,1.5258,1.4545,1.5102,8449159
2024-12-10T01:00:00Z,1.5101,1.5174,1.4643,1.4929,6668667
2024-12-10T02:00:00Z,1.4928,1.4931,1.4269,1.4279,6718373
2024-12-10T03:00:00Z,1.4279,1.4428,1.3788,1.4410,10727282
2024-12-10T04:00:00Z,1.4410,1.4644,1.4043,1.4624,5240343
2024-12-10T05:00:00Z,1.4625,1.4756,1.4476,1.4750,4531007
2024-12-10T06:00:00Z,1.4748,1.4911,1.4622,1.4761,4698299
2024-12-10T07:00:00Z,1.4761,1.4767,1.4511,1.4663,3620281
2024-12-10T08:00:00Z,1.4662,1.4679,1.4464,1.4570,4265312
2024-12-10T09:00:00Z,1.4569,1.4800,1.4524,1.4667,4106722
2024-12-10T10:00:00Z,1.4667,1.5144,1.4656,1.4930,6998732
2024-12-10T11:00:00Z,1.4930,1.4950,1.4601,1.4726,4702374
2024-12-10T12:00:00Z,1.4726,1.4774,1.4048,1.4120,7762901
2024-12-10T13:00:00Z,1.4120,1.4370,1.4082,1.4211,5743450
2024-12-10T14:00:00Z,1.4210,1.4601,1.4195,1.4295,8507624
2024-12-10T15:00:00Z,1.4293,1.4352,1.3310,1.3329,15649277
2024-12-10T16:00:00Z,1.3330,1.3831,1.3103,1.3775,20477245
2024-12-10T17:00:00Z,1.3775,1.3775,1.3007,1.3016,12070196
2024-12-10T18:00:00Z,1.3016,1.3552,1.2955,1.3412,9831177
2024-12-10T19:00:00Z,1.3413,1.3980,1.3409,1.3949,10042776
2024-12-10T20:00:00Z,1.3948,1.4164,1.3836,1.4102,5042042
2024-12-10T21:00:00Z,1.4103,1.4404,1.4080,1.4276,4897488
2024-12-10T22:00:00Z,1.4277,1.4384,1.4177,1.4260,2217535
2024-12-10T23:00:00Z,1.4260,1.4364,1.4191,1.4277,2058316
2024-12-11T00:00:00Z,1.4278,1.4368,1.3936,1.4157,3876333
2024-12-11T01:00:00Z,1.4157,1.4185,1.3769,1.3826,5864421
2024-12-11T02:00:00Z,1.3827,1.4451,1.3777,1.4327,4978958
2024-12-11T03:00:00Z,1.4326,1.4454,1.4298,1.4373,2822876
2024-12-11T04:00:00Z,1.4374,1.4422,1.4235,1.4336,1870152
2024-12-11T05:00:00Z,1.4337,1.4387,1.4193,1.4266,1674595
2024-12-11T06:00:00Z,1.4265,1.4414,1.4203,1.4348,1928242
2024-12-11T07:00:00Z,1.4349,1.4458,1.4193,1.4216,3255417
2024-12-11T08:00:00Z,1.4216,1.4694,1.4194,1.4598,4483831
2024-12-11T09:00:00Z,1.4598,1.4622,1.4344,1.4530,3548523
2024-12-11T10:00:00Z,1.4529,1.4600,1.4386,1.4482,4556459
2024-12-11T11:00:00Z,1.4482,1.4640,1.4427,1.4544,4876204
2024-12-11T12:00:00Z,1.4543,1.4815,1.4523,1.4708,3329445
2024-12-11T13:00:00Z,1.4708,1.5099,1.4694,1.4982,6434442
2024-12-11T14:00:00Z,1.4981,1.5150,1.4806,1.5072,4551784
2024-12-11T15:00:00Z,1.5074,1.5399,1.5061,1.5318,5400044
2024-12-11T16:00:00Z,1.5321,1.5534,1.5262,1.5354,3979254
2024-12-11T17:00:00Z,1.5354,1.5428,1.5070,1.5095,3306139
2024-12-11T18:00:00Z,1.5095,1.5263,1.5076,1.5177,2312694
2024-12-11T19:00:00Z,1.5178,1.5280,1.5159,1.5260,1743138
2024-12-11T20:00:00Z,1.5261,1.5342,1.5134,1.5196,2546690
2024-12-11T21:00:00Z,1.5197,1.5208,1.5106,1.5184,1334398
2024-12-11T22:00:00Z,1.5183,1.5365,1.5183,1.5300,1470860
2024-12-11T23:00:00Z,1.5299,1.5360,1.5249,1.5312,1585453
2024-12-12T00:00:00Z,1.5312,1.5347,1.5099,1.5233,3922014
2024-12-12T01:00:00Z,1.5234,1.5415,1.5191,1.5357,4941211
2024-12-12T02:00:00Z,1.5358,1.5862,1.5345,1.5799,3484145
2024-12-12T03:00:00Z,1.5799,1.6163,1.5669,1.5981,5137882
2024-12-12T04:00:00Z,1.5981,1.6220,1.5885,1.6216,3940055
2024-12-12T05:00:00Z,1.6216,1.6595,1.6152,1.6476,4448585
2024-12-12T06:00:00Z,1.6476,1.6564,1.6254,1.6325,5605856
2024-12-12T07:00:00Z,1.6327,1.6388,1.6084,1.6123,3223224
2024-12-12T08:00:00Z,1.6121,1.6280,1.6114,1.6271,1698986
2024-12-12T09:00:00Z,1.6269,1.6363,1.6088,1.6110,2389453
2024-12-12T10:00:00Z,1.6112,1.6125,1.5858,1.5926,4420217
2024-12-12T11:00:00Z,1.5927,1.5936,1.5633,1.5763,4027476
2024-12-12T12:00:00Z,1.5764,1.6231,1.5764,1.6187,4081367
2024-12-12T13:00:00Z,1.6187,1.6384,1.5823,1.6106,10217030
2024-12-12T14:00:00Z,1.6105,1.6315,1.5926,1.6155,7040625
2024-12-12T15:00:00Z,1.6155,1.6263,1.5967,1.6157,4900519
2024-12-12T16:00:00Z,1.6156,1.6337,1.6097,1.6234,4863800
2024-12-12T17:00:00Z,1.6232,1.6418,1.6159,1.6299,3343295
2024-12-12T18:00:00Z,1.6298,1.6316,1.6025,1.6135,2109831
2024-12-12T19:00:00Z,1.6134,1.6238,1.5670,1.5691,7556163
2024-12-12T20:00:00Z,1.5691,1.6116,1.5675,1.6043,5803784
2024-12-12T21:00:00Z,1.6042,1.6115,1.5841,1.5876,3625479
2024-12-12T22:00:00Z,1.5875,1.6019,1.5654,1.5911,3917469
2024-12-12T23:00:00Z,1.5912,1.5969,1.5721,1.5860,3012168
2024-12-13T00:00:00Z,1.5857,1.6073,1.5770,1.5899,3510928
2024-12-13T01:00:00Z,1.5899,1.5910,1.5424,1.5844,7360393
2024-12-13T02:00:00Z,1.5845,1.6218,1.5779,1.6026,4536414
2024-12-13T03:00:00Z,1.6026,1.6227,1.5954,1.6122,2852539
2024-12-13T04:00:00Z,1.6122,1.6180,1.5831,1.6005,3730340
2024-12-13T05:00:00Z,1.6004,1.6113,1.5899,1.5947,2736044
2024-12-13T06:00:00Z,1.5947,1.6100,1.5666,1.5680,4429607
2024-12-13T07:00:00Z,1.5679,1.5898,1.5514,1.5819,5890944
2024-12-13T08:00:00Z,1.5819,1.6142,1.5752,1.6079,3872985
2024-12-13T09:00:00Z,1.6079,1.6145,1.5882,1.5997,2168782
2024-12-13T10:00:00Z,1.5997,1.6196,1.5826,1.6148,3222551
2024-12-13T11:00:00Z,1.6147,1.6487,1.6082,1.6090,5103092
2024-12-13T12:00:00Z,1.6091,1.6535,1.6026,1.6518,7585173
2024-12-13T13:00:00Z,1.6519,1.6633,1.6181,1.6243,9050424
2024-12-13T14:00:00Z,1.6242,1.6354,1.5873,1.6274,8528404
2024-12-13T15:00:00Z,1.6275,1.6429,1.5697,1.5733,8475562
2024-12-13T16:00:00Z,1.5729,1.6261,1.5712,1.6088,9112395
2024-12-13T17:00:00Z,1.6088,1.6172,1.5903,1.6091,5025812
2024-12-13T18:00:00Z,1.6090,1.6115,1.5912,1.5925,3459350
2024-12-13T19:00:00Z,1.5926,1.6071,1.5921,1.6042,2211262
2024-12-13T20:00:00Z,1.6042,1.6278,1.6032,1.6163,3138270
2024-12-13T21:00:00Z,1.6164,1.6222,1.6026,1.6099,2590161
2024-12-13T22:00:00Z,1.6098,1.6105,1.5927,1.5975,2855647
2024-12-13T23:00:00Z,1.5975,1.6343,1.5936,1.6336,2500117
2024-12-14T00:00:00Z,1.6337,1.6435,1.6198,1.6283,3688935
2024-12-14T01:00:00Z,1.6282,1.6502,1.6275,1.6306,3743351
2024-12-14T02:00:00Z,1.6306,1.6374,1.6213,1.6245,3120552
2024-12-14T03:00:00Z,1.6245,1.6261,1.6060,1.6123,2004218
2024-12-14T04:00:00Z,1.6123,1.6244,1.6055,1.6181,2026489
2024-12-14T05:00:00Z,1.6179,1.6239,1.6107,1.6182,1804969
2024-12-14T06:00:00Z,1.6182,1.6246,1.6126,1.6159,1802992
2024-12-14T07:00:00Z,1.6158,1.6180,1.6033,1.6050,1876429
2024-12-14T08:00:00Z,1.6048,1.6240,1.6046,1.6215,2441889
2024-12-14T09:00:00Z,1.6215,1.6231,1.6007,1.6022,2290261
2024-12-14T10:00:00Z,1.6021,1.6033,1.5851,1.6022,4030501
2024-12-14T11:00:00Z,1.6022,1.6133,1.5882,1.5906,2867155
2024-12-14T12:00:00Z,1.5906,1.5918,1.5500,1.5586,8272018
2024-12-14T13:00:00Z,1.5587,1.5635,1.5171,1.5299,10500745
2024-12-14T14:00:00Z,1.5301,1.5594,1.5288,1.5508,3028593
2024-12-14T15:00:00Z,1.5506,1.5556,1.5388,1.5440,3377963
2024-12-14T16:00:00Z,1.5439,1.5606,1.5256,1.5570,5699843
2024-12-14T17:00:00Z,1.5569,1.5615,1.5035,1.5147,8955823
2024-12-14T18:00:00Z,1.5147,1.5228,1.4942,1.4993,5858285
2024-12-14T19:00:00Z,1.4992,1.5162,1.4969,1.5145,3373361
2024-12-14T20:00:00Z,1.5145,1.5264,1.4917,1.4971,3653276
2024-12-14T21:00:00Z,1.4972,1.5180,1.4972,1.5170,2398506
2024-12-14T22:00:00Z,1.5170,1.5293,1.5126,1.5222,1894210
2024-12-14T23:00:00Z,1.5223,1.5326,1.5181,1.5317,2195907
2024-12-15T00:00:00Z,1.5317,1.5319,1.5096,1.5164,2403463
2024-12-15T01:00:00Z,1.5164,1.5548,1.5160,1.5516,2952687
2024-12-15T02:00:00Z,1.5516,1.5582,1.5452,1.5477,1724003
2024-12-15T03:00:00Z,1.5478,1.5504,1.5221,1.5231,2145733
2024-12-15T04:00:00Z,1.5229,1.5484,1.5229,1.5330,2431536
2024-12-15T05:00:00Z,1.5329,1.5453,1.5278,1.5299,1481349
2024-12-15T06:00:00Z,1.5299,1.5330,1.5079,1.5098,2069965
2024-12-15T07:00:00Z,1.5098,1.5156,1.4893,1.5028,3929080
2024-12-15T08:00:00Z,1.5027,1.5298,1.5023,1.5286,2321913
2024-12-15T09:00:00Z,1.5285,1.5400,1.5195,1.5372,1663342
2024-12-15T10:00:00Z,1.5373,1.5424,1.5257,1.5259,1490601
2024-12-15T11:00:00Z,1.5260,1.5367,1.5247,1.5321,1382704
2024-12-15T12:00:00Z,1.5321,1.5486,1.5283,1.5470,3024259
2024-12-15T13:00:00Z,1.5469,1.5895,1.5377,1.5798,3689746
2024-12-15T14:00:00Z,1.5799,1.6038,1.5795,1.5986,3426216
2024-12-15T15:00:00Z,1.5990,1.6058,1.5840,1.5896,2396310
2024-12-15T16:00:00Z,1.5898,1.6115,1.5878,1.6030,3563889
2024-12-15T17:00:00Z,1.6030,1.6036,1.5804,1.5839,2673957
2024-12-15T18:00:00Z,1.5839,1.5928,1.5660,1.5888,3291918
2024-12-15T19:00:00Z,1.5888,1.5994,1.5888,1.5905,1484543
2024-12-15T20:00:00Z,1.5905,1.5951,1.5777,1.5790,1506127
2024-12-15T21:00:00Z,1.5792,1.5807,1.5321,1.5333,4903416
2024-12-15T22:00:00Z,1.5333,1.5681,1.5237,1.5641,3080728
2024-12-15T23:00:00Z,1.5641,1.6186,1.5604,1.6094,6304404
2024-12-16T00:00:00Z,1.6095,1.6520,1.5977,1.6425,6497922
2024-12-16T01:00:00Z,1.6425,1.6508,1.6312,1.6393,4494051
2024-12-16T02:00:00Z,1.6394,1.6436,1.6107,1.6220,4090098
2024-12-16T03:00:00Z,1.6219,1.6372,1.5997,1.6070,3330880
2024-12-16T04:00:00Z,1.6070,1.6159,1.5982,1.6096,2201780
2024-12-16T05:00:00Z,1.6095,1.6205,1.5983,1.6039,2168004
2024-12-16T06:00:00Z,1.6039,1.6120,1.5744,1.5766,2932141
2024-12-16T07:00:00Z,1.5765,1.6106,1.5726,1.6058,2740826
2024-12-16T08:00:00Z,1.6059,1.6076,1.5752,1.5837,3242362
2024-12-16T09:00:00Z,1.5837,1.5888,1.5601,1.5614,3011001
2024-12-16T10:00:00Z,1.5615,1.5640,1.5426,1.5579,4167139
2024-12-16T11:00:00Z,1.5578,1.5579,1.5200,1.5237,3517995
2024-12-16T12:00:00Z,1.5238,1.5476,1.5235,1.5320,4438275
2024-12-16T13:00:00Z,1.5319,1.5460,1.5252,1.5276,3210342
2024-12-16T14:00:00Z,1.5276,1.5480,1.5181,1.5206,4441283
2024-12-16T15:00:00Z,1.5207,1.5469,1.5129,1.5336,5069328
2024-12-16T16:00:00Z,1.5336,1.5595,1.5328,1.5508,4537612
2024-12-16T17:00:00Z,1.5506,1.5914,1.5481,1.5726,4506978
2024-12-16T18:00:00Z,1.5728,1.6052,1.5704,1.6027,3160787
2024-12-16T19:00:00Z,1.6027,1.6037,1.5629,1.5662,3787521
2024-12-16T20:00:00Z,1.5663,1.5910,1.5646,1.5680,2578323
2024-12-16T21:00:00Z,1.5681,1.5864,1.5649,1.5837,1783623
2024-12-16T22:00:00Z,1.5838,1.6001,1.5678,1.5712,2692523
2024-12-16T23:00:00Z,1.5713,1.5781,1.5442,1.5462,2420230
2024-12-17T00:00:00Z,1.5463,1.5515,1.5064,1.5082,6561757
2024-12-17T01:00:00Z,1.5081,1.5299,1.5056,1.5229,2649408
2024-12-17T02:00:00Z,1.5229,1.5366,1.5194,1.5229,1679471
2024-12-17T03:00:00Z,1.5230,1.5426,1.5214,1.5402,2139787
2024-12-17T04:00:00Z,1.5402,1.5411,1.5057,1.5222,2644811
2024-12-17T05:00:00Z,1.5221,1.5382,1.5195,1.5341,1794487
2024-12-17T06:00:00Z,1.5341,1.5361,1.5159,1.5267,1549157
2024-12-17T07:00:00Z,1.5265,1.5400,1.5163,1.5233,3190415
2024-12-17T08:00:00Z,1.5233,1.5332,1.5172,1.5190,2329111
2024-12-17T09:00:00Z,1.5189,1.5626,1.5119,1.5544,3337225
2024-12-17T10:00:00Z,1.5544,1.5841,1.5350,1.5828,5570040
2024-12-17T11:00:00Z,1.5827,1.6072,1.5735,1.5959,7537750
2024-12-17T12:00:00Z,1.5961,1.6265,1.5826,1.5927,6604377
2024-12-17T13:00:00Z,1.5926,1.6236,1.5843,1.6132,7950452
2024-12-17T14:00:00Z,1.6131,1.6138,1.5320,1.5431,12712584
2024-12-17T15:00:00Z,1.5430,1.5445,1.4657,1.4732,12207033
2024-12-17T16:00:00Z,1.4730,1.5218,1.4507,1.5218,8228100
2024-12-17T17:00:00Z,1.5218,1.5457,1.5048,1.5389,5602166
2024-12-17T18:00:00Z,1.5388,1.5456,1.5094,1.5101,3068246
2024-12-17T19:00:00Z,1.5102,1.5255,1.4992,1.5225,2710249
2024-12-17T20:00:00Z,1.5224,1.5338,1.5170,1.5202,2061917
2024-12-17T21:00:00Z,1.5200,1.5278,1.5036,1.5109,2021436
2024-12-17T22:00:00Z,1.5109,1.5131,1.4809,1.4896,2614542
2024-12-17T23:00:00Z,1.4894,1.4902,1.4671,1.4838,4119277
2024-12-18T00:00:00Z,1.4839,1.4883,1.4542,1.4724,3691143
2024-12-18T01:00:00Z,1.4725,1.4996,1.4671,1.4716,3564708
2024-12-18T02:00:00Z,1.4717,1.4895,1.4641,1.4840,2742913
2024-12-18T03:00:00Z,1.4839,1.4882,1.4650,1.4688,2278621
2024-12-18T04:00:00Z,1.4688,1.4727,1.4370,1.4605,5354162
2024-12-18T05:00:00Z,1.4605,1.4792,1.4569,1.4648,2662117
2024-12-18T06:00:00Z,1.4648,1.4696,1.4405,1.4574,3344411
2024-12-18T07:00:00Z,1.4571,1.4791,1.4538,1.4571,4324866
2024-12-18T08:00:00Z,1.4569,1.4648,1.4459,1.4623,2371326
2024-12-18T09:00:00Z,1.4624,1.4871,1.4608,1.4801,2242338
2024-12-18T10:00:00Z,1.4800,1.4804,1.4627,1.4666,2109625
2024-12-18T11:00:00Z,1.4666,1.4805,1.4659,1.4720,1988446
2024-12-18T12:00:00Z,1.4719,1.4719,1.4122,1.4312,7952828
2024-12-18T13:00:00Z,1.4313,1.4505,1.4237,1.4444,3312478
2024-12-18T14:00:00Z,1.4444,1.4557,1.4354,1.4364,3339750
2024-12-18T15:00:00Z,1.4364,1.4587,1.4277,1.4431,3519354
2024-12-18T16:00:00Z,1.4432,1.4556,1.4336,1.4503,2818714
2024-12-18T17:00:00Z,1.4502,1.4624,1.4275,1.4559,4280743
2024-12-18T18:00:00Z,1.4559,1.4834,1.4478,1.4814,2996046
2024-12-18T19:00:00Z,1.4813,1.4861,1.4123,1.4128,10652033
2024-12-18T20:00:00Z,1.4127,1.4249,1.2914,1.3332,32050008
2024-12-18T21:00:00Z,1.3334,1.3554,1.3119,1.3435,9135963
2024-12-18T22:00:00Z,1.3436,1.3478,1.3183,1.3227,4314957
2024-12-18T23:00:00Z,1.3228,1.3371,1.3070,1.3138,6344087
2024-12-19T00:00:00Z,1.3139,1.3233,1.2866,1.3168,7056207
2024-12-19T01:00:00Z,1.3169,1.3201,1.2716,1.2825,5076665
2024-12-19T02:00:00Z,1.2825,1.3048,1.2343,1.2995,15563259
2024-12-19T03:00:00Z,1.2994,1.3303,1.2974,1.3248,6078008
2024-12-19T04:00:00Z,1.3247,1.3260,1.3127,1.3133,1985097
2024-12-19T05:00:00Z,1.3134,1.3194,1.3063,1.3127,2158668
2024-12-19T06:00:00Z,1.3126,1.3132,1.2985,1.3010,3155267
2024-12-19T07:00:00Z,1.3010,1.3097,1.2972,1.3025,2302737
2024-12-19T08:00:00Z,1.3025,1.3025,1.2826,1.2866,3628521
2024-12-19T09:00:00Z,1.2865,1.3069,1.2863,1.3036,2417406
2024-12-19T10:00:00Z,1.3036,1.3297,1.2921,1.3222,4246502
2024-12-19T11:00:00Z,1.3223,1.3227,1.3047,1.3092,2854608
2024-12-19T12:00:00Z,1.3092,1.3126,1.2762,1.2788,3498919
2024-12-19T13:00:00Z,1.2787,1.2987,1.2740,1.2876,3490876
2024-12-19T14:00:00Z,1.2877,1.3103,1.2744,1.2774,4252681
2024-12-19T15:00:00Z,1.2776,1.2787,1.2364,1.2550,9318725
2024-12-19T16:00:00Z,1.2550,1.2694,1.2405,1.2687,4182307
2024-12-19T17:00:00Z,1.2685,1.2723,1.1722,1.2027,17147927
2024-12-19T18:00:00Z,1.2026,1.2040,1.1430,1.1906,24802567
2024-12-19T19:00:00Z,1.1905,1.1960,1.1439,1.1677,11147145
2024-12-19T20:00:00Z,1.1678,1.1773,1.1302,1.1665,10664353
2024-12-19T21:00:00Z,1.1665,1.1973,1.1582,1.1867,6841462
2024-12-19T22:00:00Z,1.1866,1.1999,1.1809,1.1910,3802921
2024-12-19T23:00:00Z,1.1910,1.1914,1.1594,1.1606,4909239
2024-12-20T00:00:00Z,1.1607,1.1866,1.1397,1.1831,10321721
2024-12-20T01:00:00Z,1.1829,1.1954,1.1729,1.1836,3886097
2024-12-20T02:00:00Z,1.1837,1.2242,1.1817,1.2135,3899495
2024-12-20T03:00:00Z,1.2136,1.2158,1.1940,1.1984,2063147
2024-12-20T04:00:00Z,1.1985,1.2062,1.1812,1.1842,3515118
2024-12-20T05:00:00Z,1.1841,1.1886,1.1648,1.1656,2757259
2024-12-20T06:00:00Z,1.1655,1.1801,1.1398,1.1522,5631985
2024-12-20T07:00:00Z,1.1522,1.1878,1.1504,1.1638,6238680
2024-12-20T08:00:00Z,1.1637,1.1666,1.0626,1.0720,18256498
2024-12-20T09:00:00Z,1.0721,1.0914,1.0527,1.0598,15096639
2024-12-20T10:00:00Z,1.0597,1.0673,1.0161,1.0329,19685543
2024-12-20T11:00:00Z,1.0328,1.0569,0.9980,1.0036,19558207
2024-12-20T12:00:00Z,1.0038,1.0824,1.0018,1.0759,12017220
2024-12-20T13:00:00Z,1.0759,1.0998,1.0578,1.0892,10770055
2024-12-20T14:00:00Z,1.0891,1.0967,1.0754,1.0834,6652272
2024-12-20T15:00:00Z,1.0835,1.1326,1.0830,1.1243,9253074
2024-12-20T16:00:00Z,1.1242,1.1490,1.1166,1.1375,6548941
2024-12-20T17:00:00Z,1.1376,1.1749,1.1309,1.1605,6214044
2024-12-20T18:00:00Z,1.1605,1.1658,1.1502,1.1607,2940250
2024-12-20T19:00:00Z,1.1606,1.2030,1.1595,1.1935,4798372
2024-12-20T20:00:00Z,1.1934,1.1998,1.1709,1.1827,5475340
2024-12-20T21:00:00Z,1.1828,1.1936,1.1652,1.1931,3970165
2024-12-20T22:00:00Z,1.1931,1.2192,1.1848,1.2138,3458663
2024-12-20T23:00:00Z,1.2136,1.2208,1.2051,1.2102,2473715
2024-12-21T00:00:00Z,1.2102,1.2202,1.1972,1.2066,4189439
2024-12-21T01:00:00Z,1.2066,1.2291,1.2047,1.2162,4053861
2024-12-21T02:00:00Z,1.2162,1.2245,1.2069,1.2122,2184901
2024-12-21T03:00:00Z,1.2124,1.2209,1.2088,1.2178,1740761
2024-12-21T04:00:00Z,1.2178,1.2265,1.2163,1.2246,1761188
2024-12-21T05:00:00Z,1.2248,1.2653,1.2236,1.2653,3354246
2024-12-21T06:00:00Z,1.2653,1.2707,1.2566,1.2693,3943309
2024-12-21T07:00:00Z,1.2695,1.2832,1.2616,1.2632,3594697
2024-12-21T08:00:00Z,1.2631,1.2694,1.2373,1.2397,4604175
2024-12-21T09:00:00Z,1.2397,1.2420,1.2228,1.2328,3994262
2024-12-21T10:00:00Z,1.2328,1.2463,1.2236,1.2308,3430496
2024-12-21T11:00:00Z,1.2308,1.2363,1.2114,1.2268,3416242
2024-12-21T12:00:00Z,1.2268,1.2278,1.1817,1.1833,6662311
2024-12-21T13:00:00Z,1.1832,1.1890,1.1330,1.1634,14667031
2024-12-21T14:00:00Z,1.1634,1.1790,1.1526,1.1541,5962398
2024-12-21T15:00:00Z,1.1544,1.1730,1.1542,1.1674,3449804
2024-12-21T16:00:00Z,1.1674,1.1682,1.1414,1.1439,5890232
2024-12-21T17:00:00Z,1.1439,1.1546,1.1284,1.1497,6413495
2024-12-21T18:00:00Z,1.1496,1.1543,1.1262,1.1336,3883337
2024-12-21T19:00:00Z,1.1337,1.1341,1.1101,1.1320,7058690
2024-12-21T20:00:00Z,1.1319,1.1491,1.1245,1.1352,5194633
2024-12-21T21:00:00Z,1.1353,1.1410,1.1189,1.1258,3708799
2024-12-21T22:00:00Z,1.1258,1.1353,1.1130,1.1272,2592600
2024-12-21T23:00:00Z,1.1273,1.1337,1.1125,1.1312,2387337
2024-12-22T00:00:00Z,1.1313,1.1441,1.1199,1.1366,3764087
2024-12-22T01:00:00Z,1.1364,1.1460,1.1182,1.1344,3001286
2024-12-22T02:00:00Z,1.1344,1.1403,1.1174,1.1221,2448449
2024-12-22T03:00:00Z,1.1219,1.1358,1.1081,1.1313,3552824
2024-12-22T04:00:00Z,1.1312,1.1346,1.1062,1.1065,3053277
2024-12-22T05:00:00Z,1.1065,1.1244,1.0952,1.1198,5027754
2024-12-22T06:00:00Z,1.1197,1.1363,1.1138,1.1331,2822039
2024-12-22T07:00:00Z,1.1330,1.1364,1.1228,1.1287,2525582
2024-12-22T08:00:00Z,1.1287,1.1508,1.1277,1.1424,4231418
2024-12-22T09:00:00Z,1.1425,1.1744,1.1345,1.1661,5926590
2024-12-22T10:00:00Z,1.1660,1.1817,1.1648,1.1675,4413153
2024-12-22T11:00:00Z,1.1676,1.1744,1.1595,1.1615,2668592
2024-12-22T12:00:00Z,1.1616,1.1809,1.1535,1.1644,4267971
2024-12-22T13:00:00Z,1.1642,1.1774,1.1563,1.1676,3584125
2024-12-22T14:00:00Z,1.1676,1.1717,1.1241,1.1260,10146074
2024-12-22T15:00:00Z,1.1261,1.1534,1.1259,1.1487,6417002
2024-12-22T16:00:00Z,1.1488,1.1662,1.1351,1.1549,5923756
2024-12-22T17:00:00Z,1.1549,1.1580,1.1450,1.1524,2664162
2024-12-22T18:00:00Z,1.1524,1.1671,1.1470,1.1500,3482008
2024-12-22T19:00:00Z,1.1501,1.1538,1.1140,1.1183,4696312
2024-12-22T20:00:00Z,1.1184,1.1414,1.0998,1.1402,8265700
2024-12-22T21:00:00Z,1.1402,1.1510,1.1306,1.1390,3807892
2024-12-22T22:00:00Z,1.1389,1.1428,1.1148,1.1417,5986719
2024-12-22T23:00:00Z,1.1415,1.1550,1.1275,1.1339,4354493
2024-12-23T00:00:00Z,1.1339,1.1353,1.1139,1.1207,5518400
2024-12-23T01:00:00Z,1.1207,1.1386,1.0990,1.1210,6376130
2024-12-23T02:00:00Z,1.1210,1.1370,1.1102,1.1345,4141875
2024-12-23T03:00:00Z,1.1346,1.1873,1.1285,1.1836,7977692
2024-12-23T04:00:00Z,1.1834,1.1912,1.1704,1.1738,3913672
2024-12-23T05:00:00Z,1.1737,1.1776,1.1590,1.1665,2358805
2024-12-23T06:00:00Z,1.1666,1.1702,1.1368,1.1444,3830140
2024-12-23T07:00:00Z,1.1444,1.1616,1.1401,1.1585,2899536
2024-12-23T08:00:00Z,1.1586,1.1653,1.1503,1.1636,2907653
2024-12-23T09:00:00Z,1.1637,1.1805,1.1633,1.1696,3545944
2024-12-23T10:00:00Z,1.1697,1.1762,1.1546,1.1663,3733724
2024-12-23T11:00:00Z,1.1664,1.1693,1.1511,1.1573,2381576
2024-12-23T12:00:00Z,1.1573,1.1738,1.1551,1.1660,2395267
2024-12-23T13:00:00Z,1.1658,1.1688,1.1392,1.1466,3730557
2024-12-23T14:00:00Z,1.1466,1.1687,1.1380,1.1486,5243777
2024-12-23T15:00:00Z,1.1485,1.1555,1.1371,1.1397,4774602
2024-12-23T16:00:00Z,1.1397,1.1842,1.1377,1.1768,5842362
2024-12-23T17:00:00Z,1.1768,1.1884,1.1646,1.1664,4200865
2024-12-23T18:00:00Z,1.1665,1.1692,1.1514,1.1530,2835148
2024-12-23T19:00:00Z,1.1529,1.1873,1.1526,1.1759,3693312
2024-12-23T20:00:00Z,1.1758,1.2318,1.1750,1.2277,6079516
2024-12-23T21:00:00Z,1.2277,1.2660,1.2273,1.2313,9564924
2024-12-23T22:00:00Z,1.2313,1.2559,1.2247,1.2510,4660511
2024-12-23T23:00:00Z,1.2511,1.2543,1.2357,1.2402,2419381
2024-12-24T00:00:00Z,1.2401,1.2445,1.2212,1.2286,4611492
2024-12-24T01:00:00Z,1.2286,1.2395,1.2093,1.2130,3619408
2024-12-24T02:00:00Z,1.2130,1.2228,1.2024,1.2161,3001781
2024-12-24T03:00:00Z,1.2161,1.2269,1.2096,1.2254,2303882
2024-12-24T04:00:00Z,1.2253,1.2344,1.2202,1.2330,1735465
2024-12-24T05:00:00Z,1.2331,1.2384,1.2286,1.2351,1561130
2024-12-24T06:00:00Z,1.2352,1.2383,1.2184,1.2204,2020301
2024-12-24T07:00:00Z,1.2204,1.2295,1.2134,1.2260,1962159
2024-12-24T08:00:00Z,1.2260,1.2423,1.2193,1.2395,2836164
2024-12-24T09:00:00Z,1.2394,1.2417,1.2238,1.2302,1910743
2024-12-24T10:00:00Z,1.2302,1.2325,1.2123,1.2155,2737762
2024-12-24T11:00:00Z,1.2154,1.2318,1.2113,1.2304,1811947
2024-12-24T12:00:00Z,1.2303,1.2319,1.2180,1.2302,2047195
2024-12-24T13:00:00Z,1.2303,1.2728,1.2267,1.2702,4141106
2024-12-24T14:00:00Z,1.2704,1.2744,1.2583,1.2718,4925474
2024-12-24T15:00:00Z,1.2716,1.2848,1.2643,1.2712,5468763
2024-12-24T16:00:00Z,1.2713,1.2798,1.2579,1.2620,3771824
2024-12-24T17:00:00Z,1.2621,1.2687,1.2537,1.2584,2532555
2024-12-24T18:00:00Z,1.2584,1.2699,1.2475,1.2512,3434272
2024-12-24T19:00:00Z,1.2512,1.2548,1.2384,1.2395,2389387
2024-12-24T20:00:00Z,1.2395,1.2419,1.2256,1.2367,3822107
2024-12-24T21:00:00Z,1.2368,1.2555,1.2351,1.2528,2520701
2024-12-24T22:00:00Z,1.2530,1.2604,1.2495,1.2573,1387256
2024-12-24T23:00:00Z,1.2574,1.2693,1.2553,1.2622,1649517
2024-12-25T00:00:00Z,1.2619,1.2724,1.2575,1.2638,3344586
2024-12-25T01:00:00Z,1.2639,1.2724,1.2564,1.2623,2952918
2024-12-25T02:00:00Z,1.2624,1.2699,1.2562,1.2658,2891744
2024-12-25T03:00:00Z,1.2657,1.2717,1.2528,1.2610,2182293
2024-12-25T04:00:00Z,1.2613,1.2713,1.2522,1.2645,2389236
2024-12-25T05:00:00Z,1.2646,1.2732,1.2622,1.2703,1961336
2024-12-25T06:00:00Z,1.2702,1.2768,1.2594,1.2610,2258671
2024-12-25T07:00:00Z,1.2609,1.2775,1.2535,1.2557,2675782
2024-12-25T08:00:00Z,1.2557,1.2677,1.2524,1.2574,1739619
2024-12-25T09:00:00Z,1.2573,1.2668,1.2553,1.2640,1748501
2024-12-25T10:00:00Z,1.2640,1.2989,1.2591,1.2656,5186791
2024-12-25T11:00:00Z,1.2658,1.2744,1.2428,1.2477,3155813
2024-12-25T12:00:00Z,1.2478,1.2654,1.2410,1.2609,2969014
2024-12-25T13:00:00Z,1.2610,1.2718,1.2549,1.2646,2086931
2024-12-25T14:00:00Z,1.2648,1.2715,1.2606,1.2643,2234232
2024-12-25T15:00:00Z,1.2643,1.2672,1.2462,1.2517,2463428
2024-12-25T16:00:00Z,1.2519,1.2578,1.2315,1.2432,3855545
2024-12-25T17:00:00Z,1.2432,1.2542,1.2380,1.2540,1387970
2024-12-25T18:00:00Z,1.2539,1.2577,1.2472,1.2561,1673767
2024-12-25T19:00:00Z,1.2561,1.2724,1.2550,1.2686,2501936
2024-12-25T20:00:00Z,1.2687,1.2720,1.2390,1.2428,3078446
2024-12-25T21:00:00Z,1.2430,1.2487,1.2317,1.2419,2842038
2024-12-25T22:00:00Z,1.2418,1.2478,1.2329,1.2392,1806240
2024-12-25T23:00:00Z,1.2393,1.2525,1.2379,1.2497,1438063
2024-12-26T00:00:00Z,1.2496,1.2649,1.2326,1.2381,3765997
2024-12-26T01:00:00Z,1.2379,1.2471,1.2313,1.2365,2298902
2024-12-26T02:00:00Z,1.2365,1.2444,1.2202,1.2214,3070147
2024-12-26T03:00:00Z,1.2211,1.2272,1.2172,1.2211,2365297
2024-12-26T04:00:00Z,1.2210,1.2210,1.2090,1.2145,3002026
2024-12-26T05:00:00Z,1.2146,1.2174,1.2088,1.2112,1089762
2024-12-26T06:00:00Z,1.2112,1.2149,1.1994,1.2076,2118764
2024-12-26T07:00:00Z,1.2077,1.2160,1.2042,1.2090,2089329
2024-12-26T08:00:00Z,1.2090,1.2123,1.1703,1.1854,7476119
2024-12-26T09:00:00Z,1.1854,1.1933,1.1832,1.1880,2269196
2024-12-26T10:00:00Z,1.1879,1.1946,1.1831,1.1894,2087899
2024-12-26T11:00:00Z,1.1893,1.1988,1.1879,1.1886,1287187
2024-12-26T12:00:00Z,1.1884,1.1897,1.1789,1.1808,2114419
2024-12-26T13:00:00Z,1.1808,1.1844,1.1684,1.1782,2665009
2024-12-26T14:00:00Z,1.1781,1.1924,1.1717,1.1778,4250149
2024-12-26T15:00:00Z,1.1777,1.1992,1.1728,1.1806,4234949
2024-12-26T16:00:00Z,1.1807,1.1912,1.1760,1.1881,2559708
2024-12-26T17:00:00Z,1.1880,1.1882,1.1544,1.1701,4384363
2024-12-26T18:00:00Z,1.1701,1.1820,1.1633,1.1806,1869363
2024-12-26T19:00:00Z,1.1807,1.1814,1.1678,1.1759,2051029
2024-12-26T20:00:00Z,1.1758,1.1763,1.1588,1.1647,2698381
2024-12-26T21:00:00Z,1.1647,1.1723,1.1553,1.1717,2147615
2024-12-26T22:00:00Z,1.1716,1.1871,1.1716,1.1800,1512043
2024-12-26T23:00:00Z,1.1800,1.1814,1.1677,1.1752,1419782
2024-12-27T00:00:00Z,1.1752,1.1866,1.1681,1.1809,2480115
2024-12-27T01:00:00Z,1.1810,1.2018,1.1777,1.1952,3387354
2024-12-27T02:00:00Z,1.1952,1.2084,1.1908,1.1949,2033793
2024-12-27T03:00:00Z,1.1948,1.2144,1.1920,1.2105,1703267
2024-12-27T04:00:00Z,1.2105,1.2244,1.2090,1.2159,2531673
2024-12-27T05:00:00Z,1.2160,1.2195,1.2005,1.2130,2596711
2024-12-27T06:00:00Z,1.2130,1.2642,1.2130,1.2641,4683902
2024-12-27T07:00:00Z,1.2641,1.2663,1.2023,1.2198,7035830
2024-12-27T08:00:00Z,1.2197,1.2395,1.2194,1.2343,4259466
2024-12-27T09:00:00Z,1.2345,1.2967,1.2342,1.2826,8490847
2024-12-27T10:00:00Z,1.2825,1.2857,1.2541,1.2715,4661234
2024-12-27T11:00:00Z,1.2714,1.2868,1.2699,1.2809,3195697
2024-12-27T12:00:00Z,1.2809,1.2885,1.2749,1.2806,3122755
2024-12-27T13:00:00Z,1.2807,1.2822,1.2499,1.2528,3884860
2024-12-27T14:00:00Z,1.2526,1.2572,1.2321,1.2395,4004261
2024-12-27T15:00:00Z,1.2395,1.2400,1.2102,1.2187,5447874
2024-12-27T16:00:00Z,1.2187,1.2258,1.2088,1.2250,3280446
2024-12-27T17:00:00Z,1.2250,1.2695,1.2162,1.2662,5758235
2024-12-27T18:00:00Z,1.2663,1.2677,1.2409,1.2437,3456880
2024-12-27T19:00:00Z,1.2436,1.2480,1.2354,1.2438,1628055
2024-12-27T20:00:00Z,1.2438,1.2470,1.2291,1.2339,1525222
2024-12-27T21:00:00Z,1.2340,1.2413,1.2208,1.2217,1769875
2024-12-27T22:00:00Z,1.2217,1.2295,1.2132,1.2191,1927470
2024-12-27T23:00:00Z,1.2193,1.2283,1.2132,1.2281,1707183
2024-12-28T00:00:00Z,1.2282,1.2305,1.2162,1.2171,3338267
2024-12-28T01:00:00Z,1.2172,1.2214,1.2057,1.2095,2666852
2024-12-28T02:00:00Z,1.2094,1.2230,1.2047,1.2051,1448036
2024-12-28T03:00:00Z,1.2051,1.2187,1.2051,1.2139,954823
2024-12-28T04:00:00Z,1.2141,1.2147,1.2010,1.2077,1753997
2024-12-28T05:00:00Z,1.2077,1.2167,1.2072,1.2113,1240439
2024-12-28T06:00:00Z,1.2113,1.2145,1.1888,1.1942,2987902
2024-12-28T07:00:00Z,1.1942,1.2009,1.1829,1.1861,2688346
2024-12-28T08:00:00Z,1.1860,1.2035,1.1843,1.2005,2740755
2024-12-28T09:00:00Z,1.2005,1.2102,1.1983,1.2085,2197769
2024-12-28T10:00:00Z,1.2085,1.2090,1.1908,1.1913,2048185
2024-12-28T11:00:00Z,1.1913,1.2033,1.1908,1.2017,1427098
2024-12-28T12:00:00Z,1.2017,1.2053,1.1905,1.1928,1842180
2024-12-28T13:00:00Z,1.1927,1.2306,1.1922,1.2188,4090675
2024-12-28T14:00:00Z,1.2186,1.2523,1.2149,1.2187,5036203
2024-12-28T15:00:00Z,1.2186,1.2328,1.2147,1.2172,2712743
2024-12-28T16:00:00Z,1.2171,1.2304,1.2131,1.2303,1817150
2024-12-28T17:00:00Z,1.2302,1.2459,1.2273,1.2339,2680166
2024-12-28T18:00:00Z,1.2338,1.2372,1.2259,1.2316,1558188
2024-12-28T19:00:00Z,1.2315,1.2360,1.2271,1.2310,924391
2024-12-28T20:00:00Z,1.2310,1.2348,1.2256,1.2313,1074439
2024-12-28T21:00:00Z,1.2314,1.2472,1.2278,1.2458,1631159
2024-12-28T22:00:00Z,1.2458,1.2611,1.2402,1.2528,2017139
2024-12-28T23:00:00Z,1.2528,1.2546,1.2454,1.2480,1371829
2024-12-29T00:00:00Z,1.2481,1.2590,1.2391,1.2501,2688417
2024-12-29T01:00:00Z,1.2501,1.2613,1.2454,1.2470,2043467
2024-12-29T02:00:00Z,1.2470,1.2603,1.2445,1.2557,1033360
2024-12-29T03:00:00Z,1.2558,1.2696,1.2501,1.2674,2461612
2024-12-29T04:00:00Z,1.2674,1.2718,1.2536,1.2544,1543090
2024-12-29T05:00:00Z,1.2543,1.2601,1.2472,1.2547,1517685
2024-12-29T06:00:00Z,1.2547,1.2694,1.2475,1.2683,2465932
2024-12-29T07:00:00Z,1.2682,1.2795,1.2630,1.2782,2091308
2024-12-29T08:00:00Z,1.2782,1.2805,1.2583,1.2601,2883304
2024-12-29T09:00:00Z,1.2602,1.2690,1.2552,1.2646,1234242
2024-12-29T10:00:00Z,1.2646,1.2750,1.2629,1.2658,1540979
2024-12-29T11:00:00Z,1.2656,1.2685,1.2489,1.2496,2242306
2024-12-29T12:00:00Z,1.2496,1.2570,1.2408,1.2453,2259978
2024-12-29T13:00:00Z,1.2454,1.2557,1.2392,1.2555,2106426
2024-12-29T14:00:00Z,1.2556,1.2653,1.2324,1.2385,3938627
2024-12-29T15:00:00Z,1.2385,1.2438,1.2336,1.2354,1344363
2024-12-29T16:00:00Z,1.2355,1.2358,1.2157,1.2176,3925600
2024-12-29T17:00:00Z,1.2177,1.2214,1.2049,1.2111,4419714
2024-12-29T18:00:00Z,1.2110,1.2194,1.2059,1.2150,3094964
2024-12-29T19:00:00Z,1.2152,1.2188,1.2112,1.2144,1553121
2024-12-29T20:00:00Z,1.2142,1.2142,1.1981,1.2119,2872839
2024-12-29T21:00:00Z,1.2118,1.2145,1.2000,1.2037,1678143
2024-12-29T22:00:00Z,1.2036,1.2043,1.1913,1.1953,3052359
2024-12-29T23:00:00Z,1.1952,1.2033,1.1900,1.1995,2590419
2024-12-30T00:00:00Z,1.1994,1.2281,1.1913,1.2197,4087069
2024-12-30T01:00:00Z,1.2198,1.2591,1.2164,1.2440,5041836
2024-12-30T02:00:00Z,1.2438,1.2515,1.2316,1.2444,2306085
2024-12-30T03:00:00Z,1.2446,1.2711,1.2372,1.2402,3270022
2024-12-30T04:00:00Z,1.2402,1.2528,1.2341,1.2341,1613554
2024-12-30T05:00:00Z,1.2340,1.2426,1.2248,1.2377,2504497
2024-12-30T06:00:00Z,1.2376,1.2670,1.2370,1.2590,2810801
2024-12-30T07:00:00Z,1.2588,1.2641,1.2414,1.2562,2537837
2024-12-30T08:00:00Z,1.2562,1.2694,1.2459,1.2501,2381203
2024-12-30T09:00:00Z,1.2500,1.2519,1.2370,1.2428,2924834
2024-12-30T10:00:00Z,1.2429,1.2465,1.2323,1.2338,2281225
2024-12-30T11:00:00Z,1.2339,1.2461,1.2248,1.2432,2666354
2024-12-30T12:00:00Z,1.2431,1.2600,1.2412,1.2449,2554382
2024-12-30T13:00:00Z,1.2447,1.2519,1.1930,1.1940,8055580
2024-12-30T14:00:00Z,1.1941,1.2059,1.1801,1.1896,6244119
2024-12-30T15:00:00Z,1.1897,1.2015,1.1710,1.1794,7254613
2024-12-30T16:00:00Z,1.1793,1.1815,1.1643,1.1707,3532791
2024-12-30T17:00:00Z,1.1708,1.2293,1.1707,1.2272,5638766
2024-12-30T18:00:00Z,1.2271,1.2400,1.2211,1.2347,4445432
2024-12-30T19:00:00Z,1.2351,1.2420,1.2309,1.2419,1561547
2024-12-30T20:00:00Z,1.2420,1.2566,1.2392,1.2424,2509744
2024-12-30T21:00:00Z,1.2425,1.2436,1.1977,1.2011,5909938
2024-12-30T22:00:00Z,1.2010,1.2224,1.1991,1.2161,2792556
2024-12-30T23:00:00Z,1.2161,1.2271,1.2063,1.2253,2557722
2024-12-31T00:00:00Z,1.2254,1.2258,1.1996,1.2013,2242344
2024-12-31T01:00:00Z,1.2013,1.2075,1.1908,1.1956,1942392
2024-12-31T02:00:00Z,1.1956,1.2041,1.1873,1.1996,1537468
2024-12-31T03:00:00Z,1.1998,1.2006,1.1857,1.1873,1722370
2024-12-31T04:00:00Z,1.1873,1.1990,1.1828,1.1838,2448251
2024-12-31T05:00:00Z,1.1839,1.1995,1.1827,1.1951,1626640
2024-12-31T06:00:00Z,1.1952,1.2120,1.1904,1.2053,2969035
2024-12-31T07:00:00Z,1.2054,1.2115,1.2023,1.2096,1500235
2024-12-31T08:00:00Z,1.2094,1.2523,1.2087,1.2273,4757793
2024-12-31T09:00:00Z,1.2273,1.2379,1.2225,1.2320,1785231
2024-12-31T10:00:00Z,1.2321,1.2336,1.2209,1.2257,1742707
2024-12-31T11:00:00Z,1.2259,1.2291,1.2185,1.2217,1930702
2024-12-31T12:00:00Z,1.2217,1.2329,1.2181,1.2182,2018533
2024-12-31T13:00:00Z,1.2182,1.2503,1.2161,1.2422,4286803
2024-12-31T14:00:00Z,1.2420,1.2536,1.2409,1.2503,3677757
2024-12-31T15:00:00Z,1.2501,1.2637,1.2413,1.2557,3249435
2024-12-31T16:00:00Z,1.2558,1.2605,1.2400,1.2560,2884499
2024-12-31T17:00:00Z,1.2560,1.2564,1.2147,1.2293,5332415
2024-12-31T18:00:00Z,1.2292,1.2379,1.2260,1.2358,2201806
2024-12-31T19:00:00Z,1.2358,1.2381,1.2231,1.2251,1463215
2024-12-31T20:00:00Z,1.2251,1.2289,1.2181,1.2212,1999211
2024-12-31T21:00:00Z,1.2211,1.2284,1.2185,1.2265,1159117
2024-12-31T22:00:00Z,1.2263,1.2263,1.1977,1.2013,3037601
2024-12-31T23:00:00Z,1.2013,1.2106,1.1995,1.2041,1713970
2025-01-01T00:00:00Z,1.2038,1.2294,1.2000,1.2284,2506887
2025-01-01T01:00:00Z,1.2283,1.2285,1.2062,1.2090,1604937
2025-01-01T02:00:00Z,1.2090,1.2141,1.2043,1.2065,1336284
2025-01-01T03:00:00Z,1.2065,1.2074,1.1926,1.1956,1569629
2025-01-01T04:00:00Z,1.1955,1.1989,1.1907,1.1965,1663385
2025-01-01T05:00:00Z,1.1964,1.2068,1.1946,1.1984,2214464
2025-01-01T06:00:00Z,1.1986,1.2029,1.1914,1.1980,1201850
2025-01-01T07:00:00Z,1.1980,1.2023,1.1944,1.1994,1046207
2025-01-01T08:00:00Z,1.1993,1.2033,1.1852,1.1857,1895428
2025-01-01T09:00:00Z,1.1858,1.1886,1.1714,1.1803,3576637
2025-01-01T10:00:00Z,1.1804,1.1902,1.1794,1.1847,2340205
2025-01-01T11:00:00Z,1.1847,1.2006,1.1801,1.1941,1911497
2025-01-01T12:00:00Z,1.1941,1.2044,1.1924,1.2031,1376342
2025-01-01T13:00:00Z,1.2031,1.2116,1.1965,1.2089,2134555
2025-01-01T14:00:00Z,1.2088,1.2187,1.1950,1.2073,2497381
2025-01-01T15:00:00Z,1.2074,1.2212,1.2013,1.2206,1720698
2025-01-01T16:00:00Z,1.2206,1.2274,1.2135,1.2175,2393469
2025-01-01T17:00:00Z,1.2178,1.2257,1.2036,1.2232,2053241
2025-01-01T18:00:00Z,1.2232,1.2391,1.2143,1.2334,2844010
2025-01-01T19:00:00Z,1.2335,1.2475,1.2311,1.2425,2546135
2025-01-01T20:00:00Z,1.2426,1.2489,1.2364,1.2460,1858582
2025-01-01T21:00:00Z,1.2460,1.2490,1.2401,1.2441,1873314
2025-01-01T22:00:00Z,1.2442,1.2459,1.2342,1.2411,1412399
2025-01-01T23:00:00Z,1.2410,1.2465,1.2371,1.2451,1224367
2025-01-02T00:00:00Z,1.2452,1.2646,1.2417,1.2574,3548628
2025-01-02T01:00:00Z,1.2574,1.2619,1.2469,1.2492,2014453
2025-01-02T02:00:00Z,1.2492,1.2518,1.2419,1.2484,1370209
2025-01-02T03:00:00Z,1.2486,1.2515,1.2421,1.2430,1015714
2025-01-02T04:00:00Z,1.2431,1.2628,1.2391,1.2583,2283360
2025-01-02T05:00:00Z,1.2584,1.2620,1.2492,1.2530,1721555
2025-01-02T06:00:00Z,1.2530,1.2605,1.2463,1.2551,1252117
2025-01-02T07:00:00Z,1.2551,1.2719,1.2527,1.2634,2178000
2025-01-02T08:00:00Z,1.2635,1.2700,1.2539,1.2667,2131332
2025-01-02T09:00:00Z,1.2667,1.2783,1.2636,1.2774,2062956
2025-01-02T10:00:00Z,1.2774,1.2792,1.2708,1.2761,1875731
2025-01-02T11:00:00Z,1.2762,1.2782,1.2658,1.2743,2240493
2025-01-02T12:00:00Z,1.2743,1.2800,1.2717,1.2776,1781340
2025-01-02T13:00:00Z,1.2776,1.2780,1.2687,1.2718,1839736
2025-01-02T14:00:00Z,1.2719,1.2910,1.2573,1.2746,5688066
2025-01-02T15:00:00Z,1.2746,1.2765,1.2573,1.2637,2496173
2025-01-02T16:00:00Z,1.2638,1.2747,1.2584,1.2701,2169210
2025-01-02T17:00:00Z,1.2699,1.2768,1.2536,1.2625,2412657
2025-01-02T18:00:00Z,1.2625,1.2661,1.2555,1.2647,1807366
2025-01-02T19:00:00Z,1.2647,1.2700,1.2570,1.2587,1869296
2025-01-02T20:00:00Z,1.2585,1.2680,1.2553,1.2588,1475479
2025-01-02T21:00:00Z,1.2588,1.2620,1.2517,1.2517,1537085
2025-01-02T22:00:00Z,1.2518,1.2537,1.2354,1.2502,2584671
2025-01-02T23:00:00Z,1.2501,1.2629,1.2481,1.2588,1552223
2025-01-03T00:00:00Z,1.2589,1.2648,1.2519,1.2531,1624816
2025-01-03T01:00:00Z,1.2530,1.2577,1.2460,1.2557,1431837
2025-01-03T02:00:00Z,1.2557,1.2745,1.2534,1.2595,2054953
2025-01-03T03:00:00Z,1.2595,1.2653,1.2521,1.2635,1311240
2025-01-03T04:00:00Z,1.2634,1.2829,1.2514,1.2533,6581618
2025-01-03T05:00:00Z,1.2534,1.2557,1.2475,1.2512,1635229
2025-01-03T06:00:00Z,1.2512,1.2637,1.2511,1.2543,1492401
2025-01-03T07:00:00Z,1.2543,1.2553,1.2432,1.2460,1627034
2025-01-03T08:00:00Z,1.2459,1.2581,1.2453,1.2525,1621598
2025-01-03T09:00:00Z,1.2524,1.2822,1.2523,1.2767,3331083
2025-01-03T10:00:00Z,1.2768,1.2839,1.2651,1.2796,3202691
2025-01-03T11:00:00Z,1.2795,1.3080,1.2779,1.3025,3910116
2025-01-03T12:00:00Z,1.3026,1.3117,1.2945,1.2999,3112971
2025-01-03T13:00:00Z,1.3000,1.3297,1.2927,1.3173,9059992
2025-01-03T14:00:00Z,1.3174,1.3396,1.3163,1.3306,4683651
2025-01-03T15:00:00Z,1.3307,1.3558,1.3257,1.3506,3450111
2025-01-03T16:00:00Z,1.3507,1.3703,1.3442,1.3692,4348468
2025-01-03T17:00:00Z,1.3694,1.3940,1.3647,1.3724,5475438
2025-01-03T18:00:00Z,1.3724,1.3797,1.3640,1.3646,3645844
2025-01-03T19:00:00Z,1.3646,1.3736,1.3615,1.3621,2543589
2025-01-03T20:00:00Z,1.3621,1.3651,1.3496,1.3576,2597887
2025-01-03T21:00:00Z,1.3576,1.3633,1.3536,1.3564,1414800
2025-01-03T22:00:00Z,1.3566,1.3627,1.3544,1.3602,1173482
2025-01-03T23:00:00Z,1.3602,1.3750,1.3589,1.3746,1595145
2025-01-04T00:00:00Z,1.3744,1.3816,1.3589,1.3640,2227240
2025-01-04T01:00:00Z,1.3640,1.3652,1.3476,1.3632,2066854
2025-01-04T02:00:00Z,1.3632,1.3672,1.3529,1.3610,1107162
2025-01-04T03:00:00Z,1.3610,1.3648,1.3550,1.3606,726395
2025-01-04T04:00:00Z,1.3606,1.3628,1.3488,1.3558,979478
2025-01-04T05:00:00Z,1.3558,1.3577,1.3511,1.3541,838787
2025-01-04T06:00:00Z,1.3542,1.3650,1.3542,1.3615,973767
2025-01-04T07:00:00Z,1.3614,1.3728,1.3593,1.3643,1345752
2025-01-04T08:00:00Z,1.3642,1.3642,1.3405,1.3413,2768945
2025-01-04T09:00:00Z,1.3412,1.3509,1.3411,1.3459,1121209
2025-01-04T10:00:00Z,1.3459,1.3486,1.3325,1.3456,2205870
2025-01-04T11:00:00Z,1.3455,1.3492,1.3419,1.3478,886551
2025-01-04T12:00:00Z,1.3478,1.3642,1.3464,1.3629,2078602
2025-01-04T13:00:00Z,1.3629,1.3695,1.3595,1.3658,2277830
2025-01-04T14:00:00Z,1.3658,1.3806,1.3578,1.3649,7793423
2025-01-04T15:00:00Z,1.3650,1.3683,1.3280,1.3339,5216056
2025-01-04T16:00:00Z,1.3338,1.3477,1.3306,1.3476,2360755
2025-01-04T17:00:00Z,1.3477,1.3528,1.3410,1.3518,1478370
2025-01-04T18:00:00Z,1.3519,1.3549,1.3414,1.3445,1425270
2025-01-04T19:00:00Z,1.3446,1.3524,1.3412,1.3485,963335
2025-01-04T20:00:00Z,1.3485,1.3580,1.3477,1.3536,871752
2025-01-04T21:00:00Z,1.3537,1.3569,1.3474,1.3490,813677
2025-01-04T22:00:00Z,1.3491,1.3517,1.3416,1.3501,1159378
2025-01-04T23:00:00Z,1.3501,1.3532,1.3451,1.3485,934255
2025-01-05T00:00:00Z,1.3485,1.3519,1.3377,1.3413,1393127
2025-01-05T01:00:00Z,1.3414,1.3426,1.3287,1.3371,1526549
2025-01-05T02:00:00Z,1.3370,1.3438,1.3343,1.3428,1045802
2025-01-05T03:00:00Z,1.3427,1.3453,1.3363,1.3429,960564
2025-01-05T04:00:00Z,1.3430,1.3476,1.3409,1.3445,870965
2025-01-05T05:00:00Z,1.3446,1.3462,1.3316,1.3338,827062
2025-01-05T06:00:00Z,1.3337,1.3429,1.3310,1.3413,965697
2025-01-05T07:00:00Z,1.3413,1.3468,1.3366,1.3383,878199
2025-01-05T08:00:00Z,1.3383,1.3404,1.3178,1.3358,2898612
2025-01-05T09:00:00Z,1.3357,1.3384,1.3180,1.3220,1904492
2025-01-05T10:00:00Z,1.3218,1.3301,1.3160,1.3281,1678141
2025-01-05T11:00:00Z,1.3281,1.3347,1.3240,1.3261,1041738
2025-01-05T12:00:00Z,1.3260,1.3367,1.3213,1.3311,1633158
2025-01-05T13:00:00Z,1.3312,1.3409,1.3242,1.3252,1868127
2025-01-05T14:00:00Z,1.3253,1.3294,1.3093,1.3263,3611754
2025-01-05T15:00:00Z,1.3262,1.3341,1.3203,1.3288,1758079
2025-01-05T16:00:00Z,1.3289,1.3343,1.3193,1.3212,1327634
2025-01-05T17:00:00Z,1.3213,1.3385,1.3210,1.3348,2519357
2025-01-05T18:00:00Z,1.3346,1.3382,1.3195,1.3355,2993530
2025-01-05T19:00:00Z,1.3356,1.3403,1.3309,1.3378,1424519
2025-01-05T20:00:00Z,1.3380,1.3541,1.3368,1.3407,3385491
2025-01-05T21:00:00Z,1.3408,1.3485,1.3364,1.3467,1394390
2025-01-05T22:00:00Z,1.3465,1.3612,1.3418,1.3592,1808346
2025-01-05T23:00:00Z,1.3592,1.3631,1.3476,1.3507,1704241
2025-01-06T00:00:00Z,1.3508,1.3573,1.3299,1.3328,2671191
2025-01-06T01:00:00Z,1.3329,1.3594,1.3261,1.3496,2447187
2025-01-06T02:00:00Z,1.3497,1.3677,1.3482,1.3592,3488548
2025-01-06T03:00:00Z,1.3591,1.3641,1.3532,1.3595,1433757
2025-01-06T04:00:00Z,1.3597,1.3637,1.3491,1.3594,1633207
2025-01-06T05:00:00Z,1.3593,1.3688,1.3570,1.3605,1975458
2025-01-06T06:00:00Z,1.3605,1.3680,1.3546,1.3605,1662236
2025-01-06T07:00:00Z,1.3606,1.3680,1.3461,1.3564,2362066
2025-01-06T08:00:00Z,1.3564,1.3611,1.3418,1.3478,2266894
2025-01-06T09:00:00Z,1.3477,1.3555,1.3401,1.3464,1426423
2025-01-06T10:00:00Z,1.3464,1.3525,1.3367,1.3509,2079924
2025-01-06T11:00:00Z,1.3509,1.3643,1.3480,1.3635,1612376
2025-01-06T12:00:00Z,1.3634,1.3665,1.3511,1.3537,1997103
2025-01-06T13:00:00Z,1.3538,1.3626,1.3410,1.3603,2235387
2025-01-06T14:00:00Z,1.3603,1.3761,1.3434,1.3681,4550559
2025-01-06T15:00:00Z,1.3682,1.3870,1.3619,1.3838,4331953
2025-01-06T16:00:00Z,1.3839,1.3972,1.3713,1.3835,4013503
2025-01-06T17:00:00Z,1.3834,1.3835,1.3574,1.3637,6787522
2025-01-06T18:00:00Z,1.3637,1.3775,1.3563,1.3665,2540634
2025-01-06T19:00:00Z,1.3665,1.3780,1.3654,1.3738,1249193
2025-01-06T20:00:00Z,1.3736,1.3783,1.3616,1.3672,1993507
2025-01-06T21:00:00Z,1.3670,1.3692,1.3509,1.3572,1531903
2025-01-06T22:00:00Z,1.3572,1.3657,1.3561,1.3615,1109281
2025-01-06T23:00:00Z,1.3616,1.3626,1.3496,1.3603,1777585
2025-01-07T00:00:00Z,1.3603,1.3658,1.3475,1.3487,1706294
2025-01-07T01:00:00Z,1.3488,1.3668,1.3371,1.3626,2462579
2025-01-07T02:00:00Z,1.3624,1.3645,1.3275,1.3333,5519077
2025-01-07T03:00:00Z,1.3333,1.3428,1.3307,1.3406,1447785
2025-01-07T04:00:00Z,1.3406,1.3438,1.3312,1.3313,1119661
2025-01-07T05:00:00Z,1.3314,1.3345,1.3261,1.3329,1367809
2025-01-07T06:00:00Z,1.3330,1.3393,1.3283,1.3372,1342800
2025-01-07T07:00:00Z,1.3372,1.3390,1.3274,1.3302,1074278
2025-01-07T08:00:00Z,1.3302,1.3408,1.3277,1.3362,1513291
2025-01-07T09:00:00Z,1.3362,1.3391,1.3223,1.3275,1895672
2025-01-07T10:00:00Z,1.3275,1.3281,1.3153,1.3240,2838541
2025-01-07T11:00:00Z,1.3240,1.3267,1.3032,1.3140,3917774
2025-01-07T12:00:00Z,1.3140,1.3248,1.3113,1.3216,3010965
2025-01-07T13:00:00Z,1.3216,1.3356,1.3216,1.3319,2107320
2025-01-07T14:00:00Z,1.3320,1.3377,1.3074,1.3146,3449844
2025-01-07T15:00:00Z,1.3140,1.3193,1.2390,1.2561,20699961
2025-01-07T16:00:00Z,1.2560,1.2670,1.2446,1.2480,4238041
2025-01-07T17:00:00Z,1.2480,1.2532,1.2229,1.2346,4886902
2025-01-07T18:00:00Z,1.2346,1.2430,1.2173,1.2204,5290323
2025-01-07T19:00:00Z,1.2203,1.2300,1.2100,1.2150,4081640
2025-01-07T20:00:00Z,1.2150,1.2212,1.1971,1.2096,4506296
2025-01-07T21:00:00Z,1.2095,1.2175,1.1893,1.1898,3900107
2025-01-07T22:00:00Z,1.1899,1.2040,1.1864,1.2029,2333580
2025-01-07T23:00:00Z,1.2028,1.2028,1.1877,1.1884,1736435
2025-01-08T00:00:00Z,1.1884,1.2085,1.1869,1.2060,2506448
2025-01-08T01:00:00Z,1.2060,1.2061,1.1770,1.1879,2889921
2025-01-08T02:00:00Z,1.1879,1.1960,1.1797,1.1801,2169254
2025-01-08T03:00:00Z,1.1801,1.1823,1.1655,1.1768,4721928
2025-01-08T04:00:00Z,1.1767,1.1802,1.1624,1.1635,3439461
2025-01-08T05:00:00Z,1.1636,1.1711,1.1521,1.1551,3208032
2025-01-08T06:00:00Z,1.1552,1.1608,1.1296,1.1298,5179451
2025-01-08T07:00:00Z,1.1299,1.1535,1.1282,1.1487,3424540
2025-01-08T08:00:00Z,1.1485,1.1611,1.1474,1.1535,2520709
2025-01-08T09:00:00Z,1.1534,1.1578,1.1433,1.1438,2263129
2025-01-08T10:00:00Z,1.1437,1.1704,1.1434,1.1526,8716215
2025-01-08T11:00:00Z,1.1527,1.1532,1.1360,1.1480,3957992
2025-01-08T12:00:00Z,1.1481,1.1531,1.1342,1.1355,3395501
2025-01-08T13:00:00Z,1.1356,1.1494,1.1356,1.1436,2753679
2025-01-08T14:00:00Z,1.1436,1.1546,1.1412,1.1474,3364494
2025-01-08T15:00:00Z,1.1473,1.1594,1.1352,1.1470,3059698
2025-01-08T16:00:00Z,1.1470,1.1485,1.1136,1.1152,4688297
2025-01-08T17:00:00Z,1.1150,1.1228,1.0612,1.1001,17056344
2025-01-08T18:00:00Z,1.0998,1.1324,1.0969,1.1133,6993139
2025-01-08T19:00:00Z,1.1133,1.1265,1.1047,1.1060,3831450
2025-01-08T20:00:00Z,1.1059,1.1121,1.1007,1.1069,2138684
2025-01-08T21:00:00Z,1.1070,1.1146,1.0959,1.1093,3466832
2025-01-08T22:00:00Z,1.1092,1.1303,1.1087,1.1272,2059353
2025-01-08T23:00:00Z,1.1272,1.1311,1.1168,1.1252,1484614
2025-01-09T00:00:00Z,1.1251,1.1364,1.1214,1.1353,1681879
2025-01-09T01:00:00Z,1.1354,1.1453,1.1340,1.1374,1963400
2025-01-09T02:00:00Z,1.1374,1.1415,1.1189,1.1371,3501689
2025-01-09T03:00:00Z,1.1371,1.1388,1.1063,1.1162,6527101
2025-01-09T04:00:00Z,1.1162,1.1202,1.1089,1.1183,2165172
2025-01-09T05:00:00Z,1.1183,1.1201,1.1098,1.1126,1886282
2025-01-09T06:00:00Z,1.1126,1.1155,1.1034,1.1050,1889290
2025-01-09T07:00:00Z,1.1050,1.1118,1.0821,1.0890,4025639
2025-01-09T08:00:00Z,1.0891,1.1100,1.0848,1.1006,2770390
2025-01-09T09:00:00Z,1.1007,1.1128,1.0995,1.1070,1409490
2025-01-09T10:00:00Z,1.1071,1.1088,1.0912,1.1065,1875101
2025-01-09T11:00:00Z,1.1066,1.1259,1.1027,1.1138,5490641
2025-01-09T12:00:00Z,1.1137,1.1197,1.1064,1.1121,1788608
2025-01-09T13:00:00Z,1.1119,1.1177,1.0671,1.0698,8032106
2025-01-09T14:00:00Z,1.0698,1.0929,1.0634,1.0880,4901405
2025-01-09T15:00:00Z,1.0880,1.1281,1.0815,1.1187,4963838
2025-01-09T16:00:00Z,1.1187,1.1242,1.1075,1.1135,8745567
2025-01-09T17:00:00Z,1.1135,1.1146,1.0803,1.0889,3862372
2025-01-09T18:00:00Z,1.0890,1.1048,1.0849,1.0936,3699886
2025-01-09T19:00:00Z,1.0937,1.0962,1.0691,1.0714,3279913
2025-01-09T20:00:00Z,1.0714,1.0785,1.0546,1.0734,5019373
2025-01-09T21:00:00Z,1.0732,1.0843,1.0667,1.0692,3580428
2025-01-09T22:00:00Z,1.0691,1.0954,1.0672,1.0862,2278876
2025-01-09T23:00:00Z,1.0863,1.0917,1.0814,1.0883,1185228
2025-01-10T00:00:00Z,1.0883,1.0988,1.0880,1.0927,2085439
2025-01-10T01:00:00Z,1.0927,1.1016,1.0876,1.0988,2692086
2025-01-10T02:00:00Z,1.0988,1.1077,1.0941,1.1041,1935635
2025-01-10T03:00:00Z,1.1042,1.1103,1.1001,1.1076,1343938
2025-01-10T04:00:00Z,1.1077,1.1122,1.1031,1.1062,1437806
2025-01-10T05:00:00Z,1.1062,1.1227,1.1021,1.1120,3944456
2025-01-10T06:00:00Z,1.1121,1.1168,1.0952,1.1156,4565849
2025-01-10T07:00:00Z,1.1156,1.1276,1.1104,1.1211,2741304
2025-01-10T08:00:00Z,1.1211,1.1258,1.1119,1.1169,2138438
2025-01-10T09:00:00Z,1.1168,1.1286,1.1142,1.1217,3254886
2025-01-10T10:00:00Z,1.1219,1.1290,1.1186,1.1280,1966024
2025-01-10T11:00:00Z,1.1280,1.1295,1.1145,1.1256,2030660
2025-01-10T12:00:00Z,1.1257,1.1269,1.1143,1.1250,2040151
2025-01-10T13:00:00Z,1.1249,1.1274,1.0835,1.1010,9314425
2025-01-10T14:00:00Z,1.1009,1.1208,1.0979,1.1084,4437276
2025-01-10T15:00:00Z,1.1083,1.1185,1.0876,1.1080,4923872
2025-01-10T16:00:00Z,1.1081,1.1100,1.0950,1.0989,2353553
2025-01-10T17:00:00Z,1.0990,1.1356,1.0956,1.1337,3274782
2025-01-10T18:00:00Z,1.1336,1.1344,1.1214,1.1254,2943174
2025-01-10T19:00:00Z,1.1256,1.1322,1.1205,1.1300,1369043
2025-01-10T20:00:00Z,1.1301,1.1319,1.1161,1.1226,1922058
2025-01-10T21:00:00Z,1.1225,1.1325,1.1208,1.1270,1393914
2025-01-10T22:00:00Z,1.1270,1.1315,1.1213,1.1298,1486673
2025-01-10T23:00:00Z,1.1296,1.1340,1.1253,1.1274,1412660
2025-01-11T00:00:00Z,1.1273,1.1311,1.1234,1.1310,1637644
2025-01-11T01:00:00Z,1.1309,1.1354,1.1171,1.1214,1640507
2025-01-11T02:00:00Z,1.1214,1.1270,1.1158,1.1253,1897578
2025-01-11T03:00:00Z,1.1253,1.1260,1.1154,1.1189,1158158
2025-01-11T04:00:00Z,1.1190,1.1239,1.1140,1.1201,1047900
2025-01-11T05:00:00Z,1.1201,1.1274,1.1172,1.1261,896837
2025-01-11T06:00:00Z,1.1260,1.1305,1.1198,1.1200,1096800
2025-01-11T07:00:00Z,1.1198,1.1230,1.1133,1.1183,1271029
2025-01-11T08:00:00Z,1.1184,1.1232,1.1089,1.1127,1208767
2025-01-11T09:00:00Z,1.1127,1.1196,1.1123,1.1164,1183405
2025-01-11T10:00:00Z,1.1165,1.1224,1.1132,1.1222,1143941
2025-01-11T11:00:00Z,1.1222,1.1270,1.1196,1.1239,1231488
2025-01-11T12:00:00Z,1.1240,1.1258,1.1159,1.1178,1061847
2025-01-11T13:00:00Z,1.1178,1.1193,1.1065,1.1091,1695332
2025-01-11T14:00:00Z,1.1091,1.1156,1.1057,1.1142,1538866
2025-01-11T15:00:00Z,1.1141,1.1156,1.1076,1.1100,953825
2025-01-11T16:00:00Z,1.1100,1.1138,1.1036,1.1119,1565412
2025-01-11T17:00:00Z,1.1120,1.1125,1.1005,1.1039,2047821
2025-01-11T18:00:00Z,1.1040,1.1083,1.1005,1.1064,1054223
2025-01-11T19:00:00Z,1.1063,1.1092,1.1021,1.1069,844315
2025-01-11T20:00:00Z,1.1070,1.1319,1.1060,1.1302,2811618
2025-01-11T21:00:00Z,1.1302,1.1464,1.1284,1.1440,4033999
2025-01-11T22:00:00Z,1.1441,1.1459,1.1224,1.1243,2278605
2025-01-11T23:00:00Z,1.1243,1.1284,1.1182,1.1212,1699391
2025-01-12T00:00:00Z,1.1213,1.1274,1.1173,1.1211,1633921
2025-01-12T01:00:00Z,1.1211,1.1275,1.1181,1.1260,1116390
2025-01-12T02:00:00Z,1.1258,1.1271,1.1195,1.1255,644240
2025-01-12T03:00:00Z,1.1257,1.1276,1.1162,1.1220,767833
2025-01-12T04:00:00Z,1.1221,1.1265,1.1198,1.1222,947480
2025-01-12T05:00:00Z,1.1221,1.1270,1.1180,1.1207,669287
2025-01-12T06:00:00Z,1.1208,1.1224,1.1124,1.1129,977036
2025-01-12T07:00:00Z,1.1129,1.1154,1.1052,1.1145,2277341
2025-01-12T08:00:00Z,1.1145,1.1161,1.1043,1.1066,986100
2025-01-12T09:00:00Z,1.1067,1.1101,1.0992,1.1025,1720575
2025-01-12T10:00:00Z,1.1025,1.1068,1.0961,1.1057,1554246
2025-01-12T11:00:00Z,1.1058,1.1118,1.1035,1.1097,1240702
2025-01-12T12:00:00Z,1.1097,1.1165,1.1037,1.1078,1573459
2025-01-12T13:00:00Z,1.1078,1.1165,1.1062,1.1145,1140334
2025-01-12T14:00:00Z,1.1145,1.1202,1.1097,1.1110,1063181
2025-01-12T15:00:00Z,1.1111,1.1236,1.1092,1.1204,2011143
2025-01-12T16:00:00Z,1.1203,1.1237,1.1106,1.1179,1396098
2025-01-12T17:00:00Z,1.1178,1.1199,1.1115,1.1146,984320
2025-01-12T18:00:00Z,1.1145,1.1197,1.1080,1.1100,1309198
2025-01-12T19:00:00Z,1.1099,1.1123,1.1060,1.1070,951439
2025-01-12T20:00:00Z,1.1073,1.1116,1.1013,1.1034,1368508
2025-01-12T21:00:00Z,1.1035,1.1056,1.0936,1.0943,1675837
2025-01-12T22:00:00Z,1.0942,1.0948,1.0801,1.0855,2338689
2025-01-12T23:00:00Z,1.0856,1.0939,1.0830,1.0922,1621840
2025-01-13T00:00:00Z,1.0922,1.1247,1.0891,1.1136,4650852
2025-01-13T01:00:00Z,1.1135,1.1162,1.0882,1.0896,3219473
2025-01-13T02:00:00Z,1.0895,1.0929,1.0603,1.0705,5182406
2025-01-13T03:00:00Z,1.0705,1.0772,1.0557,1.0618,2735391
2025-01-13T04:00:00Z,1.0618,1.0831,1.0581,1.0756,3668363
2025-01-13T05:00:00Z,1.0758,1.0775,1.0583,1.0615,2211698
2025-01-13T06:00:00Z,1.0616,1.0691,1.0417,1.0479,3480444
2025-01-13T07:00:00Z,1.0480,1.0624,1.0449,1.0591,2232304
2025-01-13T08:00:00Z,1.0593,1.0621,1.0359,1.0400,3353249
2025-01-13T09:00:00Z,1.0399,1.0446,1.0220,1.0301,5045481
2025-01-13T10:00:00Z,1.0302,1.0308,1.0121,1.0180,4671552
2025-01-13T11:00:00Z,1.0180,1.0203,0.9850,0.9858,7531285
2025-01-13T12:00:00Z,0.9858,1.0025,0.9834,0.9963,5750806
2025-01-13T13:00:00Z,0.9963,1.0216,0.9914,1.0018,4790426
2025-01-13T14:00:00Z,1.0018,1.0164,0.9608,1.0058,11536941
2025-01-13T15:00:00Z,1.0058,1.0241,1.0013,1.0049,5234783
2025-01-13T16:00:00Z,1.0050,1.0104,0.9793,0.9799,5293438
2025-01-13T17:00:00Z,0.9799,0.9933,0.9741,0.9780,4876338
2025-01-13T18:00:00Z,0.9780,0.9880,0.9601,0.9779,6104309
2025-01-13T19:00:00Z,0.9779,0.9996,0.9704,0.9938,6232852
2025-01-13T20:00:00Z,0.9937,1.0254,0.9847,1.0197,4166039
2025-01-13T21:00:00Z,1.0198,1.0284,1.0105,1.0224,3893961
2025-01-13T22:00:00Z,1.0223,1.0341,1.0219,1.0323,3096679
2025-01-13T23:00:00Z,1.0323,1.0365,1.0287,1.0334,1769752
2025-01-14T00:00:00Z,1.0334,1.0384,1.0153,1.0208,5314076
2025-01-14T01:00:00Z,1.0208,1.0379,1.0203,1.0228,2924299
2025-01-14T02:00:00Z,1.0227,1.0369,1.0201,1.0269,1641750
2025-01-14T03:00:00Z,1.0269,1.0351,1.0269,1.0289,1167231
2025-01-14T04:00:00Z,1.0291,1.0390,1.0291,1.0375,1124278
2025-01-14T05:00:00Z,1.0375,1.0455,1.0261,1.0265,1835573
2025-01-14T06:00:00Z,1.0264,1.0347,1.0249,1.0298,1354879
2025-01-14T07:00:00Z,1.0299,1.0331,1.0223,1.0231,1325512
2025-01-14T08:00:00Z,1.0231,1.0367,1.0229,1.0302,2009896
2025-01-14T09:00:00Z,1.0304,1.0674,1.0267,1.0577,8741959
2025-01-14T10:00:00Z,1.0577,1.0581,1.0415,1.0441,3441891
2025-01-14T11:00:00Z,1.0442,1.0459,1.0325,1.0409,2051770
2025-01-14T12:00:00Z,1.0409,1.0455,1.0246,1.0320,3266131
2025-01-14T13:00:00Z,1.0320,1.0537,1.0305,1.0442,3425695
2025-01-14T14:00:00Z,1.0440,1.0588,1.0374,1.0468,2744459
2025-01-14T15:00:00Z,1.0470,1.0513,1.0435,1.0437,1519439
2025-01-14T16:00:00Z,1.0438,1.0458,1.0328,1.0448,2690992
2025-01-14T17:00:00Z,1.0447,1.0546,1.0421,1.0503,1527177
2025-01-14T18:00:00Z,1.0503,1.0595,1.0479,1.0566,1388104
2025-01-14T19:00:00Z,1.0565,1.0633,1.0503,1.0581,1657709
2025-01-14T20:00:00Z,1.0581,1.0652,1.0486,1.0645,2080789
2025-01-14T21:00:00Z,1.0646,1.0742,1.0646,1.0690,1777769
2025-01-14T22:00:00Z,1.0691,1.0879,1.0691,1.0868,1718932
2025-01-14T23:00:00Z,1.0868,1.0883,1.0753,1.0761,1788765
2025-01-15T00:00:00Z,1.0762,1.0770,1.0600,1.0643,6091466
2025-01-15T01:00:00Z,1.0642,1.0774,1.0614,1.0656,2527413
2025-01-15T02:00:00Z,1.0657,1.0750,1.0589,1.0594,2107331
2025-01-15T03:00:00Z,1.0594,1.0720,1.0536,1.0714,2395483
2025-01-15T04:00:00Z,1.0714,1.0777,1.0604,1.0641,2040426
2025-01-15T05:00:00Z,1.0640,1.0695,1.0593,1.0680,1118415
2025-01-15T06:00:00Z,1.0681,1.0700,1.0603,1.0678,1480342
2025-01-15T07:00:00Z,1.0678,1.0803,1.0675,1.0706,2131080
2025-01-15T08:00:00Z,1.0705,1.0758,1.0633,1.0633,2136397
2025-01-15T09:00:00Z,1.0634,1.0658,1.0399,1.0418,3979313
2025-01-15T10:00:00Z,1.0417,1.0529,1.0414,1.0472,2476941
2025-01-15T11:00:00Z,1.0472,1.0477,1.0349,1.0445,2715888
2025-01-15T12:00:00Z,1.0445,1.0513,1.0380,1.0433,2805614
2025-01-15T13:00:00Z,1.0432,1.0946,1.0407,1.0944,9868914
2025-01-15T14:00:00Z,1.0943,1.1088,1.0827,1.1085,6583194
2025-01-15T15:00:00Z,1.1086,1.1239,1.0992,1.1132,6739345
2025-01-15T16:00:00Z,1.1134,1.1226,1.1110,1.1112,3143773
2025-01-15T17:00:00Z,1.1113,1.1173,1.1019,1.1038,2586164
2025-01-15T18:00:00Z,1.1038,1.1265,1.1038,1.1264,2315520
2025-01-15T19:00:00Z,1.1264,1.1364,1.1223,1.1354,2612512
2025-01-15T20:00:00Z,1.1355,1.1423,1.1241,1.1286,4150030
2025-01-15T21:00:00Z,1.1286,1.1352,1.1233,1.1252,2634440
2025-01-15T22:00:00Z,1.1253,1.1368,1.1234,1.1368,1844859
2025-01-15T23:00:00Z,1.1368,1.1488,1.1350,1.1439,3281067
2025-01-16T00:00:00Z,1.1439,1.1472,1.1170,1.1302,4457447
2025-01-16T01:00:00Z,1.1301,1.1495,1.1301,1.1392,5455526
2025-01-16T02:00:00Z,1.1391,1.1444,1.1325,1.1412,1587421
2025-01-16T03:00:00Z,1.1412,1.1475,1.1284,1.1391,2109392
2025-01-16T04:00:00Z,1.1391,1.1412,1.1285,1.1338,2523212
2025-01-16T05:00:00Z,1.1339,1.1340,1.1186,1.1255,3954616
2025-01-16T06:00:00Z,1.1255,1.1341,1.1212,1.1275,1867067
2025-01-16T07:00:00Z,1.1274,1.1294,1.1192,1.1223,1033140
2025-01-16T08:00:00Z,1.1224,1.1250,1.0964,1.1032,4796737
2025-01-16T09:00:00Z,1.1032,1.1074,1.0960,1.1063,3704207
2025-01-16T10:00:00Z,1.1063,1.1078,1.0980,1.1014,1532403
2025-01-16T11:00:00Z,1.1014,1.1155,1.0944,1.1141,3333746
2025-01-16T12:00:00Z,1.1142,1.1446,1.1117,1.1411,5735192
2025-01-16T13:00:00Z,1.1414,1.1432,1.1126,1.1202,6456035
2025-01-16T14:00:00Z,1.1202,1.1265,1.0855,1.0911,9600271
2025-01-16T15:00:00Z,1.0911,1.1166,1.0885,1.1165,4258185
2025-01-16T16:00:00Z,1.1163,1.1303,1.1134,1.1210,3616128
2025-01-16T17:00:00Z,1.1209,1.1322,1.1147,1.1273,2726785
2025-01-16T18:00:00Z,1.1272,1.1329,1.1161,1.1194,2041189
2025-01-16T19:00:00Z,1.1194,1.1327,1.1161,1.1321,1916893
2025-01-16T20:00:00Z,1.1321,1.1355,1.1202,1.1255,1736138
2025-01-16T21:00:00Z,1.1255,1.1259,1.1119,1.1177,2822776
2025-01-16T22:00:00Z,1.1176,1.1190,1.0987,1.1025,2248413
2025-01-16T23:00:00Z,1.1024,1.1083,1.0965,1.1066,1862716
2025-01-17T00:00:00Z,1.1066,1.1192,1.1066,1.1186,1994720
2025-01-17T01:00:00Z,1.1186,1.1429,1.1169,1.1413,3654036
2025-01-17T02:00:00Z,1.1413,1.1493,1.1317,1.1376,2666770
2025-01-17T03:00:00Z,1.1376,1.1438,1.1348,1.1426,1216008
2025-01-17T04:00:00Z,1.1426,1.1567,1.1374,1.1557,3004726
2025-01-17T05:00:00Z,1.1557,1.1566,1.1480,1.1548,1732944
2025-01-17T06:00:00Z,1.1547,1.1648,1.1522,1.1645,1766483
2025-01-17T07:00:00Z,1.1646,1.1696,1.1567,1.1620,2957732
2025-01-17T08:00:00Z,1.1620,1.1728,1.1561,1.1723,2750367
2025-01-17T09:00:00Z,1.1722,1.1736,1.1630,1.1680,2205151
2025-01-17T10:00:00Z,1.1679,1.1754,1.1645,1.1726,1737833
2025-01-17T11:00:00Z,1.1726,1.1832,1.1662,1.1763,2440592
2025-01-17T12:00:00Z,1.1765,1.1811,1.1695,1.1724,3712604
2025-01-17T13:00:00Z,1.1724,1.1866,1.1706,1.1737,2930820
2025-01-17T14:00:00Z,1.1737,1.1933,1.1737,1.1867,4031585
2025-01-17T15:00:00Z,1.1866,1.1930,1.1717,1.1799,3762864
2025-01-17T16:00:00Z,1.1798,1.1948,1.1774,1.1871,2311673
2025-01-17T17:00:00Z,1.1870,1.1886,1.1703,1.1742,2789440
2025-01-17T18:00:00Z,1.1742,1.1789,1.1685,1.1692,1699451
2025-01-17T19:00:00Z,1.1692,1.1826,1.1692,1.1770,1749732
2025-01-17T20:00:00Z,1.1772,1.2073,1.1767,1.2058,3339015
2025-01-17T21:00:00Z,1.2057,1.2077,1.1880,1.1925,2626223
2025-01-17T22:00:00Z,1.1924,1.2098,1.1923,1.2035,2288967
2025-01-17T23:00:00Z,1.2034,1.2034,1.1952,1.1964,1142864
2025-01-18T00:00:00Z,1.1965,1.2135,1.1958,1.2102,1794201
2025-01-18T01:00:00Z,1.2101,1.2103,1.1928,1.1977,1827162
2025-01-18T02:00:00Z,1.1975,1.1998,1.1818,1.1840,1951379
2025-01-18T03:00:00Z,1.1841,1.1867,1.1525,1.1563,4534084
2025-01-18T04:00:00Z,1.1563,1.1629,1.1413,1.1467,5139808
2025-01-18T05:00:00Z,1.1467,1.1527,1.1064,1.1069,5570552
2025-01-18T06:00:00Z,1.1068,1.1272,1.1063,1.1197,4103691
2025-01-18T07:00:00Z,1.1196,1.1201,1.0982,1.1008,3525254
2025-01-18T08:00:00Z,1.1009,1.1088,1.0833,1.1079,5599152
2025-01-18T09:00:00Z,1.1080,1.1084,1.0890,1.0990,2760443
2025-01-18T10:00:00Z,1.0991,1.1030,1.0826,1.0937,3911988
2025-01-18T11:00:00Z,1.0936,1.1127,1.0857,1.1095,2911876
2025-01-18T12:00:00Z,1.1095,1.1155,1.1000,1.1086,2246552
2025-01-18T13:00:00Z,1.1087,1.1200,1.1021,1.1195,1960584
2025-01-18T14:00:00Z,1.1195,1.1199,1.1030,1.1057,2276357
2025-01-18T15:00:00Z,1.1058,1.1210,1.0978,1.1064,3277968
2025-01-18T16:00:00Z,1.1065,1.1139,1.0817,1.0826,6716263
2025-01-18T17:00:00Z,1.0825,1.0963,1.0810,1.0827,3077813
2025-01-18T18:00:00Z,1.0826,1.0925,1.0757,1.0790,3230849
2025-01-18T19:00:00Z,1.0789,1.0979,1.0787,1.0962,2282439
2025-01-18T20:00:00Z,1.0965,1.0985,1.0801,1.0843,2017531
2025-01-18T21:00:00Z,1.0842,1.0945,1.0803,1.0816,2111756
2025-01-18T22:00:00Z,1.0815,1.0928,1.0794,1.0870,1133956
2025-01-18T23:00:00Z,1.0871,1.1086,1.0864,1.1034,1938944
2025-01-19T00:00:00Z,1.1033,1.1195,1.0988,1.1126,2473382
2025-01-19T01:00:00Z,1.1127,1.1300,1.1106,1.1297,1992718
2025-01-19T02:00:00Z,1.1298,1.1385,1.1264,1.1310,1802294
2025-01-19T03:00:00Z,1.1310,1.1317,1.1143,1.1159,1489372
2025-01-19T04:00:00Z,1.1158,1.1173,1.1002,1.1004,4769694
2025-01-19T05:00:00Z,1.1005,1.1031,1.0866,1.0992,3128818
2025-01-19T06:00:00Z,1.0993,1.0995,1.0820,1.0828,2104469
2025-01-19T07:00:00Z,1.0829,1.0869,1.0600,1.0680,4386777
2025-01-19T08:00:00Z,1.0682,1.0682,1.0200,1.0213,8570687
2025-01-19T09:00:00Z,1.0214,1.0306,0.9920,1.0292,18998740
2025-01-19T10:00:00Z,1.0292,1.0342,1.0079,1.0212,9832582
2025-01-19T11:00:00Z,1.0212,1.0246,0.9902,0.9985,5775738
2025-01-19T12:00:00Z,0.9986,1.0311,0.9965,1.0284,4890783
2025-01-19T13:00:00Z,1.0285,1.0599,1.0244,1.0599,5287525
2025-01-19T14:00:00Z,1.0598,1.1018,1.0546,1.0976,8662097
2025-01-19T15:00:00Z,1.0975,1.1080,1.0845,1.0986,3860060
2025-01-19T16:00:00Z,1.0984,1.1138,1.0943,1.1046,3139912
2025-01-19T17:00:00Z,1.1046,1.1229,1.0922,1.1221,3205129
2025-01-19T18:00:00Z,1.1221,1.1254,1.1108,1.1248,2245325
2025-01-19T19:00:00Z,1.1249,1.1329,1.1156,1.1258,2108877
2025-01-19T20:00:00Z,1.1259,1.1348,1.0955,1.1037,7627445
2025-01-19T21:00:00Z,1.1039,1.1049,1.0345,1.0356,16560123
2025-01-19T22:00:00Z,1.0354,1.0532,0.9859,1.0144,13906406
2025-01-19T23:00:00Z,1.0145,1.0145,0.9617,0.9860,14463305
2025-01-20T00:00:00Z,0.9857,0.9863,0.9237,0.9264,24590683
2025-01-20T01:00:00Z,0.9265,0.9463,0.9146,0.9247,12323515
2025-01-20T02:00:00Z,0.9246,0.9554,0.9204,0.9302,6745747
2025-01-20T03:00:00Z,0.9302,0.9553,0.9246,0.9489,4134348
2025-01-20T04:00:00Z,0.9490,0.9756,0.9378,0.9644,4277701
2025-01-20T05:00:00Z,0.9644,0.9893,0.9608,0.9771,4651671
2025-01-20T06:00:00Z,0.9771,1.0476,0.9767,1.0460,10918137
2025-01-20T07:00:00Z,1.0457,1.0716,1.0307,1.0445,15260071
2025-01-20T08:00:00Z,1.0444,1.0537,1.0360,1.0445,3907128
2025-01-20T09:00:00Z,1.0445,1.0515,1.0275,1.0355,4093244
2025-01-20T10:00:00Z,1.0354,1.0406,1.0167,1.0224,3017246
2025-01-20T11:00:00Z,1.0224,1.0338,1.0144,1.0336,2881534
2025-01-20T12:00:00Z,1.0336,1.0357,0.9834,1.0012,9300418
2025-01-20T13:00:00Z,1.0013,1.0123,0.9950,1.0056,4387428
2025-01-20T14:00:00Z,1.0057,1.0184,1.0010,1.0127,3425099
2025-01-20T15:00:00Z,1.0126,1.0205,0.9935,0.9995,4735280
2025-01-20T16:00:00Z,0.9998,1.0184,0.9761,1.0163,6125285
2025-01-20T17:00:00Z,1.0162,1.0171,0.9430,0.9696,22626527
2025-01-20T18:00:00Z,0.9697,0.9940,0.9685,0.9910,5621024
2025-01-20T19:00:00Z,0.9909,0.9997,0.9802,0.9948,3530553
2025-01-20T20:00:00Z,0.9947,1.0056,0.9850,0.9968,3350744
2025-01-20T21:00:00Z,0.9967,1.0124,0.9819,0.9834,3640420
2025-01-20T22:00:00Z,0.9833,1.0057,0.9711,1.0001,3553409
2025-01-20T23:00:00Z,1.0004,1.0147,0.9881,0.9990,8731856
2025-01-21T00:00:00Z,0.9991,1.0044,0.9730,0.9748,5537245
2025-01-21T01:00:00Z,0.9749,0.9911,0.9646,0.9747,4890856
2025-01-21T02:00:00Z,0.9746,0.9794,0.9580,0.9762,3814845
2025-01-21T03:00:00Z,0.9761,0.9788,0.9603,0.9654,2464384
2025-01-21T04:00:00Z,0.9653,0.9704,0.9448,0.9698,3809658
2025-01-21T05:00:00Z,0.9697,0.9735,0.9566,0.9587,2995729
2025-01-21T06:00:00Z,0.9588,0.9751,0.9528,0.9613,3140038
2025-01-21T07:00:00Z,0.9612,0.9770,0.9563,0.9709,2107588
2025-01-21T08:00:00Z,0.9709,0.9830,0.9544,0.9631,9306860
2025-01-21T09:00:00Z,0.9630,0.9798,0.9612,0.9723,3041233
2025-01-21T10:00:00Z,0.9723,0.9937,0.9680,0.9925,3627210
2025-01-21T11:00:00Z,0.9924,0.9984,0.9851,0.9946,3009709
2025-01-21T12:00:00Z,0.9947,1.0061,0.9874,0.9994,3295786
2025-01-21T13:00:00Z,0.9994,1.0065,0.9875,0.9982,3510744
2025-01-21T14:00:00Z,0.9983,1.0126,0.9885,0.9924,5016929
2025-01-21T15:00:00Z,0.9923,1.0008,0.9816,0.9988,4164905
2025-01-21T16:00:00Z,0.9986,1.0259,0.9952,1.0087,5260794
2025-01-21T17:00:00Z,1.0087,1.0475,1.0071,1.0465,3573330
2025-01-21T18:00:00Z,1.0465,1.0500,1.0363,1.0430,3166717
2025-01-21T19:00:00Z,1.0429,1.0443,1.0228,1.0327,4223824
2025-01-21T20:00:00Z,1.0327,1.0355,1.0210,1.0278,1855233
2025-01-21T21:00:00Z,1.0279,1.0314,1.0209,1.0281,1648075
2025-01-21T22:00:00Z,1.0283,1.0385,1.0233,1.0286,1809529
2025-01-21T23:00:00Z,1.0285,1.0295,1.0137,1.0255,2923996
2025-01-22T00:00:00Z,1.0255,1.0370,1.0208,1.0348,2219076
2025-01-22T01:00:00Z,1.0346,1.0362,1.0144,1.0159,1940510
2025-01-22T02:00:00Z,1.0157,1.0285,1.0108,1.0261,1673910
2025-01-22T03:00:00Z,1.0261,1.0321,1.0212,1.0234,1145413
2025-01-22T04:00:00Z,1.0235,1.0270,1.0099,1.0169,1373381
2025-01-22T05:00:00Z,1.0170,1.0377,1.0166,1.0290,5963456
2025-01-22T06:00:00Z,1.0291,1.0365,1.0243,1.0323,1857020
2025-01-22T07:00:00Z,1.0323,1.0345,1.0222,1.0251,1437343
2025-01-22T08:00:00Z,1.0251,1.0321,1.0118,1.0305,2426301
2025-01-22T09:00:00Z,1.0305,1.0499,1.0232,1.0420,3212985
2025-01-22T10:00:00Z,1.0421,1.0503,1.0315,1.0434,2319247
2025-01-22T11:00:00Z,1.0435,1.0627,1.0403,1.0569,2510731
2025-01-22T12:00:00Z,1.0570,1.0634,1.0450,1.0496,2465890
2025-01-22T13:00:00Z,1.0495,1.0527,1.0300,1.0331,3177768
2025-01-22T14:00:00Z,1.0331,1.0519,1.0261,1.0407,3280073
2025-01-22T15:00:00Z,1.0408,1.0436,1.0272,1.0375,2289503
2025-01-22T16:00:00Z,1.0376,1.0502,1.0285,1.0461,2914852
2025-01-22T17:00:00Z,1.0463,1.0520,1.0429,1.0484,2140100
2025-01-22T18:00:00Z,1.0484,1.0532,1.0222,1.0235,3537895
2025-01-22T19:00:00Z,1.0237,1.0481,1.0236,1.0358,3632363
2025-01-22T20:00:00Z,1.0357,1.0454,1.0319,1.0357,1943344
2025-01-22T21:00:00Z,1.0356,1.0367,1.0256,1.0301,1522393
2025-01-22T22:00:00Z,1.0300,1.0368,1.0169,1.0174,1423232
2025-01-22T23:00:00Z,1.0174,1.0239,1.0117,1.0220,1591316
2025-01-23T00:00:00Z,1.0221,1.0243,1.0104,1.0137,2893325
2025-01-23T01:00:00Z,1.0138,1.0202,1.0021,1.0044,1988488
2025-01-23T02:00:00Z,1.0045,1.0082,0.9948,1.0033,2329718
2025-01-23T03:00:00Z,1.0033,1.0130,0.9999,1.0050,1307910
2025-01-23T04:00:00Z,1.0052,1.0094,0.9914,0.9977,2380086
2025-01-23T05:00:00Z,0.9978,1.0069,0.9777,0.9926,7882930
2025-01-23T06:00:00Z,0.9927,0.9944,0.9817,0.9824,1901175
2025-01-23T07:00:00Z,0.9823,1.0017,0.9822,1.0015,2720449
2025-01-23T08:00:00Z,1.0015,1.0035,0.9882,0.9887,1987386
2025-01-23T09:00:00Z,0.9888,0.9987,0.9852,0.9880,1937307
2025-01-23T10:00:00Z,0.9880,0.9929,0.9800,0.9855,2680793
2025-01-23T11:00:00Z,0.9856,0.9926,0.9806,0.9889,1862941
2025-01-23T12:00:00Z,0.9890,0.9893,0.9772,0.9794,2336476
2025-01-23T13:00:00Z,0.9793,1.0003,0.9743,0.9970,4306694
2025-01-23T14:00:00Z,0.9969,1.0210,0.9861,1.0113,5265181
2025-01-23T15:00:00Z,1.0111,1.0159,0.9909,1.0128,6325619
2025-01-23T16:00:00Z,1.0130,1.0329,1.0106,1.0114,3748720
2025-01-23T17:00:00Z,1.0112,1.0193,1.0000,1.0185,2442899
2025-01-23T18:00:00Z,1.0186,1.0221,0.9950,0.9954,2435312
2025-01-23T19:00:00Z,0.9953,0.9959,0.9738,0.9777,4469091
2025-01-23T20:00:00Z,0.9776,1.0120,0.9756,0.9917,8057728
2025-01-23T21:00:00Z,0.9917,0.9943,0.9709,0.9844,4324300
2025-01-23T22:00:00Z,0.9844,1.0198,0.9818,1.0171,5824734
2025-01-23T23:00:00Z,1.0172,1.0245,1.0101,1.0146,1446632
2025-01-24T00:00:00Z,1.0148,1.0198,0.9904,0.9916,2295642
2025-01-24T01:00:00Z,0.9915,1.0022,0.9868,0.9908,1622263
2025-01-24T02:00:00Z,0.9909,0.9937,0.9771,0.9792,1817731
2025-01-24T03:00:00Z,0.9792,1.0000,0.9777,0.9921,1991183
2025-01-24T04:00:00Z,0.9921,1.0190,0.9867,1.0157,2369967
2025-01-24T05:00:00Z,1.0156,1.0315,1.0124,1.0274,6554511
2025-01-24T06:00:00Z,1.0275,1.0298,1.0162,1.0198,2093538
2025-01-24T07:00:00Z,1.0200,1.0277,1.0133,1.0173,1186354
2025-01-24T08:00:00Z,1.0173,1.0263,1.0132,1.0221,1514607
2025-01-24T09:00:00Z,1.0221,1.0250,1.0148,1.0206,1561106
2025-01-24T10:00:00Z,1.0206,1.0272,1.0136,1.0251,1835704
2025-01-24T11:00:00Z,1.0251,1.0354,1.0193,1.0347,3007294
2025-01-24T12:00:00Z,1.0347,1.0365,1.0240,1.0347,1828462
2025-01-24T13:00:00Z,1.0348,1.0444,1.0292,1.0416,2792775
2025-01-24T14:00:00Z,1.0417,1.0553,1.0382,1.0458,3182118
2025-01-24T15:00:00Z,1.0459,1.0518,1.0278,1.0371,3270982
2025-01-24T16:00:00Z,1.0371,1.0409,1.0260,1.0334,2398817
2025-01-24T17:00:00Z,1.0335,1.0395,1.0237,1.0364,2263585
2025-01-24T18:00:00Z,1.0363,1.0395,1.0276,1.0316,1601785
2025-01-24T19:00:00Z,1.0314,1.0347,1.0225,1.0247,1747692
2025-01-24T20:00:00Z,1.0247,1.0275,1.0010,1.0016,3539285
2025-01-24T21:00:00Z,1.0017,1.0093,0.9980,0.9997,2154830
2025-01-24T22:00:00Z,0.9997,1.0025,0.9920,0.9938,1778531
2025-01-24T23:00:00Z,0.9939,0.9944,0.9853,0.9907,1721322
2025-01-25T00:00:00Z,0.9907,0.9909,0.9671,0.9683,3514548
2025-01-25T01:00:00Z,0.9682,0.9905,0.9676,0.9838,1715568
2025-01-25T02:00:00Z,0.9838,0.9946,0.9803,0.9927,1394407
2025-01-25T03:00:00Z,0.9928,1.0114,0.9897,1.0075,1914293
2025-01-25T04:00:00Z,1.0075,1.0075,0.9953,1.0022,2858879
2025-01-25T05:00:00Z,1.0022,1.0208,1.0017,1.0137,4578072
2025-01-25T06:00:00Z,1.0137,1.0174,0.9962,1.0029,1851014
2025-01-25T07:00:00Z,1.0028,1.0044,0.9976,0.9996,857767
2025-01-25T08:00:00Z,0.9997,1.0084,0.9992,1.0030,1299099
2025-01-25T09:00:00Z,1.0029,1.0048,0.9956,0.9967,836764
2025-01-25T10:00:00Z,0.9968,1.0014,0.9895,0.9971,1953388
2025-01-25T11:00:00Z,0.9972,1.0026,0.9740,0.9988,5451888
2025-01-25T12:00:00Z,0.9988,0.9989,0.9868,0.9964,1804732
2025-01-25T13:00:00Z,0.9964,0.9975,0.9889,0.9938,1705726
2025-01-25T14:00:00Z,0.9939,0.9949,0.9861,0.9941,1285986
2025-01-25T15:00:00Z,0.9942,1.0054,0.9935,0.9997,2501228
2025-01-25T16:00:00Z,0.9998,1.0068,0.9940,0.9988,1443066
2025-01-25T17:00:00Z,0.9989,0.9995,0.9872,0.9960,1795038
2025-01-25T18:00:00Z,0.9959,1.0018,0.9941,1.0016,1551734
2025-01-25T19:00:00Z,1.0016,1.0026,0.9966,0.9983,952772
2025-01-25T20:00:00Z,0.9983,1.0060,0.9913,0.9927,1473472
2025-01-25T21:00:00Z,0.9927,0.9973,0.9908,0.9960,1234516
2025-01-25T22:00:00Z,0.9960,1.0020,0.9938,0.9954,1185073
2025-01-25T23:00:00Z,0.9953,0.9969,0.9874,0.9889,1299873
2025-01-26T00:00:00Z,0.9889,0.9962,0.9825,0.9934,1527864
2025-01-26T01:00:00Z,0.9934,1.0030,0.9927,0.9979,1103077
2025-01-26T02:00:00Z,0.9980,1.0104,0.9954,1.0031,6668098
2025-01-26T03:00:00Z,1.0032,1.0196,1.0032,1.0134,1537759
2025-01-26T04:00:00Z,1.0134,1.0232,1.0096,1.0193,1464874
2025-01-26T05:00:00Z,1.0193,1.0198,1.0123,1.0147,1168362
2025-01-26T06:00:00Z,1.0147,1.0159,0.9888,1.0003,5153950
2025-01-26T07:00:00Z,1.0004,1.0027,0.9904,0.9963,1478623
2025-01-26T08:00:00Z,0.9963,1.0003,0.9883,0.9919,1579784
2025-01-26T09:00:00Z,0.9919,0.9923,0.9792,0.9828,1733552
2025-01-26T10:00:00Z,0.9827,0.9892,0.9803,0.9879,1348572
2025-01-26T11:00:00Z,0.9880,0.9947,0.9873,0.9943,1698232
2025-01-26T12:00:00Z,0.9942,0.9942,0.9863,0.9934,1698489
2025-01-26T13:00:00Z,0.9934,0.9962,0.9900,0.9954,1843503
2025-01-26T14:00:00Z,0.9953,1.0014,0.9900,1.0001,1735327
2025-01-26T15:00:00Z,1.0002,1.0047,0.9960,1.0011,1390142
2025-01-26T16:00:00Z,1.0011,1.0055,0.9957,1.0023,1763838
2025-01-26T17:00:00Z,1.0024,1.0150,1.0006,1.0135,1688010
2025-01-26T18:00:00Z,1.0136,1.0175,1.0088,1.0164,1384792
2025-01-26T19:00:00Z,1.0165,1.0175,1.0109,1.0131,1427550
2025-01-26T20:00:00Z,1.0131,1.0191,1.0055,1.0065,1359685
2025-01-26T21:00:00Z,1.0065,1.0231,0.9987,1.0029,6622749
2025-01-26T22:00:00Z,1.0028,1.0188,0.9964,1.0073,2516450
2025-01-26T23:00:00Z,1.0072,1.0072,0.9747,0.9769,5854680
2025-01-27T00:00:00Z,0.9770,0.9817,0.9573,0.9629,6449361
2025-01-27T01:00:00Z,0.9631,0.9667,0.9440,0.9473,5897719
2025-01-27T02:00:00Z,0.9474,0.9478,0.9300,0.9337,5674240
2025-01-27T03:00:00Z,0.9338,0.9499,0.9300,0.9428,3017383
2025-01-27T04:00:00Z,0.9428,0.9428,0.9218,0.9222,3851178
2025-01-27T05:00:00Z,0.9223,0.9280,0.9041,0.9120,7852101
2025-01-27T06:00:00Z,0.9121,0.9199,0.8980,0.9048,5556567
2025-01-27T07:00:00Z,0.9047,0.9091,0.8663,0.8941,9797355
2025-01-27T08:00:00Z,0.8940,0.8951,0.8679,0.8859,5225447
2025-01-27T09:00:00Z,0.8860,0.8954,0.8794,0.8880,4713811
2025-01-27T10:00:00Z,0.8879,0.8881,0.8627,0.8661,4194375
2025-01-27T11:00:00Z,0.8659,0.8880,0.8656,0.8757,3114263
2025-01-27T12:00:00Z,0.8759,0.9037,0.8698,0.8999,4593555
2025-01-27T13:00:00Z,0.8999,0.9145,0.8946,0.8987,5757839
2025-01-27T14:00:00Z,0.8987,0.9208,0.8928,0.9160,4949477
2025-01-27T15:00:00Z,0.9159,0.9239,0.9061,0.9174,4171027
2025-01-27T16:00:00Z,0.9174,0.9266,0.8989,0.9023,4729836
2025-01-27T17:00:00Z,0.9022,0.9078,0.8923,0.8949,3104851
2025-01-27T18:00:00Z,0.8949,0.8992,0.8802,0.8844,3721678
2025-01-27T19:00:00Z,0.8845,0.8991,0.8845,0.8945,2700395
2025-01-27T20:00:00Z,0.8945,0.9325,0.8944,0.9279,4938910
2025-01-27T21:00:00Z,0.9278,0.9533,0.9275,0.9364,5145115
2025-01-27T22:00:00Z,0.9365,0.9428,0.9300,0.9360,1891195
2025-01-27T23:00:00Z,0.9360,0.9433,0.9336,0.9431,1886392
2025-01-28T00:00:00Z,0.9431,0.9529,0.9381,0.9419,2260416
2025-01-28T01:00:00Z,0.9420,0.9438,0.9320,0.9388,1595855
2025-01-28T02:00:00Z,0.9387,0.9556,0.9384,0.9521,1560744
2025-01-28T03:00:00Z,0.9521,0.9540,0.9440,0.9483,1919804
2025-01-28T04:00:00Z,0.9482,0.9604,0.9481,0.9539,2164902
2025-01-28T05:00:00Z,0.9539,0.9588,0.9488,0.9518,2043973
2025-01-28T06:00:00Z,0.9518,0.9523,0.9427,0.9438,1561242
2025-01-28T07:00:00Z,0.9437,0.9502,0.9382,0.9399,1493972
2025-01-28T08:00:00Z,0.9398,0.9420,0.9326,0.9398,2070753
2025-01-28T09:00:00Z,0.9397,0.9403,0.9278,0.9374,4596924
2025-01-28T10:00:00Z,0.9373,0.9411,0.9323,0.9331,1618516
2025-01-28T11:00:00Z,0.9331,0.9382,0.9277,0.9324,1505227
2025-01-28T12:00:00Z,0.9325,0.9357,0.9194,0.9222,2574976
2025-01-28T13:00:00Z,0.9221,0.9313,0.9220,0.9261,1932581
2025-01-28T14:00:00Z,0.9262,0.9262,0.9112,0.9166,4616744
2025-01-28T15:00:00Z,0.9167,0.9352,0.9166,0.9253,3465496
2025-01-28T16:00:00Z,0.9253,0.9259,0.9046,0.9102,3353204
2025-01-28T17:00:00Z,0.9101,0.9223,0.9091,0.9137,2197305
2025-01-28T18:00:00Z,0.9138,0.9178,0.8992,0.9009,3204258
2025-01-28T19:00:00Z,0.9009,0.9054,0.8957,0.9052,2519752
2025-01-28T20:00:00Z,0.9052,0.9098,0.8855,0.8871,3611085
2025-01-28T21:00:00Z,0.8870,0.8944,0.8640,0.8646,4128277
2025-01-28T22:00:00Z,0.8646,0.8734,0.8539,0.8661,4640711
2025-01-28T23:00:00Z,0.8660,0.8707,0.8544,0.8613,3053157
2025-01-29T00:00:00Z,0.8613,0.8673,0.8526,0.8615,3196972
2025-01-29T01:00:00Z,0.8616,0.8885,0.8613,0.8828,3048472
2025-01-29T02:00:00Z,0.8829,0.9012,0.8829,0.8888,2633514
2025-01-29T03:00:00Z,0.8888,0.9033,0.8862,0.9003,1983740
2025-01-29T04:00:00Z,0.9004,0.9076,0.8981,0.9036,1792987
2025-01-29T05:00:00Z,0.9036,0.9144,0.9011,0.9141,2392776
2025-01-29T06:00:00Z,0.9142,0.9272,0.9128,0.9267,2901216
2025-01-29T07:00:00Z,0.9268,0.9303,0.9200,0.9283,1860150
2025-01-29T08:00:00Z,0.9282,0.9353,0.9233,0.9253,1815581
2025-01-29T09:00:00Z,0.9254,0.9260,0.9140,0.9169,2301834
2025-01-29T10:00:00Z,0.9170,0.9286,0.9121,0.9259,1960014
2025-01-29T11:00:00Z,0.9260,0.9315,0.9239,0.9273,2190725
2025-01-29T12:00:00Z,0.9274,0.9298,0.9081,0.9100,4321630
2025-01-29T13:00:00Z,0.9100,0.9112,0.8929,0.9019,4006230
2025-01-29T14:00:00Z,0.9020,0.9152,0.8945,0.9015,7062545
2025-01-29T15:00:00Z,0.9016,0.9162,0.9005,0.9087,4508883
2025-01-29T16:00:00Z,0.9088,0.9105,0.8961,0.8982,2821031
2025-01-29T17:00:00Z,0.8981,0.9222,0.8958,0.9079,5559020
2025-01-29T18:00:00Z,0.9080,0.9252,0.8998,0.9193,3463354
2025-01-29T19:00:00Z,0.9193,0.9367,0.8851,0.9236,13519139
2025-01-29T20:00:00Z,0.9234,0.9524,0.9118,0.9369,8223677
2025-01-29T21:00:00Z,0.9369,0.9515,0.9273,0.9380,3557633
2025-01-29T22:00:00Z,0.9380,0.9443,0.9243,0.9274,2959999
2025-01-29T23:00:00Z,0.9274,0.9337,0.9161,0.9179,2667589
2025-01-30T00:00:00Z,0.9179,0.9261,0.9072,0.9253,2603840
2025-01-30T01:00:00Z,0.9254,0.9459,0.9218,0.9323,2629622
2025-01-30T02:00:00Z,0.9324,0.9403,0.9266,0.9403,1722937
2025-01-30T03:00:00Z,0.9404,0.9532,0.9372,0.9522,1778510
2025-01-30T04:00:00Z,0.9521,0.9574,0.9408,0.9551,1940208
2025-01-30T05:00:00Z,0.9552,0.9568,0.9462,0.9514,1179558
2025-01-30T06:00:00Z,0.9515,0.9555,0.9460,0.9476,1216508
2025-01-30T07:00:00Z,0.9477,0.9490,0.9376,0.9442,1900454
2025-01-30T08:00:00Z,0.9441,0.9518,0.9367,0.9504,1783478
2025-01-30T09:00:00Z,0.9504,0.9611,0.9503,0.9584,2552615
2025-01-30T10:00:00Z,0.9584,0.9594,0.9480,0.9581,1859973
2025-01-30T11:00:00Z,0.9580,0.9635,0.9513,0.9626,1709798
2025-01-30T12:00:00Z,0.9627,0.9628,0.9516,0.9564,1906020
2025-01-30T13:00:00Z,0.9566,0.9744,0.9517,0.9669,3021437
2025-01-30T14:00:00Z,0.9668,0.9792,0.9578,0.9746,4320275
2025-01-30T15:00:00Z,0.9746,0.9843,0.9718,0.9723,6099191
2025-01-30T16:00:00Z,0.9724,0.9850,0.9711,0.9827,2202313
2025-01-30T17:00:00Z,0.9828,0.9863,0.9764,0.9822,1950448
2025-01-30T18:00:00Z,0.9822,0.9823,0.9698,0.9769,1750790
2025-01-30T19:00:00Z,0.9768,0.9830,0.9713,0.9818,1651388
2025-01-30T20:00:00Z,0.9818,0.9824,0.9692,0.9699,2211173
2025-01-30T21:00:00Z,0.9700,0.9795,0.9700,0.9762,1207180
2025-01-30T22:00:00Z,0.9762,0.9789,0.9697,0.9769,1365137
2025-01-30T23:00:00Z,0.9769,0.9795,0.9704,0.9707,1609043
2025-01-31T00:00:00Z,0.9707,0.9763,0.9582,0.9750,3763354
2025-01-31T01:00:00Z,0.9750,0.9786,0.9708,0.9764,2873177
2025-01-31T02:00:00Z,0.9764,0.9777,0.9597,0.9605,1512123
2025-01-31T03:00:00Z,0.9605,0.9605,0.9436,0.9518,4034580
2025-01-31T04:00:00Z,0.9518,0.9577,0.9460,0.9512,1920183
2025-01-31T05:00:00Z,0.9513,0.9612,0.9507,0.9583,1180790
2025-01-31T06:00:00Z,0.9582,0.9650,0.9544,0.9640,1347364
2025-01-31T07:00:00Z,0.9640,0.9755,0.9554,0.9565,9024659
2025-01-31T08:00:00Z,0.9566,0.9627,0.9490,0.9492,8627995
2025-01-31T09:00:00Z,0.9494,0.9700,0.9472,0.9699,2580420
2025-01-31T10:00:00Z,0.9698,0.9787,0.9581,0.9756,3684837
2025-01-31T11:00:00Z,0.9756,0.9990,0.9752,0.9974,3115032
2025-01-31T12:00:00Z,0.9975,0.9990,0.9906,0.9923,2153461
2025-01-31T13:00:00Z,0.9922,1.0040,0.9919,1.0013,3481849
2025-01-31T14:00:00Z,1.0014,1.0092,0.9932,0.9993,3250717
2025-01-31T15:00:00Z,0.9994,1.0245,0.9992,1.0243,4177452
2025-01-31T16:00:00Z,1.0242,1.0248,1.0080,1.0103,3501946
2025-01-31T17:00:00Z,1.0105,1.0119,0.9961,0.9974,2641230
2025-01-31T18:00:00Z,0.9975,1.0098,0.9751,0.9837,6317429
2025-01-31T19:00:00Z,0.9838,0.9970,0.9823,0.9920,3159577
2025-01-31T20:00:00Z,0.9918,0.9988,0.9815,0.9973,3241798
2025-01-31T21:00:00Z,0.9972,1.0041,0.9876,1.0041,2863260
2025-01-31T22:00:00Z,1.0041,1.0143,0.9989,1.0036,3098460
2025-01-31T23:00:00Z,1.0035,1.0051,0.9915,0.9978,2824243
2025-02-01T00:00:00Z,0.9979,1.0120,0.9907,1.0096,1992859
2025-02-01T01:00:00Z,1.0098,1.0145,1.0051,1.0080,1288581
2025-02-01T02:00:00Z,1.0079,1.0185,1.0044,1.0170,1652364
2025-02-01T03:00:00Z,1.0169,1.0175,1.0044,1.0102,1350922
2025-02-01T04:00:00Z,1.0103,1.0191,1.0029,1.0124,1829109
2025-02-01T05:00:00Z,1.0124,1.0225,1.0112,1.0208,1467124
2025-02-01T06:00:00Z,1.0209,1.0214,1.0077,1.0205,1915640
2025-02-01T07:00:00Z,1.0205,1.0234,1.0169,1.0189,2121558
2025-02-01T08:00:00Z,1.0189,1.0449,1.0043,1.0113,11185944
2025-02-01T09:00:00Z,1.0114,1.0121,0.9828,0.9844,5248313
2025-02-01T10:00:00Z,0.9845,0.9973,0.9811,0.9828,3441705
2025-02-01T11:00:00Z,0.9829,0.9938,0.9778,0.9925,2315706
2025-02-01T12:00:00Z,0.9924,0.9968,0.9827,0.9929,2052985
2025-02-01T13:00:00Z,0.9928,0.9929,0.9714,0.9730,2969151
2025-02-01T14:00:00Z,0.9730,0.9784,0.9644,0.9658,2985300
2025-02-01T15:00:00Z,0.9659,0.9734,0.9593,0.9674,2652106
2025-02-01T16:00:00Z,0.9674,0.9746,0.9588,0.9593,2369905
2025-02-01T17:00:00Z,0.9594,0.9682,0.9563,0.9605,2606902
2025-02-01T18:00:00Z,0.9605,0.9637,0.9385,0.9411,3815865
2025-02-01T19:00:00Z,0.9412,0.9419,0.9230,0.9258,3806693
2025-02-01T20:00:00Z,0.9258,0.9281,0.9104,0.9229,4564030
2025-02-01T21:00:00Z,0.9229,0.9338,0.9173,0.9201,3116713
2025-02-01T22:00:00Z,0.9202,0.9253,0.9080,0.9131,3278825
2025-02-01T23:00:00Z,0.9130,0.9144,0.8983,0.9062,2936786
2025-02-02T00:00:00Z,0.9060,0.9273,0.9051,0.9213,2829165
2025-02-02T01:00:00Z,0.9213,0.9256,0.9151,0.9173,1758930
2025-02-02T02:00:00Z,0.9174,0.9178,0.8973,0.8982,2295427
2025-02-02T03:00:00Z,0.8983,0.9030,0.8739,0.8781,5682033
2025-02-02T04:00:00Z,0.8782,0.8923,0.8752,0.8847,2605746
2025-02-02T05:00:00Z,0.8850,0.9008,0.8839,0.8959,6091923
2025-02-02T06:00:00Z,0.8959,0.9047,0.8912,0.8980,5551053
2025-02-02T07:00:00Z,0.8980,0.8982,0.8871,0.8938,1953029
2025-02-02T08:00:00Z,0.8938,0.9164,0.8893,0.9069,2531005
2025-02-02T09:00:00Z,0.9068,0.9074,0.8961,0.8992,1755672
2025-02-02T10:00:00Z,0.8993,0.8996,0.8865,0.8913,2066108
2025-02-02T11:00:00Z,0.8912,0.8945,0.8701,0.8733,3775829
2025-02-02T12:00:00Z,0.8733,0.8807,0.8650,0.8662,3500892
2025-02-02T13:00:00Z,0.8661,0.8852,0.8658,0.8844,3000299
2025-02-02T14:00:00Z,0.8844,0.8860,0.8787,0.8789,2199932
2025-02-02T15:00:00Z,0.8789,0.8789,0.8606,0.8713,4013933
2025-02-02T16:00:00Z,0.8714,0.8719,0.8212,0.8292,10650214
2025-02-02T17:00:00Z,0.8292,0.8359,0.7828,0.7926,15633683
2025-02-02T18:00:00Z,0.7926,0.7961,0.7502,0.7544,16967275
2025-02-02T19:00:00Z,0.7544,0.7862,0.7426,0.7798,12717072
2025-02-02T20:00:00Z,0.7799,0.7932,0.7690,0.7703,4312890
2025-02-02T21:00:00Z,0.7702,0.7723,0.7566,0.7604,5471736
2025-02-02T22:00:00Z,0.7605,0.7742,0.6975,0.7438,10500199
2025-02-02T23:00:00Z,0.7438,0.7541,0.7125,0.7522,11155119
2025-02-03T00:00:00Z,0.7524,0.7525,0.6818,0.7126,17550352
2025-02-03T01:00:00Z,0.7127,0.7181,0.5829,0.6153,31393952
2025-02-03T02:00:00Z,0.6153,0.6245,0.5382,0.5883,44010817
2025-02-03T03:00:00Z,0.5884,0.6271,0.5864,0.6218,14121214
2025-02-03T04:00:00Z,0.6219,0.6293,0.5876,0.5889,16201563
2025-02-03T05:00:00Z,0.5891,0.6215,0.5881,0.6202,8643831
2025-02-03T06:00:00Z,0.6201,0.6476,0.6132,0.6452,9770956
2025-02-03T07:00:00Z,0.6452,0.6706,0.6426,0.6689,8477718
2025-02-03T08:00:00Z,0.6689,0.6690,0.6413,0.6554,6894262
2025-02-03T09:00:00Z,0.6555,0.6707,0.6484,0.6560,9221204
2025-02-03T10:00:00Z,0.6560,0.6831,0.6560,0.6800,6473145
2025-02-03T11:00:00Z,0.6800,0.6841,0.6666,0.6688,4591557
2025-02-03T12:00:00Z,0.6688,0.6832,0.6584,0.6609,7184785
2025-02-03T13:00:00Z,0.6609,0.6679,0.6501,0.6561,7914674
2025-02-03T14:00:00Z,0.6562,0.6798,0.6336,0.6774,19100283
2025-02-03T15:00:00Z,0.6773,0.7134,0.6704,0.7018,14940765
2025-02-03T16:00:00Z,0.7018,0.7199,0.6961,0.7110,8497905
2025-02-03T17:00:00Z,0.7111,0.7191,0.7044,0.7160,4429096
2025-02-03T18:00:00Z,0.7159,0.7238,0.7092,0.7230,4346183
2025-02-03T19:00:00Z,0.7229,0.7403,0.7180,0.7399,4844677
2025-02-03T20:00:00Z,0.7398,0.7399,0.7192,0.7256,4556924
2025-02-03T21:00:00Z,0.7256,0.7563,0.7251,0.7558,4001935
2025-02-03T22:00:00Z,0.7558,0.7682,0.7538,0.7614,4459596
2025-02-03T23:00:00Z,0.7615,0.7631,0.7485,0.7540,2650786
2025-02-04T00:00:00Z,0.7540,0.7617,0.7449,0.7452,3023619
2025-02-04T01:00:00Z,0.7453,0.7548,0.7441,0.7479,2292249
2025-02-04T02:00:00Z,0.7480,0.7502,0.7340,0.7349,2575273
2025-02-04T03:00:00Z,0.7350,0.7381,0.7258,0.7347,2923359
2025-02-04T04:00:00Z,0.7347,0.7396,0.7222,0.7253,3905263
2025-02-04T05:00:00Z,0.7254,0.7261,0.6679,0.6716,15845394
2025-02-04T06:00:00Z,0.6718,0.6888,0.6717,0.6861,6127199
2025-02-04T07:00:00Z,0.6861,0.6861,0.6586,0.6619,6099321
2025-02-04T08:00:00Z,0.6619,0.6744,0.6587,0.6660,6191934
2025-02-04T09:00:00Z,0.6659,0.6777,0.6654,0.6668,4032106
2025-02-04T10:00:00Z,0.6668,0.6872,0.6661,0.6804,4253572
2025-02-04T11:00:00Z,0.6802,0.6965,0.6792,0.6878,5120451
2025-02-04T12:00:00Z,0.6879,0.7122,0.6875,0.7058,5515721
2025-02-04T13:00:00Z,0.7057,0.7154,0.6996,0.7018,6155290
2025-02-04T14:00:00Z,0.7019,0.7242,0.6946,0.7131,9698792
2025-02-04T15:00:00Z,0.7130,0.7167,0.6922,0.7038,8302702
2025-02-04T16:00:00Z,0.7041,0.7163,0.6986,0.7053,5635251
2025-02-04T17:00:00Z,0.7054,0.7178,0.7003,0.7087,4258861
2025-02-04T18:00:00Z,0.7087,0.7213,0.7040,0.7207,4731355
2025-02-04T19:00:00Z,0.7206,0.7398,0.7053,0.7053,8025150
2025-02-04T20:00:00Z,0.7057,0.7129,0.6903,0.6987,10628536
2025-02-04T21:00:00Z,0.6987,0.6991,0.6780,0.6796,8674025
2025-02-04T22:00:00Z,0.6797,0.7024,0.6784,0.6980,3959570
2025-02-04T23:00:00Z,0.6981,0.7153,0.6943,0.7054,4030019
2025-02-05T00:00:00Z,0.7055,0.7086,0.6962,0.7016,3845193
2025-02-05T01:00:00Z,0.7015,0.7142,0.7012,0.7066,3081909
2025-02-05T02:00:00Z,0.7064,0.7220,0.7036,0.7166,4370854
2025-02-05T03:00:00Z,0.7165,0.7184,0.7095,0.7140,2341457
2025-02-05T04:00:00Z,0.7139,0.7170,0.7086,0.7135,1871929
2025-02-05T05:00:00Z,0.7133,0.7255,0.7067,0.7236,2651029
2025-02-05T06:00:00Z,0.7235,0.7236,0.7082,0.7100,3135590
2025-02-05T07:00:00Z,0.7100,0.7135,0.7052,0.7109,2084014
2025-02-05T08:00:00Z,0.7108,0.7151,0.7038,0.7131,2476902
2025-02-05T09:00:00Z,0.7130,0.7201,0.7051,0.7101,2817426
2025-02-05T10:00:00Z,0.7101,0.7182,0.7086,0.7104,2238938
2025-02-05T11:00:00Z,0.7103,0.7229,0.7103,0.7170,2622563
2025-02-05T12:00:00Z,0.7169,0.7221,0.7125,0.7148,2723474
2025-02-05T13:00:00Z,0.7149,0.7216,0.7143,0.7198,2214540
2025-02-05T14:00:00Z,0.7197,0.7226,0.7081,0.7100,3981232
2025-02-05T15:00:00Z,0.7099,0.7187,0.6994,0.7128,5193054
2025-02-05T16:00:00Z,0.7127,0.7158,0.6923,0.7059,6269527
2025-02-05T17:00:00Z,0.7058,0.7088,0.6820,0.6876,5419178
2025-02-05T18:00:00Z,0.6876,0.6944,0.6802,0.6842,5481784
2025-02-05T19:00:00Z,0.6841,0.7091,0.6812,0.7050,5411955
2025-02-05T20:00:00Z,0.7049,0.7093,0.6856,0.6914,5467057
2025-02-05T21:00:00Z,0.6914,0.6969,0.6872,0.6897,3055640
2025-02-05T22:00:00Z,0.6897,0.6924,0.6754,0.6803,4022387
2025-02-05T23:00:00Z,0.6802,0.6895,0.6793,0.6868,2822037
2025-02-06T00:00:00Z,0.6867,0.6932,0.6799,0.6812,2281709
2025-02-06T01:00:00Z,0.6812,0.6966,0.6773,0.6882,2645250
2025-02-06T02:00:00Z,0.6882,0.6988,0.6869,0.6915,2050959
2025-02-06T03:00:00Z,0.6916,0.6972,0.6862,0.6934,1862715
2025-02-06T04:00:00Z,0.6934,0.7001,0.6908,0.6984,2020920
2025-02-06T05:00:00Z,0.6984,0.7013,0.6937,0.6984,1555877
2025-02-06T06:00:00Z,0.6984,0.7066,0.6939,0.7047,2109507
2025-02-06T07:00:00Z,0.7047,0.7050,0.6957,0.6980,1766169
2025-02-06T08:00:00Z,0.6980,0.7002,0.6887,0.6923,3456365
2025-02-06T09:00:00Z,0.6923,0.7007,0.6887,0.6960,2412670
2025-02-06T10:00:00Z,0.6959,0.6973,0.6850,0.6904,2765013
2025-02-06T11:00:00Z,0.6902,0.6916,0.6786,0.6843,3060633
2025-02-06T12:00:00Z,0.6842,0.6856,0.6664,0.6729,4707524
2025-02-06T13:00:00Z,0.6730,0.6871,0.6730,0.6794,4786429
2025-02-06T14:00:00Z,0.6794,0.6821,0.6564,0.6618,7266175
2025-02-06T15:00:00Z,0.6619,0.6676,0.6414,0.6466,10869725
2025-02-06T16:00:00Z,0.6466,0.6532,0.6417,0.6462,9060942
2025-02-06T17:00:00Z,0.6462,0.6582,0.6416,0.6477,4673777
2025-02-06T18:00:00Z,0.6478,0.6490,0.6399,0.6401,4969531
2025-02-06T19:00:00Z,0.6399,0.6511,0.6344,0.6382,4180033
2025-02-06T20:00:00Z,0.6382,0.6525,0.6367,0.6485,4903569
2025-02-06T21:00:00Z,0.6485,0.6494,0.6326,0.6444,4913196
2025-02-06T22:00:00Z,0.6443,0.6447,0.6336,0.6427,2315912
2025-02-06T23:00:00Z,0.6427,0.6457,0.6297,0.6377,2314476
2025-02-07T00:00:00Z,0.6378,0.6507,0.6369,0.6447,3033590
2025-02-07T01:00:00Z,0.6446,0.6675,0.6445,0.6624,3627263
2025-02-07T02:00:00Z,0.6623,0.6683,0.6590,0.6645,2749681
2025-02-07T03:00:00Z,0.6643,0.6677,0.6566,0.6627,1887503
2025-02-07T04:00:00Z,0.6627,0.6679,0.6605,0.6636,2121376
2025-02-07T05:00:00Z,0.6635,0.6666,0.6584,0.6642,1339648
2025-02-07T06:00:00Z,0.6642,0.6646,0.6478,0.6565,2803234
2025-02-07T07:00:00Z,0.6565,0.6722,0.6562,0.6640,3299283
2025-02-07T08:00:00Z,0.6641,0.6801,0.6596,0.6730,3069630
2025-02-07T09:00:00Z,0.6731,0.6798,0.6710,0.6787,3034634
2025-02-07T10:00:00Z,0.6788,0.6846,0.6758,0.6769,2692203
2025-02-07T11:00:00Z,0.6770,0.6837,0.6757,0.6826,1730452
2025-02-07T12:00:00Z,0.6827,0.6860,0.6751,0.6813,3201410
2025-02-07T13:00:00Z,0.6814,0.7013,0.6754,0.6994,6918324
2025-02-07T14:00:00Z,0.6993,0.7085,0.6937,0.7048,5632666
2025-02-07T15:00:00Z,0.7048,0.7048,0.6834,0.6887,6396620
2025-02-07T16:00:00Z,0.6889,0.6902,0.6766,0.6802,3995101
2025-02-07T17:00:00Z,0.6802,0.6827,0.6674,0.6744,3919851
2025-02-07T18:00:00Z,0.6743,0.6826,0.6713,0.6769,2032235
2025-02-07T19:00:00Z,0.6768,0.6776,0.6688,0.6697,2124938
2025-02-07T20:00:00Z,0.6698,0.6703,0.6385,0.6402,7313750
2025-02-07T21:00:00Z,0.6404,0.6468,0.6352,0.6380,5048505
2025-02-07T22:00:00Z,0.6380,0.6385,0.6254,0.6369,5310101
2025-02-07T23:00:00Z,0.6369,0.6506,0.6348,0.6486,3378327
2025-02-08T00:00:00Z,0.6486,0.6592,0.6442,0.6572,3108416
2025-02-08T01:00:00Z,0.6572,0.6579,0.6477,0.6486,2666065
2025-02-08T02:00:00Z,0.6487,0.6527,0.6449,0.6505,2367967
2025-02-08T03:00:00Z,0.6506,0.6562,0.6460,0.6498,1747120
2025-02-08T04:00:00Z,0.6498,0.6513,0.6469,0.6494,1781632
2025-02-08T05:00:00Z,0.6495,0.6535,0.6447,0.6516,2107415
2025-02-08T06:00:00Z,0.6516,0.6552,0.6482,0.6512,1727791
2025-02-08T07:00:00Z,0.6511,0.6657,0.6451,0.6594,2467937
2025-02-08T08:00:00Z,0.6594,0.6611,0.6511,0.6517,2013916
2025-02-08T09:00:00Z,0.6516,0.6588,0.6516,0.6566,1808885
2025-02-08T10:00:00Z,0.6565,0.6587,0.6488,0.6511,1580510
2025-02-08T11:00:00Z,0.6510,0.6534,0.6471,0.6527,2078799
2025-02-08T12:00:00Z,0.6526,0.6560,0.6476,0.6507,2658821
2025-02-08T13:00:00Z,0.6507,0.6649,0.6497,0.6597,3024162
2025-02-08T14:00:00Z,0.6596,0.6710,0.6567,0.6690,3000968
2025-02-08T15:00:00Z,0.6691,0.6747,0.6594,0.6648,3917196
2025-02-08T16:00:00Z,0.6647,0.6744,0.6601,0.6722,2793274
2025-02-08T17:00:00Z,0.6721,0.6922,0.6721,0.6821,3742788
2025-02-08T18:00:00Z,0.6822,0.6879,0.6763,0.6868,2850792
2025-02-08T19:00:00Z,0.6866,0.6936,0.6837,0.6881,2178058
2025-02-08T20:00:00Z,0.6881,0.6906,0.6817,0.6840,1887428
2025-02-08T21:00:00Z,0.6839,0.6864,0.6799,0.6827,1421626
2025-02-08T22:00:00Z,0.6828,0.6871,0.6754,0.6814,2271777
2025-02-08T23:00:00Z,0.6816,0.6895,0.6815,0.6851,1276302
2025-02-09T00:00:00Z,0.6852,0.6859,0.6785,0.6824,1341337
2025-02-09T01:00:00Z,0.6824,0.6875,0.6799,0.6837,1492166
2025-02-09T02:00:00Z,0.6837,0.6845,0.6743,0.6745,1690116
2025-02-09T03:00:00Z,0.6745,0.6974,0.6732,0.6924,3407734
2025-02-09T04:00:00Z,0.6924,0.6927,0.6842,0.6888,2340016
2025-02-09T05:00:00Z,0.6889,0.6895,0.6817,0.6850,1399216
2025-02-09T06:00:00Z,0.6850,0.6894,0.6800,0.6875,1774603
2025-02-09T07:00:00Z,0.6874,0.6991,0.6847,0.6943,2464254
2025-02-09T08:00:00Z,0.6944,0.7012,0.6927,0.7001,2316730
2025-02-09T09:00:00Z,0.7002,0.7031,0.6926,0.6961,2185335
2025-02-09T10:00:00Z,0.6961,0.7043,0.6929,0.6993,1969041
2025-02-09T11:00:00Z,0.6994,0.7014,0.6913,0.6922,2132026
2025-02-09T12:00:00Z,0.6923,0.6985,0.6899,0.6943,3668753
2025-02-09T13:00:00Z,0.6944,0.6964,0.6769,0.6784,3728790
2025-02-09T14:00:00Z,0.6784,0.6855,0.6773,0.6810,2321808
2025-02-09T15:00:00Z,0.6809,0.6937,0.6802,0.6922,2789854
2025-02-09T16:00:00Z,0.6922,0.6972,0.6875,0.6954,2946989
2025-02-09T17:00:00Z,0.6953,0.6962,0.6841,0.6880,2270651
2025-02-09T18:00:00Z,0.6880,0.6959,0.6849,0.6903,1609910
2025-02-09T19:00:00Z,0.6903,0.6916,0.6794,0.6816,1901103
2025-02-09T20:00:00Z,0.6815,0.6906,0.6798,0.6842,2304309
2025-02-09T21:00:00Z,0.6842,0.6849,0.6498,0.6537,6740868
2025-02-09T22:00:00Z,0.6536,0.6836,0.6470,0.6765,5014708
2025-02-09T23:00:00Z,0.6763,0.6900,0.6742,0.6867,2263561
2025-02-10T00:00:00Z,0.6867,0.7081,0.6861,0.6989,4381744
2025-02-10T01:00:00Z,0.6988,0.7012,0.6677,0.6701,3764497
2025-02-10T02:00:00Z,0.6700,0.6742,0.6621,0.6689,4219919
2025-02-10T03:00:00Z,0.6690,0.6980,0.6647,0.6863,5047095
2025-02-10T04:00:00Z,0.6864,0.6994,0.6830,0.6931,2483713
2025-02-10T05:00:00Z,0.6932,0.7082,0.6891,0.6993,2746719
2025-02-10T06:00:00Z,0.6994,0.7014,0.6897,0.6923,2227816
2025-02-10T07:00:00Z,0.6923,0.6989,0.6870,0.6922,2378827
2025-02-10T08:00:00Z,0.6922,0.7053,0.6916,0.7020,2925731
2025-02-10T09:00:00Z,0.7020,0.7066,0.6970,0.7019,2499313
2025-02-10T10:00:00Z,0.7017,0.7059,0.6935,0.6973,3121083
2025-02-10T11:00:00Z,0.6971,0.7020,0.6927,0.6992,1778123
2025-02-10T12:00:00Z,0.6990,0.7016,0.6889,0.6940,2385023
2025-02-10T13:00:00Z,0.6940,0.7180,0.6930,0.7145,3861255
2025-02-10T14:00:00Z,0.7146,0.7155,0.6976,0.7038,5209219
2025-02-10T15:00:00Z,0.7038,0.7073,0.6966,0.7024,2425013
2025-02-10T16:00:00Z,0.7025,0.7121,0.7002,0.7083,2685212
2025-02-10T17:00:00Z,0.7084,0.7156,0.7045,0.7148,1834815
2025-02-10T18:00:00Z,0.7147,0.7197,0.7122,0.7181,2160802
2025-02-10T19:00:00Z,0.7180,0.7197,0.7119,0.7141,2114190
2025-02-10T20:00:00Z,0.7141,0.7289,0.7128,0.7232,3001087
2025-02-10T21:00:00Z,0.7231,0.7239,0.7153,0.7171,1482901
2025-02-10T22:00:00Z,0.7170,0.7211,0.7117,0.7146,1662816
2025-02-10T23:00:00Z,0.7147,0.7208,0.7115,0.7193,1694932
2025-02-11T00:00:00Z,0.7192,0.7300,0.7163,0.7271,2575776
2025-02-11T01:00:00Z,0.7271,0.7370,0.7253,0.7350,1961672
2025-02-11T02:00:00Z,0.7349,0.7368,0.7258,0.7311,2055315
2025-02-11T03:00:00Z,0.7311,0.7380,0.7270,0.7366,1287496
2025-02-11T04:00:00Z,0.7367,0.7637,0.7367,0.7608,2916423
2025-02-11T05:00:00Z,0.7609,0.7671,0.7558,0.7653,3527036
2025-02-11T06:00:00Z,0.7654,0.7723,0.7591,0.7696,2193919
2025-02-11T07:00:00Z,0.7697,0.7701,0.7565,0.7579,2116266
2025-02-11T08:00:00Z,0.7578,0.7635,0.7544,0.7594,1802110
2025-02-11T09:00:00Z,0.7593,0.7608,0.7490,0.7514,1771316
2025-02-11T10:00:00Z,0.7513,0.7523,0.7405,0.7421,2766297
2025-02-11T11:00:00Z,0.7421,0.7498,0.7419,0.7475,2256589
2025-02-11T12:00:00Z,0.7475,0.7488,0.7355,0.7369,2315295
2025-02-11T13:00:00Z,0.7370,0.7393,0.7108,0.7127,3914043
2025-02-11T14:00:00Z,0.7126,0.7277,0.7118,0.7251,3487654
2025-02-11T15:00:00Z,0.7253,0.7320,0.7188,0.7237,3330125
2025-02-11T16:00:00Z,0.7237,0.7274,0.7191,0.7218,3131177
2025-02-11T17:00:00Z,0.7220,0.7258,0.7151,0.7202,2563980
2025-02-11T18:00:00Z,0.7202,0.7209,0.7034,0.7062,4068066
2025-02-11T19:00:00Z,0.7063,0.7080,0.6946,0.6982,4156136
2025-02-11T20:00:00Z,0.6983,0.7074,0.6964,0.7024,2792528
2025-02-11T21:00:00Z,0.7024,0.7149,0.7023,0.7105,2547289
2025-02-11T22:00:00Z,0.7104,0.7144,0.6987,0.7019,2547974
2025-02-11T23:00:00Z,0.7020,0.7123,0.7016,0.7071,2118693
2025-02-12T00:00:00Z,0.7071,0.7161,0.7020,0.7133,2057227
2025-02-12T01:00:00Z,0.7132,0.7190,0.7087,0.7164,1766613
2025-02-12T02:00:00Z,0.7165,0.7174,0.7026,0.7056,2133636
2025-02-12T03:00:00Z,0.7057,0.7123,0.6994,0.7062,2474479
2025-02-12T04:00:00Z,0.7061,0.7093,0.6984,0.7024,2063120
2025-02-12T05:00:00Z,0.7025,0.7104,0.6993,0.7089,1814031
2025-02-12T06:00:00Z,0.7089,0.7105,0.7007,0.7047,1804744
2025-02-12T07:00:00Z,0.7046,0.7171,0.7030,0.7103,1843220
2025-02-12T08:00:00Z,0.7101,0.7179,0.7099,0.7159,2287375
2025-02-12T09:00:00Z,0.7159,0.7170,0.7077,0.7149,1751505
2025-02-12T10:00:00Z,0.7148,0.7168,0.7063,0.7091,1868242
2025-02-12T11:00:00Z,0.7090,0.7205,0.7086,0.7161,2394024
2025-02-12T12:00:00Z,0.7161,0.7260,0.7153,0.7167,3151327
2025-02-12T13:00:00Z,0.7168,0.7328,0.6878,0.7037,15250270
2025-02-12T14:00:00Z,0.7040,0.7047,0.6845,0.7040,5179520
2025-02-12T15:00:00Z,0.7039,0.7180,0.6906,0.7155,5722743
2025-02-12T16:00:00Z,0.7156,0.7414,0.7086,0.7381,5452635
2025-02-12T17:00:00Z,0.7381,0.7470,0.7355,0.7405,4570321
2025-02-12T18:00:00Z,0.7406,0.7451,0.7330,0.7430,2527957
2025-02-12T19:00:00Z,0.7430,0.7496,0.7350,0.7475,2931187
2025-02-12T20:00:00Z,0.7476,0.7503,0.7415,0.7427,2537575
2025-02-12T21:00:00Z,0.7428,0.7536,0.7400,0.7479,2340473
2025-02-12T22:00:00Z,0.7480,0.7643,0.7431,0.7539,2777534
2025-02-12T23:00:00Z,0.7538,0.7570,0.7476,0.7538,2192463
2025-02-13T00:00:00Z,0.7539,0.7586,0.7498,0.7578,1711268
2025-02-13T01:00:00Z,0.7578,0.7696,0.7571,0.7669,2084559
2025-02-13T02:00:00Z,0.7669,0.7669,0.7546,0.7576,1935027
2025-02-13T03:00:00Z,0.7576,0.7596,0.7536,0.7566,1801388
2025-02-13T04:00:00Z,0.7566,0.7581,0.7441,0.7467,3087347
2025-02-13T05:00:00Z,0.7468,0.7540,0.7442,0.7504,2070921
2025-02-13T06:00:00Z,0.7505,0.7619,0.7355,0.7383,4633461
2025-02-13T07:00:00Z,0.7382,0.7425,0.7312,0.7327,2291040
2025-02-13T08:00:00Z,0.7327,0.7346,0.7229,0.7268,3188706
2025-02-13T09:00:00Z,0.7267,0.7375,0.7248,0.7342,2516468
2025-02-13T10:00:00Z,0.7341,0.7371,0.7298,0.7360,1739450
2025-02-13T11:00:00Z,0.7360,0.7367,0.7241,0.7324,2560750
2025-02-13T12:00:00Z,0.7325,0.7405,0.7303,0.7333,2365373
2025-02-13T13:00:00Z,0.7334,0.7458,0.7303,0.7388,4625946
2025-02-13T14:00:00Z,0.7388,0.7397,0.7252,0.7294,4670618
2025-02-13T15:00:00Z,0.7293,0.7411,0.7243,0.7322,2985863
2025-02-13T16:00:00Z,0.7321,0.7338,0.7217,0.7245,2655171
2025-02-13T17:00:00Z,0.7245,0.7321,0.7231,0.7238,2237921
2025-02-13T18:00:00Z,0.7239,0.7312,0.7178,0.7310,2632298
2025-02-13T19:00:00Z,0.7310,0.7383,0.7245,0.7289,2048732
2025-02-13T20:00:00Z,0.7290,0.7360,0.7273,0.7309,1614743
2025-02-13T21:00:00Z,0.7308,0.7384,0.7298,0.7351,1641104
2025-02-13T22:00:00Z,0.7350,0.7361,0.7278,0.7283,1494547
2025-02-13T23:00:00Z,0.7284,0.7354,0.7260,0.7325,1703744
2025-02-14T00:00:00Z,0.7325,0.7378,0.7295,0.7351,1868885
2025-02-14T01:00:00Z,0.7352,0.7390,0.7271,0.7343,1796792
2025-02-14T02:00:00Z,0.7344,0.7390,0.7312,0.7328,1744121
2025-02-14T03:00:00Z,0.7329,0.7454,0.7325,0.7433,1827076
2025-02-14T04:00:00Z,0.7434,0.7450,0.7352,0.7371,1908635
2025-02-14T05:00:00Z,0.7372,0.7383,0.7312,0.7332,1492136
2025-02-14T06:00:00Z,0.7332,0.7343,0.7262,0.7302,2030013
2025-02-14T07:00:00Z,0.7303,0.7341,0.7283,0.7312,1602925
2025-02-14T08:00:00Z,0.7312,0.7395,0.7280,0.7351,2467026
2025-02-14T09:00:00Z,0.7351,0.7481,0.7342,0.7478,2892850
2025-02-14T10:00:00Z,0.7479,0.7525,0.7419,0.7437,2393785
2025-02-14T11:00:00Z,0.7437,0.7443,0.7346,0.7406,2418000
2025-02-14T12:00:00Z,0.7406,0.7433,0.7357,0.7381,2183801
2025-02-14T13:00:00Z,0.7380,0.7420,0.7336,0.7402,2037511
2025-02-14T14:00:00Z,0.7401,0.7539,0.7380,0.7502,2922783
2025-02-14T15:00:00Z,0.7502,0.7531,0.7386,0.7500,3734465
2025-02-14T16:00:00Z,0.7501,0.7587,0.7443,0.7576,2475901
2025-02-14T17:00:00Z,0.7576,0.7765,0.7547,0.7710,3539212
2025-02-14T18:00:00Z,0.7710,0.7864,0.7708,0.7789,6372526
2025-02-14T19:00:00Z,0.7789,0.7825,0.7585,0.7630,4946154
2025-02-14T20:00:00Z,0.7630,0.7634,0.7418,0.7435,3772841
2025-02-14T21:00:00Z,0.7436,0.7526,0.7373,0.7521,3562294
2025-02-14T22:00:00Z,0.7520,0.7582,0.7332,0.7396,3417050
2025-02-14T23:00:00Z,0.7396,0.7491,0.7365,0.7483,1992294
2025-02-15T00:00:00Z,0.7484,0.7484,0.7347,0.7404,2455125
2025-02-15T01:00:00Z,0.7403,0.7462,0.7365,0.7458,1990921
2025-02-15T02:00:00Z,0.7458,0.7485,0.7396,0.7451,1599005
2025-02-15T03:00:00Z,0.7451,0.7485,0.7417,0.7429,1086893
2025-02-15T04:00:00Z,0.7430,0.7478,0.7408,0.7431,1147296
2025-02-15T05:00:00Z,0.7431,0.7455,0.7401,0.7420,1310085
2025-02-15T06:00:00Z,0.7421,0.7432,0.7335,0.7354,1790999
2025-02-15T07:00:00Z,0.7354,0.7375,0.7297,0.7340,2044949
2025-02-15T08:00:00Z,0.7339,0.7407,0.7328,0.7364,1935457
2025-02-15T09:00:00Z,0.7364,0.7392,0.7299,0.7311,1649303
2025-02-15T10:00:00Z,0.7309,0.7324,0.7265,0.7310,1953619
2025-02-15T11:00:00Z,0.7311,0.7326,0.7200,0.7261,3010177
2025-02-15T12:00:00Z,0.7260,0.7310,0.7242,0.7293,1780534
2025-02-15T13:00:00Z,0.7293,0.7318,0.7253,0.7265,1880074
2025-02-15T14:00:00Z,0.7263,0.7264,0.7097,0.7160,4339669
2025-02-15T15:00:00Z,0.7160,0.7207,0.7140,0.7172,1980705
2025-02-15T16:00:00Z,0.7173,0.7233,0.7147,0.7174,2441861
2025-02-15T17:00:00Z,0.7173,0.7204,0.7129,0.7162,2032421
2025-02-15T18:00:00Z,0.7163,0.7246,0.7153,0.7226,2176815
2025-02-15T19:00:00Z,0.7225,0.7237,0.7174,0.7181,1159607
2025-02-15T20:00:00Z,0.7182,0.7210,0.7094,0.7140,1849856
2025-02-15T21:00:00Z,0.7139,0.7194,0.7137,0.7187,1466976
2025-02-15T22:00:00Z,0.7187,0.7201,0.7098,0.7144,1523937
2025-02-15T23:00:00Z,0.7144,0.7195,0.7131,0.7171,1251752
2025-02-16T00:00:00Z,0.7171,0.7232,0.7159,0.7179,1593868
2025-02-16T01:00:00Z,0.7179,0.7181,0.7109,0.7158,1720178
2025-02-16T02:00:00Z,0.7159,0.7172,0.7053,0.7073,2368200
2025-02-16T03:00:00Z,0.7072,0.7136,0.7055,0.7135,1589419
2025-02-16T04:00:00Z,0.7136,0.7165,0.7092,0.7122,1759700
2025-02-16T05:00:00Z,0.7122,0.7147,0.7041,0.7101,1857569
2025-02-16T06:00:00Z,0.7100,0.7129,0.7065,0.7088,1336280
2025-02-16T07:00:00Z,0.7088,0.7088,0.7002,0.7026,2117907
2025-02-16T08:00:00Z,0.7025,0.7087,0.7004,0.7081,2036993
2025-02-16T09:00:00Z,0.7081,0.7254,0.7055,0.7225,3714130
2025-02-16T10:00:00Z,0.7224,0.7299,0.7197,0.7232,2910845
2025-02-16T11:00:00Z,0.7233,0.7311,0.7214,0.7299,2252157
2025-02-16T12:00:00Z,0.7300,0.7301,0.7235,0.7241,1754104
2025-02-16T13:00:00Z,0.7240,0.7242,0.7155,0.7171,2942528
2025-02-16T14:00:00Z,0.7170,0.7271,0.7122,0.7237,3409964
2025-02-16T15:00:00Z,0.7238,0.7289,0.7223,0.7232,2994122
2025-02-16T16:00:00Z,0.7231,0.7292,0.7214,0.7259,2345326
2025-02-16T17:00:00Z,0.7259,0.7319,0.7211,0.7226,2317361
2025-02-16T18:00:00Z,0.7226,0.7227,0.7120,0.7184,3257726
2025-02-16T19:00:00Z,0.7184,0.7230,0.7112,0.7216,2323284
2025-02-16T20:00:00Z,0.7215,0.7223,0.7102,0.7109,2381599
2025-02-16T21:00:00Z,0.7108,0.7194,0.7058,0.7184,2998545
2025-02-16T22:00:00Z,0.7184,0.7193,0.7080,0.7175,2548998
2025-02-16T23:00:00Z,0.7175,0.7232,0.7096,0.7188,3906837
2025-02-17T00:00:00Z,0.7189,0.7293,0.7179,0.7288,3110287
2025-02-17T01:00:00Z,0.7288,0.7357,0.7234,0.7319,2376498
2025-02-17T02:00:00Z,0.7318,0.7348,0.7259,0.7277,2286170
2025-02-17T03:00:00Z,0.7276,0.7327,0.7221,0.7311,1930678
2025-02-17T04:00:00Z,0.7311,0.7335,0.7158,0.7158,2230550
2025-02-17T05:00:00Z,0.7159,0.7196,0.7026,0.7175,5136782
2025-02-17T06:00:00Z,0.7175,0.7246,0.7156,0.7190,2740271
2025-02-17T07:00:00Z,0.7191,0.7240,0.7068,0.7097,3262752
2025-02-17T08:00:00Z,0.7096,0.7186,0.7013,0.7151,3935363
2025-02-17T09:00:00Z,0.7152,0.7269,0.7140,0.7242,2977714
2025-02-17T10:00:00Z,0.7243,0.7368,0.7236,0.7281,3425964
2025-02-17T11:00:00Z,0.7281,0.7341,0.7243,0.7280,2196266
2025-02-17T12:00:00Z,0.7280,0.7335,0.7263,0.7292,2348135
2025-02-17T13:00:00Z,0.7291,0.7499,0.7260,0.7410,7166784
2025-02-17T14:00:00Z,0.7411,0.7495,0.7385,0.7450,5012566
2025-02-17T15:00:00Z,0.7450,0.7487,0.7179,0.7201,4838354
2025-02-17T16:00:00Z,0.7201,0.7256,0.7074,0.7080,4488848
2025-02-17T17:00:00Z,0.7080,0.7170,0.7074,0.7094,3289887
2025-02-17T18:00:00Z,0.7093,0.7097,0.6982,0.6989,5097882
2025-02-17T19:00:00Z,0.6988,0.7110,0.6938,0.7078,4491680
2025-02-17T20:00:00Z,0.7076,0.7193,0.7067,0.7130,3181491
2025-02-17T21:00:00Z,0.7129,0.7245,0.7120,0.7242,3250205
2025-02-17T22:00:00Z,0.7242,0.7258,0.7142,0.7143,2128972
2025-02-17T23:00:00Z,0.7143,0.7199,0.7118,0.7154,1441863
2025-02-18T00:00:00Z,0.7153,0.7184,0.7056,0.7073,2592976
2025-02-18T01:00:00Z,0.7073,0.7168,0.7048,0.7147,2054926
2025-02-18T02:00:00Z,0.7148,0.7166,0.7075,0.7110,1616604
2025-02-18T03:00:00Z,0.7110,0.7140,0.7066,0.7092,1815004
2025-02-18T04:00:00Z,0.7091,0.7117,0.7019,0.7079,2956215
2025-02-18T05:00:00Z,0.7078,0.7091,0.6932,0.6946,3430786
2025-02-18T06:00:00Z,0.6947,0.6956,0.6735,0.6762,7549387
2025-02-18T07:00:00Z,0.6763,0.6878,0.6737,0.6852,3920831
2025-02-18T08:00:00Z,0.6851,0.6944,0.6793,0.6831,3522863
2025-02-18T09:00:00Z,0.6831,0.6979,0.6783,0.6977,3631058
2025-02-18T10:00:00Z,0.6976,0.7004,0.6917,0.6926,2987229
2025-02-18T11:00:00Z,0.6927,0.6942,0.6863,0.6889,2492337
2025-02-18T12:00:00Z,0.6889,0.6985,0.6875,0.6937,2973754
2025-02-18T13:00:00Z,0.6937,0.6939,0.6869,0.6930,3495296
2025-02-18T14:00:00Z,0.6931,0.7001,0.6748,0.6813,5679599
2025-02-18T15:00:00Z,0.6813,0.6818,0.6576,0.6615,6953883
2025-02-18T16:00:00Z,0.6615,0.6744,0.6527,0.6537,8108976
2025-02-18T17:00:00Z,0.6536,0.6652,0.6487,0.6645,5397833
2025-02-18T18:00:00Z,0.6644,0.6740,0.6620,0.6667,4596416
2025-02-18T19:00:00Z,0.6666,0.6666,0.6573,0.6576,4737091
2025-02-18T20:00:00Z,0.6577,0.6588,0.6510,0.6579,4057547
2025-02-18T21:00:00Z,0.6580,0.6699,0.6572,0.6647,3761578
2025-02-18T22:00:00Z,0.6648,0.6726,0.6629,0.6676,1916098
2025-02-18T23:00:00Z,0.6676,0.6758,0.6661,0.6745,1774200
2025-02-19T00:00:00Z,0.6744,0.6769,0.6688,0.6698,1784320
2025-02-19T01:00:00Z,0.6699,0.6714,0.6640,0.6674,2046098
2025-02-19T02:00:00Z,0.6675,0.6766,0.6673,0.6710,3900280
2025-02-19T03:00:00Z,0.6709,0.6710,0.6639,0.6674,2172839
2025-02-19T04:00:00Z,0.6673,0.6679,0.6570,0.6570,3188877
2025-02-19T05:00:00Z,0.6569,0.6623,0.6552,0.6609,2504586
2025-02-19T06:00:00Z,0.6610,0.6755,0.6599,0.6733,3351796
2025-02-19T07:00:00Z,0.6731,0.6850,0.6719,0.6808,3424510
2025-02-19T08:00:00Z,0.6807,0.6830,0.6735,0.6739,3270068
2025-02-19T09:00:00Z,0.6740,0.6813,0.6728,0.6775,2832961
2025-02-19T10:00:00Z,0.6776,0.6819,0.6745,0.6781,2644963
2025-02-19T11:00:00Z,0.6780,0.6835,0.6772,0.6820,1893720
2025-02-19T12:00:00Z,0.6820,0.6833,0.6735,0.6740,2843758
2025-02-19T13:00:00Z,0.6741,0.6823,0.6737,0.6783,1991730
2025-02-19T14:00:00Z,0.6784,0.6874,0.6650,0.6670,7535427
2025-02-19T15:00:00Z,0.6670,0.6749,0.6643,0.6693,3754511
2025-02-19T16:00:00Z,0.6694,0.6769,0.6670,0.6761,3530049
2025-02-19T17:00:00Z,0.6761,0.6803,0.6693,0.6732,3266994
2025-02-19T18:00:00Z,0.6733,0.6746,0.6677,0.6682,3519169
2025-02-19T19:00:00Z,0.6683,0.6763,0.6661,0.6734,4193008
2025-02-19T20:00:00Z,0.6734,0.6772,0.6697,0.6703,2947221
2025-02-19T21:00:00Z,0.6703,0.6736,0.6626,0.6644,2803765
2025-02-19T22:00:00Z,0.6643,0.6698,0.6591,0.6689,2747733
2025-02-19T23:00:00Z,0.6690,0.6745,0.6678,0.6700,2686861
2025-02-20T00:00:00Z,0.6700,0.6813,0.6674,0.6796,3293830
2025-02-20T01:00:00Z,0.6795,0.6842,0.6716,0.6757,3179751
2025-02-20T02:00:00Z,0.6758,0.6823,0.6734,0.6809,3885937
2025-02-20T03:00:00Z,0.6808,0.6850,0.6787,0.6832,2126775
2025-02-20T04:00:00Z,0.6831,0.6907,0.6821,0.6854,2641204
2025-02-20T05:00:00Z,0.6855,0.6873,0.6814,0.6820,2100169
2025-02-20T06:00:00Z,0.6820,0.6836,0.6763,0.6782,2880303
2025-02-20T07:00:00Z,0.6784,0.6801,0.6734,0.6735,2326558
2025-02-20T08:00:00Z,0.6736,0.6787,0.6662,0.6761,4290422
2025-02-20T09:00:00Z,0.6761,0.6773,0.6721,0.6736,2961553
2025-02-20T10:00:00Z,0.6735,0.6860,0.6735,0.6853,4733536
2025-02-20T11:00:00Z,0.6854,0.6862,0.6805,0.6834,2871325
2025-02-20T12:00:00Z,0.6833,0.6864,0.6791,0.6804,2567586
2025-02-20T13:00:00Z,0.6804,0.6847,0.6760,0.6829,4503050
2025-02-20T14:00:00Z,0.6830,0.6888,0.6743,0.6751,4499726
2025-02-20T15:00:00Z,0.6752,0.6791,0.6712,0.6718,3563249
2025-02-20T16:00:00Z,0.6718,0.6811,0.6702,0.6744,2805906
2025-02-20T17:00:00Z,0.6743,0.6851,0.6739,0.6848,2541723
2025-02-20T18:00:00Z,0.6847,0.6936,0.6842,0.6920,3473927
2025-02-20T19:00:00Z,0.6920,0.6971,0.6912,0.6961,2730178
2025-02-20T20:00:00Z,0.6960,0.7053,0.6951,0.7011,5189628
2025-02-20T21:00:00Z,0.7012,0.7021,0.6964,0.6991,2327651
2025-02-20T22:00:00Z,0.6990,0.7056,0.6967,0.7033,2006157
2025-02-20T23:00:00Z,0.7033,0.7137,0.7024,0.7083,2551187
2025-02-21T00:00:00Z,0.7083,0.7130,0.7074,0.7119,3468148
2025-02-21T01:00:00Z,0.7118,0.7137,0.7056,0.7116,2843518
2025-02-21T02:00:00Z,0.7116,0.7177,0.7077,0.7136,2972281
2025-02-21T03:00:00Z,0.7137,0.7228,0.7130,0.7197,3392536
2025-02-21T04:00:00Z,0.7197,0.7381,0.7192,0.7381,4638502
2025-02-21T05:00:00Z,0.7381,0.7411,0.7279,0.7294,5395374
2025-02-21T06:00:00Z,0.7294,0.7341,0.7285,0.7300,2579430
2025-02-21T07:00:00Z,0.7300,0.7301,0.7238,0.7252,2628887
2025-02-21T08:00:00Z,0.7252,0.7350,0.7241,0.7331,2672336
2025-02-21T09:00:00Z,0.7332,0.7455,0.7313,0.7406,4563345
2025-02-21T10:00:00Z,0.7406,0.7472,0.7378,0.7423,2691288
2025-02-21T11:00:00Z,0.7422,0.7436,0.7366,0.7419,2158025
2025-02-21T12:00:00Z,0.7419,0.7497,0.7416,0.7488,2468319
2025-02-21T13:00:00Z,0.7488,0.7560,0.7474,0.7543,3443220
2025-02-21T14:00:00Z,0.7543,0.7543,0.7425,0.7489,3599417
2025-02-21T15:00:00Z,0.7489,0.7635,0.7181,0.7317,20262340
2025-02-21T16:00:00Z,0.7317,0.7422,0.7263,0.7293,5076099
2025-02-21T17:00:00Z,0.7292,0.7312,0.7024,0.7042,6086258
2025-02-21T18:00:00Z,0.7042,0.7076,0.6992,0.7032,4103097
2025-02-21T19:00:00Z,0.7033,0.7061,0.6734,0.6779,7482695
2025-02-21T20:00:00Z,0.6779,0.6939,0.6768,0.6846,4134802
2025-02-21T21:00:00Z,0.6846,0.6881,0.6765,0.6815,2894301
2025-02-21T22:00:00Z,0.6815,0.6885,0.6776,0.6867,2438965
2025-02-21T23:00:00Z,0.6867,0.6873,0.6796,0.6852,2389106
2025-02-22T00:00:00Z,0.6853,0.6974,0.6813,0.6932,3533173
2025-02-22T01:00:00Z,0.6931,0.6974,0.6921,0.6941,1470169
2025-02-22T02:00:00Z,0.6942,0.6964,0.6886,0.6922,1730791
2025-02-22T03:00:00Z,0.6922,0.6923,0.6836,0.6890,1797679
2025-02-22T04:00:00Z,0.6889,0.6919,0.6865,0.6888,1530039
2025-02-22T05:00:00Z,0.6889,0.6951,0.6863,0.6921,1426571
2025-02-22T06:00:00Z,0.6921,0.6943,0.6877,0.6921,1449453
2025-02-22T07:00:00Z,0.6920,0.6990,0.6918,0.6929,1773700
2025-02-22T08:00:00Z,0.6929,0.7044,0.6929,0.7000,2946540
2025-02-22T09:00:00Z,0.7001,0.7085,0.6988,0.7073,1954982
2025-02-22T10:00:00Z,0.7072,0.7125,0.7053,0.7080,2491709
2025-02-22T11:00:00Z,0.7080,0.7222,0.7079,0.7154,8733649
2025-02-22T12:00:00Z,0.7153,0.7169,0.7039,0.7069,9283318
2025-02-22T13:00:00Z,0.7070,0.7102,0.7019,0.7030,1898919
2025-02-22T14:00:00Z,0.7031,0.7081,0.7029,0.7041,1618005
2025-02-22T15:00:00Z,0.7042,0.7175,0.7042,0.7161,1939612
2025-02-22T16:00:00Z,0.7161,0.7309,0.7160,0.7209,4607379
2025-02-22T17:00:00Z,0.7210,0.7354,0.7198,0.7327,2498208
2025-02-22T18:00:00Z,0.7327,0.7347,0.7263,0.7290,1942372
2025-02-22T19:00:00Z,0.7291,0.7341,0.7287,0.7304,2057435
2025-02-22T20:00:00Z,0.7304,0.7310,0.7234,0.7258,2101396
2025-02-22T21:00:00Z,0.7259,0.7302,0.7250,0.7284,1308805
2025-02-22T22:00:00Z,0.7285,0.7359,0.7272,0.7301,1698812
2025-02-22T23:00:00Z,0.7301,0.7353,0.7269,0.7318,1387986
2025-02-23T00:00:00Z,0.7319,0.7364,0.7264,0.7295,1817587
2025-02-23T01:00:00Z,0.7295,0.7313,0.7232,0.7262,1521490
2025-02-23T02:00:00Z,0.7261,0.7300,0.7240,0.7263,1392361
2025-02-23T03:00:00Z,0.7262,0.7290,0.7220,0.7241,1707062
2025-02-23T04:00:00Z,0.7241,0.7249,0.7197,0.7232,1664553
2025-02-23T05:00:00Z,0.7232,0.7268,0.7223,0.7224,943434
2025-02-23T06:00:00Z,0.7224,0.7244,0.7181,0.7226,1604686
2025-02-23T07:00:00Z,0.7225,0.7335,0.7211,0.7303,2469525
2025-02-23T08:00:00Z,0.7303,0.7307,0.7242,0.7272,1437950
2025-02-23T09:00:00Z,0.7272,0.7290,0.7200,0.7232,1983030
2025-02-23T10:00:00Z,0.7231,0.7252,0.7210,0.7244,1436101
2025-02-23T11:00:00Z,0.7244,0.7259,0.7164,0.7185,1568028
2025-02-23T12:00:00Z,0.7185,0.7211,0.7101,0.7120,2028307
2025-02-23T13:00:00Z,0.7121,0.7216,0.7117,0.7179,1700707
2025-02-23T14:00:00Z,0.7180,0.7194,0.7088,0.7108,2083292
2025-02-23T15:00:00Z,0.7108,0.7154,0.7025,0.7046,2350551
2025-02-23T16:00:00Z,0.7047,0.7103,0.7041,0.7056,1982147
2025-02-23T17:00:00Z,0.7056,0.7131,0.7055,0.7108,1655082
2025-02-23T18:00:00Z,0.7107,0.7143,0.7078,0.7080,2105480
2025-02-23T19:00:00Z,0.7080,0.7088,0.7045,0.7055,1552684
2025-02-23T20:00:00Z,0.7055,0.7060,0.6974,0.7005,2170871
2025-02-23T21:00:00Z,0.7006,0.7037,0.6979,0.7033,1270478
2025-02-23T22:00:00Z,0.7033,0.7034,0.6937,0.6995,1780259
2025-02-23T23:00:00Z,0.6996,0.7093,0.6993,0.7034,2775289
2025-02-24T00:00:00Z,0.7034,0.7071,0.7001,0.7008,2547481
2025-02-24T01:00:00Z,0.7008,0.7014,0.6838,0.6869,3027672
2025-02-24T02:00:00Z,0.6867,0.6931,0.6838,0.6871,3014814
2025-02-24T03:00:00Z,0.6871,0.6871,0.6737,0.6795,4418295
2025-02-24T04:00:00Z,0.6796,0.6801,0.6707,0.6749,4295842
2025-02-24T05:00:00Z,0.6748,0.6838,0.6708,0.6830,2380740
2025-02-24T06:00:00Z,0.6830,0.6839,0.6776,0.6819,2021597
2025-02-24T07:00:00Z,0.6820,0.6847,0.6785,0.6810,1592361
2025-02-24T08:00:00Z,0.6810,0.6811,0.6637,0.6655,4177455
2025-02-24T09:00:00Z,0.6656,0.6776,0.6648,0.6734,2472842
2025-02-24T10:00:00Z,0.6735,0.6745,0.6602,0.6662,3487101
2025-02-24T11:00:00Z,0.6662,0.6710,0.6607,0.6702,2222706
2025-02-24T12:00:00Z,0.6701,0.6734,0.6661,0.6700,2225480
2025-02-24T13:00:00Z,0.6699,0.6751,0.6643,0.6664,2640495
2025-02-24T14:00:00Z,0.6665,0.6691,0.6467,0.6485,5859441
2025-02-24T15:00:00Z,0.6484,0.6549,0.6414,0.6491,6312870
2025-02-24T16:00:00Z,0.6493,0.6548,0.6471,0.6481,4022342
2025-02-24T17:00:00Z,0.6480,0.6551,0.6460,0.6500,2493624
2025-02-24T18:00:00Z,0.6501,0.6501,0.6420,0.6424,2485770
2025-02-24T19:00:00Z,0.6424,0.6445,0.6236,0.6323,6452668
2025-02-24T20:00:00Z,0.6324,0.6445,0.6298,0.6369,3922928
2025-02-24T21:00:00Z,0.6369,0.6443,0.6316,0.6334,3490022
2025-02-24T22:00:00Z,0.6334,0.6336,0.5669,0.5798,26681670
2025-02-24T23:00:00Z,0.5799,0.5949,0.5758,0.5892,6226709
2025-02-25T00:00:00Z,0.5891,0.5932,0.5665,0.5805,8965126
2025-02-25T01:00:00Z,0.5805,0.5863,0.5668,0.5721,6693132
2025-02-25T02:00:00Z,0.5720,0.5899,0.5647,0.5849,5949704
2025-02-25T03:00:00Z,0.5849,0.5902,0.5756,0.5784,7489050
2025-02-25T04:00:00Z,0.5785,0.5845,0.5697,0.5719,7581895
2025-02-25T05:00:00Z,0.5718,0.5870,0.5690,0.5855,6410290
2025-02-25T06:00:00Z,0.5854,0.5874,0.5742,0.5754,5267907
2025-02-25T07:00:00Z,0.5754,0.5766,0.5447,0.5674,25899503
2025-02-25T08:00:00Z,0.5674,0.5837,0.5649,0.5772,7422202
2025-02-25T09:00:00Z,0.5773,0.5809,0.5695,0.5738,4550887
2025-02-25T10:00:00Z,0.5739,0.5821,0.5619,0.5753,7546323
2025-02-25T11:00:00Z,0.5754,0.5923,0.5644,0.5900,6327248
2025-02-25T12:00:00Z,0.5901,0.5981,0.5860,0.5958,6749041
2025-02-25T13:00:00Z,0.5959,0.5996,0.5863,0.5898,4835016
2025-02-25T14:00:00Z,0.5899,0.5951,0.5766,0.5807,6158752
2025-02-25T15:00:00Z,0.5806,0.6003,0.5769,0.5941,8131027
2025-02-25T16:00:00Z,0.5942,0.6114,0.5910,0.6050,6625791
2025-02-25T17:00:00Z,0.6050,0.6093,0.5988,0.6014,4219832
2025-02-25T18:00:00Z,0.6014,0.6065,0.5958,0.6013,3608508
2025-02-25T19:00:00Z,0.6013,0.6145,0.5983,0.6145,4476306
2025-02-25T20:00:00Z,0.6145,0.6269,0.6095,0.6262,5468469
2025-02-25T21:00:00Z,0.6261,0.6276,0.6169,0.6218,3066221
2025-02-25T22:00:00Z,0.6218,0.6280,0.6171,0.6224,3028002
2025-02-25T23:00:00Z,0.6225,0.6264,0.6163,0.6172,2463864
2025-02-26T00:00:00Z,0.6171,0.6206,0.6151,0.6161,2471864
2025-02-26T01:00:00Z,0.6161,0.6237,0.6151,0.6217,2017475
2025-02-26T02:00:00Z,0.6217,0.6322,0.6170,0.6306,3226060
2025-02-26T03:00:00Z,0.6306,0.6367,0.6303,0.6339,2808654
2025-02-26T04:00:00Z,0.6339,0.6410,0.6324,0.6342,3343175
2025-02-26T05:00:00Z,0.6342,0.6393,0.6300,0.6307,2561347
2025-02-26T06:00:00Z,0.6307,0.6422,0.6307,0.6413,3663770
2025-02-26T07:00:00Z,0.6413,0.6471,0.6311,0.6350,5223664
2025-02-26T08:00:00Z,0.6350,0.6363,0.6281,0.6317,3819919
2025-02-26T09:00:00Z,0.6317,0.6438,0.6304,0.6420,3708342
2025-02-26T10:00:00Z,0.6420,0.6423,0.6359,0.6397,3121446
2025-02-26T11:00:00Z,0.6397,0.6406,0.6275,0.6281,2403990
2025-02-26T12:00:00Z,0.6282,0.6321,0.6152,0.6209,8991299
2025-02-26T13:00:00Z,0.6210,0.6277,0.6199,0.6241,3157688
2025-02-26T14:00:00Z,0.6242,0.6338,0.6143,0.6325,8476379
2025-02-26T15:00:00Z,0.6326,0.6459,0.6325,0.6403,6109008
2025-02-26T16:00:00Z,0.6402,0.6437,0.6318,0.6359,4183525
2025-02-26T17:00:00Z,0.6359,0.6374,0.6169,0.6194,4608644
2025-02-26T18:00:00Z,0.6195,0.6243,0.6024,0.6074,10109844
2025-02-26T19:00:00Z,0.6073,0.6179,0.6051,0.6152,4722356
2025-02-26T20:00:00Z,0.6152,0.6335,0.6066,0.6321,5726185
2025-02-26T21:00:00Z,0.6320,0.6360,0.6253,0.6357,4190887
2025-02-26T22:00:00Z,0.6358,0.6440,0.6345,0.6386,3042912
2025-02-26T23:00:00Z,0.6385,0.6424,0.6309,0.6326,2698361
2025-02-27T00:00:00Z,0.6327,0.6340,0.6238,0.6291,2586575
2025-02-27T01:00:00Z,0.6290,0.6399,0.6235,0.6350,2589846
2025-02-27T02:00:00Z,0.6350,0.6417,0.6324,0.6352,2259837
2025-02-27T03:00:00Z,0.6352,0.6407,0.6341,0.6388,1827174
2025-02-27T04:00:00Z,0.6388,0.6417,0.6322,0.6371,2292978
2025-02-27T05:00:00Z,0.6371,0.6454,0.6366,0.6440,2673564
2025-02-27T06:00:00Z,0.6441,0.6497,0.6409,0.6431,4729660
2025-02-27T07:00:00Z,0.6432,0.6562,0.6426,0.6509,7720383
2025-02-27T08:00:00Z,0.6508,0.6548,0.6486,0.6525,2708447
2025-02-27T09:00:00Z,0.6525,0.6583,0.6507,0.6519,2596374
2025-02-27T10:00:00Z,0.6519,0.6689,0.6505,0.6680,5888221
2025-02-27T11:00:00Z,0.6680,0.6690,0.6512,0.6575,6109363
2025-02-27T12:00:00Z,0.6575,0.6617,0.6527,0.6546,3130972
2025-02-27T13:00:00Z,0.6546,0.6561,0.6476,0.6518,3263702
2025-02-27T14:00:00Z,0.6518,0.6564,0.6448,0.6468,3353715
2025-02-27T15:00:00Z,0.6467,0.6536,0.6416,0.6498,3791761
2025-02-27T16:00:00Z,0.6498,0.6541,0.6406,0.6411,2600943
2025-02-27T17:00:00Z,0.6412,0.6491,0.6402,0.6482,2165813
2025-02-27T18:00:00Z,0.6483,0.6513,0.6458,0.6460,1597888
2025-02-27T19:00:00Z,0.6460,0.6472,0.6351,0.6377,2378896
2025-02-27T20:00:00Z,0.6378,0.6383,0.6221,0.6250,4705344
2025-02-27T21:00:00Z,0.6250,0.6391,0.6203,0.6372,3629988
2025-02-27T22:00:00Z,0.6372,0.6430,0.6309,0.6424,2626163
2025-02-27T23:00:00Z,0.6423,0.6474,0.6401,0.6452,1772294
2025-02-28T00:00:00Z,0.6453,0.6469,0.6389,0.6408,2186927
2025-02-28T01:00:00Z,0.6407,0.6441,0.6153,0.6160,10916440
2025-02-28T02:00:00Z,0.6160,0.6245,0.6028,0.6110,9202785
2025-02-28T03:00:00Z,0.6110,0.6172,0.5920,0.5939,4925075
2025-02-28T04:00:00Z,0.5940,0.5979,0.5824,0.5930,6762269
2025-02-28T05:00:00Z,0.5930,0.5956,0.5858,0.5940,4340868
2025-02-28T06:00:00Z,0.5941,0.5976,0.5844,0.5929,6008624
2025-02-28T07:00:00Z,0.5928,0.6016,0.5884,0.5925,4492583
2025-02-28T08:00:00Z,0.5924,0.5997,0.5830,0.5991,5049356
2025-02-28T09:00:00Z,0.5990,0.6101,0.5969,0.6075,4199733
2025-02-28T10:00:00Z,0.6076,0.6094,0.5948,0.5965,3561541
2025-02-28T11:00:00Z,0.5966,0.6044,0.5956,0.5981,2731001
2025-02-28T12:00:00Z,0.5979,0.6018,0.5938,0.6012,2639161
2025-02-28T13:00:00Z,0.6011,0.6181,0.5995,0.6146,4896751
2025-02-28T14:00:00Z,0.6147,0.6255,0.6134,0.6204,3802183
2025-02-28T15:00:00Z,0.6203,0.6362,0.6194,0.6333,3357262
2025-02-28T16:00:00Z,0.6333,0.6430,0.6260,0.6367,4223418
2025-02-28T17:00:00Z,0.6367,0.6425,0.6348,0.6399,1897348
2025-02-28T18:00:00Z,0.6399,0.6529,0.6396,0.6487,2861359
2025-02-28T19:00:00Z,0.6487,0.6499,0.6414,0.6438,1937403
2025-02-28T20:00:00Z,0.6437,0.6449,0.6368,0.6395,2577276
2025-02-28T21:00:00Z,0.6395,0.6441,0.6378,0.6413,1415348
2025-02-28T22:00:00Z,0.6413,0.6454,0.6359,0.6386,1912285
2025-02-28T23:00:00Z,0.6386,0.6445,0.6376,0.6412,1016627
2025-03-01T00:00:00Z,0.6413,0.6422,0.6300,0.6305,2565618
2025-03-01T01:00:00Z,0.6306,0.6432,0.6298,0.6406,2220866
2025-03-01T02:00:00Z,0.6407,0.6442,0.6356,0.6403,2049551
2025-03-01T03:00:00Z,0.6403,0.6430,0.6371,0.6374,1100773
2025-03-01T04:00:00Z,0.6373,0.6414,0.6358,0.6381,1530131
2025-03-01T05:00:00Z,0.6381,0.6385,0.6329,0.6343,1676623
2025-03-01T06:00:00Z,0.6344,0.6371,0.6283,0.6306,1648970
2025-03-01T07:00:00Z,0.6306,0.6306,0.6249,0.6293,2503571
2025-03-01T08:00:00Z,0.6294,0.6331,0.6277,0.6305,1836616
2025-03-01T09:00:00Z,0.6305,0.6309,0.6219,0.6254,1985959
2025-03-01T10:00:00Z,0.6255,0.6259,0.6144,0.6170,3285432
2025-03-01T11:00:00Z,0.6170,0.6176,0.6095,0.6125,2738882
2025-03-01T12:00:00Z,0.6125,0.6153,0.6073,0.6137,3231228
2025-03-01T13:00:00Z,0.6138,0.6166,0.6019,0.6052,4713355
2025-03-01T14:00:00Z,0.6053,0.6105,0.6033,0.6064,2507569
2025-03-01T15:00:00Z,0.6065,0.6102,0.6022,0.6072,2305500
2025-03-01T16:00:00Z,0.6072,0.6097,0.6012,0.6078,2737279
2025-03-01T17:00:00Z,0.6077,0.6077,0.6013,0.6048,2382224
2025-03-01T18:00:00Z,0.6047,0.6095,0.6019,0.6063,1903599
2025-03-01T19:00:00Z,0.6063,0.6113,0.6045,0.6081,1544895
2025-03-01T20:00:00Z,0.6080,0.6092,0.6042,0.6087,1702340
2025-03-01T21:00:00Z,0.6088,0.6200,0.6063,0.6189,1808918
2025-03-01T22:00:00Z,0.6189,0.6300,0.6177,0.6261,2207040
2025-03-01T23:00:00Z,0.6261,0.6277,0.6192,0.6271,1635051
2025-03-02T00:00:00Z,0.6271,0.6273,0.6189,0.6228,2188703
2025-03-02T01:00:00Z,0.6229,0.6290,0.6208,0.6244,1653692
2025-03-02T02:00:00Z,0.6244,0.6281,0.6199,0.6270,1905270
2025-03-02T03:00:00Z,0.6271,0.6319,0.6250,0.6261,1892928
2025-03-02T04:00:00Z,0.6260,0.6321,0.6255,0.6313,1694920
2025-03-02T05:00:00Z,0.6313,0.6344,0.6281,0.6293,1460832
2025-03-02T06:00:00Z,0.6291,0.6305,0.6214,0.6240,1754921
2025-03-02T07:00:00Z,0.6240,0.6253,0.6202,0.6214,1114214
2025-03-02T08:00:00Z,0.6215,0.6246,0.6181,0.6236,1912621
2025-03-02T09:00:00Z,0.6236,0.6357,0.6234,0.6304,2244812
2025-03-02T10:00:00Z,0.6304,0.6333,0.6290,0.6310,1308371
2025-03-02T11:00:00Z,0.6309,0.6309,0.6263,0.6278,1289712
2025-03-02T12:00:00Z,0.6280,0.6282,0.6231,0.6268,1434192
2025-03-02T13:00:00Z,0.6269,0.6269,0.6208,0.6229,1579286
2025-03-02T14:00:00Z,0.6228,0.6234,0.6082,0.6119,5532089
2025-03-02T15:00:00Z,0.6118,0.6478,0.6090,0.6335,14004821
2025-03-02T16:00:00Z,0.6335,0.6777,0.6300,0.6691,14522229
2025-03-02T17:00:00Z,0.6693,0.6794,0.6599,0.6743,5929600
2025-03-02T18:00:00Z,0.6744,0.6782,0.6635,0.6703,3410308
2025-03-02T19:00:00Z,0.6704,0.6850,0.6704,0.6819,2310790
2025-03-02T20:00:00Z,0.6818,0.6850,0.6785,0.6821,2411681
2025-03-02T21:00:00Z,0.6822,0.6864,0.6769,0.6823,2076838
2025-03-02T22:00:00Z,0.6823,0.6866,0.6777,0.6845,1406403
2025-03-02T23:00:00Z,0.6844,0.6886,0.6819,0.6875,2067272
2025-03-03T00:00:00Z,0.6876,0.6896,0.6782,0.6826,5183446
2025-03-03T01:00:00Z,0.6825,0.6875,0.6723,0.6731,2763797
2025-03-03T02:00:00Z,0.6731,0.6733,0.6603,0.6643,3117065
2025-03-03T03:00:00Z,0.6644,0.6664,0.6491,0.6564,2375275
2025-03-03T04:00:00Z,0.6565,0.6591,0.6543,0.6561,1656996
2025-03-03T05:00:00Z,0.6561,0.6625,0.6548,0.6580,1498301
2025-03-03T06:00:00Z,0.6579,0.6592,0.6243,0.6308,4712100
2025-03-03T07:00:00Z,0.6309,0.6404,0.6228,0.6381,4131556
2025-03-03T08:00:00Z,0.6382,0.6400,0.6228,0.6278,3520524
2025-03-03T09:00:00Z,0.6278,0.6323,0.6206,0.6280,2920011
2025-03-03T10:00:00Z,0.6280,0.6353,0.6255,0.6311,2149116
2025-03-03T11:00:00Z,0.6311,0.6311,0.6228,0.6275,2321864
2025-03-03T12:00:00Z,0.6274,0.6329,0.6225,0.6281,2407554
2025-03-03T13:00:00Z,0.6282,0.6350,0.6254,0.6324,3136298
2025-03-03T14:00:00Z,0.6323,0.6323,0.6012,0.6031,10494778
2025-03-03T15:00:00Z,0.6032,0.6205,0.6027,0.6130,6072812
2025-03-03T16:00:00Z,0.6131,0.6155,0.6070,0.6105,3645185
2025-03-03T17:00:00Z,0.6104,0.6194,0.6085,0.6139,3051992
2025-03-03T18:00:00Z,0.6138,0.6153,0.5779,0.5832,12018692
2025-03-03T19:00:00Z,0.5831,0.5872,0.5608,0.5646,12949061
2025-03-03T20:00:00Z,0.5646,0.5711,0.5564,0.5675,7524512
2025-03-03T21:00:00Z,0.5676,0.5735,0.5545,0.5571,6002269
2025-03-03T22:00:00Z,0.5571,0.6036,0.5568,0.5737,31263502
2025-03-03T23:00:00Z,0.5736,0.5755,0.5678,0.5697,5437984
2025-03-04T00:00:00Z,0.5696,0.5759,0.5655,0.5662,4868014
2025-03-04T01:00:00Z,0.5660,0.5677,0.5331,0.5398,15595639
2025-03-04T02:00:00Z,0.5399,0.5484,0.5189,0.5441,13640533
2025-03-04T03:00:00Z,0.5440,0.5543,0.5408,0.5475,4008730
2025-03-04T04:00:00Z,0.5476,0.5557,0.5461,0.5514,4284223
2025-03-04T05:00:00Z,0.5515,0.5630,0.5511,0.5564,3424666
2025-03-04T06:00:00Z,0.5564,0.5576,0.5494,0.5525,2762896
2025-03-04T07:00:00Z,0.5523,0.5564,0.5496,0.5549,7262533
2025-03-04T08:00:00Z,0.5548,0.5656,0.5500,0.5620,11150845
2025-03-04T09:00:00Z,0.5620,0.5620,0.5517,0.5520,2889459
2025-03-04T10:00:00Z,0.5521,0.5561,0.5484,0.5549,2561191
2025-03-04T11:00:00Z,0.5549,0.5606,0.5490,0.5492,3439061
2025-03-04T12:00:00Z,0.5494,0.5498,0.5374,0.5429,6942120
2025-03-04T13:00:00Z,0.5428,0.5428,0.5285,0.5332,6453222
2025-03-04T14:00:00Z,0.5332,0.5696,0.5315,0.5431,14089651
2025-03-04T15:00:00Z,0.5430,0.5473,0.5265,0.5437,8930510
2025-03-04T16:00:00Z,0.5437,0.5463,0.4981,0.5222,17858941
2025-03-04T17:00:00Z,0.5222,0.5426,0.5210,0.5378,6940314
2025-03-04T18:00:00Z,0.5378,0.5504,0.5340,0.5482,5310656
2025-03-04T19:00:00Z,0.5481,0.5547,0.5451,0.5507,6613381
2025-03-04T20:00:00Z,0.5508,0.5522,0.5389,0.5402,4762167
2025-03-04T21:00:00Z,0.5404,0.5581,0.5378,0.5494,4380982
2025-03-04T22:00:00Z,0.5495,0.5575,0.5467,0.5467,4986949
2025-03-04T23:00:00Z,0.5467,0.5526,0.5448,0.5502,2542669
2025-03-05T00:00:00Z,0.5502,0.5555,0.5474,0.5499,2706991
2025-03-05T01:00:00Z,0.5500,0.5554,0.5455,0.5551,2487872
2025-03-05T02:00:00Z,0.5552,0.5604,0.5498,0.5557,3178571
2025-03-05T03:00:00Z,0.5557,0.5580,0.5434,0.5439,2143820
2025-03-05T04:00:00Z,0.5440,0.5503,0.5435,0.5501,2843160
2025-03-05T05:00:00Z,0.5502,0.5517,0.5472,0.5502,1698395
2025-03-05T06:00:00Z,0.5502,0.5538,0.5460,0.5482,3613330
2025-03-05T07:00:00Z,0.5483,0.5538,0.5461,0.5531,2507181
2025-03-05T08:00:00Z,0.5532,0.5617,0.5518,0.5590,3942423
2025-03-05T09:00:00Z,0.5590,0.5689,0.5586,0.5644,4865956
2025-03-05T10:00:00Z,0.5643,0.5744,0.5611,0.5681,5536559
2025-03-05T11:00:00Z,0.5680,0.5683,0.5590,0.5603,2645968
2025-03-05T12:00:00Z,0.5603,0.5672,0.5579,0.5625,3079769
2025-03-05T13:00:00Z,0.5624,0.5652,0.5551,0.5581,3564949
2025-03-05T14:00:00Z,0.5580,0.5597,0.5489,0.5524,4816199
2025-03-05T15:00:00Z,0.5525,0.5608,0.5498,0.5543,4470162
2025-03-05T16:00:00Z,0.5543,0.5575,0.5451,0.5519,4674507
2025-03-05T17:00:00Z,0.5518,0.5621,0.5509,0.5583,3052402
2025-03-05T18:00:00Z,0.5583,0.5659,0.5564,0.5643,2989258
2025-03-05T19:00:00Z,0.5645,0.5716,0.5642,0.5696,2923633
2025-03-05T20:00:00Z,0.5696,0.5788,0.5691,0.5751,4167326
2025-03-05T21:00:00Z,0.5752,0.5800,0.5739,0.5753,4387719
2025-03-05T22:00:00Z,0.5752,0.5792,0.5743,0.5761,2358356
2025-03-05T23:00:00Z,0.5762,0.5772,0.5720,0.5751,2316747
2025-03-06T00:00:00Z,0.5750,0.5797,0.5718,0.5733,2540304
2025-03-06T01:00:00Z,0.5733,0.5806,0.5653,0.5736,3964597
2025-03-06T02:00:00Z,0.5735,0.5796,0.5720,0.5758,2298162
2025-03-06T03:00:00Z,0.5759,0.5821,0.5752,0.5814,1479460
2025-03-06T04:00:00Z,0.5813,0.5854,0.5758,0.5836,2119579
2025-03-06T05:00:00Z,0.5836,0.5876,0.5817,0.5841,2325630
2025-03-06T06:00:00Z,0.5841,0.5842,0.5789,0.5810,2463672
2025-03-06T07:00:00Z,0.5810,0.5830,0.5746,0.5765,3005226
2025-03-06T08:00:00Z,0.5766,0.5834,0.5756,0.5819,2272970
2025-03-06T09:00:00Z,0.5819,0.5862,0.5783,0.5843,4470925
2025-03-06T10:00:00Z,0.5843,0.5922,0.5808,0.5836,6142891
2025-03-06T11:00:00Z,0.5837,0.5851,0.5802,0.5822,2195052
2025-03-06T12:00:00Z,0.5821,0.5839,0.5735,0.5759,2765662
2025-03-06T13:00:00Z,0.5758,0.5776,0.5672,0.5703,3264812
2025-03-06T14:00:00Z,0.5702,0.5751,0.5620,0.5691,4965535
2025-03-06T15:00:00Z,0.5690,0.5866,0.5684,0.5860,5396727
2025-03-06T16:00:00Z,0.5861,0.5874,0.5791,0.5799,5460575
2025-03-06T17:00:00Z,0.5799,0.5817,0.5564,0.5618,9177895
2025-03-06T18:00:00Z,0.5618,0.5631,0.5539,0.5586,3312369
2025-03-06T19:00:00Z,0.5585,0.5634,0.5535,0.5567,2630686
2025-03-06T20:00:00Z,0.5568,0.5615,0.5546,0.5581,2031847
2025-03-06T21:00:00Z,0.5581,0.5648,0.5551,0.5591,2484929
2025-03-06T22:00:00Z,0.5590,0.5707,0.5588,0.5663,4692440
2025-03-06T23:00:00Z,0.5663,0.5692,0.5605,0.5608,2901211
2025-03-07T00:00:00Z,0.5610,0.5668,0.5285,0.5330,13570679
2025-03-07T01:00:00Z,0.5330,0.5593,0.5295,0.5545,5883100
2025-03-07T02:00:00Z,0.5545,0.5656,0.5532,0.5593,3209812
2025-03-07T03:00:00Z,0.5594,0.5627,0.5548,0.5552,1765323
2025-03-07T04:00:00Z,0.5552,0.5593,0.5526,0.5534,1909266
2025-03-07T05:00:00Z,0.5533,0.5619,0.5523,0.5571,2066673
2025-03-07T06:00:00Z,0.5571,0.5617,0.5538,0.5586,1425185
2025-03-07T07:00:00Z,0.5585,0.5677,0.5563,0.5668,3526966
2025-03-07T08:00:00Z,0.5668,0.5693,0.5575,0.5618,5088848
2025-03-07T09:00:00Z,0.5617,0.5701,0.5613,0.5666,4362903
2025-03-07T10:00:00Z,0.5667,0.5689,0.5617,0.5688,2239088
2025-03-07T11:00:00Z,0.5687,0.5754,0.5661,0.5693,3405826
2025-03-07T12:00:00Z,0.5692,0.5699,0.5609,0.5638,1976903
2025-03-07T13:00:00Z,0.5637,0.5772,0.5622,0.5655,3226983
2025-03-07T14:00:00Z,0.5655,0.5776,0.5616,0.5718,3092316
2025-03-07T15:00:00Z,0.5717,0.5760,0.5641,0.5719,3536538
2025-03-07T16:00:00Z,0.5719,0.5746,0.5562,0.5607,4550194
2025-03-07T17:00:00Z,0.5608,0.5702,0.5582,0.5650,2682658
2025-03-07T18:00:00Z,0.5651,0.5844,0.5639,0.5843,3389006
2025-03-07T19:00:00Z,0.5843,0.5866,0.5723,0.5755,2683735
2025-03-07T20:00:00Z,0.5755,0.5792,0.5680,0.5721,3301442
2025-03-07T21:00:00Z,0.5721,0.5738,0.5569,0.5634,6009866
2025-03-07T22:00:00Z,0.5634,0.5657,0.5549,0.5626,2818414
2025-03-07T23:00:00Z,0.5626,0.5626,0.5512,0.5576,3063128
2025-03-08T00:00:00Z,0.5575,0.5605,0.5528,0.5595,1972292
2025-03-08T01:00:00Z,0.5596,0.5622,0.5415,0.5495,3193320
2025-03-08T02:00:00Z,0.5496,0.5553,0.5478,0.5539,1178032
2025-03-08T03:00:00Z,0.5538,0.5544,0.5477,0.5529,1141365
2025-03-08T04:00:00Z,0.5528,0.5577,0.5502,0.5571,1079314
2025-03-08T05:00:00Z,0.5571,0.5571,0.5472,0.5485,1408135
2025-03-08T06:00:00Z,0.5483,0.5504,0.5446,0.5468,1182259
2025-03-08T07:00:00Z,0.5468,0.5499,0.5420,0.5433,1168631
2025-03-08T08:00:00Z,0.5433,0.5454,0.5385,0.5386,2010413
2025-03-08T09:00:00Z,0.5386,0.5474,0.5385,0.5416,1890220
2025-03-08T10:00:00Z,0.5417,0.5459,0.5401,0.5435,1033246
2025-03-08T11:00:00Z,0.5436,0.5436,0.5336,0.5375,2172078
2025-03-08T12:00:00Z,0.5374,0.5439,0.5329,0.5424,1837541
2025-03-08T13:00:00Z,0.5425,0.5462,0.5397,0.5439,1704845
2025-03-08T14:00:00Z,0.5438,0.5452,0.5402,0.5413,1285401
2025-03-08T15:00:00Z,0.5412,0.5413,0.5360,0.5379,1683672
2025-03-08T16:00:00Z,0.5379,0.5399,0.5288,0.5354,2965001
2025-03-08T17:00:00Z,0.5355,0.5453,0.5336,0.5432,2591940
2025-03-08T18:00:00Z,0.5431,0.5449,0.5419,0.5438,1236728
2025-03-08T19:00:00Z,0.5438,0.5465,0.5407,0.5444,1715411
2025-03-08T20:00:00Z,0.5443,0.5443,0.5400,0.5403,1331746
2025-03-08T21:00:00Z,0.5404,0.5431,0.5366,0.5372,1096908
2025-03-08T22:00:00Z,0.5372,0.5380,0.5235,0.5335,3173944
2025-03-08T23:00:00Z,0.5335,0.5374,0.5321,0.5370,1581708
2025-03-09T00:00:00Z,0.5370,0.5419,0.5357,0.5384,1962954
2025-03-09T01:00:00Z,0.5384,0.5393,0.5335,0.5346,1172595
2025-03-09T02:00:00Z,0.5347,0.5358,0.5301,0.5305,1403212
2025-03-09T03:00:00Z,0.5305,0.5359,0.5292,0.5345,1337976
2025-03-09T04:00:00Z,0.5347,0.5348,0.5308,0.5332,1552544
2025-03-09T05:00:00Z,0.5332,0.5367,0.5304,0.5308,1079211
2025-03-09T06:00:00Z,0.5309,0.5321,0.5254,0.5310,1636509
2025-03-09T07:00:00Z,0.5311,0.5344,0.5298,0.5313,1592171
2025-03-09T08:00:00Z,0.5312,0.5312,0.5275,0.5289,1984279
2025-03-09T09:00:00Z,0.5290,0.5339,0.5286,0.5301,2490051
2025-03-09T10:00:00Z,0.5302,0.5335,0.5202,0.5220,3060487
2025-03-09T11:00:00Z,0.5220,0.5257,0.5208,0.5241,2276724
2025-03-09T12:00:00Z,0.5239,0.5265,0.5190,0.5260,2102255
2025-03-09T13:00:00Z,0.5261,0.5294,0.5147,0.5149,3307164
2025-03-09T14:00:00Z,0.5148,0.5187,0.5106,0.5156,4343993
2025-03-09T15:00:00Z,0.5157,0.5186,0.5004,0.5037,4992976
2025-03-09T16:00:00Z,0.5038,0.5071,0.4807,0.4846,10118977
2025-03-09T17:00:00Z,0.4846,0.4871,0.4734,0.4762,10411886
2025-03-09T18:00:00Z,0.4761,0.4803,0.4609,0.4708,13831720
2025-03-09T19:00:00Z,0.4708,0.4812,0.4700,0.4778,5604839
2025-03-09T20:00:00Z,0.4779,0.4860,0.4763,0.4816,3904178
2025-03-09T21:00:00Z,0.4816,0.4830,0.4717,0.4724,2818580
2025-03-09T22:00:00Z,0.4725,0.4736,0.4646,0.4713,3280971
2025-03-09T23:00:00Z,0.4711,0.4770,0.4668,0.4725,3735841
2025-03-10T00:00:00Z,0.4726,0.4875,0.4670,0.4843,5554712
2025-03-10T01:00:00Z,0.4842,0.4915,0.4834,0.4840,3558894
2025-03-10T02:00:00Z,0.4841,0.4932,0.4826,0.4895,2890742
2025-03-10T03:00:00Z,0.4894,0.4947,0.4866,0.4911,2089799
2025-03-10T04:00:00Z,0.4911,0.5005,0.4905,0.5003,2008909
2025-03-10T05:00:00Z,0.5001,0.5025,0.4976,0.5005,1774045
2025-03-10T06:00:00Z,0.5006,0.5065,0.4973,0.5056,2026145
2025-03-10T07:00:00Z,0.5057,0.5104,0.5009,0.5075,3773419
2025-03-10T08:00:00Z,0.5076,0.5094,0.5004,0.5058,2433427
2025-03-10T09:00:00Z,0.5057,0.5291,0.5020,0.5155,7400365
2025-03-10T10:00:00Z,0.5156,0.5179,0.5085,0.5124,3004701
2025-03-10T11:00:00Z,0.5125,0.5233,0.5100,0.5205,2716549
2025-03-10T12:00:00Z,0.5205,0.5266,0.5188,0.5241,4424132
2025-03-10T13:00:00Z,0.5241,0.5274,0.5140,0.5156,4069615
2025-03-10T14:00:00Z,0.5155,0.5166,0.4956,0.5012,8111657
2025-03-10T15:00:00Z,0.5012,0.5123,0.4984,0.5065,4065594
2025-03-10T16:00:00Z,0.5063,0.5077,0.4956,0.4991,4259490
2025-03-10T17:00:00Z,0.4992,0.5018,0.4749,0.4754,9331411
2025-03-10T18:00:00Z,0.4754,0.4828,0.4531,0.4543,8701684
2025-03-10T19:00:00Z,0.4544,0.4769,0.4494,0.4726,9699221
2025-03-10T20:00:00Z,0.4727,0.4745,0.4622,0.4694,5664406
2025-03-10T21:00:00Z,0.4693,0.4739,0.4656,0.4676,4012620
2025-03-10T22:00:00Z,0.4676,0.4716,0.4626,0.4644,3106622
2025-03-10T23:00:00Z,0.4644,0.4696,0.4596,0.4612,3985330
2025-03-11T00:00:00Z,0.4612,0.4670,0.4193,0.4320,18159394
2025-03-11T01:00:00Z,0.4319,0.4526,0.4209,0.4526,10759128
2025-03-11T02:00:00Z,0.4525,0.4626,0.4512,0.4594,4428098
2025-03-11T03:00:00Z,0.4594,0.4649,0.4578,0.4584,3173026
2025-03-11T04:00:00Z,0.4583,0.4666,0.4569,0.4627,2156677
2025-03-11T05:00:00Z,0.4626,0.4767,0.4617,0.4706,3038460
2025-03-11T06:00:00Z,0.4705,0.4753,0.4698,0.4713,2368735
2025-03-11T07:00:00Z,0.4713,0.4788,0.4713,0.4777,3548774
2025-03-11T08:00:00Z,0.4776,0.4786,0.4723,0.4741,2910024
2025-03-11T09:00:00Z,0.4740,0.4814,0.4732,0.4799,2185791
2025-03-11T10:00:00Z,0.4799,0.4865,0.4760,0.4769,3136413
2025-03-11T11:00:00Z,0.4768,0.4808,0.4698,0.4773,2960918
2025-03-11T12:00:00Z,0.4773,0.4794,0.4738,0.4754,2991646
2025-03-11T13:00:00Z,0.4755,0.4919,0.4704,0.4831,7880446
2025-03-11T14:00:00Z,0.4830,0.4874,0.4591,0.4642,7828545
2025-03-11T15:00:00Z,0.4641,0.4847,0.4626,0.4822,4757982
2025-03-11T16:00:00Z,0.4822,0.4966,0.4808,0.4905,4472260
2025-03-11T17:00:00Z,0.4904,0.4917,0.4782,0.4807,5460512
2025-03-11T18:00:00Z,0.4807,0.5061,0.4806,0.5017,6096689
2025-03-11T19:00:00Z,0.5017,0.5054,0.4994,0.5017,4511044
2025-03-11T20:00:00Z,0.5016,0.5020,0.4963,0.4963,2423122
2025-03-11T21:00:00Z,0.4963,0.5013,0.4958,0.4983,1774774
2025-03-11T22:00:00Z,0.4982,0.5005,0.4962,0.4987,1568321
2025-03-11T23:00:00Z,0.4986,0.4990,0.4895,0.4907,2058593
2025-03-12T00:00:00Z,0.4908,0.4926,0.4842,0.4872,1870483
2025-03-12T01:00:00Z,0.4873,0.5040,0.4865,0.4986,2792414
2025-03-12T02:00:00Z,0.4987,0.5019,0.4918,0.4934,2272548
2025-03-12T03:00:00Z,0.4934,0.4955,0.4837,0.4845,1736069
2025-03-12T04:00:00Z,0.4845,0.4881,0.4819,0.4872,2206293
2025-03-12T05:00:00Z,0.4872,0.4921,0.4868,0.4885,1989493
2025-03-12T06:00:00Z,0.4885,0.5004,0.4870,0.4985,3645596
2025-03-12T07:00:00Z,0.4986,0.5065,0.4973,0.4982,4736946
2025-03-12T08:00:00Z,0.4982,0.5132,0.4939,0.5080,4636290
2025-03-12T09:00:00Z,0.5081,0.5143,0.5044,0.5120,4512532
2025-03-12T10:00:00Z,0.5120,0.5200,0.5087,0.5173,5074530
2025-03-12T11:00:00Z,0.5174,0.5337,0.5174,0.5263,7588673
2025-03-12T12:00:00Z,0.5262,0.5423,0.5232,0.5321,8296764
2025-03-12T13:00:00Z,0.5320,0.5331,0.5120,0.5142,6875296
2025-03-12T14:00:00Z,0.5140,0.5161,0.5037,0.5055,5691784
2025-03-12T15:00:00Z,0.5056,0.5102,0.4977,0.5097,5180325
2025-03-12T16:00:00Z,0.5097,0.5190,0.5075,0.5146,3046257
2025-03-12T17:00:00Z,0.5146,0.5202,0.5124,0.5135,2360866
2025-03-12T18:00:00Z,0.5135,0.5200,0.5117,0.5171,1992998
2025-03-12T19:00:00Z,0.5171,0.5178,0.5107,0.5130,2040500
2025-03-12T20:00:00Z,0.5130,0.5169,0.5122,0.5154,1435478
2025-03-12T21:00:00Z,0.5154,0.5184,0.5125,0.5143,1516089
2025-03-12T22:00:00Z,0.5143,0.5174,0.5131,0.5162,1742144
2025-03-12T23:00:00Z,0.5162,0.5173,0.5113,0.5139,1353394
2025-03-13T00:00:00Z,0.5138,0.5179,0.5095,0.5101,2105243
2025-03-13T01:00:00Z,0.5102,0.5140,0.5060,0.5120,2022443
2025-03-13T02:00:00Z,0.5121,0.5158,0.5087,0.5096,1812987
2025-03-13T03:00:00Z,0.5097,0.5157,0.5089,0.5094,1399028
2025-03-13T04:00:00Z,0.5094,0.5125,0.5023,0.5037,1959440
2025-03-13T05:00:00Z,0.5037,0.5107,0.5029,0.5062,2321143
2025-03-13T06:00:00Z,0.5063,0.5126,0.5041,0.5096,2048152
2025-03-13T07:00:00Z,0.5097,0.5154,0.5058,0.5072,2958659
2025-03-13T08:00:00Z,0.5071,0.5121,0.5011,0.5039,2732849
2025-03-13T09:00:00Z,0.5040,0.5111,0.5035,0.5093,3474661
2025-03-13T10:00:00Z,0.5092,0.5138,0.5032,0.5133,3299412
2025-03-13T11:00:00Z,0.5132,0.5167,0.5106,0.5138,2757201
2025-03-13T12:00:00Z,0.5139,0.5150,0.5003,0.5038,6303632
2025-03-13T13:00:00Z,0.5037,0.5080,0.4920,0.4942,4323946
2025-03-13T14:00:00Z,0.4941,0.5014,0.4920,0.4993,2784659
2025-03-13T15:00:00Z,0.4995,0.5010,0.4947,0.4985,2124710
2025-03-13T16:00:00Z,0.4986,0.5002,0.4900,0.4915,2682344
2025-03-13T17:00:00Z,0.4915,0.4924,0.4812,0.4823,3399043
2025-03-13T18:00:00Z,0.4823,0.4897,0.4819,0.4882,2170321
2025-03-13T19:00:00Z,0.4882,0.4916,0.4861,0.4896,2228302
2025-03-13T20:00:00Z,0.4896,0.4923,0.4850,0.4863,1700836
2025-03-13T21:00:00Z,0.4862,0.4889,0.4840,0.4886,1127700
2025-03-13T22:00:00Z,0.4886,0.5021,0.4879,0.5015,1621036
2025-03-13T23:00:00Z,0.5014,0.5059,0.4988,0.5013,2513436
2025-03-14T00:00:00Z,0.5014,0.5071,0.4995,0.5048,2414166
2025-03-14T01:00:00Z,0.5048,0.5098,0.5035,0.5065,1535763
2025-03-14T02:00:00Z,0.5065,0.5129,0.5058,0.5124,1628885
2025-03-14T03:00:00Z,0.5123,0.5135,0.5086,0.5111,1627484
2025-03-14T04:00:00Z,0.5111,0.5158,0.5098,0.5125,2128010
2025-03-14T05:00:00Z,0.5126,0.5163,0.5112,0.5132,1253287
2025-03-14T06:00:00Z,0.5133,0.5152,0.5063,0.5135,3399507
2025-03-14T07:00:00Z,0.5135,0.5243,0.5117,0.5226,2822741
2025-03-14T08:00:00Z,0.5227,0.5307,0.5179,0.5181,4309602
2025-03-14T09:00:00Z,0.5182,0.5195,0.5142,0.5167,2620839
2025-03-14T10:00:00Z,0.5167,0.5174,0.5127,0.5144,1940950
2025-03-14T11:00:00Z,0.5145,0.5162,0.5124,0.5146,1135814
2025-03-14T12:00:00Z,0.5146,0.5176,0.5118,0.5135,1910682
2025-03-14T13:00:00Z,0.5134,0.5173,0.5093,0.5141,3254210
2025-03-14T14:00:00Z,0.5140,0.5218,0.5096,0.5189,3719106
2025-03-14T15:00:00Z,0.5190,0.5297,0.5190,0.5246,3146636
2025-03-14T16:00:00Z,0.5245,0.5256,0.5202,0.5244,2361444
2025-03-14T17:00:00Z,0.5244,0.5245,0.5207,0.5240,1511040
2025-03-14T18:00:00Z,0.5241,0.5287,0.5225,0.5267,2051659
2025-03-14T19:00:00Z,0.5266,0.5336,0.5250,0.5260,2275060
2025-03-14T20:00:00Z,0.5261,0.5285,0.5230,0.5241,2316642
2025-03-14T21:00:00Z,0.5241,0.5241,0.5194,0.5234,1377619
2025-03-14T22:00:00Z,0.5233,0.5264,0.5218,0.5250,1124876
2025-03-14T23:00:00Z,0.5251,0.5259,0.5213,0.5219,1373815
2025-03-15T00:00:00Z,0.5219,0.5234,0.5187,0.5190,1993154
2025-03-15T01:00:00Z,0.5191,0.5196,0.5131,0.5177,4063808
2025-03-15T02:00:00Z,0.5177,0.5177,0.5120,0.5162,2630150
2025-03-15T03:00:00Z,0.5162,0.5211,0.5146,0.5205,1557856
2025-03-15T04:00:00Z,0.5205,0.5258,0.5196,0.5247,2100706
2025-03-15T05:00:00Z,0.5245,0.5248,0.5188,0.5206,1308687
2025-03-15T06:00:00Z,0.5206,0.5208,0.5163,0.5173,1080116
2025-03-15T07:00:00Z,0.5172,0.5191,0.5147,0.5186,1219174
2025-03-15T08:00:00Z,0.5186,0.5197,0.5153,0.5167,1595315
2025-03-15T09:00:00Z,0.5168,0.5174,0.5133,0.5159,1356922
2025-03-15T10:00:00Z,0.5159,0.5159,0.5110,0.5129,1807608
2025-03-15T11:00:00Z,0.5129,0.5163,0.5112,0.5149,1382401
2025-03-15T12:00:00Z,0.5152,0.5183,0.5147,0.5155,1637433
2025-03-15T13:00:00Z,0.5154,0.5217,0.5154,0.5207,1397610
2025-03-15T14:00:00Z,0.5207,0.5231,0.5187,0.5206,1353328
2025-03-15T15:00:00Z,0.5206,0.5283,0.5202,0.5278,1777308
2025-03-15T16:00:00Z,0.5279,0.5321,0.5243,0.5294,2740312
2025-03-15T17:00:00Z,0.5293,0.5316,0.5268,0.5295,2129325
2025-03-15T18:00:00Z,0.5295,0.5314,0.5257,0.5269,1944722
2025-03-15T19:00:00Z,0.5269,0.5269,0.5227,0.5266,1242610
2025-03-15T20:00:00Z,0.5267,0.5375,0.5267,0.5362,3031926
2025-03-15T21:00:00Z,0.5363,0.5431,0.5357,0.5413,2740215
2025-03-15T22:00:00Z,0.5414,0.5417,0.5314,0.5319,2957266
2025-03-15T23:00:00Z,0.5318,0.5328,0.5289,0.5314,2186603
2025-03-16T00:00:00Z,0.5314,0.5318,0.5259,0.5261,1443144
2025-03-16T01:00:00Z,0.5262,0.5266,0.5214,0.5235,1562667
2025-03-16T02:00:00Z,0.5236,0.5297,0.5216,0.5245,1953131
2025-03-16T03:00:00Z,0.5246,0.5286,0.5239,0.5273,829239
2025-03-16T04:00:00Z,0.5273,0.5285,0.5251,0.5257,1103642
2025-03-16T05:00:00Z,0.5257,0.5325,0.5252,0.5321,1423630
2025-03-16T06:00:00Z,0.5319,0.5356,0.5285,0.5341,1732221
2025-03-16T07:00:00Z,0.5340,0.5374,0.5289,0.5322,1862384
2025-03-16T08:00:00Z,0.5321,0.5352,0.5271,0.5316,2443220
2025-03-16T09:00:00Z,0.5315,0.5320,0.5229,0.5254,1498215
2025-03-16T10:00:00Z,0.5254,0.5261,0.5205,0.5206,2144505
2025-03-16T11:00:00Z,0.5205,0.5205,0.5060,0.5078,5020750
2025-03-16T12:00:00Z,0.5078,0.5147,0.5068,0.5114,3348185
2025-03-16T13:00:00Z,0.5113,0.5145,0.5014,0.5025,3339158
2025-03-16T14:00:00Z,0.5024,0.5097,0.5011,0.5095,3995087
2025-03-16T15:00:00Z,0.5095,0.5144,0.5040,0.5045,4986453
2025-03-16T16:00:00Z,0.5045,0.5189,0.5035,0.5129,5189923
2025-03-16T17:00:00Z,0.5128,0.5165,0.5077,0.5105,2253742
2025-03-16T18:00:00Z,0.5104,0.5119,0.5050,0.5074,1598876
2025-03-16T19:00:00Z,0.5072,0.5077,0.4980,0.4999,3933993
2025-03-16T20:00:00Z,0.5000,0.5056,0.4997,0.5055,1897719
2025-03-16T21:00:00Z,0.5055,0.5074,0.5011,0.5039,1697341
2025-03-16T22:00:00Z,0.5039,0.5053,0.4982,0.4988,1478320
2025-03-16T23:00:00Z,0.4987,0.5028,0.4956,0.5019,2210544
2025-03-17T00:00:00Z,0.5019,0.5089,0.5012,0.5081,2038390
2025-03-17T01:00:00Z,0.5082,0.5158,0.5074,0.5151,2099712
2025-03-17T02:00:00Z,0.5152,0.5214,0.5138,0.5190,2538859
2025-03-17T03:00:00Z,0.5189,0.5246,0.5175,0.5199,3168265
2025-03-17T04:00:00Z,0.5200,0.5220,0.5171,0.5201,2153465
2025-03-17T05:00:00Z,0.5201,0.5213,0.5143,0.5146,1734980
2025-03-17T06:00:00Z,0.5147,0.5171,0.5080,0.5124,2251316
2025-03-17T07:00:00Z,0.5124,0.5189,0.5116,0.5180,1720741
2025-03-17T08:00:00Z,0.5180,0.5225,0.5150,0.5202,1504309
2025-03-17T09:00:00Z,0.5201,0.5255,0.5182,0.5210,2766710
2025-03-17T10:00:00Z,0.5209,0.5234,0.5178,0.5220,1406591
2025-03-17T11:00:00Z,0.5220,0.5244,0.5181,0.5187,1762592
2025-03-17T12:00:00Z,0.5188,0.5260,0.5133,0.5137,5522566
2025-03-17T13:00:00Z,0.5137,0.5161,0.5094,0.5116,2940097
2025-03-17T14:00:00Z,0.5115,0.5197,0.5073,0.5154,3288754
2025-03-17T15:00:00Z,0.5155,0.5191,0.5118,0.5183,1909670
2025-03-17T16:00:00Z,0.5184,0.5204,0.5147,0.5161,1943958
2025-03-17T17:00:00Z,0.5160,0.5273,0.5144,0.5266,2683176
2025-03-17T18:00:00Z,0.5265,0.5369,0.5247,0.5356,3513121
2025-03-17T19:00:00Z,0.5356,0.5360,0.5292,0.5303,2391551
2025-03-17T20:00:00Z,0.5302,0.5704,0.5283,0.5609,22917696
2025-03-17T21:00:00Z,0.5609,0.5719,0.5521,0.5565,13246420
2025-03-17T22:00:00Z,0.5564,0.5565,0.5441,0.5445,4504887
2025-03-17T23:00:00Z,0.5444,0.5458,0.5382,0.5386,3703676
2025-03-18T00:00:00Z,0.5387,0.5485,0.5368,0.5419,5973449
2025-03-18T01:00:00Z,0.5420,0.5427,0.5276,0.5303,3992461
2025-03-18T02:00:00Z,0.5302,0.5380,0.5299,0.5321,3151703
2025-03-18T03:00:00Z,0.5322,0.5330,0.5271,0.5303,1809404
2025-03-18T04:00:00Z,0.5302,0.5358,0.5286,0.5326,1923574
2025-03-18T05:00:00Z,0.5327,0.5360,0.5295,0.5321,1614184
2025-03-18T06:00:00Z,0.5320,0.5320,0.5221,0.5221,3509543
2025-03-18T07:00:00Z,0.5220,0.5282,0.5211,0.5275,2433134
2025-03-18T08:00:00Z,0.5275,0.5370,0.5254,0.5367,3889644
2025-03-18T09:00:00Z,0.5367,0.5476,0.5341,0.5402,7315220
2025-03-18T10:00:00Z,0.5402,0.5424,0.5344,0.5380,4392144
2025-03-18T11:00:00Z,0.5381,0.5382,0.5284,0.5311,3526921
2025-03-18T12:00:00Z,0.5310,0.5352,0.5282,0.5306,3273816
2025-03-18T13:00:00Z,0.5308,0.5340,0.5232,0.5254,5201693
2025-03-18T14:00:00Z,0.5253,0.5313,0.5234,0.5304,3740169
2025-03-18T15:00:00Z,0.5304,0.5304,0.5164,0.5177,4456617
2025-03-18T16:00:00Z,0.5177,0.5222,0.5151,0.5211,3092137
2025-03-18T17:00:00Z,0.5211,0.5225,0.5139,0.5165,16285855
2025-03-18T18:00:00Z,0.5165,0.5186,0.5099,0.5167,4127770
2025-03-18T19:00:00Z,0.5165,0.5216,0.5144,0.5206,2284423
2025-03-18T20:00:00Z,0.5206,0.5213,0.5151,0.5179,2431119
2025-03-18T21:00:00Z,0.5179,0.5215,0.5152,0.5169,1387222
2025-03-18T22:00:00Z,0.5168,0.5233,0.5157,0.5222,1701868
2025-03-18T23:00:00Z,0.5224,0.5273,0.5221,0.5257,1777263
2025-03-19T00:00:00Z,0.5259,0.5315,0.5244,0.5294,3282094
2025-03-19T01:00:00Z,0.5295,0.5325,0.5251,0.5253,2178985
2025-03-19T02:00:00Z,0.5254,0.5266,0.5228,0.5261,1382319
2025-03-19T03:00:00Z,0.5261,0.5306,0.5250,0.5306,1086192
2025-03-19T04:00:00Z,0.5306,0.5316,0.5264,0.5283,1703016
2025-03-19T05:00:00Z,0.5283,0.5303,0.5242,0.5250,1714252
2025-03-19T06:00:00Z,0.5249,0.5321,0.5232,0.5307,2430504
2025-03-19T07:00:00Z,0.5306,0.5375,0.5254,0.5309,4627250
2025-03-19T08:00:00Z,0.5310,0.5340,0.5185,0.5210,6117725
2025-03-19T09:00:00Z,0.5209,0.5215,0.5138,0.5193,4685272
2025-03-19T10:00:00Z,0.5192,0.5308,0.5173,0.5251,5190234
2025-03-19T11:00:00Z,0.5252,0.5364,0.5240,0.5343,4730292
2025-03-19T12:00:00Z,0.5344,0.5357,0.5271,0.5302,2892446
2025-03-19T13:00:00Z,0.5301,0.5379,0.5273,0.5314,4872001
2025-03-19T14:00:00Z,0.5314,0.5365,0.5294,0.5311,3405948
2025-03-19T15:00:00Z,0.5311,0.5349,0.5277,0.5329,3113375
2025-03-19T16:00:00Z,0.5329,0.5339,0.5280,0.5311,2250356
2025-03-19T17:00:00Z,0.5311,0.5312,0.5207,0.5265,2906986
2025-03-19T18:00:00Z,0.5266,0.5379,0.5202,0.5359,12667043
2025-03-19T19:00:00Z,0.5360,0.5397,0.5318,0.5346,3727235
2025-03-19T20:00:00Z,0.5347,0.5378,0.5302,0.5313,1589299
2025-03-19T21:00:00Z,0.5312,0.5383,0.5306,0.5340,1726911
2025-03-19T22:00:00Z,0.5341,0.5398,0.5331,0.5371,1232609
2025-03-19T23:00:00Z,0.5373,0.5411,0.5346,0.5401,1879005
2025-03-20T00:00:00Z,0.5401,0.5433,0.5342,0.5354,2656024
2025-03-20T01:00:00Z,0.5354,0.5377,0.5282,0.5293,2122189
2025-03-20T02:00:00Z,0.5293,0.5337,0.5277,0.5318,1515639
2025-03-20T03:00:00Z,0.5318,0.5347,0.5317,0.5328,962649
2025-03-20T04:00:00Z,0.5327,0.5334,0.5298,0.5309,1170664
2025-03-20T05:00:00Z,0.5309,0.5314,0.5255,0.5296,1997742
2025-03-20T06:00:00Z,0.5295,0.5415,0.5290,0.5398,3303249
2025-03-20T07:00:00Z,0.5398,0.5411,0.5331,0.5362,3048735
2025-03-20T08:00:00Z,0.5361,0.5386,0.5322,0.5322,2998313
2025-03-20T09:00:00Z,0.5323,0.5325,0.5212,0.5230,5391664
2025-03-20T10:00:00Z,0.5230,0.5240,0.5154,0.5172,7134313
2025-03-20T11:00:00Z,0.5173,0.5181,0.5151,0.5162,2688656
2025-03-20T12:00:00Z,0.5162,0.5206,0.5129,0.5199,2570207
2025-03-20T13:00:00Z,0.5199,0.5203,0.5154,0.5174,1818144
2025-03-20T14:00:00Z,0.5173,0.5279,0.5172,0.5266,3851693
2025-03-20T15:00:00Z,0.5267,0.5269,0.5175,0.5216,3079873
2025-03-20T16:00:00Z,0.5215,0.5279,0.5122,0.5163,5958981
2025-03-20T17:00:00Z,0.5163,0.5211,0.5156,0.5193,1877230
2025-03-20T18:00:00Z,0.5193,0.5239,0.5181,0.5197,1680491
2025-03-20T19:00:00Z,0.5196,0.5236,0.5185,0.5203,1504825
2025-03-20T20:00:00Z,0.5202,0.5248,0.5181,0.5240,1136448
2025-03-20T21:00:00Z,0.5239,0.5262,0.5218,0.5221,1215725
2025-03-20T22:00:00Z,0.5221,0.5246,0.5209,0.5216,1114107
2025-03-20T23:00:00Z,0.5215,0.5261,0.5206,0.5218,1744057
2025-03-21T00:00:00Z,0.5217,0.5291,0.5214,0.5287,1668081
2025-03-21T01:00:00Z,0.5287,0.5321,0.5274,0.5317,1726851
2025-03-21T02:00:00Z,0.5318,0.5327,0.5281,0.5312,1937561
2025-03-21T03:00:00Z,0.5312,0.5318,0.5254,0.5260,1704464
2025-03-21T04:00:00Z,0.5260,0.5307,0.5252,0.5286,1299005
2025-03-21T05:00:00Z,0.5286,0.5300,0.5233,0.5294,2398841
2025-03-21T06:00:00Z,0.5294,0.5353,0.5276,0.5348,2922523
2025-03-21T07:00:00Z,0.5347,0.5349,0.5164,0.5188,4855321
2025-03-21T08:00:00Z,0.5189,0.5261,0.5135,0.5164,3919789
2025-03-21T09:00:00Z,0.5164,0.5197,0.5126,0.5154,2114109
2025-03-21T10:00:00Z,0.5153,0.5166,0.5056,0.5100,3852717
2025-03-21T11:00:00Z,0.5100,0.5110,0.5056,0.5099,1862059
2025-03-21T12:00:00Z,0.5099,0.5155,0.5080,0.5087,4173358
2025-03-21T13:00:00Z,0.5087,0.5131,0.5059,0.5105,3223816
2025-03-21T14:00:00Z,0.5104,0.5113,0.5053,0.5110,3153245
2025-03-21T15:00:00Z,0.5110,0.5113,0.5052,0.5069,1924119
2025-03-21T16:00:00Z,0.5069,0.5119,0.5032,0.5115,2872345
2025-03-21T17:00:00Z,0.5114,0.5115,0.5077,0.5099,1357620
2025-03-21T18:00:00Z,0.5099,0.5175,0.5083,0.5145,2226087
2025-03-21T19:00:00Z,0.5146,0.5162,0.5116,0.5138,1581494
2025-03-21T20:00:00Z,0.5139,0.5144,0.5104,0.5119,1260095
2025-03-21T21:00:00Z,0.5119,0.5147,0.5095,0.5110,1610266
2025-03-21T22:00:00Z,0.5111,0.5122,0.5064,0.5095,1718778
2025-03-21T23:00:00Z,0.5095,0.5106,0.5060,0.5065,1241960
2025-03-22T00:00:00Z,0.5067,0.5130,0.5066,0.5124,1268754
2025-03-22T01:00:00Z,0.5124,0.5170,0.5113,0.5119,2120649
2025-03-22T02:00:00Z,0.5119,0.5157,0.5099,0.5150,1625084
2025-03-22T03:00:00Z,0.5150,0.5198,0.5134,0.5191,1472697
2025-03-22T04:00:00Z,0.5191,0.5225,0.5191,0.5216,1649916
2025-03-22T05:00:00Z,0.5216,0.5273,0.5209,0.5273,1333239
2025-03-22T06:00:00Z,0.5272,0.5361,0.5272,0.5322,7054406
2025-03-22T07:00:00Z,0.5322,0.5353,0.5272,0.5281,3192898
2025-03-22T08:00:00Z,0.5281,0.5328,0.5279,0.5302,2164338
2025-03-22T09:00:00Z,0.5303,0.5408,0.5294,0.5370,2447946
2025-03-22T10:00:00Z,0.5370,0.5396,0.5346,0.5366,2235081
2025-03-22T11:00:00Z,0.5367,0.5376,0.5324,0.5370,1666000
2025-03-22T12:00:00Z,0.5369,0.5388,0.5345,0.5357,1781992
2025-03-22T13:00:00Z,0.5357,0.5373,0.5326,0.5330,1598882
2025-03-22T14:00:00Z,0.5329,0.5351,0.5279,0.5297,2322970
2025-03-22T15:00:00Z,0.5297,0.5380,0.5293,0.5377,1654706
2025-03-22T16:00:00Z,0.5376,0.5425,0.5351,0.5363,2531364
2025-03-22T17:00:00Z,0.5362,0.5376,0.5339,0.5368,1310559
2025-03-22T18:00:00Z,0.5367,0.5427,0.5366,0.5400,1670274
2025-03-22T19:00:00Z,0.5400,0.5414,0.5351,0.5361,1401244
2025-03-22T20:00:00Z,0.5360,0.5396,0.5326,0.5330,5858252
2025-03-22T21:00:00Z,0.5329,0.5367,0.5280,0.5306,2170387
2025-03-22T22:00:00Z,0.5306,0.5331,0.5295,0.5310,1404290
2025-03-22T23:00:00Z,0.5310,0.5323,0.5277,0.5307,1555360
2025-03-23T00:00:00Z,0.5307,0.5307,0.5261,0.5288,1219559
2025-03-23T01:00:00Z,0.5287,0.5354,0.5283,0.5337,1611205
2025-03-23T02:00:00Z,0.5336,0.5359,0.5321,0.5357,956790
2025-03-23T03:00:00Z,0.5357,0.5444,0.5351,0.5437,1546455
2025-03-23T04:00:00Z,0.5437,0.5448,0.5355,0.5370,1806441
2025-03-23T05:00:00Z,0.5370,0.5400,0.5323,0.5400,1489087
2025-03-23T06:00:00Z,0.5400,0.5461,0.5383,0.5443,2166903
2025-03-23T07:00:00Z,0.5443,0.5468,0.5410,0.5445,2937103
2025-03-23T08:00:00Z,0.5444,0.5552,0.5403,0.5469,7813412
2025-03-23T09:00:00Z,0.5468,0.5486,0.5414,0.5419,2550458
2025-03-23T10:00:00Z,0.5419,0.5484,0.5380,0.5419,8756575
2025-03-23T11:00:00Z,0.5419,0.5444,0.5372,0.5389,3934353
2025-03-23T12:00:00Z,0.5388,0.5411,0.5353,0.5359,1901687
2025-03-23T13:00:00Z,0.5358,0.5378,0.5331,0.5363,1724168
2025-03-23T14:00:00Z,0.5364,0.5389,0.5300,0.5328,9676696
2025-03-23T15:00:00Z,0.5328,0.5369,0.5325,0.5330,2098133
2025-03-23T16:00:00Z,0.5330,0.5354,0.5299,0.5320,3095347
2025-03-23T17:00:00Z,0.5320,0.5358,0.5276,0.5304,2356428
2025-03-23T18:00:00Z,0.5304,0.5392,0.5290,0.5373,2318594
2025-03-23T19:00:00Z,0.5373,0.5447,0.5372,0.5408,2443284
2025-03-23T20:00:00Z,0.5408,0.5438,0.5372,0.5377,1889066
2025-03-23T21:00:00Z,0.5377,0.5391,0.5334,0.5378,1149416
2025-03-23T22:00:00Z,0.5378,0.5408,0.5371,0.5387,963720
2025-03-23T23:00:00Z,0.5387,0.5400,0.5357,0.5398,1032655
2025-03-24T00:00:00Z,0.5398,0.5466,0.5368,0.5418,3722714
2025-03-24T01:00:00Z,0.5418,0.5425,0.5366,0.5375,2510802
2025-03-24T02:00:00Z,0.5374,0.5390,0.5340,0.5374,1545597
2025-03-24T03:00:00Z,0.5374,0.5510,0.5366,0.5490,2598370
2025-03-24T04:00:00Z,0.5489,0.5508,0.5453,0.5498,2165363
2025-03-24T05:00:00Z,0.5498,0.5527,0.5480,0.5491,2331603
2025-03-24T06:00:00Z,0.5492,0.5543,0.5476,0.5528,3213005
2025-03-24T07:00:00Z,0.5528,0.5589,0.5500,0.5554,3616278
2025-03-24T08:00:00Z,0.5554,0.5626,0.5552,0.5560,4347579
2025-03-24T09:00:00Z,0.5560,0.5565,0.5459,0.5512,4510262
2025-03-24T10:00:00Z,0.5512,0.5578,0.5468,0.5521,3328494
2025-03-24T11:00:00Z,0.5521,0.5544,0.5462,0.5506,6856449
2025-03-24T12:00:00Z,0.5506,0.5565,0.5498,0.5562,2014542
2025-03-24T13:00:00Z,0.5562,0.5564,0.5501,0.5551,2503594
2025-03-24T14:00:00Z,0.5552,0.5616,0.5521,0.5535,2789647
2025-03-24T15:00:00Z,0.5536,0.5548,0.5482,0.5524,2733068
2025-03-24T16:00:00Z,0.5524,0.5539,0.5474,0.5499,1839185
2025-03-24T17:00:00Z,0.5499,0.5552,0.5476,0.5538,2608891
2025-03-24T18:00:00Z,0.5538,0.5559,0.5489,0.5541,6394413
2025-03-24T19:00:00Z,0.5542,0.5565,0.5533,0.5553,2393729
2025-03-24T20:00:00Z,0.5553,0.5583,0.5524,0.5537,1060321
2025-03-24T21:00:00Z,0.5538,0.5604,0.5529,0.5598,1494781
2025-03-24T22:00:00Z,0.5599,0.5606,0.5549,0.5571,1077651
2025-03-24T23:00:00Z,0.5572,0.5584,0.5533,0.5571,1634892
2025-03-25T00:00:00Z,0.5571,0.5621,0.5543,0.5605,3881015
2025-03-25T01:00:00Z,0.5605,0.5631,0.5527,0.5552,2872529
2025-03-25T02:00:00Z,0.5552,0.5629,0.5543,0.5594,2023975
2025-03-25T03:00:00Z,0.5595,0.5620,0.5503,0.5516,2475307
2025-03-25T04:00:00Z,0.5515,0.5538,0.5483,0.5526,1532991
2025-03-25T05:00:00Z,0.5526,0.5618,0.5524,0.5580,2482955
2025-03-25T06:00:00Z,0.5580,0.5656,0.5573,0.5645,2941956
2025-03-25T07:00:00Z,0.5646,0.5706,0.5643,0.5689,3553732
2025-03-25T08:00:00Z,0.5688,0.5750,0.5639,0.5647,5943811
2025-03-25T09:00:00Z,0.5647,0.5647,0.5590,0.5605,3522674
2025-03-25T10:00:00Z,0.5605,0.5627,0.5561,0.5598,3917409
2025-03-25T11:00:00Z,0.5599,0.5630,0.5579,0.5604,5339345
2025-03-25T12:00:00Z,0.5605,0.5631,0.5552,0.5563,2097756
2025-03-25T13:00:00Z,0.5561,0.5639,0.5554,0.5593,2429712
2025-03-25T14:00:00Z,0.5594,0.5633,0.5568,0.5623,2016936
2025-03-25T15:00:00Z,0.5623,0.5659,0.5578,0.5588,2780377
2025-03-25T16:00:00Z,0.5589,0.5625,0.5569,0.5597,1957895
2025-03-25T17:00:00Z,0.5599,0.5676,0.5598,0.5660,1889473
2025-03-25T18:00:00Z,0.5660,0.5666,0.5603,0.5604,1460463
2025-03-25T19:00:00Z,0.5603,0.5642,0.5603,0.5629,994359
2025-03-25T20:00:00Z,0.5627,0.5664,0.5609,0.5644,1585065
2025-03-25T21:00:00Z,0.5642,0.5680,0.5627,0.5652,1545711
2025-03-25T22:00:00Z,0.5652,0.5681,0.5636,0.5658,1490473
2025-03-25T23:00:00Z,0.5659,0.5659,0.5602,0.5631,1844842
2025-03-26T00:00:00Z,0.5632,0.5664,0.5605,0.5642,1223244
2025-03-26T01:00:00Z,0.5641,0.5679,0.5628,0.5669,1097649
2025-03-26T02:00:00Z,0.5670,0.5679,0.5570,0.5582,1532326
2025-03-26T03:00:00Z,0.5581,0.5607,0.5567,0.5586,911790
2025-03-26T04:00:00Z,0.5585,0.5628,0.5561,0.5627,1615130
2025-03-26T05:00:00Z,0.5626,0.5716,0.5603,0.5679,1961508
2025-03-26T06:00:00Z,0.5679,0.5687,0.5660,0.5672,1358050
2025-03-26T07:00:00Z,0.5671,0.5776,0.5665,0.5732,2762010
2025-03-26T08:00:00Z,0.5734,0.5762,0.5716,0.5756,1757899
2025-03-26T09:00:00Z,0.5756,0.5846,0.5741,0.5795,4921355
2025-03-26T10:00:00Z,0.5795,0.5823,0.5752,0.5800,2023000
2025-03-26T11:00:00Z,0.5800,0.5809,0.5768,0.5785,1329830
2025-03-26T12:00:00Z,0.5784,0.5784,0.5735,0.5760,1931391
2025-03-26T13:00:00Z,0.5760,0.5760,0.5576,0.5588,5110173
2025-03-26T14:00:00Z,0.5586,0.5621,0.5485,0.5531,5514639
2025-03-26T15:00:00Z,0.5530,0.5558,0.5484,0.5531,2539117
2025-03-26T16:00:00Z,0.5530,0.5566,0.5498,0.5533,2000456
2025-03-26T17:00:00Z,0.5533,0.5546,0.5461,0.5482,2441450
2025-03-26T18:00:00Z,0.5483,0.5525,0.5457,0.5465,1874612
2025-03-26T19:00:00Z,0.5465,0.5485,0.5407,0.5439,6482219
2025-03-26T20:00:00Z,0.5439,0.5523,0.5428,0.5511,4776592
2025-03-26T21:00:00Z,0.5512,0.5579,0.5478,0.5555,4202631
2025-03-26T22:00:00Z,0.5554,0.5565,0.5494,0.5515,1510843
2025-03-26T23:00:00Z,0.5514,0.5549,0.5491,0.5543,1186786
2025-03-27T00:00:00Z,0.5542,0.5614,0.5517,0.5614,2091414
2025-03-27T01:00:00Z,0.5614,0.5673,0.5614,0.5639,2535092
2025-03-27T02:00:00Z,0.5639,0.5709,0.5637,0.5678,1954064
2025-03-27T03:00:00Z,0.5677,0.5697,0.5661,0.5688,1498060
2025-03-27T04:00:00Z,0.5689,0.5689,0.5653,0.5660,1326779
2025-03-27T05:00:00Z,0.5659,0.5673,0.5627,0.5635,967372
2025-03-27T06:00:00Z,0.5635,0.5669,0.5610,0.5626,912331
2025-03-27T07:00:00Z,0.5625,0.5638,0.5585,0.5610,1138397
2025-03-27T08:00:00Z,0.5609,0.5649,0.5594,0.5622,991154
2025-03-27T09:00:00Z,0.5623,0.5623,0.5581,0.5584,995972
2025-03-27T10:00:00Z,0.5584,0.5607,0.5544,0.5550,1581448
2025-03-27T11:00:00Z,0.5549,0.5572,0.5504,0.5514,2273387
2025-03-27T12:00:00Z,0.5514,0.5569,0.5502,0.5536,2075206
2025-03-27T13:00:00Z,0.5535,0.5552,0.5431,0.5493,3375903
2025-03-27T14:00:00Z,0.5492,0.5603,0.5476,0.5597,2928337
2025-03-27T15:00:00Z,0.5598,0.5625,0.5543,0.5561,2477994
2025-03-27T16:00:00Z,0.5561,0.5589,0.5493,0.5495,1571219
2025-03-27T17:00:00Z,0.5494,0.5524,0.5461,0.5474,2681421
2025-03-27T18:00:00Z,0.5473,0.5557,0.5471,0.5544,1371528
2025-03-27T19:00:00Z,0.5544,0.5567,0.5525,0.5542,1249421
2025-03-27T20:00:00Z,0.5542,0.5557,0.5519,0.5540,987546
2025-03-27T21:00:00Z,0.5540,0.5603,0.5529,0.5597,999690
2025-03-27T22:00:00Z,0.5597,0.5597,0.5542,0.5551,762010
2025-03-27T23:00:00Z,0.5549,0.5550,0.5513,0.5527,921378
2025-03-28T00:00:00Z,0.5528,0.5529,0.5430,0.5501,2319631
2025-03-28T01:00:00Z,0.5501,0.5567,0.5478,0.5534,1435093
2025-03-28T02:00:00Z,0.5535,0.5565,0.5491,0.5493,1380180
2025-03-28T03:00:00Z,0.5494,0.5504,0.5402,0.5424,2584905
2025-03-28T04:00:00Z,0.5425,0.5438,0.5200,0.5262,6863885
2025-03-28T05:00:00Z,0.5262,0.5262,0.5148,0.5148,5230864
2025-03-28T06:00:00Z,0.5148,0.5195,0.5111,0.5121,3531934
2025-03-28T07:00:00Z,0.5122,0.5138,0.5067,0.5076,2669251
2025-03-28T08:00:00Z,0.5074,0.5089,0.5046,0.5071,3425327
2025-03-28T09:00:00Z,0.5070,0.5079,0.5022,0.5035,2056477
2025-03-28T10:00:00Z,0.5036,0.5040,0.4969,0.4980,2798516
2025-03-28T11:00:00Z,0.4979,0.5040,0.4945,0.5023,3760517
2025-03-28T12:00:00Z,0.5023,0.5048,0.4951,0.4960,2914270
2025-03-28T13:00:00Z,0.4961,0.5018,0.4946,0.4949,2185746
2025-03-28T14:00:00Z,0.4948,0.5018,0.4924,0.4998,4824927
2025-03-28T15:00:00Z,0.4998,0.5042,0.4983,0.5000,13508945
2025-03-28T16:00:00Z,0.5000,0.5019,0.4950,0.4972,2305318
2025-03-28T17:00:00Z,0.4972,0.4991,0.4942,0.4973,2129518
2025-03-28T18:00:00Z,0.4972,0.4990,0.4958,0.4970,979573
2025-03-28T19:00:00Z,0.4969,0.4983,0.4927,0.4941,1482323
2025-03-28T20:00:00Z,0.4941,0.4976,0.4901,0.4915,2111823
2025-03-28T21:00:00Z,0.4915,0.4942,0.4855,0.4935,3243339
2025-03-28T22:00:00Z,0.4935,0.5006,0.4935,0.5002,1423589
2025-03-28T23:00:00Z,0.5002,0.5012,0.4980,0.5005,1368487
2025-03-29T00:00:00Z,0.5006,0.5037,0.4998,0.5002,1745405
2025-03-29T01:00:00Z,0.5002,0.5026,0.4989,0.5007,1295652
2025-03-29T02:00:00Z,0.5007,0.5014,0.4913,0.4920,1997707
2025-03-29T03:00:00Z,0.4920,0.4969,0.4846,0.4954,3670445
2025-03-29T04:00:00Z,0.4953,0.4961,0.4921,0.4939,1673763
2025-03-29T05:00:00Z,0.4937,0.4973,0.4897,0.4914,2168695
2025-03-29T06:00:00Z,0.4913,0.4924,0.4856,0.4891,1699876
2025-03-29T07:00:00Z,0.4892,0.4907,0.4825,0.4862,2246628
2025-03-29T08:00:00Z,0.4863,0.4909,0.4854,0.4896,1539177
2025-03-29T09:00:00Z,0.4895,0.4906,0.4800,0.4865,2329484
2025-03-29T10:00:00Z,0.4864,0.4878,0.4837,0.4845,1698848
2025-03-29T11:00:00Z,0.4844,0.4846,0.4739,0.4768,4890078
2025-03-29T12:00:00Z,0.4768,0.4832,0.4759,0.4817,2000382
2025-03-29T13:00:00Z,0.4815,0.4866,0.4812,0.4841,1931974
2025-03-29T14:00:00Z,0.4841,0.4841,0.4765,0.4772,1954421
2025-03-29T15:00:00Z,0.4771,0.4800,0.4754,0.4759,1481205
2025-03-29T16:00:00Z,0.4760,0.4773,0.4662,0.4672,6343832
2025-03-29T17:00:00Z,0.4671,0.4731,0.4610,0.4670,6636533
2025-03-29T18:00:00Z,0.4670,0.4710,0.4657,0.4665,2382959
2025-03-29T19:00:00Z,0.4666,0.4690,0.4631,0.4688,2248034
2025-03-29T20:00:00Z,0.4689,0.4689,0.4609,0.4625,3036530
2025-03-29T21:00:00Z,0.4625,0.4677,0.4619,0.4654,1599530
2025-03-29T22:00:00Z,0.4654,0.4683,0.4641,0.4663,1394551
2025-03-29T23:00:00Z,0.4662,0.4707,0.4642,0.4695,1115120
2025-03-30T00:00:00Z,0.4696,0.4722,0.4634,0.4691,2807306
2025-03-30T01:00:00Z,0.4690,0.4764,0.4686,0.4734,2438260
2025-03-30T02:00:00Z,0.4733,0.4783,0.4731,0.4767,1530536
2025-03-30T03:00:00Z,0.4766,0.4785,0.4733,0.4740,1577915
2025-03-30T04:00:00Z,0.4740,0.4785,0.4740,0.4770,1041520
2025-03-30T05:00:00Z,0.4771,0.4784,0.4748,0.4756,852098
2025-03-30T06:00:00Z,0.4754,0.4793,0.4734,0.4765,1061012
2025-03-30T07:00:00Z,0.4764,0.4783,0.4757,0.4767,1019423
2025-03-30T08:00:00Z,0.4768,0.4816,0.4757,0.4815,1914008
2025-03-30T09:00:00Z,0.4816,0.4831,0.4798,0.4806,1107714
2025-03-30T10:00:00Z,0.4805,0.4828,0.4752,0.4762,1467188
2025-03-30T11:00:00Z,0.4761,0.4800,0.4759,0.4778,873764
2025-03-30T12:00:00Z,0.4778,0.4799,0.4756,0.4774,1232026
2025-03-30T13:00:00Z,0.4775,0.4785,0.4692,0.4708,2650766
2025-03-30T14:00:00Z,0.4707,0.4747,0.4677,0.4722,2497709
2025-03-30T15:00:00Z,0.4720,0.4760,0.4714,0.4725,1320644
2025-03-30T16:00:00Z,0.4725,0.4734,0.4655,0.4674,2533876
2025-03-30T17:00:00Z,0.4673,0.4729,0.4663,0.4722,1464510
2025-03-30T18:00:00Z,0.4723,0.4802,0.4723,0.4802,1444596
2025-03-30T19:00:00Z,0.4802,0.4830,0.4781,0.4785,1284977
2025-03-30T20:00:00Z,0.4786,0.4803,0.4768,0.4775,1131115
2025-03-30T21:00:00Z,0.4776,0.4806,0.4715,0.4740,1016241
2025-03-30T22:00:00Z,0.4739,0.4781,0.4652,0.4755,2385250
2025-03-30T23:00:00Z,0.4754,0.4760,0.4692,0.4737,1956325
2025-03-31T00:00:00Z,0.4737,0.4752,0.4639,0.4672,2389227
2025-03-31T01:00:00Z,0.4673,0.4781,0.4662,0.4757,2515117
2025-03-31T02:00:00Z,0.4757,0.4779,0.4711,0.4739,1628919
2025-03-31T03:00:00Z,0.4740,0.4761,0.4667,0.4677,1740463
2025-03-31T04:00:00Z,0.4677,0.4734,0.4660,0.4716,1513004
2025-03-31T05:00:00Z,0.4714,0.4753,0.4707,0.4710,1625185
2025-03-31T06:00:00Z,0.4712,0.4722,0.4667,0.4677,1818056
2025-03-31T07:00:00Z,0.4678,0.4706,0.4614,0.4651,2776417
2025-03-31T08:00:00Z,0.4650,0.4704,0.4638,0.4643,2325898
2025-03-31T09:00:00Z,0.4644,0.4685,0.4589,0.4617,4150787
2025-03-31T10:00:00Z,0.4616,0.4711,0.4603,0.4695,3356295
2025-03-31T11:00:00Z,0.4695,0.4731,0.4657,0.4710,2526261
2025-03-31T12:00:00Z,0.4709,0.4788,0.4675,0.4757,3021812
2025-03-31T13:00:00Z,0.4757,0.4764,0.4648,0.4695,3777554
2025-03-31T14:00:00Z,0.4696,0.4805,0.4695,0.4778,3921403
2025-03-31T15:00:00Z,0.4778,0.4815,0.4761,0.4765,2390109
2025-03-31T16:00:00Z,0.4765,0.4790,0.4740,0.4748,3137429
2025-03-31T17:00:00Z,0.4747,0.4772,0.4680,0.4704,2314991
2025-03-31T18:00:00Z,0.4704,0.4773,0.4699,0.4753,1957733
2025-03-31T19:00:00Z,0.4752,0.4783,0.4708,0.4712,1741954
2025-03-31T20:00:00Z,0.4712,0.4750,0.4703,0.4710,1399584
2025-03-31T21:00:00Z,0.4710,0.4745,0.4699,0.4702,1351534
2025-03-31T22:00:00Z,0.4702,0.4708,0.4671,0.4707,1558256
2025-03-31T23:00:00Z,0.4706,0.4735,0.4690,0.4696,1273940
2025-04-01T00:00:00Z,0.4697,0.4755,0.4688,0.4741,2822969
2025-04-01T01:00:00Z,0.4741,0.4751,0.4711,0.4723,1305053
2025-04-01T02:00:00Z,0.4723,0.4808,0.4719,0.4801,1529419
2025-04-01T03:00:00Z,0.4801,0.4814,0.4778,0.4792,1632010
2025-04-01T04:00:00Z,0.4792,0.4809,0.4785,0.4800,1320083
2025-04-01T05:00:00Z,0.4800,0.4842,0.4793,0.4797,1564306
2025-04-01T06:00:00Z,0.4798,0.4875,0.4790,0.4859,2803621
2025-04-01T07:00:00Z,0.4859,0.4883,0.4840,0.4849,1937774
2025-04-01T08:00:00Z,0.4850,0.4948,0.4838,0.4946,3493047
2025-04-01T09:00:00Z,0.4947,0.4969,0.4932,0.4942,1823937
2025-04-01T10:00:00Z,0.4943,0.4944,0.4846,0.4854,3541446
2025-04-01T11:00:00Z,0.4854,0.4860,0.4801,0.4836,3163027
2025-04-01T12:00:00Z,0.4837,0.4848,0.4806,0.4829,1553939
2025-04-01T13:00:00Z,0.4829,0.4849,0.4806,0.4831,1779683
2025-04-01T14:00:00Z,0.4830,0.4862,0.4730,0.4845,5435817
2025-04-01T15:00:00Z,0.4843,0.4944,0.4843,0.4913,4272542
2025-04-01T16:00:00Z,0.4914,0.4931,0.4865,0.4877,2175521
2025-04-01T17:00:00Z,0.4876,0.4894,0.4856,0.4864,1225268
2025-04-01T18:00:00Z,0.4865,0.4865,0.4791,0.4804,1888178
2025-04-01T19:00:00Z,0.4804,0.4809,0.4774,0.4788,1518669
2025-04-01T20:00:00Z,0.4787,0.4792,0.4723,0.4786,2312300
2025-04-01T21:00:00Z,0.4787,0.4835,0.4769,0.4802,1210746
2025-04-01T22:00:00Z,0.4802,0.4823,0.4785,0.4786,1149912
2025-04-01T23:00:00Z,0.4785,0.4800,0.4750,0.4769,1196730
2025-04-02T00:00:00Z,0.4770,0.4770,0.4652,0.4665,3626320
2025-04-02T01:00:00Z,0.4666,0.4671,0.4601,0.4644,3754281
2025-04-02T02:00:00Z,0.4645,0.4666,0.4532,0.4585,5243834
2025-04-02T03:00:00Z,0.4583,0.4669,0.4581,0.4648,2247188
2025-04-02T04:00:00Z,0.4647,0.4665,0.4601,0.4623,1400722
2025-04-02T05:00:00Z,0.4624,0.4624,0.4547,0.4566,2271120
2025-04-02T06:00:00Z,0.4566,0.4588,0.4535,0.4541,2247629
2025-04-02T07:00:00Z,0.4540,0.4600,0.4520,0.4562,3131590
2025-04-02T08:00:00Z,0.4563,0.4608,0.4544,0.4577,2827036
2025-04-02T09:00:00Z,0.4577,0.4642,0.4571,0.4616,2866437
2025-04-02T10:00:00Z,0.4615,0.4639,0.4578,0.4589,1853465
2025-04-02T11:00:00Z,0.4588,0.4594,0.4566,0.4576,1836562
2025-04-02T12:00:00Z,0.4576,0.4590,0.4538,0.4588,2687868
2025-04-02T13:00:00Z,0.4588,0.4606,0.4499,0.4542,5608365
2025-04-02T14:00:00Z,0.4543,0.4573,0.4507,0.4548,3217645
2025-04-02T15:00:00Z,0.4547,0.4724,0.4546,0.4686,6057270
2025-04-02T16:00:00Z,0.4686,0.4729,0.4670,0.4679,2255874
2025-04-02T17:00:00Z,0.4678,0.4696,0.4558,0.4599,2935219
2025-04-02T18:00:00Z,0.4599,0.4664,0.4581,0.4650,1321913
2025-04-02T19:00:00Z,0.4650,0.4676,0.4636,0.4664,994881
2025-04-02T20:00:00Z,0.4664,0.4784,0.4539,0.4615,8711620
2025-04-02T21:00:00Z,0.4613,0.4626,0.4504,0.4552,2541958
2025-04-02T22:00:00Z,0.4552,0.4552,0.4251,0.4265,8141281
2025-04-02T23:00:00Z,0.4265,0.4346,0.4239,0.4319,2925923
2025-04-03T00:00:00Z,0.4320,0.4443,0.4304,0.4440,2702808
2025-04-03T01:00:00Z,0.4441,0.4498,0.4425,0.4459,1721844
2025-04-03T02:00:00Z,0.4459,0.4529,0.4457,0.4510,1775111
2025-04-03T03:00:00Z,0.4510,0.4530,0.4496,0.4500,1324460
2025-04-03T04:00:00Z,0.4500,0.4540,0.4488,0.4513,1092298
2025-04-03T05:00:00Z,0.4514,0.4532,0.4474,0.4475,1031798
2025-04-03T06:00:00Z,0.4476,0.4500,0.4453,0.4460,1243885
2025-04-03T07:00:00Z,0.4460,0.4466,0.4386,0.4421,1664711
2025-04-03T08:00:00Z,0.4421,0.4454,0.4399,0.4421,1717258
2025-04-03T09:00:00Z,0.4421,0.4436,0.4386,0.4389,1616822
2025-04-03T10:00:00Z,0.4389,0.4403,0.4274,0.4280,3093283
2025-04-03T11:00:00Z,0.4280,0.4330,0.4241,0.4304,2318863
2025-04-03T12:00:00Z,0.4303,0.4326,0.4194,0.4207,3696404
2025-04-03T13:00:00Z,0.4206,0.4328,0.4203,0.4315,2936130
2025-04-03T14:00:00Z,0.4314,0.4319,0.4210,0.4222,2776295
2025-04-03T15:00:00Z,0.4221,0.4330,0.4219,0.4317,2043242
2025-04-03T16:00:00Z,0.4317,0.4348,0.4302,0.4308,1791809
2025-04-03T17:00:00Z,0.4309,0.4341,0.4297,0.4315,1079221
2025-04-03T18:00:00Z,0.4315,0.4381,0.4280,0.4350,1678249
2025-04-03T19:00:00Z,0.4350,0.4393,0.4349,0.4360,1669817
2025-04-03T20:00:00Z,0.4360,0.4402,0.4348,0.4388,1144015
2025-04-03T21:00:00Z,0.4388,0.4436,0.4377,0.4419,1398431
2025-04-03T22:00:00Z,0.4419,0.4426,0.4388,0.4398,1182391
2025-04-03T23:00:00Z,0.4399,0.4414,0.4372,0.4400,1317145
2025-04-04T00:00:00Z,0.4401,0.4428,0.4388,0.4392,1698550
2025-04-04T01:00:00Z,0.4393,0.4416,0.4351,0.4360,1382475
2025-04-04T02:00:00Z,0.4360,0.4436,0.4360,0.4405,1147809
2025-04-04T03:00:00Z,0.4404,0.4424,0.4385,0.4415,835032
2025-04-04T04:00:00Z,0.4415,0.4431,0.4385,0.4389,830113
2025-04-04T05:00:00Z,0.4389,0.4466,0.4382,0.4451,1345224
2025-04-04T06:00:00Z,0.4450,0.4466,0.4417,0.4418,979573
2025-04-04T07:00:00Z,0.4418,0.4459,0.4407,0.4449,1664352
2025-04-04T08:00:00Z,0.4450,0.4496,0.4450,0.4463,1536191
2025-04-04T09:00:00Z,0.4463,0.4474,0.4448,0.4459,895956
2025-04-04T10:00:00Z,0.4460,0.4469,0.4323,0.4333,3988342
2025-04-04T11:00:00Z,0.4334,0.4344,0.4276,0.4337,3468296
2025-04-04T12:00:00Z,0.4337,0.4424,0.4312,0.4389,3353084
2025-04-04T13:00:00Z,0.4389,0.4435,0.4338,0.4420,2653938
2025-04-04T14:00:00Z,0.4420,0.4438,0.4356,0.4396,2270722
2025-04-04T15:00:00Z,0.4396,0.4489,0.4391,0.4410,3352596
2025-04-04T16:00:00Z,0.4410,0.4449,0.4385,0.4417,2662802
2025-04-04T17:00:00Z,0.4416,0.4478,0.4375,0.4465,2614907
2025-04-04T18:00:00Z,0.4465,0.4477,0.4413,0.4418,1493670
2025-04-04T19:00:00Z,0.4419,0.4449,0.4408,0.4440,1053018
2025-04-04T20:00:00Z,0.4440,0.4478,0.4434,0.4463,975728
2025-04-04T21:00:00Z,0.4464,0.4503,0.4452,0.4474,815071
2025-04-04T22:00:00Z,0.4474,0.4492,0.4453,0.4455,674155
2025-04-04T23:00:00Z,0.4455,0.4457,0.4434,0.4444,537136
2025-04-05T00:00:00Z,0.4443,0.4469,0.4430,0.4463,574451
2025-04-05T01:00:00Z,0.4465,0.4484,0.4456,0.4459,643612
2025-04-05T02:00:00Z,0.4460,0.4461,0.4435,0.4443,611739
2025-04-05T03:00:00Z,0.4444,0.4453,0.4429,0.4444,413066
2025-04-05T04:00:00Z,0.4444,0.4452,0.4416,0.4421,853159
2025-04-05T05:00:00Z,0.4421,0.4443,0.4411,0.4417,930037
2025-04-05T06:00:00Z,0.4418,0.4441,0.4403,0.4434,3726475
2025-04-05T07:00:00Z,0.4433,0.4462,0.4426,0.4455,572150
2025-04-05T08:00:00Z,0.4456,0.4463,0.4447,0.4458,814094
2025-04-05T09:00:00Z,0.4459,0.4485,0.4459,0.4478,607221
2025-04-05T10:00:00Z,0.4478,0.4484,0.4450,0.4461,617837
2025-04-05T11:00:00Z,0.4461,0.4472,0.4447,0.4453,754423
2025-04-05T12:00:00Z,0.4453,0.4453,0.4401,0.4419,991813
2025-04-05T13:00:00Z,0.4420,0.4424,0.4366,0.4375,1211699
2025-04-05T14:00:00Z,0.4376,0.4413,0.4373,0.4402,1252899
2025-04-05T15:00:00Z,0.4404,0.4408,0.4364,0.4376,1210874
2025-04-05T16:00:00Z,0.4375,0.4392,0.4367,0.4378,1087154
2025-04-05T17:00:00Z,0.4378,0.4393,0.4365,0.4379,681230
2025-04-05T18:00:00Z,0.4379,0.4402,0.4378,0.4399,837256
2025-04-05T19:00:00Z,0.4399,0.4406,0.4363,0.4367,572064
2025-04-05T20:00:00Z,0.4367,0.4386,0.4344,0.4377,1129155
2025-04-05T21:00:00Z,0.4377,0.4385,0.4357,0.4367,549773
2025-04-05T22:00:00Z,0.4367,0.4385,0.4362,0.4383,402186
2025-04-05T23:00:00Z,0.4383,0.4424,0.4379,0.4417,709521
2025-04-06T00:00:00Z,0.4416,0.4419,0.4389,0.4396,586915
2025-04-06T01:00:00Z,0.4397,0.4411,0.4377,0.4383,590935
2025-04-06T02:00:00Z,0.4383,0.4388,0.4359,0.4359,565693
2025-04-06T03:00:00Z,0.4360,0.4365,0.4335,0.4358,1140551
2025-04-06T04:00:00Z,0.4358,0.4377,0.4343,0.4376,691532
2025-04-06T05:00:00Z,0.4377,0.4414,0.4375,0.4408,628607
2025-04-06T06:00:00Z,0.4408,0.4414,0.4367,0.4367,1161733
2025-04-06T07:00:00Z,0.4367,0.4373,0.4345,0.4353,1312263
2025-04-06T08:00:00Z,0.4352,0.4388,0.4326,0.4386,1426527
2025-04-06T09:00:00Z,0.4387,0.4397,0.4358,0.4366,2305383
2025-04-06T10:00:00Z,0.4367,0.4375,0.4337,0.4353,901781
2025-04-06T11:00:00Z,0.4352,0.4363,0.4322,0.4345,3505489
2025-04-06T12:00:00Z,0.4344,0.4354,0.4275,0.4277,4535019
2025-04-06T13:00:00Z,0.4277,0.4290,0.4180,0.4193,3207145
2025-04-06T14:00:00Z,0.4193,0.4280,0.4176,0.4273,2621427
2025-04-06T15:00:00Z,0.4272,0.4283,0.4242,0.4249,3610366
2025-04-06T16:00:00Z,0.4248,0.4262,0.4157,0.4171,2030449
2025-04-06T17:00:00Z,0.4170,0.4184,0.4014,0.4044,9292998
2025-04-06T18:00:00Z,0.4044,0.4053,0.3870,0.3906,9048829
2025-04-06T19:00:00Z,0.3907,0.3940,0.3850,0.3929,5790056
2025-04-06T20:00:00Z,0.3928,0.3949,0.3811,0.3847,6916708
2025-04-06T21:00:00Z,0.3847,0.3916,0.3844,0.3880,1974613
2025-04-06T22:00:00Z,0.3881,0.3951,0.3834,0.3871,4140668
2025-04-06T23:00:00Z,0.3869,0.3904,0.3782,0.3879,4034767
2025-04-07T00:00:00Z,0.3879,0.3910,0.3843,0.3881,2698532
2025-04-07T01:00:00Z,0.3882,0.4025,0.3882,0.4001,5355163
2025-04-07T02:00:00Z,0.4000,0.4047,0.3964,0.3971,9144437
2025-04-07T03:00:00Z,0.3971,0.4007,0.3742,0.3791,11364414
2025-04-07T04:00:00Z,0.3791,0.3870,0.3782,0.3841,2971412
2025-04-07T05:00:00Z,0.3841,0.3875,0.3771,0.3789,2344367
2025-04-07T06:00:00Z,0.3789,0.3833,0.3482,0.3562,16543191
2025-04-07T07:00:00Z,0.3563,0.3702,0.3559,0.3640,5970699
2025-04-07T08:00:00Z,0.3639,0.3823,0.3607,0.3781,5506436
2025-04-07T09:00:00Z,0.3780,0.3855,0.3749,0.3794,2795245
2025-04-07T10:00:00Z,0.3795,0.3873,0.3782,0.3788,2756805
2025-04-07T11:00:00Z,0.3788,0.3820,0.3757,0.3772,1639373
2025-04-07T12:00:00Z,0.3774,0.3887,0.3756,0.3870,3057058
2025-04-07T13:00:00Z,0.3870,0.4005,0.3782,0.3982,8649046
2025-04-07T14:00:00Z,0.3982,0.4171,0.3912,0.3974,17430215
2025-04-07T15:00:00Z,0.3970,0.3995,0.3896,0.3963,5266019
2025-04-07T16:00:00Z,0.3962,0.3968,0.3886,0.3890,2470812
2025-04-07T17:00:00Z,0.3891,0.4031,0.3891,0.4004,3037258
2025-04-07T18:00:00Z,0.4004,0.4019,0.3961,0.3962,1961536
2025-04-07T19:00:00Z,0.3962,0.4005,0.3953,0.3958,2176882
2025-04-07T20:00:00Z,0.3959,0.4042,0.3958,0.4017,1491818
2025-04-07T21:00:00Z,0.4017,0.4034,0.3983,0.4013,1120298
2025-04-07T22:00:00Z,0.4014,0.4049,0.4013,0.4030,1295579
2025-04-07T23:00:00Z,0.4029,0.4037,0.3983,0.3986,1201114
2025-04-08T00:00:00Z,0.3987,0.4005,0.3960,0.3963,987094
2025-04-08T01:00:00Z,0.3963,0.4089,0.3952,0.4082,1619628
2025-04-08T02:00:00Z,0.4082,0.4115,0.4054,0.4057,1896305
2025-04-08T03:00:00Z,0.4058,0.4074,0.4032,0.4040,1427787
2025-04-08T04:00:00Z,0.4042,0.4075,0.4037,0.4063,1200599
2025-04-08T05:00:00Z,0.4062,0.4072,0.4012,0.4030,1056769
2025-04-08T06:00:00Z,0.4029,0.4031,0.3976,0.3979,1444360
2025-04-08T07:00:00Z,0.3979,0.3987,0.3944,0.3969,1557466
2025-04-08T08:00:00Z,0.3968,0.3977,0.3933,0.3965,1365504
2025-04-08T09:00:00Z,0.3965,0.4007,0.3957,0.3980,1066399
2025-04-08T10:00:00Z,0.3980,0.4000,0.3970,0.3973,1020732
2025-04-08T11:00:00Z,0.3974,0.4058,0.3961,0.4052,1973550
2025-04-08T12:00:00Z,0.4052,0.4064,0.4011,0.4016,1591996
2025-04-08T13:00:00Z,0.4016,0.4059,0.3995,0.4031,2670653
2025-04-08T14:00:00Z,0.4030,0.4060,0.3944,0.3944,2492693
2025-04-08T15:00:00Z,0.3945,0.3969,0.3928,0.3957,1675080
2025-04-08T16:00:00Z,0.3956,0.3960,0.3843,0.3862,2979157
2025-04-08T17:00:00Z,0.3863,0.3876,0.3792,0.3861,4164112
2025-04-08T18:00:00Z,0.3861,0.3914,0.3846,0.3865,2424261
2025-04-08T19:00:00Z,0.3866,0.3880,0.3800,0.3820,2031330
2025-04-08T20:00:00Z,0.3820,0.3862,0.3795,0.3852,1348091
2025-04-08T21:00:00Z,0.3853,0.3865,0.3806,0.3842,1029691
2025-04-08T22:00:00Z,0.3842,0.3843,0.3767,0.3811,1851268
2025-04-08T23:00:00Z,0.3810,0.3819,0.3784,0.3814,1156016
2025-04-09T00:00:00Z,0.3814,0.3828,0.3762,0.3781,1913279
2025-04-09T01:00:00Z,0.3782,0.3814,0.3636,0.3806,4313154
2025-04-09T02:00:00Z,0.3805,0.3852,0.3798,0.3800,3592877
2025-04-09T03:00:00Z,0.3801,0.3822,0.3764,0.3804,1638593
2025-04-09T04:00:00Z,0.3803,0.3889,0.3796,0.3857,4052313
2025-04-09T05:00:00Z,0.3858,0.3893,0.3852,0.3882,1394520
2025-04-09T06:00:00Z,0.3881,0.3932,0.3879,0.3901,2091924
2025-04-09T07:00:00Z,0.3901,0.3958,0.3899,0.3951,2805557
2025-04-09T08:00:00Z,0.3952,0.3968,0.3937,0.3959,1566763
2025-04-09T09:00:00Z,0.3959,0.3972,0.3933,0.3943,1323802
2025-04-09T10:00:00Z,0.3943,0.3969,0.3910,0.3951,1465679
2025-04-09T11:00:00Z,0.3950,0.3954,0.3843,0.3870,4522120
2025-04-09T12:00:00Z,0.3869,0.3900,0.3823,0.3876,1711950
2025-04-09T13:00:00Z,0.3876,0.3980,0.3874,0.3942,3714136
2025-04-09T14:00:00Z,0.3942,0.3978,0.3912,0.3915,2081335
2025-04-09T15:00:00Z,0.3914,0.3959,0.3910,0.3920,1670112
2025-04-09T16:00:00Z,0.3919,0.3962,0.3914,0.3958,2269190
2025-04-09T17:00:00Z,0.3958,0.4220,0.3921,0.4209,11300094
2025-04-09T18:00:00Z,0.4209,0.4235,0.4162,0.4185,5875112
2025-04-09T19:00:00Z,0.4186,0.4226,0.4186,0.4212,1376692
2025-04-09T20:00:00Z,0.4213,0.4263,0.4209,0.4256,1979832
2025-04-09T21:00:00Z,0.4259,0.4275,0.4222,0.4259,1768301
2025-04-09T22:00:00Z,0.4258,0.4264,0.4238,0.4238,2060992
2025-04-09T23:00:00Z,0.4239,0.4243,0.4205,0.4213,978317
2025-04-10T00:00:00Z,0.4212,0.4215,0.4146,0.4176,1598425
2025-04-10T01:00:00Z,0.4176,0.4189,0.4160,0.4177,974126
2025-04-10T02:00:00Z,0.4177,0.4195,0.4170,0.4179,855757
2025-04-10T03:00:00Z,0.4178,0.4180,0.4093,0.4129,1876826
2025-04-10T04:00:00Z,0.4129,0.4139,0.4094,0.4134,780700
2025-04-10T05:00:00Z,0.4134,0.4157,0.4129,0.4153,856345
2025-04-10T06:00:00Z,0.4152,0.4174,0.4148,0.4163,710781
2025-04-10T07:00:00Z,0.4163,0.4178,0.4111,0.4138,1389909
2025-04-10T08:00:00Z,0.4138,0.4148,0.4121,0.4131,765280
2025-04-10T09:00:00Z,0.4132,0.4137,0.4102,0.4125,1207806
2025-04-10T10:00:00Z,0.4124,0.4127,0.4079,0.4102,1245726
2025-04-10T11:00:00Z,0.4102,0.4104,0.4060,0.4090,1614431
2025-04-10T12:00:00Z,0.4087,0.4183,0.4081,0.4115,3153120
2025-04-10T13:00:00Z,0.4115,0.4128,0.4049,0.4084,2326142
2025-04-10T14:00:00Z,0.4084,0.4143,0.4066,0.4108,1620732
2025-04-10T15:00:00Z,0.4109,0.4117,0.3957,0.3976,3526121
2025-04-10T16:00:00Z,0.3976,0.4015,0.3955,0.4010,2605572
2025-04-10T17:00:00Z,0.4010,0.4040,0.3984,0.4016,2076408
2025-04-10T18:00:00Z,0.4015,0.4042,0.4006,0.4036,2031415
2025-04-10T19:00:00Z,0.4036,0.4051,0.4016,0.4030,1583858
2025-04-10T20:00:00Z,0.4029,0.4069,0.4028,0.4053,1059295
2025-04-10T21:00:00Z,0.4054,0.4068,0.4039,0.4055,634486
2025-04-10T22:00:00Z,0.4055,0.4080,0.4047,0.4061,922337
2025-04-10T23:00:00Z,0.4061,0.4076,0.4049,0.4069,956170
2025-04-11T00:00:00Z,0.4068,0.4097,0.4056,0.4066,1457557
2025-04-11T01:00:00Z,0.4066,0.4142,0.4064,0.4139,1300796
2025-04-11T02:00:00Z,0.4140,0.4164,0.4125,0.4150,1373659
2025-04-11T03:00:00Z,0.4150,0.4165,0.4131,0.4155,1568063
2025-04-11T04:00:00Z,0.4156,0.4184,0.4153,0.4172,823435
2025-04-11T05:00:00Z,0.4173,0.4174,0.4156,0.4164,772514
2025-04-11T06:00:00Z,0.4165,0.4200,0.4162,0.4177,1298877
2025-04-11T07:00:00Z,0.4177,0.4179,0.4161,0.4170,1136795
2025-04-11T08:00:00Z,0.4170,0.4186,0.4137,0.4161,2196205
2025-04-11T09:00:00Z,0.4161,0.4193,0.4151,0.4188,1182551
2025-04-11T10:00:00Z,0.4188,0.4222,0.4167,0.4195,1929969
2025-04-11T11:00:00Z,0.4194,0.4201,0.4164,0.4170,1061414
2025-04-11T12:00:00Z,0.4171,0.4196,0.4152,0.4166,1725260
2025-04-11T13:00:00Z,0.4166,0.4220,0.4151,0.4204,1404276
2025-04-11T14:00:00Z,0.4203,0.4206,0.4145,0.4172,3091558
2025-04-11T15:00:00Z,0.4172,0.4217,0.4168,0.4212,1961670
2025-04-11T16:00:00Z,0.4212,0.4243,0.4197,0.4226,1928621
2025-04-11T17:00:00Z,0.4226,0.4283,0.4217,0.4271,3073650
2025-04-11T18:00:00Z,0.4271,0.4294,0.4256,0.4257,1697940
2025-04-11T19:00:00Z,0.4257,0.4269,0.4241,0.4246,1192802
2025-04-11T20:00:00Z,0.4247,0.4254,0.4231,0.4245,1100671
2025-04-11T21:00:00Z,0.4245,0.4268,0.4230,0.4247,1052131
2025-04-11T22:00:00Z,0.4247,0.4258,0.4236,0.4240,907827
2025-04-11T23:00:00Z,0.4239,0.4241,0.4219,0.4234,814231
2025-04-12T00:00:00Z,0.4233,0.4243,0.4224,0.4231,820013
2025-04-12T01:00:00Z,0.4231,0.4243,0.4215,0.4226,1375448
2025-04-12T02:00:00Z,0.4225,0.4226,0.4191,0.4193,874401
2025-04-12T03:00:00Z,0.4192,0.4216,0.4188,0.4206,998253
2025-04-12T04:00:00Z,0.4206,0.4240,0.4190,0.4239,1166720
2025-04-12T05:00:00Z,0.4238,0.4256,0.4234,0.4243,824470
2025-04-12T06:00:00Z,0.4243,0.4268,0.4238,0.4253,838358
2025-04-12T07:00:00Z,0.4253,0.4272,0.4248,0.4263,700294
2025-04-12T08:00:00Z,0.4263,0.4302,0.4259,0.4278,1792630
2025-04-12T09:00:00Z,0.4277,0.4283,0.4260,0.4265,1002935
2025-04-12T10:00:00Z,0.4265,0.4269,0.4236,0.4243,1130677
2025-04-12T11:00:00Z,0.4244,0.4267,0.4243,0.4259,901811
2025-04-12T12:00:00Z,0.4259,0.4290,0.4242,0.4284,1468359
2025-04-12T13:00:00Z,0.4284,0.4365,0.4279,0.4354,3007189
2025-04-12T14:00:00Z,0.4353,0.4411,0.4343,0.4402,3438677
2025-04-12T15:00:00Z,0.4401,0.4434,0.4378,0.4420,2512346
2025-04-12T16:00:00Z,0.4421,0.4442,0.4401,0.4423,2760801
2025-04-12T17:00:00Z,0.4423,0.4443,0.4403,0.4412,2265702
2025-04-12T18:00:00Z,0.4412,0.4484,0.4405,0.4479,1536267
2025-04-12T19:00:00Z,0.4478,0.4483,0.4423,0.4436,1465389
2025-04-12T20:00:00Z,0.4436,0.4464,0.4427,0.4443,1062769
2025-04-12T21:00:00Z,0.4442,0.4447,0.4418,0.4426,716399
2025-04-12T22:00:00Z,0.4426,0.4448,0.4424,0.4428,740185
2025-04-12T23:00:00Z,0.4427,0.4436,0.4410,0.4419,778583
2025-04-13T00:00:00Z,0.4418,0.4430,0.4391,0.4402,1051887
2025-04-13T01:00:00Z,0.4403,0.4405,0.4342,0.4352,2193469
2025-04-13T02:00:00Z,0.4352,0.4393,0.4339,0.4384,1802357
2025-04-13T03:00:00Z,0.4383,0.4395,0.4366,0.4377,1044284
2025-04-13T04:00:00Z,0.4377,0.4378,0.4329,0.4336,1015093
2025-04-13T05:00:00Z,0.4337,0.4343,0.4318,0.4331,953189
2025-04-13T06:00:00Z,0.4330,0.4360,0.4326,0.4350,681035
2025-04-13T07:00:00Z,0.4350,0.4369,0.4344,0.4346,805680
2025-04-13T08:00:00Z,0.4346,0.4360,0.4323,0.4360,1075766
2025-04-13T09:00:00Z,0.4360,0.4394,0.4352,0.4394,999722
2025-04-13T10:00:00Z,0.4394,0.4401,0.4358,0.4384,1222688
2025-04-13T11:00:00Z,0.4383,0.4389,0.4336,0.4348,1177119
2025-04-13T12:00:00Z,0.4348,0.4355,0.4327,0.4344,1191359
2025-04-13T13:00:00Z,0.4344,0.4352,0.4229,0.4249,2456358
2025-04-13T14:00:00Z,0.4250,0.4280,0.4228,0.4275,2348342
2025-04-13T15:00:00Z,0.4275,0.4277,0.4241,0.4267,1243198
2025-04-13T16:00:00Z,0.4266,0.4306,0.4263,0.4304,1104351
2025-04-13T17:00:00Z,0.4303,0.4410,0.4303,0.4392,2173262
2025-04-13T18:00:00Z,0.4391,0.4423,0.4368,0.4369,1498809
2025-04-13T19:00:00Z,0.4370,0.4376,0.4170,0.4238,5266148
2025-04-13T20:00:00Z,0.4237,0.4295,0.4215,0.4231,2341620
2025-04-13T21:00:00Z,0.4231,0.4235,0.4158,0.4211,2009000
2025-04-13T22:00:00Z,0.4212,0.4233,0.4176,0.4178,1496570
2025-04-13T23:00:00Z,0.4177,0.4230,0.4173,0.4225,1337923
2025-04-14T00:00:00Z,0.4226,0.4315,0.4217,0.4264,1814119
2025-04-14T01:00:00Z,0.4263,0.4293,0.4259,0.4269,927213
2025-04-14T02:00:00Z,0.4269,0.4385,0.4261,0.4326,2437730
2025-04-14T03:00:00Z,0.4326,0.4329,0.4263,0.4272,1425887
2025-04-14T04:00:00Z,0.4273,0.4306,0.4266,0.4297,1711820
2025-04-14T05:00:00Z,0.4298,0.4307,0.4244,0.4260,900249
2025-04-14T06:00:00Z,0.4260,0.4264,0.4231,0.4239,939992
2025-04-14T07:00:00Z,0.4238,0.4257,0.4204,0.4253,1138024
2025-04-14T08:00:00Z,0.4253,0.4280,0.4241,0.4261,832256
2025-04-14T09:00:00Z,0.4262,0.4280,0.4217,0.4232,1119284
2025-04-14T10:00:00Z,0.4232,0.4323,0.4231,0.4322,2262632
2025-04-14T11:00:00Z,0.4324,0.4343,0.4304,0.4326,1803377
2025-04-14T12:00:00Z,0.4327,0.4336,0.4305,0.4318,1541138
2025-04-14T13:00:00Z,0.4319,0.4330,0.4228,0.4250,1975867
2025-04-14T14:00:00Z,0.4251,0.4346,0.4240,0.4321,1783130
2025-04-14T15:00:00Z,0.4321,0.4327,0.4181,0.4192,3716276
2025-04-14T16:00:00Z,0.4191,0.4208,0.4121,0.4150,6175778
2025-04-14T17:00:00Z,0.4151,0.4233,0.4151,0.4230,3221028
2025-04-14T18:00:00Z,0.4231,0.4250,0.4219,0.4227,1383056
2025-04-14T19:00:00Z,0.4226,0.4246,0.4202,0.4213,1225423
2025-04-14T20:00:00Z,0.4215,0.4225,0.4194,0.4216,914437
2025-04-14T21:00:00Z,0.4216,0.4227,0.4165,0.4202,1161907
2025-04-14T22:00:00Z,0.4203,0.4207,0.4181,0.4194,638131
2025-04-14T23:00:00Z,0.4194,0.4205,0.4174,0.4182,790938
2025-04-15T00:00:00Z,0.4182,0.4212,0.4148,0.4190,1449459
2025-04-15T01:00:00Z,0.4189,0.4225,0.4151,0.4219,1196832
2025-04-15T02:00:00Z,0.4219,0.4231,0.4162,0.4198,1117664
2025-04-15T03:00:00Z,0.4199,0.4238,0.4189,0.4223,924037
2025-04-15T04:00:00Z,0.4223,0.4229,0.4185,0.4214,870262
2025-04-15T05:00:00Z,0.4214,0.4241,0.4208,0.4212,875294
2025-04-15T06:00:00Z,0.4211,0.4244,0.4190,0.4236,2640885
2025-04-15T07:00:00Z,0.4237,0.4277,0.4210,0.4215,3612887
2025-04-15T08:00:00Z,0.4215,0.4216,0.4172,0.4177,3111477
2025-04-15T09:00:00Z,0.4177,0.4228,0.4167,0.4219,1391307
2025-04-15T10:00:00Z,0.4218,0.4227,0.4157,0.4171,1782567
2025-04-15T11:00:00Z,0.4171,0.4175,0.4149,0.4172,926934
2025-04-15T12:00:00Z,0.4172,0.4197,0.4151,0.4191,963860
2025-04-15T13:00:00Z,0.4192,0.4251,0.4173,0.4178,2420828
2025-04-15T14:00:00Z,0.4179,0.4204,0.4104,0.4163,3120157
2025-04-15T15:00:00Z,0.4163,0.4209,0.4149,0.4161,1665919
2025-04-15T16:00:00Z,0.4161,0.4176,0.4136,0.4142,1041404
2025-04-15T17:00:00Z,0.4141,0.4167,0.4108,0.4122,1283317
2025-04-15T18:00:00Z,0.4121,0.4131,0.4083,0.4112,1519401
2025-04-15T19:00:00Z,0.4112,0.4132,0.4090,0.4102,952264
2025-04-15T20:00:00Z,0.4101,0.4137,0.4068,0.4090,1153370
2025-04-15T21:00:00Z,0.4090,0.4122,0.4062,0.4119,1487868
2025-04-15T22:00:00Z,0.4118,0.4122,0.4073,0.4082,1522743
2025-04-15T23:00:00Z,0.4081,0.4101,0.4074,0.4088,990578
2025-04-16T00:00:00Z,0.4088,0.4122,0.4055,0.4082,1651518
2025-04-16T01:00:00Z,0.4083,0.4154,0.4079,0.4140,1006153
2025-04-16T02:00:00Z,0.4140,0.4160,0.4128,0.4136,803217
2025-04-16T03:00:00Z,0.4137,0.4156,0.4135,0.4142,519327
2025-04-16T04:00:00Z,0.4142,0.4156,0.4108,0.4148,939316
2025-04-16T05:00:00Z,0.4147,0.4163,0.4094,0.4117,1267965
2025-04-16T06:00:00Z,0.4117,0.4139,0.4108,0.4128,709230
2025-04-16T07:00:00Z,0.4129,0.4136,0.4069,0.4080,953791
2025-04-16T08:00:00Z,0.4080,0.4127,0.4044,0.4103,1789315
2025-04-16T09:00:00Z,0.4103,0.4109,0.4064,0.4065,615130
2025-04-16T10:00:00Z,0.4065,0.4095,0.4056,0.4091,880136
2025-04-16T11:00:00Z,0.4091,0.4101,0.4065,0.4091,1064518
2025-04-16T12:00:00Z,0.4092,0.4118,0.4066,0.4068,1181548
2025-04-16T13:00:00Z,0.4068,0.4100,0.4048,0.4066,1440537
2025-04-16T14:00:00Z,0.4066,0.4158,0.4066,0.4138,1696119
2025-04-16T15:00:00Z,0.4138,0.4203,0.4127,0.4132,2120794
2025-04-16T16:00:00Z,0.4132,0.4152,0.4075,0.4118,1250123
2025-04-16T17:00:00Z,0.4118,0.4188,0.3993,0.4012,4768112
2025-04-16T18:00:00Z,0.4013,0.4152,0.4007,0.4101,3154074
2025-04-16T19:00:00Z,0.4102,0.4183,0.4068,0.4163,1886270
2025-04-16T20:00:00Z,0.4162,0.4196,0.4102,0.4106,1396844
2025-04-16T21:00:00Z,0.4106,0.4174,0.4097,0.4164,7307085
2025-04-16T22:00:00Z,0.4165,0.4178,0.4103,0.4110,4301144
2025-04-16T23:00:00Z,0.4111,0.4115,0.4075,0.4092,972408
2025-04-17T00:00:00Z,0.4093,0.4117,0.4084,0.4113,1116238
2025-04-17T01:00:00Z,0.4114,0.4159,0.4109,0.4133,1316642
2025-04-17T02:00:00Z,0.4133,0.4150,0.4114,0.4145,944224
2025-04-17T03:00:00Z,0.4146,0.4161,0.4101,0.4141,1306767
2025-04-17T04:00:00Z,0.4141,0.4169,0.4129,0.4160,957072
2025-04-17T05:00:00Z,0.4160,0.4205,0.4160,0.4193,1465663
2025-04-17T06:00:00Z,0.4194,0.4231,0.4193,0.4209,1313990
2025-04-17T07:00:00Z,0.4209,0.4226,0.4197,0.4201,863142
2025-04-17T08:00:00Z,0.4201,0.4204,0.4164,0.4171,825114
2025-04-17T09:00:00Z,0.4172,0.4186,0.4159,0.4174,650175
2025-04-17T10:00:00Z,0.4175,0.4175,0.4140,0.4156,700643
2025-04-17T11:00:00Z,0.4156,0.4165,0.4142,0.4146,891991
2025-04-17T12:00:00Z,0.4147,0.4171,0.4141,0.4145,1384568
2025-04-17T13:00:00Z,0.4145,0.4148,0.4117,0.4129,1107550
2025-04-17T14:00:00Z,0.4129,0.4131,0.4042,0.4074,2546866
2025-04-17T15:00:00Z,0.4075,0.4149,0.4073,0.4135,1855887
2025-04-17T16:00:00Z,0.4134,0.4196,0.4118,0.4179,2697262
2025-04-17T17:00:00Z,0.4179,0.4206,0.4166,0.4196,1028098
2025-04-17T18:00:00Z,0.4195,0.4211,0.4164,0.4164,1207901
2025-04-17T19:00:00Z,0.4164,0.4171,0.4105,0.4133,1673183
2025-04-17T20:00:00Z,0.4133,0.4174,0.4132,0.4158,765918
2025-04-17T21:00:00Z,0.4158,0.4196,0.4102,0.4180,12004853
2025-04-17T22:00:00Z,0.4179,0.4204,0.4110,0.4114,14002249
2025-04-17T23:00:00Z,0.4115,0.4144,0.4109,0.4131,872288
2025-04-18T00:00:00Z,0.4131,0.4141,0.4096,0.4103,1355429
2025-04-18T01:00:00Z,0.4104,0.4156,0.4092,0.4130,1386964
2025-04-18T02:00:00Z,0.4130,0.4162,0.4113,0.4152,882093
2025-04-18T03:00:00Z,0.4153,0.4174,0.4140,0.4166,908688
2025-04-18T04:00:00Z,0.4167,0.4194,0.4143,0.4188,1067503
2025-04-18T05:00:00Z,0.4188,0.4218,0.4171,0.4214,1122404
2025-04-18T06:00:00Z,0.4215,0.4224,0.4202,0.4213,1594946
2025-04-18T07:00:00Z,0.4214,0.4269,0.4211,0.4252,2175646
2025-04-18T08:00:00Z,0.4252,0.4353,0.4251,0.4300,4324849
2025-04-18T09:00:00Z,0.4301,0.4313,0.4284,0.4290,1481395
2025-04-18T10:00:00Z,0.4290,0.4306,0.4256,0.4263,1391439
2025-04-18T11:00:00Z,0.4264,0.4281,0.4251,0.4271,1236938
2025-04-18T12:00:00Z,0.4271,0.4329,0.4265,0.4297,1627381
2025-04-18T13:00:00Z,0.4298,0.4308,0.4272,0.4292,1636994
2025-04-18T14:00:00Z,0.4291,0.4305,0.4260,0.4276,1016919
2025-04-18T15:00:00Z,0.4276,0.4277,0.4236,0.4259,1401905
2025-04-18T16:00:00Z,0.4259,0.4279,0.4247,0.4269,825252
2025-04-18T17:00:00Z,0.4268,0.4311,0.4262,0.4307,1593909
2025-04-18T18:00:00Z,0.4306,0.4321,0.4289,0.4315,1370781
2025-04-18T19:00:00Z,0.4315,0.4343,0.4309,0.4325,1110493
2025-04-18T20:00:00Z,0.4324,0.4345,0.4312,0.4332,1134709
2025-04-18T21:00:00Z,0.4332,0.4335,0.4310,0.4319,647476
2025-04-18T22:00:00Z,0.4320,0.4322,0.4294,0.4309,633951
2025-04-18T23:00:00Z,0.4309,0.4347,0.4299,0.4344,1005565
2025-04-19T00:00:00Z,0.4344,0.4357,0.4324,0.4342,1745277
2025-04-19T01:00:00Z,0.4341,0.4399,0.4337,0.4383,1453636
2025-04-19T02:00:00Z,0.4382,0.4470,0.4376,0.4448,2833245
2025-04-19T03:00:00Z,0.4448,0.4478,0.4409,0.4413,1845570
2025-04-19T04:00:00Z,0.4412,0.4424,0.4393,0.4420,1749701
2025-04-19T05:00:00Z,0.4420,0.4422,0.4393,0.4404,761636
2025-04-19T06:00:00Z,0.4405,0.4421,0.4401,0.4408,669819
2025-04-19T07:00:00Z,0.4408,0.4442,0.4408,0.4433,700720
2025-04-19T08:00:00Z,0.4433,0.4453,0.4421,0.4425,1099563
2025-04-19T09:00:00Z,0.4424,0.4438,0.4413,0.4419,963511
2025-04-19T10:00:00Z,0.4419,0.4429,0.4409,0.4424,828119
2025-04-19T11:00:00Z,0.4424,0.4447,0.4421,0.4427,797139
2025-04-19T12:00:00Z,0.4426,0.4447,0.4417,0.4433,945440
2025-04-19T13:00:00Z,0.4433,0.4465,0.4430,0.4461,804695
2025-04-19T14:00:00Z,0.4462,0.4519,0.4454,0.4518,1667432
2025-04-19T15:00:00Z,0.4517,0.4595,0.4505,0.4534,3648869
2025-04-19T16:00:00Z,0.4534,0.4580,0.4506,0.4513,2074408
2025-04-19T17:00:00Z,0.4514,0.4596,0.4512,0.4591,2043148
2025-04-19T18:00:00Z,0.4591,0.4695,0.4589,0.4620,7628565
2025-04-19T19:00:00Z,0.4620,0.4642,0.4572,0.4596,2769697
2025-04-19T20:00:00Z,0.4595,0.4601,0.4561,0.4594,1305749
2025-04-19T21:00:00Z,0.4593,0.4627,0.4591,0.4608,996163
2025-04-19T22:00:00Z,0.4608,0.4619,0.4600,0.4611,613607
2025-04-19T23:00:00Z,0.4612,0.4614,0.4585,0.4588,736251
2025-04-20T00:00:00Z,0.4588,0.4601,0.4569,0.4573,1224916
2025-04-20T01:00:00Z,0.4573,0.4623,0.4571,0.4621,650026
2025-04-20T02:00:00Z,0.4622,0.4655,0.4600,0.4629,932093
2025-04-20T03:00:00Z,0.4629,0.4646,0.4608,0.4629,1019282
2025-04-20T04:00:00Z,0.4629,0.4670,0.4616,0.4669,1061616
2025-04-20T05:00:00Z,0.4669,0.4724,0.4648,0.4656,2010909
2025-04-20T06:00:00Z,0.4656,0.4704,0.4649,0.4697,2815684
2025-04-20T07:00:00Z,0.4697,0.4697,0.4590,0.4624,2555730
2025-04-20T08:00:00Z,0.4623,0.4645,0.4576,0.4613,2768288
2025-04-20T09:00:00Z,0.4612,0.4638,0.4594,0.4602,1935482
2025-04-20T10:00:00Z,0.4603,0.4609,0.4538,0.4566,2616925
2025-04-20T11:00:00Z,0.4565,0.4602,0.4550,0.4584,1798832
2025-04-20T12:00:00Z,0.4582,0.4607,0.4574,0.4580,1083711
2025-04-20T13:00:00Z,0.4579,0.4629,0.4573,0.4609,893503
2025-04-20T14:00:00Z,0.4609,0.4661,0.4597,0.4651,1120415
2025-04-20T15:00:00Z,0.4650,0.4673,0.4609,0.4673,1413923
2025-04-20T16:00:00Z,0.4672,0.4895,0.4654,0.4752,12338835
2025-04-20T17:00:00Z,0.4752,0.4766,0.4692,0.4696,2555440
2025-04-20T18:00:00Z,0.4696,0.4700,0.4669,0.4685,2016024
2025-04-20T19:00:00Z,0.4685,0.4710,0.4665,0.4707,1123994
2025-04-20T20:00:00Z,0.4707,0.4755,0.4682,0.4695,1852403
2025-04-20T21:00:00Z,0.4695,0.4718,0.4676,0.4703,1022939
2025-04-20T22:00:00Z,0.4703,0.4704,0.4679,0.4692,855897
2025-04-20T23:00:00Z,0.4692,0.4736,0.4660,0.4695,1710870
2025-04-21T00:00:00Z,0.4694,0.4779,0.4658,0.4733,3868931
2025-04-21T01:00:00Z,0.4733,0.4778,0.4728,0.4751,2132270
2025-04-21T02:00:00Z,0.4752,0.4763,0.4700,0.4725,1871596
2025-04-21T03:00:00Z,0.4726,0.4740,0.4698,0.4729,1149153
2025-04-21T04:00:00Z,0.4728,0.4751,0.4710,0.4732,953958
2025-04-21T05:00:00Z,0.4732,0.4775,0.4716,0.4751,1282956
2025-04-21T06:00:00Z,0.4751,0.4795,0.4750,0.4761,1628456
2025-04-21T07:00:00Z,0.4761,0.4816,0.4749,0.4803,1744157
2025-04-21T08:00:00Z,0.4805,0.4819,0.4781,0.4788,1651825
2025-04-21T09:00:00Z,0.4787,0.4788,0.4720,0.4729,2225038
2025-04-21T10:00:00Z,0.4729,0.4758,0.4723,0.4750,2051878
2025-04-21T11:00:00Z,0.4751,0.4752,0.4689,0.4721,1961724
2025-04-21T12:00:00Z,0.4721,0.4762,0.4714,0.4738,1506033
2025-04-21T13:00:00Z,0.4737,0.4752,0.4705,0.4737,1408123
2025-04-21T14:00:00Z,0.4737,0.4807,0.4727,0.4807,1978104
2025-04-21T15:00:00Z,0.4807,0.4819,0.4744,0.4809,2093701
2025-04-21T16:00:00Z,0.4809,0.4850,0.4713,0.4720,3280762
2025-04-21T17:00:00Z,0.4722,0.4722,0.4633,0.4703,3609342
2025-04-21T18:00:00Z,0.4703,0.4703,0.4651,0.4666,1366913
2025-04-21T19:00:00Z,0.4665,0.4714,0.4657,0.4674,1113290
2025-04-21T20:00:00Z,0.4673,0.4687,0.4646,0.4677,936611
2025-04-21T21:00:00Z,0.4676,0.4697,0.4651,0.4658,1023327
2025-04-21T22:00:00Z,0.4657,0.4666,0.4604,0.4619,1466780
2025-04-21T23:00:00Z,0.4618,0.4650,0.4593,0.4625,1750895
2025-04-22T00:00:00Z,0.4625,0.4641,0.4555,0.4640,2346255
2025-04-22T01:00:00Z,0.4639,0.4728,0.4628,0.4689,1556855
2025-04-22T02:00:00Z,0.4690,0.4708,0.4632,0.4644,1014769
2025-04-22T03:00:00Z,0.4644,0.4659,0.4607,0.4649,698739
2025-04-22T04:00:00Z,0.4648,0.4670,0.4627,0.4628,1030345
2025-04-22T05:00:00Z,0.4628,0.4637,0.4605,0.4608,812503
2025-04-22T06:00:00Z,0.4608,0.4618,0.4534,0.4560,1712916
2025-04-22T07:00:00Z,0.4559,0.4673,0.4558,0.4660,1719354
2025-04-22T08:00:00Z,0.4659,0.4693,0.4619,0.4627,1316116
2025-04-22T09:00:00Z,0.4627,0.4637,0.4594,0.4610,1078824
2025-04-22T10:00:00Z,0.4610,0.4625,0.4596,0.4618,938222
2025-04-22T11:00:00Z,0.4618,0.4655,0.4609,0.4647,876510
2025-04-22T12:00:00Z,0.4647,0.4679,0.4631,0.4662,1127689
2025-04-22T13:00:00Z,0.4663,0.4752,0.4656,0.4716,2627319
2025-04-22T14:00:00Z,0.4717,0.4778,0.4692,0.4770,1756153
2025-04-22T15:00:00Z,0.4768,0.4833,0.4747,0.4785,2531616
2025-04-22T16:00:00Z,0.4784,0.4828,0.4757,0.4779,1742403
2025-04-22T17:00:00Z,0.4778,0.4788,0.4740,0.4776,1102780
2025-04-22T18:00:00Z,0.4776,0.4819,0.4774,0.4809,592689
2025-04-22T19:00:00Z,0.4809,0.4819,0.4769,0.4800,810662
2025-04-22T20:00:00Z,0.4800,0.4817,0.4788,0.4796,617379
2025-04-22T21:00:00Z,0.4796,0.4945,0.4775,0.4921,1888875
2025-04-22T22:00:00Z,0.4922,0.4938,0.4864,0.4902,1585857
2025-04-22T23:00:00Z,0.4903,0.4938,0.4897,0.4929,942863
2025-04-23T00:00:00Z,0.4930,0.4984,0.4905,0.4969,1602118
2025-04-23T01:00:00Z,0.4969,0.5051,0.4941,0.4946,1733109
2025-04-23T02:00:00Z,0.4946,0.5041,0.4938,0.5020,946159
2025-04-23T03:00:00Z,0.5019,0.5076,0.5001,0.5076,884206
2025-04-23T04:00:00Z,0.5076,0.5128,0.5038,0.5127,1842331
2025-04-23T05:00:00Z,0.5127,0.5127,0.5046,0.5063,1160394
2025-04-23T06:00:00Z,0.5063,0.5089,0.5047,0.5074,1373196
2025-04-23T07:00:00Z,0.5073,0.5105,0.5023,0.5102,1391746
2025-04-23T08:00:00Z,0.5099,0.5099,0.5051,0.5073,869617
2025-04-23T09:00:00Z,0.5075,0.5122,0.5069,0.5086,1190622
2025-04-23T10:00:00Z,0.5086,0.5098,0.5028,0.5094,1209571
2025-04-23T11:00:00Z,0.5094,0.5100,0.5057,0.5072,836855
2025-04-23T12:00:00Z,0.5071,0.5157,0.5067,0.5138,1950530
2025-04-23T13:00:00Z,0.5138,0.5174,0.5036,0.5053,3132202
2025-04-23T14:00:00Z,0.5054,0.5123,0.5045,0.5066,2015641
2025-04-23T15:00:00Z,0.5066,0.5091,0.4963,0.5054,3104611
2025-04-23T16:00:00Z,0.5056,0.5111,0.4995,0.5099,2320531
2025-04-23T17:00:00Z,0.5098,0.5128,0.5066,0.5112,1843276
2025-04-23T18:00:00Z,0.5111,0.5161,0.5097,0.5101,1066523
2025-04-23T19:00:00Z,0.5101,0.5111,0.5031,0.5046,938564
2025-04-23T20:00:00Z,0.5046,0.5119,0.5042,0.5114,929312
2025-04-23T21:00:00Z,0.5115,0.5149,0.5101,0.5118,1019444
2025-04-23T22:00:00Z,0.5119,0.5165,0.5096,0.5159,1222936
2025-04-23T23:00:00Z,0.5158,0.5181,0.5120,0.5136,833665
2025-04-24T00:00:00Z,0.5135,0.5155,0.5082,0.5149,1101293
2025-04-24T01:00:00Z,0.5150,0.5177,0.5099,0.5152,1158767
2025-04-24T02:00:00Z,0.5152,0.5197,0.5080,0.5088,1503379
2025-04-24T03:00:00Z,0.5087,0.5135,0.5017,0.5024,1561713
2025-04-24T04:00:00Z,0.5024,0.5051,0.5001,0.5042,1474400
2025-04-24T05:00:00Z,0.5043,0.5117,0.5043,0.5095,1188862
2025-04-24T06:00:00Z,0.5096,0.5155,0.5086,0.5096,1244045
2025-04-24T07:00:00Z,0.5096,0.5138,0.5045,0.5054,1078051
2025-04-24T08:00:00Z,0.5054,0.5102,0.5020,0.5046,2445943
2025-04-24T09:00:00Z,0.5045,0.5092,0.5041,0.5066,1211652
2025-04-24T10:00:00Z,0.5066,0.5120,0.5040,0.5108,1258995
2025-04-24T11:00:00Z,0.5109,0.5136,0.5079,0.5128,1015369
2025-04-24T12:00:00Z,0.5129,0.5131,0.5060,0.5083,1307351
2025-04-24T13:00:00Z,0.5083,0.5129,0.5058,0.5106,1686964
2025-04-24T14:00:00Z,0.5106,0.5213,0.5105,0.5188,2520635
2025-04-24T15:00:00Z,0.5188,0.5245,0.5158,0.5184,1979961
2025-04-24T16:00:00Z,0.5184,0.5222,0.5152,0.5193,1840602
2025-04-24T17:00:00Z,0.5192,0.5198,0.5060,0.5101,2708509
2025-04-24T18:00:00Z,0.5100,0.5141,0.5092,0.5125,1275279
2025-04-24T19:00:00Z,0.5126,0.5144,0.5091,0.5139,965854
2025-04-24T20:00:00Z,0.5140,0.5166,0.5131,0.5141,876305
2025-04-24T21:00:00Z,0.5140,0.5166,0.5096,0.5166,927810
2025-04-24T22:00:00Z,0.5166,0.5180,0.5136,0.5149,461756
2025-04-24T23:00:00Z,0.5149,0.5205,0.5140,0.5200,656490
2025-04-25T00:00:00Z,0.5199,0.5254,0.5175,0.5248,915766
2025-04-25T01:00:00Z,0.5247,0.5303,0.5228,0.5231,1556619
2025-04-25T02:00:00Z,0.5232,0.5251,0.5139,0.5158,1199768
2025-04-25T03:00:00Z,0.5158,0.5204,0.5149,0.5181,1111214
2025-04-25T04:00:00Z,0.5180,0.5223,0.5170,0.5214,989543
2025-04-25T05:00:00Z,0.5213,0.5298,0.5211,0.5294,932053
2025-04-25T06:00:00Z,0.5294,0.5369,0.5292,0.5360,2112862
2025-04-25T07:00:00Z,0.5361,0.5381,0.5319,0.5378,1169003
2025-04-25T08:00:00Z,0.5379,0.5431,0.5379,0.5416,2150517
2025-04-25T09:00:00Z,0.5415,0.5420,0.5354,0.5389,1398054
2025-04-25T10:00:00Z,0.5388,0.5394,0.5316,0.5333,1528898
2025-04-25T11:00:00Z,0.5333,0.5374,0.5328,0.5349,809592
2025-04-25T12:00:00Z,0.5349,0.5391,0.5273,0.5289,1755207
2025-04-25T13:00:00Z,0.5289,0.5310,0.5233,0.5280,1186905
2025-04-25T14:00:00Z,0.5279,0.5371,0.5279,0.5364,2127412
2025-04-25T15:00:00Z,0.5364,0.5373,0.5269,0.5283,2297501
2025-04-25T16:00:00Z,0.5283,0.5300,0.5222,0.5281,1458209
2025-04-25T17:00:00Z,0.5281,0.5311,0.5213,0.5229,1622706
2025-04-25T18:00:00Z,0.5228,0.5280,0.5228,0.5245,892866
2025-04-25T19:00:00Z,0.5245,0.5260,0.5225,0.5250,508259
2025-04-25T20:00:00Z,0.5249,0.5270,0.5237,0.5262,513326
2025-04-25T21:00:00Z,0.5261,0.5292,0.5211,0.5223,641028
2025-04-25T22:00:00Z,0.5223,0.5302,0.5223,0.5292,568387
2025-04-25T23:00:00Z,0.5293,0.5305,0.5260,0.5270,432322
2025-04-26T00:00:00Z,0.5271,0.5354,0.5271,0.5349,884317
2025-04-26T01:00:00Z,0.5350,0.5541,0.5326,0.5540,2069453
2025-04-26T02:00:00Z,0.5540,0.5592,0.5508,0.5565,2465376
2025-04-26T03:00:00Z,0.5563,0.5577,0.5496,0.5534,915554
2025-04-26T04:00:00Z,0.5532,0.5532,0.5463,0.5478,828865
2025-04-26T05:00:00Z,0.5478,0.5510,0.5447,0.5489,646771
2025-04-26T06:00:00Z,0.5489,0.5572,0.5486,0.5551,725345
2025-04-26T07:00:00Z,0.5551,0.5612,0.5538,0.5539,1202392
2025-04-26T08:00:00Z,0.5539,0.5610,0.5492,0.5511,1855877
2025-04-26T09:00:00Z,0.5510,0.5526,0.5442,0.5504,1198881
2025-04-26T10:00:00Z,0.5505,0.5536,0.5489,0.5524,807364
2025-04-26T11:00:00Z,0.5524,0.5567,0.5393,0.5410,1477580
2025-04-26T12:00:00Z,0.5410,0.5464,0.5407,0.5439,841496
2025-04-26T13:00:00Z,0.5438,0.5466,0.5362,0.5412,925481
2025-04-26T14:00:00Z,0.5412,0.5466,0.5374,0.5450,790877
2025-04-26T15:00:00Z,0.5450,0.5515,0.5448,0.5509,914473
2025-04-26T16:00:00Z,0.5509,0.5538,0.5466,0.5496,1380349
2025-04-26T17:00:00Z,0.5495,0.5634,0.5494,0.5589,2391434
2025-04-26T18:00:00Z,0.5588,0.5604,0.5513,0.5520,2076007
2025-04-26T19:00:00Z,0.5520,0.5584,0.5507,0.5580,966332
2025-04-26T20:00:00Z,0.5579,0.5590,0.5488,0.5495,1194491
2025-04-26T21:00:00Z,0.5494,0.5513,0.5485,0.5493,669771
2025-04-26T22:00:00Z,0.5493,0.5533,0.5483,0.5495,897702
2025-04-26T23:00:00Z,0.5494,0.5538,0.5491,0.5533,824030
2025-04-27T00:00:00Z,0.5533,0.5558,0.5491,0.5520,1061766
2025-04-27T01:00:00Z,0.5520,0.5522,0.5328,0.5339,2151371
2025-04-27T02:00:00Z,0.5340,0.5374,0.5325,0.5363,982028
2025-04-27T03:00:00Z,0.5363,0.5386,0.5349,0.5375,607319
2025-04-27T04:00:00Z,0.5374,0.5406,0.5293,0.5298,980137
2025-04-27T05:00:00Z,0.5298,0.5337,0.5274,0.5289,1185202
2025-04-27T06:00:00Z,0.5289,0.5327,0.5274,0.5284,1056162
2025-04-27T07:00:00Z,0.5285,0.5321,0.5269,0.5316,745026
2025-04-27T08:00:00Z,0.5316,0.5347,0.5306,0.5318,553830
2025-04-27T09:00:00Z,0.5319,0.5324,0.5295,0.5311,466845
2025-04-27T10:00:00Z,0.5311,0.5331,0.5289,0.5307,694281
2025-04-27T11:00:00Z,0.5307,0.5315,0.5284,0.5287,627918
2025-04-27T12:00:00Z,0.5287,0.5300,0.5230,0.5240,1669151
2025-04-27T13:00:00Z,0.5240,0.5271,0.5185,0.5266,1617309
2025-04-27T14:00:00Z,0.5265,0.5275,0.5237,0.5237,964146
2025-04-27T15:00:00Z,0.5237,0.5240,0.5198,0.5200,596792
2025-04-27T16:00:00Z,0.5201,0.5223,0.5133,0.5152,1866568
2025-04-27T17:00:00Z,0.5152,0.5195,0.5140,0.5193,897775
2025-04-27T18:00:00Z,0.5192,0.5231,0.5188,0.5208,754797
2025-04-27T19:00:00Z,0.5209,0.5244,0.5196,0.5243,557614
2025-04-27T20:00:00Z,0.5243,0.5252,0.5205,0.5209,607339
2025-04-27T21:00:00Z,0.5208,0.5257,0.5188,0.5227,775917
2025-04-27T22:00:00Z,0.5228,0.5233,0.5174,0.5201,756984
2025-04-27T23:00:00Z,0.5200,0.5200,0.5145,0.5147,513363
2025-04-28T00:00:00Z,0.5148,0.5205,0.5119,0.5183,1526064
2025-04-28T01:00:00Z,0.5182,0.5203,0.5055,0.5091,2395461
2025-04-28T02:00:00Z,0.5091,0.5251,0.5080,0.5251,1376772
2025-04-28T03:00:00Z,0.5251,0.5338,0.5239,0.5320,1334385
2025-04-28T04:00:00Z,0.5320,0.5369,0.5320,0.5361,1129462
2025-04-28T05:00:00Z,0.5361,0.5377,0.5305,0.5316,1231992
2025-04-28T06:00:00Z,0.5316,0.5410,0.5314,0.5396,1256670
2025-04-28T07:00:00Z,0.5396,0.5450,0.5362,0.5423,1036084
2025-04-28T08:00:00Z,0.5424,0.5510,0.5418,0.5455,1659203
2025-04-28T09:00:00Z,0.5456,0.5476,0.5422,0.5427,829732
2025-04-28T10:00:00Z,0.5427,0.5468,0.5353,0.5431,1749738
2025-04-28T11:00:00Z,0.5432,0.5434,0.5386,0.5392,871604
2025-04-28T12:00:00Z,0.5392,0.5399,0.5352,0.5358,851458
2025-04-28T13:00:00Z,0.5358,0.5384,0.5296,0.5299,1317132
2025-04-28T14:00:00Z,0.5300,0.5399,0.5285,0.5336,2205324
2025-04-28T15:00:00Z,0.5336,0.5356,0.5248,0.5298,1886856
2025-04-28T16:00:00Z,0.5296,0.5362,0.5243,0.5342,1263962
2025-04-28T17:00:00Z,0.5341,0.5405,0.5324,0.5392,952337
2025-04-28T18:00:00Z,0.5393,0.5433,0.5352,0.5425,932067
2025-04-28T19:00:00Z,0.5425,0.5463,0.5410,0.5438,1156553
2025-04-28T20:00:00Z,0.5438,0.5482,0.5425,0.5473,960920
2025-04-28T21:00:00Z,0.5473,0.5477,0.5436,0.5452,585061
2025-04-28T22:00:00Z,0.5451,0.5463,0.5421,0.5446,604069
2025-04-28T23:00:00Z,0.5446,0.5456,0.5406,0.5437,654363
2025-04-29T00:00:00Z,0.5438,0.5519,0.5428,0.5500,809148
2025-04-29T01:00:00Z,0.5498,0.5531,0.5462,0.5467,1034494
2025-04-29T02:00:00Z,0.5467,0.5516,0.5452,0.5513,772886
2025-04-29T03:00:00Z,0.5512,0.5620,0.5510,0.5608,1850080
2025-04-29T04:00:00Z,0.5608,0.5635,0.5529,0.5541,1447423
2025-04-29T05:00:00Z,0.5541,0.5570,0.5511,0.5542,1334386
2025-04-29T06:00:00Z,0.5541,0.5619,0.5539,0.5589,1169092
2025-04-29T07:00:00Z,0.5590,0.5613,0.5566,0.5612,876066
2025-04-29T08:00:00Z,0.5612,0.5612,0.5546,0.5569,1001335
2025-04-29T09:00:00Z,0.5569,0.5571,0.5501,0.5513,931294
2025-04-29T10:00:00Z,0.5513,0.5525,0.5396,0.5422,1689773
2025-04-29T11:00:00Z,0.5422,0.5447,0.5400,0.5443,894941
2025-04-29T12:00:00Z,0.5442,0.5456,0.5388,0.5399,913311
2025-04-29T13:00:00Z,0.5399,0.5433,0.5360,0.5423,1113817
2025-04-29T14:00:00Z,0.5423,0.5476,0.5406,0.5439,1350676
2025-04-29T15:00:00Z,0.5438,0.5443,0.5398,0.5415,554063
2025-04-29T16:00:00Z,0.5415,0.5435,0.5386,0.5394,677169
2025-04-29T17:00:00Z,0.5393,0.5418,0.5361,0.5405,660031
2025-04-29T18:00:00Z,0.5405,0.5433,0.5401,0.5422,518123
2025-04-29T19:00:00Z,0.5420,0.5447,0.5406,0.5415,592123
2025-04-29T20:00:00Z,0.5416,0.5425,0.5373,0.5379,416466
2025-04-29T21:00:00Z,0.5379,0.5385,0.5282,0.5298,1797530
2025-04-29T22:00:00Z,0.5298,0.5299,0.5228,0.5235,1324478
2025-04-29T23:00:00Z,0.5235,0.5258,0.5185,0.5238,1835579
2025-04-30T00:00:00Z,0.5239,0.5285,0.5229,0.5248,838734
2025-04-30T01:00:00Z,0.5248,0.5265,0.5204,0.5234,726869
2025-04-30T02:00:00Z,0.5234,0.5312,0.5226,0.5311,814043
2025-04-30T03:00:00Z,0.5311,0.5339,0.5286,0.5328,629072
2025-04-30T04:00:00Z,0.5329,0.5345,0.5298,0.5338,475082
2025-04-30T05:00:00Z,0.5339,0.5340,0.5295,0.5331,686446
2025-04-30T06:00:00Z,0.5332,0.5367,0.5327,0.5352,480501
2025-04-30T07:00:00Z,0.5352,0.5358,0.5258,0.5282,798916
2025-04-30T08:00:00Z,0.5282,0.5354,0.5275,0.5340,632569
2025-04-30T09:00:00Z,0.5340,0.5428,0.5339,0.5424,1087101
2025-04-30T10:00:00Z,0.5425,0.5432,0.5384,0.5411,801159
2025-04-30T11:00:00Z,0.5412,0.5435,0.5399,0.5430,805910
2025-04-30T12:00:00Z,0.5430,0.5436,0.5290,0.5348,1782462
2025-04-30T13:00:00Z,0.5347,0.5349,0.5159,0.5172,3497281
2025-04-30T14:00:00Z,0.5171,0.5319,0.5164,0.5268,1604923
2025-04-30T15:00:00Z,0.5268,0.5349,0.5263,0.5308,1056909
2025-04-30T16:00:00Z,0.5307,0.5332,0.5241,0.5316,964452
2025-04-30T17:00:00Z,0.5315,0.5343,0.5270,0.5324,1075795
2025-04-30T18:00:00Z,0.5326,0.5371,0.5304,0.5308,1067771
2025-04-30T19:00:00Z,0.5308,0.5314,0.5264,0.5286,1046505
2025-04-30T20:00:00Z,0.5287,0.5357,0.5282,0.5317,1268812
2025-04-30T21:00:00Z,0.5316,0.5324,0.5280,0.5285,635531
2025-04-30T22:00:00Z,0.5284,0.5309,0.5271,0.5281,445747
2025-04-30T23:00:00Z,0.5282,0.5319,0.5267,0.5310,540243
2025-05-01T00:00:00Z,0.5311,0.5341,0.5300,0.5339,619814
2025-05-01T01:00:00Z,0.5340,0.5411,0.5340,0.5381,1038369
2025-05-01T02:00:00Z,0.5380,0.5388,0.5337,0.5340,611606
2025-05-01T03:00:00Z,0.5340,0.5360,0.5303,0.5309,561527
2025-05-01T04:00:00Z,0.5310,0.5314,0.5284,0.5309,424168
2025-05-01T05:00:00Z,0.5308,0.5380,0.5301,0.5360,525273
2025-05-01T06:00:00Z,0.5361,0.5418,0.5361,0.5394,981733
2025-05-01T07:00:00Z,0.5393,0.5405,0.5370,0.5384,874951
2025-05-01T08:00:00Z,0.5385,0.5437,0.5367,0.5428,617884
2025-05-01T09:00:00Z,0.5429,0.5463,0.5416,0.5430,780667
2025-05-01T10:00:00Z,0.5429,0.5467,0.5390,0.5406,1582983
2025-05-01T11:00:00Z,0.5407,0.5423,0.5375,0.5404,1340388
2025-05-01T12:00:00Z,0.5404,0.5412,0.5376,0.5401,511506
2025-05-01T13:00:00Z,0.5401,0.5437,0.5331,0.5337,1623908
2025-05-01T14:00:00Z,0.5337,0.5421,0.5337,0.5417,1409009
2025-05-01T15:00:00Z,0.5417,0.5443,0.5364,0.5374,1143142
2025-05-01T16:00:00Z,0.5375,0.5422,0.5375,0.5376,701362
2025-05-01T17:00:00Z,0.5377,0.5424,0.5357,0.5390,770486
2025-05-01T18:00:00Z,0.5389,0.5428,0.5377,0.5423,948848
2025-05-01T19:00:00Z,0.5425,0.5430,0.5392,0.5417,1016513
2025-05-01T20:00:00Z,0.5417,0.5452,0.5406,0.5434,775665
2025-05-01T21:00:00Z,0.5434,0.5436,0.5390,0.5405,482784
2025-05-01T22:00:00Z,0.5406,0.5420,0.5375,0.5395,603601
2025-05-01T23:00:00Z,0.5395,0.5406,0.5341,0.5377,677536
2025-05-02T00:00:00Z,0.5376,0.5441,0.5337,0.5433,970978
2025-05-02T01:00:00Z,0.5433,0.5474,0.5424,0.5461,982894
2025-05-02T02:00:00Z,0.5461,0.5526,0.5454,0.5505,1462424
2025-05-02T03:00:00Z,0.5509,0.5522,0.5456,0.5475,864269
2025-05-02T04:00:00Z,0.5476,0.5495,0.5413,0.5428,987100
2025-05-02T05:00:00Z,0.5428,0.5466,0.5410,0.5436,1340362
2025-05-02T06:00:00Z,0.5436,0.5524,0.5417,0.5474,1543127
2025-05-02T07:00:00Z,0.5474,0.5489,0.5421,0.5450,1924886
2025-05-02T08:00:00Z,0.5450,0.5518,0.5428,0.5508,3228925
2025-05-02T09:00:00Z,0.5508,0.5515,0.5386,0.5411,2781728
2025-05-02T10:00:00Z,0.5411,0.5461,0.5360,0.5366,2226257
2025-05-02T11:00:00Z,0.5367,0.5440,0.5359,0.5380,1995050
2025-05-02T12:00:00Z,0.5380,0.5392,0.5303,0.5371,3325808
2025-05-02T13:00:00Z,0.5371,0.5384,0.5333,0.5349,950025
2025-05-02T14:00:00Z,0.5348,0.5417,0.5330,0.5409,1319124
2025-05-02T15:00:00Z,0.5409,0.5428,0.5352,0.5382,1061175
2025-05-02T16:00:00Z,0.5381,0.5456,0.5381,0.5415,1321890
2025-05-02T17:00:00Z,0.5417,0.5425,0.5383,0.5392,757477
2025-05-02T18:00:00Z,0.5392,0.5424,0.5387,0.5393,564377
2025-05-02T19:00:00Z,0.5393,0.5394,0.5316,0.5329,843053
2025-05-02T20:00:00Z,0.5329,0.5414,0.5322,0.5408,990822
2025-05-02T21:00:00Z,0.5408,0.5427,0.5389,0.5403,834226
2025-05-02T22:00:00Z,0.5403,0.5434,0.5395,0.5423,647642
2025-05-02T23:00:00Z,0.5423,0.5463,0.5417,0.5459,616638
2025-05-03T00:00:00Z,0.5459,0.5476,0.5405,0.5425,762168
2025-05-03T01:00:00Z,0.5426,0.5440,0.5356,0.5364,677640
2025-05-03T02:00:00Z,0.5363,0.5363,0.5323,0.5342,729158
2025-05-03T03:00:00Z,0.5342,0.5374,0.5338,0.5348,736825
2025-05-03T04:00:00Z,0.5348,0.5352,0.5324,0.5332,687946
2025-05-03T05:00:00Z,0.5332,0.5335,0.5308,0.5310,649893
2025-05-03T06:00:00Z,0.5311,0.5323,0.5273,0.5304,1272916
2025-05-03T07:00:00Z,0.5303,0.5303,0.5235,0.5245,1214703
2025-05-03T08:00:00Z,0.5246,0.5253,0.5221,0.5229,762530
2025-05-03T09:00:00Z,0.5229,0.5242,0.5202,0.5211,765515
2025-05-03T10:00:00Z,0.5211,0.5216,0.5137,0.5141,1373920
2025-05-03T11:00:00Z,0.5141,0.5167,0.5126,0.5129,1174220
2025-05-03T12:00:00Z,0.5130,0.5171,0.5115,0.5147,1357273
2025-05-03T13:00:00Z,0.5148,0.5185,0.5143,0.5179,1007319
2025-05-03T14:00:00Z,0.5179,0.5195,0.5119,0.5148,1691547
2025-05-03T15:00:00Z,0.5148,0.5183,0.5137,0.5139,774131
2025-05-03T16:00:00Z,0.5139,0.5143,0.5002,0.5037,3017858
2025-05-03T17:00:00Z,0.5035,0.5035,0.4941,0.5024,2395822
2025-05-03T18:00:00Z,0.5024,0.5035,0.4984,0.5005,990657
2025-05-03T19:00:00Z,0.5004,0.5077,0.5002,0.5067,868942
2025-05-03T20:00:00Z,0.5068,0.5073,0.5026,0.5040,453949
2025-05-03T21:00:00Z,0.5040,0.5070,0.5019,0.5028,609944
2025-05-03T22:00:00Z,0.5029,0.5054,0.5012,0.5031,582055
2025-05-03T23:00:00Z,0.5032,0.5037,0.5008,0.5011,591308
2025-05-04T00:00:00Z,0.5011,0.5021,0.4968,0.4977,898714
2025-05-04T01:00:00Z,0.4976,0.5001,0.4940,0.4988,892284
2025-05-04T02:00:00Z,0.4988,0.5039,0.4979,0.4998,838870
2025-05-04T03:00:00Z,0.4997,0.5028,0.4975,0.4989,853356
2025-05-04T04:00:00Z,0.4989,0.5008,0.4967,0.4982,639076
2025-05-04T05:00:00Z,0.4982,0.5026,0.4980,0.5005,538678
2025-05-04T06:00:00Z,0.5005,0.5014,0.4955,0.4990,821370
2025-05-04T07:00:00Z,0.4991,0.5002,0.4966,0.4984,538478
2025-05-04T08:00:00Z,0.4984,0.4988,0.4922,0.4947,959108
2025-05-04T09:00:00Z,0.4946,0.4961,0.4918,0.4931,830054
2025-05-04T10:00:00Z,0.4932,0.4956,0.4917,0.4939,520442
2025-05-04T11:00:00Z,0.4938,0.4978,0.4935,0.4964,432328
2025-05-04T12:00:00Z,0.4964,0.4987,0.4952,0.4956,420717
2025-05-04T13:00:00Z,0.4959,0.4966,0.4904,0.4947,765786
2025-05-04T14:00:00Z,0.4948,0.5014,0.4946,0.5008,1147375
2025-05-04T15:00:00Z,0.5008,0.5010,0.4955,0.4967,640628
2025-05-04T16:00:00Z,0.4966,0.4982,0.4917,0.4931,1068073
2025-05-04T17:00:00Z,0.4930,0.4947,0.4838,0.4900,2286559
2025-05-04T18:00:00Z,0.4901,0.4917,0.4881,0.4887,591365
2025-05-04T19:00:00Z,0.4888,0.4892,0.4816,0.4827,2120411
2025-05-04T20:00:00Z,0.4827,0.4874,0.4822,0.4859,973066
2025-05-04T21:00:00Z,0.4859,0.4907,0.4824,0.4883,1040588
2025-05-04T22:00:00Z,0.4883,0.4889,0.4812,0.4865,1190749
2025-05-04T23:00:00Z,0.4866,0.4894,0.4843,0.4874,740106
2025-05-05T00:00:00Z,0.4874,0.4907,0.4851,0.4893,901186
2025-05-05T01:00:00Z,0.4893,0.4922,0.4829,0.4858,1447623
2025-05-05T02:00:00Z,0.4858,0.4987,0.4849,0.4964,1680069
2025-05-05T03:00:00Z,0.4965,0.5012,0.4953,0.4956,1646496
2025-05-05T04:00:00Z,0.4957,0.5004,0.4944,0.4983,987797
2025-05-05T05:00:00Z,0.4983,0.5002,0.4968,0.4992,742131
2025-05-05T06:00:00Z,0.4992,0.5003,0.4950,0.4957,791581
2025-05-05T07:00:00Z,0.4957,0.4966,0.4933,0.4963,537037
2025-05-05T08:00:00Z,0.4962,0.4975,0.4931,0.4954,900178
2025-05-05T09:00:00Z,0.4955,0.4968,0.4936,0.4944,492713
2025-05-05T10:00:00Z,0.4944,0.4947,0.4817,0.4863,1587920
2025-05-05T11:00:00Z,0.4864,0.4874,0.4811,0.4829,1039751
2025-05-05T12:00:00Z,0.4830,0.4912,0.4804,0.4887,2528762
2025-05-05T13:00:00Z,0.4887,0.4910,0.4842,0.4909,1514403
2025-05-05T14:00:00Z,0.4910,0.4935,0.4878,0.4893,1407159
2025-05-05T15:00:00Z,0.4893,0.4910,0.4845,0.4874,1115584
2025-05-05T16:00:00Z,0.4873,0.4926,0.4863,0.4898,674077
2025-05-05T17:00:00Z,0.4898,0.4927,0.4860,0.4923,781939
2025-05-05T18:00:00Z,0.4924,0.4968,0.4913,0.4945,826365
2025-05-05T19:00:00Z,0.4945,0.4947,0.4864,0.4872,741182
2025-05-05T20:00:00Z,0.4872,0.4873,0.4774,0.4820,1600275
2025-05-05T21:00:00Z,0.4819,0.4886,0.4813,0.4865,1044115
2025-05-05T22:00:00Z,0.4864,0.4907,0.4857,0.4886,783835
2025-05-05T23:00:00Z,0.4887,0.4892,0.4846,0.4849,448974
2025-05-06T00:00:00Z,0.4849,0.4866,0.4832,0.4855,740057
2025-05-06T01:00:00Z,0.4854,0.4905,0.4842,0.4855,680628
2025-05-06T02:00:00Z,0.4856,0.4926,0.4845,0.4926,1216857
2025-05-06T03:00:00Z,0.4926,0.4973,0.4920,0.4951,1402028
2025-05-06T04:00:00Z,0.4952,0.4957,0.4919,0.4949,1057484
2025-05-06T05:00:00Z,0.4950,0.4953,0.4903,0.4906,610643
2025-05-06T06:00:00Z,0.4906,0.4917,0.4874,0.4897,859645
2025-05-06T07:00:00Z,0.4898,0.4920,0.4855,0.4869,997796
2025-05-06T08:00:00Z,0.4868,0.4870,0.4791,0.4852,1249725
2025-05-06T09:00:00Z,0.4850,0.4850,0.4763,0.4805,1229674
2025-05-06T10:00:00Z,0.4805,0.4805,0.4716,0.4732,1777520
2025-05-06T11:00:00Z,0.4732,0.4760,0.4681,0.4719,1479188
2025-05-06T12:00:00Z,0.4719,0.4755,0.4687,0.4753,1023346
2025-05-06T13:00:00Z,0.4754,0.4758,0.4704,0.4732,1573724
2025-05-06T14:00:00Z,0.4732,0.4840,0.4732,0.4756,1538613
2025-05-06T15:00:00Z,0.4755,0.4770,0.4706,0.4725,1050746
2025-05-06T16:00:00Z,0.4725,0.4746,0.4687,0.4692,1449167
2025-05-06T17:00:00Z,0.4692,0.4765,0.4686,0.4727,1334354
2025-05-06T18:00:00Z,0.4727,0.4809,0.4725,0.4809,1015860
2025-05-06T19:00:00Z,0.4808,0.4817,0.4751,0.4755,960772
2025-05-06T20:00:00Z,0.4756,0.4774,0.4683,0.4698,918896
2025-05-06T21:00:00Z,0.4697,0.4722,0.4608,0.4685,1498043
2025-05-06T22:00:00Z,0.4684,0.4814,0.4682,0.4778,2065539
2025-05-06T23:00:00Z,0.4778,0.4787,0.4746,0.4779,970717
2025-05-07T00:00:00Z,0.4779,0.4839,0.4777,0.4836,1434110
2025-05-07T01:00:00Z,0.4837,0.4879,0.4836,0.4861,1160041
2025-05-07T02:00:00Z,0.4860,0.4874,0.4810,0.4816,784199
2025-05-07T03:00:00Z,0.4816,0.4852,0.4788,0.4848,818542
2025-05-07T04:00:00Z,0.4848,0.4879,0.4847,0.4859,794283
2025-05-07T05:00:00Z,0.4859,0.4878,0.4826,0.4831,620471
2025-05-07T06:00:00Z,0.4830,0.4864,0.4814,0.4856,815068
2025-05-07T07:00:00Z,0.4855,0.4917,0.4851,0.4901,1150913
2025-05-07T08:00:00Z,0.4901,0.4966,0.4883,0.4938,1450070
2025-05-07T09:00:00Z,0.4938,0.4940,0.4892,0.4900,750415
2025-05-07T10:00:00Z,0.4900,0.4917,0.4871,0.4879,709894
2025-05-07T11:00:00Z,0.4879,0.4896,0.4857,0.4895,873754
2025-05-07T12:00:00Z,0.4893,0.4904,0.4843,0.4867,1021844
2025-05-07T13:00:00Z,0.4866,0.4898,0.4837,0.4880,843728
2025-05-07T14:00:00Z,0.4879,0.4899,0.4831,0.4848,865185
2025-05-07T15:00:00Z,0.4849,0.4854,0.4809,0.4822,804941
2025-05-07T16:00:00Z,0.4821,0.4822,0.4760,0.4817,1385866
2025-05-07T17:00:00Z,0.4818,0.4822,0.4751,0.4798,1097252
2025-05-07T18:00:00Z,0.4797,0.4865,0.4765,0.4834,1907696
2025-05-07T19:00:00Z,0.4834,0.4837,0.4758,0.4777,1240161
2025-05-07T20:00:00Z,0.4777,0.4801,0.4760,0.4801,769684
2025-05-07T21:00:00Z,0.4800,0.4859,0.4778,0.4830,767913
2025-05-07T22:00:00Z,0.4830,0.4902,0.4820,0.4886,1070253
2025-05-07T23:00:00Z,0.4886,0.4905,0.4861,0.4871,661879
2025-05-08T00:00:00Z,0.4870,0.4931,0.4866,0.4922,3327547
2025-05-08T01:00:00Z,0.4921,0.5009,0.4921,0.4958,4661911
2025-05-08T02:00:00Z,0.4959,0.5056,0.4952,0.5018,1440653
2025-05-08T03:00:00Z,0.5018,0.5103,0.5015,0.5096,1429912
2025-05-08T04:00:00Z,0.5096,0.5161,0.5096,0.5132,1765128
2025-05-08T05:00:00Z,0.5132,0.5169,0.5126,0.5160,1052355
2025-05-08T06:00:00Z,0.5160,0.5196,0.5139,0.5180,3168778
2025-05-08T07:00:00Z,0.5180,0.5219,0.5169,0.5198,3078020
2025-05-08T08:00:00Z,0.5198,0.5266,0.5195,0.5249,1519925
2025-05-08T09:00:00Z,0.5249,0.5272,0.5235,0.5267,724917
2025-05-08T10:00:00Z,0.5266,0.5282,0.5243,0.5250,1285034
2025-05-08T11:00:00Z,0.5249,0.5268,0.5211,0.5262,885555
2025-05-08T12:00:00Z,0.5263,0.5276,0.5229,0.5267,1121655
2025-05-08T13:00:00Z,0.5267,0.5280,0.5230,0.5245,803853
2025-05-08T14:00:00Z,0.5246,0.5301,0.5228,0.5259,1112359
2025-05-08T15:00:00Z,0.5259,0.5419,0.5254,0.5361,3551306
2025-05-08T16:00:00Z,0.5362,0.5435,0.5362,0.5435,2494041
2025-05-08T17:00:00Z,0.5435,0.5463,0.5393,0.5432,1740023
2025-05-08T18:00:00Z,0.5432,0.5459,0.5399,0.5443,1795268
2025-05-08T19:00:00Z,0.5442,0.5511,0.5419,0.5498,1933719
2025-05-08T20:00:00Z,0.5498,0.5626,0.5468,0.5611,2566095
2025-05-08T21:00:00Z,0.5611,0.5737,0.5572,0.5629,3895824
2025-05-08T22:00:00Z,0.5629,0.5643,0.5569,0.5573,1658672
2025-05-08T23:00:00Z,0.5574,0.5656,0.5562,0.5654,1361054
2025-05-09T00:00:00Z,0.5654,0.5822,0.5654,0.5779,4031350
2025-05-09T01:00:00Z,0.5778,0.5908,0.5771,0.5846,2339036
2025-05-09T02:00:00Z,0.5847,0.5902,0.5831,0.5873,1888152
2025-05-09T03:00:00Z,0.5871,0.5976,0.5864,0.5918,2526105
2025-05-09T04:00:00Z,0.5917,0.5917,0.5805,0.5880,3817808
2025-05-09T05:00:00Z,0.5880,0.5985,0.5873,0.5962,1646416
2025-05-09T06:00:00Z,0.5962,0.6063,0.5920,0.6063,2844504
2025-05-09T07:00:00Z,0.6062,0.6236,0.6047,0.6139,4020940
2025-05-09T08:00:00Z,0.6138,0.6345,0.6085,0.6178,6685081
2025-05-09T09:00:00Z,0.6179,0.6239,0.6039,0.6171,3918096
2025-05-09T10:00:00Z,0.6171,0.6241,0.6137,0.6219,1978665
2025-05-09T11:00:00Z,0.6220,0.6297,0.6137,0.6217,3058516
2025-05-09T12:00:00Z,0.6218,0.6240,0.6136,0.6187,2083273
2025-05-09T13:00:00Z,0.6188,0.6285,0.6179,0.6237,2532613
2025-05-09T14:00:00Z,0.6236,0.6262,0.6029,0.6183,4390337
2025-05-09T15:00:00Z,0.6183,0.6257,0.6153,0.6255,3061198
2025-05-09T16:00:00Z,0.6255,0.6275,0.6146,0.6161,2277550
2025-05-09T17:00:00Z,0.6162,0.6358,0.6157,0.6354,2114504
2025-05-09T18:00:00Z,0.6353,0.6362,0.6228,0.6234,1861778
2025-05-09T19:00:00Z,0.6235,0.6257,0.6196,0.6210,983177
2025-05-09T20:00:00Z,0.6211,0.6273,0.6181,0.6273,1303692
2025-05-09T21:00:00Z,0.6272,0.6314,0.6217,0.6314,1470778
2025-05-09T22:00:00Z,0.6314,0.6369,0.6286,0.6288,1247373
2025-05-09T23:00:00Z,0.6288,0.6462,0.6282,0.6410,2507785
2025-05-10T00:00:00Z,0.6412,0.6615,0.6384,0.6425,5651201
2025-05-10T01:00:00Z,0.6426,0.6596,0.6414,0.6437,2233728
2025-05-10T02:00:00Z,0.6436,0.6513,0.6430,0.6476,1186324
2025-05-10T03:00:00Z,0.6476,0.6485,0.6417,0.6469,1424165
2025-05-10T04:00:00Z,0.6469,0.6476,0.6374,0.6446,1366976
2025-05-10T05:00:00Z,0.6446,0.6518,0.6416,0.6501,1033591
2025-05-10T06:00:00Z,0.6500,0.6574,0.6476,0.6566,1645417
2025-05-10T07:00:00Z,0.6566,0.6640,0.6527,0.6599,2404243
2025-05-10T08:00:00Z,0.6600,0.6643,0.6507,0.6559,2510880
2025-05-10T09:00:00Z,0.6559,0.6559,0.6477,0.6541,1383022
2025-05-10T10:00:00Z,0.6542,0.6552,0.6439,0.6442,1259449
2025-05-10T11:00:00Z,0.6440,0.6521,0.6397,0.6429,1725145
2025-05-10T12:00:00Z,0.6431,0.6474,0.6367,0.6405,1403336
2025-05-10T13:00:00Z,0.6404,0.6492,0.6401,0.6477,1292471
2025-05-10T14:00:00Z,0.6477,0.6502,0.6416,0.6478,1066488
2025-05-10T15:00:00Z,0.6479,0.6480,0.6398,0.6442,1515882
2025-05-10T16:00:00Z,0.6442,0.6537,0.6405,0.6527,1837819
2025-05-10T17:00:00Z,0.6527,0.6563,0.6465,0.6509,2302881
2025-05-10T18:00:00Z,0.6509,0.6540,0.6470,0.6510,845708
2025-05-10T19:00:00Z,0.6511,0.6590,0.6506,0.6582,930843
2025-05-10T20:00:00Z,0.6582,0.6623,0.6512,0.6571,1500375
2025-05-10T21:00:00Z,0.6571,0.6658,0.6551,0.6641,1655918
2025-05-10T22:00:00Z,0.6641,0.6763,0.6608,0.6717,3236778
2025-05-10T23:00:00Z,0.6716,0.6864,0.6712,0.6830,2796047
2025-05-11T00:00:00Z,0.6829,0.6885,0.6620,0.6747,4851298
2025-05-11T01:00:00Z,0.6747,0.6809,0.6656,0.6714,2525265
2025-05-11T02:00:00Z,0.6714,0.6860,0.6688,0.6751,2008658
2025-05-11T03:00:00Z,0.6751,0.6873,0.6699,0.6784,2416958
2025-05-11T04:00:00Z,0.6784,0.6832,0.6711,0.6795,1525143
2025-05-11T05:00:00Z,0.6796,0.6797,0.6679,0.6684,1137620
2025-05-11T06:00:00Z,0.6684,0.6718,0.6578,0.6624,2886005
2025-05-11T07:00:00Z,0.6624,0.6626,0.6439,0.6502,3447642
2025-05-11T08:00:00Z,0.6502,0.6562,0.6451,0.6483,1427864
2025-05-11T09:00:00Z,0.6483,0.6580,0.6464,0.6540,1168277
2025-05-11T10:00:00Z,0.6539,0.6587,0.6520,0.6562,1471345
2025-05-11T11:00:00Z,0.6561,0.6604,0.6556,0.6572,1204054
2025-05-11T12:00:00Z,0.6572,0.6624,0.6557,0.6591,1289218
2025-05-11T13:00:00Z,0.6592,0.6611,0.6454,0.6457,2129830
2025-05-11T14:00:00Z,0.6458,0.6526,0.6452,0.6517,1299620
2025-05-11T15:00:00Z,0.6517,0.6609,0.6437,0.6488,1789610
2025-05-11T16:00:00Z,0.6488,0.6543,0.6415,0.6508,1798134
2025-05-11T17:00:00Z,0.6508,0.6598,0.6493,0.6579,1345805
2025-05-11T18:00:00Z,0.6578,0.6661,0.6536,0.6621,1644286
2025-05-11T19:00:00Z,0.6620,0.6664,0.6606,0.6631,739876
2025-05-11T20:00:00Z,0.6630,0.6656,0.6567,0.6611,917420
2025-05-11T21:00:00Z,0.6610,0.6660,0.6578,0.6648,505732
2025-05-11T22:00:00Z,0.6648,0.6696,0.6576,0.6622,1040668
2025-05-11T23:00:00Z,0.6623,0.6688,0.6604,0.6618,727382
2025-05-12T00:00:00Z,0.6619,0.6734,0.6615,0.6718,1458510
2025-05-12T01:00:00Z,0.6719,0.6776,0.6579,0.6689,2094873
2025-05-12T02:00:00Z,0.6690,0.6788,0.6677,0.6771,1893026
2025-05-12T03:00:00Z,0.6770,0.6838,0.6719,0.6803,1396079
2025-05-12T04:00:00Z,0.6803,0.6865,0.6760,0.6841,1503569
2025-05-12T05:00:00Z,0.6842,0.6863,0.6661,0.6699,1850402
2025-05-12T06:00:00Z,0.6701,0.6820,0.6662,0.6814,1640755
2025-05-12T07:00:00Z,0.6815,0.7082,0.6815,0.6981,6980896
2025-05-12T08:00:00Z,0.6982,0.7162,0.6881,0.7102,3621318
2025-05-12T09:00:00Z,0.7103,0.7133,0.7000,0.7013,2223374
2025-05-12T10:00:00Z,0.7010,0.7026,0.6936,0.6974,2331055
2025-05-12T11:00:00Z,0.6973,0.6984,0.6792,0.6819,3045293
2025-05-12T12:00:00Z,0.6818,0.6924,0.6762,0.6901,2710055
2025-05-12T13:00:00Z,0.6901,0.6940,0.6775,0.6868,3126137
2025-05-12T14:00:00Z,0.6869,0.6914,0.6620,0.6707,3909599
2025-05-12T15:00:00Z,0.6708,0.6755,0.6590,0.6668,3389049
2025-05-12T16:00:00Z,0.6668,0.6777,0.6622,0.6757,2250809
2025-05-12T17:00:00Z,0.6758,0.6816,0.6671,0.6705,1967484
2025-05-12T18:00:00Z,0.6706,0.6746,0.6440,0.6539,6043741
2025-05-12T19:00:00Z,0.6541,0.6686,0.6536,0.6652,2517724
2025-05-12T20:00:00Z,0.6651,0.6715,0.6622,0.6675,1563934
2025-05-12T21:00:00Z,0.6676,0.6714,0.6663,0.6704,1044952
2025-05-12T22:00:00Z,0.6706,0.6762,0.6684,0.6725,1286959
2025-05-12T23:00:00Z,0.6727,0.6778,0.6718,0.6743,919759
2025-05-13T00:00:00Z,0.6742,0.6769,0.6634,0.6636,1734207
2025-05-13T01:00:00Z,0.6636,0.6673,0.6504,0.6506,2333560
2025-05-13T02:00:00Z,0.6507,0.6536,0.6368,0.6453,3114449
2025-05-13T03:00:00Z,0.6456,0.6494,0.6354,0.6376,2117039
2025-05-13T04:00:00Z,0.6375,0.6593,0.6361,0.6566,5695888
2025-05-13T05:00:00Z,0.6566,0.6615,0.6481,0.6489,2530836
2025-05-13T06:00:00Z,0.6490,0.6578,0.6483,0.6535,2595018
2025-05-13T07:00:00Z,0.6535,0.6613,0.6522,0.6597,1436417
2025-05-13T08:00:00Z,0.6596,0.6677,0.6573,0.6638,1659206
2025-05-13T09:00:00Z,0.6639,0.6794,0.6638,0.6763,2671765
2025-05-13T10:00:00Z,0.6763,0.6769,0.6671,0.6738,2414362
2025-05-13T11:00:00Z,0.6738,0.6780,0.6697,0.6743,1476048
2025-05-13T12:00:00Z,0.6744,0.6856,0.6676,0.6803,2758238
2025-05-13T13:00:00Z,0.6803,0.6844,0.6743,0.6746,1503823
2025-05-13T14:00:00Z,0.6747,0.6852,0.6610,0.6671,9888427
2025-05-13T15:00:00Z,0.6672,0.6778,0.6657,0.6772,1657407
2025-05-13T16:00:00Z,0.6773,0.6944,0.6768,0.6923,3080027
2025-05-13T17:00:00Z,0.6923,0.7035,0.6908,0.6978,2371992
2025-05-13T18:00:00Z,0.6978,0.7036,0.6971,0.7034,1851083
2025-05-13T19:00:00Z,0.7033,0.7145,0.6999,0.7090,2364616
2025-05-13T20:00:00Z,0.7089,0.7124,0.7005,0.7122,1442438
2025-05-13T21:00:00Z,0.7121,0.7121,0.7033,0.7050,1455506
2025-05-13T22:00:00Z,0.7051,0.7076,0.6989,0.7046,1611440
2025-05-13T23:00:00Z,0.7045,0.7076,0.6987,0.7023,1243707
2025-05-14T00:00:00Z,0.7022,0.7194,0.7008,0.7183,3193757
2025-05-14T01:00:00Z,0.7183,0.7261,0.7088,0.7098,3248890
2025-05-14T02:00:00Z,0.7098,0.7105,0.7005,0.7041,2624522
2025-05-14T03:00:00Z,0.7041,0.7060,0.6968,0.7016,2154834
2025-05-14T04:00:00Z,0.7016,0.7028,0.6931,0.7020,2038747
2025-05-14T05:00:00Z,0.7021,0.7080,0.6992,0.7057,1273783
2025-05-14T06:00:00Z,0.7057,0.7094,0.6987,0.7032,2046132
2025-05-14T07:00:00Z,0.7032,0.7035,0.6910,0.6913,1593888
2025-05-14T08:00:00Z,0.6913,0.6941,0.6728,0.6740,4441710
2025-05-14T09:00:00Z,0.6742,0.6852,0.6739,0.6808,2516274
2025-05-14T10:00:00Z,0.6808,0.6962,0.6747,0.6803,7033133
2025-05-14T11:00:00Z,0.6803,0.7015,0.6774,0.6819,19467396
2025-05-14T12:00:00Z,0.6820,0.6853,0.6698,0.6735,5750749
2025-05-14T13:00:00Z,0.6735,0.6788,0.6618,0.6715,3460750
2025-05-14T14:00:00Z,0.6716,0.6750,0.6632,0.6687,2753922
2025-05-14T15:00:00Z,0.6689,0.6718,0.6623,0.6694,1901613
2025-05-14T16:00:00Z,0.6694,0.6743,0.6637,0.6705,1706301
2025-05-14T17:00:00Z,0.6706,0.6708,0.6607,0.6686,1548894
2025-05-14T18:00:00Z,0.6686,0.6733,0.6649,0.6685,1182005
2025-05-14T19:00:00Z,0.6683,0.6699,0.6650,0.6686,727552
2025-05-14T20:00:00Z,0.6687,0.6719,0.6669,0.6672,795126
2025-05-14T21:00:00Z,0.6672,0.6708,0.6619,0.6699,787601
2025-05-14T22:00:00Z,0.6700,0.6717,0.6635,0.6654,1095139
2025-05-14T23:00:00Z,0.6655,0.6659,0.6584,0.6643,1246516
2025-05-15T00:00:00Z,0.6642,0.6722,0.6618,0.6709,1333197
2025-05-15T01:00:00Z,0.6709,0.6735,0.6546,0.6571,1934708
2025-05-15T02:00:00Z,0.6571,0.6686,0.6553,0.6653,1722730
2025-05-15T03:00:00Z,0.6654,0.6685,0.6569,0.6584,1236367
2025-05-15T04:00:00Z,0.6583,0.6632,0.6569,0.6608,1093879
2025-05-15T05:00:00Z,0.6607,0.6622,0.6479,0.6500,2166978
2025-05-15T06:00:00Z,0.6500,0.6558,0.6408,0.6465,3521276
2025-05-15T07:00:00Z,0.6465,0.6475,0.6288,0.6297,3688909
2025-05-15T08:00:00Z,0.6297,0.6469,0.6295,0.6449,2747500
2025-05-15T09:00:00Z,0.6449,0.6465,0.6330,0.6399,2562642
2025-05-15T10:00:00Z,0.6400,0.6409,0.6286,0.6339,1938296
2025-05-15T11:00:00Z,0.6339,0.6428,0.6327,0.6397,2129850
2025-05-15T12:00:00Z,0.6397,0.6452,0.6351,0.6389,2933659
2025-05-15T13:00:00Z,0.6389,0.6433,0.6223,0.6293,3133110
2025-05-15T14:00:00Z,0.6292,0.6316,0.6145,0.6208,3366054
2025-05-15T15:00:00Z,0.6207,0.6436,0.6206,0.6425,2945328
2025-05-15T16:00:00Z,0.6425,0.6488,0.6355,0.6483,2392099
2025-05-15T17:00:00Z,0.6482,0.6552,0.6450,0.6480,2045577
2025-05-15T18:00:00Z,0.6479,0.6492,0.6274,0.6304,2381482
2025-05-15T19:00:00Z,0.6304,0.6369,0.6263,0.6312,1815370
2025-05-15T20:00:00Z,0.6313,0.6342,0.6235,0.6267,1803090
2025-05-15T21:00:00Z,0.6267,0.6277,0.6155,0.6255,1644659
2025-05-15T22:00:00Z,0.6255,0.6320,0.6218,0.6219,907398
2025-05-15T23:00:00Z,0.6218,0.6241,0.6081,0.6225,2552450
2025-05-16T00:00:00Z,0.6226,0.6314,0.6195,0.6263,1287516
2025-05-16T01:00:00Z,0.6264,0.6324,0.6201,0.6298,1603398
2025-05-16T02:00:00Z,0.6297,0.6389,0.6297,0.6350,2477728
2025-05-16T03:00:00Z,0.6351,0.6396,0.6342,0.6380,1198624
2025-05-16T04:00:00Z,0.6381,0.6419,0.6320,0.6362,1321781
2025-05-16T05:00:00Z,0.6363,0.6415,0.6363,0.6365,880208
2025-05-16T06:00:00Z,0.6365,0.6411,0.6349,0.6381,754934
2025-05-16T07:00:00Z,0.6382,0.6435,0.6341,0.6414,1757033
2025-05-16T08:00:00Z,0.6413,0.6435,0.6244,0.6300,2586186
2025-05-16T09:00:00Z,0.6301,0.6406,0.6294,0.6401,1349142
2025-05-16T10:00:00Z,0.6403,0.6413,0.6357,0.6405,1167965
2025-05-16T11:00:00Z,0.6406,0.6419,0.6355,0.6362,1197700
2025-05-16T12:00:00Z,0.6361,0.6371,0.6296,0.6304,1188858
2025-05-16T13:00:00Z,0.6303,0.6372,0.6287,0.6372,1764928
2025-05-16T14:00:00Z,0.6371,0.6371,0.6225,0.6272,2127976
2025-05-16T15:00:00Z,0.6272,0.6338,0.6272,0.6318,1200220
2025-05-16T16:00:00Z,0.6318,0.6351,0.6215,0.6303,1411699
2025-05-16T17:00:00Z,0.6302,0.6323,0.6209,0.6233,1746590
2025-05-16T18:00:00Z,0.6233,0.6259,0.6219,0.6248,787319
2025-05-16T19:00:00Z,0.6248,0.6277,0.6222,0.6261,836381
2025-05-16T20:00:00Z,0.6260,0.6260,0.6156,0.6188,1446733
2025-05-16T21:00:00Z,0.6186,0.6229,0.6162,0.6182,778269
2025-05-16T22:00:00Z,0.6182,0.6188,0.6021,0.6063,1729752
2025-05-16T23:00:00Z,0.6063,0.6143,0.6060,0.6099,917252
2025-05-17T00:00:00Z,0.6099,0.6126,0.5989,0.6027,1837203
2025-05-17T01:00:00Z,0.6026,0.6026,0.5866,0.5918,2590105
2025-05-17T02:00:00Z,0.5919,0.5987,0.5873,0.5964,1597114
2025-05-17T03:00:00Z,0.5965,0.6019,0.5906,0.6010,1179447
2025-05-17T04:00:00Z,0.6010,0.6078,0.6000,0.6072,1000941
2025-05-17T05:00:00Z,0.6073,0.6090,0.5997,0.6007,1111277
2025-05-17T06:00:00Z,0.6007,0.6046,0.5970,0.6041,1223757
2025-05-17T07:00:00Z,0.6042,0.6093,0.6021,0.6063,1539917
2025-05-17T08:00:00Z,0.6064,0.6118,0.6051,0.6062,2006610
2025-05-17T09:00:00Z,0.6063,0.6095,0.5994,0.6073,1979870
2025-05-17T10:00:00Z,0.6072,0.6183,0.6065,0.6155,1801101
2025-05-17T11:00:00Z,0.6154,0.6235,0.6139,0.6200,1802230
2025-05-17T12:00:00Z,0.6199,0.6248,0.6181,0.6190,1726767
2025-05-17T13:00:00Z,0.6191,0.6214,0.6109,0.6153,2024547
2025-05-17T14:00:00Z,0.6153,0.6396,0.6152,0.6388,5138976
2025-05-17T15:00:00Z,0.6388,0.6426,0.6338,0.6352,4952635
2025-05-17T16:00:00Z,0.6351,0.6362,0.6226,0.6329,4455858
2025-05-17T17:00:00Z,0.6328,0.6399,0.6264,0.6271,3771001
2025-05-17T18:00:00Z,0.6270,0.6334,0.6170,0.6179,3374570
2025-05-17T19:00:00Z,0.6178,0.6212,0.6119,0.6130,2532620
2025-05-17T20:00:00Z,0.6130,0.6263,0.6115,0.6254,3052105
2025-05-17T21:00:00Z,0.6254,0.6261,0.6164,0.6205,1645971
2025-05-17T22:00:00Z,0.6204,0.6223,0.6064,0.6111,2490952
2025-05-17T23:00:00Z,0.6111,0.6169,0.6096,0.6150,1058393
2025-05-18T00:00:00Z,0.6149,0.6180,0.6092,0.6137,1907297
2025-05-18T01:00:00Z,0.6137,0.6210,0.6099,0.6196,1428747
2025-05-18T02:00:00Z,0.6195,0.6223,0.6162,0.6172,1437963
2025-05-18T03:00:00Z,0.6172,0.6213,0.6121,0.6188,1712218
2025-05-18T04:00:00Z,0.6188,0.6258,0.6173,0.6221,2015969
2025-05-18T05:00:00Z,0.6221,0.6373,0.6221,0.6367,2668947
2025-05-18T06:00:00Z,0.6367,0.6379,0.6304,0.6369,1583369
2025-05-18T07:00:00Z,0.6368,0.6517,0.6345,0.6503,3168167
2025-05-18T08:00:00Z,0.6503,0.6635,0.6463,0.6609,3603246
2025-05-18T09:00:00Z,0.6609,0.6629,0.6451,0.6470,3096421
2025-05-18T10:00:00Z,0.6470,0.6484,0.6431,0.6470,1497393
2025-05-18T11:00:00Z,0.6470,0.6500,0.6413,0.6423,1559132
2025-05-18T12:00:00Z,0.6424,0.6514,0.6388,0.6511,1878450
2025-05-18T13:00:00Z,0.6511,0.6598,0.6495,0.6592,1732070
2025-05-18T14:00:00Z,0.6594,0.6654,0.6534,0.6638,2509201
2025-05-18T15:00:00Z,0.6637,0.6729,0.6621,0.6724,2826946
2025-05-18T16:00:00Z,0.6725,0.6765,0.6688,0.6745,2972716
2025-05-18T17:00:00Z,0.6745,0.6751,0.6568,0.6581,2398474
2025-05-18T18:00:00Z,0.6582,0.6590,0.6430,0.6522,3541488
2025-05-18T19:00:00Z,0.6522,0.6581,0.6394,0.6411,2283697
2025-05-18T20:00:00Z,0.6410,0.6466,0.6235,0.6452,4541613
2025-05-18T21:00:00Z,0.6453,0.6592,0.6453,0.6528,2359011
2025-05-18T22:00:00Z,0.6528,0.6664,0.6482,0.6660,2622073
2025-05-18T23:00:00Z,0.6661,0.6806,0.6593,0.6797,2361728
2025-05-19T00:00:00Z,0.6798,0.6860,0.6664,0.6694,3454153
2025-05-19T01:00:00Z,0.6694,0.6771,0.6654,0.6678,2569894
2025-05-19T02:00:00Z,0.6677,0.6743,0.6610,0.6676,2679251
2025-05-19T03:00:00Z,0.6677,0.6706,0.6587,0.6645,2501037
2025-05-19T04:00:00Z,0.6646,0.6694,0.6512,0.6559,3933029
2025-05-19T05:00:00Z,0.6558,0.6759,0.6540,0.6695,5895281
2025-05-19T06:00:00Z,0.6698,0.6732,0.6469,0.6477,7068277
2025-05-19T07:00:00Z,0.6477,0.6647,0.6472,0.6574,4086491
2025-05-19T08:00:00Z,0.6574,0.6574,0.6408,0.6424,5397307
2025-05-19T09:00:00Z,0.6424,0.6467,0.6382,0.6404,2979002
2025-05-19T10:00:00Z,0.6403,0.6445,0.6359,0.6383,2162505
2025-05-19T11:00:00Z,0.6383,0.6391,0.6322,0.6340,1947513
2025-05-19T12:00:00Z,0.6341,0.6350,0.6220,0.6253,2665124
2025-05-19T13:00:00Z,0.6252,0.6436,0.6224,0.6394,3893451
2025-05-19T14:00:00Z,0.6396,0.6517,0.6367,0.6495,3744185
2025-05-19T15:00:00Z,0.6494,0.6537,0.6450,0.6488,2081589
2025-05-19T16:00:00Z,0.6489,0.6576,0.6397,0.6568,4063291
2025-05-19T17:00:00Z,0.6568,0.6621,0.6512,0.6547,3091005
2025-05-19T18:00:00Z,0.6546,0.6570,0.6432,0.6467,1965145
2025-05-19T19:00:00Z,0.6468,0.6547,0.6438,0.6510,2032019
2025-05-19T20:00:00Z,0.6510,0.6531,0.6471,0.6506,1645696
2025-05-19T21:00:00Z,0.6507,0.6510,0.6420,0.6499,1341910
2025-05-19T22:00:00Z,0.6498,0.6501,0.6438,0.6441,1026380
2025-05-19T23:00:00Z,0.6440,0.6513,0.6430,0.6493,1076667
2025-05-20T00:00:00Z,0.6494,0.6594,0.6444,0.6452,2313504
2025-05-20T01:00:00Z,0.6451,0.6641,0.6440,0.6611,2088137
2025-05-20T02:00:00Z,0.6611,0.6691,0.6597,0.6610,2259066
2025-05-20T03:00:00Z,0.6612,0.6623,0.6514,0.6534,2492290
2025-05-20T04:00:00Z,0.6535,0.6576,0.6505,0.6560,1379784
2025-05-20T05:00:00Z,0.6561,0.6608,0.6535,0.6540,1512697
2025-05-20T06:00:00Z,0.6540,0.6561,0.6483,0.6522,2016067
2025-05-20T07:00:00Z,0.6522,0.6531,0.6440,0.6448,2303723
2025-05-20T08:00:00Z,0.6448,0.6462,0.6388,0.6414,1839927
2025-05-20T09:00:00Z,0.6413,0.6446,0.6401,0.6424,1332362
2025-05-20T10:00:00Z,0.6426,0.6454,0.6317,0.6342,2151790
2025-05-20T11:00:00Z,0.6343,0.6371,0.6295,0.6353,1611532
2025-05-20T12:00:00Z,0.6353,0.6360,0.6279,0.6329,1855469
2025-05-20T13:00:00Z,0.6330,0.6362,0.6306,0.6331,1764236
2025-05-20T14:00:00Z,0.6330,0.6372,0.6311,0.6331,1631727
2025-05-20T15:00:00Z,0.6332,0.6438,0.6322,0.6425,1895946
2025-05-20T16:00:00Z,0.6424,0.6446,0.6344,0.6347,1500592
2025-05-20T17:00:00Z,0.6348,0.6460,0.6340,0.6437,1643773
2025-05-20T18:00:00Z,0.6438,0.6449,0.6256,0.6271,3253832
2025-05-20T19:00:00Z,0.6269,0.6474,0.6261,0.6448,2026672
2025-05-20T20:00:00Z,0.6446,0.6582,0.6414,0.6581,2542803
2025-05-20T21:00:00Z,0.6581,0.6639,0.6562,0.6615,2798986
2025-05-20T22:00:00Z,0.6615,0.6635,0.6493,0.6534,1574771
2025-05-20T23:00:00Z,0.6534,0.6624,0.6518,0.6605,1914127
2025-05-21T00:00:00Z,0.6604,0.6678,0.6583,0.6655,2080525
2025-05-21T01:00:00Z,0.6655,0.6780,0.6647,0.6713,2500523
2025-05-21T02:00:00Z,0.6713,0.6772,0.6635,0.6764,2059873
2025-05-21T03:00:00Z,0.6763,0.6804,0.6736,0.6770,1719004
2025-05-21T04:00:00Z,0.6770,0.6834,0.6737,0.6757,1539660
2025-05-21T05:00:00Z,0.6757,0.6803,0.6731,0.6789,1236525
2025-05-21T06:00:00Z,0.6789,0.6821,0.6740,0.6808,1397517
2025-05-21T07:00:00Z,0.6808,0.6820,0.6651,0.6696,2482852
2025-05-21T08:00:00Z,0.6696,0.6720,0.6644,0.6645,1239660
2025-05-21T09:00:00Z,0.6646,0.6659,0.6597,0.6616,2038034
2025-05-21T10:00:00Z,0.6615,0.6630,0.6567,0.6568,1946782
2025-05-21T11:00:00Z,0.6569,0.6716,0.6562,0.6682,2917038
2025-05-21T12:00:00Z,0.6682,0.6701,0.6628,0.6667,2156628
2025-05-21T13:00:00Z,0.6668,0.6702,0.6608,0.6674,1666639
2025-05-21T14:00:00Z,0.6674,0.6725,0.6622,0.6724,1941258
2025-05-21T15:00:00Z,0.6724,0.6749,0.6686,0.6725,2833583
2025-05-21T16:00:00Z,0.6726,0.6900,0.6715,0.6807,4112359
2025-05-21T17:00:00Z,0.6808,0.6837,0.6491,0.6544,8186667
2025-05-21T18:00:00Z,0.6546,0.6671,0.6512,0.6605,2996897
2025-05-21T19:00:00Z,0.6607,0.6751,0.6600,0.6735,2473872
2025-05-21T20:00:00Z,0.6734,0.6762,0.6694,0.6737,2178250
2025-05-21T21:00:00Z,0.6737,0.6758,0.6703,0.6715,1392129
2025-05-21T22:00:00Z,0.6715,0.6817,0.6712,0.6816,1136073
2025-05-21T23:00:00Z,0.6816,0.6904,0.6794,0.6802,3266904
2025-05-22T00:00:00Z,0.6802,0.6975,0.6793,0.6974,2191239
2025-05-22T01:00:00Z,0.6975,0.6994,0.6921,0.6927,2171243
2025-05-22T02:00:00Z,0.6927,0.6962,0.6907,0.6939,1496102
2025-05-22T03:00:00Z,0.6938,0.7007,0.6884,0.6964,2038554
2025-05-22T04:00:00Z,0.6963,0.6994,0.6922,0.6973,1574838
2025-05-22T05:00:00Z,0.6973,0.7007,0.6887,0.6890,1854884
2025-05-22T06:00:00Z,0.6890,0.6944,0.6886,0.6917,1623463
2025-05-22T07:00:00Z,0.6916,0.6961,0.6894,0.6939,1475136
2025-05-22T08:00:00Z,0.6940,0.7056,0.6927,0.7021,2052578
2025-05-22T09:00:00Z,0.7020,0.7089,0.7011,0.7079,1546562
2025-05-22T10:00:00Z,0.7079,0.7088,0.6986,0.7000,1406557
2025-05-22T11:00:00Z,0.7000,0.7021,0.6947,0.6989,1427794
2025-05-22T12:00:00Z,0.6989,0.7005,0.6951,0.6976,1335982
2025-05-22T13:00:00Z,0.6977,0.6984,0.6866,0.6918,1906413
2025-05-22T14:00:00Z,0.6920,0.7048,0.6915,0.7033,1899686
2025-05-22T15:00:00Z,0.7035,0.7095,0.7018,0.7038,2400552
2025-05-22T16:00:00Z,0.7038,0.7097,0.6995,0.7009,1870019
2025-05-22T17:00:00Z,0.7010,0.7063,0.6993,0.7026,1444343
2025-05-22T18:00:00Z,0.7025,0.7048,0.6991,0.7036,964310
2025-05-22T19:00:00Z,0.7037,0.7058,0.6963,0.6991,1190483
2025-05-22T20:00:00Z,0.6992,0.7045,0.6951,0.6962,1437173
2025-05-22T21:00:00Z,0.6962,0.6968,0.6911,0.6938,1437257
2025-05-22T22:00:00Z,0.6939,0.7032,0.6939,0.6985,1487432
2025-05-22T23:00:00Z,0.6986,0.7073,0.6986,0.7067,1160928
2025-05-23T00:00:00Z,0.7068,0.7085,0.7010,0.7033,1625204
2025-05-23T01:00:00Z,0.7033,0.7118,0.7010,0.7099,1896479
2025-05-23T02:00:00Z,0.7100,0.7195,0.7092,0.7140,1890168
2025-05-23T03:00:00Z,0.7140,0.7183,0.7118,0.7154,1062134
2025-05-23T04:00:00Z,0.7155,0.7155,0.7010,0.7040,1997928
2025-05-23T05:00:00Z,0.7039,0.7079,0.6996,0.7048,1430080
2025-05-23T06:00:00Z,0.7049,0.7058,0.6906,0.6923,3694918
2025-05-23T07:00:00Z,0.6922,0.6973,0.6886,0.6896,1390983
2025-05-23T08:00:00Z,0.6897,0.6993,0.6893,0.6979,1160964
2025-05-23T09:00:00Z,0.6979,0.7084,0.6972,0.7061,2067101
2025-05-23T10:00:00Z,0.7061,0.7065,0.6957,0.7009,1239312
2025-05-23T11:00:00Z,0.7009,0.7015,0.6617,0.6724,6903319
2025-05-23T12:00:00Z,0.6726,0.6734,0.6552,0.6674,7400364
2025-05-23T13:00:00Z,0.6674,0.6782,0.6637,0.6778,3826309
2025-05-23T14:00:00Z,0.6778,0.6815,0.6736,0.6757,1947826
2025-05-23T15:00:00Z,0.6757,0.6791,0.6701,0.6706,1576747
2025-05-23T16:00:00Z,0.6707,0.6749,0.6661,0.6743,2218774
2025-05-23T17:00:00Z,0.6743,0.6771,0.6713,0.6730,1125229
2025-05-23T18:00:00Z,0.6730,0.6746,0.6641,0.6654,1424266
2025-05-23T19:00:00Z,0.6653,0.6698,0.6635,0.6644,1161705
2025-05-23T20:00:00Z,0.6643,0.6645,0.6556,0.6561,1332019
2025-05-23T21:00:00Z,0.6560,0.6605,0.6524,0.6548,1502349
2025-05-23T22:00:00Z,0.6549,0.6589,0.6501,0.6501,1115588
2025-05-23T23:00:00Z,0.6501,0.6522,0.6382,0.6414,3169923
2025-05-24T00:00:00Z,0.6414,0.6472,0.6365,0.6397,1961408
2025-05-24T01:00:00Z,0.6396,0.6444,0.6381,0.6387,1364217
2025-05-24T02:00:00Z,0.6387,0.6512,0.6374,0.6507,1456003
2025-05-24T03:00:00Z,0.6507,0.6568,0.6495,0.6527,1346638
2025-05-24T04:00:00Z,0.6526,0.6544,0.6505,0.6522,795874
2025-05-24T05:00:00Z,0.6520,0.6523,0.6449,0.6482,1015135
2025-05-24T06:00:00Z,0.6481,0.6500,0.6440,0.6482,1118080
2025-05-24T07:00:00Z,0.6482,0.6513,0.6452,0.6468,826370
2025-05-24T08:00:00Z,0.6469,0.6486,0.6426,0.6459,1073999
2025-05-24T09:00:00Z,0.6459,0.6488,0.6429,0.6438,912081
2025-05-24T10:00:00Z,0.6440,0.6536,0.6416,0.6525,1678399
2025-05-24T11:00:00Z,0.6525,0.6554,0.6500,0.6507,1136202
2025-05-24T12:00:00Z,0.6508,0.6548,0.6462,0.6532,2646937
2025-05-24T13:00:00Z,0.6534,0.6537,0.6494,0.6502,802340
2025-05-24T14:00:00Z,0.6501,0.6567,0.6492,0.6556,919456
2025-05-24T15:00:00Z,0.6556,0.6577,0.6502,0.6531,1217687
2025-05-24T16:00:00Z,0.6531,0.6562,0.6487,0.6535,1827885
2025-05-24T17:00:00Z,0.6536,0.6576,0.6507,0.6513,1089047
2025-05-24T18:00:00Z,0.6512,0.6534,0.6463,0.6471,944482
2025-05-24T19:00:00Z,0.6470,0.6533,0.6463,0.6523,1266379
2025-05-24T20:00:00Z,0.6523,0.6541,0.6502,0.6509,644858
2025-05-24T21:00:00Z,0.6509,0.6509,0.6414,0.6441,1016660
2025-05-24T22:00:00Z,0.6442,0.6442,0.6341,0.6361,2570993
2025-05-24T23:00:00Z,0.6362,0.6411,0.6343,0.6385,1703259
2025-05-25T00:00:00Z,0.6386,0.6419,0.6280,0.6300,2083380
2025-05-25T01:00:00Z,0.6299,0.6335,0.6263,0.6301,1465073
2025-05-25T02:00:00Z,0.6302,0.6379,0.6259,0.6375,1595701
2025-05-25T03:00:00Z,0.6375,0.6443,0.6373,0.6432,1389228
2025-05-25T04:00:00Z,0.6432,0.6466,0.6404,0.6461,1134113
2025-05-25T05:00:00Z,0.6461,0.6485,0.6451,0.6471,819570
2025-05-25T06:00:00Z,0.6471,0.6480,0.6401,0.6417,1553947
2025-05-25T07:00:00Z,0.6417,0.6418,0.6346,0.6375,1986509
2025-05-25T08:00:00Z,0.6376,0.6377,0.6286,0.6312,1865673
2025-05-25T09:00:00Z,0.6311,0.6357,0.6299,0.6340,1651866
2025-05-25T10:00:00Z,0.6340,0.6355,0.6288,0.6291,953442
2025-05-25T11:00:00Z,0.6291,0.6306,0.6266,0.6293,1176897
2025-05-25T12:00:00Z,0.6292,0.6378,0.6246,0.6365,2177658
2025-05-25T13:00:00Z,0.6364,0.6401,0.6325,0.6358,1775138
2025-05-25T14:00:00Z,0.6359,0.6372,0.6302,0.6316,1146159
2025-05-25T15:00:00Z,0.6317,0.6336,0.6216,0.6310,3062744
2025-05-25T16:00:00Z,0.6309,0.6309,0.6242,0.6287,1550704
2025-05-25T17:00:00Z,0.6287,0.6317,0.6264,0.6294,1024607
2025-05-25T18:00:00Z,0.6295,0.6324,0.6280,0.6290,992895
2025-05-25T19:00:00Z,0.6289,0.6367,0.6281,0.6336,1162510
2025-05-25T20:00:00Z,0.6336,0.6339,0.6293,0.6310,705981
2025-05-25T21:00:00Z,0.6311,0.6342,0.6278,0.6283,974248
2025-05-25T22:00:00Z,0.6285,0.6479,0.6273,0.6478,2643456
2025-05-25T23:00:00Z,0.6478,0.6499,0.6425,0.6483,1502263
2025-05-26T00:00:00Z,0.6483,0.6535,0.6438,0.6535,1397143
2025-05-26T01:00:00Z,0.6534,0.6566,0.6509,0.6536,1186148
2025-05-26T02:00:00Z,0.6535,0.6537,0.6463,0.6479,949552
2025-05-26T03:00:00Z,0.6478,0.6600,0.6468,0.6595,1783342
2025-05-26T04:00:00Z,0.6596,0.6614,0.6578,0.6601,1045902
2025-05-26T05:00:00Z,0.6600,0.6604,0.6571,0.6599,852570
2025-05-26T06:00:00Z,0.6599,0.6630,0.6590,0.6621,811363
2025-05-26T07:00:00Z,0.6621,0.6662,0.6619,0.6657,1098579
2025-05-26T08:00:00Z,0.6658,0.6740,0.6655,0.6675,2239003
2025-05-26T09:00:00Z,0.6675,0.6720,0.6663,0.6696,2446882
2025-05-26T10:00:00Z,0.6695,0.6770,0.6672,0.6701,2459179
2025-05-26T11:00:00Z,0.6701,0.6704,0.6655,0.6683,1157534
2025-05-26T12:00:00Z,0.6684,0.6718,0.6652,0.6698,1198873
2025-05-26T13:00:00Z,0.6698,0.6717,0.6571,0.6581,3233532
2025-05-26T14:00:00Z,0.6581,0.6624,0.6561,0.6596,1649508
2025-05-26T15:00:00Z,0.6597,0.6698,0.6568,0.6644,1828285
2025-05-26T16:00:00Z,0.6644,0.6680,0.6563,0.6597,1719885
2025-05-26T17:00:00Z,0.6596,0.6625,0.6513,0.6532,1315889
2025-05-26T18:00:00Z,0.6531,0.6566,0.6512,0.6520,1012140
2025-05-26T19:00:00Z,0.6521,0.6551,0.6501,0.6535,819618
2025-05-26T20:00:00Z,0.6534,0.6590,0.6508,0.6589,947518
2025-05-26T21:00:00Z,0.6588,0.6610,0.6552,0.6563,877389
2025-05-26T22:00:00Z,0.6562,0.6601,0.6534,0.6535,790398
2025-05-26T23:00:00Z,0.6534,0.6581,0.6506,0.6581,828358
2025-05-27T00:00:00Z,0.6582,0.6633,0.6530,0.6536,1663962
2025-05-27T01:00:00Z,0.6537,0.6537,0.6392,0.6485,2654689
2025-05-27T02:00:00Z,0.6484,0.6613,0.6480,0.6599,1797679
2025-05-27T03:00:00Z,0.6599,0.6696,0.6599,0.6660,2044040
2025-05-27T04:00:00Z,0.6659,0.6779,0.6633,0.6759,3473735
2025-05-27T05:00:00Z,0.6759,0.6790,0.6688,0.6776,2881702
2025-05-27T06:00:00Z,0.6776,0.6866,0.6773,0.6789,3301249
2025-05-27T07:00:00Z,0.6790,0.6837,0.6782,0.6798,1530869
2025-05-27T08:00:00Z,0.6799,0.6893,0.6799,0.6889,2205817
2025-05-27T09:00:00Z,0.6889,0.6926,0.6878,0.6904,2349562
2025-05-27T10:00:00Z,0.6904,0.6926,0.6874,0.6915,1650745
2025-05-27T11:00:00Z,0.6915,0.6924,0.6830,0.6862,1875072
2025-05-27T12:00:00Z,0.6862,0.6915,0.6853,0.6909,1330288
2025-05-27T13:00:00Z,0.6910,0.6988,0.6886,0.6908,3817920
2025-05-27T14:00:00Z,0.6906,0.6927,0.6808,0.6858,3042446
2025-05-27T15:00:00Z,0.6858,0.6942,0.6842,0.6931,1566322
2025-05-27T16:00:00Z,0.6932,0.7039,0.6905,0.7021,3192367
2025-05-27T17:00:00Z,0.7020,0.7039,0.6975,0.6995,1828058
2025-05-27T18:00:00Z,0.6995,0.7038,0.6972,0.6994,1309330
2025-05-27T19:00:00Z,0.6993,0.7016,0.6972,0.6980,1198695
2025-05-27T20:00:00Z,0.6981,0.7049,0.6972,0.7027,1344454
2025-05-27T21:00:00Z,0.7027,0.7044,0.6966,0.6978,1045777
2025-05-27T22:00:00Z,0.6978,0.6999,0.6932,0.6936,1260689
2025-05-27T23:00:00Z,0.6935,0.7002,0.6922,0.6996,1281230
2025-05-28T00:00:00Z,0.6997,0.7056,0.6961,0.7051,2134875
2025-05-28T01:00:00Z,0.7050,0.7071,0.6988,0.7051,2064266
2025-05-28T02:00:00Z,0.7053,0.7068,0.7009,0.7024,1448358
2025-05-28T03:00:00Z,0.7024,0.7056,0.6984,0.7012,1219763
2025-05-28T04:00:00Z,0.7011,0.7063,0.6963,0.7052,1379266
2025-05-28T05:00:00Z,0.7051,0.7110,0.7024,0.7050,2244752
2025-05-28T06:00:00Z,0.7050,0.7050,0.6952,0.6971,1822264
2025-05-28T07:00:00Z,0.6972,0.7007,0.6906,0.6931,2208256
2025-05-28T08:00:00Z,0.6931,0.6952,0.6874,0.6931,1896858
2025-05-28T09:00:00Z,0.6931,0.6950,0.6898,0.6933,1601989
2025-05-28T10:00:00Z,0.6934,0.7010,0.6863,0.7005,2988477
2025-05-28T11:00:00Z,0.7006,0.7033,0.6989,0.7014,1272365
2025-05-28T12:00:00Z,0.7015,0.7109,0.6984,0.7043,2884401
2025-05-28T13:00:00Z,0.7043,0.7072,0.6961,0.6969,2995748
2025-05-28T14:00:00Z,0.6967,0.6985,0.6897,0.6947,2931731
2025-05-28T15:00:00Z,0.6946,0.7020,0.6888,0.6997,3275806
2025-05-28T16:00:00Z,0.6998,0.7070,0.6996,0.7051,2304226
2025-05-28T17:00:00Z,0.7052,0.7099,0.6991,0.7002,1889068
2025-05-28T18:00:00Z,0.7001,0.7058,0.6945,0.6947,2327315
2025-05-28T19:00:00Z,0.6947,0.6999,0.6893,0.6898,2390321
2025-05-28T20:00:00Z,0.6899,0.6986,0.6898,0.6971,1735348
2025-05-28T21:00:00Z,0.6971,0.7011,0.6943,0.7008,1321859
2025-05-28T22:00:00Z,0.7007,0.7033,0.6969,0.7020,1597151
2025-05-28T23:00:00Z,0.7020,0.7165,0.7009,0.7148,3931983
2025-05-29T00:00:00Z,0.7147,0.7277,0.7100,0.7262,4542711
2025-05-29T01:00:00Z,0.7262,0.7263,0.7157,0.7233,2204251
2025-05-29T02:00:00Z,0.7234,0.7359,0.7203,0.7343,2467864
2025-05-29T03:00:00Z,0.7344,0.7359,0.7286,0.7311,1675265
2025-05-29T04:00:00Z,0.7311,0.7328,0.7136,0.7224,3608782
2025-05-29T05:00:00Z,0.7225,0.7266,0.7194,0.7209,1449137
2025-05-29T06:00:00Z,0.7208,0.7283,0.7196,0.7222,1189359
2025-05-29T07:00:00Z,0.7221,0.7278,0.7178,0.7274,1563426
2025-05-29T08:00:00Z,0.7273,0.7354,0.7231,0.7327,3123178
2025-05-29T09:00:00Z,0.7328,0.7333,0.7271,0.7286,1828926
2025-05-29T10:00:00Z,0.7287,0.7294,0.7223,0.7248,1836686
2025-05-29T11:00:00Z,0.7249,0.7265,0.7202,0.7240,1563194
2025-05-29T12:00:00Z,0.7239,0.7242,0.7157,0.7191,2409657
2025-05-29T13:00:00Z,0.7191,0.7229,0.7063,0.7096,3309293
2025-05-29T14:00:00Z,0.7095,0.7207,0.7059,0.7200,3085413
2025-05-29T15:00:00Z,0.7200,0.7235,0.7177,0.7191,1867603
2025-05-29T16:00:00Z,0.7191,0.7211,0.7107,0.7119,2095592
2025-05-29T17:00:00Z,0.7118,0.7175,0.7095,0.7127,1818026
2025-05-29T18:00:00Z,0.7128,0.7154,0.7009,0.7015,2178711
2025-05-29T19:00:00Z,0.7014,0.7036,0.6933,0.6941,3170565
2025-05-29T20:00:00Z,0.6941,0.7007,0.6936,0.6940,2029928
2025-05-29T21:00:00Z,0.6939,0.7036,0.6925,0.7031,1074515
2025-05-29T22:00:00Z,0.7032,0.7043,0.6950,0.6952,1268673
2025-05-29T23:00:00Z,0.6953,0.6968,0.6893,0.6925,2021701
2025-05-30T00:00:00Z,0.6924,0.6982,0.6645,0.6715,5928709
2025-05-30T01:00:00Z,0.6716,0.6842,0.6699,0.6787,3218676
2025-05-30T02:00:00Z,0.6786,0.6878,0.6764,0.6853,2336562
2025-05-30T03:00:00Z,0.6853,0.6917,0.6844,0.6870,3105671
2025-05-30T04:00:00Z,0.6871,0.6972,0.6861,0.6916,1965404
2025-05-30T05:00:00Z,0.6917,0.6954,0.6852,0.6877,1978858
2025-05-30T06:00:00Z,0.6877,0.6878,0.6758,0.6799,2551763
2025-05-30T07:00:00Z,0.6799,0.6962,0.6799,0.6920,3034326
2025-05-30T08:00:00Z,0.6920,0.6940,0.6848,0.6874,2206914
2025-05-30T09:00:00Z,0.6874,0.6921,0.6826,0.6884,2140099
2025-05-30T10:00:00Z,0.6883,0.6903,0.6808,0.6823,1733661
2025-05-30T11:00:00Z,0.6821,0.6898,0.6788,0.6872,1521910
2025-05-30T12:00:00Z,0.6873,0.6896,0.6778,0.6847,3093813
2025-05-30T13:00:00Z,0.6847,0.6865,0.6731,0.6758,2451973
2025-05-30T14:00:00Z,0.6759,0.6803,0.6720,0.6780,1656457
2025-05-30T15:00:00Z,0.6779,0.6811,0.6741,0.6744,1461752
2025-05-30T16:00:00Z,0.6745,0.6777,0.6606,0.6659,4574243
2025-05-30T17:00:00Z,0.6659,0.6722,0.6610,0.6656,2762428
2025-05-30T18:00:00Z,0.6656,0.6728,0.6620,0.6718,1479739
2025-05-30T19:00:00Z,0.6717,0.6731,0.6666,0.6674,1025004
2025-05-30T20:00:00Z,0.6674,0.6730,0.6648,0.6648,1252762
2025-05-30T21:00:00Z,0.6648,0.6692,0.6582,0.6596,1828849
2025-05-30T22:00:00Z,0.6596,0.6605,0.6425,0.6428,3454787
2025-05-30T23:00:00Z,0.6428,0.6460,0.6358,0.6382,2862222
2025-05-31T00:00:00Z,0.6383,0.6396,0.6030,0.6044,8188709
2025-05-31T01:00:00Z,0.6044,0.6112,0.5933,0.6019,5326449
2025-05-31T02:00:00Z,0.6017,0.6076,0.5972,0.6010,3393460
2025-05-31T03:00:00Z,0.6011,0.6022,0.5937,0.5968,2831436
2025-05-31T04:00:00Z,0.5968,0.6038,0.5925,0.6035,2333381
2025-05-31T05:00:00Z,0.6034,0.6087,0.5986,0.6041,2569056
2025-05-31T06:00:00Z,0.6042,0.6122,0.6034,0.6082,2153044
2025-05-31T07:00:00Z,0.6082,0.6148,0.6052,0.6138,2234346
2025-05-31T08:00:00Z,0.6138,0.6149,0.6025,0.6029,2338219
2025-05-31T09:00:00Z,0.6030,0.6053,0.5998,0.6014,1481523
2025-05-31T10:00:00Z,0.6014,0.6060,0.5951,0.5985,2006274
2025-05-31T11:00:00Z,0.5985,0.6002,0.5952,0.5977,1397721
2025-05-31T12:00:00Z,0.5976,0.6055,0.5964,0.6054,1641238
2025-05-31T13:00:00Z,0.6054,0.6125,0.5993,0.6004,2418435
2025-05-31T14:00:00Z,0.6003,0.6053,0.5994,0.6051,1863114
2025-05-31T15:00:00Z,0.6050,0.6075,0.5987,0.5997,3316947
2025-05-31T16:00:00Z,0.5996,0.6095,0.5986,0.6049,2515562
2025-05-31T17:00:00Z,0.6049,0.6065,0.5995,0.5999,1755369
2025-05-31T18:00:00Z,0.5998,0.6093,0.5993,0.6080,1516663
2025-05-31T19:00:00Z,0.6081,0.6101,0.6066,0.6085,928675
2025-05-31T20:00:00Z,0.6084,0.6168,0.6062,0.6166,2025487
2025-05-31T21:00:00Z,0.6167,0.6232,0.6163,0.6171,1882993
2025-05-31T22:00:00Z,0.6172,0.6182,0.6098,0.6120,1714741
2025-05-31T23:00:00Z,0.6119,0.6154,0.6103,0.6148,1563527
2025-06-01T00:00:00Z,0.6149,0.6153,0.6049,0.6122,2449247
2025-06-01T01:00:00Z,0.6122,0.6162,0.6056,0.6068,1201482
2025-06-01T02:00:00Z,0.6067,0.6105,0.5991,0.6098,2459048
2025-06-01T03:00:00Z,0.6099,0.6134,0.6065,0.6132,2015071
2025-06-01T04:00:00Z,0.6132,0.6220,0.6099,0.6202,2399612
2025-06-01T05:00:00Z,0.6201,0.6219,0.6156,0.6217,1105434
2025-06-01T06:00:00Z,0.6217,0.6296,0.6201,0.6245,4909570
2025-06-01T07:00:00Z,0.6244,0.6244,0.6182,0.6205,1616545
2025-06-01T08:00:00Z,0.6204,0.6269,0.6182,0.6254,2113704
2025-06-01T09:00:00Z,0.6256,0.6278,0.6170,0.6222,3593306
2025-06-01T10:00:00Z,0.6222,0.6253,0.6155,0.6205,2160866
2025-06-01T11:00:00Z,0.6205,0.6269,0.6182,0.6219,1027709
2025-06-01T12:00:00Z,0.6219,0.6251,0.6182,0.6222,1351953
2025-06-01T13:00:00Z,0.6223,0.6333,0.6215,0.6239,3027711
2025-06-01T14:00:00Z,0.6239,0.6411,0.6238,0.6374,3849856
2025-06-01T15:00:00Z,0.6375,0.6391,0.6334,0.6362,2758668
2025-06-01T16:00:00Z,0.6360,0.6429,0.6356,0.6374,2118938
2025-06-01T17:00:00Z,0.6375,0.6383,0.6305,0.6363,2971953
2025-06-01T18:00:00Z,0.6364,0.6417,0.6286,0.6325,3015048
2025-06-01T19:00:00Z,0.6326,0.6357,0.6299,0.6317,1084066
2025-06-01T20:00:00Z,0.6317,0.6368,0.6304,0.6342,1011754
2025-06-01T21:00:00Z,0.6341,0.6391,0.6331,0.6389,578545
2025-06-01T22:00:00Z,0.6390,0.6423,0.6365,0.6373,1237497
2025-06-01T23:00:00Z,0.6372,0.6467,0.6369,0.6467,1801359
2025-06-02T00:00:00Z,0.6467,0.6495,0.6427,0.6443,2196997
2025-06-02T01:00:00Z,0.6442,0.6493,0.6426,0.6437,1416999
2025-06-02T02:00:00Z,0.6438,0.6444,0.6334,0.6346,2215395
2025-06-02T03:00:00Z,0.6346,0.6353,0.6288,0.6314,1462028
2025-06-02T04:00:00Z,0.6314,0.6347,0.6294,0.6301,824027
2025-06-02T05:00:00Z,0.6302,0.6331,0.6252,0.6292,1080921
2025-06-02T06:00:00Z,0.6292,0.6385,0.6269,0.6366,1473561
2025-06-02T07:00:00Z,0.6366,0.6473,0.6366,0.6420,2673075
2025-06-02T08:00:00Z,0.6419,0.6450,0.6382,0.6406,1516921
2025-06-02T09:00:00Z,0.6406,0.6406,0.6334,0.6363,1657977
2025-06-02T10:00:00Z,0.6362,0.6375,0.6275,0.6316,2360794
2025-06-02T11:00:00Z,0.6316,0.6350,0.6301,0.6343,1216216
2025-06-02T12:00:00Z,0.6344,0.6460,0.6334,0.6444,2788414
2025-06-02T13:00:00Z,0.6443,0.6479,0.6393,0.6413,2051848
2025-06-02T14:00:00Z,0.6412,0.6626,0.6382,0.6607,7116862
2025-06-02T15:00:00Z,0.6608,0.6651,0.6570,0.6597,2842162
2025-06-02T16:00:00Z,0.6596,0.6609,0.6531,0.6578,2347176
2025-06-02T17:00:00Z,0.6579,0.6657,0.6571,0.6645,1827979
2025-06-02T18:00:00Z,0.6645,0.6768,0.6644,0.6712,5493267
2025-06-02T19:00:00Z,0.6712,0.6812,0.6654,0.6705,7472676
2025-06-02T20:00:00Z,0.6705,0.6922,0.6705,0.6897,7709144
2025-06-02T21:00:00Z,0.6897,0.6977,0.6885,0.6964,5575209
2025-06-02T22:00:00Z,0.6963,0.7042,0.6956,0.7031,4528861
2025-06-02T23:00:00Z,0.7032,0.7120,0.7004,0.7042,4677867
2025-06-03T00:00:00Z,0.7042,0.7142,0.7027,0.7050,4451932
2025-06-03T01:00:00Z,0.7050,0.7123,0.7036,0.7090,2312175
2025-06-03T02:00:00Z,0.7090,0.7110,0.6937,0.6966,3920487
2025-06-03T03:00:00Z,0.6967,0.6993,0.6904,0.6911,2460209
2025-06-03T04:00:00Z,0.6910,0.6970,0.6882,0.6962,2245691
2025-06-03T05:00:00Z,0.6962,0.6991,0.6857,0.6890,2362911
2025-06-03T06:00:00Z,0.6889,0.6892,0.6810,0.6833,2286746
2025-06-03T07:00:00Z,0.6834,0.6849,0.6782,0.6790,2192636
2025-06-03T08:00:00Z,0.6789,0.6819,0.6755,0.6807,2175645
2025-06-03T09:00:00Z,0.6806,0.6882,0.6787,0.6874,2350059
2025-06-03T10:00:00Z,0.6874,0.6906,0.6862,0.6870,2122870
2025-06-03T11:00:00Z,0.6870,0.6873,0.6807,0.6841,1921360
2025-06-03T12:00:00Z,0.6842,0.6946,0.6826,0.6934,2486379
2025-06-03T13:00:00Z,0.6935,0.6981,0.6912,0.6972,2794324
2025-06-03T14:00:00Z,0.6973,0.6984,0.6921,0.6957,2262034
2025-06-03T15:00:00Z,0.6956,0.7014,0.6931,0.6976,1896207
2025-06-03T16:00:00Z,0.6976,0.7003,0.6942,0.6947,1871884
2025-06-03T17:00:00Z,0.6946,0.7048,0.6940,0.7039,2243640
2025-06-03T18:00:00Z,0.7039,0.7046,0.6973,0.7001,1341910
2025-06-03T19:00:00Z,0.7001,0.7041,0.6983,0.7005,1074060
2025-06-03T20:00:00Z,0.7004,0.7005,0.6881,0.6894,2974809
2025-06-03T21:00:00Z,0.6893,0.6900,0.6826,0.6872,2479570
2025-06-03T22:00:00Z,0.6873,0.6901,0.6863,0.6889,1127958
2025-06-03T23:00:00Z,0.6890,0.6897,0.6822,0.6828,1496782
2025-06-04T00:00:00Z,0.6828,0.6931,0.6819,0.6923,1724429
2025-06-04T01:00:00Z,0.6924,0.6997,0.6913,0.6986,1951050
2025-06-04T02:00:00Z,0.6987,0.7102,0.6987,0.7096,2898632
2025-06-04T03:00:00Z,0.7096,0.7191,0.7051,0.7172,3211782
2025-06-04T04:00:00Z,0.7173,0.7233,0.7138,0.7230,3313279
2025-06-04T05:00:00Z,0.7230,0.7337,0.7216,0.7321,5386300
2025-06-04T06:00:00Z,0.7321,0.7475,0.7305,0.7447,9330828
2025-06-04T07:00:00Z,0.7449,0.7595,0.7432,0.7576,8727643
2025-06-04T08:00:00Z,0.7577,0.7856,0.7552,0.7718,23311133
2025-06-04T09:00:00Z,0.7718,0.7737,0.7502,0.7631,17238565
2025-06-04T10:00:00Z,0.7630,0.7671,0.7558,0.7611,6992969
2025-06-04T11:00:00Z,0.7610,0.7610,0.7440,0.7462,7912473
2025-06-04T12:00:00Z,0.7461,0.7575,0.7457,0.7486,6462617
2025-06-04T13:00:00Z,0.7485,0.7496,0.7353,0.7385,7587469
2025-06-04T14:00:00Z,0.7383,0.7532,0.7327,0.7512,7766843
2025-06-04T15:00:00Z,0.7514,0.7614,0.7432,0.7448,7631494
2025-06-04T16:00:00Z,0.7447,0.7456,0.7247,0.7332,9365859
2025-06-04T17:00:00Z,0.7331,0.7367,0.7216,0.7255,4281523
2025-06-04T18:00:00Z,0.7256,0.7278,0.7189,0.7191,2513375
2025-06-04T19:00:00Z,0.7191,0.7252,0.7175,0.7216,2985023
2025-06-04T20:00:00Z,0.7216,0.7236,0.7125,0.7198,4266427
2025-06-04T21:00:00Z,0.7197,0.7248,0.7141,0.7196,2966683
2025-06-04T22:00:00Z,0.7195,0.7229,0.7155,0.7165,2465172
2025-06-04T23:00:00Z,0.7166,0.7263,0.7154,0.7262,3132378
2025-06-05T00:00:00Z,0.7263,0.7372,0.7245,0.7293,6353557
2025-06-05T01:00:00Z,0.7293,0.7342,0.7211,0.7290,3154526
2025-06-05T02:00:00Z,0.7292,0.7312,0.7185,0.7196,2312985
2025-06-05T03:00:00Z,0.7198,0.7250,0.7179,0.7210,1724374
2025-06-05T04:00:00Z,0.7210,0.7233,0.7159,0.7210,1863165
2025-06-05T05:00:00Z,0.7210,0.7219,0.7097,0.7133,3556631
2025-06-05T06:00:00Z,0.7135,0.7162,0.7061,0.7075,2778044
2025-06-05T07:00:00Z,0.7076,0.7156,0.7036,0.7055,2960013
2025-06-05T08:00:00Z,0.7054,0.7095,0.7028,0.7043,2478575
2025-06-05T09:00:00Z,0.7041,0.7104,0.7032,0.7099,2907928
2025-06-05T10:00:00Z,0.7099,0.7099,0.7005,0.7037,2019431
2025-06-05T11:00:00Z,0.7038,0.7060,0.6983,0.7037,2153960
2025-06-05T12:00:00Z,0.7037,0.7148,0.7015,0.7120,3014706
2025-06-05T13:00:00Z,0.7121,0.7147,0.6981,0.6985,3643801
2025-06-05T14:00:00Z,0.6985,0.7040,0.6903,0.6992,4861511
2025-06-05T15:00:00Z,0.6991,0.7030,0.6951,0.6954,1560056
2025-06-05T16:00:00Z,0.6955,0.6961,0.6860,0.6926,3742423
2025-06-05T17:00:00Z,0.6927,0.7039,0.6903,0.6922,4379463
2025-06-05T18:00:00Z,0.6921,0.6947,0.6876,0.6914,3947178
2025-06-05T19:00:00Z,0.6915,0.6931,0.6809,0.6861,6099415
2025-06-05T20:00:00Z,0.6862,0.6862,0.6631,0.6654,8780688
2025-06-05T21:00:00Z,0.6654,0.6744,0.6652,0.6692,4281770
2025-06-05T22:00:00Z,0.6692,0.6692,0.6606,0.6631,3057809
2025-06-05T23:00:00Z,0.6630,0.6664,0.6612,0.6640,2135489
2025-06-06T00:00:00Z,0.6641,0.6769,0.6581,0.6758,3378812
2025-06-06T01:00:00Z,0.6757,0.6810,0.6706,0.6774,3178125
2025-06-06T02:00:00Z,0.6773,0.6857,0.6711,0.6850,2221930
2025-06-06T03:00:00Z,0.6851,0.7036,0.6840,0.7017,4370490
2025-06-06T04:00:00Z,0.7017,0.7107,0.6965,0.7071,4590028
2025-06-06T05:00:00Z,0.7070,0.7251,0.7067,0.7244,5189538
2025-06-06T06:00:00Z,0.7244,0.7333,0.7175,0.7326,7462421
2025-06-06T07:00:00Z,0.7326,0.7472,0.7266,0.7439,11431179
2025-06-06T08:00:00Z,0.7439,0.7464,0.7238,0.7286,11980172
2025-06-06T09:00:00Z,0.7286,0.7437,0.7283,0.7354,4874359
2025-06-06T10:00:00Z,0.7355,0.7399,0.7250,0.7293,4145695
2025-06-06T11:00:00Z,0.7293,0.7330,0.7201,0.7231,3880387
2025-06-06T12:00:00Z,0.7230,0.7378,0.7174,0.7340,5735718
2025-06-06T13:00:00Z,0.7340,0.7343,0.7214,0.7253,4203728
2025-06-06T14:00:00Z,0.7253,0.7285,0.7145,0.7211,4529294
2025-06-06T15:00:00Z,0.7210,0.7225,0.7001,0.7083,7720751
2025-06-06T16:00:00Z,0.7082,0.7105,0.6960,0.6967,3378190
2025-06-06T17:00:00Z,0.6967,0.6972,0.6833,0.6910,4946373
2025-06-06T18:00:00Z,0.6910,0.6938,0.6846,0.6865,3049974
2025-06-06T19:00:00Z,0.6866,0.6886,0.6829,0.6854,1697256
2025-06-06T20:00:00Z,0.6854,0.6886,0.6807,0.6809,2606078
2025-06-06T21:00:00Z,0.6810,0.6835,0.6793,0.6809,1596138
2025-06-06T22:00:00Z,0.6809,0.6891,0.6777,0.6842,3312951
2025-06-06T23:00:00Z,0.6840,0.6860,0.6793,0.6812,2397685
2025-06-07T00:00:00Z,0.6812,0.6917,0.6811,0.6914,2591640
2025-06-07T01:00:00Z,0.6913,0.6933,0.6801,0.6826,2912526
2025-06-07T02:00:00Z,0.6825,0.6907,0.6799,0.6902,2017247
2025-06-07T03:00:00Z,0.6901,0.6942,0.6885,0.6894,1902252
2025-06-07T04:00:00Z,0.6892,0.6920,0.6848,0.6866,1667162
2025-06-07T05:00:00Z,0.6866,0.6916,0.6853,0.6912,1720750
2025-06-07T06:00:00Z,0.6911,0.6951,0.6889,0.6935,2329680
2025-06-07T07:00:00Z,0.6934,0.6954,0.6893,0.6928,1521921
2025-06-07T08:00:00Z,0.6929,0.6954,0.6894,0.6905,1794703
2025-06-07T09:00:00Z,0.6906,0.6935,0.6825,0.6869,3110213
2025-06-07T10:00:00Z,0.6868,0.7079,0.6867,0.7049,5623830
2025-06-07T11:00:00Z,0.7048,0.7129,0.6985,0.7112,4971703
2025-06-07T12:00:00Z,0.7113,0.7195,0.7069,0.7137,3168311
2025-06-07T13:00:00Z,0.7138,0.7146,0.7015,0.7059,3260485
2025-06-07T14:00:00Z,0.7058,0.7137,0.7037,0.7083,2536360
2025-06-07T15:00:00Z,0.7084,0.7087,0.6982,0.7035,2604598
2025-06-07T16:00:00Z,0.7035,0.7087,0.7011,0.7024,2218314
2025-06-07T17:00:00Z,0.7025,0.7029,0.6924,0.6931,2668536
2025-06-07T18:00:00Z,0.6932,0.6980,0.6923,0.6956,1773118
2025-06-07T19:00:00Z,0.6956,0.6966,0.6906,0.6908,1061934
2025-06-07T20:00:00Z,0.6907,0.6955,0.6905,0.6920,1160922
2025-06-07T21:00:00Z,0.6921,0.7022,0.6918,0.6985,1368930
2025-06-07T22:00:00Z,0.6985,0.7006,0.6950,0.6973,1199023
2025-06-07T23:00:00Z,0.6972,0.6979,0.6928,0.6956,1204080
2025-06-08T00:00:00Z,0.6956,0.6994,0.6924,0.6943,2083430
2025-06-08T01:00:00Z,0.6944,0.6979,0.6938,0.6976,1038980
2025-06-08T02:00:00Z,0.6976,0.7035,0.6945,0.7010,2058481
2025-06-08T03:00:00Z,0.7009,0.7057,0.6966,0.7029,1479269
2025-06-08T04:00:00Z,0.7029,0.7065,0.6993,0.7052,1398485
2025-06-08T05:00:00Z,0.7051,0.7060,0.7013,0.7042,1224187
2025-06-08T06:00:00Z,0.7042,0.7126,0.7031,0.7104,2678858
2025-06-08T07:00:00Z,0.7104,0.7154,0.7031,0.7060,3530695
2025-06-08T08:00:00Z,0.7060,0.7101,0.7040,0.7070,1757283
2025-06-08T09:00:00Z,0.7071,0.7074,0.6962,0.7060,3543554
2025-06-08T10:00:00Z,0.7059,0.7059,0.6947,0.6972,3149073
2025-06-08T11:00:00Z,0.6972,0.7093,0.6965,0.7080,2367447
2025-06-08T12:00:00Z,0.7080,0.7124,0.7053,0.7121,2677627
2025-06-08T13:00:00Z,0.7120,0.7133,0.7007,0.7010,3297549
2025-06-08T14:00:00Z,0.7010,0.7025,0.6960,0.7000,2848793
2025-06-08T15:00:00Z,0.7001,0.7050,0.6995,0.7013,1537671
2025-06-08T16:00:00Z,0.7014,0.7074,0.7006,0.7032,1509497
2025-06-08T17:00:00Z,0.7030,0.7056,0.6985,0.6989,1301656
2025-06-08T18:00:00Z,0.6990,0.7038,0.6981,0.7025,954419
2025-06-08T19:00:00Z,0.7026,0.7058,0.6998,0.7034,1431933
2025-06-08T20:00:00Z,0.7032,0.7063,0.7020,0.7043,1122429
2025-06-08T21:00:00Z,0.7044,0.7109,0.7043,0.7049,1511592
2025-06-08T22:00:00Z,0.7049,0.7055,0.6973,0.7002,1960490
2025-06-08T23:00:00Z,0.7001,0.7074,0.6980,0.7073,1399105
2025-06-09T00:00:00Z,0.7073,0.7106,0.7015,0.7104,2249985
2025-06-09T01:00:00Z,0.7104,0.7134,0.7060,0.7080,2273073
2025-06-09T02:00:00Z,0.7080,0.7157,0.7076,0.7093,2009435
2025-06-09T03:00:00Z,0.7092,0.7152,0.7051,0.7150,1773719
2025-06-09T04:00:00Z,0.7150,0.7189,0.6831,0.6939,11733133
2025-06-09T05:00:00Z,0.6939,0.6944,0.6846,0.6851,2605369
2025-06-09T06:00:00Z,0.6852,0.6920,0.6782,0.6907,3298857
2025-06-09T07:00:00Z,0.6907,0.6917,0.6853,0.6880,1378873
2025-06-09T08:00:00Z,0.6880,0.6962,0.6829,0.6955,2705695
2025-06-09T09:00:00Z,0.6956,0.6995,0.6915,0.6967,2687123
2025-06-09T10:00:00Z,0.6968,0.7033,0.6942,0.7031,2880579
2025-06-09T11:00:00Z,0.7032,0.7050,0.7009,0.7036,2368013
2025-06-09T12:00:00Z,0.7036,0.7170,0.7004,0.7140,3837904
2025-06-09T13:00:00Z,0.7140,0.7169,0.7034,0.7040,3660702
2025-06-09T14:00:00Z,0.7040,0.7147,0.7040,0.7109,2880116
2025-06-09T15:00:00Z,0.7110,0.7196,0.7109,0.7142,2734071
2025-06-09T16:00:00Z,0.7143,0.7231,0.7143,0.7180,2552109
2025-06-09T17:00:00Z,0.7179,0.7249,0.7162,0.7172,3085739
2025-06-09T18:00:00Z,0.7172,0.7198,0.7115,0.7154,2873215
2025-06-09T19:00:00Z,0.7155,0.7164,0.7066,0.7082,2245838
2025-06-09T20:00:00Z,0.7082,0.7231,0.7082,0.7142,5913658
2025-06-09T21:00:00Z,0.7143,0.7248,0.7143,0.7246,3217205
2025-06-09T22:00:00Z,0.7247,0.7307,0.7244,0.7304,2060847
2025-06-09T23:00:00Z,0.7304,0.7310,0.7219,0.7265,2713256
2025-06-10T00:00:00Z,0.7266,0.7377,0.7235,0.7293,4409229
2025-06-10T01:00:00Z,0.7293,0.7352,0.7263,0.7277,3639505
2025-06-10T02:00:00Z,0.7277,0.7283,0.7242,0.7280,1557570
2025-06-10T03:00:00Z,0.7281,0.7289,0.7221,0.7261,2375122
2025-06-10T04:00:00Z,0.7261,0.7270,0.7165,0.7188,2403367
2025-06-10T05:00:00Z,0.7188,0.7239,0.7126,0.7157,2583136
2025-06-10T06:00:00Z,0.7158,0.7234,0.7111,0.7218,2916236
2025-06-10T07:00:00Z,0.7218,0.7258,0.7186,0.7219,1655400
2025-06-10T08:00:00Z,0.7220,0.7245,0.7172,0.7189,1352248
2025-06-10T09:00:00Z,0.7190,0.7270,0.7184,0.7267,1111817
2025-06-10T10:00:00Z,0.7267,0.7269,0.7209,0.7246,1215834
2025-06-10T11:00:00Z,0.7246,0.7383,0.7212,0.7378,4465280
2025-06-10T12:00:00Z,0.7379,0.7418,0.7335,0.7386,3895096
2025-06-10T13:00:00Z,0.7386,0.7386,0.7165,0.7228,6597269
2025-06-10T14:00:00Z,0.7228,0.7273,0.7182,0.7223,3779169
2025-06-10T15:00:00Z,0.7222,0.7289,0.7170,0.7273,3492792
2025-06-10T16:00:00Z,0.7273,0.7310,0.7249,0.7265,1870976
2025-06-10T17:00:00Z,0.7264,0.7305,0.7233,0.7247,1048167
2025-06-10T18:00:00Z,0.7248,0.7345,0.7236,0.7329,1641697
2025-06-10T19:00:00Z,0.7330,0.7371,0.7280,0.7308,2178584
2025-06-10T20:00:00Z,0.7309,0.7313,0.7267,0.7312,1055967
2025-06-10T21:00:00Z,0.7313,0.7347,0.7265,0.7300,1427204
2025-06-10T22:00:00Z,0.7300,0.7403,0.7295,0.7381,1947056
2025-06-10T23:00:00Z,0.7382,0.7402,0.7340,0.7399,991415
2025-06-11T00:00:00Z,0.7399,0.7403,0.7316,0.7326,2144738
2025-06-11T01:00:00Z,0.7326,0.7337,0.7275,0.7315,1792588
2025-06-11T02:00:00Z,0.7314,0.7386,0.7298,0.7373,1184195
2025-06-11T03:00:00Z,0.7373,0.7405,0.7343,0.7355,1802012
2025-06-11T04:00:00Z,0.7355,0.7366,0.7294,0.7295,1303287
2025-06-11T05:00:00Z,0.7297,0.7299,0.7223,0.7250,1402344
2025-06-11T06:00:00Z,0.7250,0.7306,0.7231,0.7248,1903552
2025-06-11T07:00:00Z,0.7249,0.7297,0.7233,0.7235,1098877
2025-06-11T08:00:00Z,0.7236,0.7269,0.7202,0.7206,1209214
2025-06-11T09:00:00Z,0.7206,0.7248,0.7155,0.7169,1964346
2025-06-11T10:00:00Z,0.7170,0.7198,0.7152,0.7189,1405215
2025-06-11T11:00:00Z,0.7189,0.7226,0.7158,0.7204,1091232
2025-06-11T12:00:00Z,0.7204,0.7316,0.7176,0.7276,3747058
2025-06-11T13:00:00Z,0.7276,0.7306,0.7232,0.7249,2238263
2025-06-11T14:00:00Z,0.7250,0.7336,0.7229,0.7323,2021675
2025-06-11T15:00:00Z,0.7323,0.7374,0.7308,0.7350,2027822
2025-06-11T16:00:00Z,0.7351,0.7366,0.7299,0.7347,1467787
2025-06-11T17:00:00Z,0.7346,0.7354,0.7253,0.7260,2405918
2025-06-11T18:00:00Z,0.7260,0.7303,0.7223,0.7257,2086977
2025-06-11T19:00:00Z,0.7257,0.7274,0.7190,0.7211,1787935
2025-06-11T20:00:00Z,0.7210,0.7262,0.7178,0.7244,1184759
2025-06-11T21:00:00Z,0.7246,0.7280,0.7106,0.7119,1900150
2025-06-11T22:00:00Z,0.7118,0.7135,0.7034,0.7083,2647849
2025-06-11T23:00:00Z,0.7083,0.7131,0.7078,0.7118,803316
2025-06-12T00:00:00Z,0.7118,0.7125,0.7055,0.7114,1292710
2025-06-12T01:00:00Z,0.7113,0.7122,0.7064,0.7120,1564678
2025-06-12T02:00:00Z,0.7120,0.7175,0.7108,0.7171,1803550
2025-06-12T03:00:00Z,0.7171,0.7252,0.7109,0.7207,2393678
2025-06-12T04:00:00Z,0.7207,0.7228,0.7141,0.7225,2238666
2025-06-12T05:00:00Z,0.7225,0.7266,0.7195,0.7215,1856052
2025-06-12T06:00:00Z,0.7216,0.7266,0.7169,0.7210,2004517
2025-06-12T07:00:00Z,0.7209,0.7277,0.7202,0.7231,1882318
2025-06-12T08:00:00Z,0.7230,0.7232,0.7089,0.7112,3966865
2025-06-12T09:00:00Z,0.7111,0.7160,0.7069,0.7101,2331719
2025-06-12T10:00:00Z,0.7101,0.7107,0.7005,0.7030,2308263
2025-06-12T11:00:00Z,0.7029,0.7044,0.6957,0.6964,2211397
2025-06-12T12:00:00Z,0.6965,0.7077,0.6945,0.7036,2807573
2025-06-12T13:00:00Z,0.7035,0.7104,0.7024,0.7069,3339470
2025-06-12T14:00:00Z,0.7070,0.7125,0.7062,0.7086,1265864
2025-06-12T15:00:00Z,0.7087,0.7101,0.6966,0.6979,1961455
2025-06-12T16:00:00Z,0.6980,0.7057,0.6972,0.7044,1440672
2025-06-12T17:00:00Z,0.7044,0.7124,0.7042,0.7089,1646783
2025-06-12T18:00:00Z,0.7089,0.7091,0.6972,0.7001,2136753
2025-06-12T19:00:00Z,0.7000,0.7013,0.6908,0.6937,2302447
2025-06-12T20:00:00Z,0.6936,0.6976,0.6851,0.6888,3237421
2025-06-12T21:00:00Z,0.6888,0.6962,0.6879,0.6884,1378927
2025-06-12T22:00:00Z,0.6884,0.6914,0.6854,0.6875,1474143
2025-06-12T23:00:00Z,0.6875,0.6937,0.6869,0.6885,840715
2025-06-13T00:00:00Z,0.6886,0.6889,0.6533,0.6671,11051912
2025-06-13T01:00:00Z,0.6670,0.6679,0.6552,0.6611,4367684
2025-06-13T02:00:00Z,0.6611,0.6687,0.6564,0.6681,2389955
2025-06-13T03:00:00Z,0.6682,0.6763,0.6674,0.6702,2871862
2025-06-13T04:00:00Z,0.6701,0.6701,0.6630,0.6661,1460467
2025-06-13T05:00:00Z,0.6661,0.6692,0.6651,0.6663,1107353
2025-06-13T06:00:00Z,0.6663,0.6691,0.6581,0.6691,2091153
2025-06-13T07:00:00Z,0.6690,0.6700,0.6651,0.6657,1050393
2025-06-13T08:00:00Z,0.6658,0.6721,0.6652,0.6696,2332063
2025-06-13T09:00:00Z,0.6696,0.6718,0.6646,0.6682,1707731
2025-06-13T10:00:00Z,0.6682,0.6694,0.6637,0.6669,1128495
2025-06-13T11:00:00Z,0.6669,0.6699,0.6636,0.6679,1437440
2025-06-13T12:00:00Z,0.6679,0.6718,0.6373,0.6391,10629166
2025-06-13T13:00:00Z,0.6392,0.6538,0.6274,0.6488,10107192
2025-06-13T14:00:00Z,0.6490,0.6589,0.6462,0.6581,2622994
2025-06-13T15:00:00Z,0.6581,0.6680,0.6552,0.6635,3195474
2025-06-13T16:00:00Z,0.6635,0.6704,0.6603,0.6691,2444219
2025-06-13T17:00:00Z,0.6690,0.6697,0.6526,0.6660,7828696
2025-06-13T18:00:00Z,0.6659,0.6678,0.6543,0.6558,4747389
2025-06-13T19:00:00Z,0.6557,0.6590,0.6513,0.6552,1998319
2025-06-13T20:00:00Z,0.6552,0.6662,0.6548,0.6652,2064363
2025-06-13T21:00:00Z,0.6653,0.6694,0.6618,0.6687,1200943
2025-06-13T22:00:00Z,0.6687,0.6749,0.6687,0.6719,1257335
2025-06-13T23:00:00Z,0.6719,0.6742,0.6708,0.6724,1031440
2025-06-14T00:00:00Z,0.6725,0.6757,0.6685,0.6713,1699637
2025-06-14T01:00:00Z,0.6713,0.6748,0.6699,0.6725,942082
2025-06-14T02:00:00Z,0.6725,0.6795,0.6717,0.6776,1798695
2025-06-14T03:00:00Z,0.6776,0.6883,0.6775,0.6879,1834929
2025-06-14T04:00:00Z,0.6880,0.6931,0.6856,0.6907,2501588
2025-06-14T05:00:00Z,0.6906,0.6947,0.6905,0.6913,1869763
2025-06-14T06:00:00Z,0.6913,0.6918,0.6854,0.6905,1517325
2025-06-14T07:00:00Z,0.6904,0.6916,0.6833,0.6840,1760967
2025-06-14T08:00:00Z,0.6840,0.6861,0.6815,0.6853,1027940
2025-06-14T09:00:00Z,0.6853,0.6910,0.6831,0.6857,1308611
2025-06-14T10:00:00Z,0.6858,0.6901,0.6847,0.6877,1045726
2025-06-14T11:00:00Z,0.6876,0.6945,0.6871,0.6922,1260872
2025-06-14T12:00:00Z,0.6921,0.6961,0.6890,0.6954,1685024
2025-06-14T13:00:00Z,0.6954,0.6980,0.6904,0.6926,1751046
2025-06-14T14:00:00Z,0.6926,0.6927,0.6876,0.6902,1366443
2025-06-14T15:00:00Z,0.6902,0.6923,0.6835,0.6865,1493432
2025-06-14T16:00:00Z,0.6864,0.6864,0.6737,0.6744,2863194
2025-06-14T17:00:00Z,0.6745,0.6794,0.6739,0.6789,1638947
2025-06-14T18:00:00Z,0.6789,0.6823,0.6727,0.6770,1887649
2025-06-14T19:00:00Z,0.6769,0.6801,0.6746,0.6751,1412965
2025-06-14T20:00:00Z,0.6752,0.6768,0.6694,0.6762,1292002
2025-06-14T21:00:00Z,0.6762,0.6825,0.6748,0.6808,1285990
2025-06-14T22:00:00Z,0.6808,0.6846,0.6753,0.6775,1167155
2025-06-14T23:00:00Z,0.6775,0.6833,0.6773,0.6798,1375340
2025-06-15T00:00:00Z,0.6798,0.6805,0.6759,0.6792,1105476
2025-06-15T01:00:00Z,0.6791,0.6798,0.6733,0.6739,1982338
2025-06-15T02:00:00Z,0.6739,0.6786,0.6730,0.6732,766566
2025-06-15T03:00:00Z,0.6733,0.6743,0.6718,0.6735,511956
2025-06-15T04:00:00Z,0.6734,0.6791,0.6734,0.6788,972155
2025-06-15T05:00:00Z,0.6788,0.6820,0.6752,0.6812,1138365
2025-06-15T06:00:00Z,0.6814,0.6826,0.6766,0.6771,965976
2025-06-15T07:00:00Z,0.6771,0.6794,0.6742,0.6790,725163
2025-06-15T08:00:00Z,0.6790,0.6816,0.6775,0.6779,898177
2025-06-15T09:00:00Z,0.6779,0.6779,0.6733,0.6740,871314
2025-06-15T10:00:00Z,0.6741,0.6781,0.6728,0.6732,750126
2025-06-15T11:00:00Z,0.6731,0.6731,0.6668,0.6702,1525092
2025-06-15T12:00:00Z,0.6701,0.6747,0.6686,0.6728,1053714
2025-06-15T13:00:00Z,0.6728,0.6728,0.6608,0.6616,5242534
2025-06-15T14:00:00Z,0.6616,0.6688,0.6574,0.6668,2150204
2025-06-15T15:00:00Z,0.6669,0.6671,0.6601,0.6607,1228836
2025-06-15T16:00:00Z,0.6608,0.6630,0.6577,0.6622,1285864
2025-06-15T17:00:00Z,0.6622,0.6650,0.6587,0.6632,837898
2025-06-15T18:00:00Z,0.6632,0.6634,0.6585,0.6622,921211
2025-06-15T19:00:00Z,0.6621,0.6637,0.6564,0.6598,843399
2025-06-15T20:00:00Z,0.6598,0.6600,0.6533,0.6562,1794916
2025-06-15T21:00:00Z,0.6562,0.6578,0.6512,0.6575,1660823
2025-06-15T22:00:00Z,0.6575,0.6660,0.6573,0.6651,1178331
2025-06-15T23:00:00Z,0.6652,0.6665,0.6630,0.6637,762531
2025-06-16T00:00:00Z,0.6637,0.6652,0.6608,0.6628,1047414
2025-06-16T01:00:00Z,0.6629,0.6697,0.6606,0.6697,1608565
2025-06-16T02:00:00Z,0.6696,0.6743,0.6695,0.6717,1249929
2025-06-16T03:00:00Z,0.6717,0.6747,0.6704,0.6728,1014535
2025-06-16T04:00:00Z,0.6728,0.6765,0.6724,0.6744,925935
2025-06-16T05:00:00Z,0.6744,0.6796,0.6743,0.6786,1413261
2025-06-16T06:00:00Z,0.6786,0.6794,0.6759,0.6771,848726
2025-06-16T07:00:00Z,0.6771,0.6824,0.6771,0.6811,1124713
2025-06-16T08:00:00Z,0.6812,0.6835,0.6789,0.6833,1035078
2025-06-16T09:00:00Z,0.6833,0.6887,0.6831,0.6878,2131482
2025-06-16T10:00:00Z,0.6879,0.6895,0.6841,0.6857,958261
2025-06-16T11:00:00Z,0.6858,0.6889,0.6829,0.6874,791076
2025-06-16T12:00:00Z,0.6872,0.6880,0.6725,0.6737,6948767
2025-06-16T13:00:00Z,0.6736,0.6803,0.6650,0.6691,12971121
2025-06-16T14:00:00Z,0.6689,0.6778,0.6685,0.6733,4739911
2025-06-16T15:00:00Z,0.6734,0.6808,0.6730,0.6775,2126318
2025-06-16T16:00:00Z,0.6776,0.6834,0.6775,0.6809,1543680
2025-06-16T17:00:00Z,0.6809,0.6822,0.6778,0.6809,1063725
2025-06-16T18:00:00Z,0.6809,0.6824,0.6792,0.6811,588190
2025-06-16T19:00:00Z,0.6812,0.6818,0.6780,0.6794,1089161
2025-06-16T20:00:00Z,0.6794,0.6854,0.6787,0.6848,1233671
2025-06-16T21:00:00Z,0.6848,0.6861,0.6820,0.6833,633394
2025-06-16T22:00:00Z,0.6834,0.6838,0.6650,0.6662,3968793
2025-06-16T23:00:00Z,0.6661,0.6708,0.6603,0.6624,6105467
2025-06-17T00:00:00Z,0.6626,0.6728,0.6559,0.6724,4073388
2025-06-17T01:00:00Z,0.6725,0.6738,0.6676,0.6684,1139710
2025-06-17T02:00:00Z,0.6684,0.6729,0.6655,0.6728,1406253
2025-06-17T03:00:00Z,0.6728,0.6745,0.6681,0.6696,1320538
2025-06-17T04:00:00Z,0.6695,0.6702,0.6656,0.6678,822621
2025-06-17T05:00:00Z,0.6679,0.6714,0.6650,0.6666,867633
2025-06-17T06:00:00Z,0.6666,0.6683,0.6645,0.6668,768083
2025-06-17T07:00:00Z,0.6668,0.6708,0.6667,0.6692,749115
2025-06-17T08:00:00Z,0.6690,0.6691,0.6612,0.6620,1176312
2025-06-17T09:00:00Z,0.6620,0.6660,0.6613,0.6657,1051135
2025-06-17T10:00:00Z,0.6656,0.6659,0.6588,0.6636,1271583
2025-06-17T11:00:00Z,0.6636,0.6636,0.6573,0.6596,1177053
2025-06-17T12:00:00Z,0.6597,0.6627,0.6570,0.6608,1139602
2025-06-17T13:00:00Z,0.6607,0.6659,0.6593,0.6627,1268387
2025-06-17T14:00:00Z,0.6628,0.6683,0.6577,0.6579,1634065
2025-06-17T15:00:00Z,0.6579,0.6586,0.6502,0.6562,3968789
2025-06-17T16:00:00Z,0.6562,0.6592,0.6455,0.6456,3242822
2025-06-17T17:00:00Z,0.6456,0.6547,0.6433,0.6502,1831708
2025-06-17T18:00:00Z,0.6502,0.6557,0.6471,0.6553,1052442
2025-06-17T19:00:00Z,0.6554,0.6620,0.6552,0.6583,1768002
2025-06-17T20:00:00Z,0.6583,0.6608,0.6524,0.6529,1152196
2025-06-17T21:00:00Z,0.6529,0.6531,0.6478,0.6497,822348
2025-06-17T22:00:00Z,0.6497,0.6502,0.6458,0.6461,740907
2025-06-17T23:00:00Z,0.6461,0.6538,0.6461,0.6503,767779
2025-06-18T00:00:00Z,0.6504,0.6549,0.6497,0.6528,965908
2025-06-18T01:00:00Z,0.6529,0.6556,0.6510,0.6512,1039410
2025-06-18T02:00:00Z,0.6512,0.6525,0.6487,0.6500,871671
2025-06-18T03:00:00Z,0.6501,0.6533,0.6489,0.6523,410883
2025-06-18T04:00:00Z,0.6522,0.6581,0.6516,0.6573,637290
2025-06-18T05:00:00Z,0.6574,0.6578,0.6532,0.6532,445414
2025-06-18T06:00:00Z,0.6532,0.6541,0.6491,0.6506,654384
2025-06-18T07:00:00Z,0.6505,0.6514,0.6480,0.6490,775067
2025-06-18T08:00:00Z,0.6490,0.6504,0.6435,0.6439,1107900
2025-06-18T09:00:00Z,0.6440,0.6462,0.6399,0.6401,1575875
2025-06-18T10:00:00Z,0.6401,0.6402,0.6182,0.6220,5097326
2025-06-18T11:00:00Z,0.6219,0.6255,0.6184,0.6242,2224060
2025-06-18T12:00:00Z,0.6242,0.6247,0.6150,0.6157,2282344
2025-06-18T13:00:00Z,0.6158,0.6197,0.6053,0.6185,5759000
2025-06-18T14:00:00Z,0.6186,0.6266,0.6153,0.6211,3429939
2025-06-18T15:00:00Z,0.6211,0.6243,0.6151,0.6234,2293440
2025-06-18T16:00:00Z,0.6234,0.6239,0.6157,0.6196,1402919
2025-06-18T17:00:00Z,0.6196,0.6240,0.6161,0.6232,1897544
2025-06-18T18:00:00Z,0.6233,0.6274,0.6184,0.6185,1605292
2025-06-18T19:00:00Z,0.6184,0.6285,0.6176,0.6210,1422867
2025-06-18T20:00:00Z,0.6211,0.6319,0.6191,0.6311,1876142
2025-06-18T21:00:00Z,0.6312,0.6335,0.6266,0.6313,1429070
2025-06-18T22:00:00Z,0.6312,0.6315,0.6236,0.6249,1236786
2025-06-18T23:00:00Z,0.6250,0.6295,0.6239,0.6279,1164500
2025-06-19T00:00:00Z,0.6279,0.6363,0.6238,0.6321,1557294
2025-06-19T01:00:00Z,0.6322,0.6329,0.6276,0.6287,957579
2025-06-19T02:00:00Z,0.6288,0.6356,0.6279,0.6341,999724
2025-06-19T03:00:00Z,0.6342,0.6394,0.6338,0.6391,890011
2025-06-19T04:00:00Z,0.6392,0.6395,0.6341,0.6384,715663
2025-06-19T05:00:00Z,0.6385,0.6404,0.6330,0.6331,909485
2025-06-19T06:00:00Z,0.6331,0.6348,0.6307,0.6322,725339
2025-06-19T07:00:00Z,0.6321,0.6367,0.6320,0.6356,712641
2025-06-19T08:00:00Z,0.6355,0.6392,0.6335,0.6335,798380
2025-06-19T09:00:00Z,0.6335,0.6352,0.6311,0.6334,1349843
2025-06-19T10:00:00Z,0.6334,0.6337,0.6307,0.6325,850768
2025-06-19T11:00:00Z,0.6325,0.6326,0.6267,0.6273,1341586
2025-06-19T12:00:00Z,0.6273,0.6303,0.6240,0.6269,1060011
2025-06-19T13:00:00Z,0.6268,0.6282,0.6232,0.6241,1067367
2025-06-19T14:00:00Z,0.6241,0.6284,0.6230,0.6242,1351140
2025-06-19T15:00:00Z,0.6241,0.6274,0.6225,0.6268,804461
2025-06-19T16:00:00Z,0.6267,0.6316,0.6236,0.6242,1355432
2025-06-19T17:00:00Z,0.6242,0.6341,0.6241,0.6315,1377913
2025-06-19T18:00:00Z,0.6314,0.6351,0.6279,0.6297,1043878
2025-06-19T19:00:00Z,0.6298,0.6323,0.6280,0.6291,1022349
2025-06-19T20:00:00Z,0.6291,0.6311,0.6271,0.6286,876086
2025-06-19T21:00:00Z,0.6287,0.6305,0.6266,0.6297,557546
2025-06-19T22:00:00Z,0.6299,0.6335,0.6298,0.6299,882316
2025-06-19T23:00:00Z,0.6298,0.6315,0.6270,0.6304,477726
