timestamp,open,high,low,close,volume
2023-10-19T00:00:00Z,1.491200,1.493500,1.480000,1.492000,852857
2023-10-19T01:00:00Z,1.492100,1.505200,1.470000,1.488000,2042732
2023-10-19T02:00:00Z,1.487800,1.490200,1.480200,1.489100,736722
2023-10-19T03:00:00Z,1.488900,1.497500,1.485100,1.487600,539984
2023-10-19T04:00:00Z,1.487600,1.487600,1.477900,1.484500,435744
2023-10-19T05:00:00Z,1.484300,1.493100,1.479600,1.482700,450340
2023-10-19T06:00:00Z,1.482800,1.483300,1.473000,1.477200,490040
2023-10-19T07:00:00Z,1.477200,1.484700,1.468500,1.478100,1667888
2023-10-19T08:00:00Z,1.478100,1.481700,1.471300,1.471900,1512639
2023-10-19T09:00:00Z,1.472000,1.475800,1.466000,1.469600,516828
2023-10-19T10:00:00Z,1.469500,1.479400,1.466400,1.473400,895178
2023-10-19T11:00:00Z,1.473600,1.477700,1.470500,1.477700,252308
2023-10-19T12:00:00Z,1.477600,1.487400,1.477600,1.482300,749986
2023-10-19T13:00:00Z,1.482300,1.496300,1.480700,1.488100,737528
2023-10-19T14:00:00Z,1.488100,1.489000,1.479200,1.486900,565709
2023-10-19T15:00:00Z,1.487400,1.491800,1.475500,1.478800,1533976
2023-10-19T16:00:00Z,1.479100,1.490900,1.473200,1.480500,4101206
2023-10-19T17:00:00Z,1.480600,1.485200,1.473800,1.478000,1477244
2023-10-19T18:00:00Z,1.477800,1.484200,1.476100,1.476500,340218
2023-10-19T19:00:00Z,1.476300,1.481800,1.474500,1.479500,356162
2023-10-19T20:00:00Z,1.479300,1.482600,1.470200,1.472000,947522
2023-10-19T21:00:00Z,1.472000,1.473000,1.454800,1.462900,4189097
2023-10-19T22:00:00Z,1.462700,1.471300,1.462400,1.466100,403648
2023-10-19T23:00:00Z,1.466600,1.471000,1.463500,1.470200,178324
2023-10-20T00:00:00Z,1.470300,1.475800,1.467600,1.474400,613962
2023-10-20T01:00:00Z,1.474500,1.483500,1.468200,1.483200,486986
2023-10-20T02:00:00Z,1.483300,1.506800,1.482900,1.504700,1245605
2023-10-20T03:00:00Z,1.504800,1.523300,1.502000,1.513900,1732922
2023-10-20T04:00:00Z,1.513900,1.516200,1.504300,1.514500,678052
2023-10-20T05:00:00Z,1.514500,1.518900,1.508200,1.518900,369179
2023-10-20T06:00:00Z,1.518800,1.518800,1.502500,1.507300,681440
2023-10-20T07:00:00Z,1.507300,1.512300,1.497700,1.500500,740955
2023-10-20T08:00:00Z,1.500600,1.535800,1.499100,1.523700,2219732
2023-10-20T09:00:00Z,1.523800,1.530500,1.516900,1.529600,873322
2023-10-20T10:00:00Z,1.529600,1.540100,1.515000,1.516900,1607257
2023-10-20T11:00:00Z,1.517000,1.521500,1.507300,1.509900,741801
2023-10-20T12:00:00Z,1.509800,1.517900,1.500900,1.510000,1378907
2023-10-20T13:00:00Z,1.509500,1.520300,1.506200,1.519200,495061
2023-10-20T14:00:00Z,1.519100,1.522400,1.509200,1.515800,368678
2023-10-20T15:00:00Z,1.515600,1.520100,1.513200,1.519900,425764
2023-10-20T16:00:00Z,1.520000,1.527700,1.517500,1.522300,714888
2023-10-20T17:00:00Z,1.522200,1.536600,1.515300,1.533900,1062423
2023-10-20T18:00:00Z,1.534000,1.536700,1.530200,1.531200,379181
2023-10-20T19:00:00Z,1.531100,1.539400,1.530800,1.538900,489505
2023-10-20T20:00:00Z,1.538900,1.542500,1.534100,1.534100,365970
2023-10-20T21:00:00Z,1.533800,1.538800,1.533800,1.535500,361229
2023-10-20T22:00:00Z,1.535600,1.542400,1.535000,1.537300,524813
2023-10-20T23:00:00Z,1.537300,1.539700,1.528800,1.532800,408726
2023-10-21T00:00:00Z,1.532800,1.547400,1.531900,1.543000,812089
2023-10-21T01:00:00Z,1.542800,1.548500,1.539100,1.546600,505692
2023-10-21T02:00:00Z,1.546600,1.547100,1.540000,1.542300,424257
2023-10-21T03:00:00Z,1.542200,1.544000,1.531600,1.542800,352119
2023-10-21T04:00:00Z,1.542700,1.545000,1.538800,1.541700,246530
2023-10-21T05:00:00Z,1.541600,1.546600,1.539600,1.545500,219210
2023-10-21T06:00:00Z,1.545600,1.562200,1.543800,1.559600,829021
2023-10-21T07:00:00Z,1.559500,1.566900,1.555300,1.566700,631855
2023-10-21T08:00:00Z,1.566700,1.569200,1.558800,1.561500,412037
2023-10-21T09:00:00Z,1.561500,1.574700,1.558500,1.569700,688580
2023-10-21T10:00:00Z,1.569500,1.574900,1.567400,1.573200,372028
2023-10-21T11:00:00Z,1.573100,1.582800,1.570900,1.581300,1012638
2023-10-21T12:00:00Z,1.581100,1.585400,1.569400,1.576900,998719
2023-10-21T13:00:00Z,1.576900,1.597400,1.569500,1.595800,963211
2023-10-21T14:00:00Z,1.595700,1.635800,1.592600,1.630400,3880861
2023-10-21T15:00:00Z,1.630400,1.633600,1.594400,1.626900,3533168
2023-10-21T16:00:00Z,1.626200,1.646700,1.624900,1.629900,3150967
2023-10-21T17:00:00Z,1.629300,1.659200,1.628800,1.657500,1245853
2023-10-21T18:00:00Z,1.657500,1.666600,1.629000,1.654900,1802231
2023-10-21T19:00:00Z,1.654700,1.659200,1.642200,1.651600,880730
2023-10-21T20:00:00Z,1.651700,1.661100,1.642500,1.649100,849300
2023-10-21T21:00:00Z,1.649300,1.657800,1.647000,1.650800,821906
2023-10-21T22:00:00Z,1.650800,1.656500,1.632700,1.638500,1109737
2023-10-21T23:00:00Z,1.638500,1.643000,1.631600,1.636300,632590
2023-10-22T00:00:00Z,1.636700,1.662500,1.634500,1.660000,1056198
2023-10-22T01:00:00Z,1.660000,1.665500,1.640800,1.653900,866416
2023-10-22T02:00:00Z,1.653800,1.659200,1.640000,1.649500,931459
2023-10-22T03:00:00Z,1.649700,1.657000,1.641400,1.653100,607623
2023-10-22T04:00:00Z,1.653200,1.669100,1.645900,1.662800,1379906
2023-10-22T05:00:00Z,1.663000,1.685400,1.660000,1.680200,1392345
2023-10-22T06:00:00Z,1.680300,1.683400,1.664300,1.675000,1224736
2023-10-22T07:00:00Z,1.675100,1.681400,1.633600,1.651000,2873616
2023-10-22T08:00:00Z,1.651000,1.657200,1.618700,1.628300,2684459
2023-10-22T09:00:00Z,1.628000,1.644800,1.627000,1.634300,801795
2023-10-22T10:00:00Z,1.634100,1.652700,1.634000,1.644400,602177
2023-10-22T11:00:00Z,1.644300,1.647300,1.631700,1.642000,584495
2023-10-22T12:00:00Z,1.642100,1.661500,1.640300,1.656100,1128715
2023-10-22T13:00:00Z,1.656100,1.670900,1.653900,1.669200,963448
2023-10-22T14:00:00Z,1.669200,1.677500,1.657800,1.664300,1924741
2023-10-22T15:00:00Z,1.664400,1.675800,1.656900,1.668300,1676720
2023-10-22T16:00:00Z,1.668300,1.683700,1.666600,1.679200,1478523
2023-10-22T17:00:00Z,1.679000,1.704000,1.678600,1.698600,1776595
2023-10-22T18:00:00Z,1.698600,1.705700,1.683300,1.686000,1763231
2023-10-22T19:00:00Z,1.686200,1.693500,1.683700,1.689300,608807
2023-10-22T20:00:00Z,1.689400,1.705300,1.689200,1.705100,831354
2023-10-22T21:00:00Z,1.705100,1.705200,1.672700,1.676500,1679445
2023-10-22T22:00:00Z,1.676700,1.709700,1.669000,1.707800,1540330
2023-10-22T23:00:00Z,1.708000,1.730000,1.700800,1.716300,2686445
2023-10-23T00:00:00Z,1.716400,1.748200,1.714500,1.736500,3438472
2023-10-23T01:00:00Z,1.736800,1.758100,1.726600,1.734300,1888090
2023-10-23T02:00:00Z,1.734300,1.746300,1.720300,1.729400,1460031
2023-10-23T03:00:00Z,1.729700,1.761200,1.728600,1.747700,1968720
2023-10-23T04:00:00Z,1.747800,1.761300,1.742000,1.756700,1151440
2023-10-23T05:00:00Z,1.756800,1.759300,1.743000,1.743600,1139105
2023-10-23T06:00:00Z,1.743400,1.760200,1.727800,1.728500,1295745
2023-10-23T07:00:00Z,1.728500,1.747600,1.723400,1.738900,1273296
2023-10-23T08:00:00Z,1.739000,1.763200,1.733100,1.755100,1945089
2023-10-23T09:00:00Z,1.755000,1.771100,1.727200,1.749500,3611594
2023-10-23T10:00:00Z,1.749500,1.768900,1.746200,1.768800,1414211
2023-10-23T11:00:00Z,1.768700,1.775100,1.756300,1.775100,1912068
2023-10-23T12:00:00Z,1.775000,1.799500,1.766500,1.789000,4171873
2023-10-23T13:00:00Z,1.789100,1.789600,1.742700,1.760200,3544182
2023-10-23T14:00:00Z,1.760400,1.781300,1.759300,1.773700,1342907
2023-10-23T15:00:00Z,1.773400,1.776000,1.733800,1.739400,2826430
2023-10-23T16:00:00Z,1.739400,1.755400,1.723100,1.750600,3258690
2023-10-23T17:00:00Z,1.750300,1.751100,1.719000,1.729900,1993877
2023-10-23T18:00:00Z,1.730000,1.751400,1.711900,1.732500,2009472
2023-10-23T19:00:00Z,1.732500,1.750000,1.729300,1.740900,1188837
2023-10-23T20:00:00Z,1.741000,1.753500,1.730000,1.735500,1089319
2023-10-23T21:00:00Z,1.735800,1.756700,1.731000,1.752200,936787
2023-10-23T22:00:00Z,1.752200,1.829900,1.749000,1.819700,5055956
2023-10-23T23:00:00Z,1.819600,1.834300,1.771100,1.796800,3241876
2023-10-24T00:00:00Z,1.795800,1.857100,1.777400,1.840400,2708346
2023-10-24T01:00:00Z,1.840500,1.853500,1.821300,1.830800,1787315
2023-10-24T02:00:00Z,1.830700,1.900000,1.820800,1.879900,3087839
2023-10-24T03:00:00Z,1.879700,1.882900,1.826400,1.828800,2007013
2023-10-24T04:00:00Z,1.828900,1.849700,1.822400,1.831300,1065156
2023-10-24T05:00:00Z,1.831200,1.861800,1.811800,1.820800,1880328
2023-10-24T06:00:00Z,1.820400,1.828400,1.788200,1.802800,1663025
2023-10-24T07:00:00Z,1.802600,1.804300,1.766500,1.788700,1529276
2023-10-24T08:00:00Z,1.789000,1.808100,1.786000,1.806200,910054
2023-10-24T09:00:00Z,1.805800,1.832200,1.796500,1.822300,1715628
2023-10-24T10:00:00Z,1.822100,1.829800,1.789300,1.796300,2036454
2023-10-24T11:00:00Z,1.795700,1.825000,1.787200,1.822400,1875834
2023-10-24T12:00:00Z,1.822700,1.851200,1.812200,1.835200,2709193
2023-10-24T13:00:00Z,1.835200,1.836200,1.793700,1.821400,2121963
2023-10-24T14:00:00Z,1.821300,1.824600,1.776000,1.807600,1753037
2023-10-24T15:00:00Z,1.807600,1.817200,1.680000,1.731000,8141454
2023-10-24T16:00:00Z,1.730600,1.764400,1.707000,1.752300,2587684
2023-10-24T17:00:00Z,1.752300,1.808600,1.749700,1.793300,3685807
2023-10-24T18:00:00Z,1.793800,1.823200,1.759400,1.820100,2188250
2023-10-24T19:00:00Z,1.819900,1.903800,1.813000,1.870200,5535656
2023-10-24T20:00:00Z,1.870100,1.883100,1.808200,1.810500,4169220
2023-10-24T21:00:00Z,1.810500,1.857900,1.801600,1.850600,2381804
2023-10-24T22:00:00Z,1.850400,1.877000,1.829200,1.875700,1944273
2023-10-24T23:00:00Z,1.875500,1.880700,1.839000,1.848500,1806273
2023-10-25T00:00:00Z,1.848400,1.869800,1.824100,1.865500,2022336
2023-10-25T01:00:00Z,1.865200,1.919200,1.862500,1.909600,3446383
2023-10-25T02:00:00Z,1.909500,1.914400,1.849900,1.852800,2636285
2023-10-25T03:00:00Z,1.853200,1.854000,1.829100,1.839100,1596798
2023-10-25T04:00:00Z,1.839100,1.868600,1.830700,1.864900,1167359
2023-10-25T05:00:00Z,1.865300,1.866700,1.827700,1.828200,1524659
2023-10-25T06:00:00Z,1.828100,1.858100,1.826900,1.846400,1303393
2023-10-25T07:00:00Z,1.846300,1.848800,1.792500,1.817300,2323168
2023-10-25T08:00:00Z,1.817300,1.842100,1.801900,1.835900,1403524
2023-10-25T09:00:00Z,1.836100,1.862100,1.831000,1.846000,1332501
2023-10-25T10:00:00Z,1.845900,1.877700,1.838400,1.870600,1872369
2023-10-25T11:00:00Z,1.870500,1.886100,1.861400,1.866700,1585730
2023-10-25T12:00:00Z,1.866900,1.912400,1.864300,1.903900,3223482
2023-10-25T13:00:00Z,1.903900,1.924800,1.872400,1.905000,4852769
2023-10-25T14:00:00Z,1.904800,1.930500,1.891300,1.918700,2530330
2023-10-25T15:00:00Z,1.918600,1.935600,1.897200,1.923000,3391772
2023-10-25T16:00:00Z,1.923000,1.932600,1.828100,1.830200,6483621
2023-10-25T17:00:00Z,1.830100,1.863700,1.815800,1.848800,3166611
2023-10-25T18:00:00Z,1.848600,1.863200,1.846100,1.856600,1290509
2023-10-25T19:00:00Z,1.856700,1.858100,1.837600,1.851600,1021627
2023-10-25T20:00:00Z,1.851500,1.865300,1.847600,1.852300,1019045
2023-10-25T21:00:00Z,1.852100,1.881800,1.848000,1.871700,1354616
2023-10-25T22:00:00Z,1.871700,1.889300,1.865900,1.883800,977319
2023-10-25T23:00:00Z,1.883700,1.885200,1.856200,1.876400,1223506
2023-10-26T00:00:00Z,1.876500,1.902200,1.867800,1.890900,1533585
2023-10-26T01:00:00Z,1.890900,1.899800,1.861300,1.876400,1318187
2023-10-26T02:00:00Z,1.876600,1.879200,1.853800,1.865600,1131181
2023-10-26T03:00:00Z,1.865900,1.913100,1.863400,1.909200,1735006
2023-10-26T04:00:00Z,1.908900,1.913000,1.894000,1.898100,839125
2023-10-26T05:00:00Z,1.897900,1.905200,1.873500,1.875000,1051563
2023-10-26T06:00:00Z,1.875000,1.904600,1.858500,1.903600,1305980
2023-10-26T07:00:00Z,1.903600,1.965100,1.896000,1.962400,4211445
2023-10-26T08:00:00Z,1.962500,1.988800,1.942900,1.969800,4129721
2023-10-26T09:00:00Z,1.969900,1.979000,1.927700,1.937200,2173929
2023-10-26T10:00:00Z,1.936500,1.938400,1.890400,1.904300,2186827
2023-10-26T11:00:00Z,1.904300,1.912300,1.853900,1.876400,2666313
2023-10-26T12:00:00Z,1.876300,1.904000,1.869600,1.899600,1561947
2023-10-26T13:00:00Z,1.899700,1.901700,1.860000,1.860800,1726002
2023-10-26T14:00:00Z,1.860900,1.879300,1.770000,1.843400,4781424
2023-10-26T15:00:00Z,1.843300,1.848800,1.809000,1.828500,1963499
2023-10-26T16:00:00Z,1.828500,1.830100,1.790500,1.790600,2299393
2023-10-26T17:00:00Z,1.790600,1.820700,1.789400,1.818100,1376792
2023-10-26T18:00:00Z,1.818200,1.819900,1.803600,1.808100,711057
2023-10-26T19:00:00Z,1.807700,1.826700,1.804600,1.820000,863457
2023-10-26T20:00:00Z,1.820000,1.852400,1.819100,1.850100,837413
2023-10-26T21:00:00Z,1.850300,1.857400,1.840200,1.851300,524577
2023-10-26T22:00:00Z,1.851300,1.868700,1.851100,1.866000,574549
2023-10-26T23:00:00Z,1.866200,1.867800,1.845400,1.855300,751322
2023-10-27T00:00:00Z,1.855300,1.857900,1.835100,1.843100,838203
2023-10-27T01:00:00Z,1.843000,1.847800,1.805500,1.806700,900700
2023-10-27T02:00:00Z,1.806700,1.827100,1.796800,1.810200,1405680
2023-10-27T03:00:00Z,1.810200,1.818800,1.801300,1.805600,663139
2023-10-27T04:00:00Z,1.805800,1.824800,1.800500,1.823800,870399
2023-10-27T05:00:00Z,1.823800,1.825600,1.793100,1.812900,775331
2023-10-27T06:00:00Z,1.812700,1.831500,1.808800,1.829800,841760
2023-10-27T07:00:00Z,1.829900,1.831500,1.799100,1.800800,715040
2023-10-27T08:00:00Z,1.800800,1.824600,1.799400,1.820800,580132
2023-10-27T09:00:00Z,1.820900,1.831100,1.818500,1.828900,488787
2023-10-27T10:00:00Z,1.829000,1.829500,1.811400,1.811900,691551
2023-10-27T11:00:00Z,1.811900,1.813800,1.792400,1.806300,1146939
2023-10-27T12:00:00Z,1.806100,1.835500,1.792200,1.826100,1190274
2023-10-27T13:00:00Z,1.826100,1.839400,1.817600,1.829200,1463758
2023-10-27T14:00:00Z,1.829300,1.830700,1.795700,1.804000,2113829
2023-10-27T15:00:00Z,1.804600,1.821000,1.794300,1.814900,875783
2023-10-27T16:00:00Z,1.815000,1.816200,1.767400,1.782000,1425572
2023-10-27T17:00:00Z,1.782100,1.785200,1.742500,1.775800,2258693
2023-10-27T18:00:00Z,1.775800,1.780500,1.747300,1.774300,1371571
2023-10-27T19:00:00Z,1.774200,1.797900,1.773400,1.797600,646107
2023-10-27T20:00:00Z,1.797700,1.803500,1.792800,1.802800,685325
2023-10-27T21:00:00Z,1.802800,1.827400,1.802800,1.826500,870247
2023-10-27T22:00:00Z,1.826600,1.829200,1.808600,1.811200,880668
2023-10-27T23:00:00Z,1.810800,1.824400,1.803000,1.817900,415584
2023-10-28T00:00:00Z,1.818000,1.832400,1.814800,1.820000,383521
2023-10-28T01:00:00Z,1.820100,1.832000,1.817100,1.831500,308771
2023-10-28T02:00:00Z,1.831500,1.854200,1.823000,1.845300,560627
2023-10-28T03:00:00Z,1.845300,1.845400,1.828800,1.839800,478445
2023-10-28T04:00:00Z,1.839900,1.848800,1.831600,1.841300,387405
2023-10-28T05:00:00Z,1.841400,1.849000,1.828900,1.831600,561320
2023-10-28T06:00:00Z,1.831200,1.832400,1.823800,1.826700,428891
2023-10-28T07:00:00Z,1.826800,1.839300,1.823500,1.834700,281993
2023-10-28T08:00:00Z,1.834800,1.871500,1.825900,1.835100,2546479
2023-10-28T09:00:00Z,1.835300,1.845600,1.830800,1.835800,564354
2023-10-28T10:00:00Z,1.835700,1.838500,1.824800,1.828400,650887
2023-10-28T11:00:00Z,1.828500,1.849500,1.825600,1.828900,852599
2023-10-28T12:00:00Z,1.828800,1.831700,1.791900,1.803000,1555577
2023-10-28T13:00:00Z,1.803300,1.811200,1.796200,1.808900,523315
2023-10-28T14:00:00Z,1.809000,1.810900,1.801400,1.806400,357052
2023-10-28T15:00:00Z,1.806300,1.808900,1.800800,1.808800,336926
2023-10-28T16:00:00Z,1.808700,1.808800,1.793100,1.800600,466054
2023-10-28T17:00:00Z,1.800500,1.800800,1.793200,1.795900,295377
2023-10-28T18:00:00Z,1.795900,1.800600,1.785400,1.797300,439093
2023-10-28T19:00:00Z,1.797400,1.799900,1.782300,1.784100,417557
2023-10-28T20:00:00Z,1.784200,1.795400,1.782900,1.791000,317416
2023-10-28T21:00:00Z,1.791100,1.801300,1.787500,1.800700,208023
2023-10-28T22:00:00Z,1.800600,1.801800,1.782200,1.793100,374742
2023-10-28T23:00:00Z,1.793200,1.794500,1.783100,1.785200,327057
2023-10-29T00:00:00Z,1.785300,1.800500,1.782000,1.783900,546821
2023-10-29T01:00:00Z,1.783900,1.787300,1.761000,1.783300,860860
2023-10-29T02:00:00Z,1.783300,1.789600,1.772800,1.788200,285563
2023-10-29T03:00:00Z,1.788200,1.791400,1.775300,1.782700,276344
2023-10-29T04:00:00Z,1.782700,1.788800,1.776700,1.786000,247275
2023-10-29T05:00:00Z,1.786000,1.791900,1.783200,1.789000,179576
2023-10-29T06:00:00Z,1.789000,1.799000,1.785000,1.791400,353692
2023-10-29T07:00:00Z,1.791400,1.800000,1.789000,1.797700,263460
2023-10-29T08:00:00Z,1.797700,1.817700,1.795000,1.817600,619698
2023-10-29T09:00:00Z,1.817700,1.818800,1.805300,1.807300,369727
2023-10-29T10:00:00Z,1.807400,1.808000,1.795200,1.798700,344710
2023-10-29T11:00:00Z,1.798700,1.809800,1.795300,1.806700,265911
2023-10-29T12:00:00Z,1.806800,1.830000,1.803600,1.827400,608338
2023-10-29T13:00:00Z,1.827300,1.837400,1.822100,1.829700,844577
2023-10-29T14:00:00Z,1.829700,1.837600,1.819200,1.827800,559157
2023-10-29T15:00:00Z,1.827900,1.835600,1.812400,1.817300,663357
2023-10-29T16:00:00Z,1.817400,1.823900,1.811300,1.818800,528138
2023-10-29T17:00:00Z,1.818700,1.840800,1.814100,1.824600,582482
2023-10-29T18:00:00Z,1.824600,1.845000,1.824600,1.837600,659642
2023-10-29T19:00:00Z,1.837400,1.848600,1.828500,1.841600,671359
2023-10-29T20:00:00Z,1.841400,1.847500,1.835700,1.842000,509631
2023-10-29T21:00:00Z,1.842000,1.848100,1.832000,1.833200,422732
2023-10-29T22:00:00Z,1.833200,1.854400,1.833200,1.848700,432070
2023-10-29T23:00:00Z,1.848700,1.850400,1.820500,1.827600,570620
2023-10-30T00:00:00Z,1.827900,1.835200,1.814600,1.826600,530675
2023-10-30T01:00:00Z,1.826700,1.844600,1.826300,1.829700,514238
2023-10-30T02:00:00Z,1.829600,1.831400,1.808100,1.818900,799057
2023-10-30T03:00:00Z,1.818900,1.820300,1.805400,1.809600,422789
2023-10-30T04:00:00Z,1.809500,1.823200,1.806400,1.817100,452625
2023-10-30T05:00:00Z,1.817100,1.820000,1.800200,1.803600,365852
2023-10-30T06:00:00Z,1.803600,1.812000,1.788100,1.811700,712789
2023-10-30T07:00:00Z,1.811700,1.819400,1.802400,1.804600,575376
2023-10-30T08:00:00Z,1.804700,1.852800,1.800800,1.847800,1133152
2023-10-30T09:00:00Z,1.848000,1.871600,1.847900,1.849400,1625876
2023-10-30T10:00:00Z,1.849700,1.856700,1.836900,1.851400,801936
2023-10-30T11:00:00Z,1.851300,1.864400,1.844200,1.861700,1004250
2023-10-30T12:00:00Z,1.861800,1.875100,1.844400,1.848800,1451698
2023-10-30T13:00:00Z,1.848900,1.864900,1.840100,1.863100,534584
2023-10-30T14:00:00Z,1.863000,1.873000,1.840300,1.846500,740422
2023-10-30T15:00:00Z,1.846400,1.851600,1.836100,1.849600,375092
2023-10-30T16:00:00Z,1.849600,1.850200,1.837600,1.849900,556657
2023-10-30T17:00:00Z,1.849900,1.851200,1.803000,1.821400,1614309
2023-10-30T18:00:00Z,1.821500,1.834900,1.818400,1.832000,469455
2023-10-30T19:00:00Z,1.832000,1.847700,1.829900,1.840400,436113
2023-10-30T20:00:00Z,1.840400,1.841600,1.826500,1.832900,293795
2023-10-30T21:00:00Z,1.832800,1.850300,1.825600,1.847400,414049
2023-10-30T22:00:00Z,1.847400,1.852000,1.837300,1.839000,364447
2023-10-30T23:00:00Z,1.839100,1.846800,1.836600,1.840400,236510
2023-10-31T00:00:00Z,1.840500,1.870900,1.838500,1.859400,929939
2023-10-31T01:00:00Z,1.859500,1.864200,1.847800,1.862300,366863
2023-10-31T02:00:00Z,1.862400,1.870000,1.831400,1.842100,612795
2023-10-31T03:00:00Z,1.842100,1.845400,1.813600,1.816000,794468
2023-10-31T04:00:00Z,1.816100,1.825000,1.810000,1.821000,493397
2023-10-31T05:00:00Z,1.820700,1.826000,1.816400,1.819600,504344
2023-10-31T06:00:00Z,1.819700,1.832100,1.797500,1.814300,746753
2023-10-31T07:00:00Z,1.814000,1.815600,1.792100,1.796000,608778
2023-10-31T08:00:00Z,1.796100,1.814400,1.776000,1.812900,1273936
2023-10-31T09:00:00Z,1.812900,1.815200,1.803100,1.814500,312804
2023-10-31T10:00:00Z,1.814400,1.818600,1.806600,1.811100,486325
2023-10-31T11:00:00Z,1.810900,1.831600,1.807300,1.824000,594672
2023-10-31T12:00:00Z,1.824100,1.831800,1.790000,1.794400,1080168
2023-10-31T13:00:00Z,1.794400,1.801500,1.763000,1.781000,1117001
2023-10-31T14:00:00Z,1.780800,1.797000,1.766100,1.787400,933976
2023-10-31T15:00:00Z,1.787800,1.790400,1.699300,1.751800,3538867
2023-10-31T16:00:00Z,1.752000,1.779100,1.739300,1.773900,972663
2023-10-31T17:00:00Z,1.773800,1.778200,1.763700,1.773700,434021
2023-10-31T18:00:00Z,1.773900,1.799500,1.769100,1.795400,982125
2023-10-31T19:00:00Z,1.795400,1.811500,1.790300,1.794800,1124577
2023-10-31T20:00:00Z,1.794600,1.830000,1.794000,1.828700,1241325
2023-10-31T21:00:00Z,1.828800,1.834800,1.801300,1.815300,995031
2023-10-31T22:00:00Z,1.815300,1.834600,1.815000,1.824900,619812
2023-10-31T23:00:00Z,1.825000,1.834200,1.818600,1.829200,997150
2023-11-01T00:00:00Z,1.829100,1.853800,1.819400,1.850100,1028197
2023-11-01T01:00:00Z,1.850200,1.855000,1.833200,1.834100,616085
2023-11-01T02:00:00Z,1.834000,1.853100,1.828700,1.833800,558615
2023-11-01T03:00:00Z,1.833800,1.838600,1.822000,1.823500,415521
2023-11-01T04:00:00Z,1.823400,1.828500,1.817400,1.821900,274467
2023-11-01T05:00:00Z,1.821900,1.821900,1.791800,1.794900,857422
2023-11-01T06:00:00Z,1.794900,1.821700,1.787300,1.813800,800759
2023-11-01T07:00:00Z,1.813800,1.832100,1.808800,1.828000,484432
2023-11-01T08:00:00Z,1.827800,1.838500,1.822100,1.825500,635112
2023-11-01T09:00:00Z,1.825600,1.829400,1.800600,1.820300,1343618
2023-11-01T10:00:00Z,1.820300,1.828100,1.796400,1.801500,1045777
2023-11-01T11:00:00Z,1.801300,1.812300,1.796000,1.805000,523951
2023-11-01T12:00:00Z,1.804900,1.837100,1.792000,1.829600,858913
2023-11-01T13:00:00Z,1.829800,1.849500,1.794300,1.802500,2252648
2023-11-01T14:00:00Z,1.802800,1.808300,1.755400,1.767400,1651078
2023-11-01T15:00:00Z,1.767700,1.775500,1.741600,1.757200,1448348
2023-11-01T16:00:00Z,1.757400,1.795800,1.754900,1.793100,1324131
2023-11-01T17:00:00Z,1.793000,1.801800,1.777400,1.799500,866179
2023-11-01T18:00:00Z,1.799500,1.855100,1.789600,1.835900,3062661
2023-11-01T19:00:00Z,1.835800,1.890300,1.835800,1.867800,3463337
2023-11-01T20:00:00Z,1.867700,1.936200,1.866400,1.925800,4726742
2023-11-01T21:00:00Z,1.925900,1.932600,1.880200,1.887100,2290488
2023-11-01T22:00:00Z,1.887100,1.895400,1.877900,1.882500,1146096
2023-11-01T23:00:00Z,1.882400,1.891800,1.872000,1.886400,1164155
2023-11-02T00:00:00Z,1.886700,1.893300,1.856700,1.884300,1218179
2023-11-02T01:00:00Z,1.884300,1.924100,1.883400,1.906800,1231224
2023-11-02T02:00:00Z,1.906700,1.919000,1.885800,1.914500,1033569
2023-11-02T03:00:00Z,1.914900,1.927200,1.904800,1.909700,839702
2023-11-02T04:00:00Z,1.910000,1.917400,1.873500,1.878300,1075023
2023-11-02T05:00:00Z,1.878400,1.882100,1.837700,1.844300,2170013
2023-11-02T06:00:00Z,1.844400,1.865300,1.840500,1.851600,2874764
2023-11-02T07:00:00Z,1.851400,1.863100,1.843500,1.846700,703057
2023-11-02T08:00:00Z,1.846600,1.855700,1.830600,1.855000,905401
2023-11-02T09:00:00Z,1.855000,1.855600,1.841800,1.852600,451003
2023-11-02T10:00:00Z,1.852800,1.852800,1.828100,1.831200,876369
2023-11-02T11:00:00Z,1.831400,1.844800,1.826100,1.839300,951967
2023-11-02T12:00:00Z,1.839100,1.845800,1.832100,1.836200,689950
2023-11-02T13:00:00Z,1.836300,1.840200,1.779800,1.797100,3274514
2023-11-02T14:00:00Z,1.797200,1.807900,1.769500,1.778600,1604110
2023-11-02T15:00:00Z,1.778800,1.781800,1.729300,1.735900,3534636
2023-11-02T16:00:00Z,1.735800,1.769200,1.715000,1.767100,3657291
2023-11-02T17:00:00Z,1.767600,1.777400,1.759400,1.776200,1399184
2023-11-02T18:00:00Z,1.776100,1.777000,1.759900,1.771400,975444
2023-11-02T19:00:00Z,1.771200,1.786500,1.767800,1.783500,696614
2023-11-02T20:00:00Z,1.783600,1.786500,1.752600,1.765300,1023332
2023-11-02T21:00:00Z,1.765000,1.771600,1.754600,1.770300,376554
2023-11-02T22:00:00Z,1.770100,1.771500,1.750100,1.758100,573251
2023-11-02T23:00:00Z,1.758500,1.762600,1.743900,1.757700,705843
2023-11-03T00:00:00Z,1.757600,1.764700,1.719000,1.733300,1349027
2023-11-03T01:00:00Z,1.733200,1.738400,1.707000,1.729400,1310471
2023-11-03T02:00:00Z,1.729400,1.748200,1.726300,1.747200,534015
2023-11-03T03:00:00Z,1.747600,1.752600,1.739800,1.745700,403712
2023-11-03T04:00:00Z,1.745600,1.751700,1.727100,1.742300,510764
2023-11-03T05:00:00Z,1.742300,1.755600,1.733700,1.754400,460476
2023-11-03T06:00:00Z,1.754400,1.769700,1.753500,1.765700,581838
2023-11-03T07:00:00Z,1.765700,1.783100,1.757500,1.778500,1159060
2023-11-03T08:00:00Z,1.778300,1.786200,1.761600,1.777900,1078456
2023-11-03T09:00:00Z,1.777900,1.787600,1.760400,1.764200,848227
2023-11-03T10:00:00Z,1.764000,1.773200,1.750500,1.773200,1208161
2023-11-03T11:00:00Z,1.773100,1.779100,1.762000,1.774200,591324
2023-11-03T12:00:00Z,1.774200,1.787600,1.762000,1.774900,1272484
2023-11-03T13:00:00Z,1.774900,1.806900,1.766600,1.805000,1425474
2023-11-03T14:00:00Z,1.805100,1.830100,1.800700,1.812300,2060913
2023-11-03T15:00:00Z,1.812200,1.824600,1.804100,1.821300,904814
2023-11-03T16:00:00Z,1.821300,1.831700,1.803600,1.811600,1216385
2023-11-03T17:00:00Z,1.811700,1.815100,1.784600,1.804900,1034507
2023-11-03T18:00:00Z,1.805000,1.836900,1.796800,1.824800,1680325
2023-11-03T19:00:00Z,1.824800,1.842000,1.822400,1.833300,1138801
2023-11-03T20:00:00Z,1.833300,1.883000,1.827500,1.873800,2702446
2023-11-03T21:00:00Z,1.873900,1.917700,1.857200,1.901500,4087657
2023-11-03T22:00:00Z,1.901600,1.905400,1.873000,1.901100,2262235
2023-11-03T23:00:00Z,1.901000,1.930000,1.896200,1.929800,1399308
2023-11-04T00:00:00Z,1.929800,1.940900,1.908100,1.929500,2366417
2023-11-04T01:00:00Z,1.929400,1.958300,1.924900,1.951800,2069055
2023-11-04T02:00:00Z,1.951700,1.962900,1.941300,1.946400,1200250
2023-11-04T03:00:00Z,1.946400,1.952000,1.932800,1.937200,964737
2023-11-04T04:00:00Z,1.937300,1.951700,1.930200,1.937900,940433
2023-11-04T05:00:00Z,1.937900,1.946400,1.926600,1.945500,736481
2023-11-04T06:00:00Z,1.945400,1.968300,1.944700,1.951300,1303538
2023-11-04T07:00:00Z,1.951200,1.993700,1.949500,1.959700,2849427
2023-11-04T08:00:00Z,1.959800,2.044500,1.949500,2.036500,3732647
2023-11-04T09:00:00Z,2.036400,2.071600,2.007300,2.007800,3886142
2023-11-04T10:00:00Z,2.008400,2.021700,1.998300,2.014900,1559468
2023-11-04T11:00:00Z,2.015000,2.023500,1.992400,2.006100,1179998
2023-11-04T12:00:00Z,2.006500,2.026100,1.986000,1.997700,2280989
2023-11-04T13:00:00Z,1.997700,2.003200,1.970000,1.978800,1527418
2023-11-04T14:00:00Z,1.979000,1.990500,1.968300,1.974800,1046043
2023-11-04T15:00:00Z,1.974900,1.986500,1.960000,1.979600,1298423
2023-11-04T16:00:00Z,1.979500,2.011900,1.974300,2.004600,1534308
2023-11-04T17:00:00Z,2.004500,2.017600,1.978800,1.985000,1412255
2023-11-04T18:00:00Z,1.985000,2.018600,1.984500,2.013000,1234004
2023-11-04T19:00:00Z,2.012500,2.027900,2.012400,2.025600,1134109
2023-11-04T20:00:00Z,2.025600,2.048700,2.019100,2.033200,1160215
2023-11-04T21:00:00Z,2.033300,2.082400,2.028300,2.075200,2125466
2023-11-04T22:00:00Z,2.075100,2.075100,2.044100,2.066000,1595716
2023-11-04T23:00:00Z,2.066100,2.067700,2.024100,2.034500,1887571
2023-11-05T00:00:00Z,2.034600,2.044200,2.018000,2.031000,1150785
2023-11-05T01:00:00Z,2.031200,2.043000,2.023800,2.035600,533717
2023-11-05T02:00:00Z,2.035500,2.047000,2.026500,2.045600,588909
2023-11-05T03:00:00Z,2.045600,2.048000,2.029300,2.041700,1202338
2023-11-05T04:00:00Z,2.041600,2.042100,2.016400,2.025600,1113298
2023-11-05T05:00:00Z,2.025500,2.034500,2,2.018800,1420855
2023-11-05T06:00:00Z,2.018800,2.021400,1.993300,1.999000,1018173
2023-11-05T07:00:00Z,1.999200,2.014400,1.996500,2.002600,824189
2023-11-05T08:00:00Z,2.002600,2.032300,1.984300,1.993700,2064289
2023-11-05T09:00:00Z,1.993800,2.022800,1.989700,2.017700,743550
2023-11-05T10:00:00Z,2.017500,2.021900,1.999100,2.020400,816368
2023-11-05T11:00:00Z,2.020200,2.029900,2.006600,2.021800,623168
2023-11-05T12:00:00Z,2.021800,2.035400,2.018900,2.022800,1201327
2023-11-05T13:00:00Z,2.022700,2.039200,1.989900,2.001100,2240759
2023-11-05T14:00:00Z,2.001200,2.032300,1.998000,2.013200,1489724
2023-11-05T15:00:00Z,2.013200,2.018700,1.982800,2.002300,1139319
2023-11-05T16:00:00Z,2.002500,2.017200,1.984400,2.008300,1026337
2023-11-05T17:00:00Z,2.008400,2.056100,2.001600,2.037600,2083216
2023-11-05T18:00:00Z,2.037600,2.050800,2.014400,2.042500,1295718
2023-11-05T19:00:00Z,2.042600,2.049500,2.025400,2.029800,690629
2023-11-05T20:00:00Z,2.029800,2.042400,2.011900,2.018800,741232
2023-11-05T21:00:00Z,2.018600,2.019700,1.963100,1.985100,2355845
2023-11-05T22:00:00Z,1.985300,2.016900,1.984600,2.015400,947506
2023-11-05T23:00:00Z,2.015400,2.056900,2.014800,2.019400,1470840
2023-11-06T00:00:00Z,2.019400,2.046800,2.015400,2.044600,1097878
2023-11-06T01:00:00Z,2.044400,2.053600,2.020600,2.027500,742550
2023-11-06T02:00:00Z,2.027600,2.036600,2.015700,2.023700,551911
2023-11-06T03:00:00Z,2.023400,2.029400,2.006500,2.013900,485368
2023-11-06T04:00:00Z,2.013900,2.017800,1.988600,1.996600,838443
2023-11-06T05:00:00Z,1.996600,2.001600,1.965000,1.987900,929268
2023-11-06T06:00:00Z,1.988500,2.005000,1.984200,2.002400,426223
2023-11-06T07:00:00Z,2.002700,2.023500,2.001400,2.020400,658023
2023-11-06T08:00:00Z,2.020500,2.022000,1.993700,2.014400,659225
2023-11-06T09:00:00Z,2.014300,2.021600,1.995800,1.997900,601566
2023-11-06T10:00:00Z,1.998000,2.039600,1.993100,2.038100,1278358
2023-11-06T11:00:00Z,2.037800,2.049300,2.025400,2.049300,992746
2023-11-06T12:00:00Z,2.049100,2.092700,2.028400,2.090700,1880071
2023-11-06T13:00:00Z,2.090400,2.095500,2.000800,2.023400,3100042
2023-11-06T14:00:00Z,2.023700,2.036000,2.005200,2.028300,1603887
2023-11-06T15:00:00Z,2.027600,2.035100,2.006100,2.007000,1687799
2023-11-06T16:00:00Z,2.007300,2.020900,1.975000,2.003900,2192795
2023-11-06T17:00:00Z,2.003800,2.024100,1.994000,2.012700,1751017
2023-11-06T18:00:00Z,2.012700,2.026800,2.000700,2.022200,794172
2023-11-06T19:00:00Z,2.022300,2.045600,2.021400,2.043100,1035490
2023-11-06T20:00:00Z,2.043200,2.044800,2.017700,2.031900,736512
2023-11-06T21:00:00Z,2.032100,2.032500,2.003000,2.022900,635279
2023-11-06T22:00:00Z,2.022600,2.055600,2.019300,2.047000,1056775
2023-11-06T23:00:00Z,2.047200,2.055600,2.022200,2.025000,973662
2023-11-07T00:00:00Z,2.024900,2.036200,1.982600,2.000500,1887454
2023-11-07T01:00:00Z,2.000400,2.014500,1.992500,2.013200,869397
2023-11-07T02:00:00Z,2.013200,2.022500,1.967500,1.973300,1159092
2023-11-07T03:00:00Z,1.973400,2.001000,1.968600,1.999100,552969
2023-11-07T04:00:00Z,1.999200,2.001300,1.977800,1.997900,720623
2023-11-07T05:00:00Z,1.997800,2.005900,1.988400,2.005600,448078
2023-11-07T06:00:00Z,2.005700,2.010800,1.996300,2.008300,560519
2023-11-07T07:00:00Z,2.008400,2.014300,1.992200,2.009300,1044323
2023-11-07T08:00:00Z,2.009400,2.027800,2.005200,2.022100,922259
2023-11-07T09:00:00Z,2.022100,2.025500,1.969800,1.982500,1832097
2023-11-07T10:00:00Z,1.982300,1.988900,1.965200,1.971800,1922193
2023-11-07T11:00:00Z,1.971800,1.987400,1.968300,1.974300,891090
2023-11-07T12:00:00Z,1.974200,1.993000,1.952500,1.991400,1300189
2023-11-07T13:00:00Z,1.991100,1.994400,1.968200,1.986100,915947
2023-11-07T14:00:00Z,1.986100,1.997100,1.972000,1.984800,821989
2023-11-07T15:00:00Z,1.985100,1.985700,1.921200,1.935800,3004719
2023-11-07T16:00:00Z,1.935900,1.952500,1.908300,1.917100,2341653
2023-11-07T17:00:00Z,1.917400,1.953200,1.900300,1.950300,1772654
2023-11-07T18:00:00Z,1.950200,2.009700,1.950200,2.003700,4107297
2023-11-07T19:00:00Z,2.003800,2.023500,1.997400,2.004100,1556870
2023-11-07T20:00:00Z,2.004200,2.040300,2.003800,2.031200,1872524
2023-11-07T21:00:00Z,2.031200,2.034800,2.007600,2.017000,944458
2023-11-07T22:00:00Z,2.017500,2.018200,1.971000,1.972200,1862453
2023-11-07T23:00:00Z,1.972000,1.977900,1.955300,1.966800,1009281
2023-11-08T00:00:00Z,1.966900,1.981600,1.950000,1.968700,823099
2023-11-08T01:00:00Z,1.968800,1.991300,1.959100,1.976800,651992
2023-11-08T02:00:00Z,1.976800,1.980000,1.959500,1.960300,414620
2023-11-08T03:00:00Z,1.960300,1.964200,1.940000,1.948400,1104448
2023-11-08T04:00:00Z,1.948400,1.958500,1.944500,1.954900,451940
2023-11-08T05:00:00Z,1.954900,1.958600,1.921200,1.930600,1751563
2023-11-08T06:00:00Z,1.930600,1.947200,1.921800,1.946700,643412
2023-11-08T07:00:00Z,1.946800,1.955400,1.935600,1.939800,794641
2023-11-08T08:00:00Z,1.939800,1.951400,1.933800,1.950000,916833
2023-11-08T09:00:00Z,1.950000,1.967400,1.948300,1.962300,792950
2023-11-08T10:00:00Z,1.962400,1.971500,1.958300,1.969800,805041
2023-11-08T11:00:00Z,1.969700,1.974100,1.949800,1.951500,789094
2023-11-08T12:00:00Z,1.951300,1.956500,1.941500,1.945100,875704
2023-11-08T13:00:00Z,1.945100,1.953800,1.922400,1.952100,1358452
2023-11-08T14:00:00Z,1.952000,1.954600,1.925000,1.937500,1675418
2023-11-08T15:00:00Z,1.937600,1.943200,1.909400,1.940700,1538338
2023-11-08T16:00:00Z,1.940500,1.970900,1.931400,1.967800,1326200
2023-11-08T17:00:00Z,1.967700,1.971300,1.954400,1.963300,1181408
2023-11-08T18:00:00Z,1.963000,1.977200,1.948900,1.969600,2084781
2023-11-08T19:00:00Z,1.969400,1.983600,1.957800,1.977200,1887677
2023-11-08T20:00:00Z,1.977100,1.981600,1.950000,1.960700,1007652
2023-11-08T21:00:00Z,1.960400,1.967000,1.920900,1.938600,1512402
2023-11-08T22:00:00Z,1.938900,1.953000,1.928000,1.946500,799467
2023-11-08T23:00:00Z,1.946500,1.962500,1.940200,1.949400,579244
2023-11-09T00:00:00Z,1.949500,1.977300,1.929000,1.972600,1378393
2023-11-09T01:00:00Z,1.972800,1.994900,1.971900,1.976400,1794576
2023-11-09T02:00:00Z,1.976500,2.035800,1.968400,2.017100,2571414
2023-11-09T03:00:00Z,2.017000,2.024000,1.990300,2.015800,992146
2023-11-09T04:00:00Z,2.016200,2.033800,2.013700,2.027100,1685163
2023-11-09T05:00:00Z,2.027200,2.028000,2.008100,2.019100,673535
2023-11-09T06:00:00Z,2.019100,2.085300,2.017900,2.079100,2657940
2023-11-09T07:00:00Z,2.079000,2.089500,2.019400,2.025400,3266665
2023-11-09T08:00:00Z,2.025400,2.047800,2.018600,2.019500,1434165
2023-11-09T09:00:00Z,2.019600,2.022200,2.001600,2.015500,1328606
2023-11-09T10:00:00Z,2.015500,2.031400,2.005600,2.020100,1052723
2023-11-09T11:00:00Z,2.020100,2.022200,1.977800,1.987600,1627597
2023-11-09T12:00:00Z,1.987700,1.992000,1.977000,1.985400,1413909
2023-11-09T13:00:00Z,1.985700,1.995400,1.938000,1.943400,3130062
2023-11-09T14:00:00Z,1.943400,2.080200,1.936500,2.074200,7114777
2023-11-09T15:00:00Z,2.074100,2.380000,2.072100,2.220300,38517162
2023-11-09T16:00:00Z,2.220200,2.238400,1.862100,2.146700,48652431
2023-11-09T17:00:00Z,2.147200,2.191200,2.100000,2.177600,11562909
2023-11-09T18:00:00Z,2.177700,2.181900,2.108200,2.114000,7138535
2023-11-09T19:00:00Z,2.113500,2.156100,2.075600,2.153000,5347674
2023-11-09T20:00:00Z,2.153100,2.208200,2.088000,2.192000,6966671
2023-11-09T21:00:00Z,2.191900,2.330000,2.185400,2.301000,12104227
2023-11-09T22:00:00Z,2.301500,2.350000,2.277400,2.341000,10402658
2023-11-09T23:00:00Z,2.340700,2.354800,2.299500,2.324100,6210669
2023-11-10T00:00:00Z,2.324000,2.337300,2.286000,2.289600,4557652
2023-11-10T01:00:00Z,2.289400,2.430000,2.281900,2.424900,6366313
2023-11-10T02:00:00Z,2.425200,2.443700,2.383800,2.432600,4957305
2023-11-10T03:00:00Z,2.432600,2.457000,2.343000,2.363800,6252958
2023-11-10T04:00:00Z,2.363900,2.396300,2.338500,2.391700,3752756
2023-11-10T05:00:00Z,2.391700,2.398400,2.347700,2.398000,2830940
2023-11-10T06:00:00Z,2.397700,2.400100,2.325800,2.354400,3502717
2023-11-10T07:00:00Z,2.354500,2.379100,2.310400,2.341500,3643504
2023-11-10T08:00:00Z,2.340800,2.402500,2.278000,2.401900,5497477
2023-11-10T09:00:00Z,2.401500,2.478600,2.393900,2.472900,7227319
2023-11-10T10:00:00Z,2.473000,2.499200,2.403900,2.439500,8153491
2023-11-10T11:00:00Z,2.439500,2.443800,2.390900,2.404900,3827057
2023-11-10T12:00:00Z,2.405000,2.406600,2.313500,2.327500,7198279
2023-11-10T13:00:00Z,2.327500,2.330800,2.250000,2.259200,5663210
2023-11-10T14:00:00Z,2.259400,2.290900,2.235000,2.253000,5191066
2023-11-10T15:00:00Z,2.252200,2.324400,2.251200,2.320700,4879151
2023-11-10T16:00:00Z,2.320800,2.342800,2.304700,2.313500,3123822
2023-11-10T17:00:00Z,2.312900,2.344300,2.284400,2.299100,2460273
2023-11-10T18:00:00Z,2.299300,2.332900,2.272500,2.286500,2583702
2023-11-10T19:00:00Z,2.286300,2.298000,2.239000,2.246500,2544721
2023-11-10T20:00:00Z,2.246500,2.251700,2.203600,2.243300,4313064
2023-11-10T21:00:00Z,2.243100,2.278800,2.240200,2.266000,2184247
2023-11-10T22:00:00Z,2.267000,2.284900,2.248000,2.269100,1797190
2023-11-10T23:00:00Z,2.269100,2.319600,2.268100,2.297600,2542393
2023-11-11T00:00:00Z,2.297600,2.319200,2.274000,2.286200,2970125
2023-11-11T01:00:00Z,2.286700,2.307100,2.235700,2.267100,3480969
2023-11-11T02:00:00Z,2.267300,2.325600,2.224500,2.301100,3773707
2023-11-11T03:00:00Z,2.301200,2.308000,2.261100,2.271400,2093255
2023-11-11T04:00:00Z,2.271200,2.277700,2.202000,2.222900,4204132
2023-11-11T05:00:00Z,2.222900,2.278300,2.215500,2.274700,2023914
2023-11-11T06:00:00Z,2.274800,2.288200,2.238200,2.274800,1371590
2023-11-11T07:00:00Z,2.275100,2.314100,2.251500,2.263700,2220343
2023-11-11T08:00:00Z,2.263300,2.291800,2.251200,2.260800,1602534
2023-11-11T09:00:00Z,2.261000,2.301500,2.252300,2.299500,1121203
2023-11-11T10:00:00Z,2.299400,2.305400,2.270700,2.287600,1449523
2023-11-11T11:00:00Z,2.287600,2.288200,2.257300,2.257300,1197974
2023-11-11T12:00:00Z,2.257200,2.282500,2.240100,2.278000,1496559
2023-11-11T13:00:00Z,2.277900,2.294100,2.264500,2.293000,1078278
2023-11-11T14:00:00Z,2.293100,2.349000,2.290300,2.338800,4140622
2023-11-11T15:00:00Z,2.338800,2.342400,2.279800,2.290400,2169856
2023-11-11T16:00:00Z,2.290400,2.364400,2.286400,2.362600,2656897
2023-11-11T17:00:00Z,2.363000,2.375600,2.281500,2.320900,4433719
2023-11-11T18:00:00Z,2.321100,2.327000,2.282400,2.306800,1827149
2023-11-11T19:00:00Z,2.306800,2.341200,2.305600,2.337600,1481302
2023-11-11T20:00:00Z,2.337700,2.338400,2.268500,2.273300,2269666
2023-11-11T21:00:00Z,2.273200,2.296100,2.247100,2.263600,1803393
2023-11-11T22:00:00Z,2.263900,2.268500,2.216600,2.221500,3107974
2023-11-11T23:00:00Z,2.221500,2.244700,2.189200,2.242800,2303667
2023-11-12T00:00:00Z,2.243200,2.251400,2.123900,2.174000,4634287
2023-11-12T01:00:00Z,2.174200,2.204800,2.162700,2.196900,1720555
2023-11-12T02:00:00Z,2.196900,2.206500,2.178300,2.202500,1153014
2023-11-12T03:00:00Z,2.202700,2.238800,2.195900,2.228700,1423190
2023-11-12T04:00:00Z,2.228700,2.240300,2.192500,2.208300,1220692
2023-11-12T05:00:00Z,2.208400,2.239400,2.195000,2.235700,785361
2023-11-12T06:00:00Z,2.235600,2.261400,2.222500,2.261000,1106918
2023-11-12T07:00:00Z,2.261100,2.289000,2.258700,2.280900,1898338
2023-11-12T08:00:00Z,2.280800,2.287200,2.249600,2.262700,1480692
2023-11-12T09:00:00Z,2.262800,2.269100,2.213100,2.244100,2591085
2023-11-12T10:00:00Z,2.244000,2.259200,2.220800,2.231800,1301325
2023-11-12T11:00:00Z,2.231700,2.254100,2.226000,2.240600,697034
2023-11-12T12:00:00Z,2.240500,2.244200,2.200500,2.213000,1423421
2023-11-12T13:00:00Z,2.213000,2.220800,2.180400,2.216400,1364220
2023-11-12T14:00:00Z,2.216300,2.327200,2.215200,2.293600,4530664
2023-11-12T15:00:00Z,2.293500,2.328500,2.257900,2.304100,2671493
2023-11-12T16:00:00Z,2.304300,2.324500,2.251000,2.257000,2359977
2023-11-12T17:00:00Z,2.257300,2.267500,2.235400,2.247100,1337929
2023-11-12T18:00:00Z,2.247300,2.267200,2.227300,2.255300,1246531
2023-11-12T19:00:00Z,2.255500,2.265500,2.233900,2.255100,836913
2023-11-12T20:00:00Z,2.255100,2.279800,2.241000,2.268100,808379
2023-11-12T21:00:00Z,2.268300,2.315600,2.264200,2.310500,1397453
2023-11-12T22:00:00Z,2.310500,2.320000,2.294000,2.315700,1691246
2023-11-12T23:00:00Z,2.315600,2.320000,2.239000,2.271300,2586012
2023-11-13T00:00:00Z,2.271200,2.324300,2.233900,2.319800,1976135
2023-11-13T01:00:00Z,2.320000,2.353600,2.312600,2.335800,2048921
2023-11-13T02:00:00Z,2.335900,2.370000,2.323100,2.343700,1496048
2023-11-13T03:00:00Z,2.343700,2.348100,2.231000,2.238900,2977487
2023-11-13T04:00:00Z,2.238900,2.256700,2.214400,2.231400,2163393
2023-11-13T05:00:00Z,2.231700,2.254900,2.210700,2.252700,1342341
2023-11-13T06:00:00Z,2.252500,2.255400,2.211400,2.251800,1471600
2023-11-13T07:00:00Z,2.251900,2.267500,2.239000,2.249800,2096509
2023-11-13T08:00:00Z,2.250600,2.354700,2.243000,2.348900,3301954
2023-11-13T09:00:00Z,2.348300,2.398600,2.304300,2.366900,4156736
2023-11-13T10:00:00Z,2.366700,2.380100,2.325000,2.378600,2712426
2023-11-13T11:00:00Z,2.378300,2.388400,2.286000,2.318000,4099686
2023-11-13T12:00:00Z,2.317500,2.374500,2.272600,2.367800,3349065
2023-11-13T13:00:00Z,2.367700,2.385100,2.312200,2.373700,3522948
2023-11-13T14:00:00Z,2.373500,2.416400,2.272500,2.386100,9307092
2023-11-13T15:00:00Z,2.386200,2.463900,2.359200,2.454200,11207984
2023-11-13T16:00:00Z,2.454900,2.480000,2.383200,2.409500,5705654
2023-11-13T17:00:00Z,2.409500,2.416300,2.316000,2.386900,6404076
2023-11-13T18:00:00Z,2.386900,2.435900,2.357700,2.434200,2925441
2023-11-13T19:00:00Z,2.434400,2.468700,2.419900,2.459200,2113780
2023-11-13T20:00:00Z,2.459100,2.478400,2.417200,2.430000,2567426
2023-11-13T21:00:00Z,2.429400,2.430600,2.243100,2.284800,14221726
2023-11-13T22:00:00Z,2.284900,2.313800,2.261700,2.280200,3580416
2023-11-13T23:00:00Z,2.280100,2.316000,2.221800,2.228100,2627878
2023-11-14T00:00:00Z,2.227800,2.245300,2.100700,2.141600,9684331
2023-11-14T01:00:00Z,2.141700,2.196100,2.133700,2.143200,3126644
2023-11-14T02:00:00Z,2.142800,2.184600,2.142800,2.181500,2058788
2023-11-14T03:00:00Z,2.181400,2.203200,2.178400,2.194200,1439612
2023-11-14T04:00:00Z,2.194300,2.224500,2.170100,2.199500,1700993
2023-11-14T05:00:00Z,2.199500,2.236500,2.190200,2.227300,1725310
2023-11-14T06:00:00Z,2.227200,2.241300,2.203800,2.221300,1115993
2023-11-14T07:00:00Z,2.221100,2.235800,2.209300,2.229200,1093172
2023-11-14T08:00:00Z,2.229400,2.285300,2.205900,2.266800,4853697
2023-11-14T09:00:00Z,2.266900,2.317200,2.212300,2.212900,7135588
2023-11-14T10:00:00Z,2.214300,2.234500,2.188300,2.209100,2432400
2023-11-14T11:00:00Z,2.209300,2.216700,2.145600,2.188500,4445721
2023-11-14T12:00:00Z,2.188500,2.205900,2.166100,2.191700,1986837
2023-11-14T13:00:00Z,2.191300,2.252000,2.179300,2.200800,4524718
2023-11-14T14:00:00Z,2.200700,2.234000,2.178500,2.228400,3097837
2023-11-14T15:00:00Z,2.228500,2.231500,2.155700,2.205700,4525717
2023-11-14T16:00:00Z,2.204700,2.241000,2.194200,2.230800,2747538
2023-11-14T17:00:00Z,2.231000,2.234300,2.163000,2.168300,2776437
2023-11-14T18:00:00Z,2.168900,2.179200,2.033600,2.107800,7629321
2023-11-14T19:00:00Z,2.107700,2.182800,2.099000,2.176800,3932715
2023-11-14T20:00:00Z,2.176500,2.264700,2.163800,2.242300,3930910
2023-11-14T21:00:00Z,2.242300,2.285100,2.235000,2.274700,2096690
2023-11-14T22:00:00Z,2.275400,2.350000,2.273700,2.329500,3813539
2023-11-14T23:00:00Z,2.329400,2.408100,2.316400,2.366400,3631962
2023-11-15T00:00:00Z,2.366000,2.420200,2.342500,2.354600,2815612
2023-11-15T01:00:00Z,2.354500,2.375700,2.308300,2.311900,1947919
2023-11-15T02:00:00Z,2.311900,2.365000,2.310400,2.361700,1649904
2023-11-15T03:00:00Z,2.361700,2.366700,2.338000,2.351600,1657772
2023-11-15T04:00:00Z,2.351600,2.422000,2.350600,2.414400,2911013
2023-11-15T05:00:00Z,2.414400,2.470400,2.404200,2.458400,6874648
2023-11-15T06:00:00Z,2.458300,2.471700,2.417800,2.427000,3520130
2023-11-15T07:00:00Z,2.426800,2.474700,2.423300,2.471800,2306550
2023-11-15T08:00:00Z,2.471700,2.520000,2.455800,2.516000,5073352
2023-11-15T09:00:00Z,2.516300,2.528800,2.407900,2.428800,6121913
2023-11-15T10:00:00Z,2.429200,2.454200,2.426300,2.449500,1833077
2023-11-15T11:00:00Z,2.449500,2.496000,2.449300,2.476200,1871436
2023-11-15T12:00:00Z,2.476600,2.505700,2.451300,2.458900,1956855
2023-11-15T13:00:00Z,2.458700,2.490300,2.443100,2.472600,2268579
2023-11-15T14:00:00Z,2.472400,2.515000,2.470600,2.490800,2817417
2023-11-15T15:00:00Z,2.491200,2.533100,2.471500,2.479300,3351484
2023-11-15T16:00:00Z,2.479100,2.504300,2.437000,2.455100,2868647
2023-11-15T17:00:00Z,2.454300,2.459300,2.424200,2.448200,1982309
2023-11-15T18:00:00Z,2.448400,2.514000,2.410600,2.459300,4896524
2023-11-15T19:00:00Z,2.458900,2.477300,2.412200,2.476900,2169979
2023-11-15T20:00:00Z,2.476500,2.486400,2.449300,2.462600,1202290
2023-11-15T21:00:00Z,2.461500,2.468500,2.421000,2.428300,976763
2023-11-15T22:00:00Z,2.428200,2.453000,2.419000,2.439000,2247391
2023-11-15T23:00:00Z,2.439000,2.455000,2.425600,2.448000,1665402
2023-11-16T00:00:00Z,2.448000,2.504900,2.423000,2.500600,1881776
2023-11-16T01:00:00Z,2.500200,2.531000,2.470000,2.481000,2131436
2023-11-16T02:00:00Z,2.480400,2.492700,2.447200,2.452200,1365570
2023-11-16T03:00:00Z,2.452400,2.489000,2.440200,2.466600,1260196
2023-11-16T04:00:00Z,2.466100,2.472400,2.435200,2.453600,1450718
2023-11-16T05:00:00Z,2.453700,2.496300,2.432300,2.496000,2302052
2023-11-16T06:00:00Z,2.496000,2.500000,2.439300,2.454700,2643864
2023-11-16T07:00:00Z,2.454400,2.465400,2.434500,2.459600,1347146
2023-11-16T08:00:00Z,2.459900,2.490000,2.374000,2.384600,5105445
2023-11-16T09:00:00Z,2.384500,2.390400,2.338100,2.367300,4335943
2023-11-16T10:00:00Z,2.367600,2.385000,2.352100,2.355600,1490956
2023-11-16T11:00:00Z,2.355600,2.603900,2.353000,2.494900,18701731
2023-11-16T12:00:00Z,2.495500,2.496000,2.368900,2.382600,9464480
2023-11-16T13:00:00Z,2.382700,2.400600,2.320100,2.382200,5283350
2023-11-16T14:00:00Z,2.382100,2.416000,2.343000,2.407500,3084420
2023-11-16T15:00:00Z,2.407600,2.420500,2.316800,2.371400,4015477
2023-11-16T16:00:00Z,2.371500,2.377900,2.340600,2.352000,2861404
2023-11-16T17:00:00Z,2.352100,2.357800,2.289000,2.309700,3380852
2023-11-16T18:00:00Z,2.309500,2.323000,2.260100,2.279700,3924295
2023-11-16T19:00:00Z,2.279700,2.317700,2.238900,2.311400,5794746
2023-11-16T20:00:00Z,2.311300,2.314000,2.256000,2.260400,2724520
2023-11-16T21:00:00Z,2.260400,2.270200,2.235000,2.257200,2775014
2023-11-16T22:00:00Z,2.257200,2.298600,2.255200,2.282400,1188477
2023-11-16T23:00:00Z,2.282500,2.284000,2.233500,2.253800,1946612
2023-11-17T00:00:00Z,2.253800,2.293700,2.244000,2.292400,1679769
2023-11-17T01:00:00Z,2.292400,2.316500,2.276000,2.314300,1546647
2023-11-17T02:00:00Z,2.314300,2.323500,2.280900,2.288600,1476253
2023-11-17T03:00:00Z,2.288400,2.291900,2.260100,2.277200,1079830
2023-11-17T04:00:00Z,2.277100,2.287000,2.256600,2.265300,1146280
2023-11-17T05:00:00Z,2.265300,2.282300,2.251200,2.274300,962100
2023-11-17T06:00:00Z,2.274400,2.279300,2.253300,2.261000,1149155
2023-11-17T07:00:00Z,2.261200,2.263800,2.193500,2.205300,3119200
2023-11-17T08:00:00Z,2.205400,2.229800,2.190600,2.220500,1729235
2023-11-17T09:00:00Z,2.220100,2.225800,2.184700,2.191800,1321389
2023-11-17T10:00:00Z,2.191700,2.194200,2.130000,2.164100,5599328
2023-11-17T11:00:00Z,2.164400,2.177200,2.152400,2.158100,1895123
2023-11-17T12:00:00Z,2.158100,2.179300,2.128200,2.178200,2104221
2023-11-17T13:00:00Z,2.178300,2.199400,2.152000,2.156700,2437260
2023-11-17T14:00:00Z,2.157100,2.170600,2.107400,2.142800,2693460
2023-11-17T15:00:00Z,2.142300,2.155400,2.090300,2.100600,3779729
2023-11-17T16:00:00Z,2.101500,2.132600,2.082300,2.107400,2489327
2023-11-17T17:00:00Z,2.107400,2.167000,2.102000,2.161400,3363607
2023-11-17T18:00:00Z,2.161500,2.163600,2.139900,2.156600,1208158
2023-11-17T19:00:00Z,2.156600,2.164000,2.130000,2.133200,1186555
2023-11-17T20:00:00Z,2.133300,2.156000,2.119100,2.122400,1108348
2023-11-17T21:00:00Z,2.122300,2.135400,2.115000,2.133000,786262
2023-11-17T22:00:00Z,2.133200,2.197700,2.131100,2.196000,4447540
2023-11-17T23:00:00Z,2.195800,2.214600,2.184200,2.213900,2011399
2023-11-18T00:00:00Z,2.213600,2.214500,2.158000,2.160800,1520861
2023-11-18T01:00:00Z,2.160700,2.180500,2.139700,2.152000,1394224
2023-11-18T02:00:00Z,2.152000,2.168200,2.147400,2.155300,803608
2023-11-18T03:00:00Z,2.155400,2.160600,2.131000,2.139500,946313
2023-11-18T04:00:00Z,2.139600,2.160800,2.130600,2.133300,758331
2023-11-18T05:00:00Z,2.133600,2.136400,2.101500,2.108000,1580797
2023-11-18T06:00:00Z,2.107900,2.121500,2.096900,2.098200,1182909
2023-11-18T07:00:00Z,2.098300,2.147600,2.066000,2.143600,2158854
2023-11-18T08:00:00Z,2.143500,2.181200,2.133200,2.176800,1379245
2023-11-18T09:00:00Z,2.176700,2.185300,2.159700,2.164800,1207917
2023-11-18T10:00:00Z,2.164700,2.188500,2.152700,2.184800,1257071
2023-11-18T11:00:00Z,2.184700,2.186700,2.161100,2.164900,905814
2023-11-18T12:00:00Z,2.164900,2.185700,2.152200,2.174300,1058838
2023-11-18T13:00:00Z,2.174300,2.194400,2.132000,2.187400,2191763
2023-11-18T14:00:00Z,2.187200,2.202400,2.181000,2.196400,1733719
2023-11-18T15:00:00Z,2.196500,2.223500,2.196300,2.212800,1740028
2023-11-18T16:00:00Z,2.212700,2.228600,2.185300,2.203300,1810957
2023-11-18T17:00:00Z,2.203400,2.251300,2.192300,2.245900,3778546
2023-11-18T18:00:00Z,2.245900,2.269900,2.232100,2.265700,2468737
2023-11-18T19:00:00Z,2.265900,2.291800,2.262700,2.282000,1628233
2023-11-18T20:00:00Z,2.282100,2.292600,2.245300,2.249300,1721111
2023-11-18T21:00:00Z,2.249400,2.260200,2.237200,2.248200,1313570
2023-11-18T22:00:00Z,2.248400,2.252500,2.230000,2.242400,1068916
2023-11-18T23:00:00Z,2.242300,2.250700,2.235500,2.248800,824568
2023-11-19T00:00:00Z,2.248700,2.259600,2.224000,2.227100,1956509
2023-11-19T01:00:00Z,2.227100,2.247600,2.200000,2.246700,1680188
2023-11-19T02:00:00Z,2.246600,2.248800,2.212400,2.238200,944904
2023-11-19T03:00:00Z,2.238500,2.254800,2.219200,2.250800,981344
2023-11-19T04:00:00Z,2.250600,2.289300,2.249400,2.277100,2308837
2023-11-19T05:00:00Z,2.277100,2.303700,2.276900,2.293000,1587008
2023-11-19T06:00:00Z,2.292900,2.312100,2.282900,2.286500,969078
2023-11-19T07:00:00Z,2.286400,2.295700,2.267700,2.277800,777863
2023-11-19T08:00:00Z,2.277800,2.294300,2.263900,2.268100,1214403
2023-11-19T09:00:00Z,2.268100,2.282000,2.265100,2.278000,560151
2023-11-19T10:00:00Z,2.278000,2.286000,2.261900,2.268400,611499
2023-11-19T11:00:00Z,2.268400,2.287100,2.248300,2.286400,1694010
2023-11-19T12:00:00Z,2.286600,2.286900,2.250000,2.270800,800139
2023-11-19T13:00:00Z,2.270800,2.277800,2.258100,2.258500,461812
2023-11-19T14:00:00Z,2.258400,2.263200,2.231300,2.253600,1112202
2023-11-19T15:00:00Z,2.253600,2.284900,2.243200,2.279400,894953
2023-11-19T16:00:00Z,2.279400,2.293800,2.269900,2.283400,737239
2023-11-19T17:00:00Z,2.283500,2.293300,2.270900,2.274200,690358
2023-11-19T18:00:00Z,2.274100,2.289900,2.257100,2.275100,1540950
2023-11-19T19:00:00Z,2.275200,2.290200,2.271000,2.284700,1108994
2023-11-19T20:00:00Z,2.284700,2.297900,2.250000,2.296000,1770296
2023-11-19T21:00:00Z,2.295900,2.319500,2.290400,2.311000,2486068
2023-11-19T22:00:00Z,2.311000,2.312800,2.279100,2.296600,1779441
2023-11-19T23:00:00Z,2.296700,2.378700,2.295500,2.374100,2279454
2023-11-20T00:00:00Z,2.374100,2.389000,2.349200,2.376200,1829772
2023-11-20T01:00:00Z,2.376200,2.393600,2.365000,2.391400,906469
2023-11-20T02:00:00Z,2.391200,2.395300,2.372000,2.373800,2011079
2023-11-20T03:00:00Z,2.373600,2.382400,2.357700,2.376600,850481
2023-11-20T04:00:00Z,2.376800,2.414100,2.365900,2.412400,1048605
2023-11-20T05:00:00Z,2.412400,2.419500,2.377700,2.381100,1434639
2023-11-20T06:00:00Z,2.381100,2.421700,2.368800,2.421700,1138135
2023-11-20T07:00:00Z,2.421700,2.476800,2.421500,2.474500,2868250
2023-11-20T08:00:00Z,2.474600,2.484300,2.433800,2.453900,2248955
2023-11-20T09:00:00Z,2.453800,2.521800,2.445400,2.518700,2588405
2023-11-20T10:00:00Z,2.518700,2.547600,2.486500,2.535000,3514285
2023-11-20T11:00:00Z,2.535100,2.541700,2.480400,2.490200,2864269
2023-11-20T12:00:00Z,2.490300,2.514500,2.474500,2.497000,1609490
2023-11-20T13:00:00Z,2.497200,2.526700,2.492000,2.496700,1939102
2023-11-20T14:00:00Z,2.496800,2.595000,2.477400,2.571700,7139558
2023-11-20T15:00:00Z,2.571700,2.584500,2.514600,2.522800,3615220
2023-11-20T16:00:00Z,2.523000,2.555200,2.455200,2.466500,4334564
2023-11-20T17:00:00Z,2.466800,2.537500,2.450000,2.529300,3995389
2023-11-20T18:00:00Z,2.529400,2.554800,2.465200,2.493800,3227115
2023-11-20T19:00:00Z,2.494400,2.533400,2.487500,2.497000,2199339
2023-11-20T20:00:00Z,2.497400,2.504900,2.459800,2.465900,1563130
2023-11-20T21:00:00Z,2.466000,2.469000,2.424500,2.451400,1906590
2023-11-20T22:00:00Z,2.451000,2.454100,2.415800,2.429400,1753929
2023-11-20T23:00:00Z,2.429300,2.446300,2.411300,2.421500,1086921
2023-11-21T00:00:00Z,2.421500,2.453600,2.414400,2.434000,2089330
2023-11-21T01:00:00Z,2.433900,2.471700,2.427100,2.444300,1371222
2023-11-21T02:00:00Z,2.443900,2.450000,2.370000,2.384800,3066317
2023-11-21T03:00:00Z,2.384600,2.411500,2.382000,2.408500,1034483
2023-11-21T04:00:00Z,2.408400,2.413400,2.390300,2.400500,2045986
2023-11-21T05:00:00Z,2.400500,2.414000,2.389300,2.405800,704971
2023-11-21T06:00:00Z,2.405900,2.418900,2.391700,2.393900,745584
2023-11-21T07:00:00Z,2.393900,2.395000,2.353000,2.358600,1503124
2023-11-21T08:00:00Z,2.358600,2.375500,2.352800,2.373700,958285
2023-11-21T09:00:00Z,2.373800,2.378600,2.357000,2.358700,765316
2023-11-21T10:00:00Z,2.358800,2.386500,2.356000,2.376000,833764
2023-11-21T11:00:00Z,2.375400,2.376200,2.344000,2.351100,1241905
2023-11-21T12:00:00Z,2.351300,2.368500,2.347200,2.357700,613540
2023-11-21T13:00:00Z,2.357700,2.374800,2.337100,2.343700,1886147
2023-11-21T14:00:00Z,2.343400,2.360000,2.314900,2.359200,2155110
2023-11-21T15:00:00Z,2.359300,2.402400,2.280000,2.382300,5403745
2023-11-21T16:00:00Z,2.382800,2.443100,2.353500,2.420700,3437659
2023-11-21T17:00:00Z,2.421100,2.428100,2.306800,2.346000,3829032
2023-11-21T18:00:00Z,2.346000,2.347900,2.277800,2.303500,3963916
2023-11-21T19:00:00Z,2.303400,2.365800,2.298700,2.322600,2022049
2023-11-21T20:00:00Z,2.322200,2.365600,2.301200,2.321000,1774451
2023-11-21T21:00:00Z,2.320900,2.337200,2.277800,2.289400,1767111
2023-11-21T22:00:00Z,2.288900,2.298000,2.190800,2.215200,3244711
2023-11-21T23:00:00Z,2.215500,2.238700,2.201900,2.208000,1640854
2023-11-22T00:00:00Z,2.207800,2.288600,2.200000,2.287600,1965502
2023-11-22T01:00:00Z,2.287300,2.288900,2.260200,2.262700,1025601
2023-11-22T02:00:00Z,2.262600,2.308300,2.253600,2.305500,831952
2023-11-22T03:00:00Z,2.305500,2.312500,2.284600,2.312300,1150920
2023-11-22T04:00:00Z,2.312000,2.344600,2.309300,2.342000,804433
2023-11-22T05:00:00Z,2.342000,2.345900,2.323800,2.329100,671682
2023-11-22T06:00:00Z,2.329100,2.356500,2.329100,2.337200,858103
2023-11-22T07:00:00Z,2.337300,2.358200,2.329700,2.334500,858106
2023-11-22T08:00:00Z,2.334600,2.443400,2.333500,2.437200,1801354
2023-11-22T09:00:00Z,2.437300,2.456600,2.418900,2.433700,2414849
2023-11-22T10:00:00Z,2.433900,2.452500,2.389200,2.449400,2251059
2023-11-22T11:00:00Z,2.449400,2.469400,2.435900,2.456500,1483416
2023-11-22T12:00:00Z,2.456900,2.461800,2.421900,2.453800,1527895
2023-11-22T13:00:00Z,2.453600,2.486200,2.448600,2.465100,2420197
2023-11-22T14:00:00Z,2.465200,2.476500,2.441600,2.464400,1798436
2023-11-22T15:00:00Z,2.464200,2.500000,2.437300,2.494200,2092491
2023-11-22T16:00:00Z,2.494200,2.548500,2.451300,2.467800,3797292
2023-11-22T17:00:00Z,2.467400,2.496200,2.457900,2.478900,1167402
2023-11-22T18:00:00Z,2.478700,2.527000,2.465100,2.518600,2386466
2023-11-22T19:00:00Z,2.518600,2.542300,2.505500,2.530700,1949662
2023-11-22T20:00:00Z,2.530900,2.591000,2.530000,2.578600,2648680
2023-11-22T21:00:00Z,2.578400,2.650000,2.575500,2.632500,4847132
2023-11-22T22:00:00Z,2.632500,2.644300,2.598000,2.621900,2004232
2023-11-22T23:00:00Z,2.622000,2.655900,2.594100,2.615800,3591124
2023-11-23T00:00:00Z,2.615900,2.636800,2.582100,2.599900,2358656
2023-11-23T01:00:00Z,2.599600,2.627300,2.591100,2.617600,1287060
2023-11-23T02:00:00Z,2.617400,2.619100,2.580600,2.585200,1139105
2023-11-23T03:00:00Z,2.585200,2.592500,2.563500,2.573500,1286047
2023-11-23T04:00:00Z,2.573500,2.577900,2.552100,2.557300,1051970
2023-11-23T05:00:00Z,2.557000,2.564100,2.541500,2.544400,612115
2023-11-23T06:00:00Z,2.544300,2.558900,2.535900,2.546100,1058163
2023-11-23T07:00:00Z,2.545600,2.562500,2.538200,2.552400,843624
2023-11-23T08:00:00Z,2.552500,2.597800,2.546000,2.595200,1393913
2023-11-23T09:00:00Z,2.595200,2.602600,2.576600,2.595200,1055157
2023-11-23T10:00:00Z,2.595300,2.606600,2.573800,2.579300,1428367
2023-11-23T11:00:00Z,2.579300,2.595800,2.546800,2.571100,2062959
2023-11-23T12:00:00Z,2.571300,2.609000,2.554300,2.570400,1298621
2023-11-23T13:00:00Z,2.570400,2.588000,2.533300,2.546200,1560453
2023-11-23T14:00:00Z,2.545800,2.563200,2.523900,2.539200,1307922
2023-11-23T15:00:00Z,2.539200,2.547400,2.506900,2.521500,1869771
2023-11-23T16:00:00Z,2.522000,2.531700,2.487000,2.489300,1797551
2023-11-23T17:00:00Z,2.489400,2.528200,2.483400,2.513700,2078412
2023-11-23T18:00:00Z,2.513500,2.523200,2.488800,2.498400,1119164
2023-11-23T19:00:00Z,2.498400,2.500900,2.479500,2.481000,622151
2023-11-23T20:00:00Z,2.481000,2.499700,2.476000,2.490900,806800
2023-11-23T21:00:00Z,2.491000,2.506900,2.489000,2.495000,915822
2023-11-23T22:00:00Z,2.495000,2.500000,2.478900,2.499500,723456
2023-11-23T23:00:00Z,2.499500,2.500000,2.477700,2.479700,571501
2023-11-24T00:00:00Z,2.479800,2.490100,2.463000,2.472600,825225
2023-11-24T01:00:00Z,2.472900,2.528200,2.472500,2.486300,2172259
2023-11-24T02:00:00Z,2.486300,2.519700,2.476200,2.510800,866292
2023-11-24T03:00:00Z,2.510700,2.516300,2.496700,2.496700,599997
2023-11-24T04:00:00Z,2.496700,2.499100,2.474000,2.485600,689754
2023-11-24T05:00:00Z,2.485700,2.486500,2.456800,2.484300,888602
2023-11-24T06:00:00Z,2.484300,2.498300,2.475000,2.476700,664300
2023-11-24T07:00:00Z,2.476900,2.519200,2.462500,2.514800,1074654
2023-11-24T08:00:00Z,2.515000,2.560000,2.491900,2.542800,2243557
2023-11-24T09:00:00Z,2.542800,2.588800,2.528100,2.574300,2236869
2023-11-24T10:00:00Z,2.574300,2.596100,2.553400,2.564000,1741282
2023-11-24T11:00:00Z,2.564400,2.605700,2.558800,2.589200,1812853
2023-11-24T12:00:00Z,2.589200,2.613400,2.565700,2.602600,1286122
2023-11-24T13:00:00Z,2.602700,2.612700,2.567500,2.568500,1199337
2023-11-24T14:00:00Z,2.568500,2.598100,2.545700,2.595000,1242775
2023-11-24T15:00:00Z,2.595200,2.655900,2.595000,2.631100,3407530
2023-11-24T16:00:00Z,2.630400,2.638300,2.575500,2.587300,2169224
2023-11-24T17:00:00Z,2.587300,2.595700,2.526000,2.528800,1906725
2023-11-24T18:00:00Z,2.528700,2.536400,2.488200,2.498900,1743785
2023-11-24T19:00:00Z,2.498900,2.506700,2.478600,2.503400,1163666
2023-11-24T20:00:00Z,2.503200,2.527500,2.496900,2.526900,1178770
2023-11-24T21:00:00Z,2.527000,2.535700,2.495100,2.500400,2331167
2023-11-24T22:00:00Z,2.499500,2.514000,2.476900,2.499600,991755
2023-11-24T23:00:00Z,2.499700,2.508500,2.471200,2.499000,1115683
2023-11-25T00:00:00Z,2.499100,2.512800,2.480100,2.495400,1220885
2023-11-25T01:00:00Z,2.495400,2.541800,2.493400,2.541000,1102262
2023-11-25T02:00:00Z,2.541200,2.542300,2.510100,2.525000,1025028
2023-11-25T03:00:00Z,2.525300,2.525800,2.507400,2.510100,705902
2023-11-25T04:00:00Z,2.510100,2.520900,2.498800,2.519900,614481
2023-11-25T05:00:00Z,2.519700,2.527700,2.501200,2.502300,568597
2023-11-25T06:00:00Z,2.502400,2.522100,2.500400,2.510700,504840
2023-11-25T07:00:00Z,2.510700,2.524300,2.500400,2.505600,491427
2023-11-25T08:00:00Z,2.505600,2.519900,2.499800,2.502400,693327
2023-11-25T09:00:00Z,2.502100,2.504300,2.480100,2.488800,1036829
2023-11-25T10:00:00Z,2.488600,2.488700,2.460100,2.463900,1142592
2023-11-25T11:00:00Z,2.464200,2.471700,2.436500,2.448400,1451448
2023-11-25T12:00:00Z,2.448400,2.504000,2.445500,2.495000,1748845
2023-11-25T13:00:00Z,2.494900,2.494900,2.470800,2.478000,1000154
2023-11-25T14:00:00Z,2.477600,2.495800,2.473500,2.492100,902648
2023-11-25T15:00:00Z,2.492000,2.497500,2.473700,2.492800,538620
2023-11-25T16:00:00Z,2.492800,2.493200,2.477300,2.488400,561254
2023-11-25T17:00:00Z,2.488300,2.496500,2.480900,2.492000,553949
2023-11-25T18:00:00Z,2.491900,2.517000,2.481600,2.515000,857028
2023-11-25T19:00:00Z,2.515100,2.537000,2.510600,2.511300,844030
2023-11-25T20:00:00Z,2.511200,2.520600,2.497700,2.502200,451008
2023-11-25T21:00:00Z,2.501600,2.513100,2.497000,2.500700,340962
2023-11-25T22:00:00Z,2.500500,2.505200,2.492700,2.500500,317689
2023-11-25T23:00:00Z,2.500500,2.506400,2.495300,2.499700,365067
2023-11-26T00:00:00Z,2.499600,2.506600,2.480400,2.484200,940893
2023-11-26T01:00:00Z,2.484400,2.486600,2.438600,2.447400,1673594
2023-11-26T02:00:00Z,2.447600,2.463500,2.440900,2.460400,622076
2023-11-26T03:00:00Z,2.460300,2.464800,2.435600,2.451900,771830
2023-11-26T04:00:00Z,2.452000,2.464700,2.428400,2.464200,1339506
2023-11-26T05:00:00Z,2.464200,2.479600,2.454500,2.477000,644766
2023-11-26T06:00:00Z,2.477000,2.493900,2.470000,2.493900,642296
2023-11-26T07:00:00Z,2.493300,2.528400,2.488200,2.518100,917569
2023-11-26T08:00:00Z,2.518200,2.525400,2.496300,2.497700,793618
2023-11-26T09:00:00Z,2.497600,2.508400,2.484600,2.507900,498247
2023-11-26T10:00:00Z,2.507700,2.510400,2.481800,2.485200,555307
2023-11-26T11:00:00Z,2.485400,2.510000,2.478000,2.484400,958477
2023-11-26T12:00:00Z,2.484300,2.505600,2.472800,2.504000,1082968
2023-11-26T13:00:00Z,2.503700,2.505800,2.465000,2.489400,860204
2023-11-26T14:00:00Z,2.489500,2.491300,2.448000,2.459600,1124337
2023-11-26T15:00:00Z,2.459600,2.490300,2.443000,2.447300,1112720
2023-11-26T16:00:00Z,2.447300,2.470200,2.397700,2.463600,3086718
2023-11-26T17:00:00Z,2.463400,2.498200,2.448200,2.493700,1047095
2023-11-26T18:00:00Z,2.493700,2.510500,2.469900,2.481800,1316143
2023-11-26T19:00:00Z,2.481800,2.500400,2.473300,2.499300,604273
2023-11-26T20:00:00Z,2.499300,2.553700,2.494000,2.539000,2079517
2023-11-26T21:00:00Z,2.539300,2.546500,2.520300,2.523700,1419582
2023-11-26T22:00:00Z,2.523800,2.552200,2.521500,2.523900,622532
2023-11-26T23:00:00Z,2.524000,2.527400,2.497800,2.500000,781541
2023-11-27T00:00:00Z,2.500100,2.533800,2.496200,2.503500,875708
2023-11-27T01:00:00Z,2.503500,2.505000,2.485600,2.489900,471464
2023-11-27T02:00:00Z,2.489900,2.496800,2.465700,2.482300,1457454
2023-11-27T03:00:00Z,2.482300,2.500000,2.406100,2.422500,3026630
2023-11-27T04:00:00Z,2.422600,2.452700,2.417900,2.449200,1830921
2023-11-27T05:00:00Z,2.448900,2.456700,2.418900,2.419100,692331
2023-11-27T06:00:00Z,2.419400,2.432300,2.400000,2.402500,879523
2023-11-27T07:00:00Z,2.402400,2.407700,2.356400,2.381000,2672316
2023-11-27T08:00:00Z,2.380700,2.400000,2.370400,2.384600,908569
2023-11-27T09:00:00Z,2.384700,2.406700,2.382400,2.383000,614087
2023-11-27T10:00:00Z,2.382900,2.383300,2.346100,2.362200,1553158
2023-11-27T11:00:00Z,2.362100,2.371600,2.350000,2.361600,884678
2023-11-27T12:00:00Z,2.361600,2.379600,2.358700,2.369600,690212
2023-11-27T13:00:00Z,2.369400,2.388000,2.363000,2.376000,1229070
2023-11-27T14:00:00Z,2.375900,2.377400,2.328800,2.338600,1415408
2023-11-27T15:00:00Z,2.338600,2.364400,2.320200,2.321200,1489026
2023-11-27T16:00:00Z,2.321300,2.356600,2.319100,2.356000,1044216
2023-11-27T17:00:00Z,2.356000,2.368900,2.334800,2.336700,891403
2023-11-27T18:00:00Z,2.336800,2.351000,2.330300,2.332700,482303
2023-11-27T19:00:00Z,2.332700,2.343700,2.282100,2.322600,1807401
2023-11-27T20:00:00Z,2.322800,2.331700,2.302300,2.318100,914159
2023-11-27T21:00:00Z,2.318000,2.354000,2.317200,2.346900,888961
2023-11-27T22:00:00Z,2.346700,2.350600,2.328100,2.342200,489807
2023-11-27T23:00:00Z,2.342300,2.371000,2.342000,2.363400,936205
2023-11-28T00:00:00Z,2.363400,2.379100,2.357000,2.373400,742183
2023-11-28T01:00:00Z,2.373400,2.374300,2.353600,2.360800,383631
2023-11-28T02:00:00Z,2.360700,2.365700,2.343900,2.356600,491347
2023-11-28T03:00:00Z,2.356600,2.361500,2.342300,2.348200,388963
2023-11-28T04:00:00Z,2.348100,2.352000,2.326700,2.328600,593791
2023-11-28T05:00:00Z,2.328700,2.330500,2.295000,2.295000,872215
2023-11-28T06:00:00Z,2.295300,2.326800,2.289900,2.320300,881131
2023-11-28T07:00:00Z,2.320000,2.325700,2.292600,2.317900,944767
2023-11-28T08:00:00Z,2.317900,2.331900,2.314300,2.316300,610827
2023-11-28T09:00:00Z,2.316500,2.353900,2.313000,2.351900,751374
2023-11-28T10:00:00Z,2.351900,2.356700,2.335500,2.348500,623863
2023-11-28T11:00:00Z,2.348500,2.363100,2.341900,2.344400,746789
2023-11-28T12:00:00Z,2.344600,2.346400,2.321000,2.322700,613320
2023-11-28T13:00:00Z,2.322900,2.353300,2.313800,2.350900,839276
2023-11-28T14:00:00Z,2.350800,2.353000,2.327400,2.328100,933331
2023-11-28T15:00:00Z,2.328100,2.332900,2.301000,2.332600,1239351
2023-11-28T16:00:00Z,2.332500,2.379000,2.321700,2.366700,1683967
2023-11-28T17:00:00Z,2.366700,2.399000,2.348500,2.387700,1967926
2023-11-28T18:00:00Z,2.387600,2.390600,2.360800,2.373400,884051
2023-11-28T19:00:00Z,2.373300,2.387000,2.361900,2.373700,812573
2023-11-28T20:00:00Z,2.373500,2.378700,2.336000,2.338600,1177936
2023-11-28T21:00:00Z,2.338900,2.355900,2.332600,2.347900,974296
2023-11-28T22:00:00Z,2.347900,2.354000,2.330000,2.333300,482716
2023-11-28T23:00:00Z,2.333300,2.340200,2.324200,2.338800,534919
2023-11-29T00:00:00Z,2.338600,2.345700,2.319400,2.344000,837049
2023-11-29T01:00:00Z,2.344100,2.350000,2.328600,2.329500,548936
2023-11-29T02:00:00Z,2.329700,2.337500,2.312600,2.333000,774823
2023-11-29T03:00:00Z,2.332800,2.338300,2.323200,2.333900,480188
2023-11-29T04:00:00Z,2.333600,2.335200,2.324400,2.328800,382989
2023-11-29T05:00:00Z,2.328900,2.338200,2.304700,2.318500,820106
2023-11-29T06:00:00Z,2.318400,2.344400,2.309200,2.344000,647360
2023-11-29T07:00:00Z,2.344100,2.349300,2.330000,2.333500,693293
2023-11-29T08:00:00Z,2.333600,2.337600,2.300700,2.337100,1539042
2023-11-29T09:00:00Z,2.336900,2.356200,2.315900,2.322700,1337846
2023-11-29T10:00:00Z,2.322500,2.325000,2.271900,2.284800,2498665
2023-11-29T11:00:00Z,2.284700,2.293000,2.269600,2.273600,1974901
2023-11-29T12:00:00Z,2.273500,2.296300,2.264000,2.283200,1487036
2023-11-29T13:00:00Z,2.283200,2.287000,2.265100,2.273500,944193
2023-11-29T14:00:00Z,2.273000,2.289300,2.265800,2.276400,1673297
2023-11-29T15:00:00Z,2.276400,2.280500,2.244800,2.255200,1927371
2023-11-29T16:00:00Z,2.255200,2.264900,2.227000,2.238000,1556101
2023-11-29T17:00:00Z,2.238000,2.266200,2.230600,2.254400,831392
2023-11-29T18:00:00Z,2.254500,2.259500,2.240100,2.257900,569444
2023-11-29T19:00:00Z,2.257900,2.266900,2.247600,2.262100,721657
2023-11-29T20:00:00Z,2.262100,2.263600,2.236300,2.251600,557762
2023-11-29T21:00:00Z,2.251500,2.258700,2.241000,2.253100,519840
2023-11-29T22:00:00Z,2.253100,2.258000,2.248600,2.252800,319845
2023-11-29T23:00:00Z,2.252800,2.266400,2.247000,2.260600,625554
2023-11-30T00:00:00Z,2.260500,2.274600,2.254000,2.265300,662979
2023-11-30T01:00:00Z,2.265300,2.274000,2.257000,2.259400,446200
2023-11-30T02:00:00Z,2.259400,2.277000,2.243200,2.275000,679544
2023-11-30T03:00:00Z,2.274700,2.297500,2.270000,2.291800,909341
2023-11-30T04:00:00Z,2.291800,2.299100,2.280300,2.281200,488320
2023-11-30T05:00:00Z,2.281200,2.292800,2.275600,2.291000,544884
2023-11-30T06:00:00Z,2.290800,2.305700,2.277000,2.280400,827153
2023-11-30T07:00:00Z,2.280300,2.291800,2.274700,2.283900,452846
2023-11-30T08:00:00Z,2.283900,2.303100,2.272600,2.293900,776008
2023-11-30T09:00:00Z,2.294200,2.307200,2.287800,2.297700,658896
2023-11-30T10:00:00Z,2.297700,2.332000,2.293400,2.325800,1413142
2023-11-30T11:00:00Z,2.325800,2.346300,2.319100,2.344600,860846
2023-11-30T12:00:00Z,2.344500,2.352400,2.332100,2.337200,1501481
2023-11-30T13:00:00Z,2.337200,2.355700,2.324200,2.334200,1334815
2023-11-30T14:00:00Z,2.334100,2.344200,2.308200,2.335300,1802177
2023-11-30T15:00:00Z,2.335300,2.357800,2.330000,2.343400,1046356
2023-11-30T16:00:00Z,2.343200,2.350700,2.333300,2.337900,540934
2023-11-30T17:00:00Z,2.337600,2.338400,2.316500,2.328600,705004
2023-11-30T18:00:00Z,2.328600,2.350300,2.324300,2.339800,676740
2023-11-30T19:00:00Z,2.339700,2.349600,2.333200,2.335800,536788
2023-11-30T20:00:00Z,2.335900,2.350500,2.333300,2.338000,560324
2023-11-30T21:00:00Z,2.338000,2.353300,2.332000,2.346000,375618
2023-11-30T22:00:00Z,2.346100,2.359500,2.340400,2.341200,492035
2023-11-30T23:00:00Z,2.341300,2.359500,2.334600,2.356100,545103
2023-12-01T00:00:00Z,2.356100,2.362000,2.337700,2.351800,668580
2023-12-01T01:00:00Z,2.351400,2.428800,2.343700,2.418800,2502085
2023-12-01T02:00:00Z,2.418800,2.424400,2.392000,2.419800,1322231
2023-12-01T03:00:00Z,2.419500,2.421900,2.401000,2.406100,830072
2023-12-01T04:00:00Z,2.406200,2.418400,2.395500,2.401700,757821
2023-12-01T05:00:00Z,2.401800,2.410700,2.390000,2.397600,652709
2023-12-01T06:00:00Z,2.397700,2.402500,2.387100,2.387900,424787
2023-12-01T07:00:00Z,2.388000,2.399500,2.381800,2.387300,698311
2023-12-01T08:00:00Z,2.387200,2.399200,2.377700,2.377700,624432
2023-12-01T09:00:00Z,2.377700,2.420200,2.375700,2.419800,1104061
2023-12-01T10:00:00Z,2.419400,2.420400,2.385300,2.391400,793043
2023-12-01T11:00:00Z,2.391200,2.396500,2.379600,2.384600,440952
2023-12-01T12:00:00Z,2.384700,2.395500,2.376900,2.384600,657034
2023-12-01T13:00:00Z,2.384700,2.392600,2.373900,2.379000,554302
2023-12-01T14:00:00Z,2.379000,2.387800,2.362100,2.369600,782142
2023-12-01T15:00:00Z,2.369700,2.380900,2.360000,2.367300,815651
2023-12-01T16:00:00Z,2.367400,2.414600,2.364400,2.396900,1638883
2023-12-01T17:00:00Z,2.396800,2.404400,2.364400,2.383300,933774
2023-12-01T18:00:00Z,2.383200,2.406200,2.380200,2.381300,813660
2023-12-01T19:00:00Z,2.381400,2.407700,2.376500,2.406600,734720
2023-12-01T20:00:00Z,2.406500,2.408900,2.380200,2.383900,1071915
2023-12-01T21:00:00Z,2.384000,2.395700,2.380700,2.385600,371963
2023-12-01T22:00:00Z,2.385200,2.387000,2.372200,2.375200,351902
2023-12-01T23:00:00Z,2.375300,2.390300,2.373800,2.389800,375107
2023-12-02T00:00:00Z,2.389700,2.404900,2.384200,2.404300,410129
2023-12-02T01:00:00Z,2.404300,2.405000,2.396100,2.403800,348500
2023-12-02T02:00:00Z,2.403700,2.405400,2.395400,2.405100,315938
2023-12-02T03:00:00Z,2.405100,2.406800,2.394800,2.403300,338528
2023-12-02T04:00:00Z,2.403200,2.410000,2.393600,2.394000,483944
2023-12-02T05:00:00Z,2.394000,2.398200,2.381000,2.390400,485589
2023-12-02T06:00:00Z,2.390400,2.432200,2.389200,2.418400,1103221
2023-12-02T07:00:00Z,2.418500,2.432400,2.409100,2.412500,744400
2023-12-02T08:00:00Z,2.412300,2.428000,2.410300,2.425700,652199
2023-12-02T09:00:00Z,2.425500,2.432500,2.418900,2.423300,478686
2023-12-02T10:00:00Z,2.423300,2.426500,2.400600,2.400600,727681
2023-12-02T11:00:00Z,2.400600,2.403400,2.380400,2.386800,1084907
2023-12-02T12:00:00Z,2.386900,2.403900,2.382000,2.396500,665216
2023-12-02T13:00:00Z,2.396500,2.400500,2.387300,2.399100,566033
2023-12-02T14:00:00Z,2.399100,2.402500,2.367900,2.376300,982185
2023-12-02T15:00:00Z,2.376300,2.377800,2.350500,2.366400,1605181
2023-12-02T16:00:00Z,2.366400,2.375300,2.346300,2.355200,1016029
2023-12-02T17:00:00Z,2.355200,2.366900,2.352600,2.362700,521718
2023-12-02T18:00:00Z,2.362900,2.444500,2.358300,2.434600,3196712
2023-12-02T19:00:00Z,2.434700,2.483600,2.398700,2.411400,4504899
2023-12-02T20:00:00Z,2.411100,2.429200,2.404100,2.427600,1045758
2023-12-02T21:00:00Z,2.427600,2.465700,2.421700,2.455700,1814476
2023-12-02T22:00:00Z,2.455800,2.458400,2.420000,2.427600,968596
2023-12-02T23:00:00Z,2.427700,2.440900,2.427500,2.430000,673200
2023-12-03T00:00:00Z,2.430100,2.450100,2.420000,2.447000,758571
2023-12-03T01:00:00Z,2.447100,2.462700,2.439400,2.446100,1096849
2023-12-03T02:00:00Z,2.446100,2.461200,2.440000,2.441600,702225
2023-12-03T03:00:00Z,2.441700,2.443800,2.415400,2.417200,837165
2023-12-03T04:00:00Z,2.417200,2.419900,2.401000,2.403900,676519
2023-12-03T05:00:00Z,2.404000,2.409800,2.392900,2.408700,669665
2023-12-03T06:00:00Z,2.408700,2.425900,2.401300,2.425200,449149
2023-12-03T07:00:00Z,2.425100,2.466600,2.416400,2.466000,2141053
2023-12-03T08:00:00Z,2.466000,2.468900,2.430600,2.437000,1053762
2023-12-03T09:00:00Z,2.437100,2.459700,2.435800,2.441700,617122
2023-12-03T10:00:00Z,2.441700,2.451900,2.430000,2.437200,809465
2023-12-03T11:00:00Z,2.437300,2.442400,2.419500,2.437400,715139
2023-12-03T12:00:00Z,2.438100,2.438900,2.386900,2.399200,1294586
2023-12-03T13:00:00Z,2.399500,2.418000,2.391800,2.407800,852399
2023-12-03T14:00:00Z,2.407700,2.411600,2.386400,2.391600,827670
2023-12-03T15:00:00Z,2.391600,2.412100,2.390700,2.406600,486183
2023-12-03T16:00:00Z,2.406100,2.408100,2.391400,2.398600,484163
2023-12-03T17:00:00Z,2.398500,2.399200,2.375300,2.380400,910981
2023-12-03T18:00:00Z,2.380500,2.393800,2.379800,2.388400,419183
2023-12-03T19:00:00Z,2.388400,2.398700,2.380700,2.391400,649289
2023-12-03T20:00:00Z,2.391400,2.403400,2.390000,2.397500,377447
2023-12-03T21:00:00Z,2.397600,2.418700,2.396100,2.418000,440731
2023-12-03T22:00:00Z,2.417800,2.486000,2.417800,2.466600,3336008
2023-12-03T23:00:00Z,2.466600,2.470300,2.415300,2.431600,1516852
2023-12-04T00:00:00Z,2.431600,2.444000,2.422300,2.444000,958307
2023-12-04T01:00:00Z,2.443900,2.486000,2.422400,2.467100,1477365
2023-12-04T02:00:00Z,2.467000,2.493600,2.457700,2.479400,1005736
2023-12-04T03:00:00Z,2.479300,2.486800,2.460000,2.463500,947727
2023-12-04T04:00:00Z,2.463500,2.499900,2.463500,2.490600,904841
2023-12-04T05:00:00Z,2.490500,2.498400,2.444600,2.456300,1553125
2023-12-04T06:00:00Z,2.456300,2.471300,2.434700,2.459600,1618475
2023-12-04T07:00:00Z,2.459600,2.482500,2.441700,2.447800,1264882
2023-12-04T08:00:00Z,2.447900,2.480000,2.441800,2.468200,939929
2023-12-04T09:00:00Z,2.468300,2.511600,2.440400,2.441800,3182235
2023-12-04T10:00:00Z,2.441700,2.472900,2.441200,2.451100,1618136
2023-12-04T11:00:00Z,2.451200,2.453700,2.314100,2.385400,7615452
2023-12-04T12:00:00Z,2.385300,2.436800,2.366500,2.427400,2094992
2023-12-04T13:00:00Z,2.427700,2.432400,2.370000,2.378800,1614980
2023-12-04T14:00:00Z,2.378900,2.385100,2.343700,2.367900,1851163
2023-12-04T15:00:00Z,2.368300,2.376700,2.345500,2.354200,1340469
2023-12-04T16:00:00Z,2.354900,2.372900,2.349100,2.368000,901531
2023-12-04T17:00:00Z,2.367900,2.372700,2.344600,2.357100,1112695
2023-12-04T18:00:00Z,2.357200,2.362000,2.352400,2.357600,506475
2023-12-04T19:00:00Z,2.357500,2.373100,2.351000,2.372500,1021742
2023-12-04T20:00:00Z,2.372200,2.382900,2.363900,2.370500,737859
2023-12-04T21:00:00Z,2.370600,2.384100,2.366600,2.374400,536009
2023-12-04T22:00:00Z,2.374000,2.380900,2.347900,2.355400,693675
2023-12-04T23:00:00Z,2.355000,2.389300,2.350200,2.389100,631194
2023-12-05T00:00:00Z,2.389000,2.446500,2.380300,2.446500,1374565
2023-12-05T01:00:00Z,2.446400,2.460000,2.402500,2.413600,1590269
2023-12-05T02:00:00Z,2.413600,2.415400,2.376800,2.389400,1004848
2023-12-05T03:00:00Z,2.389500,2.422200,2.386800,2.401000,603446
2023-12-05T04:00:00Z,2.401000,2.402600,2.381700,2.399200,627349
2023-12-05T05:00:00Z,2.399000,2.419800,2.386800,2.418200,440431
2023-12-05T06:00:00Z,2.418000,2.431800,2.395000,2.410700,767904
2023-12-05T07:00:00Z,2.410600,2.416700,2.341900,2.364200,2140467
2023-12-05T08:00:00Z,2.364300,2.378500,2.340000,2.362000,1260344
2023-12-05T09:00:00Z,2.362000,2.381900,2.358500,2.370100,820313
2023-12-05T10:00:00Z,2.370000,2.377500,2.320000,2.321000,1469341
2023-12-05T11:00:00Z,2.320900,2.342100,2.313100,2.330100,1185919
2023-12-05T12:00:00Z,2.330200,2.347100,2.327000,2.331200,1202220
2023-12-05T13:00:00Z,2.331100,2.345900,2.316900,2.319000,973504
2023-12-05T14:00:00Z,2.318900,2.343800,2.314500,2.334500,830323
2023-12-05T15:00:00Z,2.334500,2.366100,2.327200,2.359300,1797719
2023-12-05T16:00:00Z,2.359200,2.396300,2.350500,2.384000,1640830
2023-12-05T17:00:00Z,2.384100,2.460000,2.379600,2.454100,3475581
2023-12-05T18:00:00Z,2.453900,2.495900,2.435700,2.437000,4741072
2023-12-05T19:00:00Z,2.437400,2.451200,2.408100,2.411500,1540939
2023-12-05T20:00:00Z,2.411600,2.421600,2.387000,2.394400,1303680
2023-12-05T21:00:00Z,2.394400,2.402000,2.385900,2.394700,829872
2023-12-05T22:00:00Z,2.394800,2.407900,2.374700,2.378200,1147273
2023-12-05T23:00:00Z,2.378200,2.422900,2.378200,2.405400,1054202
2023-12-06T00:00:00Z,2.405500,2.444600,2.403100,2.442500,1650974
2023-12-06T01:00:00Z,2.442400,2.459700,2.383200,2.409500,1686498
2023-12-06T02:00:00Z,2.409500,2.417900,2.355300,2.381200,1412585
2023-12-06T03:00:00Z,2.381200,2.384100,2.353000,2.354600,1177877
2023-12-06T04:00:00Z,2.354500,2.368200,2.351000,2.361400,714624
2023-12-06T05:00:00Z,2.361500,2.369800,2.299200,2.325200,2218969
2023-12-06T06:00:00Z,2.325200,2.340700,2.305100,2.330900,1403418
2023-12-06T07:00:00Z,2.330800,2.348900,2.323300,2.338400,1269534
2023-12-06T08:00:00Z,2.338400,2.378600,2.336300,2.377300,1334194
2023-12-06T09:00:00Z,2.377100,2.388900,2.360600,2.372700,1841598
2023-12-06T10:00:00Z,2.372600,2.380000,2.347300,2.352200,1604932
2023-12-06T11:00:00Z,2.352200,2.356800,2.281300,2.320400,3275490
2023-12-06T12:00:00Z,2.320600,2.342900,2.310000,2.338300,1347935
2023-12-06T13:00:00Z,2.338200,2.347400,2.312400,2.317600,1058326
2023-12-06T14:00:00Z,2.317500,2.327500,2.285600,2.290900,1412317
2023-12-06T15:00:00Z,2.291000,2.328200,2.285600,2.302900,1454455
2023-12-06T16:00:00Z,2.302800,2.327900,2.299600,2.312900,1660697
2023-12-06T17:00:00Z,2.313000,2.333300,2.312500,2.325400,987991
2023-12-06T18:00:00Z,2.325500,2.335200,2.316100,2.331200,724448
2023-12-06T19:00:00Z,2.330900,2.337000,2.323600,2.334200,522992
2023-12-06T20:00:00Z,2.334200,2.338000,2.292200,2.292900,762728
2023-12-06T21:00:00Z,2.293000,2.309500,2.262300,2.293300,1160422
2023-12-06T22:00:00Z,2.293500,2.303200,2.247400,2.269800,1001702
2023-12-06T23:00:00Z,2.269700,2.278600,2.252000,2.265900,978337
2023-12-07T00:00:00Z,2.266000,2.294600,2.262100,2.282600,708405
2023-12-07T01:00:00Z,2.282600,2.285700,2.262000,2.279700,731888
2023-12-07T02:00:00Z,2.279900,2.288000,2.272600,2.281200,382473
2023-12-07T03:00:00Z,2.281300,2.283000,2.265400,2.282500,420446
2023-12-07T04:00:00Z,2.282500,2.310900,2.280800,2.306800,841252
2023-12-07T05:00:00Z,2.307100,2.319600,2.303100,2.308400,729200
2023-12-07T06:00:00Z,2.308400,2.313200,2.294800,2.298700,631639
2023-12-07T07:00:00Z,2.298900,2.309500,2.296500,2.302400,451178
2023-12-07T08:00:00Z,2.302300,2.316600,2.273700,2.278500,1250696
2023-12-07T09:00:00Z,2.278500,2.284500,2.223600,2.276700,2913019
2023-12-07T10:00:00Z,2.276400,2.278000,2.255500,2.262000,960754
2023-12-07T11:00:00Z,2.261900,2.271200,2.243900,2.250400,1206755
2023-12-07T12:00:00Z,2.250600,2.279100,2.242100,2.278600,1521369
2023-12-07T13:00:00Z,2.278700,2.282800,2.253400,2.261100,705732
2023-12-07T14:00:00Z,2.261200,2.278600,2.255100,2.273000,580837
2023-12-07T15:00:00Z,2.272900,2.411800,2.271900,2.385400,9797498
2023-12-07T16:00:00Z,2.385300,2.477500,2.369800,2.477000,9416715
2023-12-07T17:00:00Z,2.476900,2.580600,2.450000,2.521800,12155224
2023-12-07T18:00:00Z,2.522100,2.566600,2.504000,2.536000,4820394
2023-12-07T19:00:00Z,2.536400,2.538900,2.459600,2.461700,4029052
2023-12-07T20:00:00Z,2.461700,2.501800,2.460100,2.499400,3206916
2023-12-07T21:00:00Z,2.499300,2.550000,2.488600,2.518500,2862627
2023-12-07T22:00:00Z,2.518800,2.537700,2.498600,2.499200,1703546
2023-12-07T23:00:00Z,2.499100,2.517700,2.481400,2.509000,1620250
2023-12-08T00:00:00Z,2.509100,2.529400,2.487400,2.495300,1810527
2023-12-08T01:00:00Z,2.495200,2.495500,2.447200,2.452800,1914024
2023-12-08T02:00:00Z,2.452600,2.476200,2.438800,2.462400,2259263
2023-12-08T03:00:00Z,2.462400,2.476600,2.438200,2.462900,1277993
2023-12-08T04:00:00Z,2.462800,2.479700,2.443200,2.446500,1495686
2023-12-08T05:00:00Z,2.446400,2.466800,2.440400,2.458600,654794
2023-12-08T06:00:00Z,2.458300,2.484200,2.448900,2.481400,1146002
2023-12-08T07:00:00Z,2.481400,2.483800,2.422600,2.439800,2260429
2023-12-08T08:00:00Z,2.439900,2.449700,2.411400,2.413800,1833314
2023-12-08T09:00:00Z,2.414300,2.445100,2.411500,2.425400,1208342
2023-12-08T10:00:00Z,2.425100,2.447300,2.423000,2.443900,870644
2023-12-08T11:00:00Z,2.443900,2.465900,2.425900,2.451200,1826143
2023-12-08T12:00:00Z,2.451400,2.462200,2.433900,2.448100,1358728
2023-12-08T13:00:00Z,2.448100,2.448500,2.413800,2.420400,1945798
2023-12-08T14:00:00Z,2.421000,2.457700,2.412400,2.444800,2192058
2023-12-08T15:00:00Z,2.444800,2.463600,2.416900,2.426500,1336540
2023-12-08T16:00:00Z,2.426100,2.456000,2.425100,2.436400,1213961
2023-12-08T17:00:00Z,2.436000,2.440400,2.400400,2.420400,1794976
2023-12-08T18:00:00Z,2.420700,2.435500,2.415900,2.427200,631847
2023-12-08T19:00:00Z,2.427200,2.445000,2.424400,2.442000,729175
2023-12-08T20:00:00Z,2.442000,2.459100,2.436900,2.457400,1357216
2023-12-08T21:00:00Z,2.457200,2.457800,2.431000,2.449200,979127
2023-12-08T22:00:00Z,2.449300,2.451400,2.429600,2.430100,509519
2023-12-08T23:00:00Z,2.430100,2.453100,2.430100,2.446800,642107
2023-12-09T00:00:00Z,2.447200,2.475500,2.447000,2.467900,984734
2023-12-09T01:00:00Z,2.467900,2.476000,2.427000,2.460600,1530942
2023-12-09T02:00:00Z,2.460500,2.462900,2.441200,2.450400,814011
2023-12-09T03:00:00Z,2.450300,2.485100,2.450000,2.475100,743135
2023-12-09T04:00:00Z,2.475100,2.488000,2.460300,2.485800,829989
2023-12-09T05:00:00Z,2.485700,2.500000,2.469100,2.487800,934990
2023-12-09T06:00:00Z,2.487900,2.511400,2.487900,2.500000,1193880
2023-12-09T07:00:00Z,2.499900,2.525500,2.492800,2.516000,1239660
2023-12-09T08:00:00Z,2.516300,2.542300,2.421100,2.467000,5863835
2023-12-09T09:00:00Z,2.467200,2.488500,2.434300,2.439100,2601063
2023-12-09T10:00:00Z,2.439200,2.455400,2.434600,2.449600,1000882
2023-12-09T11:00:00Z,2.449300,2.453400,2.426300,2.439800,1148509
2023-12-09T12:00:00Z,2.439800,2.453900,2.425800,2.446600,999114
2023-12-09T13:00:00Z,2.446500,2.457400,2.417400,2.437400,1540795
2023-12-09T14:00:00Z,2.437400,2.446300,2.380200,2.404300,2501402
2023-12-09T15:00:00Z,2.404500,2.410700,2.377700,2.401900,1718869
2023-12-09T16:00:00Z,2.401900,2.405300,2.350300,2.367500,2148563
2023-12-09T17:00:00Z,2.367600,2.368800,2.336800,2.349200,1698540
2023-12-09T18:00:00Z,2.349200,2.367900,2.344500,2.362000,887126
2023-12-09T19:00:00Z,2.361900,2.372900,2.356200,2.361900,530737
2023-12-09T20:00:00Z,2.361900,2.364800,2.337300,2.349200,1118801
2023-12-09T21:00:00Z,2.349000,2.358300,2.332400,2.354200,744944
2023-12-09T22:00:00Z,2.354500,2.362800,2.337100,2.344000,567966
2023-12-09T23:00:00Z,2.344000,2.356500,2.305500,2.344400,2126620
2023-12-10T00:00:00Z,2.344400,2.365200,2.333300,2.361800,1146384
2023-12-10T01:00:00Z,2.362000,2.367800,2.347700,2.365800,607045
2023-12-10T02:00:00Z,2.365600,2.372000,2.352900,2.364300,689489
2023-12-10T03:00:00Z,2.364100,2.390200,2.362100,2.387000,776616
2023-12-10T04:00:00Z,2.387000,2.401100,2.376600,2.400400,610077
2023-12-10T05:00:00Z,2.400000,2.401600,2.387100,2.394500,435443
2023-12-10T06:00:00Z,2.394400,2.396000,2.380400,2.386600,459394
2023-12-10T07:00:00Z,2.386600,2.390500,2.368400,2.389600,860260
2023-12-10T08:00:00Z,2.389600,2.397700,2.372700,2.379400,736713
2023-12-10T09:00:00Z,2.379400,2.388700,2.334700,2.334700,1055650
2023-12-10T10:00:00Z,2.334600,2.368100,2.333300,2.360300,952867
2023-12-10T11:00:00Z,2.360600,2.366300,2.346700,2.349200,555283
2023-12-10T12:00:00Z,2.349200,2.371000,2.343300,2.367800,781314
2023-12-10T13:00:00Z,2.368200,2.380500,2.360300,2.378100,478388
2023-12-10T14:00:00Z,2.378100,2.389800,2.368300,2.383400,552216
2023-12-10T15:00:00Z,2.383100,2.408000,2.381800,2.401700,913139
2023-12-10T16:00:00Z,2.401300,2.423900,2.396100,2.403000,1341953
2023-12-10T17:00:00Z,2.403100,2.404700,2.376000,2.391300,729780
2023-12-10T18:00:00Z,2.391400,2.411800,2.389200,2.401300,573601
2023-12-10T19:00:00Z,2.401400,2.416700,2.398800,2.415900,391818
2023-12-10T20:00:00Z,2.416000,2.434600,2.411200,2.430400,854412
2023-12-10T21:00:00Z,2.430900,2.434900,2.393900,2.395900,1075386
2023-12-10T22:00:00Z,2.395900,2.405100,2.387800,2.392900,514437
2023-12-10T23:00:00Z,2.392900,2.402900,2.372200,2.390100,675933
2023-12-11T00:00:00Z,2.390200,2.404200,2.364200,2.365600,975056
2023-12-11T01:00:00Z,2.365800,2.374500,2.333600,2.372000,1475547
2023-12-11T02:00:00Z,2.372100,2.372700,2.100000,2.217600,11204319
2023-12-11T03:00:00Z,2.217500,2.276000,2.216200,2.263100,1946502
2023-12-11T04:00:00Z,2.263300,2.269400,2.240400,2.259100,1428924
2023-12-11T05:00:00Z,2.259000,2.287700,2.243600,2.284200,1430061
2023-12-11T06:00:00Z,2.283400,2.286000,2.224300,2.259600,1881196
2023-12-11T07:00:00Z,2.260000,2.272100,2.241800,2.243500,1084171
2023-12-11T08:00:00Z,2.243500,2.260200,2.235500,2.259200,1295997
2023-12-11T09:00:00Z,2.259300,2.283600,2.252000,2.275600,887630
2023-12-11T10:00:00Z,2.275600,2.290500,2.269700,2.287800,1319984
2023-12-11T11:00:00Z,2.287700,2.313300,2.277000,2.312200,1605652
2023-12-11T12:00:00Z,2.312300,2.344600,2.299000,2.303200,2616200
2023-12-11T13:00:00Z,2.303200,2.313800,2.269600,2.293200,1434925
2023-12-11T14:00:00Z,2.293000,2.308700,2.263100,2.280800,1920576
2023-12-11T15:00:00Z,2.281000,2.310000,2.258700,2.286900,1606930
2023-12-11T16:00:00Z,2.286300,2.296100,2.262500,2.294100,1833079
2023-12-11T17:00:00Z,2.294100,2.294400,2.252700,2.255500,1350377
2023-12-11T18:00:00Z,2.255400,2.258200,2.177600,2.240300,4870014
2023-12-11T19:00:00Z,2.240200,2.255100,2.207100,2.253500,1542475
2023-12-11T20:00:00Z,2.253800,2.269500,2.241200,2.265700,1099522
2023-12-11T21:00:00Z,2.265700,2.277300,2.259900,2.273300,785953
2023-12-11T22:00:00Z,2.273900,2.284200,2.264700,2.267100,565366
2023-12-11T23:00:00Z,2.267100,2.268900,2.254900,2.261300,629027
2023-12-12T00:00:00Z,2.261300,2.292100,2.258400,2.268900,1022612
2023-12-12T01:00:00Z,2.268700,2.288400,2.264000,2.272000,638263
2023-12-12T02:00:00Z,2.272200,2.318200,2.269800,2.314800,1592989
2023-12-12T03:00:00Z,2.314400,2.316500,2.283700,2.291300,805541
2023-12-12T04:00:00Z,2.291400,2.295800,2.278600,2.279800,973067
2023-12-12T05:00:00Z,2.279900,2.307400,2.279900,2.296800,580732
2023-12-12T06:00:00Z,2.296800,2.302000,2.270200,2.291300,850553
2023-12-12T07:00:00Z,2.291200,2.326100,2.289100,2.318000,968590
2023-12-12T08:00:00Z,2.318100,2.320500,2.290000,2.305200,857079
2023-12-12T09:00:00Z,2.305200,2.305800,2.283600,2.288700,550207
2023-12-12T10:00:00Z,2.288700,2.300000,2.285100,2.299400,438067
2023-12-12T11:00:00Z,2.299200,2.300000,2.269000,2.271800,698061
2023-12-12T12:00:00Z,2.272200,2.289800,2.263900,2.285200,801216
2023-12-12T13:00:00Z,2.285200,2.303400,2.262000,2.288200,2067291
2023-12-12T14:00:00Z,2.288000,2.291500,2.245000,2.260200,1610720
2023-12-12T15:00:00Z,2.260500,2.264100,2.212600,2.239000,2464499
2023-12-12T16:00:00Z,2.239100,2.246600,2.219100,2.235800,890815
2023-12-12T17:00:00Z,2.235900,2.236700,2.190700,2.193100,1874368
2023-12-12T18:00:00Z,2.193200,2.234900,2.191900,2.216100,878498
2023-12-12T19:00:00Z,2.216100,2.224800,2.189200,2.206900,857413
2023-12-12T20:00:00Z,2.206700,2.216400,2.182400,2.201700,1127787
2023-12-12T21:00:00Z,2.201600,2.219800,2.171000,2.179800,1658839
2023-12-12T22:00:00Z,2.179500,2.206500,2.174300,2.200000,862214
2023-12-12T23:00:00Z,2.199800,2.242000,2.199300,2.232600,1479157
2023-12-13T00:00:00Z,2.232600,2.254400,2.229000,2.236200,1225200
2023-12-13T01:00:00Z,2.236200,2.239900,2.171600,2.173100,1510619
2023-12-13T02:00:00Z,2.172800,2.194900,2.142200,2.174600,2448257
2023-12-13T03:00:00Z,2.174500,2.183200,2.150500,2.160600,1205014
2023-12-13T04:00:00Z,2.160700,2.179200,2.138600,2.177900,1116458
2023-12-13T05:00:00Z,2.177800,2.190000,2.161400,2.188600,612862
2023-12-13T06:00:00Z,2.188500,2.193700,2.145700,2.151600,1001048
2023-12-13T07:00:00Z,2.151800,2.193400,2.139600,2.186700,885410
2023-12-13T08:00:00Z,2.186900,2.223900,2.184400,2.221300,861820
2023-12-13T09:00:00Z,2.221000,2.223200,2.204900,2.220300,729170
2023-12-13T10:00:00Z,2.220400,2.223500,2.193300,2.211200,705421
2023-12-13T11:00:00Z,2.210800,2.217400,2.187600,2.192900,589788
2023-12-13T12:00:00Z,2.193000,2.220000,2.189100,2.211200,528206
2023-12-13T13:00:00Z,2.211200,2.225100,2.204300,2.219500,839650
2023-12-13T14:00:00Z,2.219500,2.223000,2.201400,2.202600,689685
2023-12-13T15:00:00Z,2.202600,2.264500,2.201600,2.246600,2419661
2023-12-13T16:00:00Z,2.246600,2.257600,2.216400,2.218300,1223923
2023-12-13T17:00:00Z,2.218400,2.236700,2.213300,2.229700,614531
2023-12-13T18:00:00Z,2.229400,2.257500,2.225500,2.245100,803379
2023-12-13T19:00:00Z,2.245100,2.290200,2.245000,2.289700,1792618
2023-12-13T20:00:00Z,2.289600,2.309800,2.278500,2.307900,1462606
2023-12-13T21:00:00Z,2.307700,2.314100,2.286400,2.309100,1112615
2023-12-13T22:00:00Z,2.309200,2.323200,2.289400,2.298700,1152872
2023-12-13T23:00:00Z,2.298800,2.317900,2.296700,2.312300,710669
2023-12-14T00:00:00Z,2.312400,2.320900,2.287100,2.310800,1154092
2023-12-14T01:00:00Z,2.310900,2.360300,2.306600,2.317500,3080318
2023-12-14T02:00:00Z,2.317600,2.326200,2.301400,2.325400,705742
2023-12-14T03:00:00Z,2.325400,2.329300,2.296200,2.302300,1312102
2023-12-14T04:00:00Z,2.302700,2.309100,2.282000,2.283500,813441
2023-12-14T05:00:00Z,2.283600,2.321900,2.283400,2.320600,727236
2023-12-14T06:00:00Z,2.320900,2.357400,2.317600,2.348000,945447
2023-12-14T07:00:00Z,2.347900,2.357100,2.329300,2.336700,1287001
2023-12-14T08:00:00Z,2.336600,2.346000,2.321100,2.323500,1005268
2023-12-14T09:00:00Z,2.323800,2.339600,2.320000,2.336000,661215
2023-12-14T10:00:00Z,2.335900,2.342600,2.328200,2.335400,768863
2023-12-14T11:00:00Z,2.335600,2.370100,2.330000,2.369400,1057457
2023-12-14T12:00:00Z,2.369500,2.385400,2.348800,2.361900,1687148
2023-12-14T13:00:00Z,2.361900,2.363800,2.250000,2.354700,4394699
2023-12-14T14:00:00Z,2.354700,2.359400,2.316300,2.323000,1656274
2023-12-14T15:00:00Z,2.323100,2.338500,2.313800,2.334000,1045219
2023-12-14T16:00:00Z,2.334000,2.356500,2.332800,2.342500,991429
2023-12-14T17:00:00Z,2.342400,2.377500,2.339600,2.362300,1357041
2023-12-14T18:00:00Z,2.362100,2.363100,2.342900,2.343900,964722
2023-12-14T19:00:00Z,2.343900,2.353400,2.338400,2.340700,584887
2023-12-14T20:00:00Z,2.340600,2.353000,2.328800,2.350700,520022
2023-12-14T21:00:00Z,2.350600,2.385400,2.340300,2.375600,846739
2023-12-14T22:00:00Z,2.375700,2.377600,2.352700,2.364400,771133
2023-12-14T23:00:00Z,2.364400,2.370700,2.345400,2.359800,573865
2023-12-15T00:00:00Z,2.359800,2.366900,2.328300,2.330400,752829
2023-12-15T01:00:00Z,2.330400,2.331800,2.300700,2.308700,1654508
2023-12-15T02:00:00Z,2.308800,2.315300,2.295600,2.300800,612926
2023-12-15T03:00:00Z,2.300900,2.311100,2.291700,2.297700,742056
2023-12-15T04:00:00Z,2.297600,2.306300,2.285800,2.291600,525899
2023-12-15T05:00:00Z,2.291700,2.297500,2.258000,2.259700,1195738
2023-12-15T06:00:00Z,2.259800,2.267500,2.252200,2.261700,657735
2023-12-15T07:00:00Z,2.261700,2.278500,2.251200,2.255700,611481
2023-12-15T08:00:00Z,2.255700,2.265100,2.242100,2.264400,663123
2023-12-15T09:00:00Z,2.264300,2.278300,2.257300,2.263000,674878
2023-12-15T10:00:00Z,2.263100,2.276200,2.256300,2.269300,569609
2023-12-15T11:00:00Z,2.269100,2.271900,2.255200,2.257500,555035
2023-12-15T12:00:00Z,2.257600,2.257600,2.223200,2.232600,2011579
2023-12-15T13:00:00Z,2.232400,2.250900,2.214500,2.229100,1707524
2023-12-15T14:00:00Z,2.229200,2.232800,2.190000,2.205300,1880551
2023-12-15T15:00:00Z,2.205300,2.213400,2.162000,2.181900,1706440
2023-12-15T16:00:00Z,2.182000,2.195200,2.173600,2.175000,1150067
2023-12-15T17:00:00Z,2.175000,2.196300,2.167000,2.167200,749227
2023-12-15T18:00:00Z,2.167200,2.203800,2.165700,2.201700,1141072
2023-12-15T19:00:00Z,2.201600,2.201600,2.178400,2.181700,812508
2023-12-15T20:00:00Z,2.181900,2.195600,2.171600,2.190700,628128
2023-12-15T21:00:00Z,2.190800,2.195200,2.178600,2.182000,451208
2023-12-15T22:00:00Z,2.181900,2.181900,2.137900,2.139900,1705744
2023-12-15T23:00:00Z,2.139900,2.148100,2.115600,2.135200,1548351
2023-12-16T00:00:00Z,2.134800,2.154300,2.116800,2.149100,1201395
2023-12-16T01:00:00Z,2.148900,2.171700,2.146600,2.168600,847874
2023-12-16T02:00:00Z,2.168600,2.176500,2.161300,2.172800,480218
2023-12-16T03:00:00Z,2.172800,2.192900,2.170800,2.182400,1014805
2023-12-16T04:00:00Z,2.182500,2.191400,2.174900,2.190000,513787
2023-12-16T05:00:00Z,2.189900,2.196400,2.186600,2.196100,431515
2023-12-16T06:00:00Z,2.196100,2.198400,2.183600,2.190500,400922
2023-12-16T07:00:00Z,2.190500,2.193700,2.178500,2.185800,458458
2023-12-16T08:00:00Z,2.185800,2.196200,2.176800,2.180800,619193
2023-12-16T09:00:00Z,2.181000,2.193100,2.179500,2.181600,329106
2023-12-16T10:00:00Z,2.181600,2.183000,2.166700,2.177600,533567
2023-12-16T11:00:00Z,2.177500,2.192000,2.175600,2.191200,477439
2023-12-16T12:00:00Z,2.191300,2.200000,2.187100,2.197900,782515
2023-12-16T13:00:00Z,2.198000,2.201000,2.177000,2.187900,727398
2023-12-16T14:00:00Z,2.187800,2.189900,2.176200,2.183300,318022
2023-12-16T15:00:00Z,2.183500,2.193300,2.178000,2.193200,562081
2023-12-16T16:00:00Z,2.193200,2.211800,2.182300,2.199800,1032230
2023-12-16T17:00:00Z,2.199900,2.211100,2.191000,2.201500,628688
2023-12-16T18:00:00Z,2.201400,2.201400,2.165300,2.178200,1014677
2023-12-16T19:00:00Z,2.178200,2.180900,2.150000,2.164100,926699
2023-12-16T20:00:00Z,2.164300,2.185400,2.163000,2.175300,676498
2023-12-16T21:00:00Z,2.175000,2.177500,2.153700,2.158000,461459
2023-12-16T22:00:00Z,2.158200,2.172900,2.150000,2.171300,511204
2023-12-16T23:00:00Z,2.171200,2.171200,2.153300,2.167300,361326
2023-12-17T00:00:00Z,2.167200,2.176200,2.158800,2.159200,570340
2023-12-17T01:00:00Z,2.159200,2.171200,2.137900,2.152400,997760
2023-12-17T02:00:00Z,2.152400,2.166700,2.133400,2.133700,1075248
2023-12-17T03:00:00Z,2.133700,2.151500,2.125000,2.141600,852598
2023-12-17T04:00:00Z,2.141700,2.151000,2.141400,2.147700,451556
2023-12-17T05:00:00Z,2.147900,2.149500,2.111400,2.117600,1465339
2023-12-17T06:00:00Z,2.117600,2.126400,2.109400,2.120600,1148510
2023-12-17T07:00:00Z,2.120700,2.122600,2.090000,2.096700,1422267
2023-12-17T08:00:00Z,2.096700,2.113500,2.094800,2.110900,577429
2023-12-17T09:00:00Z,2.110900,2.128700,2.110700,2.126100,500257
2023-12-17T10:00:00Z,2.126100,2.130400,2.122700,2.127600,444321
2023-12-17T11:00:00Z,2.127500,2.132300,2.117500,2.120000,389895
2023-12-17T12:00:00Z,2.120000,2.121800,2.110800,2.115800,508465
2023-12-17T13:00:00Z,2.115800,2.120600,2.096300,2.106100,1294426
2023-12-17T14:00:00Z,2.106100,2.122100,2.092100,2.110300,1581932
2023-12-17T15:00:00Z,2.110300,2.130800,2.104100,2.129100,624293
2023-12-17T16:00:00Z,2.129100,2.140500,2.116000,2.139700,910417
2023-12-17T17:00:00Z,2.139500,2.156400,2.132000,2.137200,905027
2023-12-17T18:00:00Z,2.137100,2.147300,2.107900,2.135900,1221100
2023-12-17T19:00:00Z,2.136100,2.143000,2.127700,2.129600,312219
2023-12-17T20:00:00Z,2.129800,2.143900,2.129600,2.138900,334573
2023-12-17T21:00:00Z,2.138700,2.140800,2.117300,2.124200,476303
2023-12-17T22:00:00Z,2.123700,2.126100,2.095000,2.103400,525998
2023-12-17T23:00:00Z,2.103400,2.105900,2.063300,2.083800,1917154
2023-12-18T00:00:00Z,2.083900,2.102300,2.075400,2.088600,710745
2023-12-18T01:00:00Z,2.088600,2.098800,2.048300,2.055200,1368281
2023-12-18T02:00:00Z,2.055600,2.070800,2.037900,2.051000,980160
2023-12-18T03:00:00Z,2.051000,2.077800,2.043600,2.072000,630928
2023-12-18T04:00:00Z,2.072100,2.085500,2.067300,2.084700,489608
2023-12-18T05:00:00Z,2.084500,2.088800,2.070700,2.072600,313394
2023-12-18T06:00:00Z,2.073100,2.094800,2.065000,2.093300,488913
2023-12-18T07:00:00Z,2.093700,2.093700,2.054100,2.060600,750421
2023-12-18T08:00:00Z,2.060400,2.076200,2.037100,2.064600,1028684
2023-12-18T09:00:00Z,2.064300,2.068300,2.015800,2.041500,1870240
2023-12-18T10:00:00Z,2.041200,2.041200,1.981200,2.007300,4100603
2023-12-18T11:00:00Z,2.007500,2.033700,2.004500,2.030300,865738
2023-12-18T12:00:00Z,2.030300,2.034900,2.010400,2.011500,470702
2023-12-18T13:00:00Z,2.011700,2.059400,2.010100,2.056000,909486
2023-12-18T14:00:00Z,2.055900,2.075300,2.047200,2.074000,764733
2023-12-18T15:00:00Z,2.074100,2.074600,2.051600,2.061200,706979
2023-12-18T16:00:00Z,2.061100,2.100800,2.052700,2.098700,1225347
2023-12-18T17:00:00Z,2.098600,2.106200,2.092400,2.100300,890685
2023-12-18T18:00:00Z,2.100300,2.103600,2.085000,2.094200,712359
2023-12-18T19:00:00Z,2.094100,2.107900,2.087400,2.093500,808395
2023-12-18T20:00:00Z,2.093300,2.102500,2.077200,2.098600,632840
2023-12-18T21:00:00Z,2.098600,2.136100,2.097100,2.130600,1482311
2023-12-18T22:00:00Z,2.130400,2.138900,2.125900,2.134200,590415
2023-12-18T23:00:00Z,2.134200,2.142600,2.121800,2.135300,730250
2023-12-19T00:00:00Z,2.135100,2.145200,2.116400,2.130800,807492
2023-12-19T01:00:00Z,2.130800,2.159100,2.122500,2.155200,824365
2023-12-19T02:00:00Z,2.155300,2.161600,2.135300,2.136000,695493
2023-12-19T03:00:00Z,2.136200,2.144700,2.133700,2.141200,408528
2023-12-19T04:00:00Z,2.141300,2.146500,2.129900,2.141600,416166
2023-12-19T05:00:00Z,2.141600,2.149500,2.139200,2.146500,293359
2023-12-19T06:00:00Z,2.146500,2.149600,2.130000,2.139400,486807
2023-12-19T07:00:00Z,2.139400,2.151100,2.129400,2.145300,628369
2023-12-19T08:00:00Z,2.145400,2.153300,2.130300,2.130400,564386
2023-12-19T09:00:00Z,2.130400,2.135800,2.116300,2.126700,580723
2023-12-19T10:00:00Z,2.126700,2.126900,2.112000,2.113800,615618
2023-12-19T11:00:00Z,2.114000,2.119100,2.100200,2.100800,635438
2023-12-19T12:00:00Z,2.100900,2.110800,2.086200,2.093000,561743
2023-12-19T13:00:00Z,2.093000,2.109000,2.091200,2.095400,499759
2023-12-19T14:00:00Z,2.095300,2.100200,2.057700,2.065300,1403084
2023-12-19T15:00:00Z,2.065300,2.086000,2.057300,2.073000,660910
2023-12-19T16:00:00Z,2.072900,2.083200,2.063500,2.072500,751605
2023-12-19T17:00:00Z,2.072700,2.074200,2.027500,2.029300,1404393
2023-12-19T18:00:00Z,2.028900,2.043100,2.017900,2.039600,1218224
2023-12-19T19:00:00Z,2.039800,2.063600,2.035500,2.050300,841592
2023-12-19T20:00:00Z,2.050400,2.060500,2.037600,2.041500,575876
2023-12-19T21:00:00Z,2.041300,2.061900,2.040000,2.060900,419621
2023-12-19T22:00:00Z,2.060800,2.061300,2.033700,2.038000,327892
2023-12-19T23:00:00Z,2.038000,2.053400,2.026100,2.052100,529994
2023-12-20T00:00:00Z,2.052100,2.067700,2.048600,2.063000,681449
2023-12-20T01:00:00Z,2.062900,2.069100,2.036300,2.051600,492926
2023-12-20T02:00:00Z,2.051500,2.068600,2.040800,2.066900,663137
2023-12-20T03:00:00Z,2.066600,2.070000,2.053100,2.061400,359525
2023-12-20T04:00:00Z,2.061300,2.095000,2.058000,2.092300,688766
2023-12-20T05:00:00Z,2.092300,2.095400,2.083600,2.094400,457616
2023-12-20T06:00:00Z,2.094300,2.110000,2.090000,2.091600,773127
2023-12-20T07:00:00Z,2.091700,2.102100,2.085700,2.100800,482295
2023-12-20T08:00:00Z,2.100700,2.119500,2.093300,2.106300,1049758
2023-12-20T09:00:00Z,2.106200,2.121000,2.102700,2.114600,613676
2023-12-20T10:00:00Z,2.114600,2.119900,2.104800,2.116400,510973
2023-12-20T11:00:00Z,2.116400,2.118500,2.094100,2.109600,644209
2023-12-20T12:00:00Z,2.109400,2.116700,2.095800,2.116000,583824
2023-12-20T13:00:00Z,2.116100,2.152100,2.116100,2.149600,1534185
2023-12-20T14:00:00Z,2.149100,2.158600,2.125800,2.135700,1371775
2023-12-20T15:00:00Z,2.135600,2.160100,2.130400,2.144000,820450
2023-12-20T16:00:00Z,2.144100,2.151600,2.117700,2.131400,1171126
2023-12-20T17:00:00Z,2.131400,2.140400,2.126300,2.127900,720707
2023-12-20T18:00:00Z,2.127900,2.137700,2.121100,2.122100,691919
2023-12-20T19:00:00Z,2.122100,2.127200,2.100000,2.102000,711641
2023-12-20T20:00:00Z,2.102100,2.106800,2.066700,2.083500,2001481
2023-12-20T21:00:00Z,2.083600,2.101300,2.075100,2.082300,429123
2023-12-20T22:00:00Z,2.082600,2.100100,2.078600,2.088800,433011
2023-12-20T23:00:00Z,2.088900,2.109400,2.081400,2.104000,761908
2023-12-21T00:00:00Z,2.103900,2.111600,2.093200,2.094400,553036
2023-12-21T01:00:00Z,2.094300,2.101900,2.081800,2.100900,455683
2023-12-21T02:00:00Z,2.100800,2.108800,2.086700,2.100400,493929
2023-12-21T03:00:00Z,2.100300,2.106900,2.088000,2.093700,469019
2023-12-21T04:00:00Z,2.093600,2.100900,2.086200,2.098700,339619
2023-12-21T05:00:00Z,2.098700,2.101800,2.080500,2.083200,364933
2023-12-21T06:00:00Z,2.083100,2.102300,2.077400,2.101500,701940
2023-12-21T07:00:00Z,2.101400,2.102100,2.091000,2.096700,545984
2023-12-21T08:00:00Z,2.096800,2.103600,2.088500,2.091600,1032864
2023-12-21T09:00:00Z,2.091600,2.103300,2.078800,2.102000,1102002
2023-12-21T10:00:00Z,2.101900,2.152000,2.101400,2.142600,2237508
2023-12-21T11:00:00Z,2.142200,2.174100,2.135000,2.168200,3637573
2023-12-21T12:00:00Z,2.168000,2.268200,2.164500,2.230800,7254225
2023-12-21T13:00:00Z,2.231000,2.232500,2.190600,2.217400,3452389
2023-12-21T14:00:00Z,2.217400,2.229700,2.175100,2.180700,3322073
2023-12-21T15:00:00Z,2.180000,2.189900,2.152900,2.171900,3041924
2023-12-21T16:00:00Z,2.171600,2.183200,2.138400,2.160200,1958059
2023-12-21T17:00:00Z,2.160500,2.166700,2.148500,2.157100,1796073
2023-12-21T18:00:00Z,2.157100,2.203600,2.157100,2.174500,1706959
2023-12-21T19:00:00Z,2.174700,2.189400,2.150400,2.165100,1229570
2023-12-21T20:00:00Z,2.165200,2.186300,2.154900,2.186100,1034523
2023-12-21T21:00:00Z,2.186300,2.219100,2.184600,2.197700,2138212
2023-12-21T22:00:00Z,2.197800,2.199600,2.166800,2.181400,928286
2023-12-21T23:00:00Z,2.181400,2.183100,2.148100,2.158600,1512757
2023-12-22T00:00:00Z,2.159200,2.180700,2.134100,2.174300,1887807
2023-12-22T01:00:00Z,2.174300,2.203400,2.170900,2.183600,1585396
2023-12-22T02:00:00Z,2.183600,2.188700,2.160000,2.173800,1136362
2023-12-22T03:00:00Z,2.174200,2.187600,2.164500,2.185800,797170
2023-12-22T04:00:00Z,2.186000,2.198400,2.172000,2.189300,1049095
2023-12-22T05:00:00Z,2.188900,2.209500,2.183400,2.199300,839764
2023-12-22T06:00:00Z,2.199300,2.262700,2.174600,2.193000,5518503
2023-12-22T07:00:00Z,2.193100,2.341000,2.177600,2.296200,12975150
2023-12-22T08:00:00Z,2.296200,2.349600,2.257600,2.336400,7605771
2023-12-22T09:00:00Z,2.336300,2.373000,2.290900,2.299900,7392611
2023-12-22T10:00:00Z,2.299800,2.308700,2.266600,2.285400,3878358
2023-12-22T11:00:00Z,2.285100,2.327200,2.281400,2.317400,1737530
2023-12-22T12:00:00Z,2.317400,2.338900,2.278600,2.302700,3157656
2023-12-22T13:00:00Z,2.302300,2.334200,2.287300,2.324200,2253683
2023-12-22T14:00:00Z,2.324300,2.390000,2.309500,2.384700,4515458
2023-12-22T15:00:00Z,2.384700,2.390700,2.345100,2.354400,3009885
2023-12-22T16:00:00Z,2.354200,2.386700,2.321100,2.336000,3801819
2023-12-22T17:00:00Z,2.335900,2.392600,2.332300,2.381700,1668328
2023-12-22T18:00:00Z,2.381600,2.405500,2.359300,2.362900,1877620
2023-12-22T19:00:00Z,2.362900,2.371800,2.338100,2.358900,1745556
2023-12-22T20:00:00Z,2.359000,2.375200,2.339100,2.372400,1276296
2023-12-22T21:00:00Z,2.372200,2.418400,2.366200,2.401600,2556355
2023-12-22T22:00:00Z,2.400500,2.445200,2.388200,2.392400,2540122
2023-12-22T23:00:00Z,2.392400,2.455700,2.382500,2.440500,2597364
2023-12-23T00:00:00Z,2.440600,2.471000,2.368300,2.373900,3837201
2023-12-23T01:00:00Z,2.373700,2.388100,2.343500,2.345000,3046802
2023-12-23T02:00:00Z,2.345200,2.381100,2.343800,2.356900,1971024
2023-12-23T03:00:00Z,2.357000,2.377500,2.329300,2.342300,1503593
2023-12-23T04:00:00Z,2.342600,2.346800,2.310300,2.339600,1809084
2023-12-23T05:00:00Z,2.339500,2.351900,2.324500,2.336100,837987
2023-12-23T06:00:00Z,2.335900,2.337000,2.320500,2.326700,637563
2023-12-23T07:00:00Z,2.326700,2.330700,2.296000,2.298400,1030923
2023-12-23T08:00:00Z,2.298500,2.323800,2.295700,2.321100,746313
2023-12-23T09:00:00Z,2.320700,2.324900,2.306200,2.314200,859202
2023-12-23T10:00:00Z,2.314200,2.320100,2.295900,2.297100,924824
2023-12-23T11:00:00Z,2.297100,2.315100,2.291900,2.308700,599134
2023-12-23T12:00:00Z,2.308900,2.357600,2.307400,2.338300,1865694
2023-12-23T13:00:00Z,2.338200,2.354200,2.314400,2.323500,1137818
2023-12-23T14:00:00Z,2.323700,2.326600,2.303800,2.307000,848424
2023-12-23T15:00:00Z,2.306900,2.327700,2.305200,2.312200,620152
2023-12-23T16:00:00Z,2.312400,2.347600,2.311500,2.335400,1057452
2023-12-23T17:00:00Z,2.335200,2.348700,2.327900,2.331100,555849
2023-12-23T18:00:00Z,2.331100,2.359100,2.321700,2.346300,887787
2023-12-23T19:00:00Z,2.346300,2.352000,2.330000,2.335100,831735
2023-12-23T20:00:00Z,2.335100,2.343300,2.315200,2.328800,686533
2023-12-23T21:00:00Z,2.328900,2.342600,2.316400,2.332500,481990
2023-12-23T22:00:00Z,2.332500,2.346400,2.324800,2.329700,576103
2023-12-23T23:00:00Z,2.329600,2.381200,2.328700,2.365000,2258522
2023-12-24T00:00:00Z,2.365800,2.398900,2.343000,2.393100,2573971
2023-12-24T01:00:00Z,2.393200,2.414300,2.375500,2.389300,1959351
2023-12-24T02:00:00Z,2.389000,2.427800,2.382700,2.401200,1599813
2023-12-24T03:00:00Z,2.401100,2.415000,2.392100,2.408100,1027475
2023-12-24T04:00:00Z,2.408100,2.417900,2.385800,2.415000,857239
2023-12-24T05:00:00Z,2.415300,2.428300,2.357300,2.410200,2019008
2023-12-24T06:00:00Z,2.410300,2.429700,2.392300,2.426900,2570247
2023-12-24T07:00:00Z,2.426900,2.431100,2.389200,2.412900,1557402
2023-12-24T08:00:00Z,2.413200,2.452800,2.402200,2.446400,1300403
2023-12-24T09:00:00Z,2.446600,2.450000,2.401000,2.410600,1186136
2023-12-24T10:00:00Z,2.410500,2.425000,2.379500,2.414500,1647981
2023-12-24T11:00:00Z,2.414500,2.416500,2.383700,2.386300,631644
2023-12-24T12:00:00Z,2.386000,2.412700,2.381100,2.402100,552814
2023-12-24T13:00:00Z,2.402000,2.406700,2.380000,2.394600,749142
2023-12-24T14:00:00Z,2.394500,2.404700,2.366100,2.377000,1140418
2023-12-24T15:00:00Z,2.376900,2.393800,2.374900,2.383600,554138
2023-12-24T16:00:00Z,2.383700,2.402700,2.377200,2.397800,650159
2023-12-24T17:00:00Z,2.397700,2.425000,2.388600,2.424000,1066239
2023-12-24T18:00:00Z,2.423900,2.454000,2.421700,2.437800,1466236
2023-12-24T19:00:00Z,2.438100,2.448300,2.424600,2.444000,726186
2023-12-24T20:00:00Z,2.444100,2.453300,2.408400,2.427600,1306957
2023-12-24T21:00:00Z,2.427600,2.445300,2.410300,2.414600,768321
2023-12-24T22:00:00Z,2.414900,2.423300,2.340000,2.394100,2722994
2023-12-24T23:00:00Z,2.394700,2.451900,2.384400,2.426300,1743667
2023-12-25T00:00:00Z,2.426300,2.600000,2.423300,2.573200,7441319
2023-12-25T01:00:00Z,2.573000,2.657300,2.550000,2.628600,9398924
2023-12-25T02:00:00Z,2.628400,2.683800,2.562000,2.613000,6940094
2023-12-25T03:00:00Z,2.613000,2.633900,2.567800,2.620200,2346047
2023-12-25T04:00:00Z,2.619900,2.676400,2.612000,2.635400,3637878
2023-12-25T05:00:00Z,2.635500,2.705000,2.627000,2.690400,3417436
2023-12-25T06:00:00Z,2.690700,2.713500,2.639500,2.648600,4162203
2023-12-25T07:00:00Z,2.648800,2.666700,2.593900,2.616500,3667072
2023-12-25T08:00:00Z,2.616500,2.642700,2.588200,2.600700,2485857
2023-12-25T09:00:00Z,2.600600,2.615100,2.561800,2.583800,2477216
2023-12-25T10:00:00Z,2.583700,2.598600,2.551500,2.582800,1712293
2023-12-25T11:00:00Z,2.582700,2.607800,2.560800,2.577200,1852397
2023-12-25T12:00:00Z,2.576700,2.600400,2.538000,2.593200,2456688
2023-12-25T13:00:00Z,2.593100,2.596600,2.542600,2.554300,2175811
2023-12-25T14:00:00Z,2.554300,2.593000,2.542500,2.588000,1777711
2023-12-25T15:00:00Z,2.588000,2.593300,2.561800,2.564800,1389260
2023-12-25T16:00:00Z,2.565000,2.573200,2.513200,2.523700,2901142
2023-12-25T17:00:00Z,2.524100,2.557000,2.518500,2.548400,1116102
2023-12-25T18:00:00Z,2.548400,2.565300,2.542000,2.552300,930969
2023-12-25T19:00:00Z,2.552300,2.566500,2.544600,2.547600,641296
2023-12-25T20:00:00Z,2.548200,2.554600,2.516200,2.554100,1551451
2023-12-25T21:00:00Z,2.554000,2.566000,2.524300,2.561900,801126
2023-12-25T22:00:00Z,2.561900,2.586700,2.552000,2.575300,1174254
2023-12-25T23:00:00Z,2.575400,2.577300,2.552100,2.557000,633234
2023-12-26T00:00:00Z,2.556600,2.567000,2.529900,2.535200,1094297
2023-12-26T01:00:00Z,2.535300,2.561200,2.526500,2.539500,1043710
2023-12-26T02:00:00Z,2.539700,2.573300,2.538800,2.549600,668933
2023-12-26T03:00:00Z,2.549600,2.578400,2.541400,2.556800,991947
2023-12-26T04:00:00Z,2.556900,2.571600,2.546900,2.568900,611599
2023-12-26T05:00:00Z,2.568700,2.568900,2.454100,2.496000,3847586
2023-12-26T06:00:00Z,2.496000,2.522800,2.464000,2.501800,2120069
2023-12-26T07:00:00Z,2.501300,2.588900,2.483400,2.587500,2303054
2023-12-26T08:00:00Z,2.587500,2.590400,2.545400,2.565700,1973647
2023-12-26T09:00:00Z,2.565700,2.578100,2.526500,2.557400,1789308
2023-12-26T10:00:00Z,2.557000,2.628100,2.553900,2.611200,2841846
2023-12-26T11:00:00Z,2.611000,2.675000,2.603500,2.658200,3676191
2023-12-26T12:00:00Z,2.658100,2.668700,2.630100,2.648700,2161696
2023-12-26T13:00:00Z,2.648700,2.650200,2.603500,2.606200,2109882
2023-12-26T14:00:00Z,2.606100,2.609900,2.566200,2.575500,1565105
2023-12-26T15:00:00Z,2.575700,2.581100,2.507000,2.518700,2398711
2023-12-26T16:00:00Z,2.519000,2.529000,2.489900,2.498000,2169815
2023-12-26T17:00:00Z,2.497900,2.509000,2.300000,2.427700,6686289
2023-12-26T18:00:00Z,2.427300,2.460200,2.417600,2.432500,2471183
2023-12-26T19:00:00Z,2.432500,2.435700,2.415200,2.423200,1205239
2023-12-26T20:00:00Z,2.423400,2.434200,2.404300,2.410100,1240807
2023-12-26T21:00:00Z,2.410200,2.440100,2.395600,2.426600,1428621
2023-12-26T22:00:00Z,2.426600,2.453500,2.425800,2.434300,1099767
2023-12-26T23:00:00Z,2.434200,2.440300,2.408500,2.426400,1126768
2023-12-27T00:00:00Z,2.426500,2.436900,2.400900,2.425300,1272407
2023-12-27T01:00:00Z,2.425400,2.443200,2.411000,2.438200,661836
2023-12-27T02:00:00Z,2.438200,2.439900,2.352500,2.368000,2246794
2023-12-27T03:00:00Z,2.367900,2.389900,2.336800,2.360600,1155935
2023-12-27T04:00:00Z,2.360400,2.393900,2.359200,2.386100,862398
2023-12-27T05:00:00Z,2.386300,2.401800,2.374600,2.398700,556833
2023-12-27T06:00:00Z,2.398600,2.403800,2.383400,2.385400,565565
2023-12-27T07:00:00Z,2.385800,2.405300,2.383600,2.387300,857062
2023-12-27T08:00:00Z,2.387200,2.443900,2.380000,2.424000,1550669
2023-12-27T09:00:00Z,2.424000,2.426000,2.399400,2.408900,1202510
2023-12-27T10:00:00Z,2.408800,2.525300,2.407000,2.522700,2793025
2023-12-27T11:00:00Z,2.523000,2.571000,2.507900,2.540000,3703059
2023-12-27T12:00:00Z,2.540000,2.571800,2.527200,2.563800,1933061
2023-12-27T13:00:00Z,2.563700,2.628500,2.527100,2.615400,4303119
2023-12-27T14:00:00Z,2.615600,2.777000,2.599000,2.756900,8564430
2023-12-27T15:00:00Z,2.757100,2.800200,2.704900,2.797300,7349762
2023-12-27T16:00:00Z,2.796900,2.826000,2.726600,2.768300,5263783
2023-12-27T17:00:00Z,2.768000,2.804000,2.686100,2.693900,4122020
2023-12-27T18:00:00Z,2.693900,2.717500,2.687400,2.705900,1552498
2023-12-27T19:00:00Z,2.705800,2.709200,2.685300,2.691500,915784
2023-12-27T20:00:00Z,2.691800,2.735700,2.691800,2.718900,1618547
2023-12-27T21:00:00Z,2.718500,2.838900,2.713500,2.802800,4394798
2023-12-27T22:00:00Z,2.803100,2.865000,2.759400,2.795700,4772466
2023-12-27T23:00:00Z,2.795700,2.868900,2.785000,2.830300,3087449
2023-12-28T00:00:00Z,2.831000,2.947700,2.811000,2.940700,5587653
2023-12-28T01:00:00Z,2.940900,2.957600,2.868000,2.901400,4478381
2023-12-28T02:00:00Z,2.902100,2.970100,2.889600,2.898600,3572982
2023-12-28T03:00:00Z,2.898600,2.935800,2.882400,2.890600,2239718
2023-12-28T04:00:00Z,2.890200,2.925000,2.858100,2.871700,2812570
2023-12-28T05:00:00Z,2.872200,2.877800,2.812000,2.830300,3031819
2023-12-28T06:00:00Z,2.830300,2.853800,2.789900,2.806000,2494355
2023-12-28T07:00:00Z,2.806100,2.843100,2.792800,2.828800,2034381
2023-12-28T08:00:00Z,2.829000,2.860000,2.791200,2.794200,1762154
2023-12-28T09:00:00Z,2.794400,2.832200,2.791400,2.803700,2005472
2023-12-28T10:00:00Z,2.803900,2.876000,2.798300,2.843600,1885012
2023-12-28T11:00:00Z,2.843500,2.848900,2.819600,2.836000,1020658
2023-12-28T12:00:00Z,2.836000,2.894300,2.768600,2.780400,5381789
2023-12-28T13:00:00Z,2.781600,2.930000,2.764400,2.893000,6745815
2023-12-28T14:00:00Z,2.893200,2.916500,2.823500,2.913600,6886487
2023-12-28T15:00:00Z,2.913300,2.942800,2.858400,2.883900,5288457
2023-12-28T16:00:00Z,2.883700,2.988100,2.875500,2.927300,5668131
2023-12-28T17:00:00Z,2.927500,2.974200,2.860700,2.888000,5064949
2023-12-28T18:00:00Z,2.887900,2.997500,2.880400,2.984200,4013501
2023-12-28T19:00:00Z,2.984200,3.007500,2.965500,2.971800,3863649
2023-12-28T20:00:00Z,2.971900,2.974200,2.920900,2.930600,3471799
2023-12-28T21:00:00Z,2.930400,2.962000,2.829800,2.838500,4821918
2023-12-28T22:00:00Z,2.838800,2.861700,2.750700,2.769300,4523406
2023-12-28T23:00:00Z,2.769300,2.776000,2.701500,2.707400,5117257
2023-12-29T00:00:00Z,2.707400,2.738900,2.669100,2.695300,3479099
2023-12-29T01:00:00Z,2.695300,2.715100,2.592100,2.617700,4263711
2023-12-29T02:00:00Z,2.617700,2.643000,2.590000,2.638700,2014572
2023-12-29T03:00:00Z,2.639000,2.703000,2.638400,2.679100,1732848
2023-12-29T04:00:00Z,2.679500,2.710300,2.670000,2.708600,1152168
2023-12-29T05:00:00Z,2.708400,2.709200,2.690000,2.695100,1007334
2023-12-29T06:00:00Z,2.695100,2.696200,2.657700,2.666500,852185
2023-12-29T07:00:00Z,2.666200,2.692800,2.617800,2.626300,2831781
2023-12-29T08:00:00Z,2.626300,2.662000,2.621700,2.658800,1244286
2023-12-29T09:00:00Z,2.658900,2.731700,2.649400,2.715900,2158874
2023-12-29T10:00:00Z,2.716000,2.717800,2.684800,2.686400,1208618
2023-12-29T11:00:00Z,2.686600,2.721000,2.680200,2.714500,1295091
2023-12-29T12:00:00Z,2.714500,2.734000,2.692200,2.728400,1360822
2023-12-29T13:00:00Z,2.728400,2.757900,2.700700,2.732600,2593176
2023-12-29T14:00:00Z,2.732800,2.737400,2.673600,2.723800,2379884
2023-12-29T15:00:00Z,2.723800,2.727100,2.595600,2.632800,3615831
2023-12-29T16:00:00Z,2.632600,2.676000,2.612300,2.620200,3447260
2023-12-29T17:00:00Z,2.621200,2.719400,2.618900,2.704100,3628129
2023-12-29T18:00:00Z,2.704000,2.787800,2.692000,2.784400,4831019
2023-12-29T19:00:00Z,2.784500,2.812600,2.748000,2.800200,2529986
2023-12-29T20:00:00Z,2.799600,2.806000,2.770000,2.796700,1458669
2023-12-29T21:00:00Z,2.795400,2.796800,2.746100,2.754800,1389691
2023-12-29T22:00:00Z,2.754800,2.805000,2.678700,2.802000,2894549
2023-12-29T23:00:00Z,2.801600,2.929800,2.784400,2.925500,3474794
2023-12-30T00:00:00Z,2.925200,2.932800,2.827700,2.850100,3045014
2023-12-30T01:00:00Z,2.850400,2.981300,2.847400,2.965600,3441403
2023-12-30T02:00:00Z,2.965600,2.994900,2.888500,2.919200,3951457
2023-12-30T03:00:00Z,2.919300,2.938500,2.882200,2.895200,1879177
2023-12-30T04:00:00Z,2.894800,2.952800,2.894500,2.925800,1736187
2023-12-30T05:00:00Z,2.926000,2.959200,2.906100,2.915400,1799701
2023-12-30T06:00:00Z,2.915800,2.968000,2.915800,2.949700,1794762
2023-12-30T07:00:00Z,2.949800,2.954000,2.841200,2.873700,2595478
2023-12-30T08:00:00Z,2.873500,2.908800,2.852500,2.874700,3057393
2023-12-30T09:00:00Z,2.874700,2.904400,2.856300,2.863700,2991139
2023-12-30T10:00:00Z,2.863800,2.907500,2.858700,2.879800,2296945
2023-12-30T11:00:00Z,2.879800,2.958900,2.867400,2.945600,3342028
2023-12-30T12:00:00Z,2.945400,2.967300,2.888200,2.915500,5719449
2023-12-30T13:00:00Z,2.915500,2.921900,2.806500,2.820800,4679390
2023-12-30T14:00:00Z,2.821600,2.841400,2.767600,2.782600,3737276
2023-12-30T15:00:00Z,2.782000,2.813500,2.753600,2.803700,2682610
2023-12-30T16:00:00Z,2.803300,2.820000,2.770600,2.773700,2272328
2023-12-30T17:00:00Z,2.773700,2.808100,2.769300,2.786600,1405413
2023-12-30T18:00:00Z,2.786300,2.797500,2.757700,2.771900,1088067
2023-12-30T19:00:00Z,2.772200,2.778000,2.745700,2.751900,1306225
2023-12-30T20:00:00Z,2.752100,2.772300,2.750000,2.766900,814936
2023-12-30T21:00:00Z,2.767200,2.775500,2.755900,2.766000,609914
2023-12-30T22:00:00Z,2.766100,2.767800,2.737100,2.750800,692583
2023-12-30T23:00:00Z,2.750700,2.759500,2.731900,2.733900,874992
2023-12-31T00:00:00Z,2.733800,2.760800,2.727400,2.737100,1061350
2023-12-31T01:00:00Z,2.737000,2.770000,2.732200,2.750800,905173
2023-12-31T02:00:00Z,2.750700,2.771500,2.721100,2.754400,1326187
2023-12-31T03:00:00Z,2.754300,2.769400,2.740900,2.758200,801830
2023-12-31T04:00:00Z,2.758100,2.787100,2.739400,2.742900,967086
2023-12-31T05:00:00Z,2.742900,2.757000,2.736300,2.737200,585872
2023-12-31T06:00:00Z,2.737500,2.750600,2.733000,2.742000,691105
2023-12-31T07:00:00Z,2.742100,2.780000,2.725600,2.731400,1254744
2023-12-31T08:00:00Z,2.731600,2.749400,2.715400,2.733900,1160877
2023-12-31T09:00:00Z,2.734200,2.764300,2.729900,2.763600,1013245
2023-12-31T10:00:00Z,2.763500,2.768100,2.719900,2.747300,1944052
2023-12-31T11:00:00Z,2.747300,2.780100,2.727100,2.750800,1420154
2023-12-31T12:00:00Z,2.751200,2.819800,2.745400,2.784600,2968708
2023-12-31T13:00:00Z,2.784600,2.788700,2.740000,2.740600,1556920
2023-12-31T14:00:00Z,2.740500,2.761600,2.728000,2.740700,1147188
2023-12-31T15:00:00Z,2.740700,2.747900,2.695900,2.707900,1430298
2023-12-31T16:00:00Z,2.707900,2.728000,2.694600,2.702100,1148770
2023-12-31T17:00:00Z,2.702500,2.729200,2.687700,2.692900,1037244
2023-12-31T18:00:00Z,2.692900,2.699400,2.675800,2.687600,1049366
2023-12-31T19:00:00Z,2.687200,2.696000,2.669200,2.674500,711941
2023-12-31T20:00:00Z,2.674500,2.677100,2.646700,2.651900,1095746
2023-12-31T21:00:00Z,2.651900,2.672800,2.648800,2.658000,655664
2023-12-31T22:00:00Z,2.657900,2.668200,2.550700,2.625800,1893238
2023-12-31T23:00:00Z,2.625700,2.654100,2.622900,2.647400,1250328
2024-01-01T00:00:00Z,2.647100,2.666200,2.642000,2.661700,933859
2024-01-01T01:00:00Z,2.661800,2.702000,2.659500,2.699900,708455
2024-01-01T02:00:00Z,2.699900,2.762500,2.686800,2.735700,1955296
2024-01-01T03:00:00Z,2.735700,2.735700,2.688400,2.712300,1182417
2024-01-01T04:00:00Z,2.712100,2.727700,2.700200,2.706200,930469
2024-01-01T05:00:00Z,2.705800,2.712700,2.648200,2.693500,1470746
2024-01-01T06:00:00Z,2.693500,2.734700,2.681300,2.728400,964263
2024-01-01T07:00:00Z,2.728600,2.757300,2.727200,2.751500,1271893
2024-01-01T08:00:00Z,2.751400,2.783400,2.736400,2.779600,1238825
2024-01-01T09:00:00Z,2.779900,2.829600,2.779900,2.819700,1726094
2024-01-01T10:00:00Z,2.819200,2.827100,2.796900,2.826900,1027695
2024-01-01T11:00:00Z,2.826800,2.839500,2.805400,2.835800,1081597
2024-01-01T12:00:00Z,2.835800,2.869400,2.833200,2.855100,1338083
2024-01-01T13:00:00Z,2.855000,2.860400,2.817400,2.817400,975092
2024-01-01T14:00:00Z,2.818000,2.822300,2.780700,2.792200,1293113
2024-01-01T15:00:00Z,2.792200,2.822700,2.772800,2.788900,1364014
2024-01-01T16:00:00Z,2.788900,2.845100,2.788600,2.834900,1858950
2024-01-01T17:00:00Z,2.835200,2.857600,2.810800,2.817600,1167613
2024-01-01T18:00:00Z,2.817800,2.873500,2.817000,2.872000,1075821
2024-01-01T19:00:00Z,2.872000,2.878800,2.834800,2.877400,1025810
2024-01-01T20:00:00Z,2.877400,2.921600,2.873500,2.911800,1724310
2024-01-01T21:00:00Z,2.911800,2.935100,2.881000,2.890000,1689686
2024-01-01T22:00:00Z,2.889900,2.930000,2.881000,2.915800,764407
2024-01-01T23:00:00Z,2.915700,2.934000,2.903100,2.916800,1020550
2024-01-02T00:00:00Z,2.916800,2.953700,2.886600,2.951100,2326372
2024-01-02T01:00:00Z,2.951100,2.968200,2.908500,2.946100,1284473
2024-01-02T02:00:00Z,2.946100,3.084000,2.939900,3.083000,3687706
2024-01-02T03:00:00Z,3.082800,3.108000,3.031900,3.067600,2778707
2024-01-02T04:00:00Z,3.067600,3.141700,3.063700,3.114900,2233970
2024-01-02T05:00:00Z,3.114800,3.161200,3.057300,3.063900,2520871
2024-01-02T06:00:00Z,3.064500,3.086500,3.043600,3.071100,1129297
2024-01-02T07:00:00Z,3.070800,3.090500,3.042200,3.056700,1701756
2024-01-02T08:00:00Z,3.057300,3.141100,3.053200,3.137300,2625104
2024-01-02T09:00:00Z,3.137000,3.181000,3.123200,3.154500,2454230
2024-01-02T10:00:00Z,3.154600,3.188400,3.125400,3.132100,1829883
2024-01-02T11:00:00Z,3.132100,3.143200,3.069200,3.101700,1697955
2024-01-02T12:00:00Z,3.102100,3.105400,3.068000,3.074500,1424433
2024-01-02T13:00:00Z,3.074500,3.119800,3.017800,3.031700,2106151
2024-01-02T14:00:00Z,3.031800,3.049700,2.952500,2.989300,3879741
2024-01-02T15:00:00Z,2.988600,3.016300,2.948500,2.978800,2520369
2024-01-02T16:00:00Z,2.978300,2.991700,2.932500,2.977700,2697801
2024-01-02T17:00:00Z,2.977700,2.995000,2.960000,2.985300,1074137
2024-01-02T18:00:00Z,2.986000,2.988300,2.947700,2.966000,1417764
2024-01-02T19:00:00Z,2.966000,2.973300,2.920000,2.939800,1649466
2024-01-02T20:00:00Z,2.939900,2.954400,2.891000,2.894400,1358699
2024-01-02T21:00:00Z,2.894400,2.907800,2.883400,2.897100,1171672
2024-01-02T22:00:00Z,2.897200,2.910900,2.866100,2.866400,1163262
2024-01-02T23:00:00Z,2.866500,2.877000,2.850000,2.861500,1239065
2024-01-03T00:00:00Z,2.861700,2.903300,2.857700,2.890800,1387658
2024-01-03T01:00:00Z,2.891000,2.962700,2.883400,2.949100,1655861
2024-01-03T02:00:00Z,2.949200,3.007600,2.932800,2.935800,2314782
2024-01-03T03:00:00Z,2.935800,2.947300,2.920300,2.925400,1052960
2024-01-03T04:00:00Z,2.925200,2.956000,2.911200,2.930800,1461396
2024-01-03T05:00:00Z,2.930800,2.999900,2.919100,2.988000,1425311
2024-01-03T06:00:00Z,2.988000,3.053300,2.946400,3.022600,3441581
2024-01-03T07:00:00Z,3.022900,3.041700,2.964000,2.987300,2402806
2024-01-03T08:00:00Z,2.987400,3.119700,2.982400,3.118500,3584595
2024-01-03T09:00:00Z,3.118600,3.364900,3.094400,3.250800,14257947
2024-01-03T10:00:00Z,3.250800,3.346700,3.250800,3.258900,5414617
2024-01-03T11:00:00Z,3.258900,3.323100,3.102200,3.168300,8955617
2024-01-03T12:00:00Z,3.168500,3.255200,2.400000,3.112200,32290250
2024-01-03T13:00:00Z,3.111700,3.200400,2.982600,3.071000,11637264
2024-01-03T14:00:00Z,3.071400,3.259000,3.071400,3.147800,13514866
2024-01-03T15:00:00Z,3.146800,3.315600,3.129300,3.250400,10468783
2024-01-03T16:00:00Z,3.250500,3.484400,3.200800,3.361600,15906722
2024-01-03T17:00:00Z,3.361400,3.379900,3.230300,3.262100,6697821
2024-01-03T18:00:00Z,3.262200,3.301000,3.110000,3.165600,5071356
2024-01-03T19:00:00Z,3.166200,3.247600,3.147000,3.202100,3999441
2024-01-03T20:00:00Z,3.203000,3.252000,3.150300,3.165500,2949106
2024-01-03T21:00:00Z,3.165800,3.237300,3.133300,3.204800,3164386
2024-01-03T22:00:00Z,3.205400,3.209400,3.121100,3.142400,2684683
2024-01-03T23:00:00Z,3.142500,3.145600,3.041300,3.061400,2577930
2024-01-04T00:00:00Z,3.061300,3.108600,3.012000,3.035900,2770386
2024-01-04T01:00:00Z,3.035800,3.059300,2.941300,2.959700,3443623
2024-01-04T02:00:00Z,2.959800,3.112900,2.945600,3.104500,3053598
2024-01-04T03:00:00Z,3.105000,3.232800,3.091600,3.140900,5266605
2024-01-04T04:00:00Z,3.140500,3.210800,3.094500,3.196600,2758585
2024-01-04T05:00:00Z,3.196500,3.200000,3.147000,3.193300,1774117
2024-01-04T06:00:00Z,3.193600,3.304900,3.192300,3.220700,3525212
2024-01-04T07:00:00Z,3.220200,3.231700,3.115700,3.121600,2910951
2024-01-04T08:00:00Z,3.121500,3.232700,3.080000,3.231000,3639144
2024-01-04T09:00:00Z,3.230900,3.333000,3.204800,3.315600,4003144
2024-01-04T10:00:00Z,3.315700,3.348000,3.221100,3.308100,4877213
2024-01-04T11:00:00Z,3.308200,3.349900,3.249700,3.283400,3904566
2024-01-04T12:00:00Z,3.283800,3.296700,3.213300,3.252400,4029300
2024-01-04T13:00:00Z,3.252700,3.298200,3.169800,3.240500,4258860
2024-01-04T14:00:00Z,3.240700,3.357600,3.214300,3.353200,4063776
2024-01-04T15:00:00Z,3.353500,3.516000,3.312900,3.383500,9046245
2024-01-04T16:00:00Z,3.382400,3.386400,3.240000,3.251000,3400867
2024-01-04T17:00:00Z,3.250900,3.352900,3.236200,3.271400,3642603
2024-01-04T18:00:00Z,3.271200,3.310700,3.205700,3.281300,2950872
2024-01-04T19:00:00Z,3.281200,3.353400,3.260000,3.271300,2404395
2024-01-04T20:00:00Z,3.271200,3.315300,3.221600,3.227000,1963547
2024-01-04T21:00:00Z,3.227100,3.256500,3.151800,3.175000,2161461
2024-01-04T22:00:00Z,3.175000,3.185100,3.128500,3.144900,2605669
2024-01-04T23:00:00Z,3.145300,3.154900,3.110500,3.121900,1530260
2024-01-05T00:00:00Z,3.122000,3.182300,3.110000,3.129000,2367203
2024-01-05T01:00:00Z,3.128500,3.147800,2.991600,3.085700,4738389
2024-01-05T02:00:00Z,3.085900,3.234200,3.080300,3.189200,4611461
2024-01-05T03:00:00Z,3.189000,3.211100,3.135400,3.160600,1625025
2024-01-05T04:00:00Z,3.160100,3.181200,3.046600,3.047100,2731192
2024-01-05T05:00:00Z,3.048000,3.089800,3.022000,3.075500,2122278
2024-01-05T06:00:00Z,3.074500,3.111900,3.040600,3.105400,2084418
2024-01-05T07:00:00Z,3.105500,3.124200,3.046900,3.065200,2172829
2024-01-05T08:00:00Z,3.065100,3.089600,3.005700,3.011400,2425548
2024-01-05T09:00:00Z,3.011700,3.096900,3.008800,3.051200,3114856
2024-01-05T10:00:00Z,3.050800,3.108300,3.027500,3.083400,2681661
2024-01-05T11:00:00Z,3.084000,3.146400,3.036600,3.135600,3891021
2024-01-05T12:00:00Z,3.136100,3.257500,3.124300,3.186000,6214694
2024-01-05T13:00:00Z,3.185800,3.226500,3.153700,3.199800,3034582
2024-01-05T14:00:00Z,3.200100,3.250200,3.116400,3.181900,4322207
2024-01-05T15:00:00Z,3.182400,3.227100,3.122000,3.205600,3829335
2024-01-05T16:00:00Z,3.205400,3.230000,3.033100,3.054600,4194998
2024-01-05T17:00:00Z,3.054600,3.141000,3.022400,3.097500,3538132
2024-01-05T18:00:00Z,3.097600,3.318500,3.097400,3.274600,7509754
2024-01-05T19:00:00Z,3.273900,3.374200,3.238300,3.324800,4709609
2024-01-05T20:00:00Z,3.324300,3.382500,3.288600,3.344800,2952003
2024-01-05T21:00:00Z,3.344600,3.348900,3.256800,3.291400,2846203
2024-01-05T22:00:00Z,3.291200,3.443500,3.289600,3.429900,3687884
2024-01-05T23:00:00Z,3.429500,3.560700,3.429200,3.556300,5078726
2024-01-06T00:00:00Z,3.556700,3.579000,3.450600,3.461000,4778815
2024-01-06T01:00:00Z,3.461300,3.488000,3.404000,3.420200,2576154
2024-01-06T02:00:00Z,3.419900,3.585000,3.417000,3.542500,4427569
2024-01-06T03:00:00Z,3.542800,3.615900,3.496000,3.565500,4188822
2024-01-06T04:00:00Z,3.565400,3.606800,3.441700,3.455500,3559364
2024-01-06T05:00:00Z,3.455600,3.480400,3.249400,3.274800,8442233
2024-01-06T06:00:00Z,3.274900,3.287800,3.147200,3.168600,6930177
2024-01-06T07:00:00Z,3.167200,3.265800,3.163200,3.230100,4349774
2024-01-06T08:00:00Z,3.229800,3.328500,3.193100,3.313100,3771499
2024-01-06T09:00:00Z,3.313000,3.359700,3.212300,3.214600,3973588
2024-01-06T10:00:00Z,3.214400,3.237100,3.176700,3.211500,2644848
2024-01-06T11:00:00Z,3.211400,3.287300,3.188100,3.241500,2274848
2024-01-06T12:00:00Z,3.242000,3.293700,3.210300,3.224900,2874134
2024-01-06T13:00:00Z,3.224700,3.249900,3.132100,3.170200,3694181
2024-01-06T14:00:00Z,3.170200,3.364900,3.157300,3.336500,6359868
2024-01-06T15:00:00Z,3.336300,3.386700,3.290000,3.306200,3257873
2024-01-06T16:00:00Z,3.306300,3.330400,3.238400,3.243300,3094088
2024-01-06T17:00:00Z,3.243200,3.261800,3.191200,3.231100,2088993
2024-01-06T18:00:00Z,3.230900,3.272600,3.220400,3.241100,1517765
2024-01-06T19:00:00Z,3.241100,3.263500,3.200400,3.211900,1445961
2024-01-06T20:00:00Z,3.211200,3.225600,3.146600,3.153100,1830729
2024-01-06T21:00:00Z,3.153000,3.169100,3.112000,3.133600,2620229
2024-01-06T22:00:00Z,3.134000,3.141000,3.051100,3.082800,2676635
2024-01-06T23:00:00Z,3.082900,3.105000,3.018700,3.082700,4098711
2024-01-07T00:00:00Z,3.082300,3.153600,3.054300,3.139900,2484087
2024-01-07T01:00:00Z,3.140000,3.153100,3.100200,3.101400,1328224
2024-01-07T02:00:00Z,3.101500,3.150900,3.076800,3.100600,1844779
2024-01-07T03:00:00Z,3.100400,3.117800,3.077700,3.116600,1536930
2024-01-07T04:00:00Z,3.116800,3.148200,3.095900,3.107400,1838221
2024-01-07T05:00:00Z,3.107400,3.158100,3.081600,3.124000,2688403
2024-01-07T06:00:00Z,3.124000,3.159600,3.105000,3.139800,1861837
2024-01-07T07:00:00Z,3.139500,3.202600,3.117100,3.197000,2713472
2024-01-07T08:00:00Z,3.197000,3.204100,3.103000,3.106800,2665431
2024-01-07T09:00:00Z,3.106800,3.122000,3.066300,3.072500,2953893
2024-01-07T10:00:00Z,3.072600,3.115300,3.057800,3.070500,1382567
2024-01-07T11:00:00Z,3.071000,3.092300,3.012300,3.026300,3858749
2024-01-07T12:00:00Z,3.026000,3.065000,3.010000,3.043800,2359503
2024-01-07T13:00:00Z,3.043900,3.126100,3.041900,3.106800,2775115
2024-01-07T14:00:00Z,3.107200,3.129500,3.043200,3.064300,2610309
2024-01-07T15:00:00Z,3.064400,3.071800,3.011200,3.063000,1927435
2024-01-07T16:00:00Z,3.063400,3.080300,3.009700,3.066400,2399484
2024-01-07T17:00:00Z,3.066400,3.160000,3.059000,3.121600,3909146
2024-01-07T18:00:00Z,3.122000,3.196000,3.120000,3.171000,2720036
2024-01-07T19:00:00Z,3.171000,3.245000,3.171000,3.214200,4115793
2024-01-07T20:00:00Z,3.214300,3.237700,3.171400,3.173600,1772065
2024-01-07T21:00:00Z,3.173700,3.191100,3.127400,3.135200,1885458
2024-01-07T22:00:00Z,3.135000,3.140200,2.940000,2.972200,6035460
2024-01-07T23:00:00Z,2.972800,3.019800,2.892900,2.931000,3979692
2024-01-08T00:00:00Z,2.930400,2.931800,2.841300,2.849200,3578302
2024-01-08T01:00:00Z,2.849200,2.929700,2.847800,2.909500,2660256
2024-01-08T02:00:00Z,2.909400,2.934000,2.792600,2.870300,4758578
2024-01-08T03:00:00Z,2.870700,2.900700,2.753800,2.828200,3945750
2024-01-08T04:00:00Z,2.828400,2.886400,2.814600,2.849400,1928491
2024-01-08T05:00:00Z,2.849200,2.851900,2.794800,2.829900,1702543
2024-01-08T06:00:00Z,2.829900,2.876200,2.807300,2.810800,2596143
2024-01-08T07:00:00Z,2.810900,2.862000,2.772000,2.805700,2108073
2024-01-08T08:00:00Z,2.805700,2.892700,2.800000,2.818200,2826528
2024-01-08T09:00:00Z,2.818700,2.859200,2.801800,2.818800,1646286
2024-01-08T10:00:00Z,2.818800,2.856700,2.805100,2.841300,1589042
2024-01-08T11:00:00Z,2.840700,2.896700,2.822000,2.888400,2596144
2024-01-08T12:00:00Z,2.887100,2.986400,2.870000,2.912800,5454841
2024-01-08T13:00:00Z,2.912800,2.975000,2.887800,2.912400,2872010
2024-01-08T14:00:00Z,2.912100,2.982000,2.901100,2.941700,2200040
2024-01-08T15:00:00Z,2.942000,2.973100,2.915200,2.931800,2172941
2024-01-08T16:00:00Z,2.931900,2.991000,2.886300,2.898700,2609979
2024-01-08T17:00:00Z,2.898800,3.005100,2.889600,3.000400,2146709
2024-01-08T18:00:00Z,3.001300,3.049000,2.994400,3.015400,3945717
2024-01-08T19:00:00Z,3.015500,3.191100,2.986600,3.180700,5055935
2024-01-08T20:00:00Z,3.180500,3.199800,3.145400,3.152100,2442545
2024-01-08T21:00:00Z,3.152600,3.214400,3.144100,3.163900,2085718
2024-01-08T22:00:00Z,3.164400,3.179900,3.124300,3.152700,1492364
2024-01-08T23:00:00Z,3.153000,3.156100,3.120300,3.124500,873903
2024-01-09T00:00:00Z,3.124400,3.157600,3.055300,3.107600,2205367
2024-01-09T01:00:00Z,3.107100,3.172600,3.091800,3.106600,1095864
2024-01-09T02:00:00Z,3.106600,3.163500,3.092800,3.125800,988883
2024-01-09T03:00:00Z,3.125700,3.133800,3.092100,3.097800,599541
2024-01-09T04:00:00Z,3.097900,3.171400,3.080000,3.158000,1819408
2024-01-09T05:00:00Z,3.157900,3.205200,3.119600,3.203600,1609243
2024-01-09T06:00:00Z,3.202500,3.205200,3.130200,3.188700,1697601
2024-01-09T07:00:00Z,3.188700,3.231000,3.165200,3.228200,1586834
2024-01-09T08:00:00Z,3.228200,3.276600,3.186100,3.251300,4026637
2024-01-09T09:00:00Z,3.251300,3.282000,3.193400,3.276200,3685504
2024-01-09T10:00:00Z,3.276200,3.301200,3.247700,3.270000,3151881
2024-01-09T11:00:00Z,3.270000,3.283200,3.210000,3.224100,2452089
2024-01-09T12:00:00Z,3.224400,3.291500,3.058300,3.165300,5062537
2024-01-09T13:00:00Z,3.165500,3.330000,3.150600,3.310400,8950311
2024-01-09T14:00:00Z,3.310800,3.341100,3.127200,3.128300,7396752
2024-01-09T15:00:00Z,3.128100,3.203800,3.103300,3.176700,4347183
2024-01-09T16:00:00Z,3.176700,3.266500,3.176600,3.259900,3539477
2024-01-09T17:00:00Z,3.260000,3.322400,3.241600,3.304200,3700344
2024-01-09T18:00:00Z,3.304000,3.439700,3.297200,3.412300,6063185
2024-01-09T19:00:00Z,3.412100,3.420000,3.294700,3.340600,5016243
2024-01-09T20:00:00Z,3.341000,3.363300,3.241500,3.251900,4095215
2024-01-09T21:00:00Z,3.252000,3.627000,3.251200,3.487200,25794463
2024-01-09T22:00:00Z,3.487100,3.765700,3.464900,3.630200,15240135
2024-01-09T23:00:00Z,3.631100,3.660200,3.520000,3.637400,7671965
2024-01-10T00:00:00Z,3.636900,3.801700,3.602900,3.798400,9681369
2024-01-10T01:00:00Z,3.798600,3.814700,3.685200,3.778000,7017064
2024-01-10T02:00:00Z,3.777700,3.791700,3.695000,3.706100,3983174
2024-01-10T03:00:00Z,3.706500,3.800900,3.664800,3.770900,3988828
2024-01-10T04:00:00Z,3.771500,3.834900,3.740100,3.747000,5404767
2024-01-10T05:00:00Z,3.746200,3.836700,3.740000,3.813900,4951967
2024-01-10T06:00:00Z,3.814000,3.830000,3.717500,3.748800,5633157
2024-01-10T07:00:00Z,3.748000,3.772000,3.690100,3.718000,5387042
2024-01-10T08:00:00Z,3.717900,3.810000,3.717400,3.761900,6831494
2024-01-10T09:00:00Z,3.761800,3.941800,3.757700,3.868800,13865554
2024-01-10T10:00:00Z,3.868000,3.900000,3.798600,3.805100,6253866
2024-01-10T11:00:00Z,3.805000,3.884600,3.802800,3.844400,5089775
2024-01-10T12:00:00Z,3.844600,3.888600,3.700000,3.749000,10847978
2024-01-10T13:00:00Z,3.748900,3.832000,3.721100,3.781700,7255541
2024-01-10T14:00:00Z,3.781600,3.851000,3.751900,3.759200,5293210
2024-01-10T15:00:00Z,3.759600,3.920000,3.728500,3.878400,9936828
2024-01-10T16:00:00Z,3.877700,3.929700,3.710000,3.727300,7968396
2024-01-10T17:00:00Z,3.727200,3.900000,3.723600,3.869600,6687716
2024-01-10T18:00:00Z,3.870400,3.912000,3.769100,3.798300,6031707
2024-01-10T19:00:00Z,3.797900,3.979300,3.791800,3.892000,9948790
2024-01-10T20:00:00Z,3.892300,3.893500,3.707200,3.834300,11861612
2024-01-10T21:00:00Z,3.833500,4.036000,3.747000,3.826000,13877876
2024-01-10T22:00:00Z,3.826900,3.881800,3.729800,3.814000,6146426
2024-01-10T23:00:00Z,3.814000,3.937000,3.745000,3.791100,6259030
2024-01-11T00:00:00Z,3.791300,4.040800,3.771300,3.993300,7311911
2024-01-11T01:00:00Z,3.993100,3.994400,3.809500,3.828500,4784791
2024-01-11T02:00:00Z,3.828700,3.871300,3.743300,3.756600,3416550
2024-01-11T03:00:00Z,3.756100,3.799900,3.702400,3.751200,3909141
2024-01-11T04:00:00Z,3.750900,3.790800,3.717600,3.755400,2987629
2024-01-11T05:00:00Z,3.755600,3.760500,3.635700,3.681500,4090291
2024-01-11T06:00:00Z,3.681600,3.699300,3.613100,3.635300,3184139
2024-01-11T07:00:00Z,3.635100,3.703300,3.615600,3.695500,2447587
2024-01-11T08:00:00Z,3.695600,3.766600,3.681400,3.756600,3021103
2024-01-11T09:00:00Z,3.756500,3.756500,3.705200,3.723900,1908222
2024-01-11T10:00:00Z,3.723900,3.830500,3.716900,3.790900,3454919
2024-01-11T11:00:00Z,3.790900,3.820300,3.755700,3.799700,2882410
2024-01-11T12:00:00Z,3.798400,3.871500,3.789000,3.808300,3954499
2024-01-11T13:00:00Z,3.808200,3.822100,3.680800,3.729300,4609447
2024-01-11T14:00:00Z,3.728900,3.789700,3.660900,3.749100,5668830
2024-01-11T15:00:00Z,3.749200,3.780000,3.560200,3.629900,7699476
2024-01-11T16:00:00Z,3.629700,3.658800,3.510000,3.624400,6604248
2024-01-11T17:00:00Z,3.625200,3.688900,3.600300,3.619200,3238775
2024-01-11T18:00:00Z,3.618900,3.677400,3.584700,3.668300,2599856
2024-01-11T19:00:00Z,3.668500,3.681400,3.636500,3.662900,1401178
2024-01-11T20:00:00Z,3.663200,3.697100,3.605900,3.623500,2094423
2024-01-11T21:00:00Z,3.623300,3.697400,3.615500,3.644000,1709766
2024-01-11T22:00:00Z,3.644200,3.678800,3.625900,3.665400,1039963
2024-01-11T23:00:00Z,3.665600,3.666100,3.620000,3.629200,1392648
2024-01-12T00:00:00Z,3.629200,3.641400,3.574600,3.579100,1830942
2024-01-12T01:00:00Z,3.578800,3.599000,3.523900,3.568600,2229874
2024-01-12T02:00:00Z,3.568700,3.652700,3.568700,3.638800,1374493
2024-01-12T03:00:00Z,3.638100,3.640800,3.566600,3.567800,1220299
2024-01-12T04:00:00Z,3.567800,3.594100,3.551300,3.567900,1129132
2024-01-12T05:00:00Z,3.567800,3.621600,3.557000,3.612900,1268444
2024-01-12T06:00:00Z,3.612900,3.646800,3.593700,3.613600,1436368
2024-01-12T07:00:00Z,3.613200,3.642200,3.590500,3.628000,1691106
2024-01-12T08:00:00Z,3.627700,3.682000,3.607200,3.641700,2612772
2024-01-12T09:00:00Z,3.641700,3.651000,3.577000,3.620700,2869635
2024-01-12T10:00:00Z,3.620900,3.640000,3.591400,3.612000,1584437
2024-01-12T11:00:00Z,3.612100,3.802800,3.604000,3.736300,6636017
2024-01-12T12:00:00Z,3.736700,3.847400,3.677000,3.692900,7626999
2024-01-12T13:00:00Z,3.692900,3.809100,3.679000,3.750000,3429634
2024-01-12T14:00:00Z,3.750200,3.838000,3.719000,3.819600,3473093
2024-01-12T15:00:00Z,3.818900,3.844800,3.664200,3.705600,7166536
2024-01-12T16:00:00Z,3.705600,3.754700,3.568600,3.620800,5859134
2024-01-12T17:00:00Z,3.620800,3.664200,3.510000,3.659400,5503063
2024-01-12T18:00:00Z,3.659400,3.664000,3.566200,3.630300,2521149
2024-01-12T19:00:00Z,3.630200,3.657400,3.583900,3.616500,1676744
2024-01-12T20:00:00Z,3.616600,3.629400,3.572900,3.598400,1456933
2024-01-12T21:00:00Z,3.598400,3.610300,3.422900,3.475400,5089340
2024-01-12T22:00:00Z,3.475400,3.484000,3.347100,3.454400,4680029
2024-01-12T23:00:00Z,3.454800,3.495500,3.450200,3.475800,1495926
2024-01-13T00:00:00Z,3.475800,3.497900,3.426000,3.427900,2290906
2024-01-13T01:00:00Z,3.427800,3.455000,3.345300,3.402500,3205060
2024-01-13T02:00:00Z,3.402200,3.425200,3.371900,3.392800,1313163
2024-01-13T03:00:00Z,3.392700,3.411600,3.351300,3.387900,1429063
2024-01-13T04:00:00Z,3.388000,3.397000,3.363300,3.383000,754556
2024-01-13T05:00:00Z,3.383100,3.424500,3.360700,3.419200,1206779
2024-01-13T06:00:00Z,3.418300,3.418400,3.370400,3.394100,1117498
2024-01-13T07:00:00Z,3.394100,3.401800,3.371500,3.383200,843591
2024-01-13T08:00:00Z,3.383500,3.408300,3.374500,3.386400,1004654
2024-01-13T09:00:00Z,3.386200,3.393200,3.360000,3.379200,1489188
2024-01-13T10:00:00Z,3.379200,3.399400,3.360600,3.390200,974375
2024-01-13T11:00:00Z,3.390300,3.409800,3.374600,3.390300,1111295
2024-01-13T12:00:00Z,3.390600,3.403200,3.367300,3.379100,1044086
2024-01-13T13:00:00Z,3.379200,3.395600,3.351700,3.358700,1803145
2024-01-13T14:00:00Z,3.358700,3.377900,3.345600,3.351000,1486853
2024-01-13T15:00:00Z,3.350900,3.405400,3.346600,3.399700,1740459
2024-01-13T16:00:00Z,3.400600,3.402800,3.360600,3.367300,1676099
2024-01-13T17:00:00Z,3.367300,3.391500,3.355900,3.383700,1007235
2024-01-13T18:00:00Z,3.384000,3.400000,3.368900,3.384100,965082
2024-01-13T19:00:00Z,3.384300,3.451400,3.384000,3.435400,1539038
2024-01-13T20:00:00Z,3.435400,3.440400,3.390000,3.401800,1336717
2024-01-13T21:00:00Z,3.401900,3.420000,3.374200,3.400400,978721
2024-01-13T22:00:00Z,3.400400,3.405000,3.374800,3.382600,616767
2024-01-13T23:00:00Z,3.382700,3.389000,3.346100,3.355800,1026685
2024-01-14T00:00:00Z,3.355500,3.356600,3.310100,3.318000,2020795
2024-01-14T01:00:00Z,3.318000,3.354900,3.315000,3.347500,1095467
2024-01-14T02:00:00Z,3.347300,3.349100,3.289500,3.315900,1861443
2024-01-14T03:00:00Z,3.316300,3.374100,3.309300,3.320400,1417732
2024-01-14T04:00:00Z,3.320300,3.328500,3.267000,3.279600,1587114
2024-01-14T05:00:00Z,3.279700,3.320000,3.277300,3.316500,876113
2024-01-14T06:00:00Z,3.316800,3.343700,3.306600,3.323100,833908
2024-01-14T07:00:00Z,3.323400,3.336300,3.304100,3.311500,1037356
2024-01-14T08:00:00Z,3.311500,3.322700,3.294100,3.319200,745767
2024-01-14T09:00:00Z,3.319200,3.326300,3.300100,3.323500,637547
2024-01-14T10:00:00Z,3.323900,3.335700,3.305000,3.308700,793526
2024-01-14T11:00:00Z,3.308600,3.336200,3.291000,3.296900,1218693
2024-01-14T12:00:00Z,3.297000,3.331800,3.293100,3.302800,1045939
2024-01-14T13:00:00Z,3.302600,3.316500,3.290700,3.301700,1190784
2024-01-14T14:00:00Z,3.301900,3.322500,3.288900,3.302200,994476
2024-01-14T15:00:00Z,3.302300,3.312900,3.290600,3.291200,750449
2024-01-14T16:00:00Z,3.291300,3.301400,3.241500,3.282500,2073313
2024-01-14T17:00:00Z,3.282200,3.327400,3.274400,3.326400,1248185
2024-01-14T18:00:00Z,3.326500,3.349000,3.306200,3.329300,1561924
2024-01-14T19:00:00Z,3.329700,3.330100,3.228200,3.236600,1999406
2024-01-14T20:00:00Z,3.236000,3.313600,3.211200,3.304800,2299020
2024-01-14T21:00:00Z,3.304900,3.344700,3.292500,3.343000,1100960
2024-01-14T22:00:00Z,3.343100,3.347100,3.301200,3.305100,850090
2024-01-14T23:00:00Z,3.305100,3.314400,3.226900,3.237400,2025011
2024-01-15T00:00:00Z,3.237900,3.287700,3.220200,3.266600,1687418
2024-01-15T01:00:00Z,3.266400,3.317500,3.256000,3.299700,1076782
2024-01-15T02:00:00Z,3.300200,3.303300,3.256400,3.280700,867540
2024-01-15T03:00:00Z,3.280200,3.303200,3.273900,3.291600,650395
2024-01-15T04:00:00Z,3.291500,3.355100,3.286100,3.314300,1259169
2024-01-15T05:00:00Z,3.314600,3.374100,3.310200,3.349200,1480633
2024-01-15T06:00:00Z,3.349100,3.353700,3.320700,3.343500,1000820
2024-01-15T07:00:00Z,3.343400,3.369600,3.321200,3.336200,1233555
2024-01-15T08:00:00Z,3.336200,3.341600,3.302600,3.330200,940238
2024-01-15T09:00:00Z,3.329900,3.375000,3.293100,3.346500,1811145
2024-01-15T10:00:00Z,3.346400,3.421300,3.344800,3.419200,2628642
2024-01-15T11:00:00Z,3.419700,3.434900,3.388500,3.402900,2633313
2024-01-15T12:00:00Z,3.402900,3.445000,3.368800,3.380500,2127214
2024-01-15T13:00:00Z,3.380600,3.384500,3.327600,3.335400,1757020
2024-01-15T14:00:00Z,3.335300,3.341900,3.275200,3.299400,2917791
2024-01-15T15:00:00Z,3.299400,3.319500,3.243900,3.255500,2088081
2024-01-15T16:00:00Z,3.255300,3.289000,3.246000,3.249900,1612021
2024-01-15T17:00:00Z,3.249800,3.299700,3.247200,3.284500,1080518
2024-01-15T18:00:00Z,3.283400,3.382200,3.273400,3.332400,2289232
2024-01-15T19:00:00Z,3.332400,3.346800,3.317500,3.324900,1017387
2024-01-15T20:00:00Z,3.324900,3.330000,3.291800,3.300300,771726
2024-01-15T21:00:00Z,3.300300,3.306300,3.271000,3.273800,600513
2024-01-15T22:00:00Z,3.273800,3.288900,3.230000,3.260300,1416553
2024-01-15T23:00:00Z,3.260700,3.276100,3.236200,3.243300,681294
2024-01-16T00:00:00Z,3.243200,3.263100,3.232500,3.251800,1049873
2024-01-16T01:00:00Z,3.251600,3.289000,3.250600,3.274600,941213
2024-01-16T02:00:00Z,3.274900,3.314300,3.267400,3.291000,863475
2024-01-16T03:00:00Z,3.291000,3.349800,3.287100,3.347800,840391
2024-01-16T04:00:00Z,3.347800,3.374000,3.332600,3.344000,1331393
2024-01-16T05:00:00Z,3.343900,3.351600,3.306200,3.311200,696964
2024-01-16T06:00:00Z,3.311300,3.333600,3.290100,3.329600,1168992
2024-01-16T07:00:00Z,3.329200,3.366200,3.314400,3.340300,906458
2024-01-16T08:00:00Z,3.340800,3.372400,3.298300,3.372000,1327129
2024-01-16T09:00:00Z,3.371700,3.391300,3.353300,3.371600,1397869
2024-01-16T10:00:00Z,3.371400,3.378600,3.320800,3.341300,1042187
2024-01-16T11:00:00Z,3.341200,3.386200,3.341200,3.355800,1415469
2024-01-16T12:00:00Z,3.355500,3.375600,3.341800,3.373000,948267
2024-01-16T13:00:00Z,3.373200,3.395800,3.320800,3.324400,1805143
2024-01-16T14:00:00Z,3.324600,3.349300,3.236500,3.287800,4181167
2024-01-16T15:00:00Z,3.287800,3.357700,3.248500,3.327800,3206926
2024-01-16T16:00:00Z,3.327800,3.400000,3.309000,3.375000,2498883
2024-01-16T17:00:00Z,3.374700,3.445700,3.369400,3.406100,2939938
2024-01-16T18:00:00Z,3.406300,3.441800,3.382600,3.391600,1408177
2024-01-16T19:00:00Z,3.391300,3.396000,3.350800,3.379500,1320060
2024-01-16T20:00:00Z,3.379600,3.444400,3.376100,3.431800,1260999
2024-01-16T21:00:00Z,3.431800,3.549600,3.418000,3.539300,3033317
2024-01-16T22:00:00Z,3.540100,3.550900,3.457300,3.460400,1493022
2024-01-16T23:00:00Z,3.460200,3.473900,3.428300,3.433000,881890
2024-01-17T00:00:00Z,3.433000,3.469000,3.420000,3.452000,1254107
2024-01-17T01:00:00Z,3.452100,3.484800,3.425000,3.462500,1028109
2024-01-17T02:00:00Z,3.462300,3.467500,3.430300,3.434600,737752
2024-01-17T03:00:00Z,3.434500,3.486100,3.392900,3.400600,1645297
2024-01-17T04:00:00Z,3.400700,3.408800,3.353500,3.373800,1324279
2024-01-17T05:00:00Z,3.373900,3.381100,3.294000,3.302800,1546943
2024-01-17T06:00:00Z,3.303000,3.316100,3.269200,3.289900,1555789
2024-01-17T07:00:00Z,3.290000,3.300300,3.275400,3.275900,1286719
2024-01-17T08:00:00Z,3.275800,3.298800,3.259400,3.281500,1379801
2024-01-17T09:00:00Z,3.281600,3.308200,3.274500,3.290700,1038393
2024-01-17T10:00:00Z,3.290700,3.312200,3.288500,3.303600,887135
2024-01-17T11:00:00Z,3.303600,3.303700,3.246700,3.249200,2227714
2024-01-17T12:00:00Z,3.249400,3.265700,3.216300,3.257500,2801497
2024-01-17T13:00:00Z,3.257500,3.259700,3.204800,3.212400,1813718
2024-01-17T14:00:00Z,3.212200,3.235300,3.162200,3.211100,3679551
2024-01-17T15:00:00Z,3.211000,3.213600,3.139300,3.156900,3339958
2024-01-17T16:00:00Z,3.157000,3.177000,3.131900,3.145800,2038216
2024-01-17T17:00:00Z,3.146000,3.170500,3.121300,3.155100,1610093
2024-01-17T18:00:00Z,3.155300,3.173900,3.139500,3.170300,1160273
2024-01-17T19:00:00Z,3.170400,3.184200,3.152100,3.165400,1457979
2024-01-17T20:00:00Z,3.165400,3.200000,3.159000,3.190300,1284443
2024-01-17T21:00:00Z,3.190000,3.207700,3.165100,3.185900,1400683
2024-01-17T22:00:00Z,3.185900,3.204300,3.160500,3.200900,1268436
2024-01-17T23:00:00Z,3.200900,3.210300,3.176700,3.200400,891307
2024-01-18T00:00:00Z,3.200300,3.221300,3.191400,3.198800,1220592
2024-01-18T01:00:00Z,3.198800,3.218400,3.140400,3.169400,1226418
2024-01-18T02:00:00Z,3.170000,3.182000,3.137400,3.150600,766114
2024-01-18T03:00:00Z,3.150600,3.153300,3.122300,3.136800,703668
2024-01-18T04:00:00Z,3.137100,3.148900,3.110000,3.114300,842332
2024-01-18T05:00:00Z,3.114500,3.127200,3.101800,3.125100,749177
2024-01-18T06:00:00Z,3.124800,3.133100,3.074200,3.110200,1707206
2024-01-18T07:00:00Z,3.110300,3.175200,3.109800,3.138800,2365195
2024-01-18T08:00:00Z,3.138800,3.168600,3.128300,3.139800,1102725
2024-01-18T09:00:00Z,3.140100,3.175900,3.139200,3.160900,825881
2024-01-18T10:00:00Z,3.160900,3.185600,3.118600,3.130900,1082877
2024-01-18T11:00:00Z,3.130900,3.157100,3.108500,3.139100,953973
2024-01-18T12:00:00Z,3.138900,3.142700,3.100100,3.112300,1086108
2024-01-18T13:00:00Z,3.112400,3.149500,3.086100,3.134300,1675697
2024-01-18T14:00:00Z,3.134000,3.180600,3.132000,3.152900,1404049
2024-01-18T15:00:00Z,3.152900,3.158000,3.115300,3.133200,985295
2024-01-18T16:00:00Z,3.133300,3.136900,2.990700,3.022700,5116937
2024-01-18T17:00:00Z,3.022800,3.065300,2.995700,3.037600,2440579
2024-01-18T18:00:00Z,3.037700,3.050300,3.001600,3.023700,1668037
2024-01-18T19:00:00Z,3.023700,3.037500,2.950000,2.987200,2748753
2024-01-18T20:00:00Z,2.987100,3.041200,2.951300,3.007500,2675566
2024-01-18T21:00:00Z,3.007000,3.030200,2.990800,3.009000,988881
2024-01-18T22:00:00Z,3.008900,3.032700,2.994400,3.025700,751334
2024-01-18T23:00:00Z,3.025600,3.042900,3.004600,3.031600,785280
2024-01-19T00:00:00Z,3.032200,3.041000,2.988800,3.013400,844091
2024-01-19T01:00:00Z,3.012900,3.014500,2.963500,3.001800,842010
2024-01-19T02:00:00Z,3.001900,3.009600,2.937300,2.954300,1016293
2024-01-19T03:00:00Z,2.954100,2.979100,2.922000,2.977300,1210346
2024-01-19T04:00:00Z,2.977100,3.017000,2.964000,3.009800,544389
2024-01-19T05:00:00Z,3.009100,3.060900,3.006800,3.059300,1391127
2024-01-19T06:00:00Z,3.058800,3.076300,3.045500,3.070200,885675
2024-01-19T07:00:00Z,3.070400,3.076800,3.034500,3.035600,689826
2024-01-19T08:00:00Z,3.035600,3.081200,3.026500,3.076400,726366
2024-01-19T09:00:00Z,3.076300,3.098200,3.066700,3.082000,905997
2024-01-19T10:00:00Z,3.081600,3.105800,3.072800,3.094400,921259
2024-01-19T11:00:00Z,3.094400,3.114100,3.085700,3.096800,750121
2024-01-19T12:00:00Z,3.096800,3.099000,3.073300,3.082500,806040
2024-01-19T13:00:00Z,3.082800,3.103300,3.055100,3.076800,675799
2024-01-19T14:00:00Z,3.076900,3.081300,3.006500,3.009100,1602680
2024-01-19T15:00:00Z,3.009600,3.015900,2.948900,2.957100,2429973
2024-01-19T16:00:00Z,2.957300,2.974000,2.820900,2.845600,5917630
2024-01-19T17:00:00Z,2.845700,2.936600,2.830000,2.934500,2314254
2024-01-19T18:00:00Z,2.934500,3.002000,2.920400,2.982500,2175192
2024-01-19T19:00:00Z,2.982500,2.995000,2.951200,2.983300,1053836
2024-01-19T20:00:00Z,2.983300,3.009700,2.939500,2.948800,1359725
2024-01-19T21:00:00Z,2.948700,2.963000,2.941100,2.957800,586990
2024-01-19T22:00:00Z,2.957600,2.959100,2.926900,2.927600,505237
2024-01-19T23:00:00Z,2.927400,2.975600,2.922700,2.960000,798682
2024-01-20T00:00:00Z,2.960000,2.961000,2.892800,2.900800,883867
2024-01-20T01:00:00Z,2.901100,2.949500,2.893800,2.942500,625468
2024-01-20T02:00:00Z,2.942400,2.956000,2.913800,2.926700,683662
2024-01-20T03:00:00Z,2.926600,2.938900,2.907300,2.919800,423409
2024-01-20T04:00:00Z,2.919800,2.928900,2.903600,2.907400,307783
2024-01-20T05:00:00Z,2.907800,2.917400,2.889200,2.897500,410395
2024-01-20T06:00:00Z,2.897400,2.919500,2.887000,2.906500,827983
2024-01-20T07:00:00Z,2.906500,2.932800,2.891900,2.894300,847949
2024-01-20T08:00:00Z,2.894400,2.902900,2.877300,2.888600,722008
2024-01-20T09:00:00Z,2.888900,2.902900,2.845700,2.852900,814479
2024-01-20T10:00:00Z,2.853000,2.893200,2.849900,2.863800,644229
2024-01-20T11:00:00Z,2.863800,2.889300,2.848400,2.878800,706675
2024-01-20T12:00:00Z,2.878800,2.893500,2.873100,2.878100,463690
2024-01-20T13:00:00Z,2.878100,2.900300,2.873600,2.897200,436795
2024-01-20T14:00:00Z,2.896800,2.900100,2.857300,2.874200,607329
2024-01-20T15:00:00Z,2.873500,2.892700,2.854400,2.855500,668370
2024-01-20T16:00:00Z,2.855400,2.870100,2.846000,2.861700,881233
2024-01-20T17:00:00Z,2.861700,2.892000,2.858000,2.884000,647193
2024-01-20T18:00:00Z,2.884100,2.884100,2.861300,2.873400,464122
2024-01-20T19:00:00Z,2.873100,2.897100,2.872300,2.886600,437396
2024-01-20T20:00:00Z,2.886100,2.901900,2.878200,2.894600,396406
2024-01-20T21:00:00Z,2.894700,2.910700,2.887500,2.888300,459241
2024-01-20T22:00:00Z,2.888200,2.900900,2.878000,2.891800,436727
2024-01-20T23:00:00Z,2.891800,2.897400,2.880200,2.892900,436256
2024-01-21T00:00:00Z,2.893100,2.899200,2.874600,2.880200,584735
2024-01-21T01:00:00Z,2.880000,2.914000,2.879200,2.888400,515852
2024-01-21T02:00:00Z,2.888500,2.925700,2.881300,2.925000,449498
2024-01-21T03:00:00Z,2.925000,2.938600,2.915000,2.923000,479081
2024-01-21T04:00:00Z,2.922500,2.923200,2.906800,2.910000,293011
2024-01-21T05:00:00Z,2.910000,2.933700,2.900200,2.914300,511605
2024-01-21T06:00:00Z,2.912400,2.917900,2.885200,2.902100,843636
2024-01-21T07:00:00Z,2.902100,2.921100,2.887500,2.920000,535990
2024-01-21T08:00:00Z,2.920100,2.952400,2.908200,2.912900,937403
2024-01-21T09:00:00Z,2.912900,2.944500,2.909000,2.938400,513723
2024-01-21T10:00:00Z,2.938400,2.946700,2.926000,2.938500,508538
2024-01-21T11:00:00Z,2.937800,2.949800,2.915000,2.918900,497991
2024-01-21T12:00:00Z,2.918800,2.929000,2.910700,2.917200,384561
2024-01-21T13:00:00Z,2.916500,2.943800,2.911500,2.937300,662428
2024-01-21T14:00:00Z,2.937300,2.950000,2.926600,2.929300,441763
2024-01-21T15:00:00Z,2.929100,2.936200,2.888000,2.903600,763870
2024-01-21T16:00:00Z,2.903500,2.905600,2.880000,2.890200,563413
2024-01-21T17:00:00Z,2.889900,2.904800,2.887500,2.894800,267576
2024-01-21T18:00:00Z,2.894700,2.898800,2.877900,2.893200,352041
2024-01-21T19:00:00Z,2.893200,2.898200,2.882400,2.887800,286568
2024-01-21T20:00:00Z,2.887800,2.891500,2.850100,2.857800,688589
2024-01-21T21:00:00Z,2.857700,2.919500,2.853000,2.919000,3183549
2024-01-21T22:00:00Z,2.918900,2.928900,2.886600,2.903300,1565646
2024-01-21T23:00:00Z,2.903200,2.911200,2.852600,2.862900,1597676
2024-01-22T00:00:00Z,2.862700,2.917400,2.853600,2.907900,1638253
2024-01-22T01:00:00Z,2.907900,2.938700,2.874400,2.909000,2736589
2024-01-22T02:00:00Z,2.909000,2.941400,2.887200,2.906100,1829814
2024-01-22T03:00:00Z,2.906300,2.945000,2.881700,2.933400,1631552
2024-01-22T04:00:00Z,2.933200,2.960700,2.911200,2.934800,2215490
2024-01-22T05:00:00Z,2.934700,3.007900,2.912300,2.983200,3985071
2024-01-22T06:00:00Z,2.983100,3.004500,2.942800,2.963400,2086924
2024-01-22T07:00:00Z,2.963400,2.985700,2.936900,2.941800,1542241
2024-01-22T08:00:00Z,2.941600,2.941700,2.853800,2.876800,2967844
2024-01-22T09:00:00Z,2.876800,2.892300,2.787600,2.806700,3717744
2024-01-22T10:00:00Z,2.806600,2.830200,2.777700,2.810400,2350370
2024-01-22T11:00:00Z,2.810000,2.837800,2.792100,2.808500,1222337
2024-01-22T12:00:00Z,2.808400,2.819400,2.765600,2.789500,1586513
2024-01-22T13:00:00Z,2.789200,2.861800,2.788600,2.814000,1697958
2024-01-22T14:00:00Z,2.814100,2.823600,2.737700,2.763400,2622629
2024-01-22T15:00:00Z,2.763400,2.770200,2.710000,2.752600,2964951
2024-01-22T16:00:00Z,2.752600,2.787800,2.735800,2.741300,1747297
2024-01-22T17:00:00Z,2.741300,2.796700,2.737700,2.786200,1168788
2024-01-22T18:00:00Z,2.786100,2.810000,2.753000,2.792800,1443396
2024-01-22T19:00:00Z,2.793300,2.814000,2.700700,2.745300,2773950
2024-01-22T20:00:00Z,2.745200,2.812700,2.740400,2.753100,2302464
2024-01-22T21:00:00Z,2.752400,2.761000,2.734400,2.743000,1047214
2024-01-22T22:00:00Z,2.742800,2.762700,2.710000,2.724700,804916
2024-01-22T23:00:00Z,2.724800,2.747600,2.690000,2.711500,1588651
2024-01-23T00:00:00Z,2.711500,2.736600,2.690400,2.721800,1043380
2024-01-23T01:00:00Z,2.721800,2.737200,2.697600,2.721700,916356
2024-01-23T02:00:00Z,2.721700,2.793000,2.717400,2.789800,1561502
2024-01-23T03:00:00Z,2.789800,2.826100,2.789800,2.816600,1365301
2024-01-23T04:00:00Z,2.816300,2.848800,2.812600,2.814600,1186491
2024-01-23T05:00:00Z,2.814600,2.823900,2.800100,2.805800,667914
2024-01-23T06:00:00Z,2.806000,2.810900,2.766600,2.772400,1240454
2024-01-23T07:00:00Z,2.772400,2.781000,2.697300,2.713500,2099079
2024-01-23T08:00:00Z,2.713300,2.735600,2.640900,2.670800,3919337
2024-01-23T09:00:00Z,2.670700,2.687200,2.548700,2.608100,5223704
2024-01-23T10:00:00Z,2.608700,2.678800,2.606200,2.657400,2399909
2024-01-23T11:00:00Z,2.657500,2.676400,2.621400,2.655400,2211145
2024-01-23T12:00:00Z,2.654900,2.704400,2.627100,2.665100,2294861
2024-01-23T13:00:00Z,2.665200,2.666900,2.590000,2.595200,1740473
2024-01-23T14:00:00Z,2.595000,2.608100,2.551400,2.604800,2956636
2024-01-23T15:00:00Z,2.604100,2.691300,2.604000,2.653100,3124077
2024-01-23T16:00:00Z,2.652600,2.659800,2.602300,2.636000,2042941
2024-01-23T17:00:00Z,2.635900,2.667900,2.606100,2.612100,1608915
2024-01-23T18:00:00Z,2.612100,2.653100,2.599500,2.600900,1023029
2024-01-23T19:00:00Z,2.601100,2.620900,2.592800,2.599500,953127
2024-01-23T20:00:00Z,2.599700,2.638300,2.598300,2.617700,807263
2024-01-23T21:00:00Z,2.617500,2.633100,2.594400,2.624300,603774
2024-01-23T22:00:00Z,2.624000,2.669100,2.619900,2.654300,669451
2024-01-23T23:00:00Z,2.654400,2.698300,2.654400,2.688100,781105
2024-01-24T00:00:00Z,2.687900,2.719200,2.669200,2.700800,938133
2024-01-24T01:00:00Z,2.700900,2.701600,2.660000,2.665300,941173
2024-01-24T02:00:00Z,2.665400,2.680000,2.650300,2.663600,575506
2024-01-24T03:00:00Z,2.663700,2.675500,2.629900,2.656200,1008694
2024-01-24T04:00:00Z,2.656600,2.669500,2.646200,2.655200,414894
2024-01-24T05:00:00Z,2.655100,2.678900,2.646500,2.651100,641611
2024-01-24T06:00:00Z,2.651100,2.685200,2.639100,2.682000,663420
2024-01-24T07:00:00Z,2.682000,2.709200,2.668100,2.694100,903087
2024-01-24T08:00:00Z,2.694200,2.717000,2.685100,2.710600,937751
2024-01-24T09:00:00Z,2.710500,2.727500,2.701400,2.718800,840330
2024-01-24T10:00:00Z,2.718200,2.772000,2.707600,2.757500,1557449
2024-01-24T11:00:00Z,2.757800,2.759400,2.711300,2.718200,1470436
2024-01-24T12:00:00Z,2.718000,2.740900,2.706100,2.711800,1323067
2024-01-24T13:00:00Z,2.712000,2.730900,2.689000,2.714800,1337611
2024-01-24T14:00:00Z,2.715500,2.755000,2.696100,2.753500,1548777
2024-01-24T15:00:00Z,2.753500,2.809400,2.749400,2.802500,2513003
2024-01-24T16:00:00Z,2.802500,2.853600,2.779800,2.843200,1876878
2024-01-24T17:00:00Z,2.843700,2.847600,2.807400,2.840000,1104385
2024-01-24T18:00:00Z,2.839900,2.842700,2.788000,2.800600,1333049
2024-01-24T19:00:00Z,2.800600,2.810000,2.775200,2.799800,911870
2024-01-24T20:00:00Z,2.799700,2.814200,2.762300,2.769800,972052
2024-01-24T21:00:00Z,2.769500,2.804100,2.768400,2.803400,489637
2024-01-24T22:00:00Z,2.804000,2.829200,2.794600,2.827500,555372
2024-01-24T23:00:00Z,2.827700,2.888300,2.824400,2.885500,1481815
2024-01-25T00:00:00Z,2.885700,2.900500,2.858800,2.882800,1324325
2024-01-25T01:00:00Z,2.882700,2.888100,2.840700,2.843700,829022
2024-01-25T02:00:00Z,2.843700,2.856100,2.833300,2.841000,575977
2024-01-25T03:00:00Z,2.841000,2.856600,2.829800,2.845600,491595
2024-01-25T04:00:00Z,2.845300,2.848800,2.811100,2.818200,657396
2024-01-25T05:00:00Z,2.818300,2.830500,2.794600,2.823800,645608
2024-01-25T06:00:00Z,2.823600,2.874400,2.822900,2.872800,797790
2024-01-25T07:00:00Z,2.873000,2.893800,2.854700,2.891200,791542
2024-01-25T08:00:00Z,2.891400,2.895500,2.868200,2.884100,642318
2024-01-25T09:00:00Z,2.884100,2.920000,2.883300,2.895400,1085653
2024-01-25T10:00:00Z,2.895600,2.926100,2.869100,2.890800,1770384
2024-01-25T11:00:00Z,2.890500,2.917700,2.873900,2.904400,906598
2024-01-25T12:00:00Z,2.904600,2.914100,2.810500,2.829100,1984403
2024-01-25T13:00:00Z,2.829000,2.837900,2.802700,2.829900,1751237
2024-01-25T14:00:00Z,2.829800,2.845300,2.809100,2.843600,1229302
2024-01-25T15:00:00Z,2.843900,2.856600,2.758600,2.781500,2186946
2024-01-25T16:00:00Z,2.781600,2.814000,2.769400,2.799600,1024817
2024-01-25T17:00:00Z,2.799600,2.880100,2.792600,2.866000,1930875
2024-01-25T18:00:00Z,2.866400,2.943600,2.863300,2.916200,2930036
2024-01-25T19:00:00Z,2.915800,2.970600,2.891400,2.956000,2191478
2024-01-25T20:00:00Z,2.956300,2.987600,2.944400,2.971400,1851629
2024-01-25T21:00:00Z,2.971500,2.999100,2.964000,2.971200,1665857
2024-01-25T22:00:00Z,2.971400,2.997100,2.963100,2.986900,821473
2024-01-25T23:00:00Z,2.987000,2.995000,2.970400,2.981500,823737
2024-01-26T00:00:00Z,2.981300,3.052500,2.974100,3.043300,2383528
2024-01-26T01:00:00Z,3.043400,3.043600,2.992500,2.998300,1833169
2024-01-26T02:00:00Z,2.998300,3.073600,2.994500,3.048400,1857329
2024-01-26T03:00:00Z,3.048500,3.052100,3.011600,3.022700,914237
2024-01-26T04:00:00Z,3.022800,3.033600,3.000000,3.017500,1168979
2024-01-26T05:00:00Z,3.018200,3.058200,3.007900,3.050100,953169
2024-01-26T06:00:00Z,3.050400,3.075000,3.040500,3.049200,1244509
2024-01-26T07:00:00Z,3.048900,3.061000,3.010700,3.026000,1700100
2024-01-26T08:00:00Z,3.026000,3.053900,3.001100,3.005900,1312237
2024-01-26T09:00:00Z,3.005800,3.033000,2.965500,2.969300,1704558
2024-01-26T10:00:00Z,2.969200,3.042500,2.951400,3.028200,2147456
2024-01-26T11:00:00Z,3.028000,3.083200,3.022000,3.069300,2691125
2024-01-26T12:00:00Z,3.070000,3.076400,3.003000,3.012900,1713287
2024-01-26T13:00:00Z,3.012900,3.036800,2.986400,2.994700,1087177
2024-01-26T14:00:00Z,2.994700,3.037000,2.992900,3.036400,949642
2024-01-26T15:00:00Z,3.036500,3.060900,3.026600,3.044500,1276217
2024-01-26T16:00:00Z,3.044200,3.083900,3.039400,3.068900,1893498
2024-01-26T17:00:00Z,3.068500,3.082600,3.054600,3.079500,917691
2024-01-26T18:00:00Z,3.079500,3.098000,3.069500,3.082600,1170289
2024-01-26T19:00:00Z,3.082100,3.085400,3.044100,3.061000,781241
2024-01-26T20:00:00Z,3.060400,3.064800,3.022200,3.036300,1120039
2024-01-26T21:00:00Z,3.036000,3.054100,3.021000,3.045100,596559
2024-01-26T22:00:00Z,3.044900,3.081100,3.041600,3.060700,860436
2024-01-26T23:00:00Z,3.060700,3.082700,3.057400,3.074500,586863
2024-01-27T00:00:00Z,3.074800,3.097500,3.057300,3.078000,884017
2024-01-27T01:00:00Z,3.078000,3.086000,3.056300,3.061000,518653
2024-01-27T02:00:00Z,3.060900,3.066700,3.047500,3.050900,514649
2024-01-27T03:00:00Z,3.050900,3.055500,3.040100,3.047200,474488
2024-01-27T04:00:00Z,3.047000,3.056000,3.035000,3.041100,412448
2024-01-27T05:00:00Z,3.041000,3.043200,2.985100,2.995000,1017811
2024-01-27T06:00:00Z,2.995000,3.010800,2.975000,3.003500,849426
2024-01-27T07:00:00Z,3.003500,3.018800,2.992600,3.002600,589942
2024-01-27T08:00:00Z,3.002300,3.017300,2.987400,2.991600,603570
2024-01-27T09:00:00Z,2.991100,3.016600,2.984500,3.013600,532353
2024-01-27T10:00:00Z,3.013600,3.015800,2.995500,2.998400,386658
2024-01-27T11:00:00Z,2.998300,3.013200,2.993400,3.005700,338558
2024-01-27T12:00:00Z,3.005700,3.017900,3.001200,3.009400,344172
2024-01-27T13:00:00Z,3.009400,3.017800,3.002700,3.013200,338996
2024-01-27T14:00:00Z,3.013100,3.027400,3.000000,3.007700,584402
2024-01-27T15:00:00Z,3.007600,3.025800,3.000100,3.010800,561381
2024-01-27T16:00:00Z,3.010300,3.038600,3.000400,3.004900,738188
2024-01-27T17:00:00Z,3.004800,3.023700,2.996600,3.016900,648130
2024-01-27T18:00:00Z,3.016700,3.042400,3.011000,3.017600,554689
2024-01-27T19:00:00Z,3.017400,3.038600,3.015300,3.031900,437048
2024-01-27T20:00:00Z,3.031900,3.051800,3.020000,3.041600,473183
2024-01-27T21:00:00Z,3.041500,3.048800,3.021900,3.041800,449331
2024-01-27T22:00:00Z,3.042000,3.062100,3.037300,3.060600,575632
2024-01-27T23:00:00Z,3.060900,3.076600,3.053400,3.062100,530000
2024-01-28T00:00:00Z,3.062100,3.098000,3.056600,3.079600,692939
2024-01-28T01:00:00Z,3.079800,3.111800,3.076500,3.087200,727081
2024-01-28T02:00:00Z,3.086700,3.097300,3.070600,3.082500,359111
2024-01-28T03:00:00Z,3.082400,3.120800,3.077100,3.115800,459346
2024-01-28T04:00:00Z,3.115700,3.121600,3.083300,3.116400,848991
2024-01-28T05:00:00Z,3.116200,3.129500,3.079700,3.086600,806808
2024-01-28T06:00:00Z,3.086400,3.092600,3.071400,3.087200,403810
2024-01-28T07:00:00Z,3.086900,3.103400,3.086100,3.094900,391174
2024-01-28T08:00:00Z,3.095000,3.116000,3.070000,3.103100,774569
2024-01-28T09:00:00Z,3.103400,3.143500,3.100300,3.143500,1078361
2024-01-28T10:00:00Z,3.143200,3.168200,3.131700,3.154700,1316213
2024-01-28T11:00:00Z,3.155300,3.165900,3.118600,3.144800,871070
2024-01-28T12:00:00Z,3.144800,3.146300,3.100000,3.139800,1249553
2024-01-28T13:00:00Z,3.139700,3.153700,3.110000,3.146300,883512
2024-01-28T14:00:00Z,3.146400,3.156100,3.121400,3.132300,819191
2024-01-28T15:00:00Z,3.132200,3.164000,3.129800,3.147300,1015014
2024-01-28T16:00:00Z,3.147400,3.202400,3.145300,3.200100,1985003
2024-01-28T17:00:00Z,3.200100,3.201700,3.171700,3.196200,1258253
2024-01-28T18:00:00Z,3.196300,3.218100,3.157000,3.165800,1696083
2024-01-28T19:00:00Z,3.165800,3.186900,3.097500,3.118800,2210120
2024-01-28T20:00:00Z,3.118900,3.182500,3.113900,3.180000,1341891
2024-01-28T21:00:00Z,3.180000,3.192400,3.156600,3.175900,982312
2024-01-28T22:00:00Z,3.174900,3.177900,3.131200,3.160500,942441
2024-01-28T23:00:00Z,3.160400,3.160400,3.137400,3.149700,532925
2024-01-29T00:00:00Z,3.149900,3.223000,3.132900,3.176800,2462253
2024-01-29T01:00:00Z,3.177000,3.217000,3.171000,3.190300,1083566
2024-01-29T02:00:00Z,3.190300,3.198000,3.172600,3.180700,745516
2024-01-29T03:00:00Z,3.180800,3.200700,3.166200,3.166200,746494
2024-01-29T04:00:00Z,3.166200,3.169600,3.138700,3.159800,1116705
2024-01-29T05:00:00Z,3.159800,3.193000,3.157600,3.161700,731165
2024-01-29T06:00:00Z,3.161600,3.166900,3.128000,3.131500,802464
2024-01-29T07:00:00Z,3.131500,3.148000,3.126200,3.137700,762864
2024-01-29T08:00:00Z,3.137800,3.163400,3.115700,3.136700,2131895
2024-01-29T09:00:00Z,3.136700,3.138100,3.107400,3.116600,1118142
2024-01-29T10:00:00Z,3.116600,3.127400,3.076700,3.100300,1277704
2024-01-29T11:00:00Z,3.100300,3.102100,3.075000,3.085600,522519
2024-01-29T12:00:00Z,3.085600,3.098200,3.062900,3.079400,801407
2024-01-29T13:00:00Z,3.079300,3.083700,3.065500,3.071100,734150
2024-01-29T14:00:00Z,3.071100,3.082200,3.025200,3.044100,1617056
2024-01-29T15:00:00Z,3.044100,3.096500,3.027000,3.092400,1353735
2024-01-29T16:00:00Z,3.092200,3.184000,3.060100,3.138700,3930051
2024-01-29T17:00:00Z,3.138700,3.182700,3.138500,3.146000,1493536
2024-01-29T18:00:00Z,3.146000,3.162800,3.111000,3.125600,860763
2024-01-29T19:00:00Z,3.125500,3.143900,3.088700,3.095500,937837
2024-01-29T20:00:00Z,3.095500,3.137500,3.089700,3.127700,1210158
2024-01-29T21:00:00Z,3.127800,3.141000,3.120700,3.122700,614954
2024-01-29T22:00:00Z,3.122900,3.172700,3.118800,3.165700,1382544
2024-01-29T23:00:00Z,3.165600,3.176700,3.148200,3.151800,767860
2024-01-30T00:00:00Z,3.151800,3.157200,3.055000,3.072500,3180660
2024-01-30T01:00:00Z,3.072500,3.122700,3.066900,3.089300,1398343
2024-01-30T02:00:00Z,3.089300,3.149700,3.085700,3.117900,1103194
2024-01-30T03:00:00Z,3.118200,3.138400,3.091600,3.092000,692247
2024-01-30T04:00:00Z,3.092200,3.105300,3.058400,3.073500,842742
2024-01-30T05:00:00Z,3.074200,3.077900,3.057500,3.066800,503450
2024-01-30T06:00:00Z,3.066800,3.076500,3.055100,3.060700,544868
2024-01-30T07:00:00Z,3.060500,3.074700,3.055200,3.058100,753895
2024-01-30T08:00:00Z,3.058100,3.069600,3.040900,3.045800,1067962
2024-01-30T09:00:00Z,3.045800,3.058000,3.043700,3.047600,518996
2024-01-30T10:00:00Z,3.047500,3.069700,3.040100,3.064600,670453
2024-01-30T11:00:00Z,3.064300,3.082800,3.057900,3.062800,901045
2024-01-30T12:00:00Z,3.062900,3.085900,2.993500,3.005900,2723132
2024-01-30T13:00:00Z,3.005900,3.016600,2.970000,3.006500,1728398
2024-01-30T14:00:00Z,3.006500,3.014500,2.976000,3.010600,1015626
2024-01-30T15:00:00Z,3.010600,3.099500,2.999400,3.054900,2822915
2024-01-30T16:00:00Z,3.055700,3.147500,3.053400,3.142200,4041815
2024-01-30T17:00:00Z,3.142700,3.174100,3.117100,3.130900,2483871
2024-01-30T18:00:00Z,3.130900,3.146300,3.118300,3.131400,996622
2024-01-30T19:00:00Z,3.131100,3.134400,3.093500,3.100200,810160
2024-01-30T20:00:00Z,3.100200,3.116800,3.088800,3.098700,1015184
2024-01-30T21:00:00Z,3.098800,3.137000,3.095800,3.107100,681964
2024-01-30T22:00:00Z,3.107000,3.109500,3.057300,3.059700,800353
2024-01-30T23:00:00Z,3.059800,3.084200,3.002000,3.022600,1589900
2024-01-31T00:00:00Z,3.022500,3.032400,2.961000,2.969600,2161738
2024-01-31T01:00:00Z,2.969500,2.989300,2.935100,2.951500,1199074
2024-01-31T02:00:00Z,2.951500,2.974900,2.936400,2.973100,813339
2024-01-31T03:00:00Z,2.973400,2.981900,2.960900,2.972900,357231
2024-01-31T04:00:00Z,2.972800,2.974600,2.942900,2.960700,535167
2024-01-31T05:00:00Z,2.960800,2.964600,2.920000,2.920700,868344
2024-01-31T06:00:00Z,2.920800,2.937000,2.906800,2.910700,688127
2024-01-31T07:00:00Z,2.910400,2.924200,2.906800,2.913900,670594
2024-01-31T08:00:00Z,2.913900,2.919300,2.891700,2.898600,1050587
2024-01-31T09:00:00Z,2.898600,2.899500,2.867500,2.872000,1080642
2024-01-31T10:00:00Z,2.872100,2.897400,2.858700,2.866300,1112398
2024-01-31T11:00:00Z,2.866400,2.887500,2.861000,2.885100,914833
2024-01-31T12:00:00Z,2.885000,2.895300,2.871000,2.880100,961189
2024-01-31T13:00:00Z,2.880200,2.912300,2.869100,2.892900,993197
2024-01-31T14:00:00Z,2.892700,2.901400,2.862800,2.882300,813745
2024-01-31T15:00:00Z,2.882200,2.929100,2.842700,2.912000,2144102
2024-01-31T16:00:00Z,2.912400,2.928100,2.896800,2.921800,1337058
2024-01-31T17:00:00Z,2.921400,2.930000,2.905700,2.921400,437381
2024-01-31T18:00:00Z,2.921300,2.921800,2.892200,2.905900,641076
2024-01-31T19:00:00Z,2.905900,2.918100,2.872000,2.881500,850898
2024-01-31T20:00:00Z,2.881600,2.887000,2.829000,2.832400,1970439
2024-01-31T21:00:00Z,2.832700,2.849000,2.794000,2.829600,1120925
2024-01-31T22:00:00Z,2.829300,2.831900,2.793000,2.822200,684514
2024-01-31T23:00:00Z,2.822200,2.836700,2.820200,2.830000,315515
2024-02-01T00:00:00Z,2.829800,2.856400,2.828800,2.843200,562332
2024-02-01T01:00:00Z,2.843400,2.843900,2.760500,2.764600,1559206
2024-02-01T02:00:00Z,2.764500,2.803300,2.762100,2.797600,626836
2024-02-01T03:00:00Z,2.797600,2.805500,2.776500,2.776700,414742
2024-02-01T04:00:00Z,2.776700,2.794300,2.762700,2.779900,619733
2024-02-01T05:00:00Z,2.779900,2.783000,2.753000,2.773700,765344
2024-02-01T06:00:00Z,2.773800,2.787800,2.759100,2.782300,381561
2024-02-01T07:00:00Z,2.782300,2.800600,2.772900,2.785000,444115
2024-02-01T08:00:00Z,2.785000,2.791400,2.767800,2.786900,466966
2024-02-01T09:00:00Z,2.786700,2.793900,2.764400,2.773800,426533
2024-02-01T10:00:00Z,2.774000,2.797700,2.763400,2.778200,435362
2024-02-01T11:00:00Z,2.778500,2.802000,2.762300,2.786800,949779
2024-02-01T12:00:00Z,2.786600,2.813800,2.778600,2.799800,818369
2024-02-01T13:00:00Z,2.799800,2.808100,2.784900,2.798600,524866
2024-02-01T14:00:00Z,2.798500,2.822000,2.780900,2.819700,932108
2024-02-01T15:00:00Z,2.819100,2.842200,2.809800,2.811000,1046482
2024-02-01T16:00:00Z,2.811500,2.816700,2.766500,2.804100,821747
2024-02-01T17:00:00Z,2.804100,2.833200,2.799800,2.818800,840144
2024-02-01T18:00:00Z,2.819500,2.820300,2.795200,2.800500,475848
2024-02-01T19:00:00Z,2.800100,2.840100,2.800100,2.832100,615173
2024-02-01T20:00:00Z,2.832600,2.836800,2.819200,2.829700,389176
2024-02-01T21:00:00Z,2.829700,2.847600,2.825500,2.838600,312269
2024-02-01T22:00:00Z,2.838500,2.841400,2.820700,2.826700,350289
2024-02-01T23:00:00Z,2.826700,2.835300,2.818300,2.832500,313023
2024-02-02T00:00:00Z,2.832200,2.852800,2.812600,2.841500,709060
2024-02-02T01:00:00Z,2.841900,2.858700,2.828500,2.835400,459869
2024-02-02T02:00:00Z,2.835400,2.842000,2.823400,2.833200,297520
2024-02-02T03:00:00Z,2.833200,2.833200,2.811200,2.813100,398010
2024-02-02T04:00:00Z,2.812500,2.817800,2.785400,2.786700,462265
2024-02-02T05:00:00Z,2.786700,2.811000,2.780100,2.807500,362221
2024-02-02T06:00:00Z,2.807500,2.832100,2.802500,2.823200,498517
2024-02-02T07:00:00Z,2.823200,2.844800,2.816800,2.832700,528946
2024-02-02T08:00:00Z,2.833200,2.836700,2.814400,2.827100,554698
2024-02-02T09:00:00Z,2.826900,2.831500,2.811400,2.823300,318873
2024-02-02T10:00:00Z,2.822900,2.839100,2.812600,2.837500,639369
2024-02-02T11:00:00Z,2.837300,2.846400,2.829600,2.842400,412448
2024-02-02T12:00:00Z,2.842500,2.869500,2.835200,2.856100,947329
2024-02-02T13:00:00Z,2.856100,2.860200,2.809900,2.820500,1132219
2024-02-02T14:00:00Z,2.820500,2.836100,2.807000,2.813200,566876
2024-02-02T15:00:00Z,2.813200,2.871800,2.810500,2.866100,1002247
2024-02-02T16:00:00Z,2.865700,2.883500,2.831200,2.841400,801278
2024-02-02T17:00:00Z,2.841200,2.843400,2.804900,2.807000,508790
2024-02-02T18:00:00Z,2.806600,2.818400,2.794100,2.816000,473449
2024-02-02T19:00:00Z,2.815900,2.825800,2.804300,2.820400,230371
2024-02-02T20:00:00Z,2.820400,2.828000,2.805300,2.808100,318883
2024-02-02T21:00:00Z,2.808100,2.822300,2.802500,2.808200,275107
2024-02-02T22:00:00Z,2.808300,2.830300,2.802700,2.827000,338760
2024-02-02T23:00:00Z,2.827100,2.829400,2.811200,2.820400,293260
2024-02-03T00:00:00Z,2.820400,2.832700,2.810400,2.811800,314538
2024-02-03T01:00:00Z,2.811800,2.851800,2.800500,2.812700,1404776
2024-02-03T02:00:00Z,2.812700,2.817000,2.740700,2.756300,2177926
2024-02-03T03:00:00Z,2.756300,2.777700,2.750400,2.769800,416145
2024-02-03T04:00:00Z,2.769800,2.780900,2.764800,2.774100,387170
2024-02-03T05:00:00Z,2.774200,2.791800,2.773200,2.789900,418119
2024-02-03T06:00:00Z,2.789900,2.792500,2.774800,2.786700,304986
2024-02-03T07:00:00Z,2.786800,2.792900,2.752300,2.759400,674549
2024-02-03T08:00:00Z,2.759600,2.764700,2.748900,2.751300,345749
2024-02-03T09:00:00Z,2.751200,2.771600,2.747700,2.767100,338366
2024-02-03T10:00:00Z,2.767200,2.774600,2.760300,2.774600,276196
2024-02-03T11:00:00Z,2.774600,2.776200,2.753100,2.760400,550135
2024-02-03T12:00:00Z,2.760300,2.765400,2.754300,2.762800,290718
2024-02-03T13:00:00Z,2.762900,2.768700,2.758800,2.761100,274811
2024-02-03T14:00:00Z,2.761100,2.765800,2.741100,2.746400,465109
2024-02-03T15:00:00Z,2.746400,2.761500,2.724400,2.748700,999923
2024-02-03T16:00:00Z,2.748900,2.761900,2.741200,2.750600,556615
2024-02-03T17:00:00Z,2.750900,2.775600,2.748800,2.768700,396565
2024-02-03T18:00:00Z,2.769200,2.773400,2.748900,2.757300,415198
2024-02-03T19:00:00Z,2.757200,2.781700,2.755000,2.780400,372178
2024-02-03T20:00:00Z,2.780100,2.792700,2.777500,2.784000,661371
2024-02-03T21:00:00Z,2.784000,2.795000,2.775600,2.782400,298408
2024-02-03T22:00:00Z,2.782400,2.788900,2.769600,2.770600,418196
2024-02-03T23:00:00Z,2.770600,2.780600,2.755200,2.764100,319760
2024-02-04T00:00:00Z,2.764100,2.769600,2.737600,2.756600,727313
2024-02-04T01:00:00Z,2.756300,2.782400,2.749400,2.773600,453549
2024-02-04T02:00:00Z,2.773700,2.787200,2.769700,2.775400,389600
2024-02-04T03:00:00Z,2.775700,2.783800,2.763200,2.765400,352387
2024-02-04T04:00:00Z,2.765400,2.766800,2.745000,2.749000,376923
2024-02-04T05:00:00Z,2.748600,2.763600,2.745800,2.747600,260005
2024-02-04T06:00:00Z,2.747600,2.755900,2.733100,2.739600,430155
2024-02-04T07:00:00Z,2.739500,2.751800,2.725800,2.734100,424285
2024-02-04T08:00:00Z,2.734200,2.743600,2.724500,2.727100,364313
2024-02-04T09:00:00Z,2.727000,2.730200,2.672600,2.726400,1976747
2024-02-04T10:00:00Z,2.726500,2.739700,2.719700,2.733000,475702
2024-02-04T11:00:00Z,2.733000,2.755700,2.731500,2.748500,456410
2024-02-04T12:00:00Z,2.748600,2.758200,2.743400,2.746800,377481
2024-02-04T13:00:00Z,2.746800,2.752800,2.733800,2.738800,310674
2024-02-04T14:00:00Z,2.738900,2.753600,2.731700,2.738000,415989
2024-02-04T15:00:00Z,2.738000,2.743000,2.730000,2.734200,206522
2024-02-04T16:00:00Z,2.734300,2.736300,2.720000,2.732200,378319
2024-02-04T17:00:00Z,2.732300,2.734800,2.713200,2.730600,313379
2024-02-04T18:00:00Z,2.730600,2.731200,2.697100,2.704600,483583
2024-02-04T19:00:00Z,2.704000,2.710800,2.674200,2.696700,874629
2024-02-04T20:00:00Z,2.696500,2.717900,2.680300,2.711800,592560
2024-02-04T21:00:00Z,2.711900,2.717500,2.704100,2.706200,343883
2024-02-04T22:00:00Z,2.706300,2.711200,2.656500,2.676100,828661
2024-02-04T23:00:00Z,2.676400,2.682700,2.664600,2.672600,363525
2024-02-05T00:00:00Z,2.672700,2.680200,2.656600,2.657400,592059
2024-02-05T01:00:00Z,2.657400,2.663800,2.622100,2.646600,1331852
2024-02-05T02:00:00Z,2.646700,2.654500,2.637400,2.649300,304065
2024-02-05T03:00:00Z,2.649000,2.677200,2.648400,2.676300,356365
2024-02-05T04:00:00Z,2.676200,2.703200,2.670700,2.684300,492247
2024-02-05T05:00:00Z,2.684700,2.694400,2.677700,2.693400,378480
2024-02-05T06:00:00Z,2.693100,2.707600,2.691400,2.705400,339521
2024-02-05T07:00:00Z,2.705500,2.737000,2.702800,2.731600,606562
2024-02-05T08:00:00Z,2.731600,2.758700,2.731500,2.756900,790255
2024-02-05T09:00:00Z,2.757000,2.771500,2.739000,2.767200,913094
2024-02-05T10:00:00Z,2.767300,2.852900,2.766700,2.806300,3186796
2024-02-05T11:00:00Z,2.806300,2.819900,2.794800,2.815700,1076674
2024-02-05T12:00:00Z,2.815700,2.822900,2.782900,2.797600,1122074
2024-02-05T13:00:00Z,2.797400,2.812200,2.786000,2.795100,1020768
2024-02-05T14:00:00Z,2.795100,2.803400,2.780900,2.791800,796430
2024-02-05T15:00:00Z,2.791700,2.791800,2.716900,2.727600,2078585
2024-02-05T16:00:00Z,2.727600,2.744700,2.710700,2.725500,1139930
2024-02-05T17:00:00Z,2.725100,2.727600,2.700000,2.704300,801929
2024-02-05T18:00:00Z,2.704300,2.711000,2.694000,2.706600,530602
2024-02-05T19:00:00Z,2.706600,2.719500,2.697800,2.700400,337182
2024-02-05T20:00:00Z,2.700300,2.702600,2.657100,2.687500,935694
2024-02-05T21:00:00Z,2.687400,2.688000,2.660600,2.664500,404679
2024-02-05T22:00:00Z,2.664500,2.686100,2.653000,2.682300,680354
2024-02-05T23:00:00Z,2.682300,2.693100,2.670700,2.691100,450175
2024-02-06T00:00:00Z,2.691100,2.705900,2.688500,2.695600,491153
2024-02-06T01:00:00Z,2.695600,2.703200,2.686900,2.688600,523382
2024-02-06T02:00:00Z,2.688500,2.763800,2.676900,2.739500,1433868
2024-02-06T03:00:00Z,2.739400,2.767300,2.730000,2.733800,1195849
2024-02-06T04:00:00Z,2.733800,2.743200,2.715000,2.723600,717375
2024-02-06T05:00:00Z,2.723500,2.728000,2.707100,2.710000,559634
2024-02-06T06:00:00Z,2.709900,2.740000,2.691600,2.730700,1074464
2024-02-06T07:00:00Z,2.730700,2.762700,2.707300,2.754500,1180936
2024-02-06T08:00:00Z,2.754500,2.766900,2.738300,2.764900,832801
2024-02-06T09:00:00Z,2.765100,2.768900,2.740300,2.740700,618922
2024-02-06T10:00:00Z,2.740800,2.768800,2.714000,2.749600,1824064
2024-02-06T11:00:00Z,2.749700,2.763100,2.726800,2.726800,745902
2024-02-06T12:00:00Z,2.726600,2.755800,2.711800,2.729700,1300282
2024-02-06T13:00:00Z,2.729900,2.773000,2.703200,2.757000,1546349
2024-02-06T14:00:00Z,2.756900,2.791800,2.750000,2.750000,1749580
2024-02-06T15:00:00Z,2.750500,2.768800,2.740200,2.755300,868264
2024-02-06T16:00:00Z,2.755200,2.799600,2.740500,2.741900,1838928
2024-02-06T17:00:00Z,2.741600,2.775000,2.735100,2.756000,804508
2024-02-06T18:00:00Z,2.756100,2.789100,2.741400,2.787700,970966
2024-02-06T19:00:00Z,2.787800,2.812800,2.764400,2.798200,1316287
2024-02-06T20:00:00Z,2.797200,2.836000,2.785100,2.799400,1585163
2024-02-06T21:00:00Z,2.799300,2.807600,2.789300,2.793500,536612
2024-02-06T22:00:00Z,2.793500,2.811800,2.787100,2.805300,663632
2024-02-06T23:00:00Z,2.805200,2.810500,2.785400,2.790300,848983
2024-02-07T00:00:00Z,2.790300,2.836200,2.781600,2.794500,1464339
2024-02-07T01:00:00Z,2.794500,2.825700,2.787700,2.805200,733933
2024-02-07T02:00:00Z,2.805700,2.826000,2.796600,2.800400,452162
2024-02-07T03:00:00Z,2.800400,2.806300,2.783200,2.785000,649776
2024-02-07T04:00:00Z,2.785000,2.797100,2.764800,2.767100,1006712
2024-02-07T05:00:00Z,2.767100,2.800500,2.753900,2.799800,622522
2024-02-07T06:00:00Z,2.799800,2.807200,2.788000,2.793700,608217
2024-02-07T07:00:00Z,2.793700,2.842500,2.787600,2.816900,1502558
2024-02-07T08:00:00Z,2.817600,2.853100,2.808500,2.851400,966166
2024-02-07T09:00:00Z,2.851200,2.866500,2.837000,2.846000,1300388
2024-02-07T10:00:00Z,2.846000,2.853900,2.822100,2.826400,967306
2024-02-07T11:00:00Z,2.826700,2.850800,2.822300,2.843500,586866
2024-02-07T12:00:00Z,2.843600,2.866500,2.824100,2.861800,1210984
2024-02-07T13:00:00Z,2.861700,2.866400,2.842600,2.852600,672368
2024-02-07T14:00:00Z,2.853000,2.873800,2.839900,2.845700,1243983
2024-02-07T15:00:00Z,2.846300,2.877600,2.830000,2.854900,1130850
2024-02-07T16:00:00Z,2.855300,3.080100,2.843200,3.069200,7757784
2024-02-07T17:00:00Z,3.069500,3.124700,2.923000,2.929000,19054908
2024-02-07T18:00:00Z,2.928600,2.946900,2.888700,2.902200,4260873
2024-02-07T19:00:00Z,2.903000,2.945000,2.893200,2.926600,2649414
2024-02-07T20:00:00Z,2.926700,2.965400,2.913500,2.961500,2627964
2024-02-07T21:00:00Z,2.961500,2.965500,2.916700,2.928600,1496397
2024-02-07T22:00:00Z,2.928700,2.939100,2.886200,2.893100,1472700
2024-02-07T23:00:00Z,2.893100,2.905900,2.888900,2.894000,615369
2024-02-08T00:00:00Z,2.894000,2.920600,2.869600,2.915700,1494899
2024-02-08T01:00:00Z,2.915700,2.929000,2.898400,2.915000,1253784
2024-02-08T02:00:00Z,2.915000,2.920400,2.893300,2.901600,959385
2024-02-08T03:00:00Z,2.901600,2.923000,2.899600,2.916200,504992
2024-02-08T04:00:00Z,2.916000,2.918800,2.891500,2.901100,747636
2024-02-08T05:00:00Z,2.901200,2.910000,2.886000,2.892400,652377
2024-02-08T06:00:00Z,2.892400,2.893100,2.867400,2.868700,949981
2024-02-08T07:00:00Z,2.868800,2.878000,2.854000,2.867600,773434
2024-02-08T08:00:00Z,2.867500,2.885800,2.862200,2.879400,724281
2024-02-08T09:00:00Z,2.879500,2.892900,2.871900,2.875400,807393
2024-02-08T10:00:00Z,2.875400,2.887000,2.850800,2.854500,2347062
2024-02-08T11:00:00Z,2.854800,2.860400,2.838400,2.855200,1113237
2024-02-08T12:00:00Z,2.855200,2.864800,2.836800,2.846700,740415
2024-02-08T13:00:00Z,2.846700,2.855000,2.837300,2.851600,834229
2024-02-08T14:00:00Z,2.851600,2.900800,2.843200,2.876600,1889784
2024-02-08T15:00:00Z,2.876600,2.901600,2.860200,2.872500,1688123
2024-02-08T16:00:00Z,2.872600,2.888500,2.821600,2.849700,2054750
2024-02-08T17:00:00Z,2.849600,2.886500,2.832600,2.864300,1432866
2024-02-08T18:00:00Z,2.864300,2.872500,2.851100,2.853400,553499
2024-02-08T19:00:00Z,2.853500,2.866800,2.849300,2.853300,458743
2024-02-08T20:00:00Z,2.853300,2.883700,2.850000,2.880800,691434
2024-02-08T21:00:00Z,2.880500,2.885900,2.868600,2.883500,428161
2024-02-08T22:00:00Z,2.883600,2.888900,2.875600,2.881900,355311
2024-02-08T23:00:00Z,2.881900,2.888900,2.863800,2.867500,464483
2024-02-09T00:00:00Z,2.867600,2.907900,2.865500,2.905400,678405
2024-02-09T01:00:00Z,2.905300,2.914700,2.895300,2.911900,516541
2024-02-09T02:00:00Z,2.912000,2.932700,2.901900,2.931400,869327
2024-02-09T03:00:00Z,2.931200,2.943400,2.920100,2.931100,663188
2024-02-09T04:00:00Z,2.931100,2.938600,2.915400,2.923000,488085
2024-02-09T05:00:00Z,2.923000,2.953500,2.920800,2.949600,785250
2024-02-09T06:00:00Z,2.949600,2.961000,2.942200,2.952100,480206
2024-02-09T07:00:00Z,2.952000,2.965000,2.946900,2.960800,584139
2024-02-09T08:00:00Z,2.960800,2.977500,2.950500,2.976200,642008
2024-02-09T09:00:00Z,2.975900,2.977700,2.939200,2.943800,653682
2024-02-09T10:00:00Z,2.944100,2.952200,2.930100,2.943700,572436
2024-02-09T11:00:00Z,2.943600,2.984600,2.938200,2.981900,845933
2024-02-09T12:00:00Z,2.981800,2.994400,2.954400,2.978800,1269093
2024-02-09T13:00:00Z,2.978900,2.994600,2.971000,2.981700,647056
2024-02-09T14:00:00Z,2.981700,2.985200,2.924700,2.958500,1537279
2024-02-09T15:00:00Z,2.958000,2.984100,2.934600,2.981400,1005885
2024-02-09T16:00:00Z,2.981200,2.999800,2.951300,2.983400,1733874
2024-02-09T17:00:00Z,2.983700,2.994300,2.969000,2.987100,746604
2024-02-09T18:00:00Z,2.987500,3.012300,2.977100,3.001900,1559073
2024-02-09T19:00:00Z,3.001900,3.002500,2.972200,2.982200,673582
2024-02-09T20:00:00Z,2.982400,3.010000,2.982200,2.994000,730678
2024-02-09T21:00:00Z,2.994400,3.005500,2.976800,2.995400,627074
2024-02-09T22:00:00Z,2.995400,3.012200,2.986000,3.001400,772675
2024-02-09T23:00:00Z,3.001300,3.003500,2.966200,2.979500,747841
2024-02-10T00:00:00Z,2.979400,3.001800,2.979400,2.990300,644378
2024-02-10T01:00:00Z,2.990400,3.008000,2.976100,2.999000,568122
2024-02-10T02:00:00Z,2.999300,3.015500,2.991900,3.004700,528091
2024-02-10T03:00:00Z,3.004800,3.021200,3.000600,3.017500,481796
2024-02-10T04:00:00Z,3.017400,3.032700,3.000200,3.005400,616984
2024-02-10T05:00:00Z,3.005400,3.010800,2.994000,3.007100,286859
2024-02-10T06:00:00Z,3.007100,3.010400,2.998800,3.001300,202297
2024-02-10T07:00:00Z,3.001800,3.004800,2.974500,2.978400,400248
2024-02-10T08:00:00Z,2.978400,2.991900,2.957500,2.962700,507743
2024-02-10T09:00:00Z,2.962500,2.975400,2.945100,2.949900,546507
2024-02-10T10:00:00Z,2.950000,2.955400,2.905700,2.920600,1093427
2024-02-10T11:00:00Z,2.920600,2.938100,2.917200,2.934300,612488
2024-02-10T12:00:00Z,2.934300,2.942600,2.919700,2.925400,518601
2024-02-10T13:00:00Z,2.925700,2.928000,2.910000,2.912400,941983
2024-02-10T14:00:00Z,2.912500,2.934800,2.909700,2.932700,769995
2024-02-10T15:00:00Z,2.932600,2.939600,2.920100,2.927300,394800
2024-02-10T16:00:00Z,2.927100,2.938000,2.923200,2.935300,290634
2024-02-10T17:00:00Z,2.935400,2.944500,2.922600,2.924700,359391
2024-02-10T18:00:00Z,2.924600,2.939200,2.921800,2.925800,374001
2024-02-10T19:00:00Z,2.926100,2.949800,2.922500,2.948600,467352
2024-02-10T20:00:00Z,2.948700,2.969600,2.948200,2.961000,547759
2024-02-10T21:00:00Z,2.961100,3.006300,2.960100,2.986800,1317723
2024-02-10T22:00:00Z,2.986700,2.990400,2.957400,2.971600,461508
2024-02-10T23:00:00Z,2.971100,2.980000,2.952900,2.962500,383440
2024-02-11T00:00:00Z,2.962700,2.974400,2.946800,2.971800,450428
2024-02-11T01:00:00Z,2.971900,2.988700,2.970300,2.979000,376629
2024-02-11T02:00:00Z,2.979000,2.986900,2.969700,2.974200,338883
2024-02-11T03:00:00Z,2.973900,2.994000,2.969700,2.987900,967267
2024-02-11T04:00:00Z,2.987900,2.997400,2.978900,2.986100,441086
2024-02-11T05:00:00Z,2.986200,3.015800,2.985900,2.995800,585951
2024-02-11T06:00:00Z,2.995800,3.034700,2.991900,3.018700,637605
2024-02-11T07:00:00Z,3.018700,3.020000,2.988300,2.998300,460198
2024-02-11T08:00:00Z,2.997900,3.030000,2.997100,3.013700,547796
2024-02-11T09:00:00Z,3.014100,3.025300,2.996500,3.001400,367171
2024-02-11T10:00:00Z,3.001400,3.010200,2.988500,2.999600,495944
2024-02-11T11:00:00Z,2.999700,3.020000,2.988000,3.013700,601025
2024-02-11T12:00:00Z,3.013100,3.040000,3.005100,3.015100,1063396
2024-02-11T13:00:00Z,3.015300,3.025300,2.960600,2.969200,1383295
2024-02-11T14:00:00Z,2.969300,2.973000,2.932200,2.968400,1299129
2024-02-11T15:00:00Z,2.968100,2.970000,2.955500,2.957900,453832
2024-02-11T16:00:00Z,2.957600,2.969300,2.948200,2.953800,558589
2024-02-11T17:00:00Z,2.953700,2.977600,2.951700,2.958700,556741
2024-02-11T18:00:00Z,2.958200,2.958800,2.913200,2.924100,1306584
2024-02-11T19:00:00Z,2.924100,2.930300,2.910000,2.915100,530230
2024-02-11T20:00:00Z,2.915200,2.930200,2.869400,2.882100,1427033
2024-02-11T21:00:00Z,2.882400,2.900400,2.879000,2.886500,499289
2024-02-11T22:00:00Z,2.886200,2.889900,2.871700,2.874800,412477
2024-02-11T23:00:00Z,2.875100,2.886300,2.864400,2.885400,349630
2024-02-12T00:00:00Z,2.885400,2.922900,2.880700,2.913500,745343
2024-02-12T01:00:00Z,2.913500,2.917100,2.895300,2.910500,443592
2024-02-12T02:00:00Z,2.910400,2.912400,2.846700,2.864000,1098037
2024-02-12T03:00:00Z,2.864200,2.881200,2.856800,2.873200,413904
2024-02-12T04:00:00Z,2.873100,2.873900,2.847400,2.852000,459536
2024-02-12T05:00:00Z,2.852100,2.865800,2.852100,2.858900,195836
2024-02-12T06:00:00Z,2.859000,2.869600,2.845500,2.864500,485200
2024-02-12T07:00:00Z,2.865000,2.893800,2.861100,2.885100,549516
2024-02-12T08:00:00Z,2.885100,2.892400,2.875400,2.876200,300901
2024-02-12T09:00:00Z,2.876100,2.876900,2.833300,2.848200,579101
2024-02-12T10:00:00Z,2.848300,2.868100,2.834400,2.860200,880394
2024-02-12T11:00:00Z,2.860200,2.863200,2.827200,2.855200,751581
2024-02-12T12:00:00Z,2.855100,2.867100,2.849800,2.865400,355637
2024-02-12T13:00:00Z,2.865300,2.865300,2.849100,2.858600,371148
2024-02-12T14:00:00Z,2.858800,2.918400,2.855700,2.914500,1223218
2024-02-12T15:00:00Z,2.914500,2.970900,2.905300,2.969800,2504445
2024-02-12T16:00:00Z,2.969900,3.003300,2.952100,3.002500,2583825
2024-02-12T17:00:00Z,3.002400,3.090900,2.994200,3.059800,4907802
2024-02-12T18:00:00Z,3.059800,3.104300,3.057600,3.092300,1549089
2024-02-12T19:00:00Z,3.092300,3.115800,3.083600,3.089500,1414115
2024-02-12T20:00:00Z,3.089500,3.140500,3.084000,3.102400,2143973
2024-02-12T21:00:00Z,3.102500,3.124700,3.096600,3.108600,957657
2024-02-12T22:00:00Z,3.108200,3.137300,3.106400,3.130500,740005
2024-02-12T23:00:00Z,3.130900,3.140000,3.103300,3.127200,660039
2024-02-13T00:00:00Z,3.127800,3.154400,3.097400,3.101100,998383
2024-02-13T01:00:00Z,3.101100,3.112500,3.090600,3.101700,453326
2024-02-13T02:00:00Z,3.101800,3.106600,3.062200,3.065200,610228
2024-02-13T03:00:00Z,3.065300,3.071100,3.038900,3.052000,731772
2024-02-13T04:00:00Z,3.051900,3.095300,3.051900,3.093500,494544
2024-02-13T05:00:00Z,3.093600,3.117300,3.090100,3.115300,487312
2024-02-13T06:00:00Z,3.115300,3.116200,3.097800,3.101100,538013
2024-02-13T07:00:00Z,3.101200,3.131400,3.097500,3.129100,606098
2024-02-13T08:00:00Z,3.128900,3.145100,3.112900,3.143100,741124
2024-02-13T09:00:00Z,3.143300,3.147900,3.120100,3.142100,962470
2024-02-13T10:00:00Z,3.141200,3.192600,3.127200,3.172400,2370017
2024-02-13T11:00:00Z,3.172500,3.189100,3.141800,3.154700,1873140
2024-02-13T12:00:00Z,3.154700,3.181400,3.126200,3.132000,1677850
2024-02-13T13:00:00Z,3.132000,3.148400,3.023200,3.110200,4093160
2024-02-13T14:00:00Z,3.110200,3.164800,3.051900,3.125200,4357101
2024-02-13T15:00:00Z,3.125400,3.175900,3.073900,3.149200,3238931
2024-02-13T16:00:00Z,3.149200,3.180500,3.096500,3.097200,2154674
2024-02-13T17:00:00Z,3.097200,3.131200,3.084200,3.111900,1395917
2024-02-13T18:00:00Z,3.112100,3.149300,3.101000,3.115800,1019933
2024-02-13T19:00:00Z,3.115700,3.132700,3.100000,3.124200,714476
2024-02-13T20:00:00Z,3.124200,3.139200,3.122600,3.127900,468585
2024-02-13T21:00:00Z,3.127700,3.151300,3.110400,3.113700,690802
2024-02-13T22:00:00Z,3.113700,3.122300,3.086100,3.107000,838704
2024-02-13T23:00:00Z,3.106500,3.112000,3.090100,3.106000,301109
2024-02-14T00:00:00Z,3.106300,3.109000,3.074400,3.087000,655930
2024-02-14T01:00:00Z,3.086900,3.103200,3.060000,3.070200,456804
2024-02-14T02:00:00Z,3.070200,3.081100,3.062900,3.071700,362480
2024-02-14T03:00:00Z,3.071800,3.102400,3.068700,3.100200,444869
2024-02-14T04:00:00Z,3.100200,3.103400,3.079300,3.083500,420965
2024-02-14T05:00:00Z,3.083600,3.118400,3.083500,3.118400,456526
2024-02-14T06:00:00Z,3.118400,3.138100,3.112100,3.118000,641818
2024-02-14T07:00:00Z,3.118000,3.153300,3.116900,3.141900,917452
2024-02-14T08:00:00Z,3.141600,3.203200,3.139600,3.190100,2776473
2024-02-14T09:00:00Z,3.190000,3.268300,3.187400,3.224900,3190281
2024-02-14T10:00:00Z,3.225100,3.247900,3.212100,3.240200,1130057
2024-02-14T11:00:00Z,3.241400,3.258500,3.213400,3.251400,938856
2024-02-14T12:00:00Z,3.251400,3.255400,3.200000,3.205800,1415651
2024-02-14T13:00:00Z,3.206900,3.329300,3.206500,3.297600,5279135
2024-02-14T14:00:00Z,3.297300,3.297300,3.220800,3.222700,1454937
2024-02-14T15:00:00Z,3.223000,3.227300,3.158000,3.176700,2597234
2024-02-14T16:00:00Z,3.176800,3.177900,3.127300,3.128800,1621171
2024-02-14T17:00:00Z,3.128900,3.181300,3.121300,3.171500,1512661
2024-02-14T18:00:00Z,3.171700,3.223700,3.166600,3.207000,1130472
2024-02-14T19:00:00Z,3.206900,3.289500,3.204500,3.242500,2251888
2024-02-14T20:00:00Z,3.242400,3.250100,3.227900,3.238000,721500
2024-02-14T21:00:00Z,3.238100,3.260600,3.229800,3.250900,718697
2024-02-14T22:00:00Z,3.250800,3.261500,3.236100,3.257800,391740
2024-02-14T23:00:00Z,3.257800,3.298600,3.248200,3.285200,942090
2024-02-15T00:00:00Z,3.285200,3.363500,3.282500,3.352800,1879102
2024-02-15T01:00:00Z,3.352700,3.352800,3.283300,3.284200,1042113
2024-02-15T02:00:00Z,3.284100,3.322100,3.276100,3.278500,943517
2024-02-15T03:00:00Z,3.278700,3.289800,3.259800,3.277500,666737
2024-02-15T04:00:00Z,3.277400,3.278000,3.231300,3.245300,1073722
2024-02-15T05:00:00Z,3.245100,3.249200,3.170200,3.202200,2193332
2024-02-15T06:00:00Z,3.202000,3.228900,3.188900,3.218900,984933
2024-02-15T07:00:00Z,3.218600,3.228400,3.196900,3.217300,467665
2024-02-15T08:00:00Z,3.217300,3.239800,3.205300,3.220600,687281
2024-02-15T09:00:00Z,3.221100,3.244800,3.212600,3.231100,738469
2024-02-15T10:00:00Z,3.231000,3.238600,3.219900,3.230200,675594
2024-02-15T11:00:00Z,3.230200,3.235300,3.205600,3.215200,722605
2024-02-15T12:00:00Z,3.214500,3.245400,3.195700,3.231200,1244115
2024-02-15T13:00:00Z,3.230700,3.252500,3.203600,3.245800,1239992
2024-02-15T14:00:00Z,3.245700,3.326300,3.238400,3.297100,2395541
2024-02-15T15:00:00Z,3.297200,3.330000,3.222000,3.233800,3069498
2024-02-15T16:00:00Z,3.233700,3.238900,3.184300,3.198500,4218342
2024-02-15T17:00:00Z,3.198000,3.224000,3.188000,3.198300,981838
2024-02-15T18:00:00Z,3.198400,3.226700,3.190100,3.211300,765729
2024-02-15T19:00:00Z,3.211500,3.237800,3.190100,3.229700,830291
2024-02-15T20:00:00Z,3.229100,3.239900,3.203200,3.207000,1196918
2024-02-15T21:00:00Z,3.207100,3.224600,3.139700,3.160400,1794771
2024-02-15T22:00:00Z,3.160500,3.226200,3.158600,3.211600,981652
2024-02-15T23:00:00Z,3.211700,3.236600,3.203500,3.230200,467973
2024-02-16T00:00:00Z,3.229900,3.243300,3.210600,3.233300,435588
2024-02-16T01:00:00Z,3.233900,3.362300,3.227300,3.330000,3198398
2024-02-16T02:00:00Z,3.329900,3.329900,3.297900,3.316300,967150
2024-02-16T03:00:00Z,3.315400,3.324400,3.275800,3.279200,648205
2024-02-16T04:00:00Z,3.279000,3.288400,3.266900,3.268200,416391
2024-02-16T05:00:00Z,3.268200,3.308500,3.257400,3.306800,526252
2024-02-16T06:00:00Z,3.306600,3.346800,3.274200,3.281000,1180415
2024-02-16T07:00:00Z,3.281000,3.332300,3.275500,3.312200,1577039
2024-02-16T08:00:00Z,3.312000,3.323700,3.278500,3.278700,745952
2024-02-16T09:00:00Z,3.278800,3.286200,3.213100,3.213700,1710183
2024-02-16T10:00:00Z,3.213700,3.293000,3.208100,3.292100,827355
2024-02-16T11:00:00Z,3.292200,3.299900,3.263400,3.291900,636230
2024-02-16T12:00:00Z,3.291700,3.324100,3.285900,3.321200,809839
2024-02-16T13:00:00Z,3.321300,3.322400,3.259100,3.277600,1059522
2024-02-16T14:00:00Z,3.277500,3.283600,3.153600,3.186000,2785095
2024-02-16T15:00:00Z,3.185800,3.204900,3.120000,3.204200,2854429
2024-02-16T16:00:00Z,3.204000,3.243300,3.190500,3.212300,1589569
2024-02-16T17:00:00Z,3.211800,3.223100,3.185800,3.195000,804357
2024-02-16T18:00:00Z,3.195600,3.228000,3.163300,3.227200,1020863
2024-02-16T19:00:00Z,3.226900,3.239800,3.207200,3.220700,778167
2024-02-16T20:00:00Z,3.220700,3.262700,3.211600,3.247100,690329
2024-02-16T21:00:00Z,3.247200,3.253500,3.224300,3.240800,539414
2024-02-16T22:00:00Z,3.240900,3.242400,3.213300,3.226600,407255
2024-02-16T23:00:00Z,3.226600,3.254200,3.225800,3.245500,349105
2024-02-17T00:00:00Z,3.245100,3.254600,3.230800,3.236000,376229
2024-02-17T01:00:00Z,3.235900,3.236600,3.192100,3.204800,376595
2024-02-17T02:00:00Z,3.205000,3.228500,3.198600,3.218000,225325
2024-02-17T03:00:00Z,3.217900,3.228500,3.206400,3.210700,195635
2024-02-17T04:00:00Z,3.210600,3.221600,3.199400,3.216000,180830
2024-02-17T05:00:00Z,3.216000,3.227600,3.186500,3.201100,393384
2024-02-17T06:00:00Z,3.201200,3.213700,3.193300,3.205900,990807
2024-02-17T07:00:00Z,3.205800,3.221800,3.200800,3.204700,395813
2024-02-17T08:00:00Z,3.205000,3.206600,3.112000,3.138300,2942626
2024-02-17T09:00:00Z,3.138200,3.145500,3.113400,3.117300,619544
2024-02-17T10:00:00Z,3.117000,3.124000,3.092400,3.118100,1377053
2024-02-17T11:00:00Z,3.117600,3.142400,3.112200,3.136200,580463
2024-02-17T12:00:00Z,3.136100,3.148200,3.129800,3.141800,445504
2024-02-17T13:00:00Z,3.141800,3.143000,3.104100,3.107000,1275718
2024-02-17T14:00:00Z,3.107000,3.132200,3.077000,3.104400,1569528
2024-02-17T15:00:00Z,3.104400,3.138100,3.100600,3.124100,783037
2024-02-17T16:00:00Z,3.124200,3.130600,3.102500,3.124400,536088
2024-02-17T17:00:00Z,3.124300,3.143100,3.121800,3.137300,416912
2024-02-17T18:00:00Z,3.137700,3.139300,3.125100,3.131500,272458
2024-02-17T19:00:00Z,3.131600,3.147700,3.131400,3.140300,278632
2024-02-17T20:00:00Z,3.140400,3.153500,3.137300,3.147300,231473
2024-02-17T21:00:00Z,3.147200,3.173600,3.136000,3.150900,649155
2024-02-17T22:00:00Z,3.150600,3.153500,3.138400,3.153500,259940
2024-02-17T23:00:00Z,3.153500,3.153500,3.117800,3.127000,637650
2024-02-18T00:00:00Z,3.127200,3.131700,3.095400,3.101900,882120
2024-02-18T01:00:00Z,3.101700,3.125600,3.097700,3.103700,533946
2024-02-18T02:00:00Z,3.103700,3.108000,3.078500,3.086000,559537
2024-02-18T03:00:00Z,3.086100,3.114400,3.083100,3.110900,319816
2024-02-18T04:00:00Z,3.110800,3.133000,3.109500,3.131300,390216
2024-02-18T05:00:00Z,3.131400,3.152900,3.129300,3.149600,328542
2024-02-18T06:00:00Z,3.149500,3.159100,3.114000,3.122200,488382
2024-02-18T07:00:00Z,3.122500,3.145000,3.103400,3.135400,561167
2024-02-18T08:00:00Z,3.135300,3.157600,3.130500,3.147600,625749
2024-02-18T09:00:00Z,3.147600,3.168300,3.142500,3.154200,623746
2024-02-18T10:00:00Z,3.154100,3.162000,3.130000,3.147700,458144
2024-02-18T11:00:00Z,3.147500,3.173300,3.143500,3.169900,511874
2024-02-18T12:00:00Z,3.169800,3.187800,3.144500,3.151300,982901
2024-02-18T13:00:00Z,3.151300,3.162600,3.143400,3.145800,442255
2024-02-18T14:00:00Z,3.145800,3.180700,3.142800,3.169400,573288
2024-02-18T15:00:00Z,3.169500,3.185900,3.160400,3.180100,827612
2024-02-18T16:00:00Z,3.180200,3.182000,3.155900,3.174100,600044
2024-02-18T17:00:00Z,3.174500,3.233900,3.173100,3.207000,2218667
2024-02-18T18:00:00Z,3.206900,3.241100,3.193200,3.233000,906217
2024-02-18T19:00:00Z,3.233300,3.248300,3.222400,3.222800,747152
2024-02-18T20:00:00Z,3.222800,3.225700,3.197000,3.213200,491497
2024-02-18T21:00:00Z,3.213300,3.249500,3.210600,3.248400,455536
2024-02-18T22:00:00Z,3.248100,3.350000,3.241700,3.346700,2618313
2024-02-18T23:00:00Z,3.346800,3.357900,3.307300,3.336700,1237206
2024-02-19T00:00:00Z,3.336700,3.352900,3.293100,3.319800,1114437
2024-02-19T01:00:00Z,3.319800,3.323900,3.286200,3.292300,699774
2024-02-19T02:00:00Z,3.292300,3.338900,3.290300,3.335800,562647
2024-02-19T03:00:00Z,3.335700,3.345900,3.300000,3.308400,502380
2024-02-19T04:00:00Z,3.309000,3.329000,3.298800,3.326200,352134
2024-02-19T05:00:00Z,3.326200,3.329200,3.275100,3.318600,1042790
2024-02-19T06:00:00Z,3.318700,3.395700,3.318700,3.338200,2198817
2024-02-19T07:00:00Z,3.338400,3.368800,3.332000,3.353200,653339
2024-02-19T08:00:00Z,3.352800,3.365400,3.286500,3.300100,1132138
2024-02-19T09:00:00Z,3.299500,3.344200,3.290700,3.309700,714559
2024-02-19T10:00:00Z,3.310400,3.329400,3.288000,3.326200,555617
2024-02-19T11:00:00Z,3.326300,3.370200,3.325600,3.361500,666208
2024-02-19T12:00:00Z,3.361500,3.397700,3.355200,3.359900,1355410
2024-02-19T13:00:00Z,3.360100,3.373700,3.311000,3.312000,991490
2024-02-19T14:00:00Z,3.311900,3.319700,3.280000,3.303100,1272017
2024-02-19T15:00:00Z,3.303400,3.353900,3.301100,3.335400,891097
2024-02-19T16:00:00Z,3.335400,3.396700,3.329000,3.344000,1582763
2024-02-19T17:00:00Z,3.345100,3.417300,3.318300,3.376600,2487994
2024-02-19T18:00:00Z,3.375600,3.406800,3.358900,3.361800,1509428
2024-02-19T19:00:00Z,3.361700,3.364900,3.329200,3.342300,609500
2024-02-19T20:00:00Z,3.342400,3.346700,3.307500,3.312500,742204
2024-02-19T21:00:00Z,3.312500,3.369000,3.308700,3.361100,700519
2024-02-19T22:00:00Z,3.361800,3.466700,3.359600,3.432300,3060307
2024-02-19T23:00:00Z,3.432600,3.441400,3.382700,3.404100,889812
2024-02-20T00:00:00Z,3.404000,3.419000,3.325700,3.327700,1026526
2024-02-20T01:00:00Z,3.327900,3.334000,3.226500,3.259100,3867857
2024-02-20T02:00:00Z,3.259600,3.274500,3.236900,3.253100,763196
2024-02-20T03:00:00Z,3.253100,3.259100,3.176500,3.188700,1450904
2024-02-20T04:00:00Z,3.188600,3.234800,3.173300,3.231600,1373299
2024-02-20T05:00:00Z,3.231900,3.269900,3.230200,3.269400,720019
2024-02-20T06:00:00Z,3.269400,3.273000,3.252200,3.263600,686130
2024-02-20T07:00:00Z,3.263500,3.281500,3.247700,3.256800,559653
2024-02-20T08:00:00Z,3.256900,3.260900,3.189400,3.202300,1297680
2024-02-20T09:00:00Z,3.202400,3.210800,3.122500,3.177200,2457084
2024-02-20T10:00:00Z,3.176900,3.213200,3.174500,3.199600,831743
2024-02-20T11:00:00Z,3.199600,3.224100,3.199600,3.201200,911986
2024-02-20T12:00:00Z,3.202000,3.219400,3.175200,3.178300,1113885
2024-02-20T13:00:00Z,3.178300,3.305100,3.175200,3.291300,3306108
2024-02-20T14:00:00Z,3.291100,3.320100,3.141400,3.181500,4433269
2024-02-20T15:00:00Z,3.181400,3.183500,3.055900,3.137100,4187147
2024-02-20T16:00:00Z,3.138000,3.157200,3.065700,3.076900,1734509
2024-02-20T17:00:00Z,3.076800,3.113400,3.050100,3.110600,1718880
2024-02-20T18:00:00Z,3.110600,3.146400,3.104100,3.132900,689558
2024-02-20T19:00:00Z,3.132800,3.217500,3.118500,3.215300,1308449
2024-02-20T20:00:00Z,3.215200,3.228100,3.195300,3.205000,973040
2024-02-20T21:00:00Z,3.205100,3.221500,3.183500,3.204600,641909
2024-02-20T22:00:00Z,3.204600,3.229100,3.200000,3.225500,569439
2024-02-20T23:00:00Z,3.225300,3.273900,3.222900,3.253100,841030
2024-02-21T00:00:00Z,3.253200,3.285000,3.213900,3.275800,1173345
2024-02-21T01:00:00Z,3.276000,3.324200,3.273100,3.319500,1548064
2024-02-21T02:00:00Z,3.319600,3.359400,3.292700,3.340000,1304633
2024-02-21T03:00:00Z,3.339800,3.355100,3.301200,3.302600,758257
2024-02-21T04:00:00Z,3.302700,3.325000,3.275800,3.290200,972552
2024-02-21T05:00:00Z,3.290200,3.290200,3.238800,3.240300,572809
2024-02-21T06:00:00Z,3.240300,3.252500,3.214500,3.223000,1145685
2024-02-21T07:00:00Z,3.223600,3.228700,3.198100,3.212400,937522
2024-02-21T08:00:00Z,3.212500,3.221200,3.201300,3.208900,606981
2024-02-21T09:00:00Z,3.209000,3.210600,3.116600,3.132400,1751098
2024-02-21T10:00:00Z,3.132400,3.157500,3.102000,3.151300,1450245
2024-02-21T11:00:00Z,3.150800,3.166100,3.091900,3.105400,1060353
2024-02-21T12:00:00Z,3.105600,3.146400,3.077000,3.135300,1492644
2024-02-21T13:00:00Z,3.135300,3.150700,3.054600,3.061900,1851898
2024-02-21T14:00:00Z,3.061900,3.070000,3.003400,3.023700,3363932
2024-02-21T15:00:00Z,3.023700,3.058600,3.013800,3.047600,1704733
2024-02-21T16:00:00Z,3.047600,3.055600,3.014600,3.035500,1045101
2024-02-21T17:00:00Z,3.035500,3.046000,2.970000,2.983300,1567694
2024-02-21T18:00:00Z,2.983300,2.986500,2.941400,2.965200,1226058
2024-02-21T19:00:00Z,2.964600,2.985800,2.946300,2.982700,649430
2024-02-21T20:00:00Z,2.982700,2.988300,2.968600,2.979700,443423
2024-02-21T21:00:00Z,2.979500,3.005100,2.970600,3.003900,1088196
2024-02-21T22:00:00Z,3.003700,3.037200,2.997000,3.034400,699952
2024-02-21T23:00:00Z,3.034400,3.078300,3.029400,3.071800,620568
2024-02-22T00:00:00Z,3.071900,3.075200,3.021600,3.025900,672634
2024-02-22T01:00:00Z,3.025500,3.049700,2.965000,2.969600,1109600
2024-02-22T02:00:00Z,2.969600,3.033800,2.969400,2.985900,937398
2024-02-22T03:00:00Z,2.985900,3.026300,2.981400,3.021900,472957
2024-02-22T04:00:00Z,3.022100,3.033500,3.007000,3.018000,444416
2024-02-22T05:00:00Z,3.017900,3.039800,3.013900,3.018000,643447
2024-02-22T06:00:00Z,3.018000,3.074000,3.012000,3.070400,813830
2024-02-22T07:00:00Z,3.070000,3.113600,3.048300,3.113100,1138056
2024-02-22T08:00:00Z,3.113100,3.147600,3.100400,3.144800,1147985
2024-02-22T09:00:00Z,3.144700,3.158900,3.113400,3.150600,1126332
2024-02-22T10:00:00Z,3.150500,3.169300,3.122100,3.128100,1444332
2024-02-22T11:00:00Z,3.129000,3.131200,3.080100,3.112900,1059552
2024-02-22T12:00:00Z,3.112800,3.138100,3.080100,3.092200,814998
2024-02-22T13:00:00Z,3.092100,3.097300,3.022300,3.046600,1477882
2024-02-22T14:00:00Z,3.046500,3.080400,3.042300,3.071100,719768
2024-02-22T15:00:00Z,3.071100,3.095800,3.044900,3.082100,1472950
2024-02-22T16:00:00Z,3.081800,3.089900,3.008200,3.017300,1301300
2024-02-22T17:00:00Z,3.017300,3.057700,3.017000,3.054300,610832
2024-02-22T18:00:00Z,3.054200,3.079700,3.035700,3.066800,635926
2024-02-22T19:00:00Z,3.066900,3.069000,3.037100,3.041600,335701
2024-02-22T20:00:00Z,3.041200,3.091200,3.025700,3.082100,1938230
2024-02-22T21:00:00Z,3.082100,3.083400,2.996000,3.003900,984504
2024-02-22T22:00:00Z,3.004000,3.021400,2.961700,2.997800,1090501
2024-02-22T23:00:00Z,2.997700,3.005100,2.952700,2.960500,627502
2024-02-23T00:00:00Z,2.960400,3.006600,2.956500,3.006600,488068
2024-02-23T01:00:00Z,3.006600,3.018700,2.982600,2.982600,445520
2024-02-23T02:00:00Z,2.982600,3.007000,2.945800,2.961400,801763
2024-02-23T03:00:00Z,2.961400,2.974400,2.943000,2.974400,601502
2024-02-23T04:00:00Z,2.974400,2.986000,2.936400,2.977800,700595
2024-02-23T05:00:00Z,2.977600,2.995000,2.965600,2.988300,604457
2024-02-23T06:00:00Z,2.988500,3.010000,2.980900,3.003300,566682
2024-02-23T07:00:00Z,3.003300,3.003300,2.955800,2.965600,728931
2024-02-23T08:00:00Z,2.965600,2.987800,2.932900,2.943400,843218
2024-02-23T09:00:00Z,2.943200,2.980100,2.935600,2.976800,619022
2024-02-23T10:00:00Z,2.976800,2.990600,2.959100,2.981800,605113
2024-02-23T11:00:00Z,2.981500,2.994500,2.970300,2.990800,601888
2024-02-23T12:00:00Z,2.990700,2.994100,2.944800,2.952100,503859
2024-02-23T13:00:00Z,2.952000,2.992100,2.950400,2.990200,369219
2024-02-23T14:00:00Z,2.990200,3.088900,2.970200,3.088900,2759825
2024-02-23T15:00:00Z,3.088700,3.226400,3.066600,3.168000,8413549
2024-02-23T16:00:00Z,3.166800,3.180600,3.023100,3.139100,6123693
2024-02-23T17:00:00Z,3.139200,3.215700,3.109000,3.188600,3321541
2024-02-23T18:00:00Z,3.188700,3.195500,3.142500,3.155600,1391331
2024-02-23T19:00:00Z,3.155600,3.180700,3.154300,3.163200,1027104
2024-02-23T20:00:00Z,3.162900,3.199600,3.151500,3.195500,722969
2024-02-23T21:00:00Z,3.195700,3.195800,3.128800,3.136800,668568
2024-02-23T22:00:00Z,3.136800,3.144000,3.083700,3.087700,858682
2024-02-23T23:00:00Z,3.087700,3.102600,3.039500,3.095500,1672151
2024-02-24T00:00:00Z,3.095400,3.105900,3.048200,3.103600,643091
2024-02-24T01:00:00Z,3.103500,3.116500,3.021100,3.028200,1437501
2024-02-24T02:00:00Z,3.028200,3.065500,3.015500,3.064900,781834
2024-02-24T03:00:00Z,3.064600,3.094600,3.045300,3.086000,518331
2024-02-24T04:00:00Z,3.086300,3.122800,3.074700,3.112500,731362
2024-02-24T05:00:00Z,3.112500,3.131900,3.089500,3.098400,735007
2024-02-24T06:00:00Z,3.099100,3.116100,3.079100,3.090400,778811
2024-02-24T07:00:00Z,3.090300,3.189200,3.080000,3.176800,1374073
2024-02-24T08:00:00Z,3.177000,3.203400,3.148300,3.168400,1536520
2024-02-24T09:00:00Z,3.168200,3.250000,3.168200,3.247800,1420900
2024-02-24T10:00:00Z,3.247800,3.280000,3.230300,3.258200,2039667
2024-02-24T11:00:00Z,3.258300,3.338300,3.233300,3.297900,2645143
2024-02-24T12:00:00Z,3.297900,3.321000,3.259600,3.263800,1241811
2024-02-24T13:00:00Z,3.263700,3.267200,3.241000,3.245900,788208
2024-02-24T14:00:00Z,3.245900,3.257600,3.196300,3.224400,1243704
2024-02-24T15:00:00Z,3.223900,3.253800,3.215700,3.235900,921129
2024-02-24T16:00:00Z,3.235900,3.286300,3.233100,3.244700,1193887
2024-02-24T17:00:00Z,3.244300,3.292700,3.242600,3.264700,1171465
2024-02-24T18:00:00Z,3.264800,3.274600,3.249000,3.261200,455837
2024-02-24T19:00:00Z,3.261300,3.294300,3.261300,3.289800,543821
2024-02-24T20:00:00Z,3.289800,3.294400,3.272700,3.285000,315537
2024-02-24T21:00:00Z,3.284900,3.302600,3.271500,3.291900,434151
2024-02-24T22:00:00Z,3.291600,3.319900,3.285000,3.310700,481285
2024-02-24T23:00:00Z,3.310700,3.318200,3.285400,3.291200,406274
2024-02-25T00:00:00Z,3.291200,3.316200,3.253500,3.295000,857093
2024-02-25T01:00:00Z,3.294900,3.325700,3.262400,3.321900,740004
2024-02-25T02:00:00Z,3.320900,3.354300,3.284100,3.294100,1282317
2024-02-25T03:00:00Z,3.293900,3.296700,3.251200,3.292000,614297
2024-02-25T04:00:00Z,3.291900,3.313400,3.284800,3.313400,492327
2024-02-25T05:00:00Z,3.312200,3.333300,3.282600,3.328800,671405
2024-02-25T06:00:00Z,3.329500,3.366400,3.293700,3.335800,1669679
2024-02-25T07:00:00Z,3.336700,3.359600,3.304000,3.319400,1113768
2024-02-25T08:00:00Z,3.319500,3.343600,3.287700,3.291800,693518
2024-02-25T09:00:00Z,3.291900,3.317200,3.275200,3.300500,507520
2024-02-25T10:00:00Z,3.300400,3.315000,3.289900,3.308600,362105
2024-02-25T11:00:00Z,3.308600,3.348400,3.298000,3.344700,1033344
2024-02-25T12:00:00Z,3.345100,3.390100,3.317700,3.387900,1118074
2024-02-25T13:00:00Z,3.387900,3.398700,3.348000,3.348000,1007963
2024-02-25T14:00:00Z,3.348000,3.423800,3.342200,3.419900,986986
2024-02-25T15:00:00Z,3.420200,3.424400,3.351700,3.358200,1002092
2024-02-25T16:00:00Z,3.358200,3.368700,3.312500,3.331400,1199351
2024-02-25T17:00:00Z,3.331100,3.351500,3.326900,3.339100,442804
2024-02-25T18:00:00Z,3.339200,3.340600,3.316200,3.329300,386281
2024-02-25T19:00:00Z,3.329300,3.347800,3.319100,3.331300,758114
2024-02-25T20:00:00Z,3.331500,3.424600,3.329600,3.386000,1593055
2024-02-25T21:00:00Z,3.386400,3.426700,3.382300,3.418500,661756
2024-02-25T22:00:00Z,3.418400,3.442400,3.403200,3.412700,836836
2024-02-25T23:00:00Z,3.412800,3.416700,3.379500,3.388700,610686
2024-02-26T00:00:00Z,3.388600,3.428900,3.376400,3.383900,509177
2024-02-26T01:00:00Z,3.383700,3.395800,3.357800,3.364200,444043
2024-02-26T02:00:00Z,3.363500,3.377900,3.342800,3.366600,579748
2024-02-26T03:00:00Z,3.366700,3.377900,3.340000,3.372700,519826
2024-02-26T04:00:00Z,3.372300,3.378900,3.356200,3.358900,352851
2024-02-26T05:00:00Z,3.359400,3.362400,3.333300,3.356600,470729
2024-02-26T06:00:00Z,3.357000,3.438800,3.348200,3.430300,995192
2024-02-26T07:00:00Z,3.430200,3.432200,3.350500,3.352400,876590
2024-02-26T08:00:00Z,3.352200,3.424900,3.350700,3.397000,1286013
2024-02-26T09:00:00Z,3.397100,3.416900,3.293500,3.315000,2827888
2024-02-26T10:00:00Z,3.314700,3.393600,3.311300,3.342500,1643284
2024-02-26T11:00:00Z,3.342500,3.379400,3.307500,3.334800,1184748
2024-02-26T12:00:00Z,3.335300,3.349300,3.292300,3.335800,1143492
2024-02-26T13:00:00Z,3.336000,3.339800,3.288600,3.291300,1344007
2024-02-26T14:00:00Z,3.291400,3.407100,3.288600,3.406800,1495042
2024-02-26T15:00:00Z,3.406800,3.462700,3.389400,3.458400,2777855
2024-02-26T16:00:00Z,3.457500,3.653100,3.445200,3.560700,5566405
2024-02-26T17:00:00Z,3.560100,3.710800,3.545800,3.669100,5917967
2024-02-26T18:00:00Z,3.669200,3.680400,3.606400,3.641100,2230171
2024-02-26T19:00:00Z,3.640500,3.660800,3.606700,3.645300,1417806
2024-02-26T20:00:00Z,3.645200,3.695500,3.636600,3.673700,1461946
2024-02-26T21:00:00Z,3.673900,3.677800,3.635200,3.655800,684389
2024-02-26T22:00:00Z,3.655400,3.660900,3.616600,3.632400,709010
2024-02-26T23:00:00Z,3.632300,3.651000,3.624700,3.626700,450385
2024-02-27T00:00:00Z,3.626600,3.640300,3.560700,3.563500,980369
2024-02-27T01:00:00Z,3.563600,3.632100,3.553100,3.587400,1150693
2024-02-27T02:00:00Z,3.587100,3.641800,3.564000,3.613600,2068141
2024-02-27T03:00:00Z,3.613300,3.621700,3.525800,3.540800,969295
2024-02-27T04:00:00Z,3.540800,3.567500,3.496600,3.511600,1254820
2024-02-27T05:00:00Z,3.511500,3.515300,3.478800,3.503600,902926
2024-02-27T06:00:00Z,3.503800,3.538100,3.495400,3.528400,613535
2024-02-27T07:00:00Z,3.528500,3.542700,3.522000,3.536300,737781
2024-02-27T08:00:00Z,3.536600,3.554300,3.523800,3.532500,541547
2024-02-27T09:00:00Z,3.532500,3.570000,3.526600,3.548400,1201938
2024-02-27T10:00:00Z,3.548500,3.572300,3.529600,3.541800,849165
2024-02-27T11:00:00Z,3.541800,3.544100,3.505700,3.520600,757752
2024-02-27T12:00:00Z,3.520600,3.593900,3.504700,3.551200,1854273
2024-02-27T13:00:00Z,3.551400,3.589600,3.527800,3.555500,1554684
2024-02-27T14:00:00Z,3.555600,3.557100,3.462000,3.489400,2060119
2024-02-27T15:00:00Z,3.489500,3.506900,3.442200,3.469800,1450596
2024-02-27T16:00:00Z,3.469700,3.550000,3.440900,3.518200,1930744
2024-02-27T17:00:00Z,3.518600,3.544800,3.497100,3.526400,947572
2024-02-27T18:00:00Z,3.526300,3.563900,3.512600,3.516500,928286
2024-02-27T19:00:00Z,3.516400,3.532800,3.457300,3.485000,1489328
2024-02-27T20:00:00Z,3.485000,3.495000,3.453300,3.472600,1094966
2024-02-27T21:00:00Z,3.472000,3.494900,3.462000,3.489200,519650
2024-02-27T22:00:00Z,3.489000,3.503100,3.480200,3.490500,335145
2024-02-27T23:00:00Z,3.490600,3.500900,3.460100,3.472700,406202
2024-02-28T00:00:00Z,3.472700,3.497400,3.454900,3.492600,507701
2024-02-28T01:00:00Z,3.492900,3.495700,3.453300,3.465700,826833
2024-02-28T02:00:00Z,3.466300,3.478200,3.452400,3.460400,419521
2024-02-28T03:00:00Z,3.460400,3.466600,3.442300,3.448100,597117
2024-02-28T04:00:00Z,3.447500,3.476200,3.440000,3.476200,468317
2024-02-28T05:00:00Z,3.476200,3.477600,3.464300,3.472200,317378
2024-02-28T06:00:00Z,3.472200,3.475800,3.449400,3.455700,584502
2024-02-28T07:00:00Z,3.455700,3.532900,3.452500,3.523900,948152
2024-02-28T08:00:00Z,3.524900,3.537700,3.475200,3.490900,1683504
2024-02-28T09:00:00Z,3.490900,3.528900,3.442200,3.521100,1533674
2024-02-28T10:00:00Z,3.521100,3.531900,3.360700,3.401200,4762606
2024-02-28T11:00:00Z,3.401100,3.444000,3.341700,3.375300,3218371
2024-02-28T12:00:00Z,3.375300,3.401200,3.354400,3.376600,1083057
2024-02-28T13:00:00Z,3.376200,3.429400,3.365800,3.426000,2039908
2024-02-28T14:00:00Z,3.426100,3.438300,3.378300,3.410600,2006992
2024-02-28T15:00:00Z,3.410600,3.435000,3.389200,3.406300,1428254
2024-02-28T16:00:00Z,3.406900,3.496000,3.403600,3.492700,2431473
2024-02-28T17:00:00Z,3.492700,3.509000,3.061100,3.346700,9764291
2024-02-28T18:00:00Z,3.347200,3.362600,3.200200,3.316100,4409035
2024-02-28T19:00:00Z,3.316000,3.328400,3.253400,3.275000,1802356
2024-02-28T20:00:00Z,3.275000,3.322500,3.244200,3.319000,964750
2024-02-28T21:00:00Z,3.318700,3.388700,3.304400,3.388300,1422707
2024-02-28T22:00:00Z,3.388000,3.462000,3.386700,3.433000,1488753
2024-02-28T23:00:00Z,3.433200,3.461300,3.405000,3.418200,999993
2024-02-29T00:00:00Z,3.418300,3.530800,3.416300,3.529800,1861670
2024-02-29T01:00:00Z,3.529500,3.594300,3.487000,3.576600,1893780
2024-02-29T02:00:00Z,3.576500,3.577500,3.505100,3.518400,1310780
2024-02-29T03:00:00Z,3.518100,3.543300,3.500800,3.517800,675125
2024-02-29T04:00:00Z,3.517500,3.531000,3.484100,3.509300,946949
2024-02-29T05:00:00Z,3.509500,3.540800,3.502900,3.506600,856535
2024-02-29T06:00:00Z,3.506600,3.513000,3.455900,3.495300,1521505
2024-02-29T07:00:00Z,3.495400,3.530400,3.476200,3.527800,836811
2024-02-29T08:00:00Z,3.528000,3.611000,3.513300,3.606000,2093302
2024-02-29T09:00:00Z,3.606600,3.640400,3.570000,3.580900,1648298
2024-02-29T10:00:00Z,3.580800,3.602600,3.551200,3.590700,1098648
2024-02-29T11:00:00Z,3.590600,3.619900,3.556400,3.574300,1385850
2024-02-29T12:00:00Z,3.574200,3.600000,3.529900,3.569700,2127527
2024-02-29T13:00:00Z,3.569300,3.653400,3.561400,3.624500,2408653
2024-02-29T14:00:00Z,3.624400,3.654200,3.570000,3.588500,1577199
2024-02-29T15:00:00Z,3.588500,3.622400,3.557300,3.565000,966317
2024-02-29T16:00:00Z,3.565100,3.568500,3.432700,3.471000,4142441
2024-02-29T17:00:00Z,3.471200,3.478400,3.372700,3.409400,2510999
2024-02-29T18:00:00Z,3.409600,3.446300,3.395300,3.413800,1400925
2024-02-29T19:00:00Z,3.413200,3.457700,3.397100,3.457000,813334
2024-02-29T20:00:00Z,3.457300,3.459900,3.428800,3.428800,526520
2024-02-29T21:00:00Z,3.428700,3.432400,3.347400,3.391600,2435610
2024-02-29T22:00:00Z,3.391900,3.396900,3.282700,3.326000,2248789
2024-02-29T23:00:00Z,3.326300,3.377500,3.324500,3.365400,563883
2024-03-01T00:00:00Z,3.365800,3.403300,3.353200,3.391700,1299514
2024-03-01T01:00:00Z,3.391600,3.436900,3.376500,3.430200,803651
2024-03-01T02:00:00Z,3.430100,3.440000,3.403400,3.436000,518775
2024-03-01T03:00:00Z,3.435200,3.449100,3.397500,3.418000,407488
2024-03-01T04:00:00Z,3.417800,3.444200,3.412800,3.431900,343873
2024-03-01T05:00:00Z,3.431400,3.448100,3.410300,3.411500,455821
2024-03-01T06:00:00Z,3.411500,3.449800,3.398800,3.426300,1067051
2024-03-01T07:00:00Z,3.426400,3.436100,3.390500,3.398400,688946
2024-03-01T08:00:00Z,3.398600,3.453000,3.390300,3.435200,967274
2024-03-01T09:00:00Z,3.435200,3.454100,3.430400,3.439200,667555
2024-03-01T10:00:00Z,3.439200,3.440500,3.412600,3.413900,490554
2024-03-01T11:00:00Z,3.413900,3.425000,3.390100,3.401700,486775
2024-03-01T12:00:00Z,3.402000,3.422900,3.394400,3.407000,622187
2024-03-01T13:00:00Z,3.407100,3.438400,3.398200,3.425100,769652
2024-03-01T14:00:00Z,3.425000,3.428400,3.360300,3.386700,1170751
2024-03-01T15:00:00Z,3.387100,3.394900,3.332500,3.346400,1453601
2024-03-01T16:00:00Z,3.346500,3.356600,3.324300,3.330800,910488
2024-03-01T17:00:00Z,3.330800,3.386700,3.330800,3.379200,712402
2024-03-01T18:00:00Z,3.379100,3.381400,3.322000,3.337000,1164079
2024-03-01T19:00:00Z,3.337000,3.339900,3.298000,3.300000,1076290
2024-03-01T20:00:00Z,3.300200,3.352700,3.289000,3.337500,1488952
2024-03-01T21:00:00Z,3.337600,3.347500,3.316200,3.330700,751244
2024-03-01T22:00:00Z,3.330400,3.352700,3.317700,3.348500,676559
2024-03-01T23:00:00Z,3.348500,3.380000,3.338900,3.355500,858996
2024-03-02T00:00:00Z,3.355200,3.394800,3.350400,3.385700,1210302
2024-03-02T01:00:00Z,3.385100,3.387500,3.322200,3.377600,989516
2024-03-02T02:00:00Z,3.377600,3.381900,3.353300,3.375300,638250
2024-03-02T03:00:00Z,3.375000,3.429000,3.357900,3.425100,817526
2024-03-02T04:00:00Z,3.424900,3.440100,3.392400,3.409300,1549111
2024-03-02T05:00:00Z,3.408700,3.426300,3.361400,3.398100,1409308
2024-03-02T06:00:00Z,3.397900,3.417400,3.386200,3.398900,752431
2024-03-02T07:00:00Z,3.398300,3.412300,3.386200,3.404400,548799
2024-03-02T08:00:00Z,3.404500,3.409000,3.341700,3.371200,1623503
2024-03-02T09:00:00Z,3.371200,3.419700,3.325800,3.340700,2129545
2024-03-02T10:00:00Z,3.340800,3.364000,3.335200,3.351600,511776
2024-03-02T11:00:00Z,3.351600,3.378600,3.345300,3.355300,522408
2024-03-02T12:00:00Z,3.355700,3.397900,3.351600,3.391300,609631
2024-03-02T13:00:00Z,3.391400,3.403100,3.372000,3.377400,488985
2024-03-02T14:00:00Z,3.377500,3.384000,3.335200,3.373900,1236768
2024-03-02T15:00:00Z,3.374000,3.391500,3.355100,3.368700,620284
2024-03-02T16:00:00Z,3.368800,3.407800,3.346800,3.372200,1397596
2024-03-02T17:00:00Z,3.372000,3.395000,3.363400,3.372800,572088
2024-03-02T18:00:00Z,3.373200,3.387000,3.368600,3.383000,363696
2024-03-02T19:00:00Z,3.383000,3.395800,3.368700,3.374800,644002
2024-03-02T20:00:00Z,3.375100,3.422700,3.364000,3.375300,1431966
2024-03-02T21:00:00Z,3.375900,3.393400,3.375900,3.393200,351961
2024-03-02T22:00:00Z,3.393200,3.412100,3.381900,3.397300,389244
2024-03-02T23:00:00Z,3.397400,3.446600,3.397400,3.444900,770254
2024-03-03T00:00:00Z,3.444800,3.525600,3.425800,3.524600,2030190
2024-03-03T01:00:00Z,3.523100,3.534900,3.483600,3.499800,1722585
2024-03-03T02:00:00Z,3.499700,3.513300,3.440100,3.461200,1385526
2024-03-03T03:00:00Z,3.461700,3.491600,3.453500,3.479400,1079467
2024-03-03T04:00:00Z,3.479400,3.510000,3.478000,3.505400,688604
2024-03-03T05:00:00Z,3.505700,3.526900,3.440000,3.449100,3260033
2024-03-03T06:00:00Z,3.448600,3.453500,3.385200,3.403000,2560299
2024-03-03T07:00:00Z,3.403600,3.418900,3.158200,3.319800,6199801
2024-03-03T08:00:00Z,3.319800,3.339900,3.284100,3.328000,2456117
2024-03-03T09:00:00Z,3.327700,3.348000,3.319000,3.335500,988512
2024-03-03T10:00:00Z,3.335400,3.342700,3.308900,3.329700,838457
2024-03-03T11:00:00Z,3.329100,3.338700,3.306900,3.335100,603024
2024-03-03T12:00:00Z,3.335000,3.352800,3.316900,3.323600,1174699
2024-03-03T13:00:00Z,3.323700,3.334900,3.308800,3.321800,605906
2024-03-03T14:00:00Z,3.322100,3.342600,3.313600,3.322300,613718
2024-03-03T15:00:00Z,3.322300,3.349000,3.322300,3.340300,505677
2024-03-03T16:00:00Z,3.340000,3.386400,3.326400,3.384300,992168
2024-03-03T17:00:00Z,3.384500,3.386500,3.352600,3.359600,631757
2024-03-03T18:00:00Z,3.359700,3.369100,3.335400,3.337200,441721
2024-03-03T19:00:00Z,3.337200,3.348300,3.327200,3.335100,319413
2024-03-03T20:00:00Z,3.335000,3.345000,3.318400,3.328700,311128
2024-03-03T21:00:00Z,3.328500,3.349400,3.327000,3.333000,349734
2024-03-03T22:00:00Z,3.333300,3.361200,3.325200,3.346200,563929
2024-03-03T23:00:00Z,3.346400,3.348200,3.318400,3.321800,440182
2024-03-04T00:00:00Z,3.321800,3.407800,3.315600,3.378400,2413384
2024-03-04T01:00:00Z,3.378600,3.391300,3.324100,3.330000,982803
2024-03-04T02:00:00Z,3.329900,3.351500,3.307000,3.348000,762654
2024-03-04T03:00:00Z,3.348000,3.349100,3.307700,3.316600,498156
2024-03-04T04:00:00Z,3.316400,3.355000,3.305900,3.350800,512143
2024-03-04T05:00:00Z,3.351000,3.357700,3.316900,3.330400,615630
2024-03-04T06:00:00Z,3.330400,3.340000,3.318000,3.335500,403767
2024-03-04T07:00:00Z,3.335500,3.368700,3.325500,3.357600,736051
2024-03-04T08:00:00Z,3.357400,3.410000,3.356100,3.376700,1689894
2024-03-04T09:00:00Z,3.376700,3.379400,3.347200,3.366200,1016153
2024-03-04T10:00:00Z,3.366200,3.366200,3.280300,3.296600,1562825
2024-03-04T11:00:00Z,3.297300,3.317900,3.293700,3.305400,617466
2024-03-04T12:00:00Z,3.304600,3.336300,3.297300,3.317000,879757
2024-03-04T13:00:00Z,3.317100,3.317200,3.251900,3.260400,1191830
2024-03-04T14:00:00Z,3.260900,3.290500,3.231300,3.252700,2002263
2024-03-04T15:00:00Z,3.252700,3.296400,3.239500,3.285600,1210803
2024-03-04T16:00:00Z,3.285600,3.302700,3.226200,3.230000,1268174
2024-03-04T17:00:00Z,3.230300,3.249000,3.161000,3.164500,2723656
2024-03-04T18:00:00Z,3.164500,3.271100,3.161700,3.268500,2020521
2024-03-04T19:00:00Z,3.267800,3.295000,3.235000,3.268100,1475445
2024-03-04T20:00:00Z,3.268300,3.288600,3.246700,3.256100,1034101
2024-03-04T21:00:00Z,3.255700,3.277800,3.231400,3.277800,722690
2024-03-04T22:00:00Z,3.277900,3.295900,3.256500,3.282200,522050
2024-03-04T23:00:00Z,3.282000,3.299000,3.260500,3.286700,729332
2024-03-05T00:00:00Z,3.286800,3.297300,3.260000,3.272000,645634
2024-03-05T01:00:00Z,3.272000,3.305700,3.261700,3.288700,635430
2024-03-05T02:00:00Z,3.289100,3.291900,3.225200,3.241500,1113891
2024-03-05T03:00:00Z,3.241500,3.323800,3.224400,3.309500,1021574
2024-03-05T04:00:00Z,3.308800,3.516000,3.305200,3.430100,11257044
2024-03-05T05:00:00Z,3.429500,3.509800,3.341000,3.488300,5664293
2024-03-05T06:00:00Z,3.488300,3.498400,3.387900,3.431800,2701802
2024-03-05T07:00:00Z,3.432100,3.449200,3.382300,3.388500,1947831
2024-03-05T08:00:00Z,3.388100,3.429400,3.360000,3.425800,1923486
2024-03-05T09:00:00Z,3.425500,3.455500,3.407400,3.453500,1441014
2024-03-05T10:00:00Z,3.453900,3.478900,3.434600,3.454300,1531230
2024-03-05T11:00:00Z,3.454300,3.477700,3.442300,3.443100,903961
2024-03-05T12:00:00Z,3.443200,3.478200,3.415700,3.421200,1642299
2024-03-05T13:00:00Z,3.421200,3.450200,3.387200,3.408700,2048802
2024-03-05T14:00:00Z,3.408700,3.418000,3.371200,3.395600,1923277
2024-03-05T15:00:00Z,3.395400,3.455300,3.321500,3.407400,5171697
2024-03-05T16:00:00Z,3.407600,3.430800,3.234600,3.347400,8035693
2024-03-05T17:00:00Z,3.347300,3.369900,3.240000,3.369600,4317594
2024-03-05T18:00:00Z,3.369600,3.369600,3.277400,3.280300,1981650
2024-03-05T19:00:00Z,3.280000,3.299200,2.610000,2.915800,10934703
2024-03-05T20:00:00Z,2.916000,3.011600,2.887900,2.946900,8844804
2024-03-05T21:00:00Z,2.946400,3.090300,2.942700,3.070700,3248123
2024-03-05T22:00:00Z,3.070800,3.081700,3.012600,3.071900,1236662
2024-03-05T23:00:00Z,3.072200,3.131000,3.061800,3.113200,1359424
2024-03-06T00:00:00Z,3.112800,3.149000,3.105600,3.116200,1312679
2024-03-06T01:00:00Z,3.116300,3.138600,3.067600,3.074300,878977
2024-03-06T02:00:00Z,3.074500,3.089500,3.002400,3.003800,1587974
2024-03-06T03:00:00Z,3.003800,3.068900,3.002900,3.062100,702300
2024-03-06T04:00:00Z,3.062000,3.139600,3.052700,3.138300,1003350
2024-03-06T05:00:00Z,3.138200,3.238000,3.123100,3.229400,2488790
2024-03-06T06:00:00Z,3.229400,3.252600,3.214400,3.245700,1470630
2024-03-06T07:00:00Z,3.245700,3.289500,3.223200,3.285900,1151051
2024-03-06T08:00:00Z,3.286300,3.373500,3.281000,3.339800,2121853
2024-03-06T09:00:00Z,3.339600,3.358700,3.273900,3.282200,1625609
2024-03-06T10:00:00Z,3.282200,3.317500,3.276100,3.291600,984781
2024-03-06T11:00:00Z,3.292000,3.314600,3.254400,3.259700,1468939
2024-03-06T12:00:00Z,3.260200,3.303100,3.187100,3.234100,3315865
2024-03-06T13:00:00Z,3.234400,3.305000,3.191400,3.299200,2370751
2024-03-06T14:00:00Z,3.299100,3.325800,3.257300,3.293000,1649991
2024-03-06T15:00:00Z,3.292900,3.320000,3.231800,3.308200,1877744
2024-03-06T16:00:00Z,3.308800,3.350000,3.291300,3.327400,1743247
2024-03-06T17:00:00Z,3.327300,3.366600,3.298500,3.366300,1105329
2024-03-06T18:00:00Z,3.366100,3.385900,3.342600,3.375900,1179447
2024-03-06T19:00:00Z,3.375000,3.384100,3.342000,3.356600,939199
2024-03-06T20:00:00Z,3.356700,3.383100,3.343600,3.371700,964606
2024-03-06T21:00:00Z,3.371900,3.402300,3.366000,3.399800,776797
2024-03-06T22:00:00Z,3.399700,3.421400,3.372200,3.390900,853549
2024-03-06T23:00:00Z,3.390600,3.416600,3.380900,3.404700,521878
2024-03-07T00:00:00Z,3.404800,3.435600,3.385400,3.427800,896854
2024-03-07T01:00:00Z,3.428200,3.434400,3.374600,3.433700,1049212
2024-03-07T02:00:00Z,3.433500,3.435000,3.373000,3.380000,867835
2024-03-07T03:00:00Z,3.379900,3.380100,3.328600,3.345200,1261457
2024-03-07T04:00:00Z,3.344800,3.405000,3.334500,3.367400,975465
2024-03-07T05:00:00Z,3.367200,3.386600,3.303900,3.315800,1093229
2024-03-07T06:00:00Z,3.316100,3.366400,3.305700,3.347400,760115
2024-03-07T07:00:00Z,3.347300,3.367000,3.333200,3.343500,562681
2024-03-07T08:00:00Z,3.343700,3.363700,3.317200,3.323700,1119175
2024-03-07T09:00:00Z,3.323800,3.351100,3.318100,3.336300,733627
2024-03-07T10:00:00Z,3.336400,3.349700,3.302000,3.317900,814032
2024-03-07T11:00:00Z,3.317500,3.333400,3.292000,3.308300,820207
2024-03-07T12:00:00Z,3.308300,3.315800,3.285800,3.309100,706104
2024-03-07T13:00:00Z,3.308900,3.367900,3.296800,3.355900,1514277
2024-03-07T14:00:00Z,3.355900,3.429800,3.335500,3.422200,3394408
2024-03-07T15:00:00Z,3.421800,3.498200,3.357400,3.484200,3187410
2024-03-07T16:00:00Z,3.484800,3.497100,3.442200,3.459900,1335398
2024-03-07T17:00:00Z,3.460000,3.479000,3.449500,3.458400,685597
2024-03-07T18:00:00Z,3.458200,3.472100,3.441400,3.456200,557468
2024-03-07T19:00:00Z,3.456000,3.458700,3.426800,3.452400,739782
2024-03-07T20:00:00Z,3.453100,3.529400,3.434600,3.522800,1772463
2024-03-07T21:00:00Z,3.522600,3.530000,3.440600,3.467500,1376065
2024-03-07T22:00:00Z,3.467000,3.483200,3.440400,3.455400,665452
2024-03-07T23:00:00Z,3.455300,3.489200,3.453300,3.460600,552839
2024-03-08T00:00:00Z,3.460900,3.505800,3.460800,3.503900,604222
2024-03-08T01:00:00Z,3.503700,3.518800,3.448800,3.451100,1117788
2024-03-08T02:00:00Z,3.451100,3.466200,3.413200,3.416100,1009377
2024-03-08T03:00:00Z,3.416000,3.422700,3.396800,3.407700,689488
2024-03-08T04:00:00Z,3.407800,3.425400,3.382900,3.396300,541124
2024-03-08T05:00:00Z,3.396300,3.402200,3.373100,3.385400,584228
2024-03-08T06:00:00Z,3.385400,3.408600,3.372500,3.407900,439581
2024-03-08T07:00:00Z,3.407400,3.427400,3.389700,3.394300,811754
2024-03-08T08:00:00Z,3.394900,3.493800,3.390700,3.493800,1401224
2024-03-08T09:00:00Z,3.493500,3.545000,3.468200,3.509300,1766757
2024-03-08T10:00:00Z,3.509200,3.597200,3.507000,3.533000,2326130
2024-03-08T11:00:00Z,3.532400,3.534300,3.481100,3.502000,1596478
2024-03-08T12:00:00Z,3.501900,3.509500,3.475500,3.476900,783196
2024-03-08T13:00:00Z,3.476900,3.501100,3.426400,3.447600,1506604
2024-03-08T14:00:00Z,3.447500,3.459400,3.420200,3.442400,1407337
2024-03-08T15:00:00Z,3.442200,3.449600,3.290300,3.361600,5245573
2024-03-08T16:00:00Z,3.361700,3.462800,3.301500,3.457600,3710650
2024-03-08T17:00:00Z,3.458000,3.478000,3.424000,3.432900,1415733
2024-03-08T18:00:00Z,3.432800,3.437300,3.397000,3.404700,724346
2024-03-08T19:00:00Z,3.404600,3.414400,3.380600,3.400300,629321
2024-03-08T20:00:00Z,3.400600,3.421600,3.398300,3.412300,735798
2024-03-08T21:00:00Z,3.412400,3.420100,3.393300,3.405600,602169
2024-03-08T22:00:00Z,3.405600,3.432300,3.400700,3.412400,453255
2024-03-08T23:00:00Z,3.413400,3.429800,3.406000,3.416500,384335
2024-03-09T00:00:00Z,3.416600,3.434500,3.410000,3.428500,401484
2024-03-09T01:00:00Z,3.428600,3.429300,3.391800,3.417000,408841
2024-03-09T02:00:00Z,3.417000,3.448000,3.407200,3.429700,776629
2024-03-09T03:00:00Z,3.429900,3.432900,3.415200,3.428500,315892
2024-03-09T04:00:00Z,3.428400,3.443600,3.420000,3.434300,309458
2024-03-09T05:00:00Z,3.434000,3.436000,3.398500,3.414000,534426
2024-03-09T06:00:00Z,3.413900,3.432900,3.412000,3.422700,453845
2024-03-09T07:00:00Z,3.422700,3.437800,3.422100,3.427600,342524
2024-03-09T08:00:00Z,3.427700,3.441900,3.399500,3.422300,1047611
2024-03-09T09:00:00Z,3.422300,3.448800,3.413700,3.421100,1074342
2024-03-09T10:00:00Z,3.421100,3.422800,3.365100,3.411900,1038600
2024-03-09T11:00:00Z,3.412000,3.424800,3.394400,3.399800,559750
2024-03-09T12:00:00Z,3.399900,3.434600,3.387200,3.422200,993613
2024-03-09T13:00:00Z,3.420900,3.431900,3.407000,3.418800,404971
2024-03-09T14:00:00Z,3.418900,3.446500,3.412500,3.429900,857485
2024-03-09T15:00:00Z,3.429300,3.461000,3.423000,3.445000,1179808
2024-03-09T16:00:00Z,3.445100,3.451100,3.386900,3.396700,1604763
2024-03-09T17:00:00Z,3.396700,3.402900,3.368400,3.383700,754290
2024-03-09T18:00:00Z,3.383700,3.384200,3.350000,3.366000,815177
2024-03-09T19:00:00Z,3.366000,3.374700,3.352500,3.355700,382547
2024-03-09T20:00:00Z,3.355900,3.379600,3.346100,3.377700,490252
2024-03-09T21:00:00Z,3.377800,3.379400,3.356500,3.375200,216105
2024-03-09T22:00:00Z,3.374900,3.378500,3.360100,3.369100,238105
2024-03-09T23:00:00Z,3.369100,3.376600,3.351600,3.364500,364557
2024-03-10T00:00:00Z,3.364500,3.398700,3.355900,3.386400,837395
2024-03-10T01:00:00Z,3.386600,3.400700,3.370400,3.394300,519387
2024-03-10T02:00:00Z,3.394200,3.396400,3.368500,3.371600,394217
2024-03-10T03:00:00Z,3.371500,3.396300,3.368000,3.391300,429748
2024-03-10T04:00:00Z,3.391300,3.401800,3.377100,3.390000,426900
2024-03-10T05:00:00Z,3.390700,3.402600,3.380100,3.382500,477351
2024-03-10T06:00:00Z,3.382400,3.393100,3.375400,3.387400,343218
2024-03-10T07:00:00Z,3.387200,3.411500,3.381400,3.411000,485128
2024-03-10T08:00:00Z,3.411200,3.422700,3.401600,3.414200,707758
2024-03-10T09:00:00Z,3.414700,3.414800,3.341000,3.343900,1538825
2024-03-10T10:00:00Z,3.345200,3.367300,3.345200,3.358600,586212
2024-03-10T11:00:00Z,3.358700,3.360000,3.323100,3.332700,941570
2024-03-10T12:00:00Z,3.332700,3.340500,3.284400,3.319200,1356059
2024-03-10T13:00:00Z,3.318700,3.340100,3.266000,3.288400,970906
2024-03-10T14:00:00Z,3.288200,3.301700,3.230000,3.283200,1367569
2024-03-10T15:00:00Z,3.283300,3.289300,3.255700,3.263200,628852
2024-03-10T16:00:00Z,3.263400,3.310300,3.260700,3.289200,828001
2024-03-10T17:00:00Z,3.289600,3.294600,3.265800,3.266400,435215
2024-03-10T18:00:00Z,3.266400,3.273900,3.253600,3.253800,449286
2024-03-10T19:00:00Z,3.253700,3.271800,3.250900,3.270200,280982
2024-03-10T20:00:00Z,3.270100,3.279100,3.253800,3.271000,399100
2024-03-10T21:00:00Z,3.271100,3.276900,3.253400,3.266300,438362
2024-03-10T22:00:00Z,3.266700,3.272200,3.182600,3.217500,1604670
2024-03-10T23:00:00Z,3.217500,3.288200,3.217500,3.287400,629734
2024-03-11T00:00:00Z,3.286900,3.295400,3.151900,3.222800,1837991
2024-03-11T01:00:00Z,3.223100,3.257900,3.174800,3.218800,1686136
2024-03-11T02:00:00Z,3.219400,3.243600,3.205300,3.239900,731889
2024-03-11T03:00:00Z,3.239800,3.273600,3.234000,3.269000,504206
2024-03-11T04:00:00Z,3.269100,3.294500,3.260900,3.270200,701974
2024-03-11T05:00:00Z,3.270200,3.299000,3.267300,3.286400,423698
2024-03-11T06:00:00Z,3.285900,3.332600,3.270100,3.332600,614324
2024-03-11T07:00:00Z,3.332700,3.404500,3.330200,3.393100,2875448
2024-03-11T08:00:00Z,3.393700,3.431200,3.381100,3.430500,1392360
2024-03-11T09:00:00Z,3.430500,3.434200,3.383700,3.393800,1275646
2024-03-11T10:00:00Z,3.393600,3.409600,3.378400,3.383400,885026
2024-03-11T11:00:00Z,3.383000,3.393900,3.342000,3.357400,1069007
2024-03-11T12:00:00Z,3.357600,3.372600,3.346000,3.357700,819751
2024-03-11T13:00:00Z,3.358400,3.363700,3.291900,3.304300,1451713
2024-03-11T14:00:00Z,3.304600,3.336600,3.301200,3.318900,1011821
2024-03-11T15:00:00Z,3.319200,3.333200,3.285100,3.286000,1343495
2024-03-11T16:00:00Z,3.286000,3.335500,3.257000,3.310900,2136170
2024-03-11T17:00:00Z,3.309800,3.334700,3.302500,3.322400,651391
2024-03-11T18:00:00Z,3.322400,3.379200,3.315800,3.341500,1015617
2024-03-11T19:00:00Z,3.341500,3.346100,3.320100,3.337000,664318
2024-03-11T20:00:00Z,3.336700,3.371300,3.329800,3.369000,824872
2024-03-11T21:00:00Z,3.369200,3.379300,3.354300,3.371400,670851
2024-03-11T22:00:00Z,3.371400,3.374400,3.355800,3.371500,473953
2024-03-11T23:00:00Z,3.371900,3.391400,3.370400,3.377200,489654
2024-03-12T00:00:00Z,3.377400,3.402600,3.376000,3.381800,699458
2024-03-12T01:00:00Z,3.381000,3.407000,3.372800,3.388100,551184
2024-03-12T02:00:00Z,3.388200,3.404500,3.374600,3.404100,545188
2024-03-12T03:00:00Z,3.404200,3.404500,3.341300,3.354600,1661086
2024-03-12T04:00:00Z,3.355200,3.381200,3.331700,3.354500,1496475
2024-03-12T05:00:00Z,3.354400,3.403300,3.351900,3.394800,1101666
2024-03-12T06:00:00Z,3.395800,3.398300,3.300000,3.350900,1752036
2024-03-12T07:00:00Z,3.350900,3.390300,3.323900,3.332500,1512501
2024-03-12T08:00:00Z,3.333000,3.347300,3.230400,3.253700,2490112
2024-03-12T09:00:00Z,3.253600,3.302100,3.245100,3.292100,815045
2024-03-12T10:00:00Z,3.292100,3.293900,3.265300,3.289600,585896
2024-03-12T11:00:00Z,3.289700,3.308100,3.271800,3.272400,716003
2024-03-12T12:00:00Z,3.272100,3.281100,3.200000,3.254500,2440123
2024-03-12T13:00:00Z,3.254300,3.287300,3.243200,3.266600,903770
2024-03-12T14:00:00Z,3.266600,3.287700,3.213000,3.224500,1749071
2024-03-12T15:00:00Z,3.224700,3.291300,3.200000,3.286800,1225193
2024-03-12T16:00:00Z,3.286700,3.298400,3.200100,3.212600,2084222
2024-03-12T17:00:00Z,3.213300,3.237700,3.097800,3.236800,4362972
2024-03-12T18:00:00Z,3.236700,3.267700,3.221300,3.255400,1263010
2024-03-12T19:00:00Z,3.256000,3.274200,3.245100,3.271100,819589
2024-03-12T20:00:00Z,3.271000,3.274400,3.222200,3.243800,680440
2024-03-12T21:00:00Z,3.243600,3.263500,3.225600,3.253900,383767
2024-03-12T22:00:00Z,3.254000,3.267700,3.242600,3.267700,388312
2024-03-12T23:00:00Z,3.267100,3.318700,3.252800,3.317800,722776
2024-03-13T00:00:00Z,3.317800,3.384400,3.311500,3.380500,1822800
2024-03-13T01:00:00Z,3.380600,3.438800,3.377000,3.404600,1588839
2024-03-13T02:00:00Z,3.404000,3.432700,3.385600,3.410700,977907
2024-03-13T03:00:00Z,3.410700,3.417500,3.385500,3.390000,808910
2024-03-13T04:00:00Z,3.390000,3.418600,3.359900,3.417400,1294704
2024-03-13T05:00:00Z,3.417400,3.473900,3.402000,3.473800,1220677
2024-03-13T06:00:00Z,3.473800,3.647600,3.451900,3.597000,5586001
2024-03-13T07:00:00Z,3.597100,3.616800,3.521400,3.533600,3317108
2024-03-13T08:00:00Z,3.533900,3.600800,3.525100,3.540000,2025470
2024-03-13T09:00:00Z,3.539700,3.546300,3.500100,3.504800,1151074
2024-03-13T10:00:00Z,3.504700,3.534100,3.484100,3.533100,1041698
2024-03-13T11:00:00Z,3.531900,3.553000,3.513600,3.544700,1234561
2024-03-13T12:00:00Z,3.544800,3.579100,3.479800,3.506000,1994140
2024-03-13T13:00:00Z,3.505800,3.529100,3.425200,3.460700,1917363
2024-03-13T14:00:00Z,3.460500,3.555800,3.383200,3.399000,3866611
2024-03-13T15:00:00Z,3.398800,3.450100,3.384100,3.410700,1382132
2024-03-13T16:00:00Z,3.410700,3.442800,3.394400,3.412900,969520
2024-03-13T17:00:00Z,3.413100,3.441100,3.387600,3.395100,784961
2024-03-13T18:00:00Z,3.395100,3.420600,3.383500,3.397400,659994
2024-03-13T19:00:00Z,3.397100,3.400700,3.383500,3.397200,469261
2024-03-13T20:00:00Z,3.397700,3.416000,3.373000,3.388300,722959
2024-03-13T21:00:00Z,3.388100,3.420900,3.383100,3.420900,395014
2024-03-13T22:00:00Z,3.420900,3.431500,3.402700,3.404900,541146
2024-03-13T23:00:00Z,3.405100,3.443100,3.405100,3.434800,605024
2024-03-14T00:00:00Z,3.434800,3.444100,3.400400,3.403600,785945
2024-03-14T01:00:00Z,3.402900,3.430200,3.393100,3.427000,634355
2024-03-14T02:00:00Z,3.426700,3.431200,3.388500,3.390600,729036
2024-03-14T03:00:00Z,3.390600,3.399000,3.363400,3.370400,918227
2024-03-14T04:00:00Z,3.370900,3.371100,3.305700,3.315800,1427473
2024-03-14T05:00:00Z,3.315600,3.334700,3.303600,3.321200,680884
2024-03-14T06:00:00Z,3.320900,3.342300,3.305200,3.323600,742597
2024-03-14T07:00:00Z,3.323300,3.328700,3.290700,3.308200,843951
2024-03-14T08:00:00Z,3.308800,3.334100,3.306400,3.328000,523284
2024-03-14T09:00:00Z,3.327800,3.375600,3.323900,3.371500,939883
2024-03-14T10:00:00Z,3.371100,3.376700,3.326800,3.333700,747340
2024-03-14T11:00:00Z,3.334000,3.343500,3.285300,3.324900,1092404
2024-03-14T12:00:00Z,3.325100,3.338500,3.271700,3.292300,1547404
2024-03-14T13:00:00Z,3.292600,3.301100,3.183100,3.221200,2956172
2024-03-14T14:00:00Z,3.221000,3.258600,3.196100,3.217400,2484615
2024-03-14T15:00:00Z,3.217700,3.232000,3.149100,3.158400,2261709
2024-03-14T16:00:00Z,3.158300,3.215000,3.133500,3.211600,2178900
2024-03-14T17:00:00Z,3.211400,3.212400,3.166500,3.197900,864905
2024-03-14T18:00:00Z,3.198300,3.199500,3.102000,3.138600,2201945
2024-03-14T19:00:00Z,3.139300,3.154200,3.042300,3.108000,3154060
2024-03-14T20:00:00Z,3.108500,3.172300,3.102800,3.157400,1440052
2024-03-14T21:00:00Z,3.157800,3.169700,3.131000,3.166300,694449
2024-03-14T22:00:00Z,3.167200,3.196800,3.163900,3.192200,721555
2024-03-14T23:00:00Z,3.192100,3.203000,3.186500,3.190100,532551
2024-03-15T00:00:00Z,3.190000,3.221400,3.176100,3.198800,786413
2024-03-15T01:00:00Z,3.198900,3.199700,3.162500,3.169300,538584
2024-03-15T02:00:00Z,3.169300,3.171500,3.015000,3.058500,3022723
2024-03-15T03:00:00Z,3.059100,3.077200,2.900000,3.026600,4895926
2024-03-15T04:00:00Z,3.027100,3.040000,2.958200,2.976000,1938523
2024-03-15T05:00:00Z,2.976000,3.019200,2.961200,2.972500,1206939
2024-03-15T06:00:00Z,2.972600,3.039700,2.972300,3.029200,1348705
2024-03-15T07:00:00Z,3.028900,3.041400,3.003500,3.014200,742531
2024-03-15T08:00:00Z,3.014300,3.017800,2.880800,2.884800,2253688
2024-03-15T09:00:00Z,2.885200,2.970400,2.810000,2.967000,4812919
2024-03-15T10:00:00Z,2.966900,2.979100,2.936000,2.951100,1340572
2024-03-15T11:00:00Z,2.951100,2.957600,2.877600,2.942700,2038952
2024-03-15T12:00:00Z,2.942600,2.949500,2.892200,2.909400,1519185
2024-03-15T13:00:00Z,2.909500,2.949300,2.878200,2.943900,1175677
2024-03-15T14:00:00Z,2.944400,2.951500,2.903600,2.942700,1026674
2024-03-15T15:00:00Z,2.942700,2.955900,2.911400,2.916700,781142
2024-03-15T16:00:00Z,2.916700,2.940000,2.887600,2.901100,1426576
2024-03-15T17:00:00Z,2.900500,2.925400,2.879800,2.914800,609311
2024-03-15T18:00:00Z,2.914100,3.004000,2.913300,3.000700,1196846
2024-03-15T19:00:00Z,3.000800,3.010100,2.895000,2.912000,1517888
2024-03-15T20:00:00Z,2.912200,2.915600,2.845500,2.862400,1656215
2024-03-15T21:00:00Z,2.862600,2.900000,2.857400,2.898200,1009903
2024-03-15T22:00:00Z,2.898400,2.944800,2.882900,2.942800,591843
2024-03-15T23:00:00Z,2.943000,2.962100,2.926700,2.952900,680571
2024-03-16T00:00:00Z,2.952900,2.976600,2.943600,2.956400,756626
2024-03-16T01:00:00Z,2.957000,2.986900,2.945000,2.950600,1243156
2024-03-16T02:00:00Z,2.950700,2.981800,2.942300,2.971000,689948
2024-03-16T03:00:00Z,2.971000,2.994100,2.949200,2.981200,753407
2024-03-16T04:00:00Z,2.980900,2.982800,2.954900,2.962100,665001
2024-03-16T05:00:00Z,2.961800,2.965000,2.910600,2.951800,1003449
2024-03-16T06:00:00Z,2.951600,2.972500,2.928400,2.959100,1114392
2024-03-16T07:00:00Z,2.959200,2.989500,2.944900,2.988100,775080
2024-03-16T08:00:00Z,2.988100,2.988800,2.954100,2.956100,664550
2024-03-16T09:00:00Z,2.955200,2.961700,2.915100,2.920200,1014924
2024-03-16T10:00:00Z,2.920400,2.956800,2.911500,2.916200,2146407
2024-03-16T11:00:00Z,2.916200,2.930100,2.873500,2.906200,1405602
2024-03-16T12:00:00Z,2.905000,2.912100,2.853700,2.861100,1549019
2024-03-16T13:00:00Z,2.861400,2.895000,2.818000,2.818000,1757011
2024-03-16T14:00:00Z,2.818100,2.854600,2.816200,2.851000,1038915
2024-03-16T15:00:00Z,2.851300,2.861700,2.816300,2.855000,1067194
2024-03-16T16:00:00Z,2.855200,2.855700,2.815600,2.826300,767920
2024-03-16T17:00:00Z,2.826400,2.832400,2.750000,2.762200,2159266
2024-03-16T18:00:00Z,2.762500,2.774300,2.660900,2.690800,3249920
2024-03-16T19:00:00Z,2.690800,2.744500,2.689800,2.702100,1609381
2024-03-16T20:00:00Z,2.700600,2.735700,2.665200,2.728400,1228605
2024-03-16T21:00:00Z,2.728500,2.734900,2.659400,2.688300,1177248
2024-03-16T22:00:00Z,2.687800,2.730700,2.670000,2.717100,934685
2024-03-16T23:00:00Z,2.717100,2.731800,2.655100,2.720700,1794335
2024-03-17T00:00:00Z,2.720700,2.758100,2.670200,2.672300,1310325
2024-03-17T01:00:00Z,2.672700,2.729200,2.672000,2.728600,723963
2024-03-17T02:00:00Z,2.728800,2.764600,2.718200,2.751900,621465
2024-03-17T03:00:00Z,2.751600,2.761200,2.732100,2.757600,600275
2024-03-17T04:00:00Z,2.757600,2.759000,2.724000,2.732900,462290
2024-03-17T05:00:00Z,2.732700,2.742300,2.696200,2.708000,498565
2024-03-17T06:00:00Z,2.708100,2.714900,2.626300,2.630200,1468689
2024-03-17T07:00:00Z,2.630300,2.645200,2.560000,2.632000,3286686
2024-03-17T08:00:00Z,2.632400,2.715100,2.621100,2.701900,1152482
2024-03-17T09:00:00Z,2.701900,2.718200,2.684000,2.697000,831789
2024-03-17T10:00:00Z,2.696900,2.732100,2.693700,2.708300,952307
2024-03-17T11:00:00Z,2.708600,2.719600,2.697400,2.702500,697160
2024-03-17T12:00:00Z,2.702000,2.734000,2.648300,2.662700,1732236
2024-03-17T13:00:00Z,2.662800,2.716600,2.662500,2.715000,1065564
2024-03-17T14:00:00Z,2.715400,2.738500,2.695800,2.731400,832078
2024-03-17T15:00:00Z,2.731300,2.755800,2.711300,2.740200,950183
2024-03-17T16:00:00Z,2.740200,2.748200,2.698100,2.711500,1112699
2024-03-17T17:00:00Z,2.711200,2.743600,2.701100,2.739800,1020443
2024-03-17T18:00:00Z,2.740400,2.744400,2.710900,2.719200,784090
2024-03-17T19:00:00Z,2.719000,2.745900,2.713900,2.744600,555734
2024-03-17T20:00:00Z,2.744600,2.745400,2.715200,2.718000,543759
2024-03-17T21:00:00Z,2.718100,2.734500,2.716600,2.732800,464026
2024-03-17T22:00:00Z,2.732800,2.769200,2.727700,2.730700,931358
2024-03-17T23:00:00Z,2.730700,2.736600,2.710400,2.724600,746089
2024-03-18T00:00:00Z,2.724500,2.747400,2.663500,2.665100,1791075
2024-03-18T01:00:00Z,2.664900,2.697400,2.639600,2.686100,1060834
2024-03-18T02:00:00Z,2.685900,2.727600,2.679600,2.705300,545723
2024-03-18T03:00:00Z,2.705400,2.723500,2.700300,2.705400,434638
2024-03-18T04:00:00Z,2.705700,2.719300,2.669000,2.714000,906406
2024-03-18T05:00:00Z,2.714200,2.747100,2.698400,2.737300,935972
2024-03-18T06:00:00Z,2.736900,2.739500,2.705900,2.710700,691273
2024-03-18T07:00:00Z,2.710600,2.718400,2.691600,2.706200,594467
2024-03-18T08:00:00Z,2.706200,2.707400,2.635400,2.663300,1343857
2024-03-18T09:00:00Z,2.663300,2.666100,2.612400,2.620900,1249509
2024-03-18T10:00:00Z,2.620800,2.648200,2.611300,2.648200,1010111
2024-03-18T11:00:00Z,2.647700,2.667100,2.634800,2.638400,845012
2024-03-18T12:00:00Z,2.638300,2.653300,2.576400,2.603600,3920909
2024-03-18T13:00:00Z,2.603100,2.605300,2.533500,2.569400,3260846
2024-03-18T14:00:00Z,2.569000,2.586000,2.512100,2.531600,2444049
2024-03-18T15:00:00Z,2.530500,2.550800,2.497600,2.508300,2511953
2024-03-18T16:00:00Z,2.508700,2.540700,2.473200,2.482300,2419302
2024-03-18T17:00:00Z,2.482400,2.484800,2.438100,2.475700,2432127
2024-03-18T18:00:00Z,2.475600,2.483500,2.443700,2.446900,1038448
2024-03-18T19:00:00Z,2.447300,2.482400,2.432000,2.448600,1282765
2024-03-18T20:00:00Z,2.448600,2.484500,2.448600,2.471200,919963
2024-03-18T21:00:00Z,2.471300,2.711200,2.468800,2.502700,15961179
2024-03-18T22:00:00Z,2.502700,2.512200,2.470000,2.491800,1838527
2024-03-18T23:00:00Z,2.491900,2.526100,2.484700,2.508400,1249905
2024-03-19T00:00:00Z,2.508400,2.555000,2.453700,2.470500,3000970
2024-03-19T01:00:00Z,2.471700,2.474800,2.378800,2.422400,4456005
2024-03-19T02:00:00Z,2.422100,2.492800,2.411500,2.446800,2547061
2024-03-19T03:00:00Z,2.446900,2.466200,2.377300,2.445300,2944118
2024-03-19T04:00:00Z,2.445300,2.463300,2.386200,2.390900,1887582
2024-03-19T05:00:00Z,2.390300,2.415300,2.353500,2.395500,1804361
2024-03-19T06:00:00Z,2.395200,2.398000,2.310000,2.349100,2436967
2024-03-19T07:00:00Z,2.349200,2.373300,2.253000,2.372700,3723016
2024-03-19T08:00:00Z,2.372900,2.373300,2.258300,2.272100,2644638
2024-03-19T09:00:00Z,2.272600,2.349500,2.232900,2.344800,3769286
2024-03-19T10:00:00Z,2.345000,2.345600,2.274800,2.309300,1935833
2024-03-19T11:00:00Z,2.309400,2.368400,2.273500,2.359800,1995729
2024-03-19T12:00:00Z,2.359600,2.416500,2.351900,2.394000,2074729
2024-03-19T13:00:00Z,2.394400,2.404700,2.360900,2.382500,1363659
2024-03-19T14:00:00Z,2.382200,2.398500,2.336100,2.388700,1559538
2024-03-19T15:00:00Z,2.388800,2.458300,2.358500,2.430300,2126452
2024-03-19T16:00:00Z,2.430800,2.444600,2.401800,2.426400,2148708
2024-03-19T17:00:00Z,2.426600,2.441900,2.400000,2.414200,1557943
2024-03-19T18:00:00Z,2.414000,2.417000,2.383300,2.408800,1183963
2024-03-19T19:00:00Z,2.408800,2.439600,2.399000,2.412900,1135776
2024-03-19T20:00:00Z,2.412800,2.419200,2.363500,2.373400,2087264
2024-03-19T21:00:00Z,2.373600,2.385100,2.347200,2.378200,847676
2024-03-19T22:00:00Z,2.378400,2.384900,2.290900,2.311600,2221884
2024-03-19T23:00:00Z,2.311700,2.324600,2.255700,2.310400,1818917
2024-03-20T00:00:00Z,2.310300,2.361800,2.302200,2.359000,1412634
2024-03-20T01:00:00Z,2.358800,2.359600,2.296000,2.318000,1236729
2024-03-20T02:00:00Z,2.318900,2.409100,2.305300,2.390400,2134828
2024-03-20T03:00:00Z,2.390300,2.405700,2.318800,2.326700,1751395
2024-03-20T04:00:00Z,2.326900,2.357000,2.286900,2.314800,2041975
2024-03-20T05:00:00Z,2.313900,2.328000,2.237900,2.286400,2527043
2024-03-20T06:00:00Z,2.286400,2.377900,2.282100,2.364400,1796589
2024-03-20T07:00:00Z,2.364100,2.448300,2.358700,2.432500,2402954
2024-03-20T08:00:00Z,2.432100,2.444900,2.395400,2.396000,1258567
2024-03-20T09:00:00Z,2.396200,2.439100,2.393000,2.416000,1216671
2024-03-20T10:00:00Z,2.416200,2.432400,2.396600,2.404400,1016957
2024-03-20T11:00:00Z,2.404600,2.457900,2.399500,2.436100,1661637
2024-03-20T12:00:00Z,2.436100,2.482000,2.419800,2.464000,2208712
2024-03-20T13:00:00Z,2.463600,2.468800,2.422200,2.432500,1311375
2024-03-20T14:00:00Z,2.432400,2.469600,2.421000,2.463200,1683267
2024-03-20T15:00:00Z,2.462600,2.480000,2.395600,2.410300,3243498
2024-03-20T16:00:00Z,2.411000,2.433900,2.274400,2.340600,9005705
2024-03-20T17:00:00Z,2.340700,2.487000,2.328100,2.433000,4175996
2024-03-20T18:00:00Z,2.433500,2.526000,2.427800,2.522800,2618715
2024-03-20T19:00:00Z,2.522700,2.549700,2.496200,2.537000,3288858
2024-03-20T20:00:00Z,2.536900,2.600000,2.524500,2.577900,3579554
2024-03-20T21:00:00Z,2.577800,2.606400,2.562900,2.606000,1181317
2024-03-20T22:00:00Z,2.606100,2.612800,2.584300,2.603000,1009687
2024-03-20T23:00:00Z,2.602900,2.615700,2.592300,2.607900,897222
2024-03-21T00:00:00Z,2.607900,2.631200,2.583100,2.612200,1051571
2024-03-21T01:00:00Z,2.612000,2.622200,2.600100,2.616800,499858
2024-03-21T02:00:00Z,2.616700,2.653900,2.616600,2.644800,1374614
2024-03-21T03:00:00Z,2.644700,2.673400,2.613300,2.635400,1884388
2024-03-21T04:00:00Z,2.635700,2.647900,2.611600,2.615900,1024137
2024-03-21T05:00:00Z,2.615900,2.616100,2.564700,2.607800,1208543
2024-03-21T06:00:00Z,2.607600,2.623200,2.591300,2.593100,726102
2024-03-21T07:00:00Z,2.593300,2.624400,2.585800,2.612600,663387
2024-03-21T08:00:00Z,2.612600,2.697600,2.607200,2.671400,1989856
2024-03-21T09:00:00Z,2.670700,2.703200,2.640400,2.668000,2377918
2024-03-21T10:00:00Z,2.668300,2.707200,2.667700,2.696900,1682291
2024-03-21T11:00:00Z,2.696600,2.705900,2.664400,2.680300,1234555
2024-03-21T12:00:00Z,2.680100,2.749600,2.680100,2.719900,2522652
2024-03-21T13:00:00Z,2.719600,2.813500,2.708200,2.801400,4071989
2024-03-21T14:00:00Z,2.800600,2.864700,2.752800,2.765500,3810058
2024-03-21T15:00:00Z,2.765700,2.794400,2.753400,2.775400,2156425
2024-03-21T16:00:00Z,2.775300,2.814100,2.756500,2.790200,2192343
2024-03-21T17:00:00Z,2.790100,2.820000,2.740100,2.757400,2194263
2024-03-21T18:00:00Z,2.757400,2.759900,2.715700,2.735200,2062945
2024-03-21T19:00:00Z,2.735100,2.788600,2.726400,2.760400,1924970
2024-03-21T20:00:00Z,2.759200,2.863900,2.731600,2.832200,4012003
2024-03-21T21:00:00Z,2.832100,2.889500,2.820000,2.882600,2101017
2024-03-21T22:00:00Z,2.882400,2.955200,2.874000,2.886100,4331184
2024-03-21T23:00:00Z,2.886100,2.899700,2.854600,2.865100,1963108
2024-03-22T00:00:00Z,2.865100,2.889900,2.828200,2.847400,1954080
2024-03-22T01:00:00Z,2.847300,2.849900,2.781200,2.786500,1704874
2024-03-22T02:00:00Z,2.786500,2.816800,2.771900,2.783500,1357975
2024-03-22T03:00:00Z,2.783400,2.825700,2.782300,2.817600,1251286
2024-03-22T04:00:00Z,2.817500,2.820900,2.776300,2.801600,926295
2024-03-22T05:00:00Z,2.801400,2.811800,2.755100,2.790400,1255320
2024-03-22T06:00:00Z,2.789200,2.814500,2.780000,2.793300,1268508
2024-03-22T07:00:00Z,2.793600,2.808200,2.773900,2.794600,1211712
2024-03-22T08:00:00Z,2.794700,2.801100,2.752000,2.771800,1048605
2024-03-22T09:00:00Z,2.771700,2.833700,2.771200,2.811400,1941219
2024-03-22T10:00:00Z,2.811600,2.835000,2.750000,2.765800,2670852
2024-03-22T11:00:00Z,2.766300,2.780000,2.715800,2.730800,2417736
2024-03-22T12:00:00Z,2.730400,2.784400,2.717100,2.779700,1258164
2024-03-22T13:00:00Z,2.779700,2.809300,2.755300,2.783000,3163453
2024-03-22T14:00:00Z,2.782800,3.019300,2.773000,2.848200,10065956
2024-03-22T15:00:00Z,2.848700,2.952600,2.825300,2.892400,6237961
2024-03-22T16:00:00Z,2.892600,2.892600,2.761600,2.808400,3924624
2024-03-22T17:00:00Z,2.808700,2.830500,2.778500,2.792800,1657515
2024-03-22T18:00:00Z,2.792800,2.833700,2.775000,2.800600,2610222
2024-03-22T19:00:00Z,2.801000,2.808200,2.743900,2.765700,1770170
2024-03-22T20:00:00Z,2.765300,2.774400,2.728600,2.752700,1516007
2024-03-22T21:00:00Z,2.752800,2.757400,2.702800,2.717800,2307570
2024-03-22T22:00:00Z,2.717800,2.720500,2.675400,2.706100,1518174
2024-03-22T23:00:00Z,2.706100,2.758500,2.696900,2.756600,961495
2024-03-23T00:00:00Z,2.757700,2.760900,2.722200,2.728400,998119
2024-03-23T01:00:00Z,2.727900,2.810700,2.727400,2.804100,1119791
2024-03-23T02:00:00Z,2.804100,2.821200,2.781600,2.809300,1355143
2024-03-23T03:00:00Z,2.809400,2.811400,2.756800,2.806400,1243419
2024-03-23T04:00:00Z,2.805600,2.843000,2.786200,2.816400,1173790
2024-03-23T05:00:00Z,2.816400,2.817500,2.777200,2.788600,1287615
2024-03-23T06:00:00Z,2.787900,2.802800,2.770200,2.770400,901686
2024-03-23T07:00:00Z,2.770400,2.813800,2.769800,2.786400,990916
2024-03-23T08:00:00Z,2.785900,2.801200,2.766400,2.786300,1108547
2024-03-23T09:00:00Z,2.786300,2.810300,2.763900,2.807500,878359
2024-03-23T10:00:00Z,2.807600,2.808500,2.783100,2.795400,851534
2024-03-23T11:00:00Z,2.795400,2.840800,2.787100,2.827300,1287632
2024-03-23T12:00:00Z,2.827400,2.983000,2.812700,2.944400,4187096
2024-03-23T13:00:00Z,2.944400,3.000000,2.926000,2.993900,3112847
2024-03-23T14:00:00Z,2.993900,3.007100,2.935300,2.994300,3401573
2024-03-23T15:00:00Z,2.993900,3.000600,2.889300,2.890800,2560156
2024-03-23T16:00:00Z,2.890700,2.895200,2.853900,2.854300,1759495
2024-03-23T17:00:00Z,2.854300,2.870100,2.853400,2.867700,1027523
2024-03-23T18:00:00Z,2.867300,2.918800,2.863300,2.891500,1632542
2024-03-23T19:00:00Z,2.891400,2.901000,2.880700,2.885500,699488
2024-03-23T20:00:00Z,2.885500,2.904100,2.880600,2.893500,666205
2024-03-23T21:00:00Z,2.893400,2.909900,2.871000,2.908000,764141
2024-03-23T22:00:00Z,2.908200,2.961900,2.888800,2.956000,1563043
2024-03-23T23:00:00Z,2.955400,2.963700,2.911900,2.919300,1878986
2024-03-24T00:00:00Z,2.919300,2.975400,2.907700,2.933700,1770979
2024-03-24T01:00:00Z,2.933700,2.933700,2.889100,2.917800,1024413
2024-03-24T02:00:00Z,2.917800,2.938700,2.897200,2.922700,898505
2024-03-24T03:00:00Z,2.922700,2.927500,2.893400,2.895500,822149
2024-03-24T04:00:00Z,2.895600,2.927200,2.876700,2.913800,902477
2024-03-24T05:00:00Z,2.912900,2.929300,2.877700,2.901000,1414278
2024-03-24T06:00:00Z,2.901100,2.940300,2.865600,2.871000,1433376
2024-03-24T07:00:00Z,2.871100,2.916700,2.863500,2.877800,1089707
2024-03-24T08:00:00Z,2.877800,2.909600,2.872100,2.894200,926150
2024-03-24T09:00:00Z,2.894300,2.918600,2.869400,2.909300,1261908
2024-03-24T10:00:00Z,2.909300,3.029400,2.901900,3.020000,3342222
2024-03-24T11:00:00Z,3.019300,3.039300,3.000200,3.019200,1976222
2024-03-24T12:00:00Z,3.019800,3.140300,2.973300,3.120100,4550095
2024-03-24T13:00:00Z,3.119800,3.150000,3.062200,3.093100,3082345
2024-03-24T14:00:00Z,3.093100,3.108100,3.040000,3.046500,1732741
2024-03-24T15:00:00Z,3.046800,3.124800,3.046800,3.091300,2031718
2024-03-24T16:00:00Z,3.091300,3.097600,3.053500,3.074700,1184215
2024-03-24T17:00:00Z,3.074800,3.111300,3.051900,3.108200,2113090
2024-03-24T18:00:00Z,3.106700,3.166000,3.097600,3.165600,2620065
2024-03-24T19:00:00Z,3.165300,3.193000,3.136300,3.161700,1556395
2024-03-24T20:00:00Z,3.161700,3.192700,3.141400,3.165600,1325986
2024-03-24T21:00:00Z,3.165100,3.169500,3.134500,3.138200,865932
2024-03-24T22:00:00Z,3.138300,3.157600,3.119800,3.130500,880199
2024-03-24T23:00:00Z,3.130400,3.147300,3.119200,3.132800,798887
2024-03-25T00:00:00Z,3.132800,3.147500,3.101900,3.106500,1014356
2024-03-25T01:00:00Z,3.106400,3.171300,3.103100,3.138100,1076734
2024-03-25T02:00:00Z,3.138200,3.181400,3.137700,3.156500,1077997
2024-03-25T03:00:00Z,3.156300,3.199000,3.151100,3.184700,1153097
2024-03-25T04:00:00Z,3.184400,3.264800,3.180300,3.262500,1906003
2024-03-25T05:00:00Z,3.262600,3.290600,3.238000,3.273500,1945375
2024-03-25T06:00:00Z,3.273900,3.299200,3.254400,3.298700,1411505
2024-03-25T07:00:00Z,3.298700,3.304500,3.243100,3.282700,1751107
2024-03-25T08:00:00Z,3.282900,3.310000,3.256400,3.309800,1889181
2024-03-25T09:00:00Z,3.309200,3.403200,3.308900,3.329500,4710662
2024-03-25T10:00:00Z,3.329700,3.330200,3.185900,3.202900,5657268
2024-03-25T11:00:00Z,3.202400,3.216500,3.182300,3.216200,2014853
2024-03-25T12:00:00Z,3.215300,3.234000,3.171000,3.175100,2414589
2024-03-25T13:00:00Z,3.175000,3.200400,3.156400,3.179800,2038018
2024-03-25T14:00:00Z,3.179800,3.236400,3.154400,3.234300,3564919
2024-03-25T15:00:00Z,3.234300,3.258100,3.215400,3.257600,2154375
2024-03-25T16:00:00Z,3.257400,3.274200,3.225600,3.261400,2024954
2024-03-25T17:00:00Z,3.261400,3.295200,3.252100,3.277000,2268286
2024-03-25T18:00:00Z,3.277700,3.404000,3.266100,3.399200,3163987
2024-03-25T19:00:00Z,3.399200,3.404700,3.312700,3.354100,3146867
2024-03-25T20:00:00Z,3.354200,3.359300,3.308100,3.316100,1194736
2024-03-25T21:00:00Z,3.316000,3.344800,3.280700,3.322700,1508617
2024-03-25T22:00:00Z,3.323000,3.329400,3.296500,3.309000,779691
2024-03-25T23:00:00Z,3.309100,3.338200,3.296200,3.312400,1126910
2024-03-26T00:00:00Z,3.312300,3.319300,3.281100,3.284800,924056
2024-03-26T01:00:00Z,3.284600,3.316900,3.281500,3.316300,796769
2024-03-26T02:00:00Z,3.316700,3.320700,3.284600,3.308800,801646
2024-03-26T03:00:00Z,3.309300,3.318000,3.289400,3.314300,648001
2024-03-26T04:00:00Z,3.314100,3.355600,3.290600,3.354600,1048898
2024-03-26T05:00:00Z,3.354600,3.377500,3.339500,3.344200,982305
2024-03-26T06:00:00Z,3.343900,3.349200,3.315500,3.335700,840439
2024-03-26T07:00:00Z,3.336000,3.348400,3.304300,3.307400,886098
2024-03-26T08:00:00Z,3.308100,3.341400,3.285400,3.291900,1224273
2024-03-26T09:00:00Z,3.292200,3.312000,3.232000,3.269400,2795014
2024-03-26T10:00:00Z,3.269300,3.270600,3.230000,3.250600,1537035
2024-03-26T11:00:00Z,3.250600,3.260400,3.231800,3.233400,1033662
2024-03-26T12:00:00Z,3.233100,3.254400,3.220300,3.231400,1223348
2024-03-26T13:00:00Z,3.231000,3.237400,3.190300,3.211700,1910842
2024-03-26T14:00:00Z,3.211800,3.233600,3.115600,3.226600,3898557
2024-03-26T15:00:00Z,3.226600,3.228400,3.139900,3.174900,2890088
2024-03-26T16:00:00Z,3.174900,3.187300,3.106200,3.132500,2127333
2024-03-26T17:00:00Z,3.132000,3.157700,3.121900,3.145700,1043551
2024-03-26T18:00:00Z,3.145500,3.181300,3.142900,3.150800,1321940
2024-03-26T19:00:00Z,3.150900,3.154400,3.102200,3.124400,1592127
2024-03-26T20:00:00Z,3.124000,3.146800,3.118100,3.131600,715199
2024-03-26T21:00:00Z,3.131600,3.171500,3.130100,3.147500,891890
2024-03-26T22:00:00Z,3.147300,3.161900,3.122500,3.161900,414034
2024-03-26T23:00:00Z,3.162100,3.185300,3.120700,3.135900,1783617
2024-03-27T00:00:00Z,3.136000,3.182800,3.123800,3.176600,947201
2024-03-27T01:00:00Z,3.176700,3.256300,3.176200,3.208500,2250879
2024-03-27T02:00:00Z,3.208500,3.305800,3.196800,3.288000,2233882
2024-03-27T03:00:00Z,3.288400,3.306700,3.225500,3.232900,1772034
2024-03-27T04:00:00Z,3.232900,3.254100,3.197300,3.218700,809169
2024-03-27T05:00:00Z,3.218800,3.273200,3.199200,3.208900,2391251
2024-03-27T06:00:00Z,3.208900,3.224500,3.188700,3.206500,936812
2024-03-27T07:00:00Z,3.206900,3.207900,3.150700,3.172900,1047012
2024-03-27T08:00:00Z,3.172800,3.195300,3.136000,3.141300,1163509
2024-03-27T09:00:00Z,3.141200,3.150600,3.095200,3.143300,2289013
2024-03-27T10:00:00Z,3.143300,3.155100,3.097900,3.099300,1247487
2024-03-27T11:00:00Z,3.099300,3.137800,3.097200,3.127200,1199948
2024-03-27T12:00:00Z,3.127200,3.196400,3.122300,3.147100,1498036
2024-03-27T13:00:00Z,3.147200,3.268400,3.065400,3.226800,6204685
2024-03-27T14:00:00Z,3.226400,3.297300,3.100500,3.118700,8965660
2024-03-27T15:00:00Z,3.117900,3.128200,3.046000,3.050900,2430774
2024-03-27T16:00:00Z,3.051100,3.087700,3.035000,3.075500,1882837
2024-03-27T17:00:00Z,3.075500,3.082300,3.051900,3.062800,811165
2024-03-27T18:00:00Z,3.062500,3.070000,2.968900,2.970600,2468945
2024-03-27T19:00:00Z,2.970900,3.002300,2.946100,2.956400,1893145
2024-03-27T20:00:00Z,2.956000,2.995300,2.954100,2.990800,1204069
2024-03-27T21:00:00Z,2.990600,3.009900,2.976400,2.977500,715663
2024-03-27T22:00:00Z,2.977500,3.005100,2.975400,2.994500,741606
2024-03-27T23:00:00Z,2.994500,2.994600,2.955500,2.962400,834183
2024-03-28T00:00:00Z,2.962700,2.986600,2.947100,2.956100,856567
2024-03-28T01:00:00Z,2.956400,2.964000,2.912600,2.917900,1922135
2024-03-28T02:00:00Z,2.918500,2.956700,2.908200,2.923300,1043196
2024-03-28T03:00:00Z,2.923500,2.935900,2.905900,2.929500,497500
2024-03-28T04:00:00Z,2.929400,2.954200,2.924800,2.953500,591916
2024-03-28T05:00:00Z,2.953400,2.955100,2.921200,2.935400,765378
2024-03-28T06:00:00Z,2.935400,2.980000,2.919500,2.973000,897382
2024-03-28T07:00:00Z,2.973300,2.981800,2.953000,2.966400,1087925
2024-03-28T08:00:00Z,2.966800,2.972300,2.948200,2.966900,811675
2024-03-28T09:00:00Z,2.967000,2.986100,2.952200,2.986100,1274866
2024-03-28T10:00:00Z,2.986100,2.988800,2.951900,2.960400,1190330
2024-03-28T11:00:00Z,2.960300,2.973700,2.944300,2.961200,872367
2024-03-28T12:00:00Z,2.961400,2.970800,2.902300,2.927200,1333458
2024-03-28T13:00:00Z,2.927000,2.952400,2.890000,2.945600,1661702
2024-03-28T14:00:00Z,2.945300,2.962400,2.911800,2.953700,1518723
2024-03-28T15:00:00Z,2.953900,2.956300,2.920500,2.932500,828491
2024-03-28T16:00:00Z,2.932700,2.933400,2.907200,2.914400,949921
2024-03-28T17:00:00Z,2.913900,2.917100,2.900100,2.905500,622987
2024-03-28T18:00:00Z,2.905500,2.911500,2.895500,2.901700,826866
2024-03-28T19:00:00Z,2.901700,2.910400,2.893100,2.902200,683943
2024-03-28T20:00:00Z,2.902400,2.915400,2.894000,2.906200,611620
2024-03-28T21:00:00Z,2.906000,2.911400,2.866000,2.870600,2032600
2024-03-28T22:00:00Z,2.870400,2.874700,2.830000,2.872600,2095664
2024-03-28T23:00:00Z,2.872600,2.898400,2.872000,2.889200,1048576
2024-03-29T00:00:00Z,2.888900,2.901300,2.876800,2.889400,723963
2024-03-29T01:00:00Z,2.889500,2.903100,2.885000,2.891200,463115
2024-03-29T02:00:00Z,2.891100,2.893100,2.852000,2.855500,1215639
2024-03-29T03:00:00Z,2.855600,2.863200,2.828900,2.854500,1137512
2024-03-29T04:00:00Z,2.854000,2.874900,2.840900,2.851100,831525
2024-03-29T05:00:00Z,2.851000,2.859800,2.823700,2.843700,690967
2024-03-29T06:00:00Z,2.843100,2.855000,2.825000,2.851900,649439
2024-03-29T07:00:00Z,2.851900,2.857500,2.802000,2.820500,1167309
2024-03-29T08:00:00Z,2.820800,2.846400,2.819700,2.834500,729093
2024-03-29T09:00:00Z,2.834500,2.843500,2.817200,2.831500,524657
2024-03-29T10:00:00Z,2.831400,2.867900,2.821600,2.866800,637586
2024-03-29T11:00:00Z,2.866700,2.908300,2.863900,2.896000,1565799
2024-03-29T12:00:00Z,2.896200,2.904400,2.882800,2.884500,574145
2024-03-29T13:00:00Z,2.884800,2.901200,2.866200,2.891600,685384
2024-03-29T14:00:00Z,2.891900,2.904300,2.876700,2.878400,580216
2024-03-29T15:00:00Z,2.878000,2.897100,2.851900,2.870000,1732782
2024-03-29T16:00:00Z,2.870200,2.894100,2.850400,2.857100,852038
2024-03-29T17:00:00Z,2.857000,2.878700,2.832100,2.842700,1039178
2024-03-29T18:00:00Z,2.842500,2.853600,2.833800,2.846300,593202
2024-03-29T19:00:00Z,2.846200,2.852900,2.827300,2.834700,542232
2024-03-29T20:00:00Z,2.834700,2.836600,2.823700,2.826700,406904
2024-03-29T21:00:00Z,2.826800,2.828600,2.795700,2.804800,776118
2024-03-29T22:00:00Z,2.805000,2.830100,2.805000,2.819100,487654
2024-03-29T23:00:00Z,2.819400,2.820200,2.790000,2.806400,743081
2024-03-30T00:00:00Z,2.806900,2.821800,2.790000,2.819500,655783
2024-03-30T01:00:00Z,2.819700,2.849700,2.817400,2.849200,468683
2024-03-30T02:00:00Z,2.848900,2.851600,2.839300,2.842200,313172
2024-03-30T03:00:00Z,2.842500,2.843000,2.807700,2.810500,418406
2024-03-30T04:00:00Z,2.810900,2.837100,2.801300,2.835700,378383
2024-03-30T05:00:00Z,2.835700,2.898200,2.834500,2.845200,1672540
2024-03-30T06:00:00Z,2.846000,2.849000,2.820100,2.825700,735332
2024-03-30T07:00:00Z,2.825800,2.840900,2.803500,2.807300,701623
2024-03-30T08:00:00Z,2.807100,2.830800,2.794900,2.819500,725658
2024-03-30T09:00:00Z,2.819500,2.824100,2.801400,2.805100,389586
2024-03-30T10:00:00Z,2.805300,2.826500,2.795000,2.814700,446692
2024-03-30T11:00:00Z,2.815300,2.849900,2.813200,2.847500,634465
2024-03-30T12:00:00Z,2.848000,2.851100,2.831800,2.837200,646332
2024-03-30T13:00:00Z,2.837000,2.837200,2.806600,2.817600,546150
2024-03-30T14:00:00Z,2.816900,2.834100,2.798100,2.833400,963346
2024-03-30T15:00:00Z,2.833000,2.851800,2.818300,2.825700,783264
2024-03-30T16:00:00Z,2.825900,2.838500,2.806500,2.832200,619630
2024-03-30T17:00:00Z,2.832100,2.860300,2.826500,2.858000,805625
2024-03-30T18:00:00Z,2.857800,2.861100,2.826400,2.826400,376042
2024-03-30T19:00:00Z,2.826900,2.828000,2.796000,2.827200,876400
2024-03-30T20:00:00Z,2.827600,2.831900,2.813800,2.815300,422948
2024-03-30T21:00:00Z,2.815600,2.820600,2.785100,2.793400,671518
2024-03-30T22:00:00Z,2.792800,2.803400,2.771400,2.784200,751741
2024-03-30T23:00:00Z,2.784100,2.799500,2.758700,2.786800,763150
2024-03-31T00:00:00Z,2.787000,2.804700,2.773000,2.803700,595812
2024-03-31T01:00:00Z,2.803600,2.814500,2.796600,2.806600,402648
2024-03-31T02:00:00Z,2.806500,2.819000,2.795100,2.809400,319207
2024-03-31T03:00:00Z,2.809600,2.828000,2.794300,2.798400,734115
2024-03-31T04:00:00Z,2.798500,2.807700,2.787400,2.797900,320687
2024-03-31T05:00:00Z,2.798500,2.880000,2.796200,2.870900,1995197
2024-03-31T06:00:00Z,2.871300,2.900000,2.860000,2.884700,1604670
2024-03-31T07:00:00Z,2.885100,2.922300,2.879700,2.917800,2004769
2024-03-31T08:00:00Z,2.917900,2.935600,2.904100,2.912800,1446928
2024-03-31T09:00:00Z,2.912500,2.927600,2.877400,2.890100,1340934
2024-03-31T10:00:00Z,2.889100,2.911300,2.888800,2.900500,779187
2024-03-31T11:00:00Z,2.900200,2.914800,2.896100,2.902100,588248
2024-03-31T12:00:00Z,2.902300,2.949900,2.900700,2.934300,1991809
2024-03-31T13:00:00Z,2.934500,2.936900,2.897000,2.912600,1370978
2024-03-31T14:00:00Z,2.912300,2.933300,2.882600,2.925600,1634104
2024-03-31T15:00:00Z,2.925500,2.944700,2.915800,2.934400,962159
2024-03-31T16:00:00Z,2.934500,2.964500,2.933300,2.947200,1592781
2024-03-31T17:00:00Z,2.947200,2.949000,2.913000,2.922300,990105
2024-03-31T18:00:00Z,2.922400,2.954300,2.913500,2.938100,1005111
2024-03-31T19:00:00Z,2.938000,2.972300,2.931300,2.966400,987318
2024-03-31T20:00:00Z,2.967000,2.975100,2.962500,2.965600,498197
2024-03-31T21:00:00Z,2.965600,2.969500,2.916800,2.930900,1644877
2024-03-31T22:00:00Z,2.931000,2.944000,2.927700,2.943500,423838
2024-03-31T23:00:00Z,2.943500,2.972700,2.928600,2.967300,485714
2024-04-01T00:00:00Z,2.967200,2.975700,2.939800,2.950800,845769
2024-04-01T01:00:00Z,2.950800,2.953200,2.903100,2.911400,987156
2024-04-01T02:00:00Z,2.911300,2.921400,2.902200,2.906000,680367
2024-04-01T03:00:00Z,2.906000,2.916500,2.897300,2.897700,946469
2024-04-01T04:00:00Z,2.897400,2.899600,2.860100,2.861900,1311852
2024-04-01T05:00:00Z,2.861900,2.872100,2.723300,2.759200,5118576
2024-04-01T06:00:00Z,2.759600,2.809800,2.748800,2.800500,2445754
2024-04-01T07:00:00Z,2.800900,2.858400,2.797400,2.851600,1894221
2024-04-01T08:00:00Z,2.851800,2.862300,2.791000,2.804000,2054888
2024-04-01T09:00:00Z,2.804100,2.835200,2.803300,2.810000,1020981
2024-04-01T10:00:00Z,2.809800,2.826200,2.799200,2.822000,733602
2024-04-01T11:00:00Z,2.821900,2.834300,2.803800,2.805100,1074792
2024-04-01T12:00:00Z,2.805200,2.865000,2.802000,2.853200,1100760
2024-04-01T13:00:00Z,2.853200,2.879400,2.839600,2.863800,1165818
2024-04-01T14:00:00Z,2.864100,2.881500,2.803400,2.808000,1709538
2024-04-01T15:00:00Z,2.808000,2.829800,2.746000,2.762900,3001888
2024-04-01T16:00:00Z,2.763000,2.790600,2.752500,2.754100,1126063
2024-04-01T17:00:00Z,2.754100,2.764300,2.722700,2.748500,1448968
2024-04-01T18:00:00Z,2.749100,2.762400,2.710100,2.748000,1511716
2024-04-01T19:00:00Z,2.748000,2.839800,2.741900,2.836500,1512282
2024-04-01T20:00:00Z,2.836600,2.846000,2.809600,2.824000,1013943
2024-04-01T21:00:00Z,2.824100,2.833500,2.805600,2.813000,437398
2024-04-01T22:00:00Z,2.813200,2.834700,2.810700,2.824900,541488
2024-04-01T23:00:00Z,2.825300,2.850000,2.821100,2.837800,499256
2024-04-02T00:00:00Z,2.837700,2.856900,2.807300,2.811600,904592
2024-04-02T01:00:00Z,2.811600,2.816400,2.802100,2.805900,468716
2024-04-02T02:00:00Z,2.805900,2.805900,2.612100,2.692200,6075079
2024-04-02T03:00:00Z,2.692200,2.710000,2.666100,2.680300,1662147
2024-04-02T04:00:00Z,2.680000,2.693400,2.642600,2.658700,1498441
2024-04-02T05:00:00Z,2.658900,2.660700,2.604800,2.652600,1800722
2024-04-02T06:00:00Z,2.652600,2.682700,2.644500,2.675300,1024374
2024-04-02T07:00:00Z,2.675300,2.691800,2.653400,2.653900,897762
2024-04-02T08:00:00Z,2.654300,2.663400,2.580700,2.584800,1438343
2024-04-02T09:00:00Z,2.584500,2.639200,2.564700,2.621300,1705849
2024-04-02T10:00:00Z,2.620800,2.644700,2.594500,2.622700,1331168
2024-04-02T11:00:00Z,2.622700,2.643200,2.597000,2.641000,1324483
2024-04-02T12:00:00Z,2.640600,2.666400,2.622000,2.624600,1151235
2024-04-02T13:00:00Z,2.624600,2.625200,2.573400,2.620900,2209471
2024-04-02T14:00:00Z,2.620900,2.707800,2.614800,2.685000,1456793
2024-04-02T15:00:00Z,2.685000,2.704100,2.621700,2.629500,1169113
2024-04-02T16:00:00Z,2.629400,2.669600,2.607700,2.662600,1329657
2024-04-02T17:00:00Z,2.663000,2.672600,2.636400,2.657700,778173
2024-04-02T18:00:00Z,2.657700,2.665400,2.637400,2.651000,479395
2024-04-02T19:00:00Z,2.651500,2.670000,2.647900,2.657900,608031
2024-04-02T20:00:00Z,2.657800,2.673200,2.635700,2.648100,588747
2024-04-02T21:00:00Z,2.647400,2.651800,2.585500,2.606800,1557291
2024-04-02T22:00:00Z,2.606800,2.631100,2.598900,2.630200,567472
2024-04-02T23:00:00Z,2.630200,2.633700,2.594400,2.601100,512727
2024-04-03T00:00:00Z,2.601400,2.613900,2.510000,2.570100,1897325
2024-04-03T01:00:00Z,2.569800,2.650900,2.539300,2.641500,1735757
2024-04-03T02:00:00Z,2.641300,2.654300,2.635200,2.645800,671812
2024-04-03T03:00:00Z,2.645400,2.672700,2.633800,2.658000,811546
2024-04-03T04:00:00Z,2.657900,2.664300,2.646600,2.660400,504368
2024-04-03T05:00:00Z,2.660500,2.662400,2.626500,2.637300,534843
2024-04-03T06:00:00Z,2.637100,2.667700,2.635600,2.653400,572915
2024-04-03T07:00:00Z,2.653500,2.662200,2.642200,2.652900,527699
2024-04-03T08:00:00Z,2.653000,2.690600,2.644500,2.682600,821730
2024-04-03T09:00:00Z,2.682400,2.682400,2.660000,2.670600,522935
2024-04-03T10:00:00Z,2.670800,2.672500,2.638000,2.646400,710932
2024-04-03T11:00:00Z,2.646100,2.646200,2.611000,2.617900,785518
2024-04-03T12:00:00Z,2.618000,2.624100,2.580700,2.584400,1005881
2024-04-03T13:00:00Z,2.584400,2.599000,2.566100,2.579100,1006442
2024-04-03T14:00:00Z,2.579300,2.627100,2.579300,2.621100,1384442
2024-04-03T15:00:00Z,2.620900,2.622300,2.541900,2.560800,1356937
2024-04-03T16:00:00Z,2.560300,2.594200,2.557900,2.560300,794905
2024-04-03T17:00:00Z,2.560200,2.561800,2.518900,2.530900,1021152
2024-04-03T18:00:00Z,2.530900,2.532500,2.510400,2.521400,1329949
2024-04-03T19:00:00Z,2.521100,2.526500,2.501100,2.505200,876942
2024-04-03T20:00:00Z,2.505200,2.506200,2.475000,2.488700,1100772
2024-04-03T21:00:00Z,2.488600,2.510300,2.465000,2.506600,496515
2024-04-03T22:00:00Z,2.506600,2.571700,2.503800,2.545800,2040042
2024-04-03T23:00:00Z,2.545900,2.586700,2.543600,2.550000,1004526
2024-04-04T00:00:00Z,2.549300,2.625800,2.538900,2.596200,2457475
2024-04-04T01:00:00Z,2.596200,2.615300,2.581700,2.584800,1065688
2024-04-04T02:00:00Z,2.584300,2.607800,2.553600,2.566000,1099113
2024-04-04T03:00:00Z,2.565800,2.578800,2.554000,2.561000,544775
2024-04-04T04:00:00Z,2.561100,2.605400,2.538200,2.593000,887499
2024-04-04T05:00:00Z,2.593000,2.603500,2.570400,2.599000,553392
2024-04-04T06:00:00Z,2.598900,2.618200,2.598500,2.605500,569240
2024-04-04T07:00:00Z,2.605400,2.629800,2.597400,2.625300,669047
2024-04-04T08:00:00Z,2.625800,2.639200,2.617800,2.624900,504374
2024-04-04T09:00:00Z,2.624900,2.630700,2.613100,2.617300,613044
2024-04-04T10:00:00Z,2.617300,2.629800,2.606700,2.613400,367425
2024-04-04T11:00:00Z,2.613300,2.621600,2.609100,2.616700,300245
2024-04-04T12:00:00Z,2.616700,2.619900,2.605700,2.613900,600329
2024-04-04T13:00:00Z,2.613900,2.687200,2.613100,2.641300,2137220
2024-04-04T14:00:00Z,2.641000,2.656700,2.626400,2.640400,1106717
2024-04-04T15:00:00Z,2.640600,2.641700,2.630300,2.632500,881807
2024-04-04T16:00:00Z,2.632600,2.656100,2.627600,2.639900,735382
2024-04-04T17:00:00Z,2.639900,2.675500,2.636400,2.671600,559178
2024-04-04T18:00:00Z,2.671400,2.680000,2.635800,2.638500,1017527
2024-04-04T19:00:00Z,2.638400,2.647200,2.619300,2.623400,664516
2024-04-04T20:00:00Z,2.623500,2.626500,2.560900,2.588200,1946659
2024-04-04T21:00:00Z,2.588200,2.596500,2.564200,2.578400,442972
2024-04-04T22:00:00Z,2.578600,2.579800,2.560800,2.566800,1145777
2024-04-04T23:00:00Z,2.566800,2.583000,2.519500,2.561900,3401285
2024-04-05T00:00:00Z,2.561900,2.564100,2.540800,2.560700,565234
2024-04-05T01:00:00Z,2.560700,2.560700,2.509100,2.516200,950578
2024-04-05T02:00:00Z,2.516100,2.516100,2.448100,2.464100,2040057
2024-04-05T03:00:00Z,2.463900,2.490200,2.461400,2.489600,582194
2024-04-05T04:00:00Z,2.489300,2.490600,2.453000,2.463600,510223
2024-04-05T05:00:00Z,2.463700,2.469200,2.416500,2.451200,1271064
2024-04-05T06:00:00Z,2.451500,2.461300,2.444700,2.453800,582936
2024-04-05T07:00:00Z,2.453800,2.453800,2.430200,2.440600,573392
2024-04-05T08:00:00Z,2.440600,2.456700,2.412000,2.420800,1356616
2024-04-05T09:00:00Z,2.420900,2.421000,2.397800,2.410200,970115
2024-04-05T10:00:00Z,2.410100,2.413900,2.372400,2.394200,1234897
2024-04-05T11:00:00Z,2.394100,2.403000,2.376000,2.380800,844834
2024-04-05T12:00:00Z,2.381000,2.418200,2.360400,2.418000,1699652
2024-04-05T13:00:00Z,2.418100,2.430500,2.394300,2.413600,1294376
2024-04-05T14:00:00Z,2.413400,2.439500,2.402100,2.437700,994332
2024-04-05T15:00:00Z,2.437700,2.658400,2.424000,2.644400,13988591
2024-04-05T16:00:00Z,2.644300,2.692800,2.566900,2.601000,8486084
2024-04-05T17:00:00Z,2.601000,2.627600,2.568000,2.580700,3441989
2024-04-05T18:00:00Z,2.580700,2.585600,2.555900,2.566200,1673942
2024-04-05T19:00:00Z,2.566300,2.598600,2.565800,2.569900,1008580
2024-04-05T20:00:00Z,2.569800,2.601700,2.565600,2.595800,846291
2024-04-05T21:00:00Z,2.595900,2.597300,2.571100,2.586100,682107
2024-04-05T22:00:00Z,2.586000,2.589700,2.573000,2.578700,608286
2024-04-05T23:00:00Z,2.578600,2.627000,2.575600,2.612400,1584347
2024-04-06T00:00:00Z,2.611900,2.628600,2.581500,2.612700,1164970
2024-04-06T01:00:00Z,2.612900,2.638800,2.561200,2.570500,1830987
2024-04-06T02:00:00Z,2.570500,2.583700,2.544500,2.571700,1662203
2024-04-06T03:00:00Z,2.571500,2.595300,2.568900,2.571600,687995
2024-04-06T04:00:00Z,2.571600,2.594900,2.556500,2.569100,1304488
2024-04-06T05:00:00Z,2.569400,2.585100,2.563900,2.576700,689517
2024-04-06T06:00:00Z,2.576900,2.581800,2.570800,2.580100,532325
2024-04-06T07:00:00Z,2.580100,2.587100,2.542000,2.555700,1071323
2024-04-06T08:00:00Z,2.555700,2.577200,2.549000,2.575400,836971
2024-04-06T09:00:00Z,2.575500,2.583400,2.552700,2.553800,634933
2024-04-06T10:00:00Z,2.553900,2.559800,2.537400,2.548200,530799
2024-04-06T11:00:00Z,2.548300,2.552400,2.537100,2.542400,450636
2024-04-06T12:00:00Z,2.542900,2.543000,2.515200,2.526200,671348
2024-04-06T13:00:00Z,2.526200,2.526900,2.507500,2.512000,545036
2024-04-06T14:00:00Z,2.511800,2.524800,2.508500,2.517000,477578
2024-04-06T15:00:00Z,2.517000,2.540500,2.515500,2.529500,637328
2024-04-06T16:00:00Z,2.529300,2.539700,2.522700,2.530400,623605
2024-04-06T17:00:00Z,2.530400,2.530400,2.508400,2.514600,691345
2024-04-06T18:00:00Z,2.514600,2.517000,2.497900,2.509500,526536
2024-04-06T19:00:00Z,2.509400,2.516800,2.501800,2.507000,338723
2024-04-06T20:00:00Z,2.506900,2.527700,2.499000,2.527100,644558
2024-04-06T21:00:00Z,2.527100,2.535000,2.517400,2.522500,468259
2024-04-06T22:00:00Z,2.522500,2.557600,2.521900,2.556900,973876
2024-04-06T23:00:00Z,2.556500,2.570800,2.537100,2.537900,997726
2024-04-07T00:00:00Z,2.537600,2.548900,2.516900,2.523000,1468318
2024-04-07T01:00:00Z,2.523000,2.584900,2.517100,2.570800,1516223
2024-04-07T02:00:00Z,2.570600,2.593400,2.561700,2.583000,609199
2024-04-07T03:00:00Z,2.583800,2.610200,2.582100,2.602900,585142
2024-04-07T04:00:00Z,2.603000,2.610600,2.577000,2.577600,602340
2024-04-07T05:00:00Z,2.577200,2.603500,2.575200,2.597700,593654
2024-04-07T06:00:00Z,2.597700,2.600000,2.562700,2.564700,837182
2024-04-07T07:00:00Z,2.564600,2.574700,2.559200,2.570900,300376
2024-04-07T08:00:00Z,2.571400,2.602700,2.567900,2.593100,694013
2024-04-07T09:00:00Z,2.593000,2.608800,2.582900,2.596800,883835
2024-04-07T10:00:00Z,2.596700,2.642600,2.594000,2.628800,1691547
2024-04-07T11:00:00Z,2.628800,2.633400,2.606500,2.617900,1194001
2024-04-07T12:00:00Z,2.618300,2.636900,2.616100,2.630400,592962
2024-04-07T13:00:00Z,2.630500,2.656200,2.629100,2.641100,884603
2024-04-07T14:00:00Z,2.640600,2.658200,2.624300,2.652000,1097140
2024-04-07T15:00:00Z,2.651900,2.691300,2.648100,2.678700,2573814
2024-04-07T16:00:00Z,2.678400,2.713000,2.656700,2.659100,2115169
2024-04-07T17:00:00Z,2.659200,2.663500,2.621900,2.623900,1441106
2024-04-07T18:00:00Z,2.624000,2.630600,2.609000,2.627400,758547
2024-04-07T19:00:00Z,2.627600,2.647800,2.618200,2.627000,786293
2024-04-07T20:00:00Z,2.626900,2.672500,2.623600,2.664400,1134882
2024-04-07T21:00:00Z,2.664600,2.674900,2.655000,2.656500,474891
2024-04-07T22:00:00Z,2.656500,2.664200,2.644900,2.656600,474135
2024-04-07T23:00:00Z,2.656700,2.707600,2.654600,2.696300,853260
2024-04-08T00:00:00Z,2.696300,2.753600,2.685000,2.742500,2359161
2024-04-08T01:00:00Z,2.742400,2.744000,2.689600,2.714100,1574549
2024-04-08T02:00:00Z,2.714500,2.755400,2.703200,2.706100,1429660
2024-04-08T03:00:00Z,2.706200,2.755500,2.678000,2.715100,2221163
2024-04-08T04:00:00Z,2.716100,2.726000,2.689100,2.698300,1593417
2024-04-08T05:00:00Z,2.697800,2.734400,2.690800,2.727200,1242093
2024-04-08T06:00:00Z,2.727100,2.742600,2.711300,2.732800,950179
2024-04-08T07:00:00Z,2.732700,2.769500,2.714300,2.753800,1498592
2024-04-08T08:00:00Z,2.753900,2.914900,2.749200,2.897300,6663111
2024-04-08T09:00:00Z,2.897500,2.991600,2.880100,2.977000,5867117
2024-04-08T10:00:00Z,2.976900,3.007500,2.946100,2.999600,4070046
2024-04-08T11:00:00Z,2.999100,3.049500,2.967000,2.988300,4766230
2024-04-08T12:00:00Z,2.988200,3.053200,2.985000,2.992800,4310118
2024-04-08T13:00:00Z,2.992600,3.046500,2.975100,2.983400,2446933
2024-04-08T14:00:00Z,2.983300,3.023200,2.982600,3.016300,1811280
2024-04-08T15:00:00Z,3.016100,3.017500,2.974000,2.982400,1264514
2024-04-08T16:00:00Z,2.981800,3.028500,2.977700,3.000900,2111199
2024-04-08T17:00:00Z,3.001100,3.005500,2.966800,2.982200,2210648
2024-04-08T18:00:00Z,2.982200,3.001700,2.970200,2.976200,1347564
2024-04-08T19:00:00Z,2.976200,2.980300,2.952700,2.967000,1148622
2024-04-08T20:00:00Z,2.967200,2.969600,2.943200,2.957200,838381
2024-04-08T21:00:00Z,2.957200,2.983400,2.950200,2.968100,653667
2024-04-08T22:00:00Z,2.968100,2.977700,2.958600,2.976200,487216
2024-04-08T23:00:00Z,2.976100,2.982800,2.944700,2.953800,944741
2024-04-09T00:00:00Z,2.954000,2.983300,2.943600,2.962300,1067763
2024-04-09T01:00:00Z,2.962000,2.998700,2.943400,2.963400,1674751
2024-04-09T02:00:00Z,2.963400,2.998100,2.945200,2.960300,1418927
2024-04-09T03:00:00Z,2.960300,2.987100,2.937200,2.958000,1602072
2024-04-09T04:00:00Z,2.958100,3.010700,2.937500,3.002200,1631066
2024-04-09T05:00:00Z,3.002100,3.013600,2.968400,2.970900,1319066
2024-04-09T06:00:00Z,2.970800,2.988800,2.924400,2.974400,2960972
2024-04-09T07:00:00Z,2.974000,2.992900,2.906200,2.929200,2575771
2024-04-09T08:00:00Z,2.929700,2.991700,2.860300,2.978100,6495706
2024-04-09T09:00:00Z,2.978300,2.984400,2.892400,2.910600,2846496
2024-04-09T10:00:00Z,2.910800,2.937100,2.892300,2.904900,1795993
2024-04-09T11:00:00Z,2.904800,2.920700,2.895200,2.899600,917772
2024-04-09T12:00:00Z,2.899500,2.905000,2.837900,2.871900,2453589
2024-04-09T13:00:00Z,2.871900,2.890000,2.829000,2.830500,2177074
2024-04-09T14:00:00Z,2.830500,2.867000,2.750000,2.787600,4143363
2024-04-09T15:00:00Z,2.787400,2.798200,2.739100,2.790600,3073551
2024-04-09T16:00:00Z,2.790800,2.791700,2.720000,2.728400,2800359
2024-04-09T17:00:00Z,2.728600,2.748500,2.708700,2.733200,1329665
2024-04-09T18:00:00Z,2.733700,2.737000,2.710800,2.713100,1036120
2024-04-09T19:00:00Z,2.713300,2.732400,2.705400,2.725900,1127671
2024-04-09T20:00:00Z,2.726000,2.735000,2.718800,2.731400,691074
2024-04-09T21:00:00Z,2.731800,2.731900,2.706000,2.722400,622198
2024-04-09T22:00:00Z,2.722300,2.723800,2.701500,2.717000,452409
2024-04-09T23:00:00Z,2.716800,2.717400,2.680300,2.683200,1247189
2024-04-10T00:00:00Z,2.683000,2.706700,2.676700,2.688900,1024038
2024-04-10T01:00:00Z,2.688500,2.688500,2.637700,2.683200,1394830
2024-04-10T02:00:00Z,2.683200,2.726500,2.611700,2.621500,2167199
2024-04-10T03:00:00Z,2.620300,2.665700,2.610400,2.664900,868147
2024-04-10T04:00:00Z,2.665400,2.688500,2.656400,2.668500,1227720
2024-04-10T05:00:00Z,2.668700,2.697400,2.667100,2.676400,775021
2024-04-10T06:00:00Z,2.677000,2.693700,2.668200,2.672600,577236
2024-04-10T07:00:00Z,2.672600,2.684800,2.662100,2.668600,482769
2024-04-10T08:00:00Z,2.668500,2.673000,2.631100,2.650300,1616217
2024-04-10T09:00:00Z,2.650400,2.663700,2.633800,2.650600,555720
2024-04-10T10:00:00Z,2.650600,2.653000,2.608000,2.631400,1140439
2024-04-10T11:00:00Z,2.631300,2.665800,2.625000,2.648800,910570
2024-04-10T12:00:00Z,2.649200,2.660800,2.561500,2.645400,4300603
2024-04-10T13:00:00Z,2.645400,2.679000,2.632200,2.656800,1790911
2024-04-10T14:00:00Z,2.656900,2.719800,2.646000,2.703500,2542189
2024-04-10T15:00:00Z,2.703200,2.707700,2.680800,2.693600,751481
2024-04-10T16:00:00Z,2.693600,2.717400,2.665400,2.713600,1012620
2024-04-10T17:00:00Z,2.713100,2.739800,2.694700,2.704100,1332158
2024-04-10T18:00:00Z,2.704000,2.707300,2.644800,2.676600,1314139
2024-04-10T19:00:00Z,2.676400,2.678900,2.631400,2.639100,1833702
2024-04-10T20:00:00Z,2.639000,2.641400,2.614300,2.614400,1189686
2024-04-10T21:00:00Z,2.614200,2.617600,2.583800,2.592800,1121445
2024-04-10T22:00:00Z,2.592800,2.654000,2.592700,2.619000,1435378
2024-04-10T23:00:00Z,2.619000,2.630000,2.608800,2.623700,630634
2024-04-11T00:00:00Z,2.623800,2.636000,2.588900,2.601900,975630
2024-04-11T01:00:00Z,2.601600,2.602900,2.551100,2.560700,1779207
2024-04-11T02:00:00Z,2.560400,2.604300,2.557400,2.590700,887279
2024-04-11T03:00:00Z,2.591100,2.602100,2.574000,2.600300,600158
2024-04-11T04:00:00Z,2.600600,2.604900,2.572500,2.593500,784178
2024-04-11T05:00:00Z,2.593500,2.598200,2.579600,2.581900,384965
2024-04-11T06:00:00Z,2.581800,2.606400,2.580600,2.594000,705183
2024-04-11T07:00:00Z,2.594200,2.629100,2.593800,2.601500,1118655
2024-04-11T08:00:00Z,2.601200,2.614000,2.595300,2.604600,731555
2024-04-11T09:00:00Z,2.604900,2.605600,2.566500,2.571500,614927
2024-04-11T10:00:00Z,2.571800,2.580600,2.558400,2.559800,608453
2024-04-11T11:00:00Z,2.559900,2.563400,2.500100,2.515600,2477129
2024-04-11T12:00:00Z,2.515400,2.563500,2.511800,2.550000,1424885
2024-04-11T13:00:00Z,2.550200,2.571700,2.519400,2.541600,1193510
2024-04-11T14:00:00Z,2.541600,2.541900,2.501900,2.526600,1597229
2024-04-11T15:00:00Z,2.526600,2.532700,2.494200,2.512600,1168936
2024-04-11T16:00:00Z,2.512300,2.523400,2.470800,2.501000,1669506
2024-04-11T17:00:00Z,2.501300,2.538900,2.500300,2.532700,1028801
2024-04-11T18:00:00Z,2.532700,2.548000,2.518800,2.539300,761884
2024-04-11T19:00:00Z,2.539200,2.545100,2.529900,2.537700,550910
2024-04-11T20:00:00Z,2.537700,2.563800,2.536400,2.562300,631340
2024-04-11T21:00:00Z,2.562300,2.562500,2.531900,2.535400,560551
2024-04-11T22:00:00Z,2.535600,2.546700,2.532200,2.543400,371300
2024-04-11T23:00:00Z,2.543400,2.560000,2.532900,2.557100,352339
2024-04-12T00:00:00Z,2.557100,2.584200,2.555000,2.573100,865329
2024-04-12T01:00:00Z,2.572700,2.572800,2.548000,2.548500,440650
2024-04-12T02:00:00Z,2.548800,2.564600,2.540900,2.549100,473316
2024-04-12T03:00:00Z,2.549100,2.561400,2.546900,2.552800,395823
2024-04-12T04:00:00Z,2.552600,2.560500,2.543600,2.555900,330334
2024-04-12T05:00:00Z,2.555700,2.556000,2.537500,2.544500,700804
2024-04-12T06:00:00Z,2.544300,2.553200,2.516200,2.522500,593570
2024-04-12T07:00:00Z,2.522400,2.523700,2.496700,2.502100,541075
2024-04-12T08:00:00Z,2.501800,2.521700,2.498800,2.511400,603756
2024-04-12T09:00:00Z,2.511400,2.518700,2.495000,2.502800,498610
2024-04-12T10:00:00Z,2.502800,2.514100,2.481400,2.511400,873874
2024-04-12T11:00:00Z,2.510900,2.517100,2.499900,2.500600,349101
2024-04-12T12:00:00Z,2.500400,2.500800,2.460000,2.469300,1155487
2024-04-12T13:00:00Z,2.469500,2.500200,2.432300,2.448600,4875850
2024-04-12T14:00:00Z,2.448900,2.466400,2.420000,2.427800,1553461
2024-04-12T15:00:00Z,2.427500,2.447000,2.419800,2.425300,1026090
2024-04-12T16:00:00Z,2.424900,2.428500,2.383900,2.402700,1760320
2024-04-12T17:00:00Z,2.402400,2.415800,2.241300,2.339200,8609233
2024-04-12T18:00:00Z,2.339200,2.351100,1.821700,1.993700,19160050
2024-04-12T19:00:00Z,1.994700,2.150000,1.969600,2.102200,11464917
2024-04-12T20:00:00Z,2.102300,2.149000,2.089600,2.130800,3376281
2024-04-12T21:00:00Z,2.131100,2.132200,2.095000,2.110500,1523145
2024-04-12T22:00:00Z,2.110700,2.115500,2.078900,2.099600,1014715
2024-04-12T23:00:00Z,2.100300,2.126400,2.080100,2.113500,1667800
2024-04-13T00:00:00Z,2.113600,2.117000,2.076500,2.095900,1524202
2024-04-13T01:00:00Z,2.096100,2.097900,2.020600,2.029300,2190811
2024-04-13T02:00:00Z,2.029200,2.078800,2.028200,2.061800,1761277
2024-04-13T03:00:00Z,2.061800,2.085800,2.051300,2.074700,1181111
2024-04-13T04:00:00Z,2.074900,2.096000,2.060700,2.082600,1139026
2024-04-13T05:00:00Z,2.083100,2.106900,2.082900,2.101400,1051682
2024-04-13T06:00:00Z,2.101500,2.120000,2.091600,2.116600,843912
2024-04-13T07:00:00Z,2.116600,2.127700,2.091400,2.101100,752397
2024-04-13T08:00:00Z,2.101100,2.102200,2.058300,2.059500,1390055
2024-04-13T09:00:00Z,2.059400,2.071300,2.030000,2.049500,2862957
2024-04-13T10:00:00Z,2.049400,2.081200,2.042900,2.072300,1105193
2024-04-13T11:00:00Z,2.072400,2.095300,2.052600,2.057500,1087304
2024-04-13T12:00:00Z,2.057500,2.093900,2.055000,2.071900,954867
2024-04-13T13:00:00Z,2.072300,2.088800,2.038700,2.040100,1442822
2024-04-13T14:00:00Z,2.040400,2.045400,2.001100,2.006100,2124907
2024-04-13T15:00:00Z,2.006000,2.042800,2.000100,2.015700,1422124
2024-04-13T16:00:00Z,2.015700,2.026400,1.960700,1.974500,2848153
2024-04-13T17:00:00Z,1.974500,1.975600,1.876500,1.915000,6525745
2024-04-13T18:00:00Z,1.915000,1.961100,1.891500,1.954500,3262908
2024-04-13T19:00:00Z,1.954700,1.961700,1.599100,1.764000,7169254
2024-04-13T20:00:00Z,1.763900,1.782000,1.492500,1.644600,22945634
2024-04-13T21:00:00Z,1.644800,1.759300,1.627800,1.751200,6894606
2024-04-13T22:00:00Z,1.751100,1.830400,1.715200,1.823200,5970632
2024-04-13T23:00:00Z,1.822800,1.872600,1.816700,1.845500,4069945
2024-04-14T00:00:00Z,1.845100,1.859300,1.784000,1.804200,3015914
2024-04-14T01:00:00Z,1.803700,1.854000,1.769700,1.834400,2585319
2024-04-14T02:00:00Z,1.834500,1.845500,1.807200,1.832500,1764012
2024-04-14T03:00:00Z,1.832800,1.868000,1.793100,1.866000,2225054
2024-04-14T04:00:00Z,1.865900,1.928100,1.850300,1.910700,2542895
2024-04-14T05:00:00Z,1.910500,1.962900,1.905700,1.945900,2057949
2024-04-14T06:00:00Z,1.945900,1.981200,1.925300,1.972200,1300299
2024-04-14T07:00:00Z,1.971900,2.001900,1.961800,2.001600,1118322
2024-04-14T08:00:00Z,2.001300,2.006500,1.969400,1.976000,1540636
2024-04-14T09:00:00Z,1.975900,1.998200,1.964400,1.992800,1572157
2024-04-14T10:00:00Z,1.992800,2.006400,1.980600,1.992400,1011180
2024-04-14T11:00:00Z,1.992300,1.998700,1.935000,1.941100,1912450
2024-04-14T12:00:00Z,1.941000,1.979100,1.924800,1.952200,1632945
2024-04-14T13:00:00Z,1.952100,1.993300,1.941600,1.944200,1905646
2024-04-14T14:00:00Z,1.943700,2.005000,1.925500,1.974200,2816299
2024-04-14T15:00:00Z,1.973800,2.006800,1.957700,1.977300,1978820
2024-04-14T16:00:00Z,1.977100,2.024100,1.967300,1.992800,2178398
2024-04-14T17:00:00Z,1.992800,2.017400,1.902700,1.976400,6446224
2024-04-14T18:00:00Z,1.976500,2.017800,1.975700,2.001800,1568369
2024-04-14T19:00:00Z,2.001800,2.023500,1.990700,2.008200,1776401
2024-04-14T20:00:00Z,2.008200,2.026400,1.985100,1.997700,1409566
2024-04-14T21:00:00Z,1.998000,2.016800,1.991500,2.009300,1036331
2024-04-14T22:00:00Z,2.009300,2.126300,2.009300,2.123900,2219740
2024-04-14T23:00:00Z,2.123500,2.167500,2.103400,2.108400,2260870
2024-04-15T00:00:00Z,2.108400,2.108400,2.056700,2.065200,1558580
2024-04-15T01:00:00Z,2.064900,2.088500,2.045500,2.082600,1117095
2024-04-15T02:00:00Z,2.082500,2.082500,2.037700,2.049300,869500
2024-04-15T03:00:00Z,2.049300,2.064400,2.040400,2.050200,680141
2024-04-15T04:00:00Z,2.050100,2.057700,2.027500,2.045500,808803
2024-04-15T05:00:00Z,2.045400,2.081300,2.042400,2.074200,842630
2024-04-15T06:00:00Z,2.074200,2.156800,2.068200,2.144700,2409959
2024-04-15T07:00:00Z,2.144600,2.154800,2.112200,2.117400,1617551
2024-04-15T08:00:00Z,2.117200,2.136500,2.096900,2.102100,1331713
2024-04-15T09:00:00Z,2.101900,2.102300,2.077600,2.089800,1280480
2024-04-15T10:00:00Z,2.089700,2.112400,2.084700,2.103300,781794
2024-04-15T11:00:00Z,2.103200,2.107400,2.053000,2.060000,1435426
2024-04-15T12:00:00Z,2.060200,2.076400,2.054400,2.067100,992549
2024-04-15T13:00:00Z,2.067200,2.089600,2.048100,2.054500,1786509
2024-04-15T14:00:00Z,2.054300,2.077800,1.994100,2.000100,3549196
2024-04-15T15:00:00Z,2.000500,2.030600,1.975200,2.015900,3740750
2024-04-15T16:00:00Z,2.016200,2.032600,1.993500,1.996000,1800641
2024-04-15T17:00:00Z,1.995900,2.036900,1.976300,2.018400,3082909
2024-04-15T18:00:00Z,2.018700,2.024300,1.972500,1.976700,2297955
2024-04-15T19:00:00Z,1.976200,2.077200,1.953500,2.069200,3650822
2024-04-15T20:00:00Z,2.069000,2.107400,2.026400,2.035400,2640761
2024-04-15T21:00:00Z,2.035600,2.053300,2.014200,2.046400,1288819
2024-04-15T22:00:00Z,2.046400,2.077900,2.033500,2.058400,1146395
2024-04-15T23:00:00Z,2.058200,2.063200,2.033000,2.044200,580954
2024-04-16T00:00:00Z,2.044200,2.056800,2.013200,2.032900,997900
2024-04-16T01:00:00Z,2.033200,2.079300,2.021900,2.045400,1010322
2024-04-16T02:00:00Z,2.045400,2.058200,2.011200,2.045000,844452
2024-04-16T03:00:00Z,2.044400,2.057900,1.983100,1.995800,1376688
2024-04-16T04:00:00Z,1.995900,2.022700,1.922600,1.932100,4194087
2024-04-16T05:00:00Z,1.931800,1.997200,1.926800,1.979900,1847962
2024-04-16T06:00:00Z,1.980000,2.012900,1.975600,1.996700,1210836
2024-04-16T07:00:00Z,1.996700,2.045500,1.995400,2.027500,1538501
2024-04-16T08:00:00Z,2.027400,2.034500,2.005500,2.016000,778074
2024-04-16T09:00:00Z,2.015900,2.030700,1.982900,1.987900,1662167
2024-04-16T10:00:00Z,1.987700,1.992300,1.912000,1.954700,2603137
2024-04-16T11:00:00Z,1.954700,2.005100,1.945600,1.997800,1618975
2024-04-16T12:00:00Z,1.997700,1.999200,1.966300,1.972300,1173602
2024-04-16T13:00:00Z,1.972200,1.976300,1.913900,1.942500,2064618
2024-04-16T14:00:00Z,1.942900,1.983000,1.924800,1.926200,1660821
2024-04-16T15:00:00Z,1.926100,1.937500,1.896700,1.903100,1578207
2024-04-16T16:00:00Z,1.902600,1.976900,1.897500,1.976700,1487643
2024-04-16T17:00:00Z,1.977000,2.013800,1.970500,1.978300,1352503
2024-04-16T18:00:00Z,1.978300,2.001500,1.964800,1.995500,907746
2024-04-16T19:00:00Z,1.995600,2.001900,1.970600,1.981100,599566
2024-04-16T20:00:00Z,1.980900,2.001500,1.978000,1.997200,611030
2024-04-16T21:00:00Z,1.997600,2.023400,1.995400,2.015300,604873
2024-04-16T22:00:00Z,2.015300,2.020100,2.003500,2.018000,427279
2024-04-16T23:00:00Z,2.018000,2.022200,2.000300,2.004500,353581
2024-04-17T00:00:00Z,2.004400,2.021300,1.987300,2.005000,559486
2024-04-17T01:00:00Z,2.004300,2.009700,1.971900,1.997400,528673
2024-04-17T02:00:00Z,1.997800,2.006700,1.979200,1.999600,516460
2024-04-17T03:00:00Z,1.999600,2.005800,1.984700,1.994700,385668
2024-04-17T04:00:00Z,1.994400,2.033000,1.987400,2.025000,620210
2024-04-17T05:00:00Z,2.025200,2.027000,1.990000,1.995200,487270
2024-04-17T06:00:00Z,1.995600,2.005500,1.981600,1.995400,497580
2024-04-17T07:00:00Z,1.994900,2.001400,1.976100,1.991800,552306
2024-04-17T08:00:00Z,1.991200,2.003100,1.979000,1.988700,555354
2024-04-17T09:00:00Z,1.988600,2.000300,1.980500,1.985500,494278
2024-04-17T10:00:00Z,1.985800,1.992200,1.966100,1.971100,597094
2024-04-17T11:00:00Z,1.971100,1.979300,1.945000,1.949000,721335
2024-04-17T12:00:00Z,1.949000,1.955900,1.923700,1.939800,943249
2024-04-17T13:00:00Z,1.940500,1.975000,1.936100,1.951700,795505
2024-04-17T14:00:00Z,1.951600,1.952000,1.885800,1.922100,2534815
2024-04-17T15:00:00Z,1.922200,1.929600,1.874400,1.888500,1995135
2024-04-17T16:00:00Z,1.888700,1.915600,1.862900,1.873800,1938092
2024-04-17T17:00:00Z,1.874100,1.928800,1.871600,1.923300,1209667
2024-04-17T18:00:00Z,1.923500,1.975000,1.919400,1.953600,1725440
2024-04-17T19:00:00Z,1.953600,1.954200,1.918400,1.934000,970385
2024-04-17T20:00:00Z,1.934000,1.942700,1.904100,1.905900,757116
2024-04-17T21:00:00Z,1.906100,1.948800,1.906100,1.925400,485572
2024-04-17T22:00:00Z,1.925400,1.928600,1.909600,1.916300,621007
2024-04-17T23:00:00Z,1.916200,1.927800,1.888300,1.890800,597364
2024-04-18T00:00:00Z,1.891000,1.902400,1.843900,1.887300,1655112
2024-04-18T01:00:00Z,1.887200,1.930800,1.886100,1.918800,1305331
2024-04-18T02:00:00Z,1.919400,1.927000,1.901600,1.922300,524685
2024-04-18T03:00:00Z,1.922700,1.949400,1.920400,1.925100,737962
2024-04-18T04:00:00Z,1.925000,1.942200,1.922500,1.929400,429439
2024-04-18T05:00:00Z,1.929600,1.947100,1.922600,1.925600,685175
2024-04-18T06:00:00Z,1.925700,1.931200,1.883100,1.900500,871319
2024-04-18T07:00:00Z,1.900700,1.916900,1.883100,1.900100,658326
2024-04-18T08:00:00Z,1.900100,1.938300,1.887600,1.929300,875796
2024-04-18T09:00:00Z,1.929400,1.958200,1.926200,1.955800,625262
2024-04-18T10:00:00Z,1.955700,1.965000,1.946000,1.958800,723081
2024-04-18T11:00:00Z,1.958800,1.997400,1.957900,1.987100,1109112
2024-04-18T12:00:00Z,1.986700,1.994900,1.940700,1.964900,943905
2024-04-18T13:00:00Z,1.964700,1.978900,1.942400,1.969600,801152
2024-04-18T14:00:00Z,1.969700,2.008400,1.953000,1.997500,1295619
2024-04-18T15:00:00Z,1.997700,2.007900,1.979500,1.998000,737701
2024-04-18T16:00:00Z,1.998100,2.008800,1.975100,1.981100,850901
2024-04-18T17:00:00Z,1.981300,1.983200,1.945700,1.948200,834172
2024-04-18T18:00:00Z,1.948200,1.963700,1.936500,1.959100,673148
2024-04-18T19:00:00Z,1.959400,1.985200,1.958300,1.982700,517905
2024-04-18T20:00:00Z,1.983200,1.996200,1.977300,1.995000,545259
2024-04-18T21:00:00Z,1.995000,2.001300,1.986600,1.992700,411516
2024-04-18T22:00:00Z,1.992500,2.004200,1.990200,1.995700,491257
2024-04-18T23:00:00Z,1.995600,2.003800,1.985000,1.988300,277246
2024-04-19T00:00:00Z,1.988200,1.988300,1.958300,1.958700,486450
2024-04-19T01:00:00Z,1.958700,1.959600,1.875300,1.887400,1800041
2024-04-19T02:00:00Z,1.887400,1.899000,1.835600,1.896200,2185407
2024-04-19T03:00:00Z,1.895900,1.951200,1.892800,1.932500,1496934
2024-04-19T04:00:00Z,1.932600,1.971700,1.930100,1.952100,909116
2024-04-19T05:00:00Z,1.952200,1.961600,1.934800,1.944700,545503
2024-04-19T06:00:00Z,1.944500,2.037300,1.930900,2.031700,1403463
2024-04-19T07:00:00Z,2.031800,2.050000,2.001000,2.021600,1265089
2024-04-19T08:00:00Z,2.021700,2.045200,2.012300,2.038000,815581
2024-04-19T09:00:00Z,2.038800,2.045800,2.027300,2.040600,655443
2024-04-19T10:00:00Z,2.040700,2.051400,2.023000,2.040600,712626
2024-04-19T11:00:00Z,2.040400,2.044800,2.024000,2.027900,499200
2024-04-19T12:00:00Z,2.028100,2.038500,2.008100,2.018700,608885
2024-04-19T13:00:00Z,2.018100,2.033900,1.997500,2.016000,834011
2024-04-19T14:00:00Z,2.016300,2.019700,1.982500,1.998500,1117847
2024-04-19T15:00:00Z,1.998600,2.022100,1.993200,2.007400,577586
2024-04-19T16:00:00Z,2.007300,2.016800,1.976400,2.002000,868683
2024-04-19T17:00:00Z,2.002100,2.019200,1.992400,2.012400,603432
2024-04-19T18:00:00Z,2.012400,2.012600,1.992100,1.998400,541081
2024-04-19T19:00:00Z,1.998700,2.013900,1.995000,2.011600,364551
2024-04-19T20:00:00Z,2.011800,2.012400,1.982400,1.991600,350699
2024-04-19T21:00:00Z,1.991700,2.011600,1.991500,2.010000,358521
2024-04-19T22:00:00Z,2.010300,2.016200,1.990100,1.990100,300895
2024-04-19T23:00:00Z,1.990300,1.999200,1.951200,1.984600,1115032
2024-04-20T00:00:00Z,1.984200,1.997400,1.966600,1.966600,531246
2024-04-20T01:00:00Z,1.966500,2.000200,1.956900,1.992600,478371
2024-04-20T02:00:00Z,1.992300,2.005100,1.986500,1.992700,417184
2024-04-20T03:00:00Z,1.993300,1.997400,1.975300,1.987900,309827
2024-04-20T04:00:00Z,1.987800,1.999000,1.980500,1.991700,306518
2024-04-20T05:00:00Z,1.991600,1.997600,1.986100,1.990800,252765
2024-04-20T06:00:00Z,1.991100,2.002000,1.983200,1.993200,430517
2024-04-20T07:00:00Z,1.993300,1.997100,1.986000,1.988800,283179
2024-04-20T08:00:00Z,1.989100,1.990400,1.971100,1.976800,412743
2024-04-20T09:00:00Z,1.976800,1.979100,1.953100,1.968800,503850
2024-04-20T10:00:00Z,1.968700,1.976900,1.958300,1.971200,419548
2024-04-20T11:00:00Z,1.970900,1.978900,1.966900,1.973200,304926
2024-04-20T12:00:00Z,1.973300,1.992000,1.966400,1.985500,419400
2024-04-20T13:00:00Z,1.985800,2.010400,1.985400,1.996600,781713
2024-04-20T14:00:00Z,1.996700,2.007300,1.990300,2.001700,448892
2024-04-20T15:00:00Z,2.001900,2.051700,1.995100,2.049400,899987
2024-04-20T16:00:00Z,2.049400,2.063300,2.034000,2.056400,1076578
2024-04-20T17:00:00Z,2.056700,2.112200,2.056200,2.107900,1366198
2024-04-20T18:00:00Z,2.107700,2.115400,2.080000,2.084200,974543
2024-04-20T19:00:00Z,2.083700,2.101400,2.075600,2.098700,452354
2024-04-20T20:00:00Z,2.098800,2.113400,2.092900,2.098100,434471
2024-04-20T21:00:00Z,2.098200,2.110600,2.094300,2.106300,302954
2024-04-20T22:00:00Z,2.106700,2.108400,2.086000,2.086600,463967
2024-04-20T23:00:00Z,2.086300,2.113900,2.086000,2.105300,355330
2024-04-21T00:00:00Z,2.105300,2.111400,2.073600,2.089100,679012
2024-04-21T01:00:00Z,2.089400,2.114200,2.088800,2.099800,415645
2024-04-21T02:00:00Z,2.099900,2.133800,2.096200,2.123000,631896
2024-04-21T03:00:00Z,2.123400,2.139200,2.100000,2.104800,518125
2024-04-21T04:00:00Z,2.104600,2.110500,2.089700,2.104200,425838
2024-04-21T05:00:00Z,2.104900,2.113300,2.090400,2.096700,280044
2024-04-21T06:00:00Z,2.096900,2.115100,2.092200,2.105600,527423
2024-04-21T07:00:00Z,2.105400,2.114600,2.092400,2.113600,396587
2024-04-21T08:00:00Z,2.113700,2.138300,2.097000,2.101300,673585
2024-04-21T09:00:00Z,2.101300,2.111200,2.092200,2.107500,435449
2024-04-21T10:00:00Z,2.107500,2.124000,2.092400,2.117400,670987
2024-04-21T11:00:00Z,2.117800,2.128800,2.105300,2.110700,316204
2024-04-21T12:00:00Z,2.110300,2.112700,2.084900,2.091500,489387
2024-04-21T13:00:00Z,2.091200,2.097400,2.068700,2.080100,684216
2024-04-21T14:00:00Z,2.080100,2.090300,2.069700,2.073000,462776
2024-04-21T15:00:00Z,2.074200,2.098400,2.073500,2.091300,512378
2024-04-21T16:00:00Z,2.091100,2.093300,2.048100,2.074500,1282336
2024-04-21T17:00:00Z,2.074300,2.089400,2.061200,2.084200,525275
2024-04-21T18:00:00Z,2.084400,2.085000,2.072700,2.078700,348576
2024-04-21T19:00:00Z,2.078000,2.090400,2.073900,2.073900,300805
2024-04-21T20:00:00Z,2.073900,2.089600,2.067800,2.089100,306728
2024-04-21T21:00:00Z,2.089500,2.104400,2.077900,2.083600,388235
2024-04-21T22:00:00Z,2.083700,2.096700,2.078100,2.085300,411000
2024-04-21T23:00:00Z,2.085300,2.085800,2.073100,2.083100,395235
2024-04-22T00:00:00Z,2.082900,2.113100,2.076300,2.088400,659809
2024-04-22T01:00:00Z,2.088400,2.119500,2.078200,2.085000,622738
2024-04-22T02:00:00Z,2.084400,2.095400,2.070600,2.090500,441638
2024-04-22T03:00:00Z,2.090600,2.151200,2.086500,2.138700,765966
2024-04-22T04:00:00Z,2.138500,2.155900,2.130000,2.139000,760060
2024-04-22T05:00:00Z,2.139100,2.154400,2.131500,2.152700,579878
2024-04-22T06:00:00Z,2.152700,2.164300,2.145600,2.154100,716458
2024-04-22T07:00:00Z,2.154300,2.164700,2.126200,2.127700,625631
2024-04-22T08:00:00Z,2.127500,2.135900,2.112500,2.114600,504384
2024-04-22T09:00:00Z,2.114700,2.135900,2.103100,2.134400,696385
2024-04-22T10:00:00Z,2.134600,2.142400,2.127000,2.137800,601918
2024-04-22T11:00:00Z,2.137900,2.142500,2.120000,2.127200,492170
2024-04-22T12:00:00Z,2.127100,2.140900,2.116800,2.128400,933196
2024-04-22T13:00:00Z,2.128000,2.138900,2.103200,2.123200,694214
2024-04-22T14:00:00Z,2.123100,2.129000,2.106000,2.109100,575006
2024-04-22T15:00:00Z,2.109200,2.124100,2.094500,2.122400,568799
2024-04-22T16:00:00Z,2.122400,2.140700,2.105700,2.114400,609521
2024-04-22T17:00:00Z,2.114700,2.157700,2.113400,2.141000,1032014
2024-04-22T18:00:00Z,2.141300,2.152200,2.135900,2.138600,394497
2024-04-22T19:00:00Z,2.138700,2.140600,2.119100,2.134800,289098
2024-04-22T20:00:00Z,2.134500,2.151000,2.130200,2.145200,290267
2024-04-22T21:00:00Z,2.145400,2.154500,2.140200,2.152000,206762
2024-04-22T22:00:00Z,2.152200,2.168100,2.148100,2.163200,372463
2024-04-22T23:00:00Z,2.163400,2.176200,2.142600,2.148000,749886
2024-04-23T00:00:00Z,2.148100,2.177900,2.140400,2.174800,529060
2024-04-23T01:00:00Z,2.174900,2.176900,2.150800,2.150900,478803
2024-04-23T02:00:00Z,2.151000,2.161800,2.135400,2.141100,305567
2024-04-23T03:00:00Z,2.141200,2.148300,2.118800,2.124100,491801
2024-04-23T04:00:00Z,2.124300,2.140600,2.114600,2.128500,480045
2024-04-23T05:00:00Z,2.128600,2.145300,2.125200,2.136800,356055
2024-04-23T06:00:00Z,2.136800,2.146200,2.116400,2.123500,444764
2024-04-23T07:00:00Z,2.123400,2.129100,2.100500,2.110400,684787
2024-04-23T08:00:00Z,2.110600,2.124800,2.102900,2.121300,456036
2024-04-23T09:00:00Z,2.121300,2.125500,2.108600,2.120500,427332
2024-04-23T10:00:00Z,2.120400,2.134600,2.117200,2.118000,772864
2024-04-23T11:00:00Z,2.118100,2.119700,2.093400,2.104700,779008
2024-04-23T12:00:00Z,2.104300,2.116800,2.094200,2.112800,672453
2024-04-23T13:00:00Z,2.112900,2.130000,2.097500,2.119200,648622
2024-04-23T14:00:00Z,2.119600,2.158300,2.116200,2.148400,1581488
2024-04-23T15:00:00Z,2.148500,2.149300,2.123300,2.132900,975442
2024-04-23T16:00:00Z,2.133000,2.143200,2.119200,2.120400,634339
2024-04-23T17:00:00Z,2.120100,2.130400,2.106500,2.119000,440922
2024-04-23T18:00:00Z,2.119100,2.125600,2.101200,2.116700,498180
2024-04-23T19:00:00Z,2.116500,2.119700,2.105000,2.114200,299028
2024-04-23T20:00:00Z,2.114300,2.119800,2.094500,2.115200,568034
2024-04-23T21:00:00Z,2.115500,2.115500,2.098300,2.103700,237311
2024-04-23T22:00:00Z,2.103600,2.116200,2.098100,2.105200,370802
2024-04-23T23:00:00Z,2.105200,2.110800,2.089300,2.105200,260010
2024-04-24T00:00:00Z,2.105100,2.130800,2.088100,2.120500,850843
2024-04-24T01:00:00Z,2.120600,2.138900,2.118600,2.129400,644455
2024-04-24T02:00:00Z,2.129300,2.134800,2.101400,2.112900,414540
2024-04-24T03:00:00Z,2.112800,2.131400,2.108400,2.117100,299934
2024-04-24T04:00:00Z,2.117400,2.164900,2.113700,2.160700,931504
2024-04-24T05:00:00Z,2.160700,2.161800,2.123900,2.133800,721841
2024-04-24T06:00:00Z,2.134200,2.149200,2.120100,2.140600,533658
2024-04-24T07:00:00Z,2.140700,2.153700,2.134200,2.136400,454460
2024-04-24T08:00:00Z,2.136300,2.150700,2.133700,2.144300,431610
2024-04-24T09:00:00Z,2.144300,2.145600,2.119100,2.136100,503273
2024-04-24T10:00:00Z,2.135700,2.162000,2.130400,2.157700,598341
2024-04-24T11:00:00Z,2.157700,2.188900,2.152800,2.171200,938693
2024-04-24T12:00:00Z,2.171300,2.185800,2.150500,2.152600,665856
2024-04-24T13:00:00Z,2.152400,2.155100,2.095900,2.105600,1901148
2024-04-24T14:00:00Z,2.105400,2.120300,2.056800,2.082300,2447930
2024-04-24T15:00:00Z,2.081700,2.083200,2.041000,2.047400,1175012
2024-04-24T16:00:00Z,2.047300,2.059200,2.019000,2.032600,1114227
2024-04-24T17:00:00Z,2.032800,2.065200,2.031700,2.047400,667989
2024-04-24T18:00:00Z,2.047600,2.048200,2.011600,2.018100,669342
2024-04-24T19:00:00Z,2.018700,2.050700,2.001200,2.035900,797066
2024-04-24T20:00:00Z,2.035900,2.045000,2.010300,2.020000,517018
2024-04-24T21:00:00Z,2.020200,2.033500,2.005600,2.033100,392288
2024-04-24T22:00:00Z,2.033100,2.033200,1.986500,1.997700,591669
2024-04-24T23:00:00Z,1.997700,2.010500,1.979600,2.005800,738755
2024-04-25T00:00:00Z,2.006100,2.019200,2.000800,2.010900,381853
2024-04-25T01:00:00Z,2.010800,2.023800,1.982000,1.983600,355425
2024-04-25T02:00:00Z,1.983100,2.003700,1.970900,1.998400,669044
2024-04-25T03:00:00Z,1.998200,2.008100,1.977700,1.982400,459799
2024-04-25T04:00:00Z,1.982700,1.997700,1.953700,1.991300,881121
2024-04-25T05:00:00Z,1.992000,2.007000,1.979600,1.997000,316470
2024-04-25T06:00:00Z,1.997400,2.006400,1.989600,1.993200,306975
2024-04-25T07:00:00Z,1.993100,1.999400,1.975500,1.983400,362962
2024-04-25T08:00:00Z,1.983300,1.998500,1.971800,1.983000,640323
2024-04-25T09:00:00Z,1.983100,1.997300,1.969600,1.977100,392790
2024-04-25T10:00:00Z,1.977300,1.977400,1.946200,1.955000,1152831
2024-04-25T11:00:00Z,1.954900,1.981300,1.952600,1.971200,591659
2024-04-25T12:00:00Z,1.971300,1.999800,1.961300,1.968700,909933
2024-04-25T13:00:00Z,1.968400,1.996600,1.954500,1.989400,1163922
2024-04-25T14:00:00Z,1.990100,2.016100,1.986000,2.001100,956430
2024-04-25T15:00:00Z,2.001200,2.044300,1.994700,2.043700,886052
2024-04-25T16:00:00Z,2.043800,2.055400,2.020000,2.034200,2346956
2024-04-25T17:00:00Z,2.033900,2.041200,2.016600,2.033900,491525
2024-04-25T18:00:00Z,2.033600,2.038000,2.017400,2.035700,1730321
2024-04-25T19:00:00Z,2.036100,2.044600,2.025000,2.040900,520321
2024-04-25T20:00:00Z,2.040600,2.056900,2.032500,2.053200,439233
2024-04-25T21:00:00Z,2.052900,2.069400,2.050900,2.051600,427907
2024-04-25T22:00:00Z,2.051800,2.052600,2.030300,2.031900,363064
2024-04-25T23:00:00Z,2.031900,2.039800,2.024200,2.030500,238474
2024-04-26T00:00:00Z,2.030000,2.035300,2.001700,2.015600,600722
2024-04-26T01:00:00Z,2.015700,2.026400,1.983800,2.014800,852857
2024-04-26T02:00:00Z,2.014300,2.033800,2.010600,2.019400,379183
2024-04-26T03:00:00Z,2.019200,2.024500,1.998100,2.000200,256941
2024-04-26T04:00:00Z,2.000000,2.012500,1.985200,1.997100,403701
2024-04-26T05:00:00Z,1.996900,2.016600,1.993300,2.015800,292713
2024-04-26T06:00:00Z,2.015800,2.018000,1.986800,1.992600,389525
2024-04-26T07:00:00Z,1.992600,1.999700,1.980200,1.981900,451491
2024-04-26T08:00:00Z,1.982100,1.993300,1.973700,1.980200,455377
2024-04-26T09:00:00Z,1.980300,1.991100,1.974400,1.982200,505434
2024-04-26T10:00:00Z,1.982800,1.990300,1.956800,1.959700,442066
2024-04-26T11:00:00Z,1.959700,1.969300,1.959000,1.963000,316689
2024-04-26T12:00:00Z,1.962900,1.981600,1.951000,1.959500,577020
2024-04-26T13:00:00Z,1.959600,1.980500,1.932500,1.977400,771954
2024-04-26T14:00:00Z,1.977300,2.007200,1.964500,1.973100,900265
2024-04-26T15:00:00Z,1.972900,1.978000,1.948300,1.970100,629019
2024-04-26T16:00:00Z,1.969700,1.976000,1.954400,1.962500,840612
2024-04-26T17:00:00Z,1.962500,1.975000,1.957400,1.969400,321292
2024-04-26T18:00:00Z,1.969400,1.979900,1.963800,1.979300,258681
2024-04-26T19:00:00Z,1.979500,1.983500,1.965800,1.966300,342417
2024-04-26T20:00:00Z,1.965800,1.979700,1.956000,1.964100,491272
2024-04-26T21:00:00Z,1.964100,1.971800,1.956900,1.969900,225245
2024-04-26T22:00:00Z,1.969800,1.972500,1.930200,1.937000,453482
2024-04-26T23:00:00Z,1.936900,1.950200,1.936100,1.949100,225800
2024-04-27T00:00:00Z,1.949000,1.960000,1.918700,1.939200,716149
2024-04-27T01:00:00Z,1.939300,1.939900,1.872700,1.908500,1870895
2024-04-27T02:00:00Z,1.908400,1.940700,1.901700,1.927400,695993
2024-04-27T03:00:00Z,1.927000,1.939500,1.926000,1.932100,464484
2024-04-27T04:00:00Z,1.931600,1.952600,1.929600,1.951900,297367
2024-04-27T05:00:00Z,1.951900,1.953000,1.932800,1.942600,333902
2024-04-27T06:00:00Z,1.942400,1.954400,1.936900,1.945100,294081
2024-04-27T07:00:00Z,1.945000,1.953000,1.935500,1.936200,191864
2024-04-27T08:00:00Z,1.936200,1.941700,1.933200,1.937600,289081
2024-04-27T09:00:00Z,1.937400,1.950300,1.931500,1.940600,259668
2024-04-27T10:00:00Z,1.940500,1.943000,1.921700,1.926600,377660
2024-04-27T11:00:00Z,1.926800,1.940000,1.916900,1.932000,325482
2024-04-27T12:00:00Z,1.931900,1.949900,1.926600,1.944800,331353
2024-04-27T13:00:00Z,1.944800,1.961700,1.941600,1.957300,332498
2024-04-27T14:00:00Z,1.957400,1.974000,1.951200,1.958700,458664
2024-04-27T15:00:00Z,1.958800,1.963800,1.944100,1.953800,360372
2024-04-27T16:00:00Z,1.953900,1.959600,1.940000,1.944500,395680
2024-04-27T17:00:00Z,1.944600,2.079200,1.944600,2.070500,2532191
2024-04-27T18:00:00Z,2.070500,2.107900,2.030800,2.077400,4237839
2024-04-27T19:00:00Z,2.077400,2.080500,2.028800,2.039400,1709889
2024-04-27T20:00:00Z,2.039500,2.046400,2.012200,2.024000,779164
2024-04-27T21:00:00Z,2.024000,2.029900,2.009900,2.023200,410818
2024-04-27T22:00:00Z,2.023200,2.058100,2.019300,2.027800,1089016
2024-04-27T23:00:00Z,2.027600,2.060700,2.024600,2.054700,556501
2024-04-28T00:00:00Z,2.055000,2.074200,2.045300,2.062700,766335
2024-04-28T01:00:00Z,2.062700,2.094900,2.050200,2.089400,1669951
2024-04-28T02:00:00Z,2.089200,2.151700,2.082100,2.142400,1799261
2024-04-28T03:00:00Z,2.142300,2.144800,2.118000,2.119600,1104701
2024-04-28T04:00:00Z,2.119700,2.123600,2.101100,2.106000,724638
2024-04-28T05:00:00Z,2.105900,2.108500,2.081200,2.092500,934538
2024-04-28T06:00:00Z,2.092600,2.113100,2.092000,2.104500,832001
2024-04-28T07:00:00Z,2.105000,2.123400,2.102500,2.105700,640762
2024-04-28T08:00:00Z,2.105900,2.112800,2.088000,2.091800,638482
2024-04-28T09:00:00Z,2.092100,2.098500,2.072000,2.079200,908750
2024-04-28T10:00:00Z,2.079100,2.081700,2.057400,2.065200,847316
2024-04-28T11:00:00Z,2.065200,2.068100,2.038000,2.045800,879766
2024-04-28T12:00:00Z,2.045900,2.056000,2.038700,2.048200,637464
2024-04-28T13:00:00Z,2.048200,2.076500,2.040600,2.075100,1008823
2024-04-28T14:00:00Z,2.075000,2.090200,2.066700,2.084000,806496
2024-04-28T15:00:00Z,2.084000,2.106500,2.081100,2.093000,675834
2024-04-28T16:00:00Z,2.092900,2.120800,2.082900,2.119700,1329523
2024-04-28T17:00:00Z,2.119400,2.155800,2.115800,2.141200,1940420
2024-04-28T18:00:00Z,2.141300,2.169900,2.140200,2.167800,1319882
2024-04-28T19:00:00Z,2.167800,2.167800,2.142400,2.145800,791647
2024-04-28T20:00:00Z,2.146000,2.156700,2.140800,2.148100,850667
2024-04-28T21:00:00Z,2.148000,2.151000,2.138100,2.144500,530647
2024-04-28T22:00:00Z,2.144500,2.162800,2.140700,2.151100,2157625
2024-04-28T23:00:00Z,2.150900,2.150900,2.111500,2.127000,2793565
2024-04-29T00:00:00Z,2.127000,2.161100,2.116900,2.148500,1592660
2024-04-29T01:00:00Z,2.148300,2.210000,2.123100,2.158700,3899852
2024-04-29T02:00:00Z,2.158900,2.167700,2.108900,2.119500,2904217
2024-04-29T03:00:00Z,2.118700,2.126300,2.084400,2.095200,2812275
2024-04-29T04:00:00Z,2.094400,2.159000,2.072400,2.143800,2790751
2024-04-29T05:00:00Z,2.143800,2.202500,2.135200,2.201500,4158479
2024-04-29T06:00:00Z,2.201000,2.205000,2.064600,2.121900,8241181
2024-04-29T07:00:00Z,2.121100,2.151000,2.102700,2.140000,3097791
2024-04-29T08:00:00Z,2.140100,2.150300,2.091100,2.128200,3089879
2024-04-29T09:00:00Z,2.128300,2.171700,2.100800,2.153700,3828747
2024-04-29T10:00:00Z,2.153800,2.185000,2.131500,2.141200,4160235
2024-04-29T11:00:00Z,2.140200,2.170000,2.067200,2.103500,5117538
2024-04-29T12:00:00Z,2.103500,2.175200,2.092400,2.164300,4547568
2024-04-29T13:00:00Z,2.164500,2.177900,2.118600,2.133100,4222208
2024-04-29T14:00:00Z,2.133400,2.142300,2.101200,2.112500,3831077
2024-04-29T15:00:00Z,2.112200,2.132100,2.094000,2.111400,2286699
2024-04-29T16:00:00Z,2.111600,2.114900,2.035000,2.042000,3828235
2024-04-29T17:00:00Z,2.041900,2.059000,2.021000,2.053400,1873544
2024-04-29T18:00:00Z,2.053400,2.072700,2.049000,2.067200,1976069
2024-04-29T19:00:00Z,2.067400,2.087400,2.051200,2.087400,1466624
2024-04-29T20:00:00Z,2.087400,2.118700,2.072600,2.073000,1625207
2024-04-29T21:00:00Z,2.073100,2.075600,2.050000,2.071700,980742
2024-04-29T22:00:00Z,2.071700,2.231600,2.067700,2.224100,4922297
2024-04-29T23:00:00Z,2.224000,2.250800,2.177600,2.193100,4016679
2024-04-30T00:00:00Z,2.193200,2.196000,2.162300,2.187700,2354616
2024-04-30T01:00:00Z,2.187600,2.202700,2.160200,2.162100,2266253
2024-04-30T02:00:00Z,2.162300,2.166500,2.137000,2.143500,3029493
2024-04-30T03:00:00Z,2.143400,2.159000,2.128200,2.136000,1503365
2024-04-30T04:00:00Z,2.135900,2.156600,2.126800,2.141500,1104767
2024-04-30T05:00:00Z,2.141900,2.154700,2.132300,2.143700,1212284
2024-04-30T06:00:00Z,2.143800,2.165600,2.135000,2.154000,1169103
2024-04-30T07:00:00Z,2.153900,2.163200,2.138800,2.148800,1192519
2024-04-30T08:00:00Z,2.148100,2.154900,2.058200,2.069600,4066248
2024-04-30T09:00:00Z,2.069600,2.075400,2.014700,2.015600,3296488
2024-04-30T10:00:00Z,2.015400,2.020500,1.965700,1.979100,3602608
2024-04-30T11:00:00Z,1.979100,1.979100,1.944500,1.954800,2453943
2024-04-30T12:00:00Z,1.954600,1.966800,1.923700,1.941000,3139251
2024-04-30T13:00:00Z,1.940400,1.950500,1.887600,1.892700,3776282
2024-04-30T14:00:00Z,1.892600,1.906300,1.850100,1.887900,5613617
2024-04-30T15:00:00Z,1.887800,1.900700,1.862200,1.867800,1931473
2024-04-30T16:00:00Z,1.867800,1.873000,1.820000,1.862800,3613763
2024-04-30T17:00:00Z,1.862700,1.875200,1.847100,1.866700,1578781
2024-04-30T18:00:00Z,1.866600,1.869600,1.840600,1.854700,1558695
2024-04-30T19:00:00Z,1.854700,1.862700,1.816200,1.825200,2639118
2024-04-30T20:00:00Z,1.825500,1.863900,1.824600,1.829600,1750541
2024-04-30T21:00:00Z,1.829700,1.852300,1.828600,1.845600,1495332
2024-04-30T22:00:00Z,1.845600,1.921800,1.844600,1.895600,2785565
2024-04-30T23:00:00Z,1.895400,1.896600,1.866700,1.870200,1299789
2024-05-01T00:00:00Z,1.870200,1.877500,1.841500,1.845200,1656516
2024-05-01T01:00:00Z,1.845400,1.890700,1.841300,1.878400,1945188
2024-05-01T02:00:00Z,1.878200,1.884200,1.855100,1.869100,2567514
2024-05-01T03:00:00Z,1.869100,1.889200,1.862200,1.884300,808871
2024-05-01T04:00:00Z,1.884300,1.943200,1.875200,1.897700,3875765
2024-05-01T05:00:00Z,1.897900,1.912100,1.891500,1.904600,1477624
2024-05-01T06:00:00Z,1.904700,1.909900,1.883600,1.887400,1746711
2024-05-01T07:00:00Z,1.887300,1.904200,1.823500,1.863500,6029429
2024-05-01T08:00:00Z,1.863600,1.864200,1.811700,1.851700,2772901
2024-05-01T09:00:00Z,1.851400,1.877400,1.834500,1.847500,1995543
2024-05-01T10:00:00Z,1.847500,1.898000,1.845300,1.882200,1721121
2024-05-01T11:00:00Z,1.882200,1.892000,1.858400,1.891900,841516
2024-05-01T12:00:00Z,1.892000,1.945100,1.887400,1.930500,2656050
2024-05-01T13:00:00Z,1.931100,1.938800,1.882700,1.909100,1878512
2024-05-01T14:00:00Z,1.909500,1.920500,1.891600,1.911500,1276193
2024-05-01T15:00:00Z,1.911400,1.922100,1.884900,1.902400,1751864
2024-05-01T16:00:00Z,1.902800,1.908500,1.857500,1.871800,2016163
2024-05-01T17:00:00Z,1.872000,1.911800,1.860900,1.894100,1870618
2024-05-01T18:00:00Z,1.894000,1.988100,1.893400,1.955600,4271976
2024-05-01T19:00:00Z,1.955900,1.972500,1.882100,1.892700,3233981
2024-05-01T20:00:00Z,1.892900,1.909700,1.875900,1.895300,1362899
2024-05-01T21:00:00Z,1.895500,1.920600,1.894000,1.914200,822449
2024-05-01T22:00:00Z,1.914200,1.930800,1.913300,1.921100,1266122
2024-05-01T23:00:00Z,1.920600,1.955100,1.917100,1.939100,886291
2024-05-02T00:00:00Z,1.939100,1.953200,1.905300,1.909500,1036034
2024-05-02T01:00:00Z,1.909400,1.916800,1.872200,1.898700,1238234
2024-05-02T02:00:00Z,1.899000,1.917700,1.889600,1.903400,901079
2024-05-02T03:00:00Z,1.903500,1.928900,1.902400,1.919800,445110
2024-05-02T04:00:00Z,1.919400,1.926100,1.907300,1.913300,428821
2024-05-02T05:00:00Z,1.913100,1.928700,1.899700,1.923700,608753
2024-05-02T06:00:00Z,1.923600,1.940100,1.919600,1.934900,716968
2024-05-02T07:00:00Z,1.934700,1.950400,1.929000,1.929100,662754
2024-05-02T08:00:00Z,1.929200,1.953900,1.924300,1.947100,731067
2024-05-02T09:00:00Z,1.947600,1.960100,1.938400,1.953800,1113945
2024-05-02T10:00:00Z,1.953900,1.970000,1.946400,1.962900,1048992
2024-05-02T11:00:00Z,1.962900,1.985100,1.959900,1.980800,1315196
2024-05-02T12:00:00Z,1.980800,1.985800,1.962700,1.963800,954386
2024-05-02T13:00:00Z,1.963600,1.969600,1.946600,1.958100,1056368
2024-05-02T14:00:00Z,1.958000,1.985400,1.950900,1.969000,1203134
2024-05-02T15:00:00Z,1.969100,1.984200,1.963000,1.970500,1143630
2024-05-02T16:00:00Z,1.970500,1.979400,1.951000,1.962800,1008437
2024-05-02T17:00:00Z,1.962700,1.981200,1.958400,1.975700,508861
2024-05-02T18:00:00Z,1.975000,1.983000,1.958300,1.968600,720691
2024-05-02T19:00:00Z,1.968600,1.970400,1.956900,1.967400,519646
2024-05-02T20:00:00Z,1.967300,1.969400,1.948200,1.966300,1062726
2024-05-02T21:00:00Z,1.966200,1.995400,1.965200,1.986700,538949
2024-05-02T22:00:00Z,1.986700,1.997600,1.970500,1.979800,647329
2024-05-02T23:00:00Z,1.979700,1.983000,1.967100,1.971300,382735
2024-05-03T00:00:00Z,1.971200,1.980500,1.961500,1.968400,547064
2024-05-03T01:00:00Z,1.968500,2.002900,1.967700,1.992000,1033430
2024-05-03T02:00:00Z,1.991800,2.015800,1.985000,2.012100,1191985
2024-05-03T03:00:00Z,2.011700,2.046900,2.009600,2.033000,1327522
2024-05-03T04:00:00Z,2.033000,2.067600,2.027700,2.048800,1394641
2024-05-03T05:00:00Z,2.048700,2.065600,2.038100,2.060500,819155
2024-05-03T06:00:00Z,2.060400,2.068400,2.042400,2.048000,747498
2024-05-03T07:00:00Z,2.048100,2.067600,2.047600,2.058300,937868
2024-05-03T08:00:00Z,2.058300,2.065700,2.032100,2.034300,859605
2024-05-03T09:00:00Z,2.034200,2.063300,2.029800,2.055700,1120206
2024-05-03T10:00:00Z,2.055700,2.058400,2.027500,2.036600,954224
2024-05-03T11:00:00Z,2.036600,2.047100,2.023600,2.039300,707021
2024-05-03T12:00:00Z,2.039300,2.074100,2.020100,2.067900,1885335
2024-05-03T13:00:00Z,2.067900,2.094600,2.064900,2.088900,1343800
2024-05-03T14:00:00Z,2.089100,2.131200,2.084000,2.118400,1885437
2024-05-03T15:00:00Z,2.118300,2.164700,2.118200,2.152200,2748350
2024-05-03T16:00:00Z,2.152500,2.156000,2.117600,2.124800,1549812
2024-05-03T17:00:00Z,2.124700,2.138000,2.114100,2.125100,798975
2024-05-03T18:00:00Z,2.125400,2.151800,2.124000,2.145100,747609
2024-05-03T19:00:00Z,2.144800,2.164400,2.144400,2.157400,686634
2024-05-03T20:00:00Z,2.157400,2.180000,2.154700,2.169900,934359
2024-05-03T21:00:00Z,2.170000,2.183900,2.153100,2.159300,689398
2024-05-03T22:00:00Z,2.159700,2.161200,2.128200,2.136300,1166837
2024-05-03T23:00:00Z,2.136300,2.146400,2.120000,2.124100,796352
2024-05-04T00:00:00Z,2.124100,2.131500,2.112100,2.117600,1302817
2024-05-04T01:00:00Z,2.117300,2.125600,2.102400,2.107000,974215
2024-05-04T02:00:00Z,2.107000,2.111300,2.081100,2.086700,1121498
2024-05-04T03:00:00Z,2.086700,2.090900,2.067600,2.072100,1232474
2024-05-04T04:00:00Z,2.071300,2.087600,2.066600,2.082100,859560
2024-05-04T05:00:00Z,2.082400,2.090800,2.071600,2.084600,626144
2024-05-04T06:00:00Z,2.084600,2.086100,2.065500,2.072900,495811
2024-05-04T07:00:00Z,2.072800,2.080500,2.067300,2.069200,393184
2024-05-04T08:00:00Z,2.069300,2.087700,2.068800,2.081800,502122
2024-05-04T09:00:00Z,2.081700,2.086000,2.068400,2.076500,451542
2024-05-04T10:00:00Z,2.076600,2.105700,2.070600,2.103900,792944
2024-05-04T11:00:00Z,2.104500,2.113700,2.073300,2.084200,1373401
2024-05-04T12:00:00Z,2.083700,2.101200,2.073200,2.099600,764093
2024-05-04T13:00:00Z,2.099900,2.102300,2.064100,2.082400,1037106
2024-05-04T14:00:00Z,2.082300,2.089300,2.076900,2.079900,562783
2024-05-04T15:00:00Z,2.080200,2.091300,2.072300,2.080400,866167
2024-05-04T16:00:00Z,2.080300,2.088900,2.073600,2.086200,754116
2024-05-04T17:00:00Z,2.086300,2.091100,2.064000,2.080100,688045
2024-05-04T18:00:00Z,2.080000,2.085100,2.076100,2.084600,432573
2024-05-04T19:00:00Z,2.084700,2.094900,2.073300,2.090800,773859
2024-05-04T20:00:00Z,2.091200,2.097200,2.085500,2.086100,427130
2024-05-04T21:00:00Z,2.085900,2.087400,2.062100,2.073300,542553
2024-05-04T22:00:00Z,2.072800,2.077100,2.058600,2.060600,406171
2024-05-04T23:00:00Z,2.060600,2.069600,2.055200,2.064300,534184
2024-05-05T00:00:00Z,2.064200,2.075500,2.038500,2.060600,1394158
2024-05-05T01:00:00Z,2.060700,2.065100,2.023600,2.052200,1194316
2024-05-05T02:00:00Z,2.052300,2.059300,2.034000,2.038100,538659
2024-05-05T03:00:00Z,2.038500,2.044800,2.019100,2.032500,478787
2024-05-05T04:00:00Z,2.032500,2.036100,2.025000,2.026300,314869
2024-05-05T05:00:00Z,2.026300,2.031600,2.013500,2.018900,458384
2024-05-05T06:00:00Z,2.018700,2.036000,2.012800,2.028200,427230
2024-05-05T07:00:00Z,2.028200,2.042700,2.025000,2.031700,423023
2024-05-05T08:00:00Z,2.031400,2.058400,2.023300,2.045800,953466
2024-05-05T09:00:00Z,2.045500,2.047000,2.028900,2.037000,539093
2024-05-05T10:00:00Z,2.036900,2.038400,2.017600,2.026200,520681
2024-05-05T11:00:00Z,2.026000,2.045000,2.019300,2.036900,494066
2024-05-05T12:00:00Z,2.037000,2.038000,2.014200,2.017500,716622
2024-05-05T13:00:00Z,2.017500,2.041600,2.010900,2.037100,856003
2024-05-05T14:00:00Z,2.037000,2.065700,2.020100,2.062400,1348700
2024-05-05T15:00:00Z,2.062400,2.069000,2.051800,2.065300,1218141
2024-05-05T16:00:00Z,2.064500,2.066900,2.046900,2.049700,986740
2024-05-05T17:00:00Z,2.049900,2.057900,2.039400,2.048600,605635
2024-05-05T18:00:00Z,2.048800,2.050000,2.021100,2.027600,926901
2024-05-05T19:00:00Z,2.027400,2.034500,2.020300,2.029000,421568
2024-05-05T20:00:00Z,2.029100,2.033700,2.015100,2.024900,717528
2024-05-05T21:00:00Z,2.024600,2.027300,2.011100,2.022900,413422
2024-05-05T22:00:00Z,2.023000,2.025000,1.999000,2.008800,905906
2024-05-05T23:00:00Z,2.008800,2.030600,2.008800,2.021800,362778
2024-05-06T00:00:00Z,2.021600,2.045700,2.016200,2.038600,646861
2024-05-06T01:00:00Z,2.038400,2.055400,2.029500,2.034700,518996
2024-05-06T02:00:00Z,2.034700,2.037500,2.007700,2.009700,638484
2024-05-06T03:00:00Z,2.009500,2.021000,2.004100,2.008800,584845
2024-05-06T04:00:00Z,2.008700,2.014300,1.996400,2.013700,577052
2024-05-06T05:00:00Z,2.013500,2.038600,2.008300,2.035200,935630
2024-05-06T06:00:00Z,2.035100,2.053300,2.030600,2.051000,1109580
2024-05-06T07:00:00Z,2.050700,2.056400,2.016000,2.022000,1428673
2024-05-06T08:00:00Z,2.022000,2.078600,2.013100,2.058500,2510148
2024-05-06T09:00:00Z,2.058900,2.075800,2.052700,2.068700,1152987
2024-05-06T10:00:00Z,2.068700,2.068700,1.979200,2.005500,2670824
2024-05-06T11:00:00Z,2.005400,2.021100,1.996600,2.008500,902429
2024-05-06T12:00:00Z,2.008900,2.013500,1.953000,1.970400,2276053
2024-05-06T13:00:00Z,1.969900,1.987400,1.963400,1.984900,1209622
2024-05-06T14:00:00Z,1.984700,1.989900,1.944000,1.949000,1239545
2024-05-06T15:00:00Z,1.949000,1.978100,1.933300,1.973200,1395511
2024-05-06T16:00:00Z,1.973600,1.981200,1.955200,1.956900,659365
2024-05-06T17:00:00Z,1.956800,1.969900,1.944500,1.954800,527554
2024-05-06T18:00:00Z,1.955200,1.964600,1.943700,1.957900,606394
2024-05-06T19:00:00Z,1.957700,1.958600,1.933100,1.954500,635985
2024-05-06T20:00:00Z,1.954500,1.960100,1.950800,1.954800,479484
2024-05-06T21:00:00Z,1.954700,1.958900,1.949000,1.951800,519679
2024-05-06T22:00:00Z,1.951700,1.951900,1.938700,1.946100,447299
2024-05-06T23:00:00Z,1.946100,1.947300,1.935600,1.938200,373625
2024-05-07T00:00:00Z,1.938200,1.952000,1.923600,1.940000,770097
2024-05-07T01:00:00Z,1.940200,1.958200,1.936000,1.956800,478136
2024-05-07T02:00:00Z,1.956500,1.958700,1.946200,1.951000,459557
2024-05-07T03:00:00Z,1.951200,1.955300,1.904600,1.922100,1260811
2024-05-07T04:00:00Z,1.922000,1.930400,1.915100,1.925900,461253
2024-05-07T05:00:00Z,1.925900,1.928800,1.906200,1.915200,569626
2024-05-07T06:00:00Z,1.915300,1.919000,1.903000,1.913400,605353
2024-05-07T07:00:00Z,1.913300,1.924300,1.908000,1.917100,469534
2024-05-07T08:00:00Z,1.917300,1.962200,1.915600,1.953900,1120593
2024-05-07T09:00:00Z,1.954000,1.963200,1.943600,1.945100,658983
2024-05-07T10:00:00Z,1.945000,1.952800,1.935200,1.950600,626679
2024-05-07T11:00:00Z,1.950600,1.960100,1.931200,1.933500,733895
2024-05-07T12:00:00Z,1.933400,1.953600,1.932600,1.948900,469036
2024-05-07T13:00:00Z,1.948900,1.953800,1.930000,1.941700,611157
2024-05-07T14:00:00Z,1.941800,1.995900,1.936500,1.993800,1104968
2024-05-07T15:00:00Z,1.993500,2.003500,1.966800,1.967300,1178342
2024-05-07T16:00:00Z,1.967500,1.976300,1.952300,1.969100,1444746
2024-05-07T17:00:00Z,1.969100,1.972400,1.952800,1.956100,531367
2024-05-07T18:00:00Z,1.956000,1.961000,1.941400,1.959800,625098
2024-05-07T19:00:00Z,1.959800,1.975200,1.959200,1.970800,468933
2024-05-07T20:00:00Z,1.970900,1.990000,1.969400,1.979300,1515183
2024-05-07T21:00:00Z,1.979300,2.001000,1.968000,1.984400,692029
2024-05-07T22:00:00Z,1.984300,2.000600,1.965600,1.983400,949964
2024-05-07T23:00:00Z,1.983200,1.985800,1.961700,1.968400,846151
2024-05-08T00:00:00Z,1.968100,1.975700,1.932800,1.973000,1254714
2024-05-08T01:00:00Z,1.973200,1.984000,1.963700,1.964200,739748
2024-05-08T02:00:00Z,1.964200,1.985000,1.957200,1.974100,723113
2024-05-08T03:00:00Z,1.974100,1.995300,1.967300,1.982500,681234
2024-05-08T04:00:00Z,1.982500,1.999100,1.958200,1.977500,1086434
2024-05-08T05:00:00Z,1.977500,2.004100,1.965000,1.991400,1583149
2024-05-08T06:00:00Z,1.991200,2.001700,1.956200,1.979600,2150866
2024-05-08T07:00:00Z,1.979300,1.984800,1.952600,1.959900,1133688
2024-05-08T08:00:00Z,1.960100,1.993600,1.948100,1.992600,1334518
2024-05-08T09:00:00Z,1.993300,2.013200,1.981400,2.010200,1547763
2024-05-08T10:00:00Z,2.010400,2.014200,1.985400,1.994100,1885112
2024-05-08T11:00:00Z,1.993900,1.994300,1.951800,1.959800,2258842
2024-05-08T12:00:00Z,1.959800,1.982800,1.951200,1.971400,2368704
2024-05-08T13:00:00Z,1.971400,2.014900,1.964000,2.005300,2195141
2024-05-08T14:00:00Z,2.005300,2.007500,1.983500,1.991100,1719796
2024-05-08T15:00:00Z,1.991400,1.995900,1.957300,1.964800,1874513
2024-05-08T16:00:00Z,1.964400,1.972000,1.913800,1.950300,3451618
2024-05-08T17:00:00Z,1.950100,1.972500,1.940300,1.940700,1409703
2024-05-08T18:00:00Z,1.940700,1.948700,1.930500,1.932100,731305
2024-05-08T19:00:00Z,1.931900,1.934800,1.895000,1.908800,1583169
2024-05-08T20:00:00Z,1.908800,1.919300,1.852000,1.861000,2533999
2024-05-08T21:00:00Z,1.861000,1.897400,1.839200,1.884500,1796707
2024-05-08T22:00:00Z,1.884400,1.884400,1.857500,1.865500,957745
2024-05-08T23:00:00Z,1.865300,1.867800,1.849100,1.851100,726487
2024-05-09T00:00:00Z,1.851000,1.873000,1.846700,1.869100,1098966
2024-05-09T01:00:00Z,1.869400,1.873700,1.854000,1.863000,697938
2024-05-09T02:00:00Z,1.863100,1.874800,1.860000,1.873000,620130
2024-05-09T03:00:00Z,1.872900,1.878400,1.863300,1.864900,500150
2024-05-09T04:00:00Z,1.865300,1.877100,1.857500,1.863700,687305
2024-05-09T05:00:00Z,1.863700,1.885900,1.862700,1.872300,763774
2024-05-09T06:00:00Z,1.872600,1.884600,1.867600,1.872000,991665
2024-05-09T07:00:00Z,1.871800,1.875200,1.857300,1.869300,709866
2024-05-09T08:00:00Z,1.869100,1.878200,1.859000,1.877900,673534
2024-05-09T09:00:00Z,1.877900,1.883600,1.863500,1.883600,845825
2024-05-09T10:00:00Z,1.883600,1.884600,1.851200,1.851500,891061
2024-05-09T11:00:00Z,1.852200,1.893300,1.845400,1.883600,1072946
2024-05-09T12:00:00Z,1.883600,1.899900,1.876500,1.892600,970217
2024-05-09T13:00:00Z,1.892600,1.905800,1.870000,1.900200,1018082
2024-05-09T14:00:00Z,1.900500,1.915500,1.894300,1.910500,1003958
2024-05-09T15:00:00Z,1.910300,1.946700,1.905800,1.937300,1257326
2024-05-09T16:00:00Z,1.937300,1.943200,1.881100,1.881300,1443911
2024-05-09T17:00:00Z,1.881400,1.882900,1.863700,1.866500,1839419
2024-05-09T18:00:00Z,1.866500,1.879800,1.865300,1.879500,772103
2024-05-09T19:00:00Z,1.879200,1.883300,1.870400,1.872900,741837
2024-05-09T20:00:00Z,1.873000,1.875800,1.857300,1.866200,955648
2024-05-09T21:00:00Z,1.866200,1.893500,1.865700,1.891800,1021200
2024-05-09T22:00:00Z,1.891900,1.907700,1.880300,1.901500,813743
2024-05-09T23:00:00Z,1.901300,1.903600,1.891400,1.900700,693205
2024-05-10T00:00:00Z,1.900500,1.901400,1.879000,1.885100,504482
2024-05-10T01:00:00Z,1.885100,1.895600,1.877100,1.887000,663482
2024-05-10T02:00:00Z,1.886700,1.892900,1.876200,1.887600,681515
2024-05-10T03:00:00Z,1.887800,1.895400,1.879700,1.892500,476250
2024-05-10T04:00:00Z,1.892400,1.907600,1.891500,1.906200,465321
2024-05-10T05:00:00Z,1.906200,1.907700,1.887800,1.892100,1098326
2024-05-10T06:00:00Z,1.892100,1.907500,1.889600,1.906000,919128
2024-05-10T07:00:00Z,1.906000,1.912600,1.899400,1.904300,662113
2024-05-10T08:00:00Z,1.904400,1.906800,1.888800,1.893900,593216
2024-05-10T09:00:00Z,1.893800,1.893800,1.883200,1.887800,415040
2024-05-10T10:00:00Z,1.887800,1.890000,1.876600,1.877900,506512
2024-05-10T11:00:00Z,1.877900,1.885400,1.873400,1.885400,1107945
2024-05-10T12:00:00Z,1.885400,1.891800,1.867500,1.870200,931139
2024-05-10T13:00:00Z,1.870300,1.875200,1.858600,1.868900,1118612
2024-05-10T14:00:00Z,1.868900,1.872200,1.781500,1.802700,5405855
2024-05-10T15:00:00Z,1.802800,1.818300,1.790600,1.795000,3126170
2024-05-10T16:00:00Z,1.794900,1.807500,1.758500,1.794400,4232429
2024-05-10T17:00:00Z,1.794400,1.795900,1.755900,1.767900,1995197
2024-05-10T18:00:00Z,1.767900,1.772300,1.750800,1.768000,1150811
2024-05-10T19:00:00Z,1.768000,1.775600,1.760500,1.768000,1299367
2024-05-10T20:00:00Z,1.768000,1.777400,1.753100,1.769100,1061271
2024-05-10T21:00:00Z,1.769100,1.778400,1.755800,1.769600,1913846
2024-05-10T22:00:00Z,1.769900,1.779100,1.758000,1.763300,797398
2024-05-10T23:00:00Z,1.763300,1.772400,1.757100,1.757700,588728
2024-05-11T00:00:00Z,1.757700,1.764400,1.741300,1.757600,1224085
2024-05-11T01:00:00Z,1.757400,1.789900,1.757300,1.769200,1340118
2024-05-11T02:00:00Z,1.769300,1.783200,1.759900,1.772300,1031860
2024-05-11T03:00:00Z,1.772300,1.773700,1.756000,1.758900,970662
2024-05-11T04:00:00Z,1.758900,1.765100,1.754500,1.754500,555048
2024-05-11T05:00:00Z,1.754400,1.773000,1.752000,1.772900,1053319
2024-05-11T06:00:00Z,1.772800,1.779100,1.768400,1.771100,803120
2024-05-11T07:00:00Z,1.771100,1.778200,1.768400,1.772700,651021
2024-05-11T08:00:00Z,1.773100,1.774000,1.747900,1.751400,750795
2024-05-11T09:00:00Z,1.751300,1.767600,1.747100,1.762000,618894
2024-05-11T10:00:00Z,1.762300,1.765900,1.751100,1.760400,509866
2024-05-11T11:00:00Z,1.760700,1.765800,1.745700,1.760300,616379
2024-05-11T12:00:00Z,1.760300,1.770400,1.751300,1.760300,794033
2024-05-11T13:00:00Z,1.760300,1.775000,1.756000,1.773300,617446
2024-05-11T14:00:00Z,1.773300,1.775800,1.764600,1.770800,637437
2024-05-11T15:00:00Z,1.770600,1.800400,1.770600,1.791200,1352618
2024-05-11T16:00:00Z,1.791400,1.795700,1.784200,1.790800,572058
2024-05-11T17:00:00Z,1.791100,1.807800,1.789000,1.799300,767816
2024-05-11T18:00:00Z,1.799200,1.803400,1.786500,1.794700,946469
2024-05-11T19:00:00Z,1.794700,1.799400,1.786100,1.790600,410131
2024-05-11T20:00:00Z,1.790700,1.790700,1.771700,1.778300,725543
2024-05-11T21:00:00Z,1.778400,1.779700,1.768600,1.774100,483580
2024-05-11T22:00:00Z,1.774100,1.778100,1.768000,1.772400,453172
2024-05-11T23:00:00Z,1.772500,1.775500,1.755600,1.763600,549531
2024-05-12T00:00:00Z,1.763600,1.779000,1.760400,1.769300,670480
2024-05-12T01:00:00Z,1.769200,1.773300,1.764100,1.764800,463394
2024-05-12T02:00:00Z,1.764800,1.783800,1.764200,1.775600,533190
2024-05-12T03:00:00Z,1.775800,1.777800,1.770200,1.772700,348599
2024-05-12T04:00:00Z,1.772500,1.785700,1.770600,1.784800,583354
2024-05-12T05:00:00Z,1.784700,1.786700,1.777700,1.786700,447386
2024-05-12T06:00:00Z,1.786900,1.791400,1.779500,1.781100,432482
2024-05-12T07:00:00Z,1.781000,1.783600,1.760000,1.765700,884399
2024-05-12T08:00:00Z,1.765400,1.780200,1.760700,1.773300,579590
2024-05-12T09:00:00Z,1.773400,1.774500,1.763700,1.769600,521348
2024-05-12T10:00:00Z,1.769500,1.791000,1.768200,1.778100,608397
2024-05-12T11:00:00Z,1.778100,1.778800,1.770800,1.774300,379968
2024-05-12T12:00:00Z,1.774300,1.777800,1.771000,1.775500,344719
2024-05-12T13:00:00Z,1.775500,1.786900,1.772400,1.783800,382966
2024-05-12T14:00:00Z,1.783800,1.788500,1.772500,1.776500,446585
2024-05-12T15:00:00Z,1.776500,1.789400,1.771000,1.783100,593236
2024-05-12T16:00:00Z,1.783700,1.798300,1.778300,1.779600,658248
2024-05-12T17:00:00Z,1.779100,1.787900,1.772700,1.783700,999333
2024-05-12T18:00:00Z,1.784000,1.790500,1.773400,1.787500,1069352
2024-05-12T19:00:00Z,1.787500,1.794700,1.783400,1.789100,704072
2024-05-12T20:00:00Z,1.789000,1.790400,1.778300,1.779600,676245
2024-05-12T21:00:00Z,1.779600,1.787500,1.767900,1.781100,946357
2024-05-12T22:00:00Z,1.781100,1.782500,1.773800,1.779600,449195
2024-05-12T23:00:00Z,1.779600,1.788300,1.776300,1.780700,679573
2024-05-13T00:00:00Z,1.780700,1.796900,1.780700,1.789400,621278
2024-05-13T01:00:00Z,1.789200,1.791200,1.753200,1.767200,973634
2024-05-13T02:00:00Z,1.766700,1.773500,1.716000,1.738200,2300910
2024-05-13T03:00:00Z,1.738100,1.740500,1.711500,1.735700,1442249
2024-05-13T04:00:00Z,1.735900,1.738000,1.722200,1.732700,922023
2024-05-13T05:00:00Z,1.732900,1.740300,1.717100,1.721600,713602
2024-05-13T06:00:00Z,1.721800,1.757700,1.719800,1.752900,1135185
2024-05-13T07:00:00Z,1.753000,1.790900,1.747700,1.784400,1983420
2024-05-13T08:00:00Z,1.784500,1.804700,1.771800,1.772800,2712291
2024-05-13T09:00:00Z,1.772900,1.806400,1.772600,1.801800,1391888
2024-05-13T10:00:00Z,1.801700,1.803800,1.777400,1.797200,1371146
2024-05-13T11:00:00Z,1.797200,1.801600,1.784400,1.787400,727144
2024-05-13T12:00:00Z,1.787500,1.788200,1.752200,1.758100,1785807
2024-05-13T13:00:00Z,1.758100,1.772000,1.746400,1.764000,1863444
2024-05-13T14:00:00Z,1.763900,1.779300,1.725200,1.731700,3151749
2024-05-13T15:00:00Z,1.731800,1.735200,1.725300,1.727300,1038546
2024-05-13T16:00:00Z,1.727300,1.728200,1.710300,1.712700,1794738
2024-05-13T17:00:00Z,1.712800,1.713200,1.657500,1.671300,3978913
2024-05-13T18:00:00Z,1.671200,1.671200,1.650700,1.667300,1412401
2024-05-13T19:00:00Z,1.667300,1.678200,1.658800,1.663000,1385557
2024-05-13T20:00:00Z,1.662800,1.685700,1.662500,1.677400,1468489
2024-05-13T21:00:00Z,1.677200,1.687200,1.674100,1.684100,724009
2024-05-13T22:00:00Z,1.684200,1.685600,1.663300,1.664100,1079048
2024-05-13T23:00:00Z,1.664000,1.676100,1.659700,1.662100,732625
2024-05-14T00:00:00Z,1.661900,1.667000,1.634400,1.637400,1958820
2024-05-14T01:00:00Z,1.637900,1.660100,1.625100,1.637100,1958157
2024-05-14T02:00:00Z,1.637200,1.657800,1.626000,1.645800,1715641
2024-05-14T03:00:00Z,1.645800,1.650100,1.628900,1.635200,1041619
2024-05-14T04:00:00Z,1.635000,1.639200,1.620200,1.634100,943342
2024-05-14T05:00:00Z,1.634200,1.664700,1.632900,1.647500,1883670
2024-05-14T06:00:00Z,1.647500,1.652900,1.616000,1.634500,3304003
2024-05-14T07:00:00Z,1.634400,1.645100,1.622900,1.645100,1538772
2024-05-14T08:00:00Z,1.644900,1.654300,1.631900,1.651700,1502029
2024-05-14T09:00:00Z,1.651800,1.685500,1.650600,1.685400,2073361
2024-05-14T10:00:00Z,1.685400,1.699400,1.663300,1.681100,1974299
2024-05-14T11:00:00Z,1.681200,1.692900,1.672100,1.680400,1495029
2024-05-14T12:00:00Z,1.680400,1.709400,1.664400,1.688900,2935071
2024-05-14T13:00:00Z,1.688600,1.704100,1.663500,1.666400,1996178
2024-05-14T14:00:00Z,1.666400,1.671900,1.640800,1.650200,3353521
2024-05-14T15:00:00Z,1.650300,1.684100,1.641700,1.658200,1593466
2024-05-14T16:00:00Z,1.658500,1.669900,1.635800,1.638200,1348390
2024-05-14T17:00:00Z,1.638200,1.640000,1.606800,1.616700,3338248
2024-05-14T18:00:00Z,1.616800,1.633800,1.613800,1.622800,968241
2024-05-14T19:00:00Z,1.622900,1.634300,1.603200,1.604100,1303856
2024-05-14T20:00:00Z,1.604000,1.619000,1.599700,1.612600,901701
2024-05-14T21:00:00Z,1.612500,1.615700,1.602000,1.609400,728120
2024-05-14T22:00:00Z,1.609400,1.609800,1.591600,1.601000,1076297
2024-05-14T23:00:00Z,1.601000,1.603500,1.595300,1.599000,636303
2024-05-15T00:00:00Z,1.599100,1.622000,1.598300,1.602600,1227979
2024-05-15T01:00:00Z,1.602400,1.624400,1.602200,1.605400,816851
2024-05-15T02:00:00Z,1.605500,1.610000,1.596500,1.601200,1028076
2024-05-15T03:00:00Z,1.601000,1.606400,1.596200,1.605800,774832
2024-05-15T04:00:00Z,1.605800,1.607400,1.590900,1.599800,1125811
2024-05-15T05:00:00Z,1.599800,1.607400,1.593000,1.598400,749053
2024-05-15T06:00:00Z,1.598400,1.603000,1.594700,1.601400,749833
2024-05-15T07:00:00Z,1.601400,1.606000,1.591700,1.599400,1115725
2024-05-15T08:00:00Z,1.599400,1.600500,1.576500,1.579300,1402233
2024-05-15T09:00:00Z,1.579100,1.612300,1.568100,1.605500,2486103
2024-05-15T10:00:00Z,1.605500,1.629800,1.599200,1.600900,2451777
2024-05-15T11:00:00Z,1.601300,1.605000,1.569000,1.584500,1684411
2024-05-15T12:00:00Z,1.584200,1.655900,1.580100,1.652300,4068841
2024-05-15T13:00:00Z,1.651900,1.678300,1.642300,1.646400,2490280
2024-05-15T14:00:00Z,1.646500,1.658900,1.636000,1.650900,1635133
2024-05-15T15:00:00Z,1.650700,1.654800,1.633400,1.645300,1655375
2024-05-15T16:00:00Z,1.645300,1.652200,1.633300,1.649100,1676758
2024-05-15T17:00:00Z,1.649100,1.659600,1.646800,1.652700,898543
2024-05-15T18:00:00Z,1.652700,1.671700,1.641400,1.654300,1786405
2024-05-15T19:00:00Z,1.654500,1.679600,1.642500,1.678200,1392894
2024-05-15T20:00:00Z,1.678100,1.681800,1.667000,1.677200,1312595
2024-05-15T21:00:00Z,1.677400,1.681400,1.656300,1.665100,999222
2024-05-15T22:00:00Z,1.665200,1.670800,1.657800,1.659100,769242
2024-05-15T23:00:00Z,1.659200,1.670300,1.654900,1.657200,742865
2024-05-16T00:00:00Z,1.657300,1.664900,1.641000,1.649500,1422277
2024-05-16T01:00:00Z,1.649600,1.651200,1.641100,1.649400,752066
2024-05-16T02:00:00Z,1.649500,1.650800,1.633800,1.637900,753793
2024-05-16T03:00:00Z,1.638200,1.645100,1.631300,1.641400,974963
2024-05-16T04:00:00Z,1.641400,1.644000,1.630800,1.634400,919909
2024-05-16T05:00:00Z,1.634300,1.635900,1.630100,1.631300,607509
2024-05-16T06:00:00Z,1.631000,1.632700,1.621000,1.626100,1046975
2024-05-16T07:00:00Z,1.626100,1.634900,1.624400,1.630200,1209107
2024-05-16T08:00:00Z,1.630200,1.630700,1.600100,1.602500,2374196
2024-05-16T09:00:00Z,1.602400,1.608100,1.592600,1.607800,1797403
2024-05-16T10:00:00Z,1.607600,1.608100,1.572900,1.582600,2812580
2024-05-16T11:00:00Z,1.582500,1.587700,1.576900,1.581200,1388205
2024-05-16T12:00:00Z,1.580500,1.580700,1.504700,1.519700,12017024
2024-05-16T13:00:00Z,1.519800,1.572200,1.513600,1.569600,6107836
2024-05-16T14:00:00Z,1.569400,1.569600,1.529000,1.537000,4665198
2024-05-16T15:00:00Z,1.537300,1.559700,1.527800,1.552500,3658670
2024-05-16T16:00:00Z,1.552600,1.588900,1.541500,1.587000,4726352
2024-05-16T17:00:00Z,1.586900,1.600000,1.548100,1.565400,4584431
2024-05-16T18:00:00Z,1.565500,1.600700,1.561800,1.594300,3436898
2024-05-16T19:00:00Z,1.594300,1.632700,1.587900,1.632200,3776473
2024-05-16T20:00:00Z,1.632000,1.667400,1.630400,1.652200,5533028
2024-05-16T21:00:00Z,1.652100,1.662100,1.620000,1.629600,3188005
2024-05-16T22:00:00Z,1.629600,1.629700,1.609500,1.609900,1992963
2024-05-16T23:00:00Z,1.609900,1.659400,1.603700,1.648000,2888565
2024-05-17T00:00:00Z,1.647900,1.657500,1.622600,1.637000,2401572
2024-05-17T01:00:00Z,1.636900,1.653900,1.619400,1.639900,2045286
2024-05-17T02:00:00Z,1.640200,1.707000,1.639600,1.681800,4942025
2024-05-17T03:00:00Z,1.682000,1.719900,1.677400,1.684400,4430619
2024-05-17T04:00:00Z,1.684600,1.696600,1.677400,1.689200,2150259
2024-05-17T05:00:00Z,1.689200,1.708100,1.665600,1.673500,2406752
2024-05-17T06:00:00Z,1.673100,1.695800,1.656300,1.680800,2727016
2024-05-17T07:00:00Z,1.680700,1.779400,1.679600,1.761800,6749658
2024-05-17T08:00:00Z,1.761600,1.789800,1.756500,1.766900,5056046
2024-05-17T09:00:00Z,1.766700,1.811900,1.756700,1.775100,7859821
2024-05-17T10:00:00Z,1.775000,1.811600,1.767100,1.798700,5371002
2024-05-17T11:00:00Z,1.798800,1.801500,1.763500,1.775000,3566551
2024-05-17T12:00:00Z,1.774900,1.841100,1.762200,1.827700,8538827
2024-05-17T13:00:00Z,1.827700,1.827700,1.774800,1.782500,6356271
2024-05-17T14:00:00Z,1.782400,1.832400,1.781400,1.808900,9052584
2024-05-17T15:00:00Z,1.808800,1.808800,1.772600,1.793000,7313872
2024-05-17T16:00:00Z,1.793300,1.803800,1.763400,1.768200,5251147
2024-05-17T17:00:00Z,1.768100,1.779700,1.762000,1.778700,2315902
2024-05-17T18:00:00Z,1.778700,1.799700,1.766400,1.793600,4166414
2024-05-17T19:00:00Z,1.793400,1.798100,1.773100,1.788400,2304032
2024-05-17T20:00:00Z,1.788300,1.790200,1.778900,1.785900,1137275
2024-05-17T21:00:00Z,1.786000,1.791800,1.774400,1.781700,1063280
2024-05-17T22:00:00Z,1.781800,1.805700,1.780700,1.801900,1748814
2024-05-17T23:00:00Z,1.801900,1.808600,1.788100,1.789900,1422862
2024-05-18T00:00:00Z,1.789900,1.793100,1.770200,1.786700,1828419
2024-05-18T01:00:00Z,1.786700,1.816400,1.776500,1.797400,2940751
2024-05-18T02:00:00Z,1.797100,1.806300,1.782400,1.804800,2162032
2024-05-18T03:00:00Z,1.804700,1.821300,1.787100,1.803300,2101176
2024-05-18T04:00:00Z,1.803400,1.808700,1.793600,1.803000,1757285
2024-05-18T05:00:00Z,1.802800,1.817000,1.799800,1.804000,1533247
2024-05-18T06:00:00Z,1.804000,1.821300,1.797000,1.820500,1409000
2024-05-18T07:00:00Z,1.820500,1.843500,1.815500,1.820000,3757098
2024-05-18T08:00:00Z,1.820100,1.849000,1.814400,1.836200,2478327
2024-05-18T09:00:00Z,1.836400,1.841200,1.806900,1.811100,2186555
2024-05-18T10:00:00Z,1.811100,1.811500,1.781000,1.795000,3089129
2024-05-18T11:00:00Z,1.795000,1.805900,1.786500,1.803200,1571347
2024-05-18T12:00:00Z,1.803200,1.803200,1.780800,1.782800,1785887
2024-05-18T13:00:00Z,1.782900,1.794900,1.776300,1.788400,2826020
2024-05-18T14:00:00Z,1.788200,1.798900,1.768000,1.792800,3759028
2024-05-18T15:00:00Z,1.793300,1.798400,1.780200,1.782500,1402337
2024-05-18T16:00:00Z,1.782600,1.782800,1.766800,1.774700,1707426
2024-05-18T17:00:00Z,1.774800,1.784400,1.772000,1.783200,1027731
2024-05-18T18:00:00Z,1.783200,1.784500,1.772800,1.778600,770017
2024-05-18T19:00:00Z,1.778700,1.786100,1.770500,1.783300,795168
2024-05-18T20:00:00Z,1.783300,1.783300,1.770700,1.771800,725555
2024-05-18T21:00:00Z,1.771800,1.773700,1.756000,1.761100,1244507
2024-05-18T22:00:00Z,1.761400,1.778300,1.759900,1.771000,873640
2024-05-18T23:00:00Z,1.771000,1.776900,1.766200,1.770900,659603
2024-05-19T00:00:00Z,1.771200,1.774000,1.760000,1.766100,948682
2024-05-19T01:00:00Z,1.766100,1.771400,1.755300,1.759200,1157338
2024-05-19T02:00:00Z,1.759200,1.782700,1.758900,1.777800,1270575
2024-05-19T03:00:00Z,1.777900,1.790300,1.750800,1.757700,1530895
2024-05-19T04:00:00Z,1.757800,1.759700,1.730400,1.739300,2799751
2024-05-19T05:00:00Z,1.739300,1.745900,1.726800,1.731000,1400325
2024-05-19T06:00:00Z,1.730900,1.733300,1.715000,1.724100,1875254
2024-05-19T07:00:00Z,1.724100,1.739300,1.723000,1.738900,954387
2024-05-19T08:00:00Z,1.738900,1.748500,1.732600,1.737900,883088
2024-05-19T09:00:00Z,1.737800,1.747900,1.734600,1.747900,909143
2024-05-19T10:00:00Z,1.747800,1.752700,1.737000,1.741000,1037680
2024-05-19T11:00:00Z,1.740400,1.748300,1.718000,1.746900,1834530
2024-05-19T12:00:00Z,1.746800,1.748800,1.713600,1.724300,2221945
2024-05-19T13:00:00Z,1.724100,1.755400,1.710400,1.753900,2215438
2024-05-19T14:00:00Z,1.753400,1.764700,1.725000,1.733200,2319543
2024-05-19T15:00:00Z,1.733400,1.743900,1.720000,1.742900,1551866
2024-05-19T16:00:00Z,1.743100,1.756100,1.714500,1.716600,2192611
2024-05-19T17:00:00Z,1.716400,1.745600,1.710000,1.739100,1864255
2024-05-19T18:00:00Z,1.739100,1.749300,1.731000,1.735700,969904
2024-05-19T19:00:00Z,1.735700,1.740500,1.722400,1.728300,1446099
2024-05-19T20:00:00Z,1.728300,1.739500,1.724000,1.732200,737040
2024-05-19T21:00:00Z,1.732100,1.735200,1.713400,1.729300,1687457
2024-05-19T22:00:00Z,1.729300,1.743000,1.727700,1.738300,731924
2024-05-19T23:00:00Z,1.738200,1.741300,1.714500,1.726600,1730185
2024-05-20T00:00:00Z,1.726300,1.739600,1.708600,1.727500,2770732
2024-05-20T01:00:00Z,1.727700,1.743100,1.683500,1.716700,3854392
2024-05-20T02:00:00Z,1.716300,1.726000,1.709400,1.718000,1266147
2024-05-20T03:00:00Z,1.718000,1.719500,1.699800,1.701600,1052668
2024-05-20T04:00:00Z,1.701800,1.742700,1.698700,1.734900,1946821
2024-05-20T05:00:00Z,1.734400,1.772200,1.733800,1.760800,2590049
2024-05-20T06:00:00Z,1.761100,1.771500,1.721000,1.728700,2338822
2024-05-20T07:00:00Z,1.728900,1.747000,1.716700,1.743800,1964834
2024-05-20T08:00:00Z,1.743600,1.763700,1.735000,1.757000,1397880
2024-05-20T09:00:00Z,1.756600,1.771900,1.753200,1.761500,1236035
2024-05-20T10:00:00Z,1.761500,1.769500,1.744800,1.761000,1941398
2024-05-20T11:00:00Z,1.761200,1.769600,1.732500,1.735300,1302311
2024-05-20T12:00:00Z,1.735500,1.741500,1.716000,1.719700,2251236
2024-05-20T13:00:00Z,1.719800,1.730200,1.710000,1.723900,1199240
2024-05-20T14:00:00Z,1.723400,1.723400,1.689200,1.705800,2399837
2024-05-20T15:00:00Z,1.705900,1.751100,1.702700,1.749100,1770581
2024-05-20T16:00:00Z,1.749000,1.803700,1.748400,1.794700,3519614
2024-05-20T17:00:00Z,1.794700,1.802800,1.761200,1.772500,2872580
2024-05-20T18:00:00Z,1.772200,1.802600,1.767400,1.782100,2429713
2024-05-20T19:00:00Z,1.781900,2.029300,1.778800,2.008900,21539582
2024-05-20T20:00:00Z,2.008500,2.153800,1.976800,2.072900,19516053
2024-05-20T21:00:00Z,2.072600,2.162000,2.045200,2.150200,11713430
2024-05-20T22:00:00Z,2.150200,2.150900,2.062700,2.066200,5578054
2024-05-20T23:00:00Z,2.066100,2.102300,2.060100,2.097000,5336436
2024-05-21T00:00:00Z,2.096800,2.149600,2.074800,2.126400,6497281
2024-05-21T01:00:00Z,2.126300,2.128800,2.026300,2.094600,7898277
2024-05-21T02:00:00Z,2.094600,2.137000,2.061400,2.124400,6717474
2024-05-21T03:00:00Z,2.124200,2.257800,2.122200,2.244700,13777932
2024-05-21T04:00:00Z,2.244400,2.278900,2.213600,2.248200,14014795
2024-05-21T05:00:00Z,2.248200,2.318300,2.230400,2.290600,13112552
2024-05-21T06:00:00Z,2.290600,2.310000,2.270600,2.292100,7507482
2024-05-21T07:00:00Z,2.292000,2.340400,2.266000,2.323400,12617397
2024-05-21T08:00:00Z,2.324100,2.352900,2.316200,2.349500,10309389
2024-05-21T09:00:00Z,2.348900,2.358800,2.301500,2.338600,10614214
2024-05-21T10:00:00Z,2.338500,2.386000,2.240500,2.262400,23527051
2024-05-21T11:00:00Z,2.262100,2.367700,2.260100,2.277000,12307428
2024-05-21T12:00:00Z,2.277200,2.360000,2.276300,2.326500,9527175
2024-05-21T13:00:00Z,2.326400,2.374800,2.315400,2.339800,8833549
2024-05-21T14:00:00Z,2.339900,2.415200,2.252000,2.263200,17421760
2024-05-21T15:00:00Z,2.263300,2.300300,2.250000,2.263100,9258828
2024-05-21T16:00:00Z,2.262800,2.293800,2.234300,2.239400,9003182
2024-05-21T17:00:00Z,2.238700,2.244000,2.194000,2.214100,5739267
2024-05-21T18:00:00Z,2.214700,2.221000,2.201000,2.211400,2868270
2024-05-21T19:00:00Z,2.210700,2.226900,2.183500,2.213100,3738439
2024-05-21T20:00:00Z,2.213200,2.245100,2.208200,2.235700,2381217
2024-05-21T21:00:00Z,2.235900,2.257300,2.226100,2.250000,2000582
2024-05-21T22:00:00Z,2.250100,2.283700,2.246300,2.273900,3364229
2024-05-21T23:00:00Z,2.274000,2.279800,2.211000,2.222500,4259159
2024-05-22T00:00:00Z,2.222600,2.237500,2.201100,2.202000,3334408
2024-05-22T01:00:00Z,2.201800,2.223400,2.196300,2.209900,2300628
2024-05-22T02:00:00Z,2.209500,2.224500,2.200000,2.212800,2002986
2024-05-22T03:00:00Z,2.212900,2.240900,2.206700,2.235000,3225244
2024-05-22T04:00:00Z,2.235100,2.237200,2.191600,2.198400,3445593
2024-05-22T05:00:00Z,2.198400,2.204300,2.166200,2.171300,3812047
2024-05-22T06:00:00Z,2.171400,2.175100,2.145100,2.160600,3800929
2024-05-22T07:00:00Z,2.160900,2.166200,2.130000,2.143200,2968785
2024-05-22T08:00:00Z,2.143300,2.150000,2.131400,2.140200,2287042
2024-05-22T09:00:00Z,2.140300,2.141300,2.112000,2.116700,3616124
2024-05-22T10:00:00Z,2.116400,2.125300,2.102700,2.104400,2844951
2024-05-22T11:00:00Z,2.104600,2.113500,2.068100,2.069600,4248609
2024-05-22T12:00:00Z,2.069100,2.084800,2.050000,2.065300,7568347
2024-05-22T13:00:00Z,2.065200,2.066400,2.042800,2.063900,4105350
2024-05-22T14:00:00Z,2.063800,2.114200,2.045100,2.100200,8305337
2024-05-22T15:00:00Z,2.100200,2.102900,2.065200,2.074200,4440253
2024-05-22T16:00:00Z,2.074000,2.095000,2.059200,2.087200,3541248
2024-05-22T17:00:00Z,2.087300,2.111300,2.075300,2.081800,3091758
2024-05-22T18:00:00Z,2.081800,2.085600,2.045000,2.063000,2698868
2024-05-22T19:00:00Z,2.062900,2.070000,2.051100,2.059600,1342044
2024-05-22T20:00:00Z,2.059700,2.076600,2.047000,2.069000,2384979
2024-05-22T21:00:00Z,2.069000,2.096700,2.057300,2.091900,2112249
2024-05-22T22:00:00Z,2.091900,2.106900,2.083000,2.090600,1799510
2024-05-22T23:00:00Z,2.090800,2.100000,2.077700,2.094000,1203627
2024-05-23T00:00:00Z,2.094000,2.110300,2.074300,2.087400,2051994
2024-05-23T01:00:00Z,2.087200,2.120200,2.075900,2.092600,3094768
2024-05-23T02:00:00Z,2.092600,2.101200,2.085000,2.100900,1619305
2024-05-23T03:00:00Z,2.100900,2.103200,2.074600,2.094700,1988113
2024-05-23T04:00:00Z,2.095000,2.125500,2.072700,2.112300,3004246
2024-05-23T05:00:00Z,2.112200,2.124100,2.083500,2.094700,3829235
2024-05-23T06:00:00Z,2.094600,2.122200,2.080600,2.110000,2662636
2024-05-23T07:00:00Z,2.110100,2.156500,2.090900,2.112700,4749587
2024-05-23T08:00:00Z,2.112800,2.113400,2.077000,2.096600,3124689
2024-05-23T09:00:00Z,2.096500,2.148800,2.092900,2.118300,5093366
2024-05-23T10:00:00Z,2.118100,2.163600,2.117100,2.121900,5618597
2024-05-23T11:00:00Z,2.121900,2.225400,2.112900,2.176200,17102617
2024-05-23T12:00:00Z,2.176400,2.260900,2.079800,2.157800,18078168
2024-05-23T13:00:00Z,2.157800,2.187800,2.015600,2.125200,17331158
2024-05-23T14:00:00Z,2.125300,2.139200,2.079000,2.086000,5842508
2024-05-23T15:00:00Z,2.086000,2.158600,2.069800,2.146600,4906660
2024-05-23T16:00:00Z,2.146800,2.156300,2.096000,2.119100,3485735
2024-05-23T17:00:00Z,2.118900,2.149900,2.108400,2.122100,3220524
2024-05-23T18:00:00Z,2.122000,2.147500,2.062900,2.126600,6337987
2024-05-23T19:00:00Z,2.126900,2.205000,2.110500,2.148100,6888409
2024-05-23T20:00:00Z,2.148400,2.177200,1.965200,2.169100,12179907
2024-05-23T21:00:00Z,2.169000,2.280200,2.116200,2.178600,18680277
2024-05-23T22:00:00Z,2.178500,2.205800,2.150100,2.170800,3270427
2024-05-23T23:00:00Z,2.171200,2.176100,2.108100,2.139000,3274233
2024-05-24T00:00:00Z,2.139000,2.185600,2.110000,2.161600,4996568
2024-05-24T01:00:00Z,2.161800,2.163200,2.106600,2.128300,3126342
2024-05-24T02:00:00Z,2.128300,2.277900,2.120400,2.274200,12798153
2024-05-24T03:00:00Z,2.273900,2.358700,2.255000,2.333500,13383758
2024-05-24T04:00:00Z,2.333700,2.363900,2.312000,2.316400,6304685
2024-05-24T05:00:00Z,2.316500,2.368100,2.260100,2.277500,9762728
2024-05-24T06:00:00Z,2.277500,2.328200,2.241700,2.258800,7509895
2024-05-24T07:00:00Z,2.258500,2.314600,2.238000,2.288800,6630940
2024-05-24T08:00:00Z,2.288900,2.299800,2.200000,2.216200,7472310
2024-05-24T09:00:00Z,2.216200,2.224900,2.182700,2.203600,4040084
2024-05-24T10:00:00Z,2.203500,2.274000,2.195100,2.251900,5420004
2024-05-24T11:00:00Z,2.252200,2.313900,2.248300,2.305800,4686856
2024-05-24T12:00:00Z,2.305900,2.393000,2.281400,2.391600,10356236
2024-05-24T13:00:00Z,2.391600,2.471700,2.381900,2.386600,17159997
2024-05-24T14:00:00Z,2.386300,2.493300,2.361100,2.478100,13626074
2024-05-24T15:00:00Z,2.477900,2.485300,2.370500,2.374000,10460106
2024-05-24T16:00:00Z,2.374000,2.375400,2.276400,2.278700,8866715
2024-05-24T17:00:00Z,2.278600,2.337100,2.276900,2.305200,7156570
2024-05-24T18:00:00Z,2.305400,2.370900,2.294000,2.356400,6191274
2024-05-24T19:00:00Z,2.356300,2.390600,2.347600,2.379700,3837981
2024-05-24T20:00:00Z,2.379500,2.383300,2.343400,2.349500,2412744
2024-05-24T21:00:00Z,2.350000,2.378500,2.323800,2.326200,3090918
2024-05-24T22:00:00Z,2.326200,2.366100,2.314500,2.346800,2271553
2024-05-24T23:00:00Z,2.346800,2.370200,2.341300,2.367900,1995413
2024-05-25T00:00:00Z,2.367900,2.371600,2.335900,2.357800,2570313
2024-05-25T01:00:00Z,2.357500,2.382500,2.340700,2.362600,2697579
2024-05-25T02:00:00Z,2.362500,2.470000,2.356700,2.459000,6415170
2024-05-25T03:00:00Z,2.458600,2.597700,2.444000,2.549300,11980264
2024-05-25T04:00:00Z,2.549400,2.594900,2.538300,2.566000,5798353
2024-05-25T05:00:00Z,2.565600,2.598300,2.545900,2.575600,4649348
2024-05-25T06:00:00Z,2.575200,2.599900,2.551600,2.583800,3982488
2024-05-25T07:00:00Z,2.583800,2.615000,2.573900,2.587400,4840099
2024-05-25T08:00:00Z,2.586800,2.596700,2.536500,2.541700,4809822
2024-05-25T09:00:00Z,2.542300,2.621000,2.531800,2.597600,4819020
2024-05-25T10:00:00Z,2.597900,2.611300,2.564100,2.572200,3299557
2024-05-25T11:00:00Z,2.571900,2.578700,2.521900,2.527700,4007459
2024-05-25T12:00:00Z,2.527900,2.535200,2.478000,2.498500,4945209
2024-05-25T13:00:00Z,2.498500,2.500300,2.464200,2.475700,3372249
2024-05-25T14:00:00Z,2.475700,2.487600,2.460000,2.483000,2674239
2024-05-25T15:00:00Z,2.482900,2.520000,2.467800,2.485300,3576298
2024-05-25T16:00:00Z,2.484800,2.502200,2.465600,2.471000,2176679
2024-05-25T17:00:00Z,2.471100,2.484400,2.464600,2.477600,1501789
2024-05-25T18:00:00Z,2.477700,2.485800,2.467600,2.468200,1358625
2024-05-25T19:00:00Z,2.468300,2.475400,2.451300,2.452500,1435418
2024-05-25T20:00:00Z,2.452600,2.456500,2.445900,2.450500,1123626
2024-05-25T21:00:00Z,2.450700,2.453100,2.430000,2.439000,1383328
2024-05-25T22:00:00Z,2.439200,2.447800,2.430000,2.436400,1305793
2024-05-25T23:00:00Z,2.436400,2.448600,2.416800,2.430900,1577572
2024-05-26T00:00:00Z,2.431000,2.447700,2.428800,2.432800,1673003
2024-05-26T01:00:00Z,2.432800,2.447200,2.426800,2.444700,1376616
2024-05-26T02:00:00Z,2.444200,2.445200,2.405000,2.417000,3441084
2024-05-26T03:00:00Z,2.417000,2.441900,2.415100,2.433400,2162939
2024-05-26T04:00:00Z,2.433500,2.439700,2.419700,2.435500,1098610
2024-05-26T05:00:00Z,2.435600,2.459900,2.416100,2.454900,2253316
2024-05-26T06:00:00Z,2.454900,2.456200,2.420100,2.422100,1542016
2024-05-26T07:00:00Z,2.422200,2.470600,2.417100,2.457800,2711730
2024-05-26T08:00:00Z,2.457700,2.496700,2.435500,2.473300,3642743
2024-05-26T09:00:00Z,2.473200,2.534600,2.461600,2.533400,5052225
2024-05-26T10:00:00Z,2.533400,2.703100,2.533100,2.698300,12863070
2024-05-26T11:00:00Z,2.698200,2.708000,2.625600,2.641900,10012876
2024-05-26T12:00:00Z,2.641800,2.671000,2.601000,2.653400,6590806
2024-05-26T13:00:00Z,2.653200,2.660100,2.574200,2.580200,6098762
2024-05-26T14:00:00Z,2.579800,2.630700,2.558200,2.629900,5664168
2024-05-26T15:00:00Z,2.629800,2.689300,2.614600,2.648200,7308660
2024-05-26T16:00:00Z,2.647800,2.691600,2.630600,2.648200,5908180
2024-05-26T17:00:00Z,2.647900,2.707600,2.637900,2.668100,4354619
2024-05-26T18:00:00Z,2.668000,2.676300,2.580300,2.607700,5648201
2024-05-26T19:00:00Z,2.608000,2.658800,2.602300,2.638000,3686776
2024-05-26T20:00:00Z,2.637900,2.640300,2.618300,2.630300,1667333
2024-05-26T21:00:00Z,2.630300,2.637000,2.590100,2.613400,2207236
2024-05-26T22:00:00Z,2.613000,2.613100,2.576000,2.578400,1453505
2024-05-26T23:00:00Z,2.578400,2.581000,2.546600,2.566400,2385248
2024-05-27T00:00:00Z,2.567000,2.593200,2.562100,2.583100,2597010
2024-05-27T01:00:00Z,2.583000,2.633800,2.575500,2.629100,2431898
2024-05-27T02:00:00Z,2.629200,2.686100,2.610400,2.642200,4547399
2024-05-27T03:00:00Z,2.642100,2.642600,2.580100,2.596000,4192523
2024-05-27T04:00:00Z,2.596100,2.631700,2.596100,2.607100,2322389
2024-05-27T05:00:00Z,2.607400,2.659400,2.600000,2.644200,2840690
2024-05-27T06:00:00Z,2.644100,2.652000,2.565000,2.593800,4867067
2024-05-27T07:00:00Z,2.593900,2.646400,2.588500,2.613900,2781157
2024-05-27T08:00:00Z,2.613900,2.659800,2.603300,2.621000,2720967
2024-05-27T09:00:00Z,2.620500,2.624500,2.565300,2.566000,2801223
2024-05-27T10:00:00Z,2.566100,2.579200,2.558100,2.572100,2474527
2024-05-27T11:00:00Z,2.572300,2.624800,2.552200,2.620600,3308593
2024-05-27T12:00:00Z,2.620400,2.630900,2.588800,2.616400,2643776
2024-05-27T13:00:00Z,2.616500,2.618900,2.554400,2.560700,2976784
2024-05-27T14:00:00Z,2.560700,2.565400,2.524100,2.543100,6463373
2024-05-27T15:00:00Z,2.543200,2.609500,2.541000,2.575500,4069632
2024-05-27T16:00:00Z,2.575600,2.582100,2.550000,2.557200,2759509
2024-05-27T17:00:00Z,2.557000,2.562400,2.527800,2.540200,2266818
2024-05-27T18:00:00Z,2.539900,2.555900,2.475600,2.483900,6498325
2024-05-27T19:00:00Z,2.484000,2.503200,2.462100,2.481900,3081247
2024-05-27T20:00:00Z,2.481800,2.513800,2.478300,2.507600,1632392
2024-05-27T21:00:00Z,2.507700,2.516000,2.500600,2.500700,1274109
2024-05-27T22:00:00Z,2.500900,2.502300,2.483700,2.493800,1053264
2024-05-27T23:00:00Z,2.493900,2.497700,2.485600,2.489400,1059268
2024-05-28T00:00:00Z,2.489400,2.497700,2.471300,2.479200,1567342
2024-05-28T01:00:00Z,2.479200,2.550500,2.474500,2.482300,4547932
2024-05-28T02:00:00Z,2.482700,2.500500,2.455000,2.488500,3317862
2024-05-28T03:00:00Z,2.488500,2.496700,2.418000,2.432600,3332413
2024-05-28T04:00:00Z,2.432600,2.441800,2.405200,2.421600,2278262
2024-05-28T05:00:00Z,2.421900,2.453200,2.407400,2.453100,1988866
2024-05-28T06:00:00Z,2.452700,2.462000,2.440000,2.451500,1494991
2024-05-28T07:00:00Z,2.451500,2.461300,2.430300,2.433300,1961469
2024-05-28T08:00:00Z,2.433100,2.487500,2.432900,2.439200,3371876
2024-05-28T09:00:00Z,2.439300,2.459300,2.423600,2.449300,2109182
2024-05-28T10:00:00Z,2.449300,2.481700,2.436000,2.454600,3056259
2024-05-28T11:00:00Z,2.454600,2.478100,2.440000,2.454000,1944099
2024-05-28T12:00:00Z,2.454200,2.468000,2.425000,2.433100,2913075
2024-05-28T13:00:00Z,2.433100,2.446600,2.380200,2.405700,6188219
2024-05-28T14:00:00Z,2.406100,2.412400,2.367200,2.380300,3684928
2024-05-28T15:00:00Z,2.380000,2.398100,2.350000,2.390400,4307876
2024-05-28T16:00:00Z,2.390200,2.405000,2.362700,2.379400,2700231
2024-05-28T17:00:00Z,2.379100,2.407000,2.370800,2.383200,1286603
2024-05-28T18:00:00Z,2.383200,2.397700,2.338600,2.365700,2399624
2024-05-28T19:00:00Z,2.366000,2.392300,2.361200,2.376700,1051337
2024-05-28T20:00:00Z,2.376600,2.383700,2.359500,2.367400,1411599
2024-05-28T21:00:00Z,2.367400,2.380200,2.349100,2.367200,1005751
2024-05-28T22:00:00Z,2.367200,2.377300,2.350600,2.353100,697016
2024-05-28T23:00:00Z,2.352900,2.359500,2.347500,2.357100,768396
2024-05-29T00:00:00Z,2.357100,2.363500,2.345400,2.348100,1457587
2024-05-29T01:00:00Z,2.348100,2.351700,2.314200,2.327700,2751715
2024-05-29T02:00:00Z,2.327700,2.341300,2.313300,2.319800,2645231
2024-05-29T03:00:00Z,2.320100,2.334400,2.311900,2.318100,1632857
2024-05-29T04:00:00Z,2.318100,2.339700,2.312500,2.323400,2065766
2024-05-29T05:00:00Z,2.323200,2.354600,2.318900,2.346400,3169540
2024-05-29T06:00:00Z,2.346300,2.368400,2.343200,2.350900,2238618
2024-05-29T07:00:00Z,2.350800,2.362600,2.331000,2.331800,2518638
2024-05-29T08:00:00Z,2.331600,2.349800,2.311000,2.333000,3772061
2024-05-29T09:00:00Z,2.333200,2.348500,2.297800,2.321900,2969139
2024-05-29T10:00:00Z,2.321700,2.368300,2.318800,2.366900,1678712
2024-05-29T11:00:00Z,2.366900,2.397000,2.357300,2.376400,3668805
2024-05-29T12:00:00Z,2.376400,2.397000,2.350000,2.388200,3032952
2024-05-29T13:00:00Z,2.388500,2.438700,2.353100,2.367300,6313376
2024-05-29T14:00:00Z,2.367700,2.368200,2.310500,2.330600,3985899
2024-05-29T15:00:00Z,2.330800,2.345400,2.319200,2.335700,1639826
2024-05-29T16:00:00Z,2.335800,2.353900,2.318600,2.349600,2168978
2024-05-29T17:00:00Z,2.349500,2.350600,2.315000,2.338500,1497582
2024-05-29T18:00:00Z,2.338400,2.351200,2.313600,2.325100,1115150
2024-05-29T19:00:00Z,2.325100,2.335600,2.306600,2.313000,1067613
2024-05-29T20:00:00Z,2.313100,2.321800,2.308900,2.311600,770248
2024-05-29T21:00:00Z,2.311500,2.392900,2.302400,2.365800,2131879
2024-05-29T22:00:00Z,2.365800,2.366200,2.325000,2.331700,1778562
2024-05-29T23:00:00Z,2.331900,2.342100,2.315000,2.317200,1046217
2024-05-30T00:00:00Z,2.317200,2.348000,2.317100,2.329900,963809
2024-05-30T01:00:00Z,2.329800,2.362000,2.327200,2.354000,1054252
2024-05-30T02:00:00Z,2.353300,2.377800,2.346600,2.355000,1343151
2024-05-30T03:00:00Z,2.355000,2.357000,2.341400,2.354700,637269
2024-05-30T04:00:00Z,2.354500,2.354800,2.323600,2.329500,871452
2024-05-30T05:00:00Z,2.329100,2.330100,2.310000,2.311100,1316665
2024-05-30T06:00:00Z,2.310700,2.310800,2.232000,2.241200,8343879
2024-05-30T07:00:00Z,2.240900,2.258300,2.208100,2.228600,3081434
2024-05-30T08:00:00Z,2.228700,2.252100,2.213000,2.251200,2803108
2024-05-30T09:00:00Z,2.250900,2.252800,2.228200,2.236400,1104665
2024-05-30T10:00:00Z,2.236400,2.246800,2.226400,2.243000,1170480
2024-05-30T11:00:00Z,2.242900,2.283600,2.236500,2.258200,2127853
2024-05-30T12:00:00Z,2.258100,2.289400,2.258100,2.279100,1546566
2024-05-30T13:00:00Z,2.279300,2.291800,2.268000,2.282200,2352001
2024-05-30T14:00:00Z,2.282700,2.300000,2.274300,2.277300,2173015
2024-05-30T15:00:00Z,2.277200,2.301300,2.260800,2.283400,2351203
2024-05-30T16:00:00Z,2.283600,2.323700,2.280600,2.323500,2072043
2024-05-30T17:00:00Z,2.323600,2.370200,2.315400,2.364400,2880681
2024-05-30T18:00:00Z,2.364500,2.385400,2.349600,2.374300,1671381
2024-05-30T19:00:00Z,2.374400,2.374600,2.346300,2.356300,1726574
2024-05-30T20:00:00Z,2.356300,2.407600,2.335200,2.370900,3962321
2024-05-30T21:00:00Z,2.370800,2.401800,2.356900,2.381300,1608488
2024-05-30T22:00:00Z,2.381400,2.395000,2.376600,2.382400,878697
2024-05-30T23:00:00Z,2.382400,2.407600,2.376800,2.388000,1137551
2024-05-31T00:00:00Z,2.387800,2.405000,2.379600,2.398000,1396548
2024-05-31T01:00:00Z,2.398200,2.425900,2.369400,2.392500,2906330
2024-05-31T02:00:00Z,2.392500,2.426300,2.378500,2.389400,1533890
2024-05-31T03:00:00Z,2.389700,2.423800,2.388200,2.416900,1645362
2024-05-31T04:00:00Z,2.417000,2.425200,2.398500,2.400600,1484161
2024-05-31T05:00:00Z,2.400800,2.405400,2.361200,2.372700,2245279
2024-05-31T06:00:00Z,2.372600,2.384000,2.344200,2.350000,1335295
2024-05-31T07:00:00Z,2.350100,2.368000,2.346100,2.351000,1104844
2024-05-31T08:00:00Z,2.351200,2.357300,2.329300,2.333900,1613284
2024-05-31T09:00:00Z,2.334000,2.343700,2.316700,2.323600,1322153
2024-05-31T10:00:00Z,2.323600,2.371800,2.313800,2.371100,2431780
2024-05-31T11:00:00Z,2.371300,2.399200,2.359400,2.376900,2503307
2024-05-31T12:00:00Z,2.376800,2.442600,2.367500,2.423900,4711640
2024-05-31T13:00:00Z,2.423900,2.450600,2.411700,2.424600,4417173
2024-05-31T14:00:00Z,2.424600,2.474000,2.402300,2.435400,5277957
2024-05-31T15:00:00Z,2.435200,2.458300,2.381600,2.386100,3136113
2024-05-31T16:00:00Z,2.386200,2.445000,2.361100,2.440300,4465484
2024-05-31T17:00:00Z,2.440000,2.498200,2.435200,2.490200,4399190
2024-05-31T18:00:00Z,2.490200,2.530000,2.480000,2.523500,4502372
2024-05-31T19:00:00Z,2.523600,2.563900,2.516300,2.543600,4094828
2024-05-31T20:00:00Z,2.544100,2.554500,2.514600,2.541400,2375857
2024-05-31T21:00:00Z,2.541600,2.561900,2.539900,2.559700,1357067
2024-05-31T22:00:00Z,2.559800,2.563800,2.531000,2.533300,1321315
2024-05-31T23:00:00Z,2.533300,2.552700,2.513100,2.530200,1585853
2024-06-01T00:00:00Z,2.531100,2.562000,2.519600,2.542100,2011832
2024-06-01T01:00:00Z,2.542400,2.568000,2.529400,2.540500,1781858
2024-06-01T02:00:00Z,2.540900,2.560000,2.540400,2.545500,1047307
2024-06-01T03:00:00Z,2.545600,2.563700,2.543400,2.550900,1196107
2024-06-01T04:00:00Z,2.551000,2.557800,2.531700,2.543300,1120427
2024-06-01T05:00:00Z,2.543200,2.563500,2.514500,2.556400,1849544
2024-06-01T06:00:00Z,2.556500,2.559100,2.531100,2.552000,1623608
2024-06-01T07:00:00Z,2.552000,2.573300,2.535400,2.552400,1828158
2024-06-01T08:00:00Z,2.552400,2.590700,2.550000,2.587400,2442564
2024-06-01T09:00:00Z,2.587500,2.595600,2.534300,2.546200,2332111
2024-06-01T10:00:00Z,2.546200,2.549700,2.521700,2.527200,1389617
2024-06-01T11:00:00Z,2.527100,2.538100,2.503700,2.509300,1690796
2024-06-01T12:00:00Z,2.509400,2.525300,2.481100,2.492600,2525555
2024-06-01T13:00:00Z,2.492700,2.495000,2.471000,2.479200,1557949
2024-06-01T14:00:00Z,2.479200,2.495000,2.466900,2.472200,1670222
2024-06-01T15:00:00Z,2.472500,2.481600,2.462000,2.463100,1204182
2024-06-01T16:00:00Z,2.463100,2.473600,2.450100,2.453600,1352205
2024-06-01T17:00:00Z,2.453600,2.459600,2.427300,2.445000,1710730
2024-06-01T18:00:00Z,2.445100,2.452400,2.425100,2.441200,1571723
2024-06-01T19:00:00Z,2.441200,2.447200,2.429600,2.439100,991951
2024-06-01T20:00:00Z,2.439000,2.461000,2.437900,2.459600,1376141
2024-06-01T21:00:00Z,2.460100,2.461200,2.448300,2.454400,742559
2024-06-01T22:00:00Z,2.454400,2.456700,2.442800,2.442800,623106
2024-06-01T23:00:00Z,2.442700,2.445600,2.422500,2.439100,1032153
2024-06-02T00:00:00Z,2.439300,2.478000,2.438900,2.466600,1943255
2024-06-02T01:00:00Z,2.466600,2.482600,2.454900,2.459300,1084224
2024-06-02T02:00:00Z,2.459000,2.459500,2.426800,2.439900,1742585
2024-06-02T03:00:00Z,2.439800,2.450000,2.426800,2.433900,1099330
2024-06-02T04:00:00Z,2.433900,2.438300,2.413500,2.426300,1215751
2024-06-02T05:00:00Z,2.426300,2.427500,2.405000,2.411700,1012708
2024-06-02T06:00:00Z,2.412100,2.412800,2.384200,2.392600,2012296
2024-06-02T07:00:00Z,2.392500,2.400100,2.356900,2.371900,2628441
2024-06-02T08:00:00Z,2.371900,2.416800,2.365500,2.401100,1791260
2024-06-02T09:00:00Z,2.401200,2.410300,2.381500,2.398900,1452856
2024-06-02T10:00:00Z,2.398900,2.401300,2.378200,2.381100,1112479
2024-06-02T11:00:00Z,2.381100,2.396000,2.368700,2.390700,1168207
2024-06-02T12:00:00Z,2.390700,2.399600,2.372300,2.379600,802929
2024-06-02T13:00:00Z,2.379600,2.391400,2.374700,2.386000,652591
2024-06-02T14:00:00Z,2.385700,2.386900,2.371700,2.379700,1085988
2024-06-02T15:00:00Z,2.379600,2.380200,2.358400,2.361400,1014131
2024-06-02T16:00:00Z,2.361400,2.419500,2.356900,2.419100,2842764
2024-06-02T17:00:00Z,2.419200,2.430500,2.345600,2.346400,3318270
2024-06-02T18:00:00Z,2.346300,2.387200,2.320000,2.381000,2754571
2024-06-02T19:00:00Z,2.381100,2.400800,2.372100,2.383700,1487222
2024-06-02T20:00:00Z,2.383600,2.390800,2.352500,2.365100,1091563
2024-06-02T21:00:00Z,2.365100,2.371600,2.353100,2.355900,688887
2024-06-02T22:00:00Z,2.356000,2.366800,2.341500,2.345400,1365798
2024-06-02T23:00:00Z,2.345200,2.361400,2.343700,2.350400,379794
2024-06-03T00:00:00Z,2.350900,2.351300,2.326500,2.340600,902665
2024-06-03T01:00:00Z,2.340700,2.384000,2.332200,2.378700,1403264
2024-06-03T02:00:00Z,2.378800,2.390700,2.357000,2.360500,1275792
2024-06-03T03:00:00Z,2.360400,2.364100,2.336900,2.348400,1183696
2024-06-03T04:00:00Z,2.348200,2.386300,2.341000,2.371600,1482967
2024-06-03T05:00:00Z,2.371400,2.385800,2.365500,2.366600,1193605
2024-06-03T06:00:00Z,2.366500,2.407400,2.359300,2.389200,1569348
2024-06-03T07:00:00Z,2.389100,2.399900,2.376300,2.386900,1021357
2024-06-03T08:00:00Z,2.386700,2.403800,2.371200,2.371500,1294411
2024-06-03T09:00:00Z,2.371600,2.371800,2.347300,2.353700,1338993
2024-06-03T10:00:00Z,2.353700,2.367900,2.344700,2.347100,955507
2024-06-03T11:00:00Z,2.347000,2.352800,2.330200,2.332600,1225828
2024-06-03T12:00:00Z,2.332500,2.359000,2.329500,2.356100,1293472
2024-06-03T13:00:00Z,2.355900,2.409200,2.349100,2.407000,2514093
2024-06-03T14:00:00Z,2.407100,2.427400,2.325100,2.336600,4231411
2024-06-03T15:00:00Z,2.336600,2.427400,2.333800,2.424500,3782183
2024-06-03T16:00:00Z,2.424100,2.439800,2.351600,2.353500,3695628
2024-06-03T17:00:00Z,2.353300,2.397700,2.343500,2.389900,1891449
2024-06-03T18:00:00Z,2.389900,2.407900,2.381200,2.382500,1483021
2024-06-03T19:00:00Z,2.382300,2.385800,2.348700,2.358100,1490943
2024-06-03T20:00:00Z,2.358500,2.373700,2.340500,2.340800,1168581
2024-06-03T21:00:00Z,2.340700,2.345300,2.295400,2.298200,2397575
2024-06-03T22:00:00Z,2.297900,2.308500,2.283600,2.296300,1178134
2024-06-03T23:00:00Z,2.296100,2.312700,2.283900,2.304900,1089811
2024-06-04T00:00:00Z,2.304800,2.305200,2.268200,2.289400,1387115
2024-06-04T01:00:00Z,2.289200,2.312500,2.280100,2.291900,1204827
2024-06-04T02:00:00Z,2.291900,2.295200,2.272100,2.295000,1442968
2024-06-04T03:00:00Z,2.294900,2.320100,2.292200,2.299300,1163447
2024-06-04T04:00:00Z,2.299200,2.311100,2.287200,2.293900,746739
2024-06-04T05:00:00Z,2.294100,2.303400,2.290000,2.291500,545864
2024-06-04T06:00:00Z,2.291600,2.292600,2.263800,2.269500,1335495
2024-06-04T07:00:00Z,2.269300,2.292900,2.266100,2.291100,1027163
2024-06-04T08:00:00Z,2.291800,2.313000,2.279600,2.301300,1480688
2024-06-04T09:00:00Z,2.301300,2.305200,2.266700,2.270700,1392911
2024-06-04T10:00:00Z,2.270800,2.305300,2.269200,2.302100,1173216
2024-06-04T11:00:00Z,2.302200,2.304600,2.268500,2.282100,1444767
2024-06-04T12:00:00Z,2.281900,2.287000,2.263000,2.273300,1162909
2024-06-04T13:00:00Z,2.273500,2.311400,2.271400,2.296400,1580041
2024-06-04T14:00:00Z,2.296600,2.320600,2.293000,2.309600,1910468
2024-06-04T15:00:00Z,2.309800,2.345100,2.304100,2.331000,1712146
2024-06-04T16:00:00Z,2.331000,2.350000,2.309400,2.319000,2553646
2024-06-04T17:00:00Z,2.319100,2.346500,2.311900,2.330700,1556917
2024-06-04T18:00:00Z,2.330800,2.351200,2.328500,2.333600,1116133
2024-06-04T19:00:00Z,2.333600,2.338000,2.305700,2.327000,909669
2024-06-04T20:00:00Z,2.327000,2.338000,2.312700,2.334000,1050145
2024-06-04T21:00:00Z,2.333800,2.339200,2.317200,2.324200,484927
2024-06-04T22:00:00Z,2.324300,2.325600,2.290800,2.313000,1616224
2024-06-04T23:00:00Z,2.313000,2.331400,2.308700,2.328100,612698
2024-06-05T00:00:00Z,2.328000,2.339500,2.315000,2.328200,878450
2024-06-05T01:00:00Z,2.328200,2.360700,2.324900,2.356900,984807
2024-06-05T02:00:00Z,2.356900,2.359200,2.301100,2.301900,1545852
2024-06-05T03:00:00Z,2.302000,2.309800,2.275500,2.291300,1737599
2024-06-05T04:00:00Z,2.290900,2.293000,2.267300,2.288600,1663876
2024-06-05T05:00:00Z,2.288000,2.289600,2.265000,2.277800,1627184
2024-06-05T06:00:00Z,2.277700,2.316100,2.273700,2.305000,1800101
2024-06-05T07:00:00Z,2.304900,2.311500,2.274000,2.281700,1828393
2024-06-05T08:00:00Z,2.281700,2.282700,2.252300,2.255400,1891345
2024-06-05T09:00:00Z,2.255100,2.265900,2.236000,2.255200,1937366
2024-06-05T10:00:00Z,2.255300,2.283300,2.253600,2.266500,1519657
2024-06-05T11:00:00Z,2.266500,2.272100,2.252000,2.253700,913734
2024-06-05T12:00:00Z,2.253500,2.300900,2.251300,2.283800,2533347
2024-06-05T13:00:00Z,2.284000,2.292700,2.240000,2.246600,2110677
2024-06-05T14:00:00Z,2.246700,2.258200,2.238700,2.248100,1516608
2024-06-05T15:00:00Z,2.248200,2.263800,2.245300,2.255200,1098973
2024-06-05T16:00:00Z,2.255100,2.270200,2.245000,2.247000,1435611
2024-06-05T17:00:00Z,2.247000,2.273200,2.242700,2.271000,1575707
2024-06-05T18:00:00Z,2.271000,2.334400,2.269300,2.273100,5534516
2024-06-05T19:00:00Z,2.273000,2.308700,2.253300,2.302900,2287434
2024-06-05T20:00:00Z,2.303000,2.323200,2.297800,2.306100,2367773
2024-06-05T21:00:00Z,2.306800,2.308900,2.287700,2.294900,791048
2024-06-05T22:00:00Z,2.295200,2.296600,2.264400,2.270300,761617
2024-06-05T23:00:00Z,2.269800,2.279500,2.261400,2.268500,1027453
2024-06-06T00:00:00Z,2.268400,2.274000,2.255500,2.257500,1061586
2024-06-06T01:00:00Z,2.257300,2.269900,2.255500,2.262000,938111
2024-06-06T02:00:00Z,2.262000,2.290000,2.257000,2.274600,1685623
2024-06-06T03:00:00Z,2.274700,2.278500,2.256000,2.256800,996834
2024-06-06T04:00:00Z,2.256900,2.281300,2.247600,2.279400,1200150
2024-06-06T05:00:00Z,2.279200,2.285700,2.255800,2.267100,1403168
2024-06-06T06:00:00Z,2.267200,2.271200,2.240000,2.253800,1721169
2024-06-06T07:00:00Z,2.254100,2.255700,2.240700,2.250800,645500
2024-06-06T08:00:00Z,2.250800,2.259500,2.238000,2.243500,1299076
2024-06-06T09:00:00Z,2.243500,2.260900,2.242700,2.249800,1250771
2024-06-06T10:00:00Z,2.249900,2.251400,2.225500,2.234300,1965177
2024-06-06T11:00:00Z,2.234600,2.255400,2.232900,2.238000,1512463
2024-06-06T12:00:00Z,2.237800,2.267600,2.234400,2.259300,2222906
2024-06-06T13:00:00Z,2.259400,2.261000,2.229000,2.243100,2169722
2024-06-06T14:00:00Z,2.243200,2.250300,2.230100,2.242800,1154615
2024-06-06T15:00:00Z,2.242700,2.264900,2.241100,2.248900,1030717
2024-06-06T16:00:00Z,2.248900,2.251200,2.216600,2.224000,2983559
2024-06-06T17:00:00Z,2.223700,2.242400,2.216300,2.227200,1796188
2024-06-06T18:00:00Z,2.227400,2.227700,2.210500,2.214600,1181716
2024-06-06T19:00:00Z,2.214600,2.215300,2.159300,2.169600,5637286
2024-06-06T20:00:00Z,2.169200,2.194800,2.143700,2.189000,3024155
2024-06-06T21:00:00Z,2.189400,2.198800,2.173900,2.190600,1088012
2024-06-06T22:00:00Z,2.190600,2.205900,2.184700,2.199200,1035278
2024-06-06T23:00:00Z,2.199000,2.208100,2.190400,2.194900,1096650
2024-06-07T00:00:00Z,2.194800,2.202400,2.186200,2.194700,711359
2024-06-07T01:00:00Z,2.194700,2.204700,2.189300,2.191300,1176164
2024-06-07T02:00:00Z,2.191300,2.196700,2.178000,2.183200,816998
2024-06-07T03:00:00Z,2.183100,2.185500,2.174500,2.178900,436581
2024-06-07T04:00:00Z,2.179100,2.193100,2.177900,2.183700,822773
2024-06-07T05:00:00Z,2.183700,2.201800,2.181600,2.191900,821574
2024-06-07T06:00:00Z,2.191900,2.203600,2.181500,2.202400,890334
2024-06-07T07:00:00Z,2.202400,2.216400,2.200500,2.213400,937161
2024-06-07T08:00:00Z,2.213800,2.220100,2.195500,2.201600,949965
2024-06-07T09:00:00Z,2.201900,2.203900,2.192300,2.200700,652407
2024-06-07T10:00:00Z,2.199900,2.211700,2.196800,2.206900,799956
2024-06-07T11:00:00Z,2.206700,2.250000,2.205300,2.239100,2315440
2024-06-07T12:00:00Z,2.239000,2.254300,2.160000,2.210100,5989883
2024-06-07T13:00:00Z,2.210400,2.267400,2.205100,2.247700,3318331
2024-06-07T14:00:00Z,2.247800,2.288600,2.231000,2.277000,2738420
2024-06-07T15:00:00Z,2.277300,2.282000,2.223800,2.239500,2396625
2024-06-07T16:00:00Z,2.239800,2.245300,2.203200,2.212600,1879188
2024-06-07T17:00:00Z,2.212900,2.213200,2.149000,2.150400,3789034
2024-06-07T18:00:00Z,2.149900,2.156300,1.817300,1.967400,25157157
2024-06-07T19:00:00Z,1.967500,2.024800,1.934200,2.003000,5137612
2024-06-07T20:00:00Z,2.003100,2.032400,1.987000,2.022500,2769801
2024-06-07T21:00:00Z,2.022400,2.049000,2.014400,2.045100,1502383
2024-06-07T22:00:00Z,2.045100,2.057400,2.032800,2.048900,1542083
2024-06-07T23:00:00Z,2.048800,2.053000,2.025900,2.030000,911856
2024-06-08T00:00:00Z,2.029700,2.035000,2.018600,2.033000,1285614
2024-06-08T01:00:00Z,2.032900,2.051500,2.028900,2.043800,971044
2024-06-08T02:00:00Z,2.044000,2.049200,2.026800,2.048600,814647
2024-06-08T03:00:00Z,2.048600,2.048700,2.028200,2.030200,749378
2024-06-08T04:00:00Z,2.030200,2.044500,2.028800,2.033300,666010
2024-06-08T05:00:00Z,2.033000,2.042800,2.028500,2.030600,514229
2024-06-08T06:00:00Z,2.030400,2.037500,2.022000,2.029700,735758
2024-06-08T07:00:00Z,2.029600,2.067000,2.028200,2.054000,1227787
2024-06-08T08:00:00Z,2.053900,2.054100,2.029000,2.030500,988963
2024-06-08T09:00:00Z,2.030400,2.032800,2.013600,2.015300,1089186
2024-06-08T10:00:00Z,2.015000,2.017900,2.004000,2.015300,898746
2024-06-08T11:00:00Z,2.015300,2.020300,1.967700,1.977800,2058592
2024-06-08T12:00:00Z,1.978000,1.993100,1.959000,1.963800,2153319
2024-06-08T13:00:00Z,1.963700,1.975000,1.939100,1.966600,3200743
2024-06-08T14:00:00Z,1.967000,1.976800,1.948700,1.970500,1195811
2024-06-08T15:00:00Z,1.970500,1.977900,1.960300,1.961400,1352135
2024-06-08T16:00:00Z,1.961500,1.964300,1.936500,1.941300,1263964
2024-06-08T17:00:00Z,1.941300,1.958200,1.924100,1.948800,1766111
2024-06-08T18:00:00Z,1.948700,1.960900,1.930500,1.935600,971373
2024-06-08T19:00:00Z,1.935800,1.941600,1.921500,1.925300,671990
2024-06-08T20:00:00Z,1.925400,1.928100,1.916200,1.921800,625490
2024-06-08T21:00:00Z,1.921700,1.933300,1.916200,1.918700,634247
2024-06-08T22:00:00Z,1.918400,1.930700,1.906500,1.923200,1141538
2024-06-08T23:00:00Z,1.923000,1.934200,1.920200,1.931600,435480
2024-06-09T00:00:00Z,1.931600,1.935800,1.923500,1.928300,602784
2024-06-09T01:00:00Z,1.928400,1.966000,1.926200,1.949000,1718665
2024-06-09T02:00:00Z,1.949000,1.953800,1.915900,1.919300,1401507
2024-06-09T03:00:00Z,1.919400,1.936700,1.919100,1.926100,637385
2024-06-09T04:00:00Z,1.926100,1.934800,1.916000,1.920400,634697
2024-06-09T05:00:00Z,1.920400,1.940400,1.910500,1.937500,680250
2024-06-09T06:00:00Z,1.937300,1.949800,1.936900,1.939500,551261
2024-06-09T07:00:00Z,1.939600,1.948800,1.937200,1.947500,583462
2024-06-09T08:00:00Z,1.947400,1.948700,1.935300,1.940900,569054
2024-06-09T09:00:00Z,1.940500,1.946400,1.935400,1.940500,494721
2024-06-09T10:00:00Z,1.940500,1.952900,1.937500,1.943400,496208
2024-06-09T11:00:00Z,1.943400,1.957300,1.941600,1.951800,455497
2024-06-09T12:00:00Z,1.951600,1.977500,1.942000,1.974700,1024561
2024-06-09T13:00:00Z,1.974400,1.975900,1.946800,1.952600,1021703
2024-06-09T14:00:00Z,1.952200,1.966500,1.944100,1.954000,647765
2024-06-09T15:00:00Z,1.954000,1.957300,1.943900,1.944100,396280
2024-06-09T16:00:00Z,1.944300,1.962500,1.941000,1.952200,696040
2024-06-09T17:00:00Z,1.952100,1.956700,1.943100,1.944400,437265
2024-06-09T18:00:00Z,1.944400,1.957700,1.943100,1.950100,674399
2024-06-09T19:00:00Z,1.949800,1.954900,1.943500,1.946400,511637
2024-06-09T20:00:00Z,1.946700,1.948400,1.931200,1.933700,538521
2024-06-09T21:00:00Z,1.933800,1.936200,1.915400,1.925100,943223
2024-06-09T22:00:00Z,1.925000,1.930500,1.860600,1.883200,5907918
2024-06-09T23:00:00Z,1.883200,1.884600,1.870800,1.882000,1438744
2024-06-10T00:00:00Z,1.882100,1.889100,1.876400,1.883800,1326112
2024-06-10T01:00:00Z,1.884200,1.894800,1.875400,1.891100,799206
2024-06-10T02:00:00Z,1.891100,1.901500,1.884000,1.887300,1300219
2024-06-10T03:00:00Z,1.887400,1.892000,1.874400,1.880800,799811
2024-06-10T04:00:00Z,1.880600,1.936000,1.871200,1.924200,3702541
2024-06-10T05:00:00Z,1.924200,1.938300,1.899900,1.910100,2010804
2024-06-10T06:00:00Z,1.910400,1.914800,1.885700,1.891200,1288074
2024-06-10T07:00:00Z,1.891200,1.899400,1.874400,1.878700,1931286
2024-06-10T08:00:00Z,1.878100,1.909000,1.876000,1.900900,1540048
2024-06-10T09:00:00Z,1.900600,1.927800,1.897000,1.918600,1023164
2024-06-10T10:00:00Z,1.918800,1.924200,1.904900,1.911500,1158239
2024-06-10T11:00:00Z,1.911600,1.914100,1.895400,1.897800,836073
2024-06-10T12:00:00Z,1.897900,1.898400,1.880100,1.885900,992593
2024-06-10T13:00:00Z,1.885500,1.895400,1.870000,1.881500,1696494
2024-06-10T14:00:00Z,1.881300,1.920200,1.877300,1.906000,1528874
2024-06-10T15:00:00Z,1.906000,1.943200,1.902300,1.930900,2332532
2024-06-10T16:00:00Z,1.930900,1.933900,1.914600,1.925900,993869
2024-06-10T17:00:00Z,1.925700,1.927500,1.907700,1.917800,767358
2024-06-10T18:00:00Z,1.917700,1.923300,1.895100,1.900600,1261996
2024-06-10T19:00:00Z,1.900500,1.902400,1.878900,1.885400,991878
2024-06-10T20:00:00Z,1.885900,1.885900,1.854300,1.872300,1592707
2024-06-10T21:00:00Z,1.872300,1.877300,1.861500,1.870600,484856
2024-06-10T22:00:00Z,1.870600,1.882800,1.858900,1.878600,1104658
2024-06-10T23:00:00Z,1.878600,1.883000,1.863100,1.868700,804685
2024-06-11T00:00:00Z,1.868600,1.871700,1.858300,1.867200,599080
2024-06-11T01:00:00Z,1.867200,1.874500,1.765000,1.828700,3694111
2024-06-11T02:00:00Z,1.828700,1.847100,1.802600,1.835900,3212418
2024-06-11T03:00:00Z,1.835700,1.864000,1.831700,1.848500,1785032
2024-06-11T04:00:00Z,1.848700,1.876200,1.839100,1.866600,2513592
2024-06-11T05:00:00Z,1.866400,1.875700,1.855600,1.864200,1049727
2024-06-11T06:00:00Z,1.864200,1.867400,1.828800,1.851400,1612515
2024-06-11T07:00:00Z,1.851600,1.873400,1.843200,1.855800,1715187
2024-06-11T08:00:00Z,1.855500,1.876200,1.845400,1.853500,2265187
2024-06-11T09:00:00Z,1.853600,1.858300,1.839200,1.840100,1398565
2024-06-11T10:00:00Z,1.840500,1.851000,1.830600,1.832100,2066759
2024-06-11T11:00:00Z,1.832500,1.870400,1.823200,1.837600,2889821
2024-06-11T12:00:00Z,1.837400,1.863600,1.831300,1.837500,1928497
2024-06-11T13:00:00Z,1.837300,1.853100,1.804400,1.820600,3904070
2024-06-11T14:00:00Z,1.820500,1.874500,1.819200,1.844000,2924973
2024-06-11T15:00:00Z,1.844100,1.862000,1.753700,1.800100,7087380
2024-06-11T16:00:00Z,1.799700,1.849300,1.795900,1.831400,5653511
2024-06-11T17:00:00Z,1.831500,1.852200,1.799300,1.838200,2867217
2024-06-11T18:00:00Z,1.837800,1.851000,1.821200,1.825400,1824241
2024-06-11T19:00:00Z,1.825400,1.832100,1.804800,1.814600,1327637
2024-06-11T20:00:00Z,1.814300,1.825500,1.806200,1.818700,1161810
2024-06-11T21:00:00Z,1.818500,1.855000,1.815400,1.853600,1470969
2024-06-11T22:00:00Z,1.853800,1.854200,1.825400,1.825800,1188006
2024-06-11T23:00:00Z,1.826200,1.834800,1.822900,1.831500,647950
2024-06-12T00:00:00Z,1.831500,1.843300,1.808900,1.815100,1037882
2024-06-12T01:00:00Z,1.815100,1.821300,1.766400,1.798100,2155130
2024-06-12T02:00:00Z,1.797500,1.834600,1.793700,1.824500,1385655
2024-06-12T03:00:00Z,1.824500,1.846900,1.823700,1.844700,836452
2024-06-12T04:00:00Z,1.844400,1.863200,1.838200,1.845300,939418
2024-06-12T05:00:00Z,1.845300,1.845700,1.825600,1.827000,665251
2024-06-12T06:00:00Z,1.827000,1.838100,1.822900,1.829500,741867
2024-06-12T07:00:00Z,1.829300,1.868100,1.829200,1.859100,1735983
2024-06-12T08:00:00Z,1.859200,1.898000,1.857300,1.882600,3161670
2024-06-12T09:00:00Z,1.882700,1.909800,1.870300,1.905600,1635302
2024-06-12T10:00:00Z,1.905700,1.961100,1.905500,1.935300,4193805
2024-06-12T11:00:00Z,1.935600,1.940000,1.906500,1.909100,2027126
2024-06-12T12:00:00Z,1.909100,2.036800,1.905200,2.026200,7609614
2024-06-12T13:00:00Z,2.026700,2.050000,1.992600,1.999500,3474191
2024-06-12T14:00:00Z,1.999500,2.046600,1.994100,2.042900,2224234
2024-06-12T15:00:00Z,2.042800,2.054500,2.011000,2.036100,2631231
2024-06-12T16:00:00Z,2.036200,2.043000,2.000000,2.018600,1785995
2024-06-12T17:00:00Z,2.018700,2.046800,2.008000,2.042200,873850
2024-06-12T18:00:00Z,2.042100,2.042100,1.963100,1.994900,5533203
2024-06-12T19:00:00Z,1.995400,2.050000,1.942700,1.954300,5797256
2024-06-12T20:00:00Z,1.954400,2.008900,1.944000,2.001700,2408497
2024-06-12T21:00:00Z,2.002200,2.007000,1.991700,2.003100,636038
2024-06-12T22:00:00Z,2.003500,2.012000,1.998400,2.011400,609982
2024-06-12T23:00:00Z,2.011300,2.011400,1.990300,2.002300,723373
2024-06-13T00:00:00Z,2.002200,2.011100,1.983800,2.009000,1059330
2024-06-13T01:00:00Z,2.008900,2.015500,1.995400,1.997300,848792
2024-06-13T02:00:00Z,1.997300,1.998600,1.941100,1.942400,1955165
2024-06-13T03:00:00Z,1.942500,1.962300,1.918700,1.960400,3454177
2024-06-13T04:00:00Z,1.960300,1.976200,1.959500,1.965900,1044084
2024-06-13T05:00:00Z,1.965800,1.984600,1.962600,1.979100,893061
2024-06-13T06:00:00Z,1.979000,1.979000,1.930400,1.930700,1865062
2024-06-13T07:00:00Z,1.930700,1.945000,1.920600,1.943400,1540537
2024-06-13T08:00:00Z,1.943100,1.957400,1.939200,1.952000,1017018
2024-06-13T09:00:00Z,1.951900,1.955500,1.917700,1.929100,1569570
2024-06-13T10:00:00Z,1.929300,1.935100,1.915900,1.922300,981090
2024-06-13T11:00:00Z,1.922200,1.925300,1.890000,1.895500,2543463
2024-06-13T12:00:00Z,1.895600,1.935600,1.877500,1.890700,3146415
2024-06-13T13:00:00Z,1.890700,1.939700,1.889700,1.913200,2540196
2024-06-13T14:00:00Z,1.913800,1.975800,1.889500,1.949100,5430582
2024-06-13T15:00:00Z,1.949000,1.955500,1.871300,1.885600,4833960
2024-06-13T16:00:00Z,1.885100,1.914200,1.873300,1.898100,2053185
2024-06-13T17:00:00Z,1.897900,1.905700,1.882000,1.892500,1678063
2024-06-13T18:00:00Z,1.892500,1.906600,1.881200,1.882800,1436028
2024-06-13T19:00:00Z,1.882900,1.889200,1.873600,1.873600,737696
2024-06-13T20:00:00Z,1.873600,1.881700,1.854200,1.861600,1227801
2024-06-13T21:00:00Z,1.861800,1.869700,1.843600,1.867900,1061587
2024-06-13T22:00:00Z,1.867900,1.874200,1.855700,1.868700,895360
2024-06-13T23:00:00Z,1.868700,1.868800,1.845700,1.861000,626080
2024-06-14T00:00:00Z,1.860900,1.876700,1.842700,1.868700,1864125
2024-06-14T01:00:00Z,1.868800,1.885300,1.850400,1.881900,1522725
2024-06-14T02:00:00Z,1.881800,1.912200,1.866300,1.906400,1523509
2024-06-14T03:00:00Z,1.906400,1.933600,1.888500,1.932000,3836874
2024-06-14T04:00:00Z,1.932100,1.939900,1.911700,1.930200,1574049
2024-06-14T05:00:00Z,1.929800,1.972400,1.924900,1.961200,2377650
2024-06-14T06:00:00Z,1.961100,1.987900,1.952600,1.973500,1779414
2024-06-14T07:00:00Z,1.973500,2.000400,1.960000,1.978300,4271982
2024-06-14T08:00:00Z,1.978200,1.995000,1.963100,1.976400,1750169
2024-06-14T09:00:00Z,1.976400,1.976900,1.941600,1.947600,1759376
2024-06-14T10:00:00Z,1.947600,1.959600,1.935900,1.957900,1877750
2024-06-14T11:00:00Z,1.957800,1.981900,1.946000,1.979800,1335959
2024-06-14T12:00:00Z,1.979900,2.008100,1.977300,1.989200,2634079
2024-06-14T13:00:00Z,1.988900,2.013200,1.983500,2.007500,1962974
2024-06-14T14:00:00Z,2.007700,2.009100,1.940000,1.981700,4806540
2024-06-14T15:00:00Z,1.981400,1.995100,1.943400,1.957000,2784182
2024-06-14T16:00:00Z,1.956800,1.960400,1.847000,1.899700,9116580
2024-06-14T17:00:00Z,1.899600,1.904400,1.862900,1.865100,2694845
2024-06-14T18:00:00Z,1.865200,1.872900,1.834200,1.843900,3187227
2024-06-14T19:00:00Z,1.843600,1.849900,1.817200,1.846500,2234957
2024-06-14T20:00:00Z,1.846800,1.887100,1.845300,1.865000,2839277
2024-06-14T21:00:00Z,1.864300,2.014600,1.864300,1.992500,9774864
2024-06-14T22:00:00Z,1.992500,1.995800,1.952500,1.979300,3642092
2024-06-14T23:00:00Z,1.979400,1.987300,1.955900,1.980400,2577563
2024-06-15T00:00:00Z,1.980400,2.006000,1.975100,1.994800,2361255
2024-06-15T01:00:00Z,1.995000,2.072900,1.994100,2.041900,6945514
2024-06-15T02:00:00Z,2.041800,2.055000,2.023200,2.030200,3302503
2024-06-15T03:00:00Z,2.030300,2.073500,2.028300,2.070700,2644223
2024-06-15T04:00:00Z,2.071000,2.076200,2.011400,2.041200,4143386
2024-06-15T05:00:00Z,2.041100,2.044000,2.019500,2.034700,1736325
2024-06-15T06:00:00Z,2.034800,2.099700,2.033300,2.075700,4987833
2024-06-15T07:00:00Z,2.075900,2.098000,2.060000,2.067600,2699322
2024-06-15T08:00:00Z,2.066900,2.083700,2.057000,2.071900,1960667
2024-06-15T09:00:00Z,2.071800,2.090800,2.040800,2.051600,3459746
2024-06-15T10:00:00Z,2.051300,2.065800,2.032200,2.060500,2854753
2024-06-15T11:00:00Z,2.060400,2.062600,2.040000,2.058300,1437398
2024-06-15T12:00:00Z,2.057800,2.076800,2.049000,2.074500,2129879
2024-06-15T13:00:00Z,2.074700,2.075200,2.055500,2.065700,1734154
2024-06-15T14:00:00Z,2.065600,2.065700,2.040700,2.049000,1510335
2024-06-15T15:00:00Z,2.049000,2.073300,2.044900,2.051700,1628468
2024-06-15T16:00:00Z,2.051700,2.054800,2.034000,2.043900,1279746
2024-06-15T17:00:00Z,2.043900,2.058000,2.030900,2.054100,1196416
2024-06-15T18:00:00Z,2.054200,2.061600,2.041700,2.056700,1218530
2024-06-15T19:00:00Z,2.056700,2.064000,2.041500,2.051400,962479
2024-06-15T20:00:00Z,2.051000,2.055900,2.031000,2.047900,1325765
2024-06-15T21:00:00Z,2.047900,2.066300,2.040400,2.059900,1079012
2024-06-15T22:00:00Z,2.059900,2.063100,2.044100,2.059200,588436
2024-06-15T23:00:00Z,2.059200,2.075700,2.054900,2.071700,1191873
2024-06-16T00:00:00Z,2.071700,2.071700,2.041400,2.042700,1154516
2024-06-16T01:00:00Z,2.042500,2.043000,2.000900,2.015000,3457335
2024-06-16T02:00:00Z,2.014900,2.021900,2.001600,2.005400,902048
2024-06-16T03:00:00Z,2.005600,2.010400,1.986900,1.988400,1453810
2024-06-16T04:00:00Z,1.988400,1.992500,1.970200,1.980700,1349961
2024-06-16T05:00:00Z,1.980600,2.007000,1.977700,2.001500,1107361
2024-06-16T06:00:00Z,2.001600,2.005400,1.985600,1.993600,1380133
2024-06-16T07:00:00Z,1.994400,2.004000,1.984800,1.997000,1205380
2024-06-16T08:00:00Z,1.997000,1.997300,1.975900,1.977100,914666
2024-06-16T09:00:00Z,1.977600,1.994000,1.976000,1.993100,853492
2024-06-16T10:00:00Z,1.993100,2.014000,1.989600,2.008800,1215647
2024-06-16T11:00:00Z,2.008800,2.016000,1.996900,2.008200,1412666
2024-06-16T12:00:00Z,2.008100,2.066900,2.001200,2.065100,1941129
2024-06-16T13:00:00Z,2.065100,2.127800,2.064300,2.113800,8859182
2024-06-16T14:00:00Z,2.114000,2.129300,2.086000,2.122700,4277915
2024-06-16T15:00:00Z,2.122700,2.242500,2.120400,2.241000,11867063
2024-06-16T16:00:00Z,2.241000,2.243600,2.184200,2.185600,7427981
2024-06-16T17:00:00Z,2.185300,2.205700,2.172800,2.193000,4260911
2024-06-16T18:00:00Z,2.193100,2.201100,2.172000,2.178400,3148754
2024-06-16T19:00:00Z,2.178300,2.191600,2.129200,2.139600,5306347
2024-06-16T20:00:00Z,2.139700,2.161100,2.139700,2.156700,2244905
2024-06-16T21:00:00Z,2.156800,2.173200,2.152100,2.159600,1047811
2024-06-16T22:00:00Z,2.160000,2.174900,2.151100,2.154700,1768058
2024-06-16T23:00:00Z,2.154700,2.159100,2.142000,2.149000,1232277
2024-06-17T00:00:00Z,2.149000,2.162400,2.142400,2.143600,1495831
2024-06-17T01:00:00Z,2.143600,2.165900,2.121400,2.161200,3438908
2024-06-17T02:00:00Z,2.161500,2.161700,2.106000,2.133700,3710028
2024-06-17T03:00:00Z,2.133500,2.141500,2.118300,2.127400,2215082
2024-06-17T04:00:00Z,2.128000,2.159900,2.122100,2.157000,2123389
2024-06-17T05:00:00Z,2.157000,2.175600,2.138600,2.146700,2974468
2024-06-17T06:00:00Z,2.146700,2.147800,2.106300,2.122000,4504316
2024-06-17T07:00:00Z,2.121900,2.135900,2.102000,2.109600,3249282
2024-06-17T08:00:00Z,2.109300,2.119100,2.057400,2.062100,5283215
2024-06-17T09:00:00Z,2.062000,2.076600,2.030400,2.040000,5029039
2024-06-17T10:00:00Z,2.039400,2.055100,2.012000,2.046800,4651080
2024-06-17T11:00:00Z,2.046800,2.107400,2.032500,2.099300,5572200
2024-06-17T12:00:00Z,2.099200,2.138300,2.090900,2.095500,6306360
2024-06-17T13:00:00Z,2.095600,2.115000,2.058800,2.074800,3841255
2024-06-17T14:00:00Z,2.074800,2.161300,2.074800,2.136500,5980094
2024-06-17T15:00:00Z,2.137200,2.152700,2.092500,2.096500,3647213
2024-06-17T16:00:00Z,2.096800,2.154600,2.048500,2.146400,8196541
2024-06-17T17:00:00Z,2.146400,2.165700,2.129100,2.165200,3834370
2024-06-17T18:00:00Z,2.165000,2.199600,2.150800,2.162200,4179738
2024-06-17T19:00:00Z,2.162100,2.162700,2.108800,2.111700,2778780
2024-06-17T20:00:00Z,2.111900,2.113200,2.004300,2.020000,7151011
2024-06-17T21:00:00Z,2.020300,2.034100,1.987700,1.991200,4758140
2024-06-17T22:00:00Z,1.991500,2.007600,1.975200,1.991000,3381054
2024-06-17T23:00:00Z,1.990800,2.003000,1.974500,1.984900,3291949
2024-06-18T00:00:00Z,1.984900,2.003600,1.919500,1.941900,5847298
2024-06-18T01:00:00Z,1.941600,1.964100,1.711900,1.848100,16184569
2024-06-18T02:00:00Z,1.848000,1.887600,1.823000,1.865800,7799030
2024-06-18T03:00:00Z,1.866000,1.951800,1.865300,1.949500,5336056
2024-06-18T04:00:00Z,1.949400,1.996200,1.935700,1.940000,6245828
2024-06-18T05:00:00Z,1.940300,1.989600,1.931100,1.971300,4055528
2024-06-18T06:00:00Z,1.971400,1.999000,1.966300,1.979600,2595274
2024-06-18T07:00:00Z,1.979600,2.067400,1.968100,2.049800,5762409
2024-06-18T08:00:00Z,2.049400,2.052200,2.002200,2.025100,5324952
2024-06-18T09:00:00Z,2.025100,2.027500,1.983100,1.991400,2885510
2024-06-18T10:00:00Z,1.991400,2.022500,1.974200,2.004900,4173835
2024-06-18T11:00:00Z,2.004600,2.008000,1.945400,1.980900,5449831
2024-06-18T12:00:00Z,1.981100,1.990100,1.930800,1.961900,5587176
2024-06-18T13:00:00Z,1.961900,1.969100,1.916800,1.933800,5414210
2024-06-18T14:00:00Z,1.933600,2.090500,1.922800,2.022200,15711734
2024-06-18T15:00:00Z,2.021600,2.082400,1.994300,2.068800,10059036
2024-06-18T16:00:00Z,2.069000,2.074800,2.009900,2.067600,6434540
2024-06-18T17:00:00Z,2.067600,2.096900,2.023500,2.026100,6394627
2024-06-18T18:00:00Z,2.026200,2.062100,2.006100,2.014700,4438497
2024-06-18T19:00:00Z,2.014900,2.068900,1.982500,2.064000,5370157
2024-06-18T20:00:00Z,2.064600,2.130000,2.029000,2.112600,9215632
2024-06-18T21:00:00Z,2.112500,2.177000,2.110400,2.148200,9320396
2024-06-18T22:00:00Z,2.148100,2.185000,2.131800,2.180500,5736928
2024-06-18T23:00:00Z,2.180400,2.194400,2.157600,2.185900,3994643
2024-06-19T00:00:00Z,2.185900,2.229000,2.156500,2.219400,6794150
2024-06-19T01:00:00Z,2.219100,2.309100,2.216600,2.292300,13271959
2024-06-19T02:00:00Z,2.292400,2.396800,2.290000,2.355300,14998554
2024-06-19T03:00:00Z,2.355100,2.400000,2.340000,2.371300,10116589
2024-06-19T04:00:00Z,2.371400,2.407600,2.352100,2.362000,9850039
2024-06-19T05:00:00Z,2.361600,2.391800,2.341400,2.361100,7615737
2024-06-19T06:00:00Z,2.361000,2.373500,2.342100,2.362200,6062568
2024-06-19T07:00:00Z,2.362000,2.387900,2.343600,2.367900,7101199
2024-06-19T08:00:00Z,2.367900,2.371000,2.291900,2.296600,12856789
2024-06-19T09:00:00Z,2.296700,2.315000,2.272900,2.305800,10364191
2024-06-19T10:00:00Z,2.305600,2.389500,2.302400,2.383900,14469152
2024-06-19T11:00:00Z,2.383800,2.389200,2.340000,2.361800,10726581
2024-06-19T12:00:00Z,2.361800,2.394700,2.347400,2.377200,9689836
2024-06-19T13:00:00Z,2.377000,2.399500,2.331700,2.336100,10551673
2024-06-19T14:00:00Z,2.335900,2.352900,2.282000,2.292100,15272947
2024-06-19T15:00:00Z,2.292400,2.310200,2.238700,2.277100,11420431
2024-06-19T16:00:00Z,2.277100,2.316500,2.255100,2.310600,8120461
2024-06-19T17:00:00Z,2.310400,2.359800,2.303400,2.350800,7447388
2024-06-19T18:00:00Z,2.350900,2.383000,2.343300,2.349200,5464479
2024-06-19T19:00:00Z,2.349400,2.368300,2.335000,2.344700,3514478
2024-06-19T20:00:00Z,2.344800,2.374900,2.336600,2.369700,4267385
2024-06-19T21:00:00Z,2.369600,2.412400,2.364000,2.388200,5317700
2024-06-19T22:00:00Z,2.388200,2.399400,2.333800,2.340200,4370172
2024-06-19T23:00:00Z,2.340200,2.342900,2.316100,2.330500,3933114
2024-06-20T00:00:00Z,2.331000,2.351000,2.311100,2.333100,4079509
2024-06-20T01:00:00Z,2.333300,2.336900,2.276600,2.285000,4144487
2024-06-20T02:00:00Z,2.285100,2.288500,2.211000,2.237900,9797214
2024-06-20T03:00:00Z,2.237700,2.267400,2.230200,2.258100,4879496
2024-06-20T04:00:00Z,2.258100,2.258800,2.226400,2.238000,5855122
2024-06-20T05:00:00Z,2.238200,2.280800,2.222000,2.272800,6146919
2024-06-20T06:00:00Z,2.272900,2.280600,2.237600,2.253400,4943324
2024-06-20T07:00:00Z,2.253300,2.323400,2.226700,2.248600,8330324
2024-06-20T08:00:00Z,2.248600,2.308800,2.242900,2.296900,4956192
2024-06-20T09:00:00Z,2.296900,2.313600,2.278900,2.300700,3303013
2024-06-20T10:00:00Z,2.300600,2.344300,2.281200,2.338300,4487882
2024-06-20T11:00:00Z,2.338100,2.387800,2.244300,2.271600,12079445
2024-06-20T12:00:00Z,2.271900,2.307600,2.257900,2.296100,5771954
2024-06-20T13:00:00Z,2.296200,2.304200,2.206200,2.218900,11398357
2024-06-20T14:00:00Z,2.219000,2.228600,2.184300,2.199100,7894772
2024-06-20T15:00:00Z,2.199100,2.244500,2.192300,2.217400,4963749
2024-06-20T16:00:00Z,2.217400,2.240300,2.187300,2.223500,6208575
2024-06-20T17:00:00Z,2.223700,2.267200,2.214000,2.254400,2736336
2024-06-20T18:00:00Z,2.254800,2.352700,2.254000,2.331500,8130722
2024-06-20T19:00:00Z,2.331600,2.347500,2.306200,2.328400,4035797
2024-06-20T20:00:00Z,2.327900,2.338900,2.306100,2.310700,2400461
2024-06-20T21:00:00Z,2.311000,2.344000,2.305200,2.316800,2112743
2024-06-20T22:00:00Z,2.317100,2.338100,2.314300,2.327300,1612656
2024-06-20T23:00:00Z,2.327600,2.334100,2.310000,2.316100,1790857
2024-06-21T00:00:00Z,2.316400,2.326600,2.263600,2.275900,3938938
2024-06-21T01:00:00Z,2.275900,2.383500,2.269600,2.378900,5070861
2024-06-21T02:00:00Z,2.378800,2.384800,2.320200,2.335100,4115699
2024-06-21T03:00:00Z,2.335500,2.348800,2.315000,2.318600,2310242
2024-06-21T04:00:00Z,2.318700,2.360400,2.302900,2.348600,2763224
2024-06-21T05:00:00Z,2.348600,2.350600,2.284100,2.300400,3505331
2024-06-21T06:00:00Z,2.300400,2.316000,2.287700,2.293300,2326256
2024-06-21T07:00:00Z,2.293200,2.308600,2.224900,2.234000,4798543
2024-06-21T08:00:00Z,2.234100,2.260100,2.210900,2.222600,6131263
2024-06-21T09:00:00Z,2.223000,2.255500,2.206900,2.225800,5245146
2024-06-21T10:00:00Z,2.225900,2.259200,2.222400,2.257400,2870088
2024-06-21T11:00:00Z,2.257200,2.297100,2.229300,2.229300,4614859
2024-06-21T12:00:00Z,2.229300,2.261200,2.207900,2.260000,4448248
2024-06-21T13:00:00Z,2.260000,2.267900,2.202100,2.210000,4772230
2024-06-21T14:00:00Z,2.210000,2.279000,2.205800,2.225500,5845339
2024-06-21T15:00:00Z,2.225500,2.238900,2.183300,2.216600,5297984
2024-06-21T16:00:00Z,2.216700,2.236200,2.192800,2.227600,3876538
2024-06-21T17:00:00Z,2.227500,2.240400,2.183200,2.186300,3264343
2024-06-21T18:00:00Z,2.186200,2.255500,2.185900,2.253000,3245383
2024-06-21T19:00:00Z,2.253100,2.276400,2.238500,2.264200,3030185
2024-06-21T20:00:00Z,2.264400,2.297300,2.254100,2.287600,2411013
2024-06-21T21:00:00Z,2.287500,2.291200,2.238000,2.252600,1901085
2024-06-21T22:00:00Z,2.252600,2.275100,2.240100,2.268700,1763527
2024-06-21T23:00:00Z,2.269000,2.272100,2.241300,2.263200,1372439
2024-06-22T00:00:00Z,2.263100,2.274400,2.210000,2.214100,2526726
2024-06-22T01:00:00Z,2.214200,2.219900,2.195500,2.210900,1490315
2024-06-22T02:00:00Z,2.210800,2.230300,2.203200,2.227900,1706709
2024-06-22T03:00:00Z,2.228100,2.253700,2.210400,2.250000,2359945
2024-06-22T04:00:00Z,2.250200,2.261300,2.231200,2.254200,1382658
2024-06-22T05:00:00Z,2.254300,2.265800,2.217800,2.259500,2464815
2024-06-22T06:00:00Z,2.259900,2.277000,2.246700,2.267700,1652868
2024-06-22T07:00:00Z,2.267600,2.267600,2.227900,2.232700,1680667
2024-06-22T08:00:00Z,2.232700,2.233600,2.182000,2.188000,3628189
2024-06-22T09:00:00Z,2.187900,2.203600,2.162000,2.190200,3885900
2024-06-22T10:00:00Z,2.190200,2.201700,2.165600,2.183800,1925355
2024-06-22T11:00:00Z,2.183800,2.193300,2.175700,2.192100,1358106
2024-06-22T12:00:00Z,2.192000,2.220100,2.186600,2.201700,3212370
2024-06-22T13:00:00Z,2.201600,2.207300,2.185300,2.201200,1554961
2024-06-22T14:00:00Z,2.201300,2.222400,2.195600,2.206800,2208305
2024-06-22T15:00:00Z,2.206700,2.206800,2.175100,2.184600,1780792
2024-06-22T16:00:00Z,2.184700,2.199200,2.150800,2.163400,3463975
2024-06-22T17:00:00Z,2.163300,2.168900,2.140600,2.145300,2236296
2024-06-22T18:00:00Z,2.145300,2.156400,2.141500,2.142900,2086665
2024-06-22T19:00:00Z,2.143000,2.149200,2.138800,2.145200,2098457
2024-06-22T20:00:00Z,2.145200,2.162900,2.141800,2.159600,2310373
2024-06-22T21:00:00Z,2.159600,2.197400,2.158900,2.197300,2732384
2024-06-22T22:00:00Z,2.197300,2.199300,2.147400,2.151600,2453976
2024-06-22T23:00:00Z,2.151500,2.158000,2.142100,2.152500,1855162
2024-06-23T00:00:00Z,2.152500,2.191700,2.146900,2.170100,3998338
2024-06-23T01:00:00Z,2.170000,2.188700,2.157800,2.173300,2515396
2024-06-23T02:00:00Z,2.173100,2.183200,2.152100,2.182000,3169441
2024-06-23T03:00:00Z,2.182500,2.233700,2.165900,2.221900,3285119
2024-06-23T04:00:00Z,2.221700,2.235400,2.203500,2.205700,3020861
2024-06-23T05:00:00Z,2.205800,2.213900,2.150000,2.154000,4329406
2024-06-23T06:00:00Z,2.154100,2.188000,2.151000,2.167200,3176204
2024-06-23T07:00:00Z,2.167200,2.179600,2.158600,2.161600,1214302
2024-06-23T08:00:00Z,2.161600,2.179900,2.159100,2.168700,1499328
2024-06-23T09:00:00Z,2.168700,2.222300,2.165300,2.221400,4100447
2024-06-23T10:00:00Z,2.221700,2.222900,2.200000,2.218900,3921371
2024-06-23T11:00:00Z,2.219100,2.226000,2.192800,2.223700,3311858
2024-06-23T12:00:00Z,2.223900,2.258600,2.222100,2.239800,4855770
2024-06-23T13:00:00Z,2.240000,2.259500,2.210600,2.257000,3588102
2024-06-23T14:00:00Z,2.256900,2.257400,2.169400,2.172700,5270572
2024-06-23T15:00:00Z,2.172700,2.172700,2.143200,2.151900,3620297
2024-06-23T16:00:00Z,2.151900,2.160600,2.110000,2.115500,3684018
2024-06-23T17:00:00Z,2.115500,2.140200,2.099100,2.104300,3187031
2024-06-23T18:00:00Z,2.104200,2.117700,2.100700,2.104000,2081680
2024-06-23T19:00:00Z,2.104000,2.114300,2.085800,2.092100,1623620
2024-06-23T20:00:00Z,2.092400,2.097300,2.036500,2.073800,4894058
2024-06-23T21:00:00Z,2.074000,2.093100,2.065500,2.090600,2464128
2024-06-23T22:00:00Z,2.090500,2.090900,2.055300,2.070400,1532288
2024-06-23T23:00:00Z,2.070400,2.077700,2.056000,2.070400,1373601
2024-06-24T00:00:00Z,2.070500,2.086600,2.067100,2.076200,2173684
2024-06-24T01:00:00Z,2.076200,2.081500,2.046300,2.076000,2776532
2024-06-24T02:00:00Z,2.076000,2.078100,2.034400,2.058500,2285069
2024-06-24T03:00:00Z,2.058500,2.078900,2.055300,2.072100,1963522
2024-06-24T04:00:00Z,2.071900,2.127200,2.062400,2.115000,3124025
2024-06-24T05:00:00Z,2.115300,2.151800,2.071900,2.080600,7366037
2024-06-24T06:00:00Z,2.080700,2.102800,2.055300,2.081200,3531824
2024-06-24T07:00:00Z,2.081100,2.137900,2.061700,2.114600,4287449
2024-06-24T08:00:00Z,2.114500,2.142300,2.088200,2.122600,4062558
2024-06-24T09:00:00Z,2.122400,2.138700,1.974800,2.122000,10904352
2024-06-24T10:00:00Z,2.121900,2.193700,2.113600,2.186100,7726162
2024-06-24T11:00:00Z,2.186100,2.199900,2.120000,2.188800,7174422
2024-06-24T12:00:00Z,2.188900,2.241000,2.174500,2.232300,6505269
2024-06-24T13:00:00Z,2.231700,2.235300,2.177400,2.218700,4782771
2024-06-24T14:00:00Z,2.218600,2.235200,2.181000,2.196100,6864375
2024-06-24T15:00:00Z,2.196300,2.218400,2.148800,2.165700,4785302
2024-06-24T16:00:00Z,2.165600,2.210500,2.156000,2.195000,4796102
2024-06-24T17:00:00Z,2.194900,2.253300,2.174400,2.235500,9573611
2024-06-24T18:00:00Z,2.235700,2.269500,2.207900,2.238600,4623776
2024-06-24T19:00:00Z,2.238700,2.290100,2.232000,2.282800,7187374
2024-06-24T20:00:00Z,2.282800,2.410000,2.281800,2.395600,17672918
2024-06-24T21:00:00Z,2.394800,2.446900,2.391600,2.407400,12296577
2024-06-24T22:00:00Z,2.407000,2.435600,2.368100,2.370900,5836283
2024-06-24T23:00:00Z,2.371300,2.397900,2.363700,2.383400,4919943
2024-06-25T00:00:00Z,2.383400,2.424200,2.356600,2.408300,5583698
2024-06-25T01:00:00Z,2.408400,2.439100,2.397600,2.413900,4198414
2024-06-25T02:00:00Z,2.414000,2.425300,2.388400,2.408800,3057681
2024-06-25T03:00:00Z,2.408700,2.438600,2.394900,2.424600,2724244
2024-06-25T04:00:00Z,2.424800,2.448200,2.407200,2.432000,3197648
2024-06-25T05:00:00Z,2.431800,2.442200,2.398900,2.405900,2536090
2024-06-25T06:00:00Z,2.405800,2.431300,2.384400,2.430000,3382746
2024-06-25T07:00:00Z,2.430300,2.444400,2.405500,2.422100,4189878
2024-06-25T08:00:00Z,2.422300,2.438000,2.393000,2.412300,3094360
2024-06-25T09:00:00Z,2.412400,2.445000,2.399400,2.437700,3240692
2024-06-25T10:00:00Z,2.437600,2.462200,2.414500,2.427100,4540132
2024-06-25T11:00:00Z,2.427100,2.442300,2.385000,2.386500,3523725
2024-06-25T12:00:00Z,2.386500,2.392100,2.341300,2.347800,4416937
2024-06-25T13:00:00Z,2.347900,2.361300,2.328400,2.352400,3305719
2024-06-25T14:00:00Z,2.352500,2.359700,2.330500,2.334600,3984774
2024-06-25T15:00:00Z,2.334800,2.340100,2.303000,2.316400,5636207
2024-06-25T16:00:00Z,2.316400,2.333700,2.304900,2.315900,2654267
2024-06-25T17:00:00Z,2.315800,2.327200,2.292200,2.296500,2478196
2024-06-25T18:00:00Z,2.296500,2.328300,2.282200,2.305900,4383001
2024-06-25T19:00:00Z,2.306000,2.321600,2.296400,2.301900,2108498
2024-06-25T20:00:00Z,2.301900,2.302400,2.274800,2.286700,2244132
2024-06-25T21:00:00Z,2.286700,2.322700,2.285000,2.318300,1834797
2024-06-25T22:00:00Z,2.318300,2.321100,2.301100,2.305700,1627288
2024-06-25T23:00:00Z,2.305700,2.342500,2.302600,2.331800,3012794
2024-06-26T00:00:00Z,2.332000,2.339000,2.313600,2.323400,2967360
2024-06-26T01:00:00Z,2.323400,2.369000,2.322300,2.355000,3927193
2024-06-26T02:00:00Z,2.355100,2.367200,2.343600,2.345400,2341578
2024-06-26T03:00:00Z,2.345400,2.357700,2.340100,2.352200,1627308
2024-06-26T04:00:00Z,2.352300,2.358100,2.339500,2.344000,2006457
2024-06-26T05:00:00Z,2.344300,2.352400,2.299700,2.302000,2952351
2024-06-26T06:00:00Z,2.302500,2.314800,2.300100,2.308900,1740624
2024-06-26T07:00:00Z,2.309100,2.407200,2.299700,2.386600,5268951
2024-06-26T08:00:00Z,2.386900,2.394000,2.348700,2.376300,4054988
2024-06-26T09:00:00Z,2.375800,2.379700,2.317900,2.351800,2827964
2024-06-26T10:00:00Z,2.351800,2.386800,2.333000,2.380300,2931901
2024-06-26T11:00:00Z,2.380500,2.409100,2.378200,2.405800,2884323
2024-06-26T12:00:00Z,2.405400,2.405700,2.353400,2.362100,3244774
2024-06-26T13:00:00Z,2.362000,2.389600,2.344700,2.350000,2960031
2024-06-26T14:00:00Z,2.350000,2.353300,2.271000,2.288100,5871597
2024-06-26T15:00:00Z,2.288500,2.295100,2.263600,2.278800,3042406
2024-06-26T16:00:00Z,2.278900,2.363900,2.275700,2.317400,5526017
2024-06-26T17:00:00Z,2.317000,2.317300,2.270000,2.304800,4096676
2024-06-26T18:00:00Z,2.304300,2.374900,2.291400,2.358800,4634263
2024-06-26T19:00:00Z,2.358600,2.448600,2.350300,2.446700,6444781
2024-06-26T20:00:00Z,2.446900,2.511600,2.373000,2.402500,11100825
2024-06-26T21:00:00Z,2.402700,2.428000,2.379300,2.419000,2717393
2024-06-26T22:00:00Z,2.419000,2.457800,2.405900,2.418100,3240759
2024-06-26T23:00:00Z,2.418100,2.436000,2.402700,2.429300,1980552
2024-06-27T00:00:00Z,2.429400,2.432900,2.401500,2.414800,2871186
2024-06-27T01:00:00Z,2.414900,2.438400,2.400000,2.415900,2552805
2024-06-27T02:00:00Z,2.416000,2.445200,2.394500,2.443500,3124855
2024-06-27T03:00:00Z,2.443500,2.476300,2.430700,2.446600,3428267
2024-06-27T04:00:00Z,2.446700,2.451300,2.425200,2.441000,2379115
2024-06-27T05:00:00Z,2.440900,2.453600,2.401300,2.404000,2964726
2024-06-27T06:00:00Z,2.404100,2.417800,2.380800,2.394400,2751166
2024-06-27T07:00:00Z,2.394200,2.422500,2.383600,2.394600,2799189
2024-06-27T08:00:00Z,2.394500,2.404800,2.377200,2.402000,2011598
2024-06-27T09:00:00Z,2.402000,2.409500,2.383200,2.390500,2585647
2024-06-27T10:00:00Z,2.390500,2.396700,2.351300,2.353700,3518397
2024-06-27T11:00:00Z,2.353700,2.366600,2.340800,2.360200,2103432
2024-06-27T12:00:00Z,2.360200,2.381400,2.329000,2.355100,4314429
2024-06-27T13:00:00Z,2.355200,2.368600,2.320800,2.358000,4735357
2024-06-27T14:00:00Z,2.358000,2.373400,2.339900,2.345600,4234665
2024-06-27T15:00:00Z,2.345700,2.346500,2.308000,2.324800,2705092
2024-06-27T16:00:00Z,2.324800,2.364300,2.321600,2.349200,2228889
2024-06-27T17:00:00Z,2.349400,2.349400,2.328600,2.336200,1614801
2024-06-27T18:00:00Z,2.336100,2.361500,2.333600,2.352600,1338150
2024-06-27T19:00:00Z,2.352700,2.363600,2.342600,2.351300,1467439
2024-06-27T20:00:00Z,2.351400,2.354800,2.341500,2.346700,883682
2024-06-27T21:00:00Z,2.346800,2.351100,2.341600,2.346000,655737
2024-06-27T22:00:00Z,2.346000,2.365600,2.335900,2.362400,1201188
2024-06-27T23:00:00Z,2.362200,2.362600,2.325800,2.344500,1474936
2024-06-28T00:00:00Z,2.344500,2.359900,2.333700,2.345500,2139687
2024-06-28T01:00:00Z,2.345300,2.371900,2.318200,2.362500,3347964
2024-06-28T02:00:00Z,2.363000,2.378500,2.340700,2.342500,2109685
2024-06-28T03:00:00Z,2.342400,2.360700,2.312400,2.360500,3176139
2024-06-28T04:00:00Z,2.360700,2.388400,2.350100,2.385100,2847621
2024-06-28T05:00:00Z,2.385200,2.395400,2.366200,2.380000,2817224
2024-06-28T06:00:00Z,2.380000,2.388900,2.362600,2.370900,2193202
2024-06-28T07:00:00Z,2.370800,2.376600,2.290000,2.316300,4693490
2024-06-28T08:00:00Z,2.316500,2.348400,2.305600,2.346800,2610341
2024-06-28T09:00:00Z,2.346400,2.383700,2.343200,2.379600,3471973
2024-06-28T10:00:00Z,2.379700,2.396600,2.366700,2.392300,2141675
2024-06-28T11:00:00Z,2.392300,2.418300,2.390100,2.408300,2877438
2024-06-28T12:00:00Z,2.408300,2.422800,2.369600,2.380500,3159117
2024-06-28T13:00:00Z,2.380000,2.438000,2.365600,2.415000,3206526
2024-06-28T14:00:00Z,2.415100,2.443700,2.322700,2.332900,6713213
2024-06-28T15:00:00Z,2.332900,2.339200,2.306500,2.326100,4204749
2024-06-28T16:00:00Z,2.326100,2.341500,2.050000,2.082500,51062208
2024-06-28T17:00:00Z,2.083000,2.088000,1.961400,2.005600,44079250
2024-06-28T18:00:00Z,2.005800,2.018800,1.970500,1.984900,14454459
2024-06-28T19:00:00Z,1.985000,2.016100,1.971400,1.994700,8499606
2024-06-28T20:00:00Z,1.994800,2.004800,1.951900,1.960600,8949362
2024-06-28T21:00:00Z,1.960700,1.961900,1.913000,1.922200,10375403
2024-06-28T22:00:00Z,1.922200,1.924500,1.880900,1.885700,12146722
2024-06-28T23:00:00Z,1.885800,1.894600,1.861000,1.872400,10006932
2024-06-29T00:00:00Z,1.872400,1.911000,1.853300,1.904600,12978537
2024-06-29T01:00:00Z,1.904600,1.966500,1.893200,1.945500,13015046
2024-06-29T02:00:00Z,1.945300,1.964500,1.938400,1.949700,7738001
2024-06-29T03:00:00Z,1.949600,2.006000,1.948700,1.991400,8348593
2024-06-29T04:00:00Z,1.991500,2.007600,1.985300,1.989600,5207617
2024-06-29T05:00:00Z,1.989500,1.992200,1.952800,1.976500,7546010
2024-06-29T06:00:00Z,1.976600,2.000500,1.971000,1.996300,4780985
2024-06-29T07:00:00Z,1.996100,2.005600,1.987500,1.991600,4878730
2024-06-29T08:00:00Z,1.991600,2.001500,1.980100,1.996200,3785279
2024-06-29T09:00:00Z,1.996700,2.007600,1.988000,1.988800,4601192
2024-06-29T10:00:00Z,1.988800,1.998000,1.971200,1.972000,3773879
2024-06-29T11:00:00Z,1.971900,1.988400,1.961900,1.973600,4274364
2024-06-29T12:00:00Z,1.973500,1.980000,1.966700,1.970000,2582971
2024-06-29T13:00:00Z,1.969900,1.970300,1.942300,1.943200,4557660
2024-06-29T14:00:00Z,1.943300,1.951900,1.934200,1.945600,4635358
2024-06-29T15:00:00Z,1.945300,1.974400,1.936000,1.968600,4589432
2024-06-29T16:00:00Z,1.968600,1.969600,1.941900,1.950000,3440911
2024-06-29T17:00:00Z,1.950100,1.966900,1.944200,1.959900,2715082
2024-06-29T18:00:00Z,1.960000,1.968600,1.949600,1.965500,1949100
2024-06-29T19:00:00Z,1.965600,1.965600,1.937600,1.941400,2020709
2024-06-29T20:00:00Z,1.941500,1.949700,1.930400,1.938000,1799257
2024-06-29T21:00:00Z,1.938000,1.938900,1.923100,1.925800,1580742
2024-06-29T22:00:00Z,1.925700,1.936100,1.915800,1.927000,2612545
2024-06-29T23:00:00Z,1.927100,1.933600,1.918000,1.922100,1765564
2024-06-30T00:00:00Z,1.922100,1.933400,1.913300,1.921100,3774498
2024-06-30T01:00:00Z,1.921100,1.936200,1.900100,1.918100,3525490
2024-06-30T02:00:00Z,1.918000,1.925200,1.907500,1.919000,2720838
2024-06-30T03:00:00Z,1.919000,1.948500,1.906300,1.937200,3628779
2024-06-30T04:00:00Z,1.936900,1.942300,1.930100,1.935600,1818344
2024-06-30T05:00:00Z,1.935600,1.937400,1.924900,1.929800,1736210
2024-06-30T06:00:00Z,1.929900,1.933800,1.922300,1.927500,1954180
2024-06-30T07:00:00Z,1.927500,1.956700,1.921700,1.928700,4614511
2024-06-30T08:00:00Z,1.928600,1.935600,1.921100,1.926300,2170194
2024-06-30T09:00:00Z,1.926300,1.935900,1.918200,1.921400,2002859
2024-06-30T10:00:00Z,1.921500,1.922900,1.905500,1.911600,2620111
2024-06-30T11:00:00Z,1.911600,1.922200,1.905800,1.908000,1432174
2024-06-30T12:00:00Z,1.908000,1.917000,1.890400,1.917000,3175022
2024-06-30T13:00:00Z,1.917100,1.937900,1.915600,1.920400,2942992
2024-06-30T14:00:00Z,1.920300,1.924600,1.907600,1.915100,1951868
2024-06-30T15:00:00Z,1.915100,1.948200,1.913800,1.938600,3205184
2024-06-30T16:00:00Z,1.938700,1.938900,1.919300,1.927000,1699293
2024-06-30T17:00:00Z,1.927100,1.966600,1.922400,1.949100,3131426
2024-06-30T18:00:00Z,1.949100,1.976100,1.942300,1.961500,2853246
2024-06-30T19:00:00Z,1.961300,1.966100,1.950700,1.955300,1496834
2024-06-30T20:00:00Z,1.955300,1.973500,1.954800,1.960600,2522962
2024-06-30T21:00:00Z,1.960500,1.961600,1.928900,1.933300,1779175
2024-06-30T22:00:00Z,1.933300,1.979600,1.933300,1.962700,3137633
2024-06-30T23:00:00Z,1.962700,1.999700,1.961500,1.975100,4393203
2024-07-01T00:00:00Z,1.974900,1.975000,1.948700,1.964100,3483943
2024-07-01T01:00:00Z,1.964100,2.028100,1.958700,2.016000,6535748
2024-07-01T02:00:00Z,2.016100,2.081100,2.007600,2.059100,8552805
2024-07-01T03:00:00Z,2.059100,2.070500,2.027200,2.044500,4778863
2024-07-01T04:00:00Z,2.044500,2.052700,2.025400,2.043000,2464708
2024-07-01T05:00:00Z,2.043000,2.049300,2.030300,2.042000,1958581
2024-07-01T06:00:00Z,2.042200,2.061100,2.033700,2.056900,3162829
2024-07-01T07:00:00Z,2.056800,2.080000,2.033400,2.042100,3226432
2024-07-01T08:00:00Z,2.042000,2.045200,1.997100,2.003400,4136576
2024-07-01T09:00:00Z,2.003400,2.005900,1.987400,1.993500,3172510
2024-07-01T10:00:00Z,1.993500,2.006100,1.972000,1.978300,3701602
2024-07-01T11:00:00Z,1.978300,1.993000,1.966900,1.983000,2916148
2024-07-01T12:00:00Z,1.982900,1.989600,1.977300,1.981200,2053273
2024-07-01T13:00:00Z,1.981200,1.991800,1.973500,1.976700,2957486
2024-07-01T14:00:00Z,1.976700,1.987700,1.954100,1.978300,2999497
2024-07-01T15:00:00Z,1.978300,2.011700,1.976800,2.009100,3194924
2024-07-01T16:00:00Z,2.009200,2.042800,2.005200,2.041100,5378764
2024-07-01T17:00:00Z,2.041200,2.078500,2.029400,2.076900,4819552
2024-07-01T18:00:00Z,2.076900,2.097600,2.053600,2.063600,5115082
2024-07-01T19:00:00Z,2.063600,2.068100,2.030400,2.033200,2977361
2024-07-01T20:00:00Z,2.033200,2.037500,2.021500,2.022800,1831798
2024-07-01T21:00:00Z,2.022700,2.027500,2.012400,2.019900,1832291
2024-07-01T22:00:00Z,2.019800,2.033700,2.000400,2.012900,3321728
2024-07-01T23:00:00Z,2.012800,2.017500,2.003000,2.004700,1269181
2024-07-02T00:00:00Z,2.004800,2.037200,2.004700,2.016600,3816649
2024-07-02T01:00:00Z,2.016600,2.023500,1.998900,2.013600,2487740
2024-07-02T02:00:00Z,2.013500,2.029000,2.007600,2.017800,1831085
2024-07-02T03:00:00Z,2.017700,2.030000,2.009900,2.014200,1401399
2024-07-02T04:00:00Z,2.014200,2.021500,2.000600,2.001600,1366501
2024-07-02T05:00:00Z,2.001600,2.011400,2.001400,2.007900,1366318
2024-07-02T06:00:00Z,2.007900,2.016900,1.994100,2.003200,1601544
2024-07-02T07:00:00Z,2.003300,2.007300,1.994000,2.005100,1273135
2024-07-02T08:00:00Z,2.004700,2.024400,2.002700,2.013300,2173783
2024-07-02T09:00:00Z,2.013000,2.054400,1.997800,2.021200,5145393
2024-07-02T10:00:00Z,2.021200,2.028500,2.004100,2.011100,2865070
2024-07-02T11:00:00Z,2.011000,2.034200,2.003800,2.019500,2502457
2024-07-02T12:00:00Z,2.019500,2.038200,2.013300,2.023900,2742876
2024-07-02T13:00:00Z,2.023900,2.043700,1.990000,2.008900,4549282
2024-07-02T14:00:00Z,2.008900,2.022600,1.979400,1.992700,4384553
2024-07-02T15:00:00Z,1.992800,2.010900,1.989700,1.990200,2432929
2024-07-02T16:00:00Z,1.990200,1.996600,1.968300,1.969000,3904400
2024-07-02T17:00:00Z,1.969100,1.969100,1.899500,1.937800,11166703
2024-07-02T18:00:00Z,1.937600,1.947600,1.917600,1.924800,3293560
2024-07-02T19:00:00Z,1.924700,1.930000,1.914800,1.920100,1519925
2024-07-02T20:00:00Z,1.920200,1.926800,1.916300,1.918300,1116423
2024-07-02T21:00:00Z,1.918300,1.923100,1.909100,1.909700,1019150
2024-07-02T22:00:00Z,1.909600,1.913600,1.896900,1.909000,2636443
2024-07-02T23:00:00Z,1.909100,1.916900,1.904800,1.909200,1135887
2024-07-03T00:00:00Z,1.909300,1.920400,1.905600,1.910200,2204359
2024-07-03T01:00:00Z,1.910300,1.911200,1.883300,1.892400,2516066
2024-07-03T02:00:00Z,1.892200,1.895200,1.865400,1.877100,4025410
2024-07-03T03:00:00Z,1.877100,1.878000,1.790700,1.809600,13629793
2024-07-03T04:00:00Z,1.809600,1.810600,1.760000,1.772200,8969223
2024-07-03T05:00:00Z,1.772200,1.776100,1.755000,1.760200,3807193
2024-07-03T06:00:00Z,1.760200,1.763100,1.741900,1.752000,4094404
2024-07-03T07:00:00Z,1.752000,1.762000,1.737800,1.755700,4700223
2024-07-03T08:00:00Z,1.755500,1.786900,1.753900,1.769000,5380147
2024-07-03T09:00:00Z,1.769100,1.786300,1.769100,1.772400,3978663
2024-07-03T10:00:00Z,1.772300,1.778000,1.740000,1.764100,6398860
2024-07-03T11:00:00Z,1.764100,1.766900,1.749100,1.763400,3500023
2024-07-03T12:00:00Z,1.763500,1.764300,1.736200,1.739100,4550796
2024-07-03T13:00:00Z,1.739200,1.770300,1.732300,1.760100,4943449
2024-07-03T14:00:00Z,1.760100,1.768000,1.755000,1.756100,2431308
2024-07-03T15:00:00Z,1.756100,1.761900,1.728200,1.732700,3812953
2024-07-03T16:00:00Z,1.732700,1.747400,1.727700,1.741400,2665850
2024-07-03T17:00:00Z,1.741500,1.743800,1.728800,1.736000,1765960
2024-07-03T18:00:00Z,1.736000,1.737100,1.714500,1.723800,2367440
2024-07-03T19:00:00Z,1.723800,1.724100,1.696000,1.718100,5656077
2024-07-03T20:00:00Z,1.718000,1.729200,1.715400,1.719200,2157562
2024-07-03T21:00:00Z,1.719400,1.737000,1.709000,1.728500,2469742
2024-07-03T22:00:00Z,1.728500,1.738100,1.715400,1.736200,1452905
2024-07-03T23:00:00Z,1.736200,1.738300,1.723200,1.723300,1374640
2024-07-04T00:00:00Z,1.723300,1.778400,1.723200,1.766000,5163924
2024-07-04T01:00:00Z,1.765900,1.777700,1.715500,1.740300,9925622
2024-07-04T02:00:00Z,1.740200,1.776600,1.689200,1.767300,10234884
2024-07-04T03:00:00Z,1.767200,1.767200,1.737600,1.756200,3125106
2024-07-04T04:00:00Z,1.756200,1.759000,1.741400,1.742800,3253661
2024-07-04T05:00:00Z,1.742900,1.744900,1.725700,1.727900,2222431
2024-07-04T06:00:00Z,1.727900,1.732000,1.705700,1.718500,3394119
2024-07-04T07:00:00Z,1.718600,1.722200,1.686300,1.699100,5849101
2024-07-04T08:00:00Z,1.699000,1.747900,1.697000,1.736400,6950642
2024-07-04T09:00:00Z,1.736400,1.758000,1.708700,1.754200,4667801
2024-07-04T10:00:00Z,1.754200,1.754400,1.733600,1.739600,3869299
2024-07-04T11:00:00Z,1.739600,1.739600,1.699000,1.721700,5830258
2024-07-04T12:00:00Z,1.721700,1.723500,1.672600,1.677800,6957637
2024-07-04T13:00:00Z,1.677900,1.720600,1.662700,1.711000,9462059
2024-07-04T14:00:00Z,1.710900,1.733500,1.700300,1.718100,5970537
2024-07-04T15:00:00Z,1.718200,1.723300,1.689600,1.699600,5323550
2024-07-04T16:00:00Z,1.699600,1.699900,1.671900,1.692200,3755759
2024-07-04T17:00:00Z,1.692200,1.703200,1.677000,1.678400,2346065
2024-07-04T18:00:00Z,1.678300,1.679100,1.655900,1.667100,3752319
2024-07-04T19:00:00Z,1.667100,1.702700,1.659100,1.684700,3723070
2024-07-04T20:00:00Z,1.684900,1.699400,1.682400,1.694100,1536517
2024-07-04T21:00:00Z,1.694200,1.708700,1.684000,1.687100,2058067
2024-07-04T22:00:00Z,1.687100,1.695400,1.654600,1.656900,2604141
2024-07-04T23:00:00Z,1.657000,1.665700,1.598400,1.617000,9212898
2024-07-05T00:00:00Z,1.616900,1.619900,1.512100,1.574000,17570069
2024-07-05T01:00:00Z,1.574300,1.599300,1.540300,1.580200,7222193
2024-07-05T02:00:00Z,1.580000,1.581600,1.393100,1.449000,13031947
2024-07-05T03:00:00Z,1.448400,1.478000,1.408700,1.446400,18431930
2024-07-05T04:00:00Z,1.446400,1.530100,1.409100,1.506400,15326987
2024-07-05T05:00:00Z,1.506300,1.530000,1.499500,1.520800,4311629
2024-07-05T06:00:00Z,1.520600,1.559500,1.500700,1.533300,6226076
2024-07-05T07:00:00Z,1.533200,1.542800,1.519600,1.537800,3665339
2024-07-05T08:00:00Z,1.538000,1.538000,1.494200,1.501700,3551732
2024-07-05T09:00:00Z,1.501600,1.575300,1.494700,1.560400,7433965
2024-07-05T10:00:00Z,1.560300,1.605800,1.557000,1.585800,4462848
2024-07-05T11:00:00Z,1.585800,1.642000,1.583600,1.620000,4895361
2024-07-05T12:00:00Z,1.620000,1.652200,1.610000,1.615200,5771425
2024-07-05T13:00:00Z,1.615200,1.636200,1.600400,1.621700,3300939
2024-07-05T14:00:00Z,1.621800,1.621900,1.580100,1.584400,4779102
2024-07-05T15:00:00Z,1.584700,1.608000,1.579600,1.598100,4701045
2024-07-05T16:00:00Z,1.598100,1.633700,1.582200,1.587400,5657306
2024-07-05T17:00:00Z,1.587500,1.623300,1.582100,1.611400,2915309
2024-07-05T18:00:00Z,1.611700,1.613000,1.581800,1.598200,3092527
2024-07-05T19:00:00Z,1.597900,1.603300,1.584900,1.594900,1967528
2024-07-05T20:00:00Z,1.594800,1.597600,1.585800,1.587200,1431527
2024-07-05T21:00:00Z,1.587300,1.610400,1.582200,1.592800,1444377
2024-07-05T22:00:00Z,1.592800,1.606100,1.579100,1.585900,1473166
2024-07-05T23:00:00Z,1.585900,1.596300,1.573200,1.578800,2113617
2024-07-06T00:00:00Z,1.578800,1.638900,1.567900,1.595400,4533155
2024-07-06T01:00:00Z,1.595400,1.598500,1.567200,1.570100,2180418
2024-07-06T02:00:00Z,1.570200,1.602000,1.570200,1.593900,2583103
2024-07-06T03:00:00Z,1.593800,1.602300,1.587700,1.599200,1222413
2024-07-06T04:00:00Z,1.599200,1.601400,1.576800,1.578000,1296887
2024-07-06T05:00:00Z,1.578100,1.583000,1.568700,1.571400,1452001
2024-07-06T06:00:00Z,1.571300,1.602700,1.570800,1.584100,1641084
2024-07-06T07:00:00Z,1.583800,1.614400,1.581000,1.605100,2610176
2024-07-06T08:00:00Z,1.605000,1.607100,1.568100,1.568100,2888744
2024-07-06T09:00:00Z,1.568400,1.585700,1.551600,1.585100,2842212
2024-07-06T10:00:00Z,1.584900,1.587800,1.562300,1.568200,2075088
2024-07-06T11:00:00Z,1.568200,1.580200,1.560400,1.565100,1385453
2024-07-06T12:00:00Z,1.565200,1.572900,1.546600,1.556300,2290010
2024-07-06T13:00:00Z,1.556300,1.575000,1.545200,1.562700,2126692
2024-07-06T14:00:00Z,1.562600,1.567800,1.540400,1.560300,2889909
2024-07-06T15:00:00Z,1.560400,1.589700,1.555700,1.575600,2748390
2024-07-06T16:00:00Z,1.575600,1.655100,1.564300,1.618600,7156148
2024-07-06T17:00:00Z,1.618400,1.621900,1.601500,1.611500,3379553
2024-07-06T18:00:00Z,1.611400,1.627900,1.605000,1.626800,2705945
2024-07-06T19:00:00Z,1.626200,1.627100,1.591700,1.606200,2815045
2024-07-06T20:00:00Z,1.606200,1.633900,1.601800,1.625900,2531083
2024-07-06T21:00:00Z,1.625900,1.642400,1.622400,1.626000,2141694
2024-07-06T22:00:00Z,1.625800,1.647000,1.623800,1.645600,1833965
2024-07-06T23:00:00Z,1.645600,1.654900,1.626100,1.633300,2749613
2024-07-07T00:00:00Z,1.633400,1.633500,1.610000,1.612100,2645418
2024-07-07T01:00:00Z,1.612000,1.622000,1.592900,1.611100,2359550
2024-07-07T02:00:00Z,1.611100,1.638800,1.609600,1.618700,1791751
2024-07-07T03:00:00Z,1.618800,1.618900,1.590500,1.605100,1829678
2024-07-07T04:00:00Z,1.605100,1.607000,1.572800,1.577300,3368023
2024-07-07T05:00:00Z,1.577200,1.592000,1.569800,1.580200,1425648
2024-07-07T06:00:00Z,1.580100,1.589900,1.574700,1.581500,1406136
2024-07-07T07:00:00Z,1.581600,1.584300,1.547700,1.564200,2534656
2024-07-07T08:00:00Z,1.564200,1.579200,1.563100,1.573200,1507243
2024-07-07T09:00:00Z,1.573300,1.587000,1.564500,1.578800,1190273
2024-07-07T10:00:00Z,1.578800,1.591800,1.570300,1.574000,1586038
2024-07-07T11:00:00Z,1.573800,1.584000,1.567600,1.580000,1251379
2024-07-07T12:00:00Z,1.579800,1.587800,1.562700,1.572200,1663580
2024-07-07T13:00:00Z,1.572100,1.572200,1.518700,1.522300,4162032
2024-07-07T14:00:00Z,1.522300,1.538800,1.506400,1.533600,3102081
2024-07-07T15:00:00Z,1.533600,1.548300,1.525500,1.544000,2406372
2024-07-07T16:00:00Z,1.544200,1.579900,1.539900,1.578500,2732592
2024-07-07T17:00:00Z,1.578500,1.615200,1.572600,1.607900,2951167
2024-07-07T18:00:00Z,1.607900,1.608100,1.590000,1.601900,1863948
2024-07-07T19:00:00Z,1.601900,1.622000,1.596900,1.613800,1673445
2024-07-07T20:00:00Z,1.613600,1.616500,1.598100,1.604000,1255843
2024-07-07T21:00:00Z,1.603800,1.603800,1.558200,1.577900,2520859
2024-07-07T22:00:00Z,1.577900,1.586400,1.565700,1.569700,1875264
2024-07-07T23:00:00Z,1.569500,1.583800,1.553400,1.564700,1807231
2024-07-08T00:00:00Z,1.564600,1.589400,1.524100,1.532500,4967272
2024-07-08T01:00:00Z,1.532400,1.543300,1.501800,1.542200,4475171
2024-07-08T02:00:00Z,1.542200,1.570300,1.520100,1.549000,3641634
2024-07-08T03:00:00Z,1.549100,1.563200,1.527200,1.540000,2338469
2024-07-08T04:00:00Z,1.539900,1.561400,1.526400,1.554100,2698072
2024-07-08T05:00:00Z,1.554100,1.564200,1.530300,1.536300,1389925
2024-07-08T06:00:00Z,1.536400,1.555300,1.527200,1.533900,2005873
2024-07-08T07:00:00Z,1.533800,1.539900,1.511400,1.537900,1769001
2024-07-08T08:00:00Z,1.537900,1.669400,1.533500,1.661700,8120180
2024-07-08T09:00:00Z,1.661500,1.679700,1.638200,1.672200,4889481
2024-07-08T10:00:00Z,1.672200,1.697900,1.636400,1.639500,3999710
2024-07-08T11:00:00Z,1.639600,1.669300,1.639100,1.656100,1953207
2024-07-08T12:00:00Z,1.656000,1.663600,1.633000,1.644700,2936255
2024-07-08T13:00:00Z,1.644700,1.653200,1.605300,1.618800,3325522
2024-07-08T14:00:00Z,1.618800,1.619100,1.527700,1.580600,10016900
2024-07-08T15:00:00Z,1.580400,1.603400,1.561400,1.565400,5017930
2024-07-08T16:00:00Z,1.565500,1.578100,1.547800,1.562400,1906960
2024-07-08T17:00:00Z,1.562200,1.581100,1.552700,1.576300,1324022
2024-07-08T18:00:00Z,1.576500,1.577100,1.541600,1.557200,4527772
2024-07-08T19:00:00Z,1.557100,1.566000,1.543000,1.560800,1923501
2024-07-08T20:00:00Z,1.560800,1.563500,1.544800,1.551900,1445032
2024-07-08T21:00:00Z,1.551900,1.570800,1.545400,1.565500,1341294
2024-07-08T22:00:00Z,1.565200,1.575600,1.560600,1.570100,1166554
2024-07-08T23:00:00Z,1.570000,1.577600,1.563500,1.564200,944650
2024-07-09T00:00:00Z,1.564100,1.564200,1.533600,1.540800,2643592
2024-07-09T01:00:00Z,1.540800,1.584500,1.530400,1.536400,3084590
2024-07-09T02:00:00Z,1.536400,1.564600,1.523000,1.564500,1878634
2024-07-09T03:00:00Z,1.564100,1.588400,1.546700,1.570700,2811250
2024-07-09T04:00:00Z,1.570600,1.589400,1.567500,1.573500,1992056
2024-07-09T05:00:00Z,1.573800,1.580400,1.562300,1.574600,1048892
2024-07-09T06:00:00Z,1.574500,1.608200,1.569000,1.599800,1825909
2024-07-09T07:00:00Z,1.599800,1.605300,1.587300,1.591400,1492449
2024-07-09T08:00:00Z,1.591300,1.640300,1.578200,1.607300,3982528
2024-07-09T09:00:00Z,1.606800,1.613400,1.602300,1.603200,1744620
2024-07-09T10:00:00Z,1.603300,1.610700,1.594500,1.607000,1754831
2024-07-09T11:00:00Z,1.607100,1.608200,1.586400,1.600500,1701615
2024-07-09T12:00:00Z,1.600400,1.604800,1.577500,1.580300,1576151
2024-07-09T13:00:00Z,1.580300,1.596200,1.568700,1.584500,2915693
2024-07-09T14:00:00Z,1.584600,1.614300,1.568200,1.569400,4743809
2024-07-09T15:00:00Z,1.569500,1.592000,1.550200,1.588600,2732661
2024-07-09T16:00:00Z,1.588600,1.599600,1.584600,1.598300,1647214
2024-07-09T17:00:00Z,1.598400,1.599300,1.574900,1.577700,1165073
2024-07-09T18:00:00Z,1.577700,1.597300,1.573700,1.581400,1177009
2024-07-09T19:00:00Z,1.581300,1.586200,1.574300,1.584600,685621
2024-07-09T20:00:00Z,1.584900,1.595300,1.580800,1.586100,634295
2024-07-09T21:00:00Z,1.586000,1.586200,1.576700,1.578200,669098
2024-07-09T22:00:00Z,1.578200,1.599100,1.568800,1.579800,1185863
2024-07-09T23:00:00Z,1.579800,1.597200,1.574000,1.589500,959133
2024-07-10T00:00:00Z,1.589300,1.589300,1.554300,1.558400,1521505
2024-07-10T01:00:00Z,1.558400,1.579800,1.550400,1.568500,1147134
2024-07-10T02:00:00Z,1.568400,1.581300,1.530300,1.543700,3893600
2024-07-10T03:00:00Z,1.543600,1.551900,1.538700,1.549400,2072844
2024-07-10T04:00:00Z,1.549500,1.588900,1.549400,1.577600,3203699
2024-07-10T05:00:00Z,1.577700,1.592300,1.570500,1.574500,2112629
2024-07-10T06:00:00Z,1.574600,1.578400,1.553000,1.564500,2707532
2024-07-10T07:00:00Z,1.564500,1.567400,1.540000,1.548200,2294085
2024-07-10T08:00:00Z,1.548200,1.560200,1.534200,1.541600,3156717
2024-07-10T09:00:00Z,1.541700,1.552300,1.531700,1.545200,1963384
2024-07-10T10:00:00Z,1.545300,1.564700,1.535800,1.558600,1688435
2024-07-10T11:00:00Z,1.558600,1.595100,1.546700,1.552500,3982277
2024-07-10T12:00:00Z,1.552400,1.586300,1.547900,1.585800,3256239
2024-07-10T13:00:00Z,1.585800,1.604000,1.581600,1.598000,4105658
2024-07-10T14:00:00Z,1.597900,1.628200,1.580200,1.613700,5102749
2024-07-10T15:00:00Z,1.613600,1.656600,1.597400,1.638500,4438628
2024-07-10T16:00:00Z,1.638500,1.712600,1.634000,1.663600,8392932
2024-07-10T17:00:00Z,1.663700,1.671900,1.638200,1.655200,3108949
2024-07-10T18:00:00Z,1.654900,1.654900,1.623900,1.632400,1653732
2024-07-10T19:00:00Z,1.632400,1.644100,1.621000,1.643300,1338751
2024-07-10T20:00:00Z,1.643600,1.649500,1.631900,1.642600,1474775
2024-07-10T21:00:00Z,1.642300,1.662400,1.637900,1.657900,1596626
2024-07-10T22:00:00Z,1.657700,1.675000,1.655400,1.666400,1404850
2024-07-10T23:00:00Z,1.666500,1.690300,1.665700,1.682900,1526473
2024-07-11T00:00:00Z,1.683000,1.683600,1.643500,1.660100,2314546
2024-07-11T01:00:00Z,1.660000,1.676000,1.639300,1.672200,1599644
2024-07-11T02:00:00Z,1.672200,1.675900,1.650600,1.653800,1537797
2024-07-11T03:00:00Z,1.653600,1.659600,1.617700,1.631600,2482521
2024-07-11T04:00:00Z,1.631500,1.634800,1.623200,1.627400,1286818
2024-07-11T05:00:00Z,1.627600,1.639000,1.614400,1.635300,1800524
2024-07-11T06:00:00Z,1.635100,1.646400,1.627200,1.645100,1255122
2024-07-11T07:00:00Z,1.645300,1.656000,1.640400,1.642700,1240628
2024-07-11T08:00:00Z,1.642700,1.665400,1.640000,1.663400,1988833
2024-07-11T09:00:00Z,1.663600,1.677700,1.650900,1.667100,2085653
2024-07-11T10:00:00Z,1.667200,1.675800,1.650100,1.652300,1434899
2024-07-11T11:00:00Z,1.652000,1.652500,1.620800,1.632800,3466226
2024-07-11T12:00:00Z,1.632600,1.690900,1.624000,1.657900,6620022
2024-07-11T13:00:00Z,1.658100,1.676400,1.644300,1.653200,2999602
2024-07-11T14:00:00Z,1.653500,1.668600,1.625600,1.644600,3681820
2024-07-11T15:00:00Z,1.644700,1.649900,1.592600,1.603100,3947632
2024-07-11T16:00:00Z,1.603400,1.627300,1.589300,1.617900,2678159
2024-07-11T17:00:00Z,1.617700,1.620900,1.608300,1.616800,1175918
2024-07-11T18:00:00Z,1.616800,1.638400,1.614400,1.630400,1243143
2024-07-11T19:00:00Z,1.630400,1.633000,1.607900,1.610600,1262843
2024-07-11T20:00:00Z,1.610500,1.620300,1.601500,1.617000,1221612
2024-07-11T21:00:00Z,1.617000,1.617100,1.595500,1.605100,1224890
2024-07-11T22:00:00Z,1.605200,1.605800,1.586300,1.597500,1913336
2024-07-11T23:00:00Z,1.597600,1.600500,1.580800,1.581400,1394886
2024-07-12T00:00:00Z,1.581300,1.610300,1.581200,1.588500,1897456
2024-07-12T01:00:00Z,1.588400,1.599100,1.556400,1.594400,2883108
2024-07-12T02:00:00Z,1.594300,1.606200,1.585200,1.604400,1458606
2024-07-12T03:00:00Z,1.604400,1.615600,1.591600,1.612400,1350432
2024-07-12T04:00:00Z,1.612500,1.621900,1.595200,1.614400,2512441
2024-07-12T05:00:00Z,1.614000,1.621000,1.600700,1.614700,1604363
2024-07-12T06:00:00Z,1.614700,1.639000,1.611600,1.629500,1384917
2024-07-12T07:00:00Z,1.629700,1.641800,1.612500,1.624300,1487342
2024-07-12T08:00:00Z,1.624200,1.637600,1.617300,1.637000,1053488
2024-07-12T09:00:00Z,1.637100,1.637500,1.601400,1.606400,1413394
2024-07-12T10:00:00Z,1.606400,1.615400,1.589900,1.607000,1960040
2024-07-12T11:00:00Z,1.607100,1.633500,1.602600,1.626400,1722453
2024-07-12T12:00:00Z,1.626300,1.649700,1.617400,1.638300,2632444
2024-07-12T13:00:00Z,1.638100,1.675700,1.634100,1.670200,2555034
2024-07-12T14:00:00Z,1.670100,1.673100,1.635100,1.641900,2563854
2024-07-12T15:00:00Z,1.641900,1.655500,1.626400,1.643300,2591751
2024-07-12T16:00:00Z,1.643200,1.670300,1.639500,1.662900,2140166
2024-07-12T17:00:00Z,1.663000,1.706300,1.660000,1.698700,4515008
2024-07-12T18:00:00Z,1.699200,1.712300,1.681700,1.701800,2609769
2024-07-12T19:00:00Z,1.701800,1.708800,1.675300,1.677000,1930415
2024-07-12T20:00:00Z,1.676900,1.678600,1.654100,1.672000,1919355
2024-07-12T21:00:00Z,1.672000,1.700200,1.668500,1.699800,1234239
2024-07-12T22:00:00Z,1.699600,1.721900,1.695400,1.712400,1594409
2024-07-12T23:00:00Z,1.712500,1.715100,1.691200,1.707000,1381974
2024-07-13T00:00:00Z,1.707000,1.709200,1.691100,1.696400,1001280
2024-07-13T01:00:00Z,1.696100,1.730000,1.695600,1.708100,1595194
2024-07-13T02:00:00Z,1.708100,1.708900,1.692800,1.700100,1027055
2024-07-13T03:00:00Z,1.699800,1.705400,1.692900,1.693000,689535
2024-07-13T04:00:00Z,1.693400,1.703700,1.692900,1.694300,943792
2024-07-13T05:00:00Z,1.694400,1.704600,1.692600,1.700200,982510
2024-07-13T06:00:00Z,1.700200,1.718900,1.694100,1.710000,1384203
2024-07-13T07:00:00Z,1.710000,1.711300,1.692600,1.695700,926314
2024-07-13T08:00:00Z,1.695600,1.713500,1.693500,1.697900,1291924
2024-07-13T09:00:00Z,1.697600,1.725500,1.697300,1.721600,1443902
2024-07-13T10:00:00Z,1.721200,1.736500,1.707200,1.718700,2472494
2024-07-13T11:00:00Z,1.718700,1.739500,1.714100,1.724600,1422022
2024-07-13T12:00:00Z,1.724500,1.724500,1.699400,1.702300,1651748
2024-07-13T13:00:00Z,1.702200,1.707300,1.696900,1.699100,867514
2024-07-13T14:00:00Z,1.698900,1.709900,1.691400,1.698600,2047613
2024-07-13T15:00:00Z,1.698400,1.705200,1.694600,1.699300,774507
2024-07-13T16:00:00Z,1.699300,1.700900,1.689000,1.689300,1061569
2024-07-13T17:00:00Z,1.689300,1.689900,1.671200,1.676300,2039090
2024-07-13T18:00:00Z,1.676400,1.678000,1.668000,1.670300,999642
2024-07-13T19:00:00Z,1.670200,1.678300,1.668400,1.676400,711957
2024-07-13T20:00:00Z,1.676300,1.680300,1.669200,1.674400,800987
2024-07-13T21:00:00Z,1.674400,1.676500,1.666200,1.674700,834813
2024-07-13T22:00:00Z,1.674800,1.684200,1.655500,1.678300,2221048
2024-07-13T23:00:00Z,1.678400,1.690300,1.657600,1.658100,1795597
2024-07-14T00:00:00Z,1.658300,1.675800,1.655700,1.671300,1945977
2024-07-14T01:00:00Z,1.671500,1.687900,1.666500,1.682600,1606429
2024-07-14T02:00:00Z,1.682600,1.687000,1.664900,1.666000,875123
2024-07-14T03:00:00Z,1.666000,1.673700,1.661000,1.668800,797543
2024-07-14T04:00:00Z,1.668900,1.694900,1.668700,1.679200,1533368
2024-07-14T05:00:00Z,1.679000,1.695900,1.670600,1.695800,1120188
2024-07-14T06:00:00Z,1.695800,1.708600,1.671200,1.676800,2071138
2024-07-14T07:00:00Z,1.676900,1.678900,1.669200,1.670800,784741
2024-07-14T08:00:00Z,1.670900,1.683900,1.670400,1.677800,970950
2024-07-14T09:00:00Z,1.677900,1.693000,1.677600,1.691100,1210930
2024-07-14T10:00:00Z,1.691200,1.707100,1.656600,1.660800,4283826
2024-07-14T11:00:00Z,1.660800,1.675000,1.660000,1.671900,1357542
2024-07-14T12:00:00Z,1.671800,1.673600,1.657800,1.658500,1598428
2024-07-14T13:00:00Z,1.658800,1.672500,1.658400,1.671100,896375
2024-07-14T14:00:00Z,1.671100,1.691000,1.664600,1.689100,1262773
2024-07-14T15:00:00Z,1.689300,1.699700,1.677400,1.691900,1395628
2024-07-14T16:00:00Z,1.692100,1.716400,1.685200,1.716200,1836892
2024-07-14T17:00:00Z,1.716400,1.748000,1.708100,1.737300,2716426
2024-07-14T18:00:00Z,1.737400,1.737600,1.710800,1.712800,1522206
2024-07-14T19:00:00Z,1.713100,1.713500,1.705000,1.710200,1083776
2024-07-14T20:00:00Z,1.710100,1.720700,1.706800,1.714500,855663
2024-07-14T21:00:00Z,1.714400,1.736600,1.710400,1.734500,1523756
2024-07-14T22:00:00Z,1.735000,1.765300,1.733500,1.757100,2118373
2024-07-14T23:00:00Z,1.757100,1.765200,1.744500,1.750000,1390977
2024-07-15T00:00:00Z,1.750200,1.776800,1.729300,1.756200,2280075
2024-07-15T01:00:00Z,1.756100,1.769000,1.743900,1.746700,1566266
2024-07-15T02:00:00Z,1.746600,1.787300,1.741400,1.781900,2112530
2024-07-15T03:00:00Z,1.782200,1.784000,1.767800,1.777000,1374635
2024-07-15T04:00:00Z,1.777000,1.787400,1.767900,1.776400,1114290
2024-07-15T05:00:00Z,1.776900,1.788100,1.770500,1.775500,1066451
2024-07-15T06:00:00Z,1.775300,1.783500,1.765000,1.777300,1292896
2024-07-15T07:00:00Z,1.777000,1.796000,1.773500,1.778300,1969509
2024-07-15T08:00:00Z,1.778400,1.790500,1.755100,1.759000,1899894
2024-07-15T09:00:00Z,1.758900,1.759000,1.737900,1.749800,1899726
2024-07-15T10:00:00Z,1.749900,1.751400,1.724900,1.729200,1176774
2024-07-15T11:00:00Z,1.729000,1.744300,1.727100,1.734900,998345
2024-07-15T12:00:00Z,1.734900,1.747100,1.734800,1.742300,1071956
2024-07-15T13:00:00Z,1.742000,1.754700,1.736900,1.749500,897128
2024-07-15T14:00:00Z,1.749400,1.768700,1.741400,1.767500,1256684
2024-07-15T15:00:00Z,1.767400,1.781000,1.756400,1.760900,1289019
2024-07-15T16:00:00Z,1.761000,1.777600,1.754600,1.758900,1734253
2024-07-15T17:00:00Z,1.759000,1.766800,1.745200,1.754200,1890160
2024-07-15T18:00:00Z,1.754200,1.771500,1.741700,1.757300,1241357
2024-07-15T19:00:00Z,1.757100,1.801100,1.753500,1.758500,4725767
2024-07-15T20:00:00Z,1.758700,1.784600,1.752600,1.780000,2678150
2024-07-15T21:00:00Z,1.780100,1.786600,1.756900,1.770000,2032172
2024-07-15T22:00:00Z,1.770000,1.809100,1.769700,1.791000,2575336
2024-07-15T23:00:00Z,1.791100,1.828700,1.783300,1.809100,2733437
2024-07-16T00:00:00Z,1.808900,1.825400,1.795400,1.814400,2903542
2024-07-16T01:00:00Z,1.814400,1.822800,1.795500,1.814600,1668151
2024-07-16T02:00:00Z,1.814600,1.822100,1.799300,1.809500,1182055
2024-07-16T03:00:00Z,1.809400,1.831100,1.802400,1.827700,1398395
2024-07-16T04:00:00Z,1.827500,1.845000,1.813800,1.829500,2840787
2024-07-16T05:00:00Z,1.829300,1.842100,1.773300,1.789000,3940719
2024-07-16T06:00:00Z,1.789100,1.806900,1.740800,1.746800,3035643
2024-07-16T07:00:00Z,1.747100,1.764700,1.728300,1.736000,3096404
2024-07-16T08:00:00Z,1.735700,1.747200,1.710800,1.738900,2634506
2024-07-16T09:00:00Z,1.738900,1.749300,1.732300,1.745000,1268058
2024-07-16T10:00:00Z,1.744800,1.776300,1.738000,1.760400,2185029
2024-07-16T11:00:00Z,1.760700,1.760700,1.741200,1.751200,1852320
2024-07-16T12:00:00Z,1.751200,1.775100,1.745300,1.751100,1975775
2024-07-16T13:00:00Z,1.751100,1.763900,1.744300,1.747200,1812290
2024-07-16T14:00:00Z,1.746800,1.780500,1.743000,1.777800,1951783
2024-07-16T15:00:00Z,1.777400,1.823700,1.775400,1.817000,3080692
2024-07-16T16:00:00Z,1.816900,1.826600,1.784700,1.809400,2880039
2024-07-16T17:00:00Z,1.809300,1.831600,1.803800,1.830100,1955636
2024-07-16T18:00:00Z,1.830100,1.842000,1.815900,1.823500,2442051
2024-07-16T19:00:00Z,1.823500,1.854500,1.818900,1.837100,1687528
2024-07-16T20:00:00Z,1.837000,1.841700,1.817500,1.818600,839473
2024-07-16T21:00:00Z,1.818900,1.828100,1.811600,1.819200,799603
2024-07-16T22:00:00Z,1.819200,1.823800,1.804000,1.811200,1150749
2024-07-16T23:00:00Z,1.811400,1.830500,1.806600,1.826100,776618
2024-07-17T00:00:00Z,1.826000,1.864700,1.823100,1.857800,1642817
2024-07-17T01:00:00Z,1.857800,1.908400,1.857700,1.862500,4046210
2024-07-17T02:00:00Z,1.862500,1.882900,1.860000,1.872100,1009622
2024-07-17T03:00:00Z,1.872000,1.885800,1.853800,1.868400,1189511
2024-07-17T04:00:00Z,1.868000,1.890400,1.860900,1.888600,1212202
2024-07-17T05:00:00Z,1.888500,1.894900,1.879500,1.889000,1325414
2024-07-17T06:00:00Z,1.889100,1.906900,1.880800,1.887400,1642566
2024-07-17T07:00:00Z,1.887300,1.889900,1.868200,1.877200,1216346
2024-07-17T08:00:00Z,1.877300,1.890400,1.848600,1.863900,2094780
2024-07-17T09:00:00Z,1.863500,1.894500,1.861500,1.889800,1327405
2024-07-17T10:00:00Z,1.889800,1.893500,1.872000,1.877600,1223799
2024-07-17T11:00:00Z,1.877900,1.879600,1.838700,1.847600,2414057
2024-07-17T12:00:00Z,1.847400,1.861900,1.837000,1.852500,780980
2024-07-17T13:00:00Z,1.852500,2.049400,1.825700,2.025700,27812280
2024-07-17T14:00:00Z,2.025700,2.026100,1.922400,1.935900,16201428
2024-07-17T15:00:00Z,1.935900,1.962300,1.888300,1.893000,6760489
2024-07-17T16:00:00Z,1.893400,1.962000,1.867800,1.955000,8462931
2024-07-17T17:00:00Z,1.955000,1.959500,1.924300,1.933000,4368853
2024-07-17T18:00:00Z,1.933200,1.959200,1.923800,1.957400,2348604
2024-07-17T19:00:00Z,1.957300,2.005800,1.954000,1.987000,3784460
2024-07-17T20:00:00Z,1.986900,2.019800,1.975300,1.993000,3692824
2024-07-17T21:00:00Z,1.992800,1.994000,1.970000,1.978600,2872362
2024-07-17T22:00:00Z,1.978700,1.982700,1.955000,1.955900,1585189
2024-07-17T23:00:00Z,1.956000,1.956000,1.934000,1.935800,1445305
2024-07-18T00:00:00Z,1.936000,1.946100,1.919100,1.937700,3028841
2024-07-18T01:00:00Z,1.937600,1.982000,1.935500,1.951700,3126305
2024-07-18T02:00:00Z,1.951800,1.967800,1.920500,1.964700,2202654
2024-07-18T03:00:00Z,1.964600,1.983800,1.960000,1.978100,1858565
2024-07-18T04:00:00Z,1.978200,2.002400,1.973100,1.993000,2744737
2024-07-18T05:00:00Z,1.993100,2.027800,1.966700,2.008000,3283803
2024-07-18T06:00:00Z,2.008800,2.036600,1.993400,2.032600,3224250
2024-07-18T07:00:00Z,2.032600,2.033700,1.987000,1.987300,3431694
2024-07-18T08:00:00Z,1.987400,2.020000,1.975700,2.017200,3793635
2024-07-18T09:00:00Z,2.017300,2.020600,1.970500,1.972600,2911189
2024-07-18T10:00:00Z,1.972500,1.980400,1.956800,1.971000,2492965
2024-07-18T11:00:00Z,1.971400,1.986900,1.950200,1.985300,2375565
2024-07-18T12:00:00Z,1.985200,1.998300,1.950700,1.960300,3268508
2024-07-18T13:00:00Z,1.960300,1.990000,1.960000,1.969200,2010478
2024-07-18T14:00:00Z,1.969100,1.987000,1.937800,1.953500,2939963
2024-07-18T15:00:00Z,1.953300,1.953300,1.880600,1.884800,6443176
2024-07-18T16:00:00Z,1.884700,1.907900,1.867400,1.907300,3089636
2024-07-18T17:00:00Z,1.907400,1.912400,1.880700,1.886200,2085683
2024-07-18T18:00:00Z,1.886300,1.889500,1.869700,1.886500,1795054
2024-07-18T19:00:00Z,1.886500,1.921100,1.870500,1.911700,3284913
2024-07-18T20:00:00Z,1.911600,1.922300,1.897200,1.920100,739315
2024-07-18T21:00:00Z,1.920300,1.922200,1.907600,1.917100,743908
2024-07-18T22:00:00Z,1.917000,1.921600,1.911200,1.913100,930253
2024-07-18T23:00:00Z,1.913100,1.925000,1.913100,1.915300,806598
2024-07-19T00:00:00Z,1.915200,1.919500,1.885600,1.892700,2066665
2024-07-19T01:00:00Z,1.892800,1.913400,1.867300,1.909500,1392941
2024-07-19T02:00:00Z,1.909600,1.952000,1.909300,1.947900,2103751
2024-07-19T03:00:00Z,1.947900,1.957000,1.910600,1.945000,3196629
2024-07-19T04:00:00Z,1.945000,1.950200,1.915200,1.916300,1054101
2024-07-19T05:00:00Z,1.916300,1.920700,1.893300,1.901900,1268822
2024-07-19T06:00:00Z,1.901800,1.932800,1.901100,1.908500,1583255
2024-07-19T07:00:00Z,1.908600,1.911000,1.868700,1.876300,2537127
2024-07-19T08:00:00Z,1.875800,1.880700,1.847000,1.875200,3030590
2024-07-19T09:00:00Z,1.875300,1.906500,1.874500,1.901500,1744480
2024-07-19T10:00:00Z,1.901200,1.903000,1.877100,1.885000,2036523
2024-07-19T11:00:00Z,1.885100,1.929700,1.884100,1.912400,2846332
2024-07-19T12:00:00Z,1.912000,1.921100,1.903100,1.906800,1169410
2024-07-19T13:00:00Z,1.906700,1.922200,1.888800,1.920000,1688209
2024-07-19T14:00:00Z,1.920200,1.956200,1.915900,1.935100,2920923
2024-07-19T15:00:00Z,1.935100,1.954700,1.922400,1.941800,1755928
2024-07-19T16:00:00Z,1.941800,1.967900,1.937400,1.957600,2468123
2024-07-19T17:00:00Z,1.957500,1.959700,1.935200,1.938300,1677444
2024-07-19T18:00:00Z,1.938300,1.955000,1.924000,1.936000,1308584
2024-07-19T19:00:00Z,1.936000,1.973900,1.934400,1.947700,2695164
2024-07-19T20:00:00Z,1.947700,1.963200,1.938000,1.948600,1300072
2024-07-19T21:00:00Z,1.948600,1.960900,1.941400,1.945300,658626
2024-07-19T22:00:00Z,1.945300,1.962400,1.944300,1.957900,600009
2024-07-19T23:00:00Z,1.957700,1.964200,1.948600,1.956900,521326
2024-07-20T00:00:00Z,1.957000,1.958000,1.925500,1.933800,1207765
2024-07-20T01:00:00Z,1.933600,1.950200,1.923600,1.928500,1308998
2024-07-20T02:00:00Z,1.928500,1.939700,1.923400,1.930100,443028
2024-07-20T03:00:00Z,1.930200,1.969800,1.929000,1.951300,1510878
2024-07-20T04:00:00Z,1.951400,1.962000,1.950300,1.956900,433430
2024-07-20T05:00:00Z,1.957000,1.958300,1.946400,1.954100,372890
2024-07-20T06:00:00Z,1.953900,1.961000,1.945000,1.949300,822626
2024-07-20T07:00:00Z,1.949200,1.949200,1.932400,1.938300,1264599
2024-07-20T08:00:00Z,1.938500,1.940300,1.925700,1.931800,730799
2024-07-20T09:00:00Z,1.931700,1.947700,1.925500,1.934800,520010
2024-07-20T10:00:00Z,1.934700,1.937800,1.912600,1.917400,1043594
2024-07-20T11:00:00Z,1.917400,1.918700,1.901300,1.902900,814108
2024-07-20T12:00:00Z,1.903100,1.913400,1.902100,1.906900,713323
2024-07-20T13:00:00Z,1.907100,1.913800,1.891200,1.902500,1147995
2024-07-20T14:00:00Z,1.902700,1.934000,1.898400,1.919500,1073866
2024-07-20T15:00:00Z,1.919300,1.933200,1.919200,1.929200,625463
2024-07-20T16:00:00Z,1.928800,1.935100,1.898200,1.906100,2020800
2024-07-20T17:00:00Z,1.906000,1.933100,1.898200,1.927400,1812025
2024-07-20T18:00:00Z,1.927300,1.929000,1.910400,1.924600,872108
2024-07-20T19:00:00Z,1.924900,1.931900,1.910300,1.913800,605261
2024-07-20T20:00:00Z,1.913600,1.925700,1.911800,1.924100,327342
2024-07-20T21:00:00Z,1.924100,1.924400,1.908000,1.917400,522939
2024-07-20T22:00:00Z,1.917300,1.922900,1.908300,1.915200,385936
2024-07-20T23:00:00Z,1.915200,1.928400,1.913700,1.926400,437451
2024-07-21T00:00:00Z,1.926600,1.935100,1.917400,1.920600,896982
2024-07-21T01:00:00Z,1.920600,1.942500,1.917500,1.935600,600499
2024-07-21T02:00:00Z,1.935600,1.944700,1.934800,1.938200,679980
2024-07-21T03:00:00Z,1.938100,1.960000,1.930700,1.938900,1762184
2024-07-21T04:00:00Z,1.938700,1.943600,1.920900,1.923300,541288
2024-07-21T05:00:00Z,1.923400,1.925800,1.903700,1.912400,1598453
2024-07-21T06:00:00Z,1.912900,1.917000,1.892800,1.896200,1227438
2024-07-21T07:00:00Z,1.896000,1.903400,1.873400,1.896400,1109908
2024-07-21T08:00:00Z,1.896300,1.911400,1.894700,1.905500,511987
2024-07-21T09:00:00Z,1.905500,1.918600,1.903900,1.916200,316895
2024-07-21T10:00:00Z,1.916200,1.916700,1.904600,1.904600,415121
2024-07-21T11:00:00Z,1.905000,1.910700,1.891800,1.898800,719276
2024-07-21T12:00:00Z,1.898800,1.900900,1.886600,1.891500,634666
2024-07-21T13:00:00Z,1.891400,1.898000,1.877000,1.885200,1346919
2024-07-21T14:00:00Z,1.885200,1.907800,1.876500,1.904700,1384135
2024-07-21T15:00:00Z,1.904700,1.919500,1.901300,1.905200,955560
2024-07-21T16:00:00Z,1.905200,1.914200,1.893200,1.911800,967488
2024-07-21T17:00:00Z,1.911900,1.918800,1.862900,1.880200,1835638
2024-07-21T18:00:00Z,1.880200,1.894800,1.818400,1.865900,5141493
2024-07-21T19:00:00Z,1.865500,1.889300,1.859000,1.885800,1033242
2024-07-21T20:00:00Z,1.885300,1.919000,1.882000,1.909200,1818145
2024-07-21T21:00:00Z,1.909300,1.943700,1.905000,1.941600,1231837
2024-07-21T22:00:00Z,1.941400,1.954600,1.935900,1.942500,979039
2024-07-21T23:00:00Z,1.942500,1.958900,1.933000,1.940000,1245540
2024-07-22T00:00:00Z,1.940000,1.972600,1.936200,1.951500,1947857
2024-07-22T01:00:00Z,1.951600,1.953900,1.925100,1.926800,1143227
2024-07-22T02:00:00Z,1.926800,1.935200,1.921700,1.932800,680461
2024-07-22T03:00:00Z,1.932900,1.933400,1.911900,1.912300,978975
2024-07-22T04:00:00Z,1.912300,1.919200,1.908100,1.913400,498894
2024-07-22T05:00:00Z,1.913300,1.915400,1.873700,1.884600,987621
2024-07-22T06:00:00Z,1.884700,1.893000,1.860000,1.873300,1449303
2024-07-22T07:00:00Z,1.873300,1.873400,1.845400,1.848400,1271934
2024-07-22T08:00:00Z,1.848500,1.855400,1.830100,1.835400,1570769
2024-07-22T09:00:00Z,1.835600,1.840700,1.826300,1.840300,1458791
2024-07-22T10:00:00Z,1.840300,1.854500,1.836400,1.853300,1555136
2024-07-22T11:00:00Z,1.853400,1.864900,1.848000,1.863100,1449951
2024-07-22T12:00:00Z,1.862800,1.881200,1.860200,1.871600,1546770
2024-07-22T13:00:00Z,1.871600,1.882600,1.844700,1.850200,1741005
2024-07-22T14:00:00Z,1.850200,1.858400,1.823000,1.836800,1960912
2024-07-22T15:00:00Z,1.836700,1.844800,1.830300,1.833400,1312410
2024-07-22T16:00:00Z,1.833800,1.845600,1.823500,1.831000,1134806
2024-07-22T17:00:00Z,1.831100,1.844500,1.825500,1.842500,1612306
2024-07-22T18:00:00Z,1.842600,1.850500,1.831400,1.840300,768006
2024-07-22T19:00:00Z,1.840000,1.844300,1.826700,1.837300,992339
2024-07-22T20:00:00Z,1.837400,1.838000,1.812400,1.820900,1379349
2024-07-22T21:00:00Z,1.820900,1.820900,1.774300,1.775900,2913600
2024-07-22T22:00:00Z,1.776000,1.795000,1.755900,1.783700,2788393
2024-07-22T23:00:00Z,1.783700,1.790700,1.764300,1.782900,1776074
2024-07-23T00:00:00Z,1.783100,1.809500,1.773100,1.801600,1944483
2024-07-23T01:00:00Z,1.801400,1.853700,1.799500,1.840200,4196961
2024-07-23T02:00:00Z,1.840200,1.863000,1.825000,1.852800,1838479
2024-07-23T03:00:00Z,1.852700,1.855600,1.831000,1.836000,960298
2024-07-23T04:00:00Z,1.835600,1.850800,1.801800,1.813300,1879488
2024-07-23T05:00:00Z,1.813200,1.817500,1.786100,1.803700,2603255
2024-07-23T06:00:00Z,1.803400,1.813200,1.772500,1.789800,2506414
2024-07-23T07:00:00Z,1.789700,1.798400,1.778500,1.795600,1163871
2024-07-23T08:00:00Z,1.795700,1.895100,1.793800,1.887800,5549208
2024-07-23T09:00:00Z,1.887800,1.897000,1.862800,1.885300,3117602
2024-07-23T10:00:00Z,1.885600,1.893900,1.865000,1.866100,2313952
2024-07-23T11:00:00Z,1.865900,1.883800,1.841500,1.870400,2461767
2024-07-23T12:00:00Z,1.870700,1.874200,1.828900,1.838900,3150216
2024-07-23T13:00:00Z,1.838300,1.879400,1.820800,1.832400,6166508
2024-07-23T14:00:00Z,1.832500,1.854200,1.813100,1.827300,6909410
2024-07-23T15:00:00Z,1.827200,1.829800,1.795700,1.799700,3487079
2024-07-23T16:00:00Z,1.799800,1.802500,1.731600,1.738200,4312516
2024-07-23T17:00:00Z,1.738500,1.754000,1.730100,1.749700,2927406
2024-07-23T18:00:00Z,1.749200,1.759600,1.731000,1.754700,2086083
2024-07-23T19:00:00Z,1.754700,1.804700,1.751400,1.775200,2603229
2024-07-23T20:00:00Z,1.774800,1.789300,1.766000,1.769400,1363159
2024-07-23T21:00:00Z,1.769400,1.781700,1.749600,1.749600,1585195
2024-07-23T22:00:00Z,1.749500,1.757600,1.728000,1.750800,2068162
2024-07-23T23:00:00Z,1.751400,1.798300,1.746600,1.753300,5071202
2024-07-24T00:00:00Z,1.753200,1.756100,1.730500,1.736800,1483653
2024-07-24T01:00:00Z,1.736800,1.748300,1.726500,1.731400,1174536
2024-07-24T02:00:00Z,1.731300,1.752800,1.725900,1.745400,862960
2024-07-24T03:00:00Z,1.745300,1.749800,1.737100,1.742900,749451
2024-07-24T04:00:00Z,1.742900,1.744100,1.727000,1.729700,827013
2024-07-24T05:00:00Z,1.729500,1.739700,1.722000,1.736300,1299627
2024-07-24T06:00:00Z,1.736300,1.748600,1.729900,1.747600,1215489
2024-07-24T07:00:00Z,1.747700,1.758200,1.743000,1.756400,1002383
2024-07-24T08:00:00Z,1.756400,1.773900,1.751900,1.758200,1580552
2024-07-24T09:00:00Z,1.758300,1.759200,1.735700,1.741300,1445331
2024-07-24T10:00:00Z,1.741200,1.748900,1.736400,1.742000,733520
2024-07-24T11:00:00Z,1.742200,1.754500,1.733200,1.747300,1182810
2024-07-24T12:00:00Z,1.747300,1.752300,1.726700,1.728700,1348242
2024-07-24T13:00:00Z,1.728800,1.744800,1.725000,1.725600,1227431
2024-07-24T14:00:00Z,1.725300,1.749000,1.721400,1.739300,1566357
2024-07-24T15:00:00Z,1.739100,1.742500,1.695400,1.698600,2665440
2024-07-24T16:00:00Z,1.698600,1.706800,1.679200,1.698600,2508114
2024-07-24T17:00:00Z,1.698800,1.702100,1.689700,1.690400,1010436
2024-07-24T18:00:00Z,1.690100,1.694600,1.662000,1.665000,2443307
2024-07-24T19:00:00Z,1.665100,1.677600,1.654200,1.658700,1658790
2024-07-24T20:00:00Z,1.659000,1.668900,1.656800,1.668500,904345
2024-07-24T21:00:00Z,1.668500,1.669100,1.625900,1.648000,2984822
2024-07-24T22:00:00Z,1.647900,1.649000,1.627100,1.632500,1144841
2024-07-24T23:00:00Z,1.632600,1.633600,1.617500,1.625400,1368955
2024-07-25T00:00:00Z,1.625400,1.629500,1.613700,1.629100,1368014
2024-07-25T01:00:00Z,1.629000,1.633300,1.518000,1.561800,13288584
2024-07-25T02:00:00Z,1.561400,1.561600,1.529400,1.547100,3556242
2024-07-25T03:00:00Z,1.547100,1.550600,1.532100,1.545700,2237641
2024-07-25T04:00:00Z,1.545800,1.581900,1.531200,1.579400,4418654
2024-07-25T05:00:00Z,1.579500,1.582700,1.562100,1.566300,1300325
2024-07-25T06:00:00Z,1.566300,1.572900,1.558600,1.564800,1335736
2024-07-25T07:00:00Z,1.565000,1.566600,1.553400,1.554300,1160926
2024-07-25T08:00:00Z,1.554400,1.571100,1.550200,1.568500,1464189
2024-07-25T09:00:00Z,1.568600,1.582400,1.562600,1.581900,2024895
2024-07-25T10:00:00Z,1.582200,1.582300,1.566600,1.578300,1703858
2024-07-25T11:00:00Z,1.578400,1.581900,1.567700,1.573900,804893
2024-07-25T12:00:00Z,1.573700,1.580600,1.555400,1.563100,1384602
2024-07-25T13:00:00Z,1.563000,1.570600,1.552100,1.560600,1313972
2024-07-25T14:00:00Z,1.560600,1.587600,1.540800,1.582800,2956298
2024-07-25T15:00:00Z,1.582900,1.584900,1.546900,1.553400,2133218
2024-07-25T16:00:00Z,1.553400,1.570400,1.540600,1.548400,1511195
2024-07-25T17:00:00Z,1.548600,1.557300,1.488800,1.501900,11304537
2024-07-25T18:00:00Z,1.501900,1.542000,1.485000,1.497900,9613351
2024-07-25T19:00:00Z,1.497900,1.516400,1.485600,1.497500,4186986
2024-07-25T20:00:00Z,1.497500,1.521100,1.475100,1.520400,3190889
2024-07-25T21:00:00Z,1.520700,1.534000,1.518600,1.522800,1866299
2024-07-25T22:00:00Z,1.522700,1.526800,1.509000,1.514500,2461677
2024-07-25T23:00:00Z,1.514500,1.527800,1.513300,1.520800,1482526
2024-07-26T00:00:00Z,1.520800,1.535500,1.515000,1.533700,1737760
2024-07-26T01:00:00Z,1.533700,1.550000,1.530200,1.535300,2509186
2024-07-26T02:00:00Z,1.535400,1.574100,1.534900,1.570700,2094916
2024-07-26T03:00:00Z,1.570800,1.580000,1.555100,1.558300,1557245
2024-07-26T04:00:00Z,1.558400,1.574000,1.556700,1.571100,1262813
2024-07-26T05:00:00Z,1.571100,1.586500,1.566700,1.584400,1647866
2024-07-26T06:00:00Z,1.584300,1.618000,1.579800,1.613600,3082527
2024-07-26T07:00:00Z,1.613700,1.615500,1.585300,1.590800,3583962
2024-07-26T08:00:00Z,1.590800,1.608400,1.588500,1.599300,1475885
2024-07-26T09:00:00Z,1.599100,1.607000,1.593900,1.595700,1156951
2024-07-26T10:00:00Z,1.595600,1.603500,1.582000,1.591400,1544620
2024-07-26T11:00:00Z,1.591300,1.597200,1.582000,1.594500,721922
2024-07-26T12:00:00Z,1.594500,1.597300,1.572700,1.577900,1848804
2024-07-26T13:00:00Z,1.577900,1.592000,1.567700,1.591100,1943975
2024-07-26T14:00:00Z,1.591100,1.600900,1.562100,1.571600,2136427
2024-07-26T15:00:00Z,1.571500,1.587000,1.570000,1.575800,1687341
2024-07-26T16:00:00Z,1.575700,1.586500,1.568000,1.571800,1353167
2024-07-26T17:00:00Z,1.571900,1.572900,1.561900,1.563700,810835
2024-07-26T18:00:00Z,1.563700,1.570700,1.562100,1.566500,1047337
2024-07-26T19:00:00Z,1.566500,1.579200,1.565400,1.567700,1163051
2024-07-26T20:00:00Z,1.567700,1.568400,1.549000,1.556800,1733995
2024-07-26T21:00:00Z,1.556800,1.568200,1.551600,1.564300,618058
2024-07-26T22:00:00Z,1.564300,1.577600,1.563200,1.576200,1562081
2024-07-26T23:00:00Z,1.576200,1.586400,1.569900,1.572700,926213
2024-07-27T00:00:00Z,1.572500,1.572700,1.557800,1.558800,1300133
2024-07-27T01:00:00Z,1.558600,1.558700,1.549000,1.554000,965844
2024-07-27T02:00:00Z,1.553900,1.568300,1.551000,1.567000,694343
2024-07-27T03:00:00Z,1.566900,1.569800,1.553100,1.562100,1034343
2024-07-27T04:00:00Z,1.562000,1.572000,1.559600,1.569900,360219
2024-07-27T05:00:00Z,1.569900,1.578300,1.568700,1.573500,652144
2024-07-27T06:00:00Z,1.573400,1.591100,1.570600,1.590900,769078
2024-07-27T07:00:00Z,1.591000,1.602900,1.585200,1.593900,1204138
2024-07-27T08:00:00Z,1.594000,1.602300,1.576800,1.586500,1116089
2024-07-27T09:00:00Z,1.586600,1.593400,1.580300,1.591100,754191
2024-07-27T10:00:00Z,1.591000,1.594600,1.584400,1.588500,685151
2024-07-27T11:00:00Z,1.588300,1.595900,1.579300,1.592800,774937
2024-07-27T12:00:00Z,1.593100,1.607300,1.589200,1.603400,1921947
2024-07-27T13:00:00Z,1.603400,1.635200,1.600500,1.623000,2789362
2024-07-27T14:00:00Z,1.623200,1.629400,1.600000,1.610200,1800642
2024-07-27T15:00:00Z,1.610300,1.613200,1.566200,1.589300,2651856
2024-07-27T16:00:00Z,1.589300,1.602100,1.576500,1.585700,1320685
2024-07-27T17:00:00Z,1.586000,1.593400,1.575000,1.580700,1115962
2024-07-27T18:00:00Z,1.580800,1.592400,1.566200,1.571000,1026823
2024-07-27T19:00:00Z,1.570900,1.594200,1.554800,1.592300,2078726
2024-07-27T20:00:00Z,1.592500,1.648300,1.550600,1.613000,12488630
2024-07-27T21:00:00Z,1.613300,1.681600,1.605000,1.665000,5641330
2024-07-27T22:00:00Z,1.665000,1.671200,1.646200,1.654300,1789060
2024-07-27T23:00:00Z,1.654300,1.660600,1.631100,1.632300,1341496
2024-07-28T00:00:00Z,1.632500,1.632500,1.609000,1.622700,1695394
2024-07-28T01:00:00Z,1.622600,1.629200,1.614600,1.615600,839614
2024-07-28T02:00:00Z,1.615600,1.624200,1.610100,1.621400,748763
2024-07-28T03:00:00Z,1.621200,1.622800,1.600600,1.602400,1278771
2024-07-28T04:00:00Z,1.602300,1.604000,1.576200,1.578900,1285481
2024-07-28T05:00:00Z,1.579100,1.588000,1.563600,1.580400,1546671
2024-07-28T06:00:00Z,1.580400,1.595200,1.578500,1.584200,700318
2024-07-28T07:00:00Z,1.584100,1.593500,1.576800,1.592500,548659
2024-07-28T08:00:00Z,1.592600,1.608200,1.585100,1.606800,934484
2024-07-28T09:00:00Z,1.606800,1.615300,1.593400,1.594800,1074346
2024-07-28T10:00:00Z,1.594800,1.603400,1.591200,1.598400,1488903
2024-07-28T11:00:00Z,1.598300,1.610100,1.591500,1.593400,1241233
2024-07-28T12:00:00Z,1.593400,1.599800,1.586200,1.589000,1048358
2024-07-28T13:00:00Z,1.589100,1.597400,1.588400,1.593500,715767
2024-07-28T14:00:00Z,1.594400,1.595500,1.558200,1.563700,3077609
2024-07-28T15:00:00Z,1.563400,1.572500,1.560000,1.568400,731590
2024-07-28T16:00:00Z,1.568600,1.572400,1.563800,1.568000,744374
2024-07-28T17:00:00Z,1.568100,1.571500,1.560100,1.569700,556710
2024-07-28T18:00:00Z,1.569700,1.578300,1.564200,1.571600,714482
2024-07-28T19:00:00Z,1.571600,1.581600,1.569300,1.572900,868310
2024-07-28T20:00:00Z,1.572900,1.574300,1.564300,1.566600,542068
2024-07-28T21:00:00Z,1.566400,1.571600,1.556000,1.564200,945877
2024-07-28T22:00:00Z,1.564100,1.569000,1.551600,1.559200,917607
2024-07-28T23:00:00Z,1.559200,1.574200,1.558100,1.574200,536043
2024-07-29T00:00:00Z,1.574200,1.609000,1.570300,1.601000,2002217
2024-07-29T01:00:00Z,1.601500,1.618900,1.595600,1.605800,1176138
2024-07-29T02:00:00Z,1.605800,1.656000,1.605100,1.645600,2987884
2024-07-29T03:00:00Z,1.645700,1.655700,1.634400,1.641200,1665466
2024-07-29T04:00:00Z,1.641300,1.651800,1.633300,1.642200,1420356
2024-07-29T05:00:00Z,1.642100,1.653900,1.635600,1.642100,1157114
2024-07-29T06:00:00Z,1.642000,1.653800,1.639500,1.647800,1003586
2024-07-29T07:00:00Z,1.647900,1.655300,1.645600,1.649100,892631
2024-07-29T08:00:00Z,1.649400,1.657900,1.636800,1.642200,1171568
2024-07-29T09:00:00Z,1.642500,1.657300,1.639200,1.655800,827609
2024-07-29T10:00:00Z,1.655600,1.657500,1.643200,1.648000,852176
2024-07-29T11:00:00Z,1.647900,1.649600,1.632500,1.635100,994317
2024-07-29T12:00:00Z,1.635000,1.638400,1.622000,1.631000,1249311
2024-07-29T13:00:00Z,1.631200,1.645700,1.623200,1.630200,1552814
2024-07-29T14:00:00Z,1.630300,1.641500,1.617800,1.623100,1866346
2024-07-29T15:00:00Z,1.622900,1.631400,1.593600,1.614700,2709780
2024-07-29T16:00:00Z,1.614600,1.628000,1.594600,1.598100,2921285
2024-07-29T17:00:00Z,1.598400,1.635300,1.592700,1.622500,2432258
2024-07-29T18:00:00Z,1.622200,1.632000,1.614200,1.625100,997075
2024-07-29T19:00:00Z,1.624900,1.626000,1.607800,1.608700,1510959
2024-07-29T20:00:00Z,1.608900,1.617300,1.603100,1.611500,1172775
2024-07-29T21:00:00Z,1.611600,1.612100,1.593900,1.606100,971637
2024-07-29T22:00:00Z,1.606100,1.626600,1.599100,1.606800,1064896
2024-07-29T23:00:00Z,1.606800,1.620600,1.599400,1.603500,1310254
2024-07-30T00:00:00Z,1.603600,1.634800,1.587600,1.632600,2579752
2024-07-30T01:00:00Z,1.633000,1.642500,1.606600,1.608900,1392996
2024-07-30T02:00:00Z,1.608800,1.621200,1.597900,1.619900,1138827
2024-07-30T03:00:00Z,1.619900,1.635500,1.617000,1.625900,985845
2024-07-30T04:00:00Z,1.626000,1.626400,1.617000,1.625600,732052
2024-07-30T05:00:00Z,1.625800,1.631300,1.612800,1.620600,690618
2024-07-30T06:00:00Z,1.621000,1.638200,1.617300,1.632100,960127
2024-07-30T07:00:00Z,1.632300,1.643800,1.629800,1.633500,1119672
2024-07-30T08:00:00Z,1.633800,1.639900,1.622800,1.623000,876340
2024-07-30T09:00:00Z,1.623000,1.626600,1.610600,1.613500,833807
2024-07-30T10:00:00Z,1.613300,1.619300,1.603500,1.609300,1053281
2024-07-30T11:00:00Z,1.608800,1.622100,1.605800,1.611300,912848
2024-07-30T12:00:00Z,1.611300,1.631100,1.600300,1.625800,1760290
2024-07-30T13:00:00Z,1.626000,1.632400,1.610500,1.614700,1113717
2024-07-30T14:00:00Z,1.614700,1.629800,1.606800,1.618200,1410450
2024-07-30T15:00:00Z,1.618100,1.641500,1.608000,1.635300,1500937
2024-07-30T16:00:00Z,1.635100,1.636000,1.612800,1.612800,1260754
2024-07-30T17:00:00Z,1.612800,1.614000,1.591500,1.603800,1807890
2024-07-30T18:00:00Z,1.603700,1.612900,1.589700,1.602500,1360763
2024-07-30T19:00:00Z,1.602400,1.602800,1.575000,1.585200,1795189
2024-07-30T20:00:00Z,1.585300,1.597500,1.557500,1.591400,1913468
2024-07-30T21:00:00Z,1.591300,1.591300,1.570900,1.584900,946440
2024-07-30T22:00:00Z,1.585000,1.586600,1.569600,1.579000,886489
2024-07-30T23:00:00Z,1.579000,1.586100,1.573800,1.582600,633330
2024-07-31T00:00:00Z,1.582600,1.597600,1.566900,1.595500,1210371
2024-07-31T01:00:00Z,1.595400,1.601000,1.576500,1.591400,1175186
2024-07-31T02:00:00Z,1.591200,1.595000,1.580000,1.587000,644498
2024-07-31T03:00:00Z,1.587000,1.600900,1.584100,1.597400,674638
2024-07-31T04:00:00Z,1.597000,1.599100,1.579900,1.589600,909647
2024-07-31T05:00:00Z,1.590100,1.623000,1.574600,1.614600,1307942
2024-07-31T06:00:00Z,1.614600,1.641700,1.612700,1.640400,1579051
2024-07-31T07:00:00Z,1.640400,1.645100,1.631000,1.631000,1158308
2024-07-31T08:00:00Z,1.631400,1.633600,1.616900,1.619400,1147852
2024-07-31T09:00:00Z,1.619600,1.635400,1.611300,1.632000,856568
2024-07-31T10:00:00Z,1.632300,1.644300,1.615000,1.620800,1763311
2024-07-31T11:00:00Z,1.620700,1.639900,1.613000,1.634000,1747603
2024-07-31T12:00:00Z,1.634000,1.649800,1.628900,1.635400,1908748
2024-07-31T13:00:00Z,1.635100,1.673000,1.635000,1.668700,2613667
2024-07-31T14:00:00Z,1.669000,1.672300,1.647900,1.662200,2274335
2024-07-31T15:00:00Z,1.662500,1.671400,1.652400,1.662100,1180699
2024-07-31T16:00:00Z,1.662200,1.675900,1.650900,1.655700,2209732
2024-07-31T17:00:00Z,1.655200,1.687800,1.646800,1.672900,3236272
2024-07-31T18:00:00Z,1.673700,1.684900,1.650000,1.673800,2243842
2024-07-31T19:00:00Z,1.674000,1.679000,1.627200,1.642800,2165910
2024-07-31T20:00:00Z,1.642600,1.642600,1.598200,1.602000,3066850
2024-07-31T21:00:00Z,1.602200,1.624700,1.597400,1.623000,1460829
2024-07-31T22:00:00Z,1.623100,1.626500,1.604800,1.616600,918732
2024-07-31T23:00:00Z,1.616800,1.621800,1.606200,1.610400,698046
2024-08-01T00:00:00Z,1.610700,1.638400,1.608600,1.631200,1865989
2024-08-01T01:00:00Z,1.631000,1.636600,1.600000,1.614200,1921932
2024-08-01T02:00:00Z,1.614100,1.618600,1.567900,1.574700,4567916
2024-08-01T03:00:00Z,1.574600,1.591000,1.555500,1.588300,2787113
2024-08-01T04:00:00Z,1.588200,1.598800,1.549300,1.551200,2332933
2024-08-01T05:00:00Z,1.551200,1.587300,1.540400,1.586100,2148637
2024-08-01T06:00:00Z,1.586000,1.586000,1.560000,1.561100,1324878
2024-08-01T07:00:00Z,1.561200,1.576500,1.553600,1.558400,1099861
2024-08-01T08:00:00Z,1.557700,1.567200,1.553300,1.566600,899289
2024-08-01T09:00:00Z,1.566800,1.575600,1.556100,1.556400,1118654
2024-08-01T10:00:00Z,1.556400,1.574600,1.552000,1.573900,894150
2024-08-01T11:00:00Z,1.573800,1.586100,1.565300,1.578600,1697352
2024-08-01T12:00:00Z,1.578600,1.596300,1.575000,1.587100,1341479
2024-08-01T13:00:00Z,1.587100,1.592400,1.572900,1.586900,940367
2024-08-01T14:00:00Z,1.586800,1.595200,1.537300,1.540100,2839101
2024-08-01T15:00:00Z,1.539800,1.542300,1.511800,1.520000,4412677
2024-08-01T16:00:00Z,1.520500,1.522800,1.458500,1.472600,5749422
2024-08-01T17:00:00Z,1.472500,1.473400,1.453600,1.468500,3079621
2024-08-01T18:00:00Z,1.468500,1.469500,1.424800,1.443300,3895168
2024-08-01T19:00:00Z,1.443000,1.467300,1.442300,1.460600,1740978
2024-08-01T20:00:00Z,1.460500,1.494800,1.448500,1.494600,2219594
2024-08-01T21:00:00Z,1.494500,1.525300,1.492200,1.512400,2621053
2024-08-01T22:00:00Z,1.512500,1.547800,1.510800,1.546800,2377092
2024-08-01T23:00:00Z,1.546900,1.566400,1.545100,1.560200,1294247
2024-08-02T00:00:00Z,1.560100,1.597300,1.559800,1.568300,2564075
2024-08-02T01:00:00Z,1.568900,1.571600,1.545900,1.556800,1616600
2024-08-02T02:00:00Z,1.557100,1.567400,1.523500,1.536200,1675562
2024-08-02T03:00:00Z,1.536200,1.548100,1.527200,1.533000,1050288
2024-08-02T04:00:00Z,1.533000,1.547500,1.530700,1.540300,946295
2024-08-02T05:00:00Z,1.540300,1.541200,1.512000,1.512700,947820
2024-08-02T06:00:00Z,1.513100,1.514700,1.487400,1.504400,1810891
2024-08-02T07:00:00Z,1.504200,1.516600,1.489300,1.501900,1011176
2024-08-02T08:00:00Z,1.501500,1.510100,1.485400,1.509400,983935
2024-08-02T09:00:00Z,1.509300,1.514200,1.498800,1.503100,669372
2024-08-02T10:00:00Z,1.502700,1.523800,1.490900,1.520400,1881181
2024-08-02T11:00:00Z,1.520400,1.539200,1.519400,1.529500,1171437
2024-08-02T12:00:00Z,1.529400,1.540100,1.517300,1.535800,1829709
2024-08-02T13:00:00Z,1.535700,1.566600,1.518400,1.544300,2673154
2024-08-02T14:00:00Z,1.544600,1.551800,1.456900,1.461000,4571761
2024-08-02T15:00:00Z,1.461100,1.472000,1.421300,1.464400,6272719
2024-08-02T16:00:00Z,1.464300,1.473400,1.441000,1.454500,2178190
2024-08-02T17:00:00Z,1.454300,1.464900,1.435600,1.439300,1755643
2024-08-02T18:00:00Z,1.439200,1.448900,1.433400,1.439300,1252279
2024-08-02T19:00:00Z,1.439300,1.446600,1.419000,1.438600,1507893
2024-08-02T20:00:00Z,1.439000,1.448600,1.425000,1.439500,1720176
2024-08-02T21:00:00Z,1.439400,1.439400,1.404400,1.423400,2599535
2024-08-02T22:00:00Z,1.423100,1.447700,1.413300,1.445100,4062188
2024-08-02T23:00:00Z,1.445200,1.461600,1.437300,1.450000,1524997
2024-08-03T00:00:00Z,1.450000,1.452600,1.415600,1.425300,1618532
2024-08-03T01:00:00Z,1.425400,1.432000,1.392700,1.424600,3052277
2024-08-03T02:00:00Z,1.424900,1.430800,1.413100,1.414000,983855
2024-08-03T03:00:00Z,1.414100,1.427900,1.408600,1.426600,1197232
2024-08-03T04:00:00Z,1.426300,1.427600,1.415100,1.417800,590699
2024-08-03T05:00:00Z,1.417500,1.423000,1.412300,1.419600,590043
2024-08-03T06:00:00Z,1.420000,1.426800,1.416500,1.424400,738203
2024-08-03T07:00:00Z,1.424400,1.429900,1.409900,1.411300,906009
2024-08-03T08:00:00Z,1.411200,1.414200,1.394800,1.407600,1628442
2024-08-03T09:00:00Z,1.407700,1.408500,1.397700,1.401600,1209480
2024-08-03T10:00:00Z,1.401700,1.407300,1.391300,1.399200,1887695
2024-08-03T11:00:00Z,1.399100,1.406800,1.397800,1.402000,1102418
2024-08-03T12:00:00Z,1.401900,1.420700,1.397900,1.404900,2195167
2024-08-03T13:00:00Z,1.404900,1.411600,1.395000,1.402400,920485
2024-08-03T14:00:00Z,1.402000,1.412600,1.396800,1.398500,1028792
2024-08-03T15:00:00Z,1.398500,1.407100,1.346100,1.349000,5604543
2024-08-03T16:00:00Z,1.349100,1.352500,1.304900,1.326800,8232352
2024-08-03T17:00:00Z,1.326800,1.327900,1.286200,1.290600,3325251
2024-08-03T18:00:00Z,1.291000,1.300800,1.270100,1.289000,3132812
2024-08-03T19:00:00Z,1.289000,1.307900,1.285700,1.286400,2565390
2024-08-03T20:00:00Z,1.286300,1.307300,1.281100,1.291100,1866702
2024-08-03T21:00:00Z,1.290900,1.313600,1.286200,1.308000,1621222
2024-08-03T22:00:00Z,1.308100,1.312900,1.297800,1.299800,994438
2024-08-03T23:00:00Z,1.300000,1.309000,1.291200,1.296900,1398638
2024-08-04T00:00:00Z,1.296600,1.314600,1.293900,1.310500,836046
2024-08-04T01:00:00Z,1.311100,1.318500,1.300000,1.314900,1435107
2024-08-04T02:00:00Z,1.314800,1.334200,1.314000,1.330700,1364286
2024-08-04T03:00:00Z,1.331100,1.334300,1.322700,1.332700,1029561
2024-08-04T04:00:00Z,1.333400,1.343500,1.328700,1.329800,1080209
2024-08-04T05:00:00Z,1.330400,1.340400,1.324100,1.333200,1058176
2024-08-04T06:00:00Z,1.333100,1.339600,1.328000,1.336500,568530
2024-08-04T07:00:00Z,1.336900,1.338200,1.320100,1.324000,762024
2024-08-04T08:00:00Z,1.324100,1.338400,1.316200,1.335100,1145704
2024-08-04T09:00:00Z,1.335200,1.342400,1.331500,1.333300,679669
2024-08-04T10:00:00Z,1.333300,1.338200,1.326600,1.338000,547984
2024-08-04T11:00:00Z,1.337900,1.341600,1.331200,1.334800,592079
2024-08-04T12:00:00Z,1.335000,1.351100,1.334800,1.349900,588753
2024-08-04T13:00:00Z,1.349900,1.353000,1.338100,1.339400,561889
2024-08-04T14:00:00Z,1.339000,1.340800,1.293000,1.304200,3016919
2024-08-04T15:00:00Z,1.304300,1.305000,1.267500,1.273000,2836916
2024-08-04T16:00:00Z,1.273300,1.284400,1.254000,1.256900,3446840
2024-08-04T17:00:00Z,1.256500,1.257100,1.184300,1.219000,9719740
2024-08-04T18:00:00Z,1.219100,1.236600,1.195100,1.235100,3357823
2024-08-04T19:00:00Z,1.234900,1.273100,1.215600,1.265200,3201927
2024-08-04T20:00:00Z,1.265100,1.267900,1.238800,1.249400,2670194
2024-08-04T21:00:00Z,1.249500,1.251800,1.235600,1.241200,875460
2024-08-04T22:00:00Z,1.241300,1.260700,1.239000,1.241900,1239909
2024-08-04T23:00:00Z,1.241900,1.243000,1.209600,1.216500,1712860
2024-08-05T00:00:00Z,1.216400,1.232300,1.129400,1.161200,7551207
2024-08-05T01:00:00Z,1.160900,1.164700,0.993800,1.069000,25296260
2024-08-05T02:00:00Z,1.068900,1.075300,1.038600,1.062900,9202206
2024-08-05T03:00:00Z,1.062800,1.064000,1.030800,1.036300,6436814
2024-08-05T04:00:00Z,1.036200,1.055000,1.014100,1.042200,7124645
2024-08-05T05:00:00Z,1.042300,1.047400,1.001000,1.019100,8692586
2024-08-05T06:00:00Z,1.019600,1.025600,0.930100,0.976000,18338006
2024-08-05T07:00:00Z,0.975900,1.019700,0.969100,1.010800,9509757
2024-08-05T08:00:00Z,1.010900,1.012900,0.972900,0.986300,5698268
2024-08-05T09:00:00Z,0.986300,0.991800,0.957100,0.977000,4616772
2024-08-05T10:00:00Z,0.977000,0.977100,0.940900,0.947600,5521620
2024-08-05T11:00:00Z,0.947500,0.949000,0.911600,0.945400,8817638
2024-08-05T12:00:00Z,0.945300,0.954400,0.915800,0.923100,7925572
2024-08-05T13:00:00Z,0.923000,0.974100,0.893400,0.964800,13749974
2024-08-05T14:00:00Z,0.965200,1.005000,0.965100,0.985600,12140716
2024-08-05T15:00:00Z,0.985700,1.004200,0.975000,0.997200,7171575
2024-08-05T16:00:00Z,0.997000,1.042700,0.989400,1.001800,10991848
2024-08-05T17:00:00Z,1.002100,1.023800,0.991900,1.010200,5144830
2024-08-05T18:00:00Z,1.010300,1.012500,0.978400,0.980500,4111759
2024-08-05T19:00:00Z,0.980500,1.014700,0.980100,1.010200,5276780
2024-08-05T20:00:00Z,1.009800,1.028400,1.005700,1.018500,3741525
2024-08-05T21:00:00Z,1.018500,1.040000,1.009900,1.017800,2886799
2024-08-05T22:00:00Z,1.017900,1.043600,1.015300,1.041700,2992097
2024-08-05T23:00:00Z,1.041800,1.054600,1.029200,1.037600,3955379
2024-08-06T00:00:00Z,1.037800,1.123600,1.036900,1.119700,7480263
2024-08-06T01:00:00Z,1.119600,1.133600,1.100400,1.116400,5560595
2024-08-06T02:00:00Z,1.116200,1.123600,1.105900,1.110800,1779160
2024-08-06T03:00:00Z,1.110500,1.112500,1.089100,1.092900,2416028
2024-08-06T04:00:00Z,1.092800,1.118500,1.087900,1.116300,2279104
2024-08-06T05:00:00Z,1.116100,1.138800,1.107900,1.134800,2532847
2024-08-06T06:00:00Z,1.134400,1.157900,1.126900,1.153500,2632856
2024-08-06T07:00:00Z,1.153300,1.157300,1.131700,1.155500,2572719
2024-08-06T08:00:00Z,1.155500,1.158700,1.107800,1.118100,5598552
2024-08-06T09:00:00Z,1.118400,1.129100,1.108200,1.121600,2860600
2024-08-06T10:00:00Z,1.121900,1.126500,1.107400,1.110600,1910007
2024-08-06T11:00:00Z,1.110600,1.115200,1.100100,1.103000,1854250
2024-08-06T12:00:00Z,1.103100,1.119500,1.097300,1.107800,2318656
2024-08-06T13:00:00Z,1.107500,1.127800,1.096900,1.117700,3973049
2024-08-06T14:00:00Z,1.117500,1.173600,1.116600,1.161500,5559921
2024-08-06T15:00:00Z,1.161600,1.176600,1.132200,1.152100,3763380
2024-08-06T16:00:00Z,1.152100,1.153300,1.129300,1.140500,2439839
2024-08-06T17:00:00Z,1.140500,1.151100,1.131900,1.132700,1588696
2024-08-06T18:00:00Z,1.132700,1.145000,1.128000,1.128700,1545030
2024-08-06T19:00:00Z,1.128500,1.142600,1.125000,1.127200,2047051
2024-08-06T20:00:00Z,1.127100,1.139300,1.120700,1.126400,1922086
2024-08-06T21:00:00Z,1.126400,1.131700,1.117500,1.130800,792121
2024-08-06T22:00:00Z,1.130700,1.144000,1.117200,1.126800,1879128
2024-08-06T23:00:00Z,1.126900,1.130200,1.113900,1.120500,1173377
2024-08-07T00:00:00Z,1.120100,1.139400,1.112600,1.131500,2032929
2024-08-07T01:00:00Z,1.131200,1.162300,1.116000,1.158200,2328764
2024-08-07T02:00:00Z,1.158100,1.171000,1.132900,1.142700,2929852
2024-08-07T03:00:00Z,1.142200,1.149600,1.132500,1.138600,1127813
2024-08-07T04:00:00Z,1.138700,1.158500,1.137100,1.144200,1585143
2024-08-07T05:00:00Z,1.144300,1.153000,1.118700,1.124300,3870902
2024-08-07T06:00:00Z,1.124200,1.128700,1.110800,1.113600,2058303
2024-08-07T07:00:00Z,1.114100,1.122000,1.101600,1.111900,3180311
2024-08-07T08:00:00Z,1.111900,1.118400,1.101900,1.108700,2128514
2024-08-07T09:00:00Z,1.108700,1.121100,1.103600,1.107300,2871645
2024-08-07T10:00:00Z,1.107300,1.116300,1.095100,1.098100,3363641
2024-08-07T11:00:00Z,1.097900,1.099400,1.070800,1.074700,4329143
2024-08-07T12:00:00Z,1.074700,1.085600,1.063800,1.078100,3508493
2024-08-07T13:00:00Z,1.078100,1.085200,1.066600,1.073800,3003942
2024-08-07T14:00:00Z,1.073600,1.076900,1.034000,1.050600,11051759
2024-08-07T15:00:00Z,1.050500,1.059600,1.040200,1.051400,3790591
2024-08-07T16:00:00Z,1.051200,1.053500,1.030300,1.033900,3374167
2024-08-07T17:00:00Z,1.033900,1.035800,1.013600,1.028200,4903601
2024-08-07T18:00:00Z,1.028200,1.036500,1.014400,1.017700,3860258
2024-08-07T19:00:00Z,1.017600,1.026400,1.011100,1.018800,3462923
2024-08-07T20:00:00Z,1.018800,1.027200,0.995900,1.015700,4415846
2024-08-07T21:00:00Z,1.016000,1.019400,1.000600,1.011800,2765764
2024-08-07T22:00:00Z,1.011600,1.013300,0.991400,1.009000,3552461
2024-08-07T23:00:00Z,1.009000,1.014600,1.003200,1.008200,1667248
2024-08-08T00:00:00Z,1.008000,1.016800,0.993400,1.015700,4295216
2024-08-08T01:00:00Z,1.015800,1.053400,1.015100,1.050200,8067755
2024-08-08T02:00:00Z,1.050100,1.080000,1.049500,1.066300,4766161
2024-08-08T03:00:00Z,1.066400,1.071600,1.054100,1.054900,2058292
2024-08-08T04:00:00Z,1.055000,1.067500,1.050000,1.050400,1705018
2024-08-08T05:00:00Z,1.050300,1.064500,1.048800,1.060300,1703912
2024-08-08T06:00:00Z,1.060300,1.067700,1.053500,1.056900,1789121
2024-08-08T07:00:00Z,1.057000,1.060300,1.046400,1.048300,2125002
2024-08-08T08:00:00Z,1.048300,1.059900,1.046600,1.056900,1205879
2024-08-08T09:00:00Z,1.056900,1.068600,1.052300,1.061600,1219318
2024-08-08T10:00:00Z,1.061600,1.070500,1.056400,1.069100,1567110
2024-08-08T11:00:00Z,1.069000,1.071800,1.062400,1.064600,1210475
2024-08-08T12:00:00Z,1.064600,1.102600,1.053800,1.077100,4999102
2024-08-08T13:00:00Z,1.077200,1.088800,1.051500,1.068000,5059309
2024-08-08T14:00:00Z,1.068000,1.103300,1.064100,1.099500,2968103
2024-08-08T15:00:00Z,1.099500,1.113000,1.097900,1.111300,2381481
2024-08-08T16:00:00Z,1.111300,1.175600,1.108600,1.162700,8236745
2024-08-08T17:00:00Z,1.162900,1.176200,1.144100,1.144200,4276536
2024-08-08T18:00:00Z,1.144300,1.159200,1.139300,1.141200,3242553
2024-08-08T19:00:00Z,1.141100,1.147400,1.124300,1.128700,2361071
2024-08-08T20:00:00Z,1.128600,1.137600,1.128000,1.132000,1294202
2024-08-08T21:00:00Z,1.132000,1.172100,1.132000,1.169900,1614508
2024-08-08T22:00:00Z,1.170000,1.180000,1.150000,1.172300,4040004
2024-08-08T23:00:00Z,1.172500,1.177100,1.159400,1.165100,3238319
2024-08-09T00:00:00Z,1.165200,1.166400,1.140300,1.145500,3437100
2024-08-09T01:00:00Z,1.145500,1.152400,1.137000,1.147200,2523729
2024-08-09T02:00:00Z,1.147400,1.151600,1.135500,1.136400,1448966
2024-08-09T03:00:00Z,1.136500,1.145200,1.134600,1.139100,1394526
2024-08-09T04:00:00Z,1.139000,1.139300,1.118400,1.118800,1678201
2024-08-09T05:00:00Z,1.118900,1.124600,1.114100,1.117400,1611368
2024-08-09T06:00:00Z,1.117500,1.123800,1.109800,1.117400,1818988
2024-08-09T07:00:00Z,1.117300,1.127100,1.107600,1.110400,1902708
2024-08-09T08:00:00Z,1.110300,1.118600,1.106400,1.114600,1417408
2024-08-09T09:00:00Z,1.114700,1.118600,1.106500,1.109900,2212810
2024-08-09T10:00:00Z,1.109800,1.111900,1.096500,1.106900,2872791
2024-08-09T11:00:00Z,1.107100,1.110600,1.101600,1.106500,1429821
2024-08-09T12:00:00Z,1.106400,1.106600,1.092200,1.096600,2015268
2024-08-09T13:00:00Z,1.096500,1.101500,1.084000,1.099700,3106239
2024-08-09T14:00:00Z,1.099800,1.121600,1.077500,1.094300,4468372
2024-08-09T15:00:00Z,1.094300,1.099000,1.076100,1.077200,1791253
2024-08-09T16:00:00Z,1.077100,1.090000,1.072800,1.085300,1744428
2024-08-09T17:00:00Z,1.085400,1.095100,1.083000,1.089800,1452292
2024-08-09T18:00:00Z,1.089800,1.100000,1.087400,1.096100,2076745
2024-08-09T19:00:00Z,1.095900,1.099500,1.089400,1.097600,892477
2024-08-09T20:00:00Z,1.097500,1.105600,1.095300,1.096700,1011743
2024-08-09T21:00:00Z,1.096600,1.106000,1.086700,1.103000,1426114
2024-08-09T22:00:00Z,1.103100,1.109800,1.095100,1.099000,1841269
2024-08-09T23:00:00Z,1.099000,1.102700,1.090600,1.098600,1122275
2024-08-10T00:00:00Z,1.098700,1.120400,1.093400,1.095200,2091893
2024-08-10T01:00:00Z,1.095300,1.104700,1.091600,1.096500,1077461
2024-08-10T02:00:00Z,1.096700,1.105100,1.095100,1.100100,1028902
2024-08-10T03:00:00Z,1.100100,1.101500,1.093300,1.097300,766885
2024-08-10T04:00:00Z,1.097200,1.098800,1.089700,1.095500,747711
2024-08-10T05:00:00Z,1.095400,1.101500,1.093000,1.098600,1033361
2024-08-10T06:00:00Z,1.098700,1.110700,1.095000,1.106000,1080430
2024-08-10T07:00:00Z,1.106300,1.114500,1.103400,1.105100,1105485
2024-08-10T08:00:00Z,1.105000,1.105700,1.092400,1.094500,1052654
2024-08-10T09:00:00Z,1.094400,1.100000,1.088400,1.093300,1182244
2024-08-10T10:00:00Z,1.093600,1.101300,1.090000,1.098800,914895
2024-08-10T11:00:00Z,1.098800,1.101900,1.095800,1.101000,752327
2024-08-10T12:00:00Z,1.101100,1.101800,1.092600,1.092900,1085167
2024-08-10T13:00:00Z,1.092800,1.093200,1.080300,1.084300,1872579
2024-08-10T14:00:00Z,1.084300,1.094300,1.082400,1.093800,1035549
2024-08-10T15:00:00Z,1.093800,1.104000,1.088900,1.089800,1314474
2024-08-10T16:00:00Z,1.089800,1.100500,1.085300,1.096800,1719211
2024-08-10T17:00:00Z,1.096800,1.100100,1.090400,1.098300,1178848
2024-08-10T18:00:00Z,1.098400,1.104500,1.093200,1.093900,1020860
2024-08-10T19:00:00Z,1.094000,1.109800,1.091200,1.101000,2664608
2024-08-10T20:00:00Z,1.100500,1.120900,1.095300,1.096900,5160642
2024-08-10T21:00:00Z,1.096900,1.114800,1.096900,1.112600,991627
2024-08-10T22:00:00Z,1.112600,1.114000,1.103400,1.106200,1072804
2024-08-10T23:00:00Z,1.106200,1.107400,1.098600,1.099900,660578
2024-08-11T00:00:00Z,1.100100,1.108200,1.096400,1.102200,1584319
2024-08-11T01:00:00Z,1.102100,1.105100,1.093200,1.098100,1426465
2024-08-11T02:00:00Z,1.098200,1.098200,1.088600,1.089400,877115
2024-08-11T03:00:00Z,1.089500,1.110300,1.089300,1.099600,2003059
2024-08-11T04:00:00Z,1.099700,1.101300,1.089500,1.090800,992499
2024-08-11T05:00:00Z,1.090600,1.096300,1.074700,1.092300,2619506
2024-08-11T06:00:00Z,1.092400,1.099200,1.087200,1.098200,1063819
2024-08-11T07:00:00Z,1.098300,1.107100,1.094900,1.104500,1957404
2024-08-11T08:00:00Z,1.104500,1.118400,1.102200,1.109900,1515838
2024-08-11T09:00:00Z,1.110000,1.135200,1.099800,1.104000,3368237
2024-08-11T10:00:00Z,1.104100,1.112400,1.094300,1.094700,1965966
2024-08-11T11:00:00Z,1.094700,1.096600,1.077000,1.085000,1789301
2024-08-11T12:00:00Z,1.084900,1.089000,1.068300,1.077100,2149854
2024-08-11T13:00:00Z,1.077000,1.077000,1.058000,1.067000,2326935
2024-08-11T14:00:00Z,1.066900,1.071600,1.047000,1.053600,2236226
2024-08-11T15:00:00Z,1.053500,1.058200,1.044300,1.050100,1681228
2024-08-11T16:00:00Z,1.049900,1.060000,1.046900,1.056900,1199938
2024-08-11T17:00:00Z,1.056800,1.061800,1.051200,1.056000,917535
2024-08-11T18:00:00Z,1.055800,1.056700,1.046800,1.052000,959188
2024-08-11T19:00:00Z,1.052100,1.052100,1.028700,1.033000,2663671
2024-08-11T20:00:00Z,1.033100,1.034900,1.015500,1.021300,2665143
2024-08-11T21:00:00Z,1.021300,1.029300,1.013900,1.027400,1378035
2024-08-11T22:00:00Z,1.027200,1.032400,1.012100,1.026400,1960579
2024-08-11T23:00:00Z,1.026400,1.026400,1.016500,1.020100,996358
2024-08-12T00:00:00Z,1.020100,1.032000,1.013100,1.023700,2083986
2024-08-12T01:00:00Z,1.023800,1.033900,1.020000,1.031900,1554546
2024-08-12T02:00:00Z,1.031800,1.039100,1.026100,1.038000,713345
2024-08-12T03:00:00Z,1.038000,1.042000,1.031000,1.037400,873036
2024-08-12T04:00:00Z,1.037200,1.041400,1.032600,1.033100,714367
2024-08-12T05:00:00Z,1.033000,1.038800,1.028500,1.034000,743816
2024-08-12T06:00:00Z,1.034100,1.036700,1.028800,1.034400,723815
2024-08-12T07:00:00Z,1.034400,1.067600,1.028500,1.063200,2931573
2024-08-12T08:00:00Z,1.063200,1.084100,1.060400,1.063400,3482663
2024-08-12T09:00:00Z,1.063400,1.083900,1.063300,1.083000,1535102
2024-08-12T10:00:00Z,1.082900,1.109600,1.074200,1.108900,3208205
2024-08-12T11:00:00Z,1.108800,1.128000,1.100100,1.101900,4180023
2024-08-12T12:00:00Z,1.102100,1.111400,1.087600,1.096200,3298404
2024-08-12T13:00:00Z,1.096300,1.106000,1.075400,1.083200,4596741
2024-08-12T14:00:00Z,1.083200,1.107700,1.066200,1.102400,6652556
2024-08-12T15:00:00Z,1.102700,1.106000,1.075000,1.088400,3268658
2024-08-12T16:00:00Z,1.088700,1.093200,1.077100,1.079500,2431373
2024-08-12T17:00:00Z,1.079500,1.093400,1.076900,1.081000,1158633
2024-08-12T18:00:00Z,1.081300,1.084200,1.062600,1.063700,1821285
2024-08-12T19:00:00Z,1.064000,1.072800,1.058100,1.062500,1224265
2024-08-12T20:00:00Z,1.062600,1.074500,1.059200,1.060800,1292740
2024-08-12T21:00:00Z,1.060700,1.067700,1.051400,1.064600,1184634
2024-08-12T22:00:00Z,1.064600,1.069500,1.060800,1.068100,799280
2024-08-12T23:00:00Z,1.068100,1.094900,1.067900,1.087900,2122513
2024-08-13T00:00:00Z,1.087900,1.091800,1.073600,1.080000,1727868
2024-08-13T01:00:00Z,1.080000,1.090000,1.076700,1.087100,777603
2024-08-13T02:00:00Z,1.087000,1.088600,1.069700,1.075300,1548044
2024-08-13T03:00:00Z,1.075300,1.076400,1.049100,1.050200,2511054
2024-08-13T04:00:00Z,1.050100,1.058500,1.042000,1.055100,1540465
2024-08-13T05:00:00Z,1.055000,1.058400,1.049900,1.054300,952880
2024-08-13T06:00:00Z,1.054400,1.060700,1.049400,1.057900,1027017
2024-08-13T07:00:00Z,1.057900,1.058400,1.049100,1.050200,792785
2024-08-13T08:00:00Z,1.050300,1.054200,1.043100,1.047200,1120160
2024-08-13T09:00:00Z,1.047000,1.047900,1.038300,1.044600,1618907
2024-08-13T10:00:00Z,1.044500,1.047400,1.035600,1.044000,1424773
2024-08-13T11:00:00Z,1.043900,1.046700,1.037700,1.044000,1138811
2024-08-13T12:00:00Z,1.044300,1.058000,1.043200,1.051900,2093420
2024-08-13T13:00:00Z,1.052500,1.065400,1.044900,1.062800,1815961
2024-08-13T14:00:00Z,1.062700,1.067800,1.040700,1.057100,1843880
2024-08-13T15:00:00Z,1.057100,1.058600,1.043800,1.046400,970262
2024-08-13T16:00:00Z,1.046300,1.078500,1.044800,1.077500,2139440
2024-08-13T17:00:00Z,1.077600,1.082400,1.068600,1.079200,2788316
2024-08-13T18:00:00Z,1.079300,1.080900,1.071600,1.075900,1413568
2024-08-13T19:00:00Z,1.075700,1.078500,1.060800,1.075200,1494243
2024-08-13T20:00:00Z,1.074900,1.076500,1.062200,1.062500,869148
2024-08-13T21:00:00Z,1.062600,1.077700,1.058800,1.076400,1173307
2024-08-13T22:00:00Z,1.076800,1.080200,1.068900,1.075100,955526
2024-08-13T23:00:00Z,1.075200,1.077000,1.068600,1.073300,877048
2024-08-14T00:00:00Z,1.073300,1.075400,1.064500,1.075000,1220420
2024-08-14T01:00:00Z,1.075000,1.077800,1.061900,1.064900,1043611
2024-08-14T02:00:00Z,1.065100,1.081100,1.063700,1.080300,1133943
2024-08-14T03:00:00Z,1.080300,1.083600,1.070900,1.071200,1427998
2024-08-14T04:00:00Z,1.071400,1.072900,1.065700,1.066200,960917
2024-08-14T05:00:00Z,1.066300,1.073900,1.062000,1.063900,1000846
2024-08-14T06:00:00Z,1.063800,1.081500,1.059400,1.066500,1697212
2024-08-14T07:00:00Z,1.066400,1.070800,1.062400,1.069500,1275342
2024-08-14T08:00:00Z,1.069600,1.076300,1.064600,1.069300,1090781
2024-08-14T09:00:00Z,1.069400,1.079300,1.067400,1.075700,1103633
2024-08-14T10:00:00Z,1.075700,1.099200,1.075000,1.090100,2132098
2024-08-14T11:00:00Z,1.090100,1.092700,1.080900,1.089600,1316526
2024-08-14T12:00:00Z,1.089500,1.104900,1.076000,1.082100,4127033
2024-08-14T13:00:00Z,1.082000,1.086300,1.057800,1.062100,3325473
2024-08-14T14:00:00Z,1.062200,1.065300,1.040000,1.061700,3314549
2024-08-14T15:00:00Z,1.061500,1.089500,1.054700,1.079200,3124328
2024-08-14T16:00:00Z,1.079100,1.079700,1.066800,1.075000,2266286
2024-08-14T17:00:00Z,1.074800,1.075600,1.063500,1.063600,938572
2024-08-14T18:00:00Z,1.063500,1.070100,1.054600,1.059000,1267996
2024-08-14T19:00:00Z,1.059000,1.061000,1.051500,1.056000,935671
2024-08-14T20:00:00Z,1.055600,1.062300,1.053300,1.058300,720057
2024-08-14T21:00:00Z,1.058500,1.067200,1.057300,1.058300,663049
2024-08-14T22:00:00Z,1.058200,1.067200,1.047500,1.065000,1238399
2024-08-14T23:00:00Z,1.065100,1.072400,1.063500,1.067700,721242
2024-08-15T00:00:00Z,1.067700,1.085200,1.066700,1.078900,1285036
2024-08-15T01:00:00Z,1.078800,1.081400,1.061000,1.065000,1015096
2024-08-15T02:00:00Z,1.065000,1.078900,1.061500,1.067300,1355604
2024-08-15T03:00:00Z,1.067400,1.078300,1.067300,1.072300,641622
2024-08-15T04:00:00Z,1.072400,1.072400,1.062300,1.065500,618583
2024-08-15T05:00:00Z,1.065400,1.067100,1.048900,1.050600,1223545
2024-08-15T06:00:00Z,1.050600,1.055500,1.039400,1.045400,2418939
2024-08-15T07:00:00Z,1.045300,1.062700,1.041600,1.060400,2219876
2024-08-15T08:00:00Z,1.060600,1.071900,1.054000,1.066000,1645781
2024-08-15T09:00:00Z,1.066000,1.067800,1.056700,1.058800,894523
2024-08-15T10:00:00Z,1.058800,1.060400,1.049600,1.051600,760770
2024-08-15T11:00:00Z,1.051400,1.060500,1.050900,1.056900,753434
2024-08-15T12:00:00Z,1.056900,1.073400,1.050000,1.051800,2137082
2024-08-15T13:00:00Z,1.052000,1.070700,1.044700,1.064900,1779165
2024-08-15T14:00:00Z,1.064600,1.072500,1.048700,1.057200,2825461
2024-08-15T15:00:00Z,1.057100,1.062800,1.049300,1.056000,1464748
2024-08-15T16:00:00Z,1.056000,1.061200,1.036800,1.041100,2322501
2024-08-15T17:00:00Z,1.041000,1.041200,1.006600,1.008400,4044123
2024-08-15T18:00:00Z,1.008500,1.008500,0.973600,0.979400,8573421
2024-08-15T19:00:00Z,0.979000,0.989100,0.970100,0.985800,3003402
2024-08-15T20:00:00Z,0.985700,0.989500,0.977600,0.988300,2110463
2024-08-15T21:00:00Z,0.988600,0.993100,0.981700,0.985800,1752384
2024-08-15T22:00:00Z,0.985700,0.995600,0.977500,0.987300,1406527
2024-08-15T23:00:00Z,0.987300,1.002000,0.986800,0.998700,1232158
2024-08-16T00:00:00Z,0.998600,1.013000,0.994000,1.010100,1729267
2024-08-16T01:00:00Z,1.010100,1.015700,1.002800,1.009900,1448249
2024-08-16T02:00:00Z,1.010000,1.028600,1.002300,1.013300,1862612
2024-08-16T03:00:00Z,1.013200,1.018800,1.010000,1.018700,940561
2024-08-16T04:00:00Z,1.018700,1.018700,1.010800,1.016400,1225190
2024-08-16T05:00:00Z,1.016400,1.019000,1.011300,1.011400,841230
2024-08-16T06:00:00Z,1.011300,1.020000,1.008300,1.016900,960878
2024-08-16T07:00:00Z,1.017200,1.017700,1.010000,1.011900,920981
2024-08-16T08:00:00Z,1.012000,1.015300,1.008500,1.009200,1121104
2024-08-16T09:00:00Z,1.009100,1.010300,1.002400,1.005300,1413167
2024-08-16T10:00:00Z,1.005400,1.005600,0.988500,0.995800,2342066
2024-08-16T11:00:00Z,0.995900,1.003900,0.994800,0.999100,1126801
2024-08-16T12:00:00Z,0.999100,1.000500,0.973500,0.985500,3796049
2024-08-16T13:00:00Z,0.985500,1.004000,0.973400,0.985900,3410835
2024-08-16T14:00:00Z,0.985800,0.989500,0.959200,0.967000,3203233
2024-08-16T15:00:00Z,0.967100,0.986300,0.964000,0.985300,4075918
2024-08-16T16:00:00Z,0.985300,1.000400,0.980900,0.989000,2469564
2024-08-16T17:00:00Z,0.989000,1.001000,0.975700,0.995200,2104728
2024-08-16T18:00:00Z,0.995100,1.014200,0.991000,1.010000,2487010
2024-08-16T19:00:00Z,1.009800,1.017500,1.007100,1.010800,1508648
2024-08-16T20:00:00Z,1.010800,1.027200,1.009200,1.016300,1362824
2024-08-16T21:00:00Z,1.016600,1.017800,1.008400,1.010900,1052792
2024-08-16T22:00:00Z,1.010900,1.012400,1.004100,1.004700,628057
2024-08-16T23:00:00Z,1.004700,1.008700,1.000500,1.004800,822586
2024-08-17T00:00:00Z,1.004900,1.007200,0.999600,1.006600,1008961
2024-08-17T01:00:00Z,1.006600,1.010100,1.004400,1.005600,584352
2024-08-17T02:00:00Z,1.005600,1.008600,1.003500,1.005900,457475
2024-08-17T03:00:00Z,1.006100,1.006800,0.996500,1.003100,624933
2024-08-17T04:00:00Z,1.003200,1.011300,1.000800,1.011200,597937
2024-08-17T05:00:00Z,1.011100,1.013000,1.006300,1.011300,697784
2024-08-17T06:00:00Z,1.011400,1.012800,1.005000,1.006100,508821
2024-08-17T07:00:00Z,1.006000,1.010500,1.002500,1.010400,669806
2024-08-17T08:00:00Z,1.010300,1.013800,1.006500,1.009600,768225
2024-08-17T09:00:00Z,1.009700,1.016200,1.008200,1.012300,699038
2024-08-17T10:00:00Z,1.012400,1.013800,1.004600,1.005100,709414
2024-08-17T11:00:00Z,1.004900,1.011200,1.004400,1.010900,632718
2024-08-17T12:00:00Z,1.011000,1.024400,1.008600,1.021500,1060700
2024-08-17T13:00:00Z,1.021600,1.027800,1.017700,1.018800,1129340
2024-08-17T14:00:00Z,1.018900,1.026600,1.016100,1.025100,1002574
2024-08-17T15:00:00Z,1.025100,1.040600,1.023900,1.028400,1503621
2024-08-17T16:00:00Z,1.028500,1.059000,1.027400,1.055700,2480605
2024-08-17T17:00:00Z,1.055600,1.063500,1.052500,1.060300,2563875
2024-08-17T18:00:00Z,1.060300,1.060300,1.041300,1.046200,1209833
2024-08-17T19:00:00Z,1.046300,1.047600,1.040600,1.044800,560171
2024-08-17T20:00:00Z,1.045100,1.048900,1.042400,1.047600,611912
2024-08-17T21:00:00Z,1.047500,1.051300,1.045300,1.051000,551278
2024-08-17T22:00:00Z,1.050800,1.057400,1.050100,1.056000,965099
2024-08-17T23:00:00Z,1.056000,1.072700,1.056000,1.069700,1164109
2024-08-18T00:00:00Z,1.069900,1.070600,1.057800,1.060500,1316523
2024-08-18T01:00:00Z,1.060400,1.068800,1.059200,1.062300,973536
2024-08-18T02:00:00Z,1.062300,1.079200,1.056100,1.077900,1356774
2024-08-18T03:00:00Z,1.078200,1.082500,1.056100,1.056400,1510384
2024-08-18T04:00:00Z,1.056300,1.062300,1.052500,1.056200,959878
2024-08-18T05:00:00Z,1.056200,1.064800,1.055200,1.060000,710146
2024-08-18T06:00:00Z,1.059900,1.076100,1.059800,1.073100,949680
2024-08-18T07:00:00Z,1.073100,1.081700,1.069800,1.075800,1365542
2024-08-18T08:00:00Z,1.075700,1.082900,1.069700,1.082300,1226411
2024-08-18T09:00:00Z,1.082300,1.102800,1.080700,1.095400,2932320
2024-08-18T10:00:00Z,1.095400,1.115000,1.094300,1.103500,3277542
2024-08-18T11:00:00Z,1.103500,1.103600,1.090400,1.097900,2552891
2024-08-18T12:00:00Z,1.097800,1.098400,1.081300,1.082900,1616560
2024-08-18T13:00:00Z,1.082800,1.094200,1.081400,1.082800,1123917
2024-08-18T14:00:00Z,1.082900,1.091700,1.080000,1.081000,1283587
2024-08-18T15:00:00Z,1.081000,1.089600,1.077500,1.084700,726296
2024-08-18T16:00:00Z,1.084700,1.093300,1.080200,1.086500,1230658
2024-08-18T17:00:00Z,1.086300,1.086700,1.066800,1.074700,2063229
2024-08-18T18:00:00Z,1.074700,1.076200,1.066500,1.068700,913860
2024-08-18T19:00:00Z,1.068700,1.072400,1.067100,1.068700,494932
2024-08-18T20:00:00Z,1.068800,1.072800,1.067200,1.068200,618856
2024-08-18T21:00:00Z,1.068200,1.068200,1.058500,1.061800,606395
2024-08-18T22:00:00Z,1.061700,1.065300,1.059100,1.061100,912754
2024-08-18T23:00:00Z,1.060800,1.063600,1.054800,1.056200,1439108
2024-08-19T00:00:00Z,1.056200,1.060700,1.042900,1.044400,2399623
2024-08-19T01:00:00Z,1.044400,1.056800,1.043600,1.050000,1255981
2024-08-19T02:00:00Z,1.050200,1.061000,1.045000,1.059500,1110106
2024-08-19T03:00:00Z,1.059500,1.060000,1.045700,1.049100,1464361
2024-08-19T04:00:00Z,1.049200,1.055100,1.048600,1.054300,993547
2024-08-19T05:00:00Z,1.054300,1.055200,1.047400,1.053900,813176
2024-08-19T06:00:00Z,1.054000,1.064000,1.052500,1.055600,1243930
2024-08-19T07:00:00Z,1.055700,1.060800,1.045600,1.046900,950692
2024-08-19T08:00:00Z,1.046800,1.072200,1.045500,1.055700,2389057
2024-08-19T09:00:00Z,1.055700,1.067400,1.042600,1.044700,2058028
2024-08-19T10:00:00Z,1.044800,1.055100,1.037600,1.048900,1708437
2024-08-19T11:00:00Z,1.048800,1.060500,1.046800,1.055900,1461010
2024-08-19T12:00:00Z,1.056100,1.062100,1.050400,1.052500,1321056
2024-08-19T13:00:00Z,1.052600,1.067400,1.046100,1.050700,1689012
2024-08-19T14:00:00Z,1.050700,1.056300,1.040700,1.043800,1969158
2024-08-19T15:00:00Z,1.043800,1.047300,1.035800,1.040700,1510770
2024-08-19T16:00:00Z,1.040600,1.042200,1.022200,1.031900,2535428
2024-08-19T17:00:00Z,1.032100,1.067000,1.031400,1.050300,3139807
2024-08-19T18:00:00Z,1.050400,1.052600,1.034700,1.047000,1376470
2024-08-19T19:00:00Z,1.047100,1.050800,1.040600,1.046200,1058897
2024-08-19T20:00:00Z,1.046400,1.058800,1.042400,1.047900,2605567
2024-08-19T21:00:00Z,1.048000,1.050200,1.042300,1.042400,893591
2024-08-19T22:00:00Z,1.042300,1.052000,1.039500,1.046700,3867070
2024-08-19T23:00:00Z,1.046700,1.052600,1.040500,1.052000,655726
2024-08-20T00:00:00Z,1.051900,1.077100,1.042500,1.071400,2827795
2024-08-20T01:00:00Z,1.071300,1.084300,1.070700,1.072100,1986168
2024-08-20T02:00:00Z,1.072300,1.075300,1.065400,1.069900,1089857
2024-08-20T03:00:00Z,1.070000,1.080400,1.070000,1.079100,1332998
2024-08-20T04:00:00Z,1.079000,1.083900,1.071300,1.075100,1164659
2024-08-20T05:00:00Z,1.075200,1.090000,1.072900,1.084300,1441151
2024-08-20T06:00:00Z,1.084100,1.087000,1.073300,1.075200,851702
2024-08-20T07:00:00Z,1.075200,1.079900,1.068100,1.077800,1244244
2024-08-20T08:00:00Z,1.077900,1.078300,1.068600,1.071700,1009878
2024-08-20T09:00:00Z,1.071700,1.083900,1.070300,1.082100,1618653
2024-08-20T10:00:00Z,1.082000,1.088000,1.078100,1.079400,1136289
2024-08-20T11:00:00Z,1.079600,1.083000,1.072600,1.074900,767763
2024-08-20T12:00:00Z,1.075000,1.080300,1.070500,1.072000,771404
2024-08-20T13:00:00Z,1.071900,1.076900,1.056800,1.074300,1841645
2024-08-20T14:00:00Z,1.074300,1.074700,1.042800,1.045400,2587321
2024-08-20T15:00:00Z,1.045400,1.046000,1.029500,1.039400,3493905
2024-08-20T16:00:00Z,1.039300,1.049200,1.031800,1.047100,2028288
2024-08-20T17:00:00Z,1.047000,1.056600,1.043400,1.054100,1292928
2024-08-20T18:00:00Z,1.054100,1.064800,1.050500,1.061400,1203389
2024-08-20T19:00:00Z,1.061300,1.071000,1.060600,1.065500,1005356
2024-08-20T20:00:00Z,1.065600,1.089200,1.065600,1.081900,2288880
2024-08-20T21:00:00Z,1.082000,1.084600,1.068800,1.072900,1809864
2024-08-20T22:00:00Z,1.072900,1.092300,1.072700,1.087100,1754327
2024-08-20T23:00:00Z,1.086900,1.098300,1.082800,1.092300,2692152
2024-08-21T00:00:00Z,1.092100,1.095300,1.078000,1.079900,2623758
2024-08-21T01:00:00Z,1.079800,1.086200,1.071800,1.083900,1340982
2024-08-21T02:00:00Z,1.083900,1.089800,1.080700,1.081100,794776
2024-08-21T03:00:00Z,1.081100,1.085500,1.073600,1.077300,786188
2024-08-21T04:00:00Z,1.077200,1.079600,1.071100,1.073900,756706
2024-08-21T05:00:00Z,1.073900,1.086300,1.072700,1.085500,927293
2024-08-21T06:00:00Z,1.085500,1.096000,1.083900,1.087800,1655743
2024-08-21T07:00:00Z,1.087900,1.100400,1.086700,1.099900,1610570
2024-08-21T08:00:00Z,1.100000,1.103300,1.085000,1.086100,1984686
2024-08-21T09:00:00Z,1.086000,1.087900,1.073000,1.078400,1870016
2024-08-21T10:00:00Z,1.078500,1.080500,1.071300,1.076600,1293951
2024-08-21T11:00:00Z,1.076800,1.078400,1.068900,1.069000,928876
2024-08-21T12:00:00Z,1.069000,1.071100,1.051700,1.052700,3026171
2024-08-21T13:00:00Z,1.052600,1.067400,1.037400,1.064400,3444653
2024-08-21T14:00:00Z,1.064600,1.079500,1.050900,1.057700,5390417
2024-08-21T15:00:00Z,1.057600,1.065000,1.052100,1.059100,1297632
2024-08-21T16:00:00Z,1.059200,1.073000,1.054400,1.072500,1338533
2024-08-21T17:00:00Z,1.072300,1.091900,1.067000,1.086000,2156658
2024-08-21T18:00:00Z,1.085900,1.111200,1.085900,1.105000,7857492
2024-08-21T19:00:00Z,1.105000,1.118600,1.101000,1.115000,1911609
2024-08-21T20:00:00Z,1.114800,1.121700,1.107600,1.112500,1957569
2024-08-21T21:00:00Z,1.112600,1.118700,1.106600,1.113100,1043821
2024-08-21T22:00:00Z,1.113000,1.117500,1.107000,1.110700,1288804
2024-08-21T23:00:00Z,1.110900,1.114800,1.105300,1.109200,767784
2024-08-22T00:00:00Z,1.109200,1.116100,1.108700,1.109000,1017190
2024-08-22T01:00:00Z,1.109000,1.113100,1.104600,1.111600,1064735
2024-08-22T02:00:00Z,1.111500,1.112100,1.093100,1.100700,1311878
2024-08-22T03:00:00Z,1.100500,1.112600,1.095800,1.111500,885115
2024-08-22T04:00:00Z,1.111500,1.114400,1.099200,1.106500,1950629
2024-08-22T05:00:00Z,1.106200,1.108700,1.102800,1.106000,485811
2024-08-22T06:00:00Z,1.106000,1.117800,1.103500,1.115700,1028240
2024-08-22T07:00:00Z,1.115700,1.130400,1.115300,1.124800,1381145
2024-08-22T08:00:00Z,1.124700,1.146600,1.124400,1.130700,3200949
2024-08-22T09:00:00Z,1.130700,1.132800,1.123400,1.128500,1375817
2024-08-22T10:00:00Z,1.128800,1.143100,1.126600,1.140500,1443071
2024-08-22T11:00:00Z,1.140600,1.140800,1.129100,1.136600,1281844
2024-08-22T12:00:00Z,1.136400,1.137100,1.118100,1.118100,1705999
2024-08-22T13:00:00Z,1.118000,1.124500,1.113600,1.121800,1376248
2024-08-22T14:00:00Z,1.121900,1.122200,1.111200,1.118900,1276233
2024-08-22T15:00:00Z,1.118800,1.126800,1.106400,1.115300,1524103
2024-08-22T16:00:00Z,1.115300,1.121800,1.109600,1.113600,1005274
2024-08-22T17:00:00Z,1.113700,1.120800,1.111600,1.112600,673544
2024-08-22T18:00:00Z,1.112600,1.122500,1.110400,1.115000,715602
2024-08-22T19:00:00Z,1.114800,1.119300,1.112100,1.113500,387156
2024-08-22T20:00:00Z,1.113500,1.122000,1.113500,1.121300,653199
2024-08-22T21:00:00Z,1.121300,1.124000,1.116200,1.121700,563308
2024-08-22T22:00:00Z,1.121900,1.124500,1.117000,1.119500,542956
2024-08-22T23:00:00Z,1.119500,1.122300,1.115200,1.121300,454483
2024-08-23T00:00:00Z,1.121200,1.140100,1.120100,1.131500,1496524
2024-08-23T01:00:00Z,1.131600,1.134900,1.124200,1.124600,574958
2024-08-23T02:00:00Z,1.124600,1.133600,1.122500,1.128300,699917
2024-08-23T03:00:00Z,1.128300,1.136700,1.127700,1.134200,454256
2024-08-23T04:00:00Z,1.134200,1.140600,1.130700,1.138800,815723
2024-08-23T05:00:00Z,1.138800,1.211300,1.137100,1.188400,6478224
2024-08-23T06:00:00Z,1.188300,1.203000,1.179000,1.192900,4148056
2024-08-23T07:00:00Z,1.192900,1.195900,1.182400,1.186100,1526643
2024-08-23T08:00:00Z,1.186300,1.187300,1.177300,1.180300,1770967
2024-08-23T09:00:00Z,1.180400,1.192300,1.177700,1.178700,1513795
2024-08-23T10:00:00Z,1.178600,1.180500,1.167600,1.170800,1559555
2024-08-23T11:00:00Z,1.170800,1.172400,1.158500,1.162900,1756840
2024-08-23T12:00:00Z,1.162900,1.176500,1.162500,1.174800,1544104
2024-08-23T13:00:00Z,1.174600,1.177600,1.165700,1.173700,1393470
2024-08-23T14:00:00Z,1.173800,1.188500,1.163400,1.180300,5087211
2024-08-23T15:00:00Z,1.180300,1.198000,1.179000,1.190900,2636761
2024-08-23T16:00:00Z,1.190800,1.252300,1.187200,1.250100,6190506
2024-08-23T17:00:00Z,1.250200,1.301300,1.243500,1.292900,8580108
2024-08-23T18:00:00Z,1.292800,1.298600,1.266100,1.273700,5816673
2024-08-23T19:00:00Z,1.273800,1.290400,1.273300,1.288400,2166434
2024-08-23T20:00:00Z,1.288300,1.312600,1.288000,1.300800,2765439
2024-08-23T21:00:00Z,1.300800,1.312500,1.288300,1.309000,1719362
2024-08-23T22:00:00Z,1.309000,1.310300,1.284300,1.288900,2193729
2024-08-23T23:00:00Z,1.288700,1.302200,1.288500,1.295100,1324762
2024-08-24T00:00:00Z,1.295000,1.298300,1.263300,1.282600,4052536
2024-08-24T01:00:00Z,1.282500,1.302300,1.277800,1.299600,2505394
2024-08-24T02:00:00Z,1.299500,1.306000,1.294300,1.302700,1444699
2024-08-24T03:00:00Z,1.302700,1.304400,1.291900,1.294400,1120185
2024-08-24T04:00:00Z,1.294400,1.306700,1.292700,1.305000,1461937
2024-08-24T05:00:00Z,1.304900,1.311900,1.299800,1.310500,1187265
2024-08-24T06:00:00Z,1.310500,1.313000,1.298600,1.299600,1145379
2024-08-24T07:00:00Z,1.299700,1.305300,1.297300,1.298500,733126
2024-08-24T08:00:00Z,1.298400,1.306700,1.294600,1.305500,1062760
2024-08-24T09:00:00Z,1.305300,1.322500,1.303100,1.315700,1449723
2024-08-24T10:00:00Z,1.315500,1.330400,1.306500,1.321300,1607998
2024-08-24T11:00:00Z,1.321400,1.324900,1.302500,1.304600,1706833
2024-08-24T12:00:00Z,1.304200,1.308700,1.297700,1.302200,1209997
2024-08-24T13:00:00Z,1.302300,1.313600,1.300200,1.309700,781356
2024-08-24T14:00:00Z,1.309500,1.318600,1.302900,1.317000,797736
2024-08-24T15:00:00Z,1.316900,1.319900,1.305200,1.309500,1316249
2024-08-24T16:00:00Z,1.309300,1.354300,1.305400,1.343000,3938216
2024-08-24T17:00:00Z,1.343100,1.353100,1.331700,1.344400,1961135
2024-08-24T18:00:00Z,1.344300,1.345400,1.320600,1.339000,1546682
2024-08-24T19:00:00Z,1.338700,1.342700,1.326200,1.326800,862330
2024-08-24T20:00:00Z,1.327100,1.337300,1.318800,1.323700,1627294
2024-08-24T21:00:00Z,1.323700,1.325200,1.273500,1.278500,5154059
2024-08-24T22:00:00Z,1.278200,1.294800,1.272800,1.285400,2631486
2024-08-24T23:00:00Z,1.285500,1.296500,1.285200,1.292400,868889
2024-08-25T00:00:00Z,1.292400,1.293800,1.261400,1.264600,2359662
2024-08-25T01:00:00Z,1.264500,1.274500,1.241700,1.250000,3254492
2024-08-25T02:00:00Z,1.250100,1.266900,1.250100,1.262100,1104405
2024-08-25T03:00:00Z,1.262200,1.265200,1.250200,1.261000,1621488
2024-08-25T04:00:00Z,1.261200,1.262000,1.243500,1.256800,1963212
2024-08-25T05:00:00Z,1.256900,1.259500,1.243100,1.244100,909467
2024-08-25T06:00:00Z,1.243900,1.246400,1.232000,1.237400,1625579
2024-08-25T07:00:00Z,1.237700,1.239200,1.206700,1.215100,2432918
2024-08-25T08:00:00Z,1.215100,1.232700,1.207000,1.229200,1321079
2024-08-25T09:00:00Z,1.229200,1.234000,1.224000,1.229200,1312097
2024-08-25T10:00:00Z,1.229400,1.231800,1.222800,1.226700,1354055
2024-08-25T11:00:00Z,1.226700,1.239900,1.226200,1.234000,1406247
2024-08-25T12:00:00Z,1.234100,1.241400,1.229000,1.235900,1230364
2024-08-25T13:00:00Z,1.236000,1.245900,1.232400,1.237200,1383332
2024-08-25T14:00:00Z,1.236800,1.246800,1.231500,1.241200,963398
2024-08-25T15:00:00Z,1.241100,1.261200,1.238000,1.246800,1380956
2024-08-25T16:00:00Z,1.246900,1.259600,1.239500,1.243200,1386615
2024-08-25T17:00:00Z,1.242800,1.253800,1.241000,1.246800,1405106
2024-08-25T18:00:00Z,1.246900,1.248500,1.235300,1.237800,645507
2024-08-25T19:00:00Z,1.237800,1.241500,1.235900,1.237700,523830
2024-08-25T20:00:00Z,1.237800,1.251500,1.237800,1.245600,677714
2024-08-25T21:00:00Z,1.245800,1.263300,1.244300,1.256600,870433
2024-08-25T22:00:00Z,1.256600,1.265000,1.248900,1.253300,671883
2024-08-25T23:00:00Z,1.253200,1.261800,1.231900,1.237800,1266521
2024-08-26T00:00:00Z,1.237900,1.250100,1.233400,1.242600,1203027
2024-08-26T01:00:00Z,1.242700,1.244700,1.225700,1.232400,1121873
2024-08-26T02:00:00Z,1.232200,1.241900,1.218300,1.241800,1275858
2024-08-26T03:00:00Z,1.241700,1.252200,1.236800,1.246200,1242960
2024-08-26T04:00:00Z,1.246200,1.252100,1.242300,1.245000,766139
2024-08-26T05:00:00Z,1.245200,1.247200,1.232700,1.233400,839442
2024-08-26T06:00:00Z,1.233300,1.236700,1.222100,1.227100,1453442
2024-08-26T07:00:00Z,1.227400,1.235600,1.220600,1.224000,1019252
2024-08-26T08:00:00Z,1.224200,1.232500,1.222200,1.228400,1138167
2024-08-26T09:00:00Z,1.228500,1.238400,1.212700,1.237800,1303694
2024-08-26T10:00:00Z,1.237700,1.245500,1.233000,1.235100,1313269
2024-08-26T11:00:00Z,1.235100,1.240600,1.228100,1.229400,734297
2024-08-26T12:00:00Z,1.229400,1.232700,1.205400,1.214000,2052161
2024-08-26T13:00:00Z,1.213900,1.228000,1.207800,1.221400,1301407
2024-08-26T14:00:00Z,1.221300,1.227600,1.210200,1.227000,1614981
2024-08-26T15:00:00Z,1.226900,1.226900,1.204600,1.213500,1473974
2024-08-26T16:00:00Z,1.213400,1.230100,1.207600,1.229700,1294877
2024-08-26T17:00:00Z,1.229100,1.242700,1.190800,1.198200,4396216
2024-08-26T18:00:00Z,1.198300,1.218600,1.184100,1.204800,2890722
2024-08-26T19:00:00Z,1.204700,1.207600,1.185900,1.191600,1122540
2024-08-26T20:00:00Z,1.191800,1.203500,1.182400,1.196500,1097886
2024-08-26T21:00:00Z,1.196200,1.196200,1.175800,1.175800,2211006
2024-08-26T22:00:00Z,1.175800,1.189900,1.175800,1.187500,1118453
2024-08-26T23:00:00Z,1.187500,1.190900,1.175800,1.176600,464788
2024-08-27T00:00:00Z,1.176700,1.192500,1.176600,1.183100,946122
2024-08-27T01:00:00Z,1.182900,1.197200,1.180500,1.189400,972382
2024-08-27T02:00:00Z,1.189400,1.198600,1.181500,1.185300,636954
2024-08-27T03:00:00Z,1.185600,1.189000,1.180000,1.188300,550180
2024-08-27T04:00:00Z,1.188300,1.195000,1.183400,1.192000,393371
2024-08-27T05:00:00Z,1.191900,1.207000,1.190600,1.205500,795968
2024-08-27T06:00:00Z,1.205400,1.205500,1.186300,1.187500,1297736
2024-08-27T07:00:00Z,1.187600,1.202000,1.187100,1.199700,1060694
2024-08-27T08:00:00Z,1.199800,1.202100,1.180400,1.193800,1275030
2024-08-27T09:00:00Z,1.193900,1.197800,1.180700,1.183800,975287
2024-08-27T10:00:00Z,1.183800,1.183800,1.156000,1.161800,3109458
2024-08-27T11:00:00Z,1.162000,1.173400,1.154900,1.171100,1062819
2024-08-27T12:00:00Z,1.170700,1.173300,1.160300,1.170100,1446632
2024-08-27T13:00:00Z,1.170100,1.174200,1.156500,1.157300,1495838
2024-08-27T14:00:00Z,1.157200,1.161000,1.135200,1.144900,4008355
2024-08-27T15:00:00Z,1.145000,1.155700,1.133500,1.138900,2026434
2024-08-27T16:00:00Z,1.138700,1.162000,1.134600,1.141600,2247833
2024-08-27T17:00:00Z,1.141400,1.154400,1.137800,1.154300,1155827
2024-08-27T18:00:00Z,1.153800,1.167300,1.152400,1.165400,906617
2024-08-27T19:00:00Z,1.165400,1.169500,1.155100,1.158000,578338
2024-08-27T20:00:00Z,1.157800,1.158200,1.144400,1.145800,559333
2024-08-27T21:00:00Z,1.145700,1.146700,1.080100,1.097700,5111809
2024-08-27T22:00:00Z,1.097700,1.100000,1.056500,1.082900,5278829
2024-08-27T23:00:00Z,1.082900,1.087100,1.069000,1.071300,1871178
2024-08-28T00:00:00Z,1.071300,1.072400,1.050500,1.057800,2448217
2024-08-28T01:00:00Z,1.057900,1.060600,1.040700,1.057000,1678519
2024-08-28T02:00:00Z,1.056600,1.059900,1.045900,1.057800,1095033
2024-08-28T03:00:00Z,1.057900,1.075200,1.055700,1.072700,1313110
2024-08-28T04:00:00Z,1.072600,1.072900,1.058500,1.060000,1061898
2024-08-28T05:00:00Z,1.060100,1.066900,1.056600,1.058000,955985
2024-08-28T06:00:00Z,1.057900,1.058700,1.050200,1.051000,1445502
2024-08-28T07:00:00Z,1.051200,1.054800,1.038600,1.039700,1259965
2024-08-28T08:00:00Z,1.039700,1.061000,1.031600,1.057900,2453957
2024-08-28T09:00:00Z,1.057700,1.111300,1.054100,1.109500,3081844
2024-08-28T10:00:00Z,1.109300,1.110700,1.079900,1.082900,2564643
2024-08-28T11:00:00Z,1.082900,1.087500,1.078500,1.080100,1192259
2024-08-28T12:00:00Z,1.080100,1.085500,1.071000,1.071300,1374491
2024-08-28T13:00:00Z,1.071500,1.074900,1.050100,1.053100,2213777
2024-08-28T14:00:00Z,1.053400,1.074900,1.049700,1.058300,2217542
2024-08-28T15:00:00Z,1.058000,1.061900,1.033000,1.041200,3038624
2024-08-28T16:00:00Z,1.041200,1.045900,1.011900,1.045300,4324309
2024-08-28T17:00:00Z,1.045500,1.051900,1.032400,1.034000,1549651
2024-08-28T18:00:00Z,1.033700,1.055800,1.028200,1.053300,1479754
2024-08-28T19:00:00Z,1.053500,1.061100,1.037500,1.039900,1633665
2024-08-28T20:00:00Z,1.040200,1.064100,1.038000,1.055400,2721837
2024-08-28T21:00:00Z,1.055500,1.064000,1.050000,1.050400,1519083
2024-08-28T22:00:00Z,1.050100,1.051800,1.036200,1.043300,1106857
2024-08-28T23:00:00Z,1.043200,1.049500,1.038800,1.042200,790724
2024-08-29T00:00:00Z,1.042300,1.056200,1.041100,1.052000,1017976
2024-08-29T01:00:00Z,1.051600,1.057900,1.041900,1.050600,714164
2024-08-29T02:00:00Z,1.050700,1.055500,1.044400,1.055100,516869
2024-08-29T03:00:00Z,1.054700,1.055900,1.046700,1.049800,565289
2024-08-29T04:00:00Z,1.050000,1.051400,1.043800,1.047900,660509
2024-08-29T05:00:00Z,1.047800,1.091400,1.046400,1.076800,4639538
2024-08-29T06:00:00Z,1.077100,1.084600,1.067400,1.069100,2221321
2024-08-29T07:00:00Z,1.069200,1.074600,1.063200,1.063800,1173843
2024-08-29T08:00:00Z,1.063800,1.065000,1.057200,1.062000,1052322
2024-08-29T09:00:00Z,1.061900,1.067700,1.058700,1.061200,864426
2024-08-29T10:00:00Z,1.061400,1.071900,1.061100,1.069200,1503230
2024-08-29T11:00:00Z,1.069100,1.093500,1.064700,1.081800,2048840
2024-08-29T12:00:00Z,1.081600,1.088800,1.076300,1.084300,1291324
2024-08-29T13:00:00Z,1.084200,1.097000,1.079600,1.086200,1564332
2024-08-29T14:00:00Z,1.086500,1.094900,1.082600,1.088200,1577487
2024-08-29T15:00:00Z,1.088200,1.107000,1.087500,1.095200,1334573
2024-08-29T16:00:00Z,1.095400,1.095400,1.076300,1.077400,2162646
2024-08-29T17:00:00Z,1.077400,1.085500,1.071500,1.079800,1284945
2024-08-29T18:00:00Z,1.079700,1.079700,1.033200,1.036700,4813024
2024-08-29T19:00:00Z,1.036700,1.060100,1.028000,1.050700,4073824
2024-08-29T20:00:00Z,1.050700,1.057800,1.044700,1.057800,1248469
2024-08-29T21:00:00Z,1.057900,1.062800,1.049000,1.049900,1078545
2024-08-29T22:00:00Z,1.049900,1.055100,1.039300,1.052000,1448950
2024-08-29T23:00:00Z,1.052100,1.058300,1.048200,1.056100,1073913
2024-08-30T00:00:00Z,1.056000,1.062000,1.049900,1.052900,1727444
2024-08-30T01:00:00Z,1.052700,1.054000,1.043800,1.050300,754688
2024-08-30T02:00:00Z,1.050300,1.052800,1.044000,1.049300,415585
2024-08-30T03:00:00Z,1.049200,1.049200,1.040800,1.044100,701625
2024-08-30T04:00:00Z,1.044100,1.054200,1.043700,1.050100,486082
2024-08-30T05:00:00Z,1.049900,1.051000,1.041000,1.046500,577327
2024-08-30T06:00:00Z,1.046400,1.059000,1.043700,1.057600,705101
2024-08-30T07:00:00Z,1.057600,1.062800,1.050900,1.054200,1147081
2024-08-30T08:00:00Z,1.054200,1.063200,1.054200,1.057800,747435
2024-08-30T09:00:00Z,1.057700,1.063400,1.055200,1.060100,704996
2024-08-30T10:00:00Z,1.060000,1.068100,1.054600,1.062900,1244311
2024-08-30T11:00:00Z,1.062700,1.064700,1.054900,1.055700,838325
2024-08-30T12:00:00Z,1.055600,1.074000,1.054200,1.063400,1282966
2024-08-30T13:00:00Z,1.063200,1.067800,1.045500,1.060900,1332328
2024-08-30T14:00:00Z,1.061000,1.068100,1.032900,1.033400,2199717
2024-08-30T15:00:00Z,1.033200,1.041500,1.008800,1.013800,4644554
2024-08-30T16:00:00Z,1.013900,1.038400,1.008900,1.037200,2082552
2024-08-30T17:00:00Z,1.037100,1.045100,1.031700,1.039700,981342
2024-08-30T18:00:00Z,1.039900,1.073400,1.037300,1.070500,2504983
2024-08-30T19:00:00Z,1.070200,1.070900,1.055100,1.058700,1174296
2024-08-30T20:00:00Z,1.058800,1.063900,1.057400,1.063000,517634
2024-08-30T21:00:00Z,1.063000,1.067900,1.056100,1.066300,1162079
2024-08-30T22:00:00Z,1.066400,1.075300,1.066300,1.071800,866101
2024-08-30T23:00:00Z,1.071700,1.073100,1.066800,1.068500,595959
2024-08-31T00:00:00Z,1.068400,1.074300,1.063600,1.065700,972149
2024-08-31T01:00:00Z,1.065600,1.074500,1.063200,1.066900,730010
2024-08-31T02:00:00Z,1.067000,1.068300,1.063600,1.066700,431668
2024-08-31T03:00:00Z,1.066900,1.073300,1.066300,1.068000,360876
2024-08-31T04:00:00Z,1.068000,1.074200,1.066600,1.071800,547126
2024-08-31T05:00:00Z,1.071600,1.073000,1.066300,1.066500,314676
2024-08-31T06:00:00Z,1.066700,1.071000,1.064700,1.068000,510625
2024-08-31T07:00:00Z,1.068000,1.069100,1.062300,1.065400,664065
2024-08-31T08:00:00Z,1.065400,1.067400,1.057500,1.057900,620717
2024-08-31T09:00:00Z,1.057800,1.065300,1.056600,1.061600,592484
2024-08-31T10:00:00Z,1.061700,1.071400,1.061600,1.069500,572746
2024-08-31T11:00:00Z,1.069700,1.072500,1.067400,1.069200,384371
2024-08-31T12:00:00Z,1.069100,1.069100,1.062800,1.063000,474886
2024-08-31T13:00:00Z,1.063100,1.065900,1.053500,1.054900,676881
2024-08-31T14:00:00Z,1.055000,1.062900,1.054200,1.059400,788296
2024-08-31T15:00:00Z,1.059600,1.062300,1.053200,1.058600,538188
2024-08-31T16:00:00Z,1.058700,1.058800,1.045500,1.048800,574391
2024-08-31T17:00:00Z,1.048600,1.049700,1.039500,1.046300,756272
2024-08-31T18:00:00Z,1.046400,1.053100,1.044400,1.046600,797812
2024-08-31T19:00:00Z,1.046300,1.051900,1.045500,1.050200,642391
2024-08-31T20:00:00Z,1.050200,1.053700,1.046400,1.050600,310918
2024-08-31T21:00:00Z,1.050500,1.062000,1.050000,1.059700,753460
2024-08-31T22:00:00Z,1.059600,1.064300,1.057200,1.057800,797334
2024-08-31T23:00:00Z,1.057700,1.059900,1.055200,1.058000,251150
2024-09-01T00:00:00Z,1.058000,1.062500,1.055800,1.059400,575159
2024-09-01T01:00:00Z,1.059200,1.061400,1.051800,1.052200,590429
2024-09-01T02:00:00Z,1.052100,1.052100,1.041900,1.050500,924690
2024-09-01T03:00:00Z,1.050300,1.059600,1.049000,1.054600,653072
2024-09-01T04:00:00Z,1.055000,1.059600,1.050000,1.057300,560704
2024-09-01T05:00:00Z,1.057200,1.058600,1.039000,1.042600,1179281
2024-09-01T06:00:00Z,1.042600,1.059000,1.040700,1.054800,836426
2024-09-01T07:00:00Z,1.054600,1.072400,1.052400,1.064000,2507537
2024-09-01T08:00:00Z,1.064100,1.065500,1.054500,1.058700,1195952
2024-09-01T09:00:00Z,1.058700,1.062500,1.054000,1.060400,541333
2024-09-01T10:00:00Z,1.060200,1.060700,1.045300,1.046800,923068
2024-09-01T11:00:00Z,1.046900,1.058400,1.045100,1.058100,763774
2024-09-01T12:00:00Z,1.058000,1.060900,1.043400,1.044200,809183
2024-09-01T13:00:00Z,1.044200,1.048000,1.027100,1.042800,1580299
2024-09-01T14:00:00Z,1.042900,1.044300,1.020300,1.036500,2421997
2024-09-01T15:00:00Z,1.036300,1.052100,1.030300,1.049100,1304637
2024-09-01T16:00:00Z,1.048800,1.057800,1.039500,1.044100,1231709
2024-09-01T17:00:00Z,1.044500,1.049100,1.027300,1.032900,1089564
2024-09-01T18:00:00Z,1.032700,1.063000,1.032100,1.055100,1784067
2024-09-01T19:00:00Z,1.055300,1.066300,1.047300,1.053900,1023692
2024-09-01T20:00:00Z,1.054000,1.062400,1.050200,1.051600,635885
2024-09-01T21:00:00Z,1.052100,1.052200,1.032600,1.040600,933293
2024-09-01T22:00:00Z,1.040600,1.041800,0.989400,0.994400,3454726
2024-09-01T23:00:00Z,0.994300,1.008700,0.992900,1.002100,1849864
2024-09-02T00:00:00Z,1.002000,1.014800,0.995100,1.008400,1432094
2024-09-02T01:00:00Z,1.008500,1.022900,1.006100,1.014400,899017
2024-09-02T02:00:00Z,1.014500,1.026200,1.012400,1.017100,791340
2024-09-02T03:00:00Z,1.017000,1.027800,1.016600,1.027200,669787
2024-09-02T04:00:00Z,1.027000,1.030900,1.012500,1.012700,1004981
2024-09-02T05:00:00Z,1.012600,1.032200,1.012600,1.026700,938445
2024-09-02T06:00:00Z,1.026800,1.032000,1.020700,1.021600,705643
2024-09-02T07:00:00Z,1.021600,1.024100,1.008900,1.014100,1338988
2024-09-02T08:00:00Z,1.014000,1.038500,1.013800,1.030100,1607747
2024-09-02T09:00:00Z,1.030500,1.059200,1.024300,1.057400,1757938
2024-09-02T10:00:00Z,1.057000,1.073700,1.055700,1.070700,2312461
2024-09-02T11:00:00Z,1.070400,1.071100,1.057900,1.058800,1234169
2024-09-02T12:00:00Z,1.058800,1.068500,1.057200,1.063200,1015200
2024-09-02T13:00:00Z,1.063000,1.064700,1.051800,1.053700,1315642
2024-09-02T14:00:00Z,1.053600,1.072000,1.042100,1.068000,2456882
2024-09-02T15:00:00Z,1.068000,1.079200,1.064900,1.066700,2653775
2024-09-02T16:00:00Z,1.066600,1.071000,1.056700,1.057700,1138118
2024-09-02T17:00:00Z,1.057700,1.074700,1.057300,1.073500,1578076
2024-09-02T18:00:00Z,1.073400,1.078800,1.058600,1.066500,1301197
2024-09-02T19:00:00Z,1.066400,1.068600,1.061800,1.063000,611138
2024-09-02T20:00:00Z,1.063100,1.086400,1.061000,1.078900,1295633
2024-09-02T21:00:00Z,1.079000,1.085300,1.060700,1.066500,2478345
2024-09-02T22:00:00Z,1.066700,1.075900,1.066700,1.072300,1351323
2024-09-02T23:00:00Z,1.072400,1.074700,1.067000,1.068700,652339
2024-09-03T00:00:00Z,1.068800,1.071900,1.064300,1.069200,762680
2024-09-03T01:00:00Z,1.069200,1.073600,1.063200,1.069900,571864
2024-09-03T02:00:00Z,1.069900,1.081000,1.066400,1.066400,981733
2024-09-03T03:00:00Z,1.066400,1.067700,1.059200,1.062100,754241
2024-09-03T04:00:00Z,1.061900,1.064000,1.055300,1.059500,639903
2024-09-03T05:00:00Z,1.059500,1.062600,1.056200,1.061700,484182
2024-09-03T06:00:00Z,1.061700,1.061700,1.051700,1.052500,641058
2024-09-03T07:00:00Z,1.052600,1.063400,1.052600,1.062900,604087
2024-09-03T08:00:00Z,1.062900,1.064400,1.050000,1.051900,1416949
2024-09-03T09:00:00Z,1.051700,1.057500,1.050900,1.051000,545108
2024-09-03T10:00:00Z,1.051100,1.058900,1.049300,1.051500,544128
2024-09-03T11:00:00Z,1.051400,1.055100,1.049600,1.052000,441886
2024-09-03T12:00:00Z,1.051900,1.053900,1.047000,1.047400,1013128
2024-09-03T13:00:00Z,1.047400,1.049400,1.015400,1.019500,4048613
2024-09-03T14:00:00Z,1.019300,1.023200,1.008100,1.011500,3131266
2024-09-03T15:00:00Z,1.011500,1.021400,1.007000,1.009300,2009899
2024-09-03T16:00:00Z,1.009300,1.012100,0.998300,1.001500,2105680
2024-09-03T17:00:00Z,1.001200,1.014200,1.000400,1.001400,1239579
2024-09-03T18:00:00Z,1.001500,1.006900,0.996800,1.003000,1434753
2024-09-03T19:00:00Z,1.003300,1.010600,1.001300,1.003900,968368
2024-09-03T20:00:00Z,1.003900,1.008800,1.001600,1.008000,1045232
2024-09-03T21:00:00Z,1.008000,1.014200,1.005300,1.007100,787517
2024-09-03T22:00:00Z,1.007100,1.009700,1.000000,1.001500,813633
2024-09-03T23:00:00Z,1.001300,1.001600,0.985000,0.987700,2074438
2024-09-04T00:00:00Z,0.987600,1.000500,0.974100,0.976900,1877566
2024-09-04T01:00:00Z,0.977000,0.977500,0.925000,0.964400,11867344
2024-09-04T02:00:00Z,0.964400,0.969000,0.957600,0.962500,2005002
2024-09-04T03:00:00Z,0.962500,0.974200,0.961000,0.967500,1342947
2024-09-04T04:00:00Z,0.967400,0.978100,0.962700,0.975200,2156047
2024-09-04T05:00:00Z,0.975200,0.976000,0.966900,0.968300,862657
2024-09-04T06:00:00Z,0.968400,0.976500,0.967700,0.969700,714473
2024-09-04T07:00:00Z,0.969800,0.990400,0.968600,0.989600,1575254
2024-09-04T08:00:00Z,0.989900,0.999200,0.988300,0.995100,1980145
2024-09-04T09:00:00Z,0.995000,0.998900,0.988600,0.989900,932181
2024-09-04T10:00:00Z,0.990000,0.991700,0.982500,0.983000,1226136
2024-09-04T11:00:00Z,0.983000,0.989300,0.980900,0.986400,940667
2024-09-04T12:00:00Z,0.986300,0.998600,0.984500,0.990400,1022640
2024-09-04T13:00:00Z,0.990700,0.996300,0.984600,0.993700,904768
2024-09-04T14:00:00Z,0.993800,1.025400,0.988000,1.020700,2858633
2024-09-04T15:00:00Z,1.020700,1.033000,1.009100,1.031700,2305182
2024-09-04T16:00:00Z,1.031500,1.053200,1.027600,1.047100,3231842
2024-09-04T17:00:00Z,1.047100,1.047500,1.027000,1.027300,1345830
2024-09-04T18:00:00Z,1.027500,1.032400,1.018400,1.022100,1060122
2024-09-04T19:00:00Z,1.022000,1.029600,1.020800,1.027900,485535
2024-09-04T20:00:00Z,1.028100,1.031500,1.023200,1.027100,645310
2024-09-04T21:00:00Z,1.026900,1.027800,1.018500,1.024500,648125
2024-09-04T22:00:00Z,1.024600,1.029500,1.014400,1.016100,1167977
2024-09-04T23:00:00Z,1.015900,1.019200,1.011900,1.015000,1185697
2024-09-05T00:00:00Z,1.015200,1.021300,1.012000,1.012700,1081730
2024-09-05T01:00:00Z,1.012900,1.020800,1.011300,1.017700,671090
2024-09-05T02:00:00Z,1.017600,1.018800,1.007500,1.009900,894292
2024-09-05T03:00:00Z,1.009900,1.010400,0.990100,0.992400,2464295
2024-09-05T04:00:00Z,0.992500,0.999400,0.988500,0.997200,885006
2024-09-05T05:00:00Z,0.997100,0.997800,0.990600,0.996000,593666
2024-09-05T06:00:00Z,0.996000,0.997200,0.977700,0.987800,2542228
2024-09-05T07:00:00Z,0.987700,1.001400,0.986700,1.000900,1035367
2024-09-05T08:00:00Z,1.000600,1.005400,0.991500,0.995600,1092459
2024-09-05T09:00:00Z,0.995700,0.996800,0.986100,0.987900,881346
2024-09-05T10:00:00Z,0.987700,0.990900,0.981700,0.989700,1240287
2024-09-05T11:00:00Z,0.989600,0.993200,0.986200,0.987200,698125
2024-09-05T12:00:00Z,0.987100,0.992900,0.981300,0.987700,1197117
2024-09-05T13:00:00Z,0.987900,0.999600,0.984500,0.997200,1585608
2024-09-05T14:00:00Z,0.997400,1.003100,0.980300,0.984200,2040536
2024-09-05T15:00:00Z,0.984300,0.990500,0.975300,0.977800,2405801
2024-09-05T16:00:00Z,0.977800,0.980400,0.971600,0.975500,1188915
2024-09-05T17:00:00Z,0.975600,0.983200,0.972200,0.982000,1088337
2024-09-05T18:00:00Z,0.982100,0.983300,0.971700,0.979800,1923146
2024-09-05T19:00:00Z,0.979700,0.981400,0.957100,0.961500,3353063
2024-09-05T20:00:00Z,0.961400,0.968700,0.960200,0.963300,782537
2024-09-05T21:00:00Z,0.963300,0.968300,0.957600,0.967800,699155
2024-09-05T22:00:00Z,0.967800,0.968700,0.959500,0.966500,800644
2024-09-05T23:00:00Z,0.966500,0.967100,0.961600,0.964400,590575
2024-09-06T00:00:00Z,0.964600,0.975300,0.961500,0.973400,1311193
2024-09-06T01:00:00Z,0.973300,0.987100,0.968100,0.982100,1146423
2024-09-06T02:00:00Z,0.982100,0.991100,0.980500,0.986500,954554
2024-09-06T03:00:00Z,0.986800,0.988800,0.981300,0.982900,1064238
2024-09-06T04:00:00Z,0.982900,0.985800,0.976300,0.976300,496862
2024-09-06T05:00:00Z,0.976300,0.979100,0.969000,0.974700,916529
2024-09-06T06:00:00Z,0.974900,0.976300,0.970800,0.974800,485586
2024-09-06T07:00:00Z,0.974900,0.976400,0.952000,0.970100,2861038
2024-09-06T08:00:00Z,0.970000,0.974400,0.951200,0.956700,3024496
2024-09-06T09:00:00Z,0.956700,0.965500,0.951100,0.963800,1754494
2024-09-06T10:00:00Z,0.963800,0.972200,0.961500,0.965900,1137608
2024-09-06T11:00:00Z,0.965700,0.967800,0.960200,0.963100,990301
2024-09-06T12:00:00Z,0.963200,0.985900,0.959200,0.983000,3079521
2024-09-06T13:00:00Z,0.983100,0.987100,0.959600,0.961100,2743526
2024-09-06T14:00:00Z,0.961100,0.961300,0.941300,0.953300,4303358
2024-09-06T15:00:00Z,0.953300,0.959700,0.934300,0.951700,3405691
2024-09-06T16:00:00Z,0.951600,0.951800,0.932900,0.939200,2400802
2024-09-06T17:00:00Z,0.939300,0.946600,0.917000,0.926000,3675538
2024-09-06T18:00:00Z,0.926000,0.926200,0.901500,0.901900,3622439
2024-09-06T19:00:00Z,0.901800,0.914400,0.899000,0.902100,3456292
2024-09-06T20:00:00Z,0.902100,0.909800,0.883400,0.886700,4695180
2024-09-06T21:00:00Z,0.886400,0.911300,0.876400,0.911000,3475837
2024-09-06T22:00:00Z,0.910900,0.916500,0.907200,0.907800,1350362
2024-09-06T23:00:00Z,0.907700,0.912500,0.906500,0.911600,753250
2024-09-07T00:00:00Z,0.911600,0.924200,0.910300,0.917800,1488346
2024-09-07T01:00:00Z,0.917900,0.919900,0.912100,0.914600,986728
2024-09-07T02:00:00Z,0.914600,0.918500,0.913500,0.915200,758979
2024-09-07T03:00:00Z,0.915200,0.920100,0.914100,0.914300,658634
2024-09-07T04:00:00Z,0.914100,0.916400,0.911200,0.914700,840360
2024-09-07T05:00:00Z,0.914800,0.925200,0.911700,0.913600,1134801
2024-09-07T06:00:00Z,0.913800,0.919000,0.909800,0.917700,1068990
2024-09-07T07:00:00Z,0.917500,0.925300,0.914800,0.924400,1337448
2024-09-07T08:00:00Z,0.924200,0.926600,0.918100,0.921500,1206112
2024-09-07T09:00:00Z,0.921300,0.922900,0.913100,0.913500,1153212
2024-09-07T10:00:00Z,0.913500,0.930900,0.912400,0.921800,3579200
2024-09-07T11:00:00Z,0.921900,0.930500,0.920700,0.923200,1952668
2024-09-07T12:00:00Z,0.923100,0.934500,0.922500,0.933400,1316220
2024-09-07T13:00:00Z,0.933500,0.937600,0.926300,0.928300,2237389
2024-09-07T14:00:00Z,0.928400,0.931400,0.922200,0.926600,940317
2024-09-07T15:00:00Z,0.926700,0.938000,0.924200,0.926100,1977461
2024-09-07T16:00:00Z,0.926200,0.931400,0.913400,0.914200,1583680
2024-09-07T17:00:00Z,0.914300,0.917000,0.905200,0.909900,1569559
2024-09-07T18:00:00Z,0.909700,0.922000,0.907600,0.918900,1504542
2024-09-07T19:00:00Z,0.918800,0.928500,0.918300,0.926300,862723
2024-09-07T20:00:00Z,0.926700,0.928000,0.916800,0.918000,1186989
2024-09-07T21:00:00Z,0.918100,0.919400,0.907400,0.909200,1541069
2024-09-07T22:00:00Z,0.909200,0.911600,0.905000,0.905300,861646
2024-09-07T23:00:00Z,0.905100,0.914300,0.902800,0.912500,757514
2024-09-08T00:00:00Z,0.912500,0.915400,0.907600,0.913500,925659
2024-09-08T01:00:00Z,0.913400,0.921200,0.912900,0.916600,824121
2024-09-08T02:00:00Z,0.916700,0.925400,0.916600,0.924600,644816
2024-09-08T03:00:00Z,0.924600,0.938300,0.923800,0.937500,1117195
2024-09-08T04:00:00Z,0.937400,0.959200,0.935300,0.956300,2944951
2024-09-08T05:00:00Z,0.956400,0.958200,0.940000,0.941100,1554882
2024-09-08T06:00:00Z,0.941000,0.946300,0.928400,0.931300,1803262
2024-09-08T07:00:00Z,0.931300,0.945400,0.928800,0.943300,2413141
2024-09-08T08:00:00Z,0.943400,0.946600,0.940200,0.945100,563613
2024-09-08T09:00:00Z,0.945000,0.950900,0.942100,0.942500,867682
2024-09-08T10:00:00Z,0.942600,0.948100,0.942400,0.946000,593535
2024-09-08T11:00:00Z,0.946200,0.948100,0.940200,0.940900,815013
2024-09-08T12:00:00Z,0.941000,0.944600,0.914200,0.915300,3913859
2024-09-08T13:00:00Z,0.915300,0.922400,0.911500,0.922000,1745490
2024-09-08T14:00:00Z,0.922000,0.922300,0.914800,0.916000,1155705
2024-09-08T15:00:00Z,0.916000,0.920300,0.909400,0.911000,1403287
2024-09-08T16:00:00Z,0.910800,0.916100,0.905500,0.910900,1313828
2024-09-08T17:00:00Z,0.910700,0.920900,0.909100,0.919800,1380294
2024-09-08T18:00:00Z,0.919800,0.921000,0.914100,0.915600,758366
2024-09-08T19:00:00Z,0.915600,0.917500,0.911300,0.914100,434936
2024-09-08T20:00:00Z,0.914100,0.917400,0.912900,0.917200,450570
2024-09-08T21:00:00Z,0.917200,0.931000,0.916800,0.927900,1035280
2024-09-08T22:00:00Z,0.927800,0.969700,0.927800,0.941400,4427062
2024-09-08T23:00:00Z,0.941500,0.955100,0.938500,0.943500,1573693
2024-09-09T00:00:00Z,0.943600,0.955800,0.943100,0.953300,1652014
2024-09-09T01:00:00Z,0.953300,0.961300,0.948700,0.955400,1559425
2024-09-09T02:00:00Z,0.955500,0.957000,0.943600,0.950100,1051101
2024-09-09T03:00:00Z,0.950100,0.953700,0.940600,0.949800,1046994
2024-09-09T04:00:00Z,0.949900,0.952500,0.943700,0.946900,955824
2024-09-09T05:00:00Z,0.947000,0.951300,0.942500,0.944900,836808
2024-09-09T06:00:00Z,0.944900,0.953800,0.943300,0.952200,815552
2024-09-09T07:00:00Z,0.952200,0.968000,0.950900,0.965400,1608665
2024-09-09T08:00:00Z,0.965300,0.979100,0.964700,0.976300,2410561
2024-09-09T09:00:00Z,0.976200,0.981700,0.962900,0.964600,2485052
2024-09-09T10:00:00Z,0.964500,0.972700,0.961500,0.965200,1735908
2024-09-09T11:00:00Z,0.965200,0.972300,0.962000,0.969400,943789
2024-09-09T12:00:00Z,0.969300,0.972400,0.960700,0.970900,1492600
2024-09-09T13:00:00Z,0.970900,0.976200,0.967500,0.974200,1351285
2024-09-09T14:00:00Z,0.974200,0.977800,0.949800,0.960700,3369922
2024-09-09T15:00:00Z,0.960400,0.976400,0.959400,0.972400,1777809
2024-09-09T16:00:00Z,0.972400,0.997000,0.971300,0.993100,3826208
2024-09-09T17:00:00Z,0.993400,0.998400,0.984800,0.992600,2109262
2024-09-09T18:00:00Z,0.992700,1.007000,0.991500,1.001900,1891679
2024-09-09T19:00:00Z,1.001600,1.009400,0.997700,1.008000,1319214
2024-09-09T20:00:00Z,1.007900,1.010800,1.000300,1.001100,1127082
2024-09-09T21:00:00Z,1.001300,1.020100,1.000300,1.013200,1972309
2024-09-09T22:00:00Z,1.013100,1.016900,1.004700,1.008500,844676
2024-09-09T23:00:00Z,1.008700,1.014100,1.003500,1.005300,793767
2024-09-10T00:00:00Z,1.005400,1.005600,0.993900,1.001600,1347475
2024-09-10T01:00:00Z,1.001500,1.002700,0.991100,0.994800,818311
2024-09-10T02:00:00Z,0.994800,0.999200,0.991200,0.996800,505071
2024-09-10T03:00:00Z,0.996800,0.999000,0.993600,0.994000,582532
2024-09-10T04:00:00Z,0.994000,1.006100,0.993700,1.001900,1075477
2024-09-10T05:00:00Z,1.002100,1.007700,0.998700,1.006800,1036385
2024-09-10T06:00:00Z,1.006800,1.006800,0.999800,0.999900,706483
2024-09-10T07:00:00Z,1.000000,1.008000,0.996400,1.004600,1662107
2024-09-10T08:00:00Z,1.004300,1.014200,0.997100,0.998200,1782634
2024-09-10T09:00:00Z,0.998300,1.004900,0.995600,0.999700,1748105
2024-09-10T10:00:00Z,0.999900,1.003100,0.996000,1.000500,825539
2024-09-10T11:00:00Z,1.000600,1.009600,1.000000,1.008300,576599
2024-09-10T12:00:00Z,1.008400,1.015300,1.004900,1.005200,1215694
2024-09-10T13:00:00Z,1.005000,1.005400,0.996900,0.998300,1323319
2024-09-10T14:00:00Z,0.997800,1.006900,0.993300,0.999600,1280225
2024-09-10T15:00:00Z,0.999300,1.007100,0.991900,0.992000,931417
2024-09-10T16:00:00Z,0.992200,1.006700,0.991500,1.005400,1638207
2024-09-10T17:00:00Z,1.005400,1.019400,1.005000,1.015700,2076422
2024-09-10T18:00:00Z,1.016100,1.036600,1.016000,1.021000,2348174
2024-09-10T19:00:00Z,1.020800,1.034000,1.016800,1.028700,1253569
2024-09-10T20:00:00Z,1.028500,1.037600,1.025500,1.027700,793312
2024-09-10T21:00:00Z,1.027900,1.031100,1.021600,1.022900,499654
2024-09-10T22:00:00Z,1.023200,1.028400,1.017100,1.024700,2082941
2024-09-10T23:00:00Z,1.024900,1.028000,1.021600,1.022900,644095
2024-09-11T00:00:00Z,1.023000,1.028900,1.018300,1.020300,936621
2024-09-11T01:00:00Z,1.020300,1.021300,0.998600,1.003100,1542605
2024-09-11T02:00:00Z,1.003300,1.010300,0.999100,1.000800,1449304
2024-09-11T03:00:00Z,1.000600,1.005400,0.996300,0.999300,1017447
2024-09-11T04:00:00Z,0.999200,0.999200,0.978700,0.984300,1750240
2024-09-11T05:00:00Z,0.984800,0.985300,0.973500,0.979900,1826890
2024-09-11T06:00:00Z,0.980100,0.993100,0.976400,0.987600,1156941
2024-09-11T07:00:00Z,0.987900,1.000200,0.987900,0.999100,1384375
2024-09-11T08:00:00Z,0.999000,0.999100,0.984300,0.984500,915846
2024-09-11T09:00:00Z,0.984600,0.995800,0.983700,0.992300,1363182
2024-09-11T10:00:00Z,0.992100,0.996200,0.985800,0.996100,1158507
2024-09-11T11:00:00Z,0.996300,1.004300,0.989200,0.990400,2115154
2024-09-11T12:00:00Z,0.990400,1.005300,0.987000,1.003900,2133337
2024-09-11T13:00:00Z,1.003800,1.015800,0.975800,0.977100,3183158
2024-09-11T14:00:00Z,0.976900,0.987200,0.965100,0.978600,2547515
2024-09-11T15:00:00Z,0.978600,1.003900,0.975300,1.001000,2344406
2024-09-11T16:00:00Z,1.000900,1.035900,0.998800,1.023900,5009875
2024-09-11T17:00:00Z,1.023900,1.029000,1.017700,1.018900,1407224
2024-09-11T18:00:00Z,1.018800,1.027500,1.017400,1.018800,1161913
2024-09-11T19:00:00Z,1.018800,1.018800,1.007900,1.010300,965617
2024-09-11T20:00:00Z,1.010800,1.018300,1.010100,1.014600,687541
2024-09-11T21:00:00Z,1.014500,1.017000,1.010000,1.012900,676993
2024-09-11T22:00:00Z,1.012900,1.013300,1.006200,1.009200,363161
2024-09-11T23:00:00Z,1.009300,1.010900,1.007400,1.009500,379475
2024-09-12T00:00:00Z,1.009400,1.017000,1.006000,1.008000,1025408
2024-09-12T01:00:00Z,1.008000,1.026400,1.008000,1.024300,1210347
2024-09-12T02:00:00Z,1.024200,1.033000,1.017700,1.021900,1353586
2024-09-12T03:00:00Z,1.022100,1.026600,1.019800,1.022100,526604
2024-09-12T04:00:00Z,1.022200,1.029800,1.015500,1.016800,918069
2024-09-12T05:00:00Z,1.017000,1.020700,1.012500,1.015200,933553
2024-09-12T06:00:00Z,1.015300,1.019600,1.010100,1.018900,927853
2024-09-12T07:00:00Z,1.018900,1.024800,1.017600,1.021700,849103
2024-09-12T08:00:00Z,1.021800,1.032000,1.017800,1.018600,1337394
2024-09-12T09:00:00Z,1.018400,1.023500,1.015900,1.020700,828601
2024-09-12T10:00:00Z,1.020700,1.025400,1.019300,1.020800,597529
2024-09-12T11:00:00Z,1.020800,1.027400,1.018800,1.022400,760062
2024-09-12T12:00:00Z,1.022500,1.028200,1.015300,1.018300,1098406
2024-09-12T13:00:00Z,1.018000,1.029900,1.016400,1.021300,1164840
2024-09-12T14:00:00Z,1.021400,1.039000,1.018600,1.019000,2438242
2024-09-12T15:00:00Z,1.018900,1.028200,1.011500,1.013900,1107858
2024-09-12T16:00:00Z,1.013800,1.023100,1.013400,1.022700,890534
2024-09-12T17:00:00Z,1.022500,1.031300,1.020000,1.030000,962446
2024-09-12T18:00:00Z,1.030000,1.030600,1.018000,1.022000,861031
2024-09-12T19:00:00Z,1.022100,1.030900,1.020200,1.023900,1080496
2024-09-12T20:00:00Z,1.024000,1.024600,1.018700,1.020500,648019
2024-09-12T21:00:00Z,1.020900,1.026600,1.018000,1.022600,745652
2024-09-12T22:00:00Z,1.022400,1.032000,1.020700,1.031500,689407
2024-09-12T23:00:00Z,1.031400,1.036600,1.028300,1.035500,975427
2024-09-13T00:00:00Z,1.035500,1.039600,1.031200,1.032800,817483
2024-09-13T01:00:00Z,1.032700,1.034100,1.024800,1.026800,539102
2024-09-13T02:00:00Z,1.026500,1.027400,1.022600,1.023100,449744
2024-09-13T03:00:00Z,1.022800,1.029200,1.020400,1.020600,534722
2024-09-13T04:00:00Z,1.020700,1.023600,1.016200,1.016400,750366
2024-09-13T05:00:00Z,1.016400,1.022900,1.016300,1.020800,533038
2024-09-13T06:00:00Z,1.020800,1.021300,1.012500,1.012500,724983
2024-09-13T07:00:00Z,1.012800,1.017900,1.010100,1.017200,835529
2024-09-13T08:00:00Z,1.017300,1.017400,1.013300,1.014700,683531
2024-09-13T09:00:00Z,1.014600,1.030200,1.014400,1.022300,1630450
2024-09-13T10:00:00Z,1.022300,1.035400,1.020400,1.033400,1127726
2024-09-13T11:00:00Z,1.033300,1.036900,1.023400,1.024700,1010784
2024-09-13T12:00:00Z,1.024900,1.028200,1.016200,1.025700,1416143
2024-09-13T13:00:00Z,1.025600,1.032000,1.021200,1.030100,868127
2024-09-13T14:00:00Z,1.030000,1.043600,1.027100,1.043100,2027739
2024-09-13T15:00:00Z,1.043000,1.055100,1.039600,1.053600,2527304
2024-09-13T16:00:00Z,1.053600,1.056100,1.042500,1.050500,1375741
2024-09-13T17:00:00Z,1.050700,1.058300,1.050100,1.051400,1438072
2024-09-13T18:00:00Z,1.051600,1.058700,1.048500,1.053300,852355
2024-09-13T19:00:00Z,1.053200,1.059700,1.052100,1.056000,815834
2024-09-13T20:00:00Z,1.056000,1.064900,1.054100,1.060700,788337
2024-09-13T21:00:00Z,1.060600,1.074600,1.060200,1.069500,1257518
2024-09-13T22:00:00Z,1.069600,1.080200,1.068600,1.070200,1295140
2024-09-13T23:00:00Z,1.070300,1.071100,1.060700,1.061000,572123
2024-09-14T00:00:00Z,1.061300,1.067600,1.055500,1.057300,866651
2024-09-14T01:00:00Z,1.057600,1.060800,1.049100,1.049900,696150
2024-09-14T02:00:00Z,1.049900,1.054400,1.047400,1.050800,603028
2024-09-14T03:00:00Z,1.050800,1.057400,1.050800,1.054000,370473
2024-09-14T04:00:00Z,1.053900,1.054400,1.045100,1.045400,750971
2024-09-14T05:00:00Z,1.045400,1.045600,1.034900,1.034900,1389235
2024-09-14T06:00:00Z,1.034900,1.040000,1.029800,1.037100,889657
2024-09-14T07:00:00Z,1.037000,1.039800,1.030500,1.036200,1338296
2024-09-14T08:00:00Z,1.036200,1.038200,1.027300,1.027900,834659
2024-09-14T09:00:00Z,1.027900,1.034100,1.027600,1.033000,662558
2024-09-14T10:00:00Z,1.032900,1.033000,1.024500,1.026400,646204
2024-09-14T11:00:00Z,1.026200,1.026400,1.019400,1.024900,953166
2024-09-14T12:00:00Z,1.024900,1.033100,1.022800,1.031300,788595
2024-09-14T13:00:00Z,1.031200,1.032600,1.026700,1.029900,699886
2024-09-14T14:00:00Z,1.030100,1.034500,1.025800,1.032300,827931
2024-09-14T15:00:00Z,1.032300,1.034200,1.029000,1.031100,606906
2024-09-14T16:00:00Z,1.031000,1.035200,1.028000,1.030600,463165
2024-09-14T17:00:00Z,1.030400,1.030400,1.023100,1.025500,454541
2024-09-14T18:00:00Z,1.025500,1.025500,1.012400,1.022400,1548295
2024-09-14T19:00:00Z,1.022400,1.025100,1.019900,1.023400,319553
2024-09-14T20:00:00Z,1.023400,1.033700,1.023400,1.033000,946578
2024-09-14T21:00:00Z,1.033000,1.033300,1.026600,1.026700,418584
2024-09-14T22:00:00Z,1.026700,1.028400,1.022800,1.026900,394273
2024-09-14T23:00:00Z,1.027000,1.029600,1.026000,1.026800,391701
2024-09-15T00:00:00Z,1.026700,1.033500,1.025300,1.029900,534164
2024-09-15T01:00:00Z,1.030000,1.040300,1.030000,1.036400,1036787
2024-09-15T02:00:00Z,1.036400,1.042900,1.034100,1.041700,644729
2024-09-15T03:00:00Z,1.041700,1.045200,1.035800,1.036500,752094
2024-09-15T04:00:00Z,1.036200,1.039400,1.027900,1.028400,598770
2024-09-15T05:00:00Z,1.028400,1.037300,1.028400,1.034600,468272
2024-09-15T06:00:00Z,1.034700,1.035200,1.021000,1.028900,1234579
2024-09-15T07:00:00Z,1.028900,1.029700,1.021700,1.025100,756677
2024-09-15T08:00:00Z,1.025200,1.025700,1.016100,1.016700,865671
2024-09-15T09:00:00Z,1.016700,1.021200,1.014500,1.016900,908302
2024-09-15T10:00:00Z,1.016700,1.017800,1.009200,1.016100,1284167
2024-09-15T11:00:00Z,1.016100,1.016900,1.009300,1.016100,741808
2024-09-15T12:00:00Z,1.016200,1.021000,1.013400,1.018500,720017
2024-09-15T13:00:00Z,1.018600,1.025800,1.014600,1.017400,1113413
2024-09-15T14:00:00Z,1.017400,1.020400,1.008000,1.018200,1376672
2024-09-15T15:00:00Z,1.018700,1.026800,1.015700,1.025800,827311
2024-09-15T16:00:00Z,1.025800,1.035300,1.015300,1.015800,1795739
2024-09-15T17:00:00Z,1.015700,1.020600,1.009900,1.015700,1295258
2024-09-15T18:00:00Z,1.015700,1.021300,1.008800,1.018100,1220608
2024-09-15T19:00:00Z,1.018100,1.024800,1.015500,1.017000,682895
2024-09-15T20:00:00Z,1.016800,1.019600,1.009700,1.013800,790740
2024-09-15T21:00:00Z,1.013600,1.014200,0.995000,1.003900,3440693
2024-09-15T22:00:00Z,1.004000,1.008500,0.997000,1.006000,866706
2024-09-15T23:00:00Z,1.005600,1.005600,0.981600,0.993100,2821651
2024-09-16T00:00:00Z,0.993300,1.003100,0.983900,0.995100,1742176
2024-09-16T01:00:00Z,0.995100,0.995900,0.979900,0.983800,1414686
2024-09-16T02:00:00Z,0.983700,0.987200,0.973300,0.975700,1227719
2024-09-16T03:00:00Z,0.975900,0.988900,0.974500,0.988300,827182
2024-09-16T04:00:00Z,0.988300,0.992300,0.987200,0.988200,541721
2024-09-16T05:00:00Z,0.988200,0.997400,0.987700,0.997200,651433
2024-09-16T06:00:00Z,0.997100,0.998600,0.987400,0.988400,587954
2024-09-16T07:00:00Z,0.988400,1.003300,0.986700,1.002100,959518
2024-09-16T08:00:00Z,1.002100,1.009800,0.989600,0.991100,1321274
2024-09-16T09:00:00Z,0.991100,0.994800,0.978800,0.981500,1275654
2024-09-16T10:00:00Z,0.981600,0.991200,0.978000,0.988900,1042785
2024-09-16T11:00:00Z,0.988900,0.994400,0.986400,0.993100,504167
2024-09-16T12:00:00Z,0.993100,0.995100,0.982500,0.985000,920888
2024-09-16T13:00:00Z,0.985000,0.993200,0.979400,0.993000,1308906
2024-09-16T14:00:00Z,0.992800,0.993900,0.966500,0.973800,3374359
2024-09-16T15:00:00Z,0.973900,0.986200,0.972100,0.978800,865936
2024-09-16T16:00:00Z,0.978500,0.982000,0.969900,0.971900,822233
2024-09-16T17:00:00Z,0.971800,0.980300,0.961300,0.978200,1960990
2024-09-16T18:00:00Z,0.978000,0.978400,0.965900,0.967900,856753
2024-09-16T19:00:00Z,0.968000,0.971100,0.963900,0.965700,608876
2024-09-16T20:00:00Z,0.965600,0.969900,0.956700,0.957200,1118750
2024-09-16T21:00:00Z,0.957000,0.967900,0.953300,0.967900,960156
2024-09-16T22:00:00Z,0.968000,0.968000,0.960800,0.965000,427126
2024-09-16T23:00:00Z,0.965200,0.975800,0.965200,0.972800,526224
2024-09-17T00:00:00Z,0.972500,0.972500,0.954000,0.954000,1351824
2024-09-17T01:00:00Z,0.954100,0.966300,0.953400,0.963900,918094
2024-09-17T02:00:00Z,0.963800,0.969800,0.963400,0.965600,526306
2024-09-17T03:00:00Z,0.965900,0.975400,0.965500,0.970300,1215996
2024-09-17T04:00:00Z,0.970300,0.974700,0.968100,0.974700,999830
2024-09-17T05:00:00Z,0.974700,0.987800,0.974200,0.986500,946499
2024-09-17T06:00:00Z,0.986600,0.988500,0.977700,0.978600,1028872
2024-09-17T07:00:00Z,0.978600,0.983300,0.975000,0.982100,642029
2024-09-17T08:00:00Z,0.982100,0.988300,0.981000,0.984300,746318
2024-09-17T09:00:00Z,0.984300,0.988300,0.978100,0.984800,806794
2024-09-17T10:00:00Z,0.985100,0.991800,0.983500,0.991800,911795
2024-09-17T11:00:00Z,0.991200,0.993400,0.981400,0.984900,1417140
2024-09-17T12:00:00Z,0.984900,0.989200,0.981600,0.984100,671390
2024-09-17T13:00:00Z,0.984300,0.990900,0.974400,0.977300,1264709
2024-09-17T14:00:00Z,0.977300,1.000000,0.976100,0.992700,3025433
2024-09-17T15:00:00Z,0.992800,1.014200,0.992700,1.008700,2440965
2024-09-17T16:00:00Z,1.008700,1.017300,0.991500,0.995800,2488529
2024-09-17T17:00:00Z,0.995900,1.000700,0.992700,0.996800,988716
2024-09-17T18:00:00Z,0.996600,1.001900,0.988800,0.993600,882923
2024-09-17T19:00:00Z,0.993300,0.997100,0.979900,0.988100,1824090
2024-09-17T20:00:00Z,0.988000,0.995800,0.983200,0.988100,1328708
2024-09-17T21:00:00Z,0.987900,0.996900,0.987500,0.995200,440832
2024-09-17T22:00:00Z,0.995000,0.995000,0.986500,0.989300,525109
2024-09-17T23:00:00Z,0.989200,0.990400,0.983800,0.990400,390899
2024-09-18T00:00:00Z,0.990200,0.990300,0.977500,0.985100,1568208
2024-09-18T01:00:00Z,0.984900,0.987400,0.979500,0.981900,971872
2024-09-18T02:00:00Z,0.982100,0.992400,0.979100,0.991700,1004581
2024-09-18T03:00:00Z,0.991600,0.998500,0.991000,0.993300,784613
2024-09-18T04:00:00Z,0.993300,0.994400,0.973900,0.977300,1909375
2024-09-18T05:00:00Z,0.977200,0.977500,0.970600,0.974400,847756
2024-09-18T06:00:00Z,0.974400,0.979600,0.973100,0.975900,841092
2024-09-18T07:00:00Z,0.975900,0.980000,0.973100,0.973500,565798
2024-09-18T08:00:00Z,0.973500,0.974900,0.961600,0.963700,2407271
2024-09-18T09:00:00Z,0.963800,0.984900,0.954700,0.955800,7948374
2024-09-18T10:00:00Z,0.955600,0.969000,0.950300,0.964800,3422732
2024-09-18T11:00:00Z,0.964800,0.976100,0.964200,0.965500,2139234
2024-09-18T12:00:00Z,0.965800,0.971500,0.963700,0.966700,1344092
2024-09-18T13:00:00Z,0.966800,0.970500,0.952800,0.956000,1670151
2024-09-18T14:00:00Z,0.956000,0.957400,0.948100,0.949100,1531313
2024-09-18T15:00:00Z,0.949200,0.956200,0.940600,0.945700,1889673
2024-09-18T16:00:00Z,0.945800,0.957200,0.940100,0.956800,3380162
2024-09-18T17:00:00Z,0.956900,0.968900,0.948500,0.965000,2217231
2024-09-18T18:00:00Z,0.964800,1.006500,0.962700,0.993200,6621125
2024-09-18T19:00:00Z,0.993300,1.003500,0.982500,0.991400,3541809
2024-09-18T20:00:00Z,0.991300,0.997900,0.985000,0.996600,1921461
2024-09-18T21:00:00Z,0.996400,1.001200,0.991200,0.996200,1433947
2024-09-18T22:00:00Z,0.996200,1.011300,0.996100,1.005800,1313212
2024-09-18T23:00:00Z,1.005900,1.033300,1.005900,1.032200,1762935
2024-09-19T00:00:00Z,1.032400,1.049300,1.032400,1.044600,3087845
2024-09-19T01:00:00Z,1.044700,1.048600,1.032100,1.040800,1839828
2024-09-19T02:00:00Z,1.040900,1.042200,1.035100,1.040300,1148963
2024-09-19T03:00:00Z,1.040400,1.047400,1.035400,1.041800,1205997
2024-09-19T04:00:00Z,1.041600,1.045800,1.036100,1.042300,846224
2024-09-19T05:00:00Z,1.042700,1.052200,1.037700,1.039300,1228781
2024-09-19T06:00:00Z,1.039500,1.043400,1.035000,1.040500,1247717
2024-09-19T07:00:00Z,1.040400,1.060600,1.038400,1.056000,2833169
2024-09-19T08:00:00Z,1.056100,1.058100,1.032800,1.034200,2841798
2024-09-19T09:00:00Z,1.034200,1.040300,1.030500,1.034600,1834918
2024-09-19T10:00:00Z,1.034600,1.047500,1.034200,1.037300,1897132
2024-09-19T11:00:00Z,1.037300,1.040800,1.035600,1.038800,917072
2024-09-19T12:00:00Z,1.038800,1.049700,1.036500,1.040400,2158989
2024-09-19T13:00:00Z,1.040200,1.048800,1.035700,1.044400,1799207
2024-09-19T14:00:00Z,1.044500,1.054400,1.037800,1.038800,2023003
2024-09-19T15:00:00Z,1.039000,1.048000,1.038200,1.046300,1209641
2024-09-19T16:00:00Z,1.046300,1.072600,1.046000,1.059700,3749878
2024-09-19T17:00:00Z,1.059600,1.071500,1.052900,1.065400,2588028
2024-09-19T18:00:00Z,1.065400,1.073700,1.061500,1.067000,2421820
2024-09-19T19:00:00Z,1.067100,1.070600,1.053200,1.054500,2069103
2024-09-19T20:00:00Z,1.054600,1.067600,1.053900,1.056900,1408485
2024-09-19T21:00:00Z,1.057400,1.063000,1.047700,1.047800,1189891
2024-09-19T22:00:00Z,1.047700,1.054700,1.042000,1.051700,1725950
2024-09-19T23:00:00Z,1.051900,1.056600,1.045800,1.046700,868222
2024-09-20T00:00:00Z,1.046600,1.051000,1.032400,1.033400,1674726
2024-09-20T01:00:00Z,1.033300,1.035700,1.020200,1.032100,1976289
2024-09-20T02:00:00Z,1.032200,1.036100,1.025400,1.032600,1270168
2024-09-20T03:00:00Z,1.032700,1.058700,1.029300,1.057600,3072523
2024-09-20T04:00:00Z,1.057500,1.077700,1.053100,1.068800,5096760
2024-09-20T05:00:00Z,1.068800,1.142500,1.068500,1.115700,14635374
2024-09-20T06:00:00Z,1.115900,1.156200,1.102200,1.137900,5193705
2024-09-20T07:00:00Z,1.137800,1.162000,1.125600,1.149800,6487948
2024-09-20T08:00:00Z,1.149900,1.150300,1.127500,1.144600,3495089
2024-09-20T09:00:00Z,1.144500,1.166000,1.135100,1.153900,3148762
2024-09-20T10:00:00Z,1.153800,1.157800,1.140300,1.145800,1784550
2024-09-20T11:00:00Z,1.145700,1.146400,1.110300,1.116700,4877706
2024-09-20T12:00:00Z,1.116800,1.126600,1.112400,1.119700,2356277
2024-09-20T13:00:00Z,1.119700,1.121500,1.096400,1.097600,2680805
2024-09-20T14:00:00Z,1.097400,1.119400,1.086900,1.109300,4444827
2024-09-20T15:00:00Z,1.109200,1.122400,1.098600,1.116000,2277741
2024-09-20T16:00:00Z,1.116000,1.126800,1.099000,1.100300,2420254
2024-09-20T17:00:00Z,1.100300,1.104400,1.094200,1.100500,1115120
2024-09-20T18:00:00Z,1.100500,1.105700,1.090000,1.103900,1184070
2024-09-20T19:00:00Z,1.104000,1.110100,1.100300,1.100600,1108665
2024-09-20T20:00:00Z,1.100700,1.103200,1.095600,1.099400,948020
2024-09-20T21:00:00Z,1.099100,1.113300,1.098700,1.112300,1122426
2024-09-20T22:00:00Z,1.112100,1.117800,1.111000,1.115700,700636
2024-09-20T23:00:00Z,1.115800,1.116100,1.106800,1.114400,1307999
2024-09-21T00:00:00Z,1.114500,1.124700,1.101600,1.111500,3155677
2024-09-21T01:00:00Z,1.111500,1.117400,1.098600,1.099700,1404359
2024-09-21T02:00:00Z,1.099800,1.104300,1.094500,1.102500,741382
2024-09-21T03:00:00Z,1.102600,1.112200,1.101500,1.102400,805340
2024-09-21T04:00:00Z,1.102400,1.103000,1.083500,1.088300,2078359
2024-09-21T05:00:00Z,1.088500,1.100400,1.085800,1.098200,928723
2024-09-21T06:00:00Z,1.098000,1.109800,1.097200,1.102200,891273
2024-09-21T07:00:00Z,1.102000,1.107600,1.099300,1.102800,711119
2024-09-21T08:00:00Z,1.102600,1.105800,1.096600,1.097300,580455
2024-09-21T09:00:00Z,1.097200,1.104100,1.095400,1.100300,541569
2024-09-21T10:00:00Z,1.100200,1.103900,1.095600,1.096900,737021
2024-09-21T11:00:00Z,1.096700,1.107000,1.096500,1.105700,656128
2024-09-21T12:00:00Z,1.105600,1.110800,1.100500,1.110700,660069
2024-09-21T13:00:00Z,1.110600,1.130100,1.107000,1.122300,2096321
2024-09-21T14:00:00Z,1.122200,1.139300,1.122200,1.138200,2831357
2024-09-21T15:00:00Z,1.138300,1.140500,1.124800,1.136800,1930926
2024-09-21T16:00:00Z,1.136800,1.137200,1.124200,1.125500,1472211
2024-09-21T17:00:00Z,1.125800,1.130100,1.122200,1.125400,950179
2024-09-21T18:00:00Z,1.125300,1.130400,1.123400,1.128600,609178
2024-09-21T19:00:00Z,1.128500,1.132500,1.124000,1.127400,823452
2024-09-21T20:00:00Z,1.127300,1.133900,1.125300,1.129700,3163318
2024-09-21T21:00:00Z,1.129700,1.132900,1.123400,1.124400,6645469
2024-09-21T22:00:00Z,1.124400,1.128300,1.120800,1.126500,1346637
2024-09-21T23:00:00Z,1.126500,1.153900,1.124600,1.147200,2073377
2024-09-22T00:00:00Z,1.147100,1.170600,1.140900,1.165100,4846100
2024-09-22T01:00:00Z,1.164800,1.170000,1.143400,1.144900,2210028
2024-09-22T02:00:00Z,1.144900,1.148700,1.128900,1.137000,1946421
2024-09-22T03:00:00Z,1.136900,1.161500,1.132800,1.161200,5017052
2024-09-22T04:00:00Z,1.161000,1.182900,1.159700,1.170500,4463149
2024-09-22T05:00:00Z,1.170400,1.172900,1.146700,1.148400,3298947
2024-09-22T06:00:00Z,1.148400,1.156600,1.137800,1.143100,1824947
2024-09-22T07:00:00Z,1.143600,1.162000,1.141800,1.156600,2607894
2024-09-22T08:00:00Z,1.156700,1.157400,1.144100,1.152400,4345839
2024-09-22T09:00:00Z,1.152500,1.153300,1.126200,1.128600,1702940
2024-09-22T10:00:00Z,1.129000,1.132200,1.113000,1.117500,1388192
2024-09-22T11:00:00Z,1.117400,1.128800,1.108300,1.118300,2433342
2024-09-22T12:00:00Z,1.118000,1.123400,1.111400,1.121900,933393
2024-09-22T13:00:00Z,1.122100,1.128500,1.105500,1.108200,1782999
2024-09-22T14:00:00Z,1.108200,1.121500,1.102900,1.108800,1698797
2024-09-22T15:00:00Z,1.108900,1.112900,1.098000,1.105400,1886097
2024-09-22T16:00:00Z,1.105300,1.114800,1.092900,1.108600,1757070
2024-09-22T17:00:00Z,1.108500,1.118000,1.107900,1.113800,826466
2024-09-22T18:00:00Z,1.113900,1.114100,1.100300,1.105200,856004
2024-09-22T19:00:00Z,1.105200,1.109400,1.095600,1.106100,1813129
2024-09-22T20:00:00Z,1.106400,1.111400,1.098900,1.102300,2419304
2024-09-22T21:00:00Z,1.102200,1.109900,1.084900,1.087100,862041
2024-09-22T22:00:00Z,1.087000,1.113000,1.074900,1.110200,3628088
2024-09-22T23:00:00Z,1.110100,1.117100,1.103900,1.111500,1133763
2024-09-23T00:00:00Z,1.111600,1.126400,1.085300,1.121500,2600536
2024-09-23T01:00:00Z,1.121600,1.133900,1.118900,1.131800,1838640
2024-09-23T02:00:00Z,1.131400,1.149200,1.126000,1.145700,1988461
2024-09-23T03:00:00Z,1.145900,1.186100,1.145600,1.169400,4711787
2024-09-23T04:00:00Z,1.169600,1.173000,1.154000,1.156500,2308435
2024-09-23T05:00:00Z,1.156500,1.164500,1.150000,1.156200,1258830
2024-09-23T06:00:00Z,1.156300,1.167800,1.153700,1.158600,1202519
2024-09-23T07:00:00Z,1.158300,1.162800,1.140100,1.141200,1338487
2024-09-23T08:00:00Z,1.140900,1.144700,1.132200,1.134300,1548553
2024-09-23T09:00:00Z,1.134300,1.149700,1.133900,1.148500,1350812
2024-09-23T10:00:00Z,1.148400,1.149700,1.134800,1.136300,1370384
2024-09-23T11:00:00Z,1.136100,1.136400,1.118700,1.123700,1779709
2024-09-23T12:00:00Z,1.123400,1.131100,1.117900,1.122700,1022876
2024-09-23T13:00:00Z,1.122900,1.133000,1.120900,1.130400,1206620
2024-09-23T14:00:00Z,1.130500,1.158900,1.129500,1.153000,3724720
2024-09-23T15:00:00Z,1.152700,1.168400,1.141600,1.163800,1771607
2024-09-23T16:00:00Z,1.164100,1.184000,1.152300,1.155100,3174539
2024-09-23T17:00:00Z,1.155100,1.179400,1.152400,1.169100,1833240
2024-09-23T18:00:00Z,1.169300,1.174100,1.164500,1.166600,1204435
2024-09-23T19:00:00Z,1.166600,1.172700,1.165100,1.169900,926351
2024-09-23T20:00:00Z,1.170200,1.184500,1.169900,1.176300,1403873
2024-09-23T21:00:00Z,1.176500,1.188000,1.172000,1.186000,1177974
2024-09-23T22:00:00Z,1.186100,1.197900,1.179600,1.190800,2058925
2024-09-23T23:00:00Z,1.190700,1.218300,1.190400,1.213900,2594567
2024-09-24T00:00:00Z,1.213800,1.218400,1.192400,1.196000,3598540
2024-09-24T01:00:00Z,1.196100,1.197600,1.170000,1.189800,2864227
2024-09-24T02:00:00Z,1.189600,1.190900,1.175400,1.185100,1073523
2024-09-24T03:00:00Z,1.185000,1.192500,1.179000,1.190300,819174
2024-09-24T04:00:00Z,1.190300,1.192800,1.182300,1.188600,761950
2024-09-24T05:00:00Z,1.188700,1.197400,1.188000,1.194100,1136107
2024-09-24T06:00:00Z,1.194200,1.199000,1.190900,1.198500,1091890
2024-09-24T07:00:00Z,1.198700,1.236800,1.198200,1.233300,4218410
2024-09-24T08:00:00Z,1.233200,1.244700,1.229800,1.235600,2160511
2024-09-24T09:00:00Z,1.235600,1.243600,1.231700,1.233600,1640510
2024-09-24T10:00:00Z,1.233500,1.249800,1.226700,1.236500,1778278
2024-09-24T11:00:00Z,1.236300,1.239700,1.225600,1.239200,1466292
2024-09-24T12:00:00Z,1.239200,1.247500,1.231500,1.234900,1315477
2024-09-24T13:00:00Z,1.235100,1.253100,1.233400,1.244100,1451339
2024-09-24T14:00:00Z,1.244300,1.244500,1.203300,1.216700,4151704
2024-09-24T15:00:00Z,1.216500,1.224600,1.204600,1.207200,1960934
2024-09-24T16:00:00Z,1.207300,1.216400,1.205000,1.210500,1332760
2024-09-24T17:00:00Z,1.210400,1.223700,1.205500,1.218900,1277415
2024-09-24T18:00:00Z,1.218400,1.227900,1.210700,1.225300,1240591
2024-09-24T19:00:00Z,1.225300,1.254700,1.223800,1.249700,2963096
2024-09-24T20:00:00Z,1.249700,1.253300,1.236200,1.241800,1332848
2024-09-24T21:00:00Z,1.241900,1.249600,1.236000,1.244200,641549
2024-09-24T22:00:00Z,1.244100,1.267900,1.241900,1.265700,2114529
2024-09-24T23:00:00Z,1.265600,1.267700,1.257200,1.257900,1139942
2024-09-25T00:00:00Z,1.257600,1.260600,1.246400,1.248300,1208032
2024-09-25T01:00:00Z,1.248300,1.273400,1.245800,1.273000,3162023
2024-09-25T02:00:00Z,1.273300,1.283800,1.259400,1.260700,2907800
2024-09-25T03:00:00Z,1.260800,1.291100,1.257200,1.288100,2970181
2024-09-25T04:00:00Z,1.288300,1.293100,1.262400,1.263700,2647202
2024-09-25T05:00:00Z,1.263700,1.266900,1.244800,1.251900,2453957
2024-09-25T06:00:00Z,1.251800,1.256200,1.229200,1.230700,1756363
2024-09-25T07:00:00Z,1.230500,1.243000,1.226800,1.239500,972180
2024-09-25T08:00:00Z,1.239600,1.251200,1.237700,1.242700,1044776
2024-09-25T09:00:00Z,1.242700,1.257400,1.241100,1.254200,1325917
2024-09-25T10:00:00Z,1.253800,1.266200,1.253600,1.255300,1810403
2024-09-25T11:00:00Z,1.255600,1.265900,1.252300,1.262800,944182
2024-09-25T12:00:00Z,1.263100,1.266200,1.251900,1.252900,1089138
2024-09-25T13:00:00Z,1.252900,1.270300,1.252300,1.268500,1286946
2024-09-25T14:00:00Z,1.268500,1.290000,1.268200,1.280100,1756605
2024-09-25T15:00:00Z,1.279700,1.294500,1.275400,1.285800,2306248
2024-09-25T16:00:00Z,1.285800,1.287700,1.267200,1.267600,1650140
2024-09-25T17:00:00Z,1.267800,1.269800,1.231600,1.237200,4258252
2024-09-25T18:00:00Z,1.237600,1.246400,1.235600,1.241000,1132922
2024-09-25T19:00:00Z,1.241000,1.249600,1.239200,1.240400,750169
2024-09-25T20:00:00Z,1.240200,1.261400,1.240200,1.261100,513679
2024-09-25T21:00:00Z,1.261200,1.264300,1.248500,1.249400,548441
2024-09-25T22:00:00Z,1.249400,1.253500,1.227700,1.235100,967711
2024-09-25T23:00:00Z,1.235100,1.236300,1.220800,1.229500,975703
2024-09-26T00:00:00Z,1.229700,1.238600,1.208300,1.217700,1660949
2024-09-26T01:00:00Z,1.217800,1.219800,1.203400,1.218300,1671010
2024-09-26T02:00:00Z,1.218700,1.241100,1.216400,1.237300,1365955
2024-09-26T03:00:00Z,1.237300,1.239800,1.226600,1.237200,984279
2024-09-26T04:00:00Z,1.237100,1.244200,1.228600,1.229100,541629
2024-09-26T05:00:00Z,1.229200,1.252200,1.227100,1.246700,822464
2024-09-26T06:00:00Z,1.246700,1.255500,1.245200,1.252900,1028728
2024-09-26T07:00:00Z,1.252900,1.267000,1.248300,1.264100,1210164
2024-09-26T08:00:00Z,1.263900,1.266600,1.250100,1.252000,1199408
2024-09-26T09:00:00Z,1.252000,1.271900,1.248700,1.267300,1190719
2024-09-26T10:00:00Z,1.267000,1.284400,1.263600,1.279800,1521827
2024-09-26T11:00:00Z,1.279500,1.282400,1.264200,1.266300,934809
2024-09-26T12:00:00Z,1.266200,1.275700,1.260300,1.267500,980249
2024-09-26T13:00:00Z,1.267300,1.273700,1.253000,1.260700,857775
2024-09-26T14:00:00Z,1.260700,1.277800,1.241000,1.241400,2209675
2024-09-26T15:00:00Z,1.241400,1.267900,1.235400,1.261300,2801424
2024-09-26T16:00:00Z,1.261200,1.274700,1.256400,1.260300,1577686
2024-09-26T17:00:00Z,1.260400,1.270500,1.236200,1.237100,1612431
2024-09-26T18:00:00Z,1.236900,1.252400,1.230800,1.251300,1839756
2024-09-26T19:00:00Z,1.251000,1.254100,1.238200,1.239000,1058732
2024-09-26T20:00:00Z,1.239200,1.243700,1.214200,1.217500,1874606
2024-09-26T21:00:00Z,1.217300,1.237700,1.216700,1.237500,1192455
2024-09-26T22:00:00Z,1.237500,1.251500,1.237000,1.250100,951744
2024-09-26T23:00:00Z,1.250100,1.254900,1.233000,1.251500,969030
2024-09-27T00:00:00Z,1.251600,1.267200,1.247600,1.262900,1484684
2024-09-27T01:00:00Z,1.262900,1.266300,1.242800,1.247800,942965
2024-09-27T02:00:00Z,1.247900,1.254600,1.238100,1.242000,729725
2024-09-27T03:00:00Z,1.242200,1.282000,1.236900,1.278900,1629366
2024-09-27T04:00:00Z,1.278700,1.287100,1.274700,1.282400,1540523
2024-09-27T05:00:00Z,1.282500,1.291700,1.271700,1.289100,1462025
2024-09-27T06:00:00Z,1.289300,1.299900,1.280500,1.285800,1566061
2024-09-27T07:00:00Z,1.285800,1.290100,1.275700,1.281200,912152
2024-09-27T08:00:00Z,1.281300,1.299800,1.280200,1.285300,1236036
2024-09-27T09:00:00Z,1.285000,1.293200,1.270800,1.282200,1407325
2024-09-27T10:00:00Z,1.282300,1.285800,1.245500,1.247000,3395012
2024-09-27T11:00:00Z,1.246700,1.273400,1.246400,1.269000,1616991
2024-09-27T12:00:00Z,1.269000,1.293100,1.265000,1.292600,1578870
2024-09-27T13:00:00Z,1.292100,1.297200,1.280400,1.292900,1680434
2024-09-27T14:00:00Z,1.293500,1.331400,1.287800,1.315800,4403741
2024-09-27T15:00:00Z,1.315900,1.349600,1.313600,1.326800,3124720
2024-09-27T16:00:00Z,1.327200,1.395200,1.324700,1.382200,5824708
2024-09-27T17:00:00Z,1.382200,1.385900,1.334300,1.345800,4176342
2024-09-27T18:00:00Z,1.345700,1.362000,1.336700,1.358000,2303068
2024-09-27T19:00:00Z,1.358000,1.363800,1.346800,1.354000,1614168
2024-09-27T20:00:00Z,1.353500,1.366200,1.343000,1.351200,1849239
2024-09-27T21:00:00Z,1.351200,1.361100,1.350700,1.353300,600947
2024-09-27T22:00:00Z,1.353500,1.370800,1.352100,1.363500,847027
2024-09-27T23:00:00Z,1.363500,1.368100,1.352300,1.354700,671461
2024-09-28T00:00:00Z,1.354600,1.371300,1.354600,1.370200,821596
2024-09-28T01:00:00Z,1.370200,1.373600,1.359700,1.371300,758803
2024-09-28T02:00:00Z,1.371100,1.374300,1.360400,1.369600,1062182
2024-09-28T03:00:00Z,1.369200,1.372600,1.359200,1.363100,640886
2024-09-28T04:00:00Z,1.362600,1.383100,1.355900,1.365400,1422550
2024-09-28T05:00:00Z,1.365500,1.368800,1.347800,1.348600,930742
2024-09-28T06:00:00Z,1.348800,1.352900,1.326700,1.332700,1769488
2024-09-28T07:00:00Z,1.332600,1.340600,1.325000,1.328900,1223348
2024-09-28T08:00:00Z,1.328800,1.337300,1.316800,1.322700,1959076
2024-09-28T09:00:00Z,1.322700,1.334000,1.304300,1.332500,1773868
2024-09-28T10:00:00Z,1.332600,1.350800,1.324800,1.343300,2064244
2024-09-28T11:00:00Z,1.343100,1.344800,1.329000,1.334400,1074274
2024-09-28T12:00:00Z,1.334400,1.334400,1.318400,1.322800,1176157
2024-09-28T13:00:00Z,1.322600,1.336000,1.313400,1.328000,954321
2024-09-28T14:00:00Z,1.327900,1.350700,1.327900,1.335200,1604409
2024-09-28T15:00:00Z,1.335100,1.338000,1.330000,1.335900,632458
2024-09-28T16:00:00Z,1.335800,1.337200,1.322700,1.326200,595313
2024-09-28T17:00:00Z,1.325700,1.341500,1.324800,1.337800,554698
2024-09-28T18:00:00Z,1.337700,1.339900,1.327700,1.328800,577769
2024-09-28T19:00:00Z,1.329000,1.339000,1.327900,1.335900,480470
2024-09-28T20:00:00Z,1.335800,1.338100,1.329800,1.330700,254596
2024-09-28T21:00:00Z,1.330600,1.333300,1.308500,1.333000,1243006
2024-09-28T22:00:00Z,1.332900,1.338000,1.326600,1.333300,471190
2024-09-28T23:00:00Z,1.333400,1.338000,1.326100,1.333400,402228
2024-09-29T00:00:00Z,1.333600,1.345200,1.316100,1.316600,1159349
2024-09-29T01:00:00Z,1.316800,1.325100,1.311800,1.320700,758717
2024-09-29T02:00:00Z,1.320700,1.331600,1.315400,1.315900,740412
2024-09-29T03:00:00Z,1.316100,1.330000,1.313900,1.328500,372878
2024-09-29T04:00:00Z,1.328400,1.329200,1.308200,1.312800,581773
2024-09-29T05:00:00Z,1.312700,1.327300,1.309900,1.314800,611222
2024-09-29T06:00:00Z,1.314700,1.318900,1.303500,1.306500,621519
2024-09-29T07:00:00Z,1.306600,1.313600,1.291500,1.296000,1226804
2024-09-29T08:00:00Z,1.295700,1.310700,1.294600,1.305400,961840
2024-09-29T09:00:00Z,1.305500,1.320800,1.305500,1.314000,615156
2024-09-29T10:00:00Z,1.313800,1.321400,1.306900,1.320300,770317
2024-09-29T11:00:00Z,1.320200,1.324700,1.317800,1.321000,397846
2024-09-29T12:00:00Z,1.321400,1.329700,1.315100,1.316500,1206872
2024-09-29T13:00:00Z,1.316700,1.323400,1.303300,1.320600,1316729
2024-09-29T14:00:00Z,1.320600,1.322400,1.306300,1.310200,907559
2024-09-29T15:00:00Z,1.310000,1.333400,1.308100,1.330500,1114269
2024-09-29T16:00:00Z,1.330600,1.334500,1.316700,1.331700,1171374
2024-09-29T17:00:00Z,1.332000,1.341000,1.327400,1.330600,744009
2024-09-29T18:00:00Z,1.330500,1.342500,1.329100,1.331500,1217890
2024-09-29T19:00:00Z,1.331200,1.345400,1.328400,1.344000,578816
2024-09-29T20:00:00Z,1.344100,1.348800,1.330000,1.341300,1024231
2024-09-29T21:00:00Z,1.341200,1.353900,1.337700,1.339900,774087
2024-09-29T22:00:00Z,1.339900,1.346100,1.326300,1.328000,759798
2024-09-29T23:00:00Z,1.327900,1.330300,1.317100,1.326200,686958
2024-09-30T00:00:00Z,1.326400,1.330100,1.297000,1.320800,1650753
2024-09-30T01:00:00Z,1.320700,1.327800,1.296500,1.298200,1016015
2024-09-30T02:00:00Z,1.298100,1.310500,1.287100,1.288600,1754562
2024-09-30T03:00:00Z,1.288800,1.304500,1.281000,1.304300,1024224
2024-09-30T04:00:00Z,1.304200,1.304600,1.287400,1.300900,782209
2024-09-30T05:00:00Z,1.300800,1.320600,1.299800,1.319400,893871
2024-09-30T06:00:00Z,1.319200,1.327900,1.309600,1.309700,864246
2024-09-30T07:00:00Z,1.309700,1.344000,1.309300,1.338400,1698509
2024-09-30T08:00:00Z,1.338800,1.345900,1.321500,1.342300,1825395
2024-09-30T09:00:00Z,1.342000,1.342200,1.291800,1.291800,2605352
2024-09-30T10:00:00Z,1.292100,1.305300,1.288000,1.304100,1716977
2024-09-30T11:00:00Z,1.304200,1.338600,1.293800,1.330000,2009719
2024-09-30T12:00:00Z,1.330100,1.330600,1.314500,1.322600,1408948
2024-09-30T13:00:00Z,1.322600,1.340000,1.318500,1.321000,1540461
2024-09-30T14:00:00Z,1.321200,1.324800,1.296100,1.301400,1629617
2024-09-30T15:00:00Z,1.301400,1.315600,1.284400,1.285900,1591314
2024-09-30T16:00:00Z,1.286000,1.311000,1.285000,1.297100,1204485
2024-09-30T17:00:00Z,1.297200,1.304500,1.289400,1.301800,1007735
2024-09-30T18:00:00Z,1.301900,1.308400,1.284500,1.303500,1394126
2024-09-30T19:00:00Z,1.303500,1.318200,1.299700,1.315900,963810
2024-09-30T20:00:00Z,1.315700,1.336900,1.314100,1.335200,1051465
2024-09-30T21:00:00Z,1.335400,1.335400,1.308400,1.310200,924596
2024-09-30T22:00:00Z,1.309900,1.315500,1.282300,1.283500,1734895
2024-09-30T23:00:00Z,1.283400,1.290600,1.264300,1.278700,2558995
2024-10-01T00:00:00Z,1.278600,1.312100,1.274200,1.311300,1808024
2024-10-01T01:00:00Z,1.311100,1.314600,1.299700,1.300000,783509
2024-10-01T02:00:00Z,1.299900,1.311600,1.289600,1.311400,824643
2024-10-01T03:00:00Z,1.311300,1.326800,1.308100,1.321400,1363048
2024-10-01T04:00:00Z,1.321400,1.349600,1.316800,1.341600,1837695
2024-10-01T05:00:00Z,1.341600,1.344800,1.313900,1.317300,1330997
2024-10-01T06:00:00Z,1.317400,1.331600,1.316700,1.324900,795651
2024-10-01T07:00:00Z,1.325100,1.331300,1.319100,1.324300,822552
2024-10-01T08:00:00Z,1.324300,1.329900,1.316600,1.318900,713494
2024-10-01T09:00:00Z,1.318800,1.327300,1.315900,1.317800,727698
2024-10-01T10:00:00Z,1.317700,1.321200,1.308400,1.314100,915883
2024-10-01T11:00:00Z,1.314000,1.315800,1.303000,1.303500,550635
2024-10-01T12:00:00Z,1.303300,1.311500,1.298600,1.302400,585806
2024-10-01T13:00:00Z,1.302600,1.303600,1.252100,1.259700,4173339
2024-10-01T14:00:00Z,1.259800,1.269800,1.218000,1.220100,4375368
2024-10-01T15:00:00Z,1.220600,1.222200,1.161000,1.186700,8595792
2024-10-01T16:00:00Z,1.186700,1.194300,1.160100,1.181500,3095444
2024-10-01T17:00:00Z,1.181400,1.193100,1.103900,1.189400,10095224
2024-10-01T18:00:00Z,1.189300,1.192800,1.162700,1.168500,3330397
2024-10-01T19:00:00Z,1.168500,1.172000,1.155000,1.156100,1133423
2024-10-01T20:00:00Z,1.156200,1.158700,1.126100,1.146000,2804910
2024-10-01T21:00:00Z,1.145800,1.155300,1.135400,1.153600,1022980
2024-10-01T22:00:00Z,1.153200,1.153800,1.129100,1.134800,1128865
2024-10-01T23:00:00Z,1.134600,1.140500,1.128600,1.132100,761333
2024-10-02T00:00:00Z,1.131900,1.153600,1.128800,1.140200,2120710
2024-10-02T01:00:00Z,1.140200,1.165000,1.137900,1.165000,1834538
2024-10-02T02:00:00Z,1.165000,1.169500,1.155200,1.167900,822308
2024-10-02T03:00:00Z,1.167900,1.173700,1.156900,1.157800,1724901
2024-10-02T04:00:00Z,1.157800,1.157800,1.137600,1.150000,1364930
2024-10-02T05:00:00Z,1.150100,1.157900,1.146200,1.150400,922258
2024-10-02T06:00:00Z,1.150300,1.159500,1.140600,1.154200,1026990
2024-10-02T07:00:00Z,1.154300,1.162900,1.144100,1.154100,1369154
2024-10-02T08:00:00Z,1.154100,1.158700,1.144700,1.156000,1113097
2024-10-02T09:00:00Z,1.155900,1.157900,1.122400,1.126600,2225335
2024-10-02T10:00:00Z,1.126300,1.144400,1.120500,1.122000,2092941
2024-10-02T11:00:00Z,1.122000,1.129800,1.112400,1.115100,1425230
2024-10-02T12:00:00Z,1.115400,1.118600,1.093600,1.098100,3538846
2024-10-02T13:00:00Z,1.098300,1.113500,1.086000,1.107500,3379420
2024-10-02T14:00:00Z,1.107500,1.115700,1.080000,1.080800,3041125
2024-10-02T15:00:00Z,1.080800,1.101300,1.073900,1.095200,3695202
2024-10-02T16:00:00Z,1.095400,1.105300,1.062700,1.063500,4885120
2024-10-02T17:00:00Z,1.063400,1.068900,1.055000,1.058300,2908872
2024-10-02T18:00:00Z,1.058400,1.061600,1.030000,1.031500,4654127
2024-10-02T19:00:00Z,1.031700,1.042900,1.018400,1.036900,3926814
2024-10-02T20:00:00Z,1.037200,1.052700,1.029500,1.045400,2054528
2024-10-02T21:00:00Z,1.045200,1.046400,1.035000,1.040800,1897213
2024-10-02T22:00:00Z,1.040800,1.043800,1.028300,1.043400,1427161
2024-10-02T23:00:00Z,1.043100,1.047800,1.035900,1.036400,1227893
2024-10-03T00:00:00Z,1.036300,1.048100,1.024800,1.038500,2346521
2024-10-03T01:00:00Z,1.038500,1.056200,1.037100,1.048100,1712700
2024-10-03T02:00:00Z,1.048000,1.051800,1.040400,1.046600,1069003
2024-10-03T03:00:00Z,1.046600,1.059200,1.042200,1.057000,1307663
2024-10-03T04:00:00Z,1.057000,1.058700,1.049700,1.050400,804185
2024-10-03T05:00:00Z,1.050400,1.053200,1.037400,1.039700,1586702
2024-10-03T06:00:00Z,1.039600,1.045500,1.035000,1.042600,1325954
2024-10-03T07:00:00Z,1.042400,1.043800,1.019700,1.019900,2377494
2024-10-03T08:00:00Z,1.020300,1.021000,0.998400,1.000500,5731454
2024-10-03T09:00:00Z,1.000500,1.025400,0.983200,1.024900,3340499
2024-10-03T10:00:00Z,1.025000,1.039800,1.019900,1.039400,1498120
2024-10-03T11:00:00Z,1.039200,1.043000,1.028200,1.028700,1388529
2024-10-03T12:00:00Z,1.028700,1.037700,1.018300,1.027500,1704283
2024-10-03T13:00:00Z,1.027800,1.031800,1.008900,1.023100,2553392
2024-10-03T14:00:00Z,1.023100,1.040900,1.009100,1.010900,2526389
2024-10-03T15:00:00Z,1.011300,1.024200,0.993600,1.020700,2853687
2024-10-03T16:00:00Z,1.020700,1.026700,0.998700,1.005400,1966292
2024-10-03T17:00:00Z,1.005200,1.028400,0.997800,1.021600,2121448
2024-10-03T18:00:00Z,1.021400,1.025000,1.011900,1.019600,837555
2024-10-03T19:00:00Z,1.019500,1.027100,1.013100,1.026400,875486
2024-10-03T20:00:00Z,1.026400,1.027500,1.010200,1.014000,1431009
2024-10-03T21:00:00Z,1.013800,1.024000,1.008200,1.022800,865181
2024-10-03T22:00:00Z,1.022800,1.030000,1.017000,1.028200,906338
2024-10-03T23:00:00Z,1.028400,1.033500,1.016200,1.018400,1272331
2024-10-04T00:00:00Z,1.018300,1.028900,1.015600,1.015800,1363235
2024-10-04T01:00:00Z,1.015900,1.038200,1.014700,1.033600,1300973
2024-10-04T02:00:00Z,1.033800,1.035200,1.022100,1.023500,1059655
2024-10-04T03:00:00Z,1.023500,1.024000,1.013500,1.019900,987982
2024-10-04T04:00:00Z,1.020000,1.031900,1.016100,1.019700,811973
2024-10-04T05:00:00Z,1.019900,1.031300,1.017400,1.027600,844778
2024-10-04T06:00:00Z,1.027800,1.031500,1.019000,1.019700,818548
2024-10-04T07:00:00Z,1.019700,1.029800,1.013600,1.024500,1110401
2024-10-04T08:00:00Z,1.024600,1.042800,1.021000,1.026200,2305699
2024-10-04T09:00:00Z,1.026300,1.035500,1.020500,1.021900,1252701
2024-10-04T10:00:00Z,1.021800,1.025200,1.010200,1.012400,2581292
2024-10-04T11:00:00Z,1.012500,1.016400,1.002200,1.012400,2854027
2024-10-04T12:00:00Z,1.012300,1.022600,1.000300,1.022400,3176231
2024-10-04T13:00:00Z,1.022300,1.027800,1.011900,1.019100,2687079
2024-10-04T14:00:00Z,1.018600,1.019200,0.998100,1.013300,2672400
2024-10-04T15:00:00Z,1.013300,1.042700,1.012700,1.041500,3087512
2024-10-04T16:00:00Z,1.041600,1.064300,1.041500,1.057000,4517623
2024-10-04T17:00:00Z,1.057000,1.060600,1.036500,1.043500,3061157
2024-10-04T18:00:00Z,1.044000,1.058200,1.038600,1.058000,1776137
2024-10-04T19:00:00Z,1.058000,1.068300,1.056300,1.059900,1819805
2024-10-04T20:00:00Z,1.059900,1.066100,1.050200,1.059900,1274627
2024-10-04T21:00:00Z,1.060200,1.063800,1.053800,1.054800,791281
2024-10-04T22:00:00Z,1.054800,1.063300,1.053400,1.055200,1118350
2024-10-04T23:00:00Z,1.055100,1.060000,1.050500,1.056200,713283
2024-10-05T00:00:00Z,1.056200,1.069900,1.055900,1.069300,1721584
2024-10-05T01:00:00Z,1.069100,1.070700,1.056300,1.066800,1032557
2024-10-05T02:00:00Z,1.066800,1.068600,1.055000,1.056200,800045
2024-10-05T03:00:00Z,1.056300,1.064300,1.049400,1.056800,1025785
2024-10-05T04:00:00Z,1.057200,1.076200,1.053000,1.066900,1260701
2024-10-05T05:00:00Z,1.066900,1.083100,1.066900,1.082300,1071227
2024-10-05T06:00:00Z,1.082200,1.084400,1.073800,1.083700,965185
2024-10-05T07:00:00Z,1.083700,1.084900,1.072200,1.073000,1025579
2024-10-05T08:00:00Z,1.072800,1.081200,1.072500,1.077100,722332
2024-10-05T09:00:00Z,1.077000,1.083600,1.076100,1.077500,532117
2024-10-05T10:00:00Z,1.077500,1.080000,1.063700,1.064300,1943445
2024-10-05T11:00:00Z,1.064300,1.073600,1.062000,1.071100,1087564
2024-10-05T12:00:00Z,1.071000,1.073700,1.067400,1.073000,573341
2024-10-05T13:00:00Z,1.073200,1.075500,1.057900,1.059300,1591033
2024-10-05T14:00:00Z,1.059300,1.064700,1.052500,1.061000,1478936
2024-10-05T15:00:00Z,1.061300,1.064400,1.056300,1.062400,784348
2024-10-05T16:00:00Z,1.062300,1.062500,1.044200,1.045700,1543650
2024-10-05T17:00:00Z,1.045800,1.055300,1.042000,1.050500,1094291
2024-10-05T18:00:00Z,1.050600,1.054000,1.042400,1.045200,815109
2024-10-05T19:00:00Z,1.045400,1.047400,1.037500,1.038600,930213
2024-10-05T20:00:00Z,1.038700,1.039600,1.028000,1.030900,1573698
2024-10-05T21:00:00Z,1.030900,1.047300,1.029900,1.040600,769557
2024-10-05T22:00:00Z,1.040600,1.051900,1.040500,1.050600,526392
2024-10-05T23:00:00Z,1.050400,1.052300,1.045700,1.050300,286670
2024-10-06T00:00:00Z,1.050400,1.052000,1.044400,1.051300,627653
2024-10-06T01:00:00Z,1.051400,1.067600,1.050000,1.066000,851010
2024-10-06T02:00:00Z,1.066000,1.068900,1.056600,1.057600,707721
2024-10-06T03:00:00Z,1.057600,1.060400,1.049100,1.049300,544238
2024-10-06T04:00:00Z,1.049800,1.056300,1.043200,1.048800,599478
2024-10-06T05:00:00Z,1.048700,1.056600,1.047000,1.052900,874362
2024-10-06T06:00:00Z,1.052900,1.061300,1.052800,1.054400,369165
2024-10-06T07:00:00Z,1.054400,1.058500,1.047600,1.049200,696729
2024-10-06T08:00:00Z,1.049000,1.057300,1.047000,1.051900,644201
2024-10-06T09:00:00Z,1.051900,1.057200,1.050600,1.052200,434566
2024-10-06T10:00:00Z,1.052100,1.054900,1.044700,1.048200,484970
2024-10-06T11:00:00Z,1.048300,1.061900,1.047300,1.059300,547403
2024-10-06T12:00:00Z,1.059300,1.064600,1.056600,1.064100,541191
2024-10-06T13:00:00Z,1.064100,1.065800,1.057100,1.058800,785074
2024-10-06T14:00:00Z,1.058700,1.076600,1.055100,1.072900,1331090
2024-10-06T15:00:00Z,1.072600,1.075900,1.062900,1.071100,1113811
2024-10-06T16:00:00Z,1.071100,1.075800,1.060000,1.060200,1236765
2024-10-06T17:00:00Z,1.060300,1.069100,1.058400,1.059000,597922
2024-10-06T18:00:00Z,1.059100,1.066600,1.059100,1.064600,489004
2024-10-06T19:00:00Z,1.064600,1.074400,1.059500,1.061200,719033
2024-10-06T20:00:00Z,1.061200,1.069600,1.059300,1.068500,451909
2024-10-06T21:00:00Z,1.068400,1.071100,1.052700,1.053800,915046
2024-10-06T22:00:00Z,1.053900,1.069300,1.053900,1.068500,599934
2024-10-06T23:00:00Z,1.068300,1.082000,1.068300,1.081000,1164510
2024-10-07T00:00:00Z,1.080900,1.107900,1.073100,1.107900,2365286
2024-10-07T01:00:00Z,1.107900,1.130900,1.107100,1.130900,2380776
2024-10-07T02:00:00Z,1.130900,1.147500,1.125700,1.131600,2737426
2024-10-07T03:00:00Z,1.131800,1.132900,1.109600,1.122000,1990681
2024-10-07T04:00:00Z,1.122000,1.125100,1.106200,1.106800,1409249
2024-10-07T05:00:00Z,1.106300,1.110400,1.100300,1.103800,955808
2024-10-07T06:00:00Z,1.103900,1.115100,1.103500,1.112600,938695
2024-10-07T07:00:00Z,1.112500,1.112700,1.102300,1.103700,916679
2024-10-07T08:00:00Z,1.103700,1.114700,1.103600,1.108400,901232
2024-10-07T09:00:00Z,1.108300,1.108800,1.084300,1.096000,1990282
2024-10-07T10:00:00Z,1.095800,1.096100,1.076400,1.085200,1561013
2024-10-07T11:00:00Z,1.085000,1.097800,1.075000,1.096900,1410195
2024-10-07T12:00:00Z,1.096700,1.099900,1.087000,1.093300,1088186
2024-10-07T13:00:00Z,1.093200,1.111900,1.091600,1.106000,1460155
2024-10-07T14:00:00Z,1.106000,1.137800,1.105400,1.112400,4183690
2024-10-07T15:00:00Z,1.112200,1.119800,1.101700,1.105100,2193536
2024-10-07T16:00:00Z,1.105100,1.119100,1.097200,1.115000,1173921
2024-10-07T17:00:00Z,1.115000,1.117500,1.105900,1.117100,968576
2024-10-07T18:00:00Z,1.117300,1.118800,1.082800,1.086400,2432116
2024-10-07T19:00:00Z,1.086800,1.102400,1.084200,1.099700,1174913
2024-10-07T20:00:00Z,1.100000,1.102300,1.086300,1.088200,654433
2024-10-07T21:00:00Z,1.088000,1.097900,1.084500,1.097100,941490
2024-10-07T22:00:00Z,1.097100,1.097100,1.077100,1.079900,1263289
2024-10-07T23:00:00Z,1.079600,1.082400,1.067000,1.069200,2278032
2024-10-08T00:00:00Z,1.069100,1.083600,1.068500,1.082200,965431
2024-10-08T01:00:00Z,1.082200,1.082500,1.071700,1.080300,1054504
2024-10-08T02:00:00Z,1.080400,1.087600,1.070300,1.087100,1035676
2024-10-08T03:00:00Z,1.087200,1.090000,1.082500,1.089000,630589
2024-10-08T04:00:00Z,1.088900,1.094500,1.078500,1.085300,894305
2024-10-08T05:00:00Z,1.085400,1.087000,1.062700,1.071200,1770191
2024-10-08T06:00:00Z,1.071300,1.079300,1.059500,1.077900,1095672
2024-10-08T07:00:00Z,1.077800,1.078300,1.057800,1.069600,1399510
2024-10-08T08:00:00Z,1.069800,1.078500,1.064600,1.075000,797451
2024-10-08T09:00:00Z,1.075200,1.081500,1.067100,1.080500,920424
2024-10-08T10:00:00Z,1.080500,1.086800,1.076900,1.080500,1119670
2024-10-08T11:00:00Z,1.080300,1.090100,1.074700,1.089400,1060149
2024-10-08T12:00:00Z,1.089100,1.092000,1.073200,1.076900,1285272
2024-10-08T13:00:00Z,1.076500,1.092800,1.066000,1.091800,1515713
2024-10-08T14:00:00Z,1.091900,1.097000,1.067200,1.085700,2012580
2024-10-08T15:00:00Z,1.085800,1.086600,1.056000,1.068800,2175096
2024-10-08T16:00:00Z,1.068800,1.091000,1.060700,1.084200,1640295
2024-10-08T17:00:00Z,1.084200,1.084200,1.066100,1.074800,791302
2024-10-08T18:00:00Z,1.074900,1.086000,1.059800,1.071600,1214849
2024-10-08T19:00:00Z,1.071400,1.079600,1.061200,1.076300,777498
2024-10-08T20:00:00Z,1.076200,1.080800,1.070400,1.079300,495660
2024-10-08T21:00:00Z,1.079300,1.085800,1.076100,1.083600,562182
2024-10-08T22:00:00Z,1.083400,1.084100,1.067200,1.068000,742684
2024-10-08T23:00:00Z,1.067800,1.071500,1.060900,1.070700,719325
2024-10-09T00:00:00Z,1.071000,1.079000,1.062900,1.072800,1099156
2024-10-09T01:00:00Z,1.072900,1.090300,1.069800,1.083800,1437930
2024-10-09T02:00:00Z,1.083900,1.083900,1.070100,1.070400,622869
2024-10-09T03:00:00Z,1.070500,1.077400,1.064000,1.072600,1091875
2024-10-09T04:00:00Z,1.072500,1.076400,1.068000,1.070000,735245
2024-10-09T05:00:00Z,1.070000,1.084700,1.069900,1.082800,724546
2024-10-09T06:00:00Z,1.082800,1.085500,1.075900,1.077000,840781
2024-10-09T07:00:00Z,1.076900,1.077200,1.066400,1.070200,688256
2024-10-09T08:00:00Z,1.070200,1.073800,1.066100,1.066700,577941
2024-10-09T09:00:00Z,1.066600,1.078800,1.065900,1.077500,1246493
2024-10-09T10:00:00Z,1.077400,1.077700,1.068200,1.073600,666524
2024-10-09T11:00:00Z,1.073600,1.081700,1.071300,1.081200,417326
2024-10-09T12:00:00Z,1.081100,1.082900,1.055000,1.064200,1953056
2024-10-09T13:00:00Z,1.064100,1.069300,1.053900,1.057800,1816922
2024-10-09T14:00:00Z,1.058100,1.068900,1.052900,1.060100,1164798
2024-10-09T15:00:00Z,1.060300,1.085200,1.059400,1.075800,1850307
2024-10-09T16:00:00Z,1.075600,1.077900,1.053000,1.058900,2896561
2024-10-09T17:00:00Z,1.058900,1.062000,1.049900,1.057700,1043015
2024-10-09T18:00:00Z,1.057500,1.060200,1.037500,1.041600,1644074
2024-10-09T19:00:00Z,1.041600,1.047500,1.034900,1.043100,941222
2024-10-09T20:00:00Z,1.043000,1.043000,1.014300,1.015200,2297023
2024-10-09T21:00:00Z,1.014800,1.028700,1.012800,1.027400,865145
2024-10-09T22:00:00Z,1.027500,1.028300,1.020000,1.024000,587833
2024-10-09T23:00:00Z,1.023900,1.031600,1.021500,1.029100,906309
2024-10-10T00:00:00Z,1.028800,1.039100,1.021900,1.036800,1138110
2024-10-10T01:00:00Z,1.036800,1.049900,1.035900,1.045800,1459344
2024-10-10T02:00:00Z,1.045900,1.052900,1.045100,1.051500,1121068
2024-10-10T03:00:00Z,1.051700,1.052400,1.042200,1.042700,612720
2024-10-10T04:00:00Z,1.042600,1.047000,1.040500,1.042600,399281
2024-10-10T05:00:00Z,1.042600,1.056200,1.040600,1.051700,834486
2024-10-10T06:00:00Z,1.051900,1.056200,1.048900,1.056000,727363
2024-10-10T07:00:00Z,1.056000,1.056600,1.043500,1.043600,821981
2024-10-10T08:00:00Z,1.043600,1.048100,1.032800,1.034300,958826
2024-10-10T09:00:00Z,1.034100,1.038600,1.025100,1.036300,1157874
2024-10-10T10:00:00Z,1.035900,1.044300,1.035100,1.039400,792698
2024-10-10T11:00:00Z,1.039300,1.049500,1.038700,1.049100,877920
2024-10-10T12:00:00Z,1.049300,1.050700,1.029000,1.039100,1763264
2024-10-10T13:00:00Z,1.038800,1.051500,1.026100,1.034500,1440283
2024-10-10T14:00:00Z,1.034400,1.038400,1.022500,1.033000,1183944
2024-10-10T15:00:00Z,1.033200,1.043800,1.026200,1.043300,1055982
2024-10-10T16:00:00Z,1.043500,1.051100,1.027200,1.028300,1229227
2024-10-10T17:00:00Z,1.028600,1.036200,1.015300,1.019700,1412737
2024-10-10T18:00:00Z,1.019600,1.025000,1.008200,1.024300,2050981
2024-10-10T19:00:00Z,1.024000,1.026100,1.015900,1.021700,764472
2024-10-10T20:00:00Z,1.021600,1.029500,1.016800,1.017700,1374601
2024-10-10T21:00:00Z,1.017700,1.032300,1.014600,1.031700,1009504
2024-10-10T22:00:00Z,1.031700,1.032800,1.024400,1.027200,768946
2024-10-10T23:00:00Z,1.027200,1.035300,1.026500,1.034800,738117
2024-10-11T00:00:00Z,1.034700,1.039000,1.029200,1.031700,804381
2024-10-11T01:00:00Z,1.031600,1.046500,1.026100,1.041800,1164527
2024-10-11T02:00:00Z,1.041800,1.042900,1.031800,1.037700,810206
2024-10-11T03:00:00Z,1.038000,1.046000,1.038000,1.040800,921891
2024-10-11T04:00:00Z,1.040900,1.043900,1.030900,1.033700,785355
2024-10-11T05:00:00Z,1.033700,1.038400,1.029200,1.030900,834043
2024-10-11T06:00:00Z,1.031000,1.040800,1.029200,1.039000,658305
2024-10-11T07:00:00Z,1.039000,1.043400,1.032000,1.032600,942889
2024-10-11T08:00:00Z,1.032200,1.041500,1.032100,1.036400,740694
2024-10-11T09:00:00Z,1.036500,1.051400,1.036200,1.047900,1517970
2024-10-11T10:00:00Z,1.048100,1.053700,1.041700,1.045700,1099640
2024-10-11T11:00:00Z,1.045600,1.050600,1.042400,1.046500,545823
2024-10-11T12:00:00Z,1.046600,1.056800,1.046600,1.056700,862013
2024-10-11T13:00:00Z,1.056400,1.070900,1.052400,1.069500,1747847
2024-10-11T14:00:00Z,1.069500,1.072800,1.062100,1.068300,1912424
2024-10-11T15:00:00Z,1.068800,1.085600,1.068000,1.083700,1888021
2024-10-11T16:00:00Z,1.083800,1.090700,1.073200,1.076100,1681486
2024-10-11T17:00:00Z,1.076400,1.081800,1.072600,1.079900,996062
2024-10-11T18:00:00Z,1.079900,1.080400,1.064900,1.069700,1644756
2024-10-11T19:00:00Z,1.069900,1.083800,1.066700,1.076600,1358544
2024-10-11T20:00:00Z,1.076700,1.081000,1.074100,1.075300,831689
2024-10-11T21:00:00Z,1.075600,1.077900,1.070400,1.072400,538510
2024-10-11T22:00:00Z,1.072300,1.075100,1.068100,1.072700,680716
2024-10-11T23:00:00Z,1.072700,1.076700,1.069800,1.073500,419382
2024-10-12T00:00:00Z,1.073400,1.086000,1.072600,1.082400,1271434
2024-10-12T01:00:00Z,1.082400,1.091700,1.080000,1.080900,1181538
2024-10-12T02:00:00Z,1.081000,1.081400,1.070000,1.071300,883111
2024-10-12T03:00:00Z,1.071100,1.075300,1.066300,1.070000,563486
2024-10-12T04:00:00Z,1.069900,1.080500,1.069900,1.075600,545469
2024-10-12T05:00:00Z,1.076200,1.080700,1.074300,1.080500,321382
2024-10-12T06:00:00Z,1.080500,1.084600,1.079400,1.079900,441147
2024-10-12T07:00:00Z,1.079800,1.087500,1.074800,1.086800,1110439
2024-10-12T08:00:00Z,1.086900,1.089300,1.080700,1.081200,816390
2024-10-12T09:00:00Z,1.081200,1.081600,1.074400,1.076300,1526947
2024-10-12T10:00:00Z,1.076400,1.085800,1.073900,1.083900,1544635
2024-10-12T11:00:00Z,1.084000,1.091500,1.076600,1.077600,1392235
2024-10-12T12:00:00Z,1.077600,1.081500,1.072500,1.079300,893819
2024-10-12T13:00:00Z,1.079100,1.087500,1.077700,1.083400,1113332
2024-10-12T14:00:00Z,1.083500,1.092800,1.080600,1.089900,1245403
2024-10-12T15:00:00Z,1.090000,1.094600,1.082800,1.086300,1528701
2024-10-12T16:00:00Z,1.086500,1.095500,1.085500,1.085500,904416
2024-10-12T17:00:00Z,1.085500,1.089900,1.080800,1.082000,624536
2024-10-12T18:00:00Z,1.082200,1.087400,1.075000,1.077600,594094
2024-10-12T19:00:00Z,1.077500,1.080400,1.074200,1.078500,399120
2024-10-12T20:00:00Z,1.078500,1.086900,1.077700,1.081700,704055
2024-10-12T21:00:00Z,1.081800,1.090900,1.081800,1.085900,466192
2024-10-12T22:00:00Z,1.086000,1.086200,1.080300,1.085300,621250
2024-10-12T23:00:00Z,1.085100,1.085900,1.076800,1.077300,608982
2024-10-13T00:00:00Z,1.077200,1.081100,1.073500,1.076200,865993
2024-10-13T01:00:00Z,1.076000,1.076100,1.057500,1.061400,1673052
2024-10-13T02:00:00Z,1.061400,1.066100,1.057100,1.062000,867872
2024-10-13T03:00:00Z,1.062500,1.064800,1.050800,1.053300,1022313
2024-10-13T04:00:00Z,1.052900,1.063800,1.052400,1.063200,726466
2024-10-13T05:00:00Z,1.063400,1.067800,1.060900,1.063200,662739
2024-10-13T06:00:00Z,1.063300,1.069200,1.061600,1.062300,583634
2024-10-13T07:00:00Z,1.062500,1.065300,1.055300,1.061100,437898
2024-10-13T08:00:00Z,1.061000,1.068300,1.053500,1.055300,1266770
2024-10-13T09:00:00Z,1.055200,1.060600,1.054300,1.057500,594117
2024-10-13T10:00:00Z,1.057600,1.059400,1.046100,1.047700,1440111
2024-10-13T11:00:00Z,1.047600,1.053500,1.039000,1.040500,1659042
2024-10-13T12:00:00Z,1.040600,1.052800,1.040100,1.047300,917800
2024-10-13T13:00:00Z,1.047200,1.051600,1.046100,1.047900,447945
2024-10-13T14:00:00Z,1.047900,1.048700,1.032200,1.034400,1240390
2024-10-13T15:00:00Z,1.034100,1.038600,1.020200,1.030300,2009293
2024-10-13T16:00:00Z,1.030200,1.038100,1.027400,1.030500,1269166
2024-10-13T17:00:00Z,1.030600,1.036500,1.019400,1.021100,1458479
2024-10-13T18:00:00Z,1.021000,1.026300,1.011900,1.020600,1283285
2024-10-13T19:00:00Z,1.020700,1.030400,1.020600,1.029600,642709
2024-10-13T20:00:00Z,1.029800,1.035500,1.027100,1.035500,524484
2024-10-13T21:00:00Z,1.035300,1.047000,1.033800,1.045300,834939
2024-10-13T22:00:00Z,1.045300,1.060300,1.044600,1.049200,1565980
2024-10-13T23:00:00Z,1.049000,1.049400,1.042700,1.048500,757051
2024-10-14T00:00:00Z,1.048600,1.050800,1.035300,1.036800,1355083
2024-10-14T01:00:00Z,1.036800,1.050900,1.036800,1.041900,679952
2024-10-14T02:00:00Z,1.041900,1.044500,1.034400,1.042800,568547
2024-10-14T03:00:00Z,1.042500,1.079900,1.042000,1.079100,3117842
2024-10-14T04:00:00Z,1.079200,1.090400,1.073700,1.082600,3131859
2024-10-14T05:00:00Z,1.082600,1.085000,1.066200,1.079300,1557170
2024-10-14T06:00:00Z,1.079300,1.092600,1.077300,1.088400,1606761
2024-10-14T07:00:00Z,1.088400,1.099500,1.083900,1.092900,2433596
2024-10-14T08:00:00Z,1.093100,1.095000,1.086700,1.087700,2161050
2024-10-14T09:00:00Z,1.087500,1.112900,1.083600,1.097900,2910038
2024-10-14T10:00:00Z,1.097900,1.112700,1.097900,1.110000,1386940
2024-10-14T11:00:00Z,1.110100,1.116600,1.104600,1.115800,1166224
2024-10-14T12:00:00Z,1.115700,1.137600,1.113400,1.132700,4078963
2024-10-14T13:00:00Z,1.133000,1.142100,1.123300,1.136600,2767437
2024-10-14T14:00:00Z,1.137000,1.170100,1.135500,1.146900,4831567
2024-10-14T15:00:00Z,1.146800,1.168700,1.144100,1.166900,3021081
2024-10-14T16:00:00Z,1.166900,1.177900,1.149600,1.160200,4181418
2024-10-14T17:00:00Z,1.160000,1.178300,1.156000,1.172000,1864733
2024-10-14T18:00:00Z,1.171900,1.187300,1.167500,1.181200,1944886
2024-10-14T19:00:00Z,1.181300,1.185900,1.171200,1.177700,1672570
2024-10-14T20:00:00Z,1.177700,1.184000,1.175300,1.183700,1194585
2024-10-14T21:00:00Z,1.183400,1.185300,1.176300,1.184100,999110
2024-10-14T22:00:00Z,1.184000,1.195200,1.183800,1.193800,1570428
2024-10-14T23:00:00Z,1.193700,1.197500,1.184300,1.189200,1182290
2024-10-15T00:00:00Z,1.189200,1.200500,1.181300,1.190800,2628896
2024-10-15T01:00:00Z,1.191100,1.193800,1.177800,1.182700,1370131
2024-10-15T02:00:00Z,1.182900,1.194700,1.179900,1.186100,1130558
2024-10-15T03:00:00Z,1.186200,1.186500,1.164300,1.165800,1775610
2024-10-15T04:00:00Z,1.165800,1.180800,1.159800,1.175500,1895581
2024-10-15T05:00:00Z,1.175500,1.177000,1.155200,1.158900,1624693
2024-10-15T06:00:00Z,1.159000,1.171600,1.152000,1.165400,1347991
2024-10-15T07:00:00Z,1.165500,1.182900,1.162000,1.164000,1817079
2024-10-15T08:00:00Z,1.164000,1.174400,1.163100,1.170800,1222541
2024-10-15T09:00:00Z,1.170800,1.171200,1.156500,1.159800,1203877
2024-10-15T10:00:00Z,1.159900,1.176400,1.156500,1.165400,1414401
2024-10-15T11:00:00Z,1.165300,1.167600,1.121800,1.131000,4066743
2024-10-15T12:00:00Z,1.131100,1.155100,1.124000,1.148000,1992313
2024-10-15T13:00:00Z,1.147700,1.194200,1.138900,1.188800,2732853
2024-10-15T14:00:00Z,1.188400,1.205100,1.121100,1.127700,7756932
2024-10-15T15:00:00Z,1.127800,1.142100,1.104400,1.132900,5181513
2024-10-15T16:00:00Z,1.133100,1.164400,1.130100,1.149000,2620629
2024-10-15T17:00:00Z,1.149200,1.157200,1.136300,1.146000,1514229
2024-10-15T18:00:00Z,1.146000,1.157600,1.143200,1.146800,867162
2024-10-15T19:00:00Z,1.146600,1.149800,1.122600,1.124000,2222056
2024-10-15T20:00:00Z,1.123900,1.129400,1.103600,1.106400,2338642
2024-10-15T21:00:00Z,1.106500,1.121700,1.105100,1.120800,1462338
2024-10-15T22:00:00Z,1.120500,1.128400,1.114500,1.123000,780818
2024-10-15T23:00:00Z,1.123100,1.140400,1.123100,1.140000,724642
2024-10-16T00:00:00Z,1.139900,1.142000,1.123500,1.125100,1561087
2024-10-16T01:00:00Z,1.125200,1.141500,1.116000,1.138600,1541412
2024-10-16T02:00:00Z,1.138500,1.155400,1.137300,1.146400,1494282
2024-10-16T03:00:00Z,1.146300,1.151600,1.138600,1.141300,776182
2024-10-16T04:00:00Z,1.140900,1.143600,1.125600,1.135800,1255166
2024-10-16T05:00:00Z,1.135900,1.149300,1.133300,1.141000,906463
2024-10-16T06:00:00Z,1.141000,1.143900,1.124400,1.135400,909766
2024-10-16T07:00:00Z,1.135200,1.135200,1.112000,1.117700,2453415
2024-10-16T08:00:00Z,1.117400,1.130000,1.113800,1.118600,1193896
2024-10-16T09:00:00Z,1.118700,1.137300,1.118600,1.133200,1084823
2024-10-16T10:00:00Z,1.133400,1.133400,1.119800,1.121600,1102150
2024-10-16T11:00:00Z,1.121800,1.143700,1.115100,1.132400,2077031
2024-10-16T12:00:00Z,1.132400,1.142700,1.123400,1.124600,1315964
2024-10-16T13:00:00Z,1.124700,1.132400,1.107600,1.111100,2065892
2024-10-16T14:00:00Z,1.111400,1.131200,1.101600,1.113300,1897796
2024-10-16T15:00:00Z,1.113300,1.115200,1.096800,1.100400,2379463
2024-10-16T16:00:00Z,1.100400,1.110100,1.090000,1.105000,2066256
2024-10-16T17:00:00Z,1.105300,1.112700,1.100400,1.104200,976038
2024-10-16T18:00:00Z,1.104200,1.111200,1.103400,1.106100,709302
2024-10-16T19:00:00Z,1.106000,1.111800,1.103800,1.108800,572065
2024-10-16T20:00:00Z,1.108100,1.135700,1.108100,1.128500,1387683
2024-10-16T21:00:00Z,1.127800,1.133600,1.113300,1.116600,795444
2024-10-16T22:00:00Z,1.116600,1.131100,1.116600,1.126700,866730
2024-10-16T23:00:00Z,1.126600,1.127500,1.115100,1.118300,396173
2024-10-17T00:00:00Z,1.118300,1.128900,1.117700,1.121000,617732
2024-10-17T01:00:00Z,1.121200,1.134100,1.114200,1.131800,890220
2024-10-17T02:00:00Z,1.131800,1.132900,1.116800,1.120100,679875
2024-10-17T03:00:00Z,1.120300,1.137500,1.120000,1.134600,1040166
2024-10-17T04:00:00Z,1.134600,1.137400,1.120300,1.120400,1086166
2024-10-17T05:00:00Z,1.120400,1.125400,1.111100,1.112700,865375
2024-10-17T06:00:00Z,1.112600,1.115300,1.098300,1.099200,1691802
2024-10-17T07:00:00Z,1.099400,1.103100,1.090100,1.099800,1654603
2024-10-17T08:00:00Z,1.099700,1.108100,1.093600,1.104700,1293311
2024-10-17T09:00:00Z,1.104800,1.107400,1.092100,1.092700,1004004
2024-10-17T10:00:00Z,1.092500,1.094400,1.075700,1.090500,2497416
2024-10-17T11:00:00Z,1.090500,1.091700,1.067500,1.073700,1969882
2024-10-17T12:00:00Z,1.073600,1.087200,1.070600,1.084000,1832634
2024-10-17T13:00:00Z,1.084000,1.094300,1.072600,1.082900,1600383
2024-10-17T14:00:00Z,1.083300,1.095800,1.073500,1.092400,1750341
2024-10-17T15:00:00Z,1.092300,1.108300,1.085700,1.105300,1989857
2024-10-17T16:00:00Z,1.105500,1.105600,1.085700,1.090300,1518666
2024-10-17T17:00:00Z,1.090400,1.097000,1.075200,1.079400,1673969
2024-10-17T18:00:00Z,1.079400,1.082300,1.063900,1.071300,1892224
2024-10-17T19:00:00Z,1.071200,1.083200,1.067900,1.080800,1206838
2024-10-17T20:00:00Z,1.080600,1.090100,1.079600,1.083500,462125
2024-10-17T21:00:00Z,1.083300,1.087100,1.081900,1.083400,847562
2024-10-17T22:00:00Z,1.083400,1.093000,1.083400,1.093000,685937
2024-10-17T23:00:00Z,1.092600,1.092800,1.081800,1.087500,460826
2024-10-18T00:00:00Z,1.087300,1.094000,1.081000,1.081900,1022420
2024-10-18T01:00:00Z,1.082100,1.115500,1.081800,1.109500,1183525
2024-10-18T02:00:00Z,1.109600,1.112600,1.100900,1.108400,1046218
2024-10-18T03:00:00Z,1.108500,1.109100,1.093500,1.094400,737212
2024-10-18T04:00:00Z,1.094400,1.105700,1.093800,1.100400,658922
2024-10-18T05:00:00Z,1.100500,1.109300,1.095400,1.108700,819254
2024-10-18T06:00:00Z,1.108700,1.118600,1.106500,1.108800,1336811
2024-10-18T07:00:00Z,1.108800,1.122400,1.103700,1.121200,1438486
2024-10-18T08:00:00Z,1.121300,1.121300,1.106100,1.106800,942964
2024-10-18T09:00:00Z,1.106900,1.112500,1.102400,1.103100,902270
2024-10-18T10:00:00Z,1.103300,1.105800,1.100700,1.103100,613117
2024-10-18T11:00:00Z,1.103100,1.106300,1.097400,1.098900,666234
2024-10-18T12:00:00Z,1.098400,1.102400,1.089000,1.091800,905811
2024-10-18T13:00:00Z,1.091700,1.106500,1.091000,1.103700,1153191
2024-10-18T14:00:00Z,1.103700,1.119000,1.097900,1.116400,2548771
2024-10-18T15:00:00Z,1.116400,1.120800,1.106400,1.113600,1649493
2024-10-18T16:00:00Z,1.113600,1.126700,1.101000,1.125300,1909676
2024-10-18T17:00:00Z,1.125400,1.127100,1.115200,1.119300,936835
2024-10-18T18:00:00Z,1.119300,1.134600,1.116200,1.127000,1281747
2024-10-18T19:00:00Z,1.127100,1.127300,1.119600,1.124700,706590
2024-10-18T20:00:00Z,1.124600,1.125500,1.116900,1.119500,878545
2024-10-18T21:00:00Z,1.119500,1.124600,1.118900,1.121800,391015
2024-10-18T22:00:00Z,1.121700,1.123500,1.115500,1.121100,505237
2024-10-18T23:00:00Z,1.121000,1.131200,1.120100,1.130000,529734
2024-10-19T00:00:00Z,1.130300,1.136500,1.128300,1.129900,869600
2024-10-19T01:00:00Z,1.129700,1.136200,1.127300,1.127500,862520
2024-10-19T02:00:00Z,1.127500,1.139300,1.126100,1.138800,1143441
2024-10-19T03:00:00Z,1.138600,1.147400,1.135500,1.136400,897574
2024-10-19T04:00:00Z,1.136500,1.141300,1.126500,1.127600,552867
2024-10-19T05:00:00Z,1.127900,1.134400,1.127800,1.131900,507045
2024-10-19T06:00:00Z,1.132000,1.132400,1.126500,1.128800,466113
2024-10-19T07:00:00Z,1.128700,1.130200,1.119600,1.121500,586157
2024-10-19T08:00:00Z,1.121600,1.126600,1.121200,1.123200,419240
2024-10-19T09:00:00Z,1.123000,1.124400,1.116000,1.116200,586281
2024-10-19T10:00:00Z,1.116100,1.119800,1.108300,1.109300,1061585
2024-10-19T11:00:00Z,1.109300,1.115200,1.103400,1.104700,768322
2024-10-19T12:00:00Z,1.104700,1.119800,1.103400,1.117500,894866
2024-10-19T13:00:00Z,1.117400,1.117600,1.109500,1.113700,747738
2024-10-19T14:00:00Z,1.113700,1.126200,1.113700,1.124400,871439
2024-10-19T15:00:00Z,1.124500,1.126800,1.115700,1.116700,790011
2024-10-19T16:00:00Z,1.116700,1.118300,1.107500,1.108000,712025
2024-10-19T17:00:00Z,1.107900,1.119200,1.107100,1.114100,740156
2024-10-19T18:00:00Z,1.113900,1.121200,1.113000,1.118700,452661
2024-10-19T19:00:00Z,1.118700,1.122700,1.114400,1.116300,410731
2024-10-19T20:00:00Z,1.116300,1.125000,1.115200,1.124200,321308
2024-10-19T21:00:00Z,1.124200,1.132700,1.123500,1.126000,665341
2024-10-19T22:00:00Z,1.126300,1.135100,1.125100,1.134600,491641
2024-10-19T23:00:00Z,1.134500,1.140800,1.134100,1.138500,637604
2024-10-20T00:00:00Z,1.138600,1.140500,1.131200,1.131700,953773
2024-10-20T01:00:00Z,1.131900,1.132600,1.126800,1.128500,663587
2024-10-20T02:00:00Z,1.128600,1.131300,1.119000,1.119800,692123
2024-10-20T03:00:00Z,1.119800,1.123600,1.113900,1.123200,660124
2024-10-20T04:00:00Z,1.123200,1.131000,1.119100,1.123400,818200
2024-10-20T05:00:00Z,1.123200,1.130800,1.120400,1.124000,596484
2024-10-20T06:00:00Z,1.123800,1.138300,1.118100,1.137400,1185704
2024-10-20T07:00:00Z,1.137200,1.140200,1.135000,1.137600,732021
2024-10-20T08:00:00Z,1.137500,1.145200,1.135800,1.138500,788133
2024-10-20T09:00:00Z,1.138700,1.150000,1.136300,1.147400,653073
2024-10-20T10:00:00Z,1.147600,1.151300,1.142200,1.145100,751530
2024-10-20T11:00:00Z,1.144800,1.155200,1.144800,1.153400,642893
2024-10-20T12:00:00Z,1.153200,1.168200,1.152100,1.156700,2209637
2024-10-20T13:00:00Z,1.157000,1.181700,1.154800,1.181600,2968103
2024-10-20T14:00:00Z,1.181800,1.226500,1.181400,1.194400,7040134
2024-10-20T15:00:00Z,1.194300,1.197500,1.174400,1.194800,2191345
2024-10-20T16:00:00Z,1.194900,1.196300,1.178100,1.183400,1860725
2024-10-20T17:00:00Z,1.183400,1.184500,1.171600,1.176300,1244450
2024-10-20T18:00:00Z,1.176200,1.185900,1.176000,1.183200,816005
2024-10-20T19:00:00Z,1.183200,1.190900,1.178100,1.188100,770047
2024-10-20T20:00:00Z,1.188100,1.195500,1.184800,1.191900,672264
2024-10-20T21:00:00Z,1.191800,1.199300,1.186400,1.191800,913045
2024-10-20T22:00:00Z,1.192000,1.212900,1.191300,1.206600,2248437
2024-10-20T23:00:00Z,1.206700,1.215400,1.204200,1.214600,1107270
2024-10-21T00:00:00Z,1.214900,1.226700,1.206700,1.212600,1718971
2024-10-21T01:00:00Z,1.212400,1.219100,1.206900,1.210900,836797
2024-10-21T02:00:00Z,1.211100,1.216500,1.196600,1.199100,1420454
2024-10-21T03:00:00Z,1.199000,1.205200,1.195200,1.201100,1203846
2024-10-21T04:00:00Z,1.201000,1.202400,1.192500,1.195700,638170
2024-10-21T05:00:00Z,1.195900,1.201300,1.192700,1.193400,634407
2024-10-21T06:00:00Z,1.193400,1.197800,1.178700,1.181300,752364
2024-10-21T07:00:00Z,1.181600,1.192300,1.175100,1.175900,926632
2024-10-21T08:00:00Z,1.176000,1.184700,1.171700,1.177800,1082733
2024-10-21T09:00:00Z,1.177500,1.181000,1.164000,1.177800,1449142
2024-10-21T10:00:00Z,1.177700,1.178600,1.162800,1.165500,993082
2024-10-21T11:00:00Z,1.165600,1.175500,1.161700,1.164500,850604
2024-10-21T12:00:00Z,1.164500,1.171500,1.157200,1.161200,1164583
2024-10-21T13:00:00Z,1.161100,1.166400,1.141200,1.150800,4304457
2024-10-21T14:00:00Z,1.151200,1.160300,1.145000,1.155100,1781270
2024-10-21T15:00:00Z,1.155200,1.161300,1.145200,1.160600,1071230
2024-10-21T16:00:00Z,1.160800,1.160900,1.143900,1.154700,1468532
2024-10-21T17:00:00Z,1.154700,1.170700,1.154000,1.162000,1278503
2024-10-21T18:00:00Z,1.162600,1.162700,1.150400,1.155300,703521
2024-10-21T19:00:00Z,1.155200,1.172700,1.154900,1.171600,640954
2024-10-21T20:00:00Z,1.171300,1.171500,1.161700,1.164900,500989
2024-10-21T21:00:00Z,1.165000,1.169700,1.163200,1.166900,700421
2024-10-21T22:00:00Z,1.166800,1.171400,1.162100,1.164800,572328
2024-10-21T23:00:00Z,1.164700,1.164700,1.155400,1.157100,463670
2024-10-22T00:00:00Z,1.157100,1.164500,1.136700,1.160800,2068640
2024-10-22T01:00:00Z,1.161000,1.170000,1.155100,1.167900,861768
2024-10-22T02:00:00Z,1.167900,1.175800,1.156100,1.158100,635260
2024-10-22T03:00:00Z,1.158100,1.166700,1.157900,1.166200,569409
2024-10-22T04:00:00Z,1.166600,1.166800,1.156100,1.158300,501533
2024-10-22T05:00:00Z,1.158200,1.171400,1.156400,1.170500,698564
2024-10-22T06:00:00Z,1.170600,1.179200,1.166400,1.167600,936271
2024-10-22T07:00:00Z,1.167900,1.178100,1.167200,1.174400,783524
2024-10-22T08:00:00Z,1.174400,1.176100,1.152300,1.153200,1716151
2024-10-22T09:00:00Z,1.153400,1.165100,1.145300,1.151000,1657290
2024-10-22T10:00:00Z,1.151100,1.158200,1.147000,1.154300,733121
2024-10-22T11:00:00Z,1.154300,1.156400,1.149400,1.149900,597865
2024-10-22T12:00:00Z,1.149800,1.153000,1.130700,1.133700,1684778
2024-10-22T13:00:00Z,1.133900,1.143000,1.125700,1.138400,2067098
2024-10-22T14:00:00Z,1.138300,1.150000,1.130000,1.146800,2135638
2024-10-22T15:00:00Z,1.146900,1.150600,1.132800,1.146900,1217024
2024-10-22T16:00:00Z,1.146800,1.147100,1.125000,1.125600,1452363
2024-10-22T17:00:00Z,1.125700,1.145000,1.123500,1.142800,872062
2024-10-22T18:00:00Z,1.142900,1.147000,1.133200,1.134800,688785
2024-10-22T19:00:00Z,1.134800,1.149500,1.133700,1.142400,793429
2024-10-22T20:00:00Z,1.142300,1.144800,1.136400,1.141300,572231
2024-10-22T21:00:00Z,1.141400,1.145500,1.136400,1.144400,261650
2024-10-22T22:00:00Z,1.144500,1.153600,1.142400,1.151000,724724
2024-10-22T23:00:00Z,1.150700,1.152900,1.141300,1.145100,318427
2024-10-23T00:00:00Z,1.144900,1.147500,1.139000,1.139900,461163
2024-10-23T01:00:00Z,1.139800,1.147900,1.135800,1.141900,591959
2024-10-23T02:00:00Z,1.141800,1.143400,1.131900,1.132800,461811
2024-10-23T03:00:00Z,1.132700,1.139700,1.127000,1.137200,541047
2024-10-23T04:00:00Z,1.137100,1.138600,1.128000,1.131500,492615
2024-10-23T05:00:00Z,1.131600,1.132300,1.124700,1.127700,495386
2024-10-23T06:00:00Z,1.127800,1.139700,1.126100,1.126900,493876
2024-10-23T07:00:00Z,1.127000,1.130500,1.116000,1.117800,965846
2024-10-23T08:00:00Z,1.118000,1.122500,1.100300,1.104100,2050040
2024-10-23T09:00:00Z,1.103900,1.112500,1.100000,1.109900,1406949
2024-10-23T10:00:00Z,1.109900,1.114900,1.104600,1.105700,823055
2024-10-23T11:00:00Z,1.105900,1.113900,1.102100,1.104300,619389
2024-10-23T12:00:00Z,1.104400,1.109100,1.098700,1.103700,1255166
2024-10-23T13:00:00Z,1.103700,1.116400,1.101300,1.112700,743692
2024-10-23T14:00:00Z,1.112800,1.113600,1.094900,1.096000,1927039
2024-10-23T15:00:00Z,1.096100,1.099800,1.084600,1.094300,2054736
2024-10-23T16:00:00Z,1.094300,1.096700,1.075000,1.077400,2282605
2024-10-23T17:00:00Z,1.077200,1.091600,1.076300,1.078600,1027427
2024-10-23T18:00:00Z,1.078500,1.083500,1.060100,1.082300,2542021
2024-10-23T19:00:00Z,1.081900,1.090600,1.076700,1.089400,1044330
2024-10-23T20:00:00Z,1.089600,1.097200,1.085300,1.094700,788393
2024-10-23T21:00:00Z,1.094800,1.095600,1.086900,1.087800,527996
2024-10-23T22:00:00Z,1.087800,1.097400,1.087300,1.092600,659940
2024-10-23T23:00:00Z,1.092600,1.100100,1.090900,1.095800,650047
2024-10-24T00:00:00Z,1.095600,1.114900,1.089600,1.114300,933630
2024-10-24T01:00:00Z,1.114400,1.115800,1.102400,1.104700,1229025
2024-10-24T02:00:00Z,1.105000,1.109300,1.100700,1.108700,675422
2024-10-24T03:00:00Z,1.108900,1.110500,1.100300,1.100500,433420
2024-10-24T04:00:00Z,1.100400,1.109300,1.099000,1.107700,561150
2024-10-24T05:00:00Z,1.107700,1.109700,1.103600,1.104400,584725
2024-10-24T06:00:00Z,1.104300,1.108200,1.098500,1.098500,539489
2024-10-24T07:00:00Z,1.098400,1.102900,1.094600,1.094600,922571
2024-10-24T08:00:00Z,1.094500,1.100700,1.085300,1.085300,931726
2024-10-24T09:00:00Z,1.085400,1.092100,1.080800,1.086200,1130424
2024-10-24T10:00:00Z,1.086400,1.094400,1.082500,1.084300,830833
2024-10-24T11:00:00Z,1.084500,1.093300,1.083200,1.089400,453703
2024-10-24T12:00:00Z,1.089600,1.101100,1.087100,1.095700,754984
2024-10-24T13:00:00Z,1.095800,1.102800,1.089900,1.099400,1264673
2024-10-24T14:00:00Z,1.099600,1.103400,1.089600,1.099000,1318740
2024-10-24T15:00:00Z,1.099100,1.108300,1.094800,1.103300,800461
2024-10-24T16:00:00Z,1.103100,1.108000,1.097600,1.101900,723694
2024-10-24T17:00:00Z,1.101800,1.107400,1.097800,1.103900,493815
2024-10-24T18:00:00Z,1.103900,1.108700,1.103200,1.104500,319030
2024-10-24T19:00:00Z,1.104200,1.111700,1.101000,1.111100,577282
2024-10-24T20:00:00Z,1.111300,1.111600,1.101700,1.105600,634024
2024-10-24T21:00:00Z,1.105700,1.116300,1.104000,1.106700,747871
2024-10-24T22:00:00Z,1.106600,1.110300,1.100400,1.100700,449184
2024-10-24T23:00:00Z,1.100600,1.102800,1.096900,1.101900,405796
2024-10-25T00:00:00Z,1.101900,1.105800,1.093100,1.096900,891522
2024-10-25T01:00:00Z,1.097000,1.098200,1.090500,1.091800,669833
2024-10-25T02:00:00Z,1.091400,1.096100,1.083900,1.092000,858004
2024-10-25T03:00:00Z,1.092100,1.100000,1.089500,1.091700,514286
2024-10-25T04:00:00Z,1.091500,1.092500,1.068000,1.079000,1416657
2024-10-25T05:00:00Z,1.078900,1.082700,1.071500,1.077500,760655
2024-10-25T06:00:00Z,1.077500,1.082300,1.073200,1.074500,448939
2024-10-25T07:00:00Z,1.074300,1.078000,1.064900,1.072900,1058082
2024-10-25T08:00:00Z,1.072700,1.085900,1.064300,1.083600,1235876
2024-10-25T09:00:00Z,1.083700,1.093600,1.080200,1.089200,1366954
2024-10-25T10:00:00Z,1.089300,1.094300,1.083600,1.093700,745593
2024-10-25T11:00:00Z,1.093900,1.098500,1.090300,1.096500,781099
2024-10-25T12:00:00Z,1.096300,1.101800,1.087900,1.088900,924570
2024-10-25T13:00:00Z,1.088900,1.097600,1.082800,1.096500,751089
2024-10-25T14:00:00Z,1.096500,1.102700,1.088000,1.089600,1096745
2024-10-25T15:00:00Z,1.090000,1.094600,1.070000,1.075200,1118130
2024-10-25T16:00:00Z,1.074700,1.084900,1.066300,1.081600,1162828
2024-10-25T17:00:00Z,1.081700,1.083200,1.057200,1.059400,1438199
2024-10-25T18:00:00Z,1.059200,1.071900,1.037700,1.056700,4185919
2024-10-25T19:00:00Z,1.056400,1.062200,1.051300,1.059700,927909
2024-10-25T20:00:00Z,1.059600,1.063900,1.053200,1.058800,635964
2024-10-25T21:00:00Z,1.058800,1.064600,1.056600,1.063600,489212
2024-10-25T22:00:00Z,1.063300,1.063600,1.043200,1.043900,893811
2024-10-25T23:00:00Z,1.043800,1.046000,0.962000,1.004500,14743560
2024-10-26T00:00:00Z,1.004400,1.009800,0.990500,1.007000,3558511
2024-10-26T01:00:00Z,1.007300,1.013400,1.003600,1.010200,1317631
2024-10-26T02:00:00Z,1.010000,1.018900,0.999900,1.010400,1336261
2024-10-26T03:00:00Z,1.010500,1.013700,1.004500,1.009900,806383
2024-10-26T04:00:00Z,1.010100,1.013000,1.005500,1.007600,946693
2024-10-26T05:00:00Z,1.007600,1.018900,1.007600,1.011400,1010729
2024-10-26T06:00:00Z,1.011400,1.015900,1.007100,1.012300,759521
2024-10-26T07:00:00Z,1.012300,1.013600,1.001700,1.007700,1375729
2024-10-26T08:00:00Z,1.007900,1.014100,1.006400,1.011700,627295
2024-10-26T09:00:00Z,1.011800,1.017400,1.009200,1.009800,836209
2024-10-26T10:00:00Z,1.009800,1.013300,1.006200,1.009100,907306
2024-10-26T11:00:00Z,1.009100,1.014300,1.004900,1.009700,804692
2024-10-26T12:00:00Z,1.009800,1.013600,1.007400,1.008600,784068
2024-10-26T13:00:00Z,1.008600,1.010100,0.996600,0.998200,1593319
2024-10-26T14:00:00Z,0.998300,1.001700,0.980100,0.981500,2159664
2024-10-26T15:00:00Z,0.981500,0.999300,0.979000,0.991600,1894354
2024-10-26T16:00:00Z,0.991700,0.998100,0.982400,0.996700,1171459
2024-10-26T17:00:00Z,0.996900,1.004100,0.996600,1.002800,872711
2024-10-26T18:00:00Z,1.002900,1.005900,0.998200,0.999200,770008
2024-10-26T19:00:00Z,0.999100,1.007700,0.998800,1.006800,487359
2024-10-26T20:00:00Z,1.006700,1.019100,1.005700,1.010000,1116787
2024-10-26T21:00:00Z,1.010200,1.015700,1.010000,1.013800,694680
2024-10-26T22:00:00Z,1.013800,1.014100,1.009300,1.010700,508822
2024-10-26T23:00:00Z,1.010600,1.015900,1.009700,1.014600,419653
2024-10-27T00:00:00Z,1.014600,1.016900,1.008800,1.010800,561080
2024-10-27T01:00:00Z,1.010800,1.015600,1.005100,1.014700,851557
2024-10-27T02:00:00Z,1.014500,1.016500,1.009800,1.010800,669687
2024-10-27T03:00:00Z,1.010900,1.026600,1.009400,1.025300,1164350
2024-10-27T04:00:00Z,1.025100,1.027300,1.020800,1.021600,699580
2024-10-27T05:00:00Z,1.021500,1.025700,1.019500,1.021900,485985
2024-10-27T06:00:00Z,1.022000,1.022000,1.016100,1.019000,363938
2024-10-27T07:00:00Z,1.019000,1.021500,1.016600,1.020400,380216
2024-10-27T08:00:00Z,1.020600,1.025600,1.020600,1.023500,523792
2024-10-27T09:00:00Z,1.023300,1.023900,1.013400,1.016900,559228
2024-10-27T10:00:00Z,1.016900,1.018300,1.011400,1.015900,549718
2024-10-27T11:00:00Z,1.016000,1.019900,1.013300,1.016600,405396
2024-10-27T12:00:00Z,1.016700,1.025300,1.015500,1.017700,754088
2024-10-27T13:00:00Z,1.017800,1.033200,1.017800,1.021400,1165848
2024-10-27T14:00:00Z,1.021200,1.027600,1.019400,1.026900,665310
2024-10-27T15:00:00Z,1.026800,1.040000,1.026800,1.034700,915035
2024-10-27T16:00:00Z,1.034900,1.041600,1.032100,1.040500,785335
2024-10-27T17:00:00Z,1.040600,1.042600,1.033400,1.034100,513213
2024-10-27T18:00:00Z,1.034100,1.034900,1.027100,1.029000,490999
2024-10-27T19:00:00Z,1.028900,1.032400,1.023900,1.029900,708377
2024-10-27T20:00:00Z,1.030000,1.035500,1.029800,1.031000,423911
2024-10-27T21:00:00Z,1.031000,1.043200,1.029800,1.038100,443004
2024-10-27T22:00:00Z,1.038000,1.049800,1.037900,1.039600,911948
2024-10-27T23:00:00Z,1.039800,1.046300,1.034200,1.037300,619426
2024-10-28T00:00:00Z,1.037400,1.042900,1.032000,1.033500,752178
2024-10-28T01:00:00Z,1.033300,1.034300,1.027100,1.028900,794205
2024-10-28T02:00:00Z,1.028800,1.033900,1.028000,1.029000,516384
2024-10-28T03:00:00Z,1.029000,1.032500,1.012500,1.014400,1071766
2024-10-28T04:00:00Z,1.014500,1.021800,1.007700,1.013400,1157304
2024-10-28T05:00:00Z,1.013200,1.015400,0.999300,1.013000,1023806
2024-10-28T06:00:00Z,1.013000,1.017800,1.007700,1.017700,622561
2024-10-28T07:00:00Z,1.017800,1.042500,1.017100,1.030800,1966876
2024-10-28T08:00:00Z,1.030700,1.034900,1.028300,1.032100,740406
2024-10-28T09:00:00Z,1.032000,1.051200,1.024000,1.044900,1224600
2024-10-28T10:00:00Z,1.044800,1.044900,1.032700,1.034300,982924
2024-10-28T11:00:00Z,1.034400,1.035000,1.028100,1.031000,703707
2024-10-28T12:00:00Z,1.031100,1.038100,1.025300,1.030900,1543195
2024-10-28T13:00:00Z,1.030900,1.034600,1.016100,1.017600,2434506
2024-10-28T14:00:00Z,1.017700,1.022500,1.011100,1.016100,1873544
2024-10-28T15:00:00Z,1.016200,1.016300,1.002000,1.003800,1633543
2024-10-28T16:00:00Z,1.003600,1.009900,0.997500,1.000400,1273717
2024-10-28T17:00:00Z,1.000300,1.004000,0.986800,0.996500,1835522
2024-10-28T18:00:00Z,0.996600,1.005600,0.995100,1.003300,830852
2024-10-28T19:00:00Z,1.003200,1.017200,1.002300,1.010200,1950417
2024-10-28T20:00:00Z,1.010200,1.010200,1.010200,1.010200,0
2024-10-28T21:00:00Z,1.016500,1.034100,1.013800,1.034100,963883
2024-10-28T22:00:00Z,1.034100,1.054800,1.034100,1.042500,1949074
2024-10-28T23:00:00Z,1.042700,1.045500,1.038900,1.042300,703992
2024-10-29T00:00:00Z,1.042400,1.055800,1.039700,1.053100,1047758
2024-10-29T01:00:00Z,1.052900,1.061400,1.047800,1.059600,914285
2024-10-29T02:00:00Z,1.059700,1.077000,1.056100,1.071700,2789346
2024-10-29T03:00:00Z,1.071800,1.082300,1.069000,1.075500,1557172
2024-10-29T04:00:00Z,1.075300,1.084700,1.073600,1.078900,1122639
2024-10-29T05:00:00Z,1.079000,1.081800,1.069000,1.070400,902292
2024-10-29T06:00:00Z,1.070400,1.074200,1.064300,1.066900,869657
2024-10-29T07:00:00Z,1.066700,1.068800,1.061400,1.065000,822965
2024-10-29T08:00:00Z,1.065000,1.078000,1.064400,1.072800,707586
2024-10-29T09:00:00Z,1.072900,1.079100,1.072900,1.077500,514129
2024-10-29T10:00:00Z,1.077700,1.079200,1.069300,1.072500,1081225
2024-10-29T11:00:00Z,1.072400,1.079500,1.072000,1.077100,1041434
2024-10-29T12:00:00Z,1.077000,1.085000,1.073200,1.074900,968035
2024-10-29T13:00:00Z,1.074900,1.089000,1.074000,1.088400,1930119
2024-10-29T14:00:00Z,1.088200,1.089800,1.074700,1.080100,1211943
2024-10-29T15:00:00Z,1.079900,1.089400,1.076600,1.088700,1065019
2024-10-29T16:00:00Z,1.088700,1.104900,1.085100,1.099900,2383096
2024-10-29T17:00:00Z,1.100000,1.107600,1.091500,1.092100,1747797
2024-10-29T18:00:00Z,1.092200,1.104000,1.090800,1.102100,1121412
2024-10-29T19:00:00Z,1.102400,1.104900,1.078300,1.081000,2080523
2024-10-29T20:00:00Z,1.081200,1.084100,1.071100,1.082100,1389484
2024-10-29T21:00:00Z,1.081900,1.089000,1.078800,1.083200,498792
2024-10-29T22:00:00Z,1.083200,1.094500,1.082500,1.089400,635917
2024-10-29T23:00:00Z,1.089500,1.089900,1.085600,1.087100,584136
2024-10-30T00:00:00Z,1.087100,1.090800,1.080400,1.082600,901467
2024-10-30T01:00:00Z,1.082600,1.089200,1.073700,1.083600,1388205
2024-10-30T02:00:00Z,1.083600,1.093400,1.083100,1.089800,620016
2024-10-30T03:00:00Z,1.090000,1.103400,1.090000,1.098800,1119023
2024-10-30T04:00:00Z,1.098800,1.100600,1.092200,1.094600,571170
2024-10-30T05:00:00Z,1.094500,1.101900,1.092700,1.101600,495562
2024-10-30T06:00:00Z,1.101600,1.120200,1.099700,1.102100,2099352
2024-10-30T07:00:00Z,1.102200,1.115200,1.098000,1.101400,885808
2024-10-30T08:00:00Z,1.101600,1.112400,1.087800,1.090800,1115613
2024-10-30T09:00:00Z,1.090900,1.121900,1.090200,1.118100,2065542
2024-10-30T10:00:00Z,1.118200,1.118600,1.101800,1.103000,1196171
2024-10-30T11:00:00Z,1.103100,1.104500,1.088600,1.089000,1557510
2024-10-30T12:00:00Z,1.089100,1.106300,1.081900,1.105500,2213762
2024-10-30T13:00:00Z,1.105300,1.124400,1.095400,1.121300,1993905
2024-10-30T14:00:00Z,1.121400,1.176600,1.117100,1.154100,10675537
2024-10-30T15:00:00Z,1.154500,1.160600,1.124100,1.134100,5333042
2024-10-30T16:00:00Z,1.134100,1.146500,1.126200,1.142300,1708144
2024-10-30T17:00:00Z,1.142100,1.143200,1.120500,1.131000,1991375
2024-10-30T18:00:00Z,1.131300,1.144900,1.129600,1.134700,928498
2024-10-30T19:00:00Z,1.134500,1.135900,1.124700,1.126700,670804
2024-10-30T20:00:00Z,1.126500,1.137800,1.118900,1.137500,1370528
2024-10-30T21:00:00Z,1.137300,1.139600,1.119100,1.129600,884478
2024-10-30T22:00:00Z,1.129500,1.130000,1.120200,1.126800,528462
2024-10-30T23:00:00Z,1.126500,1.137700,1.126200,1.127000,735333
2024-10-31T00:00:00Z,1.126800,1.138800,1.124500,1.125600,886374
2024-10-31T01:00:00Z,1.125700,1.130900,1.112400,1.113000,1617888
2024-10-31T02:00:00Z,1.113000,1.115300,1.101700,1.107900,1615915
2024-10-31T03:00:00Z,1.108300,1.112800,1.097400,1.099200,1257412
2024-10-31T04:00:00Z,1.099300,1.101600,1.092400,1.096800,607498
2024-10-31T05:00:00Z,1.096700,1.103800,1.094700,1.101800,548625
2024-10-31T06:00:00Z,1.101800,1.103600,1.090100,1.093300,654445
2024-10-31T07:00:00Z,1.093200,1.096100,1.085900,1.090100,835297
2024-10-31T08:00:00Z,1.090200,1.090400,1.072000,1.079100,1596972
2024-10-31T09:00:00Z,1.079200,1.083500,1.073400,1.073700,913551
2024-10-31T10:00:00Z,1.073700,1.078300,1.063900,1.069700,2580000
2024-10-31T11:00:00Z,1.069700,1.070000,1.062100,1.067900,1486891
2024-10-31T12:00:00Z,1.067900,1.070600,1.060500,1.067300,771952
2024-10-31T13:00:00Z,1.067200,1.070400,1.055000,1.058200,1686435
2024-10-31T14:00:00Z,1.058000,1.058600,1.041300,1.051300,3382751
2024-10-31T15:00:00Z,1.051100,1.065100,1.050300,1.058800,2044846
2024-10-31T16:00:00Z,1.058300,1.058400,1.048000,1.054800,1495485
2024-10-31T17:00:00Z,1.055100,1.058500,1.035500,1.042100,1440377
2024-10-31T18:00:00Z,1.041900,1.041900,1.027600,1.037900,1899865
2024-10-31T19:00:00Z,1.037800,1.041800,1.030000,1.031200,670979
2024-10-31T20:00:00Z,1.031400,1.041500,1.030900,1.038200,744740
2024-10-31T21:00:00Z,1.038200,1.048100,1.034200,1.046600,444393
2024-10-31T22:00:00Z,1.046700,1.046900,1.035600,1.040400,565634
2024-10-31T23:00:00Z,1.040400,1.044800,1.035000,1.039700,614098
2024-11-01T00:00:00Z,1.039700,1.044000,1.037600,1.037800,677312
2024-11-01T01:00:00Z,1.037600,1.042400,1.026200,1.030600,1560095
2024-11-01T02:00:00Z,1.030600,1.036800,1.020000,1.029800,1912235
2024-11-01T03:00:00Z,1.029800,1.039300,1.028500,1.033600,742242
2024-11-01T04:00:00Z,1.033500,1.045800,1.033200,1.045400,833544
2024-11-01T05:00:00Z,1.045800,1.047100,1.041100,1.044400,778449
2024-11-01T06:00:00Z,1.044400,1.044400,1.028000,1.029200,1220685
2024-11-01T07:00:00Z,1.029000,1.033800,1.020400,1.027700,1381132
2024-11-01T08:00:00Z,1.027700,1.042500,1.025000,1.041100,1317352
2024-11-01T09:00:00Z,1.040900,1.049000,1.038700,1.041200,987635
2024-11-01T10:00:00Z,1.041200,1.054100,1.039200,1.048700,1137378
2024-11-01T11:00:00Z,1.048600,1.051800,1.041500,1.046000,1275902
2024-11-01T12:00:00Z,1.045800,1.063100,1.043000,1.054900,1902624
2024-11-01T13:00:00Z,1.054700,1.064900,1.047600,1.064900,1557390
2024-11-01T14:00:00Z,1.064800,1.068600,1.052500,1.057600,1755214
2024-11-01T15:00:00Z,1.058000,1.060100,1.017800,1.032300,3440552
2024-11-01T16:00:00Z,1.032200,1.049500,1.028800,1.044000,1491176
2024-11-01T17:00:00Z,1.044200,1.046300,1.034300,1.038700,748777
2024-11-01T18:00:00Z,1.038900,1.042800,1.032100,1.040100,920788
2024-11-01T19:00:00Z,1.040200,1.044300,1.035400,1.039600,974061
2024-11-01T20:00:00Z,1.039900,1.043400,1.036000,1.037700,920547
2024-11-01T21:00:00Z,1.037600,1.039000,1.020700,1.031900,1017470
2024-11-01T22:00:00Z,1.031700,1.036300,1.027300,1.028300,384955
2024-11-01T23:00:00Z,1.028300,1.031900,1.026100,1.030800,342046
2024-11-02T00:00:00Z,1.030900,1.038500,1.030100,1.034100,437967
2024-11-02T01:00:00Z,1.034000,1.036400,1.030400,1.035100,438279
2024-11-02T02:00:00Z,1.035200,1.043000,1.028800,1.029700,1030969
2024-11-02T03:00:00Z,1.029800,1.030900,1.021100,1.023000,679761
2024-11-02T04:00:00Z,1.023200,1.027100,1.020300,1.021400,400867
2024-11-02T05:00:00Z,1.021500,1.035700,1.017500,1.031100,893244
2024-11-02T06:00:00Z,1.031300,1.032300,1.024700,1.030100,351552
2024-11-02T07:00:00Z,1.030100,1.030700,1.024500,1.025900,316982
2024-11-02T08:00:00Z,1.025700,1.027300,1.020200,1.020200,348817
2024-11-02T09:00:00Z,1.020300,1.026100,1.017000,1.021500,711238
2024-11-02T10:00:00Z,1.021400,1.022700,1.016600,1.021200,687894
2024-11-02T11:00:00Z,1.021200,1.025800,1.019900,1.022600,405863
2024-11-02T12:00:00Z,1.022500,1.024000,1.007200,1.010900,1605381
2024-11-02T13:00:00Z,1.011000,1.017800,1.003400,1.005300,1110070
2024-11-02T14:00:00Z,1.005500,1.007800,0.997500,1.006900,1783029
2024-11-02T15:00:00Z,1.006800,1.009100,0.999600,1.005400,1003284
2024-11-02T16:00:00Z,1.005400,1.009600,1.000300,1.007000,842662
2024-11-02T17:00:00Z,1.007300,1.008700,0.992000,0.993900,1071386
2024-11-02T18:00:00Z,0.994100,0.996600,0.987500,0.987900,1298413
2024-11-02T19:00:00Z,0.988000,0.993800,0.987100,0.991000,767624
2024-11-02T20:00:00Z,0.991200,1.000300,0.991200,1.000200,637640
2024-11-02T21:00:00Z,1.000300,1.001900,0.997500,0.999900,580517
2024-11-02T22:00:00Z,0.999900,1.001700,0.993400,0.993800,358679
2024-11-02T23:00:00Z,0.993800,0.996600,0.989400,0.996600,404184
2024-11-03T00:00:00Z,0.996300,1.001300,0.992900,0.993000,944777
2024-11-03T01:00:00Z,0.993100,0.998100,0.983100,0.984100,925235
2024-11-03T02:00:00Z,0.984200,0.991900,0.954800,0.964400,4173279
2024-11-03T03:00:00Z,0.964400,0.967300,0.950200,0.962200,2046631
2024-11-03T04:00:00Z,0.962500,0.975400,0.962100,0.975400,885141
2024-11-03T05:00:00Z,0.975400,0.977700,0.966500,0.967400,527944
2024-11-03T06:00:00Z,0.967300,0.979700,0.966400,0.975600,427937
2024-11-03T07:00:00Z,0.975700,0.976800,0.970600,0.971900,295170
2024-11-03T08:00:00Z,0.971800,0.972800,0.966600,0.969800,872774
2024-11-03T09:00:00Z,0.969800,0.970500,0.958800,0.963400,889632
2024-11-03T10:00:00Z,0.963100,0.974100,0.962700,0.969500,734555
2024-11-03T11:00:00Z,0.969700,0.973300,0.960200,0.961600,736265
2024-11-03T12:00:00Z,0.961800,0.967600,0.957300,0.959100,737999
2024-11-03T13:00:00Z,0.959200,0.960900,0.940400,0.943600,3553377
2024-11-03T14:00:00Z,0.943800,0.949000,0.929000,0.933300,2266013
2024-11-03T15:00:00Z,0.933100,0.948900,0.922500,0.946600,2307812
2024-11-03T16:00:00Z,0.946600,0.953100,0.939200,0.942000,1702509
2024-11-03T17:00:00Z,0.942100,0.950800,0.942100,0.945600,694818
2024-11-03T18:00:00Z,0.945700,0.946600,0.923800,0.930100,1682657
2024-11-03T19:00:00Z,0.929300,0.950900,0.928800,0.947100,1478132
2024-11-03T20:00:00Z,0.946800,0.958500,0.944100,0.958100,759887
2024-11-03T21:00:00Z,0.958200,0.965200,0.956800,0.961600,862732
2024-11-03T22:00:00Z,0.961700,0.963300,0.958000,0.960300,259738
2024-11-03T23:00:00Z,0.960000,0.960900,0.952400,0.958600,536518
2024-11-04T00:00:00Z,0.958800,0.960300,0.948300,0.956700,607363
2024-11-04T01:00:00Z,0.956700,0.976700,0.954800,0.973300,1891066
2024-11-04T02:00:00Z,0.973400,0.983100,0.970000,0.982600,979510
2024-11-04T03:00:00Z,0.982400,0.988800,0.972300,0.973100,769462
2024-11-04T04:00:00Z,0.973100,0.980900,0.973000,0.976100,552852
2024-11-04T05:00:00Z,0.976400,0.977000,0.962400,0.962600,620674
2024-11-04T06:00:00Z,0.962600,0.986300,0.962400,0.984200,1662691
2024-11-04T07:00:00Z,0.984200,0.986000,0.969400,0.971200,1403303
2024-11-04T08:00:00Z,0.971100,0.977100,0.964500,0.967800,747275
2024-11-04T09:00:00Z,0.967800,0.975800,0.964700,0.971300,551439
2024-11-04T10:00:00Z,0.970900,0.982200,0.969200,0.978100,1018806
2024-11-04T11:00:00Z,0.977900,0.987500,0.974600,0.978500,1150136
2024-11-04T12:00:00Z,0.978200,0.982000,0.969100,0.972700,1063806
2024-11-04T13:00:00Z,0.972900,0.981200,0.959300,0.959600,1869406
2024-11-04T14:00:00Z,0.959900,0.964500,0.952400,0.959600,1677125
2024-11-04T15:00:00Z,0.959600,0.963400,0.945400,0.948100,1630868
2024-11-04T16:00:00Z,0.948000,0.953700,0.933800,0.939100,2628841
2024-11-04T17:00:00Z,0.939000,0.954200,0.937100,0.949300,1405699
2024-11-04T18:00:00Z,0.949100,0.950400,0.943100,0.944800,666156
2024-11-04T19:00:00Z,0.945100,0.951200,0.944400,0.945800,485993
2024-11-04T20:00:00Z,0.945700,0.946200,0.937300,0.939900,660432
2024-11-04T21:00:00Z,0.939800,0.942700,0.913800,0.918500,3563696
2024-11-04T22:00:00Z,0.918200,0.945500,0.915400,0.940900,1660613
2024-11-04T23:00:00Z,0.940800,0.943300,0.933900,0.937500,811603
2024-11-05T00:00:00Z,0.937500,0.950700,0.936900,0.946300,1084860
2024-11-05T01:00:00Z,0.946600,0.954700,0.937000,0.951800,1549614
2024-11-05T02:00:00Z,0.951800,0.956100,0.945800,0.948800,864000
2024-11-05T03:00:00Z,0.949000,0.957500,0.948800,0.954900,552876
2024-11-05T04:00:00Z,0.954600,0.965200,0.951500,0.960900,1138852
2024-11-05T05:00:00Z,0.961100,0.967700,0.958100,0.965000,758323
2024-11-05T06:00:00Z,0.965200,0.966100,0.960000,0.963200,512200
2024-11-05T07:00:00Z,0.963100,0.969900,0.957100,0.967000,753979
2024-11-05T08:00:00Z,0.967100,0.969300,0.959400,0.967500,932476
2024-11-05T09:00:00Z,0.967300,0.972900,0.962400,0.963200,851505
2024-11-05T10:00:00Z,0.963400,0.964500,0.958700,0.962600,604909
2024-11-05T11:00:00Z,0.962400,0.969500,0.962100,0.967000,841598
2024-11-05T12:00:00Z,0.967100,0.967900,0.959700,0.963800,855382
2024-11-05T13:00:00Z,0.964000,0.965500,0.958000,0.962900,656944
2024-11-05T14:00:00Z,0.962800,0.989400,0.961200,0.980400,2722639
2024-11-05T15:00:00Z,0.980300,0.981000,0.962400,0.970500,2095682
2024-11-05T16:00:00Z,0.970700,0.985300,0.970700,0.979700,2023461
2024-11-05T17:00:00Z,0.979700,0.985600,0.973300,0.973600,1124358
2024-11-05T18:00:00Z,0.973600,0.978600,0.971600,0.975100,643771
2024-11-05T19:00:00Z,0.975200,0.976300,0.951600,0.956700,2171869
2024-11-05T20:00:00Z,0.956900,0.974300,0.952400,0.969900,1287539
2024-11-05T21:00:00Z,0.969900,0.971900,0.963300,0.964100,588711
2024-11-05T22:00:00Z,0.964200,0.973200,0.957600,0.972900,906734
2024-11-05T23:00:00Z,0.972800,0.977400,0.969200,0.969700,875830
2024-11-06T00:00:00Z,0.969800,1.002400,0.969800,0.999500,2629505
2024-11-06T01:00:00Z,0.999800,1.013000,0.994200,1.000200,2324293
2024-11-06T02:00:00Z,1.000300,1.041900,0.997700,1.035600,4530487
2024-11-06T03:00:00Z,1.035600,1.062600,1.034100,1.048700,5917315
2024-11-06T04:00:00Z,1.049000,1.070100,1.045100,1.055800,4667558
2024-11-06T05:00:00Z,1.056100,1.120500,1.046300,1.095300,7785273
2024-11-06T06:00:00Z,1.095400,1.169000,1.094600,1.132100,16381712
2024-11-06T07:00:00Z,1.131800,1.175800,1.131000,1.135200,8501092
2024-11-06T08:00:00Z,1.135200,1.147300,1.115400,1.146100,5994355
2024-11-06T09:00:00Z,1.145900,1.165700,1.133100,1.135000,6621528
2024-11-06T10:00:00Z,1.135000,1.143200,1.126400,1.138700,3636436
2024-11-06T11:00:00Z,1.138700,1.151700,1.135100,1.150000,2519956
2024-11-06T12:00:00Z,1.149900,1.166000,1.149200,1.156300,3307015
2024-11-06T13:00:00Z,1.156500,1.185200,1.155500,1.165200,6021661
2024-11-06T14:00:00Z,1.165200,1.200000,1.145800,1.149000,7938611
2024-11-06T15:00:00Z,1.148900,1.188600,1.146700,1.173700,5531891
2024-11-06T16:00:00Z,1.173800,1.205900,1.173700,1.183900,6196327
2024-11-06T17:00:00Z,1.183800,1.200000,1.180200,1.195600,2850133
2024-11-06T18:00:00Z,1.195700,1.255000,1.195200,1.239500,12025898
2024-11-06T19:00:00Z,1.239300,1.251900,1.230800,1.247000,4513127
2024-11-06T20:00:00Z,1.247100,1.290000,1.236300,1.279900,9523185
2024-11-06T21:00:00Z,1.280000,1.344700,1.274300,1.332400,13836418
2024-11-06T22:00:00Z,1.332400,1.414700,1.329600,1.391600,16859821
2024-11-06T23:00:00Z,1.391700,1.394100,1.328000,1.346200,9888867
2024-11-07T00:00:00Z,1.345900,1.353600,1.314000,1.339600,7329797
2024-11-07T01:00:00Z,1.339500,1.399100,1.332300,1.364400,11540254
2024-11-07T02:00:00Z,1.364600,1.419200,1.364600,1.406300,8981203
2024-11-07T03:00:00Z,1.406100,1.432100,1.375700,1.399100,8625122
2024-11-07T04:00:00Z,1.398800,1.406500,1.375200,1.402300,8187388
2024-11-07T05:00:00Z,1.402500,1.447300,1.395900,1.437000,9159810
2024-11-07T06:00:00Z,1.436900,1.437700,1.349000,1.362800,12981527
2024-11-07T07:00:00Z,1.362700,1.379800,1.348300,1.356400,5908532
2024-11-07T08:00:00Z,1.356200,1.386500,1.345500,1.372600,5374652
2024-11-07T09:00:00Z,1.372600,1.388100,1.365000,1.374200,4200987
2024-11-07T10:00:00Z,1.374300,1.378300,1.362300,1.366500,3191325
2024-11-07T11:00:00Z,1.366500,1.370500,1.341500,1.344300,3170356
2024-11-07T12:00:00Z,1.344200,1.346800,1.320300,1.324700,4651569
2024-11-07T13:00:00Z,1.324600,1.337100,1.283000,1.284600,7238401
2024-11-07T14:00:00Z,1.284700,1.303500,1.262900,1.274600,8872067
2024-11-07T15:00:00Z,1.274600,1.324800,1.274000,1.321000,7690154
2024-11-07T16:00:00Z,1.320700,1.351900,1.317300,1.342200,6971926
2024-11-07T17:00:00Z,1.342400,1.363900,1.333400,1.357900,5297920
2024-11-07T18:00:00Z,1.358100,1.360200,1.327900,1.342000,5532570
2024-11-07T19:00:00Z,1.342200,1.348100,1.306000,1.323200,4253934
2024-11-07T20:00:00Z,1.323300,1.338200,1.321200,1.330500,2882428
2024-11-07T21:00:00Z,1.330600,1.335500,1.322800,1.323200,1795519
2024-11-07T22:00:00Z,1.323400,1.328400,1.304000,1.305600,2338038
2024-11-07T23:00:00Z,1.305700,1.310300,1.279100,1.282400,5405660
2024-11-08T00:00:00Z,1.282500,1.320500,1.282300,1.294500,6928558
2024-11-08T01:00:00Z,1.294600,1.306600,1.273800,1.281600,3480009
2024-11-08T02:00:00Z,1.281300,1.286600,1.251600,1.253300,4905174
2024-11-08T03:00:00Z,1.253500,1.271600,1.250200,1.265100,3195253
2024-11-08T04:00:00Z,1.264800,1.284000,1.257200,1.265600,3287125
2024-11-08T05:00:00Z,1.265200,1.276200,1.255200,1.271500,2703346
2024-11-08T06:00:00Z,1.271400,1.277500,1.258300,1.262100,2490485
2024-11-08T07:00:00Z,1.261900,1.276900,1.253300,1.268900,2624257
2024-11-08T08:00:00Z,1.269000,1.270100,1.255200,1.256000,3235119
2024-11-08T09:00:00Z,1.256000,1.264000,1.250400,1.254900,2819788
2024-11-08T10:00:00Z,1.254600,1.277900,1.251400,1.271100,2864646
2024-11-08T11:00:00Z,1.271000,1.274500,1.253900,1.255100,1758449
2024-11-08T12:00:00Z,1.255100,1.275200,1.254300,1.269100,2545307
2024-11-08T13:00:00Z,1.269100,1.271500,1.245000,1.258800,5191702
2024-11-08T14:00:00Z,1.259200,1.263900,1.238000,1.242100,5048282
2024-11-08T15:00:00Z,1.242300,1.267300,1.240100,1.256000,4425299
2024-11-08T16:00:00Z,1.255900,1.268400,1.234600,1.236000,4281590
2024-11-08T17:00:00Z,1.236000,1.242400,1.220700,1.231000,4953181
2024-11-08T18:00:00Z,1.231000,1.253000,1.223400,1.247300,3702321
2024-11-08T19:00:00Z,1.247200,1.257400,1.239500,1.254500,1680744
2024-11-08T20:00:00Z,1.254600,1.260700,1.241400,1.247800,1914243
2024-11-08T21:00:00Z,1.248000,1.255200,1.243700,1.250900,1340130
2024-11-08T22:00:00Z,1.250800,1.268400,1.249800,1.259100,1386384
2024-11-08T23:00:00Z,1.259200,1.288300,1.259200,1.276900,2623572
2024-11-09T00:00:00Z,1.276900,1.309600,1.263800,1.294200,3713939
2024-11-09T01:00:00Z,1.294200,1.296500,1.254900,1.265500,3558853
2024-11-09T02:00:00Z,1.265100,1.274500,1.247400,1.270300,1777672
2024-11-09T03:00:00Z,1.270200,1.272300,1.246100,1.248600,1737419
2024-11-09T04:00:00Z,1.248600,1.259800,1.243100,1.258600,1536415
2024-11-09T05:00:00Z,1.258600,1.346100,1.257600,1.336400,6100558
2024-11-09T06:00:00Z,1.336200,1.375500,1.308400,1.311400,9335988
2024-11-09T07:00:00Z,1.311700,1.316700,1.288800,1.295700,3728939
2024-11-09T08:00:00Z,1.295300,1.306700,1.291300,1.296400,2622654
2024-11-09T09:00:00Z,1.296200,1.304900,1.290000,1.303900,1738980
2024-11-09T10:00:00Z,1.303900,1.305800,1.286100,1.300800,2142970
2024-11-09T11:00:00Z,1.300900,1.305400,1.291200,1.296900,1815187
2024-11-09T12:00:00Z,1.297000,1.298300,1.265300,1.266600,2832664
2024-11-09T13:00:00Z,1.266700,1.296000,1.266700,1.288100,2317247
2024-11-09T14:00:00Z,1.288100,1.291200,1.253200,1.266800,2478190
2024-11-09T15:00:00Z,1.266800,1.278300,1.257300,1.270400,1298569
2024-11-09T16:00:00Z,1.270300,1.275800,1.260000,1.271400,1294485
2024-11-09T17:00:00Z,1.271200,1.271300,1.235400,1.260600,3076967
2024-11-09T18:00:00Z,1.260500,1.261900,1.253000,1.257200,1021730
2024-11-09T19:00:00Z,1.257100,1.273100,1.254300,1.260500,2597139
2024-11-09T20:00:00Z,1.260300,1.272800,1.254600,1.271700,1196404
2024-11-09T21:00:00Z,1.271800,1.283400,1.269700,1.277100,1552440
2024-11-09T22:00:00Z,1.277000,1.334500,1.275800,1.333300,2510678
2024-11-09T23:00:00Z,1.333500,1.339200,1.291600,1.297800,7152178
2024-11-10T00:00:00Z,1.297800,1.298200,1.271600,1.276900,3718462
2024-11-10T01:00:00Z,1.276900,1.282300,1.244800,1.257200,5558272
2024-11-10T02:00:00Z,1.257300,1.284100,1.255900,1.272900,3674744
2024-11-10T03:00:00Z,1.272800,1.329300,1.265100,1.321500,7224947
2024-11-10T04:00:00Z,1.321500,1.471500,1.304900,1.449400,34986944
2024-11-10T05:00:00Z,1.449400,1.482500,1.393100,1.401800,16943838
2024-11-10T06:00:00Z,1.401800,1.420600,1.383700,1.392700,8819385
2024-11-10T07:00:00Z,1.392900,1.420000,1.385800,1.405100,4689678
2024-11-10T08:00:00Z,1.405300,1.409900,1.376300,1.381200,4031350
2024-11-10T09:00:00Z,1.381300,1.387500,1.365600,1.367700,3713490
2024-11-10T10:00:00Z,1.367800,1.376400,1.353200,1.369500,5583027
2024-11-10T11:00:00Z,1.369500,1.385200,1.364500,1.382600,3998029
2024-11-10T12:00:00Z,1.382600,1.391000,1.338400,1.369500,7380476
2024-11-10T13:00:00Z,1.369500,1.384800,1.359600,1.378200,4390475
2024-11-10T14:00:00Z,1.378100,1.399800,1.349100,1.367400,6413949
2024-11-10T15:00:00Z,1.367100,1.372000,1.351700,1.364200,3843067
2024-11-10T16:00:00Z,1.363800,1.365600,1.334900,1.361600,5026594
2024-11-10T17:00:00Z,1.361700,1.379100,1.353500,1.356800,3994384
2024-11-10T18:00:00Z,1.356400,1.370800,1.343200,1.345800,5474851
2024-11-10T19:00:00Z,1.345700,1.347200,1.281100,1.304400,10865794
2024-11-10T20:00:00Z,1.304400,1.311500,1.257600,1.259500,7860815
2024-11-10T21:00:00Z,1.259200,1.289300,1.218000,1.283900,10424517
2024-11-10T22:00:00Z,1.283800,1.305500,1.259000,1.284600,5588739
2024-11-10T23:00:00Z,1.284600,1.300000,1.276700,1.290600,3623806
2024-11-11T00:00:00Z,1.290700,1.301400,1.280100,1.295400,3392420
2024-11-11T01:00:00Z,1.295200,1.304300,1.283500,1.290600,2744050
2024-11-11T02:00:00Z,1.290700,1.315500,1.286300,1.308300,3656515
2024-11-11T03:00:00Z,1.308200,1.313800,1.282800,1.304300,4720425
2024-11-11T04:00:00Z,1.304100,1.305400,1.270500,1.289900,4035394
2024-11-11T05:00:00Z,1.290000,1.292300,1.224100,1.239100,11237970
2024-11-11T06:00:00Z,1.239000,1.252900,1.225000,1.243100,5446309
2024-11-11T07:00:00Z,1.243200,1.252500,1.234500,1.249800,3052548
2024-11-11T08:00:00Z,1.249900,1.261500,1.242100,1.259000,3569269
2024-11-11T09:00:00Z,1.259100,1.267200,1.246400,1.261400,3511504
2024-11-11T10:00:00Z,1.261400,1.278400,1.256100,1.271900,3865188
2024-11-11T11:00:00Z,1.272100,1.291300,1.264100,1.289300,2725151
2024-11-11T12:00:00Z,1.289300,1.292900,1.254300,1.264300,5048328
2024-11-11T13:00:00Z,1.264300,1.266900,1.240000,1.251900,4863287
2024-11-11T14:00:00Z,1.251700,1.259500,1.234100,1.257100,5780079
2024-11-11T15:00:00Z,1.256900,1.286400,1.248500,1.258100,7441154
2024-11-11T16:00:00Z,1.257800,1.286200,1.255200,1.265200,6711703
2024-11-11T17:00:00Z,1.265300,1.314700,1.262600,1.299000,8041587
2024-11-11T18:00:00Z,1.298900,1.306700,1.279100,1.302300,4806375
2024-11-11T19:00:00Z,1.301900,1.306200,1.275600,1.281200,3791186
2024-11-11T20:00:00Z,1.280700,1.334400,1.278900,1.313800,7263465
2024-11-11T21:00:00Z,1.314000,1.315500,1.275700,1.286100,5138742
2024-11-11T22:00:00Z,1.285800,1.291900,1.239600,1.272900,7572658
2024-11-11T23:00:00Z,1.273000,1.308900,1.269700,1.299800,6565012
2024-11-12T00:00:00Z,1.299900,1.301100,1.240000,1.283800,8934302
2024-11-12T01:00:00Z,1.283900,1.292600,1.257200,1.274100,5112595
2024-11-12T02:00:00Z,1.273700,1.313600,1.268700,1.290500,5428165
2024-11-12T03:00:00Z,1.290200,1.297300,1.269300,1.289000,3829846
2024-11-12T04:00:00Z,1.288900,1.293900,1.263300,1.264800,3485834
2024-11-12T05:00:00Z,1.264800,1.280800,1.252100,1.280800,4975391
2024-11-12T06:00:00Z,1.280600,1.281700,1.266100,1.273800,3768890
2024-11-12T07:00:00Z,1.273700,1.281900,1.265600,1.271300,2931432
2024-11-12T08:00:00Z,1.271400,1.294000,1.253800,1.291400,5925582
2024-11-12T09:00:00Z,1.291300,1.311100,1.222900,1.225500,12192048
2024-11-12T10:00:00Z,1.225400,1.245700,1.120900,1.184500,27146708
2024-11-12T11:00:00Z,1.184200,1.205100,1.173200,1.189200,8653184
2024-11-12T12:00:00Z,1.188900,1.195200,1.149200,1.164300,7596429
2024-11-12T13:00:00Z,1.164400,1.173400,1.137400,1.167600,6946446
2024-11-12T14:00:00Z,1.167300,1.187200,1.152800,1.185100,5604275
2024-11-12T15:00:00Z,1.185000,1.186100,1.166900,1.169300,4022290
2024-11-12T16:00:00Z,1.169400,1.170600,1.138400,1.163100,5224962
2024-11-12T17:00:00Z,1.163200,1.178200,1.159500,1.161600,2335055
2024-11-12T18:00:00Z,1.161800,1.189300,1.161200,1.181400,2985067
2024-11-12T19:00:00Z,1.181000,1.193400,1.178200,1.185700,2989417
2024-11-12T20:00:00Z,1.185600,1.192200,1.172600,1.180300,2333070
2024-11-12T21:00:00Z,1.180100,1.195900,1.166000,1.192300,2485842
2024-11-12T22:00:00Z,1.192300,1.214300,1.185300,1.213300,2136787
2024-11-12T23:00:00Z,1.213100,1.213100,1.187900,1.190900,2886836
2024-11-13T00:00:00Z,1.191000,1.207000,1.181400,1.186500,3292185
2024-11-13T01:00:00Z,1.186400,1.199600,1.166300,1.184000,4104126
2024-11-13T02:00:00Z,1.183800,1.186300,1.137400,1.160900,4044160
2024-11-13T03:00:00Z,1.161000,1.165400,1.123900,1.126000,4262313
2024-11-13T04:00:00Z,1.126200,1.144400,1.079200,1.105000,7938635
2024-11-13T05:00:00Z,1.105100,1.114200,1.084200,1.090000,3936410
2024-11-13T06:00:00Z,1.090000,1.104400,1.070100,1.086900,3768909
2024-11-13T07:00:00Z,1.086700,1.111200,1.083400,1.109300,3365840
2024-11-13T08:00:00Z,1.109300,1.120600,1.095900,1.101200,3289759
2024-11-13T09:00:00Z,1.101300,1.109600,1.089900,1.101000,2448826
2024-11-13T10:00:00Z,1.101000,1.118000,1.093500,1.115000,2162049
2024-11-13T11:00:00Z,1.115100,1.125600,1.111900,1.118200,1932020
2024-11-13T12:00:00Z,1.118200,1.121700,1.103200,1.109700,1823536
2024-11-13T13:00:00Z,1.109600,1.153600,1.106600,1.147500,7967723
2024-11-13T14:00:00Z,1.147400,1.181400,1.135700,1.178400,9144371
2024-11-13T15:00:00Z,1.178400,1.182900,1.153000,1.181700,6305214
2024-11-13T16:00:00Z,1.181800,1.191200,1.170800,1.181900,5244394
2024-11-13T17:00:00Z,1.181900,1.207300,1.181700,1.198900,3984532
2024-11-13T18:00:00Z,1.199000,1.220800,1.197400,1.211900,3792424
2024-11-13T19:00:00Z,1.212200,1.216900,1.150000,1.156400,8568170
2024-11-13T20:00:00Z,1.156300,1.177000,1.133200,1.155200,5517682
2024-11-13T21:00:00Z,1.155000,1.157800,1.118100,1.152300,5785191
2024-11-13T22:00:00Z,1.152300,1.165900,1.144500,1.154200,1858139
2024-11-13T23:00:00Z,1.154400,1.169200,1.144800,1.163300,1562724
2024-11-14T00:00:00Z,1.163400,1.173000,1.153700,1.155400,2193846
2024-11-14T01:00:00Z,1.155200,1.180400,1.148400,1.179000,2884134
2024-11-14T02:00:00Z,1.179000,1.189600,1.159900,1.173400,2083742
2024-11-14T03:00:00Z,1.173400,1.191300,1.155200,1.189900,2046518
2024-11-14T04:00:00Z,1.190200,1.199600,1.180500,1.199400,1688160
2024-11-14T05:00:00Z,1.199300,1.199300,1.187700,1.194900,1508496
2024-11-14T06:00:00Z,1.194600,1.208400,1.172900,1.172900,3160407
2024-11-14T07:00:00Z,1.172900,1.192700,1.166700,1.187200,2132699
2024-11-14T08:00:00Z,1.187100,1.191500,1.172400,1.182200,1862309
2024-11-14T09:00:00Z,1.182100,1.189200,1.171500,1.178600,1389135
2024-11-14T10:00:00Z,1.178400,1.184100,1.145300,1.148700,2762192
2024-11-14T11:00:00Z,1.148600,1.152100,1.129700,1.151300,3343868
2024-11-14T12:00:00Z,1.151100,1.153700,1.138800,1.152400,1502162
2024-11-14T13:00:00Z,1.152100,1.165100,1.139600,1.143700,2493214
2024-11-14T14:00:00Z,1.143600,1.160600,1.118200,1.121000,5310844
2024-11-14T15:00:00Z,1.121300,1.131300,1.098300,1.107400,6305166
2024-11-14T16:00:00Z,1.107600,1.146300,1.100900,1.142200,3000376
2024-11-14T17:00:00Z,1.142300,1.142600,1.121300,1.129800,2059474
2024-11-14T18:00:00Z,1.129700,1.139700,1.126500,1.132600,1332810
2024-11-14T19:00:00Z,1.132400,1.150000,1.130300,1.140300,2638619
2024-11-14T20:00:00Z,1.140100,1.140800,1.125300,1.129300,1857968
2024-11-14T21:00:00Z,1.129200,1.149900,1.127800,1.146100,2513631
2024-11-14T22:00:00Z,1.146200,1.153800,1.126000,1.135900,2276514
2024-11-14T23:00:00Z,1.135800,1.139700,1.101200,1.119600,4014668
2024-11-15T00:00:00Z,1.119800,1.129100,1.100000,1.103200,2691393
2024-11-15T01:00:00Z,1.103200,1.114000,1.087800,1.110100,3309502
2024-11-15T02:00:00Z,1.110200,1.119500,1.094000,1.118600,1658838
2024-11-15T03:00:00Z,1.118600,1.119800,1.107800,1.111400,998635
2024-11-15T04:00:00Z,1.111300,1.111300,1.071100,1.080200,3190770
2024-11-15T05:00:00Z,1.080200,1.101600,1.071200,1.100900,2874933
2024-11-15T06:00:00Z,1.100900,1.136900,1.100200,1.132800,4673593
2024-11-15T07:00:00Z,1.133000,1.136100,1.124800,1.129100,3639831
2024-11-15T08:00:00Z,1.129100,1.138200,1.117300,1.137400,3929257
2024-11-15T09:00:00Z,1.137600,1.159000,1.135900,1.146800,2421868
2024-11-15T10:00:00Z,1.146800,1.155800,1.144500,1.155600,1276118
2024-11-15T11:00:00Z,1.155500,1.159200,1.147200,1.156200,1494201
2024-11-15T12:00:00Z,1.156200,1.166100,1.142100,1.150300,2346020
2024-11-15T13:00:00Z,1.150500,1.155200,1.138400,1.144500,1888448
2024-11-15T14:00:00Z,1.144600,1.147900,1.116400,1.122000,3796842
2024-11-15T15:00:00Z,1.122000,1.122200,1.100800,1.108000,3102587
2024-11-15T16:00:00Z,1.107700,1.122400,1.098100,1.111000,2358032
2024-11-15T17:00:00Z,1.110700,1.139200,1.108400,1.125700,1948047
2024-11-15T18:00:00Z,1.125800,1.134400,1.116300,1.124800,1639276
2024-11-15T19:00:00Z,1.124800,1.142200,1.119000,1.137000,1352833
2024-11-15T20:00:00Z,1.137100,1.161700,1.135300,1.161600,2082396
2024-11-15T21:00:00Z,1.161400,1.165000,1.155300,1.156100,2585066
2024-11-15T22:00:00Z,1.156200,1.185400,1.156200,1.179300,3423366
2024-11-15T23:00:00Z,1.179400,1.184000,1.165600,1.174300,1932653
2024-11-16T00:00:00Z,1.174400,1.181900,1.166600,1.172000,1521630
2024-11-16T01:00:00Z,1.171800,1.183100,1.170400,1.175000,1992176
2024-11-16T02:00:00Z,1.174900,1.188900,1.168900,1.171300,2977073
2024-11-16T03:00:00Z,1.171500,1.192400,1.170400,1.191700,1603871
2024-11-16T04:00:00Z,1.191500,1.196700,1.172100,1.175000,1272285
2024-11-16T05:00:00Z,1.175100,1.186000,1.171100,1.182300,934129
2024-11-16T06:00:00Z,1.182200,1.183800,1.163400,1.168600,1450402
2024-11-16T07:00:00Z,1.169100,1.176900,1.165900,1.171200,973580
2024-11-16T08:00:00Z,1.171100,1.176800,1.167700,1.175100,1062611
2024-11-16T09:00:00Z,1.175000,1.180500,1.167800,1.170700,1247304
2024-11-16T10:00:00Z,1.170800,1.194900,1.167600,1.190000,2414451
2024-11-16T11:00:00Z,1.190000,1.228000,1.185300,1.227800,4901301
2024-11-16T12:00:00Z,1.227500,1.245300,1.204600,1.213200,5650778
2024-11-16T13:00:00Z,1.212800,1.225800,1.206200,1.213700,2430230
2024-11-16T14:00:00Z,1.213800,1.225600,1.203300,1.215000,2071367
2024-11-16T15:00:00Z,1.214900,1.219300,1.172500,1.188900,5311504
2024-11-16T16:00:00Z,1.189000,1.225800,1.183700,1.215000,3560970
2024-11-16T17:00:00Z,1.214700,1.244400,1.211500,1.236600,2238313
2024-11-16T18:00:00Z,1.236300,1.243100,1.228700,1.240600,1578110
2024-11-16T19:00:00Z,1.240800,1.246300,1.232400,1.235100,1606023
2024-11-16T20:00:00Z,1.234800,1.253400,1.224400,1.236900,2819650
2024-11-16T21:00:00Z,1.236900,1.243300,1.229300,1.240000,1246372
2024-11-16T22:00:00Z,1.240000,1.243700,1.220000,1.220300,1945956
2024-11-16T23:00:00Z,1.220400,1.226700,1.211600,1.220500,1989434
2024-11-17T00:00:00Z,1.220600,1.243800,1.219300,1.234100,3009633
2024-11-17T01:00:00Z,1.234300,1.236500,1.178500,1.191800,4330746
2024-11-17T02:00:00Z,1.192000,1.192800,1.142600,1.164400,7959245
2024-11-17T03:00:00Z,1.164500,1.179200,1.152900,1.178600,1529623
2024-11-17T04:00:00Z,1.178600,1.216500,1.172800,1.206900,4025819
2024-11-17T05:00:00Z,1.206800,1.209600,1.187700,1.187900,1759347
2024-11-17T06:00:00Z,1.187900,1.227100,1.186900,1.219500,2719829
2024-11-17T07:00:00Z,1.219400,1.224500,1.207300,1.216800,1604079
2024-11-17T08:00:00Z,1.216700,1.225200,1.207100,1.213000,1673044
2024-11-17T09:00:00Z,1.212800,1.222900,1.200700,1.205500,1367388
2024-11-17T10:00:00Z,1.205400,1.214700,1.198100,1.205400,1229240
2024-11-17T11:00:00Z,1.205700,1.205700,1.177200,1.177900,2172287
2024-11-17T12:00:00Z,1.177600,1.206600,1.176800,1.204200,1540049
2024-11-17T13:00:00Z,1.204400,1.204400,1.177600,1.193600,2275677
2024-11-17T14:00:00Z,1.193600,1.200200,1.173600,1.181000,1845129
2024-11-17T15:00:00Z,1.181000,1.182300,1.168200,1.173100,1561629
2024-11-17T16:00:00Z,1.173100,1.183700,1.162900,1.181200,1631649
2024-11-17T17:00:00Z,1.181000,1.190400,1.170600,1.186800,1390725
2024-11-17T18:00:00Z,1.186800,1.187500,1.153400,1.154600,1825672
2024-11-17T19:00:00Z,1.154500,1.166400,1.148500,1.162600,1580764
2024-11-17T20:00:00Z,1.162700,1.169900,1.147400,1.156500,1482408
2024-11-17T21:00:00Z,1.156800,1.163900,1.141000,1.143500,1893245
2024-11-17T22:00:00Z,1.143400,1.154400,1.135100,1.144200,1728979
2024-11-17T23:00:00Z,1.144000,1.158400,1.136100,1.158400,1650981
2024-11-18T00:00:00Z,1.158500,1.220400,1.155800,1.209000,5501322
2024-11-18T01:00:00Z,1.209100,1.226100,1.191500,1.220100,4472262
2024-11-18T02:00:00Z,1.220300,1.233300,1.217900,1.218900,2504112
2024-11-18T03:00:00Z,1.218900,1.228500,1.211700,1.225300,2546158
2024-11-18T04:00:00Z,1.225300,1.227100,1.206300,1.211000,1690491
2024-11-18T05:00:00Z,1.211100,1.222900,1.200100,1.220700,1780300
2024-11-18T06:00:00Z,1.220800,1.240200,1.220400,1.234600,1970321
2024-11-18T07:00:00Z,1.234700,1.237200,1.213900,1.214200,2236538
2024-11-18T08:00:00Z,1.214300,1.215000,1.197200,1.200600,2112776
2024-11-18T09:00:00Z,1.200800,1.206700,1.191600,1.199300,1860006
2024-11-18T10:00:00Z,1.199000,1.216400,1.197700,1.215200,1237003
2024-11-18T11:00:00Z,1.215200,1.216700,1.181000,1.192500,2916628
2024-11-18T12:00:00Z,1.192700,1.208700,1.179700,1.206700,2540893
2024-11-18T13:00:00Z,1.206600,1.206700,1.172200,1.174900,2596976
2024-11-18T14:00:00Z,1.174900,1.215000,1.171300,1.196300,8962905
2024-11-18T15:00:00Z,1.196300,1.230100,1.194700,1.223100,3120931
2024-11-18T16:00:00Z,1.223200,1.256200,1.216500,1.238400,7155449
2024-11-18T17:00:00Z,1.238400,1.249700,1.224600,1.236400,3234607
2024-11-18T18:00:00Z,1.236200,1.253500,1.226000,1.233200,3525682
2024-11-18T19:00:00Z,1.233200,1.233500,1.195700,1.218400,4612835
2024-11-18T20:00:00Z,1.218400,1.241400,1.207900,1.217200,3980510
2024-11-18T21:00:00Z,1.217300,1.241200,1.214700,1.234700,1707947
2024-11-18T22:00:00Z,1.234800,1.252100,1.234800,1.248300,1649397
2024-11-18T23:00:00Z,1.248300,1.272500,1.227800,1.264500,3585302
2024-11-19T00:00:00Z,1.264800,1.273400,1.229400,1.232400,4391478
2024-11-19T01:00:00Z,1.232700,1.244800,1.214400,1.215500,1864985
2024-11-19T02:00:00Z,1.215400,1.221800,1.214100,1.219700,1085283
2024-11-19T03:00:00Z,1.219800,1.224400,1.215800,1.217200,795285
2024-11-19T04:00:00Z,1.217100,1.219900,1.197300,1.201400,1681198
2024-11-19T05:00:00Z,1.201500,1.214100,1.196700,1.212800,1431111
2024-11-19T06:00:00Z,1.212700,1.216000,1.200700,1.206300,1347040
2024-11-19T07:00:00Z,1.205900,1.208400,1.188800,1.192900,2379386
2024-11-19T08:00:00Z,1.192700,1.194900,1.183700,1.193600,1314020
2024-11-19T09:00:00Z,1.193600,1.200100,1.181800,1.186200,1449322
2024-11-19T10:00:00Z,1.186200,1.196100,1.179300,1.193900,1318415
2024-11-19T11:00:00Z,1.193800,1.205300,1.190600,1.205000,1172707
2024-11-19T12:00:00Z,1.205100,1.218700,1.203700,1.206800,2000552
2024-11-19T13:00:00Z,1.207000,1.207800,1.180000,1.185000,3090399
2024-11-19T14:00:00Z,1.184900,1.196100,1.174000,1.183000,2589990
2024-11-19T15:00:00Z,1.182900,1.196800,1.179000,1.195300,2291137
2024-11-19T16:00:00Z,1.195500,1.200800,1.188000,1.189400,1275600
2024-11-19T17:00:00Z,1.189600,1.205600,1.186300,1.196400,1370417
2024-11-19T18:00:00Z,1.196300,1.212500,1.193300,1.210000,1709216
2024-11-19T19:00:00Z,1.210100,1.213300,1.200500,1.207000,1571000
2024-11-19T20:00:00Z,1.206800,1.210500,1.172400,1.184500,2116935
2024-11-19T21:00:00Z,1.184500,1.186600,1.158900,1.178300,3991072
2024-11-19T22:00:00Z,1.178300,1.180400,1.152200,1.171000,1761811
2024-11-19T23:00:00Z,1.170900,1.188000,1.168000,1.184300,1306922
2024-11-20T00:00:00Z,1.184300,1.185900,1.162800,1.169700,2137945
2024-11-20T01:00:00Z,1.169900,1.177600,1.160200,1.165300,1370529
2024-11-20T02:00:00Z,1.165300,1.170100,1.155200,1.158500,1485577
2024-11-20T03:00:00Z,1.158600,1.164100,1.142200,1.162200,2761670
2024-11-20T04:00:00Z,1.161900,1.166100,1.149600,1.162700,1082628
2024-11-20T05:00:00Z,1.162800,1.171600,1.156200,1.169800,839425
2024-11-20T06:00:00Z,1.169700,1.174000,1.157800,1.158900,964852
2024-11-20T07:00:00Z,1.158900,1.166300,1.155600,1.164600,791894
2024-11-20T08:00:00Z,1.164700,1.178900,1.162700,1.172900,1684963
2024-11-20T09:00:00Z,1.172800,1.183700,1.169600,1.176600,1387472
2024-11-20T10:00:00Z,1.176300,1.178000,1.157100,1.157300,1640215
2024-11-20T11:00:00Z,1.157200,1.157500,1.135000,1.146400,3749727
2024-11-20T12:00:00Z,1.146300,1.172300,1.140200,1.153700,5737053
2024-11-20T13:00:00Z,1.154000,1.171600,1.144400,1.168000,3006887
2024-11-20T14:00:00Z,1.168100,1.198400,1.155600,1.168500,6000854
2024-11-20T15:00:00Z,1.168800,1.172100,1.153600,1.171000,2241773
2024-11-20T16:00:00Z,1.170800,1.173800,1.128300,1.137900,4938018
2024-11-20T17:00:00Z,1.137800,1.145900,1.112500,1.113700,3511636
2024-11-20T18:00:00Z,1.113700,1.122500,1.091300,1.105700,6914830
2024-11-20T19:00:00Z,1.105700,1.106900,1.086400,1.098700,2334186
2024-11-20T20:00:00Z,1.098700,1.122600,1.087200,1.119400,2683492
2024-11-20T21:00:00Z,1.119300,1.128000,1.117300,1.122600,1386253
2024-11-20T22:00:00Z,1.122600,1.133800,1.117900,1.121200,1136424
2024-11-20T23:00:00Z,1.121200,1.126400,1.109800,1.113200,1014792
2024-11-21T00:00:00Z,1.113100,1.128400,1.109100,1.118000,1665301
2024-11-21T01:00:00Z,1.118200,1.132000,1.111600,1.111800,1734073
2024-11-21T02:00:00Z,1.111500,1.112400,1.077100,1.091900,4076856
2024-11-21T03:00:00Z,1.092000,1.113500,1.090000,1.099600,2289750
2024-11-21T04:00:00Z,1.099800,1.140500,1.094400,1.130500,4006802
2024-11-21T05:00:00Z,1.130500,1.140300,1.124500,1.132400,2091197
2024-11-21T06:00:00Z,1.132800,1.133300,1.116600,1.124800,1659030
2024-11-21T07:00:00Z,1.125000,1.133200,1.120700,1.129600,1273731
2024-11-21T08:00:00Z,1.129700,1.135600,1.120800,1.122900,1867452
2024-11-21T09:00:00Z,1.122800,1.124700,1.105500,1.107100,1465138
2024-11-21T10:00:00Z,1.107000,1.117500,1.098700,1.108800,1931477
2024-11-21T11:00:00Z,1.108900,1.126500,1.105100,1.123900,1685388
2024-11-21T12:00:00Z,1.123500,1.196500,1.121400,1.175100,13129717
2024-11-21T13:00:00Z,1.175100,1.256700,1.175000,1.239800,14822168
2024-11-21T14:00:00Z,1.239800,1.265900,1.216800,1.235000,13529852
2024-11-21T15:00:00Z,1.235000,1.236700,1.181900,1.203600,9084829
2024-11-21T16:00:00Z,1.203600,1.254600,1.202300,1.247800,7168495
2024-11-21T17:00:00Z,1.247600,1.257700,1.228600,1.250400,4101106
2024-11-21T18:00:00Z,1.250600,1.271200,1.223400,1.247400,11333502
2024-11-21T19:00:00Z,1.247100,1.250800,1.223000,1.232500,5514315
2024-11-21T20:00:00Z,1.232500,1.248500,1.229800,1.237000,2057168
2024-11-21T21:00:00Z,1.237100,1.240300,1.219700,1.222900,3251292
2024-11-21T22:00:00Z,1.222900,1.237600,1.220500,1.227200,1661448
2024-11-21T23:00:00Z,1.227100,1.227800,1.212700,1.218400,2389838
2024-11-22T00:00:00Z,1.218500,1.226200,1.188200,1.189900,4987532
2024-11-22T01:00:00Z,1.190000,1.205300,1.183200,1.200400,2396176
2024-11-22T02:00:00Z,1.200300,1.219000,1.199100,1.214300,2637616
2024-11-22T03:00:00Z,1.214500,1.233100,1.209600,1.226300,2837826
2024-11-22T04:00:00Z,1.226300,1.257900,1.220300,1.236900,4895548
2024-11-22T05:00:00Z,1.236800,1.241200,1.222300,1.234800,1678950
2024-11-22T06:00:00Z,1.234700,1.240800,1.217600,1.229600,2168389
2024-11-22T07:00:00Z,1.229500,1.229500,1.209300,1.210300,1474610
2024-11-22T08:00:00Z,1.210200,1.228000,1.210200,1.220000,1622232
2024-11-22T09:00:00Z,1.219800,1.227300,1.209600,1.218200,2040524
2024-11-22T10:00:00Z,1.218000,1.221800,1.196900,1.197600,2414881
2024-11-22T11:00:00Z,1.198000,1.216300,1.190000,1.215000,2089091
2024-11-22T12:00:00Z,1.215000,1.256500,1.205700,1.228800,7607592
2024-11-22T13:00:00Z,1.228900,1.229300,1.181100,1.201900,6866977
2024-11-22T14:00:00Z,1.202100,1.220700,1.192700,1.209800,4034645
2024-11-22T15:00:00Z,1.209500,1.231300,1.204900,1.230700,3223971
2024-11-22T16:00:00Z,1.230800,1.238400,1.217900,1.225800,2539289
2024-11-22T17:00:00Z,1.225700,1.233700,1.213300,1.215100,1475250
2024-11-22T18:00:00Z,1.215100,1.226400,1.205400,1.206300,2150938
2024-11-22T19:00:00Z,1.206300,1.220300,1.199100,1.210200,1908537
2024-11-22T20:00:00Z,1.210100,1.241600,1.206100,1.238200,2187012
2024-11-22T21:00:00Z,1.238400,1.243900,1.225500,1.238200,2141853
2024-11-22T22:00:00Z,1.238000,1.245800,1.224200,1.225000,2175692
2024-11-22T23:00:00Z,1.224900,1.263200,1.222400,1.260500,4566196
2024-11-23T00:00:00Z,1.260700,1.279100,1.250900,1.261700,5464460
2024-11-23T01:00:00Z,1.261600,1.284700,1.261200,1.284100,3465430
2024-11-23T02:00:00Z,1.284400,1.285500,1.248800,1.261200,3608697
2024-11-23T03:00:00Z,1.261100,1.264500,1.251200,1.259900,2506479
2024-11-23T04:00:00Z,1.259800,1.273100,1.244500,1.268500,3128972
2024-11-23T05:00:00Z,1.268700,1.277600,1.245400,1.259500,1873495
2024-11-23T06:00:00Z,1.259500,1.274600,1.256800,1.273600,1854116
2024-11-23T07:00:00Z,1.273200,1.300900,1.269200,1.291200,3560032
2024-11-23T08:00:00Z,1.291300,1.323800,1.285200,1.289200,7079635
2024-11-23T09:00:00Z,1.289500,1.295300,1.266700,1.276200,3385337
2024-11-23T10:00:00Z,1.276300,1.281500,1.264000,1.267600,2839386
2024-11-23T11:00:00Z,1.267600,1.278700,1.265000,1.272100,1993972
2024-11-23T12:00:00Z,1.272000,1.325600,1.267000,1.311500,6047971
2024-11-23T13:00:00Z,1.311200,1.361700,1.311000,1.342100,8425495
2024-11-23T14:00:00Z,1.342100,1.383200,1.339900,1.374000,8463273
2024-11-23T15:00:00Z,1.374100,1.398100,1.355500,1.374400,6495733
2024-11-23T16:00:00Z,1.374600,1.391600,1.303000,1.339800,15022651
2024-11-23T17:00:00Z,1.339700,1.391600,1.315200,1.380600,7487937
2024-11-23T18:00:00Z,1.380700,1.388000,1.356900,1.379400,4578558
2024-11-23T19:00:00Z,1.379600,1.418900,1.366000,1.375800,7154107
2024-11-23T20:00:00Z,1.376000,1.378300,1.337600,1.361100,6700661
2024-11-23T21:00:00Z,1.361100,1.403400,1.359900,1.388300,4129558
2024-11-23T22:00:00Z,1.388200,1.395400,1.364800,1.377700,2354757
2024-11-23T23:00:00Z,1.377500,1.378100,1.343800,1.353200,2735749
2024-11-24T00:00:00Z,1.353300,1.400500,1.344400,1.393000,4239173
2024-11-24T01:00:00Z,1.393000,1.421900,1.392700,1.403700,3474934
2024-11-24T02:00:00Z,1.403900,1.442000,1.400200,1.405600,5722393
2024-11-24T03:00:00Z,1.405700,1.416200,1.397700,1.406800,2550922
2024-11-24T04:00:00Z,1.406900,1.415800,1.362400,1.380900,5301737
2024-11-24T05:00:00Z,1.380800,1.395400,1.375300,1.393500,2146616
2024-11-24T06:00:00Z,1.393300,1.412600,1.378700,1.397400,3019625
2024-11-24T07:00:00Z,1.397400,1.401100,1.381000,1.395100,2154477
2024-11-24T08:00:00Z,1.395200,1.406600,1.370100,1.380300,3822806
2024-11-24T09:00:00Z,1.380300,1.425600,1.378300,1.403600,4834651
2024-11-24T10:00:00Z,1.403400,1.421200,1.371000,1.384200,3980406
2024-11-24T11:00:00Z,1.384100,1.388600,1.326400,1.330800,7722767
2024-11-24T12:00:00Z,1.330700,1.348700,1.271200,1.308500,11630021
2024-11-24T13:00:00Z,1.308200,1.352500,1.298400,1.348600,5156386
2024-11-24T14:00:00Z,1.348200,1.364900,1.305100,1.363000,6901898
2024-11-24T15:00:00Z,1.363000,1.371900,1.326100,1.327600,4480161
2024-11-24T16:00:00Z,1.327700,1.417900,1.320000,1.404300,8317563
2024-11-24T17:00:00Z,1.404000,1.429600,1.376900,1.423000,5616929
2024-11-24T18:00:00Z,1.423100,1.447300,1.397700,1.424200,6743326
2024-11-24T19:00:00Z,1.424200,1.430000,1.394600,1.397600,3891548
2024-11-24T20:00:00Z,1.397600,1.409800,1.391300,1.405500,2366032
2024-11-24T21:00:00Z,1.405300,1.454600,1.392700,1.451900,4603937
2024-11-24T22:00:00Z,1.451800,1.492600,1.447300,1.457400,6727658
2024-11-24T23:00:00Z,1.457800,1.487300,1.451300,1.458800,4183764
2024-11-25T00:00:00Z,1.459200,1.462500,1.433300,1.444100,2904188
2024-11-25T01:00:00Z,1.444000,1.454700,1.402100,1.425300,4158973
2024-11-25T02:00:00Z,1.424800,1.445000,1.421000,1.432300,2071314
2024-11-25T03:00:00Z,1.432300,1.483700,1.432300,1.481600,3051173
2024-11-25T04:00:00Z,1.481700,1.552400,1.477400,1.507100,13438894
2024-11-25T05:00:00Z,1.506900,1.558600,1.494400,1.528400,6826102
2024-11-25T06:00:00Z,1.528400,1.528400,1.487400,1.495900,3746866
2024-11-25T07:00:00Z,1.495900,1.551700,1.493000,1.520700,3928393
2024-11-25T08:00:00Z,1.520700,1.557400,1.511200,1.556400,4246908
2024-11-25T09:00:00Z,1.556500,1.585900,1.545700,1.568400,6897559
2024-11-25T10:00:00Z,1.568000,1.649000,1.553100,1.589500,16892147
2024-11-25T11:00:00Z,1.589700,1.606100,1.537000,1.559900,8627649
2024-11-25T12:00:00Z,1.559800,1.645700,1.547900,1.641800,9430410
2024-11-25T13:00:00Z,1.642100,1.678400,1.571900,1.620000,18387806
2024-11-25T14:00:00Z,1.619800,1.666600,1.550600,1.561400,20826804
2024-11-25T15:00:00Z,1.560900,1.786200,1.543900,1.750000,30100195
2024-11-25T16:00:00Z,1.750100,1.780800,1.686800,1.705400,22519117
2024-11-25T17:00:00Z,1.705400,1.708400,1.639200,1.656400,12393259
2024-11-25T18:00:00Z,1.656400,1.715200,1.639700,1.680400,9718686
2024-11-25T19:00:00Z,1.680500,1.732800,1.655900,1.704000,7910414
2024-11-25T20:00:00Z,1.704100,1.746300,1.686400,1.725400,8119088
2024-11-25T21:00:00Z,1.725400,1.733300,1.677700,1.712600,7415833
2024-11-25T22:00:00Z,1.712300,1.732700,1.651800,1.707600,8845420
2024-11-25T23:00:00Z,1.707500,1.712700,1.641500,1.651800,7680680
2024-11-26T00:00:00Z,1.651500,1.684000,1.617800,1.618700,9261646
2024-11-26T01:00:00Z,1.619600,1.677500,1.616700,1.649600,6645736
2024-11-26T02:00:00Z,1.649600,1.668600,1.631100,1.645000,4550045
2024-11-26T03:00:00Z,1.645000,1.648300,1.602500,1.612400,8838656
2024-11-26T04:00:00Z,1.612800,1.633200,1.601900,1.623800,3240346
2024-11-26T05:00:00Z,1.623500,1.645700,1.614200,1.642900,3328093
2024-11-26T06:00:00Z,1.643300,1.650900,1.621400,1.624700,2969654
2024-11-26T07:00:00Z,1.625000,1.639500,1.604000,1.622200,4783780
2024-11-26T08:00:00Z,1.621600,1.622000,1.582800,1.612300,10537404
2024-11-26T09:00:00Z,1.612500,1.646600,1.600100,1.611100,5810409
2024-11-26T10:00:00Z,1.611600,1.616700,1.570000,1.577300,6877880
2024-11-26T11:00:00Z,1.577200,1.605700,1.524300,1.569000,14232753
2024-11-26T12:00:00Z,1.568900,1.606800,1.556200,1.577600,6438885
2024-11-26T13:00:00Z,1.577800,1.627600,1.564800,1.586900,6675189
2024-11-26T14:00:00Z,1.587000,1.612200,1.562200,1.591900,6013090
2024-11-26T15:00:00Z,1.591900,1.593200,1.521100,1.521500,7010288
2024-11-26T16:00:00Z,1.521900,1.591900,1.515700,1.586900,6338065
2024-11-26T17:00:00Z,1.586900,1.600900,1.557300,1.590700,3414675
2024-11-26T18:00:00Z,1.590600,1.599200,1.535200,1.563900,5764060
2024-11-26T19:00:00Z,1.563700,1.582000,1.547600,1.575200,3939721
2024-11-26T20:00:00Z,1.575200,1.682600,1.564300,1.664600,12289868
2024-11-26T21:00:00Z,1.664100,1.666400,1.617400,1.618800,6103635
2024-11-26T22:00:00Z,1.619000,1.631900,1.600000,1.602900,2635422
2024-11-26T23:00:00Z,1.603000,1.623200,1.596400,1.612600,2537412
2024-11-27T00:00:00Z,1.612400,1.648600,1.580900,1.586400,5951165
2024-11-27T01:00:00Z,1.586600,1.690000,1.580100,1.676500,6376810
2024-11-27T02:00:00Z,1.676400,1.678500,1.628500,1.676400,4439788
2024-11-27T03:00:00Z,1.676300,1.713500,1.671000,1.691000,7717368
2024-11-27T04:00:00Z,1.690900,1.793100,1.684900,1.740000,12292694
2024-11-27T05:00:00Z,1.739800,1.760800,1.713700,1.718200,6499597
2024-11-27T06:00:00Z,1.718200,1.786000,1.711000,1.748500,5482770
2024-11-27T07:00:00Z,1.748300,1.756900,1.700400,1.701000,4146064
2024-11-27T08:00:00Z,1.701100,1.714600,1.673500,1.677400,5535652
2024-11-27T09:00:00Z,1.677500,1.680300,1.654100,1.661000,3244134
2024-11-27T10:00:00Z,1.660600,1.752900,1.657000,1.719600,7581756
2024-11-27T11:00:00Z,1.719700,1.724600,1.660800,1.679600,5040797
2024-11-27T12:00:00Z,1.679400,1.739300,1.677800,1.724200,6247055
2024-11-27T13:00:00Z,1.724200,1.736700,1.706400,1.736000,4905209
2024-11-27T14:00:00Z,1.736000,1.755700,1.709200,1.725400,6770506
2024-11-27T15:00:00Z,1.725600,1.794900,1.716900,1.752900,10916746
2024-11-27T16:00:00Z,1.752800,1.767700,1.701000,1.713700,6547643
2024-11-27T17:00:00Z,1.713600,1.720600,1.690900,1.706800,4253932
2024-11-27T18:00:00Z,1.707200,1.718700,1.696100,1.709800,3542112
2024-11-27T19:00:00Z,1.710000,1.736500,1.700300,1.712400,3418136
2024-11-27T20:00:00Z,1.712200,1.748700,1.710700,1.743000,3270952
2024-11-27T21:00:00Z,1.743200,1.788700,1.738100,1.784400,6137460
2024-11-27T22:00:00Z,1.784200,1.828600,1.772500,1.811400,6752340
2024-11-27T23:00:00Z,1.811400,1.819700,1.768800,1.795500,5595405
2024-11-28T00:00:00Z,1.795600,1.854500,1.770700,1.782000,9722724
2024-11-28T01:00:00Z,1.782300,1.816500,1.760300,1.781500,5433531
2024-11-28T02:00:00Z,1.781800,1.784900,1.733800,1.737500,3860738
2024-11-28T03:00:00Z,1.737200,1.743400,1.705700,1.708100,5531863
2024-11-28T04:00:00Z,1.708200,1.740300,1.700900,1.729900,2799695
2024-11-28T05:00:00Z,1.730300,1.756100,1.717200,1.719000,3224311
2024-11-28T06:00:00Z,1.719100,1.720600,1.693100,1.715500,3279369
2024-11-28T07:00:00Z,1.715200,1.738300,1.706500,1.718700,2386575
2024-11-28T08:00:00Z,1.718700,1.771900,1.698900,1.767900,4373272
2024-11-28T09:00:00Z,1.767900,1.775300,1.714200,1.717100,3984391
2024-11-28T10:00:00Z,1.717100,1.721800,1.683500,1.688600,4332905
2024-11-28T11:00:00Z,1.688600,1.701400,1.670600,1.694800,4267454
2024-11-28T12:00:00Z,1.694900,1.714300,1.662600,1.670900,5195232
2024-11-28T13:00:00Z,1.670800,1.678700,1.659000,1.669500,3654678
2024-11-28T14:00:00Z,1.669500,1.679100,1.642700,1.659200,4227358
2024-11-28T15:00:00Z,1.659500,1.665900,1.637500,1.644400,3108584
2024-11-28T16:00:00Z,1.644400,1.663800,1.644200,1.663400,2476074
2024-11-28T17:00:00Z,1.663100,1.685300,1.663100,1.665100,5868682
2024-11-28T18:00:00Z,1.665200,1.687000,1.664400,1.682900,1608118
2024-11-28T19:00:00Z,1.682900,1.689100,1.674100,1.679700,1167981
2024-11-28T20:00:00Z,1.679800,1.688200,1.671500,1.681200,1271705
2024-11-28T21:00:00Z,1.681300,1.703100,1.681300,1.701900,1272025
2024-11-28T22:00:00Z,1.701800,1.737000,1.697000,1.707400,2411377
2024-11-28T23:00:00Z,1.707300,1.718600,1.698700,1.712000,2322539
2024-11-29T00:00:00Z,1.711500,1.722600,1.693600,1.698300,2299458
2024-11-29T01:00:00Z,1.698500,1.716200,1.696800,1.708500,1206450
2024-11-29T02:00:00Z,1.708400,1.733400,1.704500,1.733200,1384340
2024-11-29T03:00:00Z,1.733100,1.737200,1.711700,1.724200,1393723
2024-11-29T04:00:00Z,1.724100,1.728600,1.697000,1.719900,1350640
2024-11-29T05:00:00Z,1.719900,1.740900,1.719700,1.729100,2240242
2024-11-29T06:00:00Z,1.729100,1.731600,1.704000,1.721800,2318799
2024-11-29T07:00:00Z,1.721500,1.740200,1.707900,1.731200,2631322
2024-11-29T08:00:00Z,1.731100,1.753300,1.723900,1.725700,2314240
2024-11-29T09:00:00Z,1.725700,1.728700,1.711900,1.718900,1351230
2024-11-29T10:00:00Z,1.718900,1.719800,1.700700,1.711600,1543967
2024-11-29T11:00:00Z,1.711600,1.728100,1.704100,1.710700,1457145
2024-11-29T12:00:00Z,1.711000,1.725000,1.695600,1.707100,1514745
2024-11-29T13:00:00Z,1.707000,1.747900,1.705200,1.746800,3235726
2024-11-29T14:00:00Z,1.746800,1.750000,1.725200,1.740000,2157534
2024-11-29T15:00:00Z,1.740300,1.758100,1.717000,1.717600,3440299
2024-11-29T16:00:00Z,1.717400,1.755900,1.715200,1.744700,3257261
2024-11-29T17:00:00Z,1.744900,1.755900,1.721000,1.731700,3048558
2024-11-29T18:00:00Z,1.731700,1.752000,1.731400,1.739400,1252605
2024-11-29T19:00:00Z,1.739700,1.754500,1.719600,1.748600,1322729
2024-11-29T20:00:00Z,1.748600,1.769600,1.746000,1.756400,1509802
2024-11-29T21:00:00Z,1.756300,1.759900,1.738000,1.759900,1071786
2024-11-29T22:00:00Z,1.759700,1.774800,1.753800,1.759000,1514493
2024-11-29T23:00:00Z,1.759200,1.772600,1.748300,1.748600,1050486
2024-11-30T00:00:00Z,1.748500,1.782700,1.741800,1.767700,3451710
2024-11-30T01:00:00Z,1.767500,1.791700,1.733300,1.753000,3454570
2024-11-30T02:00:00Z,1.752700,1.811200,1.751300,1.806000,3221663
2024-11-30T03:00:00Z,1.805900,1.834300,1.781600,1.826900,4306621
2024-11-30T04:00:00Z,1.827000,1.865900,1.798300,1.802200,4727039
2024-11-30T05:00:00Z,1.801800,1.830700,1.779000,1.822000,2846893
2024-11-30T06:00:00Z,1.822300,1.886300,1.819400,1.837600,7788290
2024-11-30T07:00:00Z,1.837500,1.849100,1.824100,1.838600,2168401
2024-11-30T08:00:00Z,1.838700,1.866000,1.812300,1.816700,2827953
2024-11-30T09:00:00Z,1.816800,1.822400,1.802500,1.815800,1571062
2024-11-30T10:00:00Z,1.815900,1.817700,1.764500,1.766300,3115828
2024-11-30T11:00:00Z,1.767000,1.819600,1.762000,1.785500,2678541
2024-11-30T12:00:00Z,1.785800,1.829000,1.784200,1.817300,2462962
2024-11-30T13:00:00Z,1.817600,1.819400,1.780300,1.783600,1553098
2024-11-30T14:00:00Z,1.783700,1.817700,1.780800,1.785900,2321349
2024-11-30T15:00:00Z,1.785800,1.815100,1.779800,1.797300,1920181
2024-11-30T16:00:00Z,1.797300,1.830500,1.795800,1.811400,2516943
2024-11-30T17:00:00Z,1.811400,1.813900,1.790200,1.812100,1743838
2024-11-30T18:00:00Z,1.812000,1.814800,1.792400,1.797400,1196052
2024-11-30T19:00:00Z,1.797200,1.816700,1.791000,1.813600,1119607
2024-11-30T20:00:00Z,1.813400,1.839500,1.810600,1.836900,1568932
2024-11-30T21:00:00Z,1.836700,1.861500,1.823000,1.856100,2579790
2024-11-30T22:00:00Z,1.856100,1.861000,1.831100,1.841400,2286506
2024-11-30T23:00:00Z,1.841600,1.872900,1.826000,1.827800,1849980
2024-12-01T00:00:00Z,1.827700,1.843400,1.797500,1.800200,2617667
2024-12-01T01:00:00Z,1.800300,1.834500,1.771800,1.822500,4884467
2024-12-01T02:00:00Z,1.822500,1.830400,1.769200,1.773600,3464814
2024-12-01T03:00:00Z,1.773800,1.838200,1.773000,1.835600,2093700
2024-12-01T04:00:00Z,1.835400,1.845700,1.819200,1.828500,1984976
2024-12-01T05:00:00Z,1.828600,1.829000,1.791900,1.792700,1374147
2024-12-01T06:00:00Z,1.792200,1.814000,1.792200,1.801600,855910
2024-12-01T07:00:00Z,1.801600,1.818100,1.788700,1.806800,1240474
2024-12-01T08:00:00Z,1.806800,1.850000,1.800300,1.826900,3177361
2024-12-01T09:00:00Z,1.826900,1.829400,1.801900,1.802800,1019139
2024-12-01T10:00:00Z,1.803000,1.803400,1.773300,1.777400,2009133
2024-12-01T11:00:00Z,1.777300,1.787300,1.773300,1.779600,1596827
2024-12-01T12:00:00Z,1.779400,1.782100,1.751500,1.763100,3435256
2024-12-01T13:00:00Z,1.762800,1.788500,1.758800,1.777900,2072792
2024-12-01T14:00:00Z,1.777700,1.786100,1.770000,1.783500,1199459
2024-12-01T15:00:00Z,1.783700,1.843400,1.778300,1.812200,5077063
2024-12-01T16:00:00Z,1.811800,1.813200,1.782100,1.783300,2239737
2024-12-01T17:00:00Z,1.783700,1.787900,1.764100,1.783100,2248744
2024-12-01T18:00:00Z,1.782800,1.793200,1.773300,1.780100,1293127
2024-12-01T19:00:00Z,1.780100,1.786500,1.763100,1.769900,2080522
2024-12-01T20:00:00Z,1.770000,1.770900,1.741700,1.758300,2516401
2024-12-01T21:00:00Z,1.757900,1.769900,1.751300,1.763600,1304434
2024-12-01T22:00:00Z,1.763600,1.822500,1.759100,1.810300,4037242
2024-12-01T23:00:00Z,1.810600,1.834600,1.804700,1.825200,2931969
2024-12-02T00:00:00Z,1.825300,1.827500,1.770400,1.776200,4120170
2024-12-02T01:00:00Z,1.776100,1.827100,1.772500,1.820100,3645845
2024-12-02T02:00:00Z,1.819900,1.840000,1.790800,1.839500,3049559
2024-12-02T03:00:00Z,1.839300,1.862100,1.767500,1.777300,5309585
2024-12-02T04:00:00Z,1.776600,1.797400,1.731300,1.766000,6033888
2024-12-02T05:00:00Z,1.765900,1.792500,1.747000,1.760500,3078909
2024-12-02T06:00:00Z,1.760400,1.763500,1.721200,1.753500,3175055
2024-12-02T07:00:00Z,1.753000,1.757900,1.725600,1.752300,1819972
2024-12-02T08:00:00Z,1.751900,1.756000,1.650100,1.698500,8639869
2024-12-02T09:00:00Z,1.698300,1.736000,1.687900,1.734900,2679655
2024-12-02T10:00:00Z,1.735200,1.747400,1.677100,1.682200,4185842
2024-12-02T11:00:00Z,1.681900,1.713200,1.672600,1.696100,3128093
2024-12-02T12:00:00Z,1.696000,1.769000,1.688100,1.753900,4959499
2024-12-02T13:00:00Z,1.753900,1.807800,1.737200,1.804300,3398456
2024-12-02T14:00:00Z,1.804200,1.825000,1.783600,1.803200,4492053
2024-12-02T15:00:00Z,1.803200,1.814000,1.784900,1.798400,2932218
2024-12-02T16:00:00Z,1.798600,1.819100,1.744000,1.772300,4626813
2024-12-02T17:00:00Z,1.772200,1.800200,1.724300,1.732400,5079370
2024-12-02T18:00:00Z,1.732600,1.788000,1.731500,1.765200,2402226
2024-12-02T19:00:00Z,1.764900,1.784600,1.740100,1.781200,1382515
2024-12-02T20:00:00Z,1.781600,1.824300,1.779700,1.803200,2869320
2024-12-02T21:00:00Z,1.803000,1.818800,1.782100,1.800000,2399136
2024-12-02T22:00:00Z,1.800300,1.818300,1.787800,1.808400,1975991
2024-12-02T23:00:00Z,1.808300,1.862800,1.807600,1.861600,2793572
2024-12-03T00:00:00Z,1.861600,1.875600,1.829200,1.864600,4421718
2024-12-03T01:00:00Z,1.864800,1.877300,1.828200,1.831100,3230144
2024-12-03T02:00:00Z,1.830500,1.876600,1.819800,1.866500,1934715
2024-12-03T03:00:00Z,1.866400,1.897500,1.860300,1.885600,2552175
2024-12-03T04:00:00Z,1.885100,1.928600,1.882300,1.916900,3537695
2024-12-03T05:00:00Z,1.916900,1.931300,1.899200,1.906900,2264551
2024-12-03T06:00:00Z,1.906700,1.916900,1.867900,1.874400,2708547
2024-12-03T07:00:00Z,1.874200,1.888800,1.846700,1.864100,4674927
2024-12-03T08:00:00Z,1.864600,1.883300,1.852200,1.869900,2509390
2024-12-03T09:00:00Z,1.869900,1.900000,1.855100,1.895400,2730447
2024-12-03T10:00:00Z,1.895300,1.917800,1.849200,1.856400,2765513
2024-12-03T11:00:00Z,1.855800,1.918900,1.852300,1.911800,2668129
2024-12-03T12:00:00Z,1.912000,1.938000,1.886800,1.926400,3835701
2024-12-03T13:00:00Z,1.926300,1.968800,1.815700,1.854100,11067008
2024-12-03T14:00:00Z,1.854100,1.993800,1.803500,1.977700,14314882
2024-12-03T15:00:00Z,1.977800,2.081800,1.975700,2.031100,13591278
2024-12-03T16:00:00Z,2.031000,2.068900,1.976200,1.984900,5844534
2024-12-03T17:00:00Z,1.985000,1.992000,1.954400,1.987400,3453624
2024-12-03T18:00:00Z,1.987300,1.988000,1.950400,1.952700,2087874
2024-12-03T19:00:00Z,1.952600,1.955000,1.916800,1.943600,2968732
2024-12-03T20:00:00Z,1.943700,2.049400,1.941200,2.036300,3504587
2024-12-03T21:00:00Z,2.036000,2.046000,2.018400,2.025800,2505498
2024-12-03T22:00:00Z,2.025900,2.039000,2.007600,2.030300,2789014
2024-12-03T23:00:00Z,2.030300,2.052500,2.012400,2.014000,2862358
2024-12-04T00:00:00Z,2.014100,2.094200,2.003400,2.086400,6331480
2024-12-04T01:00:00Z,2.086700,2.150000,2.055700,2.088800,7504498
2024-12-04T02:00:00Z,2.088500,2.088800,2.014700,2.033000,3438269
2024-12-04T03:00:00Z,2.032800,2.074800,2.032700,2.063400,1754407
2024-12-04T04:00:00Z,2.063200,2.074400,2.054600,2.061200,900603
2024-12-04T05:00:00Z,2.061300,2.077000,2.042100,2.044900,1039982
2024-12-04T06:00:00Z,2.044800,2.072600,2.015600,2.068600,2097290
2024-12-04T07:00:00Z,2.068500,2.130100,2.053000,2.110800,3540896
2024-12-04T08:00:00Z,2.111000,2.113900,2.068500,2.088400,1769763
2024-12-04T09:00:00Z,2.088300,2.129300,2.074300,2.103100,2102926
2024-12-04T10:00:00Z,2.103000,2.116300,2.075200,2.093900,2077320
2024-12-04T11:00:00Z,2.093800,2.144800,2.081300,2.082100,3531061
2024-12-04T12:00:00Z,2.082000,2.091700,2.040000,2.068600,4465954
2024-12-04T13:00:00Z,2.068600,2.097100,2.055600,2.086000,3296179
2024-12-04T14:00:00Z,2.086000,2.192500,2.070900,2.166700,6499090
2024-12-04T15:00:00Z,2.166700,2.258800,2.141200,2.214200,11556993
2024-12-04T16:00:00Z,2.214600,2.241300,2.108300,2.140100,8609776
2024-12-04T17:00:00Z,2.140200,2.175400,2.084800,2.150000,7327721
2024-12-04T18:00:00Z,2.150100,2.190100,2.136700,2.170200,3810928
2024-12-04T19:00:00Z,2.169800,2.200700,2.164500,2.165100,1879626
2024-12-04T20:00:00Z,2.165500,2.189700,2.100200,2.114400,3738762
2024-12-04T21:00:00Z,2.114400,2.131000,2.100500,2.114600,2471379
2024-12-04T22:00:00Z,2.114800,2.141800,2.099000,2.099500,1416994
2024-12-04T23:00:00Z,2.099600,2.104300,2.053100,2.091900,3013460
2024-12-05T00:00:00Z,2.091900,2.093200,2.031100,2.036900,3257560
2024-12-05T01:00:00Z,2.037200,2.037300,1.964800,2.008300,6757707
2024-12-05T02:00:00Z,2.008400,2.080200,2.004300,2.059700,3667733
2024-12-05T03:00:00Z,2.059500,2.096000,2.041600,2.054400,3032006
2024-12-05T04:00:00Z,2.054600,2.124400,2.046400,2.106800,2966024
2024-12-05T05:00:00Z,2.106800,2.126500,2.099100,2.113800,2524909
2024-12-05T06:00:00Z,2.113900,2.157900,2.101100,2.156600,2183553
2024-12-05T07:00:00Z,2.156700,2.182500,2.145500,2.171200,2208789
2024-12-05T08:00:00Z,2.171400,2.239100,2.164600,2.203000,3965952
2024-12-05T09:00:00Z,2.203100,2.213800,2.162000,2.185000,2628545
2024-12-05T10:00:00Z,2.184800,2.207900,2.168400,2.184200,2125275
2024-12-05T11:00:00Z,2.184100,2.242000,2.176500,2.229000,2492148
2024-12-05T12:00:00Z,2.229000,2.257600,2.223200,2.233200,2526184
2024-12-05T13:00:00Z,2.233400,2.269400,2.219700,2.238300,2796865
2024-12-05T14:00:00Z,2.238600,2.244600,2.167900,2.178400,3833441
2024-12-05T15:00:00Z,2.178400,2.193600,2.146200,2.166400,4080654
2024-12-05T16:00:00Z,2.166200,2.179000,2.143400,2.157200,2278421
2024-12-05T17:00:00Z,2.157400,2.170100,2.149000,2.158400,1273514
2024-12-05T18:00:00Z,2.158300,2.161600,2.106800,2.110100,2375456
2024-12-05T19:00:00Z,2.109900,2.115100,2.055300,2.057700,3977165
2024-12-05T20:00:00Z,2.057600,2.081100,2.017500,2.056900,6400634
2024-12-05T21:00:00Z,2.056600,2.082000,2.048200,2.081300,1941392
2024-12-05T22:00:00Z,2.081100,2.100800,1.987500,2.086400,5184474
2024-12-05T23:00:00Z,2.086100,2.089300,2.040000,2.051900,4002269
2024-12-06T00:00:00Z,2.051900,2.123000,2.035700,2.115800,3529192
2024-12-06T01:00:00Z,2.115800,2.193700,2.110200,2.163800,4687281
2024-12-06T02:00:00Z,2.163700,2.209100,2.143600,2.185700,3596046
2024-12-06T03:00:00Z,2.185800,2.187800,2.140500,2.179300,2244109
2024-12-06T04:00:00Z,2.179300,2.185300,2.158200,2.168400,1215005
2024-12-06T05:00:00Z,2.168300,2.178200,2.148100,2.165500,1350123
2024-12-06T06:00:00Z,2.165500,2.210100,2.164400,2.189200,1998806
2024-12-06T07:00:00Z,2.189400,2.194800,2.166100,2.190900,1217893
2024-12-06T08:00:00Z,2.191200,2.204500,2.170000,2.174100,1171402
2024-12-06T09:00:00Z,2.173800,2.189400,2.131300,2.159800,5222285
2024-12-06T10:00:00Z,2.159700,2.166500,2.133900,2.152000,2025481
2024-12-06T11:00:00Z,2.152100,2.164200,2.134500,2.150800,1213568
2024-12-06T12:00:00Z,2.150500,2.187000,2.101500,2.110400,2708470
2024-12-06T13:00:00Z,2.110600,2.177400,2.094700,2.171600,3276562
2024-12-06T14:00:00Z,2.171600,2.268600,2.143500,2.258300,5353365
2024-12-06T15:00:00Z,2.258400,2.313900,2.211100,2.229000,9712918
2024-12-06T16:00:00Z,2.229000,2.269800,2.204300,2.259900,3079054
2024-12-06T17:00:00Z,2.260000,2.292900,2.246900,2.284300,2429423
2024-12-06T18:00:00Z,2.284700,2.373300,2.283600,2.360600,4553421
2024-12-06T19:00:00Z,2.360600,2.363500,2.308200,2.325900,2616549
2024-12-06T20:00:00Z,2.325900,2.331600,2.287400,2.291800,1547044
2024-12-06T21:00:00Z,2.293200,2.308300,2.274700,2.276000,1263126
2024-12-06T22:00:00Z,2.275800,2.288000,2.259100,2.270600,1429096
2024-12-06T23:00:00Z,2.270600,2.294100,2.255200,2.259500,1657860
2024-12-07T00:00:00Z,2.259600,2.267600,2.226100,2.233000,1540683
2024-12-07T01:00:00Z,2.232900,2.257200,2.222000,2.241100,1413369
2024-12-07T02:00:00Z,2.241100,2.280800,2.238800,2.270400,1348382
2024-12-07T03:00:00Z,2.270500,2.311000,2.268800,2.280500,2834759
2024-12-07T04:00:00Z,2.280200,2.294800,2.255800,2.274800,1410424
2024-12-07T05:00:00Z,2.274300,2.289700,2.250000,2.250500,2272499
2024-12-07T06:00:00Z,2.250600,2.254700,2.224200,2.225000,1360435
2024-12-07T07:00:00Z,2.225000,2.244400,2.212700,2.215000,1484745
2024-12-07T08:00:00Z,2.215300,2.218800,2.185100,2.193100,1949764
2024-12-07T09:00:00Z,2.192700,2.207500,2.182200,2.186000,1405798
2024-12-07T10:00:00Z,2.186000,2.192600,2.175200,2.185000,1582650
2024-12-07T11:00:00Z,2.185100,2.206800,2.178900,2.195200,2060967
2024-12-07T12:00:00Z,2.194800,2.207600,2.187700,2.200600,1287699
2024-12-07T13:00:00Z,2.200500,2.211000,2.186600,2.191600,1130679
2024-12-07T14:00:00Z,2.191100,2.203200,2.179900,2.202900,1328043
2024-12-07T15:00:00Z,2.202800,2.219800,2.191700,2.218600,1490626
2024-12-07T16:00:00Z,2.218400,2.222200,2.190300,2.196800,1115877
2024-12-07T17:00:00Z,2.196900,2.199000,2.157500,2.168700,1985655
2024-12-07T18:00:00Z,2.168500,2.185000,2.151400,2.174800,2714213
2024-12-07T19:00:00Z,2.174700,2.179300,2.134800,2.147300,4125569
2024-12-07T20:00:00Z,2.147300,2.167200,2.146800,2.162600,1144647
2024-12-07T21:00:00Z,2.162700,2.172600,2.160500,2.165500,739925
2024-12-07T22:00:00Z,2.165500,2.172000,2.151200,2.152700,617633
2024-12-07T23:00:00Z,2.152300,2.183300,2.152300,2.168600,1316159
2024-12-08T00:00:00Z,2.168600,2.185900,2.162500,2.184500,933590
2024-12-08T01:00:00Z,2.184400,2.189900,2.148500,2.151900,1218149
2024-12-08T02:00:00Z,2.151800,2.158400,2.143800,2.152600,815327
2024-12-08T03:00:00Z,2.152400,2.165000,2.151200,2.152000,626095
2024-12-08T04:00:00Z,2.151800,2.172900,2.140500,2.141300,1058497
2024-12-08T05:00:00Z,2.141200,2.147100,2.124900,2.135500,1451377
2024-12-08T06:00:00Z,2.135100,2.137600,2.123500,2.131600,726758
2024-12-08T07:00:00Z,2.131400,2.143900,2.123400,2.135500,1050558
2024-12-08T08:00:00Z,2.135100,2.137400,2.102000,2.102800,2060312
2024-12-08T09:00:00Z,2.102400,2.121200,2.086900,2.100000,1724901
2024-12-08T10:00:00Z,2.100100,2.139800,2.100100,2.135900,1649877
2024-12-08T11:00:00Z,2.135800,2.155000,2.132700,2.148700,929414
2024-12-08T12:00:00Z,2.148800,2.167100,2.135000,2.155600,1582255
2024-12-08T13:00:00Z,2.155700,2.165100,2.143800,2.159000,1069373
2024-12-08T14:00:00Z,2.159300,2.179500,2.142600,2.144600,1795655
2024-12-08T15:00:00Z,2.145000,2.169200,2.130800,2.160900,1291952
2024-12-08T16:00:00Z,2.161200,2.177000,2.122000,2.124600,1592620
2024-12-08T17:00:00Z,2.124600,2.146800,2.122200,2.146700,850455
2024-12-08T18:00:00Z,2.146700,2.157000,2.122900,2.152900,1018964
2024-12-08T19:00:00Z,2.153000,2.154600,2.135100,2.138300,743389
2024-12-08T20:00:00Z,2.138200,2.148000,2.128200,2.128500,806710
2024-12-08T21:00:00Z,2.128900,2.139900,2.126100,2.139600,548411
2024-12-08T22:00:00Z,2.139500,2.161300,2.131500,2.158700,1112446
2024-12-08T23:00:00Z,2.158700,2.176100,2.152800,2.165000,1736252
2024-12-09T00:00:00Z,2.165300,2.174800,2.136000,2.150600,1453900
2024-12-09T01:00:00Z,2.150600,2.164900,2.109600,2.111600,1366723
2024-12-09T02:00:00Z,2.111500,2.130500,2.090000,2.094700,1797175
2024-12-09T03:00:00Z,2.094500,2.103000,2.062100,2.087200,2996315
2024-12-09T04:00:00Z,2.087300,2.116600,2.075800,2.115800,1185994
2024-12-09T05:00:00Z,2.116000,2.121800,2.111000,2.115700,870801
2024-12-09T06:00:00Z,2.115900,2.116700,2.083600,2.085900,1045392
2024-12-09T07:00:00Z,2.085900,2.089900,2.047300,2.074500,2317391
2024-12-09T08:00:00Z,2.074500,2.075500,2.018300,2.023600,3217125
2024-12-09T09:00:00Z,2.023100,2.049100,2.001800,2.017600,3673232
2024-12-09T10:00:00Z,2.017500,2.051300,2.015900,2.049900,1672734
2024-12-09T11:00:00Z,2.049500,2.049500,1.990000,1.996600,2471455
2024-12-09T12:00:00Z,1.996500,2.003900,1.968100,1.990800,3249283
2024-12-09T13:00:00Z,1.990700,2.045600,1.975200,2.026800,2618826
2024-12-09T14:00:00Z,2.028000,2.060000,1.994700,2.043000,2016770
2024-12-09T15:00:00Z,2.043700,2.050800,1.954900,1.972300,4306293
2024-12-09T16:00:00Z,1.972200,2.005100,1.965800,1.987200,2470569
2024-12-09T17:00:00Z,1.987000,2.010600,1.975000,1.975100,972355
2024-12-09T18:00:00Z,1.976000,1.998800,1.976000,1.984200,789490
2024-12-09T19:00:00Z,1.984100,1.986200,1.964100,1.968800,1133152
2024-12-09T20:00:00Z,1.968700,1.974900,1.805000,1.844900,12535624
2024-12-09T21:00:00Z,1.844500,1.852400,1.523500,1.781400,17498331
2024-12-09T22:00:00Z,1.782100,1.821100,1.629600,1.812900,12590576
2024-12-09T23:00:00Z,1.813000,1.849700,1.795000,1.829300,3968964
2024-12-10T00:00:00Z,1.829300,1.883300,1.783000,1.868100,3732618
2024-12-10T01:00:00Z,1.867900,1.873200,1.824800,1.857700,2099033
2024-12-10T02:00:00Z,1.857700,1.858700,1.776100,1.778500,2308909
2024-12-10T03:00:00Z,1.778900,1.796200,1.702900,1.772600,6405155
2024-12-10T04:00:00Z,1.772800,1.808300,1.731200,1.806800,2935084
2024-12-10T05:00:00Z,1.807100,1.812900,1.773900,1.810900,2314674
2024-12-10T06:00:00Z,1.810800,1.883200,1.797900,1.880100,3663584
2024-12-10T07:00:00Z,1.880100,1.882100,1.850300,1.865300,1891095
2024-12-10T08:00:00Z,1.865200,1.866800,1.836100,1.858500,1730618
2024-12-10T09:00:00Z,1.857700,1.889400,1.849700,1.877400,2482378
2024-12-10T10:00:00Z,1.877400,1.908600,1.874500,1.893700,2155863
2024-12-10T11:00:00Z,1.893600,1.895400,1.835300,1.843900,3044239
2024-12-10T12:00:00Z,1.844300,1.854200,1.763400,1.771800,3567549
2024-12-10T13:00:00Z,1.772300,1.816500,1.770800,1.792400,3299399
2024-12-10T14:00:00Z,1.792400,1.832000,1.779800,1.790000,3329690
2024-12-10T15:00:00Z,1.789700,1.798600,1.702200,1.705500,5747259
2024-12-10T16:00:00Z,1.705600,1.759000,1.675000,1.752400,6493765
2024-12-10T17:00:00Z,1.752400,1.752700,1.666100,1.668300,4080498
2024-12-10T18:00:00Z,1.668000,1.724300,1.658100,1.711300,2900695
2024-12-10T19:00:00Z,1.711700,1.797900,1.708200,1.796900,2916783
2024-12-10T20:00:00Z,1.796900,1.802200,1.768700,1.795300,1881981
2024-12-10T21:00:00Z,1.795500,1.831400,1.793700,1.811700,1527520
2024-12-10T22:00:00Z,1.812000,1.838400,1.810600,1.818500,1990867
2024-12-10T23:00:00Z,1.818400,1.858200,1.817800,1.840700,1893078
2024-12-11T00:00:00Z,1.840800,1.853600,1.791000,1.806700,2071330
2024-12-11T01:00:00Z,1.806800,1.811800,1.755500,1.760700,2756618
2024-12-11T02:00:00Z,1.760900,1.852900,1.757500,1.830700,2406675
2024-12-11T03:00:00Z,1.830700,1.844100,1.819400,1.827300,1040349
2024-12-11T04:00:00Z,1.827500,1.836900,1.806900,1.818700,826105
2024-12-11T05:00:00Z,1.818900,1.826200,1.799200,1.811800,623340
2024-12-11T06:00:00Z,1.811800,1.846300,1.804400,1.846300,1003803
2024-12-11T07:00:00Z,1.846500,1.869700,1.809700,1.812000,2084639
2024-12-11T08:00:00Z,1.812200,1.877800,1.812200,1.864400,1653971
2024-12-11T09:00:00Z,1.864900,1.870500,1.846200,1.857400,965420
2024-12-11T10:00:00Z,1.856900,1.864300,1.837500,1.847800,816187
2024-12-11T11:00:00Z,1.847700,1.872000,1.840000,1.861000,1374442
2024-12-11T12:00:00Z,1.860900,1.886500,1.858300,1.872900,1976044
2024-12-11T13:00:00Z,1.873100,1.908600,1.863900,1.882100,3429256
2024-12-11T14:00:00Z,1.882200,1.908300,1.850000,1.893800,3514114
2024-12-11T15:00:00Z,1.894000,1.937800,1.885200,1.914300,3368396
2024-12-11T16:00:00Z,1.914800,1.934000,1.875300,1.881700,3283028
2024-12-11T17:00:00Z,1.882000,1.894600,1.862900,1.867100,2582567
2024-12-11T18:00:00Z,1.867200,1.891000,1.865600,1.880100,1145301
2024-12-11T19:00:00Z,1.880200,1.889400,1.879000,1.882700,760779
2024-12-11T20:00:00Z,1.882900,1.902100,1.881600,1.893400,1295407
2024-12-11T21:00:00Z,1.893300,1.900200,1.881200,1.894500,674596
2024-12-11T22:00:00Z,1.894600,1.922900,1.894500,1.916900,1121297
2024-12-11T23:00:00Z,1.916800,1.925100,1.903300,1.906200,869907
2024-12-12T00:00:00Z,1.906300,1.922000,1.888200,1.900800,1805945
2024-12-12T01:00:00Z,1.900900,1.933700,1.898100,1.917000,1220559
2024-12-12T02:00:00Z,1.917400,1.973300,1.904600,1.971600,2281080
2024-12-12T03:00:00Z,1.971700,2.042900,1.951900,2.014600,4048419
2024-12-12T04:00:00Z,2.014600,2.039200,1.985500,1.997400,2968786
2024-12-12T05:00:00Z,1.997400,2.086000,1.995000,2.058500,3206241
2024-12-12T06:00:00Z,2.058400,2.086300,2.049400,2.059600,2671852
2024-12-12T07:00:00Z,2.059800,2.068900,2.010300,2.016000,1482380
2024-12-12T08:00:00Z,2.015400,2.061200,2.015100,2.054900,933337
2024-12-12T09:00:00Z,2.054800,2.075600,2.052300,2.055700,1164600
2024-12-12T10:00:00Z,2.056200,2.059300,2.026000,2.055900,1787007
2024-12-12T11:00:00Z,2.055800,2.059700,2.018100,2.028500,2169858
2024-12-12T12:00:00Z,2.029100,2.150600,2.027700,2.147600,5822028
2024-12-12T13:00:00Z,2.147600,2.219100,2.103600,2.189800,21938551
2024-12-12T14:00:00Z,2.189200,2.303300,2.156400,2.297400,15806212
2024-12-12T15:00:00Z,2.297500,2.365400,2.258400,2.320800,18023120
2024-12-12T16:00:00Z,2.321100,2.368000,2.264400,2.282600,12988838
2024-12-12T17:00:00Z,2.282700,2.372500,2.282700,2.367000,7740149
2024-12-12T18:00:00Z,2.366600,2.378500,2.317900,2.328300,7610831
2024-12-12T19:00:00Z,2.328500,2.354100,2.262600,2.274500,10200778
2024-12-12T20:00:00Z,2.274900,2.310300,2.251700,2.294200,5460758
2024-12-12T21:00:00Z,2.294000,2.305200,2.193600,2.195800,6323392
2024-12-12T22:00:00Z,2.195800,2.248000,2.166600,2.242100,5426814
2024-12-12T23:00:00Z,2.242400,2.265300,2.232700,2.252200,3630786
2024-12-13T00:00:00Z,2.252200,2.284000,2.243900,2.248100,3456626
2024-12-13T01:00:00Z,2.248200,2.260400,2.204300,2.250200,4333116
2024-12-13T02:00:00Z,2.250100,2.315400,2.238900,2.293000,5956696
2024-12-13T03:00:00Z,2.293000,2.353700,2.278600,2.322700,6010952
2024-12-13T04:00:00Z,2.322800,2.327100,2.262700,2.264200,4465009
2024-12-13T05:00:00Z,2.264100,2.286300,2.230200,2.239900,2954825
2024-12-13T06:00:00Z,2.239900,2.272300,2.223000,2.223200,2814030
2024-12-13T07:00:00Z,2.223000,2.234000,2.181300,2.215800,6209574
2024-12-13T08:00:00Z,2.215600,2.239700,2.208500,2.219300,3592182
2024-12-13T09:00:00Z,2.219400,2.225800,2.158400,2.182000,5692368
2024-12-13T10:00:00Z,2.181400,2.215600,2.166200,2.194800,3259768
2024-12-13T11:00:00Z,2.195000,2.221700,2.186700,2.187500,3747220
2024-12-13T12:00:00Z,2.187600,2.197200,2.173800,2.188900,2002120
2024-12-13T13:00:00Z,2.188900,2.208500,2.177400,2.192200,2682476
2024-12-13T14:00:00Z,2.192200,2.208700,2.169500,2.189000,2833046
2024-12-13T15:00:00Z,2.189100,2.219700,2.143000,2.146600,4943041
2024-12-13T16:00:00Z,2.146400,2.197900,2.145000,2.172900,4566242
2024-12-13T17:00:00Z,2.173100,2.195500,2.159500,2.187300,1520199
2024-12-13T18:00:00Z,2.187300,2.189700,2.141100,2.154900,1907476
2024-12-13T19:00:00Z,2.155000,2.167000,2.147000,2.164300,1104122
2024-12-13T20:00:00Z,2.164400,2.190600,2.161900,2.185600,1228438
2024-12-13T21:00:00Z,2.185900,2.186100,2.158200,2.159200,687816
2024-12-13T22:00:00Z,2.159000,2.161500,2.140100,2.146800,946591
2024-12-13T23:00:00Z,2.146700,2.224900,2.144000,2.206700,3528153
2024-12-14T00:00:00Z,2.206900,2.286700,2.195800,2.241300,7090205
2024-12-14T01:00:00Z,2.241400,2.278300,2.235500,2.236900,2787859
2024-12-14T02:00:00Z,2.236900,2.240300,2.202800,2.206500,1868498
2024-12-14T03:00:00Z,2.206600,2.263300,2.202800,2.261900,1549813
2024-12-14T04:00:00Z,2.261800,2.271800,2.245300,2.251300,1518314
2024-12-14T05:00:00Z,2.251400,2.267000,2.233500,2.248500,1170470
2024-12-14T06:00:00Z,2.248600,2.252600,2.216500,2.249300,1028359
2024-12-14T07:00:00Z,2.249300,2.279800,2.248900,2.262500,1823902
2024-12-14T08:00:00Z,2.262500,2.307700,2.254200,2.301800,2998683
2024-12-14T09:00:00Z,2.301900,2.306000,2.265200,2.274000,2187516
2024-12-14T10:00:00Z,2.274000,2.317800,2.242700,2.305900,3735557
2024-12-14T11:00:00Z,2.306000,2.332500,2.302800,2.313600,2739509
2024-12-14T12:00:00Z,2.313500,2.314600,2.209600,2.216800,5623816
2024-12-14T13:00:00Z,2.216500,2.225100,2.177600,2.183900,5463517
2024-12-14T14:00:00Z,2.183900,2.248700,2.183900,2.198000,3503565
2024-12-14T15:00:00Z,2.197900,2.212800,2.184600,2.201400,1778517
2024-12-14T16:00:00Z,2.201300,2.249300,2.168500,2.232700,3365699
2024-12-14T17:00:00Z,2.232800,2.234800,2.185000,2.190900,2101163
2024-12-14T18:00:00Z,2.190900,2.217200,2.182600,2.193600,3069321
2024-12-14T19:00:00Z,2.193500,2.214200,2.186000,2.198000,1639370
2024-12-14T20:00:00Z,2.198000,2.208000,2.157400,2.163100,2023049
2024-12-14T21:00:00Z,2.163100,2.193200,2.160900,2.175700,1234289
2024-12-14T22:00:00Z,2.175800,2.235900,2.164500,2.196400,2754601
2024-12-14T23:00:00Z,2.196600,2.236000,2.192600,2.213300,1779540
2024-12-15T00:00:00Z,2.213300,2.234000,2.197500,2.222200,2152382
2024-12-15T01:00:00Z,2.222300,2.365000,2.219500,2.356800,10210655
2024-12-15T02:00:00Z,2.356600,2.363100,2.302900,2.305500,6016447
2024-12-15T03:00:00Z,2.305600,2.310200,2.236500,2.245900,4759967
2024-12-15T04:00:00Z,2.245800,2.275300,2.239800,2.271900,3086794
2024-12-15T05:00:00Z,2.271800,2.302800,2.264000,2.271500,2519025
2024-12-15T06:00:00Z,2.271600,2.277300,2.192600,2.198600,3768634
2024-12-15T07:00:00Z,2.198900,2.203700,2.157900,2.173300,2775917
2024-12-15T08:00:00Z,2.173300,2.186900,2.158200,2.184100,2858945
2024-12-15T09:00:00Z,2.183900,2.192700,2.156800,2.174900,2322106
2024-12-15T10:00:00Z,2.174700,2.219000,2.172900,2.196700,2838542
2024-12-15T11:00:00Z,2.196700,2.255800,2.195900,2.247600,3775519
2024-12-15T12:00:00Z,2.247600,2.259400,2.175700,2.192100,4633912
2024-12-15T13:00:00Z,2.192100,2.237800,2.187000,2.210100,2827260
2024-12-15T14:00:00Z,2.210900,2.237000,2.202700,2.235700,1876269
2024-12-15T15:00:00Z,2.235900,2.268200,2.215300,2.258000,2645342
2024-12-15T16:00:00Z,2.258100,2.341300,2.246000,2.321900,6312410
2024-12-15T17:00:00Z,2.322500,2.330600,2.252800,2.254000,4171641
2024-12-15T18:00:00Z,2.254100,2.260000,2.225700,2.259000,2618777
2024-12-15T19:00:00Z,2.259000,2.322200,2.259000,2.297300,3996190
2024-12-15T20:00:00Z,2.297300,2.303400,2.277800,2.295200,1660086
2024-12-15T21:00:00Z,2.295100,2.303000,2.250600,2.267400,3116785
2024-12-15T22:00:00Z,2.267200,2.303900,2.237100,2.282000,2581468
2024-12-15T23:00:00Z,2.281900,2.434600,2.281700,2.381700,9766881
2024-12-16T00:00:00Z,2.381800,2.409700,2.343100,2.387600,6113248
2024-12-16T01:00:00Z,2.386800,2.489600,2.385100,2.463600,8107539
2024-12-16T02:00:00Z,2.463800,2.475400,2.406500,2.422000,4690921
2024-12-16T03:00:00Z,2.422400,2.431000,2.334900,2.357000,5036522
2024-12-16T04:00:00Z,2.357000,2.364300,2.316500,2.320700,3176140
2024-12-16T05:00:00Z,2.320600,2.358600,2.313400,2.328700,2219668
2024-12-16T06:00:00Z,2.328600,2.353700,2.296100,2.297600,2315147
2024-12-16T07:00:00Z,2.297400,2.326900,2.291000,2.306500,2112751
2024-12-16T08:00:00Z,2.306600,2.313300,2.259300,2.261300,2635361
2024-12-16T09:00:00Z,2.260900,2.271300,2.224900,2.228000,3178768
2024-12-16T10:00:00Z,2.228100,2.229400,2.201300,2.218800,3474256
2024-12-16T11:00:00Z,2.218700,2.252700,2.197100,2.223500,5328828
2024-12-16T12:00:00Z,2.223600,2.241500,2.205000,2.209100,3974683
2024-12-16T13:00:00Z,2.209000,2.237400,2.199200,2.206500,3575259
2024-12-16T14:00:00Z,2.206600,2.251500,2.202800,2.207200,4427684
2024-12-16T15:00:00Z,2.207500,2.220300,2.180000,2.206300,4652552
2024-12-16T16:00:00Z,2.206200,2.243200,2.199000,2.228900,4198812
2024-12-16T17:00:00Z,2.228900,2.266000,2.222800,2.242500,4975244
2024-12-16T18:00:00Z,2.242700,2.327500,2.223700,2.300500,8988236
2024-12-16T19:00:00Z,2.300600,2.310600,2.251500,2.279200,3577619
2024-12-16T20:00:00Z,2.279300,2.337200,2.278000,2.285000,3863443
2024-12-16T21:00:00Z,2.285400,2.299100,2.257400,2.286900,1819438
2024-12-16T22:00:00Z,2.287000,2.292000,2.242900,2.247100,1849611
2024-12-16T23:00:00Z,2.247200,2.265300,2.223700,2.233400,2477739
2024-12-17T00:00:00Z,2.233300,2.239500,2.171700,2.171900,4304795
2024-12-17T01:00:00Z,2.171800,2.220800,2.170000,2.200200,3908038
2024-12-17T02:00:00Z,2.200500,2.276000,2.200500,2.253600,2596579
2024-12-17T03:00:00Z,2.253500,2.314600,2.251100,2.314600,3280326
2024-12-17T04:00:00Z,2.314400,2.317900,2.247500,2.249100,4368470
2024-12-17T05:00:00Z,2.249000,2.273400,2.228200,2.268000,2366867
2024-12-17T06:00:00Z,2.268000,2.284600,2.236900,2.252000,2496510
2024-12-17T07:00:00Z,2.252100,2.300000,2.239400,2.253200,3582100
2024-12-17T08:00:00Z,2.253000,2.280800,2.241300,2.247200,2186398
2024-12-17T09:00:00Z,2.247100,2.268600,2.225300,2.251600,2598839
2024-12-17T10:00:00Z,2.251800,2.274000,2.212500,2.255700,2748512
2024-12-17T11:00:00Z,2.255600,2.258800,2.205400,2.211500,3070050
2024-12-17T12:00:00Z,2.211500,2.227200,2.204700,2.215100,1987778
2024-12-17T13:00:00Z,2.215100,2.249500,2.205200,2.222200,1991710
2024-12-17T14:00:00Z,2.222200,2.231000,2.192500,2.202100,3218346
2024-12-17T15:00:00Z,2.202000,2.202000,2.103600,2.123100,8177790
2024-12-17T16:00:00Z,2.123600,2.133600,2.056400,2.064900,7280639
2024-12-17T17:00:00Z,2.065000,2.104000,2.065000,2.080400,3781793
2024-12-17T18:00:00Z,2.080400,2.090600,2.053000,2.067300,3175870
2024-12-17T19:00:00Z,2.067400,2.095200,2.065200,2.089300,1711189
2024-12-17T20:00:00Z,2.089200,2.109100,2.085200,2.101800,1728530
2024-12-17T21:00:00Z,2.101600,2.112300,2.084600,2.102200,1494315
2024-12-17T22:00:00Z,2.102300,2.105700,2.076300,2.085800,2954065
2024-12-17T23:00:00Z,2.085800,2.094700,2.060400,2.094000,2091522
2024-12-18T00:00:00Z,2.094100,2.100000,2.056200,2.065800,2387840
2024-12-18T01:00:00Z,2.065800,2.095600,2.056200,2.065300,2303152
2024-12-18T02:00:00Z,2.065600,2.095200,2.057500,2.089100,1570006
2024-12-18T03:00:00Z,2.089300,2.089600,2.060700,2.063400,1252421
2024-12-18T04:00:00Z,2.063200,2.072000,2.028600,2.044600,4859372
2024-12-18T05:00:00Z,2.044600,2.079900,2.037300,2.058900,2099588
2024-12-18T06:00:00Z,2.058900,2.064900,2.024200,2.046900,1906526
2024-12-18T07:00:00Z,2.046900,2.065800,2.036900,2.044800,1366368
2024-12-18T08:00:00Z,2.044800,2.074600,2.044000,2.051400,1544283
2024-12-18T09:00:00Z,2.051400,2.080300,2.051300,2.065600,1155708
2024-12-18T10:00:00Z,2.065500,2.072200,2.050000,2.052700,1035549
2024-12-18T11:00:00Z,2.052700,2.075300,2.052100,2.059000,1611674
2024-12-18T12:00:00Z,2.059000,2.062300,1.983000,2.004800,4105310
2024-12-18T13:00:00Z,2.004900,2.016000,1.981800,1.999700,2581817
2024-12-18T14:00:00Z,1.999700,2.024100,1.992500,1.995500,1880098
2024-12-18T15:00:00Z,1.995700,2.034600,1.981100,2.020200,3119545
2024-12-18T16:00:00Z,2.020100,2.067400,2.000000,2.050000,3513687
2024-12-18T17:00:00Z,2.050200,2.050400,2.006700,2.035200,2225274
2024-12-18T18:00:00Z,2.035200,2.092100,2.025300,2.087200,2047887
2024-12-18T19:00:00Z,2.087100,2.091400,1.989900,1.990400,5035390
2024-12-18T20:00:00Z,1.990200,2.017900,1.842900,1.982500,21649495
2024-12-18T21:00:00Z,1.982800,1.993800,1.954700,1.972000,4704651
2024-12-18T22:00:00Z,1.972100,1.975500,1.930500,1.933100,2273474
2024-12-18T23:00:00Z,1.933200,1.935200,1.861600,1.872100,4743034
2024-12-19T00:00:00Z,1.872200,1.911300,1.853000,1.898700,4253215
2024-12-19T01:00:00Z,1.898600,1.900000,1.825100,1.845800,4059577
2024-12-19T02:00:00Z,1.846000,1.854100,1.761000,1.849200,9680514
2024-12-19T03:00:00Z,1.849100,1.868700,1.840900,1.846400,3161363
2024-12-19T04:00:00Z,1.846300,1.858900,1.830700,1.831100,1686681
2024-12-19T05:00:00Z,1.830900,1.844800,1.821600,1.833600,1604086
2024-12-19T06:00:00Z,1.833500,1.834400,1.802700,1.810900,2280252
2024-12-19T07:00:00Z,1.810900,1.843200,1.806900,1.839000,2132981
2024-12-19T08:00:00Z,1.838900,1.839200,1.790600,1.796800,1677955
2024-12-19T09:00:00Z,1.796700,1.823000,1.795200,1.810800,1299849
2024-12-19T10:00:00Z,1.810800,1.850200,1.794800,1.832000,2504285
2024-12-19T11:00:00Z,1.832100,1.838300,1.816000,1.821300,1545248
2024-12-19T12:00:00Z,1.821400,1.822900,1.772800,1.774300,2522844
2024-12-19T13:00:00Z,1.774200,1.809800,1.770800,1.782300,2730513
2024-12-19T14:00:00Z,1.782000,1.817000,1.733900,1.742400,6124583
2024-12-19T15:00:00Z,1.742400,1.745300,1.674900,1.718200,8976325
2024-12-19T16:00:00Z,1.718100,1.718800,1.686200,1.697500,3714372
2024-12-19T17:00:00Z,1.697400,1.699900,1.596100,1.634700,12504185
2024-12-19T18:00:00Z,1.634400,1.638100,1.556000,1.624200,12577868
2024-12-19T19:00:00Z,1.624200,1.639000,1.552400,1.579400,10580474
2024-12-19T20:00:00Z,1.579500,1.610100,1.524800,1.598200,9038467
2024-12-19T21:00:00Z,1.598900,1.642400,1.587100,1.641900,7750207
2024-12-19T22:00:00Z,1.641900,1.649700,1.624000,1.638400,4539430
2024-12-19T23:00:00Z,1.638600,1.641500,1.603700,1.604800,4359347
2024-12-20T00:00:00Z,1.604800,1.634700,1.565600,1.621700,7968824
2024-12-20T01:00:00Z,1.621500,1.634300,1.605500,1.612600,2282474
2024-12-20T02:00:00Z,1.612800,1.664400,1.610000,1.650400,3173988
2024-12-20T03:00:00Z,1.650500,1.654000,1.615000,1.618400,1921756
2024-12-20T04:00:00Z,1.618200,1.635000,1.597900,1.599800,2358873
2024-12-20T05:00:00Z,1.599700,1.611500,1.572600,1.574200,2204526
2024-12-20T06:00:00Z,1.574200,1.590700,1.535100,1.555800,3453140
2024-12-20T07:00:00Z,1.555300,1.606200,1.553000,1.569200,3652385
2024-12-20T08:00:00Z,1.569100,1.571500,1.478000,1.488800,7160244
2024-12-20T09:00:00Z,1.488700,1.519200,1.460800,1.478300,8166781
2024-12-20T10:00:00Z,1.478300,1.487600,1.411300,1.433900,11439840
2024-12-20T11:00:00Z,1.433700,1.469200,1.394600,1.397400,9311402
2024-12-20T12:00:00Z,1.397400,1.554300,1.395200,1.533700,11156893
2024-12-20T13:00:00Z,1.533500,1.634700,1.510200,1.606600,11704351
2024-12-20T14:00:00Z,1.606400,1.626600,1.563800,1.610000,6358061
2024-12-20T15:00:00Z,1.609900,1.621000,1.593200,1.604400,3837628
2024-12-20T16:00:00Z,1.604600,1.642800,1.595600,1.617600,5079191
2024-12-20T17:00:00Z,1.617500,1.676400,1.609500,1.664000,3695019
2024-12-20T18:00:00Z,1.664000,1.676900,1.650600,1.666400,3636002
2024-12-20T19:00:00Z,1.666200,1.719300,1.660000,1.685300,3459327
2024-12-20T20:00:00Z,1.685300,1.696300,1.662100,1.670300,2964057
2024-12-20T21:00:00Z,1.670300,1.689900,1.642500,1.682000,2787360
2024-12-20T22:00:00Z,1.682100,1.708700,1.670600,1.696800,1547818
2024-12-20T23:00:00Z,1.696800,1.738900,1.696600,1.730900,2625297
2024-12-21T00:00:00Z,1.730800,1.734300,1.698500,1.724100,2516087
2024-12-21T01:00:00Z,1.724000,1.753500,1.716900,1.734600,1726178
2024-12-21T02:00:00Z,1.734700,1.759600,1.725500,1.736300,1760369
2024-12-21T03:00:00Z,1.736300,1.741000,1.717700,1.723600,1363479
2024-12-21T04:00:00Z,1.723700,1.739900,1.716700,1.734400,1122782
2024-12-21T05:00:00Z,1.734500,1.830900,1.734000,1.830500,2665698
2024-12-21T06:00:00Z,1.830400,1.833400,1.800400,1.830400,2683822
2024-12-21T07:00:00Z,1.830900,1.853200,1.809300,1.820900,2397093
2024-12-21T08:00:00Z,1.820700,1.828900,1.782000,1.797900,3026007
2024-12-21T09:00:00Z,1.797900,1.811100,1.778400,1.809300,2426128
2024-12-21T10:00:00Z,1.809400,1.838700,1.791400,1.800500,2463717
2024-12-21T11:00:00Z,1.800700,1.807200,1.757100,1.776100,2321018
2024-12-21T12:00:00Z,1.776200,1.784600,1.732800,1.741300,4007975
2024-12-21T13:00:00Z,1.741200,1.768800,1.672700,1.734600,8625200
2024-12-21T14:00:00Z,1.734500,1.758900,1.701600,1.704300,3662450
2024-12-21T15:00:00Z,1.704700,1.733300,1.704300,1.719800,2279295
2024-12-21T16:00:00Z,1.720000,1.728400,1.686200,1.698400,2498593
2024-12-21T17:00:00Z,1.698200,1.711800,1.672400,1.700500,2799054
2024-12-21T18:00:00Z,1.700500,1.716700,1.672800,1.683600,2271793
2024-12-21T19:00:00Z,1.683700,1.688200,1.653100,1.682700,2648979
2024-12-21T20:00:00Z,1.682600,1.702300,1.669600,1.681900,2787693
2024-12-21T21:00:00Z,1.682000,1.691500,1.653800,1.664700,1664435
2024-12-21T22:00:00Z,1.664500,1.681000,1.645200,1.663100,1503681
2024-12-21T23:00:00Z,1.663200,1.678900,1.638800,1.676500,1458498
2024-12-22T00:00:00Z,1.676600,1.708900,1.659900,1.690300,2431008
2024-12-22T01:00:00Z,1.690400,1.707900,1.669500,1.695400,1807702
2024-12-22T02:00:00Z,1.695300,1.702500,1.662800,1.676300,1242356
2024-12-22T03:00:00Z,1.676200,1.700400,1.659200,1.698500,2041092
2024-12-22T04:00:00Z,1.698400,1.705700,1.656900,1.659700,1599874
2024-12-22T05:00:00Z,1.659800,1.680000,1.641600,1.672300,2869804
2024-12-22T06:00:00Z,1.672200,1.719300,1.663100,1.698900,2891507
2024-12-22T07:00:00Z,1.698900,1.706400,1.676600,1.680600,1166509
2024-12-22T08:00:00Z,1.680700,1.709500,1.680300,1.697600,1355243
2024-12-22T09:00:00Z,1.697600,1.735400,1.692000,1.715900,2373808
2024-12-22T10:00:00Z,1.715800,1.737300,1.709300,1.713900,1595782
2024-12-22T11:00:00Z,1.713900,1.727900,1.701300,1.723800,1374815
2024-12-22T12:00:00Z,1.723700,1.751900,1.715900,1.727300,1837105
2024-12-22T13:00:00Z,1.727400,1.754500,1.713100,1.736700,2023810
2024-12-22T14:00:00Z,1.736900,1.759000,1.687500,1.692900,5006404
2024-12-22T15:00:00Z,1.693000,1.730300,1.692800,1.722000,3034473
2024-12-22T16:00:00Z,1.722000,1.777600,1.698900,1.772200,4778892
2024-12-22T17:00:00Z,1.772100,1.775200,1.736800,1.741000,2744372
2024-12-22T18:00:00Z,1.741100,1.750100,1.716200,1.738500,2094180
2024-12-22T19:00:00Z,1.738800,1.749800,1.684800,1.692500,2625815
2024-12-22T20:00:00Z,1.692700,1.727300,1.673100,1.727300,3430570
2024-12-22T21:00:00Z,1.727400,1.753800,1.712100,1.739700,2252919
2024-12-22T22:00:00Z,1.739600,1.745500,1.706800,1.744300,2915019
2024-12-22T23:00:00Z,1.744100,1.758600,1.712700,1.718200,1701740
2024-12-23T00:00:00Z,1.717700,1.717700,1.680000,1.691600,2346320
2024-12-23T01:00:00Z,1.691500,1.734900,1.663700,1.708300,3110900
2024-12-23T02:00:00Z,1.708300,1.740900,1.689500,1.716500,2651617
2024-12-23T03:00:00Z,1.716500,1.784200,1.702500,1.775300,3445951
2024-12-23T04:00:00Z,1.775300,1.793900,1.745700,1.746300,2283116
2024-12-23T05:00:00Z,1.746300,1.752900,1.716300,1.735300,1713811
2024-12-23T06:00:00Z,1.735200,1.740000,1.685100,1.689800,2281433
2024-12-23T07:00:00Z,1.689800,1.715700,1.680200,1.713800,1928201
2024-12-23T08:00:00Z,1.713700,1.742200,1.706900,1.736000,1984623
2024-12-23T09:00:00Z,1.736100,1.776300,1.736100,1.755900,2057989
2024-12-23T10:00:00Z,1.755900,1.765300,1.735500,1.753000,1437249
2024-12-23T11:00:00Z,1.753000,1.754500,1.729900,1.741200,1312209
2024-12-23T12:00:00Z,1.741100,1.749200,1.720000,1.728700,2250526
2024-12-23T13:00:00Z,1.728400,1.734500,1.682900,1.690300,2528224
2024-12-23T14:00:00Z,1.690400,1.723500,1.668200,1.688900,2639430
2024-12-23T15:00:00Z,1.688800,1.701800,1.676700,1.680800,1940308
2024-12-23T16:00:00Z,1.680800,1.746100,1.678000,1.735100,3092367
2024-12-23T17:00:00Z,1.735000,1.743800,1.698200,1.704600,2682084
2024-12-23T18:00:00Z,1.704700,1.711900,1.675800,1.685900,1348022
2024-12-23T19:00:00Z,1.686200,1.725500,1.686000,1.723100,1703148
2024-12-23T20:00:00Z,1.723000,1.807300,1.721400,1.795200,4548902
2024-12-23T21:00:00Z,1.795400,1.839800,1.794500,1.802800,3573417
2024-12-23T22:00:00Z,1.802800,1.848900,1.802800,1.846500,1713861
2024-12-23T23:00:00Z,1.846600,1.849100,1.798900,1.802400,2011101
2024-12-24T00:00:00Z,1.802400,1.810300,1.778000,1.798100,1899779
2024-12-24T01:00:00Z,1.798200,1.815500,1.778600,1.781800,2088201
2024-12-24T02:00:00Z,1.781800,1.802600,1.763500,1.789500,2318590
2024-12-24T03:00:00Z,1.789500,1.814600,1.789300,1.810100,1241748
2024-12-24T04:00:00Z,1.810100,1.837500,1.795000,1.837400,1545300
2024-12-24T05:00:00Z,1.837500,1.855900,1.829800,1.854900,1378372
2024-12-24T06:00:00Z,1.854900,1.855900,1.808000,1.811800,1808637
2024-12-24T07:00:00Z,1.811600,1.836900,1.804100,1.817600,1340994
2024-12-24T08:00:00Z,1.817700,1.825200,1.802600,1.821800,1163596
2024-12-24T09:00:00Z,1.821800,1.822000,1.792300,1.810000,1481340
2024-12-24T10:00:00Z,1.810000,1.814700,1.788000,1.794400,1555898
2024-12-24T11:00:00Z,1.794400,1.819500,1.789100,1.817600,929542
2024-12-24T12:00:00Z,1.817500,1.820700,1.787500,1.796800,1516165
2024-12-24T13:00:00Z,1.797200,1.857300,1.793000,1.845800,3109131
2024-12-24T14:00:00Z,1.845700,1.860500,1.824800,1.859700,2449645
2024-12-24T15:00:00Z,1.859600,1.901700,1.851900,1.880800,2860361
2024-12-24T16:00:00Z,1.880800,1.908600,1.864000,1.867500,2686821
2024-12-24T17:00:00Z,1.867500,1.886100,1.861300,1.876500,1492593
2024-12-24T18:00:00Z,1.876500,1.914900,1.876100,1.910100,2286949
2024-12-24T19:00:00Z,1.910100,1.923000,1.894300,1.914300,1864947
2024-12-24T20:00:00Z,1.914100,1.940700,1.887700,1.934800,3272931
2024-12-24T21:00:00Z,1.934800,2.003100,1.920200,1.998600,4994399
2024-12-24T22:00:00Z,1.998700,2.012600,1.967800,1.970200,2691719
2024-12-24T23:00:00Z,1.969900,1.983100,1.949500,1.957400,1734354
2024-12-25T00:00:00Z,1.957500,1.971700,1.934700,1.939200,1848639
2024-12-25T01:00:00Z,1.939200,1.946900,1.917200,1.925900,1507594
2024-12-25T02:00:00Z,1.925900,1.929200,1.901200,1.925700,1935198
2024-12-25T03:00:00Z,1.925700,1.934100,1.904700,1.920400,1155892
2024-12-25T04:00:00Z,1.921000,1.936200,1.913900,1.927400,1333326
2024-12-25T05:00:00Z,1.927400,1.951300,1.926400,1.944200,1131152
2024-12-25T06:00:00Z,1.944300,1.956000,1.908400,1.908400,1443003
2024-12-25T07:00:00Z,1.908300,1.921700,1.890100,1.893100,1693462
2024-12-25T08:00:00Z,1.893200,1.921300,1.890900,1.899400,1388924
2024-12-25T09:00:00Z,1.899100,1.912500,1.890100,1.903600,852510
2024-12-25T10:00:00Z,1.903700,1.936800,1.893000,1.901800,2423366
2024-12-25T11:00:00Z,1.901900,1.913300,1.866000,1.872000,2223355
2024-12-25T12:00:00Z,1.872200,1.885000,1.859000,1.881400,1895472
2024-12-25T13:00:00Z,1.881200,1.891200,1.867200,1.878000,955486
2024-12-25T14:00:00Z,1.878000,1.890600,1.857900,1.874300,2000059
2024-12-25T15:00:00Z,1.874400,1.881400,1.857000,1.865500,1347607
2024-12-25T16:00:00Z,1.865500,1.876900,1.850900,1.866100,1400983
2024-12-25T17:00:00Z,1.866200,1.874900,1.856100,1.874800,925704
2024-12-25T18:00:00Z,1.874800,1.891400,1.872200,1.883200,990278
2024-12-25T19:00:00Z,1.883200,1.888800,1.873000,1.881500,566699
2024-12-25T20:00:00Z,1.881500,1.888800,1.865000,1.871400,757574
2024-12-25T21:00:00Z,1.871500,1.882000,1.858600,1.878800,914189
2024-12-25T22:00:00Z,1.878800,1.903700,1.870100,1.889300,1042813
2024-12-25T23:00:00Z,1.889400,1.923500,1.888600,1.919500,1186759
2024-12-26T00:00:00Z,1.919700,1.934800,1.897900,1.909000,1550590
2024-12-26T01:00:00Z,1.908900,1.921700,1.887500,1.891000,1452166
2024-12-26T02:00:00Z,1.890900,1.908900,1.876600,1.884900,1362244
2024-12-26T03:00:00Z,1.885300,1.895200,1.876800,1.886100,1284873
2024-12-26T04:00:00Z,1.886100,1.904800,1.871800,1.902600,1888036
2024-12-26T05:00:00Z,1.902600,1.919000,1.892600,1.892800,2226429
2024-12-26T06:00:00Z,1.892900,1.894500,1.850700,1.869300,2296607
2024-12-26T07:00:00Z,1.869200,1.882200,1.850000,1.852200,1246963
2024-12-26T08:00:00Z,1.852300,1.857400,1.813300,1.829500,3989112
2024-12-26T09:00:00Z,1.829600,1.853900,1.825400,1.843100,1690744
2024-12-26T10:00:00Z,1.842900,1.844500,1.807600,1.814100,2108914
2024-12-26T11:00:00Z,1.814100,1.829600,1.813400,1.820300,1091902
2024-12-26T12:00:00Z,1.820200,1.820200,1.787700,1.790200,2430316
2024-12-26T13:00:00Z,1.790300,1.804300,1.773600,1.801400,2341262
2024-12-26T14:00:00Z,1.801200,1.811800,1.775200,1.783700,1974825
2024-12-26T15:00:00Z,1.783600,1.799000,1.773300,1.780800,935305
2024-12-26T16:00:00Z,1.780800,1.807700,1.778000,1.804900,1746092
2024-12-26T17:00:00Z,1.804700,1.806100,1.765200,1.776100,1942650
2024-12-26T18:00:00Z,1.776300,1.789400,1.772500,1.786300,790512
2024-12-26T19:00:00Z,1.786500,1.787400,1.765200,1.780200,726320
2024-12-26T20:00:00Z,1.780100,1.783200,1.755100,1.757600,1268495
2024-12-26T21:00:00Z,1.757900,1.773000,1.746600,1.767500,1254383
2024-12-26T22:00:00Z,1.767500,1.789500,1.767100,1.775300,618174
2024-12-26T23:00:00Z,1.775300,1.776400,1.758400,1.773400,637285
2024-12-27T00:00:00Z,1.773300,1.784000,1.758600,1.779400,1221368
2024-12-27T01:00:00Z,1.779500,1.820000,1.777500,1.809900,1652066
2024-12-27T02:00:00Z,1.810100,1.849200,1.795800,1.802100,1792603
2024-12-27T03:00:00Z,1.802000,1.834400,1.795500,1.828000,1314016
2024-12-27T04:00:00Z,1.827900,1.867600,1.816100,1.825000,1812804
2024-12-27T05:00:00Z,1.825100,1.833400,1.806400,1.819800,1232692
2024-12-27T06:00:00Z,1.820200,1.848900,1.813200,1.847600,1126171
2024-12-27T07:00:00Z,1.847600,1.852100,1.796800,1.810800,2177936
2024-12-27T08:00:00Z,1.810800,1.858900,1.810800,1.843400,1917339
2024-12-27T09:00:00Z,1.843200,1.928700,1.840600,1.916900,3631552
2024-12-27T10:00:00Z,1.916800,1.930200,1.895400,1.904000,2920605
2024-12-27T11:00:00Z,1.903900,1.936500,1.896500,1.934800,2102291
2024-12-27T12:00:00Z,1.934800,1.969400,1.918400,1.963600,3107125
2024-12-27T13:00:00Z,1.963400,2.004100,1.952100,1.966800,5836558
2024-12-27T14:00:00Z,1.966700,1.977000,1.927400,1.935800,3887429
2024-12-27T15:00:00Z,1.935800,1.942400,1.872100,1.898800,4914047
2024-12-27T16:00:00Z,1.898900,1.918300,1.881200,1.891600,2850012
2024-12-27T17:00:00Z,1.891700,1.950900,1.878100,1.948800,3523474
2024-12-27T18:00:00Z,1.948900,1.985300,1.948900,1.958100,2867655
2024-12-27T19:00:00Z,1.958100,1.962700,1.935100,1.943200,1961322
2024-12-27T20:00:00Z,1.943300,1.945100,1.920000,1.923400,1805887
2024-12-27T21:00:00Z,1.923400,1.927000,1.886300,1.889200,2223260
2024-12-27T22:00:00Z,1.889200,1.923900,1.883900,1.896400,2038199
2024-12-27T23:00:00Z,1.896400,1.904600,1.887500,1.900600,1687485
2024-12-28T00:00:00Z,1.900600,1.901500,1.853400,1.858500,2988030
2024-12-28T01:00:00Z,1.858600,1.862600,1.832000,1.841600,2532308
2024-12-28T02:00:00Z,1.841400,1.867200,1.841200,1.846700,1239631
2024-12-28T03:00:00Z,1.846700,1.874400,1.846000,1.870200,1571962
2024-12-28T04:00:00Z,1.870100,1.872000,1.845200,1.852200,1045356
2024-12-28T05:00:00Z,1.852300,1.863200,1.846400,1.849100,754105
2024-12-28T06:00:00Z,1.849200,1.855100,1.820400,1.821500,1336663
2024-12-28T07:00:00Z,1.821800,1.835800,1.811600,1.813000,905402
2024-12-28T08:00:00Z,1.813000,1.829200,1.808000,1.822100,1238569
2024-12-28T09:00:00Z,1.822000,1.843300,1.821900,1.840200,1259197
2024-12-28T10:00:00Z,1.840100,1.840100,1.816800,1.820000,985808
2024-12-28T11:00:00Z,1.819900,1.833100,1.819300,1.823700,708674
2024-12-28T12:00:00Z,1.823700,1.841900,1.806900,1.809100,1230898
2024-12-28T13:00:00Z,1.809000,1.830600,1.807700,1.824900,1381658
2024-12-28T14:00:00Z,1.824800,1.864600,1.824200,1.831800,2656033
2024-12-28T15:00:00Z,1.831600,1.856600,1.819300,1.824000,1291865
2024-12-28T16:00:00Z,1.824000,1.841200,1.820400,1.839800,1634373
2024-12-28T17:00:00Z,1.839900,1.864500,1.832600,1.839900,1739381
2024-12-28T18:00:00Z,1.839700,1.844800,1.828800,1.834100,975163
2024-12-28T19:00:00Z,1.834100,1.853500,1.830900,1.844000,873663
2024-12-28T20:00:00Z,1.844200,1.850900,1.834300,1.848400,752197
2024-12-28T21:00:00Z,1.848500,1.901000,1.837300,1.893300,2622808
2024-12-28T22:00:00Z,1.893300,1.943200,1.887200,1.927300,4409701
2024-12-28T23:00:00Z,1.927000,1.929900,1.886000,1.894400,1698103
2024-12-29T00:00:00Z,1.894500,1.910900,1.865500,1.871000,1570144
2024-12-29T01:00:00Z,1.871000,1.882200,1.847900,1.851900,1037521
2024-12-29T02:00:00Z,1.852000,1.868200,1.848700,1.864200,873254
2024-12-29T03:00:00Z,1.864200,1.865200,1.843400,1.850200,800488
2024-12-29T04:00:00Z,1.850200,1.854500,1.830600,1.835000,778215
2024-12-29T05:00:00Z,1.835000,1.837500,1.825200,1.828200,890737
2024-12-29T06:00:00Z,1.828300,1.847500,1.817500,1.845300,1279118
2024-12-29T07:00:00Z,1.845200,1.863000,1.839300,1.850800,1311325
2024-12-29T08:00:00Z,1.850800,1.851400,1.825200,1.831200,1221923
2024-12-29T09:00:00Z,1.831300,1.837200,1.827200,1.832900,829010
2024-12-29T10:00:00Z,1.832800,1.863600,1.831200,1.838700,1994231
2024-12-29T11:00:00Z,1.838800,1.842100,1.829400,1.829400,682007
2024-12-29T12:00:00Z,1.829500,1.830800,1.785200,1.792400,4063136
2024-12-29T13:00:00Z,1.792500,1.809500,1.788200,1.806700,1402776
2024-12-29T14:00:00Z,1.806700,1.820600,1.776500,1.788400,3038563
2024-12-29T15:00:00Z,1.788000,1.796100,1.779800,1.789000,962770
2024-12-29T16:00:00Z,1.789000,1.793500,1.773700,1.774600,1298173
2024-12-29T17:00:00Z,1.774600,1.785900,1.768300,1.776600,761398
2024-12-29T18:00:00Z,1.776500,1.782400,1.766500,1.772600,1023620
2024-12-29T19:00:00Z,1.772600,1.777000,1.768100,1.773000,655543
2024-12-29T20:00:00Z,1.772900,1.772900,1.755100,1.771100,1165968
2024-12-29T21:00:00Z,1.771000,1.774800,1.756000,1.762700,839666
2024-12-29T22:00:00Z,1.762700,1.784700,1.752400,1.774800,1587907
2024-12-29T23:00:00Z,1.774900,1.790100,1.763900,1.780800,1143982
2024-12-30T00:00:00Z,1.780900,1.810400,1.773000,1.799700,1515270
2024-12-30T01:00:00Z,1.799800,1.867700,1.799800,1.862200,4232604
2024-12-30T02:00:00Z,1.862200,1.877500,1.835000,1.858000,2086968
2024-12-30T03:00:00Z,1.857700,1.876000,1.842800,1.847000,1126695
2024-12-30T04:00:00Z,1.847000,1.871800,1.834000,1.835300,1286222
2024-12-30T05:00:00Z,1.835300,1.863900,1.833000,1.854800,1660872
2024-12-30T06:00:00Z,1.855000,1.874100,1.838800,1.865600,1320239
2024-12-30T07:00:00Z,1.865900,1.874900,1.842200,1.855900,1478925
2024-12-30T08:00:00Z,1.856100,1.875700,1.828700,1.858300,2075044
2024-12-30T09:00:00Z,1.858300,1.869400,1.839000,1.868900,1289863
2024-12-30T10:00:00Z,1.869100,1.889800,1.851700,1.877400,3208789
2024-12-30T11:00:00Z,1.877300,1.913000,1.860800,1.909700,2929943
2024-12-30T12:00:00Z,1.910000,1.945800,1.895500,1.897100,5704776
2024-12-30T13:00:00Z,1.897100,1.906200,1.829100,1.832500,4654433
2024-12-30T14:00:00Z,1.832400,1.858800,1.814000,1.838600,3881947
2024-12-30T15:00:00Z,1.838500,1.858800,1.815400,1.819300,2870573
2024-12-30T16:00:00Z,1.820000,1.852200,1.806000,1.851300,2462116
2024-12-30T17:00:00Z,1.851400,1.933400,1.835500,1.901100,5071417
2024-12-30T18:00:00Z,1.901000,1.938500,1.900900,1.923000,3033182
2024-12-30T19:00:00Z,1.923000,1.935000,1.908200,1.925600,1648847
2024-12-30T20:00:00Z,1.926000,1.941100,1.894000,1.897100,2093317
2024-12-30T21:00:00Z,1.897100,1.899100,1.833800,1.842200,4131639
2024-12-30T22:00:00Z,1.842000,1.888400,1.840800,1.873200,2339655
2024-12-30T23:00:00Z,1.873000,1.884300,1.861200,1.878000,1232569
2024-12-31T00:00:00Z,1.878100,1.883100,1.822400,1.826500,1954688
2024-12-31T01:00:00Z,1.826400,1.840500,1.819600,1.832500,1404282
2024-12-31T02:00:00Z,1.832500,1.839000,1.816800,1.822700,1088075
2024-12-31T03:00:00Z,1.822800,1.833800,1.813200,1.827300,860365
2024-12-31T04:00:00Z,1.827200,1.832100,1.806500,1.808500,1094941
2024-12-31T05:00:00Z,1.808600,1.828900,1.808600,1.817100,895338
2024-12-31T06:00:00Z,1.817100,1.837800,1.808500,1.821000,1733886
2024-12-31T07:00:00Z,1.820800,1.828600,1.808700,1.815800,799010
2024-12-31T08:00:00Z,1.815800,1.871500,1.811100,1.860900,4741527
2024-12-31T09:00:00Z,1.860900,1.872800,1.851700,1.865400,1581099
2024-12-31T10:00:00Z,1.865500,1.870100,1.843400,1.844200,1701923
2024-12-31T11:00:00Z,1.844300,1.851100,1.836400,1.843800,1270235
2024-12-31T12:00:00Z,1.843600,1.869000,1.837100,1.837500,1631929
2024-12-31T13:00:00Z,1.837700,1.895500,1.835500,1.885400,3252696
2024-12-31T14:00:00Z,1.885600,1.903800,1.863300,1.868900,3288269
2024-12-31T15:00:00Z,1.868900,1.898100,1.855100,1.869600,2008620
2024-12-31T16:00:00Z,1.869400,1.882800,1.842200,1.871400,1496985
2024-12-31T17:00:00Z,1.871500,1.874200,1.818300,1.839700,2960703
2024-12-31T18:00:00Z,1.839700,1.845500,1.825700,1.840100,1313272
2024-12-31T19:00:00Z,1.840200,1.842200,1.820200,1.825800,583737
2024-12-31T20:00:00Z,1.825600,1.835000,1.807100,1.812700,827262
2024-12-31T21:00:00Z,1.812700,1.828300,1.810600,1.826000,956089
2024-12-31T22:00:00Z,1.826000,1.826400,1.747200,1.759400,6337957
2024-12-31T23:00:00Z,1.759400,1.759600,1.738600,1.745000,2517348
2025-01-01T00:00:00Z,1.744900,1.766000,1.727600,1.761300,4063198
2025-01-01T01:00:00Z,1.761300,1.763600,1.742500,1.751200,1957054
2025-01-01T02:00:00Z,1.751300,1.760900,1.748800,1.759300,1001535
2025-01-01T03:00:00Z,1.759400,1.767000,1.735000,1.756600,1725952
2025-01-01T04:00:00Z,1.756600,1.767300,1.753500,1.761700,1277716
2025-01-01T05:00:00Z,1.761400,1.764700,1.747200,1.751100,853276
2025-01-01T06:00:00Z,1.751000,1.757200,1.734200,1.746900,800335
2025-01-01T07:00:00Z,1.746600,1.751100,1.738000,1.748200,611161
2025-01-01T08:00:00Z,1.748200,1.750100,1.721000,1.723300,1133050
2025-01-01T09:00:00Z,1.723400,1.729200,1.710100,1.721200,2172996
2025-01-01T10:00:00Z,1.721300,1.727900,1.710100,1.721800,1267113
2025-01-01T11:00:00Z,1.721600,1.737000,1.712900,1.731200,1353095
2025-01-01T12:00:00Z,1.731300,1.746900,1.729300,1.744200,1025359
2025-01-01T13:00:00Z,1.744100,1.757000,1.722600,1.729300,2348729
2025-01-01T14:00:00Z,1.729400,1.747600,1.720400,1.736800,1466704
2025-01-01T15:00:00Z,1.736800,1.766500,1.733200,1.764400,1223360
2025-01-01T16:00:00Z,1.764400,1.772400,1.746400,1.753100,1489387
2025-01-01T17:00:00Z,1.753300,1.772200,1.744100,1.770600,1290842
2025-01-01T18:00:00Z,1.770900,1.797700,1.752800,1.785600,2059381
2025-01-01T19:00:00Z,1.785800,1.797600,1.767400,1.786900,1687476
2025-01-01T20:00:00Z,1.786900,1.802800,1.784400,1.801100,1263906
2025-01-01T21:00:00Z,1.801200,1.851000,1.794200,1.850000,3054100
2025-01-01T22:00:00Z,1.849900,1.852600,1.813100,1.819700,2224353
2025-01-01T23:00:00Z,1.819600,1.824900,1.798300,1.806200,2039014
2025-01-02T00:00:00Z,1.806300,1.843600,1.803300,1.830800,2207228
2025-01-02T01:00:00Z,1.831000,1.835600,1.803100,1.808200,1135793
2025-01-02T02:00:00Z,1.808200,1.819100,1.803800,1.818900,639757
2025-01-02T03:00:00Z,1.818900,1.824100,1.806900,1.809200,646121
2025-01-02T04:00:00Z,1.809400,1.851800,1.804900,1.839400,1597389
2025-01-02T05:00:00Z,1.839700,1.842800,1.825600,1.834000,963065
2025-01-02T06:00:00Z,1.834000,1.845600,1.814700,1.823700,943954
2025-01-02T07:00:00Z,1.823700,1.847900,1.816000,1.841300,1139471
2025-01-02T08:00:00Z,1.841300,1.844200,1.818700,1.840700,1279977
2025-01-02T09:00:00Z,1.840800,1.884700,1.838300,1.881800,2639107
2025-01-02T10:00:00Z,1.881800,1.893700,1.858200,1.884100,1907413
2025-01-02T11:00:00Z,1.884200,1.884300,1.850000,1.860500,1486677
2025-01-02T12:00:00Z,1.860500,1.901200,1.860500,1.900000,2394771
2025-01-02T13:00:00Z,1.900400,1.915200,1.880900,1.897300,3049149
2025-01-02T14:00:00Z,1.897400,1.949500,1.886100,1.930400,4951784
2025-01-02T15:00:00Z,1.930100,1.935400,1.886600,1.902100,2680869
2025-01-02T16:00:00Z,1.902100,1.950000,1.894200,1.936800,2310416
2025-01-02T17:00:00Z,1.936800,1.940300,1.896200,1.904200,1645046
2025-01-02T18:00:00Z,1.904300,1.913200,1.892400,1.905000,1190503
2025-01-02T19:00:00Z,1.905000,1.906600,1.889700,1.893500,728921
2025-01-02T20:00:00Z,1.893700,1.918500,1.892100,1.901400,1108642
2025-01-02T21:00:00Z,1.901400,1.906000,1.875200,1.882600,1189610
2025-01-02T22:00:00Z,1.882500,1.884300,1.856400,1.868700,838068
2025-01-02T23:00:00Z,1.868600,1.886000,1.863200,1.883300,671848
2025-01-03T00:00:00Z,1.883300,1.890000,1.866200,1.867000,975399
2025-01-03T01:00:00Z,1.866900,1.874100,1.845700,1.860200,1786645
2025-01-03T02:00:00Z,1.860300,1.877500,1.846000,1.848800,1402995
2025-01-03T03:00:00Z,1.848800,1.852800,1.837000,1.851300,1108498
2025-01-03T04:00:00Z,1.851300,1.855800,1.835400,1.838500,644773
2025-01-03T05:00:00Z,1.838600,1.842400,1.828700,1.835800,926353
2025-01-03T06:00:00Z,1.835900,1.852900,1.827300,1.828500,911908
2025-01-03T07:00:00Z,1.828500,1.833600,1.816500,1.819600,998571
2025-01-03T08:00:00Z,1.820000,1.836700,1.810600,1.830600,1772857
2025-01-03T09:00:00Z,1.830800,1.863800,1.830500,1.852600,1198522
2025-01-03T10:00:00Z,1.852800,1.870500,1.843000,1.863500,863264
2025-01-03T11:00:00Z,1.863700,1.921300,1.860600,1.916300,2156478
2025-01-03T12:00:00Z,1.916200,1.926400,1.900500,1.902200,1558259
2025-01-03T13:00:00Z,1.902100,1.914500,1.887000,1.900500,2091458
2025-01-03T14:00:00Z,1.900600,1.952100,1.899700,1.939500,2907698
2025-01-03T15:00:00Z,1.939500,1.970000,1.924600,1.955200,2225244
2025-01-03T16:00:00Z,1.955200,1.980000,1.949600,1.964800,3137367
2025-01-03T17:00:00Z,1.964800,1.968800,1.947700,1.951800,1662245
2025-01-03T18:00:00Z,1.951700,1.979700,1.951700,1.969700,1273989
2025-01-03T19:00:00Z,1.969400,1.980900,1.966800,1.976800,907058
2025-01-03T20:00:00Z,1.976600,1.989700,1.956000,1.982600,1578997
2025-01-03T21:00:00Z,1.982600,1.998900,1.972600,1.983500,1077486
2025-01-03T22:00:00Z,1.983600,2.004400,1.982900,1.983700,1120667
2025-01-03T23:00:00Z,1.983600,2.010000,1.983100,2.008900,908119
2025-01-04T00:00:00Z,2.008900,2.051100,1.995900,2.011400,2390835
2025-01-04T01:00:00Z,2.011500,2.011600,1.974700,1.990600,1652093
2025-01-04T02:00:00Z,1.990900,2.008100,1.986300,1.989000,1625099
2025-01-04T03:00:00Z,1.989100,1.998700,1.979500,1.991700,683195
2025-01-04T04:00:00Z,1.991700,1.993900,1.974600,1.990500,861406
2025-01-04T05:00:00Z,1.990600,1.998800,1.981200,1.991500,562270
2025-01-04T06:00:00Z,1.991500,2.006200,1.989900,2.003800,561599
2025-01-04T07:00:00Z,2.004000,2.022000,2.000100,2.013200,917916
2025-01-04T08:00:00Z,2.013100,2.014400,1.978100,1.981000,1772574
2025-01-04T09:00:00Z,1.980900,2.007600,1.980900,1.994600,1102241
2025-01-04T10:00:00Z,1.994400,2.011100,1.972200,2.002200,1718580
2025-01-04T11:00:00Z,2.002100,2.043100,1.992700,2.040100,1307072
2025-01-04T12:00:00Z,2.040100,2.087100,2.029900,2.076900,3764358
2025-01-04T13:00:00Z,2.076600,2.097300,2.064300,2.086300,2072990
2025-01-04T14:00:00Z,2.086300,2.091300,2.065000,2.069300,1384357
2025-01-04T15:00:00Z,2.069300,2.088600,2.027800,2.032400,2986622
2025-01-04T16:00:00Z,2.032300,2.037400,2.010800,2.026400,2296316
2025-01-04T17:00:00Z,2.026500,2.033000,2.011600,2.029600,1081174
2025-01-04T18:00:00Z,2.029600,2.039300,2.020200,2.035400,782682
2025-01-04T19:00:00Z,2.035500,2.071400,2.032700,2.045700,1339386
2025-01-04T20:00:00Z,2.045700,2.073400,2.040900,2.067800,1182071
2025-01-04T21:00:00Z,2.067800,2.075900,2.057400,2.064900,1062557
2025-01-04T22:00:00Z,2.065000,2.073400,2.050600,2.062700,815532
2025-01-04T23:00:00Z,2.062800,2.068900,2.053600,2.061000,387889
2025-01-05T00:00:00Z,2.061000,2.063600,2.035100,2.038300,849536
2025-01-05T01:00:00Z,2.038300,2.038700,2.013300,2.022700,848695
2025-01-05T02:00:00Z,2.022500,2.043500,2.018000,2.042900,971818
2025-01-05T03:00:00Z,2.043000,2.052400,2.031000,2.044400,798912
2025-01-05T04:00:00Z,2.044500,2.052200,2.034400,2.044300,558805
2025-01-05T05:00:00Z,2.044400,2.044500,2.025500,2.034300,617488
2025-01-05T06:00:00Z,2.034400,2.050900,2.026700,2.046800,628203
2025-01-05T07:00:00Z,2.046800,2.055600,2.032000,2.043300,726625
2025-01-05T08:00:00Z,2.043300,2.049400,2.005500,2.042500,1933174
2025-01-05T09:00:00Z,2.042500,2.056700,2.032000,2.038100,1602917
2025-01-05T10:00:00Z,2.038200,2.059200,2.029300,2.045800,1116829
2025-01-05T11:00:00Z,2.046000,2.052500,2.032300,2.040900,663397
2025-01-05T12:00:00Z,2.040900,2.044800,2.024000,2.031600,822846
2025-01-05T13:00:00Z,2.031500,2.056800,2.028500,2.037000,1316499
2025-01-05T14:00:00Z,2.037000,2.063400,2.013100,2.061700,2058803
2025-01-05T15:00:00Z,2.061500,2.089900,2.035000,2.045700,3038457
2025-01-05T16:00:00Z,2.045700,2.052300,2.028400,2.052300,1062390
2025-01-05T17:00:00Z,2.052400,2.087900,2.050500,2.061600,1908393
2025-01-05T18:00:00Z,2.061400,2.086000,2.049600,2.076000,1115177
2025-01-05T19:00:00Z,2.075900,2.108200,2.060800,2.098500,2440276
2025-01-05T20:00:00Z,2.098500,2.111000,2.072300,2.084200,1332131
2025-01-05T21:00:00Z,2.084200,2.123600,2.078600,2.115200,1370059
2025-01-05T22:00:00Z,2.115100,2.136200,2.091500,2.124600,1565113
2025-01-05T23:00:00Z,2.124500,2.145900,2.085200,2.089700,1597429
2025-01-06T00:00:00Z,2.089800,2.105100,2.068400,2.070600,1633552
2025-01-06T01:00:00Z,2.070700,2.110000,2.061900,2.093300,1127725
2025-01-06T02:00:00Z,2.093600,2.120600,2.082600,2.084700,2090287
2025-01-06T03:00:00Z,2.084600,2.090200,2.052800,2.068000,1850210
2025-01-06T04:00:00Z,2.068000,2.077200,2.052200,2.069800,1149480
2025-01-06T05:00:00Z,2.069700,2.118100,2.064000,2.085100,2157270
2025-01-06T06:00:00Z,2.085200,2.088700,2.056400,2.058200,1474509
2025-01-06T07:00:00Z,2.058300,2.070700,2.043300,2.056200,941269
2025-01-06T08:00:00Z,2.056100,2.069600,2.029900,2.040300,1258816
2025-01-06T09:00:00Z,2.040300,2.054400,2.040300,2.049800,724850
2025-01-06T10:00:00Z,2.049600,2.050600,2.032000,2.038100,867110
2025-01-06T11:00:00Z,2.037800,2.060100,2.034500,2.057200,1109293
2025-01-06T12:00:00Z,2.057200,2.060300,2.030200,2.033800,1224893
2025-01-06T13:00:00Z,2.034000,2.047400,2.015100,2.046600,2097641
2025-01-06T14:00:00Z,2.046600,2.078900,2.019100,2.061200,2871981
2025-01-06T15:00:00Z,2.061300,2.098700,2.053000,2.078000,4063602
2025-01-06T16:00:00Z,2.078100,2.109200,2.065900,2.074500,3121023
2025-01-06T17:00:00Z,2.074400,2.078700,2.019200,2.033100,2603221
2025-01-06T18:00:00Z,2.033100,2.046000,2.025300,2.030000,1253981
2025-01-06T19:00:00Z,2.029900,2.055900,2.026400,2.048800,1194451
2025-01-06T20:00:00Z,2.048700,2.050600,2.001100,2.018000,2645203
2025-01-06T21:00:00Z,2.017900,2.023100,2.004000,2.013900,1318067
2025-01-06T22:00:00Z,2.014000,2.024200,2.009000,2.014900,632988
2025-01-06T23:00:00Z,2.015000,2.019800,2.001500,2.018700,1411146
2025-01-07T00:00:00Z,2.018600,2.024000,2.002200,2.004600,1083177
2025-01-07T01:00:00Z,2.004700,2.036000,1.988000,2.026200,2043058
2025-01-07T02:00:00Z,2.026200,2.027500,1.992200,1.993200,1467399
2025-01-07T03:00:00Z,1.993200,2.006400,1.992600,1.997100,1011783
2025-01-07T04:00:00Z,1.997000,2.006300,1.993600,1.996100,971457
2025-01-07T05:00:00Z,1.996200,1.998500,1.977900,1.991000,1615696
2025-01-07T06:00:00Z,1.991000,2.013400,1.989300,2.011100,784537
2025-01-07T07:00:00Z,2.011100,2.015200,2.001100,2.004500,970309
2025-01-07T08:00:00Z,2.004500,2.022000,1.997200,2.016200,2020303
2025-01-07T09:00:00Z,2.016300,2.022900,1.995600,2.006700,1331936
2025-01-07T10:00:00Z,2.006800,2.020700,1.997700,2.010100,1220931
2025-01-07T11:00:00Z,2.009800,2.010400,1.971900,1.988500,2247023
2025-01-07T12:00:00Z,1.988600,2.007400,1.984000,2.002300,1348765
2025-01-07T13:00:00Z,2.002500,2.010000,1.994900,1.996700,771942
2025-01-07T14:00:00Z,1.996800,2.000600,1.934700,1.958900,3003436
2025-01-07T15:00:00Z,1.958300,1.969300,1.863300,1.892000,12813181
2025-01-07T16:00:00Z,1.891600,1.900100,1.878200,1.880100,2602678
2025-01-07T17:00:00Z,1.880100,1.885900,1.850800,1.865700,2629916
2025-01-07T18:00:00Z,1.865700,1.873500,1.821100,1.827900,4035675
2025-01-07T19:00:00Z,1.828000,1.840500,1.806000,1.807200,2084279
2025-01-07T20:00:00Z,1.807400,1.819400,1.793400,1.811900,2903871
2025-01-07T21:00:00Z,1.811500,1.820800,1.785200,1.786000,1643233
2025-01-07T22:00:00Z,1.785900,1.802500,1.782400,1.799800,998212
2025-01-07T23:00:00Z,1.799700,1.799700,1.765300,1.766600,1485593
2025-01-08T00:00:00Z,1.766800,1.798400,1.763800,1.794300,1724638
2025-01-08T01:00:00Z,1.794200,1.794400,1.765000,1.778000,944923
2025-01-08T02:00:00Z,1.778100,1.784700,1.755900,1.758800,859427
2025-01-08T03:00:00Z,1.758800,1.763700,1.735300,1.747900,2503309
2025-01-08T04:00:00Z,1.747900,1.756600,1.733300,1.737500,1518057
2025-01-08T05:00:00Z,1.737600,1.749400,1.724700,1.731600,1347297
2025-01-08T06:00:00Z,1.731400,1.741700,1.694400,1.696300,2875363
2025-01-08T07:00:00Z,1.696300,1.734400,1.695100,1.731400,2602970
2025-01-08T08:00:00Z,1.731200,1.754600,1.728400,1.741600,1613101
2025-01-08T09:00:00Z,1.741500,1.744800,1.721200,1.721400,1029428
2025-01-08T10:00:00Z,1.721400,1.737400,1.720900,1.724600,1158631
2025-01-08T11:00:00Z,1.724700,1.729400,1.705000,1.722900,1473854
2025-01-08T12:00:00Z,1.722900,1.730900,1.700400,1.702600,1543907
2025-01-08T13:00:00Z,1.702700,1.721700,1.702500,1.705400,1819816
2025-01-08T14:00:00Z,1.705200,1.724900,1.704200,1.710000,1902559
2025-01-08T15:00:00Z,1.709900,1.723100,1.680100,1.694500,2029096
2025-01-08T16:00:00Z,1.694500,1.697300,1.657300,1.657400,2405622
2025-01-08T17:00:00Z,1.657300,1.666000,1.574300,1.632900,8861319
2025-01-08T18:00:00Z,1.632800,1.667500,1.618600,1.630800,3275057
2025-01-08T19:00:00Z,1.630700,1.667700,1.623600,1.635000,3327224
2025-01-08T20:00:00Z,1.634700,1.641900,1.622600,1.632200,1110515
2025-01-08T21:00:00Z,1.632500,1.643600,1.618500,1.632700,1921161
2025-01-08T22:00:00Z,1.632800,1.663100,1.632400,1.652200,1853342
2025-01-08T23:00:00Z,1.652200,1.655100,1.638600,1.649800,909224
2025-01-09T00:00:00Z,1.649700,1.669300,1.642200,1.668400,1117268
2025-01-09T01:00:00Z,1.668300,1.688600,1.664200,1.672000,1202824
2025-01-09T02:00:00Z,1.672300,1.680000,1.646400,1.676200,1563473
2025-01-09T03:00:00Z,1.676400,1.679700,1.652200,1.657600,684238
2025-01-09T04:00:00Z,1.657600,1.674000,1.652100,1.671100,715663
2025-01-09T05:00:00Z,1.671100,1.672800,1.655600,1.662700,594630
2025-01-09T06:00:00Z,1.662800,1.669400,1.647700,1.648400,673128
2025-01-09T07:00:00Z,1.648400,1.657300,1.616000,1.621800,1749743
2025-01-09T08:00:00Z,1.621900,1.659000,1.615200,1.646300,1545746
2025-01-09T09:00:00Z,1.646400,1.672000,1.644000,1.657600,1316688
2025-01-09T10:00:00Z,1.657700,1.666900,1.626700,1.652200,1355328
2025-01-09T11:00:00Z,1.652100,1.674400,1.642800,1.657200,890712
2025-01-09T12:00:00Z,1.657400,1.670900,1.643600,1.650700,1163914
2025-01-09T13:00:00Z,1.651000,1.659400,1.583200,1.584000,3916762
2025-01-09T14:00:00Z,1.583700,1.616700,1.574900,1.610400,4100033
2025-01-09T15:00:00Z,1.610400,1.681500,1.600600,1.665200,3057411
2025-01-09T16:00:00Z,1.665100,1.675000,1.636400,1.651200,3180824
2025-01-09T17:00:00Z,1.651300,1.653800,1.594100,1.606100,2256621
2025-01-09T18:00:00Z,1.606100,1.624400,1.601300,1.614600,1564770
2025-01-09T19:00:00Z,1.614700,1.615500,1.571400,1.578100,1845767
2025-01-09T20:00:00Z,1.578200,1.587500,1.549400,1.575400,3307598
2025-01-09T21:00:00Z,1.575400,1.593800,1.570500,1.575000,1677915
2025-01-09T22:00:00Z,1.575000,1.606900,1.572300,1.595300,919778
2025-01-09T23:00:00Z,1.595100,1.596300,1.582900,1.588200,520380
2025-01-10T00:00:00Z,1.588300,1.628000,1.587100,1.603400,2472573
2025-01-10T01:00:00Z,1.603200,1.620000,1.600400,1.617400,925004
2025-01-10T02:00:00Z,1.617400,1.628500,1.608100,1.616600,972805
2025-01-10T03:00:00Z,1.616700,1.634800,1.612900,1.633300,832316
2025-01-10T04:00:00Z,1.633400,1.645000,1.625900,1.632000,947976
2025-01-10T05:00:00Z,1.632100,1.672800,1.631400,1.658300,1443008
2025-01-10T06:00:00Z,1.658300,1.669500,1.643300,1.667800,1141643
2025-01-10T07:00:00Z,1.668000,1.700800,1.659300,1.681200,1846301
2025-01-10T08:00:00Z,1.681000,1.691400,1.674100,1.681700,1069423
2025-01-10T09:00:00Z,1.681600,1.696600,1.673600,1.683400,840804
2025-01-10T10:00:00Z,1.683600,1.692000,1.666100,1.680200,1395515
2025-01-10T11:00:00Z,1.680200,1.681200,1.648200,1.662700,1768215
2025-01-10T12:00:00Z,1.662600,1.663900,1.644400,1.659000,826375
2025-01-10T13:00:00Z,1.659000,1.669100,1.590800,1.610300,5152036
2025-01-10T14:00:00Z,1.610500,1.638000,1.591200,1.602200,4316432
2025-01-10T15:00:00Z,1.602200,1.623300,1.566100,1.608800,3603975
2025-01-10T16:00:00Z,1.608900,1.614300,1.587800,1.599400,1812106
2025-01-10T17:00:00Z,1.599400,1.653600,1.590400,1.650700,2604853
2025-01-10T18:00:00Z,1.650600,1.655900,1.626200,1.630600,2643402
2025-01-10T19:00:00Z,1.630700,1.641000,1.620600,1.637400,721240
2025-01-10T20:00:00Z,1.637500,1.638900,1.608900,1.614800,937258
2025-01-10T21:00:00Z,1.615000,1.627500,1.613600,1.618000,550185
2025-01-10T22:00:00Z,1.618100,1.629300,1.611900,1.626200,553630
2025-01-10T23:00:00Z,1.626200,1.631700,1.619600,1.623200,503486
2025-01-11T00:00:00Z,1.623300,1.630700,1.611700,1.625000,783296
2025-01-11T01:00:00Z,1.624700,1.630200,1.600800,1.607000,961507
2025-01-11T02:00:00Z,1.607000,1.617000,1.602600,1.609300,661923
2025-01-11T03:00:00Z,1.609300,1.609500,1.590900,1.593500,783838
2025-01-11T04:00:00Z,1.593700,1.600600,1.585300,1.596500,656240
2025-01-11T05:00:00Z,1.596500,1.603200,1.590800,1.601900,512606
2025-01-11T06:00:00Z,1.601900,1.610800,1.598200,1.598200,769800
2025-01-11T07:00:00Z,1.598200,1.601300,1.587000,1.595700,1089311
2025-01-11T08:00:00Z,1.595800,1.604500,1.581200,1.584200,871419
2025-01-11T09:00:00Z,1.584300,1.600900,1.584300,1.597400,650268
2025-01-11T10:00:00Z,1.597500,1.615600,1.597500,1.612500,945819
2025-01-11T11:00:00Z,1.612600,1.626000,1.608300,1.619600,833829
2025-01-11T12:00:00Z,1.619600,1.621300,1.604000,1.605700,665257
2025-01-11T13:00:00Z,1.605700,1.608200,1.588800,1.596400,941698
2025-01-11T14:00:00Z,1.596500,1.604300,1.587500,1.602800,883899
2025-01-11T15:00:00Z,1.602700,1.605900,1.591100,1.592900,617259
2025-01-11T16:00:00Z,1.593100,1.603500,1.587700,1.600700,1005379
2025-01-11T17:00:00Z,1.600500,1.601300,1.580400,1.585100,805634
2025-01-11T18:00:00Z,1.585200,1.593600,1.578100,1.585500,676480
2025-01-11T19:00:00Z,1.585300,1.590200,1.571400,1.576400,1307451
2025-01-11T20:00:00Z,1.576300,1.610900,1.573200,1.610100,1871347
2025-01-11T21:00:00Z,1.610100,1.635900,1.609900,1.624900,2276744
2025-01-11T22:00:00Z,1.625100,1.627600,1.593100,1.596100,1358082
2025-01-11T23:00:00Z,1.596100,1.602400,1.588600,1.592000,813130
2025-01-12T00:00:00Z,1.592000,1.594100,1.580100,1.582100,972661
2025-01-12T01:00:00Z,1.582200,1.590600,1.573700,1.589100,800831
2025-01-12T02:00:00Z,1.589100,1.591700,1.580300,1.588400,651886
2025-01-12T03:00:00Z,1.588600,1.593900,1.574100,1.586800,818008
2025-01-12T04:00:00Z,1.586900,1.603200,1.584800,1.595200,979812
2025-01-12T05:00:00Z,1.595300,1.600400,1.582100,1.585700,849905
2025-01-12T06:00:00Z,1.585400,1.588300,1.570400,1.572600,1029101
2025-01-12T07:00:00Z,1.572700,1.587700,1.567700,1.583300,977785
2025-01-12T08:00:00Z,1.583400,1.583700,1.559400,1.564500,1083496
2025-01-12T09:00:00Z,1.564600,1.571500,1.557400,1.564100,814931
2025-01-12T10:00:00Z,1.564000,1.571600,1.558100,1.570300,546629
2025-01-12T11:00:00Z,1.570400,1.585000,1.566700,1.579800,709375
2025-01-12T12:00:00Z,1.579900,1.583900,1.570700,1.572100,737192
2025-01-12T13:00:00Z,1.572000,1.586400,1.567200,1.583800,887758
2025-01-12T14:00:00Z,1.583900,1.594800,1.581100,1.585000,837443
2025-01-12T15:00:00Z,1.585200,1.606700,1.579600,1.602400,1141046
2025-01-12T16:00:00Z,1.602500,1.606900,1.583800,1.592200,761299
2025-01-12T17:00:00Z,1.592200,1.598500,1.581100,1.591700,1115497
2025-01-12T18:00:00Z,1.591600,1.600000,1.581100,1.585600,789151
2025-01-12T19:00:00Z,1.585600,1.589100,1.575500,1.578000,717321
2025-01-12T20:00:00Z,1.578000,1.587200,1.569100,1.576400,635551
2025-01-12T21:00:00Z,1.576500,1.578800,1.560400,1.561300,816132
2025-01-12T22:00:00Z,1.561200,1.561200,1.536800,1.545800,1855249
2025-01-12T23:00:00Z,1.545900,1.564900,1.544600,1.561400,754296
2025-01-13T00:00:00Z,1.561600,1.612000,1.556100,1.596200,3046286
2025-01-13T01:00:00Z,1.595900,1.598400,1.558900,1.563800,1616357
2025-01-13T02:00:00Z,1.563500,1.568100,1.520500,1.533100,3151745
2025-01-13T03:00:00Z,1.533100,1.548400,1.510200,1.518800,2390566
2025-01-13T04:00:00Z,1.518800,1.561000,1.514100,1.543800,2318616
2025-01-13T05:00:00Z,1.543900,1.545600,1.517700,1.523000,1162836
2025-01-13T06:00:00Z,1.523300,1.535100,1.498600,1.508300,2179580
2025-01-13T07:00:00Z,1.508300,1.525100,1.504000,1.518400,1441000
2025-01-13T08:00:00Z,1.518500,1.523600,1.491200,1.498000,1811268
2025-01-13T09:00:00Z,1.497500,1.503500,1.472000,1.486400,2519200
2025-01-13T10:00:00Z,1.486500,1.487000,1.449000,1.457800,3359807
2025-01-13T11:00:00Z,1.458000,1.460300,1.416000,1.418100,4356495
2025-01-13T12:00:00Z,1.418200,1.451400,1.413300,1.434200,4292819
2025-01-13T13:00:00Z,1.434200,1.475900,1.429700,1.451300,3222124
2025-01-13T14:00:00Z,1.451400,1.484800,1.385500,1.468500,8070086
2025-01-13T15:00:00Z,1.468500,1.508700,1.460300,1.502100,5533552
2025-01-13T16:00:00Z,1.501800,1.514400,1.494500,1.500600,4795858
2025-01-13T17:00:00Z,1.500200,1.540700,1.498300,1.525300,4194865
2025-01-13T18:00:00Z,1.525400,1.549500,1.493500,1.528500,3683968
2025-01-13T19:00:00Z,1.528500,1.590200,1.522100,1.566300,4479352
2025-01-13T20:00:00Z,1.566300,1.633700,1.550000,1.628400,6029153
2025-01-13T21:00:00Z,1.628600,1.651900,1.612800,1.626800,6226173
2025-01-13T22:00:00Z,1.626900,1.630700,1.604400,1.618600,2483339
2025-01-13T23:00:00Z,1.618800,1.631700,1.612200,1.622200,2248024
2025-01-14T00:00:00Z,1.622200,1.634200,1.608900,1.614200,2594496
2025-01-14T01:00:00Z,1.614200,1.647600,1.614200,1.626100,2637428
2025-01-14T02:00:00Z,1.626200,1.638100,1.612200,1.636300,2055409
2025-01-14T03:00:00Z,1.636300,1.652900,1.630000,1.632100,2217279
2025-01-14T04:00:00Z,1.632300,1.661100,1.625400,1.660500,1715262
2025-01-14T05:00:00Z,1.660000,1.664100,1.635300,1.636400,1885231
2025-01-14T06:00:00Z,1.636300,1.646000,1.626000,1.644600,1587031
2025-01-14T07:00:00Z,1.644700,1.655000,1.632700,1.634000,1639034
2025-01-14T08:00:00Z,1.634100,1.651000,1.624700,1.641200,1606881
2025-01-14T09:00:00Z,1.641700,1.683900,1.639000,1.672100,2799615
2025-01-14T10:00:00Z,1.672000,1.673300,1.650600,1.658400,1971540
2025-01-14T11:00:00Z,1.658300,1.661000,1.636500,1.644500,1277881
2025-01-14T12:00:00Z,1.644600,1.651000,1.622300,1.636700,2154908
2025-01-14T13:00:00Z,1.636700,1.681400,1.636000,1.665300,3453705
2025-01-14T14:00:00Z,1.665400,1.692000,1.662200,1.669300,2465298
2025-01-14T15:00:00Z,1.669400,1.686800,1.661900,1.680600,1869201
2025-01-14T16:00:00Z,1.680500,1.732000,1.666700,1.717000,5241023
2025-01-14T17:00:00Z,1.717000,1.773100,1.708400,1.772100,4343642
2025-01-14T18:00:00Z,1.771700,1.804900,1.769000,1.780200,4459865
2025-01-14T19:00:00Z,1.780400,1.794500,1.753300,1.781700,3868368
2025-01-14T20:00:00Z,1.781300,1.841600,1.769700,1.840000,5349434
2025-01-14T21:00:00Z,1.840400,1.887400,1.833300,1.878400,8753036
2025-01-14T22:00:00Z,1.878400,1.882000,1.845200,1.858500,3760551
2025-01-14T23:00:00Z,1.858000,1.871400,1.840900,1.845300,2273531
2025-01-15T00:00:00Z,1.845000,1.857000,1.816700,1.817600,3442179
2025-01-15T01:00:00Z,1.817200,1.841900,1.812400,1.824400,1962999
2025-01-15T02:00:00Z,1.824500,1.834800,1.794000,1.808600,2496098
2025-01-15T03:00:00Z,1.808600,1.830000,1.800700,1.828400,1447498
2025-01-15T04:00:00Z,1.828700,1.841200,1.809500,1.811600,1582593
2025-01-15T05:00:00Z,1.811500,1.818700,1.801400,1.812000,1215970
2025-01-15T06:00:00Z,1.812000,1.814000,1.785400,1.803200,2591294
2025-01-15T07:00:00Z,1.803000,1.818600,1.802600,1.818000,1028111
2025-01-15T08:00:00Z,1.818100,1.832900,1.809800,1.821900,1806485
2025-01-15T09:00:00Z,1.821800,1.834900,1.784900,1.790100,3740052
2025-01-15T10:00:00Z,1.790000,1.812900,1.789700,1.811400,1705291
2025-01-15T11:00:00Z,1.811300,1.813500,1.783300,1.802200,2512798
2025-01-15T12:00:00Z,1.802300,1.817500,1.784200,1.797700,2588593
2025-01-15T13:00:00Z,1.798100,1.875400,1.790100,1.861600,8156889
2025-01-15T14:00:00Z,1.861600,1.912000,1.827200,1.909000,7669350
2025-01-15T15:00:00Z,1.908800,1.930200,1.875900,1.888400,6838213
2025-01-15T16:00:00Z,1.888500,1.992000,1.888500,1.981900,10451373
2025-01-15T17:00:00Z,1.981800,2.012400,1.972700,1.975400,5329930
2025-01-15T18:00:00Z,1.975500,2.033800,1.975100,2.014400,4349404
2025-01-15T19:00:00Z,2.014000,2.029200,1.997300,2.008600,2675218
2025-01-15T20:00:00Z,2.009000,2.037600,2.000900,2.003900,3412398
2025-01-15T21:00:00Z,2.004000,2.033500,1.998100,2.033000,2172453
2025-01-15T22:00:00Z,2.032900,2.053600,2.026700,2.050800,2426607
2025-01-15T23:00:00Z,2.050800,2.100000,2.050400,2.081100,3604565
2025-01-16T00:00:00Z,2.081300,2.108800,2.031100,2.031600,5357941
2025-01-16T01:00:00Z,2.031600,2.117900,2.030300,2.115400,3736292
2025-01-16T02:00:00Z,2.115400,2.135800,2.084800,2.084800,6579177
2025-01-16T03:00:00Z,2.084900,2.098900,2.061000,2.064500,2859305
2025-01-16T04:00:00Z,2.064500,2.065900,2.013300,2.014000,3684709
2025-01-16T05:00:00Z,2.013700,2.033900,2.005800,2.020700,3431256
2025-01-16T06:00:00Z,2.020800,2.030300,2.009000,2.026400,1119466
2025-01-16T07:00:00Z,2.026300,2.032700,2.017100,2.023500,1226947
2025-01-16T08:00:00Z,2.023600,2.034600,1.993700,2.010000,3179123
2025-01-16T09:00:00Z,2.010000,2.020000,1.992000,2.018200,2285194
2025-01-16T10:00:00Z,2.018400,2.056900,2.001100,2.052900,2968495
2025-01-16T11:00:00Z,2.053200,2.085000,2.040800,2.076500,3079513
2025-01-16T12:00:00Z,2.076500,2.077600,2.045400,2.047100,3083607
2025-01-16T13:00:00Z,2.047400,2.052400,1.982000,2.015200,5997278
2025-01-16T14:00:00Z,2.015500,2.019500,1.952000,1.981300,6606188
2025-01-16T15:00:00Z,1.981500,1.998700,1.953800,1.993300,4983127
2025-01-16T16:00:00Z,1.992800,2.013000,1.984300,1.999100,3394332
2025-01-16T17:00:00Z,1.999000,2.014600,1.989400,1.994700,1646064
2025-01-16T18:00:00Z,1.994600,2.002700,1.977300,1.983100,1167175
2025-01-16T19:00:00Z,1.983100,2.004200,1.980900,1.998700,1107137
2025-01-16T20:00:00Z,1.998700,2.006600,1.990200,1.997600,882761
2025-01-16T21:00:00Z,1.997500,1.998000,1.967400,1.971500,1818816
2025-01-16T22:00:00Z,1.971700,1.976800,1.935700,1.955900,3129331
2025-01-16T23:00:00Z,1.955800,1.967800,1.948200,1.965500,1082956
2025-01-17T00:00:00Z,1.965600,1.989700,1.964900,1.985600,1375442
2025-01-17T01:00:00Z,1.985500,2.028200,1.983300,2.026700,2213937
2025-01-17T02:00:00Z,2.026700,2.031800,1.999100,2.006800,2134096
2025-01-17T03:00:00Z,2.006600,2.011400,1.994200,1.995300,983414
2025-01-17T04:00:00Z,1.995400,2.021700,1.990000,2.014600,1706937
2025-01-17T05:00:00Z,2.014600,2.017900,1.992900,1.999700,924254
2025-01-17T06:00:00Z,1.999700,2.013200,1.998100,2.009500,984602
2025-01-17T07:00:00Z,2.009500,2.018500,1.998500,2.005600,1091402
2025-01-17T08:00:00Z,2.005500,2.032200,2.003100,2.028200,2153280
2025-01-17T09:00:00Z,2.029000,2.033600,2.010200,2.010500,2356350
2025-01-17T10:00:00Z,2.010500,2.021000,1.999600,2.014100,3936281
2025-01-17T11:00:00Z,2.014100,2.029200,2.007500,2.020700,1709172
2025-01-17T12:00:00Z,2.020800,2.029400,2.001700,2.007200,1841095
2025-01-17T13:00:00Z,2.007300,2.022600,1.990800,2.000800,1771012
2025-01-17T14:00:00Z,2.000800,2.022900,2.000600,2.014600,2145668
2025-01-17T15:00:00Z,2.014300,2.029000,1.977600,1.987700,3367668
2025-01-17T16:00:00Z,1.987800,2.017700,1.984000,2.007000,2320720
2025-01-17T17:00:00Z,2.007000,2.007400,1.966000,1.973400,2451177
2025-01-17T18:00:00Z,1.973300,1.976900,1.956200,1.957500,1702529
2025-01-17T19:00:00Z,1.957600,1.975500,1.956600,1.957400,1632477
2025-01-17T20:00:00Z,1.957500,2.027200,1.954700,2.014700,5074311
2025-01-17T21:00:00Z,2.014700,2.023300,1.981200,1.987800,2526316
2025-01-17T22:00:00Z,1.987800,2.006600,1.987800,2.003600,1015556
2025-01-17T23:00:00Z,2.003500,2.009600,1.991500,1.992400,868300
2025-01-18T00:00:00Z,1.992500,2.021700,1.986300,2.017100,1490952
2025-01-18T01:00:00Z,2.017000,2.020000,1.988500,1.999900,1188983
2025-01-18T02:00:00Z,2.000000,2.019800,1.992800,1.995100,1019914
2025-01-18T03:00:00Z,1.995400,2.002200,1.889200,1.903500,8888994
2025-01-18T04:00:00Z,1.903500,1.917400,1.881800,1.893900,3658199
2025-01-18T05:00:00Z,1.893600,1.899700,1.814400,1.818400,6415603
2025-01-18T06:00:00Z,1.818400,1.860700,1.816500,1.845900,2952991
2025-01-18T07:00:00Z,1.845800,1.845800,1.805300,1.809200,2104739
2025-01-18T08:00:00Z,1.809400,1.828900,1.783000,1.825000,4050191
2025-01-18T09:00:00Z,1.825000,1.834700,1.802400,1.808400,2259459
2025-01-18T10:00:00Z,1.808300,1.816600,1.765300,1.794400,5086342
2025-01-18T11:00:00Z,1.794200,1.834200,1.789200,1.827000,2872403
2025-01-18T12:00:00Z,1.826900,1.834800,1.805400,1.810900,2217874
2025-01-18T13:00:00Z,1.810900,1.823800,1.799400,1.823800,1843484
2025-01-18T14:00:00Z,1.823800,1.834600,1.800600,1.803200,2582500
2025-01-18T15:00:00Z,1.803300,1.843500,1.791600,1.798600,4747487
2025-01-18T16:00:00Z,1.798600,1.807000,1.750600,1.753000,4779838
2025-01-18T17:00:00Z,1.753100,1.772300,1.746000,1.746900,2989531
2025-01-18T18:00:00Z,1.747000,1.752300,1.716900,1.724700,3468773
2025-01-18T19:00:00Z,1.724400,1.756100,1.724300,1.755600,1250648
2025-01-18T20:00:00Z,1.755800,1.758800,1.725200,1.734200,2610288
2025-01-18T21:00:00Z,1.734300,1.753500,1.730100,1.730100,1079782
2025-01-18T22:00:00Z,1.730100,1.748000,1.727100,1.736700,905781
2025-01-18T23:00:00Z,1.736800,1.776700,1.736800,1.769300,1630153
2025-01-19T00:00:00Z,1.769500,1.796900,1.762500,1.790100,1541868
2025-01-19T01:00:00Z,1.790400,1.831400,1.788800,1.814900,2498302
2025-01-19T02:00:00Z,1.814800,1.829000,1.801900,1.814000,1640228
2025-01-19T03:00:00Z,1.813900,1.824000,1.794800,1.799700,1281837
2025-01-19T04:00:00Z,1.799700,1.801400,1.762900,1.764400,2636924
2025-01-19T05:00:00Z,1.764300,1.769000,1.740100,1.760800,2453464
2025-01-19T06:00:00Z,1.761000,1.761100,1.716600,1.721100,1786461
2025-01-19T07:00:00Z,1.721100,1.735600,1.701100,1.717400,2755066
2025-01-19T08:00:00Z,1.717600,1.719600,1.659300,1.660500,4685655
2025-01-19T09:00:00Z,1.660300,1.681700,1.621300,1.680000,8091582
2025-01-19T10:00:00Z,1.680100,1.680400,1.635200,1.635700,2638782
2025-01-19T11:00:00Z,1.635800,1.643400,1.584300,1.598100,4495967
2025-01-19T12:00:00Z,1.598200,1.650600,1.594200,1.646000,3174682
2025-01-19T13:00:00Z,1.646000,1.681200,1.629000,1.681200,3391344
2025-01-19T14:00:00Z,1.681200,1.794600,1.673400,1.777400,16301101
2025-01-19T15:00:00Z,1.777300,1.812500,1.746600,1.757700,6540526
2025-01-19T16:00:00Z,1.757700,1.809000,1.751700,1.759900,4566738
2025-01-19T17:00:00Z,1.760300,1.802100,1.756800,1.789100,4430668
2025-01-19T18:00:00Z,1.789000,1.791000,1.748200,1.762900,3622048
2025-01-19T19:00:00Z,1.762800,1.765000,1.746100,1.763600,1803018
2025-01-19T20:00:00Z,1.763500,1.769500,1.730000,1.734600,3719117
2025-01-19T21:00:00Z,1.734700,1.738500,1.622900,1.636500,12085451
2025-01-19T22:00:00Z,1.635900,1.672000,1.575000,1.647400,9165189
2025-01-19T23:00:00Z,1.647200,1.648100,1.581800,1.621400,7587014
2025-01-20T00:00:00Z,1.621300,1.624100,1.555200,1.566400,8940832
2025-01-20T01:00:00Z,1.566500,1.601500,1.565600,1.592300,4510174
2025-01-20T02:00:00Z,1.591900,1.676400,1.585200,1.648200,4442978
2025-01-20T03:00:00Z,1.648400,1.674700,1.629700,1.664700,3212634
2025-01-20T04:00:00Z,1.665000,1.699800,1.651100,1.680900,2404510
2025-01-20T05:00:00Z,1.680800,1.755700,1.677300,1.708700,5633208
2025-01-20T06:00:00Z,1.708900,1.812000,1.706000,1.795000,6141046
2025-01-20T07:00:00Z,1.794900,1.870000,1.762900,1.783100,11567245
2025-01-20T08:00:00Z,1.783400,1.814800,1.771600,1.811800,3176162
2025-01-20T09:00:00Z,1.811500,1.815800,1.757100,1.766000,2395772
2025-01-20T10:00:00Z,1.766200,1.786900,1.752500,1.760100,1499051
2025-01-20T11:00:00Z,1.760000,1.932500,1.743700,1.867300,27584728
2025-01-20T12:00:00Z,1.867200,1.869300,1.771800,1.800600,10496563
2025-01-20T13:00:00Z,1.800600,1.815800,1.770100,1.803000,5364923
2025-01-20T14:00:00Z,1.802800,1.818400,1.776700,1.808800,6891006
2025-01-20T15:00:00Z,1.808800,1.809100,1.762100,1.770000,3237705
2025-01-20T16:00:00Z,1.770100,1.812000,1.735700,1.807100,5067401
2025-01-20T17:00:00Z,1.807000,1.807500,1.668700,1.728900,11878561
2025-01-20T18:00:00Z,1.729100,1.764300,1.723300,1.762000,4304351
2025-01-20T19:00:00Z,1.761800,1.787800,1.750100,1.767500,3324756
2025-01-20T20:00:00Z,1.767400,1.952600,1.740000,1.845100,40840973
2025-01-20T21:00:00Z,1.845000,1.880800,1.817600,1.824400,12982188
2025-01-20T22:00:00Z,1.824500,1.923100,1.795500,1.882000,9476127
2025-01-20T23:00:00Z,1.882000,1.885000,1.807200,1.820200,6004029
2025-01-21T00:00:00Z,1.820200,1.845700,1.794100,1.804600,5892357
2025-01-21T01:00:00Z,1.804700,1.835000,1.790600,1.796900,5264740
2025-01-21T02:00:00Z,1.796700,1.797500,1.742100,1.762800,5245423
2025-01-21T03:00:00Z,1.762700,1.766500,1.737200,1.759400,2756926
2025-01-21T04:00:00Z,1.759400,1.759600,1.717600,1.755800,2824349
2025-01-21T05:00:00Z,1.755800,1.775900,1.732800,1.740300,3167171
2025-01-21T06:00:00Z,1.740500,1.764900,1.729600,1.759100,2096887
2025-01-21T07:00:00Z,1.758900,1.783700,1.747000,1.778000,2330587
2025-01-21T08:00:00Z,1.777900,1.784900,1.749100,1.760400,2670611
2025-01-21T09:00:00Z,1.760400,1.825200,1.754200,1.818000,4535789
2025-01-21T10:00:00Z,1.818000,1.904300,1.806300,1.896200,9331458
2025-01-21T11:00:00Z,1.896200,1.896200,1.848300,1.892200,5424787
2025-01-21T12:00:00Z,1.892200,1.927500,1.861500,1.917600,5530921
2025-01-21T13:00:00Z,1.917400,1.924700,1.866800,1.878900,4745204
2025-01-21T14:00:00Z,1.879100,1.911200,1.859300,1.865900,3893151
2025-01-21T15:00:00Z,1.865900,1.894600,1.849100,1.866500,3644417
2025-01-21T16:00:00Z,1.866500,1.903500,1.858400,1.897400,3837786
2025-01-21T17:00:00Z,1.897300,1.959400,1.892700,1.947600,4485264
2025-01-21T18:00:00Z,1.947400,1.998800,1.946900,1.957500,7405756
2025-01-21T19:00:00Z,1.957500,1.961300,1.904000,1.921200,3587217
2025-01-21T20:00:00Z,1.921200,1.934000,1.893300,1.907100,2519551
2025-01-21T21:00:00Z,1.907200,1.949400,1.897000,1.947700,3113655
2025-01-21T22:00:00Z,1.947000,1.961500,1.929500,1.932200,4295419
2025-01-21T23:00:00Z,1.932200,1.933300,1.895700,1.902500,2572954
2025-01-22T00:00:00Z,1.902200,1.929000,1.885000,1.924100,2208987
2025-01-22T01:00:00Z,1.924100,1.925900,1.894500,1.896800,1356071
2025-01-22T02:00:00Z,1.896700,1.920200,1.889200,1.911800,1908631
2025-01-22T03:00:00Z,1.912000,1.923400,1.889400,1.900200,1916159
2025-01-22T04:00:00Z,1.900400,1.912500,1.889900,1.902200,1756987
2025-01-22T05:00:00Z,1.902300,1.914100,1.891600,1.894700,1518974
2025-01-22T06:00:00Z,1.894700,1.908200,1.880200,1.904700,1629763
2025-01-22T07:00:00Z,1.904700,1.906800,1.880200,1.888700,1606578
2025-01-22T08:00:00Z,1.888800,1.891900,1.865600,1.887800,1900064
2025-01-22T09:00:00Z,1.887900,1.919200,1.879900,1.910000,1125097
2025-01-22T10:00:00Z,1.910000,1.962700,1.898100,1.939700,3435451
2025-01-22T11:00:00Z,1.939700,1.958000,1.925500,1.957900,2057547
2025-01-22T12:00:00Z,1.958000,1.966000,1.927800,1.931000,1736225
2025-01-22T13:00:00Z,1.931000,1.941600,1.880000,1.881000,3009134
2025-01-22T14:00:00Z,1.881100,2.032500,1.865700,1.907800,33093698
2025-01-22T15:00:00Z,1.907700,1.910500,1.873800,1.907400,4141676
2025-01-22T16:00:00Z,1.907700,1.968500,1.887600,1.955200,5234570
2025-01-22T17:00:00Z,1.955200,1.956800,1.933800,1.948700,1827503
2025-01-22T18:00:00Z,1.948700,1.950000,1.905900,1.907800,2191433
2025-01-22T19:00:00Z,1.907900,1.933600,1.890600,1.894900,4273776
2025-01-22T20:00:00Z,1.894900,1.900100,1.880200,1.888100,1935914
2025-01-22T21:00:00Z,1.888000,1.905400,1.871900,1.899700,1439042
2025-01-22T22:00:00Z,1.900000,1.907100,1.852600,1.857100,1767745
2025-01-22T23:00:00Z,1.857100,1.857800,1.835200,1.856700,3848352
2025-01-23T00:00:00Z,1.856600,1.856700,1.833300,1.851400,1754668
2025-01-23T01:00:00Z,1.851500,1.862100,1.824100,1.829200,2241509
2025-01-23T02:00:00Z,1.829300,1.836900,1.815700,1.835200,1892910
2025-01-23T03:00:00Z,1.835300,1.858600,1.825300,1.851400,1341143
2025-01-23T04:00:00Z,1.851500,1.854500,1.806300,1.809600,2473448
2025-01-23T05:00:00Z,1.809600,1.827000,1.795700,1.806300,2287700
2025-01-23T06:00:00Z,1.806300,1.816100,1.786200,1.790900,1506002
2025-01-23T07:00:00Z,1.790800,1.805800,1.785700,1.798300,1321292
2025-01-23T08:00:00Z,1.798400,1.799600,1.772900,1.775900,1458049
2025-01-23T09:00:00Z,1.775800,1.780800,1.762200,1.766100,2141359
2025-01-23T10:00:00Z,1.766200,1.782700,1.746500,1.758900,3761289
2025-01-23T11:00:00Z,1.758900,1.761000,1.742200,1.754000,1456498
2025-01-23T12:00:00Z,1.753900,1.754700,1.730000,1.731000,1681823
2025-01-23T13:00:00Z,1.731000,1.755000,1.718900,1.743000,2979928
2025-01-23T14:00:00Z,1.743100,1.818200,1.737100,1.804500,5922303
2025-01-23T15:00:00Z,1.804000,1.807200,1.747800,1.771400,6078507
2025-01-23T16:00:00Z,1.771400,1.810000,1.759700,1.761900,3861802
2025-01-23T17:00:00Z,1.761900,1.776600,1.738200,1.772800,2248947
2025-01-23T18:00:00Z,1.773100,1.781300,1.736800,1.739600,2313193
2025-01-23T19:00:00Z,1.739700,1.742000,1.711600,1.718700,2529414
2025-01-23T20:00:00Z,1.718700,1.784800,1.710000,1.742300,9678272
2025-01-23T21:00:00Z,1.742200,1.760100,1.714200,1.731000,6415890
2025-01-23T22:00:00Z,1.731000,1.813800,1.727400,1.813500,3804192
2025-01-23T23:00:00Z,1.813500,1.841400,1.800700,1.821600,3160274
2025-01-24T00:00:00Z,1.821600,1.837400,1.797000,1.797800,2625540
2025-01-24T01:00:00Z,1.797700,1.844000,1.796700,1.813200,2060097
2025-01-24T02:00:00Z,1.813300,1.818000,1.790000,1.796300,2454686
2025-01-24T03:00:00Z,1.796400,1.851400,1.795400,1.842200,3298993
2025-01-24T04:00:00Z,1.842300,1.901000,1.824100,1.891900,4431047
2025-01-24T05:00:00Z,1.891800,1.997100,1.884600,1.996900,7324311
2025-01-24T06:00:00Z,1.997000,2.022900,1.983200,1.995300,9053539
2025-01-24T07:00:00Z,1.995300,2.019600,1.990700,1.999200,4834075
2025-01-24T08:00:00Z,1.999200,2.075700,1.998500,2.066300,9269594
2025-01-24T09:00:00Z,2.066000,2.091000,2.056900,2.080100,9509062
2025-01-24T10:00:00Z,2.079900,2.098100,2.072800,2.084900,7693447
2025-01-24T11:00:00Z,2.085000,2.094600,2.070000,2.084300,5813772
2025-01-24T12:00:00Z,2.084300,2.109900,2.071400,2.102000,8315618
2025-01-24T13:00:00Z,2.102100,2.116100,2.082500,2.086300,8299548
2025-01-24T14:00:00Z,2.086500,2.103500,2.064300,2.088500,10085316
2025-01-24T15:00:00Z,2.088400,2.099000,2.040400,2.072900,10674027
2025-01-24T16:00:00Z,2.073000,2.095900,2.052500,2.073800,7704325
2025-01-24T17:00:00Z,2.074100,2.079500,2.053700,2.061300,5769486
2025-01-24T18:00:00Z,2.061100,2.073300,2.035100,2.039300,5899341
2025-01-24T19:00:00Z,2.039300,2.045000,2.014200,2.020000,5491612
2025-01-24T20:00:00Z,2.019900,2.028300,1.966600,1.968500,9910365
2025-01-24T21:00:00Z,1.968600,2.007600,1.967200,1.996800,7155001
2025-01-24T22:00:00Z,1.997000,2.009700,1.975400,1.990400,4655625
2025-01-24T23:00:00Z,1.990500,2.003600,1.973600,2.002500,4355577
2025-01-25T00:00:00Z,2.002600,2.003000,1.964300,1.982100,7569461
2025-01-25T01:00:00Z,1.982300,2.033800,1.970800,2.010900,8497491
2025-01-25T02:00:00Z,2.010800,2.011900,1.977400,2.011800,4671691
2025-01-25T03:00:00Z,2.011300,2.029800,1.991800,2.010400,3725123
2025-01-25T04:00:00Z,2.010500,2.013600,1.983000,1.996800,3106866
2025-01-25T05:00:00Z,1.996800,2.012200,1.984100,1.990100,2373295
2025-01-25T06:00:00Z,1.990100,2.009700,1.988100,2.003200,1788786
2025-01-25T07:00:00Z,2.003200,2.003200,1.976000,1.982500,2730967
2025-01-25T08:00:00Z,1.982400,1.989500,1.935000,1.946600,5682664
2025-01-25T09:00:00Z,1.946800,1.961400,1.941600,1.946000,1946092
2025-01-25T10:00:00Z,1.945800,1.954000,1.931000,1.940000,2483586
2025-01-25T11:00:00Z,1.940000,1.960000,1.927100,1.938400,2693956
2025-01-25T12:00:00Z,1.938400,1.952100,1.918200,1.951500,2719907
2025-01-25T13:00:00Z,1.951500,1.968100,1.937100,1.953200,2762242
2025-01-25T14:00:00Z,1.953100,1.954800,1.937400,1.950000,1633737
2025-01-25T15:00:00Z,1.950100,2.013000,1.945300,1.984800,4742442
2025-01-25T16:00:00Z,1.984700,2.019300,1.975100,2.007500,3662572
2025-01-25T17:00:00Z,2.007600,2.008700,1.971200,1.997300,3045519
2025-01-25T18:00:00Z,1.997100,2.013500,1.966400,1.974500,2372836
2025-01-25T19:00:00Z,1.974600,1.994600,1.969000,1.991900,1303874
2025-01-25T20:00:00Z,1.992000,2.009900,1.967800,1.969400,1663887
2025-01-25T21:00:00Z,1.969500,1.985600,1.959700,1.979600,1497958
2025-01-25T22:00:00Z,1.979700,2.000300,1.968100,1.977900,1457617
2025-01-25T23:00:00Z,1.977800,2.000400,1.969800,1.994300,1787127
2025-01-26T00:00:00Z,1.994200,2.050000,1.983800,2.043600,7713090
2025-01-26T01:00:00Z,2.043600,2.081000,2.008100,2.015400,4565066
2025-01-26T02:00:00Z,2.015500,2.018700,1.980000,2.011000,2507123
2025-01-26T03:00:00Z,2.010900,2.081600,2.006400,2.063800,3238587
2025-01-26T04:00:00Z,2.063700,2.177800,2.060100,2.167900,8925352
2025-01-26T05:00:00Z,2.168000,2.168700,2.123900,2.132700,4435126
2025-01-26T06:00:00Z,2.132600,2.154500,2.113100,2.154100,3467879
2025-01-26T07:00:00Z,2.154200,2.177700,2.131500,2.172500,3681661
2025-01-26T08:00:00Z,2.172600,2.194300,2.125000,2.134400,5731813
2025-01-26T09:00:00Z,2.134300,2.145100,2.118300,2.124500,3498672
2025-01-26T10:00:00Z,2.124500,2.135600,2.110000,2.132700,2711406
2025-01-26T11:00:00Z,2.132600,2.156900,2.115100,2.152900,3167657
2025-01-26T12:00:00Z,2.152900,2.153600,2.110200,2.130500,2674563
2025-01-26T13:00:00Z,2.130500,2.170700,2.122000,2.169600,3905603
2025-01-26T14:00:00Z,2.169900,2.205600,2.151500,2.169300,5879615
2025-01-26T15:00:00Z,2.169400,2.174400,2.129500,2.162900,4638197
2025-01-26T16:00:00Z,2.163000,2.195000,2.149500,2.152500,3776439
2025-01-26T17:00:00Z,2.152600,2.182600,2.134300,2.162000,3083938
2025-01-26T18:00:00Z,2.162600,2.227300,2.156300,2.208900,5269202
2025-01-26T19:00:00Z,2.209100,2.213300,2.168400,2.186400,2341517
2025-01-26T20:00:00Z,2.186600,2.190100,2.162700,2.164300,1954240
2025-01-26T21:00:00Z,2.164400,2.167700,2.120300,2.121900,2880777
2025-01-26T22:00:00Z,2.121900,2.154400,2.111000,2.133700,2747061
2025-01-26T23:00:00Z,2.133900,2.137500,2.078300,2.085200,6142135
2025-01-27T00:00:00Z,2.085100,2.113100,2.052300,2.064300,6487756
2025-01-27T01:00:00Z,2.064400,2.083300,2.033700,2.049700,6060641
2025-01-27T02:00:00Z,2.049700,2.082200,2.021800,2.032800,7520839
2025-01-27T03:00:00Z,2.032700,2.040300,2.006600,2.013200,4252816
2025-01-27T04:00:00Z,2.013200,2.020700,1.976400,1.981900,5004450
2025-01-27T05:00:00Z,1.982100,1.991000,1.919800,1.939500,7301180
2025-01-27T06:00:00Z,1.939500,1.965700,1.909400,1.913300,5580448
2025-01-27T07:00:00Z,1.913200,1.961700,1.871300,1.957500,9105616
2025-01-27T08:00:00Z,1.957100,1.990000,1.932800,1.971600,6624944
2025-01-27T09:00:00Z,1.971700,1.974000,1.931700,1.947800,3712269
2025-01-27T10:00:00Z,1.947700,1.947700,1.860700,1.861700,6195332
2025-01-27T11:00:00Z,1.861800,1.886100,1.850300,1.855600,3596488
2025-01-27T12:00:00Z,1.855700,1.929600,1.842000,1.909300,4474227
2025-01-27T13:00:00Z,1.909300,1.935800,1.870600,1.885400,6832885
2025-01-27T14:00:00Z,1.885500,1.947000,1.867800,1.938500,5250601
2025-01-27T15:00:00Z,1.937900,1.947500,1.904300,1.932200,4371724
2025-01-27T16:00:00Z,1.932100,1.939400,1.867200,1.881400,4728748
2025-01-27T17:00:00Z,1.881500,1.908500,1.863900,1.878400,3191230
2025-01-27T18:00:00Z,1.878500,1.881100,1.826200,1.834500,3696652
2025-01-27T19:00:00Z,1.834500,1.869900,1.833600,1.852400,2319123
2025-01-27T20:00:00Z,1.852400,1.924100,1.852300,1.920100,4087085
2025-01-27T21:00:00Z,1.920200,1.970900,1.911700,1.924200,4567799
2025-01-27T22:00:00Z,1.924200,1.936300,1.907800,1.927200,2129127
2025-01-27T23:00:00Z,1.927300,1.940200,1.902900,1.916100,1402286
2025-01-28T00:00:00Z,1.916100,1.948200,1.906900,1.912100,2491709
2025-01-28T01:00:00Z,1.912100,1.914400,1.877200,1.901500,1813851
2025-01-28T02:00:00Z,1.901500,1.932300,1.898200,1.927300,1843995
2025-01-28T03:00:00Z,1.927300,1.966100,1.917000,1.957100,2551354
2025-01-28T04:00:00Z,1.957000,1.972300,1.938400,1.943900,2232207
2025-01-28T05:00:00Z,1.943900,1.957900,1.928600,1.930600,1719761
2025-01-28T06:00:00Z,1.930600,1.932800,1.900200,1.904700,1679672
2025-01-28T07:00:00Z,1.904700,1.917800,1.894900,1.902700,1889612
2025-01-28T08:00:00Z,1.902600,1.909200,1.877200,1.885400,2112536
2025-01-28T09:00:00Z,1.885400,1.888000,1.856700,1.876000,1907891
2025-01-28T10:00:00Z,1.876100,1.900000,1.868800,1.896600,2009146
2025-01-28T11:00:00Z,1.896600,1.915700,1.883200,1.911200,2213876
2025-01-28T12:00:00Z,1.911300,1.918800,1.883300,1.889300,1771159
2025-01-28T13:00:00Z,1.889200,1.935200,1.888500,1.916100,2785113
2025-01-28T14:00:00Z,1.916100,1.916800,1.881600,1.883000,3586862
2025-01-28T15:00:00Z,1.883200,1.954300,1.882200,1.920400,5944177
2025-01-28T16:00:00Z,1.920500,1.922000,1.865900,1.872100,3666499
2025-01-28T17:00:00Z,1.871600,1.926000,1.868000,1.918800,3679705
2025-01-28T18:00:00Z,1.918700,1.930200,1.863700,1.870300,3797749
2025-01-28T19:00:00Z,1.870500,1.875800,1.840800,1.867300,3570776
2025-01-28T20:00:00Z,1.867300,1.869300,1.801100,1.805500,4701436
2025-01-28T21:00:00Z,1.805300,1.827900,1.763000,1.763900,6558757
2025-01-28T22:00:00Z,1.763900,1.794200,1.752900,1.786300,4121184
2025-01-28T23:00:00Z,1.786200,1.801800,1.766000,1.777600,2165531
2025-01-29T00:00:00Z,1.778000,1.795600,1.762800,1.782400,2294447
2025-01-29T01:00:00Z,1.782500,1.807900,1.782500,1.794700,2181505
2025-01-29T02:00:00Z,1.794700,1.815500,1.777400,1.783400,1790637
2025-01-29T03:00:00Z,1.783400,1.819100,1.774200,1.816600,2531233
2025-01-29T04:00:00Z,1.816500,1.856400,1.808900,1.836800,2765307
2025-01-29T05:00:00Z,1.836800,1.851500,1.820900,1.843200,1577019
2025-01-29T06:00:00Z,1.843300,1.874700,1.837800,1.864500,2027716
2025-01-29T07:00:00Z,1.864500,1.868800,1.847800,1.862600,1818768
2025-01-29T08:00:00Z,1.862200,1.869000,1.838400,1.844900,1510630
2025-01-29T09:00:00Z,1.844700,1.846000,1.821300,1.829100,1691935
2025-01-29T10:00:00Z,1.829100,1.860400,1.813500,1.856400,2381335
2025-01-29T11:00:00Z,1.856400,1.859300,1.838900,1.844400,1325498
2025-01-29T12:00:00Z,1.844300,1.862800,1.829900,1.848200,1967073
2025-01-29T13:00:00Z,1.848300,1.863800,1.837700,1.842700,2822413
2025-01-29T14:00:00Z,1.843100,1.861000,1.792300,1.812100,4321517
2025-01-29T15:00:00Z,1.812200,1.831600,1.802800,1.813600,2157855
2025-01-29T16:00:00Z,1.813700,1.817800,1.790300,1.801800,1683661
2025-01-29T17:00:00Z,1.801700,1.860400,1.800700,1.843600,2186621
2025-01-29T18:00:00Z,1.843600,1.864200,1.822300,1.857400,2179003
2025-01-29T19:00:00Z,1.857300,1.906000,1.791900,1.867900,9044153
2025-01-29T20:00:00Z,1.868100,1.971600,1.845600,1.953800,7532417
2025-01-29T21:00:00Z,1.953700,2.000000,1.932400,1.979800,4935469
2025-01-29T22:00:00Z,1.979800,1.991600,1.930700,1.931700,3081987
2025-01-29T23:00:00Z,1.931600,1.939300,1.883800,1.896200,2400658
2025-01-30T00:00:00Z,1.896400,1.897300,1.857600,1.888100,2557009
2025-01-30T01:00:00Z,1.888100,1.937200,1.876600,1.903300,3001221
2025-01-30T02:00:00Z,1.903000,1.905200,1.880100,1.897100,1739892
2025-01-30T03:00:00Z,1.897200,1.930800,1.888100,1.918500,2824138
2025-01-30T04:00:00Z,1.918700,1.940100,1.909000,1.935800,2083271
2025-01-30T05:00:00Z,1.935800,1.940200,1.908900,1.935100,1527348
2025-01-30T06:00:00Z,1.935100,1.967300,1.930100,1.942500,1725539
2025-01-30T07:00:00Z,1.942500,1.949300,1.910200,1.919600,1179519
2025-01-30T08:00:00Z,1.919300,1.926200,1.888900,1.919200,2002382
2025-01-30T09:00:00Z,1.919300,1.952400,1.917400,1.939200,1778120
2025-01-30T10:00:00Z,1.939100,1.950600,1.917200,1.948700,1636411
2025-01-30T11:00:00Z,1.948700,1.968800,1.936000,1.962800,1815315
2025-01-30T12:00:00Z,1.962800,1.976000,1.942000,1.969000,1576750
2025-01-30T13:00:00Z,1.969000,2.000600,1.961200,1.992300,3024710
2025-01-30T14:00:00Z,1.992200,1.999100,1.959100,1.969400,3104869
2025-01-30T15:00:00Z,1.969400,2.057800,1.955200,2.020900,9526861
2025-01-30T16:00:00Z,2.020900,2.116500,1.999100,2.112800,5200299
2025-01-30T17:00:00Z,2.112900,2.145700,2.102000,2.140900,7022118
2025-01-30T18:00:00Z,2.141200,2.147000,2.098600,2.111400,4453601
2025-01-30T19:00:00Z,2.111400,2.184900,2.109500,2.157900,5698795
2025-01-30T20:00:00Z,2.158600,2.176400,2.115800,2.117500,4350675
2025-01-30T21:00:00Z,2.117800,2.127400,2.080800,2.092700,3481778
2025-01-30T22:00:00Z,2.093000,2.132400,2.067200,2.107800,3940979
2025-01-30T23:00:00Z,2.107700,2.137300,2.091100,2.097500,2400866
2025-01-31T00:00:00Z,2.097600,2.109400,2.074900,2.108800,2300688
2025-01-31T01:00:00Z,2.108600,2.161800,2.107100,2.146600,3411812
2025-01-31T02:00:00Z,2.146600,2.148700,2.092900,2.095600,2195296
2025-01-31T03:00:00Z,2.095500,2.098800,2.062700,2.077000,3157443
2025-01-31T04:00:00Z,2.076400,2.076800,2.029500,2.044400,4036851
2025-01-31T05:00:00Z,2.044700,2.108100,2.042300,2.091200,3156125
2025-01-31T06:00:00Z,2.091200,2.154500,2.084600,2.144400,3544937
2025-01-31T07:00:00Z,2.144100,2.179000,2.128300,2.139000,4208176
2025-01-31T08:00:00Z,2.139000,2.168000,2.132500,2.150800,2747664
2025-01-31T09:00:00Z,2.151000,2.226800,2.151000,2.178600,6762355
2025-01-31T10:00:00Z,2.178300,2.200000,2.150600,2.163700,3828792
2025-01-31T11:00:00Z,2.163800,2.300000,2.163000,2.282700,14043675
2025-01-31T12:00:00Z,2.282900,2.346600,2.282800,2.300900,12392798
2025-01-31T13:00:00Z,2.300900,2.384800,2.282700,2.380200,11929274
2025-01-31T14:00:00Z,2.380100,2.392500,2.337200,2.359500,11581749
2025-01-31T15:00:00Z,2.359500,2.413400,2.345500,2.401700,10069472
2025-01-31T16:00:00Z,2.402000,2.430000,2.376400,2.418300,11657756
2025-01-31T17:00:00Z,2.418300,2.429800,2.367100,2.425300,11420619
2025-01-31T18:00:00Z,2.425400,2.426900,2.347800,2.361200,13145455
2025-01-31T19:00:00Z,2.361200,2.386500,2.333200,2.347100,6298985
2025-01-31T20:00:00Z,2.347000,2.349500,2.310000,2.325000,6437477
2025-01-31T21:00:00Z,2.324700,2.329100,2.275400,2.310400,7896446
2025-01-31T22:00:00Z,2.310500,2.322900,2.287400,2.321000,3622071
2025-01-31T23:00:00Z,2.320900,2.331800,2.293500,2.301300,2932067
2025-02-01T00:00:00Z,2.301300,2.316000,2.277500,2.303300,4047503
2025-02-01T01:00:00Z,2.303700,2.346400,2.300400,2.300800,4059744
2025-02-01T02:00:00Z,2.300800,2.334500,2.294100,2.327200,2192955
2025-02-01T03:00:00Z,2.327100,2.331100,2.288800,2.304400,2442929
2025-02-01T04:00:00Z,2.304200,2.350000,2.295000,2.323200,2981922
2025-02-01T05:00:00Z,2.323100,2.341900,2.305600,2.314900,1413730
2025-02-01T06:00:00Z,2.314600,2.323800,2.266400,2.286600,4094828
2025-02-01T07:00:00Z,2.286600,2.303800,2.280500,2.286300,1635136
2025-02-01T08:00:00Z,2.286200,2.296000,2.231900,2.253600,5477412
2025-02-01T09:00:00Z,2.253800,2.256700,2.183300,2.197700,7551496
2025-02-01T10:00:00Z,2.197600,2.238300,2.192800,2.206000,4817514
2025-02-01T11:00:00Z,2.206000,2.230400,2.198000,2.212700,2748187
2025-02-01T12:00:00Z,2.212600,2.234600,2.199300,2.212200,2700243
2025-02-01T13:00:00Z,2.212400,2.223700,2.189000,2.190600,2659469
2025-02-01T14:00:00Z,2.190700,2.222000,2.169200,2.177600,4228101
2025-02-01T15:00:00Z,2.177700,2.218300,2.160800,2.209300,3278792
2025-02-01T16:00:00Z,2.209400,2.245200,2.173700,2.174200,4323839
2025-02-01T17:00:00Z,2.174200,2.216100,2.174200,2.195200,1865823
2025-02-01T18:00:00Z,2.195500,2.199600,2.162700,2.168000,2160554
2025-02-01T19:00:00Z,2.168100,2.169800,2.129000,2.135000,3697548
2025-02-01T20:00:00Z,2.135300,2.143300,2.111100,2.126900,3751943
2025-02-01T21:00:00Z,2.126900,2.149400,2.089300,2.097200,3382559
2025-02-01T22:00:00Z,2.097100,2.101100,2.059800,2.071100,4289506
2025-02-01T23:00:00Z,2.071000,2.072900,2.034600,2.037700,3769522
2025-02-02T00:00:00Z,2.037700,2.095200,2.028600,2.086400,4264941
2025-02-02T01:00:00Z,2.086400,2.094600,2.051700,2.054600,3200107
2025-02-02T02:00:00Z,2.054600,2.055900,1.987300,1.989700,5583240
2025-02-02T03:00:00Z,1.989700,2.006900,1.938900,1.940500,7270274
2025-02-02T04:00:00Z,1.940600,1.974200,1.918300,1.955900,6060120
2025-02-02T05:00:00Z,1.956000,2.044300,1.953500,2.015300,8207640
2025-02-02T06:00:00Z,2.015300,2.023500,1.995000,2.014200,3902217
2025-02-02T07:00:00Z,2.014300,2.015200,1.974300,1.979700,3188228
2025-02-02T08:00:00Z,1.979700,2.010900,1.973900,1.982300,3129927
2025-02-02T09:00:00Z,1.982300,1.995900,1.963100,1.993800,2270032
2025-02-02T10:00:00Z,1.993900,2.013200,1.970300,2.011000,2942585
2025-02-02T11:00:00Z,2.011300,2.028400,1.925500,1.941100,8289593
2025-02-02T12:00:00Z,1.941100,1.965900,1.928000,1.932100,3440886
2025-02-02T13:00:00Z,1.932100,1.995700,1.926800,1.987700,3609105
2025-02-02T14:00:00Z,1.987700,2.068400,1.981700,2.020200,8196044
2025-02-02T15:00:00Z,2.020300,2.027300,1.984100,2.014300,3975383
2025-02-02T16:00:00Z,2.014200,2.016000,1.900000,1.918000,7652207
2025-02-02T17:00:00Z,1.918100,1.946600,1.880000,1.927200,12017826
2025-02-02T18:00:00Z,1.927300,1.967400,1.866400,1.872500,14220797
2025-02-02T19:00:00Z,1.872200,1.975400,1.853800,1.964600,11659885
2025-02-02T20:00:00Z,1.964600,1.997300,1.916000,1.924900,5705037
2025-02-02T21:00:00Z,1.924900,1.933900,1.876300,1.888000,6344661
2025-02-02T22:00:00Z,1.888000,1.914400,1.782400,1.914000,12636967
2025-02-02T23:00:00Z,1.913900,1.913900,1.817600,1.905100,11424380
2025-02-03T00:00:00Z,1.905200,1.943400,1.803800,1.828900,16654583
2025-02-03T01:00:00Z,1.829500,1.835300,1.484800,1.759000,30038877
2025-02-03T02:00:00Z,1.759400,1.767400,1.470400,1.620300,36595060
2025-02-03T03:00:00Z,1.620500,1.695900,1.615400,1.650200,14101461
2025-02-03T04:00:00Z,1.650300,1.693700,1.578700,1.580500,10783471
2025-02-03T05:00:00Z,1.580500,1.636900,1.575800,1.636100,7937248
2025-02-03T06:00:00Z,1.636100,1.658400,1.583000,1.645200,8434369
2025-02-03T07:00:00Z,1.644800,1.730300,1.633900,1.724700,9941977
2025-02-03T08:00:00Z,1.724900,1.725000,1.626200,1.666900,7240845
2025-02-03T09:00:00Z,1.667100,1.713800,1.629300,1.637400,7506663
2025-02-03T10:00:00Z,1.637700,1.686100,1.620700,1.685200,5698631
2025-02-03T11:00:00Z,1.685100,1.716000,1.636900,1.652200,7917570
2025-02-03T12:00:00Z,1.652300,1.695900,1.630000,1.633000,5866356
2025-02-03T13:00:00Z,1.633000,1.649100,1.592300,1.602300,6891275
2025-02-03T14:00:00Z,1.602300,1.696000,1.521600,1.641100,26017755
2025-02-03T15:00:00Z,1.640900,1.774700,1.618100,1.698800,21523335
2025-02-03T16:00:00Z,1.699200,1.720400,1.669700,1.673200,9720473
2025-02-03T17:00:00Z,1.673700,1.686700,1.650000,1.668800,6909941
2025-02-03T18:00:00Z,1.668500,1.696800,1.652800,1.695000,6730691
2025-02-03T19:00:00Z,1.695000,1.807500,1.693200,1.792400,14693164
2025-02-03T20:00:00Z,1.792400,1.792400,1.687600,1.707200,10033658
2025-02-03T21:00:00Z,1.707200,1.819600,1.704900,1.815000,7181476
2025-02-03T22:00:00Z,1.815100,1.939500,1.807500,1.906900,16264864
2025-02-03T23:00:00Z,1.906800,1.927000,1.852800,1.857000,6223392
2025-02-04T00:00:00Z,1.857000,1.864500,1.799700,1.800100,8247261
2025-02-04T01:00:00Z,1.800100,1.823400,1.795100,1.808900,3803913
2025-02-04T02:00:00Z,1.808900,1.878300,1.808700,1.822300,6718347
2025-02-04T03:00:00Z,1.822300,1.886800,1.801800,1.880700,4949267
2025-02-04T04:00:00Z,1.880700,1.925200,1.823600,1.847100,10675926
2025-02-04T05:00:00Z,1.846900,1.856400,1.718300,1.747000,13313111
2025-02-04T06:00:00Z,1.747200,1.806300,1.747200,1.791400,6302346
2025-02-04T07:00:00Z,1.791500,1.818500,1.740800,1.752100,5512924
2025-02-04T08:00:00Z,1.752200,1.786400,1.714200,1.728600,5373774
2025-02-04T09:00:00Z,1.728600,1.749900,1.683000,1.694900,6152074
2025-02-04T10:00:00Z,1.694900,1.790800,1.690600,1.777700,6516812
2025-02-04T11:00:00Z,1.777700,1.867800,1.775800,1.827400,11179454
2025-02-04T12:00:00Z,1.827700,1.866500,1.818300,1.844300,7939178
2025-02-04T13:00:00Z,1.844400,1.880600,1.791100,1.801900,7340645
2025-02-04T14:00:00Z,1.802000,1.879900,1.789800,1.850200,9163637
2025-02-04T15:00:00Z,1.850900,1.859100,1.778800,1.785000,8266306
2025-02-04T16:00:00Z,1.785100,1.822200,1.757400,1.771400,7081234
2025-02-04T17:00:00Z,1.771500,1.801200,1.751500,1.774800,4156725
2025-02-04T18:00:00Z,1.774700,1.834900,1.761200,1.814600,5039934
2025-02-04T19:00:00Z,1.814500,1.869000,1.741600,1.745900,9345396
2025-02-04T20:00:00Z,1.746000,1.765900,1.683000,1.698900,13008425
2025-02-04T21:00:00Z,1.699200,1.700400,1.627300,1.630000,10189194
2025-02-04T22:00:00Z,1.630100,1.692300,1.626600,1.685500,7613615
2025-02-04T23:00:00Z,1.685500,1.718100,1.668100,1.706700,5481765
2025-02-05T00:00:00Z,1.706800,1.712700,1.678300,1.678700,3048545
2025-02-05T01:00:00Z,1.678700,1.715400,1.678600,1.689100,3148065
2025-02-05T02:00:00Z,1.689000,1.736900,1.682100,1.716700,3865219
2025-02-05T03:00:00Z,1.716700,1.726300,1.692600,1.698500,1855639
2025-02-05T04:00:00Z,1.698500,1.703200,1.675400,1.688900,2735466
2025-02-05T05:00:00Z,1.688900,1.730600,1.660200,1.728100,3987481
2025-02-05T06:00:00Z,1.727900,1.731400,1.682600,1.689500,3568261
2025-02-05T07:00:00Z,1.689500,1.749600,1.679400,1.734300,4532226
2025-02-05T08:00:00Z,1.734200,1.785400,1.729200,1.755800,8832598
2025-02-05T09:00:00Z,1.755700,1.814900,1.735500,1.750200,6994115
2025-02-05T10:00:00Z,1.750200,1.778000,1.741000,1.770400,3620512
2025-02-05T11:00:00Z,1.770400,1.847000,1.761900,1.789500,8464784
2025-02-05T12:00:00Z,1.789500,1.827200,1.773600,1.811800,4970014
2025-02-05T13:00:00Z,1.811800,1.838600,1.783200,1.824100,5340118
2025-02-05T14:00:00Z,1.824200,1.855500,1.795800,1.802000,6337092
2025-02-05T15:00:00Z,1.802000,1.857100,1.774200,1.821000,10767602
2025-02-05T16:00:00Z,1.820900,1.833900,1.761600,1.795800,9160162
2025-02-05T17:00:00Z,1.795900,1.805400,1.735600,1.749800,5925964
2025-02-05T18:00:00Z,1.749900,1.765900,1.711600,1.724100,6691623
2025-02-05T19:00:00Z,1.724000,1.766100,1.717400,1.756200,4148837
2025-02-05T20:00:00Z,1.756300,1.767900,1.711100,1.723500,3805017
2025-02-05T21:00:00Z,1.723700,1.740900,1.710200,1.717700,3108885
2025-02-05T22:00:00Z,1.717800,1.745500,1.684100,1.687000,3879764
2025-02-05T23:00:00Z,1.687100,1.701900,1.675700,1.690700,3376635
2025-02-06T00:00:00Z,1.691200,1.714000,1.671800,1.688300,4220848
2025-02-06T01:00:00Z,1.688300,1.743100,1.671800,1.713400,5459167
2025-02-06T02:00:00Z,1.713300,1.777500,1.711100,1.738600,5759601
2025-02-06T03:00:00Z,1.738700,1.771500,1.728000,1.756400,3048405
2025-02-06T04:00:00Z,1.756400,1.781500,1.737900,1.759700,4395590
2025-02-06T05:00:00Z,1.759100,1.805600,1.758100,1.783700,5065137
2025-02-06T06:00:00Z,1.783800,1.818800,1.769900,1.817200,4741155
2025-02-06T07:00:00Z,1.816600,1.826800,1.795800,1.802800,4389111
2025-02-06T08:00:00Z,1.803000,1.824800,1.784400,1.796800,4378406
2025-02-06T09:00:00Z,1.796900,1.852300,1.789000,1.850200,4680029
2025-02-06T10:00:00Z,1.850100,1.879200,1.820200,1.832600,7848095
2025-02-06T11:00:00Z,1.832400,1.838500,1.796400,1.820400,5743801
2025-02-06T12:00:00Z,1.820400,1.823300,1.785900,1.794800,4310542
2025-02-06T13:00:00Z,1.795000,1.834900,1.785900,1.828700,4402652
2025-02-06T14:00:00Z,1.828700,1.847300,1.781900,1.800300,7810537
2025-02-06T15:00:00Z,1.800500,1.808200,1.726000,1.739900,12240461
2025-02-06T16:00:00Z,1.739700,1.754500,1.710900,1.720900,8232340
2025-02-06T17:00:00Z,1.721100,1.756700,1.711500,1.712900,4717173
2025-02-06T18:00:00Z,1.713000,1.732800,1.692700,1.710100,5353753
2025-02-06T19:00:00Z,1.710300,1.741800,1.696400,1.702200,4603581
2025-02-06T20:00:00Z,1.702100,1.744800,1.699100,1.743200,3750979
2025-02-06T21:00:00Z,1.743100,1.746200,1.693000,1.713500,3923111
2025-02-06T22:00:00Z,1.713800,1.715200,1.652500,1.691200,6045726
2025-02-06T23:00:00Z,1.690900,1.695000,1.650000,1.671300,3352204
2025-02-07T00:00:00Z,1.671400,1.722400,1.667400,1.699600,4550268
2025-02-07T01:00:00Z,1.699500,1.749200,1.694300,1.718300,4591487
2025-02-07T02:00:00Z,1.718600,1.734900,1.703600,1.730200,3446889
2025-02-07T03:00:00Z,1.730100,1.742800,1.691400,1.707600,2751811
2025-02-07T04:00:00Z,1.707600,1.726100,1.702200,1.709500,2422036
2025-02-07T05:00:00Z,1.709400,1.713600,1.682300,1.690600,2480929
2025-02-07T06:00:00Z,1.690800,1.693600,1.634200,1.660500,6624760
2025-02-07T07:00:00Z,1.660500,1.691800,1.658700,1.663700,3034658
2025-02-07T08:00:00Z,1.663600,1.703500,1.654100,1.685000,3129836
2025-02-07T09:00:00Z,1.685200,1.717500,1.679900,1.713900,3538612
2025-02-07T10:00:00Z,1.713900,1.730800,1.702700,1.720400,2992158
2025-02-07T11:00:00Z,1.720400,1.752800,1.719200,1.748600,3819757
2025-02-07T12:00:00Z,1.748500,1.758100,1.713000,1.736200,5502682
2025-02-07T13:00:00Z,1.736400,1.797800,1.715700,1.773100,10126576
2025-02-07T14:00:00Z,1.773000,1.798600,1.748600,1.765400,7023712
2025-02-07T15:00:00Z,1.765400,1.765500,1.684900,1.699900,10253381
2025-02-07T16:00:00Z,1.700100,1.706400,1.622300,1.628800,7504508
2025-02-07T17:00:00Z,1.628700,1.635900,1.593800,1.609100,8359200
2025-02-07T18:00:00Z,1.609200,1.647700,1.605100,1.615900,4945864
2025-02-07T19:00:00Z,1.615300,1.620200,1.591800,1.602800,4025016
2025-02-07T20:00:00Z,1.602800,1.606400,1.532300,1.537300,12506299
2025-02-07T21:00:00Z,1.537100,1.562700,1.523300,1.526800,4975874
2025-02-07T22:00:00Z,1.527000,1.540500,1.514000,1.540500,4010086
2025-02-07T23:00:00Z,1.540500,1.562000,1.530500,1.560600,3919844
2025-02-08T00:00:00Z,1.560600,1.589600,1.546800,1.564400,4784157
2025-02-08T01:00:00Z,1.564400,1.564400,1.511800,1.517300,5788433
2025-02-08T02:00:00Z,1.517300,1.547200,1.511300,1.546500,3680336
2025-02-08T03:00:00Z,1.546500,1.561000,1.532600,1.533700,2749052
2025-02-08T04:00:00Z,1.533700,1.538600,1.515700,1.520000,2190817
2025-02-08T05:00:00Z,1.520300,1.525600,1.506900,1.517700,2402742
2025-02-08T06:00:00Z,1.518000,1.530000,1.504400,1.508300,2647431
2025-02-08T07:00:00Z,1.508200,1.521200,1.486100,1.509800,5718838
2025-02-08T08:00:00Z,1.509800,1.519200,1.490700,1.498800,3437230
2025-02-08T09:00:00Z,1.498800,1.510300,1.490200,1.509500,2534528
2025-02-08T10:00:00Z,1.509200,1.516300,1.486400,1.493800,4050725
2025-02-08T11:00:00Z,1.493700,1.510000,1.474800,1.507500,5255820
2025-02-08T12:00:00Z,1.507400,1.520900,1.486800,1.505600,5491078
2025-02-08T13:00:00Z,1.505600,1.533700,1.496800,1.514400,6215681
2025-02-08T14:00:00Z,1.514300,1.520100,1.493100,1.516100,3974299
2025-02-08T15:00:00Z,1.516200,1.525800,1.483600,1.493400,5228744
2025-02-08T16:00:00Z,1.493500,1.497200,1.464800,1.490300,7515154
2025-02-08T17:00:00Z,1.490200,1.513100,1.489300,1.507500,5250154
2025-02-08T18:00:00Z,1.507600,1.525800,1.498700,1.512800,3451543
2025-02-08T19:00:00Z,1.512700,1.548100,1.509800,1.528200,4841926
2025-02-08T20:00:00Z,1.528200,1.532900,1.513000,1.519100,1989704
2025-02-08T21:00:00Z,1.519000,1.527200,1.509300,1.524100,2469635
2025-02-08T22:00:00Z,1.524200,1.538000,1.503700,1.510600,2571249
2025-02-08T23:00:00Z,1.510600,1.539300,1.509600,1.526500,2433194
2025-02-09T00:00:00Z,1.526700,1.535000,1.516900,1.529000,2752786
2025-02-09T01:00:00Z,1.529300,1.546600,1.522000,1.539700,3366262
2025-02-09T02:00:00Z,1.539600,1.543400,1.518400,1.520000,2317229
2025-02-09T03:00:00Z,1.520300,1.598700,1.515000,1.590400,6587278
2025-02-09T04:00:00Z,1.590300,1.590300,1.557100,1.573500,3859908
2025-02-09T05:00:00Z,1.573500,1.575400,1.551700,1.561000,1903617
2025-02-09T06:00:00Z,1.561000,1.563600,1.530200,1.550600,3233095
2025-02-09T07:00:00Z,1.550600,1.561600,1.536100,1.551800,2528147
2025-02-09T08:00:00Z,1.551800,1.564100,1.528900,1.533100,2902047
2025-02-09T09:00:00Z,1.532900,1.534200,1.502400,1.516100,4660425
2025-02-09T10:00:00Z,1.516000,1.535300,1.510000,1.524400,2444840
2025-02-09T11:00:00Z,1.524400,1.536600,1.516900,1.521300,2326185
2025-02-09T12:00:00Z,1.521300,1.529100,1.488300,1.501500,5883475
2025-02-09T13:00:00Z,1.501600,1.503600,1.445500,1.455800,9806899
2025-02-09T14:00:00Z,1.455800,1.477300,1.453700,1.473100,4404071
2025-02-09T15:00:00Z,1.473000,1.522800,1.471200,1.513000,5507815
2025-02-09T16:00:00Z,1.512900,1.524900,1.498500,1.507000,2883829
2025-02-09T17:00:00Z,1.507000,1.516800,1.488300,1.492200,2761230
2025-02-09T18:00:00Z,1.492200,1.493900,1.480700,1.486200,1942977
2025-02-09T19:00:00Z,1.485900,1.489300,1.466400,1.471000,1858312
2025-02-09T20:00:00Z,1.470600,1.490700,1.467800,1.480400,2835909
2025-02-09T21:00:00Z,1.480400,1.483300,1.414000,1.427800,8267551
2025-02-09T22:00:00Z,1.427800,1.489900,1.414100,1.473400,7725514
2025-02-09T23:00:00Z,1.473300,1.512200,1.468000,1.499600,3542387
2025-02-10T00:00:00Z,1.499500,1.530600,1.498100,1.527300,3884389
2025-02-10T01:00:00Z,1.527300,1.532800,1.464900,1.473500,5246551
2025-02-10T02:00:00Z,1.473500,1.485100,1.453100,1.473300,3716187
2025-02-10T03:00:00Z,1.473300,1.532200,1.464700,1.518500,5594038
2025-02-10T04:00:00Z,1.518700,1.536900,1.507400,1.515200,3015473
2025-02-10T05:00:00Z,1.515200,1.530500,1.500000,1.512500,3496668
2025-02-10T06:00:00Z,1.512600,1.525500,1.506900,1.518600,2362991
2025-02-10T07:00:00Z,1.518500,1.532300,1.514100,1.521400,2406211
2025-02-10T08:00:00Z,1.521300,1.538000,1.513900,1.521300,2948337
2025-02-10T09:00:00Z,1.521400,1.523100,1.505600,1.517000,2349991
2025-02-10T10:00:00Z,1.516900,1.533100,1.509000,1.517400,2483508
2025-02-10T11:00:00Z,1.517400,1.536500,1.510800,1.533700,2163382
2025-02-10T12:00:00Z,1.533600,1.540000,1.495800,1.500500,3588268
2025-02-10T13:00:00Z,1.500300,1.564100,1.499400,1.555000,4599887
2025-02-10T14:00:00Z,1.555100,1.559800,1.520700,1.527900,4694157
2025-02-10T15:00:00Z,1.528000,1.538900,1.512200,1.522700,3337913
2025-02-10T16:00:00Z,1.522600,1.552100,1.518300,1.540000,3088115
2025-02-10T17:00:00Z,1.540100,1.591200,1.536200,1.572700,5459809
2025-02-10T18:00:00Z,1.572400,1.591300,1.567900,1.587000,3905325
2025-02-10T19:00:00Z,1.587200,1.603000,1.571600,1.583200,3480972
2025-02-10T20:00:00Z,1.583100,1.592200,1.575600,1.588200,1992058
2025-02-10T21:00:00Z,1.588300,1.588400,1.550700,1.555300,2709754
2025-02-10T22:00:00Z,1.555200,1.586300,1.542600,1.562700,3000590
2025-02-10T23:00:00Z,1.562900,1.583600,1.557500,1.581900,1977380
2025-02-11T00:00:00Z,1.581700,1.645900,1.577400,1.643900,5033649
2025-02-11T01:00:00Z,1.643800,1.683400,1.626800,1.672300,6257943
2025-02-11T02:00:00Z,1.672300,1.690600,1.644900,1.659700,4364189
2025-02-11T03:00:00Z,1.659700,1.661700,1.644600,1.652400,1531340
2025-02-11T04:00:00Z,1.651900,1.663000,1.635600,1.661100,3022222
2025-02-11T05:00:00Z,1.661100,1.697300,1.654700,1.672400,4210972
2025-02-11T06:00:00Z,1.672400,1.694700,1.664000,1.684600,2862943
2025-02-11T07:00:00Z,1.684600,1.694200,1.669400,1.675700,2968980
2025-02-11T08:00:00Z,1.675700,1.685800,1.657100,1.664300,2413352
2025-02-11T09:00:00Z,1.664300,1.669100,1.637100,1.640400,2770229
2025-02-11T10:00:00Z,1.640200,1.650200,1.627400,1.634500,2382739
2025-02-11T11:00:00Z,1.634400,1.653000,1.629700,1.652400,2605720
2025-02-11T12:00:00Z,1.652500,1.656500,1.610000,1.621800,4238022
2025-02-11T13:00:00Z,1.622000,1.639900,1.570100,1.574000,5724799
2025-02-11T14:00:00Z,1.573900,1.607600,1.569800,1.605600,4256891
2025-02-11T15:00:00Z,1.605400,1.625000,1.590000,1.598400,4436826
2025-02-11T16:00:00Z,1.598300,1.610300,1.580900,1.583900,2959038
2025-02-11T17:00:00Z,1.583900,1.597000,1.572900,1.587400,2969941
2025-02-11T18:00:00Z,1.587300,1.589000,1.563100,1.569800,3258208
2025-02-11T19:00:00Z,1.569900,1.580200,1.552700,1.564600,3249033
2025-02-11T20:00:00Z,1.564600,1.591200,1.561900,1.582200,3019120
2025-02-11T21:00:00Z,1.582100,1.600600,1.570800,1.590500,2089590
2025-02-11T22:00:00Z,1.590400,1.605200,1.564200,1.567900,2475985
2025-02-11T23:00:00Z,1.568000,1.595100,1.567600,1.585100,2096205
2025-02-12T00:00:00Z,1.585200,1.598400,1.568100,1.590700,2033735
2025-02-12T01:00:00Z,1.590700,1.598200,1.574700,1.585200,1429003
2025-02-12T02:00:00Z,1.585200,1.585900,1.543500,1.551400,2684537
2025-02-12T03:00:00Z,1.551400,1.567200,1.533900,1.549900,2998917
2025-02-12T04:00:00Z,1.549800,1.555800,1.536900,1.548300,1871908
2025-02-12T05:00:00Z,1.548400,1.561200,1.542000,1.553600,1492599
2025-02-12T06:00:00Z,1.553500,1.557800,1.536100,1.543500,1648808
2025-02-12T07:00:00Z,1.543400,1.588100,1.540700,1.575100,2659785
2025-02-12T08:00:00Z,1.575100,1.595600,1.574500,1.581700,1752454
2025-02-12T09:00:00Z,1.581800,1.583100,1.562900,1.577200,1949074
2025-02-12T10:00:00Z,1.577200,1.582000,1.550100,1.563400,1559480
2025-02-12T11:00:00Z,1.563300,1.584900,1.562400,1.573200,1646659
2025-02-12T12:00:00Z,1.573300,1.583600,1.564300,1.571600,1823817
2025-02-12T13:00:00Z,1.571700,1.607400,1.491800,1.513300,15166527
2025-02-12T14:00:00Z,1.513000,1.517400,1.458900,1.511300,8710891
2025-02-12T15:00:00Z,1.511200,1.530400,1.480000,1.525000,4970726
2025-02-12T16:00:00Z,1.525100,1.582600,1.494600,1.576000,5605723
2025-02-12T17:00:00Z,1.575900,1.634100,1.573200,1.619600,7870831
2025-02-12T18:00:00Z,1.619700,1.620600,1.574500,1.591100,2949311
2025-02-12T19:00:00Z,1.591100,1.621800,1.584600,1.618600,2905599
2025-02-12T20:00:00Z,1.618700,1.647000,1.612600,1.616600,3673941
2025-02-12T21:00:00Z,1.616700,1.629600,1.607900,1.609500,1956239
2025-02-12T22:00:00Z,1.609600,1.821900,1.601800,1.705000,38081704
2025-02-12T23:00:00Z,1.705000,1.754800,1.693900,1.743000,11505063
2025-02-13T00:00:00Z,1.742900,1.760300,1.709300,1.721800,4259905
2025-02-13T01:00:00Z,1.722000,1.843900,1.718900,1.833000,8892002
2025-02-13T02:00:00Z,1.833200,1.834000,1.766700,1.782600,5904455
2025-02-13T03:00:00Z,1.782800,1.801100,1.776500,1.790100,2580238
2025-02-13T04:00:00Z,1.790100,1.803800,1.734700,1.752100,5818997
2025-02-13T05:00:00Z,1.752300,1.764900,1.731600,1.756200,3486552
2025-02-13T06:00:00Z,1.756500,1.773700,1.732500,1.745100,3986554
2025-02-13T07:00:00Z,1.745000,1.763500,1.727300,1.735700,3170232
2025-02-13T08:00:00Z,1.735800,1.757800,1.729500,1.753400,3238406
2025-02-13T09:00:00Z,1.753200,1.796100,1.745200,1.786100,4813950
2025-02-13T10:00:00Z,1.786100,1.789800,1.747800,1.754300,3824979
2025-02-13T11:00:00Z,1.754300,1.755500,1.684000,1.701200,5897857
2025-02-13T12:00:00Z,1.701100,1.705000,1.675500,1.682700,4111236
2025-02-13T13:00:00Z,1.682800,1.701700,1.667100,1.680200,5221794
2025-02-13T14:00:00Z,1.680000,1.680000,1.636600,1.661400,6855362
2025-02-13T15:00:00Z,1.661300,1.708800,1.648200,1.689400,5675956
2025-02-13T16:00:00Z,1.689400,1.691500,1.665900,1.677400,4999476
2025-02-13T17:00:00Z,1.677500,1.699400,1.672500,1.676600,1756131
2025-02-13T18:00:00Z,1.676600,1.705500,1.662800,1.705400,1865217
2025-02-13T19:00:00Z,1.705400,1.725600,1.689200,1.697800,4194960
2025-02-13T20:00:00Z,1.697800,1.706600,1.692300,1.703700,1476332
2025-02-13T21:00:00Z,1.703600,1.716600,1.683500,1.688000,2494843
2025-02-13T22:00:00Z,1.687800,1.699200,1.673200,1.679700,1886056
2025-02-13T23:00:00Z,1.679800,1.689100,1.674400,1.684200,1314265
2025-02-14T00:00:00Z,1.684200,1.707400,1.675100,1.694800,2006516
2025-02-14T01:00:00Z,1.694800,1.712000,1.684200,1.711900,2132236
2025-02-14T02:00:00Z,1.712000,1.747500,1.704200,1.727100,4142428
2025-02-14T03:00:00Z,1.727000,1.750700,1.721700,1.748700,2274102
2025-02-14T04:00:00Z,1.748800,1.751000,1.713400,1.721500,2814253
2025-02-14T05:00:00Z,1.721600,1.740200,1.721600,1.736200,1610856
2025-02-14T06:00:00Z,1.736300,1.751500,1.731600,1.749800,1293874
2025-02-14T07:00:00Z,1.749600,1.779300,1.745200,1.777700,2773172
2025-02-14T08:00:00Z,1.777800,1.799100,1.762400,1.789600,3462925
2025-02-14T09:00:00Z,1.789400,1.822700,1.787500,1.817100,4768825
2025-02-14T10:00:00Z,1.816900,1.841900,1.810500,1.815400,5029773
2025-02-14T11:00:00Z,1.815400,1.822300,1.778700,1.789500,4496908
2025-02-14T12:00:00Z,1.789500,1.808400,1.786000,1.800100,3259126
2025-02-14T13:00:00Z,1.800200,1.853000,1.798400,1.843200,4769755
2025-02-14T14:00:00Z,1.843400,1.866600,1.826200,1.850800,4893556
2025-02-14T15:00:00Z,1.850800,1.916500,1.821300,1.896300,11216034
2025-02-14T16:00:00Z,1.896400,1.909600,1.866700,1.881600,4045724
2025-02-14T17:00:00Z,1.881600,1.893100,1.862800,1.872800,2978198
2025-02-14T18:00:00Z,1.872600,1.887100,1.856000,1.869200,3128613
2025-02-14T19:00:00Z,1.869300,1.885200,1.846800,1.869600,4859071
2025-02-14T20:00:00Z,1.869700,1.883000,1.851000,1.855900,1703219
2025-02-14T21:00:00Z,1.855900,1.926600,1.834500,1.884400,7686544
2025-02-14T22:00:00Z,1.884500,1.894700,1.823700,1.841900,4441489
2025-02-14T23:00:00Z,1.842000,1.877500,1.829400,1.858100,2615779
2025-02-15T00:00:00Z,1.858300,1.859700,1.814000,1.827800,2967014
2025-02-15T01:00:00Z,1.827600,1.865200,1.827000,1.857600,1945516
2025-02-15T02:00:00Z,1.857600,1.877200,1.856400,1.870000,1488076
2025-02-15T03:00:00Z,1.870000,1.894600,1.869400,1.876800,2023786
2025-02-15T04:00:00Z,1.877100,1.895500,1.872900,1.891000,1465258
2025-02-15T05:00:00Z,1.891100,1.897800,1.870400,1.871900,1857278
2025-02-15T06:00:00Z,1.872000,1.879200,1.861000,1.865100,1559009
2025-02-15T07:00:00Z,1.865000,1.881200,1.852500,1.872800,1920922
2025-02-15T08:00:00Z,1.872800,1.883000,1.851700,1.858500,1857815
2025-02-15T09:00:00Z,1.858600,1.865300,1.840500,1.845100,1774079
2025-02-15T10:00:00Z,1.845300,1.849800,1.822200,1.829200,3072345
2025-02-15T11:00:00Z,1.829300,1.844900,1.816800,1.818500,2244084
2025-02-15T12:00:00Z,1.819200,1.833000,1.814800,1.819900,1456848
2025-02-15T13:00:00Z,1.819900,1.838300,1.814300,1.822800,1848836
2025-02-15T14:00:00Z,1.822700,1.823400,1.793400,1.818200,3751959
2025-02-15T15:00:00Z,1.818400,1.829300,1.799000,1.816200,2063297
2025-02-15T16:00:00Z,1.816200,1.822600,1.798300,1.807000,1478555
2025-02-15T17:00:00Z,1.806900,1.816600,1.798800,1.810000,1033291
2025-02-15T18:00:00Z,1.810100,1.821500,1.804800,1.808400,1174732
2025-02-15T19:00:00Z,1.808400,1.814000,1.797200,1.798900,1013607
2025-02-15T20:00:00Z,1.798900,1.806000,1.784100,1.798100,1320715
2025-02-15T21:00:00Z,1.798100,1.810000,1.794400,1.807700,815705
2025-02-15T22:00:00Z,1.807700,1.822200,1.778500,1.822100,2373376
2025-02-15T23:00:00Z,1.822000,1.831700,1.807900,1.810300,2044695
2025-02-16T00:00:00Z,1.810400,1.822100,1.802900,1.814400,1206681
2025-02-16T01:00:00Z,1.814300,1.814800,1.790400,1.798000,902594
2025-02-16T02:00:00Z,1.797800,1.802000,1.763200,1.768000,3204369
2025-02-16T03:00:00Z,1.767900,1.788900,1.761400,1.787400,1338404
2025-02-16T04:00:00Z,1.787400,1.794800,1.780100,1.789200,1097273
2025-02-16T05:00:00Z,1.789600,1.812200,1.782500,1.806300,1063343
2025-02-16T06:00:00Z,1.806300,1.817100,1.796000,1.801100,1246501
2025-02-16T07:00:00Z,1.801200,1.805700,1.784200,1.789900,911214
2025-02-16T08:00:00Z,1.789800,1.812300,1.785000,1.806000,1159629
2025-02-16T09:00:00Z,1.806000,1.824000,1.794900,1.820600,1658074
2025-02-16T10:00:00Z,1.820800,1.831300,1.806600,1.808800,1542756
2025-02-16T11:00:00Z,1.808700,1.835000,1.806400,1.834500,1432695
2025-02-16T12:00:00Z,1.834200,1.834500,1.815700,1.824500,1075524
2025-02-16T13:00:00Z,1.824600,1.827000,1.785700,1.785700,1865388
2025-02-16T14:00:00Z,1.785500,1.806200,1.768800,1.803400,2529735
2025-02-16T15:00:00Z,1.803300,1.823200,1.798200,1.819100,1391677
2025-02-16T16:00:00Z,1.818800,1.855100,1.813700,1.846200,3000451
2025-02-16T17:00:00Z,1.846100,1.863000,1.818000,1.821000,2126211
2025-02-16T18:00:00Z,1.821200,1.821500,1.792800,1.812200,2349531
2025-02-16T19:00:00Z,1.812200,1.814700,1.789400,1.798900,1844857
2025-02-16T20:00:00Z,1.798800,1.800300,1.780000,1.788400,1759172
2025-02-16T21:00:00Z,1.788500,1.819800,1.783600,1.814200,1598422
2025-02-16T22:00:00Z,1.814200,1.815100,1.783000,1.797100,1231997
2025-02-16T23:00:00Z,1.797100,1.798400,1.775400,1.783800,1966198
2025-02-17T00:00:00Z,1.783800,1.824200,1.781900,1.823800,1736255
2025-02-17T01:00:00Z,1.823800,1.870000,1.817900,1.865500,2993891
2025-02-17T02:00:00Z,1.865400,1.874000,1.847400,1.856400,3466938
2025-02-17T03:00:00Z,1.856300,1.859800,1.829400,1.852300,2627425
2025-02-17T04:00:00Z,1.852400,1.856700,1.803600,1.803800,2335009
2025-02-17T05:00:00Z,1.803900,1.821100,1.775900,1.795400,5502214
2025-02-17T06:00:00Z,1.795600,1.839400,1.787600,1.830900,3723827
2025-02-17T07:00:00Z,1.831000,1.849400,1.785200,1.801200,2752810
2025-02-17T08:00:00Z,1.801100,1.854300,1.789200,1.848000,4368980
2025-02-17T09:00:00Z,1.847900,1.898800,1.845000,1.893000,4972528
2025-02-17T10:00:00Z,1.893800,1.941000,1.875400,1.880800,9423900
2025-02-17T11:00:00Z,1.880800,1.898100,1.851200,1.896600,4678781
2025-02-17T12:00:00Z,1.896700,1.931200,1.891600,1.895800,4165096
2025-02-17T13:00:00Z,1.895800,1.914700,1.880800,1.903500,2697268
2025-02-17T14:00:00Z,1.903400,1.959000,1.900400,1.938800,7800362
2025-02-17T15:00:00Z,1.938900,1.955300,1.843700,1.853100,9019907
2025-02-17T16:00:00Z,1.852800,1.870900,1.835000,1.845600,5794199
2025-02-17T17:00:00Z,1.845700,1.865200,1.838000,1.840700,2984977
2025-02-17T18:00:00Z,1.840600,1.849200,1.804400,1.816300,5264318
2025-02-17T19:00:00Z,1.816100,1.833500,1.799100,1.824900,2881014
2025-02-17T20:00:00Z,1.824700,1.850900,1.816600,1.828200,2812727
2025-02-17T21:00:00Z,1.828200,1.894400,1.823500,1.891100,3782316
2025-02-17T22:00:00Z,1.891000,1.891900,1.845800,1.858000,2607145
2025-02-17T23:00:00Z,1.857900,1.870100,1.846400,1.865500,1900703
2025-02-18T00:00:00Z,1.865600,1.887100,1.828200,1.833500,2758300
2025-02-18T01:00:00Z,1.833500,1.857200,1.828100,1.848500,1735836
2025-02-18T02:00:00Z,1.848400,1.853000,1.822200,1.826900,1548834
2025-02-18T03:00:00Z,1.827100,1.850000,1.812200,1.824600,2526889
2025-02-18T04:00:00Z,1.824600,1.837400,1.804700,1.810500,1958334
2025-02-18T05:00:00Z,1.810500,1.817800,1.778600,1.781100,3872491
2025-02-18T06:00:00Z,1.781100,1.791900,1.754700,1.778500,5883402
2025-02-18T07:00:00Z,1.779200,1.820000,1.774900,1.816600,3749336
2025-02-18T08:00:00Z,1.816700,1.827400,1.788100,1.809400,3999597
2025-02-18T09:00:00Z,1.809300,1.873100,1.804700,1.871400,5215021
2025-02-18T10:00:00Z,1.871400,1.884500,1.859700,1.875600,3585625
2025-02-18T11:00:00Z,1.875700,1.891000,1.860800,1.876400,2828647
2025-02-18T12:00:00Z,1.876400,1.914900,1.874900,1.891900,4648516
2025-02-18T13:00:00Z,1.891900,1.891900,1.854100,1.861000,3474128
2025-02-18T14:00:00Z,1.860900,1.874300,1.806200,1.833800,5765801
2025-02-18T15:00:00Z,1.833700,1.834800,1.775100,1.779200,5291583
2025-02-18T16:00:00Z,1.779400,1.787800,1.721600,1.723000,8067377
2025-02-18T17:00:00Z,1.723100,1.741800,1.687300,1.705600,7017118
2025-02-18T18:00:00Z,1.705600,1.743200,1.699300,1.737400,5214610
2025-02-18T19:00:00Z,1.737400,1.755000,1.716300,1.742900,6024934
2025-02-18T20:00:00Z,1.743000,1.752000,1.713900,1.722000,3042947
2025-02-18T21:00:00Z,1.722100,1.759400,1.720000,1.735800,3923639
2025-02-18T22:00:00Z,1.736000,1.756200,1.725700,1.730800,2038955
2025-02-18T23:00:00Z,1.730700,1.751700,1.717200,1.747100,1981784
2025-02-19T00:00:00Z,1.747300,1.758500,1.732400,1.734500,2267563
2025-02-19T01:00:00Z,1.734500,1.736100,1.715800,1.730000,1787560
2025-02-19T02:00:00Z,1.730100,1.783100,1.729200,1.771300,3542164
2025-02-19T03:00:00Z,1.771300,1.771500,1.740000,1.754300,2303702
2025-02-19T04:00:00Z,1.754300,1.762600,1.712600,1.713000,2284413
2025-02-19T05:00:00Z,1.712900,1.736700,1.701900,1.727400,2705747
2025-02-19T06:00:00Z,1.727500,1.756900,1.721200,1.753700,2554090
2025-02-19T07:00:00Z,1.753800,1.792500,1.751200,1.777500,3927996
2025-02-19T08:00:00Z,1.777500,1.800000,1.739500,1.740300,3568511
2025-02-19T09:00:00Z,1.740300,1.788100,1.733100,1.775600,3891893
2025-02-19T10:00:00Z,1.775800,1.791400,1.761000,1.772600,3136585
2025-02-19T11:00:00Z,1.772500,1.776500,1.755000,1.764600,2349699
2025-02-19T12:00:00Z,1.764700,1.768800,1.726900,1.727700,3211723
2025-02-19T13:00:00Z,1.727600,1.754900,1.727400,1.754700,2618435
2025-02-19T14:00:00Z,1.754800,1.756400,1.697200,1.701600,5578865
2025-02-19T15:00:00Z,1.702000,1.727000,1.692100,1.703300,3991091
2025-02-19T16:00:00Z,1.703300,1.738000,1.701600,1.736000,2694701
2025-02-19T17:00:00Z,1.736200,1.751400,1.711900,1.716100,3017515
2025-02-19T18:00:00Z,1.716100,1.719300,1.701600,1.702500,2603885
2025-02-19T19:00:00Z,1.702600,1.726300,1.695000,1.709500,2703213
2025-02-19T20:00:00Z,1.709500,1.724300,1.704200,1.719200,2003991
2025-02-19T21:00:00Z,1.719100,1.731400,1.698400,1.704800,2040106
2025-02-19T22:00:00Z,1.704700,1.771900,1.693800,1.718000,9468797
2025-02-19T23:00:00Z,1.718000,1.739900,1.710800,1.717800,3097614
2025-02-20T00:00:00Z,1.717800,1.764500,1.710200,1.757600,2559323
2025-02-20T01:00:00Z,1.757500,1.773700,1.740600,1.755700,3203033
2025-02-20T02:00:00Z,1.755800,1.794100,1.755000,1.790600,4009077
2025-02-20T03:00:00Z,1.790800,1.802500,1.765300,1.771500,2712467
2025-02-20T04:00:00Z,1.771400,1.791800,1.759500,1.764300,1769946
2025-02-20T05:00:00Z,1.764400,1.768400,1.746100,1.748700,1387217
2025-02-20T06:00:00Z,1.748700,1.753400,1.725200,1.732000,2190800
2025-02-20T07:00:00Z,1.732200,1.742500,1.716200,1.737800,1925297
2025-02-20T08:00:00Z,1.737800,1.756600,1.736500,1.741600,1685791
2025-02-20T09:00:00Z,1.741800,1.742400,1.726600,1.732700,1515177
2025-02-20T10:00:00Z,1.732800,1.740300,1.715600,1.731900,3576589
2025-02-20T11:00:00Z,1.732100,1.738500,1.710500,1.718800,3320507
2025-02-20T12:00:00Z,1.718700,1.726600,1.701000,1.705600,3023441
2025-02-20T13:00:00Z,1.705700,1.768600,1.698300,1.725000,7672037
2025-02-20T14:00:00Z,1.725100,1.814700,1.724500,1.747400,13305441
2025-02-20T15:00:00Z,1.747400,1.753600,1.702400,1.706500,6653661
2025-02-20T16:00:00Z,1.707000,1.733900,1.690000,1.705500,6217542
2025-02-20T17:00:00Z,1.705400,1.751900,1.703200,1.747100,4355731
2025-02-20T18:00:00Z,1.747100,1.787400,1.746100,1.759500,4726428
2025-02-20T19:00:00Z,1.759400,1.783400,1.747100,1.766700,2522074
2025-02-20T20:00:00Z,1.766600,1.783600,1.760600,1.774300,1816140
2025-02-20T21:00:00Z,1.774300,1.775500,1.745700,1.746800,2402190
2025-02-20T22:00:00Z,1.746800,1.778300,1.737900,1.766800,2571939
2025-02-20T23:00:00Z,1.766700,1.784900,1.762500,1.778000,1459545
2025-02-21T00:00:00Z,1.778200,1.788900,1.748700,1.751900,2382527
2025-02-21T01:00:00Z,1.751800,1.754900,1.720600,1.745800,3131428
2025-02-21T02:00:00Z,1.745800,1.759900,1.730000,1.735200,2004235
2025-02-21T03:00:00Z,1.735300,1.783700,1.734500,1.772600,2396733
2025-02-21T04:00:00Z,1.772500,1.808700,1.770700,1.798200,3353349
2025-02-21T05:00:00Z,1.798200,1.829000,1.796200,1.821800,3221510
2025-02-21T06:00:00Z,1.821500,1.836900,1.793500,1.797500,2976289
2025-02-21T07:00:00Z,1.797600,1.829900,1.797400,1.810800,2412949
2025-02-21T08:00:00Z,1.810700,1.816200,1.796700,1.801100,1629443
2025-02-21T09:00:00Z,1.800900,1.874600,1.798100,1.820200,8385832
2025-02-21T10:00:00Z,1.819900,1.849500,1.819600,1.828200,3462175
2025-02-21T11:00:00Z,1.827900,1.831800,1.812500,1.818700,1522637
2025-02-21T12:00:00Z,1.818600,1.834900,1.813800,1.829400,1826205
2025-02-21T13:00:00Z,1.829600,1.867600,1.828200,1.848300,6271280
2025-02-21T14:00:00Z,1.848300,1.851400,1.797800,1.823000,4911020
2025-02-21T15:00:00Z,1.823000,1.839300,1.672300,1.722800,23630436
2025-02-21T16:00:00Z,1.722700,1.764800,1.696900,1.728700,10034075
2025-02-21T17:00:00Z,1.728400,1.732500,1.650000,1.665200,10176928
2025-02-21T18:00:00Z,1.665100,1.683900,1.655900,1.665900,5458196
2025-02-21T19:00:00Z,1.665900,1.675800,1.587000,1.610700,12083219
2025-02-21T20:00:00Z,1.610600,1.625300,1.589300,1.595800,5562285
2025-02-21T21:00:00Z,1.595800,1.614500,1.559200,1.588200,6477074
2025-02-21T22:00:00Z,1.588200,1.608400,1.567300,1.584200,4232453
2025-02-21T23:00:00Z,1.584200,1.610600,1.576400,1.603800,3145402
2025-02-22T00:00:00Z,1.603700,1.609900,1.583800,1.604500,3163529
2025-02-22T01:00:00Z,1.604300,1.614700,1.600100,1.603600,2259793
2025-02-22T02:00:00Z,1.603800,1.605300,1.589300,1.597200,1967706
2025-02-22T03:00:00Z,1.597300,1.610100,1.585200,1.609400,3204730
2025-02-22T04:00:00Z,1.609300,1.653300,1.601200,1.640500,5571100
2025-02-22T05:00:00Z,1.640700,1.693200,1.628300,1.669600,5815495
2025-02-22T06:00:00Z,1.669600,1.689500,1.669400,1.672100,3250020
2025-02-22T07:00:00Z,1.672200,1.677400,1.646400,1.647600,2622178
2025-02-22T08:00:00Z,1.647600,1.662900,1.643600,1.655400,1737173
2025-02-22T09:00:00Z,1.655400,1.698000,1.655400,1.686600,2666840
2025-02-22T10:00:00Z,1.686600,1.703800,1.683100,1.687000,3170271
2025-02-22T11:00:00Z,1.687000,1.687400,1.673200,1.680000,1766485
2025-02-22T12:00:00Z,1.679900,1.696900,1.667700,1.689200,2377140
2025-02-22T13:00:00Z,1.689200,1.696800,1.668000,1.672400,2966791
2025-02-22T14:00:00Z,1.672400,1.687700,1.670300,1.681500,1699716
2025-02-22T15:00:00Z,1.681500,1.732500,1.681000,1.717700,3651466
2025-02-22T16:00:00Z,1.717600,1.757800,1.717000,1.719700,5650895
2025-02-22T17:00:00Z,1.720000,1.729700,1.709900,1.713300,2624758
2025-02-22T18:00:00Z,1.713300,1.716000,1.671100,1.683200,4479363
2025-02-22T19:00:00Z,1.683000,1.690700,1.679100,1.684900,1692322
2025-02-22T20:00:00Z,1.684900,1.688500,1.670100,1.679500,1485201
2025-02-22T21:00:00Z,1.679500,1.687600,1.672100,1.676400,1067614
2025-02-22T22:00:00Z,1.676500,1.687900,1.676100,1.680100,1217482
2025-02-22T23:00:00Z,1.680100,1.694600,1.675900,1.687600,1215564
2025-02-23T00:00:00Z,1.687700,1.689000,1.666700,1.680200,1820157
2025-02-23T01:00:00Z,1.680200,1.690900,1.654300,1.681900,2624584
2025-02-23T02:00:00Z,1.681900,1.692900,1.676900,1.680700,2058412
2025-02-23T03:00:00Z,1.680800,1.687000,1.670400,1.678200,1096278
2025-02-23T04:00:00Z,1.678100,1.689000,1.667500,1.686200,1295964
2025-02-23T05:00:00Z,1.686100,1.700900,1.682000,1.688200,1693425
2025-02-23T06:00:00Z,1.688100,1.698900,1.673000,1.677100,2286418
2025-02-23T07:00:00Z,1.677100,1.727400,1.672700,1.723900,3983656
2025-02-23T08:00:00Z,1.723900,1.732200,1.685700,1.697700,3973203
2025-02-23T09:00:00Z,1.697800,1.704100,1.680100,1.699300,2426484
2025-02-23T10:00:00Z,1.699300,1.704800,1.681300,1.689600,1760528
2025-02-23T11:00:00Z,1.689700,1.692700,1.666600,1.671300,1810541
2025-02-23T12:00:00Z,1.671300,1.685900,1.664700,1.678100,1974824
2025-02-23T13:00:00Z,1.678100,1.705300,1.678100,1.691800,2598200
2025-02-23T14:00:00Z,1.691700,1.700900,1.678700,1.690000,1657972
2025-02-23T15:00:00Z,1.690300,1.701600,1.673400,1.676000,1913592
2025-02-23T16:00:00Z,1.676100,1.702300,1.676000,1.689000,1744648
2025-02-23T17:00:00Z,1.689000,1.706500,1.681000,1.699300,2020384
2025-02-23T18:00:00Z,1.699100,1.708000,1.681800,1.688800,1905020
2025-02-23T19:00:00Z,1.688800,1.694500,1.681300,1.687200,1330646
2025-02-23T20:00:00Z,1.687100,1.687200,1.675700,1.681200,813664
2025-02-23T21:00:00Z,1.681300,1.682200,1.671600,1.680700,988405
2025-02-23T22:00:00Z,1.680800,1.688000,1.658700,1.677100,1869566
2025-02-23T23:00:00Z,1.677100,1.709700,1.676100,1.697400,2443272
2025-02-24T00:00:00Z,1.697500,1.725200,1.691200,1.691200,2564082
2025-02-24T01:00:00Z,1.691300,1.691900,1.663500,1.673100,2524605
2025-02-24T02:00:00Z,1.673200,1.682800,1.657300,1.659700,1731676
2025-02-24T03:00:00Z,1.659300,1.659500,1.610000,1.619500,6192597
2025-02-24T04:00:00Z,1.619500,1.626300,1.582900,1.585800,5892729
2025-02-24T05:00:00Z,1.585800,1.629400,1.584200,1.623500,3288312
2025-02-24T06:00:00Z,1.623600,1.625100,1.603300,1.612500,2090703
2025-02-24T07:00:00Z,1.612400,1.618100,1.602900,1.610200,1572954
2025-02-24T08:00:00Z,1.610300,1.612900,1.574100,1.578000,4095701
2025-02-24T09:00:00Z,1.578000,1.614800,1.575400,1.600400,2801874
2025-02-24T10:00:00Z,1.600400,1.602900,1.576800,1.589600,1934526
2025-02-24T11:00:00Z,1.589500,1.611400,1.577800,1.607600,2136903
2025-02-24T12:00:00Z,1.607600,1.619600,1.595700,1.604500,2439067
2025-02-24T13:00:00Z,1.604500,1.615600,1.592700,1.595100,2706794
2025-02-24T14:00:00Z,1.594800,1.603900,1.548000,1.557500,8141004
2025-02-24T15:00:00Z,1.557400,1.572300,1.530000,1.547700,7681412
2025-02-24T16:00:00Z,1.547800,1.562200,1.537700,1.542600,4140178
2025-02-24T17:00:00Z,1.542700,1.566400,1.527600,1.556000,4511093
2025-02-24T18:00:00Z,1.556200,1.561400,1.538100,1.541100,1637265
2025-02-24T19:00:00Z,1.541000,1.553500,1.507200,1.531800,4840862
2025-02-24T20:00:00Z,1.531900,1.546200,1.515500,1.515900,4117947
2025-02-24T21:00:00Z,1.515900,1.538300,1.500000,1.500000,3239108
2025-02-24T22:00:00Z,1.500100,1.501500,1.400000,1.418600,14817890
2025-02-24T23:00:00Z,1.418900,1.447700,1.393600,1.409100,8570277
2025-02-25T00:00:00Z,1.409200,1.421900,1.345000,1.381400,10463550
2025-02-25T01:00:00Z,1.381400,1.387700,1.346600,1.359300,6649838
2025-02-25T02:00:00Z,1.359400,1.408400,1.336700,1.401900,6591422
2025-02-25T03:00:00Z,1.401900,1.409900,1.376900,1.380000,3728982
2025-02-25T04:00:00Z,1.380000,1.389100,1.351500,1.359000,6844616
2025-02-25T05:00:00Z,1.359100,1.397100,1.354900,1.385200,4182477
2025-02-25T06:00:00Z,1.385100,1.389400,1.345600,1.347000,4403677
2025-02-25T07:00:00Z,1.347100,1.352400,1.279300,1.324300,15764726
2025-02-25T08:00:00Z,1.324300,1.379200,1.320000,1.359700,7174262
2025-02-25T09:00:00Z,1.359700,1.366100,1.334200,1.346000,3981674
2025-02-25T10:00:00Z,1.346100,1.390300,1.326500,1.368800,9003084
2025-02-25T11:00:00Z,1.368900,1.422700,1.348000,1.412400,6015096
2025-02-25T12:00:00Z,1.412400,1.433900,1.394800,1.413400,6191518
2025-02-25T13:00:00Z,1.413600,1.424600,1.387800,1.388800,3589589
2025-02-25T14:00:00Z,1.388800,1.401700,1.356100,1.365200,4412499
2025-02-25T15:00:00Z,1.365200,1.406800,1.356800,1.384900,4928241
2025-02-25T16:00:00Z,1.385100,1.407000,1.350200,1.383100,6782062
2025-02-25T17:00:00Z,1.383000,1.405200,1.378400,1.382800,3167573
2025-02-25T18:00:00Z,1.382900,1.398500,1.370200,1.384000,2410782
2025-02-25T19:00:00Z,1.384100,1.395300,1.371400,1.394900,2937802
2025-02-25T20:00:00Z,1.394800,1.420200,1.376600,1.404100,6297961
2025-02-25T21:00:00Z,1.403800,1.442800,1.394100,1.437500,5706402
2025-02-25T22:00:00Z,1.437700,1.451000,1.410700,1.418600,3941924
2025-02-25T23:00:00Z,1.418700,1.432400,1.407400,1.409000,2572641
2025-02-26T00:00:00Z,1.409000,1.421600,1.382400,1.384700,3803476
2025-02-26T01:00:00Z,1.384900,1.401700,1.383000,1.396800,1630024
2025-02-26T02:00:00Z,1.396700,1.428500,1.386100,1.423500,2845270
2025-02-26T03:00:00Z,1.423400,1.435300,1.408400,1.413200,2739552
2025-02-26T04:00:00Z,1.413400,1.430300,1.406400,1.409300,2757517
2025-02-26T05:00:00Z,1.409300,1.412800,1.391000,1.392200,1756668
2025-02-26T06:00:00Z,1.392100,1.405200,1.391300,1.404400,1547078
2025-02-26T07:00:00Z,1.404200,1.406200,1.377000,1.389400,2389537
2025-02-26T08:00:00Z,1.389300,1.394400,1.373300,1.381900,2221241
2025-02-26T09:00:00Z,1.381900,1.408000,1.379100,1.403200,2763121
2025-02-26T10:00:00Z,1.403100,1.403300,1.379100,1.389500,2847599
2025-02-26T11:00:00Z,1.389500,1.394000,1.365300,1.368300,4044820
2025-02-26T12:00:00Z,1.368400,1.371100,1.336900,1.346000,4584772
2025-02-26T13:00:00Z,1.346000,1.355900,1.328300,1.346600,5319952
2025-02-26T14:00:00Z,1.346500,1.375500,1.323000,1.369100,8852974
2025-02-26T15:00:00Z,1.369200,1.396800,1.367700,1.378000,5088168
2025-02-26T16:00:00Z,1.378100,1.385600,1.344700,1.353400,5045934
2025-02-26T17:00:00Z,1.353500,1.359100,1.304100,1.312600,6197805
2025-02-26T18:00:00Z,1.312500,1.325400,1.283300,1.292000,9497957
2025-02-26T19:00:00Z,1.291900,1.312800,1.283100,1.303300,5114587
2025-02-26T20:00:00Z,1.303400,1.360700,1.284900,1.358200,6635457
2025-02-26T21:00:00Z,1.358100,1.369500,1.331100,1.354700,5048099
2025-02-26T22:00:00Z,1.354800,1.380800,1.346400,1.351600,3249330
2025-02-26T23:00:00Z,1.351600,1.365500,1.337100,1.348000,2089673
2025-02-27T00:00:00Z,1.348100,1.364400,1.337100,1.348500,3328416
2025-02-27T01:00:00Z,1.348500,1.374500,1.336500,1.360100,2265459
2025-02-27T02:00:00Z,1.360000,1.388600,1.358900,1.370400,2540436
2025-02-27T03:00:00Z,1.370500,1.376700,1.364600,1.370000,1693638
2025-02-27T04:00:00Z,1.370100,1.378900,1.346600,1.353100,2625534
2025-02-27T05:00:00Z,1.353100,1.378100,1.351500,1.370200,2166654
2025-02-27T06:00:00Z,1.370300,1.386100,1.361700,1.373800,2146600
2025-02-27T07:00:00Z,1.373900,1.395200,1.371200,1.389100,2728154
2025-02-27T08:00:00Z,1.389000,1.389900,1.374000,1.382600,2360317
2025-02-27T09:00:00Z,1.382500,1.399600,1.372700,1.387100,2362688
2025-02-27T10:00:00Z,1.387300,1.413000,1.385800,1.410000,3331331
2025-02-27T11:00:00Z,1.409800,1.411600,1.370600,1.374800,3291141
2025-02-27T12:00:00Z,1.374600,1.384300,1.360100,1.364700,3198979
2025-02-27T13:00:00Z,1.364700,1.379600,1.357700,1.363400,2999069
2025-02-27T14:00:00Z,1.363300,1.374100,1.340400,1.345500,3327008
2025-02-27T15:00:00Z,1.345400,1.365100,1.333900,1.357500,3000490
2025-02-27T16:00:00Z,1.357500,1.368900,1.338000,1.339900,2142994
2025-02-27T17:00:00Z,1.340000,1.360300,1.336900,1.359100,5560904
2025-02-27T18:00:00Z,1.359100,1.365800,1.346000,1.347100,1436506
2025-02-27T19:00:00Z,1.347200,1.350900,1.323000,1.330400,2771848
2025-02-27T20:00:00Z,1.330500,1.332200,1.305000,1.313100,3066119
2025-02-27T21:00:00Z,1.313200,1.346400,1.303000,1.346400,2842038
2025-02-27T22:00:00Z,1.346400,1.349500,1.329500,1.347100,1500507
2025-02-27T23:00:00Z,1.347000,1.350800,1.336500,1.350400,1512956
2025-02-28T00:00:00Z,1.350400,1.355500,1.330400,1.335000,2000305
2025-02-28T01:00:00Z,1.335000,1.342900,1.265700,1.271300,9770425
2025-02-28T02:00:00Z,1.271300,1.285800,1.239000,1.257300,9539364
2025-02-28T03:00:00Z,1.257500,1.275500,1.224100,1.232400,4895051
2025-02-28T04:00:00Z,1.232500,1.233200,1.192600,1.213700,8790463
2025-02-28T05:00:00Z,1.213600,1.219100,1.194800,1.210700,3663423
2025-02-28T06:00:00Z,1.210900,1.219100,1.182600,1.194000,5250748
2025-02-28T07:00:00Z,1.193900,1.211300,1.180100,1.191800,3308355
2025-02-28T08:00:00Z,1.191700,1.204000,1.171700,1.200600,6194899
2025-02-28T09:00:00Z,1.200500,1.228700,1.193300,1.217700,4469225
2025-02-28T10:00:00Z,1.217600,1.218500,1.190100,1.193100,3087557
2025-02-28T11:00:00Z,1.193200,1.209900,1.188200,1.193000,3999770
2025-02-28T12:00:00Z,1.192900,1.203700,1.186700,1.198500,2762258
2025-02-28T13:00:00Z,1.198400,1.245300,1.195200,1.233000,6350872
2025-02-28T14:00:00Z,1.233100,1.263600,1.230300,1.244400,5526213
2025-02-28T15:00:00Z,1.244400,1.285800,1.243700,1.272600,4310127
2025-02-28T16:00:00Z,1.272600,1.281500,1.257300,1.259400,3193154
2025-02-28T17:00:00Z,1.259300,1.268000,1.247100,1.251200,2989772
2025-02-28T18:00:00Z,1.251200,1.270600,1.243600,1.256600,4643152
2025-02-28T19:00:00Z,1.256600,1.271400,1.252000,1.263500,3048604
2025-02-28T20:00:00Z,1.263400,1.270000,1.245000,1.264600,3676201
2025-02-28T21:00:00Z,1.264400,1.279900,1.258700,1.272900,2389644
2025-02-28T22:00:00Z,1.272900,1.277000,1.254300,1.259600,2105010
2025-02-28T23:00:00Z,1.259700,1.273600,1.258000,1.270000,1254261
2025-03-01T00:00:00Z,1.270100,1.270300,1.243500,1.245800,2077317
2025-03-01T01:00:00Z,1.245900,1.281200,1.243500,1.273500,2160222
2025-03-01T02:00:00Z,1.273500,1.281200,1.263600,1.273300,2456619
2025-03-01T03:00:00Z,1.273000,1.276800,1.261300,1.264800,2208698
2025-03-01T04:00:00Z,1.264700,1.276200,1.262500,1.265000,2472135
2025-03-01T05:00:00Z,1.265100,1.265100,1.247800,1.251300,1824535
2025-03-01T06:00:00Z,1.251400,1.252400,1.232700,1.237600,3546216
2025-03-01T07:00:00Z,1.237700,1.238700,1.223800,1.233400,2537855
2025-03-01T08:00:00Z,1.233400,1.240700,1.227900,1.233100,2062109
2025-03-01T09:00:00Z,1.233200,1.238200,1.218300,1.227900,2700566
2025-03-01T10:00:00Z,1.228000,1.228900,1.204800,1.210700,3651081
2025-03-01T11:00:00Z,1.210700,1.212100,1.196800,1.206100,2965409
2025-03-01T12:00:00Z,1.206000,1.214200,1.198400,1.208100,2556317
2025-03-01T13:00:00Z,1.208100,1.214100,1.184600,1.193200,3351146
2025-03-01T14:00:00Z,1.193200,1.213800,1.189800,1.207100,2294678
2025-03-01T15:00:00Z,1.207200,1.224000,1.202200,1.221200,3541932
2025-03-01T16:00:00Z,1.221200,1.243100,1.216700,1.242700,2421074
2025-03-01T17:00:00Z,1.242700,1.243000,1.229600,1.234800,2520452
2025-03-01T18:00:00Z,1.234700,1.254700,1.229600,1.249600,2471462
2025-03-01T19:00:00Z,1.249700,1.262600,1.247400,1.253700,2354854
2025-03-01T20:00:00Z,1.253700,1.261000,1.245100,1.259400,1645512
2025-03-01T21:00:00Z,1.259300,1.264000,1.250000,1.261700,1921012
2025-03-01T22:00:00Z,1.261900,1.262600,1.248300,1.253600,2099295
2025-03-01T23:00:00Z,1.253600,1.256700,1.242700,1.249200,1792947
2025-03-02T00:00:00Z,1.249200,1.249800,1.235400,1.242200,2276664
2025-03-02T01:00:00Z,1.242300,1.246100,1.234800,1.245200,1332496
2025-03-02T02:00:00Z,1.245300,1.253500,1.236900,1.241400,1658984
2025-03-02T03:00:00Z,1.241400,1.246100,1.235800,1.237700,899057
2025-03-02T04:00:00Z,1.237700,1.249400,1.236400,1.243100,1502614
2025-03-02T05:00:00Z,1.243000,1.253800,1.239600,1.246700,1241975
2025-03-02T06:00:00Z,1.246800,1.256000,1.233300,1.246300,1910450
2025-03-02T07:00:00Z,1.246400,1.247100,1.220600,1.228600,2280323
2025-03-02T08:00:00Z,1.228500,1.237100,1.226000,1.232700,1536069
2025-03-02T09:00:00Z,1.232700,1.250100,1.229500,1.241800,2518429
2025-03-02T10:00:00Z,1.241900,1.249700,1.235200,1.244700,2183010
2025-03-02T11:00:00Z,1.244600,1.244600,1.228000,1.230200,1454300
2025-03-02T12:00:00Z,1.230500,1.236700,1.226400,1.232600,1473755
2025-03-02T13:00:00Z,1.232700,1.237900,1.220400,1.224500,2550672
2025-03-02T14:00:00Z,1.224400,1.227800,1.207600,1.212600,2782213
2025-03-02T15:00:00Z,1.212700,1.279500,1.209100,1.246200,10474302
2025-03-02T16:00:00Z,1.246300,1.382900,1.233900,1.348200,21860228
2025-03-02T17:00:00Z,1.348200,1.401600,1.323200,1.361400,13418317
2025-03-02T18:00:00Z,1.361400,1.368500,1.326300,1.344000,5570373
2025-03-02T19:00:00Z,1.344100,1.377200,1.344100,1.373300,2921049
2025-03-02T20:00:00Z,1.373300,1.379400,1.358500,1.368700,2695593
2025-03-02T21:00:00Z,1.368700,1.377500,1.358100,1.372200,2358657
2025-03-02T22:00:00Z,1.372100,1.389900,1.361200,1.383000,2278110
2025-03-02T23:00:00Z,1.382900,1.391800,1.367000,1.374200,2797390
2025-03-03T00:00:00Z,1.374200,1.377400,1.331400,1.332800,3470908
2025-03-03T01:00:00Z,1.332700,1.344000,1.313600,1.339800,4350881
2025-03-03T02:00:00Z,1.339800,1.354100,1.324500,1.338600,5010270
2025-03-03T03:00:00Z,1.338400,1.343800,1.323600,1.341700,1592864
2025-03-03T04:00:00Z,1.341700,1.354400,1.335500,1.348300,1661004
2025-03-03T05:00:00Z,1.348200,1.353300,1.339000,1.346700,1046624
2025-03-03T06:00:00Z,1.346700,1.350400,1.280500,1.295700,4972611
2025-03-03T07:00:00Z,1.295700,1.314500,1.284500,1.311900,3017976
2025-03-03T08:00:00Z,1.312100,1.317000,1.275400,1.285700,2934768
2025-03-03T09:00:00Z,1.285800,1.296700,1.266600,1.291000,3152136
2025-03-03T10:00:00Z,1.291000,1.304900,1.286300,1.297300,1477831
2025-03-03T11:00:00Z,1.297300,1.308900,1.281200,1.297700,4434580
2025-03-03T12:00:00Z,1.297500,1.315700,1.288000,1.308200,3072384
2025-03-03T13:00:00Z,1.308200,1.325900,1.306300,1.312600,2184144
2025-03-03T14:00:00Z,1.312600,1.314600,1.253700,1.256600,5500792
2025-03-03T15:00:00Z,1.256700,1.277200,1.250000,1.251200,5730045
2025-03-03T16:00:00Z,1.251200,1.260600,1.234500,1.246600,3299622
2025-03-03T17:00:00Z,1.246400,1.257000,1.237000,1.239600,1856042
2025-03-03T18:00:00Z,1.239600,1.241900,1.174100,1.174800,8854979
2025-03-03T19:00:00Z,1.174800,1.183200,1.113000,1.123200,12252217
2025-03-03T20:00:00Z,1.123300,1.138700,1.107600,1.117400,5859003
2025-03-03T21:00:00Z,1.117500,1.135200,1.094700,1.100600,3550229
2025-03-03T22:00:00Z,1.100700,1.128400,1.100500,1.121600,2757119
2025-03-03T23:00:00Z,1.121500,1.121600,1.097200,1.100200,3562565
2025-03-04T00:00:00Z,1.100100,1.112000,1.078800,1.081200,3675144
2025-03-04T01:00:00Z,1.081200,1.086100,1.013200,1.024500,15383734
2025-03-04T02:00:00Z,1.024600,1.035800,0.993500,1.026400,10176730
2025-03-04T03:00:00Z,1.026500,1.059400,1.019800,1.042200,3765117
2025-03-04T04:00:00Z,1.042300,1.068400,1.039100,1.055000,4979073
2025-03-04T05:00:00Z,1.055200,1.078900,1.049200,1.058100,3943987
2025-03-04T06:00:00Z,1.058100,1.072500,1.054000,1.064300,2426806
2025-03-04T07:00:00Z,1.064300,1.070100,1.056700,1.063700,1835746
2025-03-04T08:00:00Z,1.063800,1.078300,1.055800,1.072500,2551113
2025-03-04T09:00:00Z,1.072500,1.073400,1.046700,1.046900,2515889
2025-03-04T10:00:00Z,1.046900,1.061400,1.039900,1.055000,2720200
2025-03-04T11:00:00Z,1.055000,1.066700,1.051000,1.051800,2556176
2025-03-04T12:00:00Z,1.051800,1.061300,1.038800,1.050000,3664425
2025-03-04T13:00:00Z,1.049800,1.049900,1.015200,1.020600,5625714
2025-03-04T14:00:00Z,1.020700,1.083100,1.017300,1.029900,12895147
2025-03-04T15:00:00Z,1.029900,1.045000,0.999500,1.035100,10114185
2025-03-04T16:00:00Z,1.035000,1.041400,0.962000,1.013600,12932805
2025-03-04T17:00:00Z,1.013500,1.066700,1.013100,1.057600,6684235
2025-03-04T18:00:00Z,1.057500,1.084200,1.053100,1.077700,5017084
2025-03-04T19:00:00Z,1.077700,1.086600,1.069300,1.083600,3420471
2025-03-04T20:00:00Z,1.083600,1.090000,1.062300,1.063800,3422450
2025-03-04T21:00:00Z,1.063900,1.111000,1.057500,1.094600,5045952
2025-03-04T22:00:00Z,1.094600,1.103100,1.079600,1.079800,2028415
2025-03-04T23:00:00Z,1.079700,1.090900,1.075200,1.082100,1860690
2025-03-05T00:00:00Z,1.082100,1.095400,1.077700,1.087200,2664399
2025-03-05T01:00:00Z,1.087300,1.105200,1.077400,1.103100,2590395
2025-03-05T02:00:00Z,1.103100,1.114600,1.088400,1.100400,2683356
2025-03-05T03:00:00Z,1.100300,1.104800,1.081100,1.081600,1768338
2025-03-05T04:00:00Z,1.081800,1.100700,1.081300,1.099600,1936861
2025-03-05T05:00:00Z,1.099600,1.112300,1.096800,1.109100,2070869
2025-03-05T06:00:00Z,1.109100,1.122600,1.102600,1.117200,2545277
2025-03-05T07:00:00Z,1.117200,1.150900,1.116600,1.143000,5554453
2025-03-05T08:00:00Z,1.143100,1.159900,1.139000,1.143200,3803398
2025-03-05T09:00:00Z,1.143100,1.166600,1.138300,1.158200,3550798
2025-03-05T10:00:00Z,1.158100,1.179000,1.155700,1.158300,3889455
2025-03-05T11:00:00Z,1.158300,1.166200,1.150800,1.159300,2764144
2025-03-05T12:00:00Z,1.159200,1.163100,1.145200,1.152600,2327326
2025-03-05T13:00:00Z,1.152600,1.164300,1.141400,1.147800,4104029
2025-03-05T14:00:00Z,1.147700,1.150500,1.122000,1.131000,5134436
2025-03-05T15:00:00Z,1.131000,1.152100,1.131000,1.139500,4109614
2025-03-05T16:00:00Z,1.139400,1.145000,1.122800,1.139000,3093011
2025-03-05T17:00:00Z,1.138900,1.159700,1.136000,1.149900,2822433
2025-03-05T18:00:00Z,1.149800,1.174300,1.147600,1.171100,2772061
2025-03-05T19:00:00Z,1.170900,1.185600,1.163600,1.169100,2545024
2025-03-05T20:00:00Z,1.169100,1.182600,1.169100,1.177200,1940965
2025-03-05T21:00:00Z,1.177200,1.178800,1.167200,1.172100,1251619
2025-03-05T22:00:00Z,1.172200,1.182800,1.171400,1.179900,1242151
2025-03-05T23:00:00Z,1.180000,1.186100,1.174300,1.176300,1686329
2025-03-06T00:00:00Z,1.176300,1.183100,1.171000,1.175500,2390355
2025-03-06T01:00:00Z,1.175500,1.201400,1.166700,1.183800,2762451
2025-03-06T02:00:00Z,1.183800,1.207900,1.180300,1.201600,2961060
2025-03-06T03:00:00Z,1.201700,1.209900,1.191000,1.207300,2148583
2025-03-06T04:00:00Z,1.207200,1.219000,1.191700,1.215400,2889922
2025-03-06T05:00:00Z,1.215300,1.229300,1.204300,1.223800,2865201
2025-03-06T06:00:00Z,1.223900,1.226000,1.200400,1.201200,2206057
2025-03-06T07:00:00Z,1.201300,1.205000,1.185900,1.190900,2451059
2025-03-06T08:00:00Z,1.190900,1.205000,1.181500,1.197400,3103566
2025-03-06T09:00:00Z,1.197300,1.207200,1.190300,1.199000,2509074
2025-03-06T10:00:00Z,1.199100,1.226200,1.198900,1.211200,3473443
2025-03-06T11:00:00Z,1.211100,1.219700,1.204000,1.208600,1697592
2025-03-06T12:00:00Z,1.208700,1.211800,1.184300,1.189800,2856208
2025-03-06T13:00:00Z,1.190000,1.193700,1.181800,1.186100,2528764
2025-03-06T14:00:00Z,1.186100,1.198600,1.168900,1.180000,4510143
2025-03-06T15:00:00Z,1.180000,1.208300,1.178800,1.196100,3173831
2025-03-06T16:00:00Z,1.196100,1.197200,1.156900,1.158200,3349085
2025-03-06T17:00:00Z,1.158200,1.163700,1.146600,1.155500,3777868
2025-03-06T18:00:00Z,1.155400,1.159700,1.148300,1.156300,1460627
2025-03-06T19:00:00Z,1.156200,1.164800,1.147600,1.157800,1977043
2025-03-06T20:00:00Z,1.157700,1.167600,1.155400,1.162100,1494008
2025-03-06T21:00:00Z,1.162000,1.177700,1.158200,1.163100,2377586
2025-03-06T22:00:00Z,1.163200,1.173200,1.151900,1.155000,3019180
2025-03-06T23:00:00Z,1.155000,1.162200,1.145800,1.147800,2254814
2025-03-07T00:00:00Z,1.147900,1.163200,1.100400,1.107100,8775767
2025-03-07T01:00:00Z,1.107100,1.154800,1.102100,1.141700,4910309
2025-03-07T02:00:00Z,1.141800,1.148200,1.133600,1.133900,2083584
2025-03-07T03:00:00Z,1.134000,1.139500,1.125700,1.126700,1349955
2025-03-07T04:00:00Z,1.126600,1.139900,1.124800,1.132300,1481041
2025-03-07T05:00:00Z,1.132300,1.144800,1.128000,1.141700,2306388
2025-03-07T06:00:00Z,1.141700,1.155300,1.135000,1.153100,2081591
2025-03-07T07:00:00Z,1.152900,1.165900,1.149000,1.163900,2758258
2025-03-07T08:00:00Z,1.163800,1.174000,1.146800,1.149600,3338457
2025-03-07T09:00:00Z,1.149400,1.155700,1.136800,1.137400,2764537
2025-03-07T10:00:00Z,1.137400,1.141800,1.128800,1.139100,2097719
2025-03-07T11:00:00Z,1.139100,1.141300,1.128700,1.135300,1465465
2025-03-07T12:00:00Z,1.135200,1.137500,1.114300,1.118100,2493209
2025-03-07T13:00:00Z,1.118000,1.148600,1.103000,1.105600,6555680
2025-03-07T14:00:00Z,1.105700,1.131700,1.090800,1.122800,6517351
2025-03-07T15:00:00Z,1.122700,1.126800,1.099300,1.110600,4275874
2025-03-07T16:00:00Z,1.110500,1.131600,1.084900,1.091300,8066271
2025-03-07T17:00:00Z,1.091300,1.115300,1.082900,1.105100,3278419
2025-03-07T18:00:00Z,1.105100,1.131900,1.101900,1.125000,3472898
2025-03-07T19:00:00Z,1.124900,1.126600,1.104500,1.110000,2430535
2025-03-07T20:00:00Z,1.109900,1.117500,1.097000,1.103900,2745729
2025-03-07T21:00:00Z,1.103800,1.106200,1.077600,1.083300,4066695
2025-03-07T22:00:00Z,1.083300,1.086100,1.061400,1.081000,3253468
2025-03-07T23:00:00Z,1.080900,1.081000,1.061400,1.069000,1831263
2025-03-08T00:00:00Z,1.068900,1.075300,1.063600,1.072600,1703743
2025-03-08T01:00:00Z,1.072700,1.079300,1.051800,1.067200,2471568
2025-03-08T02:00:00Z,1.067100,1.075200,1.064100,1.072400,1146690
2025-03-08T03:00:00Z,1.072500,1.085900,1.060700,1.080400,2177559
2025-03-08T04:00:00Z,1.080500,1.080500,1.070600,1.073600,1030922
2025-03-08T05:00:00Z,1.073700,1.074200,1.061400,1.064300,1085437
2025-03-08T06:00:00Z,1.064300,1.067600,1.059700,1.062300,935587
2025-03-08T07:00:00Z,1.062200,1.070200,1.055700,1.059400,1282674
2025-03-08T08:00:00Z,1.059500,1.062000,1.048000,1.050500,1703052
2025-03-08T09:00:00Z,1.050600,1.054600,1.040500,1.044100,1968101
2025-03-08T10:00:00Z,1.044000,1.053800,1.044000,1.049100,1685150
2025-03-08T11:00:00Z,1.049200,1.049300,1.032200,1.040300,1896680
2025-03-08T12:00:00Z,1.040400,1.057600,1.034000,1.049000,3681868
2025-03-08T13:00:00Z,1.049000,1.063000,1.041700,1.061500,4087263
2025-03-08T14:00:00Z,1.061400,1.064400,1.050500,1.052000,1822679
2025-03-08T15:00:00Z,1.051800,1.059000,1.041200,1.054000,1549533
2025-03-08T16:00:00Z,1.054100,1.057800,1.036000,1.056600,1939924
2025-03-08T17:00:00Z,1.056700,1.076000,1.047000,1.063100,3503760
2025-03-08T18:00:00Z,1.063100,1.077200,1.059900,1.074400,1985221
2025-03-08T19:00:00Z,1.074400,1.082000,1.066900,1.080400,2009724
2025-03-08T20:00:00Z,1.080400,1.083200,1.074400,1.077200,1228830
2025-03-08T21:00:00Z,1.077100,1.081600,1.071200,1.072000,1405026
2025-03-08T22:00:00Z,1.072000,1.075500,1.056100,1.068100,1852181
2025-03-08T23:00:00Z,1.068100,1.073000,1.063900,1.069400,805436
2025-03-09T00:00:00Z,1.069400,1.075600,1.064600,1.069900,1134691
2025-03-09T01:00:00Z,1.069900,1.072700,1.056800,1.058000,917508
2025-03-09T02:00:00Z,1.058000,1.058300,1.047600,1.048700,1041636
2025-03-09T03:00:00Z,1.048800,1.057200,1.043600,1.053500,1039853
2025-03-09T04:00:00Z,1.053600,1.062300,1.052400,1.059800,1199726
2025-03-09T05:00:00Z,1.059900,1.063600,1.050400,1.051800,879101
2025-03-09T06:00:00Z,1.051700,1.053200,1.043700,1.049500,932476
2025-03-09T07:00:00Z,1.049500,1.057200,1.046700,1.048900,1107865
2025-03-09T08:00:00Z,1.048900,1.048900,1.039000,1.040200,1307225
2025-03-09T09:00:00Z,1.040200,1.045100,1.035900,1.042100,1429645
2025-03-09T10:00:00Z,1.042000,1.046900,1.013200,1.020000,4311864
2025-03-09T11:00:00Z,1.019900,1.028600,1.017300,1.027400,2152317
2025-03-09T12:00:00Z,1.027300,1.037500,1.018800,1.031500,1651804
2025-03-09T13:00:00Z,1.031500,1.034500,1.004400,1.005900,2203919
2025-03-09T14:00:00Z,1.005600,1.018700,1.003600,1.018000,3074029
2025-03-09T15:00:00Z,1.018100,1.030700,1.018100,1.026100,4400749
2025-03-09T16:00:00Z,1.026000,1.036400,1.013200,1.016500,7054492
2025-03-09T17:00:00Z,1.016500,1.041300,1.010100,1.032100,7655592
2025-03-09T18:00:00Z,1.032100,1.047900,1.019900,1.037400,7090971
2025-03-09T19:00:00Z,1.037400,1.045300,1.027000,1.034800,3254387
2025-03-09T20:00:00Z,1.034800,1.054300,1.029600,1.043300,2874323
2025-03-09T21:00:00Z,1.043100,1.046600,1.007700,1.013300,3397858
2025-03-09T22:00:00Z,1.013300,1.013700,0.988300,0.993800,4743345
2025-03-09T23:00:00Z,0.993900,1.001400,0.981300,0.990300,4679731
2025-03-10T00:00:00Z,0.990400,1.014600,0.975800,1.006300,5097716
2025-03-10T01:00:00Z,1.006400,1.022900,1.004300,1.010100,2469886
2025-03-10T02:00:00Z,1.010100,1.024500,1.000900,1.006500,2621627
2025-03-10T03:00:00Z,1.006500,1.013900,0.993600,1.008300,1552865
2025-03-10T04:00:00Z,1.008200,1.035400,1.006200,1.017400,2757154
2025-03-10T05:00:00Z,1.017300,1.026100,1.014000,1.020100,1778589
2025-03-10T06:00:00Z,1.020100,1.025800,1.009100,1.015000,1716635
2025-03-10T07:00:00Z,1.015100,1.024200,1.003600,1.014400,1842928
2025-03-10T08:00:00Z,1.014500,1.016400,0.997700,1.002300,1863023
2025-03-10T09:00:00Z,1.002200,1.055800,1.001500,1.025500,5314991
2025-03-10T10:00:00Z,1.025600,1.032900,1.013700,1.023400,1965658
2025-03-10T11:00:00Z,1.023500,1.052900,1.016600,1.046200,3564260
2025-03-10T12:00:00Z,1.046400,1.055300,1.027200,1.037200,2726949
2025-03-10T13:00:00Z,1.037100,1.037600,0.988000,0.995200,5483009
2025-03-10T14:00:00Z,0.995100,0.995100,0.945200,0.954700,9126148
2025-03-10T15:00:00Z,0.954800,0.978300,0.948500,0.960000,4524559
2025-03-10T16:00:00Z,0.960200,0.967500,0.951000,0.958900,3029284
2025-03-10T17:00:00Z,0.959000,0.962700,0.908000,0.914900,10287484
2025-03-10T18:00:00Z,0.914800,0.933300,0.869500,0.876300,9536421
2025-03-10T19:00:00Z,0.876400,0.907900,0.869600,0.896300,9061750
2025-03-10T20:00:00Z,0.896400,0.908100,0.886300,0.899300,5530942
2025-03-10T21:00:00Z,0.899000,0.926900,0.897600,0.905900,6687567
2025-03-10T22:00:00Z,0.905700,0.910500,0.892000,0.897900,2544939
2025-03-10T23:00:00Z,0.897900,0.907700,0.891700,0.893600,2183961
2025-03-11T00:00:00Z,0.893600,0.903800,0.813900,0.834200,15619369
2025-03-11T01:00:00Z,0.834200,0.860300,0.809900,0.860100,10656030
2025-03-11T02:00:00Z,0.860000,0.874200,0.857700,0.867300,5116588
2025-03-11T03:00:00Z,0.867400,0.879100,0.855800,0.856500,3025677
2025-03-11T04:00:00Z,0.856500,0.872300,0.854500,0.862600,2798616
2025-03-11T05:00:00Z,0.862700,0.891900,0.862100,0.883400,3575213
2025-03-11T06:00:00Z,0.883600,0.891100,0.876100,0.877300,2690153
2025-03-11T07:00:00Z,0.877300,0.883300,0.868400,0.875100,2465852
2025-03-11T08:00:00Z,0.875100,0.886600,0.870400,0.878600,3770142
2025-03-11T09:00:00Z,0.878600,0.887500,0.876100,0.877900,2416134
2025-03-11T10:00:00Z,0.877900,0.881600,0.872400,0.876500,2153657
2025-03-11T11:00:00Z,0.876500,0.884200,0.865600,0.876100,2776682
2025-03-11T12:00:00Z,0.876000,0.876400,0.855900,0.858000,4970568
2025-03-11T13:00:00Z,0.858100,0.960000,0.847000,0.881600,54534173
2025-03-11T14:00:00Z,0.881500,0.891300,0.843100,0.857700,19105291
2025-03-11T15:00:00Z,0.857600,0.906200,0.854700,0.902700,9972092
2025-03-11T16:00:00Z,0.902800,0.934500,0.891000,0.919000,9166610
2025-03-11T17:00:00Z,0.918900,0.924700,0.892300,0.901800,4549984
2025-03-11T18:00:00Z,0.901700,0.972300,0.901700,0.959600,10846942
2025-03-11T19:00:00Z,0.959600,0.975600,0.950600,0.958000,4760031
2025-03-11T20:00:00Z,0.957900,0.961700,0.932200,0.940700,7262307
2025-03-11T21:00:00Z,0.940700,0.948400,0.935100,0.939000,2475705
2025-03-11T22:00:00Z,0.938800,0.947000,0.933700,0.940100,2504677
2025-03-11T23:00:00Z,0.940100,0.941200,0.918700,0.923900,4076729
2025-03-12T00:00:00Z,0.923900,0.930700,0.910600,0.918100,3243042
2025-03-12T01:00:00Z,0.918300,0.934900,0.917100,0.926800,2442421
2025-03-12T02:00:00Z,0.926900,0.932400,0.900200,0.903800,4338331
2025-03-12T03:00:00Z,0.903700,0.915600,0.888200,0.889700,3580608
2025-03-12T04:00:00Z,0.889700,0.895200,0.884000,0.893900,2685984
2025-03-12T05:00:00Z,0.894000,0.901600,0.888200,0.899200,1957243
2025-03-12T06:00:00Z,0.899100,0.899700,0.889300,0.898000,2202032
2025-03-12T07:00:00Z,0.898100,0.928400,0.896500,0.926800,4825355
2025-03-12T08:00:00Z,0.926800,0.942200,0.915400,0.935200,6932972
2025-03-12T09:00:00Z,0.935300,0.948200,0.915400,0.924500,5943227
2025-03-12T10:00:00Z,0.924400,0.926700,0.906300,0.916200,3243073
2025-03-12T11:00:00Z,0.916300,0.932100,0.915900,0.928700,3127471
2025-03-12T12:00:00Z,0.928700,0.960000,0.925100,0.943400,10328909
2025-03-12T13:00:00Z,0.943400,0.945800,0.906200,0.910700,6535532
2025-03-12T14:00:00Z,0.910600,0.915500,0.888200,0.889000,6842776
2025-03-12T15:00:00Z,0.889100,0.891400,0.871500,0.889200,7635564
2025-03-12T16:00:00Z,0.889200,0.904800,0.887400,0.896900,3003358
2025-03-12T17:00:00Z,0.897000,0.910100,0.892600,0.894700,2496965
2025-03-12T18:00:00Z,0.894800,0.908300,0.892400,0.903700,1961222
2025-03-12T19:00:00Z,0.903700,0.904300,0.885800,0.897300,4717694
2025-03-12T20:00:00Z,0.897300,0.906600,0.895400,0.902500,3959819
2025-03-12T21:00:00Z,0.902500,0.930100,0.902500,0.913200,5290782
2025-03-12T22:00:00Z,0.913200,0.923100,0.913200,0.916700,2163400
2025-03-12T23:00:00Z,0.916700,0.921200,0.911400,0.920100,1435088
2025-03-13T00:00:00Z,0.920200,0.923400,0.910800,0.916800,2287358
2025-03-13T01:00:00Z,0.916800,0.921500,0.909700,0.916200,1630976
2025-03-13T02:00:00Z,0.916300,0.921400,0.901100,0.903200,2467128
2025-03-13T03:00:00Z,0.903200,0.907900,0.896800,0.900000,1937266
2025-03-13T04:00:00Z,0.900000,0.903700,0.885500,0.888700,2508207
2025-03-13T05:00:00Z,0.888800,0.895300,0.881200,0.882800,2381116
2025-03-13T06:00:00Z,0.882900,0.885000,0.874200,0.879900,2632635
2025-03-13T07:00:00Z,0.879900,0.889200,0.878900,0.880700,2156028
2025-03-13T08:00:00Z,0.880600,0.892300,0.871600,0.890500,2748608
2025-03-13T09:00:00Z,0.890400,0.911400,0.889200,0.909000,3484109
2025-03-13T10:00:00Z,0.909000,0.914700,0.900500,0.909600,3434213
2025-03-13T11:00:00Z,0.909600,0.916000,0.904200,0.914500,2775774
2025-03-13T12:00:00Z,0.914500,0.927600,0.897700,0.902000,5013789
2025-03-13T13:00:00Z,0.902000,0.910500,0.880500,0.882500,4025371
2025-03-13T14:00:00Z,0.882500,0.907200,0.878600,0.902700,4484266
2025-03-13T15:00:00Z,0.902700,0.907400,0.889300,0.903500,2988461
2025-03-13T16:00:00Z,0.903600,0.905400,0.880800,0.887000,3063767
2025-03-13T17:00:00Z,0.887000,0.891500,0.861700,0.864900,4841287
2025-03-13T18:00:00Z,0.864800,0.880800,0.862800,0.877100,2724436
2025-03-13T19:00:00Z,0.876900,0.880400,0.860900,0.866900,2939229
2025-03-13T20:00:00Z,0.867000,0.874400,0.863700,0.865800,2015824
2025-03-13T21:00:00Z,0.865700,0.874300,0.861500,0.874300,1600143
2025-03-13T22:00:00Z,0.874300,0.899300,0.873000,0.894900,3238375
2025-03-13T23:00:00Z,0.894900,0.903400,0.893400,0.900000,2797081
2025-03-14T00:00:00Z,0.900300,0.917700,0.898200,0.912600,2704037
2025-03-14T01:00:00Z,0.912700,0.921400,0.904600,0.917100,1697543
2025-03-14T02:00:00Z,0.917100,0.930600,0.916300,0.927400,1973141
2025-03-14T03:00:00Z,0.927400,0.932000,0.923600,0.924900,2334445
2025-03-14T04:00:00Z,0.924900,0.931500,0.923100,0.923400,1495501
2025-03-14T05:00:00Z,0.923400,0.931600,0.919100,0.928200,2383685
2025-03-14T06:00:00Z,0.928200,0.929200,0.921400,0.926200,1345638
2025-03-14T07:00:00Z,0.926000,0.929400,0.918800,0.922700,1645234
2025-03-14T08:00:00Z,0.922500,0.938300,0.921400,0.928200,2633277
2025-03-14T09:00:00Z,0.928300,0.935100,0.925200,0.929000,1586362
2025-03-14T10:00:00Z,0.929200,0.936400,0.926100,0.927400,1760627
2025-03-14T11:00:00Z,0.927400,0.930000,0.923000,0.925300,1471390
2025-03-14T12:00:00Z,0.925300,0.927800,0.916100,0.921200,2192005
2025-03-14T13:00:00Z,0.921200,0.927600,0.910800,0.922000,3741267
2025-03-14T14:00:00Z,0.921900,0.947100,0.911900,0.940000,8450974
2025-03-14T15:00:00Z,0.940100,0.958300,0.940100,0.946200,6464238
2025-03-14T16:00:00Z,0.946200,0.960000,0.943900,0.959300,5094699
2025-03-14T17:00:00Z,0.959200,0.961700,0.941800,0.949700,2203998
2025-03-14T18:00:00Z,0.949800,0.955500,0.942400,0.948700,1384750
2025-03-14T19:00:00Z,0.948700,0.960500,0.946300,0.948800,1285512
2025-03-14T20:00:00Z,0.949000,0.950700,0.941300,0.947600,1492411
2025-03-14T21:00:00Z,0.947700,0.951300,0.941400,0.950600,1194152
2025-03-14T22:00:00Z,0.950500,0.961200,0.950200,0.958800,1433871
2025-03-14T23:00:00Z,0.958800,0.959400,0.949700,0.951400,1529278
2025-03-15T00:00:00Z,0.951400,0.966400,0.949500,0.961400,2460718
2025-03-15T01:00:00Z,0.961400,0.963500,0.946100,0.951300,2161831
2025-03-15T02:00:00Z,0.951200,0.955000,0.943000,0.953500,1370590
2025-03-15T03:00:00Z,0.953600,0.960900,0.952700,0.956700,1179436
2025-03-15T04:00:00Z,0.956700,0.969000,0.953300,0.965500,1659828
2025-03-15T05:00:00Z,0.965500,0.966800,0.957200,0.957300,1505846
2025-03-15T06:00:00Z,0.957400,0.963100,0.954500,0.957200,1074366
2025-03-15T07:00:00Z,0.957100,0.957400,0.945300,0.945600,1602610
2025-03-15T08:00:00Z,0.945700,0.950400,0.940800,0.949900,1510657
2025-03-15T09:00:00Z,0.949800,0.955600,0.944500,0.954000,1322820
2025-03-15T10:00:00Z,0.954000,0.955800,0.949400,0.955000,1255705
2025-03-15T11:00:00Z,0.954900,0.965900,0.951800,0.962700,1567149
2025-03-15T12:00:00Z,0.962800,0.964700,0.953000,0.953600,1640031
2025-03-15T13:00:00Z,0.953500,0.957000,0.943500,0.954600,2255528
2025-03-15T14:00:00Z,0.954600,0.955200,0.945100,0.947700,1202833
2025-03-15T15:00:00Z,0.947700,0.958200,0.947500,0.956800,1387625
2025-03-15T16:00:00Z,0.956900,0.963400,0.952100,0.958700,1436701
2025-03-15T17:00:00Z,0.958800,0.966900,0.956200,0.963600,1592649
2025-03-15T18:00:00Z,0.963500,0.967400,0.955400,0.957000,2047460
2025-03-15T19:00:00Z,0.957000,0.958400,0.951100,0.955800,840365
2025-03-15T20:00:00Z,0.956000,0.969300,0.956000,0.968800,1399527
2025-03-15T21:00:00Z,0.968800,0.978400,0.964300,0.974100,1519774
2025-03-15T22:00:00Z,0.974100,0.975400,0.962400,0.963700,1312560
2025-03-15T23:00:00Z,0.963700,0.964000,0.957600,0.961700,721095
2025-03-16T00:00:00Z,0.961800,0.962400,0.953600,0.954400,1255220
2025-03-16T01:00:00Z,0.954300,0.957500,0.944300,0.944600,1760521
2025-03-16T02:00:00Z,0.944600,0.951300,0.939800,0.944100,1834676
2025-03-16T03:00:00Z,0.944100,0.954500,0.944000,0.951400,798834
2025-03-16T04:00:00Z,0.951400,0.952200,0.943700,0.947000,806400
2025-03-16T05:00:00Z,0.947100,0.957600,0.945700,0.957500,1003232
2025-03-16T06:00:00Z,0.957600,0.963000,0.954900,0.957700,1018330
2025-03-16T07:00:00Z,0.957600,0.959300,0.950400,0.953100,1257522
2025-03-16T08:00:00Z,0.953200,0.954000,0.945000,0.949600,1126259
2025-03-16T09:00:00Z,0.949500,0.950700,0.931400,0.935100,2762711
2025-03-16T10:00:00Z,0.935200,0.938000,0.923400,0.924400,2113607
2025-03-16T11:00:00Z,0.924300,0.926100,0.901900,0.905200,5835577
2025-03-16T12:00:00Z,0.905300,0.916200,0.903100,0.911000,3338121
2025-03-16T13:00:00Z,0.910900,0.923400,0.905300,0.907800,2716286
2025-03-16T14:00:00Z,0.907700,0.918200,0.907500,0.918200,1721193
2025-03-16T15:00:00Z,0.918200,0.921500,0.911300,0.917100,1444127
2025-03-16T16:00:00Z,0.917000,0.943400,0.915000,0.931800,4861077
2025-03-16T17:00:00Z,0.931700,0.937600,0.923200,0.927900,1177194
2025-03-16T18:00:00Z,0.927700,0.930300,0.915800,0.919800,1148333
2025-03-16T19:00:00Z,0.919700,0.920700,0.901700,0.910900,2369391
2025-03-16T20:00:00Z,0.910900,0.922000,0.910000,0.921700,1264191
2025-03-16T21:00:00Z,0.921700,0.922100,0.914400,0.918500,1008294
2025-03-16T22:00:00Z,0.918200,0.921100,0.910000,0.913400,1224546
2025-03-16T23:00:00Z,0.913700,0.924900,0.909100,0.922000,1086589
2025-03-17T00:00:00Z,0.922300,0.939400,0.920400,0.937600,1441784
2025-03-17T01:00:00Z,0.937600,0.951200,0.934700,0.946700,2237617
2025-03-17T02:00:00Z,0.946700,0.956200,0.943700,0.949100,2403390
2025-03-17T03:00:00Z,0.949100,0.954800,0.944900,0.949000,1289360
2025-03-17T04:00:00Z,0.948900,0.952500,0.945000,0.948900,1052167
2025-03-17T05:00:00Z,0.948900,0.949000,0.939900,0.940700,1061442
2025-03-17T06:00:00Z,0.940600,0.948000,0.932700,0.936200,1812505
2025-03-17T07:00:00Z,0.936200,0.949600,0.934800,0.943800,1389145
2025-03-17T08:00:00Z,0.943800,0.951300,0.936800,0.949200,1727608
2025-03-17T09:00:00Z,0.949100,0.960900,0.945200,0.958000,1680281
2025-03-17T10:00:00Z,0.958000,0.961600,0.948800,0.950800,1722247
2025-03-17T11:00:00Z,0.950800,0.961400,0.946800,0.957700,1651123
2025-03-17T12:00:00Z,0.957800,0.971700,0.948300,0.951100,4166977
2025-03-17T13:00:00Z,0.951000,0.958700,0.943400,0.951100,2831893
2025-03-17T14:00:00Z,0.951200,0.970300,0.946900,0.959600,2584617
2025-03-17T15:00:00Z,0.959500,0.969200,0.952200,0.961100,2298702
2025-03-17T16:00:00Z,0.961000,0.967700,0.955200,0.961800,3535593
2025-03-17T17:00:00Z,0.961600,0.969500,0.959000,0.965900,1597059
2025-03-17T18:00:00Z,0.965900,0.987800,0.963200,0.985600,2703025
2025-03-17T19:00:00Z,0.985500,0.997800,0.980100,0.981000,3785264
2025-03-17T20:00:00Z,0.981000,0.981600,0.968000,0.969800,2232310
2025-03-17T21:00:00Z,0.969800,0.978500,0.966800,0.971900,1303091
2025-03-17T22:00:00Z,0.972000,0.975200,0.967600,0.971300,939414
2025-03-17T23:00:00Z,0.971400,0.971500,0.960100,0.961700,1617207
2025-03-18T00:00:00Z,0.961800,0.964300,0.951400,0.954200,1697500
2025-03-18T01:00:00Z,0.954300,0.954500,0.931100,0.934200,2650150
2025-03-18T02:00:00Z,0.934200,0.948400,0.933300,0.942200,2276974
2025-03-18T03:00:00Z,0.942200,0.945700,0.934100,0.937500,1287251
2025-03-18T04:00:00Z,0.937600,0.945200,0.936300,0.942300,1369795
2025-03-18T05:00:00Z,0.942200,0.956100,0.942200,0.955300,1811438
2025-03-18T06:00:00Z,0.955300,0.955800,0.936000,0.941400,1969559
2025-03-18T07:00:00Z,0.941300,0.954400,0.940700,0.945100,2087076
2025-03-18T08:00:00Z,0.945100,0.954700,0.940500,0.944900,1845158
2025-03-18T09:00:00Z,0.944900,0.949300,0.935200,0.936600,1612733
2025-03-18T10:00:00Z,0.936700,0.942900,0.923300,0.927400,3225264
2025-03-18T11:00:00Z,0.927500,0.929200,0.915900,0.918300,2119024
2025-03-18T12:00:00Z,0.918300,0.922800,0.912100,0.914900,2542002
2025-03-18T13:00:00Z,0.915000,0.926300,0.905400,0.908400,4421393
2025-03-18T14:00:00Z,0.908400,0.919100,0.904600,0.912200,3203012
2025-03-18T15:00:00Z,0.912300,0.913800,0.902200,0.906200,1654879
2025-03-18T16:00:00Z,0.906100,0.918300,0.900900,0.907900,2651694
2025-03-18T17:00:00Z,0.907900,0.909700,0.898700,0.899800,1898695
2025-03-18T18:00:00Z,0.899700,0.912000,0.897700,0.909100,1976838
2025-03-18T19:00:00Z,0.909000,0.927200,0.908500,0.926600,2493146
2025-03-18T20:00:00Z,0.926500,0.930900,0.921000,0.929700,2079551
2025-03-18T21:00:00Z,0.929800,0.933600,0.924300,0.925300,1365815
2025-03-18T22:00:00Z,0.925200,0.935700,0.923200,0.934100,1587663
2025-03-18T23:00:00Z,0.934000,0.951600,0.933100,0.949100,2240519
2025-03-19T00:00:00Z,0.949100,0.960700,0.944800,0.958000,2300999
2025-03-19T01:00:00Z,0.957900,0.959000,0.941000,0.941600,1942394
2025-03-19T02:00:00Z,0.941600,0.948600,0.940500,0.945400,937655
2025-03-19T03:00:00Z,0.945400,0.952400,0.940700,0.951900,1097635
2025-03-19T04:00:00Z,0.952000,0.954300,0.946800,0.948000,1541679
2025-03-19T05:00:00Z,0.948200,0.958400,0.943400,0.956900,1370743
2025-03-19T06:00:00Z,0.956900,0.957900,0.949300,0.954000,1576720
2025-03-19T07:00:00Z,0.953900,0.960900,0.949600,0.950000,1565531
2025-03-19T08:00:00Z,0.950000,0.957800,0.949000,0.953600,1125201
2025-03-19T09:00:00Z,0.953900,0.957100,0.948400,0.952400,867607
2025-03-19T10:00:00Z,0.952400,0.977300,0.952400,0.972500,4169594
2025-03-19T11:00:00Z,0.972500,1.045700,0.972200,1.034400,16106051
2025-03-19T12:00:00Z,1.034400,1.035500,1.000600,1.012100,11103014
2025-03-19T13:00:00Z,1.012200,1.048700,1.002800,1.041000,11045159
2025-03-19T14:00:00Z,1.041100,1.050000,1.031100,1.046300,7268462
2025-03-19T15:00:00Z,1.046300,1.063200,1.030500,1.038800,7829136
2025-03-19T16:00:00Z,1.038600,1.045500,1.021100,1.032500,5276754
2025-03-19T17:00:00Z,1.032600,1.033700,1.011600,1.027900,4431233
2025-03-19T18:00:00Z,1.028000,1.045000,1.007100,1.037900,7106265
2025-03-19T19:00:00Z,1.037700,1.043700,1.022800,1.027500,3726493
2025-03-19T20:00:00Z,1.027400,1.042900,1.025600,1.032400,3104901
2025-03-19T21:00:00Z,1.032300,1.042800,1.031500,1.035700,1457315
2025-03-19T22:00:00Z,1.035600,1.042900,1.031300,1.039800,1741330
2025-03-19T23:00:00Z,1.039900,1.042900,1.035400,1.037600,2332054
2025-03-20T00:00:00Z,1.037600,1.043600,1.018500,1.024800,3474557
2025-03-20T01:00:00Z,1.024800,1.030500,1.015300,1.017700,1362574
2025-03-20T02:00:00Z,1.017600,1.021800,1.015700,1.020400,1236543
2025-03-20T03:00:00Z,1.020400,1.022800,1.008100,1.013000,1779593
2025-03-20T04:00:00Z,1.012900,1.018500,1.012700,1.016800,1200340
2025-03-20T05:00:00Z,1.016800,1.020800,1.010800,1.016400,1324056
2025-03-20T06:00:00Z,1.016400,1.025500,1.010500,1.012800,1932560
2025-03-20T07:00:00Z,1.012700,1.013900,1.005700,1.008900,1854859
2025-03-20T08:00:00Z,1.009000,1.016800,1.005700,1.014200,1947656
2025-03-20T09:00:00Z,1.014300,1.015800,1.004200,1.007200,2020339
2025-03-20T10:00:00Z,1.007100,1.007900,0.987200,0.995500,4712334
2025-03-20T11:00:00Z,0.995600,1.003300,0.995300,0.999800,1713869
2025-03-20T12:00:00Z,0.999800,1.008200,0.996600,1.006100,1878131
2025-03-20T13:00:00Z,1.006000,1.006800,0.996800,1.001300,2303503
2025-03-20T14:00:00Z,1.001200,1.022100,1.001000,1.019400,4395391
2025-03-20T15:00:00Z,1.019400,1.020500,0.988900,0.998300,4644934
2025-03-20T16:00:00Z,0.998200,1.007700,0.994400,0.998600,5312657
2025-03-20T17:00:00Z,0.998600,1.016700,0.998500,1.010400,5630025
2025-03-20T18:00:00Z,1.010400,1.020300,1.006700,1.014500,1548210
2025-03-20T19:00:00Z,1.014500,1.020000,1.010600,1.016700,1259629
2025-03-20T20:00:00Z,1.016700,1.018200,1.010000,1.011600,1350564
2025-03-20T21:00:00Z,1.011500,1.020000,1.011500,1.015100,1105138
2025-03-20T22:00:00Z,1.015000,1.018000,1.011100,1.013400,1028058
2025-03-20T23:00:00Z,1.013500,1.019700,1.008300,1.019400,1516513
2025-03-21T00:00:00Z,1.019400,1.028700,1.014900,1.026700,2664882
2025-03-21T01:00:00Z,1.026600,1.029400,1.019700,1.022700,1135847
2025-03-21T02:00:00Z,1.022600,1.022600,1.015400,1.020500,846552
2025-03-21T03:00:00Z,1.020600,1.024400,1.013700,1.014300,2621287
2025-03-21T04:00:00Z,1.014200,1.021100,1.012300,1.018300,1182649
2025-03-21T05:00:00Z,1.018200,1.019900,1.006400,1.011700,1459259
2025-03-21T06:00:00Z,1.011600,1.014200,1.006600,1.013300,984292
2025-03-21T07:00:00Z,1.013300,1.013500,1.005800,1.010600,1078441
2025-03-21T08:00:00Z,1.010700,1.015200,0.999700,1.004200,1625365
2025-03-21T09:00:00Z,1.004100,1.008900,0.996900,0.998300,1264482
2025-03-21T10:00:00Z,0.998400,1.001800,0.987300,0.991800,1872686
2025-03-21T11:00:00Z,0.991800,0.992200,0.978200,0.987400,2394026
2025-03-21T12:00:00Z,0.987400,0.995600,0.980600,0.983700,2739747
2025-03-21T13:00:00Z,0.983700,0.987300,0.975600,0.982900,2284593
2025-03-21T14:00:00Z,0.983000,0.989500,0.974100,0.986000,1489380
2025-03-21T15:00:00Z,0.986000,0.987000,0.977400,0.978600,1040792
2025-03-21T16:00:00Z,0.978600,0.990000,0.974500,0.989500,2138735
2025-03-21T17:00:00Z,0.989400,0.992700,0.983100,0.988400,1131618
2025-03-21T18:00:00Z,0.988300,1.000400,0.985300,0.991500,2733104
2025-03-21T19:00:00Z,0.991500,0.993800,0.986300,0.988800,1180562
2025-03-21T20:00:00Z,0.988700,0.993200,0.987000,0.989200,678076
2025-03-21T21:00:00Z,0.989100,0.998200,0.988100,0.991500,1404780
2025-03-21T22:00:00Z,0.991400,0.992100,0.979300,0.985000,1286100
2025-03-21T23:00:00Z,0.985000,0.991900,0.982700,0.991900,831235
2025-03-22T00:00:00Z,0.991900,1.008500,0.989500,1.007200,1860684
2025-03-22T01:00:00Z,1.007300,1.013100,1.000100,1.001700,1436821
2025-03-22T02:00:00Z,1.001700,1.019300,0.999400,1.017200,1631714
2025-03-22T03:00:00Z,1.017300,1.019500,1.009000,1.017700,1311054
2025-03-22T04:00:00Z,1.017700,1.025200,1.016600,1.022800,1732443
2025-03-22T05:00:00Z,1.022800,1.033900,1.020100,1.032100,1469350
2025-03-22T06:00:00Z,1.032000,1.035000,1.015200,1.018100,5189147
2025-03-22T07:00:00Z,1.018100,1.028800,1.018100,1.024300,1011554
2025-03-22T08:00:00Z,1.024400,1.026500,1.018100,1.018900,1035749
2025-03-22T09:00:00Z,1.019000,1.034300,1.017400,1.030600,1274449
2025-03-22T10:00:00Z,1.030700,1.031500,1.023700,1.026100,815494
2025-03-22T11:00:00Z,1.026100,1.026600,1.015600,1.017300,1382423
2025-03-22T12:00:00Z,1.017300,1.024800,1.016600,1.019200,1307641
2025-03-22T13:00:00Z,1.019200,1.020500,1.010800,1.013600,1230173
2025-03-22T14:00:00Z,1.013600,1.018500,1.010400,1.010800,1134258
2025-03-22T15:00:00Z,1.010800,1.015400,1.009000,1.014400,1072557
2025-03-22T16:00:00Z,1.014400,1.018700,1.010400,1.011700,864359
2025-03-22T17:00:00Z,1.011700,1.018200,1.009000,1.015800,867046
2025-03-22T18:00:00Z,1.015900,1.022900,1.013700,1.020300,908970
2025-03-22T19:00:00Z,1.020400,1.029900,1.019600,1.029700,1052665
2025-03-22T20:00:00Z,1.029800,1.038600,1.027500,1.028100,1400701
2025-03-22T21:00:00Z,1.028200,1.030400,1.014000,1.018700,5899614
2025-03-22T22:00:00Z,1.018700,1.025300,1.017700,1.018900,827740
2025-03-22T23:00:00Z,1.019000,1.020400,1.011100,1.014200,1060081
2025-03-23T00:00:00Z,1.014300,1.024700,1.011200,1.020800,1580198
2025-03-23T01:00:00Z,1.020900,1.028200,1.016900,1.027600,939242
2025-03-23T02:00:00Z,1.027700,1.034300,1.020900,1.033600,1632637
2025-03-23T03:00:00Z,1.033600,1.035500,1.026100,1.035300,1153937
2025-03-23T04:00:00Z,1.035200,1.035600,1.021900,1.022900,1026090
2025-03-23T05:00:00Z,1.022900,1.023700,1.010100,1.016700,1516652
2025-03-23T06:00:00Z,1.016800,1.022600,1.011700,1.020800,856612
2025-03-23T07:00:00Z,1.020700,1.036200,1.019100,1.029000,1526348
2025-03-23T08:00:00Z,1.028900,1.042400,1.027400,1.036800,2048739
2025-03-23T09:00:00Z,1.036800,1.046500,1.036300,1.042900,1403181
2025-03-23T10:00:00Z,1.042800,1.051600,1.040700,1.042000,2054919
2025-03-23T11:00:00Z,1.042000,1.051100,1.037700,1.039400,1749729
2025-03-23T12:00:00Z,1.039500,1.052800,1.039500,1.047700,2081924
2025-03-23T13:00:00Z,1.047600,1.056000,1.045000,1.050900,2073769
2025-03-23T14:00:00Z,1.050800,1.051600,1.024500,1.024900,2661469
2025-03-23T15:00:00Z,1.024700,1.040300,1.020400,1.034600,5806826
2025-03-23T16:00:00Z,1.034500,1.034800,1.022900,1.025500,1489467
2025-03-23T17:00:00Z,1.025400,1.034200,1.018300,1.026300,1744406
2025-03-23T18:00:00Z,1.026200,1.031000,1.020700,1.027300,976626
2025-03-23T19:00:00Z,1.027300,1.032000,1.022900,1.028200,920001
2025-03-23T20:00:00Z,1.028100,1.037900,1.025500,1.027900,996397
2025-03-23T21:00:00Z,1.027800,1.033800,1.020300,1.032800,900003
2025-03-23T22:00:00Z,1.032900,1.039300,1.028900,1.032100,1118648
2025-03-23T23:00:00Z,1.032000,1.039200,1.029000,1.039000,822757
2025-03-24T00:00:00Z,1.039000,1.061700,1.032200,1.037100,4604601
2025-03-24T01:00:00Z,1.037100,1.037100,1.015600,1.016900,2739046
2025-03-24T02:00:00Z,1.017000,1.034500,1.015100,1.032300,2045406
2025-03-24T03:00:00Z,1.032200,1.055800,1.029800,1.044700,2830968
2025-03-24T04:00:00Z,1.044800,1.069200,1.044500,1.061700,3190527
2025-03-24T05:00:00Z,1.061500,1.072400,1.057000,1.060600,2127904
2025-03-24T06:00:00Z,1.060700,1.074600,1.059300,1.066000,3257786
2025-03-24T07:00:00Z,1.066100,1.075000,1.064300,1.065700,2240574
2025-03-24T08:00:00Z,1.065800,1.080000,1.065300,1.075000,2045290
2025-03-24T09:00:00Z,1.075000,1.076400,1.066400,1.072600,1668869
2025-03-24T10:00:00Z,1.072500,1.074700,1.059200,1.065600,2543129
2025-03-24T11:00:00Z,1.065600,1.067500,1.057400,1.059300,1710880
2025-03-24T12:00:00Z,1.059500,1.074100,1.054800,1.069600,2395250
2025-03-24T13:00:00Z,1.069700,1.075500,1.060300,1.064600,1874973
2025-03-24T14:00:00Z,1.064700,1.083700,1.063600,1.064500,3613770
2025-03-24T15:00:00Z,1.064500,1.088900,1.063400,1.084700,2980288
2025-03-24T16:00:00Z,1.084600,1.084800,1.065400,1.072400,1923060
2025-03-24T17:00:00Z,1.072300,1.084800,1.069300,1.080900,1590067
2025-03-24T18:00:00Z,1.080800,1.085800,1.070900,1.085600,1682219
2025-03-24T19:00:00Z,1.085800,1.086900,1.068200,1.073300,1397654
2025-03-24T20:00:00Z,1.073200,1.080900,1.065300,1.070300,1616444
2025-03-24T21:00:00Z,1.070400,1.083200,1.069800,1.073800,1567239
2025-03-24T22:00:00Z,1.073800,1.077300,1.069500,1.072300,1025203
2025-03-24T23:00:00Z,1.072300,1.073500,1.062400,1.072700,1029790
2025-03-25T00:00:00Z,1.072700,1.085500,1.065300,1.074800,1638997
2025-03-25T01:00:00Z,1.074700,1.076200,1.055600,1.062400,1544772
2025-03-25T02:00:00Z,1.062500,1.070300,1.059700,1.065400,767692
2025-03-25T03:00:00Z,1.065500,1.065700,1.047200,1.050000,2362357
2025-03-25T04:00:00Z,1.050000,1.058000,1.046400,1.053000,1914559
2025-03-25T05:00:00Z,1.052900,1.057500,1.048200,1.054400,877966
2025-03-25T06:00:00Z,1.054400,1.064400,1.051900,1.057500,1354138
2025-03-25T07:00:00Z,1.057500,1.063700,1.051600,1.056300,1174058
2025-03-25T08:00:00Z,1.056300,1.068900,1.055800,1.066300,1607275
2025-03-25T09:00:00Z,1.066200,1.073300,1.060100,1.068700,1773371
2025-03-25T10:00:00Z,1.068600,1.070500,1.056000,1.063800,1408378
2025-03-25T11:00:00Z,1.063900,1.099000,1.059300,1.074100,4700646
2025-03-25T12:00:00Z,1.074200,1.081200,1.065500,1.066800,2153117
2025-03-25T13:00:00Z,1.066800,1.077100,1.056300,1.058200,2385393
2025-03-25T14:00:00Z,1.058300,1.073700,1.052200,1.067700,2373811
2025-03-25T15:00:00Z,1.067700,1.072700,1.058700,1.061100,1606340
2025-03-25T16:00:00Z,1.061000,1.063500,1.054700,1.058300,1536623
2025-03-25T17:00:00Z,1.058500,1.070500,1.057900,1.069300,1572422
2025-03-25T18:00:00Z,1.069300,1.070500,1.044800,1.049500,3063071
2025-03-25T19:00:00Z,1.049400,1.066800,1.049400,1.066000,1178473
2025-03-25T20:00:00Z,1.065800,1.069800,1.055700,1.058400,1285426
2025-03-25T21:00:00Z,1.058200,1.067500,1.054500,1.057100,978838
2025-03-25T22:00:00Z,1.057000,1.059600,1.049700,1.055300,835365
2025-03-25T23:00:00Z,1.055400,1.060500,1.049200,1.058900,632254
2025-03-26T00:00:00Z,1.059000,1.072200,1.053300,1.067400,1513486
2025-03-26T01:00:00Z,1.067400,1.075900,1.062500,1.073000,1705276
2025-03-26T02:00:00Z,1.073100,1.074100,1.049100,1.050400,1465430
2025-03-26T03:00:00Z,1.050300,1.054800,1.043100,1.046700,1344848
2025-03-26T04:00:00Z,1.046600,1.051300,1.043700,1.049100,1114139
2025-03-26T05:00:00Z,1.049000,1.062400,1.046400,1.059300,1280206
2025-03-26T06:00:00Z,1.059400,1.078200,1.057700,1.075100,1521711
2025-03-26T07:00:00Z,1.075100,1.087600,1.072300,1.083100,2118676
2025-03-26T08:00:00Z,1.083100,1.086900,1.072500,1.077100,1992407
2025-03-26T09:00:00Z,1.077100,1.079900,1.067600,1.072900,1383804
2025-03-26T10:00:00Z,1.073000,1.082200,1.070800,1.079600,1983037
2025-03-26T11:00:00Z,1.079500,1.082900,1.069600,1.070000,1330098
2025-03-26T12:00:00Z,1.070000,1.075200,1.062300,1.069800,2228843
2025-03-26T13:00:00Z,1.070000,1.070700,1.037000,1.038700,4111307
2025-03-26T14:00:00Z,1.038600,1.048000,1.018800,1.026700,4894856
2025-03-26T15:00:00Z,1.026400,1.034800,1.018900,1.031200,2237404
2025-03-26T16:00:00Z,1.031100,1.040200,1.026300,1.029200,1622242
2025-03-26T17:00:00Z,1.029100,1.033300,1.018300,1.023800,3423165
2025-03-26T18:00:00Z,1.023900,1.029000,1.010500,1.014500,1891229
2025-03-26T19:00:00Z,1.014400,1.023700,1.002900,1.017500,3443317
2025-03-26T20:00:00Z,1.017300,1.032600,1.016900,1.028400,2013485
2025-03-26T21:00:00Z,1.028400,1.032600,1.012200,1.027100,1387618
2025-03-26T22:00:00Z,1.026800,1.027700,1.016600,1.020000,1025417
2025-03-26T23:00:00Z,1.019900,1.024400,1.015500,1.022300,699389
2025-03-27T00:00:00Z,1.022300,1.035200,1.020200,1.033200,1926395
2025-03-27T01:00:00Z,1.033200,1.041900,1.032900,1.040800,1456396
2025-03-27T02:00:00Z,1.040800,1.062800,1.040600,1.060900,2113562
2025-03-27T03:00:00Z,1.061000,1.061700,1.050900,1.053500,1486426
2025-03-27T04:00:00Z,1.053700,1.055100,1.048400,1.052100,749939
2025-03-27T05:00:00Z,1.052000,1.054600,1.047100,1.049200,912163
2025-03-27T06:00:00Z,1.049400,1.061700,1.048000,1.052200,1323531
2025-03-27T07:00:00Z,1.052100,1.056500,1.048100,1.054900,955831
2025-03-27T08:00:00Z,1.054800,1.062300,1.050000,1.055400,1813577
2025-03-27T09:00:00Z,1.055400,1.057500,1.049700,1.051200,921782
2025-03-27T10:00:00Z,1.051300,1.057200,1.039100,1.039700,1714859
2025-03-27T11:00:00Z,1.039700,1.044500,1.025900,1.028900,2469416
2025-03-27T12:00:00Z,1.028800,1.041900,1.024500,1.033000,1819431
2025-03-27T13:00:00Z,1.032900,1.037000,1.013900,1.028800,3855976
2025-03-27T14:00:00Z,1.028700,1.041900,1.022100,1.035300,2532126
2025-03-27T15:00:00Z,1.035300,1.041800,1.024500,1.029000,2573079
2025-03-27T16:00:00Z,1.028700,1.033200,1.019400,1.020600,1222323
2025-03-27T17:00:00Z,1.020600,1.023100,1.011700,1.013500,2423807
2025-03-27T18:00:00Z,1.013600,1.025000,1.012100,1.020400,1641102
2025-03-27T19:00:00Z,1.020300,1.024700,1.014400,1.016500,1515391
2025-03-27T20:00:00Z,1.016500,1.025400,1.013200,1.020000,1272538
2025-03-27T21:00:00Z,1.020100,1.034800,1.019700,1.030100,1388147
2025-03-27T22:00:00Z,1.030200,1.030600,1.022300,1.023000,772217
2025-03-27T23:00:00Z,1.023000,1.023400,1.013700,1.014000,1071746
2025-03-28T00:00:00Z,1.013900,1.020100,1.006100,1.018200,1910988
2025-03-28T01:00:00Z,1.018300,1.027200,1.013400,1.020200,941634
2025-03-28T02:00:00Z,1.020200,1.029500,1.017800,1.021200,974222
2025-03-28T03:00:00Z,1.021300,1.023200,1.008700,1.014000,1235344
2025-03-28T04:00:00Z,1.013800,1.016600,0.963000,0.983000,7411183
2025-03-28T05:00:00Z,0.983100,0.983100,0.956400,0.960200,3869935
2025-03-28T06:00:00Z,0.960100,0.968300,0.945300,0.951200,3291068
2025-03-28T07:00:00Z,0.951400,0.956300,0.945200,0.947700,2193379
2025-03-28T08:00:00Z,0.947400,0.956700,0.946500,0.953600,1908811
2025-03-28T09:00:00Z,0.953600,0.956000,0.946900,0.949700,1652033
2025-03-28T10:00:00Z,0.949800,0.952800,0.935700,0.939600,2825919
2025-03-28T11:00:00Z,0.939700,0.940700,0.919600,0.935800,4072854
2025-03-28T12:00:00Z,0.935700,0.938900,0.920300,0.921500,3018211
2025-03-28T13:00:00Z,0.921400,0.932600,0.917000,0.920000,2435532
2025-03-28T14:00:00Z,0.919900,0.930900,0.915200,0.921900,3207007
2025-03-28T15:00:00Z,0.922000,0.928200,0.919700,0.920400,1578432
2025-03-28T16:00:00Z,0.920300,0.924000,0.906900,0.911300,2987539
2025-03-28T17:00:00Z,0.911200,0.918900,0.908900,0.915600,1869436
2025-03-28T18:00:00Z,0.915400,0.918000,0.908100,0.915100,1519499
2025-03-28T19:00:00Z,0.915100,0.918900,0.908200,0.911700,1067174
2025-03-28T20:00:00Z,0.911700,0.920100,0.907400,0.908800,1436646
2025-03-28T21:00:00Z,0.908900,0.917000,0.905300,0.913700,1159164
2025-03-28T22:00:00Z,0.913700,0.930400,0.913300,0.929500,2032183
2025-03-28T23:00:00Z,0.929400,0.930000,0.920600,0.927800,1442092
2025-03-29T00:00:00Z,0.927700,0.942200,0.926600,0.933400,2273011
2025-03-29T01:00:00Z,0.933500,0.955300,0.932100,0.947500,3229187
2025-03-29T02:00:00Z,0.947500,0.955300,0.929800,0.930400,3591515
2025-03-29T03:00:00Z,0.930500,0.945100,0.921300,0.942800,2713358
2025-03-29T04:00:00Z,0.942800,0.945600,0.922300,0.922300,4346728
2025-03-29T05:00:00Z,0.922200,0.924000,0.915400,0.917200,1275866
2025-03-29T06:00:00Z,0.917200,0.918100,0.903100,0.904800,2416770
2025-03-29T07:00:00Z,0.904800,0.907100,0.887200,0.891600,3429347
2025-03-29T08:00:00Z,0.891900,0.901200,0.888700,0.898900,2777002
2025-03-29T09:00:00Z,0.898800,0.900200,0.878200,0.894100,3340340
2025-03-29T10:00:00Z,0.894100,0.897800,0.886900,0.888100,1448413
2025-03-29T11:00:00Z,0.888000,0.888300,0.873200,0.880200,3659887
2025-03-29T12:00:00Z,0.880300,0.893500,0.876400,0.887600,2061507
2025-03-29T13:00:00Z,0.887500,0.898300,0.887100,0.894000,2830302
2025-03-29T14:00:00Z,0.894200,0.894300,0.880900,0.883100,1658885
2025-03-29T15:00:00Z,0.883200,0.888700,0.878100,0.880600,1299199
2025-03-29T16:00:00Z,0.880700,0.882800,0.867300,0.869700,2554144
2025-03-29T17:00:00Z,0.869500,0.877100,0.854400,0.870200,4532559
2025-03-29T18:00:00Z,0.870000,0.876900,0.866200,0.873400,1409346
2025-03-29T19:00:00Z,0.873500,0.875900,0.865900,0.875900,1167319
2025-03-29T20:00:00Z,0.875800,0.876500,0.864300,0.865900,1331862
2025-03-29T21:00:00Z,0.865700,0.872200,0.861800,0.867600,1225359
2025-03-29T22:00:00Z,0.867700,0.871100,0.864200,0.867800,780655
2025-03-29T23:00:00Z,0.867800,0.875100,0.863700,0.872900,1041019
2025-03-30T00:00:00Z,0.872900,0.876200,0.862100,0.872100,1449379
2025-03-30T01:00:00Z,0.872000,0.883500,0.871600,0.876700,1882854
2025-03-30T02:00:00Z,0.876800,0.882200,0.873800,0.877800,1873452
2025-03-30T03:00:00Z,0.877800,0.881700,0.867300,0.868700,1678333
2025-03-30T04:00:00Z,0.868700,0.882600,0.868600,0.878800,1614172
2025-03-30T05:00:00Z,0.878700,0.879500,0.870400,0.871400,1351232
2025-03-30T06:00:00Z,0.871500,0.877700,0.865700,0.873400,1325653
2025-03-30T07:00:00Z,0.873300,0.877400,0.866200,0.867800,1346901
2025-03-30T08:00:00Z,0.867700,0.876800,0.867700,0.874900,1294775
2025-03-30T09:00:00Z,0.875000,0.880800,0.872400,0.875700,1275265
2025-03-30T10:00:00Z,0.875600,0.878100,0.861500,0.864900,1664345
2025-03-30T11:00:00Z,0.864800,0.873700,0.863700,0.867900,2493335
2025-03-30T12:00:00Z,0.868000,0.871800,0.864300,0.868400,1070804
2025-03-30T13:00:00Z,0.868400,0.871700,0.848300,0.854600,3709370
2025-03-30T14:00:00Z,0.854500,0.867700,0.850900,0.865000,1843944
2025-03-30T15:00:00Z,0.865100,0.874100,0.863500,0.864600,1502585
2025-03-30T16:00:00Z,0.864600,0.867000,0.845700,0.851000,3037234
2025-03-30T17:00:00Z,0.850800,0.860500,0.846900,0.859400,1743208
2025-03-30T18:00:00Z,0.859600,0.871900,0.859600,0.871800,2190082
2025-03-30T19:00:00Z,0.871600,0.876500,0.867400,0.868500,1262107
2025-03-30T20:00:00Z,0.868700,0.873000,0.863500,0.865100,976934
2025-03-30T21:00:00Z,0.865200,0.870000,0.856100,0.859600,789760
2025-03-30T22:00:00Z,0.859600,0.868100,0.841600,0.863200,3240618
2025-03-30T23:00:00Z,0.863000,0.864400,0.852000,0.857800,1360028
2025-03-31T00:00:00Z,0.857900,0.863400,0.836800,0.844900,2707401
2025-03-31T01:00:00Z,0.845000,0.867200,0.843700,0.863100,2132782
2025-03-31T02:00:00Z,0.863100,0.864700,0.854200,0.857100,1693951
2025-03-31T03:00:00Z,0.857000,0.861100,0.846700,0.848400,1334257
2025-03-31T04:00:00Z,0.848500,0.860900,0.845200,0.856700,6488727
2025-03-31T05:00:00Z,0.856800,0.866200,0.856200,0.860200,1164637
2025-03-31T06:00:00Z,0.860200,0.863600,0.853600,0.856300,1300871
2025-03-31T07:00:00Z,0.856200,0.861000,0.843300,0.848700,1721107
2025-03-31T08:00:00Z,0.848800,0.859500,0.848300,0.853400,1884512
2025-03-31T09:00:00Z,0.853500,0.860100,0.840900,0.846500,3351560
2025-03-31T10:00:00Z,0.846600,0.860300,0.838900,0.856900,3179411
2025-03-31T11:00:00Z,0.857100,0.863000,0.850400,0.859200,1573589
2025-03-31T12:00:00Z,0.859200,0.878600,0.854600,0.870600,2977087
2025-03-31T13:00:00Z,0.870700,0.872500,0.840300,0.854600,4185374
2025-03-31T14:00:00Z,0.855000,0.875000,0.855000,0.870500,3469536
2025-03-31T15:00:00Z,0.870200,0.877300,0.864700,0.865700,2491615
2025-03-31T16:00:00Z,0.865800,0.872300,0.859100,0.865800,2108827
2025-03-31T17:00:00Z,0.865500,0.872900,0.852600,0.858100,1770115
2025-03-31T18:00:00Z,0.858200,0.875000,0.858200,0.870200,1843197
2025-03-31T19:00:00Z,0.870100,0.876000,0.863000,0.864900,1298625
2025-03-31T20:00:00Z,0.864600,0.873100,0.861600,0.863900,1206958
2025-03-31T21:00:00Z,0.863900,0.871100,0.863700,0.866400,839147
2025-03-31T22:00:00Z,0.866400,0.874800,0.865800,0.874400,1433311
2025-03-31T23:00:00Z,0.874600,0.881400,0.870800,0.873000,2287949
2025-04-01T00:00:00Z,0.872900,0.886000,0.869800,0.882800,2509856
2025-04-01T01:00:00Z,0.882700,0.884200,0.870200,0.874000,1614328
2025-04-01T02:00:00Z,0.873900,0.892300,0.872000,0.890100,2146955
2025-04-01T03:00:00Z,0.890000,0.895000,0.885100,0.887200,1478736
2025-04-01T04:00:00Z,0.887200,0.889200,0.882900,0.884200,955594
2025-04-01T05:00:00Z,0.884200,0.896100,0.883900,0.888500,1939342
2025-04-01T06:00:00Z,0.888600,0.900500,0.886700,0.896600,1721307
2025-04-01T07:00:00Z,0.896600,0.901000,0.891700,0.897500,1737482
2025-04-01T08:00:00Z,0.897600,0.914300,0.895700,0.909700,2673432
2025-04-01T09:00:00Z,0.909700,0.917500,0.907800,0.914900,2197506
2025-04-01T10:00:00Z,0.914700,0.915900,0.890000,0.892000,3155755
2025-04-01T11:00:00Z,0.892000,0.895200,0.883800,0.888700,2773379
2025-04-01T12:00:00Z,0.888700,0.896000,0.887600,0.889400,1582275
2025-04-01T13:00:00Z,0.889400,0.898500,0.883600,0.893600,2474966
2025-04-01T14:00:00Z,0.893400,0.901300,0.874200,0.896500,3379744
2025-04-01T15:00:00Z,0.896700,0.919400,0.896500,0.909100,3891750
2025-04-01T16:00:00Z,0.909200,0.914100,0.897400,0.901700,2288109
2025-04-01T17:00:00Z,0.901800,0.910500,0.899600,0.901000,1545662
2025-04-01T18:00:00Z,0.901100,0.901200,0.890200,0.894900,1255548
2025-04-01T19:00:00Z,0.894800,0.899800,0.890100,0.899100,954733
2025-04-01T20:00:00Z,0.899100,0.902100,0.893300,0.900100,1471515
2025-04-01T21:00:00Z,0.900100,0.906500,0.896300,0.897800,1038116
2025-04-01T22:00:00Z,0.897900,0.905200,0.896700,0.899300,1152104
2025-04-01T23:00:00Z,0.899500,0.905600,0.893100,0.898800,1159640
2025-04-02T00:00:00Z,0.898800,0.899800,0.882900,0.884800,1871795
2025-04-02T01:00:00Z,0.884900,0.892700,0.878300,0.885300,1692543
2025-04-02T02:00:00Z,0.885400,0.887200,0.867100,0.876500,2216825
2025-04-02T03:00:00Z,0.876500,0.886900,0.875900,0.878500,1322600
2025-04-02T04:00:00Z,0.878500,0.882400,0.870500,0.874500,1172169
2025-04-02T05:00:00Z,0.874600,0.874800,0.854100,0.856800,2461518
2025-04-02T06:00:00Z,0.856900,0.867100,0.855100,0.859400,1776655
2025-04-02T07:00:00Z,0.859400,0.871000,0.857600,0.864500,1635471
2025-04-02T08:00:00Z,0.864800,0.872700,0.859400,0.867700,1352576
2025-04-02T09:00:00Z,0.867700,0.881100,0.866300,0.879100,1842727
2025-04-02T10:00:00Z,0.879100,0.883100,0.870200,0.871800,1416339
2025-04-02T11:00:00Z,0.871800,0.874000,0.866800,0.867400,990872
2025-04-02T12:00:00Z,0.867500,0.874100,0.860200,0.872100,1950713
2025-04-02T13:00:00Z,0.872100,0.881500,0.858400,0.870700,3320208
2025-04-02T14:00:00Z,0.870600,0.876000,0.861300,0.871900,2006465
2025-04-02T15:00:00Z,0.871800,0.897600,0.869600,0.887500,5754787
2025-04-02T16:00:00Z,0.887400,0.893300,0.880500,0.882100,2098988
2025-04-02T17:00:00Z,0.882200,0.887300,0.866500,0.872000,2335882
2025-04-02T18:00:00Z,0.872000,0.882500,0.868800,0.879200,1884577
2025-04-02T19:00:00Z,0.879200,0.885800,0.876400,0.883200,1315988
2025-04-02T20:00:00Z,0.883400,0.905900,0.855300,0.866900,10954671
2025-04-02T21:00:00Z,0.866900,0.867500,0.845300,0.850200,3583520
2025-04-02T22:00:00Z,0.850200,0.850200,0.805300,0.809300,7848300
2025-04-02T23:00:00Z,0.809200,0.818600,0.803500,0.810000,3454832
2025-04-03T00:00:00Z,0.810000,0.831900,0.807900,0.830500,3008324
2025-04-03T01:00:00Z,0.830600,0.838300,0.826800,0.835000,1802910
2025-04-03T02:00:00Z,0.834900,0.845800,0.832900,0.845500,1922935
2025-04-03T03:00:00Z,0.845600,0.845700,0.836600,0.837800,1347499
2025-04-03T04:00:00Z,0.837700,0.844500,0.834700,0.841200,1243140
2025-04-03T05:00:00Z,0.841300,0.843100,0.830600,0.831300,1487575
2025-04-03T06:00:00Z,0.831300,0.835700,0.824900,0.826000,1533203
2025-04-03T07:00:00Z,0.826100,0.830300,0.818800,0.825900,2125248
2025-04-03T08:00:00Z,0.826000,0.832700,0.825500,0.831800,1408672
2025-04-03T09:00:00Z,0.831900,0.835800,0.828200,0.828800,1398167
2025-04-03T10:00:00Z,0.828600,0.832800,0.809000,0.809800,3383192
2025-04-03T11:00:00Z,0.809700,0.814800,0.804500,0.811300,2801919
2025-04-03T12:00:00Z,0.811200,0.813200,0.776300,0.781300,6838377
2025-04-03T13:00:00Z,0.781000,0.801900,0.780400,0.798000,3794064
2025-04-03T14:00:00Z,0.797900,0.798900,0.781400,0.784400,2940278
2025-04-03T15:00:00Z,0.784300,0.800600,0.783600,0.797300,3049779
2025-04-03T16:00:00Z,0.797200,0.802000,0.793700,0.794600,1762004
2025-04-03T17:00:00Z,0.794700,0.804500,0.794400,0.801100,1551725
2025-04-03T18:00:00Z,0.801000,0.814700,0.797900,0.808900,2144596
2025-04-03T19:00:00Z,0.808900,0.813400,0.807700,0.810000,1460115
2025-04-03T20:00:00Z,0.810100,0.820400,0.807000,0.819500,1446242
2025-04-03T21:00:00Z,0.819500,0.831400,0.817100,0.829600,1495349
2025-04-03T22:00:00Z,0.829800,0.830800,0.822500,0.827000,1787815
2025-04-03T23:00:00Z,0.827100,0.836200,0.824500,0.832400,1897451
2025-04-04T00:00:00Z,0.832300,0.837800,0.830100,0.830100,1327934
2025-04-04T01:00:00Z,0.830200,0.835100,0.820800,0.823300,1904228
2025-04-04T02:00:00Z,0.823500,0.835800,0.823500,0.830300,1241778
2025-04-04T03:00:00Z,0.830300,0.832500,0.825800,0.831100,887489
2025-04-04T04:00:00Z,0.831200,0.834800,0.826500,0.827700,1522020
2025-04-04T05:00:00Z,0.827900,0.842400,0.824100,0.838700,1982032
2025-04-04T06:00:00Z,0.838700,0.844200,0.837500,0.837700,1380892
2025-04-04T07:00:00Z,0.837800,0.849800,0.837200,0.847700,1608754
2025-04-04T08:00:00Z,0.847700,0.857500,0.844600,0.852200,2521370
2025-04-04T09:00:00Z,0.852100,0.852900,0.843000,0.846300,1748842
2025-04-04T10:00:00Z,0.846400,0.847400,0.817300,0.818500,5462781
2025-04-04T11:00:00Z,0.818700,0.821200,0.801600,0.815000,3764039
2025-04-04T12:00:00Z,0.814900,0.826900,0.807000,0.825000,4505241
2025-04-04T13:00:00Z,0.825100,0.836500,0.814000,0.833100,4286533
2025-04-04T14:00:00Z,0.833100,0.842000,0.817900,0.826300,5777302
2025-04-04T15:00:00Z,0.826000,0.849000,0.825300,0.829100,5106655
2025-04-04T16:00:00Z,0.829200,0.834300,0.820700,0.829900,3448161
2025-04-04T17:00:00Z,0.829800,0.845100,0.823100,0.841000,3442186
2025-04-04T18:00:00Z,0.841100,0.843400,0.829900,0.831200,2164006
2025-04-04T19:00:00Z,0.831300,0.839600,0.827900,0.835400,1959602
2025-04-04T20:00:00Z,0.835500,0.844900,0.833200,0.842900,1926956
2025-04-04T21:00:00Z,0.843000,0.847600,0.840800,0.842500,708221
2025-04-04T22:00:00Z,0.842600,0.843900,0.839800,0.840000,804226
2025-04-04T23:00:00Z,0.840000,0.840200,0.835200,0.837400,716664
2025-04-05T00:00:00Z,0.837300,0.844300,0.834600,0.843800,980889
2025-04-05T01:00:00Z,0.843800,0.844400,0.837800,0.838200,701651
2025-04-05T02:00:00Z,0.838200,0.838900,0.834200,0.835300,672134
2025-04-05T03:00:00Z,0.835300,0.837500,0.833300,0.835300,564843
2025-04-05T04:00:00Z,0.835300,0.837800,0.832200,0.833000,694343
2025-04-05T05:00:00Z,0.833000,0.840100,0.832200,0.836700,743355
2025-04-05T06:00:00Z,0.836800,0.841000,0.833700,0.837200,684761
2025-04-05T07:00:00Z,0.837300,0.843100,0.836400,0.841400,778510
2025-04-05T08:00:00Z,0.841500,0.844000,0.838500,0.841900,784003
2025-04-05T09:00:00Z,0.841900,0.847700,0.841700,0.846100,976364
2025-04-05T10:00:00Z,0.846100,0.846600,0.842700,0.844200,746649
2025-04-05T11:00:00Z,0.844200,0.845500,0.838900,0.840200,1055878
2025-04-05T12:00:00Z,0.840200,0.841200,0.832400,0.835600,1302623
2025-04-05T13:00:00Z,0.835700,0.835900,0.821500,0.823800,2474939
2025-04-05T14:00:00Z,0.823700,0.831000,0.822800,0.828200,1527695
2025-04-05T15:00:00Z,0.828100,0.828500,0.818200,0.821900,1328329
2025-04-05T16:00:00Z,0.821900,0.825400,0.819900,0.823100,1234698
2025-04-05T17:00:00Z,0.823200,0.827500,0.821200,0.823700,491742
2025-04-05T18:00:00Z,0.823800,0.828300,0.822800,0.827200,680630
2025-04-05T19:00:00Z,0.827200,0.829000,0.818900,0.820400,843404
2025-04-05T20:00:00Z,0.820300,0.826000,0.815100,0.822100,1400496
2025-04-05T21:00:00Z,0.822200,0.823100,0.815200,0.817400,1079687
2025-04-05T22:00:00Z,0.817400,0.822400,0.817300,0.822100,375985
2025-04-05T23:00:00Z,0.822100,0.827200,0.821300,0.824800,674209
2025-04-06T00:00:00Z,0.824800,0.826600,0.822100,0.824900,699894
2025-04-06T01:00:00Z,0.825000,0.828700,0.822100,0.822700,579606
2025-04-06T02:00:00Z,0.822700,0.823600,0.817800,0.817800,855383
2025-04-06T03:00:00Z,0.817900,0.819400,0.815300,0.818200,570137
2025-04-06T04:00:00Z,0.818200,0.818900,0.813800,0.818800,614584
2025-04-06T05:00:00Z,0.818800,0.825200,0.818200,0.824400,794030
2025-04-06T06:00:00Z,0.824400,0.825000,0.811400,0.812500,828819
2025-04-06T07:00:00Z,0.812500,0.814300,0.807700,0.810700,1530582
2025-04-06T08:00:00Z,0.810800,0.814600,0.802400,0.814200,1649999
2025-04-06T09:00:00Z,0.814200,0.814200,0.809900,0.811100,571807
2025-04-06T10:00:00Z,0.811100,0.811100,0.803800,0.807200,1259538
2025-04-06T11:00:00Z,0.807200,0.807400,0.797900,0.800800,1987921
2025-04-06T12:00:00Z,0.800700,0.805100,0.794200,0.794600,2283532
2025-04-06T13:00:00Z,0.794600,0.797300,0.776500,0.782200,4482531
2025-04-06T14:00:00Z,0.782300,0.792400,0.778500,0.788800,2902925
2025-04-06T15:00:00Z,0.788700,0.792000,0.785100,0.787200,1636004
2025-04-06T16:00:00Z,0.787000,0.788400,0.772600,0.774800,3087662
2025-04-06T17:00:00Z,0.774800,0.777000,0.734300,0.741800,11719804
2025-04-06T18:00:00Z,0.741900,0.743200,0.708200,0.713400,12889465
2025-04-06T19:00:00Z,0.713900,0.722700,0.705800,0.716500,6530387
2025-04-06T20:00:00Z,0.716500,0.720300,0.686200,0.694900,8558123
2025-04-06T21:00:00Z,0.695000,0.707500,0.693200,0.697100,4339850
2025-04-06T22:00:00Z,0.697000,0.710400,0.686800,0.691200,7070629
2025-04-06T23:00:00Z,0.691200,0.697400,0.670600,0.693000,8284358
2025-04-07T00:00:00Z,0.693100,0.696000,0.674500,0.683800,5183591
2025-04-07T01:00:00Z,0.683900,0.706500,0.682400,0.698700,5135992
2025-04-07T02:00:00Z,0.698600,0.701900,0.684800,0.690700,3147690
2025-04-07T03:00:00Z,0.690700,0.692100,0.650200,0.667300,7976801
2025-04-07T04:00:00Z,0.667400,0.678200,0.664100,0.672800,4188526
2025-04-07T05:00:00Z,0.673000,0.683200,0.669200,0.672500,4457975
2025-04-07T06:00:00Z,0.672400,0.681900,0.616600,0.630000,17945213
2025-04-07T07:00:00Z,0.630200,0.654500,0.629800,0.643200,9131169
2025-04-07T08:00:00Z,0.643100,0.674700,0.640200,0.669100,7106353
2025-04-07T09:00:00Z,0.668800,0.680000,0.661900,0.668200,5501945
2025-04-07T10:00:00Z,0.668200,0.683700,0.665400,0.667400,5393355
2025-04-07T11:00:00Z,0.667300,0.676300,0.663000,0.666500,3142209
2025-04-07T12:00:00Z,0.666500,0.686800,0.660800,0.684900,7323656
2025-04-07T13:00:00Z,0.684700,0.712700,0.670400,0.706900,12421755
2025-04-07T14:00:00Z,0.706600,0.743300,0.694400,0.704300,26130166
2025-04-07T15:00:00Z,0.704100,0.710500,0.689700,0.698500,9152469
2025-04-07T16:00:00Z,0.698400,0.700300,0.681100,0.681900,6104518
2025-04-07T17:00:00Z,0.681800,0.707200,0.681700,0.701700,6496176
2025-04-07T18:00:00Z,0.701600,0.702200,0.691400,0.691500,4312007
2025-04-07T19:00:00Z,0.691700,0.699500,0.685200,0.686700,3539476
2025-04-07T20:00:00Z,0.686600,0.703500,0.686300,0.698800,2555321
2025-04-07T21:00:00Z,0.698700,0.701500,0.690500,0.697500,1465481
2025-04-07T22:00:00Z,0.697500,0.705100,0.696500,0.700300,2046663
2025-04-07T23:00:00Z,0.700200,0.703100,0.691800,0.692300,2422925
2025-04-08T00:00:00Z,0.692300,0.695100,0.686900,0.688700,2381969
2025-04-08T01:00:00Z,0.688700,0.708800,0.686800,0.705600,2540882
2025-04-08T02:00:00Z,0.705600,0.715200,0.700900,0.702400,3230843
2025-04-08T03:00:00Z,0.702500,0.705400,0.693500,0.696000,2054923
2025-04-08T04:00:00Z,0.696100,0.702800,0.695000,0.700600,2093029
2025-04-08T05:00:00Z,0.700400,0.701500,0.690000,0.692400,2154621
2025-04-08T06:00:00Z,0.692600,0.692600,0.678900,0.679500,4130274
2025-04-08T07:00:00Z,0.679400,0.679900,0.672800,0.678500,3474171
2025-04-08T08:00:00Z,0.678500,0.680300,0.670000,0.677400,3106292
2025-04-08T09:00:00Z,0.677500,0.683900,0.671400,0.674000,4053229
2025-04-08T10:00:00Z,0.674000,0.676100,0.664800,0.666700,3341847
2025-04-08T11:00:00Z,0.666700,0.681200,0.663000,0.678400,7213371
2025-04-08T12:00:00Z,0.678500,0.680800,0.661000,0.665700,6122739
2025-04-08T13:00:00Z,0.665600,0.675600,0.656300,0.667300,10453938
2025-04-08T14:00:00Z,0.667300,0.674600,0.647400,0.647700,8969777
2025-04-08T15:00:00Z,0.647700,0.651700,0.641700,0.645400,7673073
2025-04-08T16:00:00Z,0.645400,0.646500,0.622300,0.625800,9929609
2025-04-08T17:00:00Z,0.626000,0.632900,0.616000,0.630400,11111911
2025-04-08T18:00:00Z,0.630400,0.642100,0.630000,0.633700,5522518
2025-04-08T19:00:00Z,0.633700,0.636300,0.620000,0.623700,6164912
2025-04-08T20:00:00Z,0.623700,0.632900,0.618100,0.631900,4168676
2025-04-08T21:00:00Z,0.632000,0.634200,0.622000,0.629300,2549579
2025-04-08T22:00:00Z,0.629300,0.629600,0.616800,0.625700,3981747
2025-04-08T23:00:00Z,0.625600,0.630800,0.621700,0.628600,2796524
2025-04-09T00:00:00Z,0.628600,0.638600,0.626000,0.634400,4400529
2025-04-09T01:00:00Z,0.634500,0.643200,0.611000,0.642200,12331287
2025-04-09T02:00:00Z,0.642400,0.652200,0.636800,0.638200,5364569
2025-04-09T03:00:00Z,0.638300,0.642300,0.630800,0.636800,3684530
2025-04-09T04:00:00Z,0.636700,0.645400,0.633800,0.638600,5271538
2025-04-09T05:00:00Z,0.638600,0.639400,0.627900,0.638400,5513509
2025-04-09T06:00:00Z,0.638300,0.651000,0.638300,0.646300,4375280
2025-04-09T07:00:00Z,0.646200,0.664000,0.645700,0.657200,6133161
2025-04-09T08:00:00Z,0.657300,0.664700,0.652700,0.664400,3228043
2025-04-09T09:00:00Z,0.664400,0.666200,0.656600,0.657300,2634782
2025-04-09T10:00:00Z,0.657300,0.668300,0.655900,0.664100,3067111
2025-04-09T11:00:00Z,0.664100,0.664500,0.643400,0.648600,8971902
2025-04-09T12:00:00Z,0.648600,0.659100,0.642900,0.654200,3933217
2025-04-09T13:00:00Z,0.654200,0.676400,0.651300,0.668800,8214928
2025-04-09T14:00:00Z,0.668900,0.679000,0.655100,0.655300,6732409
2025-04-09T15:00:00Z,0.655400,0.666600,0.653900,0.659800,3290158
2025-04-09T16:00:00Z,0.659900,0.670600,0.658300,0.670000,2918985
2025-04-09T17:00:00Z,0.670000,0.727800,0.664100,0.725400,21889542
2025-04-09T18:00:00Z,0.725300,0.737400,0.715700,0.719600,9595915
2025-04-09T19:00:00Z,0.719600,0.728300,0.716000,0.727300,4003639
2025-04-09T20:00:00Z,0.727400,0.738600,0.726800,0.736900,3196459
2025-04-09T21:00:00Z,0.736900,0.741300,0.729600,0.735600,3117707
2025-04-09T22:00:00Z,0.735400,0.740300,0.732600,0.738900,2026153
2025-04-09T23:00:00Z,0.738900,0.740400,0.734200,0.739400,2123677
2025-04-10T00:00:00Z,0.739500,0.740000,0.722300,0.732600,3171514
2025-04-10T01:00:00Z,0.732700,0.737200,0.724800,0.727900,2792400
2025-04-10T02:00:00Z,0.727900,0.729800,0.722300,0.727700,1789402
2025-04-10T03:00:00Z,0.727600,0.727900,0.709400,0.722200,3756138
2025-04-10T04:00:00Z,0.722100,0.730300,0.718100,0.729700,2903235
2025-04-10T05:00:00Z,0.729500,0.733500,0.726100,0.731200,2323909
2025-04-10T06:00:00Z,0.731200,0.736300,0.729300,0.735400,2503652
2025-04-10T07:00:00Z,0.735400,0.737700,0.717800,0.723800,4020459
2025-04-10T08:00:00Z,0.723800,0.723900,0.716500,0.719300,1749688
2025-04-10T09:00:00Z,0.719500,0.724500,0.714600,0.723300,2173787
2025-04-10T10:00:00Z,0.723400,0.723600,0.714900,0.718100,1681447
2025-04-10T11:00:00Z,0.718200,0.721800,0.714000,0.721300,2027156
2025-04-10T12:00:00Z,0.721200,0.741500,0.718200,0.724600,5201992
2025-04-10T13:00:00Z,0.724700,0.728200,0.713400,0.720700,4070063
2025-04-10T14:00:00Z,0.720600,0.731900,0.714700,0.723500,3065563
2025-04-10T15:00:00Z,0.723500,0.725500,0.690300,0.696500,8110590
2025-04-10T16:00:00Z,0.696500,0.703300,0.688900,0.699000,5775459
2025-04-10T17:00:00Z,0.699000,0.704200,0.689400,0.695600,3957129
2025-04-10T18:00:00Z,0.695600,0.706000,0.695600,0.702000,2308538
2025-04-10T19:00:00Z,0.702000,0.709300,0.699700,0.703800,1773401
2025-04-10T20:00:00Z,0.703400,0.711600,0.703200,0.710400,1506590
2025-04-10T21:00:00Z,0.710500,0.714500,0.707800,0.711400,865718
2025-04-10T22:00:00Z,0.711800,0.718500,0.708100,0.712500,1613712
2025-04-10T23:00:00Z,0.712400,0.715300,0.709400,0.712400,1302119
2025-04-11T00:00:00Z,0.712200,0.713300,0.704200,0.705600,2051559
2025-04-11T01:00:00Z,0.705500,0.719100,0.704400,0.715600,2196261
2025-04-11T02:00:00Z,0.715600,0.721400,0.711800,0.715500,1589495
2025-04-11T03:00:00Z,0.715600,0.724500,0.715600,0.723800,2037123
2025-04-11T04:00:00Z,0.723700,0.729700,0.722000,0.725200,1530817
2025-04-11T05:00:00Z,0.725300,0.726500,0.718800,0.722200,1498379
2025-04-11T06:00:00Z,0.722300,0.731600,0.721600,0.725300,1723595
2025-04-11T07:00:00Z,0.725400,0.726500,0.721100,0.722000,1118255
2025-04-11T08:00:00Z,0.722100,0.727100,0.714700,0.719400,2751886
2025-04-11T09:00:00Z,0.719400,0.726300,0.716000,0.721300,1926502
2025-04-11T10:00:00Z,0.721400,0.733600,0.716200,0.725600,4609517
2025-04-11T11:00:00Z,0.725600,0.729800,0.719500,0.721200,1871379
2025-04-11T12:00:00Z,0.721300,0.730300,0.717300,0.721500,1813487
2025-04-11T13:00:00Z,0.721500,0.731500,0.715400,0.727800,3262816
2025-04-11T14:00:00Z,0.727800,0.727800,0.716500,0.723300,3961008
2025-04-11T15:00:00Z,0.723300,0.734400,0.722200,0.732300,2558857
2025-04-11T16:00:00Z,0.732300,0.735200,0.723200,0.731000,2160311
2025-04-11T17:00:00Z,0.731000,0.741300,0.728300,0.736000,2506580
2025-04-11T18:00:00Z,0.736100,0.738600,0.730800,0.732000,2083230
2025-04-11T19:00:00Z,0.732100,0.736500,0.728700,0.729700,1197960
2025-04-11T20:00:00Z,0.729700,0.735900,0.727900,0.734600,1312308
2025-04-11T21:00:00Z,0.734600,0.739000,0.729500,0.732200,1321291
2025-04-11T22:00:00Z,0.732200,0.734700,0.730700,0.731200,980455
2025-04-11T23:00:00Z,0.731100,0.732700,0.727500,0.731000,903109
2025-04-12T00:00:00Z,0.730900,0.733900,0.728600,0.730200,1046626
2025-04-12T01:00:00Z,0.730200,0.731500,0.722700,0.725300,1332535
2025-04-12T02:00:00Z,0.725300,0.727300,0.718700,0.719700,1548540
2025-04-12T03:00:00Z,0.719700,0.724600,0.719600,0.724000,840248
2025-04-12T04:00:00Z,0.724000,0.732500,0.719600,0.731900,2011586
2025-04-12T05:00:00Z,0.732000,0.735900,0.729400,0.729800,1367568
2025-04-12T06:00:00Z,0.729700,0.736100,0.729600,0.732100,1364279
2025-04-12T07:00:00Z,0.732000,0.739300,0.730900,0.738500,1490789
2025-04-12T08:00:00Z,0.738500,0.751700,0.737500,0.744900,3311933
2025-04-12T09:00:00Z,0.745000,0.752800,0.742500,0.748900,2407313
2025-04-12T10:00:00Z,0.749000,0.749200,0.743000,0.744000,1350177
2025-04-12T11:00:00Z,0.744100,0.751000,0.743600,0.744200,1507719
2025-04-12T12:00:00Z,0.744200,0.748200,0.739700,0.747500,1761061
2025-04-12T13:00:00Z,0.747400,0.761300,0.744000,0.758600,3493087
2025-04-12T14:00:00Z,0.758600,0.769100,0.756500,0.765100,4737054
2025-04-12T15:00:00Z,0.765100,0.766500,0.743100,0.757900,7021686
2025-04-12T16:00:00Z,0.757800,0.764800,0.756000,0.758900,3115081
2025-04-12T17:00:00Z,0.758900,0.760100,0.751100,0.757300,2392934
2025-04-12T18:00:00Z,0.757200,0.765600,0.756400,0.763800,969996
2025-04-12T19:00:00Z,0.763800,0.766000,0.754000,0.756900,1967526
2025-04-12T20:00:00Z,0.756900,0.765700,0.755200,0.762000,1218013
2025-04-12T21:00:00Z,0.761900,0.766800,0.755300,0.756000,2256374
2025-04-12T22:00:00Z,0.756100,0.763800,0.755800,0.757000,2537316
2025-04-12T23:00:00Z,0.757000,0.760300,0.753900,0.755800,1162215
2025-04-13T00:00:00Z,0.755700,0.763000,0.752800,0.761100,2391254
2025-04-13T01:00:00Z,0.761200,0.764100,0.745900,0.749100,3049482
2025-04-13T02:00:00Z,0.749100,0.751700,0.742900,0.746800,2122662
2025-04-13T03:00:00Z,0.746700,0.747800,0.744200,0.744600,1049030
2025-04-13T04:00:00Z,0.744700,0.744900,0.736100,0.738600,1851715
2025-04-13T05:00:00Z,0.738700,0.741000,0.734200,0.737300,1614523
2025-04-13T06:00:00Z,0.737300,0.745000,0.735800,0.743200,1132789
2025-04-13T07:00:00Z,0.743200,0.747100,0.736700,0.739200,1701173
2025-04-13T08:00:00Z,0.739200,0.744800,0.735600,0.744700,1445834
2025-04-13T09:00:00Z,0.744800,0.750600,0.742300,0.750400,1245357
2025-04-13T10:00:00Z,0.750300,0.752300,0.744600,0.749400,1196761
2025-04-13T11:00:00Z,0.749300,0.749600,0.735300,0.739100,2009812
2025-04-13T12:00:00Z,0.739000,0.743300,0.737600,0.741400,1268694
2025-04-13T13:00:00Z,0.741400,0.744200,0.720500,0.723700,3990172
2025-04-13T14:00:00Z,0.723700,0.731200,0.721200,0.730000,2523994
2025-04-13T15:00:00Z,0.729900,0.730400,0.723700,0.729800,1587487
2025-04-13T16:00:00Z,0.729700,0.737400,0.729000,0.734900,2365121
2025-04-13T17:00:00Z,0.734900,0.765000,0.733700,0.759300,3967132
2025-04-13T18:00:00Z,0.759200,0.775600,0.757200,0.757300,7187984
2025-04-13T19:00:00Z,0.757300,0.757500,0.713200,0.724100,9239192
2025-04-13T20:00:00Z,0.724100,0.735600,0.717000,0.720000,7165540
2025-04-13T21:00:00Z,0.720000,0.720000,0.702900,0.711600,4265699
2025-04-13T22:00:00Z,0.711600,0.715700,0.707300,0.710200,1811749
2025-04-13T23:00:00Z,0.710000,0.722300,0.708200,0.720200,1804654
2025-04-14T00:00:00Z,0.720100,0.738600,0.717300,0.730900,3192398
2025-04-14T01:00:00Z,0.730900,0.742700,0.730100,0.737200,2147667
2025-04-14T02:00:00Z,0.737200,0.761700,0.732500,0.746500,4254051
2025-04-14T03:00:00Z,0.746400,0.747500,0.735800,0.737400,2061308
2025-04-14T04:00:00Z,0.737300,0.754000,0.736100,0.750800,2263402
2025-04-14T05:00:00Z,0.750800,0.752200,0.737000,0.739600,2218308
2025-04-14T06:00:00Z,0.739500,0.740300,0.731300,0.734700,1797303
2025-04-14T07:00:00Z,0.734700,0.741600,0.728400,0.741300,2791240
2025-04-14T08:00:00Z,0.741300,0.743800,0.736100,0.738000,1994085
2025-04-14T09:00:00Z,0.738100,0.744100,0.731900,0.735600,1939575
2025-04-14T10:00:00Z,0.735500,0.778800,0.732500,0.772400,10052243
2025-04-14T11:00:00Z,0.772400,0.790400,0.768600,0.782400,13601831
2025-04-14T12:00:00Z,0.782300,0.785100,0.762900,0.768500,6607774
2025-04-14T13:00:00Z,0.768600,0.773000,0.749700,0.755600,5905404
2025-04-14T14:00:00Z,0.755600,0.769900,0.753900,0.759700,5513104
2025-04-14T15:00:00Z,0.759600,0.761200,0.711800,0.715100,14643526
2025-04-14T16:00:00Z,0.715200,0.717700,0.703900,0.709700,8552860
2025-04-14T17:00:00Z,0.709700,0.724800,0.709500,0.724100,4470982
2025-04-14T18:00:00Z,0.724200,0.725700,0.715700,0.719400,2923533
2025-04-14T19:00:00Z,0.719300,0.725600,0.712000,0.715300,3513727
2025-04-14T20:00:00Z,0.715400,0.719900,0.709100,0.713300,3229927
2025-04-14T21:00:00Z,0.713400,0.716200,0.702000,0.709300,3288913
2025-04-14T22:00:00Z,0.709300,0.709600,0.701500,0.704600,1517490
2025-04-14T23:00:00Z,0.704700,0.710100,0.703400,0.706400,1792100
2025-04-15T00:00:00Z,0.706400,0.713200,0.697400,0.710200,3607201
2025-04-15T01:00:00Z,0.710100,0.719400,0.701700,0.716100,4576041
2025-04-15T02:00:00Z,0.716200,0.717300,0.708100,0.715500,2462956
2025-04-15T03:00:00Z,0.715600,0.726400,0.714300,0.723000,2511215
2025-04-15T04:00:00Z,0.723000,0.724900,0.713500,0.718400,1917991
2025-04-15T05:00:00Z,0.718300,0.731700,0.716600,0.725300,4780927
2025-04-15T06:00:00Z,0.725200,0.729400,0.718700,0.722000,3230835
2025-04-15T07:00:00Z,0.721900,0.729800,0.720400,0.725000,1898022
2025-04-15T08:00:00Z,0.725100,0.725500,0.711000,0.713700,2523524
2025-04-15T09:00:00Z,0.713700,0.721900,0.710200,0.717500,2699633
2025-04-15T10:00:00Z,0.717400,0.718200,0.691200,0.696800,7564873
2025-04-15T11:00:00Z,0.696800,0.704600,0.693800,0.702700,3013064
2025-04-15T12:00:00Z,0.702700,0.708200,0.697400,0.707900,2979618
2025-04-15T13:00:00Z,0.708000,0.718400,0.698600,0.701200,5209894
2025-04-15T14:00:00Z,0.701300,0.706000,0.684600,0.691500,9040901
2025-04-15T15:00:00Z,0.691500,0.699600,0.688500,0.692700,2912265
2025-04-15T16:00:00Z,0.692800,0.693100,0.687800,0.689300,1880776
2025-04-15T17:00:00Z,0.689200,0.691600,0.681900,0.683800,2568077
2025-04-15T18:00:00Z,0.683900,0.689000,0.677000,0.685000,3536032
2025-04-15T19:00:00Z,0.684900,0.688800,0.681800,0.685600,2399589
2025-04-15T20:00:00Z,0.685500,0.690500,0.679700,0.684100,2082498
2025-04-15T21:00:00Z,0.684200,0.688700,0.679600,0.687700,1887440
2025-04-15T22:00:00Z,0.687600,0.687900,0.678500,0.682600,1778525
2025-04-15T23:00:00Z,0.682600,0.688500,0.682300,0.684800,1299513
2025-04-16T00:00:00Z,0.684700,0.690500,0.676900,0.683700,3149239
2025-04-16T01:00:00Z,0.683600,0.696200,0.682700,0.693700,1720634
2025-04-16T02:00:00Z,0.693700,0.699700,0.693200,0.696600,2003338
2025-04-16T03:00:00Z,0.696600,0.698800,0.691000,0.692100,1226135
2025-04-16T04:00:00Z,0.692100,0.692200,0.682300,0.687200,2571390
2025-04-16T05:00:00Z,0.687300,0.688300,0.672200,0.679000,4146447
2025-04-16T06:00:00Z,0.679000,0.680200,0.675500,0.677100,1938287
2025-04-16T07:00:00Z,0.677100,0.678700,0.667200,0.668900,3370487
2025-04-16T08:00:00Z,0.669000,0.682000,0.664900,0.675700,4577566
2025-04-16T09:00:00Z,0.675900,0.679900,0.670700,0.670700,1683198
2025-04-16T10:00:00Z,0.670700,0.677200,0.668900,0.676200,2346267
2025-04-16T11:00:00Z,0.676300,0.679400,0.672600,0.675200,1483802
2025-04-16T12:00:00Z,0.675100,0.679800,0.670000,0.671900,1993786
2025-04-16T13:00:00Z,0.671800,0.675500,0.664300,0.668700,4395720
2025-04-16T14:00:00Z,0.668700,0.684300,0.668600,0.677800,4492750
2025-04-16T15:00:00Z,0.678000,0.687400,0.675000,0.675800,3637327
2025-04-16T16:00:00Z,0.675900,0.679100,0.664600,0.676400,2950694
2025-04-16T17:00:00Z,0.676600,0.687600,0.654500,0.658500,6653668
2025-04-16T18:00:00Z,0.658600,0.683200,0.657500,0.676100,4770589
2025-04-16T19:00:00Z,0.676300,0.690700,0.670700,0.686700,3113471
2025-04-16T20:00:00Z,0.686700,0.693600,0.680000,0.681700,2170757
2025-04-16T21:00:00Z,0.681800,0.691000,0.679900,0.688700,1971550
2025-04-16T22:00:00Z,0.688800,0.689300,0.684000,0.686700,1348178
2025-04-16T23:00:00Z,0.686800,0.687400,0.680000,0.684800,1189592
2025-04-17T00:00:00Z,0.684700,0.686600,0.680600,0.685000,1360930
2025-04-17T01:00:00Z,0.684900,0.691600,0.682800,0.687300,1264837
2025-04-17T02:00:00Z,0.687300,0.690600,0.683900,0.688000,1315095
2025-04-17T03:00:00Z,0.688100,0.691300,0.685400,0.689900,1296350
2025-04-17T04:00:00Z,0.689900,0.696900,0.687500,0.696000,1704814
2025-04-17T05:00:00Z,0.696000,0.706400,0.695700,0.702500,2716407
2025-04-17T06:00:00Z,0.702600,0.709200,0.702100,0.704600,1955927
2025-04-17T07:00:00Z,0.704600,0.705200,0.700400,0.702800,1296126
2025-04-17T08:00:00Z,0.702900,0.703900,0.698300,0.699000,1223766
2025-04-17T09:00:00Z,0.699000,0.699700,0.692600,0.696000,1984417
2025-04-17T10:00:00Z,0.696000,0.696500,0.685600,0.688100,2459089
2025-04-17T11:00:00Z,0.688200,0.690400,0.685400,0.686100,1162613
2025-04-17T12:00:00Z,0.686300,0.694100,0.686300,0.689600,1848747
2025-04-17T13:00:00Z,0.689600,0.689900,0.683200,0.685100,1961660
2025-04-17T14:00:00Z,0.685000,0.685700,0.669000,0.677300,6306217
2025-04-17T15:00:00Z,0.677300,0.685800,0.676400,0.682200,2173081
2025-04-17T16:00:00Z,0.682200,0.695000,0.677800,0.690800,3843505
2025-04-17T17:00:00Z,0.690900,0.697100,0.689800,0.695100,1634782
2025-04-17T18:00:00Z,0.695100,0.699000,0.692500,0.692500,1945440
2025-04-17T19:00:00Z,0.692400,0.695200,0.680100,0.684700,3399731
2025-04-17T20:00:00Z,0.684700,0.691600,0.684600,0.688800,1568819
2025-04-17T21:00:00Z,0.688800,0.689400,0.684600,0.688000,769624
2025-04-17T22:00:00Z,0.687900,0.690300,0.680800,0.680800,965309
2025-04-17T23:00:00Z,0.680900,0.686600,0.680900,0.683100,960526
2025-04-18T00:00:00Z,0.683100,0.683700,0.675000,0.676200,1646554
2025-04-18T01:00:00Z,0.676200,0.682400,0.674000,0.681200,1133476
2025-04-18T02:00:00Z,0.681100,0.688800,0.678800,0.686400,1169970
2025-04-18T03:00:00Z,0.686400,0.688100,0.682200,0.687800,808182
2025-04-18T04:00:00Z,0.687700,0.689700,0.682600,0.688000,896503
2025-04-18T05:00:00Z,0.687900,0.689200,0.683100,0.689200,994828
2025-04-18T06:00:00Z,0.689100,0.690300,0.686000,0.689700,962999
2025-04-18T07:00:00Z,0.689800,0.696100,0.688400,0.695800,1801962
2025-04-18T08:00:00Z,0.695800,0.700400,0.693200,0.694900,1922890
2025-04-18T09:00:00Z,0.695000,0.699100,0.691100,0.696200,1752702
2025-04-18T10:00:00Z,0.696200,0.698200,0.690200,0.691300,1099199
2025-04-18T11:00:00Z,0.691300,0.694600,0.689500,0.692400,1118012
2025-04-18T12:00:00Z,0.692300,0.698900,0.691100,0.695000,1402509
2025-04-18T13:00:00Z,0.695100,0.695800,0.690100,0.692900,1109690
2025-04-18T14:00:00Z,0.692900,0.696000,0.688500,0.690400,1630130
2025-04-18T15:00:00Z,0.690400,0.691100,0.684500,0.689000,1642978
2025-04-18T16:00:00Z,0.688900,0.693500,0.687800,0.692100,1265850
2025-04-18T17:00:00Z,0.692300,0.696900,0.691500,0.696300,945984
2025-04-18T18:00:00Z,0.696400,0.697000,0.692800,0.695900,744999
2025-04-18T19:00:00Z,0.695900,0.697200,0.693200,0.695200,863218
2025-04-18T20:00:00Z,0.695100,0.697600,0.693600,0.697400,795993
2025-04-18T21:00:00Z,0.697400,0.697900,0.694000,0.697000,548263
2025-04-18T22:00:00Z,0.697200,0.697500,0.693000,0.694200,772860
2025-04-18T23:00:00Z,0.694100,0.699300,0.692900,0.698900,983341
2025-04-19T00:00:00Z,0.698800,0.700800,0.695700,0.696100,1057117
2025-04-19T01:00:00Z,0.696200,0.701000,0.696100,0.700600,730542
2025-04-19T02:00:00Z,0.700500,0.704600,0.700000,0.703100,1159997
2025-04-19T03:00:00Z,0.703100,0.708300,0.701600,0.704800,2305746
2025-04-19T04:00:00Z,0.704800,0.711900,0.702600,0.704500,1778353
2025-04-19T05:00:00Z,0.704600,0.705500,0.698200,0.698300,1593363
2025-04-19T06:00:00Z,0.698400,0.700800,0.697400,0.699300,1103877
2025-04-19T07:00:00Z,0.699300,0.703600,0.699300,0.702400,826865
2025-04-19T08:00:00Z,0.702500,0.704200,0.698600,0.699300,804661
2025-04-19T09:00:00Z,0.699300,0.701300,0.695200,0.696000,1250332
2025-04-19T10:00:00Z,0.696100,0.699800,0.694800,0.696600,1159285
2025-04-19T11:00:00Z,0.696600,0.697000,0.692000,0.694300,1463203
2025-04-19T12:00:00Z,0.694300,0.695100,0.692000,0.694200,880163
2025-04-19T13:00:00Z,0.694100,0.698400,0.691900,0.696600,1139545
2025-04-19T14:00:00Z,0.696700,0.700500,0.694700,0.700400,1424345
2025-04-19T15:00:00Z,0.700400,0.706300,0.700000,0.703100,1867086
2025-04-19T16:00:00Z,0.703100,0.706100,0.699600,0.700900,1613957
2025-04-19T17:00:00Z,0.700900,0.714700,0.700100,0.713400,2462534
2025-04-19T18:00:00Z,0.713400,0.720200,0.712500,0.713000,2032936
2025-04-19T19:00:00Z,0.713000,0.715600,0.710600,0.711300,876741
2025-04-19T20:00:00Z,0.711300,0.715300,0.710200,0.714000,1330873
2025-04-19T21:00:00Z,0.714000,0.717900,0.711700,0.716400,1383374
2025-04-19T22:00:00Z,0.716400,0.717300,0.712800,0.714200,696335
2025-04-19T23:00:00Z,0.714100,0.714500,0.708300,0.709900,1022949
2025-04-20T00:00:00Z,0.709900,0.710500,0.706000,0.706400,1338542
2025-04-20T01:00:00Z,0.706400,0.714600,0.706000,0.713900,944088
2025-04-20T02:00:00Z,0.714000,0.717400,0.711200,0.715900,1321247
2025-04-20T03:00:00Z,0.716000,0.718500,0.713500,0.717200,1192794
2025-04-20T04:00:00Z,0.717200,0.723100,0.715700,0.721500,1543396
2025-04-20T05:00:00Z,0.721500,0.725300,0.717000,0.717000,1131120
2025-04-20T06:00:00Z,0.717000,0.726100,0.716000,0.724100,1883999
2025-04-20T07:00:00Z,0.724100,0.724600,0.710600,0.712600,2572244
2025-04-20T08:00:00Z,0.712600,0.714400,0.705200,0.707400,1720254
2025-04-20T09:00:00Z,0.707300,0.713500,0.705800,0.712400,1146832
2025-04-20T10:00:00Z,0.712300,0.712900,0.699500,0.703100,2583516
2025-04-20T11:00:00Z,0.703000,0.707400,0.699800,0.701000,2417392
2025-04-20T12:00:00Z,0.701100,0.705800,0.700300,0.703200,1138982
2025-04-20T13:00:00Z,0.703200,0.705700,0.698400,0.704000,1020137
2025-04-20T14:00:00Z,0.704000,0.709300,0.702900,0.708400,1600060
2025-04-20T15:00:00Z,0.708400,0.708400,0.700100,0.702300,1181134
2025-04-20T16:00:00Z,0.702300,0.712400,0.700800,0.712400,1826384
2025-04-20T17:00:00Z,0.712500,0.714400,0.709100,0.712000,1038287
2025-04-20T18:00:00Z,0.712000,0.715000,0.709700,0.712900,736574
2025-04-20T19:00:00Z,0.712900,0.719000,0.711200,0.718400,851485
2025-04-20T20:00:00Z,0.718500,0.726600,0.718000,0.722000,2366412
2025-04-20T21:00:00Z,0.722000,0.722700,0.717500,0.721500,818927
2025-04-20T22:00:00Z,0.721300,0.721400,0.712900,0.715500,971995
2025-04-20T23:00:00Z,0.715500,0.719400,0.714600,0.715800,684667
2025-04-21T00:00:00Z,0.715800,0.745100,0.715000,0.737100,5986226
2025-04-21T01:00:00Z,0.737200,0.746600,0.736400,0.743400,2695032
2025-04-21T02:00:00Z,0.743400,0.747500,0.734300,0.738300,3112830
2025-04-21T03:00:00Z,0.738400,0.740500,0.733800,0.735600,1907598
2025-04-21T04:00:00Z,0.735500,0.739700,0.731700,0.738600,1440232
2025-04-21T05:00:00Z,0.738700,0.746600,0.737300,0.741300,1593674
2025-04-21T06:00:00Z,0.741300,0.747400,0.737700,0.739900,1845049
2025-04-21T07:00:00Z,0.739800,0.749300,0.736000,0.748900,2493773
2025-04-21T08:00:00Z,0.749000,0.751400,0.743200,0.746100,2006749
2025-04-21T09:00:00Z,0.746000,0.747900,0.737000,0.739800,1670153
2025-04-21T10:00:00Z,0.739800,0.741300,0.733800,0.741000,1791552
2025-04-21T11:00:00Z,0.740900,0.741800,0.730800,0.735600,1892200
2025-04-21T12:00:00Z,0.735500,0.738600,0.734700,0.735000,1887586
2025-04-21T13:00:00Z,0.735000,0.741600,0.731700,0.732400,2505680
2025-04-21T14:00:00Z,0.732300,0.747000,0.728300,0.741900,4229621
2025-04-21T15:00:00Z,0.741900,0.742500,0.728200,0.732800,2506038
2025-04-21T16:00:00Z,0.732700,0.733900,0.715100,0.716900,3280339
2025-04-21T17:00:00Z,0.717000,0.717800,0.703900,0.713600,4632160
2025-04-21T18:00:00Z,0.713700,0.716300,0.710200,0.711800,2092008
2025-04-21T19:00:00Z,0.711700,0.720400,0.710400,0.716700,2011171
2025-04-21T20:00:00Z,0.716800,0.718700,0.713100,0.716700,1029437
2025-04-21T21:00:00Z,0.716900,0.718100,0.712000,0.716300,1140366
2025-04-21T22:00:00Z,0.716200,0.716200,0.709700,0.712100,829404
2025-04-21T23:00:00Z,0.712100,0.714100,0.708000,0.712800,1453392
2025-04-22T00:00:00Z,0.712800,0.712800,0.693600,0.706800,3193522
2025-04-22T01:00:00Z,0.706700,0.721000,0.704000,0.719700,2890420
2025-04-22T02:00:00Z,0.719600,0.722600,0.705900,0.709000,2192358
2025-04-22T03:00:00Z,0.709200,0.711500,0.704100,0.708400,1595970
2025-04-22T04:00:00Z,0.708400,0.711500,0.702700,0.703000,1449435
2025-04-22T05:00:00Z,0.703000,0.705200,0.699600,0.702700,1991495
2025-04-22T06:00:00Z,0.702700,0.704800,0.693400,0.700100,2002562
2025-04-22T07:00:00Z,0.700100,0.725000,0.698600,0.720300,4749652
2025-04-22T08:00:00Z,0.720100,0.738100,0.720100,0.729900,5826588
2025-04-22T09:00:00Z,0.729900,0.735200,0.724800,0.729400,2715696
2025-04-22T10:00:00Z,0.729300,0.730200,0.719500,0.728900,2498237
2025-04-22T11:00:00Z,0.728800,0.733600,0.726000,0.730800,1687901
2025-04-22T12:00:00Z,0.730800,0.736100,0.728400,0.733200,2194433
2025-04-22T13:00:00Z,0.733200,0.741900,0.726500,0.733600,5765674
2025-04-22T14:00:00Z,0.733700,0.751200,0.730400,0.750600,6028567
2025-04-22T15:00:00Z,0.750300,0.773600,0.750300,0.761400,9610305
2025-04-22T16:00:00Z,0.761300,0.766400,0.754700,0.757400,2773387
2025-04-22T17:00:00Z,0.757500,0.765300,0.751700,0.763300,2771970
2025-04-22T18:00:00Z,0.763400,0.767300,0.760200,0.761500,1612864
2025-04-22T19:00:00Z,0.761500,0.762600,0.754000,0.759900,1922919
2025-04-22T20:00:00Z,0.760100,0.762200,0.756900,0.759200,1247402
2025-04-22T21:00:00Z,0.759100,0.786000,0.758100,0.779300,3952483
2025-04-22T22:00:00Z,0.779400,0.782400,0.773300,0.779000,3051715
2025-04-22T23:00:00Z,0.779100,0.785000,0.776100,0.782600,2699389
2025-04-23T00:00:00Z,0.782700,0.791200,0.779200,0.784100,2346227
2025-04-23T01:00:00Z,0.784300,0.799200,0.782100,0.789000,3584045
2025-04-23T02:00:00Z,0.788900,0.813400,0.787500,0.804400,4392196
2025-04-23T03:00:00Z,0.804300,0.811100,0.796400,0.809800,2457099
2025-04-23T04:00:00Z,0.809900,0.819600,0.797500,0.818000,2774821
2025-04-23T05:00:00Z,0.818000,0.818000,0.806000,0.810200,3221761
2025-04-23T06:00:00Z,0.810200,0.814300,0.805500,0.807900,2025040
2025-04-23T07:00:00Z,0.807600,0.813900,0.798200,0.811600,2582262
2025-04-23T08:00:00Z,0.811500,0.816800,0.807700,0.809800,2627684
2025-04-23T09:00:00Z,0.809900,0.817800,0.806700,0.806700,2312464
2025-04-23T10:00:00Z,0.806800,0.814100,0.796800,0.812600,2815419
2025-04-23T11:00:00Z,0.812500,0.822700,0.808500,0.816100,2796137
2025-04-23T12:00:00Z,0.816100,0.827900,0.812600,0.819400,2784606
2025-04-23T13:00:00Z,0.819300,0.822500,0.799900,0.804100,6160294
2025-04-23T14:00:00Z,0.804200,0.822700,0.799500,0.805600,6687555
2025-04-23T15:00:00Z,0.805800,0.813600,0.791000,0.812000,6658280
2025-04-23T16:00:00Z,0.812000,0.815100,0.801200,0.808000,3095073
2025-04-23T17:00:00Z,0.808000,0.813200,0.803400,0.812700,1845136
2025-04-23T18:00:00Z,0.812600,0.820000,0.810200,0.814600,1786052
2025-04-23T19:00:00Z,0.814300,0.814700,0.800800,0.805000,2231826
2025-04-23T20:00:00Z,0.804900,0.816000,0.803900,0.815100,1208815
2025-04-23T21:00:00Z,0.815000,0.816600,0.808800,0.813300,1087814
2025-04-23T22:00:00Z,0.813500,0.819200,0.809900,0.816500,1012460
2025-04-23T23:00:00Z,0.816400,0.819200,0.809600,0.811800,1196319
2025-04-24T00:00:00Z,0.811700,0.819600,0.807900,0.817200,1952276
2025-04-24T01:00:00Z,0.817300,0.819300,0.804600,0.815700,2339545
2025-04-24T02:00:00Z,0.815600,0.821400,0.807300,0.808500,2261660
2025-04-24T03:00:00Z,0.808500,0.816400,0.794600,0.796000,3161649
2025-04-24T04:00:00Z,0.795900,0.802800,0.791400,0.802500,2882115
2025-04-24T05:00:00Z,0.802400,0.809200,0.800800,0.808000,1187114
2025-04-24T06:00:00Z,0.808100,0.815800,0.804000,0.807000,1915043
2025-04-24T07:00:00Z,0.807000,0.811700,0.792500,0.796700,2031876
2025-04-24T08:00:00Z,0.796900,0.802300,0.783400,0.793100,3751072
2025-04-24T09:00:00Z,0.793200,0.814000,0.792400,0.807000,2975070
2025-04-24T10:00:00Z,0.806900,0.814400,0.801200,0.812600,1935154
2025-04-24T11:00:00Z,0.812600,0.812700,0.801100,0.811100,1700272
2025-04-24T12:00:00Z,0.811000,0.815200,0.804100,0.814900,1679753
2025-04-24T13:00:00Z,0.814900,0.828500,0.808200,0.814000,4844704
2025-04-24T14:00:00Z,0.813900,0.844400,0.813100,0.833700,7407768
2025-04-24T15:00:00Z,0.833800,0.851200,0.831600,0.839800,5679397
2025-04-24T16:00:00Z,0.839900,0.849900,0.835000,0.840100,2803346
2025-04-24T17:00:00Z,0.840000,0.842300,0.818100,0.825800,4226646
2025-04-24T18:00:00Z,0.825700,0.835400,0.825100,0.831400,1574929
2025-04-24T19:00:00Z,0.831400,0.838900,0.828300,0.835800,1176520
2025-04-24T20:00:00Z,0.836200,0.841400,0.833000,0.837700,1348557
2025-04-24T21:00:00Z,0.837500,0.841100,0.828400,0.834600,1355191
2025-04-24T22:00:00Z,0.834700,0.837700,0.830800,0.832200,737082
2025-04-24T23:00:00Z,0.832200,0.843400,0.830000,0.836700,1280297
2025-04-25T00:00:00Z,0.836700,0.839700,0.831300,0.839200,1213645
2025-04-25T01:00:00Z,0.839200,0.848600,0.829000,0.829800,2459844
2025-04-25T02:00:00Z,0.829900,0.832500,0.810700,0.815200,3938584
2025-04-25T03:00:00Z,0.815200,0.831500,0.812500,0.830500,2254130
2025-04-25T04:00:00Z,0.830400,0.836800,0.826500,0.830800,1626132
2025-04-25T05:00:00Z,0.830900,0.837000,0.827600,0.831200,1610332
2025-04-25T06:00:00Z,0.831300,0.848600,0.829200,0.846600,2257703
2025-04-25T07:00:00Z,0.846600,0.853200,0.842200,0.853000,2674738
2025-04-25T08:00:00Z,0.852900,0.857700,0.848300,0.856000,2514603
2025-04-25T09:00:00Z,0.855700,0.860900,0.846000,0.859800,2530569
2025-04-25T10:00:00Z,0.859800,0.862000,0.839800,0.844200,3990727
2025-04-25T11:00:00Z,0.844200,0.853900,0.844200,0.852300,2035940
2025-04-25T12:00:00Z,0.852200,0.861700,0.840100,0.842700,4042735
2025-04-25T13:00:00Z,0.842600,0.848900,0.834300,0.843700,3474136
2025-04-25T14:00:00Z,0.843500,0.861800,0.842100,0.857100,5104261
2025-04-25T15:00:00Z,0.857100,0.867400,0.846800,0.852200,7154854
2025-04-25T16:00:00Z,0.852000,0.863200,0.841000,0.857600,3390626
2025-04-25T17:00:00Z,0.857600,0.866300,0.848800,0.850700,3112868
2025-04-25T18:00:00Z,0.850800,0.863000,0.849900,0.853300,1817348
2025-04-25T19:00:00Z,0.853300,0.855800,0.846100,0.852600,1279261
2025-04-25T20:00:00Z,0.852700,0.859600,0.849900,0.856500,1171746
2025-04-25T21:00:00Z,0.856500,0.863700,0.845300,0.848100,1512969
2025-04-25T22:00:00Z,0.848300,0.858700,0.848300,0.857100,527632
2025-04-25T23:00:00Z,0.857300,0.859800,0.851600,0.853500,700697
2025-04-26T00:00:00Z,0.853600,0.864300,0.853600,0.862500,1194656
2025-04-26T01:00:00Z,0.862500,0.880700,0.857100,0.876600,2689660
2025-04-26T02:00:00Z,0.876500,0.879500,0.869300,0.875000,2209202
2025-04-26T03:00:00Z,0.874900,0.879000,0.863400,0.865000,1527962
2025-04-26T04:00:00Z,0.864900,0.867600,0.855400,0.856600,1699003
2025-04-26T05:00:00Z,0.856500,0.863700,0.850100,0.862200,1477210
2025-04-26T06:00:00Z,0.862100,0.878000,0.860300,0.874200,1753212
2025-04-26T07:00:00Z,0.874200,0.878400,0.866800,0.867300,2113022
2025-04-26T08:00:00Z,0.867300,0.886300,0.863200,0.871500,4442951
2025-04-26T09:00:00Z,0.871500,0.873200,0.856400,0.866200,3414297
2025-04-26T10:00:00Z,0.866400,0.873800,0.863400,0.868600,1428338
2025-04-26T11:00:00Z,0.868600,0.871600,0.850000,0.854000,2966337
2025-04-26T12:00:00Z,0.853900,0.861800,0.847200,0.848700,3056227
2025-04-26T13:00:00Z,0.848700,0.853000,0.840000,0.850100,2922171
2025-04-26T14:00:00Z,0.850100,0.853100,0.841500,0.850000,2375405
2025-04-26T15:00:00Z,0.850100,0.861500,0.849900,0.859200,2193910
2025-04-26T16:00:00Z,0.859300,0.863600,0.850600,0.858200,1675495
2025-04-26T17:00:00Z,0.858200,0.862000,0.852700,0.860100,1046309
2025-04-26T18:00:00Z,0.860200,0.861400,0.853300,0.853700,879346
2025-04-26T19:00:00Z,0.853700,0.862900,0.853000,0.862300,742123
2025-04-26T20:00:00Z,0.862100,0.866700,0.857000,0.857800,1257988
2025-04-26T21:00:00Z,0.857800,0.865700,0.857700,0.860100,768358
2025-04-26T22:00:00Z,0.860200,0.868500,0.860200,0.863000,1341441
2025-04-26T23:00:00Z,0.862900,0.868500,0.860800,0.868400,1071241
2025-04-27T00:00:00Z,0.868500,0.900600,0.865600,0.897600,5123864
2025-04-27T01:00:00Z,0.897500,0.899800,0.857300,0.859500,6154356
2025-04-27T02:00:00Z,0.859500,0.872400,0.856200,0.863100,2948333
2025-04-27T03:00:00Z,0.863000,0.868800,0.858900,0.862500,1273505
2025-04-27T04:00:00Z,0.862500,0.865900,0.846400,0.846500,1972940
2025-04-27T05:00:00Z,0.846400,0.853100,0.838800,0.850400,3197636
2025-04-27T06:00:00Z,0.850500,0.856300,0.846600,0.849100,1524715
2025-04-27T07:00:00Z,0.849100,0.855900,0.844500,0.854800,1046334
2025-04-27T08:00:00Z,0.854900,0.859600,0.852200,0.856100,1323669
2025-04-27T09:00:00Z,0.856000,0.857400,0.849800,0.857000,1175392
2025-04-27T10:00:00Z,0.856900,0.859100,0.848700,0.852400,2131263
2025-04-27T11:00:00Z,0.852400,0.857300,0.851800,0.852000,1376073
2025-04-27T12:00:00Z,0.851900,0.854100,0.841300,0.842900,2330247
2025-04-27T13:00:00Z,0.842900,0.850600,0.832200,0.848800,1979620
2025-04-27T14:00:00Z,0.848700,0.851600,0.843400,0.843900,1248183
2025-04-27T15:00:00Z,0.843800,0.844400,0.836600,0.842500,1191170
2025-04-27T16:00:00Z,0.842500,0.846000,0.832000,0.837100,1804833
2025-04-27T17:00:00Z,0.837100,0.844700,0.835000,0.842800,1304202
2025-04-27T18:00:00Z,0.842900,0.849700,0.841500,0.848300,854753
2025-04-27T19:00:00Z,0.848400,0.850000,0.844100,0.849200,958722
2025-04-27T20:00:00Z,0.849300,0.850300,0.841000,0.841800,772395
2025-04-27T21:00:00Z,0.842000,0.848200,0.838600,0.846200,513410
2025-04-27T22:00:00Z,0.846100,0.846200,0.833200,0.837600,898476
2025-04-27T23:00:00Z,0.837500,0.839000,0.833100,0.834800,814472
2025-04-28T00:00:00Z,0.834700,0.842900,0.824300,0.832500,3034175
2025-04-28T01:00:00Z,0.832300,0.835500,0.811500,0.825100,4048110
2025-04-28T02:00:00Z,0.825000,0.837100,0.823300,0.833300,2091518
2025-04-28T03:00:00Z,0.833400,0.845000,0.829800,0.844300,1668767
2025-04-28T04:00:00Z,0.844300,0.857700,0.844200,0.848500,2087050
2025-04-28T05:00:00Z,0.848400,0.854000,0.843400,0.847200,1915799
2025-04-28T06:00:00Z,0.847000,0.859100,0.846500,0.856000,1357382
2025-04-28T07:00:00Z,0.856100,0.867800,0.852600,0.866000,2116040
2025-04-28T08:00:00Z,0.865900,0.870800,0.858300,0.869600,2523649
2025-04-28T09:00:00Z,0.869800,0.873700,0.864900,0.865400,1314237
2025-04-28T10:00:00Z,0.865500,0.875000,0.852100,0.867300,3912164
2025-04-28T11:00:00Z,0.867200,0.874000,0.862200,0.868300,2026648
2025-04-28T12:00:00Z,0.868300,0.869300,0.857400,0.858600,1243380
2025-04-28T13:00:00Z,0.858400,0.862400,0.841300,0.842400,2415545
2025-04-28T14:00:00Z,0.842700,0.852400,0.836800,0.839000,2614635
2025-04-28T15:00:00Z,0.839000,0.842000,0.815300,0.822900,4493314
2025-04-28T16:00:00Z,0.822700,0.828800,0.812400,0.823800,2631123
2025-04-28T17:00:00Z,0.823800,0.839600,0.823800,0.838000,1959739
2025-04-28T18:00:00Z,0.837900,0.842100,0.830400,0.839700,1616655
2025-04-28T19:00:00Z,0.839600,0.850600,0.839000,0.847100,2454300
2025-04-28T20:00:00Z,0.847000,0.848300,0.840000,0.842300,1111085
2025-04-28T21:00:00Z,0.842500,0.844500,0.835800,0.842000,648392
2025-04-28T22:00:00Z,0.841800,0.846800,0.837600,0.841100,2049848
2025-04-28T23:00:00Z,0.841100,0.841300,0.833800,0.839100,2283365
2025-04-29T00:00:00Z,0.839100,0.844200,0.833200,0.839900,1368736
2025-04-29T01:00:00Z,0.839900,0.846500,0.833000,0.838400,1346646
2025-04-29T02:00:00Z,0.838400,0.842700,0.834700,0.839700,1138922
2025-04-29T03:00:00Z,0.839800,0.846700,0.839200,0.845100,1400976
2025-04-29T04:00:00Z,0.845200,0.849900,0.833300,0.835900,1209345
2025-04-29T05:00:00Z,0.835800,0.841800,0.834400,0.840500,738962
2025-04-29T06:00:00Z,0.840300,0.867200,0.840100,0.864100,3784871
2025-04-29T07:00:00Z,0.864100,0.864300,0.849100,0.853200,4156009
2025-04-29T08:00:00Z,0.853300,0.859000,0.844900,0.857900,4180186
2025-04-29T09:00:00Z,0.858100,0.860300,0.846500,0.853200,2312133
2025-04-29T10:00:00Z,0.853200,0.866300,0.845000,0.851000,3671821
2025-04-29T11:00:00Z,0.851000,0.864100,0.850200,0.857000,2021671
2025-04-29T12:00:00Z,0.857100,0.857700,0.840000,0.844800,2536587
2025-04-29T13:00:00Z,0.844900,0.849300,0.835300,0.846800,3062848
2025-04-29T14:00:00Z,0.846600,0.856400,0.843400,0.855100,1835135
2025-04-29T15:00:00Z,0.855100,0.856100,0.841600,0.843200,1117238
2025-04-29T16:00:00Z,0.843300,0.856400,0.842200,0.849300,2157463
2025-04-29T17:00:00Z,0.849200,0.854300,0.842500,0.849300,2031181
2025-04-29T18:00:00Z,0.849400,0.854700,0.846100,0.853000,755183
2025-04-29T19:00:00Z,0.852900,0.855800,0.847800,0.848500,1123516
2025-04-29T20:00:00Z,0.848600,0.850800,0.839800,0.840600,1008112
2025-04-29T21:00:00Z,0.840600,0.840600,0.820600,0.828700,3449348
2025-04-29T22:00:00Z,0.828700,0.828700,0.819300,0.822300,1928196
2025-04-29T23:00:00Z,0.822000,0.827900,0.814000,0.826300,1248553
2025-04-30T00:00:00Z,0.826200,0.837700,0.822400,0.833900,1707464
2025-04-30T01:00:00Z,0.834000,0.835000,0.818300,0.824300,1280920
2025-04-30T02:00:00Z,0.824100,0.831500,0.821700,0.828500,781301
2025-04-30T03:00:00Z,0.828300,0.830300,0.823500,0.829100,1121236
2025-04-30T04:00:00Z,0.829100,0.831400,0.825100,0.830400,979854
2025-04-30T05:00:00Z,0.830400,0.830700,0.822800,0.828000,764465
2025-04-30T06:00:00Z,0.828000,0.833600,0.825700,0.829900,688804
2025-04-30T07:00:00Z,0.829900,0.832100,0.822200,0.827000,826165
2025-04-30T08:00:00Z,0.827100,0.832100,0.822800,0.824600,1477391
2025-04-30T09:00:00Z,0.824500,0.837800,0.824200,0.836800,1042510
2025-04-30T10:00:00Z,0.836900,0.837200,0.831600,0.835200,637402
2025-04-30T11:00:00Z,0.835200,0.839000,0.833400,0.838700,685881
2025-04-30T12:00:00Z,0.838700,0.840600,0.806900,0.816500,3440860
2025-04-30T13:00:00Z,0.816700,0.818300,0.788300,0.792000,5337509
2025-04-30T14:00:00Z,0.792000,0.820700,0.789200,0.816000,4130097
2025-04-30T15:00:00Z,0.816100,0.825700,0.814000,0.819800,1275678
2025-04-30T16:00:00Z,0.819700,0.819800,0.801100,0.817000,3327295
2025-04-30T17:00:00Z,0.817000,0.824600,0.810400,0.822800,1402293
2025-04-30T18:00:00Z,0.822800,0.831300,0.821700,0.827400,1643045
2025-04-30T19:00:00Z,0.827400,0.834200,0.823000,0.831100,782650
2025-04-30T20:00:00Z,0.830900,0.848900,0.829900,0.839900,3277433
2025-04-30T21:00:00Z,0.839800,0.845600,0.832600,0.834900,1204406
2025-04-30T22:00:00Z,0.834900,0.839700,0.831200,0.834800,895601
2025-04-30T23:00:00Z,0.834900,0.836500,0.828600,0.829600,936794
2025-05-01T00:00:00Z,0.829600,0.843100,0.828700,0.840900,1158648
2025-05-01T01:00:00Z,0.840900,0.848700,0.839700,0.845100,1074993
2025-05-01T02:00:00Z,0.845100,0.848900,0.839000,0.839800,745977
2025-05-01T03:00:00Z,0.839900,0.846100,0.834200,0.835500,596539
2025-05-01T04:00:00Z,0.835500,0.840500,0.832500,0.840200,1148015
2025-05-01T05:00:00Z,0.840200,0.845900,0.838300,0.844400,1182503
2025-05-01T06:00:00Z,0.844300,0.845500,0.838100,0.841900,849039
2025-05-01T07:00:00Z,0.841900,0.842800,0.837800,0.838600,682873
2025-05-01T08:00:00Z,0.838500,0.847200,0.836600,0.846300,1131630
2025-05-01T09:00:00Z,0.846300,0.851400,0.843500,0.846500,1606705
2025-05-01T10:00:00Z,0.846400,0.862500,0.844500,0.858800,3172427
2025-05-01T11:00:00Z,0.858800,0.863700,0.849700,0.860200,1973113
2025-05-01T12:00:00Z,0.860000,0.864900,0.853700,0.858700,2152138
2025-05-01T13:00:00Z,0.858800,0.861800,0.841800,0.842100,3176219
2025-05-01T14:00:00Z,0.842100,0.862000,0.842100,0.861600,2157613
2025-05-01T15:00:00Z,0.861800,0.872800,0.858100,0.862100,3844141
2025-05-01T16:00:00Z,0.862100,0.874900,0.861900,0.864700,1682622
2025-05-01T17:00:00Z,0.864700,0.873000,0.856700,0.865100,1749380
2025-05-01T18:00:00Z,0.865100,0.867600,0.857700,0.867200,1229851
2025-05-01T19:00:00Z,0.867000,0.867400,0.859400,0.860100,1432992
2025-05-01T20:00:00Z,0.860000,0.866400,0.856000,0.863000,1375444
2025-05-01T21:00:00Z,0.862900,0.864700,0.858300,0.859900,692474
2025-05-01T22:00:00Z,0.860200,0.864500,0.856800,0.858000,958479
2025-05-01T23:00:00Z,0.858100,0.859700,0.849800,0.856900,864553
2025-05-02T00:00:00Z,0.856800,0.867900,0.853400,0.867300,1131176
2025-05-02T01:00:00Z,0.867200,0.868900,0.855700,0.860400,1475686
2025-05-02T02:00:00Z,0.860300,0.870300,0.857400,0.866100,1288420
2025-05-02T03:00:00Z,0.866300,0.870100,0.859500,0.859700,1041244
2025-05-02T04:00:00Z,0.859800,0.862500,0.852500,0.855900,1300229
2025-05-02T05:00:00Z,0.855800,0.857900,0.851000,0.853800,861040
2025-05-02T06:00:00Z,0.853700,0.858300,0.850700,0.852800,951941
2025-05-02T07:00:00Z,0.852800,0.853800,0.842900,0.844200,2254922
2025-05-02T08:00:00Z,0.844100,0.855000,0.839000,0.853800,1522485
2025-05-02T09:00:00Z,0.853900,0.855500,0.850500,0.850800,626734
2025-05-02T10:00:00Z,0.850900,0.852200,0.844100,0.844300,2421311
2025-05-02T11:00:00Z,0.844400,0.851400,0.844000,0.848600,774572
2025-05-02T12:00:00Z,0.848700,0.858200,0.843400,0.858100,2296174
2025-05-02T13:00:00Z,0.858000,0.858800,0.848300,0.851200,1177081
2025-05-02T14:00:00Z,0.851200,0.867100,0.851100,0.863100,1901709
2025-05-02T15:00:00Z,0.863100,0.868100,0.851500,0.855600,1477112
2025-05-02T16:00:00Z,0.855600,0.877900,0.855100,0.872400,3512092
2025-05-02T17:00:00Z,0.872600,0.873800,0.861300,0.865600,1790659
2025-05-02T18:00:00Z,0.865600,0.871100,0.857300,0.859800,1372017
2025-05-02T19:00:00Z,0.859700,0.860000,0.844700,0.849700,2021960
2025-05-02T20:00:00Z,0.849600,0.861900,0.847600,0.860400,1313834
2025-05-02T21:00:00Z,0.860300,0.860700,0.849000,0.852100,1335522
2025-05-02T22:00:00Z,0.852200,0.855700,0.850800,0.853200,892366
2025-05-02T23:00:00Z,0.853100,0.860500,0.852500,0.859900,540549
2025-05-03T00:00:00Z,0.860000,0.861300,0.847900,0.849500,1171119
2025-05-03T01:00:00Z,0.849400,0.850700,0.844500,0.846900,1119236
2025-05-03T02:00:00Z,0.847000,0.852900,0.845800,0.852500,660071
2025-05-03T03:00:00Z,0.852600,0.855300,0.848500,0.848800,499313
2025-05-03T04:00:00Z,0.848700,0.853200,0.847300,0.852200,388579
2025-05-03T05:00:00Z,0.852100,0.852100,0.845400,0.845500,560046
2025-05-03T06:00:00Z,0.845500,0.846200,0.840000,0.841600,902343
2025-05-03T07:00:00Z,0.841700,0.843100,0.836000,0.836900,1321827
2025-05-03T08:00:00Z,0.836800,0.836900,0.830800,0.833200,1925337
2025-05-03T09:00:00Z,0.833300,0.835500,0.828200,0.831000,861543
2025-05-03T10:00:00Z,0.831000,0.831900,0.820700,0.821500,1591630
2025-05-03T11:00:00Z,0.821500,0.825600,0.818200,0.819000,1707386
2025-05-03T12:00:00Z,0.819100,0.826300,0.818600,0.822800,1617124
2025-05-03T13:00:00Z,0.822800,0.826000,0.821800,0.825800,849316
2025-05-03T14:00:00Z,0.825800,0.828100,0.823600,0.825100,1097897
2025-05-03T15:00:00Z,0.825100,0.831100,0.820700,0.822000,1211075
2025-05-03T16:00:00Z,0.821900,0.822300,0.810900,0.815000,2142265
2025-05-03T17:00:00Z,0.815000,0.819400,0.801000,0.818700,3191328
2025-05-03T18:00:00Z,0.818700,0.821800,0.811500,0.814000,1324391
2025-05-03T19:00:00Z,0.813900,0.825200,0.811400,0.824100,1321214
2025-05-03T20:00:00Z,0.824100,0.828200,0.820300,0.824300,1460674
2025-05-03T21:00:00Z,0.824200,0.833500,0.818700,0.825900,1521894
2025-05-03T22:00:00Z,0.826000,0.830100,0.821000,0.828100,1127611
2025-05-03T23:00:00Z,0.828000,0.830200,0.821300,0.821800,1147515
2025-05-04T00:00:00Z,0.821800,0.828500,0.814100,0.817100,1393573
2025-05-04T01:00:00Z,0.817000,0.826600,0.815900,0.825100,1202024
2025-05-04T02:00:00Z,0.825200,0.833100,0.818700,0.820300,1944551
2025-05-04T03:00:00Z,0.820200,0.822800,0.810800,0.816800,1572452
2025-05-04T04:00:00Z,0.816900,0.821700,0.811000,0.815000,918755
2025-05-04T05:00:00Z,0.814900,0.831500,0.814100,0.828300,2233981
2025-05-04T06:00:00Z,0.828300,0.831400,0.818400,0.828100,1300410
2025-05-04T07:00:00Z,0.828200,0.828500,0.817700,0.823200,757019
2025-05-04T08:00:00Z,0.823200,0.823300,0.812200,0.816200,1551612
2025-05-04T09:00:00Z,0.816200,0.816200,0.808800,0.811800,1608407
2025-05-04T10:00:00Z,0.811800,0.817500,0.810100,0.815600,1157100
2025-05-04T11:00:00Z,0.815600,0.820100,0.814500,0.815700,1131700
2025-05-04T12:00:00Z,0.815800,0.818200,0.811400,0.811800,940454
2025-05-04T13:00:00Z,0.811900,0.814000,0.803900,0.809800,1853588
2025-05-04T14:00:00Z,0.809900,0.816900,0.809300,0.813700,965830
2025-05-04T15:00:00Z,0.813600,0.814600,0.805000,0.810700,1273772
2025-05-04T16:00:00Z,0.810600,0.813200,0.801600,0.804700,1293946
2025-05-04T17:00:00Z,0.804700,0.807200,0.797200,0.804700,1710839
2025-05-04T18:00:00Z,0.805000,0.808200,0.798100,0.799300,944748
2025-05-04T19:00:00Z,0.799300,0.806400,0.797900,0.801500,1496714
2025-05-04T20:00:00Z,0.801600,0.809800,0.801000,0.808200,1264938
2025-05-04T21:00:00Z,0.808200,0.808700,0.803500,0.806200,461336
2025-05-04T22:00:00Z,0.806100,0.806200,0.792800,0.799900,1933707
2025-05-04T23:00:00Z,0.799900,0.801700,0.794200,0.798800,1107947
2025-05-05T00:00:00Z,0.798700,0.808000,0.798000,0.806400,1227341
2025-05-05T01:00:00Z,0.806400,0.806500,0.790000,0.795000,1645446
2025-05-05T02:00:00Z,0.794900,0.806500,0.790700,0.802900,1368089
2025-05-05T03:00:00Z,0.803000,0.806100,0.798300,0.798800,672904
2025-05-05T04:00:00Z,0.798900,0.809000,0.797500,0.807600,861788
2025-05-05T05:00:00Z,0.807700,0.817700,0.803800,0.816600,2729307
2025-05-05T06:00:00Z,0.816600,0.818100,0.811600,0.812900,878127
2025-05-05T07:00:00Z,0.812900,0.816700,0.810200,0.816300,828982
2025-05-05T08:00:00Z,0.816300,0.825000,0.814000,0.820700,2179889
2025-05-05T09:00:00Z,0.820700,0.823000,0.817800,0.819300,1264614
2025-05-05T10:00:00Z,0.819300,0.819800,0.797100,0.802800,2097044
2025-05-05T11:00:00Z,0.802900,0.806300,0.796000,0.798900,1749593
2025-05-05T12:00:00Z,0.799000,0.805500,0.795100,0.803200,1604179
2025-05-05T13:00:00Z,0.803200,0.803900,0.792200,0.802000,2586864
2025-05-05T14:00:00Z,0.802100,0.806600,0.795800,0.800900,1949743
2025-05-05T15:00:00Z,0.800800,0.802600,0.789400,0.794700,1587766
2025-05-05T16:00:00Z,0.794600,0.801700,0.793200,0.796300,1304279
2025-05-05T17:00:00Z,0.796200,0.799600,0.785000,0.797200,3122121
2025-05-05T18:00:00Z,0.797300,0.805200,0.793800,0.799400,1740629
2025-05-05T19:00:00Z,0.799400,0.802500,0.787700,0.790100,2155757
2025-05-05T20:00:00Z,0.790100,0.790700,0.772200,0.777600,5130125
2025-05-05T21:00:00Z,0.777700,0.786600,0.776200,0.783500,1072062
2025-05-05T22:00:00Z,0.783400,0.794300,0.783200,0.789800,1258851
2025-05-05T23:00:00Z,0.789900,0.793700,0.783700,0.784800,969959
2025-05-06T00:00:00Z,0.784800,0.785200,0.774500,0.778800,1628837
2025-05-06T01:00:00Z,0.778700,0.788400,0.776800,0.777400,993535
2025-05-06T02:00:00Z,0.777200,0.780300,0.767400,0.776300,2138800
2025-05-06T03:00:00Z,0.776400,0.782700,0.770900,0.782300,1246669
2025-05-06T04:00:00Z,0.782300,0.786000,0.780300,0.782700,833657
2025-05-06T05:00:00Z,0.782400,0.783000,0.774500,0.775200,770076
2025-05-06T06:00:00Z,0.774900,0.783000,0.774600,0.781800,762344
2025-05-06T07:00:00Z,0.782000,0.785700,0.775800,0.777800,1330938
2025-05-06T08:00:00Z,0.777700,0.778000,0.765500,0.776100,1936394
2025-05-06T09:00:00Z,0.776000,0.776100,0.766300,0.771000,1458658
2025-05-06T10:00:00Z,0.771000,0.771000,0.757400,0.759900,3305226
2025-05-06T11:00:00Z,0.760000,0.764900,0.745200,0.753200,4813499
2025-05-06T12:00:00Z,0.753100,0.756600,0.749000,0.754600,2796910
2025-05-06T13:00:00Z,0.754700,0.756100,0.743400,0.751000,3401163
2025-05-06T14:00:00Z,0.751000,0.766400,0.751000,0.752900,2812268
2025-05-06T15:00:00Z,0.752800,0.757400,0.748600,0.751500,1867657
2025-05-06T16:00:00Z,0.751400,0.755200,0.745300,0.747200,2303832
2025-05-06T17:00:00Z,0.747100,0.758100,0.746400,0.752400,1900154
2025-05-06T18:00:00Z,0.752500,0.765400,0.751100,0.765100,1964485
2025-05-06T19:00:00Z,0.765100,0.769900,0.758500,0.758800,2258155
2025-05-06T20:00:00Z,0.758900,0.761200,0.747500,0.750700,1511104
2025-05-06T21:00:00Z,0.750600,0.755400,0.740600,0.750100,1979055
2025-05-06T22:00:00Z,0.750000,0.774500,0.749700,0.769700,5267087
2025-05-06T23:00:00Z,0.769700,0.780900,0.764900,0.778000,3189359
2025-05-07T00:00:00Z,0.778200,0.787600,0.773900,0.784100,3142710
2025-05-07T01:00:00Z,0.784100,0.790900,0.783200,0.787400,2181123
2025-05-07T02:00:00Z,0.787300,0.788300,0.777200,0.780000,2225704
2025-05-07T03:00:00Z,0.780000,0.782300,0.771800,0.780500,1789998
2025-05-07T04:00:00Z,0.780500,0.785100,0.778800,0.780300,1411253
2025-05-07T05:00:00Z,0.780400,0.783400,0.775100,0.777700,1640544
2025-05-07T06:00:00Z,0.777700,0.783800,0.776400,0.782900,1673158
2025-05-07T07:00:00Z,0.782800,0.791900,0.782200,0.791300,1581777
2025-05-07T08:00:00Z,0.791300,0.797800,0.786800,0.795100,2207907
2025-05-07T09:00:00Z,0.795100,0.798600,0.792200,0.797600,1621153
2025-05-07T10:00:00Z,0.797500,0.800400,0.790400,0.791700,1975015
2025-05-07T11:00:00Z,0.791700,0.792600,0.786900,0.788200,1408752
2025-05-07T12:00:00Z,0.788100,0.789200,0.780600,0.784500,1403638
2025-05-07T13:00:00Z,0.784400,0.788800,0.777900,0.784900,1960971
2025-05-07T14:00:00Z,0.784800,0.788000,0.769200,0.772600,3870957
2025-05-07T15:00:00Z,0.772600,0.774600,0.768100,0.768600,1442307
2025-05-07T16:00:00Z,0.768600,0.768800,0.756400,0.764100,2560675
2025-05-07T17:00:00Z,0.764200,0.766100,0.755100,0.760100,2131700
2025-05-07T18:00:00Z,0.760000,0.773400,0.753900,0.764600,4819601
2025-05-07T19:00:00Z,0.764700,0.767200,0.753900,0.760600,2663630
2025-05-07T20:00:00Z,0.760500,0.764200,0.756700,0.763900,1132732
2025-05-07T21:00:00Z,0.764000,0.773100,0.762000,0.772000,1622464
2025-05-07T22:00:00Z,0.772000,0.783900,0.770300,0.782000,1580409
2025-05-07T23:00:00Z,0.781900,0.787200,0.778200,0.779900,1148687
2025-05-08T00:00:00Z,0.779800,0.792900,0.779200,0.791600,1408461
2025-05-08T01:00:00Z,0.791500,0.805600,0.791400,0.797800,3735520
2025-05-08T02:00:00Z,0.797900,0.809900,0.797700,0.806400,2055981
2025-05-08T03:00:00Z,0.806500,0.832400,0.805100,0.830800,3473353
2025-05-08T04:00:00Z,0.830900,0.843900,0.830900,0.834400,5168550
2025-05-08T05:00:00Z,0.834400,0.840100,0.828500,0.832100,2190372
2025-05-08T06:00:00Z,0.832000,0.839700,0.831000,0.839200,1263356
2025-05-08T07:00:00Z,0.839200,0.851800,0.836300,0.846400,3712272
2025-05-08T08:00:00Z,0.846400,0.860000,0.846400,0.855000,3119812
2025-05-08T09:00:00Z,0.855000,0.860800,0.851800,0.859500,2112412
2025-05-08T10:00:00Z,0.859500,0.868200,0.854700,0.866800,2398670
2025-05-08T11:00:00Z,0.866700,0.866900,0.857000,0.863300,2536555
2025-05-08T12:00:00Z,0.863300,0.869200,0.855600,0.859500,2924887
2025-05-08T13:00:00Z,0.859700,0.869500,0.859500,0.866900,2182767
2025-05-08T14:00:00Z,0.867000,0.892500,0.864100,0.877300,5923213
2025-05-08T15:00:00Z,0.877400,0.918400,0.876000,0.908700,10180688
2025-05-08T16:00:00Z,0.908600,0.913100,0.892900,0.902400,4658057
2025-05-08T17:00:00Z,0.902500,0.904200,0.893600,0.900300,2652657
2025-05-08T18:00:00Z,0.900500,0.908300,0.896900,0.904200,2594155
2025-05-08T19:00:00Z,0.904100,0.924300,0.900400,0.921200,3672974
2025-05-08T20:00:00Z,0.921400,0.951900,0.911200,0.948200,5083878
2025-05-08T21:00:00Z,0.948100,0.962100,0.931500,0.938900,5486893
2025-05-08T22:00:00Z,0.939100,0.941600,0.927900,0.934800,2248528
2025-05-08T23:00:00Z,0.934800,0.966300,0.931700,0.965400,3095011
2025-05-09T00:00:00Z,0.965300,0.979400,0.950400,0.962500,3937287
2025-05-09T01:00:00Z,0.962400,0.978200,0.956100,0.967700,3188350
2025-05-09T02:00:00Z,0.967600,0.971800,0.961700,0.968600,2255300
2025-05-09T03:00:00Z,0.968600,0.981200,0.956700,0.961000,4065250
2025-05-09T04:00:00Z,0.961100,0.971200,0.957200,0.961200,2179185
2025-05-09T05:00:00Z,0.961200,0.972000,0.957400,0.972000,1874346
2025-05-09T06:00:00Z,0.971900,0.993800,0.970000,0.992800,4346205
2025-05-09T07:00:00Z,0.992500,1.047200,0.988800,1.033000,10144200
2025-05-09T08:00:00Z,1.033200,1.070500,1.008800,1.026200,10416221
2025-05-09T09:00:00Z,1.026100,1.036500,1.002500,1.015800,6722732
2025-05-09T10:00:00Z,1.016500,1.028900,1.010000,1.024900,2949243
2025-05-09T11:00:00Z,1.024900,1.043200,1.012600,1.025700,6255430
2025-05-09T12:00:00Z,1.025400,1.035500,1.012200,1.026700,3080982
2025-05-09T13:00:00Z,1.026500,1.038900,1.011300,1.028300,3866421
2025-05-09T14:00:00Z,1.028200,1.028200,0.993300,1.008900,8701498
2025-05-09T15:00:00Z,1.009300,1.021800,0.998600,1.011300,4404339
2025-05-09T16:00:00Z,1.011500,1.018400,0.996700,1.001900,3176422
2025-05-09T17:00:00Z,1.002000,1.024400,1.000300,1.020400,2556577
2025-05-09T18:00:00Z,1.020300,1.042400,1.014900,1.020700,15557382
2025-05-09T19:00:00Z,1.020800,1.022100,1.005000,1.014600,2324710
2025-05-09T20:00:00Z,1.014700,1.023300,1.011500,1.023100,1366641
2025-05-09T21:00:00Z,1.023000,1.027800,1.012200,1.023400,1344144
2025-05-09T22:00:00Z,1.023300,1.027600,1.015600,1.017000,1374715
2025-05-09T23:00:00Z,1.017100,1.031800,1.017100,1.031400,800060
2025-05-10T00:00:00Z,1.031300,1.049900,1.012800,1.020400,4048620
2025-05-10T01:00:00Z,1.020300,1.040300,1.019100,1.028200,2514025
2025-05-10T02:00:00Z,1.028400,1.038900,1.025000,1.030600,1344340
2025-05-10T03:00:00Z,1.030200,1.034200,1.023200,1.032900,817691
2025-05-10T04:00:00Z,1.032900,1.032900,1.016300,1.022700,1229361
2025-05-10T05:00:00Z,1.022700,1.036500,1.020300,1.035400,1107583
2025-05-10T06:00:00Z,1.035500,1.050700,1.031900,1.043200,2859945
2025-05-10T07:00:00Z,1.043100,1.071200,1.040700,1.065900,4883202
2025-05-10T08:00:00Z,1.066100,1.083800,1.049400,1.055900,3998532
2025-05-10T09:00:00Z,1.056000,1.068600,1.037200,1.061900,4465944
2025-05-10T10:00:00Z,1.061800,1.068400,1.047100,1.047900,3069923
2025-05-10T11:00:00Z,1.047800,1.055000,1.031900,1.037800,2549591
2025-05-10T12:00:00Z,1.037900,1.059700,1.036900,1.053600,2891745
2025-05-10T13:00:00Z,1.053700,1.074600,1.053200,1.067500,3011591
2025-05-10T14:00:00Z,1.067100,1.076100,1.056400,1.066800,2367251
2025-05-10T15:00:00Z,1.067000,1.072500,1.054500,1.054700,4044744
2025-05-10T16:00:00Z,1.054700,1.083400,1.051800,1.078900,4096657
2025-05-10T17:00:00Z,1.078900,1.094000,1.069900,1.074900,4483071
2025-05-10T18:00:00Z,1.074600,1.095700,1.073300,1.089100,2445775
2025-05-10T19:00:00Z,1.089100,1.101700,1.083000,1.096900,1737233
2025-05-10T20:00:00Z,1.097000,1.118600,1.084100,1.109000,2845834
2025-05-10T21:00:00Z,1.109300,1.146300,1.107300,1.138300,5361437
2025-05-10T22:00:00Z,1.138500,1.173000,1.132000,1.168000,6483758
2025-05-10T23:00:00Z,1.167900,1.178900,1.155600,1.163400,6259811
2025-05-11T00:00:00Z,1.163300,1.179300,1.108500,1.135300,7529172
2025-05-11T01:00:00Z,1.135400,1.145400,1.120100,1.130500,2500414
2025-05-11T02:00:00Z,1.130400,1.167800,1.125900,1.155900,3544069
2025-05-11T03:00:00Z,1.155800,1.161500,1.139000,1.143500,2548027
2025-05-11T04:00:00Z,1.143500,1.153900,1.133800,1.144000,1724857
2025-05-11T05:00:00Z,1.144000,1.152900,1.135900,1.136000,1630348
2025-05-11T06:00:00Z,1.136100,1.137500,1.110900,1.122700,2829495
2025-05-11T07:00:00Z,1.122900,1.124500,1.086300,1.101100,5777673
2025-05-11T08:00:00Z,1.101300,1.114900,1.090300,1.095300,2125338
2025-05-11T09:00:00Z,1.095300,1.115000,1.095300,1.109600,1666332
2025-05-11T10:00:00Z,1.109500,1.114200,1.104800,1.113800,1549931
2025-05-11T11:00:00Z,1.113900,1.127700,1.111900,1.121300,2452946
2025-05-11T12:00:00Z,1.121300,1.122400,1.110000,1.111700,1899823
2025-05-11T13:00:00Z,1.111700,1.122000,1.077400,1.079200,3779311
2025-05-11T14:00:00Z,1.079600,1.102300,1.079600,1.096900,2537573
2025-05-11T15:00:00Z,1.096700,1.108500,1.077400,1.089100,2482539
2025-05-11T16:00:00Z,1.089200,1.097000,1.072300,1.082600,3817493
2025-05-11T17:00:00Z,1.082600,1.097100,1.079000,1.094400,3685134
2025-05-11T18:00:00Z,1.094500,1.106100,1.082100,1.101000,2895697
2025-05-11T19:00:00Z,1.101000,1.110900,1.099000,1.100100,2015588
2025-05-11T20:00:00Z,1.100100,1.105200,1.091900,1.097600,1691143
2025-05-11T21:00:00Z,1.097400,1.105800,1.088100,1.104400,1171457
2025-05-11T22:00:00Z,1.104700,1.110900,1.083200,1.093200,1761564
2025-05-11T23:00:00Z,1.093500,1.099600,1.087600,1.098100,1106255
2025-05-12T00:00:00Z,1.097900,1.111500,1.093300,1.106000,2715673
2025-05-12T01:00:00Z,1.105700,1.115400,1.074600,1.089800,3426356
2025-05-12T02:00:00Z,1.089900,1.109200,1.087700,1.109200,2705613
2025-05-12T03:00:00Z,1.109300,1.119500,1.101000,1.109100,3784602
2025-05-12T04:00:00Z,1.109000,1.110600,1.093500,1.104400,1846279
2025-05-12T05:00:00Z,1.104300,1.107800,1.080500,1.087200,2094165
2025-05-12T06:00:00Z,1.087300,1.104400,1.081500,1.103600,1655321
2025-05-12T07:00:00Z,1.103600,1.166200,1.103600,1.123500,12065671
2025-05-12T08:00:00Z,1.123500,1.133300,1.098300,1.127000,4883221
2025-05-12T09:00:00Z,1.127200,1.133400,1.110000,1.114700,2438896
2025-05-12T10:00:00Z,1.114600,1.117900,1.101400,1.113100,2375161
2025-05-12T11:00:00Z,1.113000,1.116700,1.088600,1.093500,3013333
2025-05-12T12:00:00Z,1.093000,1.116600,1.092600,1.112300,2867809
2025-05-12T13:00:00Z,1.112600,1.126900,1.098000,1.114300,3711851
2025-05-12T14:00:00Z,1.114400,1.125300,1.063400,1.077100,8119999
2025-05-12T15:00:00Z,1.077400,1.092200,1.062600,1.075200,5014463
2025-05-12T16:00:00Z,1.075000,1.092900,1.066600,1.086600,3229420
2025-05-12T17:00:00Z,1.086600,1.098000,1.066900,1.073000,3006850
2025-05-12T18:00:00Z,1.073100,1.078600,1.026500,1.047400,9460981
2025-05-12T19:00:00Z,1.047500,1.071400,1.045200,1.069200,4669228
2025-05-12T20:00:00Z,1.069100,1.079800,1.059900,1.074000,2304592
2025-05-12T21:00:00Z,1.074100,1.079800,1.069400,1.074500,1523035
2025-05-12T22:00:00Z,1.074500,1.079200,1.070300,1.070700,1477808
2025-05-12T23:00:00Z,1.070600,1.084900,1.068100,1.078200,1917123
2025-05-13T00:00:00Z,1.078300,1.081900,1.056500,1.057500,2119308
2025-05-13T01:00:00Z,1.057300,1.066900,1.039500,1.046100,2759990
2025-05-13T02:00:00Z,1.046500,1.050100,1.026500,1.037200,2870188
2025-05-13T03:00:00Z,1.037600,1.042700,1.014300,1.015300,3195259
2025-05-13T04:00:00Z,1.015100,1.043300,1.012000,1.041900,3255985
2025-05-13T05:00:00Z,1.041800,1.044000,1.028000,1.035500,1708141
2025-05-13T06:00:00Z,1.035600,1.053900,1.035400,1.042900,3142841
2025-05-13T07:00:00Z,1.043000,1.058100,1.040900,1.047100,2139555
2025-05-13T08:00:00Z,1.047200,1.053900,1.042600,1.048500,1436869
2025-05-13T09:00:00Z,1.048500,1.064300,1.047500,1.060300,2024448
2025-05-13T10:00:00Z,1.060300,1.061300,1.044600,1.050500,2079943
2025-05-13T11:00:00Z,1.050600,1.063400,1.047700,1.062900,2378461
2025-05-13T12:00:00Z,1.062900,1.082000,1.054100,1.066800,5108526
2025-05-13T13:00:00Z,1.066900,1.077600,1.061700,1.065100,3245651
2025-05-13T14:00:00Z,1.065200,1.085900,1.055000,1.073600,5912231
2025-05-13T15:00:00Z,1.073600,1.098400,1.067300,1.096500,3602752
2025-05-13T16:00:00Z,1.096700,1.114800,1.092200,1.106200,5022873
2025-05-13T17:00:00Z,1.106500,1.126300,1.105500,1.121300,3866465
2025-05-13T18:00:00Z,1.121400,1.144200,1.119700,1.143500,4201584
2025-05-13T19:00:00Z,1.143400,1.169000,1.135300,1.150000,7471339
2025-05-13T20:00:00Z,1.150000,1.157700,1.127100,1.153800,6544796
2025-05-13T21:00:00Z,1.153700,1.161400,1.136600,1.156400,3409048
2025-05-13T22:00:00Z,1.156400,1.165000,1.142200,1.150700,2971478
2025-05-13T23:00:00Z,1.150700,1.154200,1.137300,1.151200,3136768
2025-05-14T00:00:00Z,1.151200,1.161500,1.142600,1.159600,2755803
2025-05-14T01:00:00Z,1.159700,1.176300,1.146300,1.151600,5298608
2025-05-14T02:00:00Z,1.152000,1.153400,1.124100,1.127700,5638505
2025-05-14T03:00:00Z,1.127600,1.134400,1.116800,1.134200,2684698
2025-05-14T04:00:00Z,1.134300,1.144800,1.125000,1.143200,2022029
2025-05-14T05:00:00Z,1.143400,1.154000,1.138000,1.147700,1872613
2025-05-14T06:00:00Z,1.147700,1.149900,1.133600,1.142100,1600018
2025-05-14T07:00:00Z,1.142100,1.142400,1.120000,1.122600,2504794
2025-05-14T08:00:00Z,1.122600,1.127200,1.080900,1.092000,7680257
2025-05-14T09:00:00Z,1.092100,1.102900,1.084800,1.100800,3985622
2025-05-14T10:00:00Z,1.100800,1.106200,1.093100,1.094000,2465929
2025-05-14T11:00:00Z,1.093800,1.109400,1.093800,1.103000,2422248
2025-05-14T12:00:00Z,1.103200,1.107800,1.090000,1.092900,2506456
2025-05-14T13:00:00Z,1.092800,1.106600,1.069600,1.088900,4843016
2025-05-14T14:00:00Z,1.089000,1.089900,1.066700,1.071700,3744723
2025-05-14T15:00:00Z,1.071800,1.077800,1.061200,1.075200,3320818
2025-05-14T16:00:00Z,1.075100,1.075500,1.058000,1.065400,2390130
2025-05-14T17:00:00Z,1.065500,1.068800,1.050900,1.067800,2724525
2025-05-14T18:00:00Z,1.067800,1.074000,1.061500,1.072000,2272112
2025-05-14T19:00:00Z,1.071900,1.077500,1.067600,1.070800,1990549
2025-05-14T20:00:00Z,1.070800,1.075000,1.067300,1.067700,1440057
2025-05-14T21:00:00Z,1.067700,1.068500,1.057300,1.067400,1721051
2025-05-14T22:00:00Z,1.067300,1.070800,1.054000,1.058300,1544721
2025-05-14T23:00:00Z,1.058300,1.062900,1.049900,1.060500,1991024
2025-05-15T00:00:00Z,1.060600,1.077600,1.058800,1.072000,2711211
2025-05-15T01:00:00Z,1.072000,1.074700,1.040500,1.046100,3326357
2025-05-15T02:00:00Z,1.046000,1.057500,1.044000,1.052300,2033085
2025-05-15T03:00:00Z,1.052200,1.053700,1.036600,1.038500,1788513
2025-05-15T04:00:00Z,1.038500,1.047200,1.036500,1.039600,1650229
2025-05-15T05:00:00Z,1.039600,1.041900,1.021300,1.024700,2848191
2025-05-15T06:00:00Z,1.024700,1.033800,1.017500,1.022900,2956333
2025-05-15T07:00:00Z,1.022800,1.025000,0.990900,0.995000,5469350
2025-05-15T08:00:00Z,0.994900,1.019800,0.994700,1.019000,3453761
2025-05-15T09:00:00Z,1.018800,1.022000,0.992200,1.001300,3370696
2025-05-15T10:00:00Z,1.001200,1.002900,0.979700,0.992000,3067792
2025-05-15T11:00:00Z,0.992200,1.009400,0.990200,1.000100,2855054
2025-05-15T12:00:00Z,1.000100,1.017100,0.995100,1.005800,4414982
2025-05-15T13:00:00Z,1.006200,1.015500,0.978500,0.991700,5743027
2025-05-15T14:00:00Z,0.991700,0.998000,0.966900,0.978200,6335141
2025-05-15T15:00:00Z,0.978100,1.022000,0.976300,1.019400,4665762
2025-05-15T16:00:00Z,1.019400,1.039100,1.010000,1.038900,4274820
2025-05-15T17:00:00Z,1.039000,1.043900,1.021800,1.025000,4024679
2025-05-15T18:00:00Z,1.024900,1.026100,0.988900,0.993400,4970002
2025-05-15T19:00:00Z,0.993700,1.003200,0.980200,0.991800,3137441
2025-05-15T20:00:00Z,0.991900,1.001000,0.981000,0.990900,4200912
2025-05-15T21:00:00Z,0.990800,0.992600,0.971200,0.990100,2122816
2025-05-15T22:00:00Z,0.990000,1.000900,0.981800,0.982000,1565266
2025-05-15T23:00:00Z,0.981800,0.988700,0.958100,0.987100,4095657
2025-05-16T00:00:00Z,0.987100,0.996000,0.981200,0.986100,1798325
2025-05-16T01:00:00Z,0.986200,0.997100,0.976800,0.992600,2181383
2025-05-16T02:00:00Z,0.992700,1.005300,0.988900,0.997000,2943088
2025-05-16T03:00:00Z,0.997100,1.005400,0.990100,1.002800,1793948
2025-05-16T04:00:00Z,1.002900,1.008500,0.986500,0.994900,1979623
2025-05-16T05:00:00Z,0.995000,1.005500,0.995000,1.001100,1593898
2025-05-16T06:00:00Z,1.001000,1.006600,0.996900,0.998900,1656421
2025-05-16T07:00:00Z,0.998900,1.009000,0.992600,1.001400,2581734
2025-05-16T08:00:00Z,1.001400,1.005900,0.975800,0.984500,3276235
2025-05-16T09:00:00Z,0.984700,1.005400,0.983900,1.003200,3288586
2025-05-16T10:00:00Z,1.003400,1.007300,0.994900,1.006700,2220966
2025-05-16T11:00:00Z,1.006800,1.016000,0.995200,0.997900,3362569
2025-05-16T12:00:00Z,0.997900,1.003500,0.987600,0.988400,2177261
2025-05-16T13:00:00Z,0.988400,1.002700,0.984600,1.000400,2209583
2025-05-16T14:00:00Z,1.000200,1.000200,0.976500,0.983200,4617031
2025-05-16T15:00:00Z,0.983300,0.995900,0.983100,0.987600,1840359
2025-05-16T16:00:00Z,0.987600,0.993800,0.967600,0.982600,3302416
2025-05-16T17:00:00Z,0.982500,0.989400,0.968800,0.973800,2350342
2025-05-16T18:00:00Z,0.973700,0.982100,0.972700,0.979400,1660492
2025-05-16T19:00:00Z,0.979300,0.985000,0.974100,0.983600,1918542
2025-05-16T20:00:00Z,0.983500,0.984400,0.965600,0.971200,2650380
2025-05-16T21:00:00Z,0.971200,0.977500,0.965300,0.969900,1394043
2025-05-16T22:00:00Z,0.970000,0.971300,0.950100,0.961300,3174764
2025-05-16T23:00:00Z,0.961200,0.969800,0.959000,0.961200,1574878
2025-05-17T00:00:00Z,0.961100,0.964200,0.939200,0.950500,5384501
2025-05-17T01:00:00Z,0.950400,0.952800,0.927100,0.933900,3390517
2025-05-17T02:00:00Z,0.934000,0.945000,0.924600,0.940200,2636188
2025-05-17T03:00:00Z,0.940300,0.948200,0.930300,0.947100,1985871
2025-05-17T04:00:00Z,0.946900,0.954200,0.941600,0.949700,1447264
2025-05-17T05:00:00Z,0.949700,0.951200,0.934700,0.935700,1408205
2025-05-17T06:00:00Z,0.935700,0.946100,0.932500,0.945900,1721750
2025-05-17T07:00:00Z,0.945900,0.953400,0.937700,0.943800,1785768
2025-05-17T08:00:00Z,0.943800,0.945800,0.933500,0.933900,1766222
2025-05-17T09:00:00Z,0.934000,0.940600,0.926100,0.936600,2045977
2025-05-17T10:00:00Z,0.936600,0.946100,0.934700,0.941900,1577985
2025-05-17T11:00:00Z,0.942000,0.944200,0.931800,0.934900,1562643
2025-05-17T12:00:00Z,0.934900,0.938400,0.928800,0.929900,1200860
2025-05-17T13:00:00Z,0.930100,0.934100,0.917600,0.922400,2632780
2025-05-17T14:00:00Z,0.922300,0.940200,0.922300,0.938800,1871689
2025-05-17T15:00:00Z,0.938600,0.939500,0.928600,0.929200,1479915
2025-05-17T16:00:00Z,0.929200,0.933100,0.909800,0.920800,4014058
2025-05-17T17:00:00Z,0.920700,0.929800,0.919200,0.919800,1865966
2025-05-17T18:00:00Z,0.919700,0.931400,0.913000,0.914600,3272263
2025-05-17T19:00:00Z,0.914500,0.923000,0.911800,0.914300,1601916
2025-05-17T20:00:00Z,0.914200,0.931500,0.911800,0.929000,2590956
2025-05-17T21:00:00Z,0.929000,0.930300,0.917900,0.921000,1626762
2025-05-17T22:00:00Z,0.920900,0.921300,0.901200,0.907000,2630797
2025-05-17T23:00:00Z,0.906900,0.916800,0.905300,0.912100,1565138
2025-05-18T00:00:00Z,0.912100,0.914000,0.902500,0.912000,1769426
2025-05-18T01:00:00Z,0.912000,0.920400,0.906400,0.917700,1747554
2025-05-18T02:00:00Z,0.917500,0.919800,0.910700,0.911000,1376317
2025-05-18T03:00:00Z,0.911100,0.916100,0.900700,0.906300,1961629
2025-05-18T04:00:00Z,0.906400,0.915800,0.905200,0.912500,1253589
2025-05-18T05:00:00Z,0.912700,0.937800,0.912700,0.935500,2944054
2025-05-18T06:00:00Z,0.935600,0.937300,0.920100,0.923200,2344090
2025-05-18T07:00:00Z,0.923200,0.941200,0.920500,0.940100,1997303
2025-05-18T08:00:00Z,0.940000,0.953100,0.939100,0.949600,3531321
2025-05-18T09:00:00Z,0.949700,0.956800,0.935200,0.937900,2647796
2025-05-18T10:00:00Z,0.937700,0.942200,0.928500,0.933800,2055076
2025-05-18T11:00:00Z,0.933700,0.938800,0.921500,0.922800,3171578
2025-05-18T12:00:00Z,0.922700,0.927200,0.912700,0.926700,3585692
2025-05-18T13:00:00Z,0.926600,0.942700,0.919400,0.940900,3413200
2025-05-18T14:00:00Z,0.941000,0.968500,0.938300,0.957900,6954186
2025-05-18T15:00:00Z,0.958000,0.978000,0.953000,0.970900,5166358
2025-05-18T16:00:00Z,0.971000,0.973400,0.957300,0.967900,4499868
2025-05-18T17:00:00Z,0.968100,0.968200,0.916200,0.920000,8551188
2025-05-18T18:00:00Z,0.920100,0.922400,0.896000,0.905000,9195808
2025-05-18T19:00:00Z,0.905000,0.910000,0.876400,0.878600,5908461
2025-05-18T20:00:00Z,0.878600,0.885900,0.857600,0.882900,10046362
2025-05-18T21:00:00Z,0.882900,0.903400,0.882700,0.891600,4519227
2025-05-18T22:00:00Z,0.891700,0.919100,0.880300,0.919000,4843957
2025-05-18T23:00:00Z,0.918800,0.947700,0.909800,0.941700,4712212
2025-05-19T00:00:00Z,0.941800,0.951800,0.914100,0.917700,5647667
2025-05-19T01:00:00Z,0.917800,0.921200,0.902200,0.906200,3246577
2025-05-19T02:00:00Z,0.906100,0.909700,0.886600,0.889900,3860436
2025-05-19T03:00:00Z,0.889900,0.890900,0.872800,0.876000,4333762
2025-05-19T04:00:00Z,0.876200,0.885300,0.863400,0.869300,4151052
2025-05-19T05:00:00Z,0.869400,0.879700,0.866700,0.874800,3564287
2025-05-19T06:00:00Z,0.875000,0.884300,0.857700,0.858900,3484292
2025-05-19T07:00:00Z,0.858800,0.890100,0.857900,0.880400,4209939
2025-05-19T08:00:00Z,0.880600,0.888600,0.870600,0.874400,4913018
2025-05-19T09:00:00Z,0.874400,0.879900,0.866800,0.870800,2884807
2025-05-19T10:00:00Z,0.870700,0.877400,0.863300,0.871100,2869425
2025-05-19T11:00:00Z,0.871100,0.877000,0.868200,0.873900,2023406
2025-05-19T12:00:00Z,0.873900,0.876100,0.858800,0.862500,3301162
2025-05-19T13:00:00Z,0.862500,0.891100,0.861900,0.880500,4894563
2025-05-19T14:00:00Z,0.880600,0.894000,0.879400,0.887800,3847072
2025-05-19T15:00:00Z,0.887800,0.896000,0.881200,0.887500,3668202
2025-05-19T16:00:00Z,0.887500,0.907600,0.880000,0.906000,4319892
2025-05-19T17:00:00Z,0.905700,0.921900,0.900500,0.901700,6116317
2025-05-19T18:00:00Z,0.901700,0.907000,0.885100,0.890300,3730331
2025-05-19T19:00:00Z,0.890400,0.902000,0.886500,0.896400,2274370
2025-05-19T20:00:00Z,0.896400,0.901800,0.892200,0.894300,3238759
2025-05-19T21:00:00Z,0.894300,0.899700,0.885800,0.899200,2537796
2025-05-19T22:00:00Z,0.899100,0.899100,0.887300,0.890800,2146499
2025-05-19T23:00:00Z,0.890800,0.902700,0.889800,0.898800,1732006
2025-05-20T00:00:00Z,0.898800,0.919000,0.891500,0.893300,5312012
2025-05-20T01:00:00Z,0.893200,0.916500,0.890500,0.910700,2899110
2025-05-20T02:00:00Z,0.910900,0.927800,0.910700,0.912200,4572917
2025-05-20T03:00:00Z,0.912400,0.917800,0.900600,0.905600,3089639
2025-05-20T04:00:00Z,0.905500,0.909000,0.895100,0.906100,2168365
2025-05-20T05:00:00Z,0.906200,0.913200,0.900900,0.901600,2573173
2025-05-20T06:00:00Z,0.901600,0.904200,0.885800,0.894000,3159093
2025-05-20T07:00:00Z,0.894100,0.895000,0.874300,0.880900,4273515
2025-05-20T08:00:00Z,0.880800,0.884900,0.868800,0.874100,3873944
2025-05-20T09:00:00Z,0.874100,0.877000,0.866400,0.868200,2765558
2025-05-20T10:00:00Z,0.868300,0.872500,0.851700,0.856300,5206999
2025-05-20T11:00:00Z,0.856400,0.867500,0.846800,0.860200,5393761
2025-05-20T12:00:00Z,0.860300,0.861000,0.850600,0.855800,3442922
2025-05-20T13:00:00Z,0.855900,0.859800,0.850300,0.855100,3669074
2025-05-20T14:00:00Z,0.855000,0.863700,0.850900,0.853700,4085598
2025-05-20T15:00:00Z,0.853500,0.869800,0.852700,0.868000,3409114
2025-05-20T16:00:00Z,0.868100,0.873300,0.855200,0.855800,3140895
2025-05-20T17:00:00Z,0.855900,0.876700,0.854600,0.871300,3723755
2025-05-20T18:00:00Z,0.871300,0.874400,0.849200,0.852200,4434678
2025-05-20T19:00:00Z,0.852300,0.879500,0.850500,0.874200,3229730
2025-05-20T20:00:00Z,0.874300,0.888400,0.869000,0.882500,4063976
2025-05-20T21:00:00Z,0.882600,0.889400,0.871900,0.876000,2890790
2025-05-20T22:00:00Z,0.876100,0.878200,0.862700,0.871900,2307322
2025-05-20T23:00:00Z,0.871900,0.881200,0.865900,0.869200,2608668
2025-05-21T00:00:00Z,0.869200,0.878100,0.866200,0.870600,2705845
2025-05-21T01:00:00Z,0.870600,0.883000,0.868400,0.872900,2926920
2025-05-21T02:00:00Z,0.872900,0.887600,0.861900,0.885700,3228176
2025-05-21T03:00:00Z,0.885800,0.905000,0.882700,0.897900,3897116
2025-05-21T04:00:00Z,0.897900,0.905800,0.889600,0.895700,3539681
2025-05-21T05:00:00Z,0.895600,0.919900,0.893600,0.918900,5083981
2025-05-21T06:00:00Z,0.918900,0.930300,0.907800,0.921200,4942036
2025-05-21T07:00:00Z,0.921300,0.924800,0.897600,0.903100,5005448
2025-05-21T08:00:00Z,0.903200,0.908500,0.892700,0.893000,3451034
2025-05-21T09:00:00Z,0.893200,0.896900,0.886800,0.890900,3474256
2025-05-21T10:00:00Z,0.890800,0.894700,0.882900,0.888500,3960642
2025-05-21T11:00:00Z,0.888500,0.907100,0.888500,0.892700,4846567
2025-05-21T12:00:00Z,0.892700,0.897100,0.881300,0.883700,3362025
2025-05-21T13:00:00Z,0.883800,0.898200,0.874800,0.890700,5256798
2025-05-21T14:00:00Z,0.890800,0.908800,0.881900,0.908200,5986566
2025-05-21T15:00:00Z,0.908100,0.912900,0.896600,0.908400,8019636
2025-05-21T16:00:00Z,0.908400,0.942800,0.904100,0.922400,9319513
2025-05-21T17:00:00Z,0.922500,0.929500,0.867000,0.877500,21895782
2025-05-21T18:00:00Z,0.877600,0.889800,0.868700,0.877500,7432323
2025-05-21T19:00:00Z,0.877400,0.900000,0.870200,0.897400,5468018
2025-05-21T20:00:00Z,0.897300,0.900300,0.880300,0.889700,3332153
2025-05-21T21:00:00Z,0.889700,0.896300,0.883600,0.885400,1754953
2025-05-21T22:00:00Z,0.885400,0.897700,0.884000,0.895700,2508740
2025-05-21T23:00:00Z,0.895800,0.921800,0.894500,0.899300,6831938
2025-05-22T00:00:00Z,0.899500,0.929100,0.897900,0.928200,4736636
2025-05-22T01:00:00Z,0.928200,0.935600,0.914000,0.921900,4788443
2025-05-22T02:00:00Z,0.921900,0.934300,0.917500,0.933500,3627734
2025-05-22T03:00:00Z,0.933600,0.955200,0.928900,0.947600,5448259
2025-05-22T04:00:00Z,0.947700,0.953500,0.938700,0.950200,3191673
2025-05-22T05:00:00Z,0.949900,0.957500,0.941000,0.942400,4189121
2025-05-22T06:00:00Z,0.942600,0.948500,0.932400,0.935900,3744577
2025-05-22T07:00:00Z,0.935900,0.951200,0.933000,0.948300,3048653
2025-05-22T08:00:00Z,0.948300,0.967300,0.944600,0.959500,6030610
2025-05-22T09:00:00Z,0.959500,0.974100,0.957000,0.963900,5319600
2025-05-22T10:00:00Z,0.963900,0.968400,0.953300,0.960400,4564818
2025-05-22T11:00:00Z,0.960300,0.963200,0.946000,0.952900,4375000
2025-05-22T12:00:00Z,0.952900,0.963000,0.946700,0.958900,4158853
2025-05-22T13:00:00Z,0.959000,0.960100,0.937200,0.945000,5712520
2025-05-22T14:00:00Z,0.945000,0.966100,0.944400,0.961500,4384406
2025-05-22T15:00:00Z,0.961600,0.973200,0.959000,0.961300,3185200
2025-05-22T16:00:00Z,0.961400,0.969400,0.950000,0.952700,3290781
2025-05-22T17:00:00Z,0.952700,0.967500,0.948300,0.961700,2577655
2025-05-22T18:00:00Z,0.961700,0.985200,0.956700,0.980000,5001624
2025-05-22T19:00:00Z,0.979900,0.983200,0.955100,0.960300,5101088
2025-05-22T20:00:00Z,0.960400,0.972900,0.958100,0.962700,2795299
2025-05-22T21:00:00Z,0.962700,0.962700,0.949200,0.954600,1925514
2025-05-22T22:00:00Z,0.954700,0.966600,0.953100,0.954100,2334178
2025-05-22T23:00:00Z,0.954200,0.968900,0.954200,0.965900,1766856
2025-05-23T00:00:00Z,0.966000,0.973100,0.956900,0.966900,4317575
2025-05-23T01:00:00Z,0.966700,0.987800,0.963200,0.976000,5079168
2025-05-23T02:00:00Z,0.976100,1.006200,0.973000,0.988400,8228678
2025-05-23T03:00:00Z,0.988200,1.011800,0.987500,1.009800,4339072
2025-05-23T04:00:00Z,1.009700,1.014300,0.973400,0.982900,5935387
2025-05-23T05:00:00Z,0.982800,0.994600,0.974100,0.986200,3351860
2025-05-23T06:00:00Z,0.986200,0.988200,0.958100,0.964700,5241798
2025-05-23T07:00:00Z,0.965000,0.975100,0.960500,0.961200,2844874
2025-05-23T08:00:00Z,0.961300,0.980700,0.959100,0.978500,3526260
2025-05-23T09:00:00Z,0.978700,0.993300,0.975000,0.992700,3350416
2025-05-23T10:00:00Z,0.992800,0.993100,0.971200,0.978500,4345784
2025-05-23T11:00:00Z,0.978400,0.978600,0.894300,0.905300,24426815
2025-05-23T12:00:00Z,0.905400,0.906600,0.870300,0.900700,22760803
2025-05-23T13:00:00Z,0.900800,0.921300,0.890100,0.920900,7770672
2025-05-23T14:00:00Z,0.920800,0.924500,0.908600,0.912500,4375663
2025-05-23T15:00:00Z,0.912500,0.916100,0.896000,0.898300,4824093
2025-05-23T16:00:00Z,0.898300,0.903200,0.887400,0.898800,6102905
2025-05-23T17:00:00Z,0.898600,0.911700,0.898000,0.903200,4657749
2025-05-23T18:00:00Z,0.903200,0.906100,0.892000,0.894200,3315771
2025-05-23T19:00:00Z,0.894300,0.902900,0.892700,0.896000,2715252
2025-05-23T20:00:00Z,0.895900,0.896800,0.878600,0.882300,4097055
2025-05-23T21:00:00Z,0.882300,0.888000,0.875400,0.880100,2415893
2025-05-23T22:00:00Z,0.880200,0.888400,0.871800,0.871900,2551302
2025-05-23T23:00:00Z,0.872000,0.873900,0.853000,0.858800,5723833
2025-05-24T00:00:00Z,0.858800,0.868700,0.852000,0.858100,3347686
2025-05-24T01:00:00Z,0.858000,0.870900,0.858000,0.863400,2274364
2025-05-24T02:00:00Z,0.863300,0.873200,0.859400,0.870600,2612066
2025-05-24T03:00:00Z,0.870500,0.877200,0.868300,0.874800,1683669
2025-05-24T04:00:00Z,0.874600,0.878500,0.869000,0.875900,2568433
2025-05-24T05:00:00Z,0.875800,0.876700,0.863800,0.869100,2326641
2025-05-24T06:00:00Z,0.869000,0.873600,0.860800,0.868900,2236073
2025-05-24T07:00:00Z,0.869000,0.875300,0.866300,0.868300,1857869
2025-05-24T08:00:00Z,0.868400,0.871700,0.861900,0.870500,1983152
2025-05-24T09:00:00Z,0.870600,0.872300,0.864200,0.865300,2114278
2025-05-24T10:00:00Z,0.865300,0.876400,0.864000,0.873500,3145723
2025-05-24T11:00:00Z,0.873400,0.877100,0.867100,0.868200,2607714
2025-05-24T12:00:00Z,0.868300,0.870800,0.862700,0.868600,2652868
2025-05-24T13:00:00Z,0.868600,0.870000,0.858800,0.859900,2813236
2025-05-24T14:00:00Z,0.859800,0.875100,0.858000,0.873200,3638808
2025-05-24T15:00:00Z,0.873200,0.875800,0.863700,0.869100,2293576
2025-05-24T16:00:00Z,0.869000,0.872300,0.860400,0.869100,2227059
2025-05-24T17:00:00Z,0.869100,0.876300,0.866700,0.869400,2167189
2025-05-24T18:00:00Z,0.869300,0.874600,0.862100,0.863900,1387631
2025-05-24T19:00:00Z,0.864000,0.871700,0.862800,0.870300,1523949
2025-05-24T20:00:00Z,0.870500,0.874800,0.868000,0.872500,1427086
2025-05-24T21:00:00Z,0.872500,0.874000,0.861300,0.870600,1727122
2025-05-24T22:00:00Z,0.870700,0.870800,0.864400,0.866800,1418935
2025-05-24T23:00:00Z,0.866800,0.874800,0.862500,0.872100,2923018
2025-05-25T00:00:00Z,0.872100,0.875900,0.852400,0.857700,5028657
2025-05-25T01:00:00Z,0.857800,0.858600,0.843000,0.853400,5039084
2025-05-25T02:00:00Z,0.853600,0.860000,0.841200,0.858500,2546718
2025-05-25T03:00:00Z,0.858400,0.867900,0.858200,0.864700,1799649
2025-05-25T04:00:00Z,0.864800,0.864800,0.857800,0.864100,1301211
2025-05-25T05:00:00Z,0.864000,0.867600,0.860600,0.866100,1164231
2025-05-25T06:00:00Z,0.866200,0.867200,0.860400,0.863000,1223315
2025-05-25T07:00:00Z,0.862900,0.863100,0.849700,0.856900,2671809
2025-05-25T08:00:00Z,0.856900,0.856900,0.838300,0.843200,4208440
2025-05-25T09:00:00Z,0.843200,0.851100,0.838300,0.849400,2959129
2025-05-25T10:00:00Z,0.849400,0.852800,0.844000,0.844700,1508749
2025-05-25T11:00:00Z,0.844700,0.851200,0.842300,0.848800,1792960
2025-05-25T12:00:00Z,0.848700,0.856500,0.843700,0.856200,1903432
2025-05-25T13:00:00Z,0.856000,0.859000,0.849600,0.852500,1629938
2025-05-25T14:00:00Z,0.852500,0.855300,0.842400,0.847000,1938980
2025-05-25T15:00:00Z,0.847000,0.849100,0.828200,0.847600,5056264
2025-05-25T16:00:00Z,0.847600,0.847700,0.836900,0.846500,1982403
2025-05-25T17:00:00Z,0.846500,0.850800,0.842300,0.843600,1421710
2025-05-25T18:00:00Z,0.843700,0.848100,0.841100,0.843900,1886216
2025-05-25T19:00:00Z,0.843800,0.857600,0.843000,0.852300,1787259
2025-05-25T20:00:00Z,0.852400,0.853000,0.845100,0.849400,1506760
2025-05-25T21:00:00Z,0.849400,0.855000,0.842100,0.847500,1419507
2025-05-25T22:00:00Z,0.847700,0.875900,0.845600,0.873100,4775048
2025-05-25T23:00:00Z,0.873200,0.874900,0.866400,0.874100,2580279
2025-05-26T00:00:00Z,0.874100,0.883800,0.867900,0.883000,3125356
2025-05-26T01:00:00Z,0.883100,0.884500,0.870100,0.872400,2767648
2025-05-26T02:00:00Z,0.872500,0.872600,0.866300,0.868000,1384471
2025-05-26T03:00:00Z,0.867900,0.875000,0.864500,0.871500,2706231
2025-05-26T04:00:00Z,0.871600,0.872200,0.867800,0.868800,1493720
2025-05-26T05:00:00Z,0.868700,0.877900,0.867000,0.875600,1528737
2025-05-26T06:00:00Z,0.875500,0.886000,0.873500,0.884900,2756600
2025-05-26T07:00:00Z,0.884700,0.894600,0.882300,0.891000,3962016
2025-05-26T08:00:00Z,0.891000,0.893300,0.881700,0.883900,2482159
2025-05-26T09:00:00Z,0.883900,0.890200,0.879300,0.882100,2901434
2025-05-26T10:00:00Z,0.881900,0.883700,0.873900,0.877300,2267774
2025-05-26T11:00:00Z,0.877300,0.880200,0.870700,0.877500,1854922
2025-05-26T12:00:00Z,0.877500,0.887400,0.873600,0.884700,2214263
2025-05-26T13:00:00Z,0.884600,0.887600,0.867900,0.872000,3649920
2025-05-26T14:00:00Z,0.872000,0.875400,0.863100,0.870900,3556487
2025-05-26T15:00:00Z,0.871000,0.887900,0.866600,0.885900,3860481
2025-05-26T16:00:00Z,0.886100,0.891300,0.867400,0.874500,5809176
2025-05-26T17:00:00Z,0.874600,0.883600,0.868600,0.874000,4400621
2025-05-26T18:00:00Z,0.873800,0.885200,0.870300,0.877000,2390470
2025-05-26T19:00:00Z,0.876900,0.886800,0.874800,0.883900,1992920
2025-05-26T20:00:00Z,0.883800,0.899100,0.881400,0.898500,3376127
2025-05-26T21:00:00Z,0.898500,0.899900,0.889500,0.897400,2623616
2025-05-26T22:00:00Z,0.897400,0.899900,0.885200,0.886000,1787743
2025-05-26T23:00:00Z,0.886000,0.887100,0.880000,0.883900,1620034
2025-05-27T00:00:00Z,0.884000,0.888600,0.871000,0.872500,2142982
2025-05-27T01:00:00Z,0.872500,0.872500,0.857500,0.864800,5490665
2025-05-27T02:00:00Z,0.864800,0.875600,0.864000,0.869800,2202064
2025-05-27T03:00:00Z,0.869800,0.883500,0.869700,0.874200,2164242
2025-05-27T04:00:00Z,0.874200,0.880700,0.870900,0.874000,2000250
2025-05-27T05:00:00Z,0.874000,0.884000,0.865700,0.882800,2495695
2025-05-27T06:00:00Z,0.882700,0.909300,0.882700,0.891000,7957465
2025-05-27T07:00:00Z,0.891100,0.912200,0.890500,0.908500,3910654
2025-05-27T08:00:00Z,0.908600,0.930800,0.908300,0.929200,8227107
2025-05-27T09:00:00Z,0.929000,0.932900,0.914500,0.926300,6347224
2025-05-27T10:00:00Z,0.926300,0.927200,0.914700,0.925300,3731041
2025-05-27T11:00:00Z,0.925300,0.936800,0.918500,0.936000,3559669
2025-05-27T12:00:00Z,0.936000,0.937800,0.915100,0.924500,5746670
2025-05-27T13:00:00Z,0.924500,0.933800,0.918400,0.923100,6878913
2025-05-27T14:00:00Z,0.923000,0.926900,0.903800,0.909900,7674369
2025-05-27T15:00:00Z,0.909900,0.922000,0.903700,0.922000,4253295
2025-05-27T16:00:00Z,0.922100,0.934300,0.915800,0.928100,5493641
2025-05-27T17:00:00Z,0.928100,0.949700,0.927400,0.937400,5933823
2025-05-27T18:00:00Z,0.937600,0.943100,0.926800,0.927600,4119895
2025-05-27T19:00:00Z,0.927500,0.932400,0.923800,0.927800,2739853
2025-05-27T20:00:00Z,0.928000,0.936400,0.921200,0.924000,3459870
2025-05-27T21:00:00Z,0.924000,0.925700,0.912800,0.916500,3139680
2025-05-27T22:00:00Z,0.916600,0.919600,0.907900,0.910100,2885016
2025-05-27T23:00:00Z,0.910000,0.912000,0.906100,0.909900,1515698
2025-05-28T00:00:00Z,0.909900,0.914100,0.897400,0.914100,3970896
2025-05-28T01:00:00Z,0.914000,0.915100,0.899700,0.901000,2316689
2025-05-28T02:00:00Z,0.901200,0.902900,0.892600,0.899300,2570238
2025-05-28T03:00:00Z,0.899400,0.906200,0.894300,0.902300,1950937
2025-05-28T04:00:00Z,0.902200,0.909900,0.894300,0.905000,2476886
2025-05-28T05:00:00Z,0.905000,0.907000,0.897100,0.902700,2664521
2025-05-28T06:00:00Z,0.902700,0.902700,0.892100,0.893700,2256147
2025-05-28T07:00:00Z,0.893600,0.900700,0.891100,0.894000,1988901
2025-05-28T08:00:00Z,0.894100,0.906200,0.893300,0.905000,2515780
2025-05-28T09:00:00Z,0.905000,0.907700,0.894500,0.899100,2410008
2025-05-28T10:00:00Z,0.899200,0.916200,0.888000,0.916100,6044379
2025-05-28T11:00:00Z,0.916000,0.930000,0.915600,0.920300,5512102
2025-05-28T12:00:00Z,0.920400,0.942800,0.917600,0.931900,4572335
2025-05-28T13:00:00Z,0.932000,0.938300,0.916400,0.918400,7377845
2025-05-28T14:00:00Z,0.918200,0.921500,0.898100,0.899000,8680371
2025-05-28T15:00:00Z,0.898800,0.909600,0.890200,0.898200,5414381
2025-05-28T16:00:00Z,0.898300,0.909700,0.896200,0.908600,3015887
2025-05-28T17:00:00Z,0.908800,0.922000,0.904900,0.907900,4072093
2025-05-28T18:00:00Z,0.907800,0.912700,0.888000,0.890100,4638794
2025-05-28T19:00:00Z,0.890100,0.902800,0.879700,0.881700,5525935
2025-05-28T20:00:00Z,0.881700,0.892100,0.878200,0.892000,4486940
2025-05-28T21:00:00Z,0.892000,0.904300,0.890700,0.903500,2968728
2025-05-28T22:00:00Z,0.903500,0.907400,0.893300,0.896700,2917403
2025-05-28T23:00:00Z,0.896800,0.936400,0.896800,0.935600,5452964
2025-05-29T00:00:00Z,0.935600,0.980000,0.930400,0.978100,11024142
2025-05-29T01:00:00Z,0.978100,0.978500,0.958100,0.971100,7026243
2025-05-29T02:00:00Z,0.971200,1.011100,0.969200,1.009900,12853526
2025-05-29T03:00:00Z,1.009700,1.012100,0.995000,0.999100,8048054
2025-05-29T04:00:00Z,0.999100,1.002900,0.952200,0.963600,13054929
2025-05-29T05:00:00Z,0.963500,0.970000,0.955900,0.963800,7973170
2025-05-29T06:00:00Z,0.963800,0.978000,0.959500,0.966400,4849318
2025-05-29T07:00:00Z,0.966400,0.974500,0.959500,0.971400,4286953
2025-05-29T08:00:00Z,0.971500,0.977100,0.958900,0.966000,6230148
2025-05-29T09:00:00Z,0.966100,0.968500,0.960100,0.967400,3063206
2025-05-29T10:00:00Z,0.967500,0.970600,0.955000,0.962400,3884802
2025-05-29T11:00:00Z,0.962400,0.964200,0.955800,0.962000,2523958
2025-05-29T12:00:00Z,0.961900,0.962600,0.942800,0.950100,5312054
2025-05-29T13:00:00Z,0.950000,0.955400,0.928700,0.931900,7722739
2025-05-29T14:00:00Z,0.931900,0.937100,0.906100,0.935100,13215558
2025-05-29T15:00:00Z,0.935100,0.937000,0.913000,0.918100,5870805
2025-05-29T16:00:00Z,0.918200,0.929400,0.914800,0.916700,5030524
2025-05-29T17:00:00Z,0.916600,0.932100,0.914600,0.927100,4126499
2025-05-29T18:00:00Z,0.927200,0.935600,0.919600,0.922900,4353324
2025-05-29T19:00:00Z,0.923000,0.929500,0.913600,0.920900,5260090
2025-05-29T20:00:00Z,0.920900,0.926900,0.919000,0.919900,3887018
2025-05-29T21:00:00Z,0.919900,0.955700,0.918700,0.945200,9033681
2025-05-29T22:00:00Z,0.945300,0.946800,0.909000,0.909900,8093501
2025-05-29T23:00:00Z,0.910000,0.916800,0.893700,0.902500,5770174
2025-05-30T00:00:00Z,0.902400,0.912300,0.844700,0.861400,14009757
2025-05-30T01:00:00Z,0.861600,0.888400,0.858500,0.878200,8665705
2025-05-30T02:00:00Z,0.878200,0.910600,0.877900,0.902500,5755820
2025-05-30T03:00:00Z,0.902600,0.916500,0.900400,0.907400,4869511
2025-05-30T04:00:00Z,0.907500,0.942400,0.896700,0.932700,8974923
2025-05-30T05:00:00Z,0.932800,0.963600,0.923200,0.958100,10294938
2025-05-30T06:00:00Z,0.958100,1.000300,0.935200,0.950200,23630669
2025-05-30T07:00:00Z,0.950500,0.982600,0.949800,0.961400,15063490
2025-05-30T08:00:00Z,0.961400,0.993500,0.953800,0.988500,12459792
2025-05-30T09:00:00Z,0.988500,1.016700,0.961500,0.993400,30389670
2025-05-30T10:00:00Z,0.993300,0.996400,0.972600,0.980600,9240593
2025-05-30T11:00:00Z,0.980700,0.985000,0.964100,0.974000,8789357
2025-05-30T12:00:00Z,0.974200,0.983200,0.946200,0.969600,15533661
2025-05-30T13:00:00Z,0.969600,0.982900,0.937800,0.939200,16233822
2025-05-30T14:00:00Z,0.939200,0.945900,0.902500,0.908800,19101421
2025-05-30T15:00:00Z,0.908800,0.926500,0.880000,0.881800,14544447
2025-05-30T16:00:00Z,0.881800,0.888600,0.853000,0.856700,19654796
2025-05-30T17:00:00Z,0.856800,0.874300,0.851900,0.872400,9809749
2025-05-30T18:00:00Z,0.872300,0.902700,0.869700,0.886300,11634554
2025-05-30T19:00:00Z,0.886300,0.898100,0.882000,0.883900,5244473
2025-05-30T20:00:00Z,0.883700,0.891000,0.880400,0.883000,3896244
2025-05-30T21:00:00Z,0.883000,0.885800,0.861000,0.865700,4310362
2025-05-30T22:00:00Z,0.865800,0.866000,0.834800,0.835900,10706269
2025-05-30T23:00:00Z,0.835800,0.837100,0.802200,0.813800,15312603
2025-05-31T00:00:00Z,0.813900,0.814400,0.778300,0.792700,15456918
2025-05-31T01:00:00Z,0.792600,0.803000,0.775500,0.799800,10478634
2025-05-31T02:00:00Z,0.799800,0.803200,0.787700,0.789500,8722497
2025-05-31T03:00:00Z,0.789600,0.807500,0.784300,0.804000,7046053
2025-05-31T04:00:00Z,0.803900,0.810200,0.795600,0.808800,4841845
2025-05-31T05:00:00Z,0.808700,0.831700,0.800200,0.811100,7868475
2025-05-31T06:00:00Z,0.811100,0.836200,0.809200,0.818700,6702587
2025-05-31T07:00:00Z,0.818700,0.830300,0.814000,0.817700,3868366
2025-05-31T08:00:00Z,0.817700,0.823300,0.810400,0.812400,4840595
2025-05-31T09:00:00Z,0.812300,0.820400,0.808200,0.808900,3408675
2025-05-31T10:00:00Z,0.808900,0.818700,0.803100,0.815500,5582471
2025-05-31T11:00:00Z,0.815300,0.816200,0.805200,0.808500,2703251
2025-05-31T12:00:00Z,0.808500,0.818700,0.804800,0.818000,4049213
2025-05-31T13:00:00Z,0.817900,0.827600,0.812800,0.817600,5669781
2025-05-31T14:00:00Z,0.817500,0.828200,0.815300,0.823500,4163837
2025-05-31T15:00:00Z,0.823400,0.832100,0.815200,0.817000,4101258
2025-05-31T16:00:00Z,0.817000,0.836500,0.813300,0.834900,3967580
2025-05-31T17:00:00Z,0.834900,0.840900,0.828500,0.830100,3619786
2025-05-31T18:00:00Z,0.830100,0.859600,0.828600,0.856900,5681823
2025-05-31T19:00:00Z,0.857000,0.858900,0.847100,0.848100,3183277
2025-05-31T20:00:00Z,0.848000,0.849200,0.842900,0.845000,2532966
2025-05-31T21:00:00Z,0.845000,0.850900,0.837600,0.839800,2468498
2025-05-31T22:00:00Z,0.839800,0.841100,0.833200,0.833200,1497869
2025-05-31T23:00:00Z,0.833200,0.840400,0.827600,0.831200,2972552
2025-06-01T00:00:00Z,0.831300,0.838500,0.826000,0.834500,2551456
2025-06-01T01:00:00Z,0.834500,0.841400,0.829000,0.835400,2348134
2025-06-01T02:00:00Z,0.835300,0.841700,0.827700,0.834900,3193846
2025-06-01T03:00:00Z,0.834900,0.837400,0.821900,0.831700,2475392
2025-06-01T04:00:00Z,0.831700,0.844900,0.826900,0.842100,2312952
2025-06-01T05:00:00Z,0.842100,0.854100,0.841600,0.848200,3697338
2025-06-01T06:00:00Z,0.848100,0.849800,0.840400,0.840900,2093421
2025-06-01T07:00:00Z,0.840900,0.844900,0.836000,0.837900,1967080
2025-06-01T08:00:00Z,0.837800,0.839500,0.830900,0.834100,1848618
2025-06-01T09:00:00Z,0.834000,0.837400,0.814800,0.828200,5293696
2025-06-01T10:00:00Z,0.828300,0.855500,0.822100,0.851900,8898949
2025-06-01T11:00:00Z,0.851900,0.862400,0.846100,0.846900,4497630
2025-06-01T12:00:00Z,0.846900,0.850200,0.838200,0.843100,3378946
2025-06-01T13:00:00Z,0.843000,0.853100,0.840300,0.844300,2913250
2025-06-01T14:00:00Z,0.844400,0.855200,0.844400,0.847200,3187538
2025-06-01T15:00:00Z,0.847100,0.856800,0.843900,0.854000,2317231
2025-06-01T16:00:00Z,0.853900,0.874400,0.851800,0.856400,5959585
2025-06-01T17:00:00Z,0.856500,0.858400,0.851100,0.851800,2305377
2025-06-01T18:00:00Z,0.851700,0.852100,0.833900,0.843000,3755313
2025-06-01T19:00:00Z,0.843000,0.849500,0.839300,0.849400,2032866
2025-06-01T20:00:00Z,0.849400,0.853200,0.841600,0.849200,1633921
2025-06-01T21:00:00Z,0.849300,0.855600,0.846000,0.850000,1701506
2025-06-01T22:00:00Z,0.849900,0.859200,0.849600,0.857100,2065893
2025-06-01T23:00:00Z,0.857000,0.863000,0.853200,0.855300,2575772
2025-06-02T00:00:00Z,0.855100,0.863000,0.845900,0.849800,4463752
2025-06-02T01:00:00Z,0.849800,0.857000,0.843200,0.843600,2485706
2025-06-02T02:00:00Z,0.843600,0.844700,0.836200,0.838800,1710983
2025-06-02T03:00:00Z,0.838900,0.839700,0.829200,0.831200,2379444
2025-06-02T04:00:00Z,0.831200,0.833600,0.824300,0.826400,2171133
2025-06-02T05:00:00Z,0.826400,0.831500,0.813200,0.821900,3096596
2025-06-02T06:00:00Z,0.822000,0.835500,0.815500,0.828400,3366560
2025-06-02T07:00:00Z,0.828500,0.839900,0.828100,0.835900,2214644
2025-06-02T08:00:00Z,0.835900,0.846600,0.829200,0.833700,4051122
2025-06-02T09:00:00Z,0.833800,0.834100,0.823900,0.828900,3391289
2025-06-02T10:00:00Z,0.828900,0.831800,0.821500,0.825400,3172178
2025-06-02T11:00:00Z,0.825500,0.828500,0.818700,0.824800,2197523
2025-06-02T12:00:00Z,0.824700,0.837600,0.823200,0.833700,2536655
2025-06-02T13:00:00Z,0.833800,0.848700,0.826000,0.833300,5287901
2025-06-02T14:00:00Z,0.833200,0.843800,0.827000,0.837100,5138586
2025-06-02T15:00:00Z,0.837200,0.844200,0.831700,0.840700,3736902
2025-06-02T16:00:00Z,0.840700,0.848700,0.830000,0.844400,5248947
2025-06-02T17:00:00Z,0.844400,0.846200,0.837500,0.842600,3450182
2025-06-02T18:00:00Z,0.842600,0.853100,0.838200,0.840100,3804516
2025-06-02T19:00:00Z,0.840100,0.842200,0.830400,0.835300,3209627
2025-06-02T20:00:00Z,0.835300,0.852500,0.835200,0.849500,3297551
2025-06-02T21:00:00Z,0.849600,0.866500,0.848900,0.865800,3678957
2025-06-02T22:00:00Z,0.865700,0.882700,0.865400,0.879900,4725704
2025-06-02T23:00:00Z,0.880200,0.895100,0.868200,0.871800,9096576
2025-06-03T00:00:00Z,0.871900,0.886000,0.868200,0.879200,6813587
2025-06-03T01:00:00Z,0.879200,0.889200,0.875700,0.886600,3236349
2025-06-03T02:00:00Z,0.886700,0.887600,0.863300,0.867700,7917153
2025-06-03T03:00:00Z,0.867600,0.868800,0.857900,0.859900,3865729
2025-06-03T04:00:00Z,0.859900,0.861300,0.850600,0.854100,2384251
2025-06-03T05:00:00Z,0.854200,0.867400,0.853600,0.866200,2435415
2025-06-03T06:00:00Z,0.866300,0.869000,0.856800,0.868500,2935441
2025-06-03T07:00:00Z,0.868500,0.869300,0.857800,0.860400,2255800
2025-06-03T08:00:00Z,0.860600,0.862400,0.850800,0.858200,3128519
2025-06-03T09:00:00Z,0.858300,0.865200,0.853900,0.860800,2361825
2025-06-03T10:00:00Z,0.860800,0.861800,0.855900,0.861400,2657945
2025-06-03T11:00:00Z,0.861500,0.866800,0.854000,0.856200,3422740
2025-06-03T12:00:00Z,0.856200,0.863000,0.852100,0.860900,2138781
2025-06-03T13:00:00Z,0.860900,0.884600,0.860900,0.876100,9559005
2025-06-03T14:00:00Z,0.876100,0.885900,0.868300,0.883100,6788963
2025-06-03T15:00:00Z,0.883100,0.894600,0.867000,0.870900,10531918
2025-06-03T16:00:00Z,0.870700,0.876500,0.863400,0.866000,2916872
2025-06-03T17:00:00Z,0.866100,0.877400,0.864700,0.869200,3234380
2025-06-03T18:00:00Z,0.869200,0.869500,0.862400,0.866300,1705256
2025-06-03T19:00:00Z,0.866300,0.883500,0.866300,0.877400,3486712
2025-06-03T20:00:00Z,0.877600,0.879900,0.862800,0.863900,4211915
2025-06-03T21:00:00Z,0.863900,0.864300,0.845800,0.849500,4754789
2025-06-03T22:00:00Z,0.849600,0.854000,0.841900,0.850100,5174800
2025-06-03T23:00:00Z,0.850100,0.853600,0.840200,0.844900,3062483
2025-06-04T00:00:00Z,0.844900,0.854800,0.841000,0.854300,3012051
2025-06-04T01:00:00Z,0.854100,0.868200,0.853800,0.858400,3499891
2025-06-04T02:00:00Z,0.858500,0.865500,0.853500,0.855500,1794498
2025-06-04T03:00:00Z,0.855500,0.875500,0.855300,0.868700,3445514
2025-06-04T04:00:00Z,0.868700,0.870800,0.862700,0.870400,1771093
2025-06-04T05:00:00Z,0.870500,0.873000,0.859600,0.859900,2280874
2025-06-04T06:00:00Z,0.860000,0.866100,0.856900,0.862900,2585702
2025-06-04T07:00:00Z,0.863000,0.864200,0.855000,0.861100,2045980
2025-06-04T08:00:00Z,0.861100,0.870700,0.858300,0.869000,2868026
2025-06-04T09:00:00Z,0.869100,0.872100,0.858500,0.864700,2962131
2025-06-04T10:00:00Z,0.864800,0.869300,0.857600,0.859700,2570400
2025-06-04T11:00:00Z,0.859600,0.871700,0.851800,0.853400,5735067
2025-06-04T12:00:00Z,0.853500,0.859500,0.847700,0.847800,3633041
2025-06-04T13:00:00Z,0.847700,0.855100,0.843000,0.847100,4082673
2025-06-04T14:00:00Z,0.847000,0.861900,0.840100,0.861400,5542146
2025-06-04T15:00:00Z,0.861400,0.933600,0.854400,0.909700,32445712
2025-06-04T16:00:00Z,0.909800,0.938900,0.895000,0.917700,35799710
2025-06-04T17:00:00Z,0.917700,0.931300,0.895500,0.903500,14027632
2025-06-04T18:00:00Z,0.903500,0.920000,0.898100,0.906900,8378453
2025-06-04T19:00:00Z,0.906800,0.914500,0.889600,0.892400,7083801
2025-06-04T20:00:00Z,0.892300,0.896900,0.879500,0.890600,7719352
2025-06-04T21:00:00Z,0.890700,0.906300,0.880400,0.899700,4270021
2025-06-04T22:00:00Z,0.899700,0.902600,0.882800,0.885100,3304268
2025-06-04T23:00:00Z,0.885100,0.895400,0.882200,0.885000,3770964
2025-06-05T00:00:00Z,0.884800,0.893300,0.880600,0.886800,4150305
2025-06-05T01:00:00Z,0.886500,0.895800,0.876000,0.880100,4118575
2025-06-05T02:00:00Z,0.880200,0.893700,0.871500,0.873400,6122250
2025-06-05T03:00:00Z,0.873500,0.883500,0.869400,0.876900,4034882
2025-06-05T04:00:00Z,0.876900,0.886500,0.874000,0.884700,3204036
2025-06-05T05:00:00Z,0.884700,0.889500,0.865400,0.872200,5564926
2025-06-05T06:00:00Z,0.872300,0.881600,0.864400,0.868900,3929180
2025-06-05T07:00:00Z,0.869000,0.872600,0.857400,0.859700,4895514
2025-06-05T08:00:00Z,0.859800,0.864600,0.845000,0.855900,9125536
2025-06-05T09:00:00Z,0.856000,0.863100,0.841200,0.844400,6572738
2025-06-05T10:00:00Z,0.844300,0.847500,0.835600,0.846100,6432591
2025-06-05T11:00:00Z,0.846100,0.852300,0.839300,0.850600,3542597
2025-06-05T12:00:00Z,0.850600,0.866800,0.845600,0.861500,7776994
2025-06-05T13:00:00Z,0.861500,0.864900,0.843100,0.843600,6271364
2025-06-05T14:00:00Z,0.843700,0.853100,0.831300,0.843200,8989939
2025-06-05T15:00:00Z,0.843100,0.852500,0.840600,0.843300,3645948
2025-06-05T16:00:00Z,0.843300,0.844400,0.827300,0.833600,8343575
2025-06-05T17:00:00Z,0.833600,0.841600,0.830700,0.838300,3431667
2025-06-05T18:00:00Z,0.838200,0.841600,0.827600,0.833400,4590624
2025-06-05T19:00:00Z,0.833400,0.835600,0.800900,0.816700,13310888
2025-06-05T20:00:00Z,0.816700,0.820500,0.743100,0.752200,45253391
2025-06-05T21:00:00Z,0.752100,0.771600,0.750900,0.766900,14928685
2025-06-05T22:00:00Z,0.766800,0.771800,0.757000,0.765000,7889772
2025-06-05T23:00:00Z,0.764900,0.767200,0.758100,0.760000,4676748
2025-06-06T00:00:00Z,0.760000,0.769900,0.752700,0.765600,6863868
2025-06-06T01:00:00Z,0.765600,0.767600,0.759100,0.761700,4692934
2025-06-06T02:00:00Z,0.761700,0.772100,0.755300,0.769800,5593090
2025-06-06T03:00:00Z,0.769800,0.774200,0.761600,0.772800,7646033
2025-06-06T04:00:00Z,0.772800,0.774800,0.762600,0.768200,6990059
2025-06-06T05:00:00Z,0.768200,0.773500,0.761900,0.766800,4825244
2025-06-06T06:00:00Z,0.766800,0.774000,0.764000,0.770900,4760037
2025-06-06T07:00:00Z,0.770600,0.775800,0.763000,0.766000,5233337
2025-06-06T08:00:00Z,0.766000,0.773300,0.763900,0.768000,4570765
2025-06-06T09:00:00Z,0.767900,0.777500,0.767500,0.768800,4621342
2025-06-06T10:00:00Z,0.768900,0.774600,0.767600,0.770000,3480153
2025-06-06T11:00:00Z,0.769900,0.779100,0.768500,0.771800,5189722
2025-06-06T12:00:00Z,0.771900,0.788200,0.770900,0.775400,7230727
2025-06-06T13:00:00Z,0.775400,0.793200,0.775400,0.783700,8131767
2025-06-06T14:00:00Z,0.783800,0.793900,0.779100,0.793700,6378746
2025-06-06T15:00:00Z,0.793600,0.799200,0.779100,0.785800,7992989
2025-06-06T16:00:00Z,0.785700,0.790800,0.776900,0.779400,5851890
2025-06-06T17:00:00Z,0.779300,0.780500,0.765400,0.772300,6576166
2025-06-06T18:00:00Z,0.772400,0.775500,0.761900,0.766000,4313363
2025-06-06T19:00:00Z,0.765900,0.770500,0.763800,0.764300,3550874
2025-06-06T20:00:00Z,0.764500,0.777500,0.762300,0.771200,3488612
2025-06-06T21:00:00Z,0.771200,0.776000,0.765700,0.768700,2627082
2025-06-06T22:00:00Z,0.768700,0.771600,0.765800,0.770500,2360757
2025-06-06T23:00:00Z,0.770400,0.774600,0.767300,0.771400,2044764
2025-06-07T00:00:00Z,0.771500,0.784100,0.769800,0.783700,3820893
2025-06-07T01:00:00Z,0.783600,0.784300,0.774200,0.775300,2329894
2025-06-07T02:00:00Z,0.775200,0.786900,0.773600,0.784700,3430111
2025-06-07T03:00:00Z,0.784700,0.791800,0.783200,0.789600,3620546
2025-06-07T04:00:00Z,0.789600,0.792800,0.785100,0.789400,3074912
2025-06-07T05:00:00Z,0.789500,0.795800,0.787500,0.794800,2240883
2025-06-07T06:00:00Z,0.794900,0.800100,0.790600,0.800100,3617455
2025-06-07T07:00:00Z,0.800100,0.802000,0.795500,0.800200,2376501
2025-06-07T08:00:00Z,0.800100,0.804200,0.799300,0.802300,2309137
2025-06-07T09:00:00Z,0.802400,0.804600,0.797600,0.800900,2356569
2025-06-07T10:00:00Z,0.801000,0.812400,0.801000,0.811100,2945861
2025-06-07T11:00:00Z,0.811200,0.816300,0.808700,0.813000,2918505
2025-06-07T12:00:00Z,0.812900,0.817100,0.810000,0.811800,2101495
2025-06-07T13:00:00Z,0.811900,0.827800,0.809000,0.825300,4891387
2025-06-07T14:00:00Z,0.825300,0.829900,0.820400,0.827100,4687585
2025-06-07T15:00:00Z,0.827000,0.833600,0.822400,0.827900,4943761
2025-06-07T16:00:00Z,0.827900,0.831600,0.816000,0.819000,5079831
2025-06-07T17:00:00Z,0.818900,0.820800,0.814800,0.816300,2708673
2025-06-07T18:00:00Z,0.816200,0.823100,0.815300,0.818500,2731175
2025-06-07T19:00:00Z,0.818400,0.822200,0.818200,0.820000,1386572
2025-06-07T20:00:00Z,0.820100,0.826500,0.820000,0.825100,1616220
2025-06-07T21:00:00Z,0.825200,0.829000,0.823800,0.826500,1152689
2025-06-07T22:00:00Z,0.826400,0.829700,0.824500,0.828500,1735920
2025-06-07T23:00:00Z,0.828500,0.831600,0.826300,0.831200,1882875
2025-06-08T00:00:00Z,0.831200,0.832100,0.821800,0.822100,2427946
2025-06-08T01:00:00Z,0.822000,0.830200,0.820600,0.828000,1925949
2025-06-08T02:00:00Z,0.828000,0.828000,0.820900,0.821200,1535436
2025-06-08T03:00:00Z,0.821200,0.828300,0.820300,0.822600,1442351
2025-06-08T04:00:00Z,0.822700,0.824900,0.820300,0.821500,1903362
2025-06-08T05:00:00Z,0.821500,0.821700,0.810600,0.813700,3816595
2025-06-08T06:00:00Z,0.813700,0.817200,0.811900,0.813700,1603435
2025-06-08T07:00:00Z,0.813700,0.816900,0.812100,0.813200,1611136
2025-06-08T08:00:00Z,0.813100,0.817600,0.809000,0.813200,2450590
2025-06-08T09:00:00Z,0.813200,0.814000,0.803600,0.806200,3059887
2025-06-08T10:00:00Z,0.806300,0.811400,0.802800,0.810700,2445541
2025-06-08T11:00:00Z,0.810700,0.816700,0.809800,0.815400,2688359
2025-06-08T12:00:00Z,0.815400,0.817600,0.811500,0.813300,1868477
2025-06-08T13:00:00Z,0.813200,0.827200,0.811200,0.816700,2787902
2025-06-08T14:00:00Z,0.816700,0.821200,0.814400,0.820000,1574611
2025-06-08T15:00:00Z,0.820100,0.822100,0.817600,0.818600,1864027
2025-06-08T16:00:00Z,0.818500,0.828400,0.818100,0.824900,2944642
2025-06-08T17:00:00Z,0.824900,0.829500,0.819200,0.820200,2356720
2025-06-08T18:00:00Z,0.820200,0.822800,0.816300,0.818500,2123374
2025-06-08T19:00:00Z,0.818600,0.820300,0.814800,0.818500,1561111
2025-06-08T20:00:00Z,0.818500,0.820600,0.816200,0.817600,1287982
2025-06-08T21:00:00Z,0.817600,0.824700,0.816900,0.822300,1676898
2025-06-08T22:00:00Z,0.822200,0.822800,0.813000,0.814800,2743973
2025-06-08T23:00:00Z,0.814700,0.814900,0.808400,0.812100,1689256
2025-06-09T00:00:00Z,0.812000,0.818200,0.809200,0.816200,2769896
2025-06-09T01:00:00Z,0.816200,0.816200,0.804700,0.807800,2871528
2025-06-09T02:00:00Z,0.807800,0.812300,0.803800,0.804000,2272259
2025-06-09T03:00:00Z,0.804000,0.808700,0.801000,0.808500,2508798
2025-06-09T04:00:00Z,0.808500,0.810700,0.804100,0.805100,1398712
2025-06-09T05:00:00Z,0.805200,0.806900,0.801100,0.802600,1881155
2025-06-09T06:00:00Z,0.802700,0.811300,0.800300,0.809300,1736927
2025-06-09T07:00:00Z,0.809400,0.813600,0.805100,0.812900,1894787
2025-06-09T08:00:00Z,0.813000,0.816500,0.810400,0.816200,2067550
2025-06-09T09:00:00Z,0.816100,0.830300,0.813500,0.819900,5709863
2025-06-09T10:00:00Z,0.819900,0.831200,0.819900,0.827000,7399303
2025-06-09T11:00:00Z,0.827000,0.831300,0.824300,0.829800,3210422
2025-06-09T12:00:00Z,0.830000,0.833500,0.824600,0.832100,2658437
2025-06-09T13:00:00Z,0.832000,0.834700,0.818100,0.823100,6330983
2025-06-09T14:00:00Z,0.823100,0.832600,0.822300,0.829500,3124999
2025-06-09T15:00:00Z,0.829400,0.838300,0.828400,0.830800,3853440
2025-06-09T16:00:00Z,0.830800,0.844800,0.830700,0.838800,6354255
2025-06-09T17:00:00Z,0.838900,0.841700,0.832100,0.837600,2751360
2025-06-09T18:00:00Z,0.837700,0.842000,0.836700,0.841900,1230866
2025-06-09T19:00:00Z,0.841900,0.842400,0.833700,0.836400,1600906
2025-06-09T20:00:00Z,0.836600,0.839900,0.834900,0.839200,1471194
2025-06-09T21:00:00Z,0.839200,0.864600,0.839200,0.863400,5385110
2025-06-09T22:00:00Z,0.863500,0.876300,0.859800,0.876000,4567205
2025-06-09T23:00:00Z,0.876000,0.882000,0.870800,0.879600,3359665
2025-06-10T00:00:00Z,0.879600,0.897300,0.878500,0.886000,6059826
2025-06-10T01:00:00Z,0.885900,0.894000,0.881600,0.888600,4051708
2025-06-10T02:00:00Z,0.888600,0.888600,0.874600,0.878700,4713868
2025-06-10T03:00:00Z,0.878800,0.879600,0.870600,0.877800,3339140
2025-06-10T04:00:00Z,0.877800,0.883900,0.871500,0.874000,4072219
2025-06-10T05:00:00Z,0.874000,0.879900,0.859800,0.864700,6340758
2025-06-10T06:00:00Z,0.864900,0.870200,0.859600,0.866300,2702977
2025-06-10T07:00:00Z,0.866200,0.871600,0.862800,0.867700,2573601
2025-06-10T08:00:00Z,0.867700,0.869800,0.860800,0.862200,2542373
2025-06-10T09:00:00Z,0.862100,0.874700,0.860800,0.874500,2683566
2025-06-10T10:00:00Z,0.874400,0.874700,0.863400,0.872300,2543192
2025-06-10T11:00:00Z,0.872300,0.957300,0.866900,0.946300,33989624
2025-06-10T12:00:00Z,0.946300,0.962900,0.943400,0.953400,13014772
2025-06-10T13:00:00Z,0.953300,0.958900,0.926800,0.945800,12859849
2025-06-10T14:00:00Z,0.945600,0.950800,0.923700,0.928900,7624541
2025-06-10T15:00:00Z,0.928900,0.941100,0.912800,0.928800,7870366
2025-06-10T16:00:00Z,0.928800,0.939200,0.926600,0.930500,5157362
2025-06-10T17:00:00Z,0.930400,0.945900,0.930200,0.941300,4471117
2025-06-10T18:00:00Z,0.941300,0.953600,0.937700,0.948300,5211954
2025-06-10T19:00:00Z,0.948400,0.969400,0.944900,0.951100,9963564
2025-06-10T20:00:00Z,0.951100,0.951700,0.943100,0.949000,3737883
2025-06-10T21:00:00Z,0.949000,0.956800,0.936800,0.952400,4301683
2025-06-10T22:00:00Z,0.952500,0.975000,0.951600,0.964100,5056919
2025-06-10T23:00:00Z,0.964300,0.983900,0.959600,0.983700,4119519
2025-06-11T00:00:00Z,0.983800,1.000400,0.976500,0.978000,9542662
2025-06-11T01:00:00Z,0.977900,0.986400,0.971800,0.979400,4578737
2025-06-11T02:00:00Z,0.979500,0.992000,0.969100,0.980500,4185783
2025-06-11T03:00:00Z,0.980500,0.989800,0.969300,0.972200,3492661
2025-06-11T04:00:00Z,0.972300,0.984200,0.969400,0.979200,2540281
2025-06-11T05:00:00Z,0.979200,0.987100,0.971500,0.982100,3156353
2025-06-11T06:00:00Z,0.982100,0.986600,0.966900,0.976900,4410221
2025-06-11T07:00:00Z,0.976700,0.981900,0.973100,0.973900,2570757
2025-06-11T08:00:00Z,0.974000,0.975100,0.957700,0.959600,5739098
2025-06-11T09:00:00Z,0.959600,0.962400,0.950700,0.955800,5202595
2025-06-11T10:00:00Z,0.955900,0.961300,0.951000,0.960200,2998930
2025-06-11T11:00:00Z,0.960200,0.964400,0.955800,0.964000,2560988
2025-06-11T12:00:00Z,0.964200,0.987300,0.953500,0.973300,10309801
2025-06-11T13:00:00Z,0.973400,0.985600,0.969300,0.973500,5806346
2025-06-11T14:00:00Z,0.973600,0.990300,0.970500,0.988300,5899250
2025-06-11T15:00:00Z,0.988200,1.008100,0.984800,0.995900,8296925
2025-06-11T16:00:00Z,0.995800,1.000300,0.980100,0.993100,7100775
2025-06-11T17:00:00Z,0.993200,0.997000,0.977400,0.979300,4492752
2025-06-11T18:00:00Z,0.979400,0.983700,0.966400,0.967700,7256607
2025-06-11T19:00:00Z,0.967800,0.970600,0.958600,0.962900,4417032
2025-06-11T20:00:00Z,0.962900,0.971800,0.955100,0.966000,3081342
2025-06-11T21:00:00Z,0.966200,0.979400,0.946000,0.951500,5200455
2025-06-11T22:00:00Z,0.951500,0.959300,0.943000,0.950500,6005958
2025-06-11T23:00:00Z,0.950400,0.961500,0.949500,0.960300,3383973
2025-06-12T00:00:00Z,0.960400,0.972500,0.955900,0.970500,4851583
2025-06-12T01:00:00Z,0.970300,0.971100,0.956900,0.970300,2937550
2025-06-12T02:00:00Z,0.970300,0.978300,0.957300,0.957600,4780978
2025-06-12T03:00:00Z,0.957500,0.964100,0.949700,0.958600,4452116
2025-06-12T04:00:00Z,0.958700,0.960500,0.951000,0.955700,2438397
2025-06-12T05:00:00Z,0.955600,0.955700,0.944800,0.951300,3660432
2025-06-12T06:00:00Z,0.951400,0.955400,0.939200,0.948100,4928431
2025-06-12T07:00:00Z,0.948100,0.950700,0.927800,0.930000,5154338
2025-06-12T08:00:00Z,0.930000,0.943900,0.922100,0.939600,4593089
2025-06-12T09:00:00Z,0.939700,0.944400,0.931800,0.936300,2343804
2025-06-12T10:00:00Z,0.936300,0.936500,0.921900,0.927600,4450011
2025-06-12T11:00:00Z,0.927600,0.928600,0.917500,0.918000,3660752
2025-06-12T12:00:00Z,0.918000,0.934800,0.913000,0.926900,5256930
2025-06-12T13:00:00Z,0.926900,0.942100,0.922700,0.941700,4328786
2025-06-12T14:00:00Z,0.941700,0.951400,0.939900,0.941800,4588550
2025-06-12T15:00:00Z,0.941800,0.945400,0.905500,0.910400,8202151
2025-06-12T16:00:00Z,0.910300,0.929600,0.909700,0.925000,4148688
2025-06-12T17:00:00Z,0.924900,0.939600,0.923800,0.930200,3457137
2025-06-12T18:00:00Z,0.930100,0.930100,0.906400,0.910500,3758668
2025-06-12T19:00:00Z,0.910600,0.915700,0.885000,0.887800,7015350
2025-06-12T20:00:00Z,0.887600,0.892500,0.862700,0.867700,9648185
2025-06-12T21:00:00Z,0.867600,0.883200,0.866500,0.867500,5800568
2025-06-12T22:00:00Z,0.867500,0.876300,0.865500,0.868400,3451545
2025-06-12T23:00:00Z,0.868400,0.870800,0.860600,0.861500,3969368
2025-06-13T00:00:00Z,0.861500,0.862700,0.795900,0.807200,25256789
2025-06-13T01:00:00Z,0.807100,0.807500,0.783600,0.791600,13873582
2025-06-13T02:00:00Z,0.791700,0.802300,0.786500,0.795600,6778579
2025-06-13T03:00:00Z,0.795500,0.818600,0.793900,0.811100,7417926
2025-06-13T04:00:00Z,0.811100,0.816700,0.804400,0.809100,4306913
2025-06-13T05:00:00Z,0.809000,0.822300,0.807400,0.813800,3737048
2025-06-13T06:00:00Z,0.813900,0.821900,0.804200,0.821800,5277954
2025-06-13T07:00:00Z,0.821700,0.823800,0.810500,0.811500,4625676
2025-06-13T08:00:00Z,0.811600,0.821800,0.807300,0.812800,5191590
2025-06-13T09:00:00Z,0.812700,0.813900,0.803600,0.810100,3336900
2025-06-13T10:00:00Z,0.810100,0.813800,0.805300,0.810200,4495859
2025-06-13T11:00:00Z,0.810200,0.814600,0.801000,0.814000,4737324
2025-06-13T12:00:00Z,0.813900,0.819400,0.807000,0.809200,7298701
2025-06-13T13:00:00Z,0.808900,0.815100,0.804300,0.807600,6046811
2025-06-13T14:00:00Z,0.807900,0.813100,0.793200,0.808200,7996994
2025-06-13T15:00:00Z,0.808300,0.818300,0.803500,0.810300,6878035
2025-06-13T16:00:00Z,0.810300,0.827200,0.806100,0.813900,6657342
2025-06-13T17:00:00Z,0.813800,0.814600,0.800100,0.807700,4819145
2025-06-13T18:00:00Z,0.807700,0.809200,0.787000,0.795000,7618276
2025-06-13T19:00:00Z,0.795000,0.802800,0.791300,0.799200,4526190
2025-06-13T20:00:00Z,0.799200,0.812800,0.796600,0.808800,3339706
2025-06-13T21:00:00Z,0.808900,0.815200,0.804500,0.811800,2045938
2025-06-13T22:00:00Z,0.811900,0.822500,0.811900,0.819600,2209874
2025-06-13T23:00:00Z,0.819600,0.833600,0.819300,0.829700,4251187
2025-06-14T00:00:00Z,0.829800,0.830000,0.818400,0.820200,4090860
2025-06-14T01:00:00Z,0.820200,0.823500,0.814900,0.819300,2938237
2025-06-14T02:00:00Z,0.819300,0.821500,0.813100,0.814500,1416965
2025-06-14T03:00:00Z,0.814600,0.818300,0.812000,0.813200,1684482
2025-06-14T04:00:00Z,0.813200,0.819200,0.811800,0.814600,2223276
2025-06-14T05:00:00Z,0.814700,0.822900,0.812200,0.819800,2585312
2025-06-14T06:00:00Z,0.819800,0.821300,0.812200,0.812700,2723826
2025-06-14T07:00:00Z,0.812800,0.816400,0.806100,0.814100,3137028
2025-06-14T08:00:00Z,0.814100,0.815200,0.809000,0.812100,2315028
2025-06-14T09:00:00Z,0.812200,0.813600,0.807100,0.808500,1613281
2025-06-14T10:00:00Z,0.808500,0.813600,0.806400,0.810900,1388215
2025-06-14T11:00:00Z,0.811000,0.815800,0.810900,0.813900,1700373
2025-06-14T12:00:00Z,0.813800,0.814500,0.806900,0.813100,1581560
2025-06-14T13:00:00Z,0.813100,0.817800,0.808600,0.811400,2756389
2025-06-14T14:00:00Z,0.811400,0.812300,0.804100,0.805200,3065788
2025-06-14T15:00:00Z,0.805300,0.808800,0.795800,0.800900,4334622
2025-06-14T16:00:00Z,0.800900,0.803700,0.788000,0.790700,3756868
2025-06-14T17:00:00Z,0.790700,0.802600,0.788400,0.800700,2977794
2025-06-14T18:00:00Z,0.800700,0.808000,0.789900,0.798200,3209528
2025-06-14T19:00:00Z,0.798200,0.803400,0.796600,0.797300,2257898
2025-06-14T20:00:00Z,0.797400,0.804900,0.795100,0.804200,3999596
2025-06-14T21:00:00Z,0.804000,0.810000,0.797600,0.806500,2324540
2025-06-14T22:00:00Z,0.806500,0.811400,0.804900,0.807400,2526879
2025-06-14T23:00:00Z,0.807400,0.811700,0.806900,0.807600,1601453
2025-06-15T00:00:00Z,0.807700,0.815800,0.806900,0.815000,2370826
2025-06-15T01:00:00Z,0.815000,0.816500,0.807300,0.808300,1525831
2025-06-15T02:00:00Z,0.808200,0.813300,0.808000,0.808700,1532749
2025-06-15T03:00:00Z,0.808700,0.810600,0.805700,0.808800,1660344
2025-06-15T04:00:00Z,0.808800,0.814200,0.808700,0.813900,1399557
2025-06-15T05:00:00Z,0.813900,0.817700,0.808700,0.817200,1812201
2025-06-15T06:00:00Z,0.817300,0.819400,0.809300,0.809500,1819176
2025-06-15T07:00:00Z,0.809400,0.809800,0.804600,0.807700,1857712
2025-06-15T08:00:00Z,0.807600,0.808100,0.802800,0.804100,1559987
2025-06-15T09:00:00Z,0.804100,0.804400,0.799100,0.801100,2242888
2025-06-15T10:00:00Z,0.801200,0.810300,0.800700,0.810000,2245579
2025-06-15T11:00:00Z,0.810000,0.812000,0.804800,0.810000,2282499
2025-06-15T12:00:00Z,0.810000,0.814700,0.807500,0.814400,1841115
2025-06-15T13:00:00Z,0.814300,0.822700,0.813000,0.821600,3556586
2025-06-15T14:00:00Z,0.821700,0.827100,0.812600,0.824200,3667910
2025-06-15T15:00:00Z,0.824200,0.825300,0.815000,0.817000,3152287
2025-06-15T16:00:00Z,0.816900,0.820600,0.813100,0.817800,2808639
2025-06-15T17:00:00Z,0.817700,0.818200,0.811400,0.815200,1517491
2025-06-15T18:00:00Z,0.815300,0.815700,0.807700,0.810300,2581881
2025-06-15T19:00:00Z,0.810200,0.812900,0.802300,0.804500,2001602
2025-06-15T20:00:00Z,0.804600,0.805100,0.792700,0.798300,3446190
2025-06-15T21:00:00Z,0.798200,0.802400,0.794700,0.802000,1896719
2025-06-15T22:00:00Z,0.801900,0.815300,0.800600,0.810900,3966335
2025-06-15T23:00:00Z,0.811000,0.816600,0.808800,0.815100,2049567
2025-06-16T00:00:00Z,0.815000,0.815200,0.808600,0.812100,1668336
2025-06-16T01:00:00Z,0.812100,0.822500,0.803600,0.821900,3328252
2025-06-16T02:00:00Z,0.822000,0.831200,0.822000,0.826200,3983185
2025-06-16T03:00:00Z,0.826000,0.827200,0.819500,0.819800,2363792
2025-06-16T04:00:00Z,0.819900,0.828200,0.818700,0.821400,2332883
2025-06-16T05:00:00Z,0.821500,0.842100,0.820600,0.833900,5909997
2025-06-16T06:00:00Z,0.833800,0.843400,0.830000,0.835600,3686893
2025-06-16T07:00:00Z,0.835800,0.846400,0.835800,0.841000,4363968
2025-06-16T08:00:00Z,0.841000,0.841800,0.835100,0.840600,2483686
2025-06-16T09:00:00Z,0.840700,0.841600,0.835100,0.836500,3283916
2025-06-16T10:00:00Z,0.836600,0.839900,0.830500,0.833500,3324954
2025-06-16T11:00:00Z,0.833500,0.838900,0.826100,0.835600,2897358
2025-06-16T12:00:00Z,0.835500,0.840900,0.830900,0.837200,2870160
2025-06-16T13:00:00Z,0.837200,0.853000,0.837200,0.852300,7383495
2025-06-16T14:00:00Z,0.852200,0.859100,0.847700,0.851100,6793185
2025-06-16T15:00:00Z,0.851200,0.859700,0.849200,0.850900,3645489
2025-06-16T16:00:00Z,0.850900,0.857700,0.849000,0.853000,2237814
2025-06-16T17:00:00Z,0.853000,0.858700,0.850800,0.857600,1828929
2025-06-16T18:00:00Z,0.857600,0.867500,0.857500,0.867300,2627688
2025-06-16T19:00:00Z,0.867300,0.875500,0.863700,0.868900,3430354
2025-06-16T20:00:00Z,0.869100,0.879100,0.864200,0.877000,3564555
2025-06-16T21:00:00Z,0.877000,0.877900,0.867200,0.870900,2740452
2025-06-16T22:00:00Z,0.870800,0.874900,0.829200,0.842100,10787343
2025-06-16T23:00:00Z,0.842000,0.849200,0.818100,0.821300,8938811
2025-06-17T00:00:00Z,0.821300,0.835000,0.804500,0.834500,10027714
2025-06-17T01:00:00Z,0.834600,0.839300,0.827400,0.828300,3150080
2025-06-17T02:00:00Z,0.828300,0.843500,0.823800,0.842100,3695904
2025-06-17T03:00:00Z,0.842200,0.846700,0.833500,0.835300,3845934
2025-06-17T04:00:00Z,0.835200,0.837400,0.824300,0.825200,3143764
2025-06-17T05:00:00Z,0.825100,0.826300,0.816100,0.818700,3415897
2025-06-17T06:00:00Z,0.818600,0.822400,0.813700,0.815900,2967141
2025-06-17T07:00:00Z,0.815800,0.820000,0.811200,0.814300,2997152
2025-06-17T08:00:00Z,0.814100,0.815500,0.806200,0.807600,2467197
2025-06-17T09:00:00Z,0.807600,0.810400,0.801300,0.804900,3915005
2025-06-17T10:00:00Z,0.804800,0.805500,0.795200,0.801900,3529508
2025-06-17T11:00:00Z,0.802000,0.802400,0.791100,0.795900,3545776
2025-06-17T12:00:00Z,0.796000,0.801300,0.793300,0.798900,3202369
2025-06-17T13:00:00Z,0.798800,0.805400,0.797100,0.798000,3572675
2025-06-17T14:00:00Z,0.798100,0.807900,0.795300,0.797200,4478474
2025-06-17T15:00:00Z,0.797000,0.798400,0.779800,0.785000,10860117
2025-06-17T16:00:00Z,0.784900,0.785600,0.766400,0.766900,8435726
2025-06-17T17:00:00Z,0.766800,0.776800,0.762200,0.766100,6935558
2025-06-17T18:00:00Z,0.766000,0.785700,0.763600,0.785500,3562129
2025-06-17T19:00:00Z,0.785400,0.799300,0.783600,0.791300,5811077
2025-06-17T20:00:00Z,0.791200,0.793900,0.778200,0.779400,4219738
2025-06-17T21:00:00Z,0.779200,0.782900,0.772400,0.776300,3290626
2025-06-17T22:00:00Z,0.776400,0.776800,0.764900,0.765700,1877278
2025-06-17T23:00:00Z,0.765900,0.778300,0.765500,0.775100,2128997
2025-06-18T00:00:00Z,0.775200,0.781400,0.770600,0.777500,3109450
2025-06-18T01:00:00Z,0.777600,0.782800,0.772000,0.772200,2340486
2025-06-18T02:00:00Z,0.772200,0.778500,0.768200,0.775300,2809429
2025-06-18T03:00:00Z,0.775300,0.786300,0.775000,0.783400,2203144
2025-06-18T04:00:00Z,0.783400,0.794900,0.782700,0.791500,2853829
2025-06-18T05:00:00Z,0.791700,0.794300,0.788000,0.788700,1615103
2025-06-18T06:00:00Z,0.788800,0.791200,0.780100,0.784900,2273574
2025-06-18T07:00:00Z,0.784800,0.787600,0.782100,0.786300,2037526
2025-06-18T08:00:00Z,0.786400,0.787500,0.776000,0.779500,3473402
2025-06-18T09:00:00Z,0.779500,0.783300,0.771800,0.775200,2144175
2025-06-18T10:00:00Z,0.775200,0.775800,0.751800,0.754700,6585994
2025-06-18T11:00:00Z,0.754700,0.764800,0.750900,0.763100,7379685
2025-06-18T12:00:00Z,0.763200,0.763700,0.753700,0.755200,3318702
2025-06-18T13:00:00Z,0.755200,0.756700,0.739200,0.755500,9527386
2025-06-18T14:00:00Z,0.755500,0.769900,0.752300,0.759000,8935948
2025-06-18T15:00:00Z,0.759100,0.763400,0.751700,0.758200,4159446
2025-06-18T16:00:00Z,0.758100,0.759800,0.753400,0.757000,2313333
2025-06-18T17:00:00Z,0.757100,0.766400,0.748000,0.763300,3815231
2025-06-18T18:00:00Z,0.763300,0.770100,0.752800,0.752800,5733678
2025-06-18T19:00:00Z,0.752800,0.765800,0.751000,0.756100,4735262
2025-06-18T20:00:00Z,0.756200,0.782500,0.753200,0.779400,5568982
2025-06-18T21:00:00Z,0.779600,0.783000,0.771400,0.780500,3714590
2025-06-18T22:00:00Z,0.780400,0.784000,0.775800,0.777200,1906882
2025-06-18T23:00:00Z,0.777200,0.782000,0.773000,0.779500,1577209
2025-06-19T00:00:00Z,0.779600,0.792200,0.775800,0.784500,3583100
2025-06-19T01:00:00Z,0.784600,0.786600,0.777400,0.780100,2246723
2025-06-19T02:00:00Z,0.780100,0.783300,0.775800,0.777500,1878015
2025-06-19T03:00:00Z,0.777400,0.786800,0.777300,0.786400,1393800
2025-06-19T04:00:00Z,0.786400,0.787300,0.778600,0.784200,1588618
2025-06-19T05:00:00Z,0.784200,0.790500,0.782500,0.784800,2018631
2025-06-19T06:00:00Z,0.784800,0.788800,0.782500,0.783400,1601684
2025-06-19T07:00:00Z,0.783400,0.785900,0.780400,0.781100,1655964
2025-06-19T08:00:00Z,0.781100,0.787200,0.779900,0.781000,1964711
2025-06-19T09:00:00Z,0.780900,0.792600,0.779900,0.787900,3193332
2025-06-19T10:00:00Z,0.787900,0.788800,0.775200,0.779400,3399880
2025-06-19T11:00:00Z,0.779300,0.779800,0.775000,0.776900,1667367
2025-06-19T12:00:00Z,0.776900,0.781100,0.772100,0.776700,2062729
2025-06-19T13:00:00Z,0.776800,0.778600,0.769000,0.770400,2458376
2025-06-19T14:00:00Z,0.770400,0.775400,0.763800,0.764700,3537574
2025-06-19T15:00:00Z,0.764900,0.770200,0.764500,0.766300,1488768
2025-06-19T16:00:00Z,0.766300,0.771500,0.759900,0.760900,2153642
2025-06-19T17:00:00Z,0.761000,0.777100,0.758200,0.771600,3869230
2025-06-19T18:00:00Z,0.771500,0.778600,0.766100,0.769900,2679423
2025-06-19T19:00:00Z,0.769900,0.771800,0.766100,0.768500,1331720
2025-06-19T20:00:00Z,0.768600,0.773600,0.766600,0.770000,1561243
2025-06-19T21:00:00Z,0.770000,0.773800,0.768100,0.772000,1438919
2025-06-19T22:00:00Z,0.771900,0.780100,0.771800,0.776900,1679052
2025-06-19T23:00:00Z,0.776900,0.780900,0.774600,0.776900,1260297
