timestamp,open,high,low,close,volume
2023-10-19T00:00:00Z,0.28270,0.28410,0.28180,0.28390,4633754
2023-10-19T01:00:00Z,0.28380,0.28390,0.27780,0.28090,11999522
2023-10-19T02:00:00Z,0.28090,0.28090,0.27930,0.28020,3216170
2023-10-19T03:00:00Z,0.28020,0.28140,0.28000,0.28080,1758310
2023-10-19T04:00:00Z,0.28070,0.28070,0.27930,0.28070,2678833
2023-10-19T05:00:00Z,0.28060,0.28130,0.28050,0.28070,1453651
2023-10-19T06:00:00Z,0.28080,0.28100,0.28040,0.28060,1133184
2023-10-19T07:00:00Z,0.28060,0.28100,0.27970,0.28100,1455589
2023-10-19T08:00:00Z,0.28090,0.28130,0.28060,0.28070,1150438
2023-10-19T09:00:00Z,0.28070,0.28120,0.27970,0.27990,2040174
2023-10-19T10:00:00Z,0.27990,0.28120,0.27970,0.28100,2804344
2023-10-19T11:00:00Z,0.28100,0.28160,0.28070,0.28160,2419479
2023-10-19T12:00:00Z,0.28150,0.28210,0.28120,0.28200,3453996
2023-10-19T13:00:00Z,0.28190,0.28280,0.28170,0.28170,2808118
2023-10-19T14:00:00Z,0.28180,0.28300,0.28100,0.28280,3248605
2023-10-19T15:00:00Z,0.28270,0.28360,0.28170,0.28260,3677303
2023-10-19T16:00:00Z,0.28250,0.28410,0.28190,0.28210,9439463
2023-10-19T17:00:00Z,0.28210,0.28250,0.28110,0.28200,2441533
2023-10-19T18:00:00Z,0.28210,0.28240,0.28150,0.28170,2406920
2023-10-19T19:00:00Z,0.28160,0.28260,0.28160,0.28250,1093130
2023-10-19T20:00:00Z,0.28240,0.28360,0.28200,0.28280,3606035
2023-10-19T21:00:00Z,0.28280,0.28320,0.28140,0.28200,2579535
2023-10-19T22:00:00Z,0.28190,0.28310,0.28190,0.28270,2132559
2023-10-19T23:00:00Z,0.28260,0.28350,0.28240,0.28340,2659992
2023-10-20T00:00:00Z,0.28340,0.28380,0.28290,0.28340,2997628
2023-10-20T01:00:00Z,0.28340,0.28420,0.28240,0.28400,2634351
2023-10-20T02:00:00Z,0.28400,0.28790,0.28390,0.28720,6526443
2023-10-20T03:00:00Z,0.28710,0.29050,0.28710,0.28850,10174105
2023-10-20T04:00:00Z,0.28860,0.28980,0.28840,0.28910,5143503
2023-10-20T05:00:00Z,0.28900,0.29020,0.28870,0.29010,2386695
2023-10-20T06:00:00Z,0.29010,0.29070,0.28990,0.29010,2892773
2023-10-20T07:00:00Z,0.29020,0.29100,0.28970,0.28980,2405771
2023-10-20T08:00:00Z,0.28990,0.29520,0.28990,0.29380,9178913
2023-10-20T09:00:00Z,0.29380,0.29480,0.29300,0.29470,5264525
2023-10-20T10:00:00Z,0.29470,0.29730,0.29380,0.29390,9474259
2023-10-20T11:00:00Z,0.29390,0.29490,0.29340,0.29380,5437832
2023-10-20T12:00:00Z,0.29370,0.29450,0.29190,0.29290,7695427
2023-10-20T13:00:00Z,0.29300,0.29390,0.29170,0.29360,2722578
2023-10-20T14:00:00Z,0.29360,0.29430,0.29230,0.29370,3951737
2023-10-20T15:00:00Z,0.29370,0.29430,0.29290,0.29330,2833950
2023-10-20T16:00:00Z,0.29330,0.29390,0.29280,0.29290,3092562
2023-10-20T17:00:00Z,0.29290,0.29430,0.29170,0.29430,2732674
2023-10-20T18:00:00Z,0.29420,0.29460,0.29360,0.29370,2271678
2023-10-20T19:00:00Z,0.29360,0.29420,0.29310,0.29410,1269017
2023-10-20T20:00:00Z,0.29410,0.29530,0.29390,0.29400,2328441
2023-10-20T21:00:00Z,0.29400,0.29610,0.29400,0.29570,1789198
2023-10-20T22:00:00Z,0.29570,0.29620,0.29530,0.29620,2597636
2023-10-20T23:00:00Z,0.29610,0.29640,0.29500,0.29560,2451482
2023-10-21T00:00:00Z,0.29550,0.29690,0.29540,0.29610,3996390
2023-10-21T01:00:00Z,0.29600,0.29640,0.29550,0.29580,2309898
2023-10-21T02:00:00Z,0.29580,0.29610,0.29520,0.29570,2868161
2023-10-21T03:00:00Z,0.29560,0.29730,0.29470,0.29690,2889298
2023-10-21T04:00:00Z,0.29690,0.30000,0.29690,0.29880,7730333
2023-10-21T05:00:00Z,0.29880,0.30080,0.29880,0.29990,4848474
2023-10-21T06:00:00Z,0.29990,0.30350,0.29970,0.30210,9192663
2023-10-21T07:00:00Z,0.30210,0.30280,0.30100,0.30250,4300531
2023-10-21T08:00:00Z,0.30260,0.30330,0.30170,0.30180,5031781
2023-10-21T09:00:00Z,0.30190,0.30330,0.30120,0.30290,4401415
2023-10-21T10:00:00Z,0.30300,0.30350,0.30230,0.30300,3239514
2023-10-21T11:00:00Z,0.30310,0.30480,0.30280,0.30410,5991887
2023-10-21T12:00:00Z,0.30400,0.30490,0.30360,0.30380,4313830
2023-10-21T13:00:00Z,0.30380,0.30690,0.30330,0.30670,6685155
2023-10-21T14:00:00Z,0.30670,0.30930,0.30610,0.30760,13139050
2023-10-21T15:00:00Z,0.30760,0.30810,0.30530,0.30760,7019031
2023-10-21T16:00:00Z,0.30750,0.30960,0.30670,0.30750,8208092
2023-10-21T17:00:00Z,0.30750,0.31110,0.30740,0.31010,7577658
2023-10-21T18:00:00Z,0.31000,0.31150,0.30810,0.30950,6554529
2023-10-21T19:00:00Z,0.30950,0.30990,0.30750,0.30850,2784534
2023-10-21T20:00:00Z,0.30850,0.30880,0.30730,0.30820,2945887
2023-10-21T21:00:00Z,0.30820,0.30960,0.30780,0.30880,2390657
2023-10-21T22:00:00Z,0.30890,0.30950,0.30740,0.30910,3093148
2023-10-21T23:00:00Z,0.30910,0.30970,0.30760,0.30970,4578325
2023-10-22T00:00:00Z,0.30970,0.31150,0.30840,0.31060,6230576
2023-10-22T01:00:00Z,0.31050,0.31200,0.30860,0.30930,5689185
2023-10-22T02:00:00Z,0.30930,0.30950,0.30730,0.30800,3270743
2023-10-22T03:00:00Z,0.30800,0.30810,0.30640,0.30710,3286914
2023-10-22T04:00:00Z,0.30710,0.30850,0.30670,0.30790,2625950
2023-10-22T05:00:00Z,0.30800,0.31060,0.30790,0.30980,4533755
2023-10-22T06:00:00Z,0.30990,0.31000,0.30790,0.30850,5206136
2023-10-22T07:00:00Z,0.30850,0.30860,0.29370,0.30400,23406772
2023-10-22T08:00:00Z,0.30410,0.30480,0.30100,0.30210,7825560
2023-10-22T09:00:00Z,0.30210,0.30440,0.30200,0.30200,3272516
2023-10-22T10:00:00Z,0.30200,0.30350,0.30190,0.30300,3049402
2023-10-22T11:00:00Z,0.30310,0.30330,0.30110,0.30200,4085087
2023-10-22T12:00:00Z,0.30210,0.30380,0.30180,0.30260,2987135
2023-10-22T13:00:00Z,0.30270,0.30410,0.30220,0.30380,2493157
2023-10-22T14:00:00Z,0.30390,0.30430,0.30120,0.30210,4294032
2023-10-22T15:00:00Z,0.30210,0.30240,0.30060,0.30170,3996740
2023-10-22T16:00:00Z,0.30180,0.30280,0.30140,0.30250,3234591
2023-10-22T17:00:00Z,0.30250,0.30390,0.30220,0.30330,2883401
2023-10-22T18:00:00Z,0.30340,0.30390,0.30210,0.30230,3064358
2023-10-22T19:00:00Z,0.30240,0.30330,0.30200,0.30210,2027665
2023-10-22T20:00:00Z,0.30220,0.30290,0.30210,0.30280,2501356
2023-10-22T21:00:00Z,0.30290,0.30320,0.30150,0.30240,2638465
2023-10-22T22:00:00Z,0.30250,0.30760,0.30210,0.30720,5896147
2023-10-22T23:00:00Z,0.30730,0.30870,0.30660,0.30870,6182370
2023-10-23T00:00:00Z,0.30860,0.31050,0.30700,0.30990,8765689
2023-10-23T01:00:00Z,0.30990,0.31330,0.30890,0.31030,10884116
2023-10-23T02:00:00Z,0.31030,0.31100,0.30880,0.30930,5424759
2023-10-23T03:00:00Z,0.30940,0.31160,0.30750,0.30990,8685217
2023-10-23T04:00:00Z,0.30990,0.31200,0.30910,0.31150,7026715
2023-10-23T05:00:00Z,0.31150,0.31250,0.31000,0.31050,6333595
2023-10-23T06:00:00Z,0.31060,0.31200,0.30780,0.30780,7460424
2023-10-23T07:00:00Z,0.30780,0.30890,0.30490,0.30680,9112222
2023-10-23T08:00:00Z,0.30680,0.31080,0.30600,0.31050,8254557
2023-10-23T09:00:00Z,0.31050,0.31060,0.30450,0.30670,12469161
2023-10-23T10:00:00Z,0.30680,0.30850,0.30670,0.30780,2671698
2023-10-23T11:00:00Z,0.30780,0.30980,0.30760,0.30870,4359390
2023-10-23T12:00:00Z,0.30870,0.30920,0.30730,0.30840,6605541
2023-10-23T13:00:00Z,0.30850,0.30900,0.30470,0.30620,7556236
2023-10-23T14:00:00Z,0.30620,0.30800,0.30610,0.30750,4180670
2023-10-23T15:00:00Z,0.30750,0.30860,0.30670,0.30750,4283637
2023-10-23T16:00:00Z,0.30740,0.31130,0.30700,0.31070,8458537
2023-10-23T17:00:00Z,0.31080,0.31140,0.30660,0.30880,8244115
2023-10-23T18:00:00Z,0.30880,0.31020,0.30700,0.31010,7617314
2023-10-23T19:00:00Z,0.31000,0.31260,0.30950,0.31230,7020205
2023-10-23T20:00:00Z,0.31240,0.31280,0.30970,0.31100,7932003
2023-10-23T21:00:00Z,0.31110,0.31420,0.31080,0.31380,4991432
2023-10-23T22:00:00Z,0.31380,0.32350,0.31350,0.32290,29909921
2023-10-23T23:00:00Z,0.32290,0.32480,0.31760,0.32450,16102670
2023-10-24T00:00:00Z,0.32460,0.33290,0.32180,0.33280,23108103
2023-10-24T01:00:00Z,0.33290,0.33500,0.32820,0.33110,21625032
2023-10-24T02:00:00Z,0.33120,0.33690,0.32980,0.33500,24309402
2023-10-24T03:00:00Z,0.33510,0.33590,0.32810,0.32820,16230249
2023-10-24T04:00:00Z,0.32810,0.33290,0.32790,0.33040,10201200
2023-10-24T05:00:00Z,0.33030,0.33230,0.32540,0.32670,11230372
2023-10-24T06:00:00Z,0.32650,0.32800,0.32110,0.32410,11588291
2023-10-24T07:00:00Z,0.32420,0.32430,0.31970,0.32350,10551897
2023-10-24T08:00:00Z,0.32360,0.32800,0.32270,0.32760,7760236
2023-10-24T09:00:00Z,0.32760,0.33020,0.32630,0.32910,8471556
2023-10-24T10:00:00Z,0.32920,0.33120,0.32880,0.32980,5606879
2023-10-24T11:00:00Z,0.32980,0.33230,0.32840,0.33220,8883138
2023-10-24T12:00:00Z,0.33220,0.33700,0.33110,0.33370,18096513
2023-10-24T13:00:00Z,0.33380,0.33390,0.32660,0.33010,17670206
2023-10-24T14:00:00Z,0.33010,0.33060,0.32470,0.33030,12163523
2023-10-24T15:00:00Z,0.33040,0.33240,0.31130,0.31860,42486412
2023-10-24T16:00:00Z,0.31860,0.32430,0.31560,0.32150,15343027
2023-10-24T17:00:00Z,0.32150,0.32520,0.32140,0.32210,6084804
2023-10-24T18:00:00Z,0.32210,0.32550,0.31830,0.32510,7993840
2023-10-24T19:00:00Z,0.32510,0.32580,0.32280,0.32400,6105117
2023-10-24T20:00:00Z,0.32390,0.32530,0.32110,0.32200,8542956
2023-10-24T21:00:00Z,0.32200,0.32600,0.31970,0.32520,7704446
2023-10-24T22:00:00Z,0.32520,0.32980,0.32380,0.32920,10181882
2023-10-24T23:00:00Z,0.32910,0.32990,0.32540,0.32770,7728807
2023-10-25T00:00:00Z,0.32770,0.32950,0.32470,0.32930,10168481
2023-10-25T01:00:00Z,0.32920,0.33320,0.32900,0.33110,9038837
2023-10-25T02:00:00Z,0.33100,0.33180,0.32650,0.32760,6883582
2023-10-25T03:00:00Z,0.32760,0.32800,0.32470,0.32640,5681618
2023-10-25T04:00:00Z,0.32650,0.32980,0.32570,0.32980,3752462
2023-10-25T05:00:00Z,0.32970,0.33030,0.32630,0.32740,5842217
2023-10-25T06:00:00Z,0.32740,0.33020,0.32730,0.32910,3235382
2023-10-25T07:00:00Z,0.32900,0.32970,0.31980,0.32260,12750843
2023-10-25T08:00:00Z,0.32270,0.32400,0.32010,0.32380,7870063
2023-10-25T09:00:00Z,0.32370,0.32710,0.32280,0.32520,5314261
2023-10-25T10:00:00Z,0.32520,0.32900,0.32440,0.32860,5369286
2023-10-25T11:00:00Z,0.32860,0.33000,0.32730,0.32830,8160653
2023-10-25T12:00:00Z,0.32820,0.33110,0.32820,0.33000,7563609
2023-10-25T13:00:00Z,0.33000,0.33320,0.32820,0.33090,12322885
2023-10-25T14:00:00Z,0.33090,0.33460,0.32930,0.33440,9388253
2023-10-25T15:00:00Z,0.33440,0.34030,0.33280,0.33900,24244127
2023-10-25T16:00:00Z,0.33890,0.34110,0.32960,0.32960,22665046
2023-10-25T17:00:00Z,0.32960,0.33330,0.32750,0.33280,7890113
2023-10-25T18:00:00Z,0.33270,0.33450,0.33070,0.33330,5609540
2023-10-25T19:00:00Z,0.33320,0.33340,0.33060,0.33240,3258569
2023-10-25T20:00:00Z,0.33250,0.33330,0.32870,0.32910,4817793
2023-10-25T21:00:00Z,0.32900,0.33130,0.32780,0.33020,3749223
2023-10-25T22:00:00Z,0.33010,0.33190,0.32960,0.33060,3423080
2023-10-25T23:00:00Z,0.33060,0.33220,0.32760,0.33210,5556256
2023-10-26T00:00:00Z,0.33210,0.33530,0.33030,0.33460,10516490
2023-10-26T01:00:00Z,0.33450,0.33700,0.33350,0.33380,11308933
2023-10-26T02:00:00Z,0.33380,0.33420,0.33120,0.33300,4116886
2023-10-26T03:00:00Z,0.33300,0.33750,0.33290,0.33720,6546520
2023-10-26T04:00:00Z,0.33720,0.33780,0.33510,0.33640,6318395
2023-10-26T05:00:00Z,0.33630,0.33650,0.33240,0.33280,6873114
2023-10-26T06:00:00Z,0.33280,0.33630,0.32920,0.33590,13449091
2023-10-26T07:00:00Z,0.33580,0.34540,0.33490,0.34400,32191490
2023-10-26T08:00:00Z,0.34400,0.34960,0.33860,0.34430,29495397
2023-10-26T09:00:00Z,0.34430,0.34600,0.33880,0.34230,13520425
2023-10-26T10:00:00Z,0.34220,0.34240,0.33590,0.33910,15827862
2023-10-26T11:00:00Z,0.33900,0.34150,0.33330,0.33660,15288151
2023-10-26T12:00:00Z,0.33660,0.34100,0.33620,0.34020,9553937
2023-10-26T13:00:00Z,0.34020,0.34090,0.33190,0.33260,12409378
2023-10-26T14:00:00Z,0.33260,0.33600,0.32100,0.33000,36620074
2023-10-26T15:00:00Z,0.33000,0.33030,0.32270,0.32770,16047544
2023-10-26T16:00:00Z,0.32770,0.32940,0.32530,0.32570,16875019
2023-10-26T17:00:00Z,0.32560,0.32960,0.32500,0.32920,9298854
2023-10-26T18:00:00Z,0.32910,0.32950,0.32640,0.32720,4715221
2023-10-26T19:00:00Z,0.32720,0.32960,0.32710,0.32870,4325753
2023-10-26T20:00:00Z,0.32870,0.33060,0.32770,0.33040,3782689
2023-10-26T21:00:00Z,0.33040,0.33180,0.32840,0.33180,4197347
2023-10-26T22:00:00Z,0.33180,0.33470,0.33150,0.33440,5076357
2023-10-26T23:00:00Z,0.33440,0.33760,0.33360,0.33530,7808990
2023-10-27T00:00:00Z,0.33530,0.33580,0.33150,0.33280,8180392
2023-10-27T01:00:00Z,0.33280,0.33340,0.32480,0.32520,11038691
2023-10-27T02:00:00Z,0.32530,0.33100,0.32450,0.32980,5971515
2023-10-27T03:00:00Z,0.32970,0.33070,0.32850,0.32980,4170721
2023-10-27T04:00:00Z,0.32980,0.33000,0.32710,0.32940,5591403
2023-10-27T05:00:00Z,0.32940,0.32950,0.32540,0.32760,5639124
2023-10-27T06:00:00Z,0.32760,0.33060,0.32720,0.33050,3253173
2023-10-27T07:00:00Z,0.33060,0.33060,0.32550,0.32580,4897439
2023-10-27T08:00:00Z,0.32580,0.32900,0.32520,0.32840,4115729
2023-10-27T09:00:00Z,0.32830,0.33020,0.32820,0.33010,5116479
2023-10-27T10:00:00Z,0.33010,0.33010,0.32810,0.32820,2568122
2023-10-27T11:00:00Z,0.32830,0.32880,0.32540,0.32760,10702252
2023-10-27T12:00:00Z,0.32760,0.33130,0.32600,0.33070,10174275
2023-10-27T13:00:00Z,0.33070,0.33250,0.33030,0.33140,6965209
2023-10-27T14:00:00Z,0.33140,0.33140,0.32500,0.32720,12194466
2023-10-27T15:00:00Z,0.32710,0.33090,0.32590,0.32950,6347618
2023-10-27T16:00:00Z,0.32940,0.33020,0.32320,0.32510,8795051
2023-10-27T17:00:00Z,0.32510,0.32580,0.31760,0.32220,13515788
2023-10-27T18:00:00Z,0.32210,0.32300,0.31690,0.31980,11591570
2023-10-27T19:00:00Z,0.31980,0.32280,0.31960,0.32280,2993011
2023-10-27T20:00:00Z,0.32280,0.32410,0.32180,0.32320,2382835
2023-10-27T21:00:00Z,0.32320,0.32370,0.32160,0.32310,2481732
2023-10-27T22:00:00Z,0.32310,0.32340,0.32080,0.32120,3470716
2023-10-27T23:00:00Z,0.32110,0.32370,0.32080,0.32290,2553602
2023-10-28T00:00:00Z,0.32300,0.32480,0.32260,0.32370,3240958
2023-10-28T01:00:00Z,0.32360,0.32510,0.32310,0.32510,2077497
2023-10-28T02:00:00Z,0.32500,0.32800,0.32370,0.32760,3295985
2023-10-28T03:00:00Z,0.32760,0.32780,0.32600,0.32780,3308962
2023-10-28T04:00:00Z,0.32780,0.32940,0.32650,0.32930,3185272
2023-10-28T05:00:00Z,0.32930,0.33060,0.32750,0.32770,3884777
2023-10-28T06:00:00Z,0.32760,0.32840,0.32640,0.32660,2742509
2023-10-28T07:00:00Z,0.32670,0.32900,0.32620,0.32820,2654337
2023-10-28T08:00:00Z,0.32830,0.33020,0.32630,0.32940,5754258
2023-10-28T09:00:00Z,0.32940,0.33010,0.32810,0.32910,3040618
2023-10-28T10:00:00Z,0.32910,0.33030,0.32800,0.33000,3983435
2023-10-28T11:00:00Z,0.33000,0.33320,0.32890,0.32920,8737237
2023-10-28T12:00:00Z,0.32930,0.33020,0.32450,0.32620,9315941
2023-10-28T13:00:00Z,0.32620,0.32860,0.32520,0.32840,4565118
2023-10-28T14:00:00Z,0.32840,0.32900,0.32760,0.32790,2720301
2023-10-28T15:00:00Z,0.32790,0.32950,0.32740,0.32940,2385023
2023-10-28T16:00:00Z,0.32940,0.32940,0.32740,0.32900,2987028
2023-10-28T17:00:00Z,0.32890,0.32980,0.32820,0.32960,1732976
2023-10-28T18:00:00Z,0.32950,0.33080,0.32800,0.33010,3531729
2023-10-28T19:00:00Z,0.33010,0.33080,0.32810,0.32880,3441682
2023-10-28T20:00:00Z,0.32870,0.33110,0.32820,0.33080,2617992
2023-10-28T21:00:00Z,0.33070,0.33220,0.33070,0.33210,1837904
2023-10-28T22:00:00Z,0.33210,0.33240,0.32870,0.33080,4440090
2023-10-28T23:00:00Z,0.33070,0.33130,0.32900,0.33120,2958896
2023-10-29T00:00:00Z,0.33110,0.33200,0.32870,0.32880,4924391
2023-10-29T01:00:00Z,0.32880,0.32950,0.32440,0.32770,9413506
2023-10-29T02:00:00Z,0.32760,0.32890,0.32670,0.32870,2907046
2023-10-29T03:00:00Z,0.32870,0.32900,0.32690,0.32800,2762675
2023-10-29T04:00:00Z,0.32800,0.33100,0.32700,0.32970,2807614
2023-10-29T05:00:00Z,0.32970,0.33010,0.32820,0.32880,2679875
2023-10-29T06:00:00Z,0.32870,0.33110,0.32830,0.33030,1854568
2023-10-29T07:00:00Z,0.33020,0.33170,0.32940,0.33090,2612439
2023-10-29T08:00:00Z,0.33090,0.33340,0.33070,0.33300,4072226
2023-10-29T09:00:00Z,0.33300,0.33360,0.33160,0.33190,3458118
2023-10-29T10:00:00Z,0.33200,0.33200,0.33000,0.33060,2464667
2023-10-29T11:00:00Z,0.33060,0.33280,0.33030,0.33170,4298641
2023-10-29T12:00:00Z,0.33160,0.33570,0.33040,0.33570,7256241
2023-10-29T13:00:00Z,0.33560,0.34910,0.33560,0.34780,44405542
2023-10-29T14:00:00Z,0.34770,0.35790,0.34730,0.35590,57659014
2023-10-29T15:00:00Z,0.35590,0.35810,0.35150,0.35300,27062599
2023-10-29T16:00:00Z,0.35300,0.35680,0.35220,0.35500,17297898
2023-10-29T17:00:00Z,0.35500,0.36260,0.35310,0.36210,33122522
2023-10-29T18:00:00Z,0.36220,0.36930,0.36050,0.36550,43031959
2023-10-29T19:00:00Z,0.36540,0.36700,0.36130,0.36510,18610519
2023-10-29T20:00:00Z,0.36510,0.36700,0.36160,0.36570,13709359
2023-10-29T21:00:00Z,0.36570,0.36650,0.36100,0.36130,10254841
2023-10-29T22:00:00Z,0.36140,0.36460,0.36140,0.36220,7841332
2023-10-29T23:00:00Z,0.36230,0.36340,0.35610,0.35690,16011539
2023-10-30T00:00:00Z,0.35690,0.36650,0.35620,0.36200,27239879
2023-10-30T01:00:00Z,0.36210,0.36510,0.36130,0.36280,11656363
2023-10-30T02:00:00Z,0.36290,0.36450,0.35840,0.36140,14746866
2023-10-30T03:00:00Z,0.36140,0.36180,0.35710,0.35880,12821309
2023-10-30T04:00:00Z,0.35890,0.36000,0.35600,0.35680,9126093
2023-10-30T05:00:00Z,0.35690,0.35940,0.35050,0.35140,18133058
2023-10-30T06:00:00Z,0.35130,0.35320,0.34730,0.35230,19196127
2023-10-30T07:00:00Z,0.35230,0.35460,0.34960,0.35120,13407400
2023-10-30T08:00:00Z,0.35120,0.35540,0.35000,0.35450,15392557
2023-10-30T09:00:00Z,0.35450,0.35840,0.35450,0.35670,17027698
2023-10-30T10:00:00Z,0.35670,0.35800,0.35400,0.35660,8447940
2023-10-30T11:00:00Z,0.35650,0.36130,0.35640,0.35670,21565985
2023-10-30T12:00:00Z,0.35680,0.36190,0.35560,0.35580,15247501
2023-10-30T13:00:00Z,0.35590,0.35990,0.35410,0.35960,11160718
2023-10-30T14:00:00Z,0.35960,0.36060,0.35410,0.35520,9801101
2023-10-30T15:00:00Z,0.35530,0.35680,0.35340,0.35580,5467504
2023-10-30T16:00:00Z,0.35580,0.35620,0.35290,0.35500,5785519
2023-10-30T17:00:00Z,0.35510,0.35520,0.34590,0.35200,23866354
2023-10-30T18:00:00Z,0.35210,0.35400,0.35200,0.35400,5037553
2023-10-30T19:00:00Z,0.35400,0.35790,0.35380,0.35660,6657735
2023-10-30T20:00:00Z,0.35660,0.35700,0.35410,0.35610,4494641
2023-10-30T21:00:00Z,0.35620,0.35790,0.35460,0.35750,3880290
2023-10-30T22:00:00Z,0.35750,0.35750,0.35540,0.35700,3018337
2023-10-30T23:00:00Z,0.35710,0.35950,0.35660,0.35800,4393094
2023-10-31T00:00:00Z,0.35810,0.36220,0.35640,0.35890,10702323
2023-10-31T01:00:00Z,0.35890,0.35990,0.35600,0.35920,5547064
2023-10-31T02:00:00Z,0.35920,0.36040,0.35250,0.35500,8049798
2023-10-31T03:00:00Z,0.35500,0.35560,0.35220,0.35310,6058302
2023-10-31T04:00:00Z,0.35320,0.35510,0.35200,0.35340,3595069
2023-10-31T05:00:00Z,0.35330,0.35640,0.35160,0.35550,4780054
2023-10-31T06:00:00Z,0.35550,0.35650,0.35170,0.35330,6351797
2023-10-31T07:00:00Z,0.35330,0.35430,0.34940,0.35010,7588492
2023-10-31T08:00:00Z,0.35020,0.35470,0.34520,0.35440,10725518
2023-10-31T09:00:00Z,0.35440,0.35460,0.35180,0.35400,3899259
2023-10-31T10:00:00Z,0.35400,0.35530,0.35280,0.35380,4659083
2023-10-31T11:00:00Z,0.35370,0.35630,0.35230,0.35510,6748491
2023-10-31T12:00:00Z,0.35500,0.35580,0.34710,0.34850,14235253
2023-10-31T13:00:00Z,0.34860,0.34940,0.34030,0.34320,20157778
2023-10-31T14:00:00Z,0.34310,0.34530,0.34100,0.34430,15419818
2023-10-31T15:00:00Z,0.34440,0.34490,0.33210,0.33900,31760669
2023-10-31T16:00:00Z,0.33890,0.34260,0.33670,0.34020,13647177
2023-10-31T17:00:00Z,0.34020,0.34190,0.33930,0.34100,5373147
2023-10-31T18:00:00Z,0.34110,0.34270,0.34030,0.34200,5339026
2023-10-31T19:00:00Z,0.34200,0.34350,0.34040,0.34160,5781950
2023-10-31T20:00:00Z,0.34160,0.34500,0.34110,0.34370,6626849
2023-10-31T21:00:00Z,0.34370,0.34530,0.34060,0.34200,4714597
2023-10-31T22:00:00Z,0.34200,0.34580,0.34170,0.34490,3938447
2023-10-31T23:00:00Z,0.34490,0.34710,0.34400,0.34650,4417825
2023-11-01T00:00:00Z,0.34650,0.34840,0.34480,0.34590,6653553
2023-11-01T01:00:00Z,0.34590,0.34770,0.34470,0.34580,5227578
2023-11-01T02:00:00Z,0.34570,0.34730,0.34490,0.34580,3871606
2023-11-01T03:00:00Z,0.34580,0.34660,0.34270,0.34340,4374134
2023-11-01T04:00:00Z,0.34340,0.34350,0.34060,0.34110,7374066
2023-11-01T05:00:00Z,0.34120,0.34160,0.33620,0.33680,10255367
2023-11-01T06:00:00Z,0.33680,0.34060,0.33560,0.33990,5918684
2023-11-01T07:00:00Z,0.33980,0.34140,0.33900,0.33960,5945745
2023-11-01T08:00:00Z,0.33960,0.34020,0.33840,0.33920,4005749
2023-11-01T09:00:00Z,0.33930,0.34040,0.33840,0.33970,3084251
2023-11-01T10:00:00Z,0.33960,0.33990,0.33510,0.33700,8790367
2023-11-01T11:00:00Z,0.33700,0.34050,0.33670,0.34010,8078358
2023-11-01T12:00:00Z,0.34010,0.34540,0.33750,0.34400,10557343
2023-11-01T13:00:00Z,0.34390,0.34690,0.33880,0.34110,16440559
2023-11-01T14:00:00Z,0.34110,0.34320,0.33520,0.33690,11196983
2023-11-01T15:00:00Z,0.33680,0.33870,0.33510,0.33720,9436230
2023-11-01T16:00:00Z,0.33720,0.34150,0.33690,0.33950,6296567
2023-11-01T17:00:00Z,0.33940,0.34290,0.33900,0.34260,5134558
2023-11-01T18:00:00Z,0.34270,0.35030,0.34140,0.34820,14667579
2023-11-01T19:00:00Z,0.34810,0.35230,0.34550,0.34810,17198318
2023-11-01T20:00:00Z,0.34810,0.35520,0.34810,0.35500,11584038
2023-11-01T21:00:00Z,0.35500,0.35650,0.35260,0.35570,11685759
2023-11-01T22:00:00Z,0.35580,0.35710,0.35260,0.35350,7906446
2023-11-01T23:00:00Z,0.35350,0.35760,0.35250,0.35720,8664650
2023-11-02T00:00:00Z,0.35720,0.36040,0.35530,0.35990,15246582
2023-11-02T01:00:00Z,0.35980,0.38030,0.35960,0.37620,55682520
2023-11-02T02:00:00Z,0.37610,0.37850,0.37290,0.37320,21461886
2023-11-02T03:00:00Z,0.37330,0.37760,0.37080,0.37130,14403208
2023-11-02T04:00:00Z,0.37140,0.37360,0.36920,0.36980,12476166
2023-11-02T05:00:00Z,0.36990,0.37270,0.36520,0.36770,16920824
2023-11-02T06:00:00Z,0.36770,0.37110,0.36710,0.37010,8488656
2023-11-02T07:00:00Z,0.37020,0.37240,0.36830,0.36950,7767880
2023-11-02T08:00:00Z,0.36960,0.37070,0.36590,0.37060,8862643
2023-11-02T09:00:00Z,0.37050,0.37480,0.36910,0.37230,15940054
2023-11-02T10:00:00Z,0.37220,0.37310,0.36890,0.36930,9652436
2023-11-02T11:00:00Z,0.36920,0.37050,0.36790,0.37010,6902665
2023-11-02T12:00:00Z,0.37010,0.37380,0.36870,0.37180,10800592
2023-11-02T13:00:00Z,0.37170,0.37500,0.35980,0.36540,32504799
2023-11-02T14:00:00Z,0.36540,0.36710,0.35870,0.36320,14155287
2023-11-02T15:00:00Z,0.36330,0.36370,0.35350,0.35630,24172234
2023-11-02T16:00:00Z,0.35630,0.35930,0.35030,0.35760,20649900
2023-11-02T17:00:00Z,0.35760,0.36390,0.35660,0.36370,13308579
2023-11-02T18:00:00Z,0.36360,0.36430,0.35970,0.36030,7905920
2023-11-02T19:00:00Z,0.36040,0.36290,0.35960,0.36230,5995911
2023-11-02T20:00:00Z,0.36240,0.36300,0.35800,0.36070,6335606
2023-11-02T21:00:00Z,0.36070,0.36470,0.35880,0.36460,4419336
2023-11-02T22:00:00Z,0.36460,0.36460,0.36020,0.36230,5185754
2023-11-02T23:00:00Z,0.36240,0.36830,0.36130,0.36770,6692007
2023-11-03T00:00:00Z,0.36760,0.36760,0.35470,0.35720,15664055
2023-11-03T01:00:00Z,0.35720,0.35830,0.35030,0.35460,13696749
2023-11-03T02:00:00Z,0.35460,0.35830,0.35360,0.35730,4481360
2023-11-03T03:00:00Z,0.35730,0.35870,0.35550,0.35760,3341689
2023-11-03T04:00:00Z,0.35760,0.35830,0.35230,0.35340,6068680
2023-11-03T05:00:00Z,0.35350,0.35830,0.35150,0.35800,4978581
2023-11-03T06:00:00Z,0.35810,0.36080,0.35750,0.35860,7417729
2023-11-03T07:00:00Z,0.35850,0.35980,0.35660,0.35850,4669069
2023-11-03T08:00:00Z,0.35850,0.36060,0.35560,0.35910,6269318
2023-11-03T09:00:00Z,0.35910,0.35930,0.35440,0.35530,6321800
2023-11-03T10:00:00Z,0.35540,0.35560,0.35200,0.35470,6896797
2023-11-03T11:00:00Z,0.35480,0.36240,0.35340,0.35810,36121826
2023-11-03T12:00:00Z,0.35800,0.36170,0.35650,0.36020,8333030
2023-11-03T13:00:00Z,0.36030,0.36170,0.35720,0.36140,7780795
2023-11-03T14:00:00Z,0.36140,0.36410,0.36000,0.36260,9608215
2023-11-03T15:00:00Z,0.36260,0.36380,0.35990,0.36220,7332616
2023-11-03T16:00:00Z,0.36220,0.36400,0.35860,0.36110,8091680
2023-11-03T17:00:00Z,0.36110,0.36170,0.35620,0.35890,5993114
2023-11-03T18:00:00Z,0.35890,0.36220,0.35800,0.36080,3698490
2023-11-03T19:00:00Z,0.36080,0.36240,0.35950,0.36160,2171572
2023-11-03T20:00:00Z,0.36150,0.36380,0.36050,0.36240,2917943
2023-11-03T21:00:00Z,0.36250,0.36450,0.36250,0.36300,2227400
2023-11-03T22:00:00Z,0.36310,0.36450,0.36210,0.36450,2213998
2023-11-03T23:00:00Z,0.36440,0.36500,0.36210,0.36300,3281526
2023-11-04T00:00:00Z,0.36310,0.36540,0.36060,0.36280,6989143
2023-11-04T01:00:00Z,0.36260,0.36500,0.36080,0.36340,3762588
2023-11-04T02:00:00Z,0.36340,0.36450,0.36260,0.36400,2492991
2023-11-04T03:00:00Z,0.36400,0.36410,0.36180,0.36400,1824599
2023-11-04T04:00:00Z,0.36390,0.36410,0.36110,0.36140,2187213
2023-11-04T05:00:00Z,0.36140,0.36260,0.35970,0.36260,2816108
2023-11-04T06:00:00Z,0.36250,0.36550,0.36220,0.36460,4719647
2023-11-04T07:00:00Z,0.36450,0.36730,0.36440,0.36580,4538603
2023-11-04T08:00:00Z,0.36580,0.36780,0.36400,0.36760,4095315
2023-11-04T09:00:00Z,0.36760,0.37140,0.36730,0.36770,7243105
2023-11-04T10:00:00Z,0.36760,0.36970,0.36650,0.36780,3753794
2023-11-04T11:00:00Z,0.36780,0.36880,0.36570,0.36670,3033499
2023-11-04T12:00:00Z,0.36670,0.36760,0.36520,0.36740,3034134
2023-11-04T13:00:00Z,0.36740,0.36800,0.36310,0.36380,6825767
2023-11-04T14:00:00Z,0.36390,0.36430,0.36140,0.36310,4648138
2023-11-04T15:00:00Z,0.36320,0.36410,0.36030,0.36400,4116066
2023-11-04T16:00:00Z,0.36390,0.36600,0.36290,0.36500,3219741
2023-11-04T17:00:00Z,0.36510,0.36650,0.36410,0.36480,1978646
2023-11-04T18:00:00Z,0.36480,0.36580,0.36280,0.36540,1739900
2023-11-04T19:00:00Z,0.36550,0.36590,0.36450,0.36530,1426509
2023-11-04T20:00:00Z,0.36540,0.36730,0.36460,0.36710,2045270
2023-11-04T21:00:00Z,0.36710,0.36900,0.36630,0.36870,2484060
2023-11-04T22:00:00Z,0.36880,0.37270,0.36880,0.37260,4511455
2023-11-04T23:00:00Z,0.37270,0.37480,0.37160,0.37390,6676194
2023-11-05T00:00:00Z,0.37390,0.37580,0.37130,0.37480,12647792
2023-11-05T01:00:00Z,0.37490,0.37850,0.37350,0.37560,6307053
2023-11-05T02:00:00Z,0.37560,0.37580,0.37090,0.37380,6718243
2023-11-05T03:00:00Z,0.37390,0.37540,0.37260,0.37470,3058454
2023-11-05T04:00:00Z,0.37470,0.37530,0.37120,0.37260,4254091
2023-11-05T05:00:00Z,0.37260,0.37450,0.37110,0.37270,3080943
2023-11-05T06:00:00Z,0.37280,0.37320,0.37010,0.37090,2974091
2023-11-05T07:00:00Z,0.37100,0.37550,0.37100,0.37540,2845739
2023-11-05T08:00:00Z,0.37550,0.37640,0.37100,0.37190,4185915
2023-11-05T09:00:00Z,0.37190,0.37690,0.37170,0.37600,6002746
2023-11-05T10:00:00Z,0.37590,0.37640,0.37410,0.37640,2896362
2023-11-05T11:00:00Z,0.37640,0.37780,0.37510,0.37650,4313965
2023-11-05T12:00:00Z,0.37650,0.38110,0.37520,0.37800,8674051
2023-11-05T13:00:00Z,0.37790,0.37900,0.36460,0.36690,14126054
2023-11-05T14:00:00Z,0.36700,0.37230,0.36700,0.37070,9095139
2023-11-05T15:00:00Z,0.37080,0.37150,0.36840,0.37030,4607512
2023-11-05T16:00:00Z,0.37030,0.37520,0.36950,0.37420,3835750
2023-11-05T17:00:00Z,0.37430,0.37740,0.37350,0.37510,6223367
2023-11-05T18:00:00Z,0.37500,0.37640,0.37370,0.37560,3112167
2023-11-05T19:00:00Z,0.37560,0.37680,0.37230,0.37370,4730268
2023-11-05T20:00:00Z,0.37370,0.37530,0.37110,0.37230,2382776
2023-11-05T21:00:00Z,0.37240,0.37260,0.36530,0.36760,5537526
2023-11-05T22:00:00Z,0.36750,0.37440,0.36730,0.37400,3289138
2023-11-05T23:00:00Z,0.37400,0.37660,0.37400,0.37500,4813217
2023-11-06T00:00:00Z,0.37490,0.37760,0.37280,0.37750,6173375
2023-11-06T01:00:00Z,0.37750,0.38230,0.37600,0.37680,9619716
2023-11-06T02:00:00Z,0.37690,0.38680,0.37660,0.38540,10420683
2023-11-06T03:00:00Z,0.38540,0.38880,0.38340,0.38570,14091184
2023-11-06T04:00:00Z,0.38570,0.38650,0.38080,0.38280,10388677
2023-11-06T05:00:00Z,0.38290,0.38430,0.37560,0.38120,11780423
2023-11-06T06:00:00Z,0.38120,0.38780,0.37890,0.38590,8160698
2023-11-06T07:00:00Z,0.38590,0.38650,0.38140,0.38430,6835265
2023-11-06T08:00:00Z,0.38430,0.38990,0.38100,0.38800,10128540
2023-11-06T09:00:00Z,0.38790,0.38860,0.38530,0.38710,6032173
2023-11-06T10:00:00Z,0.38720,0.39020,0.38540,0.38880,7244377
2023-11-06T11:00:00Z,0.38890,0.39200,0.38690,0.39110,9150199
2023-11-06T12:00:00Z,0.39110,0.39450,0.38840,0.39290,9860320
2023-11-06T13:00:00Z,0.39290,0.39300,0.38600,0.38910,11880037
2023-11-06T14:00:00Z,0.38910,0.39290,0.38890,0.39190,6344907
2023-11-06T15:00:00Z,0.39190,0.39270,0.38850,0.38900,6503504
2023-11-06T16:00:00Z,0.38900,0.39030,0.38580,0.38960,7958515
2023-11-06T17:00:00Z,0.38960,0.39270,0.38870,0.39140,5359005
2023-11-06T18:00:00Z,0.39150,0.39250,0.38850,0.39220,4923397
2023-11-06T19:00:00Z,0.39230,0.39490,0.39030,0.39460,5025647
2023-11-06T20:00:00Z,0.39460,0.39490,0.39070,0.39460,4567740
2023-11-06T21:00:00Z,0.39460,0.39470,0.39030,0.39400,4650912
2023-11-06T22:00:00Z,0.39400,0.39720,0.39240,0.39620,4106890
2023-11-06T23:00:00Z,0.39620,0.39730,0.39150,0.39290,7977771
2023-11-07T00:00:00Z,0.39290,0.39380,0.38410,0.38780,13652383
2023-11-07T01:00:00Z,0.38770,0.39660,0.38700,0.39420,12039347
2023-11-07T02:00:00Z,0.39410,0.39810,0.38540,0.38600,13546542
2023-11-07T03:00:00Z,0.38600,0.39300,0.38390,0.39060,9039971
2023-11-07T04:00:00Z,0.39070,0.39150,0.38710,0.38990,4365054
2023-11-07T05:00:00Z,0.39000,0.39340,0.38800,0.39330,3814150
2023-11-07T06:00:00Z,0.39340,0.40160,0.39190,0.40130,8659930
2023-11-07T07:00:00Z,0.40130,0.40320,0.39460,0.39700,12203252
2023-11-07T08:00:00Z,0.39700,0.39940,0.39540,0.39570,6308432
2023-11-07T09:00:00Z,0.39580,0.39640,0.38510,0.38890,15138560
2023-11-07T10:00:00Z,0.38890,0.39020,0.38460,0.38560,11980064
2023-11-07T11:00:00Z,0.38560,0.39450,0.38510,0.39040,8344325
2023-11-07T12:00:00Z,0.39040,0.39280,0.38660,0.39050,6832071
2023-11-07T13:00:00Z,0.39050,0.39090,0.38430,0.38740,6591600
2023-11-07T14:00:00Z,0.38720,0.38930,0.38450,0.38680,5169954
2023-11-07T15:00:00Z,0.38700,0.38720,0.37600,0.37930,15370196
2023-11-07T16:00:00Z,0.37930,0.38150,0.37630,0.37650,7216124
2023-11-07T17:00:00Z,0.37660,0.38580,0.37340,0.38560,10692479
2023-11-07T18:00:00Z,0.38560,0.39280,0.38520,0.39080,12068958
2023-11-07T19:00:00Z,0.39090,0.39240,0.38810,0.39070,4552220
2023-11-07T20:00:00Z,0.39080,0.39490,0.38970,0.39370,6959424
2023-11-07T21:00:00Z,0.39380,0.39420,0.38990,0.39230,4468855
2023-11-07T22:00:00Z,0.39230,0.39260,0.38580,0.38760,6713279
2023-11-07T23:00:00Z,0.38770,0.38900,0.38670,0.38800,2954355
2023-11-08T00:00:00Z,0.38800,0.38940,0.38390,0.38810,4675617
2023-11-08T01:00:00Z,0.38810,0.38920,0.38590,0.38790,3509395
2023-11-08T02:00:00Z,0.38800,0.38830,0.38490,0.38530,2197462
2023-11-08T03:00:00Z,0.38520,0.38580,0.38350,0.38500,3496484
2023-11-08T04:00:00Z,0.38500,0.38770,0.38410,0.38760,2454744
2023-11-08T05:00:00Z,0.38750,0.38830,0.38440,0.38560,3354009
2023-11-08T06:00:00Z,0.38560,0.38850,0.38370,0.38770,9661740
2023-11-08T07:00:00Z,0.38780,0.39210,0.38680,0.39020,6015957
2023-11-08T08:00:00Z,0.39020,0.39260,0.38890,0.39140,4316457
2023-11-08T09:00:00Z,0.39140,0.39430,0.39120,0.39360,3890388
2023-11-08T10:00:00Z,0.39360,0.39590,0.39260,0.39510,5675483
2023-11-08T11:00:00Z,0.39520,0.39690,0.39410,0.39630,7206008
2023-11-08T12:00:00Z,0.39630,0.39740,0.39390,0.39480,5435605
2023-11-08T13:00:00Z,0.39470,0.39680,0.39280,0.39570,5026217
2023-11-08T14:00:00Z,0.39570,0.39680,0.39200,0.39330,5740694
2023-11-08T15:00:00Z,0.39330,0.39400,0.38910,0.39270,7868306
2023-11-08T16:00:00Z,0.39270,0.39880,0.39230,0.39830,6154147
2023-11-08T17:00:00Z,0.39830,0.39920,0.39610,0.39850,5552755
2023-11-08T18:00:00Z,0.39840,0.40250,0.39770,0.40150,6132299
2023-11-08T19:00:00Z,0.40150,0.40380,0.39950,0.40120,7549083
2023-11-08T20:00:00Z,0.40130,0.40210,0.39870,0.40100,8377136
2023-11-08T21:00:00Z,0.40110,0.40260,0.39760,0.40000,6428602
2023-11-08T22:00:00Z,0.40010,0.40400,0.40000,0.40360,4401728
2023-11-08T23:00:00Z,0.40350,0.40590,0.40180,0.40250,6934970
2023-11-09T00:00:00Z,0.40260,0.40650,0.39990,0.40640,7202740
2023-11-09T01:00:00Z,0.40640,0.40840,0.40370,0.40630,7330577
2023-11-09T02:00:00Z,0.40640,0.41230,0.40530,0.40900,9670177
2023-11-09T03:00:00Z,0.40890,0.40960,0.40610,0.40940,5875891
2023-11-09T04:00:00Z,0.40930,0.41230,0.40930,0.41050,6703386
2023-11-09T05:00:00Z,0.41050,0.41180,0.40850,0.41070,4397255
2023-11-09T06:00:00Z,0.41080,0.41530,0.41030,0.41480,5692918
2023-11-09T07:00:00Z,0.41480,0.41670,0.40880,0.41010,11582007
2023-11-09T08:00:00Z,0.41010,0.41630,0.40990,0.41430,10277595
2023-11-09T09:00:00Z,0.41440,0.41540,0.41170,0.41330,6200211
2023-11-09T10:00:00Z,0.41330,0.41560,0.41190,0.41220,5927177
2023-11-09T11:00:00Z,0.41220,0.41240,0.40800,0.41230,7045234
2023-11-09T12:00:00Z,0.41230,0.41420,0.40990,0.41110,8349120
2023-11-09T13:00:00Z,0.41100,0.41200,0.40580,0.40990,10397663
2023-11-09T14:00:00Z,0.40980,0.41910,0.40800,0.41750,20328245
2023-11-09T15:00:00Z,0.41740,0.42080,0.40820,0.41140,34229391
2023-11-09T16:00:00Z,0.41130,0.41460,0.31800,0.38090,80984403
2023-11-09T17:00:00Z,0.38090,0.38660,0.37480,0.38400,25018674
2023-11-09T18:00:00Z,0.38400,0.38410,0.37340,0.37450,14810788
2023-11-09T19:00:00Z,0.37450,0.37760,0.37200,0.37730,10874987
2023-11-09T20:00:00Z,0.37730,0.37760,0.36930,0.37670,12176880
2023-11-09T21:00:00Z,0.37670,0.38080,0.37480,0.37870,11039808
2023-11-09T22:00:00Z,0.37870,0.39020,0.37850,0.39000,10488242
2023-11-09T23:00:00Z,0.38990,0.39610,0.38830,0.39550,8066207
2023-11-10T00:00:00Z,0.39530,0.41840,0.39270,0.41130,50151303
2023-11-10T01:00:00Z,0.41120,0.42050,0.40830,0.41850,11678402
2023-11-10T02:00:00Z,0.41850,0.42150,0.41320,0.42120,10461110
2023-11-10T03:00:00Z,0.42110,0.42270,0.41390,0.41490,10984345
2023-11-10T04:00:00Z,0.41500,0.41970,0.41380,0.41600,9177766
2023-11-10T05:00:00Z,0.41590,0.41920,0.41250,0.41760,9041722
2023-11-10T06:00:00Z,0.41760,0.41900,0.41370,0.41680,11245971
2023-11-10T07:00:00Z,0.41690,0.41870,0.41080,0.41340,11836061
2023-11-10T08:00:00Z,0.41340,0.41380,0.40310,0.41010,17250369
2023-11-10T09:00:00Z,0.41000,0.41560,0.41000,0.41540,6715524
2023-11-10T10:00:00Z,0.41540,0.41560,0.40960,0.41280,7747206
2023-11-10T11:00:00Z,0.41280,0.41670,0.41250,0.41630,10186437
2023-11-10T12:00:00Z,0.41630,0.41650,0.40530,0.41270,15080990
2023-11-10T13:00:00Z,0.41270,0.41310,0.40190,0.40310,10806748
2023-11-10T14:00:00Z,0.40320,0.40560,0.39310,0.39810,16170082
2023-11-10T15:00:00Z,0.39800,0.40430,0.39700,0.40260,6291635
2023-11-10T16:00:00Z,0.40260,0.40720,0.40150,0.40580,9597591
2023-11-10T17:00:00Z,0.40590,0.40800,0.40510,0.40710,5346368
2023-11-10T18:00:00Z,0.40700,0.40950,0.40450,0.40590,4286503
2023-11-10T19:00:00Z,0.40600,0.40950,0.40540,0.40880,4012682
2023-11-10T20:00:00Z,0.40880,0.41270,0.40640,0.41270,5884187
2023-11-10T21:00:00Z,0.41280,0.41670,0.41140,0.41640,6439944
2023-11-10T22:00:00Z,0.41640,0.42200,0.41640,0.42170,9941699
2023-11-10T23:00:00Z,0.42160,0.42770,0.42020,0.42180,13006734
2023-11-11T00:00:00Z,0.42170,0.42470,0.41540,0.41770,13010577
2023-11-11T01:00:00Z,0.41790,0.42110,0.40740,0.41180,13024712
2023-11-11T02:00:00Z,0.41170,0.41630,0.40790,0.41580,7759947
2023-11-11T03:00:00Z,0.41590,0.41610,0.40800,0.40820,6072489
2023-11-11T04:00:00Z,0.40830,0.40910,0.39930,0.40540,12596300
2023-11-11T05:00:00Z,0.40550,0.40830,0.40380,0.40660,5553688
2023-11-11T06:00:00Z,0.40660,0.40910,0.40370,0.40760,4856724
2023-11-11T07:00:00Z,0.40760,0.40900,0.40490,0.40720,5583399
2023-11-11T08:00:00Z,0.40720,0.41150,0.40540,0.40980,7214725
2023-11-11T09:00:00Z,0.40990,0.41540,0.40900,0.41490,5641267
2023-11-11T10:00:00Z,0.41500,0.41710,0.41270,0.41670,5182055
2023-11-11T11:00:00Z,0.41680,0.41800,0.41360,0.41560,8158926
2023-11-11T12:00:00Z,0.41570,0.41990,0.41230,0.41980,6749219
2023-11-11T13:00:00Z,0.41980,0.42420,0.41850,0.42330,9937282
2023-11-11T14:00:00Z,0.42320,0.44270,0.42220,0.43670,46831999
2023-11-11T15:00:00Z,0.43660,0.43990,0.43290,0.43340,18274543
2023-11-11T16:00:00Z,0.43340,0.44480,0.43300,0.44370,11589758
2023-11-11T17:00:00Z,0.44370,0.45920,0.43660,0.45440,48900805
2023-11-11T18:00:00Z,0.45440,0.45710,0.44830,0.45230,18389433
2023-11-11T19:00:00Z,0.45230,0.45610,0.44920,0.45260,10806524
2023-11-11T20:00:00Z,0.45260,0.45270,0.44240,0.44260,15233830
2023-11-11T21:00:00Z,0.44260,0.44440,0.43730,0.43880,12269562
2023-11-11T22:00:00Z,0.43890,0.44200,0.43260,0.44080,9855322
2023-11-11T23:00:00Z,0.44090,0.44100,0.43290,0.43920,9712993
2023-11-12T00:00:00Z,0.43920,0.44170,0.41680,0.42580,23789409
2023-11-12T01:00:00Z,0.42580,0.43500,0.42290,0.43370,10516731
2023-11-12T02:00:00Z,0.43380,0.43430,0.42770,0.42930,6520115
2023-11-12T03:00:00Z,0.42920,0.43400,0.42840,0.43180,6660620
2023-11-12T04:00:00Z,0.43170,0.43650,0.42880,0.43170,7533727
2023-11-12T05:00:00Z,0.43170,0.43540,0.42840,0.43480,5657925
2023-11-12T06:00:00Z,0.43480,0.44020,0.43270,0.44010,7951960
2023-11-12T07:00:00Z,0.44030,0.44980,0.44010,0.44560,13395136
2023-11-12T08:00:00Z,0.44570,0.44640,0.43940,0.44390,10071599
2023-11-12T09:00:00Z,0.44390,0.44450,0.43600,0.43970,7704825
2023-11-12T10:00:00Z,0.43970,0.44580,0.43860,0.44380,10297292
2023-11-12T11:00:00Z,0.44390,0.44880,0.44250,0.44620,8237949
2023-11-12T12:00:00Z,0.44630,0.44760,0.43930,0.44410,10747636
2023-11-12T13:00:00Z,0.44410,0.44570,0.43560,0.44170,13833317
2023-11-12T14:00:00Z,0.44180,0.44710,0.44050,0.44430,8081878
2023-11-12T15:00:00Z,0.44420,0.44620,0.44060,0.44500,8146158
2023-11-12T16:00:00Z,0.44500,0.44800,0.43880,0.44170,9623116
2023-11-12T17:00:00Z,0.44170,0.44300,0.43590,0.44030,6981370
2023-11-12T18:00:00Z,0.44050,0.44680,0.43720,0.44450,7799002
2023-11-12T19:00:00Z,0.44460,0.44510,0.43970,0.44130,4838698
2023-11-12T20:00:00Z,0.44140,0.44740,0.43990,0.44590,4875687
2023-11-12T21:00:00Z,0.44590,0.44720,0.44310,0.44550,5018735
2023-11-12T22:00:00Z,0.44540,0.44670,0.44410,0.44490,2459595
2023-11-12T23:00:00Z,0.44490,0.44640,0.43650,0.44200,9821227
2023-11-13T00:00:00Z,0.44210,0.44790,0.43520,0.44750,8822063
2023-11-13T01:00:00Z,0.44750,0.45800,0.44620,0.45680,16688959
2023-11-13T02:00:00Z,0.45680,0.45950,0.45390,0.45480,9197817
2023-11-13T03:00:00Z,0.45480,0.45560,0.44120,0.44350,11985772
2023-11-13T04:00:00Z,0.44350,0.44830,0.43770,0.43960,10296997
2023-11-13T05:00:00Z,0.43960,0.44780,0.43680,0.44750,8074648
2023-11-13T06:00:00Z,0.44750,0.44820,0.44060,0.44560,7361597
2023-11-13T07:00:00Z,0.44570,0.45200,0.44360,0.44910,8984188
2023-11-13T08:00:00Z,0.44900,0.46020,0.44840,0.45990,17704270
2023-11-13T09:00:00Z,0.46000,0.47000,0.45940,0.46350,22433101
2023-11-13T10:00:00Z,0.46330,0.46340,0.45020,0.45610,13786941
2023-11-13T11:00:00Z,0.45600,0.45700,0.44620,0.44970,13499227
2023-11-13T12:00:00Z,0.44960,0.45780,0.44440,0.45680,11828991
2023-11-13T13:00:00Z,0.45670,0.45800,0.45030,0.45540,9059183
2023-11-13T14:00:00Z,0.45540,0.45820,0.43900,0.44870,20708237
2023-11-13T15:00:00Z,0.44880,0.45990,0.44710,0.45830,17206730
2023-11-13T16:00:00Z,0.45820,0.46260,0.45490,0.46050,18086859
2023-11-13T17:00:00Z,0.46050,0.46140,0.44780,0.45250,10799344
2023-11-13T18:00:00Z,0.45260,0.45800,0.44760,0.45540,5681590
2023-11-13T19:00:00Z,0.45540,0.45800,0.45410,0.45760,4801397
2023-11-13T20:00:00Z,0.45770,0.46750,0.45460,0.45980,16845396
2023-11-13T21:00:00Z,0.45980,0.46030,0.43630,0.44420,27269053
2023-11-13T22:00:00Z,0.44420,0.45280,0.44030,0.44210,11869111
2023-11-13T23:00:00Z,0.44220,0.44740,0.43760,0.43810,9765283
2023-11-14T00:00:00Z,0.43810,0.44080,0.42340,0.42850,20873640
2023-11-14T01:00:00Z,0.42850,0.44320,0.42820,0.43820,11620232
2023-11-14T02:00:00Z,0.43820,0.44360,0.43820,0.44130,5559746
2023-11-14T03:00:00Z,0.44120,0.44270,0.43960,0.43970,4530243
2023-11-14T04:00:00Z,0.43960,0.44270,0.43670,0.44100,5929008
2023-11-14T05:00:00Z,0.44100,0.44710,0.44080,0.44480,5552687
2023-11-14T06:00:00Z,0.44470,0.44630,0.44060,0.44270,4486412
2023-11-14T07:00:00Z,0.44260,0.44820,0.44150,0.44600,4622215
2023-11-14T08:00:00Z,0.44610,0.44870,0.44410,0.44830,5771020
2023-11-14T09:00:00Z,0.44830,0.44940,0.43980,0.44020,7096923
2023-11-14T10:00:00Z,0.44020,0.44160,0.43390,0.43690,9676414
2023-11-14T11:00:00Z,0.43690,0.43760,0.42350,0.42820,15209651
2023-11-14T12:00:00Z,0.42820,0.42980,0.42350,0.42840,11098124
2023-11-14T13:00:00Z,0.42840,0.43890,0.42810,0.43470,17748550
2023-11-14T14:00:00Z,0.43470,0.44080,0.43280,0.43950,9582821
2023-11-14T15:00:00Z,0.43950,0.44050,0.42570,0.43210,13414736
2023-11-14T16:00:00Z,0.43220,0.43660,0.43150,0.43390,5714326
2023-11-14T17:00:00Z,0.43390,0.43520,0.42480,0.42590,7462882
2023-11-14T18:00:00Z,0.42590,0.42780,0.40270,0.40870,26429365
2023-11-14T19:00:00Z,0.40870,0.41730,0.40730,0.41250,14297873
2023-11-14T20:00:00Z,0.41250,0.41930,0.41060,0.41280,7382072
2023-11-14T21:00:00Z,0.41280,0.42040,0.41240,0.41970,6839152
2023-11-14T22:00:00Z,0.41970,0.42420,0.41880,0.42320,5076850
2023-11-14T23:00:00Z,0.42310,0.42450,0.42140,0.42210,7144891
2023-11-15T00:00:00Z,0.42200,0.42570,0.41900,0.41950,8708616
2023-11-15T01:00:00Z,0.41950,0.42280,0.41700,0.41840,6157504
2023-11-15T02:00:00Z,0.41840,0.42150,0.41550,0.42040,8270963
2023-11-15T03:00:00Z,0.42030,0.42050,0.41190,0.41220,6669421
2023-11-15T04:00:00Z,0.41220,0.42120,0.41210,0.42090,5411856
2023-11-15T05:00:00Z,0.42100,0.42450,0.41910,0.42370,6238190
2023-11-15T06:00:00Z,0.42370,0.42550,0.42170,0.42350,6368980
2023-11-15T07:00:00Z,0.42340,0.42870,0.42310,0.42780,7904384
2023-11-15T08:00:00Z,0.42780,0.43160,0.42750,0.43090,6735988
2023-11-15T09:00:00Z,0.43090,0.43330,0.42710,0.42770,7480398
2023-11-15T10:00:00Z,0.42790,0.43120,0.42710,0.43080,4726154
2023-11-15T11:00:00Z,0.43090,0.43810,0.43060,0.43740,9322617
2023-11-15T12:00:00Z,0.43740,0.43770,0.43400,0.43460,10027529
2023-11-15T13:00:00Z,0.43470,0.43560,0.42720,0.43090,10000727
2023-11-15T14:00:00Z,0.43090,0.43290,0.42690,0.42920,6638889
2023-11-15T15:00:00Z,0.42920,0.43300,0.42900,0.43250,5896075
2023-11-15T16:00:00Z,0.43240,0.44370,0.42940,0.43700,17117430
2023-11-15T17:00:00Z,0.43690,0.44120,0.43080,0.43240,12820369
2023-11-15T18:00:00Z,0.43240,0.44010,0.42790,0.43720,20477388
2023-11-15T19:00:00Z,0.43720,0.44020,0.43310,0.44010,7099674
2023-11-15T20:00:00Z,0.44010,0.44170,0.43810,0.43910,6797264
2023-11-15T21:00:00Z,0.43900,0.43980,0.43560,0.43730,5390811
2023-11-15T22:00:00Z,0.43730,0.44450,0.43640,0.44110,6535038
2023-11-15T23:00:00Z,0.44110,0.44270,0.43840,0.44130,6417618
2023-11-16T00:00:00Z,0.44130,0.45200,0.43970,0.45030,16928829
2023-11-16T01:00:00Z,0.45030,0.45050,0.44340,0.44510,7820686
2023-11-16T02:00:00Z,0.44510,0.44870,0.44320,0.44700,4753308
2023-11-16T03:00:00Z,0.44710,0.44720,0.44380,0.44630,3511883
2023-11-16T04:00:00Z,0.44620,0.44720,0.44280,0.44650,4527321
2023-11-16T05:00:00Z,0.44650,0.44670,0.44250,0.44640,3316042
2023-11-16T06:00:00Z,0.44650,0.44770,0.44340,0.44750,4729130
2023-11-16T07:00:00Z,0.44760,0.45180,0.44610,0.44920,9163746
2023-11-16T08:00:00Z,0.44920,0.45280,0.44030,0.44370,13185874
2023-11-16T09:00:00Z,0.44360,0.44480,0.43710,0.44230,14391431
2023-11-16T10:00:00Z,0.44230,0.44510,0.43880,0.43970,7032626
2023-11-16T11:00:00Z,0.43980,0.44630,0.43940,0.44080,11742079
2023-11-16T12:00:00Z,0.44080,0.44090,0.43370,0.43740,12386029
2023-11-16T13:00:00Z,0.43730,0.43870,0.42610,0.43340,16597898
2023-11-16T14:00:00Z,0.43340,0.43530,0.42680,0.43370,9443851
2023-11-16T15:00:00Z,0.43370,0.43740,0.42090,0.42700,16170737
2023-11-16T16:00:00Z,0.42700,0.43170,0.42590,0.43120,9332528
2023-11-16T17:00:00Z,0.43120,0.43260,0.42770,0.42790,5442581
2023-11-16T18:00:00Z,0.42800,0.42950,0.42320,0.42450,8239200
2023-11-16T19:00:00Z,0.42450,0.42600,0.40990,0.42180,23525960
2023-11-16T20:00:00Z,0.42180,0.42310,0.41640,0.41700,8788038
2023-11-16T21:00:00Z,0.41700,0.42100,0.41390,0.41820,8090480
2023-11-16T22:00:00Z,0.41810,0.42540,0.41790,0.42270,6047798
2023-11-16T23:00:00Z,0.42270,0.42330,0.41510,0.42070,11010074
2023-11-17T00:00:00Z,0.42070,0.42800,0.42010,0.42770,10175148
2023-11-17T01:00:00Z,0.42770,0.43410,0.42510,0.43350,8541873
2023-11-17T02:00:00Z,0.43340,0.43500,0.42840,0.43060,8335648
2023-11-17T03:00:00Z,0.43050,0.43100,0.42480,0.42880,7789958
2023-11-17T04:00:00Z,0.42880,0.43030,0.42660,0.42790,4898129
2023-11-17T05:00:00Z,0.42780,0.43000,0.42600,0.42990,5689712
2023-11-17T06:00:00Z,0.42990,0.43180,0.42730,0.42880,6125924
2023-11-17T07:00:00Z,0.42880,0.42920,0.42330,0.42450,7169975
2023-11-17T08:00:00Z,0.42460,0.42850,0.42300,0.42720,6451005
2023-11-17T09:00:00Z,0.42710,0.42820,0.42240,0.42490,5715139
2023-11-17T10:00:00Z,0.42520,0.42520,0.41500,0.41970,15419405
2023-11-17T11:00:00Z,0.41980,0.42190,0.41810,0.42070,5550324
2023-11-17T12:00:00Z,0.42080,0.42140,0.41330,0.42040,9200757
2023-11-17T13:00:00Z,0.42040,0.42580,0.41710,0.41770,9941384
2023-11-17T14:00:00Z,0.41770,0.42010,0.40180,0.40700,25133550
2023-11-17T15:00:00Z,0.40700,0.40820,0.39100,0.39370,30935223
2023-11-17T16:00:00Z,0.39370,0.40340,0.39140,0.39890,17165898
2023-11-17T17:00:00Z,0.39890,0.41040,0.39840,0.41010,17125206
2023-11-17T18:00:00Z,0.41010,0.41040,0.40620,0.40940,7050216
2023-11-17T19:00:00Z,0.40940,0.41020,0.40580,0.40720,5204730
2023-11-17T20:00:00Z,0.40730,0.41150,0.40470,0.40590,7155744
2023-11-17T21:00:00Z,0.40590,0.40930,0.40470,0.40780,4178537
2023-11-17T22:00:00Z,0.40780,0.41760,0.40760,0.41730,5853245
2023-11-17T23:00:00Z,0.41720,0.41930,0.41520,0.41820,10252681
2023-11-18T00:00:00Z,0.41820,0.41840,0.40940,0.40970,9049238
2023-11-18T01:00:00Z,0.40980,0.41130,0.40680,0.40750,6822623
2023-11-18T02:00:00Z,0.40760,0.41000,0.40730,0.40790,3751032
2023-11-18T03:00:00Z,0.40780,0.40870,0.40140,0.40200,7406387
2023-11-18T04:00:00Z,0.40200,0.40650,0.40130,0.40170,6100183
2023-11-18T05:00:00Z,0.40170,0.40260,0.39520,0.39650,11874070
2023-11-18T06:00:00Z,0.39650,0.39950,0.39210,0.39220,9607288
2023-11-18T07:00:00Z,0.39230,0.39680,0.38600,0.39630,16594338
2023-11-18T08:00:00Z,0.39640,0.39970,0.39480,0.39820,5421302
2023-11-18T09:00:00Z,0.39810,0.39960,0.39710,0.39770,4285449
2023-11-18T10:00:00Z,0.39770,0.40190,0.39700,0.40150,4268415
2023-11-18T11:00:00Z,0.40160,0.40170,0.39840,0.39900,4132500
2023-11-18T12:00:00Z,0.39900,0.40070,0.39710,0.39880,4379516
2023-11-18T13:00:00Z,0.39890,0.40020,0.39210,0.39610,8310701
2023-11-18T14:00:00Z,0.39610,0.40100,0.39490,0.39870,6834234
2023-11-18T15:00:00Z,0.39860,0.40510,0.39830,0.40460,6751441
2023-11-18T16:00:00Z,0.40460,0.40810,0.40300,0.40360,6834853
2023-11-18T17:00:00Z,0.40360,0.40530,0.40130,0.40190,5605351
2023-11-18T18:00:00Z,0.40190,0.40520,0.40060,0.40500,3936509
2023-11-18T19:00:00Z,0.40490,0.40640,0.40320,0.40470,3036434
2023-11-18T20:00:00Z,0.40480,0.40580,0.40230,0.40310,3690700
2023-11-18T21:00:00Z,0.40320,0.40420,0.40210,0.40280,2914612
2023-11-18T22:00:00Z,0.40280,0.40460,0.40020,0.40400,2392117
2023-11-18T23:00:00Z,0.40390,0.40500,0.40290,0.40490,3653598
2023-11-19T00:00:00Z,0.40480,0.40510,0.39810,0.39910,6748016
2023-11-19T01:00:00Z,0.39920,0.40190,0.39430,0.39980,8317999
2023-11-19T02:00:00Z,0.39980,0.40210,0.39730,0.40090,4115857
2023-11-19T03:00:00Z,0.40090,0.40450,0.39840,0.40400,4103006
2023-11-19T04:00:00Z,0.40400,0.40440,0.40190,0.40410,3108928
2023-11-19T05:00:00Z,0.40400,0.40610,0.40350,0.40460,3210427
2023-11-19T06:00:00Z,0.40470,0.40960,0.40390,0.40820,4626493
2023-11-19T07:00:00Z,0.40810,0.41090,0.40720,0.40840,5387310
2023-11-19T08:00:00Z,0.40840,0.41160,0.40760,0.40840,5071489
2023-11-19T09:00:00Z,0.40840,0.41040,0.40690,0.41010,2967160
2023-11-19T10:00:00Z,0.41010,0.41060,0.40590,0.40620,3739499
2023-11-19T11:00:00Z,0.40620,0.40670,0.40250,0.40560,5821301
2023-11-19T12:00:00Z,0.40550,0.40680,0.40300,0.40560,4073707
2023-11-19T13:00:00Z,0.40550,0.40790,0.40540,0.40660,2943740
2023-11-19T14:00:00Z,0.40650,0.40740,0.40400,0.40480,3477663
2023-11-19T15:00:00Z,0.40470,0.40850,0.40330,0.40810,3794877
2023-11-19T16:00:00Z,0.40820,0.41010,0.40590,0.40640,3455057
2023-11-19T17:00:00Z,0.40640,0.41020,0.40590,0.40880,2824211
2023-11-19T18:00:00Z,0.40880,0.41360,0.40850,0.41280,3691086
2023-11-19T19:00:00Z,0.41270,0.41440,0.41100,0.41410,3584741
2023-11-19T20:00:00Z,0.41410,0.41520,0.41060,0.41270,4633770
2023-11-19T21:00:00Z,0.41270,0.41330,0.41110,0.41240,2726138
2023-11-19T22:00:00Z,0.41240,0.41320,0.41000,0.41110,2419710
2023-11-19T23:00:00Z,0.41110,0.41860,0.41100,0.41700,13708551
2023-11-20T00:00:00Z,0.41700,0.41780,0.41230,0.41580,6888444
2023-11-20T01:00:00Z,0.41580,0.41800,0.41450,0.41550,4030313
2023-11-20T02:00:00Z,0.41550,0.41640,0.41280,0.41630,3031649
2023-11-20T03:00:00Z,0.41620,0.41660,0.41270,0.41390,2292827
2023-11-20T04:00:00Z,0.41400,0.41660,0.41220,0.41520,2900112
2023-11-20T05:00:00Z,0.41530,0.41680,0.41250,0.41380,4277736
2023-11-20T06:00:00Z,0.41370,0.41560,0.41200,0.41490,2534108
2023-11-20T07:00:00Z,0.41490,0.41700,0.41220,0.41650,3530530
2023-11-20T08:00:00Z,0.41650,0.41730,0.41290,0.41420,5567866
2023-11-20T09:00:00Z,0.41420,0.41970,0.41370,0.41950,4936617
2023-11-20T10:00:00Z,0.41950,0.42240,0.41640,0.42140,11054088
2023-11-20T11:00:00Z,0.42150,0.42300,0.41560,0.41730,9289538
2023-11-20T12:00:00Z,0.41730,0.41830,0.41500,0.41710,6455658
2023-11-20T13:00:00Z,0.41700,0.42140,0.41590,0.41590,7354517
2023-11-20T14:00:00Z,0.41590,0.42300,0.40860,0.42190,17043364
2023-11-20T15:00:00Z,0.42180,0.42460,0.41940,0.42130,11006009
2023-11-20T16:00:00Z,0.42120,0.42310,0.41290,0.41380,8453689
2023-11-20T17:00:00Z,0.41380,0.42570,0.41320,0.42350,15165391
2023-11-20T18:00:00Z,0.42350,0.42450,0.41610,0.41910,9237112
2023-11-20T19:00:00Z,0.41910,0.42140,0.41640,0.41670,5596725
2023-11-20T20:00:00Z,0.41670,0.41920,0.41540,0.41600,3772775
2023-11-20T21:00:00Z,0.41610,0.41610,0.40560,0.41380,11969514
2023-11-20T22:00:00Z,0.41380,0.41980,0.41290,0.41500,6260046
2023-11-20T23:00:00Z,0.41490,0.41710,0.41100,0.41220,5027736
2023-11-21T00:00:00Z,0.41220,0.41610,0.41000,0.41520,5248719
2023-11-21T01:00:00Z,0.41510,0.41910,0.41150,0.41680,6239636
2023-11-21T02:00:00Z,0.41680,0.41750,0.40570,0.40720,6175464
2023-11-21T03:00:00Z,0.40740,0.41090,0.40660,0.41080,4051135
2023-11-21T04:00:00Z,0.41070,0.41100,0.40800,0.41020,2377281
2023-11-21T05:00:00Z,0.41010,0.41120,0.40720,0.40970,2301199
2023-11-21T06:00:00Z,0.40970,0.41210,0.40870,0.41130,2438398
2023-11-21T07:00:00Z,0.41120,0.41120,0.40430,0.40490,4941817
2023-11-21T08:00:00Z,0.40490,0.40880,0.40480,0.40810,4070775
2023-11-21T09:00:00Z,0.40810,0.40990,0.40590,0.40590,2768828
2023-11-21T10:00:00Z,0.40590,0.40870,0.40530,0.40680,4491180
2023-11-21T11:00:00Z,0.40680,0.40770,0.40310,0.40370,3841501
2023-11-21T12:00:00Z,0.40380,0.40580,0.40280,0.40550,3328797
2023-11-21T13:00:00Z,0.40550,0.40550,0.40040,0.40080,7483939
2023-11-21T14:00:00Z,0.40090,0.40110,0.39470,0.39710,17445746
2023-11-21T15:00:00Z,0.39710,0.39910,0.38340,0.39600,29844063
2023-11-21T16:00:00Z,0.39600,0.39920,0.39200,0.39610,11759353
2023-11-21T17:00:00Z,0.39600,0.39770,0.37780,0.38430,19669234
2023-11-21T18:00:00Z,0.38420,0.38450,0.37500,0.38060,20401597
2023-11-21T19:00:00Z,0.38060,0.38720,0.37970,0.38590,7668967
2023-11-21T20:00:00Z,0.38590,0.39120,0.38230,0.38670,6980355
2023-11-21T21:00:00Z,0.38660,0.38970,0.38440,0.38480,5352589
2023-11-21T22:00:00Z,0.38480,0.38540,0.36460,0.36890,20015798
2023-11-21T23:00:00Z,0.36900,0.37350,0.36580,0.36610,14117578
2023-11-22T00:00:00Z,0.36590,0.37330,0.36350,0.37240,7659520
2023-11-22T01:00:00Z,0.37230,0.37540,0.37160,0.37360,6521369
2023-11-22T02:00:00Z,0.37360,0.37810,0.37210,0.37790,4043284
2023-11-22T03:00:00Z,0.37770,0.38160,0.37610,0.38130,3587170
2023-11-22T04:00:00Z,0.38140,0.38250,0.37920,0.38180,3849102
2023-11-22T05:00:00Z,0.38170,0.38280,0.37950,0.38020,2997057
2023-11-22T06:00:00Z,0.38020,0.38470,0.38020,0.38200,5944860
2023-11-22T07:00:00Z,0.38190,0.38300,0.37980,0.38020,3244872
2023-11-22T08:00:00Z,0.38020,0.38220,0.38000,0.38190,4654090
2023-11-22T09:00:00Z,0.38180,0.38340,0.38080,0.38270,2983808
2023-11-22T10:00:00Z,0.38270,0.38360,0.37910,0.38230,16437878
2023-11-22T11:00:00Z,0.38220,0.38250,0.37650,0.37690,6566760
2023-11-22T12:00:00Z,0.37700,0.38030,0.37630,0.37940,5326752
2023-11-22T13:00:00Z,0.37950,0.38230,0.37770,0.38140,7091727
2023-11-22T14:00:00Z,0.38140,0.38260,0.37640,0.37860,6038614
2023-11-22T15:00:00Z,0.37880,0.38180,0.37560,0.38000,6605558
2023-11-22T16:00:00Z,0.38010,0.38220,0.37780,0.37980,4828994
2023-11-22T17:00:00Z,0.37980,0.38380,0.37980,0.38300,3819527
2023-11-22T18:00:00Z,0.38300,0.39010,0.38250,0.38900,9431254
2023-11-22T19:00:00Z,0.38910,0.39160,0.38830,0.39000,5641184
2023-11-22T20:00:00Z,0.39010,0.39300,0.38910,0.39280,4408024
2023-11-22T21:00:00Z,0.39280,0.39850,0.39110,0.39230,12817389
2023-11-22T22:00:00Z,0.39230,0.39370,0.38950,0.39030,3345939
2023-11-22T23:00:00Z,0.39030,0.39140,0.38850,0.39110,4853972
2023-11-23T00:00:00Z,0.39110,0.39320,0.38950,0.39050,7736605
2023-11-23T01:00:00Z,0.39040,0.39720,0.39010,0.39430,5595316
2023-11-23T02:00:00Z,0.39430,0.39580,0.39240,0.39340,4060869
2023-11-23T03:00:00Z,0.39340,0.39440,0.39190,0.39230,2966793
2023-11-23T04:00:00Z,0.39230,0.39400,0.39130,0.39350,2017724
2023-11-23T05:00:00Z,0.39350,0.39420,0.39170,0.39200,1938406
2023-11-23T06:00:00Z,0.39200,0.39240,0.38960,0.39130,3227533
2023-11-23T07:00:00Z,0.39130,0.39320,0.39050,0.39110,3436811
2023-11-23T08:00:00Z,0.39100,0.39400,0.39050,0.39340,3928896
2023-11-23T09:00:00Z,0.39340,0.39580,0.39180,0.39570,3589351
2023-11-23T10:00:00Z,0.39560,0.39570,0.39150,0.39210,3565519
2023-11-23T11:00:00Z,0.39220,0.39230,0.38760,0.38940,6892739
2023-11-23T12:00:00Z,0.38940,0.39180,0.38870,0.38920,4860102
2023-11-23T13:00:00Z,0.38910,0.39130,0.38860,0.38940,3976975
2023-11-23T14:00:00Z,0.38930,0.39110,0.38830,0.38940,3577820
2023-11-23T15:00:00Z,0.38950,0.39080,0.38540,0.38760,7229173
2023-11-23T16:00:00Z,0.38760,0.39250,0.38720,0.39100,3956791
2023-11-23T17:00:00Z,0.39100,0.39500,0.39070,0.39360,4303959
2023-11-23T18:00:00Z,0.39350,0.39490,0.39190,0.39210,2892824
2023-11-23T19:00:00Z,0.39220,0.39260,0.38950,0.39130,3001026
2023-11-23T20:00:00Z,0.39120,0.39410,0.39100,0.39310,2915527
2023-11-23T21:00:00Z,0.39320,0.39700,0.39320,0.39570,4711379
2023-11-23T22:00:00Z,0.39570,0.39930,0.39520,0.39830,3370243
2023-11-23T23:00:00Z,0.39830,0.40070,0.39690,0.39770,5085467
2023-11-24T00:00:00Z,0.39780,0.40070,0.39580,0.39930,6008527
2023-11-24T01:00:00Z,0.39920,0.40070,0.39640,0.39640,4717634
2023-11-24T02:00:00Z,0.39650,0.39820,0.39520,0.39700,3218589
2023-11-24T03:00:00Z,0.39710,0.39760,0.39560,0.39620,2362974
2023-11-24T04:00:00Z,0.39610,0.39760,0.39560,0.39710,2041326
2023-11-24T05:00:00Z,0.39720,0.39820,0.39510,0.39810,2502827
2023-11-24T06:00:00Z,0.39810,0.39890,0.39700,0.39740,2994383
2023-11-24T07:00:00Z,0.39740,0.40100,0.39610,0.40030,4292642
2023-11-24T08:00:00Z,0.40030,0.40120,0.39730,0.39760,4065243
2023-11-24T09:00:00Z,0.39760,0.40360,0.39700,0.40210,6800041
2023-11-24T10:00:00Z,0.40210,0.40460,0.39940,0.39980,6440749
2023-11-24T11:00:00Z,0.39990,0.40420,0.39920,0.40260,8368425
2023-11-24T12:00:00Z,0.40260,0.40360,0.40060,0.40070,4401729
2023-11-24T13:00:00Z,0.40070,0.40220,0.39870,0.40040,4532830
2023-11-24T14:00:00Z,0.40040,0.40060,0.39690,0.40000,4900792
2023-11-24T15:00:00Z,0.40000,0.40710,0.39970,0.40500,11691735
2023-11-24T16:00:00Z,0.40500,0.40790,0.40070,0.40320,9133963
2023-11-24T17:00:00Z,0.40310,0.40740,0.40250,0.40470,4987472
2023-11-24T18:00:00Z,0.40460,0.40620,0.40210,0.40330,3412590
2023-11-24T19:00:00Z,0.40330,0.40350,0.40070,0.40250,2779084
2023-11-24T20:00:00Z,0.40260,0.40630,0.40140,0.40630,2739729
2023-11-24T21:00:00Z,0.40630,0.40790,0.40560,0.40610,4843281
2023-11-24T22:00:00Z,0.40610,0.40680,0.40220,0.40440,5067769
2023-11-24T23:00:00Z,0.40440,0.40700,0.40120,0.40630,4697176
2023-11-25T00:00:00Z,0.40630,0.40980,0.40270,0.40800,8637324
2023-11-25T01:00:00Z,0.40800,0.41250,0.40780,0.41190,5809527
2023-11-25T02:00:00Z,0.41190,0.41800,0.41060,0.41760,10698158
2023-11-25T03:00:00Z,0.41750,0.42310,0.41710,0.41970,14716256
2023-11-25T04:00:00Z,0.41970,0.42740,0.41900,0.42700,18738430
2023-11-25T05:00:00Z,0.42690,0.42960,0.42110,0.42140,16483489
2023-11-25T06:00:00Z,0.42130,0.42460,0.42050,0.42310,8929238
2023-11-25T07:00:00Z,0.42320,0.44040,0.42270,0.43640,32441136
2023-11-25T08:00:00Z,0.43640,0.43870,0.43220,0.43440,24674434
2023-11-25T09:00:00Z,0.43440,0.43740,0.42600,0.42960,19891975
2023-11-25T10:00:00Z,0.42950,0.42980,0.42550,0.42850,12658228
2023-11-25T11:00:00Z,0.42840,0.43220,0.42430,0.42880,17959052
2023-11-25T12:00:00Z,0.42880,0.42960,0.42470,0.42580,10681960
2023-11-25T13:00:00Z,0.42570,0.42930,0.42370,0.42850,10728465
2023-11-25T14:00:00Z,0.42850,0.43600,0.42600,0.43400,23117806
2023-11-25T15:00:00Z,0.43400,0.43540,0.43010,0.43360,11826035
2023-11-25T16:00:00Z,0.43350,0.43430,0.42890,0.42940,7529869
2023-11-25T17:00:00Z,0.42930,0.43010,0.42770,0.42940,5865445
2023-11-25T18:00:00Z,0.42930,0.43130,0.42860,0.43050,5293707
2023-11-25T19:00:00Z,0.43050,0.43090,0.42860,0.42930,3142777
2023-11-25T20:00:00Z,0.42920,0.42980,0.42730,0.42850,4180446
2023-11-25T21:00:00Z,0.42840,0.43010,0.42780,0.42790,4189810
2023-11-25T22:00:00Z,0.42790,0.42860,0.42670,0.42690,2810164
2023-11-25T23:00:00Z,0.42680,0.42940,0.42620,0.42900,3898952
2023-11-26T00:00:00Z,0.42890,0.42950,0.42400,0.42530,8548119
2023-11-26T01:00:00Z,0.42520,0.42600,0.42130,0.42170,8723119
2023-11-26T02:00:00Z,0.42170,0.42480,0.42080,0.42400,4917649
2023-11-26T03:00:00Z,0.42410,0.42550,0.42330,0.42500,3499922
2023-11-26T04:00:00Z,0.42490,0.43080,0.42310,0.43070,10419479
2023-11-26T05:00:00Z,0.43060,0.43240,0.42760,0.42870,8676899
2023-11-26T06:00:00Z,0.42870,0.42890,0.42560,0.42660,5802442
2023-11-26T07:00:00Z,0.42650,0.42690,0.42400,0.42400,3508403
2023-11-26T08:00:00Z,0.42410,0.42520,0.42280,0.42320,4843504
2023-11-26T09:00:00Z,0.42310,0.42410,0.42050,0.42400,6939574
2023-11-26T10:00:00Z,0.42390,0.42480,0.42110,0.42160,5608517
2023-11-26T11:00:00Z,0.42170,0.42380,0.41800,0.42080,8822638
2023-11-26T12:00:00Z,0.42080,0.42230,0.41600,0.42210,14174833
2023-11-26T13:00:00Z,0.42200,0.43750,0.41960,0.43380,36553085
2023-11-26T14:00:00Z,0.43380,0.43400,0.42250,0.43100,31613807
2023-11-26T15:00:00Z,0.43110,0.43530,0.42330,0.42560,20016569
2023-11-26T16:00:00Z,0.42560,0.42730,0.40900,0.42000,34757604
2023-11-26T17:00:00Z,0.41990,0.42420,0.41930,0.42020,11693982
2023-11-26T18:00:00Z,0.42030,0.42400,0.41860,0.42200,9312830
2023-11-26T19:00:00Z,0.42190,0.42340,0.41970,0.42300,4747053
2023-11-26T20:00:00Z,0.42310,0.42490,0.41960,0.42260,5877270
2023-11-26T21:00:00Z,0.42270,0.42330,0.41850,0.42210,5819912
2023-11-26T22:00:00Z,0.42210,0.42770,0.42210,0.42750,6296165
2023-11-26T23:00:00Z,0.42750,0.42750,0.42200,0.42500,6482439
2023-11-27T00:00:00Z,0.42500,0.44360,0.42500,0.44010,37820832
2023-11-27T01:00:00Z,0.44010,0.44120,0.42820,0.42840,18420301
2023-11-27T02:00:00Z,0.42840,0.42930,0.42270,0.42530,15987303
2023-11-27T03:00:00Z,0.42520,0.42700,0.41860,0.42260,12054533
2023-11-27T04:00:00Z,0.42270,0.42330,0.41640,0.42170,15098681
2023-11-27T05:00:00Z,0.42180,0.42230,0.41600,0.41730,8810964
2023-11-27T06:00:00Z,0.41730,0.42080,0.41060,0.41100,14157391
2023-11-27T07:00:00Z,0.41100,0.41390,0.40460,0.41030,18409831
2023-11-27T08:00:00Z,0.41030,0.41320,0.40850,0.40980,10100701
2023-11-27T09:00:00Z,0.40970,0.41290,0.40960,0.41010,6498048
2023-11-27T10:00:00Z,0.41010,0.41040,0.40190,0.40510,12997231
2023-11-27T11:00:00Z,0.40510,0.40950,0.40360,0.40840,10681656
2023-11-27T12:00:00Z,0.40840,0.40940,0.40640,0.40690,7374825
2023-11-27T13:00:00Z,0.40690,0.40930,0.40300,0.40710,8867662
2023-11-27T14:00:00Z,0.40700,0.40790,0.39810,0.40020,12804665
2023-11-27T15:00:00Z,0.40020,0.40570,0.39830,0.39940,9923384
2023-11-27T16:00:00Z,0.39960,0.40420,0.39910,0.40410,6805780
2023-11-27T17:00:00Z,0.40410,0.40580,0.40040,0.40100,5734222
2023-11-27T18:00:00Z,0.40100,0.40290,0.39920,0.39930,5406023
2023-11-27T19:00:00Z,0.39930,0.40060,0.39340,0.39690,11803765
2023-11-27T20:00:00Z,0.39680,0.39880,0.39430,0.39550,4833378
2023-11-27T21:00:00Z,0.39550,0.40100,0.39500,0.39960,5544323
2023-11-27T22:00:00Z,0.39960,0.40300,0.39830,0.40210,3826847
2023-11-27T23:00:00Z,0.40210,0.40720,0.40210,0.40550,7845609
2023-11-28T00:00:00Z,0.40550,0.40640,0.40280,0.40410,6476178
2023-11-28T01:00:00Z,0.40430,0.40450,0.39970,0.40070,6222496
2023-11-28T02:00:00Z,0.40070,0.40230,0.39800,0.40090,5345520
2023-11-28T03:00:00Z,0.40090,0.40180,0.39810,0.39920,3405766
2023-11-28T04:00:00Z,0.39930,0.40030,0.39530,0.39540,6615128
2023-11-28T05:00:00Z,0.39540,0.39610,0.39030,0.39140,12203726
2023-11-28T06:00:00Z,0.39140,0.39680,0.39010,0.39630,13422274
2023-11-28T07:00:00Z,0.39620,0.39700,0.39060,0.39450,11392942
2023-11-28T08:00:00Z,0.39440,0.39500,0.39160,0.39170,5483651
2023-11-28T09:00:00Z,0.39180,0.39550,0.39110,0.39470,6188364
2023-11-28T10:00:00Z,0.39470,0.39630,0.39230,0.39610,10028846
2023-11-28T11:00:00Z,0.39610,0.39980,0.39520,0.39960,8973875
2023-11-28T12:00:00Z,0.39970,0.40070,0.39810,0.39880,11936078
2023-11-28T13:00:00Z,0.39890,0.40230,0.39680,0.40150,7018250
2023-11-28T14:00:00Z,0.40160,0.40430,0.40000,0.40110,13759479
2023-11-28T15:00:00Z,0.40100,0.40520,0.39770,0.40250,13837450
2023-11-28T16:00:00Z,0.40260,0.40940,0.40210,0.40850,15208925
2023-11-28T17:00:00Z,0.40840,0.41460,0.40640,0.41380,12176051
2023-11-28T18:00:00Z,0.41380,0.41480,0.41010,0.41190,8948342
2023-11-28T19:00:00Z,0.41190,0.41760,0.41170,0.41600,7675563
2023-11-28T20:00:00Z,0.41590,0.41830,0.41470,0.41760,4424224
2023-11-28T21:00:00Z,0.41760,0.41790,0.41250,0.41340,7192393
2023-11-28T22:00:00Z,0.41330,0.41620,0.41260,0.41460,6290192
2023-11-28T23:00:00Z,0.41470,0.41600,0.41200,0.41440,7639330
2023-11-29T00:00:00Z,0.41440,0.41770,0.41080,0.41650,7433380
2023-11-29T01:00:00Z,0.41660,0.41690,0.41320,0.41360,4413625
2023-11-29T02:00:00Z,0.41370,0.41590,0.41220,0.41340,4046102
2023-11-29T03:00:00Z,0.41350,0.41530,0.41300,0.41520,3276161
2023-11-29T04:00:00Z,0.41520,0.41680,0.41460,0.41580,2862545
2023-11-29T05:00:00Z,0.41590,0.41660,0.41200,0.41410,4058078
2023-11-29T06:00:00Z,0.41410,0.41680,0.41310,0.41480,10375335
2023-11-29T07:00:00Z,0.41480,0.41510,0.41200,0.41300,6860638
2023-11-29T08:00:00Z,0.41310,0.41670,0.41150,0.41630,6558403
2023-11-29T09:00:00Z,0.41640,0.41890,0.41390,0.41430,10033949
2023-11-29T10:00:00Z,0.41430,0.41470,0.40580,0.40850,15322239
2023-11-29T11:00:00Z,0.40850,0.41050,0.40720,0.40900,7557124
2023-11-29T12:00:00Z,0.40900,0.41160,0.40820,0.40890,6852533
2023-11-29T13:00:00Z,0.40890,0.41050,0.40690,0.40880,7277657
2023-11-29T14:00:00Z,0.40880,0.41110,0.40340,0.40510,10297512
2023-11-29T15:00:00Z,0.40510,0.40610,0.40040,0.40560,11741105
2023-11-29T16:00:00Z,0.40570,0.40700,0.40180,0.40480,7667243
2023-11-29T17:00:00Z,0.40470,0.40840,0.40330,0.40750,4449097
2023-11-29T18:00:00Z,0.40750,0.41150,0.40730,0.41140,5530943
2023-11-29T19:00:00Z,0.41140,0.41430,0.41020,0.41160,5193311
2023-11-29T20:00:00Z,0.41160,0.41190,0.40760,0.40920,3728714
2023-11-29T21:00:00Z,0.40920,0.41130,0.40800,0.41130,3633611
2023-11-29T22:00:00Z,0.41130,0.41390,0.41110,0.41200,3627795
2023-11-29T23:00:00Z,0.41200,0.41320,0.41020,0.41160,3203854
2023-11-30T00:00:00Z,0.41170,0.41370,0.40880,0.40910,7056235
2023-11-30T01:00:00Z,0.40910,0.40980,0.40600,0.40640,6840730
2023-11-30T02:00:00Z,0.40650,0.41110,0.40450,0.40990,6211554
2023-11-30T03:00:00Z,0.40980,0.41180,0.40810,0.41160,3109902
2023-11-30T04:00:00Z,0.41150,0.41440,0.40900,0.40930,4133789
2023-11-30T05:00:00Z,0.40920,0.41030,0.40600,0.40680,4394623
2023-11-30T06:00:00Z,0.40680,0.40930,0.40610,0.40810,3622393
2023-11-30T07:00:00Z,0.40820,0.40940,0.40490,0.40540,3520084
2023-11-30T08:00:00Z,0.40530,0.40590,0.40160,0.40330,7598033
2023-11-30T09:00:00Z,0.40330,0.40680,0.40270,0.40560,5016912
2023-11-30T10:00:00Z,0.40570,0.40700,0.40480,0.40530,4740543
2023-11-30T11:00:00Z,0.40530,0.40900,0.40470,0.40850,4916709
2023-11-30T12:00:00Z,0.40850,0.40950,0.40630,0.40720,6571503
2023-11-30T13:00:00Z,0.40710,0.40800,0.40430,0.40540,6708574
2023-11-30T14:00:00Z,0.40530,0.40550,0.40220,0.40390,7117857
2023-11-30T15:00:00Z,0.40390,0.40630,0.40200,0.40460,8132688
2023-11-30T16:00:00Z,0.40460,0.40890,0.40360,0.40790,7246392
2023-11-30T17:00:00Z,0.40780,0.40940,0.40680,0.40900,3658230
2023-11-30T18:00:00Z,0.40890,0.41080,0.40830,0.40890,4105343
2023-11-30T19:00:00Z,0.40880,0.41010,0.40810,0.40850,2170382
2023-11-30T20:00:00Z,0.40850,0.40900,0.40650,0.40780,2934814
2023-11-30T21:00:00Z,0.40770,0.41010,0.40690,0.40860,3120937
2023-11-30T22:00:00Z,0.40870,0.41040,0.40770,0.40770,2084667
2023-11-30T23:00:00Z,0.40780,0.40950,0.40670,0.40920,3030350
2023-12-01T00:00:00Z,0.40910,0.40940,0.40430,0.40460,4780319
2023-12-01T01:00:00Z,0.40450,0.41240,0.40400,0.41150,6273209
2023-12-01T02:00:00Z,0.41160,0.41360,0.41010,0.41200,3686426
2023-12-01T03:00:00Z,0.41190,0.41320,0.41030,0.41110,3517895
2023-12-01T04:00:00Z,0.41120,0.41420,0.41070,0.41390,4364632
2023-12-01T05:00:00Z,0.41390,0.41410,0.41130,0.41130,2979007
2023-12-01T06:00:00Z,0.41130,0.41460,0.41040,0.41360,3439747
2023-12-01T07:00:00Z,0.41360,0.41600,0.41090,0.41210,4181858
2023-12-01T08:00:00Z,0.41210,0.41410,0.41140,0.41270,2863642
2023-12-01T09:00:00Z,0.41270,0.41770,0.41270,0.41670,7029659
2023-12-01T10:00:00Z,0.41670,0.41760,0.41470,0.41590,6415895
2023-12-01T11:00:00Z,0.41590,0.41770,0.41520,0.41600,5107813
2023-12-01T12:00:00Z,0.41610,0.41850,0.41470,0.41620,6231205
2023-12-01T13:00:00Z,0.41620,0.41670,0.41380,0.41400,3544082
2023-12-01T14:00:00Z,0.41410,0.41480,0.41140,0.41220,4214432
2023-12-01T15:00:00Z,0.41230,0.41460,0.41190,0.41360,2875683
2023-12-01T16:00:00Z,0.41370,0.41890,0.41340,0.41790,5458752
2023-12-01T17:00:00Z,0.41790,0.41840,0.41410,0.41610,3227320
2023-12-01T18:00:00Z,0.41600,0.41700,0.41530,0.41560,2373005
2023-12-01T19:00:00Z,0.41560,0.41780,0.41510,0.41740,2228874
2023-12-01T20:00:00Z,0.41730,0.41800,0.41620,0.41640,1864777
2023-12-01T21:00:00Z,0.41640,0.41700,0.41530,0.41600,1871915
2023-12-01T22:00:00Z,0.41590,0.41700,0.41470,0.41490,1643115
2023-12-01T23:00:00Z,0.41500,0.41610,0.41340,0.41510,4692644
2023-12-02T00:00:00Z,0.41510,0.41580,0.41270,0.41580,3546171
2023-12-02T01:00:00Z,0.41570,0.41840,0.41520,0.41750,2935178
2023-12-02T02:00:00Z,0.41740,0.41790,0.41540,0.41670,2108962
2023-12-02T03:00:00Z,0.41680,0.41850,0.41630,0.41760,1911518
2023-12-02T04:00:00Z,0.41760,0.41870,0.41700,0.41840,2027817
2023-12-02T05:00:00Z,0.41850,0.41880,0.41630,0.41630,1928144
2023-12-02T06:00:00Z,0.41630,0.41810,0.41590,0.41790,1709784
2023-12-02T07:00:00Z,0.41780,0.41920,0.41750,0.41830,3903219
2023-12-02T08:00:00Z,0.41830,0.42260,0.41820,0.42030,7008945
2023-12-02T09:00:00Z,0.42020,0.42170,0.41980,0.42120,2810343
2023-12-02T10:00:00Z,0.42120,0.42180,0.41960,0.42110,2541194
2023-12-02T11:00:00Z,0.42100,0.42120,0.41890,0.42050,2226696
2023-12-02T12:00:00Z,0.42040,0.42250,0.41970,0.42230,2634286
2023-12-02T13:00:00Z,0.42240,0.42380,0.42110,0.42280,4430283
2023-12-02T14:00:00Z,0.42280,0.42440,0.41660,0.41990,7685695
2023-12-02T15:00:00Z,0.41990,0.42370,0.41870,0.42330,4127747
2023-12-02T16:00:00Z,0.42320,0.42540,0.42180,0.42340,5055409
2023-12-02T17:00:00Z,0.42330,0.42620,0.42280,0.42510,3257710
2023-12-02T18:00:00Z,0.42510,0.42820,0.42480,0.42630,5397252
2023-12-02T19:00:00Z,0.42620,0.43220,0.42610,0.43040,9884147
2023-12-02T20:00:00Z,0.43040,0.43360,0.42970,0.43190,4532667
2023-12-02T21:00:00Z,0.43200,0.43260,0.42970,0.43110,2959985
2023-12-02T22:00:00Z,0.43110,0.43150,0.42770,0.42840,3824977
2023-12-02T23:00:00Z,0.42840,0.42990,0.42830,0.42920,2919303
2023-12-03T00:00:00Z,0.42920,0.43110,0.42840,0.42990,5779546
2023-12-03T01:00:00Z,0.43000,0.43220,0.42880,0.42930,4475580
2023-12-03T02:00:00Z,0.42920,0.43060,0.42470,0.42530,4791589
2023-12-03T03:00:00Z,0.42540,0.42620,0.42360,0.42550,6007290
2023-12-03T04:00:00Z,0.42560,0.42640,0.42460,0.42520,2834482
2023-12-03T05:00:00Z,0.42530,0.42620,0.42380,0.42520,3003678
2023-12-03T06:00:00Z,0.42530,0.42590,0.42270,0.42450,4681625
2023-12-03T07:00:00Z,0.42440,0.42880,0.42350,0.42590,10468936
2023-12-03T08:00:00Z,0.42600,0.42620,0.42230,0.42290,3272116
2023-12-03T09:00:00Z,0.42280,0.42590,0.42240,0.42530,3700605
2023-12-03T10:00:00Z,0.42530,0.42620,0.42340,0.42580,3135863
2023-12-03T11:00:00Z,0.42580,0.43020,0.42210,0.42910,10865990
2023-12-03T12:00:00Z,0.42910,0.43390,0.42090,0.42310,19650560
2023-12-03T13:00:00Z,0.42310,0.42830,0.42270,0.42530,10005102
2023-12-03T14:00:00Z,0.42520,0.42660,0.42100,0.42260,14248238
2023-12-03T15:00:00Z,0.42250,0.42520,0.42060,0.42450,5176878
2023-12-03T16:00:00Z,0.42460,0.42660,0.42310,0.42530,3957517
2023-12-03T17:00:00Z,0.42520,0.42550,0.42190,0.42320,3030045
2023-12-03T18:00:00Z,0.42310,0.42640,0.42280,0.42440,4680053
2023-12-03T19:00:00Z,0.42440,0.42680,0.42250,0.42660,3967847
2023-12-03T20:00:00Z,0.42650,0.42770,0.42610,0.42670,2235666
2023-12-03T21:00:00Z,0.42660,0.42800,0.42500,0.42730,2965841
2023-12-03T22:00:00Z,0.42720,0.43270,0.42690,0.43090,6977329
2023-12-03T23:00:00Z,0.43090,0.43230,0.42470,0.42830,7776430
2023-12-04T00:00:00Z,0.42830,0.44080,0.42730,0.43740,15202728
2023-12-04T01:00:00Z,0.43750,0.43910,0.43280,0.43520,12583171
2023-12-04T02:00:00Z,0.43510,0.43760,0.43380,0.43610,4114812
2023-12-04T03:00:00Z,0.43600,0.44130,0.43530,0.43840,10735514
2023-12-04T04:00:00Z,0.43850,0.44130,0.43770,0.44010,8863497
2023-12-04T05:00:00Z,0.44000,0.44180,0.43760,0.43870,13553593
2023-12-04T06:00:00Z,0.43860,0.44230,0.43720,0.44120,8902841
2023-12-04T07:00:00Z,0.44130,0.44450,0.43990,0.44110,11162401
2023-12-04T08:00:00Z,0.44110,0.44560,0.44090,0.44240,11530055
2023-12-04T09:00:00Z,0.44240,0.44310,0.43620,0.43690,10196752
2023-12-04T10:00:00Z,0.43680,0.44410,0.43670,0.44050,15140321
2023-12-04T11:00:00Z,0.44050,0.44090,0.38670,0.42560,75505806
2023-12-04T12:00:00Z,0.42560,0.43340,0.42220,0.43150,23553545
2023-12-04T13:00:00Z,0.43170,0.43250,0.42490,0.42680,9922649
2023-12-04T14:00:00Z,0.42690,0.42810,0.41920,0.42290,17754153
2023-12-04T15:00:00Z,0.42290,0.42340,0.41560,0.41840,12450901
2023-12-04T16:00:00Z,0.41840,0.42410,0.41760,0.42400,10968319
2023-12-04T17:00:00Z,0.42400,0.42450,0.41950,0.41990,8071611
2023-12-04T18:00:00Z,0.42000,0.42310,0.41890,0.42070,9043683
2023-12-04T19:00:00Z,0.42080,0.42290,0.41980,0.42260,4364726
2023-12-04T20:00:00Z,0.42260,0.42480,0.42220,0.42360,5266993
2023-12-04T21:00:00Z,0.42370,0.42690,0.42350,0.42620,3914654
2023-12-04T22:00:00Z,0.42620,0.42750,0.42160,0.42480,6480311
2023-12-04T23:00:00Z,0.42490,0.43270,0.42360,0.43270,8958510
2023-12-05T00:00:00Z,0.43270,0.45200,0.42900,0.45100,28982463
2023-12-05T01:00:00Z,0.45100,0.45280,0.44340,0.45000,33766437
2023-12-05T02:00:00Z,0.45000,0.45100,0.44130,0.44470,16988860
2023-12-05T03:00:00Z,0.44480,0.45080,0.44450,0.44630,12842930
2023-12-05T04:00:00Z,0.44640,0.45050,0.44230,0.44840,9612321
2023-12-05T05:00:00Z,0.44840,0.46030,0.44780,0.45760,17879128
2023-12-05T06:00:00Z,0.45740,0.45830,0.44700,0.45020,14346781
2023-12-05T07:00:00Z,0.45020,0.45110,0.43900,0.44410,23496138
2023-12-05T08:00:00Z,0.44420,0.44700,0.43840,0.44440,13914615
2023-12-05T09:00:00Z,0.44430,0.45480,0.44390,0.45070,19643200
2023-12-05T10:00:00Z,0.45070,0.45180,0.44110,0.44130,22270210
2023-12-05T11:00:00Z,0.44140,0.44610,0.43970,0.44300,12608225
2023-12-05T12:00:00Z,0.44310,0.44440,0.44060,0.44260,9748336
2023-12-05T13:00:00Z,0.44270,0.44330,0.43630,0.43670,12948934
2023-12-05T14:00:00Z,0.43670,0.44240,0.43490,0.43880,8537767
2023-12-05T15:00:00Z,0.43890,0.44390,0.43810,0.44280,14887970
2023-12-05T16:00:00Z,0.44270,0.44560,0.43980,0.44360,9487426
2023-12-05T17:00:00Z,0.44380,0.45000,0.44100,0.44970,15161643
2023-12-05T18:00:00Z,0.44970,0.45330,0.44570,0.44800,13002041
2023-12-05T19:00:00Z,0.44800,0.44910,0.44510,0.44640,6679216
2023-12-05T20:00:00Z,0.44650,0.44780,0.44290,0.44630,7229729
2023-12-05T21:00:00Z,0.44640,0.44970,0.44390,0.44830,7015992
2023-12-05T22:00:00Z,0.44830,0.45160,0.44570,0.44720,10015773
2023-12-05T23:00:00Z,0.44720,0.45340,0.44720,0.45000,12770968
2023-12-06T00:00:00Z,0.45010,0.46400,0.44910,0.46200,29575410
2023-12-06T01:00:00Z,0.46210,0.46250,0.45360,0.45910,12820155
2023-12-06T02:00:00Z,0.45910,0.46040,0.45210,0.45560,11206532
2023-12-06T03:00:00Z,0.45570,0.45590,0.44880,0.45290,9800579
2023-12-06T04:00:00Z,0.45290,0.45430,0.45150,0.45370,5583793
2023-12-06T05:00:00Z,0.45380,0.45440,0.43680,0.44390,29114491
2023-12-06T06:00:00Z,0.44390,0.44420,0.43650,0.44260,17065076
2023-12-06T07:00:00Z,0.44270,0.44790,0.44020,0.44630,17657328
2023-12-06T08:00:00Z,0.44630,0.45250,0.44440,0.45200,10756538
2023-12-06T09:00:00Z,0.45200,0.45250,0.44640,0.44780,14171932
2023-12-06T10:00:00Z,0.44780,0.45210,0.44470,0.44640,16804981
2023-12-06T11:00:00Z,0.44650,0.44670,0.43050,0.43920,32747924
2023-12-06T12:00:00Z,0.43910,0.44560,0.43860,0.44490,10043506
2023-12-06T13:00:00Z,0.44480,0.44580,0.44160,0.44460,8643812
2023-12-06T14:00:00Z,0.44460,0.44690,0.44010,0.44100,11239168
2023-12-06T15:00:00Z,0.44110,0.45650,0.43960,0.45380,20006365
2023-12-06T16:00:00Z,0.45390,0.45650,0.45100,0.45480,15472891
2023-12-06T17:00:00Z,0.45490,0.45660,0.45020,0.45200,8210378
2023-12-06T18:00:00Z,0.45210,0.45830,0.45080,0.45700,7135712
2023-12-06T19:00:00Z,0.45700,0.45720,0.45380,0.45610,3511650
2023-12-06T20:00:00Z,0.45630,0.45690,0.45060,0.45100,5140525
2023-12-06T21:00:00Z,0.45100,0.45560,0.44610,0.45130,8009251
2023-12-06T22:00:00Z,0.45140,0.45270,0.44340,0.44730,6198556
2023-12-06T23:00:00Z,0.44720,0.44890,0.44350,0.44550,6784921
2023-12-07T00:00:00Z,0.44560,0.45410,0.44550,0.45130,13849536
2023-12-07T01:00:00Z,0.45130,0.45370,0.44950,0.45260,6748406
2023-12-07T02:00:00Z,0.45260,0.45380,0.44930,0.45030,4210290
2023-12-07T03:00:00Z,0.45030,0.45050,0.44630,0.44890,4747551
2023-12-07T04:00:00Z,0.44890,0.45450,0.44810,0.45440,6066625
2023-12-07T05:00:00Z,0.45440,0.45800,0.45320,0.45710,8802731
2023-12-07T06:00:00Z,0.45710,0.46490,0.45680,0.46080,21233661
2023-12-07T07:00:00Z,0.46080,0.46580,0.46020,0.46060,13259400
2023-12-07T08:00:00Z,0.46050,0.46130,0.44820,0.44940,18008521
2023-12-07T09:00:00Z,0.44960,0.45080,0.43580,0.44520,31067296
2023-12-07T10:00:00Z,0.44530,0.44770,0.44240,0.44510,9114479
2023-12-07T11:00:00Z,0.44500,0.44880,0.44400,0.44660,7532919
2023-12-07T12:00:00Z,0.44670,0.45150,0.44450,0.45120,8445393
2023-12-07T13:00:00Z,0.45110,0.45260,0.44450,0.44680,7539590
2023-12-07T14:00:00Z,0.44680,0.44970,0.44540,0.44880,5002593
2023-12-07T15:00:00Z,0.44880,0.45660,0.44800,0.45400,13123255
2023-12-07T16:00:00Z,0.45400,0.46180,0.45140,0.46180,12717569
2023-12-07T17:00:00Z,0.46190,0.46540,0.45780,0.46520,14912397
2023-12-07T18:00:00Z,0.46520,0.46810,0.45960,0.46260,15321715
2023-12-07T19:00:00Z,0.46250,0.46310,0.45280,0.45510,11904304
2023-12-07T20:00:00Z,0.45510,0.45990,0.45420,0.45750,7275515
2023-12-07T21:00:00Z,0.45750,0.46410,0.45700,0.46210,9107749
2023-12-07T22:00:00Z,0.46210,0.46270,0.45860,0.45870,6760870
2023-12-07T23:00:00Z,0.45870,0.46550,0.45870,0.46420,6594517
2023-12-08T00:00:00Z,0.46420,0.46800,0.46000,0.46390,12758424
2023-12-08T01:00:00Z,0.46390,0.46540,0.45890,0.46200,8369853
2023-12-08T02:00:00Z,0.46200,0.46530,0.45870,0.46500,4892070
2023-12-08T03:00:00Z,0.46500,0.46670,0.46120,0.46400,5980189
2023-12-08T04:00:00Z,0.46410,0.46740,0.46300,0.46510,5510353
2023-12-08T05:00:00Z,0.46520,0.46630,0.46300,0.46630,4397596
2023-12-08T06:00:00Z,0.46630,0.46800,0.46370,0.46580,5548214
2023-12-08T07:00:00Z,0.46590,0.46620,0.45720,0.45880,10845058
2023-12-08T08:00:00Z,0.45880,0.46220,0.45670,0.46040,6735565
2023-12-08T09:00:00Z,0.46030,0.46630,0.46000,0.46090,7114485
2023-12-08T10:00:00Z,0.46090,0.46650,0.46060,0.46650,7292311
2023-12-08T11:00:00Z,0.46640,0.47620,0.46550,0.47500,18699119
2023-12-08T12:00:00Z,0.47500,0.47850,0.47240,0.47440,14688176
2023-12-08T13:00:00Z,0.47440,0.47450,0.46850,0.47240,16365798
2023-12-08T14:00:00Z,0.47240,0.48490,0.47200,0.48420,19216791
2023-12-08T15:00:00Z,0.48420,0.48500,0.47930,0.48110,11036102
2023-12-08T16:00:00Z,0.48110,0.49250,0.48080,0.48890,16924273
2023-12-08T17:00:00Z,0.48890,0.49290,0.48540,0.48870,15410469
2023-12-08T18:00:00Z,0.48880,0.49200,0.48560,0.49020,8235842
2023-12-08T19:00:00Z,0.49020,0.49430,0.48850,0.49260,6810131
2023-12-08T20:00:00Z,0.49260,0.49530,0.49100,0.49300,7052914
2023-12-08T21:00:00Z,0.49300,0.49520,0.48940,0.49360,6740774
2023-12-08T22:00:00Z,0.49360,0.49520,0.48980,0.49040,5585628
2023-12-08T23:00:00Z,0.49040,0.49550,0.49030,0.49470,5111048
2023-12-09T00:00:00Z,0.49470,0.51590,0.49470,0.50900,36982772
2023-12-09T01:00:00Z,0.50900,0.50910,0.49870,0.50390,16975557
2023-12-09T02:00:00Z,0.50390,0.50390,0.49980,0.50190,5999937
2023-12-09T03:00:00Z,0.50180,0.50820,0.50170,0.50610,7778948
2023-12-09T04:00:00Z,0.50600,0.50950,0.50480,0.50790,7155679
2023-12-09T05:00:00Z,0.50790,0.51070,0.50540,0.50710,8485135
2023-12-09T06:00:00Z,0.50710,0.51000,0.50480,0.50680,6502108
2023-12-09T07:00:00Z,0.50690,0.51040,0.50400,0.50980,6299916
2023-12-09T08:00:00Z,0.50990,0.51310,0.49280,0.50460,36273255
2023-12-09T09:00:00Z,0.50470,0.52930,0.50260,0.51940,54169129
2023-12-09T10:00:00Z,0.51950,0.52380,0.51510,0.51740,24868982
2023-12-09T11:00:00Z,0.51730,0.51840,0.51200,0.51670,15107023
2023-12-09T12:00:00Z,0.51680,0.52250,0.51460,0.52110,12628919
2023-12-09T13:00:00Z,0.52110,0.52320,0.51630,0.51960,10451044
2023-12-09T14:00:00Z,0.51960,0.52260,0.50350,0.51560,25421715
2023-12-09T15:00:00Z,0.51560,0.52360,0.51070,0.52210,16066014
2023-12-09T16:00:00Z,0.52210,0.53610,0.51430,0.53390,36918005
2023-12-09T17:00:00Z,0.53390,0.53580,0.52170,0.52180,29927658
2023-12-09T18:00:00Z,0.52190,0.53030,0.51840,0.52880,12561921
2023-12-09T19:00:00Z,0.52890,0.52990,0.52530,0.52830,6190400
2023-12-09T20:00:00Z,0.52830,0.52840,0.51960,0.52480,8639707
2023-12-09T21:00:00Z,0.52480,0.53280,0.52000,0.53130,9144068
2023-12-09T22:00:00Z,0.53130,0.54520,0.53050,0.54080,28588979
2023-12-09T23:00:00Z,0.54070,0.54560,0.52550,0.53220,36931317
2023-12-10T00:00:00Z,0.53220,0.55980,0.53210,0.55240,69372772
2023-12-10T01:00:00Z,0.55240,0.56670,0.54710,0.55940,37717098
2023-12-10T02:00:00Z,0.55940,0.56370,0.54700,0.54780,33864362
2023-12-10T03:00:00Z,0.54780,0.55190,0.54210,0.54420,21231877
2023-12-10T04:00:00Z,0.54430,0.54960,0.54170,0.54930,14669525
2023-12-10T05:00:00Z,0.54940,0.55420,0.54670,0.55280,12913634
2023-12-10T06:00:00Z,0.55280,0.56040,0.54960,0.55990,26445517
2023-12-10T07:00:00Z,0.55990,0.59130,0.55940,0.58160,130745449
2023-12-10T08:00:00Z,0.58170,0.59600,0.56560,0.57370,126241893
2023-12-10T09:00:00Z,0.57370,0.57720,0.55820,0.55920,82005584
2023-12-10T10:00:00Z,0.55920,0.57240,0.55900,0.56550,65423303
2023-12-10T11:00:00Z,0.56550,0.57640,0.56450,0.56740,47910879
2023-12-10T12:00:00Z,0.56740,0.57500,0.56260,0.56910,40423022
2023-12-10T13:00:00Z,0.56910,0.57380,0.56390,0.56710,33825790
2023-12-10T14:00:00Z,0.56710,0.57200,0.55260,0.55440,50268735
2023-12-10T15:00:00Z,0.55440,0.56180,0.55350,0.55900,23892687
2023-12-10T16:00:00Z,0.55900,0.56160,0.55470,0.55730,20374675
2023-12-10T17:00:00Z,0.55730,0.55860,0.54600,0.54940,31189703
2023-12-10T18:00:00Z,0.54940,0.55510,0.54930,0.55380,13110169
2023-12-10T19:00:00Z,0.55380,0.55400,0.54720,0.54950,15158902
2023-12-10T20:00:00Z,0.54960,0.55670,0.54860,0.55590,15974789
2023-12-10T21:00:00Z,0.55590,0.55770,0.55180,0.55240,16466047
2023-12-10T22:00:00Z,0.55250,0.55910,0.55120,0.55730,9307844
2023-12-10T23:00:00Z,0.55730,0.55910,0.54830,0.55810,17465705
2023-12-11T00:00:00Z,0.55810,0.56080,0.54100,0.54350,33651295
2023-12-11T01:00:00Z,0.54350,0.54510,0.53440,0.54310,35267298
2023-12-11T02:00:00Z,0.54320,0.54330,0.44490,0.51130,114966493
2023-12-11T03:00:00Z,0.51140,0.53090,0.51050,0.52260,35832873
2023-12-11T04:00:00Z,0.52270,0.52620,0.51630,0.51770,25267917
2023-12-11T05:00:00Z,0.51770,0.52130,0.51180,0.51860,20367963
2023-12-11T06:00:00Z,0.51860,0.51920,0.50600,0.51490,19883567
2023-12-11T07:00:00Z,0.51500,0.51890,0.51050,0.51140,14818687
2023-12-11T08:00:00Z,0.51140,0.51660,0.50770,0.51510,14943577
2023-12-11T09:00:00Z,0.51500,0.51920,0.51480,0.51660,9291747
2023-12-11T10:00:00Z,0.51650,0.51870,0.51340,0.51410,9104009
2023-12-11T11:00:00Z,0.51410,0.51800,0.51320,0.51710,9721219
2023-12-11T12:00:00Z,0.51700,0.52050,0.51320,0.51330,12539727
2023-12-11T13:00:00Z,0.51320,0.51640,0.50300,0.50970,18776783
2023-12-11T14:00:00Z,0.50970,0.51320,0.50070,0.50370,25564711
2023-12-11T15:00:00Z,0.50380,0.51040,0.50020,0.50620,18480988
2023-12-11T16:00:00Z,0.50620,0.51250,0.50150,0.51200,16552760
2023-12-11T17:00:00Z,0.51200,0.51340,0.50380,0.50420,12565226
2023-12-11T18:00:00Z,0.50400,0.50430,0.48600,0.50300,39236603
2023-12-11T19:00:00Z,0.50300,0.50590,0.49410,0.50220,16015848
2023-12-11T20:00:00Z,0.50220,0.50260,0.49600,0.50060,9177169
2023-12-11T21:00:00Z,0.50070,0.51400,0.50020,0.51360,11743302
2023-12-11T22:00:00Z,0.51360,0.51740,0.51230,0.51470,10942392
2023-12-11T23:00:00Z,0.51480,0.51650,0.51120,0.51420,7767484
2023-12-12T00:00:00Z,0.51430,0.52000,0.51280,0.51500,13464024
2023-12-12T01:00:00Z,0.51510,0.51770,0.51320,0.51540,7445722
2023-12-12T02:00:00Z,0.51540,0.52110,0.51520,0.51900,8638033
2023-12-12T03:00:00Z,0.51900,0.52130,0.51560,0.51800,7663637
2023-12-12T04:00:00Z,0.51790,0.51940,0.50720,0.50740,12057870
2023-12-12T05:00:00Z,0.50740,0.51310,0.50740,0.50940,7652893
2023-12-12T06:00:00Z,0.50930,0.51000,0.50100,0.50810,14782497
2023-12-12T07:00:00Z,0.50820,0.52200,0.50770,0.52110,19503629
2023-12-12T08:00:00Z,0.52110,0.52120,0.51070,0.51490,13166836
2023-12-12T09:00:00Z,0.51490,0.51490,0.50640,0.50690,12886418
2023-12-12T10:00:00Z,0.50690,0.51170,0.50560,0.51150,8128246
2023-12-12T11:00:00Z,0.51150,0.51280,0.50380,0.50450,9506815
2023-12-12T12:00:00Z,0.50460,0.50950,0.50320,0.50910,9572772
2023-12-12T13:00:00Z,0.50910,0.51400,0.50480,0.50990,13819871
2023-12-12T14:00:00Z,0.51000,0.51110,0.49940,0.50360,17331633
2023-12-12T15:00:00Z,0.50360,0.50450,0.49460,0.50230,19199911
2023-12-12T16:00:00Z,0.50220,0.50540,0.49720,0.50430,8953837
2023-12-12T17:00:00Z,0.50440,0.50440,0.49320,0.49520,10601289
2023-12-12T18:00:00Z,0.49520,0.50960,0.49430,0.50870,12924719
2023-12-12T19:00:00Z,0.50880,0.50990,0.50270,0.50670,9244028
2023-12-12T20:00:00Z,0.50680,0.50850,0.50110,0.50580,8338887
2023-12-12T21:00:00Z,0.50570,0.50870,0.49880,0.49900,7243606
2023-12-12T22:00:00Z,0.49900,0.50540,0.49780,0.50330,5137457
2023-12-12T23:00:00Z,0.50330,0.51240,0.50320,0.51140,10969885
2023-12-13T00:00:00Z,0.51150,0.51270,0.50540,0.50640,8337835
2023-12-13T01:00:00Z,0.50640,0.50680,0.49050,0.49090,16807757
2023-12-13T02:00:00Z,0.49080,0.49570,0.48270,0.49030,23044270
2023-12-13T03:00:00Z,0.49030,0.49040,0.48200,0.48340,10184982
2023-12-13T04:00:00Z,0.48360,0.48650,0.47850,0.48630,15210313
2023-12-13T05:00:00Z,0.48630,0.48690,0.48230,0.48500,6889238
2023-12-13T06:00:00Z,0.48510,0.48640,0.47400,0.47580,13316337
2023-12-13T07:00:00Z,0.47580,0.48490,0.47150,0.48280,14818784
2023-12-13T08:00:00Z,0.48280,0.48790,0.48210,0.48760,7471289
2023-12-13T09:00:00Z,0.48760,0.48850,0.48460,0.48670,6866020
2023-12-13T10:00:00Z,0.48680,0.48750,0.48260,0.48550,5173027
2023-12-13T11:00:00Z,0.48550,0.48750,0.48140,0.48270,7013253
2023-12-13T12:00:00Z,0.48260,0.48800,0.48190,0.48720,6533524
2023-12-13T13:00:00Z,0.48710,0.49490,0.48560,0.49190,11075004
2023-12-13T14:00:00Z,0.49180,0.49350,0.48930,0.49160,11109172
2023-12-13T15:00:00Z,0.49160,0.50160,0.49140,0.49980,13478536
2023-12-13T16:00:00Z,0.49980,0.50220,0.49400,0.49470,11812684
2023-12-13T17:00:00Z,0.49470,0.49800,0.49280,0.49440,7452419
2023-12-13T18:00:00Z,0.49440,0.49710,0.49360,0.49560,5042352
2023-12-13T19:00:00Z,0.49560,0.51380,0.49560,0.51370,18379316
2023-12-13T20:00:00Z,0.51370,0.51550,0.50760,0.51210,13023808
2023-12-13T21:00:00Z,0.51210,0.51540,0.50970,0.51450,8131584
2023-12-13T22:00:00Z,0.51440,0.52150,0.51430,0.52090,10712572
2023-12-13T23:00:00Z,0.52100,0.52440,0.51760,0.52140,10975927
2023-12-14T00:00:00Z,0.52150,0.52360,0.51480,0.51890,12765401
2023-12-14T01:00:00Z,0.51900,0.52160,0.51550,0.51830,5287556
2023-12-14T02:00:00Z,0.51840,0.51880,0.51350,0.51660,4720521
2023-12-14T03:00:00Z,0.51670,0.51770,0.51120,0.51450,4553283
2023-12-14T04:00:00Z,0.51460,0.51620,0.51230,0.51250,3916825
2023-12-14T05:00:00Z,0.51240,0.51880,0.51160,0.51860,5595037
2023-12-14T06:00:00Z,0.51850,0.52490,0.51730,0.52450,8108757
2023-12-14T07:00:00Z,0.52450,0.53160,0.52310,0.52450,17798140
2023-12-14T08:00:00Z,0.52440,0.53120,0.52230,0.52560,9126188
2023-12-14T09:00:00Z,0.52550,0.52710,0.52160,0.52690,10037994
2023-12-14T10:00:00Z,0.52680,0.52990,0.52550,0.52910,7101917
2023-12-14T11:00:00Z,0.52920,0.53450,0.52590,0.53330,8929365
2023-12-14T12:00:00Z,0.53320,0.53350,0.52750,0.52870,7320975
2023-12-14T13:00:00Z,0.52870,0.52920,0.49780,0.52160,37947797
2023-12-14T14:00:00Z,0.52160,0.52560,0.51560,0.52060,13204051
2023-12-14T15:00:00Z,0.52060,0.52190,0.51660,0.52030,7932893
2023-12-14T16:00:00Z,0.52030,0.52940,0.52010,0.52450,10058546
2023-12-14T17:00:00Z,0.52450,0.52910,0.52330,0.52690,8234116
2023-12-14T18:00:00Z,0.52690,0.52770,0.52270,0.52370,5596193
2023-12-14T19:00:00Z,0.52370,0.52920,0.52370,0.52640,9549515
2023-12-14T20:00:00Z,0.52640,0.52860,0.52260,0.52850,4133427
2023-12-14T21:00:00Z,0.52850,0.53430,0.52720,0.53370,8100379
2023-12-14T22:00:00Z,0.53370,0.53530,0.53160,0.53240,5154205
2023-12-14T23:00:00Z,0.53240,0.53380,0.53070,0.53210,4104854
2023-12-15T00:00:00Z,0.53220,0.53300,0.52530,0.52700,5580173
2023-12-15T01:00:00Z,0.52700,0.52920,0.52510,0.52610,3339327
2023-12-15T02:00:00Z,0.52610,0.52700,0.52230,0.52310,4059203
2023-12-15T03:00:00Z,0.52300,0.52450,0.52040,0.52180,4100918
2023-12-15T04:00:00Z,0.52180,0.52270,0.51880,0.51960,4050416
2023-12-15T05:00:00Z,0.51960,0.52110,0.51450,0.51490,6363853
2023-12-15T06:00:00Z,0.51500,0.51950,0.51440,0.51670,4372352
2023-12-15T07:00:00Z,0.51680,0.51890,0.51450,0.51550,3411387
2023-12-15T08:00:00Z,0.51540,0.52140,0.51430,0.52120,5114519
2023-12-15T09:00:00Z,0.52120,0.52370,0.51630,0.51760,5356956
2023-12-15T10:00:00Z,0.51760,0.51990,0.51610,0.51910,4632989
2023-12-15T11:00:00Z,0.51900,0.51930,0.51670,0.51750,3272552
2023-12-15T12:00:00Z,0.51760,0.51840,0.51300,0.51410,6423369
2023-12-15T13:00:00Z,0.51400,0.51620,0.50940,0.51230,9020370
2023-12-15T14:00:00Z,0.51230,0.51500,0.50710,0.51060,6108175
2023-12-15T15:00:00Z,0.51060,0.51190,0.50350,0.50860,8067880
2023-12-15T16:00:00Z,0.50850,0.51140,0.50510,0.50620,6428610
2023-12-15T17:00:00Z,0.50620,0.51080,0.50600,0.50660,4041847
2023-12-15T18:00:00Z,0.50660,0.51100,0.50640,0.51040,3256767
2023-12-15T19:00:00Z,0.51050,0.51310,0.50840,0.50900,3422878
2023-12-15T20:00:00Z,0.50910,0.51150,0.50810,0.51070,2848591
2023-12-15T21:00:00Z,0.51080,0.51200,0.50670,0.50760,3325864
2023-12-15T22:00:00Z,0.50760,0.50790,0.49910,0.50130,7777023
2023-12-15T23:00:00Z,0.50130,0.50280,0.49370,0.49540,14218196
2023-12-16T00:00:00Z,0.49550,0.49980,0.48760,0.49420,12114563
2023-12-16T01:00:00Z,0.49430,0.50110,0.49370,0.49900,5085577
2023-12-16T02:00:00Z,0.49890,0.50250,0.49880,0.50240,4026636
2023-12-16T03:00:00Z,0.50250,0.50460,0.50070,0.50410,3140766
2023-12-16T04:00:00Z,0.50400,0.50500,0.50190,0.50460,2983550
2023-12-16T05:00:00Z,0.50470,0.50850,0.50450,0.50660,4230895
2023-12-16T06:00:00Z,0.50670,0.50820,0.50460,0.50680,2681389
2023-12-16T07:00:00Z,0.50690,0.50720,0.50370,0.50600,2763023
2023-12-16T08:00:00Z,0.50590,0.50780,0.50440,0.50580,2744049
2023-12-16T09:00:00Z,0.50590,0.51160,0.50590,0.50840,5905565
2023-12-16T10:00:00Z,0.50830,0.51010,0.50810,0.50890,2828540
2023-12-16T11:00:00Z,0.50890,0.51270,0.50830,0.51260,2629427
2023-12-16T12:00:00Z,0.51250,0.51900,0.51190,0.51880,6580783
2023-12-16T13:00:00Z,0.51880,0.52080,0.51380,0.51750,7821915
2023-12-16T14:00:00Z,0.51760,0.51870,0.51470,0.51750,2969633
2023-12-16T15:00:00Z,0.51750,0.52510,0.51730,0.52500,8217616
2023-12-16T16:00:00Z,0.52490,0.52910,0.52180,0.52730,8641303
2023-12-16T17:00:00Z,0.52730,0.52830,0.52170,0.52420,5798943
2023-12-16T18:00:00Z,0.52410,0.52410,0.51870,0.52150,5884847
2023-12-16T19:00:00Z,0.52150,0.52280,0.51500,0.51960,7414527
2023-12-16T20:00:00Z,0.51960,0.52480,0.51770,0.51950,6889098
2023-12-16T21:00:00Z,0.51940,0.52070,0.51570,0.51630,4188056
2023-12-16T22:00:00Z,0.51640,0.52310,0.51420,0.52230,4358150
2023-12-16T23:00:00Z,0.52240,0.52270,0.51670,0.52050,4438741
2023-12-17T00:00:00Z,0.52040,0.52450,0.51610,0.51630,8226037
2023-12-17T01:00:00Z,0.51640,0.52040,0.51330,0.51790,7219515
2023-12-17T02:00:00Z,0.51800,0.52260,0.51450,0.51450,6813793
2023-12-17T03:00:00Z,0.51450,0.51900,0.51130,0.51730,5799585
2023-12-17T04:00:00Z,0.51720,0.52290,0.51710,0.52120,4717514
2023-12-17T05:00:00Z,0.52110,0.52250,0.50900,0.51340,7342206
2023-12-17T06:00:00Z,0.51350,0.51730,0.50720,0.51370,7926142
2023-12-17T07:00:00Z,0.51370,0.51600,0.50620,0.50680,4934058
2023-12-17T08:00:00Z,0.50690,0.51470,0.50610,0.51350,5743275
2023-12-17T09:00:00Z,0.51360,0.51590,0.50990,0.51480,4149341
2023-12-17T10:00:00Z,0.51490,0.51610,0.51240,0.51320,2886908
2023-12-17T11:00:00Z,0.51310,0.51470,0.51040,0.51270,2864458
2023-12-17T12:00:00Z,0.51270,0.51320,0.50830,0.50960,4571574
2023-12-17T13:00:00Z,0.50970,0.51060,0.50150,0.50340,7052483
2023-12-17T14:00:00Z,0.50340,0.50730,0.49970,0.50400,8417892
2023-12-17T15:00:00Z,0.50400,0.51010,0.50210,0.50940,5886848
2023-12-17T16:00:00Z,0.50940,0.51420,0.50690,0.51400,5807618
2023-12-17T17:00:00Z,0.51390,0.51640,0.50940,0.51140,4991683
2023-12-17T18:00:00Z,0.51140,0.51480,0.50590,0.51280,4903320
2023-12-17T19:00:00Z,0.51280,0.51460,0.51120,0.51200,2769818
2023-12-17T20:00:00Z,0.51190,0.51600,0.51180,0.51490,2894887
2023-12-17T21:00:00Z,0.51490,0.51510,0.50930,0.51010,3377222
2023-12-17T22:00:00Z,0.51010,0.51050,0.50160,0.50410,5329655
2023-12-17T23:00:00Z,0.50410,0.50430,0.49620,0.49980,12596373
2023-12-18T00:00:00Z,0.49990,0.50330,0.49840,0.49920,5786120
2023-12-18T01:00:00Z,0.49930,0.50200,0.48760,0.48800,12666076
2023-12-18T02:00:00Z,0.48810,0.49140,0.48020,0.48330,11148383
2023-12-18T03:00:00Z,0.48320,0.48780,0.48190,0.48740,5826170
2023-12-18T04:00:00Z,0.48740,0.49190,0.48630,0.49150,3224631
2023-12-18T05:00:00Z,0.49150,0.49190,0.48610,0.48660,2974755
2023-12-18T06:00:00Z,0.48670,0.49200,0.48610,0.49000,3778580
2023-12-18T07:00:00Z,0.48990,0.49020,0.48230,0.48380,6261599
2023-12-18T08:00:00Z,0.48370,0.48640,0.47860,0.48430,8016746
2023-12-18T09:00:00Z,0.48420,0.48470,0.47300,0.47790,18219391
2023-12-18T10:00:00Z,0.47780,0.47810,0.45990,0.46820,28593085
2023-12-18T11:00:00Z,0.46830,0.47200,0.46660,0.47020,10489890
2023-12-18T12:00:00Z,0.47000,0.47100,0.46660,0.46700,8073901
2023-12-18T13:00:00Z,0.46710,0.47800,0.46660,0.47710,9715563
2023-12-18T14:00:00Z,0.47710,0.48240,0.47260,0.48020,13268342
2023-12-18T15:00:00Z,0.48030,0.48090,0.47410,0.47440,6163251
2023-12-18T16:00:00Z,0.47450,0.47810,0.47210,0.47800,5618730
2023-12-18T17:00:00Z,0.47810,0.48050,0.47670,0.47700,4400384
2023-12-18T18:00:00Z,0.47700,0.48110,0.47550,0.48100,3401943
2023-12-18T19:00:00Z,0.48110,0.48360,0.48010,0.48140,4209897
2023-12-18T20:00:00Z,0.48140,0.48650,0.47770,0.48570,6635949
2023-12-18T21:00:00Z,0.48570,0.49600,0.48540,0.49540,11675606
2023-12-18T22:00:00Z,0.49540,0.49560,0.49240,0.49530,5213497
2023-12-18T23:00:00Z,0.49530,0.49920,0.49500,0.49900,4179397
2023-12-19T00:00:00Z,0.49900,0.50060,0.49380,0.49690,7906321
2023-12-19T01:00:00Z,0.49700,0.50680,0.49580,0.50630,6935500
2023-12-19T02:00:00Z,0.50630,0.50810,0.50150,0.50150,5116307
2023-12-19T03:00:00Z,0.50160,0.50380,0.50050,0.50200,3304287
2023-12-19T04:00:00Z,0.50200,0.50350,0.49790,0.50160,5226746
2023-12-19T05:00:00Z,0.50170,0.50200,0.49840,0.50000,2976135
2023-12-19T06:00:00Z,0.50010,0.50120,0.49680,0.49860,3322974
2023-12-19T07:00:00Z,0.49860,0.50280,0.49760,0.50130,3181653
2023-12-19T08:00:00Z,0.50130,0.50440,0.49960,0.49990,4506574
2023-12-19T09:00:00Z,0.50000,0.50200,0.49650,0.49950,3870839
2023-12-19T10:00:00Z,0.49950,0.50240,0.49740,0.50070,2776671
2023-12-19T11:00:00Z,0.50070,0.50130,0.49850,0.49860,3302184
2023-12-19T12:00:00Z,0.49860,0.50080,0.49550,0.49660,3792404
2023-12-19T13:00:00Z,0.49670,0.50000,0.49650,0.49680,2905701
2023-12-19T14:00:00Z,0.49680,0.49750,0.48760,0.49080,12023325
2023-12-19T15:00:00Z,0.49080,0.49640,0.48820,0.49350,5039124
2023-12-19T16:00:00Z,0.49340,0.49590,0.49200,0.49340,3944159
2023-12-19T17:00:00Z,0.49350,0.49440,0.48190,0.48300,10864498
2023-12-19T18:00:00Z,0.48300,0.49040,0.48090,0.49000,6526216
2023-12-19T19:00:00Z,0.48990,0.49240,0.48770,0.48980,4348243
2023-12-19T20:00:00Z,0.48980,0.49300,0.48780,0.48950,3622505
2023-12-19T21:00:00Z,0.48950,0.49490,0.48890,0.49480,3368663
2023-12-19T22:00:00Z,0.49480,0.49480,0.48780,0.49010,3448504
2023-12-19T23:00:00Z,0.49010,0.49160,0.48630,0.49020,4787258
2023-12-20T00:00:00Z,0.49020,0.49380,0.48900,0.49260,5000287
2023-12-20T01:00:00Z,0.49280,0.49340,0.48360,0.48530,4766544
2023-12-20T02:00:00Z,0.48530,0.48930,0.48120,0.48820,5504618
2023-12-20T03:00:00Z,0.48820,0.48950,0.48720,0.48940,2651028
2023-12-20T04:00:00Z,0.48940,0.50250,0.48830,0.50160,7965099
2023-12-20T05:00:00Z,0.50150,0.50790,0.49770,0.50760,9439104
2023-12-20T06:00:00Z,0.50750,0.51000,0.50350,0.50490,11306047
2023-12-20T07:00:00Z,0.50480,0.50830,0.50170,0.50820,6979092
2023-12-20T08:00:00Z,0.50810,0.51290,0.50660,0.50980,9490861
2023-12-20T09:00:00Z,0.50990,0.51400,0.50880,0.51360,6311427
2023-12-20T10:00:00Z,0.51360,0.51590,0.51050,0.51390,7101438
2023-12-20T11:00:00Z,0.51390,0.51470,0.50920,0.51350,5365687
2023-12-20T12:00:00Z,0.51340,0.52040,0.51270,0.51930,8620352
2023-12-20T13:00:00Z,0.51910,0.52100,0.51750,0.52090,10920972
2023-12-20T14:00:00Z,0.52080,0.52140,0.51560,0.51630,10997178
2023-12-20T15:00:00Z,0.51620,0.52580,0.51480,0.52190,10988563
2023-12-20T16:00:00Z,0.52190,0.52360,0.51530,0.51820,11108486
2023-12-20T17:00:00Z,0.51810,0.52550,0.51800,0.52550,6569702
2023-12-20T18:00:00Z,0.52550,0.52580,0.52120,0.52250,5203402
2023-12-20T19:00:00Z,0.52250,0.52400,0.51660,0.51680,6269434
2023-12-20T20:00:00Z,0.51690,0.51830,0.50640,0.51280,17606096
2023-12-20T21:00:00Z,0.51290,0.52020,0.51190,0.51530,6659227
2023-12-20T22:00:00Z,0.51530,0.51990,0.51390,0.51680,5651410
2023-12-20T23:00:00Z,0.51680,0.51860,0.51480,0.51850,4281249
2023-12-21T00:00:00Z,0.51860,0.52180,0.51620,0.51720,9379910
2023-12-21T01:00:00Z,0.51710,0.51750,0.51290,0.51660,5743087
2023-12-21T02:00:00Z,0.51650,0.52090,0.51340,0.51810,6406025
2023-12-21T03:00:00Z,0.51810,0.52840,0.51670,0.52540,10670744
2023-12-21T04:00:00Z,0.52530,0.52870,0.52380,0.52770,5481230
2023-12-21T05:00:00Z,0.52760,0.52820,0.52070,0.52150,6614476
2023-12-21T06:00:00Z,0.52150,0.52740,0.52030,0.52730,5035931
2023-12-21T07:00:00Z,0.52730,0.52740,0.52420,0.52700,4536779
2023-12-21T08:00:00Z,0.52690,0.53350,0.52600,0.52710,7042238
2023-12-21T09:00:00Z,0.52710,0.52890,0.52210,0.52670,6271627
2023-12-21T10:00:00Z,0.52660,0.52850,0.52410,0.52730,6715427
2023-12-21T11:00:00Z,0.52720,0.53060,0.52640,0.52820,3968676
2023-12-21T12:00:00Z,0.52810,0.53260,0.52810,0.52940,6664664
2023-12-21T13:00:00Z,0.52940,0.53630,0.52680,0.53610,5393366
2023-12-21T14:00:00Z,0.53620,0.53640,0.52510,0.52580,14225684
2023-12-21T15:00:00Z,0.52590,0.53940,0.52320,0.53920,15430193
2023-12-21T16:00:00Z,0.53920,0.54280,0.53480,0.54040,16373362
2023-12-21T17:00:00Z,0.54050,0.54060,0.53490,0.53520,8546755
2023-12-21T18:00:00Z,0.53520,0.53760,0.53100,0.53330,8266218
2023-12-21T19:00:00Z,0.53330,0.53850,0.53170,0.53830,7520517
2023-12-21T20:00:00Z,0.53830,0.54380,0.53770,0.54260,6592805
2023-12-21T21:00:00Z,0.54260,0.54320,0.53730,0.54200,5811422
2023-12-21T22:00:00Z,0.54200,0.54690,0.53960,0.54530,4732720
2023-12-21T23:00:00Z,0.54530,0.54760,0.54120,0.54740,5776966
2023-12-22T00:00:00Z,0.54750,0.55560,0.54350,0.55350,11753766
2023-12-22T01:00:00Z,0.55360,0.55630,0.55190,0.55430,6918225
2023-12-22T02:00:00Z,0.55420,0.55520,0.54820,0.54910,7520173
2023-12-22T03:00:00Z,0.54920,0.55050,0.54090,0.54610,11055882
2023-12-22T04:00:00Z,0.54610,0.55300,0.54220,0.55150,8680629
2023-12-22T05:00:00Z,0.55140,0.55190,0.54750,0.54880,6216778
2023-12-22T06:00:00Z,0.54870,0.55260,0.53970,0.54200,12103749
2023-12-22T07:00:00Z,0.54220,0.54420,0.53060,0.53400,20050453
2023-12-22T08:00:00Z,0.53400,0.54570,0.53340,0.53850,11777014
2023-12-22T09:00:00Z,0.53870,0.53900,0.52870,0.53540,10620078
2023-12-22T10:00:00Z,0.53540,0.53950,0.53300,0.53710,6061975
2023-12-22T11:00:00Z,0.53700,0.54130,0.53610,0.54050,3975818
2023-12-22T12:00:00Z,0.54050,0.54130,0.53520,0.53580,7363996
2023-12-22T13:00:00Z,0.53570,0.54040,0.53380,0.53980,5982055
2023-12-22T14:00:00Z,0.53990,0.54080,0.53130,0.53740,8263253
2023-12-22T15:00:00Z,0.53750,0.54070,0.53390,0.53990,5408354
2023-12-22T16:00:00Z,0.53970,0.54070,0.53200,0.53460,6780494
2023-12-22T17:00:00Z,0.53460,0.53650,0.53290,0.53560,3900525
2023-12-22T18:00:00Z,0.53570,0.54000,0.53510,0.53730,4396634
2023-12-22T19:00:00Z,0.53710,0.53720,0.53030,0.53150,5236732
2023-12-22T20:00:00Z,0.53150,0.53580,0.53140,0.53530,4017700
2023-12-22T21:00:00Z,0.53530,0.53790,0.53450,0.53740,3213362
2023-12-22T22:00:00Z,0.53750,0.54200,0.53640,0.54190,4336956
2023-12-22T23:00:00Z,0.54190,0.54470,0.54010,0.54180,6413498
2023-12-23T00:00:00Z,0.54180,0.54320,0.53450,0.53530,7081972
2023-12-23T01:00:00Z,0.53550,0.53790,0.52610,0.52820,10942489
2023-12-23T02:00:00Z,0.52820,0.53230,0.52680,0.52780,6817677
2023-12-23T03:00:00Z,0.52780,0.53080,0.52440,0.52640,5340142
2023-12-23T04:00:00Z,0.52650,0.52960,0.52230,0.52920,8491520
2023-12-23T05:00:00Z,0.52920,0.53050,0.52730,0.53000,3102772
2023-12-23T06:00:00Z,0.53000,0.53030,0.52670,0.52800,3188405
2023-12-23T07:00:00Z,0.52790,0.52880,0.52450,0.52630,3657502
2023-12-23T08:00:00Z,0.52630,0.52890,0.52380,0.52880,4118704
2023-12-23T09:00:00Z,0.52880,0.52950,0.52660,0.52880,2800254
2023-12-23T10:00:00Z,0.52870,0.52960,0.52740,0.52850,2080080
2023-12-23T11:00:00Z,0.52860,0.52870,0.52500,0.52700,3218981
2023-12-23T12:00:00Z,0.52700,0.53140,0.52640,0.53010,4819827
2023-12-23T13:00:00Z,0.53000,0.53110,0.52670,0.52810,3843446
2023-12-23T14:00:00Z,0.52810,0.53010,0.52700,0.52960,3102102
2023-12-23T15:00:00Z,0.52970,0.53060,0.52790,0.52860,3265641
2023-12-23T16:00:00Z,0.52850,0.53140,0.52780,0.53030,3304066
2023-12-23T17:00:00Z,0.53020,0.53120,0.52780,0.52830,3171422
2023-12-23T18:00:00Z,0.52830,0.53170,0.52640,0.53070,3119817
2023-12-23T19:00:00Z,0.53060,0.53180,0.52770,0.52960,4403592
2023-12-23T20:00:00Z,0.52970,0.53230,0.52970,0.53190,3084616
2023-12-23T21:00:00Z,0.53190,0.53480,0.52910,0.53440,3239118
2023-12-23T22:00:00Z,0.53440,0.53540,0.53120,0.53270,3591279
2023-12-23T23:00:00Z,0.53270,0.53490,0.53220,0.53320,4771239
2023-12-24T00:00:00Z,0.53330,0.53460,0.52670,0.53000,9337389
2023-12-24T01:00:00Z,0.52990,0.53970,0.52970,0.53770,8257350
2023-12-24T02:00:00Z,0.53770,0.54480,0.53740,0.53980,8350501
2023-12-24T03:00:00Z,0.53970,0.54020,0.53500,0.53890,5140642
2023-12-24T04:00:00Z,0.53890,0.54170,0.53750,0.53990,4362901
2023-12-24T05:00:00Z,0.53990,0.54130,0.52710,0.53250,12094485
2023-12-24T06:00:00Z,0.53260,0.53680,0.52750,0.53420,10071040
2023-12-24T07:00:00Z,0.53420,0.54010,0.53210,0.53960,5902350
2023-12-24T08:00:00Z,0.53950,0.53970,0.53510,0.53820,5315397
2023-12-24T09:00:00Z,0.53820,0.54510,0.53610,0.53960,7604693
2023-12-24T10:00:00Z,0.53960,0.54160,0.52890,0.53340,14718940
2023-12-24T11:00:00Z,0.53350,0.53640,0.53080,0.53620,4394545
2023-12-24T12:00:00Z,0.53610,0.54220,0.53370,0.54130,8064832
2023-12-24T13:00:00Z,0.54120,0.54960,0.54010,0.54560,8803485
2023-12-24T14:00:00Z,0.54550,0.54810,0.53790,0.54050,7945377
2023-12-24T15:00:00Z,0.54050,0.55050,0.54020,0.54710,9232770
2023-12-24T16:00:00Z,0.54740,0.54830,0.54300,0.54690,6298189
2023-12-24T17:00:00Z,0.54690,0.55900,0.54530,0.55570,11894728
2023-12-24T18:00:00Z,0.55570,0.56310,0.55140,0.56290,16359749
2023-12-24T19:00:00Z,0.56290,0.57410,0.56200,0.57060,29231790
2023-12-24T20:00:00Z,0.57050,0.57790,0.56060,0.56390,26671050
2023-12-24T21:00:00Z,0.56400,0.57300,0.56290,0.56930,11412426
2023-12-24T22:00:00Z,0.56940,0.57260,0.53840,0.55890,33903643
2023-12-24T23:00:00Z,0.55900,0.56700,0.55620,0.56360,10894529
2023-12-25T00:00:00Z,0.56360,0.56590,0.54420,0.55130,19196270
2023-12-25T01:00:00Z,0.55130,0.55960,0.55130,0.55450,9101056
2023-12-25T02:00:00Z,0.55440,0.55580,0.54340,0.54890,12032836
2023-12-25T03:00:00Z,0.54880,0.55230,0.54630,0.54950,7218925
2023-12-25T04:00:00Z,0.54950,0.55410,0.54950,0.55200,4897623
2023-12-25T05:00:00Z,0.55170,0.55980,0.55140,0.55970,4626774
2023-12-25T06:00:00Z,0.55970,0.59870,0.55750,0.59700,41087112
2023-12-25T07:00:00Z,0.59730,0.60090,0.58480,0.58790,50515499
2023-12-25T08:00:00Z,0.58790,0.59550,0.58290,0.58370,23621549
2023-12-25T09:00:00Z,0.58370,0.59260,0.57820,0.58090,27334149
2023-12-25T10:00:00Z,0.58100,0.59000,0.57890,0.58850,13309148
2023-12-25T11:00:00Z,0.58840,0.61310,0.58610,0.60880,44203864
2023-12-25T12:00:00Z,0.60880,0.61490,0.60090,0.60330,36851203
2023-12-25T13:00:00Z,0.60330,0.60540,0.59580,0.60430,23356505
2023-12-25T14:00:00Z,0.60420,0.60930,0.59600,0.60680,23447310
2023-12-25T15:00:00Z,0.60690,0.60740,0.59630,0.59730,16562047
2023-12-25T16:00:00Z,0.59720,0.61050,0.59580,0.60900,22867662
2023-12-25T17:00:00Z,0.60900,0.62100,0.60420,0.60520,32975427
2023-12-25T18:00:00Z,0.60530,0.60880,0.60000,0.60170,14259273
2023-12-25T19:00:00Z,0.60170,0.60730,0.60060,0.60300,6627105
2023-12-25T20:00:00Z,0.60300,0.60710,0.59350,0.60250,17548550
2023-12-25T21:00:00Z,0.60240,0.60960,0.59680,0.60890,7238853
2023-12-25T22:00:00Z,0.60890,0.61280,0.60750,0.61250,8404577
2023-12-25T23:00:00Z,0.61250,0.61280,0.60560,0.60720,6884813
2023-12-26T00:00:00Z,0.60720,0.62220,0.60330,0.62050,24991822
2023-12-26T01:00:00Z,0.62060,0.64750,0.61750,0.64130,50171095
2023-12-26T02:00:00Z,0.64120,0.67710,0.63400,0.66340,64527565
2023-12-26T03:00:00Z,0.66360,0.67980,0.64970,0.65460,65868411
2023-12-26T04:00:00Z,0.65470,0.66520,0.65300,0.65830,23415684
2023-12-26T05:00:00Z,0.65830,0.65980,0.63000,0.63890,55319280
2023-12-26T06:00:00Z,0.63900,0.64380,0.62590,0.63110,43250999
2023-12-26T07:00:00Z,0.63100,0.63930,0.62400,0.63020,24789681
2023-12-26T08:00:00Z,0.63030,0.63500,0.62070,0.63260,29162832
2023-12-26T09:00:00Z,0.63270,0.63650,0.62050,0.63300,27702339
2023-12-26T10:00:00Z,0.63300,0.64180,0.62950,0.63700,23282038
2023-12-26T11:00:00Z,0.63690,0.64540,0.63300,0.63990,20164307
2023-12-26T12:00:00Z,0.63980,0.64180,0.63440,0.63870,10524797
2023-12-26T13:00:00Z,0.63880,0.63880,0.62800,0.63480,16822209
2023-12-26T14:00:00Z,0.63470,0.63480,0.62210,0.62370,14814157
2023-12-26T15:00:00Z,0.62380,0.62720,0.61130,0.61240,27009603
2023-12-26T16:00:00Z,0.61240,0.61770,0.60740,0.61310,19188241
2023-12-26T17:00:00Z,0.61320,0.61380,0.56000,0.59180,52586750
2023-12-26T18:00:00Z,0.59190,0.59680,0.58210,0.59420,23046216
2023-12-26T19:00:00Z,0.59420,0.60430,0.59230,0.60340,12388001
2023-12-26T20:00:00Z,0.60330,0.61730,0.59950,0.61430,21271032
2023-12-26T21:00:00Z,0.61440,0.62190,0.61300,0.61500,17156068
2023-12-26T22:00:00Z,0.61510,0.62660,0.61310,0.62600,15078397
2023-12-26T23:00:00Z,0.62610,0.63850,0.62380,0.62760,15750367
2023-12-27T00:00:00Z,0.62780,0.63160,0.61370,0.61500,23014069
2023-12-27T01:00:00Z,0.61500,0.62070,0.61010,0.61390,13806000
2023-12-27T02:00:00Z,0.61380,0.61430,0.59430,0.59700,22543607
2023-12-27T03:00:00Z,0.59700,0.60320,0.59200,0.59660,13218703
2023-12-27T04:00:00Z,0.59650,0.60580,0.59610,0.59770,12019313
2023-12-27T05:00:00Z,0.59780,0.60280,0.59380,0.60160,11467147
2023-12-27T06:00:00Z,0.60160,0.60470,0.59780,0.59880,13428494
2023-12-27T07:00:00Z,0.59890,0.60020,0.59360,0.59720,5331485
2023-12-27T08:00:00Z,0.59730,0.60470,0.59510,0.60290,8382223
2023-12-27T09:00:00Z,0.60300,0.60360,0.59860,0.59930,4831852
2023-12-27T10:00:00Z,0.59930,0.61000,0.59630,0.60950,8863024
2023-12-27T11:00:00Z,0.60940,0.61080,0.60380,0.60600,8718390
2023-12-27T12:00:00Z,0.60600,0.60930,0.60030,0.60580,9910168
2023-12-27T13:00:00Z,0.60580,0.61210,0.60210,0.60730,8927472
2023-12-27T14:00:00Z,0.60730,0.61280,0.60130,0.60830,12657983
2023-12-27T15:00:00Z,0.60820,0.61490,0.60680,0.61070,14258254
2023-12-27T16:00:00Z,0.61080,0.61520,0.60470,0.60580,12074845
2023-12-27T17:00:00Z,0.60570,0.61340,0.60240,0.61280,7981757
2023-12-27T18:00:00Z,0.61280,0.61510,0.60780,0.61230,5292436
2023-12-27T19:00:00Z,0.61230,0.61270,0.60700,0.60840,7506807
2023-12-27T20:00:00Z,0.60840,0.61400,0.60710,0.61100,3819592
2023-12-27T21:00:00Z,0.61100,0.61120,0.60450,0.60580,4536011
2023-12-27T22:00:00Z,0.60590,0.60870,0.59760,0.60030,6708536
2023-12-27T23:00:00Z,0.60040,0.60810,0.60040,0.60350,4969297
2023-12-28T00:00:00Z,0.60360,0.61340,0.60140,0.60770,10978162
2023-12-28T01:00:00Z,0.60760,0.61160,0.60270,0.60460,9041955
2023-12-28T02:00:00Z,0.60460,0.60550,0.59250,0.59560,9893467
2023-12-28T03:00:00Z,0.59560,0.60060,0.59250,0.60010,5853881
2023-12-28T04:00:00Z,0.60010,0.60180,0.59270,0.59350,6023838
2023-12-28T05:00:00Z,0.59360,0.59630,0.58700,0.59110,9410264
2023-12-28T06:00:00Z,0.59110,0.59130,0.58090,0.58370,9615891
2023-12-28T07:00:00Z,0.58380,0.59000,0.58220,0.59000,8167540
2023-12-28T08:00:00Z,0.59000,0.59080,0.58500,0.58840,5383232
2023-12-28T09:00:00Z,0.58830,0.59260,0.58550,0.59080,6344488
2023-12-28T10:00:00Z,0.59080,0.59590,0.58920,0.59360,5363663
2023-12-28T11:00:00Z,0.59370,0.59530,0.59070,0.59300,4192798
2023-12-28T12:00:00Z,0.59290,0.59420,0.57620,0.57880,9450168
2023-12-28T13:00:00Z,0.57900,0.58840,0.57380,0.58490,9334890
2023-12-28T14:00:00Z,0.58500,0.58600,0.56760,0.57580,20534284
2023-12-28T15:00:00Z,0.57570,0.57900,0.57310,0.57620,8015247
2023-12-28T16:00:00Z,0.57620,0.57970,0.57270,0.57710,6818362
2023-12-28T17:00:00Z,0.57710,0.58130,0.57480,0.57690,5189173
2023-12-28T18:00:00Z,0.57690,0.58110,0.57300,0.57810,5014287
2023-12-28T19:00:00Z,0.57800,0.58330,0.57760,0.58110,2807501
2023-12-28T20:00:00Z,0.58120,0.58150,0.57090,0.57560,4401670
2023-12-28T21:00:00Z,0.57560,0.58000,0.57180,0.57410,5084670
2023-12-28T22:00:00Z,0.57420,0.58320,0.57270,0.58270,3375364
2023-12-28T23:00:00Z,0.58270,0.58450,0.57920,0.57920,3794194
2023-12-29T00:00:00Z,0.57930,0.58870,0.57140,0.57520,17790713
2023-12-29T01:00:00Z,0.57510,0.57890,0.56390,0.56980,19307210
2023-12-29T02:00:00Z,0.56970,0.58560,0.56450,0.58560,10162883
2023-12-29T03:00:00Z,0.58570,0.59060,0.58320,0.58850,7258819
2023-12-29T04:00:00Z,0.58850,0.59230,0.58550,0.58800,5689830
2023-12-29T05:00:00Z,0.58810,0.59260,0.58580,0.59260,3732668
2023-12-29T06:00:00Z,0.59260,0.59580,0.58880,0.58970,6755648
2023-12-29T07:00:00Z,0.58970,0.59070,0.57870,0.58100,7998306
2023-12-29T08:00:00Z,0.58100,0.58950,0.58050,0.58950,6312682
2023-12-29T09:00:00Z,0.58960,0.59430,0.58880,0.59000,6317782
2023-12-29T10:00:00Z,0.58990,0.59130,0.58630,0.58640,4564559
2023-12-29T11:00:00Z,0.58640,0.59230,0.58590,0.59020,3490442
2023-12-29T12:00:00Z,0.59010,0.59150,0.58340,0.58500,3832951
2023-12-29T13:00:00Z,0.58500,0.58970,0.58290,0.58850,4323471
2023-12-29T14:00:00Z,0.58860,0.59280,0.58690,0.59150,3873420
2023-12-29T15:00:00Z,0.59150,0.59170,0.57020,0.57560,12791848
2023-12-29T16:00:00Z,0.57560,0.57870,0.56380,0.56460,14402144
2023-12-29T17:00:00Z,0.56460,0.56850,0.56110,0.56560,8914195
2023-12-29T18:00:00Z,0.56570,0.57330,0.56490,0.57270,3564390
2023-12-29T19:00:00Z,0.57280,0.57520,0.57010,0.57400,2539496
2023-12-29T20:00:00Z,0.57400,0.57410,0.56950,0.57260,2325869
2023-12-29T21:00:00Z,0.57250,0.57540,0.56830,0.57050,2831225
2023-12-29T22:00:00Z,0.57030,0.57080,0.55590,0.56900,5608400
2023-12-29T23:00:00Z,0.56910,0.57590,0.56900,0.57510,3261989
2023-12-30T00:00:00Z,0.57510,0.57580,0.57180,0.57330,4130814
2023-12-30T01:00:00Z,0.57330,0.57800,0.57270,0.57570,2434554
2023-12-30T02:00:00Z,0.57580,0.57620,0.56750,0.56840,3647268
2023-12-30T03:00:00Z,0.56850,0.57170,0.56630,0.56900,3050407
2023-12-30T04:00:00Z,0.56900,0.57220,0.56890,0.56970,2276622
2023-12-30T05:00:00Z,0.56980,0.57290,0.56890,0.57270,2333437
2023-12-30T06:00:00Z,0.57270,0.57410,0.57090,0.57280,1962455
2023-12-30T07:00:00Z,0.57280,0.57570,0.57110,0.57450,4731112
2023-12-30T08:00:00Z,0.57460,0.57530,0.56390,0.56470,8910080
2023-12-30T09:00:00Z,0.56460,0.56920,0.56020,0.56470,6878398
2023-12-30T10:00:00Z,0.56480,0.56820,0.56370,0.56720,3261335
2023-12-30T11:00:00Z,0.56720,0.57450,0.56710,0.57330,4809817
2023-12-30T12:00:00Z,0.57330,0.58200,0.57250,0.57810,7237018
2023-12-30T13:00:00Z,0.57800,0.57960,0.57320,0.57940,3671162
2023-12-30T14:00:00Z,0.57940,0.58410,0.57850,0.58370,5802449
2023-12-30T15:00:00Z,0.58370,0.58540,0.58080,0.58500,5259878
2023-12-30T16:00:00Z,0.58500,0.58610,0.57640,0.57850,7298717
2023-12-30T17:00:00Z,0.57850,0.58210,0.57580,0.57960,4379889
2023-12-30T18:00:00Z,0.57950,0.57970,0.57610,0.57810,2111831
2023-12-30T19:00:00Z,0.57810,0.58200,0.57630,0.58000,3221180
2023-12-30T20:00:00Z,0.57990,0.58370,0.57820,0.58090,3077479
2023-12-30T21:00:00Z,0.58100,0.58430,0.57900,0.58340,3277434
2023-12-30T22:00:00Z,0.58330,0.58370,0.57590,0.57790,2925778
2023-12-30T23:00:00Z,0.57790,0.58110,0.57550,0.57620,3400206
2023-12-31T00:00:00Z,0.57620,0.58290,0.57420,0.58140,6535627
2023-12-31T01:00:00Z,0.58140,0.58220,0.57380,0.57550,3391051
2023-12-31T02:00:00Z,0.57550,0.58030,0.57150,0.57530,4981635
2023-12-31T03:00:00Z,0.57530,0.57630,0.57200,0.57510,3121249
2023-12-31T04:00:00Z,0.57510,0.58050,0.57390,0.57810,3614733
2023-12-31T05:00:00Z,0.57810,0.58000,0.57680,0.57760,2462598
2023-12-31T06:00:00Z,0.57760,0.58350,0.57700,0.58270,3088766
2023-12-31T07:00:00Z,0.58260,0.58660,0.58170,0.58410,3967740
2023-12-31T08:00:00Z,0.58410,0.58900,0.58290,0.58570,5339021
2023-12-31T09:00:00Z,0.58560,0.59300,0.58540,0.59080,5358821
2023-12-31T10:00:00Z,0.59080,0.59250,0.58690,0.59190,3931062
2023-12-31T11:00:00Z,0.59190,0.59430,0.58910,0.58960,3771845
2023-12-31T12:00:00Z,0.58960,0.59510,0.58890,0.59130,6354587
2023-12-31T13:00:00Z,0.59140,0.59570,0.58790,0.59210,5347738
2023-12-31T14:00:00Z,0.59200,0.59900,0.59140,0.59510,6867084
2023-12-31T15:00:00Z,0.59510,0.60450,0.59360,0.59960,9769017
2023-12-31T16:00:00Z,0.59960,0.60520,0.59950,0.60440,11513490
2023-12-31T17:00:00Z,0.60440,0.60570,0.59680,0.60480,8930464
2023-12-31T18:00:00Z,0.60490,0.60510,0.59730,0.60060,6159097
2023-12-31T19:00:00Z,0.60060,0.60420,0.59920,0.60100,4479392
2023-12-31T20:00:00Z,0.60090,0.60130,0.59220,0.59410,8354263
2023-12-31T21:00:00Z,0.59410,0.60250,0.59390,0.59820,3691530
2023-12-31T22:00:00Z,0.59820,0.59900,0.57250,0.58510,12083229
2023-12-31T23:00:00Z,0.58500,0.59740,0.58390,0.59520,10344763
2024-01-01T00:00:00Z,0.59520,0.60200,0.59170,0.59540,8542734
2024-01-01T01:00:00Z,0.59540,0.59730,0.59250,0.59690,3778653
2024-01-01T02:00:00Z,0.59690,0.60900,0.59590,0.60890,7632808
2024-01-01T03:00:00Z,0.60890,0.61160,0.59920,0.60700,20069228
2024-01-01T04:00:00Z,0.60700,0.61120,0.59900,0.60800,15076500
2024-01-01T05:00:00Z,0.60800,0.62440,0.58790,0.59080,52279764
2024-01-01T06:00:00Z,0.59070,0.59720,0.59030,0.59100,10263977
2024-01-01T07:00:00Z,0.59100,0.59330,0.58200,0.58680,11895947
2024-01-01T08:00:00Z,0.58680,0.58970,0.58540,0.58890,6005279
2024-01-01T09:00:00Z,0.58880,0.59350,0.58600,0.59130,6015598
2024-01-01T10:00:00Z,0.59120,0.59270,0.58900,0.59180,4699212
2024-01-01T11:00:00Z,0.59190,0.59250,0.58760,0.59190,4202755
2024-01-01T12:00:00Z,0.59190,0.59400,0.58980,0.59220,4519886
2024-01-01T13:00:00Z,0.59220,0.59470,0.59110,0.59430,4637658
2024-01-01T14:00:00Z,0.59440,0.59470,0.58870,0.59050,6268626
2024-01-01T15:00:00Z,0.59030,0.59360,0.58950,0.59300,5383652
2024-01-01T16:00:00Z,0.59300,0.59510,0.58980,0.59300,6781666
2024-01-01T17:00:00Z,0.59310,0.59440,0.58970,0.59380,4332432
2024-01-01T18:00:00Z,0.59380,0.60550,0.59330,0.60180,8754618
2024-01-01T19:00:00Z,0.60190,0.60500,0.60060,0.60370,5369760
2024-01-01T20:00:00Z,0.60370,0.60620,0.60240,0.60300,4410764
2024-01-01T21:00:00Z,0.60300,0.60310,0.59890,0.60180,5011080
2024-01-01T22:00:00Z,0.60180,0.60340,0.59950,0.60170,2527147
2024-01-01T23:00:00Z,0.60170,0.60670,0.60140,0.60450,3919610
2024-01-02T00:00:00Z,0.60450,0.60870,0.59960,0.60850,9788232
2024-01-02T01:00:00Z,0.60860,0.61200,0.60510,0.60840,6684662
2024-01-02T02:00:00Z,0.60830,0.60970,0.60630,0.60950,3610178
2024-01-02T03:00:00Z,0.60950,0.61010,0.60500,0.60980,4445267
2024-01-02T04:00:00Z,0.60980,0.61370,0.60870,0.61050,5357342
2024-01-02T05:00:00Z,0.61050,0.61090,0.60540,0.60550,3241960
2024-01-02T06:00:00Z,0.60550,0.60650,0.60380,0.60460,3589355
2024-01-02T07:00:00Z,0.60460,0.60880,0.60430,0.60500,3205800
2024-01-02T08:00:00Z,0.60500,0.61010,0.60260,0.60950,5280405
2024-01-02T09:00:00Z,0.60960,0.62080,0.60880,0.61450,13177600
2024-01-02T10:00:00Z,0.61450,0.61520,0.60910,0.61190,6538032
2024-01-02T11:00:00Z,0.61190,0.61340,0.60440,0.60700,7554439
2024-01-02T12:00:00Z,0.60700,0.61020,0.60260,0.60350,7028963
2024-01-02T13:00:00Z,0.60350,0.60900,0.60250,0.60540,4117037
2024-01-02T14:00:00Z,0.60540,0.60640,0.59000,0.59400,15121848
2024-01-02T15:00:00Z,0.59400,0.59720,0.58820,0.59460,10146229
2024-01-02T16:00:00Z,0.59470,0.59630,0.58890,0.59600,7319296
2024-01-02T17:00:00Z,0.59600,0.59600,0.58830,0.59110,4452469
2024-01-02T18:00:00Z,0.59110,0.59250,0.58810,0.59020,4837915
2024-01-02T19:00:00Z,0.59030,0.59270,0.58630,0.58920,5903462
2024-01-02T20:00:00Z,0.58920,0.59210,0.58070,0.58220,7604154
2024-01-02T21:00:00Z,0.58210,0.58760,0.57800,0.58700,5926401
2024-01-02T22:00:00Z,0.58690,0.58990,0.58430,0.58970,3428183
2024-01-02T23:00:00Z,0.58960,0.59040,0.58550,0.58750,3415890
2024-01-03T00:00:00Z,0.58760,0.59240,0.58600,0.58990,6883142
2024-01-03T01:00:00Z,0.58990,0.59260,0.58920,0.59230,2045189
2024-01-03T02:00:00Z,0.59230,0.59400,0.58820,0.58980,2723854
2024-01-03T03:00:00Z,0.58980,0.59010,0.58630,0.58870,2126909
2024-01-03T04:00:00Z,0.58870,0.59270,0.58620,0.59050,4624426
2024-01-03T05:00:00Z,0.59050,0.59350,0.58980,0.59260,3254710
2024-01-03T06:00:00Z,0.59260,0.59720,0.59220,0.59610,3482263
2024-01-03T07:00:00Z,0.59610,0.59750,0.59010,0.59110,4410873
2024-01-03T08:00:00Z,0.59100,0.59620,0.59080,0.59600,4328012
2024-01-03T09:00:00Z,0.59600,0.59950,0.59530,0.59780,4578331
2024-01-03T10:00:00Z,0.59780,0.60050,0.59210,0.59490,6303139
2024-01-03T11:00:00Z,0.59490,0.59540,0.56010,0.56930,34532488
2024-01-03T12:00:00Z,0.56920,0.56940,0.44280,0.52980,93386145
2024-01-03T13:00:00Z,0.52980,0.53000,0.51320,0.52020,25672716
2024-01-03T14:00:00Z,0.52020,0.52070,0.50180,0.51080,20795946
2024-01-03T15:00:00Z,0.51080,0.52620,0.51020,0.52540,19230360
2024-01-03T16:00:00Z,0.52540,0.52790,0.51510,0.51900,16591950
2024-01-03T17:00:00Z,0.51910,0.52050,0.51190,0.51580,8804767
2024-01-03T18:00:00Z,0.51580,0.51840,0.50050,0.50620,10247661
2024-01-03T19:00:00Z,0.50620,0.51600,0.50560,0.50830,6942430
2024-01-03T20:00:00Z,0.50820,0.51620,0.50720,0.51400,7787267
2024-01-03T21:00:00Z,0.51400,0.51850,0.51260,0.51840,7596864
2024-01-03T22:00:00Z,0.51850,0.52020,0.51290,0.51740,6937301
2024-01-03T23:00:00Z,0.51740,0.51780,0.51230,0.51670,4752827
2024-01-04T00:00:00Z,0.51680,0.51960,0.51270,0.51520,7219618
2024-01-04T01:00:00Z,0.51520,0.51630,0.50250,0.50580,9968202
2024-01-04T02:00:00Z,0.50570,0.51630,0.50480,0.51600,4774890
2024-01-04T03:00:00Z,0.51590,0.52960,0.51290,0.52530,11593403
2024-01-04T04:00:00Z,0.52530,0.52900,0.51950,0.52150,13786644
2024-01-04T05:00:00Z,0.52140,0.52800,0.51850,0.52490,7671857
2024-01-04T06:00:00Z,0.52500,0.52910,0.52360,0.52580,4112885
2024-01-04T07:00:00Z,0.52580,0.52820,0.51680,0.51700,9108187
2024-01-04T08:00:00Z,0.51710,0.52010,0.51290,0.51810,8830262
2024-01-04T09:00:00Z,0.51810,0.52220,0.51760,0.51940,3883694
2024-01-04T10:00:00Z,0.51940,0.52090,0.51100,0.51960,8077693
2024-01-04T11:00:00Z,0.51970,0.52230,0.51700,0.51910,4265722
2024-01-04T12:00:00Z,0.51910,0.52390,0.51680,0.52230,7347948
2024-01-04T13:00:00Z,0.52240,0.52650,0.52020,0.52430,4392974
2024-01-04T14:00:00Z,0.52430,0.53430,0.52180,0.53430,8196128
2024-01-04T15:00:00Z,0.53420,0.54040,0.53080,0.53700,9443950
2024-01-04T16:00:00Z,0.53700,0.53740,0.53050,0.53170,6650202
2024-01-04T17:00:00Z,0.53180,0.53420,0.52860,0.53180,5218652
2024-01-04T18:00:00Z,0.53180,0.53560,0.52980,0.53350,2134723
2024-01-04T19:00:00Z,0.53350,0.53800,0.53140,0.53330,3278250
2024-01-04T20:00:00Z,0.53340,0.54370,0.53310,0.53680,6379070
2024-01-04T21:00:00Z,0.53680,0.54030,0.53370,0.53580,4805479
2024-01-04T22:00:00Z,0.53590,0.54070,0.53370,0.53720,3230830
2024-01-04T23:00:00Z,0.53720,0.54260,0.53460,0.53790,4023732
2024-01-05T00:00:00Z,0.53800,0.54350,0.53400,0.53780,6037076
2024-01-05T01:00:00Z,0.53760,0.53890,0.50540,0.52210,20470451
2024-01-05T02:00:00Z,0.52210,0.52780,0.51850,0.52010,7520232
2024-01-05T03:00:00Z,0.52020,0.52480,0.51870,0.52070,3850059
2024-01-05T04:00:00Z,0.52070,0.52300,0.51720,0.52130,6082606
2024-01-05T05:00:00Z,0.52130,0.52340,0.51970,0.52130,2799277
2024-01-05T06:00:00Z,0.52130,0.52440,0.51770,0.52260,4540644
2024-01-05T07:00:00Z,0.52260,0.52460,0.51740,0.51860,5139358
2024-01-05T08:00:00Z,0.51870,0.52310,0.51800,0.51920,4350797
2024-01-05T09:00:00Z,0.51920,0.52550,0.51920,0.52330,5120379
2024-01-05T10:00:00Z,0.52340,0.52350,0.50750,0.51220,7826348
2024-01-05T11:00:00Z,0.51230,0.51630,0.51020,0.51120,5435963
2024-01-05T12:00:00Z,0.51130,0.51540,0.50500,0.51020,9585339
2024-01-05T13:00:00Z,0.51030,0.51420,0.50860,0.51170,5682420
2024-01-05T14:00:00Z,0.51160,0.51380,0.49910,0.50100,11628138
2024-01-05T15:00:00Z,0.50100,0.50720,0.49700,0.50170,10135681
2024-01-05T16:00:00Z,0.50170,0.50490,0.49340,0.49520,8153702
2024-01-05T17:00:00Z,0.49530,0.50290,0.49050,0.50170,11668718
2024-01-05T18:00:00Z,0.50180,0.50460,0.49980,0.50130,2973560
2024-01-05T19:00:00Z,0.50130,0.50350,0.49910,0.50030,3564283
2024-01-05T20:00:00Z,0.50040,0.50930,0.50020,0.50620,4457253
2024-01-05T21:00:00Z,0.50630,0.50630,0.49960,0.50560,4335782
2024-01-05T22:00:00Z,0.50570,0.50750,0.50380,0.50690,2123623
2024-01-05T23:00:00Z,0.50690,0.51290,0.50690,0.51270,4028502
2024-01-06T00:00:00Z,0.51280,0.51290,0.50530,0.50740,5186270
2024-01-06T01:00:00Z,0.50750,0.50820,0.50160,0.50490,3501976
2024-01-06T02:00:00Z,0.50500,0.50690,0.50180,0.50490,2170078
2024-01-06T03:00:00Z,0.50490,0.50590,0.50260,0.50450,1661730
2024-01-06T04:00:00Z,0.50450,0.50680,0.49810,0.49990,3637678
2024-01-06T05:00:00Z,0.49980,0.50130,0.48480,0.48990,11338594
2024-01-06T06:00:00Z,0.49000,0.49130,0.47190,0.47510,20430049
2024-01-06T07:00:00Z,0.47500,0.48600,0.47290,0.48580,12988314
2024-01-06T08:00:00Z,0.48580,0.49140,0.48200,0.49080,5384627
2024-01-06T09:00:00Z,0.49100,0.49180,0.48790,0.48860,3673029
2024-01-06T10:00:00Z,0.48860,0.49090,0.48620,0.48910,2882751
2024-01-06T11:00:00Z,0.48900,0.48990,0.48600,0.48890,2560309
2024-01-06T12:00:00Z,0.48900,0.49170,0.48560,0.48690,3471168
2024-01-06T13:00:00Z,0.48690,0.49100,0.48450,0.48960,2386670
2024-01-06T14:00:00Z,0.48970,0.49810,0.48940,0.49750,6198484
2024-01-06T15:00:00Z,0.49740,0.50300,0.49600,0.50250,6096017
2024-01-06T16:00:00Z,0.50250,0.50680,0.49840,0.50240,9188804
2024-01-06T17:00:00Z,0.50240,0.50500,0.49970,0.50370,3464362
2024-01-06T18:00:00Z,0.50370,0.50580,0.50100,0.50210,2983708
2024-01-06T19:00:00Z,0.50220,0.50250,0.49720,0.50110,4869854
2024-01-06T20:00:00Z,0.50120,0.50500,0.49790,0.50330,4012492
2024-01-06T21:00:00Z,0.50340,0.50430,0.49860,0.50220,3929941
2024-01-06T22:00:00Z,0.50220,0.50400,0.49630,0.50110,3944391
2024-01-06T23:00:00Z,0.50100,0.50130,0.49330,0.49930,4726932
2024-01-07T00:00:00Z,0.49930,0.50660,0.49670,0.50410,6052098
2024-01-07T01:00:00Z,0.50420,0.50650,0.49910,0.49990,3053953
2024-01-07T02:00:00Z,0.49980,0.50540,0.49920,0.50350,3861967
2024-01-07T03:00:00Z,0.50340,0.51600,0.50300,0.51010,15607457
2024-01-07T04:00:00Z,0.51020,0.51410,0.50640,0.50960,7237914
2024-01-07T05:00:00Z,0.50960,0.51160,0.50530,0.50750,5536936
2024-01-07T06:00:00Z,0.50770,0.51180,0.50550,0.51030,5829710
2024-01-07T07:00:00Z,0.51030,0.51340,0.50710,0.50840,5293062
2024-01-07T08:00:00Z,0.50850,0.51080,0.50070,0.50210,6701788
2024-01-07T09:00:00Z,0.50210,0.50800,0.49630,0.49770,10677440
2024-01-07T10:00:00Z,0.49770,0.50000,0.49520,0.49910,4923552
2024-01-07T11:00:00Z,0.49910,0.50480,0.49860,0.50150,5446652
2024-01-07T12:00:00Z,0.50150,0.50160,0.49640,0.49810,3888231
2024-01-07T13:00:00Z,0.49820,0.50350,0.49760,0.50030,3361970
2024-01-07T14:00:00Z,0.50030,0.50130,0.49210,0.49670,7329057
2024-01-07T15:00:00Z,0.49670,0.49800,0.48880,0.49130,7601696
2024-01-07T16:00:00Z,0.49130,0.49330,0.48110,0.48300,12381666
2024-01-07T17:00:00Z,0.48300,0.49220,0.48210,0.49120,5715312
2024-01-07T18:00:00Z,0.49110,0.49650,0.49050,0.49420,3219042
2024-01-07T19:00:00Z,0.49430,0.49560,0.49120,0.49460,2736251
2024-01-07T20:00:00Z,0.49450,0.49600,0.49040,0.49060,2781784
2024-01-07T21:00:00Z,0.49080,0.49240,0.48480,0.48580,3019553
2024-01-07T22:00:00Z,0.48570,0.48580,0.46820,0.47060,13128215
2024-01-07T23:00:00Z,0.47060,0.47610,0.46390,0.46900,13161381
2024-01-08T00:00:00Z,0.46900,0.47210,0.45700,0.45740,13267507
2024-01-08T01:00:00Z,0.45740,0.46430,0.45350,0.45690,15671553
2024-01-08T02:00:00Z,0.45690,0.46050,0.43660,0.44680,26683146
2024-01-08T03:00:00Z,0.44670,0.45080,0.43500,0.44790,21606782
2024-01-08T04:00:00Z,0.44790,0.45590,0.44590,0.45550,10912865
2024-01-08T05:00:00Z,0.45550,0.45940,0.45250,0.45790,7370050
2024-01-08T06:00:00Z,0.45800,0.46800,0.45630,0.46000,16260024
2024-01-08T07:00:00Z,0.46000,0.46570,0.45730,0.46080,8531013
2024-01-08T08:00:00Z,0.46080,0.46390,0.45780,0.45870,3783367
2024-01-08T09:00:00Z,0.45870,0.46130,0.45370,0.45560,5642788
2024-01-08T10:00:00Z,0.45580,0.46350,0.45500,0.46270,5500517
2024-01-08T11:00:00Z,0.46280,0.47290,0.46190,0.47160,7466288
2024-01-08T12:00:00Z,0.47170,0.47940,0.47060,0.47880,12754075
2024-01-08T13:00:00Z,0.47880,0.48060,0.47540,0.47700,6567973
2024-01-08T14:00:00Z,0.47710,0.48200,0.47590,0.47860,5168432
2024-01-08T15:00:00Z,0.47860,0.48970,0.47700,0.48710,11522096
2024-01-08T16:00:00Z,0.48720,0.48930,0.48170,0.48440,5145997
2024-01-08T17:00:00Z,0.48440,0.49190,0.48170,0.49170,5168585
2024-01-08T18:00:00Z,0.49170,0.50340,0.49070,0.50190,9952555
2024-01-08T19:00:00Z,0.50180,0.50570,0.49610,0.50480,6646955
2024-01-08T20:00:00Z,0.50490,0.50580,0.49660,0.49850,5637285
2024-01-08T21:00:00Z,0.49860,0.50300,0.49760,0.49890,4393072
2024-01-08T22:00:00Z,0.49900,0.50440,0.49810,0.50390,2381550
2024-01-08T23:00:00Z,0.50390,0.50540,0.50130,0.50250,2937437
2024-01-09T00:00:00Z,0.50260,0.50330,0.48880,0.49680,15111554
2024-01-09T01:00:00Z,0.49670,0.49810,0.48970,0.49380,4298901
2024-01-09T02:00:00Z,0.49390,0.49600,0.49170,0.49350,2424639
2024-01-09T03:00:00Z,0.49360,0.49500,0.49120,0.49260,3333950
2024-01-09T04:00:00Z,0.49250,0.49950,0.49100,0.49840,3537866
2024-01-09T05:00:00Z,0.49830,0.49920,0.49020,0.49350,3381250
2024-01-09T06:00:00Z,0.49350,0.49400,0.48910,0.49130,2916425
2024-01-09T07:00:00Z,0.49130,0.49220,0.48860,0.48980,3056142
2024-01-09T08:00:00Z,0.48980,0.49310,0.48320,0.48470,5806748
2024-01-09T09:00:00Z,0.48480,0.48640,0.47560,0.47860,7515171
2024-01-09T10:00:00Z,0.47850,0.48280,0.47840,0.47950,3766164
2024-01-09T11:00:00Z,0.47950,0.48470,0.47920,0.48260,3958651
2024-01-09T12:00:00Z,0.48260,0.48440,0.45660,0.46870,14349902
2024-01-09T13:00:00Z,0.46880,0.47900,0.46740,0.47710,12251714
2024-01-09T14:00:00Z,0.47700,0.47920,0.46740,0.46820,7420112
2024-01-09T15:00:00Z,0.46810,0.47470,0.46510,0.47200,7864770
2024-01-09T16:00:00Z,0.47200,0.47300,0.46420,0.47050,6106484
2024-01-09T17:00:00Z,0.47050,0.47270,0.46680,0.46950,3506720
2024-01-09T18:00:00Z,0.46950,0.47450,0.46810,0.47400,4078991
2024-01-09T19:00:00Z,0.47400,0.47400,0.46480,0.47030,4942023
2024-01-09T20:00:00Z,0.47040,0.47150,0.46050,0.46170,5869514
2024-01-09T21:00:00Z,0.46180,0.48170,0.46180,0.46670,36764446
2024-01-09T22:00:00Z,0.46660,0.47780,0.46460,0.47430,8188302
2024-01-09T23:00:00Z,0.47430,0.47800,0.47170,0.47760,4035854
2024-01-10T00:00:00Z,0.47770,0.48380,0.47430,0.48110,9063713
2024-01-10T01:00:00Z,0.48120,0.48260,0.47780,0.47890,4226775
2024-01-10T02:00:00Z,0.47890,0.48130,0.47560,0.47640,2859655
2024-01-10T03:00:00Z,0.47650,0.48140,0.47560,0.47890,2080970
2024-01-10T04:00:00Z,0.47890,0.48390,0.47820,0.47940,3334233
2024-01-10T05:00:00Z,0.47930,0.48200,0.47760,0.48200,2687993
2024-01-10T06:00:00Z,0.48190,0.48230,0.47780,0.47920,2335155
2024-01-10T07:00:00Z,0.47920,0.48060,0.47530,0.47770,3053682
2024-01-10T08:00:00Z,0.47760,0.47980,0.47090,0.47380,7269216
2024-01-10T09:00:00Z,0.47370,0.48550,0.47300,0.48410,7955034
2024-01-10T10:00:00Z,0.48410,0.48590,0.48270,0.48370,3504769
2024-01-10T11:00:00Z,0.48380,0.49500,0.48360,0.48900,18631371
2024-01-10T12:00:00Z,0.48900,0.49050,0.46730,0.47300,22395810
2024-01-10T13:00:00Z,0.47310,0.48100,0.46890,0.47770,12984693
2024-01-10T14:00:00Z,0.47770,0.48520,0.47400,0.47950,7693470
2024-01-10T15:00:00Z,0.47940,0.49300,0.47730,0.49100,13537366
2024-01-10T16:00:00Z,0.49100,0.49310,0.48620,0.48810,7876150
2024-01-10T17:00:00Z,0.48820,0.49600,0.48610,0.49490,8414562
2024-01-10T18:00:00Z,0.49490,0.49800,0.49240,0.49580,7890177
2024-01-10T19:00:00Z,0.49570,0.49940,0.49090,0.49530,8290391
2024-01-10T20:00:00Z,0.49540,0.49680,0.48110,0.49560,21384121
2024-01-10T21:00:00Z,0.49550,0.51640,0.49310,0.51520,22720948
2024-01-10T22:00:00Z,0.51530,0.52990,0.51330,0.52610,15393843
2024-01-10T23:00:00Z,0.52610,0.53500,0.51860,0.52180,18928681
2024-01-11T00:00:00Z,0.52180,0.52960,0.51810,0.52860,10230214
2024-01-11T01:00:00Z,0.52860,0.53640,0.52310,0.53000,9790233
2024-01-11T02:00:00Z,0.53010,0.53400,0.52830,0.53000,4155601
2024-01-11T03:00:00Z,0.53000,0.53370,0.52690,0.53340,4561349
2024-01-11T04:00:00Z,0.53340,0.53420,0.52760,0.52810,4210273
2024-01-11T05:00:00Z,0.52810,0.52840,0.51910,0.52370,7652517
2024-01-11T06:00:00Z,0.52370,0.52440,0.51290,0.51680,8935701
2024-01-11T07:00:00Z,0.51680,0.52640,0.51680,0.52620,5232520
2024-01-11T08:00:00Z,0.52620,0.52940,0.52380,0.52910,4499590
2024-01-11T09:00:00Z,0.52900,0.53160,0.52770,0.52810,3713282
2024-01-11T10:00:00Z,0.52800,0.53720,0.52770,0.53640,7431770
2024-01-11T11:00:00Z,0.53640,0.53980,0.53340,0.53850,6359683
2024-01-11T12:00:00Z,0.53840,0.54680,0.53730,0.54650,7127693
2024-01-11T13:00:00Z,0.54650,0.54840,0.53410,0.54330,17762905
2024-01-11T14:00:00Z,0.54330,0.54930,0.53540,0.54620,21017004
2024-01-11T15:00:00Z,0.54610,0.54720,0.52380,0.53060,21621086
2024-01-11T16:00:00Z,0.53050,0.53670,0.51910,0.52910,20777795
2024-01-11T17:00:00Z,0.52920,0.53880,0.52660,0.53800,8212500
2024-01-11T18:00:00Z,0.53790,0.53830,0.53290,0.53650,4899451
2024-01-11T19:00:00Z,0.53650,0.54050,0.53310,0.53920,3652052
2024-01-11T20:00:00Z,0.53930,0.54040,0.52840,0.53010,9077879
2024-01-11T21:00:00Z,0.53000,0.53580,0.52940,0.53230,4521975
2024-01-11T22:00:00Z,0.53210,0.53720,0.52820,0.53720,3410472
2024-01-11T23:00:00Z,0.53720,0.54020,0.53520,0.53780,3013745
2024-01-12T00:00:00Z,0.53780,0.54910,0.53660,0.54810,16832301
2024-01-12T01:00:00Z,0.54810,0.55070,0.53560,0.54260,10490370
2024-01-12T02:00:00Z,0.54260,0.54620,0.54210,0.54400,2919887
2024-01-12T03:00:00Z,0.54410,0.54410,0.53720,0.53910,3418603
2024-01-12T04:00:00Z,0.53890,0.54390,0.53610,0.53720,3847969
2024-01-12T05:00:00Z,0.53720,0.54950,0.53620,0.54630,8744816
2024-01-12T06:00:00Z,0.54630,0.55400,0.54490,0.54730,8572882
2024-01-12T07:00:00Z,0.54720,0.54840,0.53870,0.54260,6007680
2024-01-12T08:00:00Z,0.54260,0.54260,0.53440,0.53940,7518959
2024-01-12T09:00:00Z,0.53940,0.54230,0.53270,0.54130,6894332
2024-01-12T10:00:00Z,0.54130,0.54280,0.53830,0.54130,3994547
2024-01-12T11:00:00Z,0.54120,0.54350,0.53820,0.53930,4845510
2024-01-12T12:00:00Z,0.53920,0.54300,0.53190,0.53550,8616836
2024-01-12T13:00:00Z,0.53550,0.54160,0.53330,0.54050,5487845
2024-01-12T14:00:00Z,0.54050,0.54360,0.53390,0.53850,9014997
2024-01-12T15:00:00Z,0.53850,0.54010,0.51880,0.52210,20071418
2024-01-12T16:00:00Z,0.52200,0.52900,0.50810,0.51480,19012192
2024-01-12T17:00:00Z,0.51480,0.51740,0.50110,0.51590,16032203
2024-01-12T18:00:00Z,0.51590,0.51980,0.51220,0.51780,6966375
2024-01-12T19:00:00Z,0.51770,0.52030,0.51420,0.51780,4655193
2024-01-12T20:00:00Z,0.51770,0.52240,0.51710,0.51940,3428780
2024-01-12T21:00:00Z,0.51950,0.52050,0.50440,0.51020,8873584
2024-01-12T22:00:00Z,0.51030,0.51110,0.48530,0.50020,20727548
2024-01-12T23:00:00Z,0.50010,0.50540,0.49880,0.50400,5583505
2024-01-13T00:00:00Z,0.50410,0.50690,0.49550,0.49600,8698627
2024-01-13T01:00:00Z,0.49610,0.49760,0.48680,0.49690,7258830
2024-01-13T02:00:00Z,0.49690,0.50200,0.49490,0.49870,2580954
2024-01-13T03:00:00Z,0.49870,0.50230,0.49630,0.49950,2632681
2024-01-13T04:00:00Z,0.49960,0.50220,0.49830,0.50140,2833366
2024-01-13T05:00:00Z,0.50130,0.50910,0.49990,0.50890,3836123
2024-01-13T06:00:00Z,0.50890,0.51190,0.50700,0.51000,4799571
2024-01-13T07:00:00Z,0.51020,0.51210,0.50830,0.50850,3225639
2024-01-13T08:00:00Z,0.50850,0.51070,0.50780,0.50960,3008138
2024-01-13T09:00:00Z,0.50960,0.51030,0.50350,0.50480,4126726
2024-01-13T10:00:00Z,0.50480,0.50530,0.50130,0.50350,5122453
2024-01-13T11:00:00Z,0.50350,0.50670,0.50250,0.50610,2955441
2024-01-13T12:00:00Z,0.50600,0.50810,0.50410,0.50680,3308274
2024-01-13T13:00:00Z,0.50680,0.51030,0.50580,0.50770,3258718
2024-01-13T14:00:00Z,0.50770,0.51070,0.50480,0.50750,4363763
2024-01-13T15:00:00Z,0.50750,0.51470,0.50710,0.51310,5742277
2024-01-13T16:00:00Z,0.51320,0.51340,0.50800,0.50920,3990013
2024-01-13T17:00:00Z,0.50930,0.51270,0.50650,0.51080,2934899
2024-01-13T18:00:00Z,0.51070,0.51160,0.50810,0.51020,1696648
2024-01-13T19:00:00Z,0.51030,0.51330,0.51020,0.51100,2427530
2024-01-13T20:00:00Z,0.51100,0.51400,0.50930,0.51250,2740509
2024-01-13T21:00:00Z,0.51230,0.51360,0.51080,0.51310,2385142
2024-01-13T22:00:00Z,0.51320,0.51480,0.51110,0.51430,1892332
2024-01-13T23:00:00Z,0.51430,0.51440,0.50920,0.51010,2544134
2024-01-14T00:00:00Z,0.51000,0.51140,0.50240,0.50340,5486907
2024-01-14T01:00:00Z,0.50330,0.50800,0.50280,0.50710,4332973
2024-01-14T02:00:00Z,0.50710,0.50780,0.50320,0.50540,1989221
2024-01-14T03:00:00Z,0.50550,0.50700,0.50260,0.50370,2337432
2024-01-14T04:00:00Z,0.50370,0.50420,0.49640,0.49740,5958423
2024-01-14T05:00:00Z,0.49740,0.50460,0.49740,0.50400,2519777
2024-01-14T06:00:00Z,0.50410,0.50750,0.50360,0.50690,3634184
2024-01-14T07:00:00Z,0.50690,0.50740,0.50370,0.50590,2331022
2024-01-14T08:00:00Z,0.50590,0.50880,0.50400,0.50870,2299019
2024-01-14T09:00:00Z,0.50870,0.50980,0.50560,0.50910,2392643
2024-01-14T10:00:00Z,0.50920,0.50940,0.50500,0.50580,2474402
2024-01-14T11:00:00Z,0.50590,0.50740,0.50200,0.50370,2699630
2024-01-14T12:00:00Z,0.50360,0.50570,0.50230,0.50260,2343991
2024-01-14T13:00:00Z,0.50260,0.50650,0.50210,0.50610,2043109
2024-01-14T14:00:00Z,0.50610,0.50800,0.50500,0.50600,2589514
2024-01-14T15:00:00Z,0.50600,0.50950,0.50560,0.50750,2766625
2024-01-14T16:00:00Z,0.50760,0.50890,0.50090,0.50330,5350387
2024-01-14T17:00:00Z,0.50330,0.50630,0.50240,0.50530,1357359
2024-01-14T18:00:00Z,0.50530,0.50640,0.49950,0.50190,2391630
2024-01-14T19:00:00Z,0.50200,0.50220,0.49230,0.49300,6220860
2024-01-14T20:00:00Z,0.49300,0.49990,0.48930,0.49660,7463801
2024-01-14T21:00:00Z,0.49660,0.50160,0.49400,0.50120,4361065
2024-01-14T22:00:00Z,0.50130,0.50240,0.49510,0.49630,2803470
2024-01-14T23:00:00Z,0.49630,0.49720,0.48790,0.48940,11473687
2024-01-15T00:00:00Z,0.48940,0.49670,0.48850,0.49660,4767515
2024-01-15T01:00:00Z,0.49660,0.49830,0.49440,0.49750,2740309
2024-01-15T02:00:00Z,0.49760,0.50020,0.49560,0.50010,1641681
2024-01-15T03:00:00Z,0.50020,0.50200,0.49910,0.49990,2045452
2024-01-15T04:00:00Z,0.50000,0.50280,0.49830,0.50250,2142464
2024-01-15T05:00:00Z,0.50260,0.50480,0.50090,0.50170,2542104
2024-01-15T06:00:00Z,0.50170,0.50330,0.49910,0.49950,2006748
2024-01-15T07:00:00Z,0.49940,0.50080,0.49760,0.49960,1394582
2024-01-15T08:00:00Z,0.49970,0.50250,0.49750,0.50140,3031059
2024-01-15T09:00:00Z,0.50140,0.50360,0.49960,0.50240,9333763
2024-01-15T10:00:00Z,0.50250,0.50550,0.50000,0.50240,11152164
2024-01-15T11:00:00Z,0.50240,0.50280,0.49920,0.50140,2387213
2024-01-15T12:00:00Z,0.50130,0.50390,0.49740,0.50010,3361454
2024-01-15T13:00:00Z,0.50010,0.50390,0.49860,0.50210,2595240
2024-01-15T14:00:00Z,0.50210,0.50260,0.49090,0.49160,7309820
2024-01-15T15:00:00Z,0.49160,0.49530,0.48990,0.49110,6046831
2024-01-15T16:00:00Z,0.49110,0.49760,0.49040,0.49590,3688881
2024-01-15T17:00:00Z,0.49590,0.49910,0.49550,0.49850,1781838
2024-01-15T18:00:00Z,0.49860,0.50950,0.49850,0.50350,8023888
2024-01-15T19:00:00Z,0.50360,0.50670,0.50190,0.50620,4229926
2024-01-15T20:00:00Z,0.50620,0.50880,0.50220,0.50610,5137895
2024-01-15T21:00:00Z,0.50610,0.50810,0.50220,0.50430,6455468
2024-01-15T22:00:00Z,0.50440,0.50700,0.49820,0.50550,5276610
2024-01-15T23:00:00Z,0.50560,0.50630,0.50180,0.50230,3886483
2024-01-16T00:00:00Z,0.50220,0.50550,0.50210,0.50280,3795700
2024-01-16T01:00:00Z,0.50290,0.50700,0.50220,0.50460,2561328
2024-01-16T02:00:00Z,0.50460,0.50630,0.50130,0.50310,1448752
2024-01-16T03:00:00Z,0.50300,0.50930,0.50270,0.50920,1959796
2024-01-16T04:00:00Z,0.50920,0.51160,0.50810,0.51090,4117166
2024-01-16T05:00:00Z,0.51090,0.51310,0.50730,0.50750,3820150
2024-01-16T06:00:00Z,0.50750,0.51390,0.50600,0.51170,4726123
2024-01-16T07:00:00Z,0.51160,0.51240,0.50830,0.51090,3235130
2024-01-16T08:00:00Z,0.51090,0.51780,0.50910,0.51710,5412149
2024-01-16T09:00:00Z,0.51720,0.51900,0.51540,0.51870,3786460
2024-01-16T10:00:00Z,0.51880,0.51950,0.51180,0.51230,5616824
2024-01-16T11:00:00Z,0.51230,0.51420,0.50730,0.51050,5159330
2024-01-16T12:00:00Z,0.51040,0.51700,0.51040,0.51650,4424812
2024-01-16T13:00:00Z,0.51660,0.51710,0.50570,0.50710,7969497
2024-01-16T14:00:00Z,0.50700,0.51000,0.49580,0.50560,15542326
2024-01-16T15:00:00Z,0.50550,0.51540,0.50360,0.51380,12639547
2024-01-16T16:00:00Z,0.51390,0.51850,0.50950,0.51690,9468745
2024-01-16T17:00:00Z,0.51680,0.51740,0.51430,0.51500,2372215
2024-01-16T18:00:00Z,0.51510,0.51740,0.51130,0.51330,3728867
2024-01-16T19:00:00Z,0.51350,0.51440,0.51060,0.51390,2572321
2024-01-16T20:00:00Z,0.51390,0.52320,0.51390,0.52110,7478108
2024-01-16T21:00:00Z,0.52100,0.52330,0.51980,0.52230,3320088
2024-01-16T22:00:00Z,0.52220,0.52500,0.52100,0.52330,4165607
2024-01-16T23:00:00Z,0.52330,0.52510,0.51900,0.51990,3580341
2024-01-17T00:00:00Z,0.51980,0.52220,0.51760,0.51860,4186884
2024-01-17T01:00:00Z,0.51860,0.52330,0.51680,0.51710,3583194
2024-01-17T02:00:00Z,0.51700,0.51880,0.51440,0.51470,5389031
2024-01-17T03:00:00Z,0.51470,0.51590,0.51270,0.51320,2088190
2024-01-17T04:00:00Z,0.51320,0.51440,0.51030,0.51170,2413804
2024-01-17T05:00:00Z,0.51160,0.51420,0.50690,0.50740,3800362
2024-01-17T06:00:00Z,0.50730,0.50950,0.50570,0.50780,3130814
2024-01-17T07:00:00Z,0.50790,0.50890,0.50280,0.50390,4149935
2024-01-17T08:00:00Z,0.50380,0.50700,0.50180,0.50670,3497101
2024-01-17T09:00:00Z,0.50670,0.51070,0.50640,0.50770,4188784
2024-01-17T10:00:00Z,0.50760,0.51050,0.50670,0.51010,3296120
2024-01-17T11:00:00Z,0.51000,0.51120,0.50730,0.50840,3359208
2024-01-17T12:00:00Z,0.50830,0.51090,0.50590,0.51080,4689877
2024-01-17T13:00:00Z,0.51080,0.51090,0.50510,0.50650,2882217
2024-01-17T14:00:00Z,0.50650,0.51060,0.50270,0.50670,6373496
2024-01-17T15:00:00Z,0.50660,0.50910,0.50280,0.50380,5624447
2024-01-17T16:00:00Z,0.50390,0.50660,0.50320,0.50450,3453571
2024-01-17T17:00:00Z,0.50450,0.50690,0.49840,0.50570,5160267
2024-01-17T18:00:00Z,0.50580,0.50860,0.50240,0.50680,4143461
2024-01-17T19:00:00Z,0.50680,0.50790,0.50370,0.50630,2645909
2024-01-17T20:00:00Z,0.50620,0.50880,0.50500,0.50750,2309537
2024-01-17T21:00:00Z,0.50740,0.50880,0.50580,0.50640,1533720
2024-01-17T22:00:00Z,0.50650,0.50770,0.50040,0.50760,2710788
2024-01-17T23:00:00Z,0.50770,0.50810,0.50460,0.50750,1935607
2024-01-18T00:00:00Z,0.50750,0.50790,0.50310,0.50580,4192017
2024-01-18T01:00:00Z,0.50590,0.50670,0.49530,0.50050,5484566
2024-01-18T02:00:00Z,0.50050,0.50280,0.49930,0.50050,2312736
2024-01-18T03:00:00Z,0.50050,0.50130,0.49870,0.50020,1971753
2024-01-18T04:00:00Z,0.50020,0.50290,0.49920,0.49930,1515195
2024-01-18T05:00:00Z,0.49930,0.50220,0.49760,0.50190,3054152
2024-01-18T06:00:00Z,0.50190,0.50600,0.50180,0.50570,2076614
2024-01-18T07:00:00Z,0.50560,0.50770,0.50540,0.50680,2599794
2024-01-18T08:00:00Z,0.50680,0.50760,0.50440,0.50470,2319954
2024-01-18T09:00:00Z,0.50470,0.50610,0.50230,0.50250,2165695
2024-01-18T10:00:00Z,0.50250,0.50470,0.49710,0.49830,4225277
2024-01-18T11:00:00Z,0.49820,0.50050,0.49760,0.49960,2546248
2024-01-18T12:00:00Z,0.49950,0.49950,0.49120,0.49560,5537261
2024-01-18T13:00:00Z,0.49570,0.49780,0.49160,0.49650,5077870
2024-01-18T14:00:00Z,0.49630,0.50070,0.49540,0.50050,4199848
2024-01-18T15:00:00Z,0.50060,0.50120,0.49790,0.49910,3099324
2024-01-18T16:00:00Z,0.49910,0.49920,0.48160,0.48880,14772560
2024-01-18T17:00:00Z,0.48880,0.49000,0.48020,0.48420,11508940
2024-01-18T18:00:00Z,0.48430,0.48550,0.47740,0.48260,8116657
2024-01-18T19:00:00Z,0.48270,0.48460,0.47020,0.47390,12700731
2024-01-18T20:00:00Z,0.47400,0.48160,0.47320,0.47860,10751979
2024-01-18T21:00:00Z,0.47850,0.48130,0.47560,0.47930,4715507
2024-01-18T22:00:00Z,0.47930,0.48350,0.47820,0.48300,2394515
2024-01-18T23:00:00Z,0.48290,0.48300,0.47990,0.48080,1967271
2024-01-19T00:00:00Z,0.48080,0.48220,0.47370,0.47740,6446952
2024-01-19T01:00:00Z,0.47730,0.47760,0.46730,0.47520,9367777
2024-01-19T02:00:00Z,0.47520,0.47990,0.46990,0.47030,6022009
2024-01-19T03:00:00Z,0.47030,0.47230,0.46170,0.47210,11514744
2024-01-19T04:00:00Z,0.47220,0.47830,0.47140,0.47690,4580290
2024-01-19T05:00:00Z,0.47690,0.47950,0.47560,0.47860,2319306
2024-01-19T06:00:00Z,0.47850,0.48520,0.47740,0.48240,5978629
2024-01-19T07:00:00Z,0.48250,0.48630,0.48070,0.48090,7155620
2024-01-19T08:00:00Z,0.48090,0.48120,0.47730,0.47960,3267674
2024-01-19T09:00:00Z,0.47960,0.48310,0.47850,0.47950,3215011
2024-01-19T10:00:00Z,0.47940,0.48460,0.47910,0.48370,5701156
2024-01-19T11:00:00Z,0.48370,0.49260,0.48240,0.49150,18499458
2024-01-19T12:00:00Z,0.49140,0.49290,0.48460,0.48890,11364185
2024-01-19T13:00:00Z,0.48890,0.48910,0.48460,0.48720,5017751
2024-01-19T14:00:00Z,0.48720,0.48820,0.47660,0.47900,14573210
2024-01-19T15:00:00Z,0.47910,0.47970,0.47110,0.47300,12628837
2024-01-19T16:00:00Z,0.47300,0.47410,0.45330,0.45900,29005269
2024-01-19T17:00:00Z,0.45890,0.47270,0.45690,0.47010,17311012
2024-01-19T18:00:00Z,0.47010,0.48400,0.46780,0.48170,13286905
2024-01-19T19:00:00Z,0.48180,0.48500,0.47800,0.48350,8103225
2024-01-19T20:00:00Z,0.48350,0.48770,0.48120,0.48210,5660545
2024-01-19T21:00:00Z,0.48220,0.48540,0.48070,0.48490,4472673
2024-01-19T22:00:00Z,0.48490,0.48880,0.48350,0.48790,3964632
2024-01-19T23:00:00Z,0.48800,0.49140,0.48640,0.48870,3377328
2024-01-20T00:00:00Z,0.48880,0.48900,0.48160,0.48250,4995049
2024-01-20T01:00:00Z,0.48260,0.49060,0.48180,0.49010,4809625
2024-01-20T02:00:00Z,0.49010,0.49250,0.48840,0.48920,3202566
2024-01-20T03:00:00Z,0.48930,0.49010,0.48640,0.48830,2667389
2024-01-20T04:00:00Z,0.48840,0.49130,0.48600,0.49100,1815111
2024-01-20T05:00:00Z,0.49100,0.49160,0.48630,0.48840,2209544
2024-01-20T06:00:00Z,0.48840,0.49040,0.48660,0.48750,2183365
2024-01-20T07:00:00Z,0.48750,0.48880,0.48450,0.48520,2888299
2024-01-20T08:00:00Z,0.48530,0.48600,0.48110,0.48380,5731766
2024-01-20T09:00:00Z,0.48380,0.48500,0.47800,0.47890,5012430
2024-01-20T10:00:00Z,0.47890,0.48480,0.47860,0.48230,2821045
2024-01-20T11:00:00Z,0.48230,0.48410,0.48020,0.48360,2350790
2024-01-20T12:00:00Z,0.48360,0.48570,0.48250,0.48440,2392719
2024-01-20T13:00:00Z,0.48440,0.48890,0.48360,0.48490,3651654
2024-01-20T14:00:00Z,0.48490,0.48490,0.48060,0.48330,3358339
2024-01-20T15:00:00Z,0.48330,0.48640,0.47930,0.48350,3124449
2024-01-20T16:00:00Z,0.48350,0.48530,0.48160,0.48230,2280072
2024-01-20T17:00:00Z,0.48230,0.48530,0.48090,0.48420,2100256
2024-01-20T18:00:00Z,0.48420,0.48420,0.48100,0.48250,1807639
2024-01-20T19:00:00Z,0.48240,0.48500,0.48230,0.48440,1506928
2024-01-20T20:00:00Z,0.48440,0.48790,0.48330,0.48610,2507078
2024-01-20T21:00:00Z,0.48600,0.48900,0.48570,0.48740,2058537
2024-01-20T22:00:00Z,0.48740,0.48980,0.48740,0.48930,1841415
2024-01-20T23:00:00Z,0.48930,0.48960,0.48630,0.48770,1748870
2024-01-21T00:00:00Z,0.48770,0.48770,0.48350,0.48480,3214256
2024-01-21T01:00:00Z,0.48490,0.49060,0.48410,0.48770,2765618
2024-01-21T02:00:00Z,0.48760,0.49150,0.48750,0.49120,2081910
2024-01-21T03:00:00Z,0.49130,0.49580,0.49130,0.49390,3944615
2024-01-21T04:00:00Z,0.49380,0.49390,0.49110,0.49220,2052942
2024-01-21T05:00:00Z,0.49220,0.49290,0.49060,0.49100,1340462
2024-01-21T06:00:00Z,0.49100,0.49190,0.48830,0.48920,1649018
2024-01-21T07:00:00Z,0.48930,0.49180,0.48830,0.49090,1758414
2024-01-21T08:00:00Z,0.49100,0.49380,0.49020,0.49150,2248283
2024-01-21T09:00:00Z,0.49150,0.49420,0.49110,0.49380,1363138
2024-01-21T10:00:00Z,0.49390,0.49510,0.49240,0.49460,2445188
2024-01-21T11:00:00Z,0.49470,0.49750,0.49170,0.49330,4939249
2024-01-21T12:00:00Z,0.49330,0.49520,0.49200,0.49210,2304330
2024-01-21T13:00:00Z,0.49210,0.49470,0.49180,0.49460,2599383
2024-01-21T14:00:00Z,0.49460,0.49540,0.49260,0.49400,2443255
2024-01-21T15:00:00Z,0.49400,0.49570,0.48800,0.49080,5423800
2024-01-21T16:00:00Z,0.49070,0.49220,0.48660,0.49010,3827462
2024-01-21T17:00:00Z,0.49020,0.49300,0.49000,0.49180,1571031
2024-01-21T18:00:00Z,0.49180,0.49670,0.49040,0.49380,4190506
2024-01-21T19:00:00Z,0.49380,0.49510,0.49010,0.49280,3572445
2024-01-21T20:00:00Z,0.49290,0.49340,0.48810,0.48940,2936939
2024-01-21T21:00:00Z,0.48950,0.49150,0.48840,0.49120,2036325
2024-01-21T22:00:00Z,0.49120,0.49180,0.48550,0.48730,2671352
2024-01-21T23:00:00Z,0.48740,0.48870,0.48340,0.48590,3095529
2024-01-22T00:00:00Z,0.48600,0.48780,0.48160,0.48640,5364703
2024-01-22T01:00:00Z,0.48650,0.48770,0.47750,0.47850,7284769
2024-01-22T02:00:00Z,0.47860,0.48130,0.47370,0.47590,6966111
2024-01-22T03:00:00Z,0.47590,0.47750,0.47320,0.47550,3629988
2024-01-22T04:00:00Z,0.47550,0.47610,0.47000,0.47010,4710704
2024-01-22T05:00:00Z,0.47020,0.47740,0.46790,0.47670,6345089
2024-01-22T06:00:00Z,0.47680,0.47960,0.47500,0.47720,4110808
2024-01-22T07:00:00Z,0.47720,0.47800,0.47340,0.47500,2881269
2024-01-22T08:00:00Z,0.47490,0.47500,0.46560,0.47010,7575145
2024-01-22T09:00:00Z,0.47010,0.47310,0.46510,0.46710,5870414
2024-01-22T10:00:00Z,0.46700,0.46890,0.46020,0.46610,6470039
2024-01-22T11:00:00Z,0.46620,0.46880,0.46530,0.46680,3267716
2024-01-22T12:00:00Z,0.46670,0.46750,0.46420,0.46680,2917125
2024-01-22T13:00:00Z,0.46670,0.47270,0.46670,0.46890,4620622
2024-01-22T14:00:00Z,0.46900,0.46990,0.45780,0.46410,6548005
2024-01-22T15:00:00Z,0.46420,0.46600,0.45690,0.46470,6639394
2024-01-22T16:00:00Z,0.46480,0.46670,0.45970,0.46070,3721732
2024-01-22T17:00:00Z,0.46070,0.46560,0.45960,0.46370,4504084
2024-01-22T18:00:00Z,0.46380,0.46800,0.45940,0.46500,7323947
2024-01-22T19:00:00Z,0.46510,0.46870,0.44850,0.45780,22170382
2024-01-22T20:00:00Z,0.45780,0.47130,0.45690,0.46480,16306854
2024-01-22T21:00:00Z,0.46490,0.46620,0.46010,0.46140,5989687
2024-01-22T22:00:00Z,0.46150,0.46350,0.45410,0.45680,6770144
2024-01-22T23:00:00Z,0.45690,0.45870,0.45220,0.45420,5139842
2024-01-23T00:00:00Z,0.45430,0.45720,0.44980,0.45590,8249550
2024-01-23T01:00:00Z,0.45590,0.45830,0.45200,0.45530,3347836
2024-01-23T02:00:00Z,0.45520,0.46110,0.45480,0.46050,2889283
2024-01-23T03:00:00Z,0.46060,0.46120,0.45810,0.45860,2594964
2024-01-23T04:00:00Z,0.45870,0.46210,0.45840,0.45870,1750607
2024-01-23T05:00:00Z,0.45870,0.46010,0.45800,0.45880,1213721
2024-01-23T06:00:00Z,0.45870,0.46030,0.45510,0.45590,4732676
2024-01-23T07:00:00Z,0.45590,0.45640,0.44490,0.44720,8239973
2024-01-23T08:00:00Z,0.44710,0.44910,0.43220,0.43660,21659610
2024-01-23T09:00:00Z,0.43650,0.43830,0.41790,0.42530,31075128
2024-01-23T10:00:00Z,0.42530,0.43180,0.42490,0.42650,9071932
2024-01-23T11:00:00Z,0.42650,0.42890,0.42350,0.42670,8862850
2024-01-23T12:00:00Z,0.42670,0.42880,0.42290,0.42750,8837864
2024-01-23T13:00:00Z,0.42750,0.42780,0.42090,0.42140,8418089
2024-01-23T14:00:00Z,0.42150,0.42800,0.41610,0.42700,16468736
2024-01-23T15:00:00Z,0.42700,0.43420,0.42700,0.43070,10677097
2024-01-23T16:00:00Z,0.43070,0.43160,0.42580,0.43000,7139244
2024-01-23T17:00:00Z,0.43000,0.43470,0.42890,0.43080,6674895
2024-01-23T18:00:00Z,0.43080,0.43440,0.42680,0.42710,4411206
2024-01-23T19:00:00Z,0.42720,0.42960,0.42570,0.42640,3396126
2024-01-23T20:00:00Z,0.42640,0.43010,0.42580,0.42770,3349300
2024-01-23T21:00:00Z,0.42770,0.43000,0.42450,0.42920,3859933
2024-01-23T22:00:00Z,0.42930,0.43610,0.42860,0.43510,3999875
2024-01-23T23:00:00Z,0.43510,0.44100,0.43480,0.44080,5327739
2024-01-24T00:00:00Z,0.44090,0.44310,0.43640,0.44140,5913873
2024-01-24T01:00:00Z,0.44140,0.44150,0.43460,0.43520,4325680
2024-01-24T02:00:00Z,0.43530,0.43680,0.43310,0.43430,2751978
2024-01-24T03:00:00Z,0.43430,0.43510,0.43220,0.43370,2821688
2024-01-24T04:00:00Z,0.43380,0.43660,0.43240,0.43260,6297599
2024-01-24T05:00:00Z,0.43270,0.43740,0.43270,0.43590,2953152
2024-01-24T06:00:00Z,0.43590,0.43870,0.43360,0.43840,2422903
2024-01-24T07:00:00Z,0.43850,0.44260,0.43690,0.43960,5763799
2024-01-24T08:00:00Z,0.43990,0.44320,0.43920,0.44090,5643773
2024-01-24T09:00:00Z,0.44100,0.44390,0.44060,0.44270,4266400
2024-01-24T10:00:00Z,0.44270,0.44890,0.44210,0.44680,5743790
2024-01-24T11:00:00Z,0.44690,0.44750,0.44200,0.44390,3663960
2024-01-24T12:00:00Z,0.44390,0.44640,0.44150,0.44190,4093945
2024-01-24T13:00:00Z,0.44190,0.44290,0.43690,0.43940,5081309
2024-01-24T14:00:00Z,0.43940,0.44400,0.43750,0.44010,7123944
2024-01-24T15:00:00Z,0.44010,0.44390,0.43810,0.44260,3785731
2024-01-24T16:00:00Z,0.44260,0.44690,0.43970,0.44640,4322726
2024-01-24T17:00:00Z,0.44640,0.44680,0.44310,0.44460,3362242
2024-01-24T18:00:00Z,0.44450,0.44490,0.43680,0.44060,5101785
2024-01-24T19:00:00Z,0.44060,0.44180,0.43890,0.44120,4427493
2024-01-24T20:00:00Z,0.44120,0.44360,0.43760,0.43870,3961598
2024-01-24T21:00:00Z,0.43880,0.44220,0.43870,0.44150,2778154
2024-01-24T22:00:00Z,0.44160,0.44300,0.44070,0.44300,1550429
2024-01-24T23:00:00Z,0.44300,0.44650,0.44290,0.44560,3102789
2024-01-25T00:00:00Z,0.44560,0.44560,0.44120,0.44390,6104847
2024-01-25T01:00:00Z,0.44390,0.44420,0.43860,0.43910,2542559
2024-01-25T02:00:00Z,0.43920,0.44160,0.43690,0.43750,2767854
2024-01-25T03:00:00Z,0.43760,0.44050,0.43730,0.43840,1652830
2024-01-25T04:00:00Z,0.43850,0.44050,0.43570,0.43680,2980927
2024-01-25T05:00:00Z,0.43690,0.43710,0.43320,0.43610,3033917
2024-01-25T06:00:00Z,0.43610,0.44050,0.43510,0.43990,2988353
2024-01-25T07:00:00Z,0.43990,0.44070,0.43860,0.44030,1915332
2024-01-25T08:00:00Z,0.44040,0.44100,0.43820,0.43870,2477955
2024-01-25T09:00:00Z,0.43860,0.44040,0.43680,0.43710,1848986
2024-01-25T10:00:00Z,0.43710,0.43980,0.43400,0.43970,3874128
2024-01-25T11:00:00Z,0.43960,0.44240,0.43820,0.43940,3586074
2024-01-25T12:00:00Z,0.43950,0.44090,0.43100,0.43340,4170953
2024-01-25T13:00:00Z,0.43350,0.43560,0.43110,0.43450,5091780
2024-01-25T14:00:00Z,0.43440,0.43730,0.43330,0.43610,3620653
2024-01-25T15:00:00Z,0.43610,0.43620,0.43040,0.43260,5055017
2024-01-25T16:00:00Z,0.43270,0.43470,0.43100,0.43190,2804260
2024-01-25T17:00:00Z,0.43190,0.43500,0.42910,0.43450,3604385
2024-01-25T18:00:00Z,0.43440,0.43970,0.43440,0.43650,5262231
2024-01-25T19:00:00Z,0.43640,0.44120,0.43520,0.44010,2106429
2024-01-25T20:00:00Z,0.44010,0.44020,0.43610,0.43890,2335433
2024-01-25T21:00:00Z,0.43900,0.44110,0.43780,0.43930,2469811
2024-01-25T22:00:00Z,0.43930,0.43990,0.43770,0.43940,1431831
2024-01-25T23:00:00Z,0.43940,0.44050,0.43740,0.43840,1652940
2024-01-26T00:00:00Z,0.43840,0.43840,0.43280,0.43640,4381066
2024-01-26T01:00:00Z,0.43640,0.43840,0.43380,0.43820,1828020
2024-01-26T02:00:00Z,0.43820,0.44380,0.43730,0.44160,3845225
2024-01-26T03:00:00Z,0.44150,0.44230,0.43960,0.44010,1424376
2024-01-26T04:00:00Z,0.44020,0.44230,0.43990,0.44030,1416897
2024-01-26T05:00:00Z,0.44040,0.44100,0.43900,0.43920,1490906
2024-01-26T06:00:00Z,0.43930,0.44060,0.43690,0.43700,1991046
2024-01-26T07:00:00Z,0.43710,0.43790,0.43540,0.43590,2736941
2024-01-26T08:00:00Z,0.43590,0.43940,0.43580,0.43860,2320134
2024-01-26T09:00:00Z,0.43850,0.44300,0.43820,0.43910,3497318
2024-01-26T10:00:00Z,0.43910,0.44670,0.43900,0.44630,4827465
2024-01-26T11:00:00Z,0.44620,0.45110,0.44610,0.44970,6212008
2024-01-26T12:00:00Z,0.44960,0.45130,0.44630,0.44750,6861182
2024-01-26T13:00:00Z,0.44750,0.44940,0.44330,0.44580,4875102
2024-01-26T14:00:00Z,0.44590,0.45070,0.44550,0.45070,2762182
2024-01-26T15:00:00Z,0.45070,0.45150,0.44880,0.45080,5914598
2024-01-26T16:00:00Z,0.45090,0.45470,0.45060,0.45440,7445454
2024-01-26T17:00:00Z,0.45440,0.45510,0.45150,0.45390,3277245
2024-01-26T18:00:00Z,0.45400,0.45620,0.45330,0.45500,2939170
2024-01-26T19:00:00Z,0.45500,0.45500,0.45220,0.45390,2649011
2024-01-26T20:00:00Z,0.45390,0.45520,0.44960,0.45090,3707210
2024-01-26T21:00:00Z,0.45080,0.45260,0.44920,0.45170,2794152
2024-01-26T22:00:00Z,0.45180,0.45440,0.45000,0.45390,1854676
2024-01-26T23:00:00Z,0.45390,0.45470,0.45180,0.45320,2150706
2024-01-27T00:00:00Z,0.45320,0.45560,0.45110,0.45380,4977193
2024-01-27T01:00:00Z,0.45370,0.45520,0.45200,0.45300,2599768
2024-01-27T02:00:00Z,0.45300,0.45510,0.45270,0.45440,1471673
2024-01-27T03:00:00Z,0.45440,0.45540,0.45360,0.45440,1607641
2024-01-27T04:00:00Z,0.45450,0.45470,0.45330,0.45390,1095122
2024-01-27T05:00:00Z,0.45400,0.45420,0.44830,0.44930,3158951
2024-01-27T06:00:00Z,0.44930,0.45150,0.44840,0.44940,2309554
2024-01-27T07:00:00Z,0.44950,0.44990,0.44610,0.44860,3010834
2024-01-27T08:00:00Z,0.44870,0.44890,0.44570,0.44630,2550647
2024-01-27T09:00:00Z,0.44640,0.45090,0.44580,0.45050,2071485
2024-01-27T10:00:00Z,0.45040,0.45160,0.44900,0.45030,2270136
2024-01-27T11:00:00Z,0.45020,0.45110,0.44920,0.45050,1665306
2024-01-27T12:00:00Z,0.45060,0.45280,0.45000,0.45190,1923745
2024-01-27T13:00:00Z,0.45190,0.45270,0.45070,0.45100,1361077
2024-01-27T14:00:00Z,0.45100,0.45350,0.45060,0.45210,2179088
2024-01-27T15:00:00Z,0.45200,0.45390,0.45130,0.45300,1859918
2024-01-27T16:00:00Z,0.45290,0.45470,0.45200,0.45250,2066339
2024-01-27T17:00:00Z,0.45240,0.45390,0.45190,0.45280,1602309
2024-01-27T18:00:00Z,0.45270,0.45460,0.45210,0.45370,1631463
2024-01-27T19:00:00Z,0.45370,0.45620,0.45370,0.45570,2253864
2024-01-27T20:00:00Z,0.45570,0.45710,0.45540,0.45620,2363719
2024-01-27T21:00:00Z,0.45630,0.45700,0.45580,0.45680,2187166
2024-01-27T22:00:00Z,0.45680,0.45710,0.45530,0.45600,1825801
2024-01-27T23:00:00Z,0.45600,0.45640,0.45390,0.45500,2743825
2024-01-28T00:00:00Z,0.45490,0.46500,0.45400,0.46390,12083035
2024-01-28T01:00:00Z,0.46390,0.46970,0.46240,0.46580,8913865
2024-01-28T02:00:00Z,0.46590,0.46650,0.46110,0.46160,2878203
2024-01-28T03:00:00Z,0.46160,0.46830,0.46140,0.46810,4208093
2024-01-28T04:00:00Z,0.46810,0.46870,0.46380,0.46720,4241677
2024-01-28T05:00:00Z,0.46720,0.46770,0.46370,0.46590,3774019
2024-01-28T06:00:00Z,0.46590,0.46720,0.46240,0.46370,3550051
2024-01-28T07:00:00Z,0.46360,0.46470,0.46010,0.46100,3265039
2024-01-28T08:00:00Z,0.46100,0.46460,0.45970,0.46290,6098287
2024-01-28T09:00:00Z,0.46270,0.46360,0.46150,0.46200,2404112
2024-01-28T10:00:00Z,0.46190,0.46410,0.46130,0.46240,2627829
2024-01-28T11:00:00Z,0.46230,0.46320,0.45850,0.46050,3739481
2024-01-28T12:00:00Z,0.46040,0.46090,0.45420,0.45830,8456886
2024-01-28T13:00:00Z,0.45840,0.45960,0.45600,0.45850,3862709
2024-01-28T14:00:00Z,0.45850,0.45990,0.45460,0.45530,3521223
2024-01-28T15:00:00Z,0.45520,0.45800,0.45400,0.45650,5130895
2024-01-28T16:00:00Z,0.45640,0.45780,0.45470,0.45680,3226047
2024-01-28T17:00:00Z,0.45670,0.45700,0.45170,0.45430,4692127
2024-01-28T18:00:00Z,0.45420,0.45550,0.45030,0.45160,4884661
2024-01-28T19:00:00Z,0.45150,0.45300,0.44650,0.44950,5328506
2024-01-28T20:00:00Z,0.44950,0.45230,0.44610,0.45170,4796947
2024-01-28T21:00:00Z,0.45170,0.45420,0.45050,0.45310,1884773
2024-01-28T22:00:00Z,0.45310,0.45350,0.44690,0.44880,2974319
2024-01-28T23:00:00Z,0.44870,0.45140,0.44720,0.45030,2596919
2024-01-29T00:00:00Z,0.45030,0.45060,0.44700,0.44880,5757969
2024-01-29T01:00:00Z,0.44870,0.45430,0.44870,0.45140,4150654
2024-01-29T02:00:00Z,0.45130,0.45440,0.45100,0.45310,2547415
2024-01-29T03:00:00Z,0.45320,0.45580,0.45290,0.45420,1946423
2024-01-29T04:00:00Z,0.45410,0.45560,0.45320,0.45530,1650837
2024-01-29T05:00:00Z,0.45530,0.45630,0.45300,0.45330,2372780
2024-01-29T06:00:00Z,0.45340,0.45520,0.45320,0.45390,2096147
2024-01-29T07:00:00Z,0.45390,0.45520,0.45150,0.45190,5175792
2024-01-29T08:00:00Z,0.45190,0.45360,0.44960,0.45240,3486385
2024-01-29T09:00:00Z,0.45230,0.45500,0.44970,0.45490,3626411
2024-01-29T10:00:00Z,0.45490,0.45560,0.45330,0.45470,2153574
2024-01-29T11:00:00Z,0.45470,0.45530,0.45340,0.45440,2106065
2024-01-29T12:00:00Z,0.45440,0.45590,0.45110,0.45280,4401103
2024-01-29T13:00:00Z,0.45270,0.45320,0.44620,0.44730,6971067
2024-01-29T14:00:00Z,0.44720,0.44930,0.44320,0.44570,7200519
2024-01-29T15:00:00Z,0.44550,0.45620,0.44400,0.45590,7222544
2024-01-29T16:00:00Z,0.45580,0.46480,0.45400,0.46370,16416992
2024-01-29T17:00:00Z,0.46380,0.46570,0.46080,0.46160,6922015
2024-01-29T18:00:00Z,0.46160,0.46400,0.46060,0.46220,2824236
2024-01-29T19:00:00Z,0.46220,0.46470,0.46150,0.46180,3053415
2024-01-29T20:00:00Z,0.46180,0.46470,0.46090,0.46430,3331540
2024-01-29T21:00:00Z,0.46420,0.46530,0.46300,0.46430,2942915
2024-01-29T22:00:00Z,0.46440,0.46560,0.46330,0.46420,2160181
2024-01-29T23:00:00Z,0.46410,0.46500,0.46250,0.46390,2396626
2024-01-30T00:00:00Z,0.46390,0.46420,0.45940,0.46080,5538618
2024-01-30T01:00:00Z,0.46080,0.46790,0.46070,0.46310,5492294
2024-01-30T02:00:00Z,0.46320,0.46750,0.46320,0.46430,3102898
2024-01-30T03:00:00Z,0.46420,0.46560,0.46140,0.46250,4302183
2024-01-30T04:00:00Z,0.46240,0.46370,0.46070,0.46270,4609865
2024-01-30T05:00:00Z,0.46270,0.46360,0.46100,0.46230,2089408
2024-01-30T06:00:00Z,0.46230,0.46380,0.45980,0.46320,2454225
2024-01-30T07:00:00Z,0.46310,0.46460,0.46230,0.46240,3624211
2024-01-30T08:00:00Z,0.46230,0.46520,0.46090,0.46380,4537082
2024-01-30T09:00:00Z,0.46370,0.46560,0.46210,0.46230,2195255
2024-01-30T10:00:00Z,0.46230,0.46410,0.46200,0.46370,2013358
2024-01-30T11:00:00Z,0.46370,0.46710,0.46230,0.46680,4753865
2024-01-30T12:00:00Z,0.46680,0.46810,0.45830,0.45990,14015032
2024-01-30T13:00:00Z,0.45990,0.46150,0.45540,0.45930,9038137
2024-01-30T14:00:00Z,0.45930,0.46070,0.45660,0.46040,7105445
2024-01-30T15:00:00Z,0.46040,0.46520,0.45790,0.46410,6271949
2024-01-30T16:00:00Z,0.46410,0.46830,0.46250,0.46690,5849937
2024-01-30T17:00:00Z,0.46680,0.46790,0.46430,0.46590,4277814
2024-01-30T18:00:00Z,0.46580,0.46650,0.46320,0.46490,3214549
2024-01-30T19:00:00Z,0.46490,0.46530,0.46350,0.46520,2199319
2024-01-30T20:00:00Z,0.46510,0.46620,0.46400,0.46470,2363596
2024-01-30T21:00:00Z,0.46470,0.46510,0.46170,0.46220,3254719
2024-01-30T22:00:00Z,0.46220,0.46240,0.45800,0.45820,3249899
2024-01-30T23:00:00Z,0.45820,0.46040,0.45200,0.45430,11953950
2024-01-31T00:00:00Z,0.45420,0.45610,0.44550,0.45040,14383566
2024-01-31T01:00:00Z,0.45030,0.45210,0.44730,0.44980,6569944
2024-01-31T02:00:00Z,0.44990,0.45260,0.44740,0.45240,3702930
2024-01-31T03:00:00Z,0.45230,0.45370,0.45150,0.45210,2230899
2024-01-31T04:00:00Z,0.45220,0.45360,0.45140,0.45340,2283751
2024-01-31T05:00:00Z,0.45340,0.45380,0.45070,0.45170,2568758
2024-01-31T06:00:00Z,0.45180,0.45200,0.44880,0.44980,2329862
2024-01-31T07:00:00Z,0.44980,0.45170,0.44930,0.45050,3171945
2024-01-31T08:00:00Z,0.45040,0.45130,0.44700,0.44830,4500296
2024-01-31T09:00:00Z,0.44840,0.44850,0.44170,0.44220,8746926
2024-01-31T10:00:00Z,0.44230,0.44400,0.43750,0.43810,9173780
2024-01-31T11:00:00Z,0.43810,0.44350,0.43750,0.44260,6469590
2024-01-31T12:00:00Z,0.44260,0.44460,0.44150,0.44330,3757801
2024-01-31T13:00:00Z,0.44330,0.44480,0.44110,0.44180,5358822
2024-01-31T14:00:00Z,0.44180,0.44330,0.43740,0.44070,8395079
2024-01-31T15:00:00Z,0.44070,0.44690,0.43470,0.44590,13022542
2024-01-31T16:00:00Z,0.44580,0.44860,0.44450,0.44750,5372876
2024-01-31T17:00:00Z,0.44750,0.44950,0.44540,0.44930,3223523
2024-01-31T18:00:00Z,0.44930,0.44970,0.44690,0.44860,2953618
2024-01-31T19:00:00Z,0.44860,0.45100,0.44390,0.44850,6509030
2024-01-31T20:00:00Z,0.44850,0.44980,0.44170,0.44330,9818207
2024-01-31T21:00:00Z,0.44340,0.44710,0.43660,0.44050,12529679
2024-01-31T22:00:00Z,0.44040,0.44100,0.43580,0.43960,5260075
2024-01-31T23:00:00Z,0.43950,0.44000,0.43620,0.43660,4752049
2024-02-01T00:00:00Z,0.43650,0.44000,0.43480,0.43840,5641799
2024-02-01T01:00:00Z,0.43840,0.43840,0.42640,0.42830,13138117
2024-02-01T02:00:00Z,0.42830,0.43310,0.42780,0.43240,2774639
2024-02-01T03:00:00Z,0.43240,0.43540,0.43140,0.43290,3248589
2024-02-01T04:00:00Z,0.43280,0.43640,0.43080,0.43430,5206838
2024-02-01T05:00:00Z,0.43420,0.43510,0.43120,0.43290,2381895
2024-02-01T06:00:00Z,0.43290,0.43320,0.43030,0.43310,2591622
2024-02-01T07:00:00Z,0.43310,0.43650,0.43190,0.43470,2579265
2024-02-01T08:00:00Z,0.43460,0.43620,0.43350,0.43590,2650967
2024-02-01T09:00:00Z,0.43580,0.43670,0.43360,0.43460,3190105
2024-02-01T10:00:00Z,0.43460,0.43670,0.43350,0.43430,2149163
2024-02-01T11:00:00Z,0.43430,0.43480,0.43160,0.43220,3233639
2024-02-01T12:00:00Z,0.43220,0.43500,0.43160,0.43370,3868582
2024-02-01T13:00:00Z,0.43360,0.43520,0.43060,0.43350,3259659
2024-02-01T14:00:00Z,0.43340,0.43760,0.43250,0.43720,4951086
2024-02-01T15:00:00Z,0.43720,0.43940,0.43550,0.43560,4284134
2024-02-01T16:00:00Z,0.43570,0.43650,0.43130,0.43600,4720018
2024-02-01T17:00:00Z,0.43590,0.43960,0.43560,0.43800,3384778
2024-02-01T18:00:00Z,0.43790,0.43810,0.43440,0.43580,3045375
2024-02-01T19:00:00Z,0.43580,0.44030,0.43570,0.43900,3106665
2024-02-01T20:00:00Z,0.43900,0.43930,0.43730,0.43830,2840830
2024-02-01T21:00:00Z,0.43830,0.44090,0.43770,0.44040,2658986
2024-02-01T22:00:00Z,0.44030,0.44060,0.43740,0.43830,3256864
2024-02-01T23:00:00Z,0.43830,0.44070,0.43810,0.44030,2126484
2024-02-02T00:00:00Z,0.44020,0.44380,0.43850,0.44280,6592291
2024-02-02T01:00:00Z,0.44270,0.44420,0.44180,0.44200,2749155
2024-02-02T02:00:00Z,0.44190,0.44290,0.43990,0.44260,2440044
2024-02-02T03:00:00Z,0.44270,0.44330,0.44130,0.44130,1231118
2024-02-02T04:00:00Z,0.44120,0.44160,0.43930,0.44010,2993650
2024-02-02T05:00:00Z,0.44010,0.44160,0.43900,0.44140,2190245
2024-02-02T06:00:00Z,0.44140,0.44220,0.44070,0.44150,1387664
2024-02-02T07:00:00Z,0.44160,0.44330,0.44100,0.44290,2720544
2024-02-02T08:00:00Z,0.44290,0.44310,0.43910,0.44060,2945234
2024-02-02T09:00:00Z,0.44050,0.44160,0.43910,0.44050,1949763
2024-02-02T10:00:00Z,0.44050,0.44330,0.43900,0.44300,1863904
2024-02-02T11:00:00Z,0.44290,0.44440,0.44200,0.44350,2221452
2024-02-02T12:00:00Z,0.44350,0.44490,0.44180,0.44210,3457953
2024-02-02T13:00:00Z,0.44210,0.44280,0.43550,0.43700,10321207
2024-02-02T14:00:00Z,0.43710,0.43940,0.43610,0.43800,5287615
2024-02-02T15:00:00Z,0.43800,0.44650,0.43790,0.44620,6358481
2024-02-02T16:00:00Z,0.44620,0.44900,0.44450,0.44590,6196771
2024-02-02T17:00:00Z,0.44580,0.44640,0.44190,0.44230,2725930
2024-02-02T18:00:00Z,0.44240,0.44410,0.44080,0.44300,2536709
2024-02-02T19:00:00Z,0.44300,0.44500,0.44230,0.44340,2531103
2024-02-02T20:00:00Z,0.44330,0.44420,0.44140,0.44220,2304214
2024-02-02T21:00:00Z,0.44210,0.44390,0.44210,0.44280,1649909
2024-02-02T22:00:00Z,0.44280,0.44480,0.44240,0.44470,4049217
2024-02-02T23:00:00Z,0.44470,0.44490,0.44220,0.44320,2645457
2024-02-03T00:00:00Z,0.44310,0.44770,0.44240,0.44520,4308110
2024-02-03T01:00:00Z,0.44520,0.44770,0.44510,0.44610,2161327
2024-02-03T02:00:00Z,0.44600,0.44620,0.44250,0.44340,2456469
2024-02-03T03:00:00Z,0.44330,0.44370,0.44150,0.44210,2152503
2024-02-03T04:00:00Z,0.44210,0.44300,0.44140,0.44190,1430915
2024-02-03T05:00:00Z,0.44190,0.44280,0.44140,0.44270,1413804
2024-02-03T06:00:00Z,0.44280,0.44290,0.44100,0.44170,1738188
2024-02-03T07:00:00Z,0.44170,0.44190,0.43750,0.43880,4102471
2024-02-03T08:00:00Z,0.43890,0.44060,0.43820,0.43860,1943051
2024-02-03T09:00:00Z,0.43850,0.44180,0.43850,0.44130,1716852
2024-02-03T10:00:00Z,0.44130,0.44230,0.44070,0.44210,1146782
2024-02-03T11:00:00Z,0.44210,0.44240,0.43970,0.44080,2313820
2024-02-03T12:00:00Z,0.44080,0.44180,0.44030,0.44120,1181610
2024-02-03T13:00:00Z,0.44110,0.44140,0.43990,0.43990,1371868
2024-02-03T14:00:00Z,0.44000,0.44020,0.43780,0.43950,2107794
2024-02-03T15:00:00Z,0.43940,0.44130,0.43580,0.43990,5695017
2024-02-03T16:00:00Z,0.44000,0.44130,0.43980,0.44020,1650622
2024-02-03T17:00:00Z,0.44020,0.44350,0.44010,0.44310,2258697
2024-02-03T18:00:00Z,0.44310,0.44360,0.44020,0.44100,2855958
2024-02-03T19:00:00Z,0.44090,0.44230,0.44080,0.44230,1343135
2024-02-03T20:00:00Z,0.44230,0.44320,0.44070,0.44290,2063797
2024-02-03T21:00:00Z,0.44280,0.44310,0.44030,0.44080,1749577
2024-02-03T22:00:00Z,0.44090,0.44100,0.43940,0.43970,1494615
2024-02-03T23:00:00Z,0.43980,0.44090,0.43760,0.43860,2584227
2024-02-04T00:00:00Z,0.43850,0.43860,0.43220,0.43630,9137668
2024-02-04T01:00:00Z,0.43640,0.43770,0.43450,0.43740,3103193
2024-02-04T02:00:00Z,0.43730,0.43770,0.43590,0.43610,1028105
2024-02-04T03:00:00Z,0.43610,0.43780,0.43610,0.43740,3340970
2024-02-04T04:00:00Z,0.43740,0.43740,0.43340,0.43430,2217313
2024-02-04T05:00:00Z,0.43430,0.43550,0.43310,0.43390,1880960
2024-02-04T06:00:00Z,0.43390,0.43470,0.43120,0.43220,3314714
2024-02-04T07:00:00Z,0.43230,0.43330,0.43030,0.43180,3044759
2024-02-04T08:00:00Z,0.43190,0.43330,0.43160,0.43210,3733923
2024-02-04T09:00:00Z,0.43210,0.43480,0.43060,0.43340,3580984
2024-02-04T10:00:00Z,0.43350,0.43360,0.43180,0.43260,2340356
2024-02-04T11:00:00Z,0.43260,0.43500,0.43230,0.43420,1721238
2024-02-04T12:00:00Z,0.43420,0.43550,0.43370,0.43380,1679506
2024-02-04T13:00:00Z,0.43380,0.43430,0.43310,0.43370,1275651
2024-02-04T14:00:00Z,0.43370,0.43550,0.43320,0.43370,1824643
2024-02-04T15:00:00Z,0.43370,0.43460,0.43290,0.43430,1706615
2024-02-04T16:00:00Z,0.43430,0.43440,0.43260,0.43330,2167949
2024-02-04T17:00:00Z,0.43340,0.43420,0.43160,0.43380,2080051
2024-02-04T18:00:00Z,0.43380,0.43400,0.43090,0.43190,2164141
2024-02-04T19:00:00Z,0.43190,0.43240,0.42710,0.43050,5408783
2024-02-04T20:00:00Z,0.43050,0.43340,0.42840,0.43240,4419244
2024-02-04T21:00:00Z,0.43240,0.43350,0.43140,0.43170,1759384
2024-02-04T22:00:00Z,0.43170,0.43250,0.42510,0.42810,3954408
2024-02-04T23:00:00Z,0.42810,0.42890,0.42580,0.42690,4928782
2024-02-05T00:00:00Z,0.42690,0.42770,0.42230,0.42290,9516740
2024-02-05T01:00:00Z,0.42280,0.42330,0.41740,0.42180,10031834
2024-02-05T02:00:00Z,0.42190,0.42290,0.42050,0.42230,2644453
2024-02-05T03:00:00Z,0.42230,0.42680,0.42220,0.42630,2470976
2024-02-05T04:00:00Z,0.42640,0.42890,0.42590,0.42700,3004902
2024-02-05T05:00:00Z,0.42710,0.42780,0.42590,0.42760,1651056
2024-02-05T06:00:00Z,0.42770,0.42890,0.42690,0.42880,1532529
2024-02-05T07:00:00Z,0.42890,0.43110,0.42820,0.42990,3035590
2024-02-05T08:00:00Z,0.43000,0.43110,0.42920,0.43010,2649585
2024-02-05T09:00:00Z,0.43020,0.43060,0.42820,0.42990,2429823
2024-02-05T10:00:00Z,0.43000,0.43250,0.42980,0.43160,4281473
2024-02-05T11:00:00Z,0.43160,0.43330,0.43050,0.43330,3318153
2024-02-05T12:00:00Z,0.43330,0.43450,0.43230,0.43410,3196443
2024-02-05T13:00:00Z,0.43420,0.43760,0.43350,0.43560,4914049
2024-02-05T14:00:00Z,0.43560,0.43690,0.43380,0.43460,3578007
2024-02-05T15:00:00Z,0.43450,0.43460,0.42710,0.42830,9508676
2024-02-05T16:00:00Z,0.42830,0.43060,0.42620,0.43020,7432049
2024-02-05T17:00:00Z,0.43030,0.43150,0.42890,0.43010,2212748
2024-02-05T18:00:00Z,0.43010,0.43160,0.42890,0.43130,2050207
2024-02-05T19:00:00Z,0.43130,0.43370,0.43080,0.43210,2704492
2024-02-05T20:00:00Z,0.43210,0.43210,0.42700,0.43210,3286811
2024-02-05T21:00:00Z,0.43220,0.43220,0.42880,0.42960,3062823
2024-02-05T22:00:00Z,0.42960,0.43140,0.42640,0.42960,3128784
2024-02-05T23:00:00Z,0.42970,0.43170,0.42820,0.43090,1757589
2024-02-06T00:00:00Z,0.43080,0.43100,0.42790,0.42840,3298230
2024-02-06T01:00:00Z,0.42840,0.43100,0.42690,0.42950,2630058
2024-02-06T02:00:00Z,0.42950,0.43330,0.42900,0.43270,3584635
2024-02-06T03:00:00Z,0.43280,0.43380,0.43080,0.43190,2173226
2024-02-06T04:00:00Z,0.43200,0.43290,0.43080,0.43140,2030823
2024-02-06T05:00:00Z,0.43140,0.43170,0.42920,0.43100,2401709
2024-02-06T06:00:00Z,0.43100,0.43120,0.42920,0.43070,2115683
2024-02-06T07:00:00Z,0.43070,0.43200,0.42950,0.43150,2488998
2024-02-06T08:00:00Z,0.43160,0.43500,0.43110,0.43500,3315291
2024-02-06T09:00:00Z,0.43500,0.43540,0.43370,0.43440,3480147
2024-02-06T10:00:00Z,0.43440,0.43510,0.42830,0.43060,9903681
2024-02-06T11:00:00Z,0.43050,0.43130,0.42830,0.42960,4428020
2024-02-06T12:00:00Z,0.42960,0.43080,0.42670,0.42960,6301424
2024-02-06T13:00:00Z,0.42960,0.43230,0.42750,0.43000,4402593
2024-02-06T14:00:00Z,0.43000,0.43180,0.42880,0.42960,3072627
2024-02-06T15:00:00Z,0.42950,0.43340,0.42900,0.43280,3578141
2024-02-06T16:00:00Z,0.43280,0.43550,0.43150,0.43180,4267525
2024-02-06T17:00:00Z,0.43170,0.43340,0.43120,0.43270,4593041
2024-02-06T18:00:00Z,0.43270,0.43460,0.43080,0.43450,2383611
2024-02-06T19:00:00Z,0.43440,0.43740,0.43380,0.43710,4125326
2024-02-06T20:00:00Z,0.43710,0.43810,0.43600,0.43710,4205131
2024-02-06T21:00:00Z,0.43720,0.43820,0.43630,0.43670,2614493
2024-02-06T22:00:00Z,0.43670,0.43720,0.43510,0.43630,2888440
2024-02-06T23:00:00Z,0.43630,0.43690,0.43270,0.43330,2977682
2024-02-07T00:00:00Z,0.43330,0.43620,0.43320,0.43510,3898561
2024-02-07T01:00:00Z,0.43510,0.43790,0.43460,0.43630,2483127
2024-02-07T02:00:00Z,0.43630,0.43780,0.43600,0.43660,1924168
2024-02-07T03:00:00Z,0.43660,0.43700,0.43300,0.43330,5657697
2024-02-07T04:00:00Z,0.43340,0.43430,0.43080,0.43140,3292457
2024-02-07T05:00:00Z,0.43140,0.43340,0.42860,0.43190,4736622
2024-02-07T06:00:00Z,0.43190,0.43190,0.42920,0.43070,2450588
2024-02-07T07:00:00Z,0.43060,0.43140,0.42760,0.42910,3141649
2024-02-07T08:00:00Z,0.42910,0.43040,0.42810,0.43020,2356229
2024-02-07T09:00:00Z,0.43010,0.43190,0.42830,0.43150,3153803
2024-02-07T10:00:00Z,0.43160,0.43250,0.42900,0.42960,3869990
2024-02-07T11:00:00Z,0.42960,0.43100,0.42910,0.42980,2940671
2024-02-07T12:00:00Z,0.42990,0.43230,0.42940,0.43210,2636082
2024-02-07T13:00:00Z,0.43210,0.43270,0.43040,0.43190,2439863
2024-02-07T14:00:00Z,0.43200,0.43440,0.43030,0.43110,5777388
2024-02-07T15:00:00Z,0.43120,0.43420,0.42980,0.43320,3377929
2024-02-07T16:00:00Z,0.43330,0.43760,0.43260,0.43760,4869467
2024-02-07T17:00:00Z,0.43760,0.44160,0.43720,0.43950,9839278
2024-02-07T18:00:00Z,0.43950,0.44190,0.43950,0.44080,5662465
2024-02-07T19:00:00Z,0.44090,0.44250,0.44030,0.44110,3526155
2024-02-07T20:00:00Z,0.44120,0.44860,0.44120,0.44710,8690537
2024-02-07T21:00:00Z,0.44710,0.44850,0.44600,0.44650,4454743
2024-02-07T22:00:00Z,0.44660,0.44740,0.44510,0.44600,3195821
2024-02-07T23:00:00Z,0.44600,0.44730,0.44530,0.44570,2479386
2024-02-08T00:00:00Z,0.44580,0.44880,0.44570,0.44870,4688970
2024-02-08T01:00:00Z,0.44870,0.44890,0.44570,0.44750,3933108
2024-02-08T02:00:00Z,0.44760,0.44840,0.44650,0.44760,2452376
2024-02-08T03:00:00Z,0.44760,0.44790,0.44560,0.44620,2225418
2024-02-08T04:00:00Z,0.44620,0.44750,0.44620,0.44660,1950043
2024-02-08T05:00:00Z,0.44650,0.44700,0.44530,0.44550,2722789
2024-02-08T06:00:00Z,0.44550,0.44610,0.44400,0.44450,2867725
2024-02-08T07:00:00Z,0.44450,0.44540,0.44290,0.44460,1785525
2024-02-08T08:00:00Z,0.44460,0.44770,0.44460,0.44750,2894530
2024-02-08T09:00:00Z,0.44740,0.44790,0.44660,0.44720,1717620
2024-02-08T10:00:00Z,0.44720,0.44850,0.44570,0.44800,5497907
2024-02-08T11:00:00Z,0.44800,0.44960,0.44550,0.44710,7034364
2024-02-08T12:00:00Z,0.44720,0.45010,0.44610,0.44710,5356060
2024-02-08T13:00:00Z,0.44700,0.44840,0.44510,0.44810,4201951
2024-02-08T14:00:00Z,0.44810,0.45140,0.44740,0.44990,7751961
2024-02-08T15:00:00Z,0.45000,0.45200,0.44840,0.45180,6270915
2024-02-08T16:00:00Z,0.45180,0.45260,0.44310,0.44640,7573718
2024-02-08T17:00:00Z,0.44640,0.45080,0.44530,0.44870,6170886
2024-02-08T18:00:00Z,0.44880,0.45080,0.44790,0.45000,2739112
2024-02-08T19:00:00Z,0.45000,0.45110,0.44840,0.44850,2975630
2024-02-08T20:00:00Z,0.44860,0.45230,0.44830,0.45200,4935622
2024-02-08T21:00:00Z,0.45190,0.45290,0.45040,0.45100,3506614
2024-02-08T22:00:00Z,0.45100,0.45270,0.45090,0.45100,2592121
2024-02-08T23:00:00Z,0.45090,0.45230,0.45090,0.45160,3342274
2024-02-09T00:00:00Z,0.45150,0.45660,0.45140,0.45520,9730056
2024-02-09T01:00:00Z,0.45510,0.45780,0.45510,0.45640,4437700
2024-02-09T02:00:00Z,0.45640,0.46110,0.45550,0.46040,6892808
2024-02-09T03:00:00Z,0.46050,0.46160,0.45660,0.45720,6650590
2024-02-09T04:00:00Z,0.45720,0.46000,0.45600,0.46000,4973183
2024-02-09T05:00:00Z,0.45990,0.46290,0.45930,0.46270,6194251
2024-02-09T06:00:00Z,0.46270,0.46320,0.46100,0.46250,2921608
2024-02-09T07:00:00Z,0.46250,0.46320,0.46110,0.46320,3399556
2024-02-09T08:00:00Z,0.46320,0.46450,0.46270,0.46300,5139117
2024-02-09T09:00:00Z,0.46300,0.46330,0.45920,0.46060,6459114
2024-02-09T10:00:00Z,0.46070,0.46180,0.46000,0.46130,2728987
2024-02-09T11:00:00Z,0.46120,0.46430,0.45810,0.46420,7598751
2024-02-09T12:00:00Z,0.46420,0.46590,0.46240,0.46360,8989667
2024-02-09T13:00:00Z,0.46350,0.46490,0.46260,0.46450,4148735
2024-02-09T14:00:00Z,0.46460,0.46590,0.45590,0.46050,15436125
2024-02-09T15:00:00Z,0.46060,0.46280,0.45760,0.46130,6372618
2024-02-09T16:00:00Z,0.46120,0.46510,0.45940,0.46370,6283308
2024-02-09T17:00:00Z,0.46370,0.46660,0.46320,0.46610,4695492
2024-02-09T18:00:00Z,0.46600,0.46990,0.46590,0.46750,8076706
2024-02-09T19:00:00Z,0.46750,0.46790,0.46350,0.46620,4688892
2024-02-09T20:00:00Z,0.46620,0.46980,0.46620,0.46820,4665132
2024-02-09T21:00:00Z,0.46820,0.47190,0.46620,0.47180,6469200
2024-02-09T22:00:00Z,0.47180,0.47310,0.47040,0.47260,5228546
2024-02-09T23:00:00Z,0.47250,0.47390,0.47040,0.47140,3448570
2024-02-10T00:00:00Z,0.47140,0.47570,0.47130,0.47400,7178691
2024-02-10T01:00:00Z,0.47400,0.47460,0.47210,0.47400,4084741
2024-02-10T02:00:00Z,0.47400,0.47510,0.47140,0.47290,3525735
2024-02-10T03:00:00Z,0.47290,0.47420,0.47190,0.47310,2581635
2024-02-10T04:00:00Z,0.47310,0.47850,0.47130,0.47590,8010340
2024-02-10T05:00:00Z,0.47580,0.47590,0.47240,0.47290,2348544
2024-02-10T06:00:00Z,0.47300,0.47500,0.47030,0.47130,3384129
2024-02-10T07:00:00Z,0.47120,0.47210,0.46960,0.46990,3666109
2024-02-10T08:00:00Z,0.46980,0.47150,0.46590,0.46660,4679448
2024-02-10T09:00:00Z,0.46670,0.47420,0.46650,0.47020,7824262
2024-02-10T10:00:00Z,0.47010,0.47150,0.46260,0.46450,9432093
2024-02-10T11:00:00Z,0.46460,0.46880,0.46420,0.46770,3679112
2024-02-10T12:00:00Z,0.46760,0.46840,0.46670,0.46800,2962919
2024-02-10T13:00:00Z,0.46800,0.46930,0.46490,0.46830,4592535
2024-02-10T14:00:00Z,0.46820,0.46920,0.46700,0.46760,2249353
2024-02-10T15:00:00Z,0.46760,0.46930,0.46720,0.46910,2492200
2024-02-10T16:00:00Z,0.46910,0.47180,0.46810,0.47110,3837615
2024-02-10T17:00:00Z,0.47110,0.47240,0.47000,0.47040,2423462
2024-02-10T18:00:00Z,0.47050,0.47270,0.46960,0.47200,1975303
2024-02-10T19:00:00Z,0.47200,0.47440,0.47160,0.47250,3989146
2024-02-10T20:00:00Z,0.47240,0.47520,0.47140,0.47290,3414183
2024-02-10T21:00:00Z,0.47280,0.47670,0.47280,0.47450,3981268
2024-02-10T22:00:00Z,0.47450,0.47490,0.47140,0.47290,4538707
2024-02-10T23:00:00Z,0.47280,0.47430,0.47100,0.47180,2527626
2024-02-11T00:00:00Z,0.47170,0.47260,0.46990,0.47190,3511599
2024-02-11T01:00:00Z,0.47190,0.47380,0.47010,0.47250,3154758
2024-02-11T02:00:00Z,0.47250,0.47340,0.47070,0.47140,1799872
2024-02-11T03:00:00Z,0.47150,0.47650,0.47130,0.47600,4584816
2024-02-11T04:00:00Z,0.47610,0.47650,0.47410,0.47430,3378677
2024-02-11T05:00:00Z,0.47430,0.47480,0.47300,0.47450,1903059
2024-02-11T06:00:00Z,0.47460,0.47520,0.47320,0.47370,2725780
2024-02-11T07:00:00Z,0.47360,0.47470,0.47270,0.47380,2467385
2024-02-11T08:00:00Z,0.47380,0.47490,0.47240,0.47300,2787643
2024-02-11T09:00:00Z,0.47290,0.47400,0.47140,0.47250,2959422
2024-02-11T10:00:00Z,0.47260,0.47260,0.46840,0.47090,4628796
2024-02-11T11:00:00Z,0.47080,0.47220,0.46990,0.47160,3120564
2024-02-11T12:00:00Z,0.47160,0.47290,0.47090,0.47230,3969141
2024-02-11T13:00:00Z,0.47230,0.47340,0.46980,0.47010,4033359
2024-02-11T14:00:00Z,0.47000,0.47240,0.46540,0.47230,8274138
2024-02-11T15:00:00Z,0.47230,0.47240,0.46860,0.47000,7598144
2024-02-11T16:00:00Z,0.46980,0.47110,0.46740,0.47060,3705420
2024-02-11T17:00:00Z,0.47060,0.47370,0.47020,0.47290,3311054
2024-02-11T18:00:00Z,0.47280,0.47290,0.46750,0.47060,4267782
2024-02-11T19:00:00Z,0.47060,0.47150,0.46960,0.47020,1502868
2024-02-11T20:00:00Z,0.47020,0.47130,0.46480,0.46610,4922306
2024-02-11T21:00:00Z,0.46610,0.46930,0.46590,0.46750,4458392
2024-02-11T22:00:00Z,0.46740,0.46850,0.46640,0.46730,2375774
2024-02-11T23:00:00Z,0.46730,0.46820,0.46540,0.46750,2512856
2024-02-12T00:00:00Z,0.46750,0.47310,0.46620,0.47310,6313293
2024-02-12T01:00:00Z,0.47300,0.47940,0.47090,0.47440,8054631
2024-02-12T02:00:00Z,0.47430,0.47480,0.46520,0.46960,7232170
2024-02-12T03:00:00Z,0.46980,0.47500,0.46790,0.47220,4094702
2024-02-12T04:00:00Z,0.47220,0.47240,0.46870,0.46920,3287175
2024-02-12T05:00:00Z,0.46910,0.47070,0.46680,0.46690,2252324
2024-02-12T06:00:00Z,0.46690,0.46970,0.46260,0.46630,6669234
2024-02-12T07:00:00Z,0.46630,0.46950,0.46620,0.46770,2884022
2024-02-12T08:00:00Z,0.46760,0.46900,0.46600,0.46670,3213059
2024-02-12T09:00:00Z,0.46660,0.46720,0.46030,0.46210,4952146
2024-02-12T10:00:00Z,0.46200,0.46420,0.46070,0.46120,4291643
2024-02-12T11:00:00Z,0.46110,0.46150,0.45650,0.45960,7379180
2024-02-12T12:00:00Z,0.45950,0.46090,0.45800,0.46070,2961803
2024-02-12T13:00:00Z,0.46060,0.46070,0.45890,0.45900,1379831
2024-02-12T14:00:00Z,0.45900,0.46560,0.45860,0.46560,6074544
2024-02-12T15:00:00Z,0.46550,0.47410,0.46380,0.47320,10996421
2024-02-12T16:00:00Z,0.47320,0.47450,0.47080,0.47440,9574138
2024-02-12T17:00:00Z,0.47450,0.48450,0.47430,0.47990,11583028
2024-02-12T18:00:00Z,0.47990,0.48220,0.47830,0.47920,5365382
2024-02-12T19:00:00Z,0.47920,0.48110,0.47600,0.47680,6102038
2024-02-12T20:00:00Z,0.47690,0.48220,0.47690,0.48130,4738791
2024-02-12T21:00:00Z,0.48130,0.48250,0.47820,0.47940,3357400
2024-02-12T22:00:00Z,0.47950,0.48290,0.47910,0.48290,2960528
2024-02-12T23:00:00Z,0.48280,0.48290,0.48010,0.48170,4329842
2024-02-13T00:00:00Z,0.48170,0.48440,0.48080,0.48380,5431567
2024-02-13T01:00:00Z,0.48390,0.48580,0.48220,0.48420,4170813
2024-02-13T02:00:00Z,0.48420,0.48450,0.47900,0.47920,3802119
2024-02-13T03:00:00Z,0.47920,0.48020,0.47430,0.47590,4395357
2024-02-13T04:00:00Z,0.47590,0.47900,0.47590,0.47830,2429989
2024-02-13T05:00:00Z,0.47820,0.47960,0.47740,0.47950,2216406
2024-02-13T06:00:00Z,0.47950,0.47980,0.47800,0.47890,2144914
2024-02-13T07:00:00Z,0.47880,0.47940,0.47690,0.47870,3210753
2024-02-13T08:00:00Z,0.47880,0.48060,0.47780,0.48020,3119598
2024-02-13T09:00:00Z,0.48010,0.48180,0.47840,0.48130,2466414
2024-02-13T10:00:00Z,0.48120,0.48120,0.47500,0.47520,7093374
2024-02-13T11:00:00Z,0.47520,0.47630,0.47170,0.47530,6970786
2024-02-13T12:00:00Z,0.47540,0.47580,0.47350,0.47440,2950995
2024-02-13T13:00:00Z,0.47430,0.47540,0.45740,0.46840,21416714
2024-02-13T14:00:00Z,0.46830,0.46890,0.45310,0.46040,21910523
2024-02-13T15:00:00Z,0.46040,0.46340,0.45780,0.46190,6374549
2024-02-13T16:00:00Z,0.46200,0.46350,0.45870,0.45910,4390444
2024-02-13T17:00:00Z,0.45910,0.46360,0.45890,0.46300,3560488
2024-02-13T18:00:00Z,0.46280,0.46530,0.46230,0.46480,3947485
2024-02-13T19:00:00Z,0.46480,0.46650,0.46300,0.46370,2520739
2024-02-13T20:00:00Z,0.46370,0.46720,0.46370,0.46600,2507077
2024-02-13T21:00:00Z,0.46600,0.46840,0.46550,0.46650,3327773
2024-02-13T22:00:00Z,0.46650,0.46720,0.46360,0.46620,2602362
2024-02-13T23:00:00Z,0.46620,0.46670,0.46460,0.46580,2562361
2024-02-14T00:00:00Z,0.46570,0.46620,0.46290,0.46430,4455003
2024-02-14T01:00:00Z,0.46430,0.46540,0.46230,0.46430,2258443
2024-02-14T02:00:00Z,0.46420,0.46730,0.46320,0.46600,2656939
2024-02-14T03:00:00Z,0.46590,0.46760,0.46520,0.46530,1746238
2024-02-14T04:00:00Z,0.46520,0.46530,0.46170,0.46410,2840780
2024-02-14T05:00:00Z,0.46400,0.46700,0.46400,0.46630,1814460
2024-02-14T06:00:00Z,0.46620,0.46740,0.46590,0.46740,2195777
2024-02-14T07:00:00Z,0.46730,0.46930,0.46690,0.46870,3717839
2024-02-14T08:00:00Z,0.46860,0.47650,0.46750,0.47610,6176841
2024-02-14T09:00:00Z,0.47610,0.48230,0.47500,0.48060,16295469
2024-02-14T10:00:00Z,0.48050,0.48110,0.47680,0.48100,7446181
2024-02-14T11:00:00Z,0.48090,0.48130,0.47810,0.48010,6609775
2024-02-14T12:00:00Z,0.48020,0.48240,0.47780,0.47790,6915911
2024-02-14T13:00:00Z,0.47800,0.48320,0.47770,0.48280,5432693
2024-02-14T14:00:00Z,0.48270,0.48270,0.47870,0.47960,6314447
2024-02-14T15:00:00Z,0.47960,0.47980,0.47350,0.47770,12298733
2024-02-14T16:00:00Z,0.47770,0.47810,0.47380,0.47510,6778931
2024-02-14T17:00:00Z,0.47500,0.47640,0.47410,0.47520,3167768
2024-02-14T18:00:00Z,0.47520,0.47850,0.47340,0.47660,4472951
2024-02-14T19:00:00Z,0.47670,0.47790,0.47440,0.47780,3238000
2024-02-14T20:00:00Z,0.47770,0.47910,0.47730,0.47860,2784081
2024-02-14T21:00:00Z,0.47860,0.48040,0.47790,0.48010,2970929
2024-02-14T22:00:00Z,0.48010,0.48020,0.47710,0.47930,3082044
2024-02-14T23:00:00Z,0.47920,0.48030,0.47810,0.47980,3618372
2024-02-15T00:00:00Z,0.47980,0.48410,0.47950,0.48380,10759190
2024-02-15T01:00:00Z,0.48370,0.48450,0.47550,0.48130,8113574
2024-02-15T02:00:00Z,0.48130,0.48610,0.48070,0.48530,4577394
2024-02-15T03:00:00Z,0.48530,0.49440,0.48490,0.49290,11270772
2024-02-15T04:00:00Z,0.49290,0.49330,0.48740,0.48780,7340924
2024-02-15T05:00:00Z,0.48770,0.48780,0.47860,0.48130,7708047
2024-02-15T06:00:00Z,0.48130,0.48560,0.48030,0.48450,5314398
2024-02-15T07:00:00Z,0.48440,0.48720,0.48270,0.48470,5796564
2024-02-15T08:00:00Z,0.48470,0.48630,0.48260,0.48590,3751377
2024-02-15T09:00:00Z,0.48590,0.48800,0.48460,0.48770,3308842
2024-02-15T10:00:00Z,0.48760,0.49210,0.48700,0.48940,6644433
2024-02-15T11:00:00Z,0.48940,0.49070,0.48580,0.48920,4819861
2024-02-15T12:00:00Z,0.48910,0.49410,0.48750,0.49210,9194598
2024-02-15T13:00:00Z,0.49220,0.49480,0.48870,0.49400,5520116
2024-02-15T14:00:00Z,0.49400,0.49660,0.49180,0.49540,8537025
2024-02-15T15:00:00Z,0.49540,0.49700,0.48720,0.49130,13728792
2024-02-15T16:00:00Z,0.49140,0.49410,0.48550,0.49260,14214500
2024-02-15T17:00:00Z,0.49260,0.49480,0.48960,0.49020,4784440
2024-02-15T18:00:00Z,0.49030,0.49510,0.48900,0.49500,3498452
2024-02-15T19:00:00Z,0.49500,0.49840,0.49350,0.49760,5383304
2024-02-15T20:00:00Z,0.49740,0.49870,0.49230,0.49320,5989895
2024-02-15T21:00:00Z,0.49330,0.49570,0.48640,0.48770,6823251
2024-02-15T22:00:00Z,0.48770,0.49240,0.48760,0.48980,4316810
2024-02-15T23:00:00Z,0.48970,0.49500,0.48910,0.49370,3366199
2024-02-16T00:00:00Z,0.49370,0.49680,0.49290,0.49480,6721651
2024-02-16T01:00:00Z,0.49480,0.50360,0.49410,0.50330,9194068
2024-02-16T02:00:00Z,0.50330,0.50330,0.49810,0.50070,4517339
2024-02-16T03:00:00Z,0.50080,0.50210,0.49980,0.50030,3966890
2024-02-16T04:00:00Z,0.50030,0.50160,0.49960,0.50030,2907360
2024-02-16T05:00:00Z,0.50020,0.50270,0.49910,0.50230,3132803
2024-02-16T06:00:00Z,0.50230,0.50400,0.49760,0.49830,7016254
2024-02-16T07:00:00Z,0.49830,0.49960,0.49300,0.49400,6928443
2024-02-16T08:00:00Z,0.49410,0.49650,0.49350,0.49370,3024563
2024-02-16T09:00:00Z,0.49370,0.49490,0.48820,0.49400,6804338
2024-02-16T10:00:00Z,0.49400,0.49920,0.49330,0.49900,4244037
2024-02-16T11:00:00Z,0.49900,0.50070,0.49810,0.49830,3712945
2024-02-16T12:00:00Z,0.49830,0.50910,0.49720,0.50590,10899184
2024-02-16T13:00:00Z,0.50580,0.50950,0.50080,0.50240,8978529
2024-02-16T14:00:00Z,0.50240,0.50340,0.48840,0.49230,14991911
2024-02-16T15:00:00Z,0.49220,0.49350,0.48400,0.49330,14933470
2024-02-16T16:00:00Z,0.49340,0.49910,0.49100,0.49140,8665685
2024-02-16T17:00:00Z,0.49140,0.49190,0.48600,0.48860,8598774
2024-02-16T18:00:00Z,0.48860,0.49030,0.48620,0.48950,2960757
2024-02-16T19:00:00Z,0.48950,0.49030,0.48530,0.48660,2660722
2024-02-16T20:00:00Z,0.48660,0.48980,0.48570,0.48920,2557445
2024-02-16T21:00:00Z,0.48920,0.49190,0.48720,0.49180,2115033
2024-02-16T22:00:00Z,0.49170,0.49370,0.49140,0.49330,1840131
2024-02-16T23:00:00Z,0.49330,0.49560,0.49240,0.49500,2299041
2024-02-17T00:00:00Z,0.49500,0.52060,0.49490,0.50910,41266361
2024-02-17T01:00:00Z,0.50910,0.51690,0.49990,0.50580,22836981
2024-02-17T02:00:00Z,0.50570,0.51350,0.50460,0.51220,10566860
2024-02-17T03:00:00Z,0.51220,0.51600,0.50940,0.51400,8683491
2024-02-17T04:00:00Z,0.51410,0.51530,0.51020,0.51390,5133072
2024-02-17T05:00:00Z,0.51390,0.51410,0.50720,0.51030,6371672
2024-02-17T06:00:00Z,0.51030,0.51130,0.50830,0.50970,3805415
2024-02-17T07:00:00Z,0.50960,0.51230,0.50960,0.51040,4856113
2024-02-17T08:00:00Z,0.51040,0.51060,0.49940,0.50220,13254519
2024-02-17T09:00:00Z,0.50220,0.50440,0.49910,0.49960,5804155
2024-02-17T10:00:00Z,0.49950,0.49980,0.49380,0.49940,9844835
2024-02-17T11:00:00Z,0.49920,0.50240,0.49860,0.50100,5965989
2024-02-17T12:00:00Z,0.50100,0.50120,0.49750,0.50030,4928294
2024-02-17T13:00:00Z,0.50030,0.50080,0.48930,0.49110,15532749
2024-02-17T14:00:00Z,0.49110,0.49420,0.48360,0.48800,24642736
2024-02-17T15:00:00Z,0.48810,0.49210,0.48380,0.49210,10367361
2024-02-17T16:00:00Z,0.49210,0.49290,0.48910,0.49190,5375286
2024-02-17T17:00:00Z,0.49180,0.49460,0.49170,0.49330,3249548
2024-02-17T18:00:00Z,0.49330,0.49370,0.49110,0.49180,2946051
2024-02-17T19:00:00Z,0.49180,0.49460,0.49080,0.49260,2569880
2024-02-17T20:00:00Z,0.49270,0.49680,0.49080,0.49670,3468088
2024-02-17T21:00:00Z,0.49670,0.50430,0.49640,0.50270,7693466
2024-02-17T22:00:00Z,0.50270,0.50340,0.50040,0.50210,2797374
2024-02-17T23:00:00Z,0.50200,0.50660,0.50040,0.50650,3126776
2024-02-18T00:00:00Z,0.50650,0.50720,0.50090,0.50370,7963283
2024-02-18T01:00:00Z,0.50370,0.50490,0.49650,0.49730,5963317
2024-02-18T02:00:00Z,0.49730,0.50000,0.49370,0.49480,4493903
2024-02-18T03:00:00Z,0.49470,0.49830,0.49320,0.49690,2569146
2024-02-18T04:00:00Z,0.49690,0.50050,0.49680,0.50010,4073933
2024-02-18T05:00:00Z,0.50010,0.50330,0.49870,0.50260,3060418
2024-02-18T06:00:00Z,0.50260,0.50370,0.49770,0.50060,4412735
2024-02-18T07:00:00Z,0.50070,0.50450,0.49800,0.50390,3820972
2024-02-18T08:00:00Z,0.50390,0.50520,0.50150,0.50500,3831218
2024-02-18T09:00:00Z,0.50510,0.50800,0.50490,0.50700,3696458
2024-02-18T10:00:00Z,0.50690,0.50820,0.50420,0.50690,3375037
2024-02-18T11:00:00Z,0.50690,0.50840,0.50480,0.50760,2573570
2024-02-18T12:00:00Z,0.50770,0.51050,0.50510,0.50520,5493324
2024-02-18T13:00:00Z,0.50520,0.50660,0.50260,0.50460,5708089
2024-02-18T14:00:00Z,0.50470,0.51060,0.50470,0.50840,3189375
2024-02-18T15:00:00Z,0.50840,0.50950,0.50730,0.50930,2650043
2024-02-18T16:00:00Z,0.50930,0.50950,0.50740,0.50890,2930514
2024-02-18T17:00:00Z,0.50900,0.51370,0.50870,0.50980,4719730
2024-02-18T18:00:00Z,0.50990,0.51150,0.50790,0.51090,3463706
2024-02-18T19:00:00Z,0.51100,0.51100,0.50840,0.50910,1869990
2024-02-18T20:00:00Z,0.50910,0.51040,0.50440,0.50760,3718748
2024-02-18T21:00:00Z,0.50770,0.51060,0.50700,0.50940,3441831
2024-02-18T22:00:00Z,0.50950,0.51510,0.50900,0.51500,5270501
2024-02-18T23:00:00Z,0.51500,0.51630,0.50990,0.51090,5652975
2024-02-19T00:00:00Z,0.51100,0.51320,0.50860,0.51060,5634271
2024-02-19T01:00:00Z,0.51060,0.51130,0.50820,0.51080,2875525
2024-02-19T02:00:00Z,0.51070,0.51250,0.51070,0.51160,1927345
2024-02-19T03:00:00Z,0.51160,0.51220,0.50860,0.51070,3625902
2024-02-19T04:00:00Z,0.51070,0.51170,0.50960,0.51040,2071283
2024-02-19T05:00:00Z,0.51050,0.51060,0.50520,0.51020,3437320
2024-02-19T06:00:00Z,0.51020,0.51470,0.50970,0.51260,6837431
2024-02-19T07:00:00Z,0.51260,0.51440,0.51180,0.51420,3305843
2024-02-19T08:00:00Z,0.51420,0.51470,0.50700,0.50750,6669568
2024-02-19T09:00:00Z,0.50760,0.51310,0.50740,0.51060,4174563
2024-02-19T10:00:00Z,0.51060,0.51280,0.50610,0.51200,5898864
2024-02-19T11:00:00Z,0.51210,0.51420,0.51100,0.51350,4338916
2024-02-19T12:00:00Z,0.51360,0.51980,0.51100,0.51680,5504842
2024-02-19T13:00:00Z,0.51680,0.52290,0.51330,0.51410,8780078
2024-02-19T14:00:00Z,0.51400,0.51440,0.50920,0.51290,7644708
2024-02-19T15:00:00Z,0.51300,0.51910,0.51250,0.51880,5156333
2024-02-19T16:00:00Z,0.51880,0.52110,0.51170,0.51310,6622023
2024-02-19T17:00:00Z,0.51330,0.51860,0.51000,0.51660,6438976
2024-02-19T18:00:00Z,0.51670,0.51830,0.51450,0.51570,3220799
2024-02-19T19:00:00Z,0.51570,0.51970,0.51480,0.51840,3268539
2024-02-19T20:00:00Z,0.51840,0.52220,0.51690,0.52120,3986747
2024-02-19T21:00:00Z,0.52120,0.52590,0.52080,0.52440,5314839
2024-02-19T22:00:00Z,0.52450,0.53060,0.52360,0.52850,5463641
2024-02-19T23:00:00Z,0.52840,0.53360,0.52560,0.52910,8042646
2024-02-20T00:00:00Z,0.52920,0.53360,0.51770,0.51790,10605532
2024-02-20T01:00:00Z,0.51800,0.52210,0.51170,0.51820,9822076
2024-02-20T02:00:00Z,0.51810,0.52420,0.51790,0.52300,3845719
2024-02-20T03:00:00Z,0.52310,0.52390,0.51360,0.51390,4927677
2024-02-20T04:00:00Z,0.51390,0.52330,0.51190,0.52200,6066671
2024-02-20T05:00:00Z,0.52210,0.52680,0.52060,0.52470,5794945
2024-02-20T06:00:00Z,0.52480,0.52810,0.52400,0.52480,4244235
2024-02-20T07:00:00Z,0.52470,0.52500,0.51960,0.52010,3803812
2024-02-20T08:00:00Z,0.52010,0.52270,0.51320,0.51720,7408029
2024-02-20T09:00:00Z,0.51720,0.51890,0.50830,0.51310,9933392
2024-02-20T10:00:00Z,0.51310,0.52150,0.51290,0.52070,7764683
2024-02-20T11:00:00Z,0.52080,0.52310,0.51910,0.52220,5287258
2024-02-20T12:00:00Z,0.52220,0.52450,0.51780,0.51800,6186333
2024-02-20T13:00:00Z,0.51800,0.52750,0.51570,0.52560,14158312
2024-02-20T14:00:00Z,0.52550,0.52720,0.51050,0.51410,24282743
2024-02-20T15:00:00Z,0.51410,0.51460,0.48940,0.50350,29639312
2024-02-20T16:00:00Z,0.50360,0.50720,0.49660,0.49730,8975986
2024-02-20T17:00:00Z,0.49730,0.50120,0.49270,0.50050,8657108
2024-02-20T18:00:00Z,0.50040,0.50750,0.49990,0.50500,5220338
2024-02-20T19:00:00Z,0.50510,0.51100,0.50220,0.51090,4850587
2024-02-20T20:00:00Z,0.51080,0.51330,0.50860,0.51160,4060629
2024-02-20T21:00:00Z,0.51160,0.51380,0.50980,0.51240,2911450
2024-02-20T22:00:00Z,0.51240,0.51810,0.51230,0.51720,4051710
2024-02-20T23:00:00Z,0.51730,0.52120,0.51420,0.51530,5079329
2024-02-21T00:00:00Z,0.51540,0.51570,0.51130,0.51200,3963127
2024-02-21T01:00:00Z,0.51200,0.51220,0.50650,0.50790,3775984
2024-02-21T02:00:00Z,0.50790,0.50920,0.50500,0.50510,4344659
2024-02-21T03:00:00Z,0.50510,0.50800,0.50490,0.50740,1948499
2024-02-21T04:00:00Z,0.50740,0.50870,0.50250,0.50430,3377782
2024-02-21T05:00:00Z,0.50430,0.50640,0.50020,0.50090,3791704
2024-02-21T06:00:00Z,0.50080,0.50350,0.49610,0.49720,4539113
2024-02-21T07:00:00Z,0.49720,0.49760,0.49220,0.49500,6518551
2024-02-21T08:00:00Z,0.49490,0.49990,0.49410,0.49760,3072513
2024-02-21T09:00:00Z,0.49760,0.49780,0.48440,0.48630,9888032
2024-02-21T10:00:00Z,0.48610,0.49060,0.48110,0.48900,9502857
2024-02-21T11:00:00Z,0.48910,0.49210,0.48410,0.48600,5936393
2024-02-21T12:00:00Z,0.48590,0.49220,0.48050,0.49120,8678340
2024-02-21T13:00:00Z,0.49120,0.49280,0.48420,0.48710,5687311
2024-02-21T14:00:00Z,0.48710,0.48760,0.47720,0.48080,12349141
2024-02-21T15:00:00Z,0.48080,0.48830,0.47870,0.48620,6976810
2024-02-21T16:00:00Z,0.48620,0.48900,0.48360,0.48780,4732164
2024-02-21T17:00:00Z,0.48770,0.48830,0.47950,0.47970,4495957
2024-02-21T18:00:00Z,0.47980,0.48140,0.47430,0.48030,7274585
2024-02-21T19:00:00Z,0.48040,0.48420,0.47860,0.48350,4081936
2024-02-21T20:00:00Z,0.48340,0.48360,0.48060,0.48170,2491671
2024-02-21T21:00:00Z,0.48160,0.48940,0.48080,0.48940,4306985
2024-02-21T22:00:00Z,0.48930,0.49000,0.48560,0.49000,2966059
2024-02-21T23:00:00Z,0.48990,0.49380,0.48950,0.49230,4006441
2024-02-22T00:00:00Z,0.49230,0.49240,0.48610,0.48780,4602716
2024-02-22T01:00:00Z,0.48770,0.49100,0.47940,0.48000,5457339
2024-02-22T02:00:00Z,0.47990,0.48590,0.47990,0.48360,3491964
2024-02-22T03:00:00Z,0.48360,0.48720,0.48200,0.48620,1957321
2024-02-22T04:00:00Z,0.48630,0.48810,0.48470,0.48620,1577065
2024-02-22T05:00:00Z,0.48610,0.48940,0.48520,0.48750,1713211
2024-02-22T06:00:00Z,0.48750,0.49590,0.48740,0.49550,3530655
2024-02-22T07:00:00Z,0.49540,0.49790,0.49090,0.49680,4737159
2024-02-22T08:00:00Z,0.49680,0.49960,0.49520,0.49840,5454912
2024-02-22T09:00:00Z,0.49830,0.50130,0.49710,0.50080,5530706
2024-02-22T10:00:00Z,0.50080,0.50090,0.49420,0.49710,4616008
2024-02-22T11:00:00Z,0.49710,0.49840,0.49380,0.49630,3243642
2024-02-22T12:00:00Z,0.49630,0.49820,0.49300,0.49490,2627609
2024-02-22T13:00:00Z,0.49480,0.49550,0.48570,0.48980,12117084
2024-02-22T14:00:00Z,0.48970,0.49590,0.48910,0.49510,5692190
2024-02-22T15:00:00Z,0.49510,0.49880,0.49340,0.49720,5538248
2024-02-22T16:00:00Z,0.49710,0.49800,0.49270,0.49440,4531939
2024-02-22T17:00:00Z,0.49450,0.50170,0.49440,0.49990,5412877
2024-02-22T18:00:00Z,0.49990,0.50290,0.49740,0.50250,3472493
2024-02-22T19:00:00Z,0.50240,0.50380,0.50010,0.50210,3657121
2024-02-22T20:00:00Z,0.50210,0.51040,0.50140,0.50830,8407578
2024-02-22T21:00:00Z,0.50830,0.50840,0.50180,0.50460,4389906
2024-02-22T22:00:00Z,0.50460,0.50680,0.49830,0.50520,4289332
2024-02-22T23:00:00Z,0.50520,0.50550,0.49610,0.50060,6075326
2024-02-23T00:00:00Z,0.50050,0.50440,0.50050,0.50250,4836509
2024-02-23T01:00:00Z,0.50260,0.50440,0.49800,0.49820,3315410
2024-02-23T02:00:00Z,0.49820,0.50390,0.49600,0.49720,6015010
2024-02-23T03:00:00Z,0.49720,0.49780,0.49340,0.49660,3997198
2024-02-23T04:00:00Z,0.49660,0.49900,0.49130,0.49780,4917927
2024-02-23T05:00:00Z,0.49780,0.49920,0.49450,0.49850,3917849
2024-02-23T06:00:00Z,0.49860,0.50310,0.49830,0.50270,3063783
2024-02-23T07:00:00Z,0.50280,0.50310,0.49190,0.49340,6031542
2024-02-23T08:00:00Z,0.49340,0.49730,0.48770,0.48930,6843492
2024-02-23T09:00:00Z,0.48930,0.49320,0.48840,0.49290,4730842
2024-02-23T10:00:00Z,0.49290,0.49600,0.49110,0.49560,3215416
2024-02-23T11:00:00Z,0.49560,0.49830,0.49470,0.49800,2420630
2024-02-23T12:00:00Z,0.49810,0.49810,0.49100,0.49180,4083742
2024-02-23T13:00:00Z,0.49180,0.49680,0.49130,0.49660,2913626
2024-02-23T14:00:00Z,0.49660,0.50260,0.49290,0.50150,7820074
2024-02-23T15:00:00Z,0.50140,0.50530,0.49290,0.49860,20504673
2024-02-23T16:00:00Z,0.49860,0.50020,0.48510,0.49750,22940109
2024-02-23T17:00:00Z,0.49750,0.50930,0.49690,0.50540,17430957
2024-02-23T18:00:00Z,0.50550,0.50790,0.50120,0.50370,6306141
2024-02-23T19:00:00Z,0.50370,0.50780,0.50240,0.50690,5627361
2024-02-23T20:00:00Z,0.50680,0.50760,0.50120,0.50680,3756318
2024-02-23T21:00:00Z,0.50690,0.50760,0.50230,0.50230,3289162
2024-02-23T22:00:00Z,0.50230,0.50370,0.49520,0.49660,5412088
2024-02-23T23:00:00Z,0.49660,0.49920,0.49100,0.49700,6439488
2024-02-24T00:00:00Z,0.49700,0.50760,0.49550,0.50430,6589577
2024-02-24T01:00:00Z,0.50430,0.50520,0.49080,0.49130,8020651
2024-02-24T02:00:00Z,0.49120,0.49830,0.49020,0.49740,5421530
2024-02-24T03:00:00Z,0.49730,0.49870,0.49400,0.49780,2956054
2024-02-24T04:00:00Z,0.49770,0.50360,0.49580,0.50180,4853903
2024-02-24T05:00:00Z,0.50190,0.50290,0.49970,0.50180,2995401
2024-02-24T06:00:00Z,0.50180,0.50380,0.50000,0.50370,2950108
2024-02-24T07:00:00Z,0.50370,0.50870,0.50230,0.50720,5041509
2024-02-24T08:00:00Z,0.50720,0.50970,0.50300,0.50460,6072448
2024-02-24T09:00:00Z,0.50450,0.51200,0.50450,0.51080,5638760
2024-02-24T10:00:00Z,0.51080,0.51690,0.50940,0.51620,7376548
2024-02-24T11:00:00Z,0.51620,0.52230,0.51350,0.51880,12290853
2024-02-24T12:00:00Z,0.51880,0.52200,0.51440,0.51890,8971971
2024-02-24T13:00:00Z,0.51880,0.52370,0.51700,0.52310,6665800
2024-02-24T14:00:00Z,0.52320,0.52340,0.51360,0.51620,7498276
2024-02-24T15:00:00Z,0.51610,0.51810,0.51450,0.51500,4114730
2024-02-24T16:00:00Z,0.51510,0.51750,0.51390,0.51610,3433680
2024-02-24T17:00:00Z,0.51610,0.52250,0.51590,0.52000,5230406
2024-02-24T18:00:00Z,0.52010,0.52340,0.51880,0.52000,4081881
2024-02-24T19:00:00Z,0.52010,0.52290,0.52010,0.52240,1841008
2024-02-24T20:00:00Z,0.52240,0.52470,0.52070,0.52180,2966330
2024-02-24T21:00:00Z,0.52190,0.52380,0.51930,0.52110,3721965
2024-02-24T22:00:00Z,0.52120,0.52360,0.52050,0.52210,3396932
2024-02-24T23:00:00Z,0.52210,0.52320,0.52020,0.52230,1663147
2024-02-25T00:00:00Z,0.52240,0.52490,0.51700,0.51900,6028431
2024-02-25T01:00:00Z,0.51920,0.52250,0.51690,0.52250,3299868
2024-02-25T02:00:00Z,0.52250,0.52400,0.51630,0.51780,5248502
2024-02-25T03:00:00Z,0.51780,0.51870,0.51310,0.51800,5293939
2024-02-25T04:00:00Z,0.51790,0.51860,0.51480,0.51830,3731259
2024-02-25T05:00:00Z,0.51830,0.51880,0.51660,0.51760,2041583
2024-02-25T06:00:00Z,0.51760,0.51990,0.51610,0.51970,2625800
2024-02-25T07:00:00Z,0.51970,0.51990,0.51730,0.51790,1904810
2024-02-25T08:00:00Z,0.51800,0.51840,0.51150,0.51290,5052685
2024-02-25T09:00:00Z,0.51290,0.51610,0.51000,0.51570,4322130
2024-02-25T10:00:00Z,0.51570,0.51610,0.51180,0.51290,3253638
2024-02-25T11:00:00Z,0.51290,0.51670,0.51180,0.51470,2873098
2024-02-25T12:00:00Z,0.51480,0.51650,0.51320,0.51610,3378450
2024-02-25T13:00:00Z,0.51610,0.51710,0.51270,0.51290,2431657
2024-02-25T14:00:00Z,0.51290,0.51860,0.51240,0.51730,4144469
2024-02-25T15:00:00Z,0.51740,0.52010,0.51430,0.51590,3838721
2024-02-25T16:00:00Z,0.51590,0.51660,0.51000,0.51290,7153604
2024-02-25T17:00:00Z,0.51290,0.51670,0.51210,0.51590,2527112
2024-02-25T18:00:00Z,0.51600,0.51650,0.51390,0.51510,1992905
2024-02-25T19:00:00Z,0.51500,0.51700,0.51270,0.51600,3140380
2024-02-25T20:00:00Z,0.51610,0.51980,0.51590,0.51620,3999555
2024-02-25T21:00:00Z,0.51630,0.51820,0.51570,0.51660,2673010
2024-02-25T22:00:00Z,0.51660,0.51860,0.51460,0.51730,2891741
2024-02-25T23:00:00Z,0.51740,0.52030,0.51510,0.52000,4201839
2024-02-26T00:00:00Z,0.52010,0.52150,0.51610,0.51860,7630933
2024-02-26T01:00:00Z,0.51860,0.52410,0.51670,0.51910,6839929
2024-02-26T02:00:00Z,0.51910,0.52100,0.51720,0.51780,4465696
2024-02-26T03:00:00Z,0.51780,0.52080,0.51500,0.52080,4362146
2024-02-26T04:00:00Z,0.52080,0.53090,0.51970,0.52810,14543386
2024-02-26T05:00:00Z,0.52820,0.54060,0.52500,0.53870,26275943
2024-02-26T06:00:00Z,0.53870,0.54930,0.53550,0.54750,25168079
2024-02-26T07:00:00Z,0.54760,0.54760,0.53320,0.53470,23653662
2024-02-26T08:00:00Z,0.53460,0.54070,0.53120,0.53790,11569724
2024-02-26T09:00:00Z,0.53800,0.53950,0.51700,0.51860,29854460
2024-02-26T10:00:00Z,0.51870,0.52810,0.51830,0.52350,11024481
2024-02-26T11:00:00Z,0.52350,0.53250,0.51830,0.52960,18551736
2024-02-26T12:00:00Z,0.52970,0.53590,0.52530,0.53560,15598819
2024-02-26T13:00:00Z,0.53570,0.53660,0.52520,0.52810,12680973
2024-02-26T14:00:00Z,0.52820,0.53410,0.52770,0.53310,8837521
2024-02-26T15:00:00Z,0.53320,0.53790,0.53100,0.53550,19852452
2024-02-26T16:00:00Z,0.53550,0.53980,0.53410,0.53870,15552139
2024-02-26T17:00:00Z,0.53860,0.54290,0.53670,0.54250,8246611
2024-02-26T18:00:00Z,0.54260,0.54280,0.53490,0.53660,8318570
2024-02-26T19:00:00Z,0.53650,0.54160,0.53310,0.54090,9639497
2024-02-26T20:00:00Z,0.54090,0.54160,0.53620,0.53950,5423293
2024-02-26T21:00:00Z,0.53960,0.54360,0.53780,0.54350,4322142
2024-02-26T22:00:00Z,0.54350,0.54510,0.53940,0.54310,5726028
2024-02-26T23:00:00Z,0.54310,0.54340,0.53970,0.54150,2968840
2024-02-27T00:00:00Z,0.54140,0.54370,0.53410,0.53880,8709052
2024-02-27T01:00:00Z,0.53890,0.55210,0.53660,0.54880,15060968
2024-02-27T02:00:00Z,0.54890,0.55500,0.54080,0.54490,19188707
2024-02-27T03:00:00Z,0.54490,0.54890,0.53650,0.53860,10800633
2024-02-27T04:00:00Z,0.53850,0.54490,0.53800,0.53960,8615679
2024-02-27T05:00:00Z,0.53960,0.54250,0.53850,0.54150,3712427
2024-02-27T06:00:00Z,0.54160,0.54500,0.54100,0.54240,4232828
2024-02-27T07:00:00Z,0.54240,0.54250,0.53650,0.53780,6363300
2024-02-27T08:00:00Z,0.53780,0.54220,0.53740,0.54000,5083729
2024-02-27T09:00:00Z,0.54000,0.54540,0.53800,0.54500,6323831
2024-02-27T10:00:00Z,0.54510,0.54940,0.54200,0.54900,5840644
2024-02-27T11:00:00Z,0.54900,0.55720,0.54670,0.54920,18263671
2024-02-27T12:00:00Z,0.54910,0.54980,0.54050,0.54130,13792295
2024-02-27T13:00:00Z,0.54130,0.54580,0.53580,0.54450,12226810
2024-02-27T14:00:00Z,0.54450,0.54720,0.53870,0.54090,8372855
2024-02-27T15:00:00Z,0.54080,0.54480,0.53260,0.53620,9780005
2024-02-27T16:00:00Z,0.53620,0.54880,0.53200,0.54170,17620806
2024-02-27T17:00:00Z,0.54180,0.56480,0.54160,0.56330,36874039
2024-02-27T18:00:00Z,0.56330,0.56940,0.55820,0.55840,19609787
2024-02-27T19:00:00Z,0.55840,0.56110,0.55010,0.55700,19478988
2024-02-27T20:00:00Z,0.55690,0.56150,0.55210,0.55650,9908039
2024-02-27T21:00:00Z,0.55650,0.56050,0.55380,0.55970,5211491
2024-02-27T22:00:00Z,0.55960,0.56280,0.55900,0.56260,4207149
2024-02-27T23:00:00Z,0.56260,0.56730,0.55980,0.56280,8324943
2024-02-28T00:00:00Z,0.56280,0.57860,0.55470,0.57070,23337763
2024-02-28T01:00:00Z,0.57070,0.57070,0.56230,0.56670,11930606
2024-02-28T02:00:00Z,0.56680,0.56720,0.55900,0.56250,7823888
2024-02-28T03:00:00Z,0.56240,0.56290,0.55480,0.55560,6366414
2024-02-28T04:00:00Z,0.55550,0.56400,0.55550,0.56220,7886953
2024-02-28T05:00:00Z,0.56220,0.56500,0.55650,0.55730,7298804
2024-02-28T06:00:00Z,0.55720,0.56180,0.55470,0.55960,6303337
2024-02-28T07:00:00Z,0.55960,0.56590,0.55880,0.56450,9479714
2024-02-28T08:00:00Z,0.56440,0.57190,0.56170,0.57060,16983008
2024-02-28T09:00:00Z,0.57060,0.57060,0.55930,0.56750,15780057
2024-02-28T10:00:00Z,0.56750,0.57360,0.56340,0.57180,10861152
2024-02-28T11:00:00Z,0.57180,0.57280,0.55140,0.55940,22296170
2024-02-28T12:00:00Z,0.55940,0.56800,0.55900,0.56460,16777410
2024-02-28T13:00:00Z,0.56450,0.57220,0.56240,0.57070,14525711
2024-02-28T14:00:00Z,0.57070,0.57360,0.56050,0.56690,17555004
2024-02-28T15:00:00Z,0.56680,0.56990,0.56250,0.56490,9127996
2024-02-28T16:00:00Z,0.56490,0.58040,0.56450,0.57800,18257508
2024-02-28T17:00:00Z,0.57790,0.58600,0.47180,0.55260,93433737
2024-02-28T18:00:00Z,0.55260,0.55410,0.52180,0.53980,34107035
2024-02-28T19:00:00Z,0.53990,0.54200,0.53240,0.53500,11069515
2024-02-28T20:00:00Z,0.53500,0.54100,0.53030,0.54030,9561716
2024-02-28T21:00:00Z,0.54030,0.55570,0.53740,0.55410,11406942
2024-02-28T22:00:00Z,0.55400,0.55620,0.54970,0.55560,8623036
2024-02-28T23:00:00Z,0.55570,0.55680,0.55190,0.55610,5654512
2024-02-29T00:00:00Z,0.55610,0.55940,0.54960,0.55940,13092026
2024-02-29T01:00:00Z,0.55930,0.56430,0.55770,0.56310,9583129
2024-02-29T02:00:00Z,0.56310,0.56770,0.56080,0.56170,8196958
2024-02-29T03:00:00Z,0.56170,0.56940,0.55870,0.56930,8363751
2024-02-29T04:00:00Z,0.56930,0.57530,0.56510,0.57370,12439542
2024-02-29T05:00:00Z,0.57360,0.57960,0.57170,0.57880,9459847
2024-02-29T06:00:00Z,0.57880,0.58250,0.57470,0.57640,13164781
2024-02-29T07:00:00Z,0.57640,0.58090,0.57150,0.58010,10245451
2024-02-29T08:00:00Z,0.58010,0.59200,0.57920,0.58390,26019397
2024-02-29T09:00:00Z,0.58390,0.59350,0.58210,0.58440,15090964
2024-02-29T10:00:00Z,0.58440,0.58640,0.58060,0.58440,6919337
2024-02-29T11:00:00Z,0.58420,0.58770,0.58130,0.58170,8819324
2024-02-29T12:00:00Z,0.58160,0.58870,0.57550,0.58750,17569567
2024-02-29T13:00:00Z,0.58760,0.60830,0.58710,0.60300,25840273
2024-02-29T14:00:00Z,0.60300,0.60920,0.59440,0.60250,19130014
2024-02-29T15:00:00Z,0.60260,0.60640,0.59620,0.59790,12184632
2024-02-29T16:00:00Z,0.59800,0.59980,0.57530,0.58650,23499586
2024-02-29T17:00:00Z,0.58650,0.58830,0.57610,0.58340,17335299
2024-02-29T18:00:00Z,0.58340,0.59230,0.58160,0.58590,11694776
2024-02-29T19:00:00Z,0.58580,0.59370,0.58220,0.59200,5784370
2024-02-29T20:00:00Z,0.59210,0.60080,0.59180,0.59830,6961758
2024-02-29T21:00:00Z,0.59850,0.59850,0.57560,0.58990,16773958
2024-02-29T22:00:00Z,0.58990,0.59200,0.56140,0.57080,19035842
2024-02-29T23:00:00Z,0.57080,0.61630,0.57080,0.60890,37890264
2024-03-01T00:00:00Z,0.60900,0.61140,0.58870,0.60930,27799557
2024-03-01T01:00:00Z,0.60940,0.60980,0.59470,0.59830,15679663
2024-03-01T02:00:00Z,0.59820,0.61070,0.59650,0.61000,14085643
2024-03-01T03:00:00Z,0.61000,0.61500,0.60010,0.60700,10693554
2024-03-01T04:00:00Z,0.60680,0.61130,0.60450,0.61110,6862080
2024-03-01T05:00:00Z,0.61100,0.63080,0.60710,0.62360,23608850
2024-03-01T06:00:00Z,0.62370,0.63110,0.61820,0.62720,18679901
2024-03-01T07:00:00Z,0.62720,0.62730,0.60840,0.61120,14533668
2024-03-01T08:00:00Z,0.61130,0.61860,0.61010,0.61640,11226998
2024-03-01T09:00:00Z,0.61650,0.62020,0.61360,0.61720,7899927
2024-03-01T10:00:00Z,0.61730,0.63780,0.61620,0.62680,29396479
2024-03-01T11:00:00Z,0.62670,0.63500,0.62190,0.62830,15006385
2024-03-01T12:00:00Z,0.62830,0.63590,0.62490,0.63510,12544104
2024-03-01T13:00:00Z,0.63520,0.63910,0.63080,0.63810,12287820
2024-03-01T14:00:00Z,0.63820,0.66780,0.63400,0.66560,42000868
2024-03-01T15:00:00Z,0.66570,0.66870,0.64530,0.64630,34352525
2024-03-01T16:00:00Z,0.64630,0.65070,0.63720,0.63750,16104340
2024-03-01T17:00:00Z,0.63740,0.64960,0.63740,0.64610,12249601
2024-03-01T18:00:00Z,0.64620,0.64620,0.63750,0.64220,9311830
2024-03-01T19:00:00Z,0.64230,0.64700,0.63820,0.64580,6262785
2024-03-01T20:00:00Z,0.64570,0.65210,0.64270,0.64550,9806788
2024-03-01T21:00:00Z,0.64540,0.65810,0.64140,0.65770,10015020
2024-03-01T22:00:00Z,0.65780,0.66950,0.65470,0.66520,12638323
2024-03-01T23:00:00Z,0.66520,0.67170,0.65900,0.66470,13714567
2024-03-02T00:00:00Z,0.66470,0.69120,0.66470,0.68090,35604200
2024-03-02T01:00:00Z,0.68120,0.68490,0.66390,0.66640,20037014
2024-03-02T02:00:00Z,0.66640,0.67610,0.66380,0.67120,11285116
2024-03-02T03:00:00Z,0.67130,0.67670,0.66590,0.67310,8640964
2024-03-02T04:00:00Z,0.67300,0.67710,0.66750,0.66760,7734881
2024-03-02T05:00:00Z,0.66770,0.66860,0.65340,0.65710,19074495
2024-03-02T06:00:00Z,0.65710,0.66230,0.65490,0.65560,8213357
2024-03-02T07:00:00Z,0.65560,0.67610,0.64930,0.67430,17592943
2024-03-02T08:00:00Z,0.67440,0.67440,0.65740,0.66590,16802052
2024-03-02T09:00:00Z,0.66580,0.66920,0.65310,0.65850,10903930
2024-03-02T10:00:00Z,0.65840,0.67370,0.65780,0.67150,11632752
2024-03-02T11:00:00Z,0.67150,0.68190,0.66640,0.67780,19466211
2024-03-02T12:00:00Z,0.67780,0.69580,0.67300,0.69250,17064008
2024-03-02T13:00:00Z,0.69250,0.70910,0.68710,0.69970,32213496
2024-03-02T14:00:00Z,0.69970,0.70050,0.67710,0.68640,22205252
2024-03-02T15:00:00Z,0.68640,0.69330,0.67960,0.68950,11616634
2024-03-02T16:00:00Z,0.68970,0.69480,0.67420,0.67980,12494231
2024-03-02T17:00:00Z,0.67970,0.68370,0.67300,0.67390,7719757
2024-03-02T18:00:00Z,0.67400,0.68370,0.67350,0.68250,8051615
2024-03-02T19:00:00Z,0.68250,0.68470,0.67870,0.68440,4856528
2024-03-02T20:00:00Z,0.68440,0.68800,0.67310,0.68570,9826517
2024-03-02T21:00:00Z,0.68570,0.68940,0.68310,0.68780,5233304
2024-03-02T22:00:00Z,0.68770,0.69300,0.68540,0.68680,7549205
2024-03-02T23:00:00Z,0.68670,0.69500,0.68620,0.69200,6523641
2024-03-03T00:00:00Z,0.69190,0.69230,0.67250,0.67440,14384442
2024-03-03T01:00:00Z,0.67440,0.71460,0.67210,0.70600,25932041
2024-03-03T02:00:00Z,0.70610,0.73230,0.70240,0.71430,31634400
2024-03-03T03:00:00Z,0.71420,0.71750,0.70160,0.70800,15780621
2024-03-03T04:00:00Z,0.70800,0.71170,0.70120,0.70460,11798047
2024-03-03T05:00:00Z,0.70470,0.70500,0.68440,0.68480,15927180
2024-03-03T06:00:00Z,0.68480,0.68610,0.66990,0.67070,23738860
2024-03-03T07:00:00Z,0.67060,0.67260,0.59550,0.65150,67524530
2024-03-03T08:00:00Z,0.65160,0.65820,0.63910,0.65180,26495977
2024-03-03T09:00:00Z,0.65170,0.65840,0.64620,0.64680,13182806
2024-03-03T10:00:00Z,0.64700,0.65380,0.64140,0.64960,13171654
2024-03-03T11:00:00Z,0.64960,0.65640,0.64640,0.65610,7067403
2024-03-03T12:00:00Z,0.65610,0.66460,0.65380,0.65630,18217865
2024-03-03T13:00:00Z,0.65620,0.66650,0.65620,0.66630,11183572
2024-03-03T14:00:00Z,0.66640,0.66680,0.65520,0.65890,9709911
2024-03-03T15:00:00Z,0.65890,0.66560,0.65890,0.66490,5706698
2024-03-03T16:00:00Z,0.66490,0.67150,0.66040,0.67150,10041927
2024-03-03T17:00:00Z,0.67150,0.67330,0.66460,0.66730,6853819
2024-03-03T18:00:00Z,0.66730,0.66980,0.66080,0.66680,6895380
2024-03-03T19:00:00Z,0.66690,0.67070,0.66490,0.67070,5441418
2024-03-03T20:00:00Z,0.67060,0.67230,0.66300,0.66390,5198577
2024-03-03T21:00:00Z,0.66390,0.67210,0.66330,0.67210,4090417
2024-03-03T22:00:00Z,0.67220,0.68140,0.67000,0.67200,8763651
2024-03-03T23:00:00Z,0.67200,0.67500,0.66880,0.67460,4397820
2024-03-04T00:00:00Z,0.67470,0.68620,0.66340,0.67460,24546282
2024-03-04T01:00:00Z,0.67470,0.67960,0.66720,0.67260,12381804
2024-03-04T02:00:00Z,0.67250,0.68540,0.66600,0.68050,13930542
2024-03-04T03:00:00Z,0.68030,0.68220,0.67200,0.67330,7091037
2024-03-04T04:00:00Z,0.67340,0.68130,0.66960,0.68020,7469704
2024-03-04T05:00:00Z,0.68020,0.68240,0.67530,0.67750,5849101
2024-03-04T06:00:00Z,0.67740,0.69320,0.67500,0.69320,9241126
2024-03-04T07:00:00Z,0.69320,0.69650,0.68640,0.68920,13351610
2024-03-04T08:00:00Z,0.68940,0.69860,0.68870,0.69820,11707844
2024-03-04T09:00:00Z,0.69840,0.71570,0.69470,0.70280,23998640
2024-03-04T10:00:00Z,0.70270,0.70380,0.68000,0.68330,18000919
2024-03-04T11:00:00Z,0.68340,0.69630,0.67880,0.69410,12161477
2024-03-04T12:00:00Z,0.69410,0.70520,0.69060,0.70470,13533643
2024-03-04T13:00:00Z,0.70480,0.70870,0.68040,0.68280,15983918
2024-03-04T14:00:00Z,0.68270,0.69890,0.67590,0.68920,19643256
2024-03-04T15:00:00Z,0.68910,0.69440,0.68450,0.69150,8142042
2024-03-04T16:00:00Z,0.69160,0.69310,0.67500,0.67710,12370619
2024-03-04T17:00:00Z,0.67700,0.68380,0.65340,0.65620,30528117
2024-03-04T18:00:00Z,0.65620,0.68450,0.65500,0.68430,21543080
2024-03-04T19:00:00Z,0.68420,0.68460,0.67220,0.68170,12231479
2024-03-04T20:00:00Z,0.68170,0.68640,0.67740,0.68250,7655190
2024-03-04T21:00:00Z,0.68240,0.69130,0.67610,0.68720,8825603
2024-03-04T22:00:00Z,0.68730,0.69270,0.68230,0.69000,6387284
2024-03-04T23:00:00Z,0.69020,0.69230,0.68460,0.68960,7060451
2024-03-05T00:00:00Z,0.68960,0.69100,0.67360,0.67510,13303368
2024-03-05T01:00:00Z,0.67520,0.69690,0.67140,0.69190,15620115
2024-03-05T02:00:00Z,0.69180,0.69280,0.67700,0.68490,11381047
2024-03-05T03:00:00Z,0.68490,0.68840,0.67800,0.68310,6687855
2024-03-05T04:00:00Z,0.68300,0.70060,0.67590,0.68590,26764123
2024-03-05T05:00:00Z,0.68570,0.70210,0.65530,0.69090,38096014
2024-03-05T06:00:00Z,0.69090,0.70350,0.68490,0.70240,16140786
2024-03-05T07:00:00Z,0.70250,0.70460,0.68680,0.69030,19103244
2024-03-05T08:00:00Z,0.69030,0.70220,0.67990,0.69920,17335413
2024-03-05T09:00:00Z,0.69920,0.74240,0.69470,0.74020,32190822
2024-03-05T10:00:00Z,0.74030,0.74560,0.71490,0.72260,30727112
2024-03-05T11:00:00Z,0.72250,0.72920,0.71510,0.71630,13754819
2024-03-05T12:00:00Z,0.71630,0.72620,0.71470,0.72410,14393467
2024-03-05T13:00:00Z,0.72400,0.72470,0.70470,0.70700,18770397
2024-03-05T14:00:00Z,0.70710,0.71160,0.69610,0.70500,20634647
2024-03-05T15:00:00Z,0.70500,0.72430,0.69310,0.71260,38486201
2024-03-05T16:00:00Z,0.71270,0.72050,0.66860,0.70800,53179194
2024-03-05T17:00:00Z,0.70790,0.71040,0.67410,0.70680,33175030
2024-03-05T18:00:00Z,0.70690,0.71660,0.69350,0.69490,22090422
2024-03-05T19:00:00Z,0.69490,0.70020,0.53210,0.60160,81298594
2024-03-05T20:00:00Z,0.60170,0.62260,0.58700,0.60430,61399955
2024-03-05T21:00:00Z,0.60420,0.63000,0.60310,0.62600,28918888
2024-03-05T22:00:00Z,0.62610,0.63320,0.61220,0.63320,12930378
2024-03-05T23:00:00Z,0.63330,0.64910,0.63050,0.64450,11158646
2024-03-06T00:00:00Z,0.64460,0.64760,0.63340,0.63390,11430855
2024-03-06T01:00:00Z,0.63390,0.64110,0.62310,0.62570,12614851
2024-03-06T02:00:00Z,0.62560,0.62870,0.61210,0.61220,12149111
2024-03-06T03:00:00Z,0.61220,0.62950,0.61210,0.62780,11737601
2024-03-06T04:00:00Z,0.62790,0.64390,0.62760,0.64370,9920488
2024-03-06T05:00:00Z,0.64370,0.67020,0.63890,0.66940,20402076
2024-03-06T06:00:00Z,0.66930,0.67220,0.66260,0.66820,13114414
2024-03-06T07:00:00Z,0.66820,0.67310,0.66150,0.67260,11706549
2024-03-06T08:00:00Z,0.67260,0.68320,0.66790,0.67070,16375545
2024-03-06T09:00:00Z,0.67080,0.67220,0.65370,0.65450,15931683
2024-03-06T10:00:00Z,0.65450,0.66900,0.65430,0.66700,13505322
2024-03-06T11:00:00Z,0.66690,0.67500,0.66550,0.67450,9973031
2024-03-06T12:00:00Z,0.67460,0.67550,0.62830,0.65370,29994669
2024-03-06T13:00:00Z,0.65380,0.65780,0.64360,0.64770,19919665
2024-03-06T14:00:00Z,0.64760,0.65560,0.63850,0.64290,21473585
2024-03-06T15:00:00Z,0.64300,0.65090,0.63220,0.64720,16687963
2024-03-06T16:00:00Z,0.64730,0.65300,0.64120,0.65140,10689076
2024-03-06T17:00:00Z,0.65150,0.65980,0.64520,0.65930,11837014
2024-03-06T18:00:00Z,0.65950,0.66140,0.65330,0.65860,9682584
2024-03-06T19:00:00Z,0.65850,0.66360,0.65420,0.65700,8361083
2024-03-06T20:00:00Z,0.65700,0.66600,0.65510,0.66510,7724460
2024-03-06T21:00:00Z,0.66520,0.67330,0.66310,0.67220,8091703
2024-03-06T22:00:00Z,0.67230,0.67750,0.66660,0.67200,7087774
2024-03-06T23:00:00Z,0.67210,0.68070,0.66900,0.68020,7455364
2024-03-07T00:00:00Z,0.68010,0.69460,0.67250,0.69150,21219803
2024-03-07T01:00:00Z,0.69160,0.69160,0.67740,0.68910,11387008
2024-03-07T02:00:00Z,0.68910,0.70570,0.68510,0.69730,19757020
2024-03-07T03:00:00Z,0.69720,0.70770,0.68750,0.69040,15015664
2024-03-07T04:00:00Z,0.69030,0.70070,0.68630,0.69170,10610384
2024-03-07T05:00:00Z,0.69170,0.69570,0.67540,0.67890,17164437
2024-03-07T06:00:00Z,0.67890,0.69000,0.67590,0.68490,11503970
2024-03-07T07:00:00Z,0.68490,0.69460,0.68340,0.69200,9209300
2024-03-07T08:00:00Z,0.69210,0.69820,0.69030,0.69420,8188927
2024-03-07T09:00:00Z,0.69430,0.70470,0.69260,0.69450,12681960
2024-03-07T10:00:00Z,0.69450,0.69790,0.68800,0.69280,8031237
2024-03-07T11:00:00Z,0.69270,0.69720,0.68670,0.69340,14083168
2024-03-07T12:00:00Z,0.69340,0.69820,0.68910,0.69570,18384654
2024-03-07T13:00:00Z,0.69580,0.70150,0.68690,0.70000,12763602
2024-03-07T14:00:00Z,0.70000,0.71140,0.68970,0.69870,21273593
2024-03-07T15:00:00Z,0.69870,0.70290,0.68810,0.69450,11787377
2024-03-07T16:00:00Z,0.69460,0.69780,0.68410,0.68980,13350252
2024-03-07T17:00:00Z,0.68970,0.69450,0.68740,0.69190,5537813
2024-03-07T18:00:00Z,0.69190,0.69970,0.68890,0.69970,5060548
2024-03-07T19:00:00Z,0.69960,0.70300,0.69600,0.70140,8412261
2024-03-07T20:00:00Z,0.70140,0.70360,0.69780,0.70030,5272888
2024-03-07T21:00:00Z,0.70040,0.70710,0.69530,0.70450,9143108
2024-03-07T22:00:00Z,0.70450,0.70810,0.69870,0.70110,6290957
2024-03-07T23:00:00Z,0.70120,0.70720,0.69660,0.69720,6528486
2024-03-08T00:00:00Z,0.69730,0.70530,0.69460,0.70330,8887439
2024-03-08T01:00:00Z,0.70340,0.70980,0.69410,0.69520,10010762
2024-03-08T02:00:00Z,0.69500,0.69510,0.68510,0.68740,7515166
2024-03-08T03:00:00Z,0.68740,0.69000,0.68410,0.68950,5675228
2024-03-08T04:00:00Z,0.68940,0.69830,0.68740,0.69040,7095445
2024-03-08T05:00:00Z,0.69040,0.69100,0.68130,0.68670,4970214
2024-03-08T06:00:00Z,0.68670,0.69230,0.68460,0.69180,3355574
2024-03-08T07:00:00Z,0.69180,0.69360,0.68740,0.68820,4208167
2024-03-08T08:00:00Z,0.68810,0.69280,0.68550,0.69120,4157145
2024-03-08T09:00:00Z,0.69140,0.69330,0.68920,0.69000,3197008
2024-03-08T10:00:00Z,0.69000,0.69210,0.68790,0.68990,3300077
2024-03-08T11:00:00Z,0.68990,0.69030,0.68510,0.69020,4237016
2024-03-08T12:00:00Z,0.69020,0.69080,0.68570,0.69040,3790938
2024-03-08T13:00:00Z,0.69030,0.69190,0.68460,0.68480,5786231
2024-03-08T14:00:00Z,0.68490,0.68690,0.67890,0.68240,11997346
2024-03-08T15:00:00Z,0.68240,0.68610,0.63330,0.66520,41858616
2024-03-08T16:00:00Z,0.66530,0.67170,0.65150,0.67130,31271107
2024-03-08T17:00:00Z,0.67120,0.68150,0.67000,0.67800,12827448
2024-03-08T18:00:00Z,0.67790,0.67920,0.67190,0.67450,6385778
2024-03-08T19:00:00Z,0.67460,0.67710,0.66790,0.67330,10960750
2024-03-08T20:00:00Z,0.67340,0.67840,0.67320,0.67720,4739279
2024-03-08T21:00:00Z,0.67730,0.68160,0.67620,0.67890,6552132
2024-03-08T22:00:00Z,0.67890,0.68900,0.67700,0.68350,8183798
2024-03-08T23:00:00Z,0.68350,0.68760,0.68330,0.68670,4415473
2024-03-09T00:00:00Z,0.68680,0.69260,0.68070,0.68650,8626984
2024-03-09T01:00:00Z,0.68660,0.68710,0.68090,0.68690,4925646
2024-03-09T02:00:00Z,0.68680,0.70120,0.68510,0.70080,9569736
2024-03-09T03:00:00Z,0.70090,0.71800,0.70080,0.71270,24416192
2024-03-09T04:00:00Z,0.71280,0.71370,0.70410,0.70610,12599734
2024-03-09T05:00:00Z,0.70600,0.70610,0.69940,0.70300,8784587
2024-03-09T06:00:00Z,0.70300,0.70890,0.70110,0.70630,5725467
2024-03-09T07:00:00Z,0.70630,0.70840,0.70440,0.70500,5014685
2024-03-09T08:00:00Z,0.70520,0.70890,0.70030,0.70300,5441092
2024-03-09T09:00:00Z,0.70300,0.72750,0.70300,0.72660,18493228
2024-03-09T10:00:00Z,0.72680,0.74410,0.71440,0.73080,40206801
2024-03-09T11:00:00Z,0.73070,0.74960,0.72930,0.74830,40533880
2024-03-09T12:00:00Z,0.74820,0.76280,0.74030,0.75250,38203556
2024-03-09T13:00:00Z,0.75240,0.75410,0.73950,0.74970,22640345
2024-03-09T14:00:00Z,0.74970,0.75680,0.74090,0.74530,17109603
2024-03-09T15:00:00Z,0.74530,0.76820,0.74520,0.76550,20073627
2024-03-09T16:00:00Z,0.76550,0.77920,0.74610,0.75260,47937328
2024-03-09T17:00:00Z,0.75260,0.75500,0.74220,0.74550,14845696
2024-03-09T18:00:00Z,0.74540,0.76830,0.74130,0.76420,17569326
2024-03-09T19:00:00Z,0.76420,0.77190,0.76120,0.76640,11630344
2024-03-09T20:00:00Z,0.76640,0.77180,0.75710,0.76560,12551186
2024-03-09T21:00:00Z,0.76570,0.77390,0.76350,0.76800,9587970
2024-03-09T22:00:00Z,0.76810,0.77060,0.75720,0.75850,10250741
2024-03-09T23:00:00Z,0.75850,0.76040,0.75180,0.75500,8765021
2024-03-10T00:00:00Z,0.75510,0.80590,0.75370,0.79490,52550538
2024-03-10T01:00:00Z,0.79490,0.80100,0.75640,0.76530,30623226
2024-03-10T02:00:00Z,0.76530,0.77660,0.76120,0.76610,12753285
2024-03-10T03:00:00Z,0.76610,0.79310,0.76310,0.78720,19393017
2024-03-10T04:00:00Z,0.78710,0.79670,0.77540,0.78860,21567291
2024-03-10T05:00:00Z,0.78870,0.79590,0.77820,0.78540,17112855
2024-03-10T06:00:00Z,0.78550,0.80630,0.77960,0.79920,25049444
2024-03-10T07:00:00Z,0.79930,0.80710,0.77660,0.78330,24159276
2024-03-10T08:00:00Z,0.78320,0.82830,0.78190,0.80640,37982920
2024-03-10T09:00:00Z,0.80650,0.81590,0.78200,0.78250,37581465
2024-03-10T10:00:00Z,0.78250,0.79820,0.77740,0.79800,17566566
2024-03-10T11:00:00Z,0.79800,0.82290,0.79090,0.80350,44573112
2024-03-10T12:00:00Z,0.80360,0.81040,0.78760,0.79800,20439301
2024-03-10T13:00:00Z,0.79810,0.79950,0.77330,0.77840,21072143
2024-03-10T14:00:00Z,0.77820,0.79220,0.76810,0.78150,24420376
2024-03-10T15:00:00Z,0.78140,0.79440,0.76740,0.79360,21719543
2024-03-10T16:00:00Z,0.79360,0.81990,0.78750,0.80100,50868746
2024-03-10T17:00:00Z,0.80110,0.81000,0.78720,0.78920,13944856
2024-03-10T18:00:00Z,0.78920,0.80340,0.78800,0.79640,14616274
2024-03-10T19:00:00Z,0.79640,0.80590,0.79020,0.79400,10354795
2024-03-10T20:00:00Z,0.79370,0.79950,0.78680,0.79660,10881667
2024-03-10T21:00:00Z,0.79670,0.80540,0.78800,0.79100,10029356
2024-03-10T22:00:00Z,0.79100,0.79320,0.77570,0.78330,20216710
2024-03-10T23:00:00Z,0.78330,0.78790,0.77650,0.78270,10293789
2024-03-11T00:00:00Z,0.78280,0.78410,0.72820,0.75180,48400170
2024-03-11T01:00:00Z,0.75200,0.76270,0.74150,0.74730,27175818
2024-03-11T02:00:00Z,0.74740,0.75360,0.74380,0.74700,14073498
2024-03-11T03:00:00Z,0.74690,0.75910,0.74570,0.75830,13817801
2024-03-11T04:00:00Z,0.75830,0.76470,0.74990,0.75250,15358632
2024-03-11T05:00:00Z,0.75250,0.75890,0.75040,0.75290,10375759
2024-03-11T06:00:00Z,0.75290,0.76200,0.74770,0.76170,11128894
2024-03-11T07:00:00Z,0.76180,0.77560,0.75780,0.76780,29435082
2024-03-11T08:00:00Z,0.76790,0.78830,0.76790,0.77580,22301562
2024-03-11T09:00:00Z,0.77580,0.78480,0.77340,0.78460,12977371
2024-03-11T10:00:00Z,0.78470,0.78610,0.77910,0.78120,10153086
2024-03-11T11:00:00Z,0.78140,0.78700,0.77380,0.77670,13893412
2024-03-11T12:00:00Z,0.77660,0.78470,0.77390,0.78470,10125966
2024-03-11T13:00:00Z,0.78470,0.79470,0.76900,0.77130,22386001
2024-03-11T14:00:00Z,0.77140,0.78640,0.77130,0.78040,14717525
2024-03-11T15:00:00Z,0.78040,0.79260,0.77580,0.77630,11510332
2024-03-11T16:00:00Z,0.77630,0.78030,0.75960,0.76760,25626902
2024-03-11T17:00:00Z,0.76760,0.77870,0.76640,0.77620,10487766
2024-03-11T18:00:00Z,0.77610,0.78490,0.77380,0.77780,9596853
2024-03-11T19:00:00Z,0.77780,0.77850,0.77180,0.77250,5737415
2024-03-11T20:00:00Z,0.77260,0.77850,0.77120,0.77740,5628839
2024-03-11T21:00:00Z,0.77750,0.78490,0.77620,0.78340,5147211
2024-03-11T22:00:00Z,0.78350,0.78440,0.77890,0.78430,7894644
2024-03-11T23:00:00Z,0.78430,0.79730,0.78420,0.79300,14950174
2024-03-12T00:00:00Z,0.79310,0.81390,0.79280,0.79550,25127384
2024-03-12T01:00:00Z,0.79550,0.80200,0.78800,0.79770,12892106
2024-03-12T02:00:00Z,0.79760,0.80160,0.78810,0.79040,8325986
2024-03-12T03:00:00Z,0.79040,0.79170,0.76900,0.77130,17706497
2024-03-12T04:00:00Z,0.77140,0.77690,0.76350,0.77370,14135627
2024-03-12T05:00:00Z,0.77370,0.77580,0.77000,0.77330,5741609
2024-03-12T06:00:00Z,0.77330,0.77360,0.75220,0.76520,20202031
2024-03-12T07:00:00Z,0.76510,0.76800,0.75690,0.76160,7357505
2024-03-12T08:00:00Z,0.76150,0.76400,0.73750,0.74540,21273362
2024-03-12T09:00:00Z,0.74540,0.75810,0.74530,0.75550,9237620
2024-03-12T10:00:00Z,0.75550,0.75920,0.74880,0.75210,6315868
2024-03-12T11:00:00Z,0.75210,0.75930,0.74850,0.74980,9189439
2024-03-12T12:00:00Z,0.74990,0.75650,0.73960,0.75490,15568807
2024-03-12T13:00:00Z,0.75500,0.75980,0.74930,0.75550,10657287
2024-03-12T14:00:00Z,0.75570,0.76360,0.74440,0.74820,16572614
2024-03-12T15:00:00Z,0.74820,0.76330,0.74120,0.75980,13933065
2024-03-12T16:00:00Z,0.75990,0.76240,0.73450,0.74270,22896365
2024-03-12T17:00:00Z,0.74260,0.75080,0.70500,0.75060,39528816
2024-03-12T18:00:00Z,0.75080,0.75520,0.74490,0.75490,11378688
2024-03-12T19:00:00Z,0.75500,0.76530,0.75410,0.75940,10100410
2024-03-12T20:00:00Z,0.75930,0.75960,0.74470,0.75320,10288721
2024-03-12T21:00:00Z,0.75330,0.76010,0.74920,0.75750,5211649
2024-03-12T22:00:00Z,0.75750,0.76300,0.75510,0.76230,5274375
2024-03-12T23:00:00Z,0.76230,0.76880,0.75880,0.76640,7197266
2024-03-13T00:00:00Z,0.76650,0.76730,0.75770,0.76070,7805259
2024-03-13T01:00:00Z,0.76080,0.76780,0.75830,0.76750,6958295
2024-03-13T02:00:00Z,0.76740,0.76780,0.76360,0.76490,4538806
2024-03-13T03:00:00Z,0.76490,0.76770,0.76180,0.76480,7200004
2024-03-13T04:00:00Z,0.76470,0.76650,0.76240,0.76580,4237016
2024-03-13T05:00:00Z,0.76570,0.77260,0.76220,0.77020,6211033
2024-03-13T06:00:00Z,0.77020,0.78000,0.76790,0.77710,10226109
2024-03-13T07:00:00Z,0.77700,0.78060,0.77440,0.77620,7384356
2024-03-13T08:00:00Z,0.77620,0.77760,0.77130,0.77500,8069989
2024-03-13T09:00:00Z,0.77500,0.77710,0.77020,0.77270,5965057
2024-03-13T10:00:00Z,0.77270,0.77320,0.76440,0.77160,9059124
2024-03-13T11:00:00Z,0.77160,0.77210,0.76120,0.76320,7301479
2024-03-13T12:00:00Z,0.76310,0.76660,0.75620,0.76000,10721008
2024-03-13T13:00:00Z,0.75970,0.76270,0.73510,0.74420,23906011
2024-03-13T14:00:00Z,0.74430,0.75240,0.73680,0.74000,15397492
2024-03-13T15:00:00Z,0.74000,0.75030,0.73640,0.74580,11095080
2024-03-13T16:00:00Z,0.74590,0.75220,0.74300,0.74940,7237406
2024-03-13T17:00:00Z,0.74930,0.75360,0.74630,0.75030,5320880
2024-03-13T18:00:00Z,0.75030,0.75760,0.74930,0.75690,5701035
2024-03-13T19:00:00Z,0.75680,0.75820,0.75120,0.75460,4262346
2024-03-13T20:00:00Z,0.75460,0.75800,0.74810,0.75000,5547563
2024-03-13T21:00:00Z,0.75000,0.75620,0.74920,0.75580,3931026
2024-03-13T22:00:00Z,0.75590,0.75980,0.75360,0.75860,4251308
2024-03-13T23:00:00Z,0.75870,0.76480,0.75800,0.76100,4656306
2024-03-14T00:00:00Z,0.76100,0.76180,0.74940,0.75040,8363686
2024-03-14T01:00:00Z,0.75040,0.75420,0.74680,0.75370,7028747
2024-03-14T02:00:00Z,0.75350,0.75560,0.75020,0.75070,3720057
2024-03-14T03:00:00Z,0.75070,0.75280,0.74720,0.75160,5157018
2024-03-14T04:00:00Z,0.75160,0.75200,0.73850,0.74180,8830819
2024-03-14T05:00:00Z,0.74190,0.74890,0.74100,0.74750,4489675
2024-03-14T06:00:00Z,0.74750,0.75470,0.74580,0.75150,4117828
2024-03-14T07:00:00Z,0.75140,0.75220,0.74440,0.74990,5092274
2024-03-14T08:00:00Z,0.74990,0.75410,0.74790,0.75160,4799271
2024-03-14T09:00:00Z,0.75170,0.76500,0.75140,0.76370,10094478
2024-03-14T10:00:00Z,0.76360,0.76750,0.75760,0.76050,14302099
2024-03-14T11:00:00Z,0.76040,0.76230,0.74570,0.75400,16786195
2024-03-14T12:00:00Z,0.75390,0.75980,0.74540,0.74980,10339969
2024-03-14T13:00:00Z,0.74990,0.75220,0.71560,0.72450,29526254
2024-03-14T14:00:00Z,0.72450,0.74080,0.72400,0.73420,22909846
2024-03-14T15:00:00Z,0.73420,0.73660,0.71330,0.72120,19260780
2024-03-14T16:00:00Z,0.72140,0.73420,0.71220,0.73400,16357230
2024-03-14T17:00:00Z,0.73400,0.73510,0.72650,0.73280,9351980
2024-03-14T18:00:00Z,0.73290,0.73290,0.70820,0.71770,16105225
2024-03-14T19:00:00Z,0.71760,0.72220,0.69070,0.70820,30760830
2024-03-14T20:00:00Z,0.70820,0.72870,0.70750,0.72400,12900394
2024-03-14T21:00:00Z,0.72410,0.72950,0.71940,0.72920,5949747
2024-03-14T22:00:00Z,0.72930,0.73810,0.72920,0.73460,6044029
2024-03-14T23:00:00Z,0.73450,0.74110,0.73360,0.73730,5523620
2024-03-15T00:00:00Z,0.73730,0.74520,0.73420,0.73920,7323539
2024-03-15T01:00:00Z,0.73920,0.73990,0.73190,0.73340,6154504
2024-03-15T02:00:00Z,0.73330,0.73520,0.68680,0.70030,27092660
2024-03-15T03:00:00Z,0.70030,0.70590,0.65620,0.68830,42938700
2024-03-15T04:00:00Z,0.68840,0.69100,0.67080,0.67380,18633408
2024-03-15T05:00:00Z,0.67390,0.68780,0.67050,0.67600,15526250
2024-03-15T06:00:00Z,0.67610,0.69600,0.67580,0.69290,16431633
2024-03-15T07:00:00Z,0.69290,0.69430,0.68460,0.68850,9415229
2024-03-15T08:00:00Z,0.68860,0.68960,0.65510,0.65610,22038472
2024-03-15T09:00:00Z,0.65630,0.67140,0.63010,0.66960,41166768
2024-03-15T10:00:00Z,0.66950,0.67210,0.66000,0.66220,12404717
2024-03-15T11:00:00Z,0.66220,0.66660,0.64560,0.66370,17014461
2024-03-15T12:00:00Z,0.66380,0.67020,0.66100,0.66510,9794278
2024-03-15T13:00:00Z,0.66510,0.68160,0.65880,0.67600,14961619
2024-03-15T14:00:00Z,0.67590,0.67810,0.66450,0.67340,12012704
2024-03-15T15:00:00Z,0.67330,0.67690,0.66720,0.66990,9342428
2024-03-15T16:00:00Z,0.66980,0.67830,0.66110,0.66820,11444591
2024-03-15T17:00:00Z,0.66820,0.67750,0.66370,0.67610,7632171
2024-03-15T18:00:00Z,0.67600,0.69710,0.67580,0.69380,15690916
2024-03-15T19:00:00Z,0.69380,0.69620,0.67250,0.67610,13512031
2024-03-15T20:00:00Z,0.67600,0.67680,0.65810,0.66220,14773272
2024-03-15T21:00:00Z,0.66220,0.67260,0.66110,0.67230,4801467
2024-03-15T22:00:00Z,0.67230,0.68170,0.67060,0.68140,5529011
2024-03-15T23:00:00Z,0.68130,0.68750,0.67810,0.68420,6425848
2024-03-16T00:00:00Z,0.68430,0.68940,0.67690,0.67840,9174559
2024-03-16T01:00:00Z,0.67830,0.68370,0.67660,0.67880,8605546
2024-03-16T02:00:00Z,0.67880,0.68400,0.67670,0.68190,4914191
2024-03-16T03:00:00Z,0.68190,0.68930,0.67750,0.68920,7508906
2024-03-16T04:00:00Z,0.68920,0.69110,0.68200,0.68580,8545066
2024-03-16T05:00:00Z,0.68580,0.68640,0.67250,0.67950,11437787
2024-03-16T06:00:00Z,0.67940,0.68920,0.67940,0.68690,7452449
2024-03-16T07:00:00Z,0.68680,0.70550,0.68380,0.70450,18449823
2024-03-16T08:00:00Z,0.70450,0.70950,0.69510,0.69700,20679558
2024-03-16T09:00:00Z,0.69710,0.70070,0.68920,0.69180,10782261
2024-03-16T10:00:00Z,0.69180,0.69530,0.68720,0.68940,12952448
2024-03-16T11:00:00Z,0.68930,0.69190,0.67540,0.68250,13867188
2024-03-16T12:00:00Z,0.68240,0.68370,0.66750,0.66820,12107714
2024-03-16T13:00:00Z,0.66830,0.67390,0.65300,0.65420,15831422
2024-03-16T14:00:00Z,0.65430,0.66330,0.65110,0.66150,12464563
2024-03-16T15:00:00Z,0.66150,0.66810,0.65210,0.66660,10703178
2024-03-16T16:00:00Z,0.66650,0.66660,0.65400,0.65680,7427430
2024-03-16T17:00:00Z,0.65670,0.65990,0.63930,0.64100,17957046
2024-03-16T18:00:00Z,0.64110,0.64410,0.61510,0.62410,31720272
2024-03-16T19:00:00Z,0.62410,0.64020,0.62370,0.62540,14801437
2024-03-16T20:00:00Z,0.62540,0.63850,0.61870,0.63260,12805697
2024-03-16T21:00:00Z,0.63260,0.63640,0.61900,0.62730,9931803
2024-03-16T22:00:00Z,0.62720,0.63360,0.62050,0.62710,10922915
2024-03-16T23:00:00Z,0.62700,0.63020,0.61110,0.62810,19862261
2024-03-17T00:00:00Z,0.62820,0.63940,0.61450,0.61470,15545968
2024-03-17T01:00:00Z,0.61470,0.63150,0.61460,0.63090,9836759
2024-03-17T02:00:00Z,0.63090,0.64130,0.62700,0.63800,6176125
2024-03-17T03:00:00Z,0.63790,0.64030,0.63320,0.63980,5046344
2024-03-17T04:00:00Z,0.63980,0.64020,0.63250,0.63470,4506456
2024-03-17T05:00:00Z,0.63460,0.63760,0.62620,0.62980,4498865
2024-03-17T06:00:00Z,0.62970,0.63100,0.60890,0.60900,10605817
2024-03-17T07:00:00Z,0.60910,0.61560,0.59320,0.61390,27932739
2024-03-17T08:00:00Z,0.61390,0.63180,0.61050,0.62930,15195742
2024-03-17T09:00:00Z,0.62930,0.63440,0.62620,0.62990,7426842
2024-03-17T10:00:00Z,0.62990,0.64080,0.62970,0.63700,8514867
2024-03-17T11:00:00Z,0.63700,0.64070,0.63200,0.63330,6830156
2024-03-17T12:00:00Z,0.63320,0.63900,0.62220,0.62490,8785867
2024-03-17T13:00:00Z,0.62500,0.63710,0.62500,0.63530,9532713
2024-03-17T14:00:00Z,0.63520,0.64190,0.63060,0.64110,8876855
2024-03-17T15:00:00Z,0.64100,0.64740,0.63640,0.64440,9779141
2024-03-17T16:00:00Z,0.64430,0.64790,0.63970,0.64290,9965007
2024-03-17T17:00:00Z,0.64290,0.65070,0.64110,0.65000,6096606
2024-03-17T18:00:00Z,0.65010,0.65010,0.64430,0.64590,6148450
2024-03-17T19:00:00Z,0.64590,0.65040,0.64430,0.65020,3962291
2024-03-17T20:00:00Z,0.65020,0.65080,0.64530,0.64610,3664191
2024-03-17T21:00:00Z,0.64610,0.64920,0.64500,0.64920,2790212
2024-03-17T22:00:00Z,0.64920,0.65810,0.64890,0.65060,6833044
2024-03-17T23:00:00Z,0.65070,0.65280,0.64640,0.64980,5093045
2024-03-18T00:00:00Z,0.64980,0.64990,0.62900,0.62910,13597931
2024-03-18T01:00:00Z,0.62900,0.64330,0.62280,0.64100,8845485
2024-03-18T02:00:00Z,0.64090,0.64710,0.63690,0.64230,5747876
2024-03-18T03:00:00Z,0.64230,0.64490,0.63910,0.63990,4607665
2024-03-18T04:00:00Z,0.63990,0.64770,0.63350,0.64700,6487171
2024-03-18T05:00:00Z,0.64710,0.65380,0.64290,0.65200,5751367
2024-03-18T06:00:00Z,0.65200,0.65270,0.64640,0.64770,5043690
2024-03-18T07:00:00Z,0.64770,0.64770,0.64060,0.64390,5463724
2024-03-18T08:00:00Z,0.64400,0.64420,0.62760,0.63750,10303143
2024-03-18T09:00:00Z,0.63740,0.63800,0.62770,0.63020,9089400
2024-03-18T10:00:00Z,0.63010,0.63880,0.62700,0.63800,7449837
2024-03-18T11:00:00Z,0.63800,0.64630,0.63610,0.63970,6631981
2024-03-18T12:00:00Z,0.63960,0.64270,0.63340,0.63910,7706576
2024-03-18T13:00:00Z,0.63900,0.64080,0.61830,0.62260,17899826
2024-03-18T14:00:00Z,0.62270,0.62640,0.60630,0.61130,22761055
2024-03-18T15:00:00Z,0.61120,0.61890,0.60580,0.61760,9200728
2024-03-18T16:00:00Z,0.61760,0.62410,0.60690,0.60980,10235525
2024-03-18T17:00:00Z,0.60980,0.61210,0.59970,0.60960,19132317
2024-03-18T18:00:00Z,0.60970,0.61420,0.60240,0.60320,8514646
2024-03-18T19:00:00Z,0.60330,0.61310,0.60040,0.60450,10448771
2024-03-18T20:00:00Z,0.60460,0.61380,0.60460,0.61130,5695164
2024-03-18T21:00:00Z,0.61130,0.62070,0.61070,0.61520,4307443
2024-03-18T22:00:00Z,0.61520,0.61730,0.60950,0.61410,5528436
2024-03-18T23:00:00Z,0.61410,0.62350,0.61210,0.61570,6886944
2024-03-19T00:00:00Z,0.61570,0.62200,0.60060,0.60320,12363680
2024-03-19T01:00:00Z,0.60320,0.60380,0.57880,0.58910,30783523
2024-03-19T02:00:00Z,0.58900,0.60220,0.58870,0.59230,11117264
2024-03-19T03:00:00Z,0.59230,0.59510,0.57640,0.59290,14711229
2024-03-19T04:00:00Z,0.59290,0.59640,0.58140,0.58280,12050114
2024-03-19T05:00:00Z,0.58270,0.58860,0.57240,0.58160,11681982
2024-03-19T06:00:00Z,0.58160,0.58510,0.56630,0.57440,15812305
2024-03-19T07:00:00Z,0.57460,0.58060,0.55030,0.58040,29896977
2024-03-19T08:00:00Z,0.58050,0.58060,0.55330,0.55660,23949951
2024-03-19T09:00:00Z,0.55650,0.57260,0.54640,0.57160,26459336
2024-03-19T10:00:00Z,0.57170,0.57180,0.55560,0.56380,13732233
2024-03-19T11:00:00Z,0.56380,0.57680,0.55350,0.57620,14557526
2024-03-19T12:00:00Z,0.57620,0.58590,0.57310,0.58170,16513021
2024-03-19T13:00:00Z,0.58170,0.58600,0.57320,0.58020,15855772
2024-03-19T14:00:00Z,0.58010,0.58630,0.56890,0.58410,14526378
2024-03-19T15:00:00Z,0.58410,0.59870,0.57830,0.59750,17140799
2024-03-19T16:00:00Z,0.59750,0.60320,0.59380,0.59770,13429197
2024-03-19T17:00:00Z,0.59770,0.60420,0.59530,0.59940,8541339
2024-03-19T18:00:00Z,0.59930,0.60280,0.59230,0.59880,6401853
2024-03-19T19:00:00Z,0.59880,0.60590,0.59670,0.59970,4865754
2024-03-19T20:00:00Z,0.59970,0.60070,0.58640,0.58810,10459401
2024-03-19T21:00:00Z,0.58820,0.59130,0.57950,0.58760,8993472
2024-03-19T22:00:00Z,0.58750,0.58910,0.56540,0.56990,13201749
2024-03-19T23:00:00Z,0.57000,0.57290,0.55620,0.56920,15297888
2024-03-20T00:00:00Z,0.56930,0.58060,0.56450,0.58020,14629153
2024-03-20T01:00:00Z,0.58020,0.58040,0.56230,0.56670,12789832
2024-03-20T02:00:00Z,0.56680,0.58090,0.56360,0.57970,9434548
2024-03-20T03:00:00Z,0.57970,0.58700,0.56620,0.56800,11611593
2024-03-20T04:00:00Z,0.56800,0.57250,0.55420,0.55910,16553068
2024-03-20T05:00:00Z,0.55890,0.56200,0.54470,0.55720,20037149
2024-03-20T06:00:00Z,0.55710,0.57650,0.55660,0.57460,12986202
2024-03-20T07:00:00Z,0.57460,0.59240,0.57310,0.58950,16513725
2024-03-20T08:00:00Z,0.58960,0.59320,0.58240,0.58240,15708177
2024-03-20T09:00:00Z,0.58230,0.59320,0.58180,0.59140,10518484
2024-03-20T10:00:00Z,0.59150,0.59470,0.58680,0.59240,6173968
2024-03-20T11:00:00Z,0.59240,0.60150,0.59110,0.60130,12001068
2024-03-20T12:00:00Z,0.60120,0.60870,0.59750,0.60460,13929698
2024-03-20T13:00:00Z,0.60460,0.60460,0.59730,0.59870,9572615
2024-03-20T14:00:00Z,0.59860,0.60850,0.59580,0.60780,9582123
2024-03-20T15:00:00Z,0.60780,0.61090,0.59290,0.59630,16343118
2024-03-20T16:00:00Z,0.59640,0.60050,0.57170,0.58850,25512814
2024-03-20T17:00:00Z,0.58860,0.60740,0.58560,0.60000,14551396
2024-03-20T18:00:00Z,0.59990,0.63720,0.59990,0.63660,22855584
2024-03-20T19:00:00Z,0.63670,0.63930,0.62830,0.63590,16420060
2024-03-20T20:00:00Z,0.63600,0.64870,0.63310,0.64580,16505929
2024-03-20T21:00:00Z,0.64580,0.64990,0.64040,0.64820,7163806
2024-03-20T22:00:00Z,0.64820,0.65020,0.64210,0.64760,7297335
2024-03-20T23:00:00Z,0.64750,0.64820,0.64390,0.64620,4896810
2024-03-21T00:00:00Z,0.64610,0.64720,0.63880,0.64410,11250781
2024-03-21T01:00:00Z,0.64400,0.64740,0.64050,0.64430,5525326
2024-03-21T02:00:00Z,0.64460,0.65070,0.64460,0.64510,4657287
2024-03-21T03:00:00Z,0.64510,0.65420,0.63690,0.64050,11954380
2024-03-21T04:00:00Z,0.64070,0.64780,0.63660,0.64060,12286850
2024-03-21T05:00:00Z,0.64050,0.64420,0.62680,0.64230,15171803
2024-03-21T06:00:00Z,0.64240,0.64520,0.63570,0.63590,7701785
2024-03-21T07:00:00Z,0.63590,0.64350,0.63440,0.63960,5039263
2024-03-21T08:00:00Z,0.63960,0.64590,0.63950,0.64320,7320778
2024-03-21T09:00:00Z,0.64320,0.64650,0.63880,0.64250,6392257
2024-03-21T10:00:00Z,0.64240,0.64780,0.64060,0.64310,8844137
2024-03-21T11:00:00Z,0.64310,0.64860,0.64020,0.64690,11024036
2024-03-21T12:00:00Z,0.64690,0.65330,0.64140,0.64410,11397926
2024-03-21T13:00:00Z,0.64410,0.64790,0.63910,0.64030,8882719
2024-03-21T14:00:00Z,0.64030,0.64770,0.63870,0.64380,6045955
2024-03-21T15:00:00Z,0.64380,0.64490,0.63510,0.64060,10999511
2024-03-21T16:00:00Z,0.64080,0.65150,0.63720,0.65140,8926906
2024-03-21T17:00:00Z,0.65140,0.65850,0.63870,0.64290,15668968
2024-03-21T18:00:00Z,0.64280,0.64590,0.62430,0.63140,18055387
2024-03-21T19:00:00Z,0.63140,0.64470,0.62990,0.64120,8266943
2024-03-21T20:00:00Z,0.64120,0.65070,0.63190,0.64120,13472125
2024-03-21T21:00:00Z,0.64120,0.64160,0.63510,0.63970,5181760
2024-03-21T22:00:00Z,0.63970,0.64300,0.63580,0.63620,4905423
2024-03-21T23:00:00Z,0.63630,0.63860,0.63350,0.63780,3205761
2024-03-22T00:00:00Z,0.63770,0.64260,0.62800,0.63310,8685828
2024-03-22T01:00:00Z,0.63310,0.63590,0.62580,0.62630,8020350
2024-03-22T02:00:00Z,0.62640,0.63130,0.62230,0.63060,6622069
2024-03-22T03:00:00Z,0.63060,0.65090,0.63060,0.64930,11215066
2024-03-22T04:00:00Z,0.64930,0.65320,0.64180,0.65150,8219267
2024-03-22T05:00:00Z,0.65160,0.65990,0.64800,0.65650,8678500
2024-03-22T06:00:00Z,0.65640,0.66010,0.65280,0.65870,5918408
2024-03-22T07:00:00Z,0.65870,0.65880,0.65450,0.65750,4119066
2024-03-22T08:00:00Z,0.65750,0.66830,0.65500,0.65620,11439011
2024-03-22T09:00:00Z,0.65610,0.66350,0.65570,0.65680,7183380
2024-03-22T10:00:00Z,0.65690,0.65710,0.64210,0.64250,13773425
2024-03-22T11:00:00Z,0.64260,0.65230,0.63940,0.64430,11920755
2024-03-22T12:00:00Z,0.64430,0.65870,0.63900,0.65220,12803994
2024-03-22T13:00:00Z,0.65220,0.65500,0.62880,0.63180,20348997
2024-03-22T14:00:00Z,0.63190,0.63540,0.62060,0.62970,21364366
2024-03-22T15:00:00Z,0.62970,0.66120,0.62870,0.64730,27087573
2024-03-22T16:00:00Z,0.64740,0.64790,0.62900,0.63730,17857437
2024-03-22T17:00:00Z,0.63730,0.64960,0.63630,0.64690,10587954
2024-03-22T18:00:00Z,0.64690,0.65180,0.64350,0.64630,7870001
2024-03-22T19:00:00Z,0.64620,0.65170,0.64030,0.64810,5785506
2024-03-22T20:00:00Z,0.64820,0.64970,0.64240,0.64520,7408067
2024-03-22T21:00:00Z,0.64510,0.64540,0.62880,0.63730,8937681
2024-03-22T22:00:00Z,0.63720,0.64780,0.62930,0.64480,8817752
2024-03-22T23:00:00Z,0.64480,0.65180,0.64180,0.65110,8020674
2024-03-23T00:00:00Z,0.65110,0.65210,0.64220,0.64610,8001555
2024-03-23T01:00:00Z,0.64600,0.66870,0.64530,0.66370,18188811
2024-03-23T02:00:00Z,0.66390,0.66630,0.65230,0.65920,11405175
2024-03-23T03:00:00Z,0.65920,0.65960,0.64230,0.65120,11762353
2024-03-23T04:00:00Z,0.65100,0.65940,0.64940,0.65640,8088056
2024-03-23T05:00:00Z,0.65640,0.66980,0.65560,0.66940,15113132
2024-03-23T06:00:00Z,0.66950,0.68560,0.66420,0.67580,25132162
2024-03-23T07:00:00Z,0.67580,0.68700,0.67520,0.68440,18084585
2024-03-23T08:00:00Z,0.68440,0.68910,0.67430,0.67870,15934055
2024-03-23T09:00:00Z,0.67860,0.67990,0.66910,0.67380,8982967
2024-03-23T10:00:00Z,0.67370,0.67810,0.66830,0.67000,9306751
2024-03-23T11:00:00Z,0.67000,0.67280,0.66530,0.66830,7037620
2024-03-23T12:00:00Z,0.66830,0.67350,0.66520,0.67210,7912783
2024-03-23T13:00:00Z,0.67210,0.67580,0.66740,0.67320,8997913
2024-03-23T14:00:00Z,0.67320,0.68270,0.67230,0.68190,12236753
2024-03-23T15:00:00Z,0.68190,0.69100,0.67720,0.68920,21126723
2024-03-23T16:00:00Z,0.68930,0.69010,0.67880,0.67940,10275314
2024-03-23T17:00:00Z,0.67940,0.68090,0.67530,0.68030,6426467
2024-03-23T18:00:00Z,0.68030,0.68450,0.67900,0.68110,5490476
2024-03-23T19:00:00Z,0.68110,0.68220,0.67550,0.67790,5342832
2024-03-23T20:00:00Z,0.67790,0.68120,0.67520,0.67850,4098230
2024-03-23T21:00:00Z,0.67860,0.68770,0.67720,0.68170,5457189
2024-03-23T22:00:00Z,0.68160,0.68300,0.67890,0.67980,4203973
2024-03-23T23:00:00Z,0.67980,0.68100,0.66870,0.66970,11509115
2024-03-24T00:00:00Z,0.66980,0.68390,0.66780,0.68130,11052661
2024-03-24T01:00:00Z,0.68120,0.68130,0.67040,0.67500,6012796
2024-03-24T02:00:00Z,0.67510,0.67510,0.66800,0.67050,4902975
2024-03-24T03:00:00Z,0.67040,0.67100,0.66080,0.66110,9116308
2024-03-24T04:00:00Z,0.66120,0.66420,0.65880,0.66200,6177331
2024-03-24T05:00:00Z,0.66190,0.66610,0.66030,0.66210,3792755
2024-03-24T06:00:00Z,0.66210,0.66320,0.65490,0.65910,5746575
2024-03-24T07:00:00Z,0.65910,0.66500,0.65720,0.66420,6383182
2024-03-24T08:00:00Z,0.66420,0.67240,0.66250,0.67200,5643929
2024-03-24T09:00:00Z,0.67200,0.67400,0.66960,0.67050,5164249
2024-03-24T10:00:00Z,0.67040,0.67330,0.66750,0.66790,3934527
2024-03-24T11:00:00Z,0.66780,0.66870,0.66460,0.66780,3907538
2024-03-24T12:00:00Z,0.66780,0.67530,0.66650,0.67290,5305358
2024-03-24T13:00:00Z,0.67280,0.67490,0.66400,0.66680,7461936
2024-03-24T14:00:00Z,0.66690,0.67500,0.66630,0.66980,4496892
2024-03-24T15:00:00Z,0.66970,0.67240,0.66750,0.66980,3909545
2024-03-24T16:00:00Z,0.66980,0.67150,0.66560,0.66830,4378958
2024-03-24T17:00:00Z,0.66830,0.66930,0.65820,0.66910,9744921
2024-03-24T18:00:00Z,0.66920,0.67570,0.66750,0.67270,5564205
2024-03-24T19:00:00Z,0.67260,0.67480,0.67080,0.67360,3681911
2024-03-24T20:00:00Z,0.67350,0.68190,0.67130,0.67950,5922025
2024-03-24T21:00:00Z,0.67950,0.68510,0.67940,0.68160,4533267
2024-03-24T22:00:00Z,0.68150,0.68600,0.68030,0.68250,4107377
2024-03-24T23:00:00Z,0.68240,0.68520,0.68040,0.68330,4750678
2024-03-25T00:00:00Z,0.68320,0.68930,0.67710,0.68600,11425624
2024-03-25T01:00:00Z,0.68610,0.69530,0.68440,0.68470,11653239
2024-03-25T02:00:00Z,0.68470,0.68640,0.67850,0.68340,7272620
2024-03-25T03:00:00Z,0.68340,0.68420,0.67890,0.68120,3575459
2024-03-25T04:00:00Z,0.68120,0.68190,0.67740,0.67860,4265233
2024-03-25T05:00:00Z,0.67870,0.68200,0.67650,0.67740,4787851
2024-03-25T06:00:00Z,0.67750,0.67820,0.67470,0.67660,3655951
2024-03-25T07:00:00Z,0.67650,0.67810,0.66850,0.67000,6000821
2024-03-25T08:00:00Z,0.66990,0.68030,0.66950,0.67670,6441004
2024-03-25T09:00:00Z,0.67660,0.67830,0.67110,0.67730,5056323
2024-03-25T10:00:00Z,0.67720,0.67990,0.67410,0.67690,5483301
2024-03-25T11:00:00Z,0.67690,0.67730,0.66640,0.66870,5251882
2024-03-25T12:00:00Z,0.66860,0.67370,0.66760,0.67070,5212664
2024-03-25T13:00:00Z,0.67060,0.67670,0.66550,0.67650,5460322
2024-03-25T14:00:00Z,0.67640,0.69150,0.67320,0.69040,15090450
2024-03-25T15:00:00Z,0.69040,0.69560,0.68730,0.69310,11407615
2024-03-25T16:00:00Z,0.69320,0.70050,0.68960,0.69980,8567125
2024-03-25T17:00:00Z,0.69970,0.70300,0.69530,0.69790,7898068
2024-03-25T18:00:00Z,0.69800,0.69980,0.69240,0.69950,4168517
2024-03-25T19:00:00Z,0.69940,0.70430,0.69440,0.70380,4248840
2024-03-25T20:00:00Z,0.70380,0.70490,0.69950,0.70170,4031962
2024-03-25T21:00:00Z,0.70160,0.70290,0.68810,0.69630,7861817
2024-03-25T22:00:00Z,0.69620,0.70080,0.69620,0.69810,2920208
2024-03-25T23:00:00Z,0.69810,0.70000,0.69040,0.69510,4730739
2024-03-26T00:00:00Z,0.69510,0.70350,0.69340,0.70180,5789967
2024-03-26T01:00:00Z,0.70170,0.71340,0.69970,0.70910,10055220
2024-03-26T02:00:00Z,0.70910,0.71350,0.70580,0.71330,6623946
2024-03-26T03:00:00Z,0.71330,0.71370,0.70780,0.71210,5664677
2024-03-26T04:00:00Z,0.71220,0.71380,0.70770,0.70890,5379019
2024-03-26T05:00:00Z,0.70880,0.70910,0.70690,0.70770,2468258
2024-03-26T06:00:00Z,0.70760,0.71590,0.70590,0.71560,6776627
2024-03-26T07:00:00Z,0.71560,0.71620,0.70610,0.70830,6563823
2024-03-26T08:00:00Z,0.70830,0.71300,0.70420,0.71290,5673482
2024-03-26T09:00:00Z,0.71280,0.71640,0.71060,0.71530,4812847
2024-03-26T10:00:00Z,0.71530,0.71700,0.71310,0.71570,4397573
2024-03-26T11:00:00Z,0.71570,0.73070,0.71160,0.71380,13835727
2024-03-26T12:00:00Z,0.71380,0.71380,0.70780,0.71110,6757912
2024-03-26T13:00:00Z,0.71100,0.71170,0.69720,0.70230,11842862
2024-03-26T14:00:00Z,0.70240,0.70530,0.68600,0.70340,17727053
2024-03-26T15:00:00Z,0.70350,0.70390,0.69050,0.70080,9218086
2024-03-26T16:00:00Z,0.70080,0.70800,0.69400,0.69790,19496941
2024-03-26T17:00:00Z,0.69770,0.70830,0.69380,0.70820,8686349
2024-03-26T18:00:00Z,0.70820,0.72780,0.70730,0.71680,15608585
2024-03-26T19:00:00Z,0.71680,0.72000,0.70890,0.71120,10215034
2024-03-26T20:00:00Z,0.71120,0.72580,0.71080,0.71600,10491745
2024-03-26T21:00:00Z,0.71590,0.72130,0.71200,0.71970,5141355
2024-03-26T22:00:00Z,0.71960,0.72430,0.71400,0.72430,6272844
2024-03-26T23:00:00Z,0.72440,0.72910,0.71760,0.72170,8364754
2024-03-27T00:00:00Z,0.72180,0.73090,0.71970,0.73080,14148753
2024-03-27T01:00:00Z,0.73080,0.73810,0.72700,0.72950,13025838
2024-03-27T02:00:00Z,0.72960,0.72960,0.71870,0.72360,7053881
2024-03-27T03:00:00Z,0.72360,0.72380,0.71440,0.71640,5465161
2024-03-27T04:00:00Z,0.71630,0.72090,0.71020,0.71260,5353805
2024-03-27T05:00:00Z,0.71250,0.71670,0.70920,0.71250,5463908
2024-03-27T06:00:00Z,0.71250,0.71490,0.70650,0.70830,4523917
2024-03-27T07:00:00Z,0.70830,0.70870,0.69400,0.69860,12821548
2024-03-27T08:00:00Z,0.69870,0.70390,0.69010,0.69160,8227230
2024-03-27T09:00:00Z,0.69140,0.69860,0.68510,0.69780,10181561
2024-03-27T10:00:00Z,0.69770,0.70320,0.69500,0.70060,6474070
2024-03-27T11:00:00Z,0.70060,0.70720,0.69730,0.70560,6332283
2024-03-27T12:00:00Z,0.70550,0.70950,0.69790,0.70130,8469853
2024-03-27T13:00:00Z,0.70140,0.71570,0.68890,0.69340,21253087
2024-03-27T14:00:00Z,0.69330,0.69870,0.67350,0.69690,26914423
2024-03-27T15:00:00Z,0.69680,0.69790,0.68190,0.68280,11422417
2024-03-27T16:00:00Z,0.68270,0.69140,0.67880,0.68990,11887451
2024-03-27T17:00:00Z,0.68980,0.69360,0.68500,0.68800,6177538
2024-03-27T18:00:00Z,0.68810,0.68970,0.67510,0.67540,8318370
2024-03-27T19:00:00Z,0.67540,0.68400,0.67540,0.68150,5575181
2024-03-27T20:00:00Z,0.68150,0.68620,0.68090,0.68410,3997410
2024-03-27T21:00:00Z,0.68400,0.68890,0.68320,0.68390,2744451
2024-03-27T22:00:00Z,0.68390,0.68920,0.68320,0.68860,2568918
2024-03-27T23:00:00Z,0.68850,0.68860,0.68100,0.68430,3706114
2024-03-28T00:00:00Z,0.68430,0.69230,0.68260,0.68620,7413674
2024-03-28T01:00:00Z,0.68610,0.68660,0.67440,0.67950,6487647
2024-03-28T02:00:00Z,0.67940,0.68570,0.67410,0.67730,4928894
2024-03-28T03:00:00Z,0.67730,0.68030,0.67010,0.67760,4437643
2024-03-28T04:00:00Z,0.67760,0.68540,0.67700,0.68410,3524553
2024-03-28T05:00:00Z,0.68410,0.68560,0.68130,0.68390,1752223
2024-03-28T06:00:00Z,0.68400,0.69190,0.68130,0.69150,4891485
2024-03-28T07:00:00Z,0.69150,0.70030,0.68790,0.69830,8845370
2024-03-28T08:00:00Z,0.69820,0.70570,0.69510,0.70070,7130066
2024-03-28T09:00:00Z,0.70070,0.70340,0.69530,0.69990,5199794
2024-03-28T10:00:00Z,0.69980,0.69990,0.69170,0.69460,5771975
2024-03-28T11:00:00Z,0.69460,0.69840,0.69030,0.69530,5703988
2024-03-28T12:00:00Z,0.69520,0.69750,0.68240,0.68940,5927519
2024-03-28T13:00:00Z,0.68940,0.69570,0.68220,0.69100,8735879
2024-03-28T14:00:00Z,0.69100,0.69690,0.68620,0.69420,6293672
2024-03-28T15:00:00Z,0.69420,0.69540,0.68850,0.69360,4400741
2024-03-28T16:00:00Z,0.69370,0.69450,0.68830,0.69450,5408094
2024-03-28T17:00:00Z,0.69450,0.69520,0.68950,0.69060,4821243
2024-03-28T18:00:00Z,0.69050,0.69230,0.68730,0.68910,3895483
2024-03-28T19:00:00Z,0.68910,0.69240,0.68760,0.68910,3309524
2024-03-28T20:00:00Z,0.68900,0.69440,0.68800,0.69300,3743987
2024-03-28T21:00:00Z,0.69290,0.69980,0.69290,0.69680,4296884
2024-03-28T22:00:00Z,0.69670,0.70060,0.69260,0.70040,3694839
2024-03-28T23:00:00Z,0.70040,0.70130,0.69580,0.69670,4110038
2024-03-29T00:00:00Z,0.69670,0.69790,0.68880,0.69200,5421528
2024-03-29T01:00:00Z,0.69190,0.70010,0.69100,0.69270,4885812
2024-03-29T02:00:00Z,0.69270,0.69330,0.68400,0.69100,5622606
2024-03-29T03:00:00Z,0.69110,0.69600,0.68890,0.69360,4467395
2024-03-29T04:00:00Z,0.69370,0.69980,0.69010,0.69810,5217741
2024-03-29T05:00:00Z,0.69800,0.70460,0.69550,0.69830,8948952
2024-03-29T06:00:00Z,0.69820,0.70910,0.69360,0.70900,7099788
2024-03-29T07:00:00Z,0.70910,0.71110,0.68650,0.69060,17340038
2024-03-29T08:00:00Z,0.69060,0.70750,0.68980,0.70500,10463471
2024-03-29T09:00:00Z,0.70510,0.70880,0.69730,0.69910,8844556
2024-03-29T10:00:00Z,0.69890,0.70750,0.69360,0.70550,6782510
2024-03-29T11:00:00Z,0.70540,0.71060,0.70440,0.70880,6500619
2024-03-29T12:00:00Z,0.70880,0.71870,0.70460,0.71300,10819756
2024-03-29T13:00:00Z,0.71300,0.71550,0.70660,0.71150,7355030
2024-03-29T14:00:00Z,0.71150,0.71750,0.71040,0.71080,6359003
2024-03-29T15:00:00Z,0.71070,0.71510,0.69300,0.70130,17990144
2024-03-29T16:00:00Z,0.70130,0.71370,0.70100,0.70600,10160182
2024-03-29T17:00:00Z,0.70600,0.71320,0.70110,0.70680,6754077
2024-03-29T18:00:00Z,0.70670,0.70930,0.70330,0.70620,3413495
2024-03-29T19:00:00Z,0.70620,0.70890,0.70350,0.70690,2796320
2024-03-29T20:00:00Z,0.70690,0.70700,0.70050,0.70340,3621008
2024-03-29T21:00:00Z,0.70330,0.70440,0.69620,0.70110,4088305
2024-03-29T22:00:00Z,0.70100,0.71490,0.70100,0.71270,5305950
2024-03-29T23:00:00Z,0.71270,0.71670,0.71110,0.71520,5439061
2024-03-30T00:00:00Z,0.71520,0.71760,0.70680,0.71630,7629745
2024-03-30T01:00:00Z,0.71620,0.72390,0.71320,0.71750,9306360
2024-03-30T02:00:00Z,0.71750,0.71820,0.71230,0.71290,5554003
2024-03-30T03:00:00Z,0.71300,0.71420,0.70360,0.70600,5672405
2024-03-30T04:00:00Z,0.70600,0.71250,0.70530,0.71190,3603797
2024-03-30T05:00:00Z,0.71190,0.71400,0.70710,0.70890,2866185
2024-03-30T06:00:00Z,0.70910,0.70920,0.69930,0.70220,5332530
2024-03-30T07:00:00Z,0.70220,0.70380,0.69680,0.69700,3963508
2024-03-30T08:00:00Z,0.69700,0.70330,0.69430,0.69790,5224184
2024-03-30T09:00:00Z,0.69780,0.70150,0.69600,0.70140,2629934
2024-03-30T10:00:00Z,0.70130,0.70170,0.69800,0.69960,2068880
2024-03-30T11:00:00Z,0.69980,0.70470,0.69980,0.70460,4095576
2024-03-30T12:00:00Z,0.70460,0.70710,0.70180,0.70450,4049379
2024-03-30T13:00:00Z,0.70450,0.70470,0.69830,0.69980,3377614
2024-03-30T14:00:00Z,0.69970,0.70230,0.69670,0.70010,3247695
2024-03-30T15:00:00Z,0.70010,0.71060,0.69820,0.70850,7015537
2024-03-30T16:00:00Z,0.70850,0.71230,0.70180,0.70640,8028969
2024-03-30T17:00:00Z,0.70650,0.70940,0.70250,0.70870,3243497
2024-03-30T18:00:00Z,0.70870,0.71200,0.70600,0.70720,4008958
2024-03-30T19:00:00Z,0.70720,0.71010,0.69910,0.70960,5127698
2024-03-30T20:00:00Z,0.70950,0.71080,0.70500,0.70510,2732744
2024-03-30T21:00:00Z,0.70510,0.70600,0.69350,0.69710,4927879
2024-03-30T22:00:00Z,0.69700,0.69880,0.69110,0.69390,5300941
2024-03-30T23:00:00Z,0.69390,0.69650,0.68880,0.69430,5031990
2024-03-31T00:00:00Z,0.69420,0.69530,0.68980,0.69340,3756956
2024-03-31T01:00:00Z,0.69340,0.69810,0.69240,0.69580,3710529
2024-03-31T02:00:00Z,0.69590,0.70070,0.69480,0.69790,3414283
2024-03-31T03:00:00Z,0.69790,0.69810,0.69120,0.69390,2150253
2024-03-31T04:00:00Z,0.69400,0.69690,0.69060,0.69520,2713574
2024-03-31T05:00:00Z,0.69510,0.70650,0.69440,0.70580,4195841
2024-03-31T06:00:00Z,0.70580,0.70690,0.70200,0.70450,3991748
2024-03-31T07:00:00Z,0.70460,0.70540,0.70130,0.70330,2078327
2024-03-31T08:00:00Z,0.70340,0.70530,0.70170,0.70290,1977185
2024-03-31T09:00:00Z,0.70290,0.70420,0.70090,0.70160,2302923
2024-03-31T10:00:00Z,0.70150,0.70250,0.70010,0.70110,1999784
2024-03-31T11:00:00Z,0.70110,0.70330,0.70050,0.70260,1803247
2024-03-31T12:00:00Z,0.70250,0.70560,0.70190,0.70260,2756512
2024-03-31T13:00:00Z,0.70260,0.70330,0.70060,0.70140,2580984
2024-03-31T14:00:00Z,0.70130,0.70260,0.69870,0.70070,3868088
2024-03-31T15:00:00Z,0.70060,0.70110,0.69790,0.70100,4215859
2024-03-31T16:00:00Z,0.70110,0.70280,0.69980,0.70150,2357896
2024-03-31T17:00:00Z,0.70150,0.70260,0.69870,0.69910,2621423
2024-03-31T18:00:00Z,0.69910,0.70330,0.69710,0.69860,4132215
2024-03-31T19:00:00Z,0.69860,0.70160,0.69450,0.70060,3929672
2024-03-31T20:00:00Z,0.70060,0.70140,0.69440,0.69630,3089109
2024-03-31T21:00:00Z,0.69630,0.69680,0.69100,0.69430,3260011
2024-03-31T22:00:00Z,0.69430,0.69990,0.69380,0.69960,4368510
2024-03-31T23:00:00Z,0.69960,0.70400,0.69860,0.70320,3527585
2024-04-01T00:00:00Z,0.70330,0.70830,0.70010,0.70360,6485293
2024-04-01T01:00:00Z,0.70360,0.70800,0.70130,0.70650,5549605
2024-04-01T02:00:00Z,0.70640,0.70840,0.70460,0.70560,3079384
2024-04-01T03:00:00Z,0.70570,0.70600,0.69870,0.69880,3767365
2024-04-01T04:00:00Z,0.69880,0.70030,0.69280,0.69320,4494294
2024-04-01T05:00:00Z,0.69320,0.69510,0.64790,0.66020,35742531
2024-04-01T06:00:00Z,0.66010,0.67290,0.65850,0.66860,19968190
2024-04-01T07:00:00Z,0.66860,0.67230,0.66680,0.67070,7304843
2024-04-01T08:00:00Z,0.67070,0.67070,0.65950,0.66100,10808957
2024-04-01T09:00:00Z,0.66110,0.66590,0.65920,0.66020,6867889
2024-04-01T10:00:00Z,0.66020,0.66420,0.65670,0.66360,6572567
2024-04-01T11:00:00Z,0.66360,0.66740,0.66080,0.66150,9458271
2024-04-01T12:00:00Z,0.66160,0.66890,0.65980,0.66780,5050542
2024-04-01T13:00:00Z,0.66780,0.67150,0.66270,0.66830,6689877
2024-04-01T14:00:00Z,0.66820,0.67030,0.65080,0.65330,11122122
2024-04-01T15:00:00Z,0.65340,0.65780,0.64280,0.64650,19489506
2024-04-01T16:00:00Z,0.64660,0.65420,0.64510,0.64890,6620905
2024-04-01T17:00:00Z,0.64900,0.65110,0.64400,0.65050,4598346
2024-04-01T18:00:00Z,0.65050,0.65050,0.64000,0.65040,7208693
2024-04-01T19:00:00Z,0.65040,0.65760,0.64940,0.65740,4484968
2024-04-01T20:00:00Z,0.65740,0.66120,0.65440,0.66010,3433949
2024-04-01T21:00:00Z,0.66010,0.66050,0.65740,0.65810,2516725
2024-04-01T22:00:00Z,0.65820,0.66130,0.65740,0.66010,3156518
2024-04-01T23:00:00Z,0.66020,0.66280,0.65940,0.66070,2609725
2024-04-02T00:00:00Z,0.66070,0.66070,0.64910,0.65240,6167629
2024-04-02T01:00:00Z,0.65250,0.65770,0.65020,0.65400,4048557
2024-04-02T02:00:00Z,0.65400,0.65410,0.61210,0.62950,33044032
2024-04-02T03:00:00Z,0.62950,0.63420,0.62370,0.62820,12288277
2024-04-02T04:00:00Z,0.62830,0.63270,0.62630,0.62860,6995022
2024-04-02T05:00:00Z,0.62850,0.63010,0.62110,0.62920,6910023
2024-04-02T06:00:00Z,0.62920,0.63510,0.62850,0.63330,5193236
2024-04-02T07:00:00Z,0.63340,0.63380,0.62480,0.62550,4607035
2024-04-02T08:00:00Z,0.62550,0.62750,0.61240,0.61420,9831205
2024-04-02T09:00:00Z,0.61410,0.62310,0.60880,0.61880,18585426
2024-04-02T10:00:00Z,0.61890,0.62020,0.61140,0.61670,13201909
2024-04-02T11:00:00Z,0.61670,0.61810,0.60690,0.61710,12775782
2024-04-02T12:00:00Z,0.61710,0.62030,0.61260,0.61450,5436591
2024-04-02T13:00:00Z,0.61440,0.61490,0.60410,0.61070,11537049
2024-04-02T14:00:00Z,0.61070,0.62210,0.61010,0.61710,8625608
2024-04-02T15:00:00Z,0.61710,0.62220,0.60250,0.60490,12779558
2024-04-02T16:00:00Z,0.60500,0.61310,0.60170,0.61090,12026485
2024-04-02T17:00:00Z,0.61090,0.61330,0.60820,0.61290,4056867
2024-04-02T18:00:00Z,0.61290,0.61550,0.61080,0.61330,3380653
2024-04-02T19:00:00Z,0.61350,0.61550,0.61070,0.61290,2965158
2024-04-02T20:00:00Z,0.61290,0.61530,0.60930,0.61210,3707794
2024-04-02T21:00:00Z,0.61200,0.61360,0.60610,0.61140,4057559
2024-04-02T22:00:00Z,0.61130,0.61640,0.60950,0.61550,3220629
2024-04-02T23:00:00Z,0.61540,0.61550,0.60550,0.60750,4460924
2024-04-03T00:00:00Z,0.60740,0.60950,0.58600,0.60230,27478094
2024-04-03T01:00:00Z,0.60230,0.61610,0.59550,0.61470,9200245
2024-04-03T02:00:00Z,0.61470,0.61780,0.61140,0.61370,4734394
2024-04-03T03:00:00Z,0.61370,0.61770,0.61050,0.61520,3491115
2024-04-03T04:00:00Z,0.61510,0.61810,0.61350,0.61520,4860642
2024-04-03T05:00:00Z,0.61520,0.61560,0.61130,0.61420,3462477
2024-04-03T06:00:00Z,0.61410,0.61920,0.61350,0.61810,5955701
2024-04-03T07:00:00Z,0.61800,0.61930,0.61450,0.61530,4208042
2024-04-03T08:00:00Z,0.61530,0.62080,0.61210,0.61990,8644518
2024-04-03T09:00:00Z,0.61980,0.62220,0.61810,0.61920,8275751
2024-04-03T10:00:00Z,0.61910,0.61910,0.60960,0.61330,5858043
2024-04-03T11:00:00Z,0.61320,0.61340,0.60630,0.60860,6136295
2024-04-03T12:00:00Z,0.60870,0.60990,0.60220,0.60500,4626188
2024-04-03T13:00:00Z,0.60500,0.60790,0.59870,0.60140,8046231
2024-04-03T14:00:00Z,0.60140,0.61250,0.60140,0.61210,11068609
2024-04-03T15:00:00Z,0.61220,0.61230,0.59920,0.60070,6528687
2024-04-03T16:00:00Z,0.60080,0.60800,0.59850,0.60290,5327354
2024-04-03T17:00:00Z,0.60290,0.60380,0.59350,0.59610,6468030
2024-04-03T18:00:00Z,0.59610,0.59760,0.58940,0.59670,5547649
2024-04-03T19:00:00Z,0.59680,0.59830,0.59200,0.59450,4468576
2024-04-03T20:00:00Z,0.59450,0.59460,0.58620,0.58850,5927774
2024-04-03T21:00:00Z,0.58850,0.59440,0.58270,0.59330,5509035
2024-04-03T22:00:00Z,0.59330,0.59690,0.59190,0.59510,4481890
2024-04-03T23:00:00Z,0.59510,0.59740,0.59320,0.59410,2580413
2024-04-04T00:00:00Z,0.59420,0.60200,0.59250,0.60170,4907246
2024-04-04T01:00:00Z,0.60180,0.60280,0.59470,0.59760,3721019
2024-04-04T02:00:00Z,0.59750,0.59800,0.58680,0.59330,4150522
2024-04-04T03:00:00Z,0.59330,0.59480,0.58870,0.58920,3683582
2024-04-04T04:00:00Z,0.58930,0.59230,0.58190,0.59170,6234650
2024-04-04T05:00:00Z,0.59180,0.59780,0.59080,0.59640,2884389
2024-04-04T06:00:00Z,0.59650,0.59970,0.59520,0.59880,2398308
2024-04-04T07:00:00Z,0.59870,0.60370,0.59720,0.60130,3373397
2024-04-04T08:00:00Z,0.60150,0.60620,0.60010,0.60520,3553828
2024-04-04T09:00:00Z,0.60510,0.60660,0.60330,0.60580,1866782
2024-04-04T10:00:00Z,0.60580,0.60590,0.59910,0.60000,8572845
2024-04-04T11:00:00Z,0.60010,0.60410,0.59870,0.60210,3502208
2024-04-04T12:00:00Z,0.60210,0.60700,0.60170,0.60500,3186138
2024-04-04T13:00:00Z,0.60510,0.61560,0.60490,0.61060,7924290
2024-04-04T14:00:00Z,0.61060,0.61360,0.60810,0.61090,4116191
2024-04-04T15:00:00Z,0.61090,0.61190,0.60730,0.61080,2747758
2024-04-04T16:00:00Z,0.61080,0.61560,0.60940,0.61150,3932388
2024-04-04T17:00:00Z,0.61150,0.61780,0.60950,0.61680,3748884
2024-04-04T18:00:00Z,0.61680,0.61920,0.61060,0.61160,5478719
2024-04-04T19:00:00Z,0.61160,0.61360,0.60810,0.60950,5016126
2024-04-04T20:00:00Z,0.60960,0.60990,0.59630,0.60470,13860581
2024-04-04T21:00:00Z,0.60470,0.60690,0.59930,0.60250,4077941
2024-04-04T22:00:00Z,0.60260,0.60510,0.59940,0.60310,2904630
2024-04-04T23:00:00Z,0.60310,0.60860,0.60220,0.60820,2141819
2024-04-05T00:00:00Z,0.60820,0.60970,0.60380,0.60890,3552331
2024-04-05T01:00:00Z,0.60900,0.60950,0.59960,0.60290,3498103
2024-04-05T02:00:00Z,0.60290,0.60330,0.59310,0.59510,6029087
2024-04-05T03:00:00Z,0.59500,0.60420,0.59460,0.60380,4863736
2024-04-05T04:00:00Z,0.60380,0.60420,0.59730,0.59930,5607580
2024-04-05T05:00:00Z,0.59930,0.60070,0.58680,0.59620,7498400
2024-04-05T06:00:00Z,0.59620,0.59940,0.59530,0.59720,2582094
2024-04-05T07:00:00Z,0.59720,0.59790,0.59180,0.59750,3313216
2024-04-05T08:00:00Z,0.59770,0.60240,0.59470,0.59600,4542426
2024-04-05T09:00:00Z,0.59600,0.59640,0.58710,0.59190,5463067
2024-04-05T10:00:00Z,0.59180,0.59300,0.58480,0.59160,5209591
2024-04-05T11:00:00Z,0.59150,0.59330,0.58300,0.58390,5602645
2024-04-05T12:00:00Z,0.58400,0.59330,0.57740,0.59320,15026362
2024-04-05T13:00:00Z,0.59330,0.59770,0.58940,0.59690,6856183
2024-04-05T14:00:00Z,0.59690,0.60440,0.59460,0.60340,7435103
2024-04-05T15:00:00Z,0.60340,0.60710,0.59950,0.60680,5108960
2024-04-05T16:00:00Z,0.60680,0.60800,0.60230,0.60480,5747081
2024-04-05T17:00:00Z,0.60480,0.60560,0.60110,0.60280,3281881
2024-04-05T18:00:00Z,0.60280,0.60580,0.60090,0.60540,2733192
2024-04-05T19:00:00Z,0.60530,0.60910,0.60440,0.60510,3129084
2024-04-05T20:00:00Z,0.60490,0.60880,0.60440,0.60680,2167094
2024-04-05T21:00:00Z,0.60680,0.60720,0.60260,0.60410,2813733
2024-04-05T22:00:00Z,0.60410,0.60530,0.60180,0.60240,2190503
2024-04-05T23:00:00Z,0.60250,0.60400,0.60160,0.60170,3159497
2024-04-06T00:00:00Z,0.60170,0.60690,0.59930,0.60360,6289513
2024-04-06T01:00:00Z,0.60360,0.60730,0.60150,0.60210,3982275
2024-04-06T02:00:00Z,0.60210,0.60420,0.59940,0.60360,2485964
2024-04-06T03:00:00Z,0.60350,0.60780,0.60330,0.60600,1881272
2024-04-06T04:00:00Z,0.60600,0.60620,0.60270,0.60520,3193849
2024-04-06T05:00:00Z,0.60530,0.60820,0.60460,0.60650,2144080
2024-04-06T06:00:00Z,0.60650,0.60830,0.60520,0.60820,1737850
2024-04-06T07:00:00Z,0.60820,0.60830,0.60410,0.60600,2976799
2024-04-06T08:00:00Z,0.60600,0.60730,0.60470,0.60720,1810636
2024-04-06T09:00:00Z,0.60720,0.60880,0.60260,0.60340,2788886
2024-04-06T10:00:00Z,0.60340,0.60440,0.60120,0.60350,2079914
2024-04-06T11:00:00Z,0.60360,0.60420,0.60130,0.60320,1909856
2024-04-06T12:00:00Z,0.60320,0.60420,0.60140,0.60340,1739113
2024-04-06T13:00:00Z,0.60340,0.60350,0.59840,0.59960,2397719
2024-04-06T14:00:00Z,0.59970,0.60490,0.59880,0.60380,2676695
2024-04-06T15:00:00Z,0.60390,0.60730,0.60290,0.60590,3192871
2024-04-06T16:00:00Z,0.60580,0.60730,0.60430,0.60730,3030464
2024-04-06T17:00:00Z,0.60730,0.61090,0.60560,0.60820,4363822
2024-04-06T18:00:00Z,0.60820,0.60820,0.60520,0.60660,1927788
2024-04-06T19:00:00Z,0.60660,0.60920,0.60570,0.60710,3047860
2024-04-06T20:00:00Z,0.60710,0.60860,0.60570,0.60850,1433505
2024-04-06T21:00:00Z,0.60850,0.60960,0.60550,0.60640,1627091
2024-04-06T22:00:00Z,0.60640,0.61200,0.60610,0.61170,3236402
2024-04-06T23:00:00Z,0.61170,0.61520,0.60990,0.61060,5870419
2024-04-07T00:00:00Z,0.61070,0.61540,0.60830,0.61380,6609330
2024-04-07T01:00:00Z,0.61380,0.61910,0.61250,0.61700,4464982
2024-04-07T02:00:00Z,0.61700,0.61800,0.61470,0.61580,2456672
2024-04-07T03:00:00Z,0.61580,0.61720,0.61450,0.61510,1966624
2024-04-07T04:00:00Z,0.61510,0.61620,0.61220,0.61420,2402682
2024-04-07T05:00:00Z,0.61430,0.61650,0.61380,0.61630,1302718
2024-04-07T06:00:00Z,0.61630,0.61700,0.61460,0.61540,2630310
2024-04-07T07:00:00Z,0.61540,0.61900,0.61530,0.61750,2744760
2024-04-07T08:00:00Z,0.61750,0.61970,0.61700,0.61920,3804261
2024-04-07T09:00:00Z,0.61920,0.61930,0.61410,0.61580,3091954
2024-04-07T10:00:00Z,0.61580,0.61870,0.61470,0.61820,2656381
2024-04-07T11:00:00Z,0.61820,0.61900,0.61670,0.61870,2067701
2024-04-07T12:00:00Z,0.61880,0.62130,0.61750,0.61980,3817553
2024-04-07T13:00:00Z,0.61980,0.62290,0.61860,0.61990,4365136
2024-04-07T14:00:00Z,0.61990,0.62270,0.61790,0.62220,4234343
2024-04-07T15:00:00Z,0.62220,0.62380,0.61670,0.61810,5167970
2024-04-07T16:00:00Z,0.61820,0.62280,0.61770,0.61920,5278369
2024-04-07T17:00:00Z,0.61920,0.61940,0.61460,0.61610,3869279
2024-04-07T18:00:00Z,0.61610,0.61650,0.61100,0.61450,4084566
2024-04-07T19:00:00Z,0.61450,0.61550,0.60810,0.61090,3746698
2024-04-07T20:00:00Z,0.61090,0.61500,0.60970,0.61300,2648477
2024-04-07T21:00:00Z,0.61310,0.61570,0.61070,0.61090,3410977
2024-04-07T22:00:00Z,0.61090,0.61380,0.60800,0.61310,4022777
2024-04-07T23:00:00Z,0.61310,0.61720,0.61270,0.61670,3064706
2024-04-08T00:00:00Z,0.61670,0.61680,0.61100,0.61450,4649720
2024-04-08T01:00:00Z,0.61440,0.61910,0.61270,0.61420,3831243
2024-04-08T02:00:00Z,0.61410,0.61520,0.60960,0.61070,3818103
2024-04-08T03:00:00Z,0.61090,0.61110,0.60480,0.60880,4916842
2024-04-08T04:00:00Z,0.60880,0.60940,0.60580,0.60860,2488764
2024-04-08T05:00:00Z,0.60870,0.61390,0.60860,0.61360,2937348
2024-04-08T06:00:00Z,0.61370,0.61590,0.61140,0.61410,6033497
2024-04-08T07:00:00Z,0.61410,0.62990,0.61380,0.62700,10101939
2024-04-08T08:00:00Z,0.62690,0.63850,0.62600,0.63660,11600354
2024-04-08T09:00:00Z,0.63660,0.63990,0.63550,0.63870,6829535
2024-04-08T10:00:00Z,0.63880,0.64110,0.63710,0.64060,4222613
2024-04-08T11:00:00Z,0.64060,0.64270,0.63950,0.64260,4186488
2024-04-08T12:00:00Z,0.64260,0.64730,0.64160,0.64540,6834543
2024-04-08T13:00:00Z,0.64540,0.65400,0.64320,0.64790,16194508
2024-04-08T14:00:00Z,0.64780,0.64870,0.64260,0.64770,6524025
2024-04-08T15:00:00Z,0.64780,0.65070,0.64660,0.64880,3191104
2024-04-08T16:00:00Z,0.64880,0.65200,0.64800,0.65010,3244716
2024-04-08T17:00:00Z,0.65010,0.65040,0.64640,0.64860,2942504
2024-04-08T18:00:00Z,0.64860,0.65170,0.64680,0.64860,3425273
2024-04-08T19:00:00Z,0.64850,0.65010,0.64760,0.64920,1379286
2024-04-08T20:00:00Z,0.64940,0.65150,0.64830,0.65130,2151631
2024-04-08T21:00:00Z,0.65140,0.65300,0.64960,0.65160,2219335
2024-04-08T22:00:00Z,0.65160,0.65430,0.65110,0.65320,3141033
2024-04-08T23:00:00Z,0.65310,0.65360,0.64920,0.64960,2797721
2024-04-09T00:00:00Z,0.64960,0.65220,0.64560,0.64770,6639999
2024-04-09T01:00:00Z,0.64760,0.64960,0.64170,0.64560,7772497
2024-04-09T02:00:00Z,0.64560,0.64890,0.64430,0.64620,2719633
2024-04-09T03:00:00Z,0.64620,0.64760,0.63980,0.64240,3505793
2024-04-09T04:00:00Z,0.64240,0.64590,0.64030,0.64510,3031322
2024-04-09T05:00:00Z,0.64500,0.64920,0.64310,0.64640,5926151
2024-04-09T06:00:00Z,0.64640,0.64750,0.63480,0.64030,9576941
2024-04-09T07:00:00Z,0.64020,0.64220,0.63090,0.63420,9814017
2024-04-09T08:00:00Z,0.63410,0.63940,0.62350,0.63840,13117165
2024-04-09T09:00:00Z,0.63840,0.64250,0.63650,0.63920,5614406
2024-04-09T10:00:00Z,0.63910,0.64790,0.63820,0.64790,5213942
2024-04-09T11:00:00Z,0.64790,0.64830,0.64360,0.64780,4217187
2024-04-09T12:00:00Z,0.64780,0.64960,0.64160,0.64550,5766385
2024-04-09T13:00:00Z,0.64540,0.64700,0.63420,0.63480,8709084
2024-04-09T14:00:00Z,0.63480,0.64250,0.62100,0.62740,16051877
2024-04-09T15:00:00Z,0.62730,0.63320,0.61840,0.63320,9775470
2024-04-09T16:00:00Z,0.63330,0.63430,0.62470,0.62600,6965197
2024-04-09T17:00:00Z,0.62610,0.63190,0.62090,0.62910,5454975
2024-04-09T18:00:00Z,0.62910,0.63000,0.62520,0.62640,2728240
2024-04-09T19:00:00Z,0.62640,0.63740,0.62420,0.63060,11183787
2024-04-09T20:00:00Z,0.63050,0.63540,0.62990,0.63220,2701562
2024-04-09T21:00:00Z,0.63220,0.63220,0.62610,0.62820,2119313
2024-04-09T22:00:00Z,0.62820,0.62970,0.62420,0.62830,1829843
2024-04-09T23:00:00Z,0.62830,0.62830,0.61920,0.62140,3454745
2024-04-10T00:00:00Z,0.62140,0.62990,0.61950,0.62400,7385127
2024-04-10T01:00:00Z,0.62390,0.62420,0.61340,0.62370,9165808
2024-04-10T02:00:00Z,0.62380,0.62660,0.60500,0.60630,9024502
2024-04-10T03:00:00Z,0.60640,0.61550,0.60270,0.61520,9083608
2024-04-10T04:00:00Z,0.61530,0.61560,0.61180,0.61330,3861592
2024-04-10T05:00:00Z,0.61320,0.61770,0.61300,0.61410,2362055
2024-04-10T06:00:00Z,0.61400,0.61990,0.61280,0.61530,3120102
2024-04-10T07:00:00Z,0.61520,0.61590,0.61290,0.61310,2079858
2024-04-10T08:00:00Z,0.61310,0.61310,0.60560,0.61100,5116994
2024-04-10T09:00:00Z,0.61100,0.61540,0.60690,0.61130,3783380
2024-04-10T10:00:00Z,0.61130,0.61160,0.60170,0.60690,6274873
2024-04-10T11:00:00Z,0.60690,0.61020,0.60480,0.60750,2143504
2024-04-10T12:00:00Z,0.60740,0.60870,0.58200,0.59480,27949386
2024-04-10T13:00:00Z,0.59470,0.59470,0.58720,0.59280,10129020
2024-04-10T14:00:00Z,0.59280,0.59990,0.58950,0.59840,6806420
2024-04-10T15:00:00Z,0.59840,0.59950,0.59360,0.59740,3150338
2024-04-10T16:00:00Z,0.59740,0.60810,0.59540,0.60790,5899477
2024-04-10T17:00:00Z,0.60790,0.61080,0.60440,0.60600,4812928
2024-04-10T18:00:00Z,0.60610,0.60630,0.59720,0.60050,3673406
2024-04-10T19:00:00Z,0.60040,0.60860,0.59920,0.60860,2190757
2024-04-10T20:00:00Z,0.60870,0.60920,0.60490,0.60540,3512019
2024-04-10T21:00:00Z,0.60520,0.60870,0.60340,0.60870,2813780
2024-04-10T22:00:00Z,0.60860,0.61540,0.60840,0.61120,7528358
2024-04-10T23:00:00Z,0.61120,0.61360,0.61060,0.61140,2419952
2024-04-11T00:00:00Z,0.61140,0.61360,0.60790,0.61220,4805549
2024-04-11T01:00:00Z,0.61220,0.61330,0.60810,0.60950,3004380
2024-04-11T02:00:00Z,0.60960,0.61430,0.60880,0.61340,2404177
2024-04-11T03:00:00Z,0.61350,0.61500,0.61190,0.61430,2857492
2024-04-11T04:00:00Z,0.61440,0.61700,0.61200,0.61690,6098095
2024-04-11T05:00:00Z,0.61700,0.62200,0.61660,0.62170,7043964
2024-04-11T06:00:00Z,0.62180,0.62790,0.62170,0.62780,9229459
2024-04-11T07:00:00Z,0.62780,0.62920,0.62590,0.62700,4455891
2024-04-11T08:00:00Z,0.62710,0.63020,0.62670,0.62780,4277752
2024-04-11T09:00:00Z,0.62780,0.62820,0.62210,0.62210,4811953
2024-04-11T10:00:00Z,0.62210,0.62550,0.61910,0.61960,6330982
2024-04-11T11:00:00Z,0.61960,0.62050,0.61040,0.61220,9495317
2024-04-11T12:00:00Z,0.61220,0.62060,0.60840,0.61680,9301788
2024-04-11T13:00:00Z,0.61690,0.62010,0.60720,0.61350,9754663
2024-04-11T14:00:00Z,0.61350,0.61410,0.60410,0.61060,10540184
2024-04-11T15:00:00Z,0.61060,0.61290,0.60690,0.61010,5230993
2024-04-11T16:00:00Z,0.61010,0.61170,0.60160,0.60690,6251275
2024-04-11T17:00:00Z,0.60690,0.61230,0.60650,0.61120,3110334
2024-04-11T18:00:00Z,0.61110,0.61180,0.60580,0.60850,2973468
2024-04-11T19:00:00Z,0.60850,0.61240,0.60590,0.61070,2232869
2024-04-11T20:00:00Z,0.61060,0.61380,0.60960,0.61310,2824152
2024-04-11T21:00:00Z,0.61300,0.61400,0.60830,0.60930,2757371
2024-04-11T22:00:00Z,0.60930,0.61170,0.60810,0.60970,3282289
2024-04-11T23:00:00Z,0.60960,0.61130,0.60630,0.61010,1820268
2024-04-12T00:00:00Z,0.61000,0.61960,0.60910,0.61700,5482634
2024-04-12T01:00:00Z,0.61710,0.62180,0.61590,0.61780,4498728
2024-04-12T02:00:00Z,0.61770,0.62150,0.61640,0.61850,2553643
2024-04-12T03:00:00Z,0.61850,0.61990,0.61690,0.61930,2248476
2024-04-12T04:00:00Z,0.61920,0.62380,0.61760,0.62210,1947538
2024-04-12T05:00:00Z,0.62200,0.62200,0.61820,0.61940,1679501
2024-04-12T06:00:00Z,0.61950,0.62030,0.61490,0.61570,3098945
2024-04-12T07:00:00Z,0.61560,0.61790,0.61180,0.61510,4764095
2024-04-12T08:00:00Z,0.61520,0.61890,0.61460,0.61630,3632312
2024-04-12T09:00:00Z,0.61630,0.61730,0.61340,0.61400,2272113
2024-04-12T10:00:00Z,0.61400,0.61430,0.60960,0.61350,2899876
2024-04-12T11:00:00Z,0.61340,0.61760,0.61260,0.61580,2249232
2024-04-12T12:00:00Z,0.61570,0.61610,0.60450,0.60610,5321994
2024-04-12T13:00:00Z,0.60600,0.60600,0.59050,0.59430,16615141
2024-04-12T14:00:00Z,0.59440,0.59600,0.58910,0.59040,9934054
2024-04-12T15:00:00Z,0.59030,0.59590,0.58800,0.59250,5992894
2024-04-12T16:00:00Z,0.59250,0.59310,0.58020,0.58380,13401393
2024-04-12T17:00:00Z,0.58380,0.58410,0.53300,0.55180,49547910
2024-04-12T18:00:00Z,0.55180,0.55530,0.45280,0.49920,81245837
2024-04-12T19:00:00Z,0.49920,0.51030,0.49390,0.50250,31773001
2024-04-12T20:00:00Z,0.50260,0.51300,0.50050,0.50870,17187364
2024-04-12T21:00:00Z,0.50880,0.51090,0.50390,0.50980,8771940
2024-04-12T22:00:00Z,0.50980,0.51150,0.50340,0.50620,7636623
2024-04-12T23:00:00Z,0.50630,0.51610,0.50310,0.51210,13232764
2024-04-13T00:00:00Z,0.51210,0.51290,0.50350,0.50520,11094947
2024-04-13T01:00:00Z,0.50520,0.50520,0.48210,0.48460,24223645
2024-04-13T02:00:00Z,0.48460,0.49560,0.48430,0.49440,16497809
2024-04-13T03:00:00Z,0.49440,0.50160,0.49260,0.49970,12209992
2024-04-13T04:00:00Z,0.49970,0.50710,0.49660,0.50350,12410482
2024-04-13T05:00:00Z,0.50350,0.50770,0.50260,0.50260,5510845
2024-04-13T06:00:00Z,0.50260,0.50840,0.50240,0.50770,4448986
2024-04-13T07:00:00Z,0.50770,0.50850,0.49950,0.50060,4491281
2024-04-13T08:00:00Z,0.50070,0.50090,0.49520,0.49620,5834552
2024-04-13T09:00:00Z,0.49620,0.50080,0.49490,0.49730,7796464
2024-04-13T10:00:00Z,0.49730,0.50160,0.49550,0.50050,6409562
2024-04-13T11:00:00Z,0.50050,0.50380,0.49500,0.49560,10389158
2024-04-13T12:00:00Z,0.49560,0.50020,0.49180,0.49560,12493575
2024-04-13T13:00:00Z,0.49560,0.49900,0.49220,0.49320,10474265
2024-04-13T14:00:00Z,0.49320,0.49500,0.48660,0.48970,14453493
2024-04-13T15:00:00Z,0.48970,0.49720,0.48620,0.48670,15914196
2024-04-13T16:00:00Z,0.48670,0.48860,0.47160,0.47390,31921654
2024-04-13T17:00:00Z,0.47390,0.47430,0.44500,0.45430,59072075
2024-04-13T18:00:00Z,0.45430,0.46480,0.44790,0.46360,21682957
2024-04-13T19:00:00Z,0.46360,0.46540,0.40390,0.42210,49789990
2024-04-13T20:00:00Z,0.42220,0.42640,0.35500,0.37810,131904208
2024-04-13T21:00:00Z,0.37820,0.40030,0.36350,0.39970,46624850
2024-04-13T22:00:00Z,0.39960,0.41940,0.39170,0.41220,44056449
2024-04-13T23:00:00Z,0.41220,0.42120,0.41100,0.41490,29286487
2024-04-14T00:00:00Z,0.41490,0.41560,0.39830,0.40280,34548742
2024-04-14T01:00:00Z,0.40280,0.41080,0.39850,0.40700,20141838
2024-04-14T02:00:00Z,0.40700,0.40950,0.40120,0.40670,16770314
2024-04-14T03:00:00Z,0.40670,0.40870,0.39590,0.40780,23543555
2024-04-14T04:00:00Z,0.40780,0.42310,0.40480,0.42070,22154101
2024-04-14T05:00:00Z,0.42070,0.42980,0.41930,0.42680,15992516
2024-04-14T06:00:00Z,0.42680,0.43140,0.42310,0.43050,11589500
2024-04-14T07:00:00Z,0.43050,0.43540,0.42830,0.43540,13587947
2024-04-14T08:00:00Z,0.43530,0.43900,0.43270,0.43440,11589961
2024-04-14T09:00:00Z,0.43440,0.43860,0.43090,0.43340,14060366
2024-04-14T10:00:00Z,0.43340,0.43690,0.43190,0.43480,8095684
2024-04-14T11:00:00Z,0.43490,0.43630,0.42080,0.42400,20375113
2024-04-14T12:00:00Z,0.42390,0.43460,0.42360,0.42980,15068922
2024-04-14T13:00:00Z,0.42990,0.43350,0.42320,0.42360,17173498
2024-04-14T14:00:00Z,0.42350,0.43170,0.41780,0.42690,29429353
2024-04-14T15:00:00Z,0.42680,0.43300,0.42460,0.42790,15921706
2024-04-14T16:00:00Z,0.42790,0.43850,0.42620,0.43160,17312503
2024-04-14T17:00:00Z,0.43150,0.43560,0.41200,0.42520,48756048
2024-04-14T18:00:00Z,0.42530,0.43670,0.42370,0.43390,18667778
2024-04-14T19:00:00Z,0.43390,0.43570,0.42770,0.42960,10560775
2024-04-14T20:00:00Z,0.42960,0.43350,0.42250,0.42410,14189368
2024-04-14T21:00:00Z,0.42410,0.42730,0.42130,0.42580,5719304
2024-04-14T22:00:00Z,0.42580,0.44730,0.42570,0.44650,24967272
2024-04-14T23:00:00Z,0.44640,0.45000,0.44330,0.44460,10296408
2024-04-15T00:00:00Z,0.44460,0.44530,0.43620,0.43820,12719650
2024-04-15T01:00:00Z,0.43810,0.44450,0.43370,0.44360,11309593
2024-04-15T02:00:00Z,0.44360,0.44370,0.43460,0.43690,10295826
2024-04-15T03:00:00Z,0.43700,0.44100,0.43540,0.43800,8089250
2024-04-15T04:00:00Z,0.43790,0.43920,0.43100,0.43520,9715566
2024-04-15T05:00:00Z,0.43510,0.44640,0.43510,0.44580,9936655
2024-04-15T06:00:00Z,0.44580,0.46410,0.44350,0.46270,20802276
2024-04-15T07:00:00Z,0.46270,0.46470,0.45850,0.46040,11982430
2024-04-15T08:00:00Z,0.46040,0.46470,0.45830,0.45930,10557213
2024-04-15T09:00:00Z,0.45940,0.46510,0.45550,0.46180,10227726
2024-04-15T10:00:00Z,0.46190,0.46980,0.46070,0.46800,9493709
2024-04-15T11:00:00Z,0.46800,0.47050,0.45890,0.45940,13068782
2024-04-15T12:00:00Z,0.45940,0.46470,0.45860,0.46290,9231371
2024-04-15T13:00:00Z,0.46300,0.46590,0.45560,0.45650,12942008
2024-04-15T14:00:00Z,0.45660,0.46080,0.44310,0.44390,30385829
2024-04-15T15:00:00Z,0.44410,0.44840,0.43810,0.44610,27957188
2024-04-15T16:00:00Z,0.44620,0.44850,0.43590,0.43710,21136225
2024-04-15T17:00:00Z,0.43720,0.44400,0.42640,0.43080,27184617
2024-04-15T18:00:00Z,0.43070,0.43350,0.41790,0.41820,24774851
2024-04-15T19:00:00Z,0.41820,0.43500,0.41260,0.43220,18514250
2024-04-15T20:00:00Z,0.43230,0.43460,0.42210,0.42320,9504691
2024-04-15T21:00:00Z,0.42330,0.43090,0.41980,0.42970,6684457
2024-04-15T22:00:00Z,0.42980,0.43440,0.42600,0.43430,6450538
2024-04-15T23:00:00Z,0.43430,0.43430,0.42790,0.43030,5069943
2024-04-16T00:00:00Z,0.43040,0.43210,0.42030,0.42430,12156127
2024-04-16T01:00:00Z,0.42440,0.43550,0.42230,0.42670,9859590
2024-04-16T02:00:00Z,0.42670,0.43030,0.42210,0.42830,6664970
2024-04-16T03:00:00Z,0.42830,0.43100,0.41930,0.42250,8200269
2024-04-16T04:00:00Z,0.42250,0.42490,0.40830,0.41560,19529654
2024-04-16T05:00:00Z,0.41570,0.42430,0.41360,0.42200,9048375
2024-04-16T06:00:00Z,0.42200,0.43260,0.42130,0.43130,7488344
2024-04-16T07:00:00Z,0.43130,0.44080,0.43010,0.43770,9720536
2024-04-16T08:00:00Z,0.43770,0.43770,0.43160,0.43300,6639653
2024-04-16T09:00:00Z,0.43300,0.43800,0.43130,0.43210,7198379
2024-04-16T10:00:00Z,0.43210,0.43370,0.41670,0.43030,20779603
2024-04-16T11:00:00Z,0.43020,0.43580,0.42690,0.43420,15063033
2024-04-16T12:00:00Z,0.43430,0.43430,0.42640,0.42760,11077487
2024-04-16T13:00:00Z,0.42760,0.42870,0.41790,0.42440,18262507
2024-04-16T14:00:00Z,0.42450,0.43040,0.41760,0.41840,18091204
2024-04-16T15:00:00Z,0.41840,0.42180,0.41240,0.41330,16419257
2024-04-16T16:00:00Z,0.41320,0.42440,0.41080,0.42430,15550433
2024-04-16T17:00:00Z,0.42440,0.43100,0.42190,0.42540,14491297
2024-04-16T18:00:00Z,0.42530,0.43030,0.42260,0.42880,13857850
2024-04-16T19:00:00Z,0.42880,0.43000,0.42340,0.42540,7963446
2024-04-16T20:00:00Z,0.42530,0.43070,0.42480,0.43040,5119807
2024-04-16T21:00:00Z,0.43050,0.43820,0.43000,0.43720,8346635
2024-04-16T22:00:00Z,0.43710,0.43910,0.43460,0.43910,5365983
2024-04-16T23:00:00Z,0.43900,0.43920,0.43520,0.43560,4243753
2024-04-17T00:00:00Z,0.43560,0.43930,0.43190,0.43680,9494482
2024-04-17T01:00:00Z,0.43670,0.43750,0.43000,0.43550,5617503
2024-04-17T02:00:00Z,0.43560,0.43700,0.42910,0.43200,5457761
2024-04-17T03:00:00Z,0.43200,0.43530,0.43140,0.43370,2847236
2024-04-17T04:00:00Z,0.43380,0.44050,0.43110,0.43880,5969155
2024-04-17T05:00:00Z,0.43880,0.43950,0.43180,0.43310,6317351
2024-04-17T06:00:00Z,0.43300,0.43650,0.43110,0.43460,3856923
2024-04-17T07:00:00Z,0.43460,0.43690,0.43030,0.43500,5498152
2024-04-17T08:00:00Z,0.43510,0.43800,0.43120,0.43320,4752027
2024-04-17T09:00:00Z,0.43320,0.43640,0.43240,0.43450,3540161
2024-04-17T10:00:00Z,0.43460,0.43480,0.42800,0.42930,6938387
2024-04-17T11:00:00Z,0.42930,0.43180,0.42380,0.42450,6958823
2024-04-17T12:00:00Z,0.42440,0.42610,0.41930,0.42290,11584641
2024-04-17T13:00:00Z,0.42290,0.43030,0.42270,0.42740,9569365
2024-04-17T14:00:00Z,0.42750,0.42760,0.41240,0.42310,23396897
2024-04-17T15:00:00Z,0.42330,0.42490,0.41170,0.41460,22186025
2024-04-17T16:00:00Z,0.41460,0.42280,0.40940,0.41550,20632506
2024-04-17T17:00:00Z,0.41540,0.42980,0.41500,0.42930,10156963
2024-04-17T18:00:00Z,0.42940,0.44540,0.42840,0.43970,22265951
2024-04-17T19:00:00Z,0.43960,0.43970,0.43060,0.43560,12588933
2024-04-17T20:00:00Z,0.43560,0.43750,0.42720,0.42800,9315291
2024-04-17T21:00:00Z,0.42810,0.43980,0.42810,0.43520,8449070
2024-04-17T22:00:00Z,0.43520,0.43570,0.43170,0.43320,5686935
2024-04-17T23:00:00Z,0.43320,0.43540,0.42760,0.42920,7216642
2024-04-18T00:00:00Z,0.42920,0.43240,0.41880,0.42910,13922962
2024-04-18T01:00:00Z,0.42920,0.43560,0.42830,0.43420,9641265
2024-04-18T02:00:00Z,0.43430,0.43520,0.42820,0.43360,5293405
2024-04-18T03:00:00Z,0.43370,0.43790,0.43230,0.43320,5215935
2024-04-18T04:00:00Z,0.43310,0.43560,0.43080,0.43160,3734944
2024-04-18T05:00:00Z,0.43150,0.43590,0.42950,0.43030,5458303
2024-04-18T06:00:00Z,0.43020,0.43170,0.42040,0.42400,8159422
2024-04-18T07:00:00Z,0.42410,0.42740,0.41830,0.42210,9359773
2024-04-18T08:00:00Z,0.42210,0.42740,0.41730,0.42560,8614638
2024-04-18T09:00:00Z,0.42560,0.42890,0.42290,0.42650,7369396
2024-04-18T10:00:00Z,0.42650,0.42810,0.42460,0.42630,6267721
2024-04-18T11:00:00Z,0.42620,0.43910,0.42620,0.43470,13905866
2024-04-18T12:00:00Z,0.43470,0.43600,0.42450,0.42880,13866242
2024-04-18T13:00:00Z,0.42890,0.43250,0.42510,0.43210,10816525
2024-04-18T14:00:00Z,0.43210,0.44330,0.42970,0.44060,13150726
2024-04-18T15:00:00Z,0.44070,0.44370,0.43740,0.44020,6589586
2024-04-18T16:00:00Z,0.44020,0.44190,0.43530,0.43690,6849756
2024-04-18T17:00:00Z,0.43680,0.43740,0.42980,0.43050,6632037
2024-04-18T18:00:00Z,0.43040,0.43500,0.42720,0.43410,7158803
2024-04-18T19:00:00Z,0.43420,0.44010,0.43360,0.43890,4709174
2024-04-18T20:00:00Z,0.43890,0.43940,0.43640,0.43940,3866997
2024-04-18T21:00:00Z,0.43940,0.44120,0.43790,0.43950,2622657
2024-04-18T22:00:00Z,0.43940,0.44260,0.43770,0.44050,4692622
2024-04-18T23:00:00Z,0.44050,0.44140,0.43830,0.43940,3275674
2024-04-19T00:00:00Z,0.43940,0.43940,0.43250,0.43260,6880682
2024-04-19T01:00:00Z,0.43270,0.43320,0.41340,0.41550,25187847
2024-04-19T02:00:00Z,0.41550,0.41760,0.40230,0.41200,36063467
2024-04-19T03:00:00Z,0.41200,0.42460,0.41160,0.42150,19644426
2024-04-19T04:00:00Z,0.42150,0.43080,0.42100,0.42650,9138445
2024-04-19T05:00:00Z,0.42650,0.42790,0.42150,0.42380,7793445
2024-04-19T06:00:00Z,0.42390,0.44500,0.42150,0.44410,14254676
2024-04-19T07:00:00Z,0.44410,0.44860,0.43960,0.44170,14132729
2024-04-19T08:00:00Z,0.44160,0.44840,0.43990,0.44740,10728213
2024-04-19T09:00:00Z,0.44740,0.44820,0.44360,0.44630,7938100
2024-04-19T10:00:00Z,0.44640,0.44930,0.44300,0.44620,6607866
2024-04-19T11:00:00Z,0.44630,0.45060,0.44440,0.44630,8584529
2024-04-19T12:00:00Z,0.44640,0.44950,0.44400,0.44670,5937391
2024-04-19T13:00:00Z,0.44660,0.44960,0.44300,0.44750,10024241
2024-04-19T14:00:00Z,0.44750,0.44910,0.44090,0.44620,9708662
2024-04-19T15:00:00Z,0.44630,0.45050,0.44550,0.44800,5939610
2024-04-19T16:00:00Z,0.44800,0.44930,0.44150,0.44610,10571563
2024-04-19T17:00:00Z,0.44600,0.45100,0.44460,0.44930,7245889
2024-04-19T18:00:00Z,0.44930,0.44930,0.44620,0.44680,4427337
2024-04-19T19:00:00Z,0.44680,0.44930,0.44610,0.44900,3616112
2024-04-19T20:00:00Z,0.44900,0.44900,0.44170,0.44420,5017553
2024-04-19T21:00:00Z,0.44420,0.44690,0.44400,0.44690,1936630
2024-04-19T22:00:00Z,0.44690,0.44900,0.44300,0.44300,5413730
2024-04-19T23:00:00Z,0.44300,0.44430,0.43390,0.44120,12572245
2024-04-20T00:00:00Z,0.44110,0.44410,0.43730,0.43810,9902326
2024-04-20T01:00:00Z,0.43810,0.44670,0.43520,0.44530,6136012
2024-04-20T02:00:00Z,0.44520,0.45020,0.44350,0.44670,6137352
2024-04-20T03:00:00Z,0.44670,0.44830,0.44440,0.44770,4839319
2024-04-20T04:00:00Z,0.44770,0.45090,0.44690,0.44970,4188369
2024-04-20T05:00:00Z,0.44960,0.45240,0.44750,0.45050,3255688
2024-04-20T06:00:00Z,0.45050,0.45540,0.44930,0.45300,4395429
2024-04-20T07:00:00Z,0.45300,0.45520,0.45200,0.45420,3289220
2024-04-20T08:00:00Z,0.45410,0.45430,0.45020,0.45280,4598582
2024-04-20T09:00:00Z,0.45280,0.45300,0.44840,0.45080,4238048
2024-04-20T10:00:00Z,0.45070,0.45440,0.44890,0.45330,3789222
2024-04-20T11:00:00Z,0.45340,0.45750,0.45270,0.45360,5827120
2024-04-20T12:00:00Z,0.45370,0.45630,0.45170,0.45470,4599201
2024-04-20T13:00:00Z,0.45480,0.45760,0.45440,0.45600,4027218
2024-04-20T14:00:00Z,0.45600,0.46090,0.45560,0.45830,5549966
2024-04-20T15:00:00Z,0.45840,0.46640,0.45570,0.46590,10038800
2024-04-20T16:00:00Z,0.46600,0.47180,0.46270,0.46900,11188716
2024-04-20T17:00:00Z,0.46910,0.48210,0.46910,0.48160,11522229
2024-04-20T18:00:00Z,0.48160,0.48470,0.47860,0.47940,11333085
2024-04-20T19:00:00Z,0.47940,0.48260,0.47700,0.48210,4952118
2024-04-20T20:00:00Z,0.48210,0.48440,0.47970,0.48220,4261758
2024-04-20T21:00:00Z,0.48230,0.48430,0.48040,0.48150,3508294
2024-04-20T22:00:00Z,0.48160,0.48280,0.47940,0.47970,6002156
2024-04-20T23:00:00Z,0.47980,0.48380,0.47940,0.48280,3702976
2024-04-21T00:00:00Z,0.48280,0.48400,0.47640,0.47900,7688539
2024-04-21T01:00:00Z,0.47910,0.48670,0.47890,0.48480,5685837
2024-04-21T02:00:00Z,0.48480,0.49010,0.48370,0.48940,7214222
2024-04-21T03:00:00Z,0.48950,0.49290,0.48570,0.48690,6247526
2024-04-21T04:00:00Z,0.48690,0.48780,0.48400,0.48690,4329812
2024-04-21T05:00:00Z,0.48690,0.49020,0.48550,0.48640,4280393
2024-04-21T06:00:00Z,0.48650,0.48770,0.48430,0.48440,2755262
2024-04-21T07:00:00Z,0.48440,0.48620,0.48230,0.48570,3394298
2024-04-21T08:00:00Z,0.48570,0.48770,0.48270,0.48290,3031830
2024-04-21T09:00:00Z,0.48290,0.48410,0.48040,0.48220,4759070
2024-04-21T10:00:00Z,0.48220,0.48300,0.47900,0.48220,5145443
2024-04-21T11:00:00Z,0.48220,0.48690,0.48120,0.48280,4732578
2024-04-21T12:00:00Z,0.48280,0.48350,0.47850,0.47960,4053579
2024-04-21T13:00:00Z,0.47950,0.48230,0.47410,0.47640,8796852
2024-04-21T14:00:00Z,0.47650,0.47990,0.47630,0.47710,3784458
2024-04-21T15:00:00Z,0.47710,0.48250,0.47700,0.47930,3966849
2024-04-21T16:00:00Z,0.47940,0.48010,0.46760,0.47380,12877577
2024-04-21T17:00:00Z,0.47380,0.47640,0.46960,0.47560,5632219
2024-04-21T18:00:00Z,0.47570,0.47590,0.47270,0.47390,2535575
2024-04-21T19:00:00Z,0.47390,0.47590,0.47260,0.47270,2552604
2024-04-21T20:00:00Z,0.47270,0.47570,0.47090,0.47550,4396781
2024-04-21T21:00:00Z,0.47550,0.48030,0.47390,0.47480,5029996
2024-04-21T22:00:00Z,0.47490,0.47920,0.47440,0.47670,5831866
2024-04-21T23:00:00Z,0.47680,0.47760,0.47360,0.47470,3193055
2024-04-22T00:00:00Z,0.47470,0.48030,0.47230,0.47480,7181653
2024-04-22T01:00:00Z,0.47480,0.48170,0.47190,0.47320,7922178
2024-04-22T02:00:00Z,0.47320,0.47580,0.47060,0.47430,4550508
2024-04-22T03:00:00Z,0.47440,0.48920,0.47370,0.48630,6533012
2024-04-22T04:00:00Z,0.48640,0.48960,0.48520,0.48820,5947645
2024-04-22T05:00:00Z,0.48820,0.49180,0.48670,0.49160,4085342
2024-04-22T06:00:00Z,0.49150,0.49490,0.49020,0.49030,5230334
2024-04-22T07:00:00Z,0.49020,0.49150,0.48560,0.48570,6047536
2024-04-22T08:00:00Z,0.48580,0.48770,0.48280,0.48350,5251770
2024-04-22T09:00:00Z,0.48360,0.48870,0.48270,0.48770,4626509
2024-04-22T10:00:00Z,0.48770,0.49080,0.48680,0.49040,3849810
2024-04-22T11:00:00Z,0.49040,0.49060,0.48570,0.48720,4414333
2024-04-22T12:00:00Z,0.48710,0.49100,0.48640,0.48950,4841713
2024-04-22T13:00:00Z,0.48960,0.49130,0.48460,0.48940,5627335
2024-04-22T14:00:00Z,0.48950,0.49080,0.48500,0.48580,4205068
2024-04-22T15:00:00Z,0.48580,0.49010,0.48230,0.48930,9428746
2024-04-22T16:00:00Z,0.48930,0.49180,0.48450,0.48750,4760263
2024-04-22T17:00:00Z,0.48750,0.49370,0.48720,0.49120,3595421
2024-04-22T18:00:00Z,0.49110,0.49250,0.49010,0.49070,2189082
2024-04-22T19:00:00Z,0.49070,0.49140,0.48720,0.49070,2248224
2024-04-22T20:00:00Z,0.49070,0.49380,0.48980,0.49260,2369655
2024-04-22T21:00:00Z,0.49260,0.49300,0.49120,0.49150,1502468
2024-04-22T22:00:00Z,0.49160,0.49580,0.49120,0.49480,3619096
2024-04-22T23:00:00Z,0.49480,0.49620,0.48990,0.49070,5377544
2024-04-23T00:00:00Z,0.49070,0.49360,0.48980,0.49230,5847744
2024-04-23T01:00:00Z,0.49230,0.49290,0.48980,0.48990,3935926
2024-04-23T02:00:00Z,0.48990,0.49090,0.48420,0.48530,3392516
2024-04-23T03:00:00Z,0.48540,0.48800,0.48240,0.48410,4446077
2024-04-23T04:00:00Z,0.48410,0.48600,0.47940,0.48230,5187715
2024-04-23T05:00:00Z,0.48230,0.48660,0.48060,0.48530,3885543
2024-04-23T06:00:00Z,0.48540,0.48740,0.48140,0.48260,4014461
2024-04-23T07:00:00Z,0.48260,0.48450,0.47780,0.48080,4963520
2024-04-23T08:00:00Z,0.48090,0.48390,0.47880,0.48300,3807096
2024-04-23T09:00:00Z,0.48310,0.48530,0.48070,0.48170,3270610
2024-04-23T10:00:00Z,0.48170,0.48640,0.48170,0.48440,3508763
2024-04-23T11:00:00Z,0.48450,0.48470,0.48000,0.48200,4906284
2024-04-23T12:00:00Z,0.48200,0.48530,0.48070,0.48330,5163313
2024-04-23T13:00:00Z,0.48340,0.48720,0.48000,0.48640,5950981
2024-04-23T14:00:00Z,0.48650,0.49190,0.48550,0.49060,8957829
2024-04-23T15:00:00Z,0.49060,0.49240,0.48770,0.48900,5608590
2024-04-23T16:00:00Z,0.48900,0.49190,0.48700,0.48990,3586136
2024-04-23T17:00:00Z,0.48990,0.49180,0.48640,0.48970,4126643
2024-04-23T18:00:00Z,0.48970,0.48990,0.48430,0.48740,4343955
2024-04-23T19:00:00Z,0.48730,0.49240,0.48380,0.49200,6840502
2024-04-23T20:00:00Z,0.49210,0.49360,0.48610,0.49270,7476380
2024-04-23T21:00:00Z,0.49270,0.49270,0.48800,0.48970,3184035
2024-04-23T22:00:00Z,0.48960,0.49240,0.48800,0.48880,4723960
2024-04-23T23:00:00Z,0.48880,0.48930,0.48550,0.48870,3963972
2024-04-24T00:00:00Z,0.48860,0.49250,0.48440,0.49240,8201081
2024-04-24T01:00:00Z,0.49250,0.49730,0.49190,0.49260,8122526
2024-04-24T02:00:00Z,0.49270,0.49420,0.48670,0.48890,6085677
2024-04-24T03:00:00Z,0.48880,0.49100,0.48740,0.48980,3882223
2024-04-24T04:00:00Z,0.48980,0.49990,0.48900,0.49920,5925180
2024-04-24T05:00:00Z,0.49930,0.50380,0.49770,0.50140,8047856
2024-04-24T06:00:00Z,0.50140,0.50430,0.49490,0.50290,8324696
2024-04-24T07:00:00Z,0.50290,0.50520,0.49920,0.50010,5865888
2024-04-24T08:00:00Z,0.50000,0.50160,0.49550,0.49650,6019686
2024-04-24T09:00:00Z,0.49650,0.49840,0.49180,0.49800,9625643
2024-04-24T10:00:00Z,0.49800,0.50150,0.49550,0.49800,8093574
2024-04-24T11:00:00Z,0.49800,0.50590,0.49750,0.50440,8425969
2024-04-24T12:00:00Z,0.50440,0.50580,0.49970,0.49980,7125021
2024-04-24T13:00:00Z,0.49970,0.49980,0.48960,0.49030,13009974
2024-04-24T14:00:00Z,0.49020,0.49390,0.47490,0.48220,25742332
2024-04-24T15:00:00Z,0.48220,0.48230,0.47170,0.47310,12768612
2024-04-24T16:00:00Z,0.47300,0.47530,0.46700,0.47000,13197539
2024-04-24T17:00:00Z,0.46990,0.47650,0.46920,0.47270,5898156
2024-04-24T18:00:00Z,0.47270,0.47280,0.46420,0.46700,7483886
2024-04-24T19:00:00Z,0.46690,0.47330,0.46240,0.46970,9198160
2024-04-24T20:00:00Z,0.46960,0.47150,0.46420,0.46660,7671875
2024-04-24T21:00:00Z,0.46670,0.46960,0.46320,0.46960,4402487
2024-04-24T22:00:00Z,0.46950,0.47050,0.45980,0.46220,9129684
2024-04-24T23:00:00Z,0.46220,0.46440,0.45750,0.46390,14749858
2024-04-25T00:00:00Z,0.46380,0.46760,0.46200,0.46520,8472775
2024-04-25T01:00:00Z,0.46510,0.46850,0.45990,0.45990,7166712
2024-04-25T02:00:00Z,0.45980,0.46490,0.45640,0.46350,9354209
2024-04-25T03:00:00Z,0.46340,0.46580,0.45730,0.45930,9041544
2024-04-25T04:00:00Z,0.45940,0.46110,0.45080,0.46020,14964322
2024-04-25T05:00:00Z,0.46020,0.46340,0.45630,0.46080,4565546
2024-04-25T06:00:00Z,0.46080,0.46300,0.45970,0.46070,3645622
2024-04-25T07:00:00Z,0.46050,0.46230,0.45510,0.45560,6519181
2024-04-25T08:00:00Z,0.45570,0.45920,0.45300,0.45530,6482635
2024-04-25T09:00:00Z,0.45530,0.45950,0.45310,0.45480,4400604
2024-04-25T10:00:00Z,0.45490,0.45490,0.44820,0.45020,13361846
2024-04-25T11:00:00Z,0.45020,0.45630,0.44940,0.45460,5486915
2024-04-25T12:00:00Z,0.45460,0.45900,0.44810,0.44990,9066907
2024-04-25T13:00:00Z,0.44980,0.45290,0.44460,0.45140,13469114
2024-04-25T14:00:00Z,0.45150,0.45710,0.45050,0.45300,7406130
2024-04-25T15:00:00Z,0.45300,0.46370,0.45140,0.46300,9841945
2024-04-25T16:00:00Z,0.46300,0.46640,0.46140,0.46500,10636414
2024-04-25T17:00:00Z,0.46500,0.46760,0.46320,0.46620,5798917
2024-04-25T18:00:00Z,0.46610,0.46930,0.46430,0.46900,5566269
2024-04-25T19:00:00Z,0.46910,0.46990,0.46680,0.46860,3180396
2024-04-25T20:00:00Z,0.46860,0.47170,0.46680,0.46870,4683412
2024-04-25T21:00:00Z,0.46880,0.47130,0.46710,0.46730,3246953
2024-04-25T22:00:00Z,0.46720,0.46720,0.46300,0.46360,4340477
2024-04-25T23:00:00Z,0.46350,0.46460,0.46160,0.46290,3106091
2024-04-26T00:00:00Z,0.46300,0.46440,0.45470,0.45840,10015768
2024-04-26T01:00:00Z,0.45830,0.46170,0.45100,0.45990,10811278
2024-04-26T02:00:00Z,0.46000,0.46530,0.45920,0.46200,4847850
2024-04-26T03:00:00Z,0.46210,0.46520,0.46000,0.46070,5208284
2024-04-26T04:00:00Z,0.46080,0.46510,0.45800,0.46220,4801080
2024-04-26T05:00:00Z,0.46230,0.46680,0.46100,0.46630,4464098
2024-04-26T06:00:00Z,0.46620,0.46670,0.46030,0.46170,3350144
2024-04-26T07:00:00Z,0.46170,0.46330,0.45830,0.45920,5250437
2024-04-26T08:00:00Z,0.45920,0.46310,0.45770,0.45940,4835832
2024-04-26T09:00:00Z,0.45940,0.46140,0.45780,0.45940,4400190
2024-04-26T10:00:00Z,0.45940,0.46040,0.45330,0.45450,5430214
2024-04-26T11:00:00Z,0.45460,0.45720,0.45460,0.45590,2836561
2024-04-26T12:00:00Z,0.45590,0.45930,0.45210,0.45420,6566874
2024-04-26T13:00:00Z,0.45430,0.45990,0.44830,0.45900,11332407
2024-04-26T14:00:00Z,0.45900,0.46420,0.45460,0.45640,11539796
2024-04-26T15:00:00Z,0.45630,0.45750,0.45060,0.45570,6603989
2024-04-26T16:00:00Z,0.45560,0.45700,0.45340,0.45600,4626591
2024-04-26T17:00:00Z,0.45610,0.45820,0.45520,0.45760,3036758
2024-04-26T18:00:00Z,0.45760,0.45880,0.45640,0.45870,2308065
2024-04-26T19:00:00Z,0.45860,0.45960,0.45720,0.45810,2421598
2024-04-26T20:00:00Z,0.45810,0.46330,0.45810,0.46010,3930637
2024-04-26T21:00:00Z,0.46020,0.46160,0.45900,0.46110,1171680
2024-04-26T22:00:00Z,0.46110,0.46120,0.45340,0.45430,6774879
2024-04-26T23:00:00Z,0.45420,0.45590,0.45390,0.45500,2374345
2024-04-27T00:00:00Z,0.45490,0.45730,0.44770,0.45180,12259498
2024-04-27T01:00:00Z,0.45200,0.45250,0.43560,0.44340,25059261
2024-04-27T02:00:00Z,0.44330,0.45280,0.44210,0.44940,6192535
2024-04-27T03:00:00Z,0.44930,0.45340,0.44930,0.45170,5212628
2024-04-27T04:00:00Z,0.45160,0.45540,0.45100,0.45420,4701758
2024-04-27T05:00:00Z,0.45420,0.45460,0.45010,0.45170,3049501
2024-04-27T06:00:00Z,0.45170,0.45390,0.44950,0.45080,3147387
2024-04-27T07:00:00Z,0.45080,0.45210,0.44810,0.44860,2962562
2024-04-27T08:00:00Z,0.44860,0.44950,0.44700,0.44940,2901136
2024-04-27T09:00:00Z,0.44940,0.45320,0.44820,0.45100,3918570
2024-04-27T10:00:00Z,0.45110,0.45190,0.44750,0.44790,3130979
2024-04-27T11:00:00Z,0.44780,0.44810,0.44430,0.44560,5778332
2024-04-27T12:00:00Z,0.44560,0.44990,0.44450,0.44750,4887177
2024-04-27T13:00:00Z,0.44730,0.45130,0.44650,0.45120,4057547
2024-04-27T14:00:00Z,0.45120,0.45360,0.44910,0.44980,5110129
2024-04-27T15:00:00Z,0.44980,0.45140,0.44590,0.44730,3217241
2024-04-27T16:00:00Z,0.44730,0.44850,0.44500,0.44610,3592934
2024-04-27T17:00:00Z,0.44620,0.45990,0.44590,0.45940,8025583
2024-04-27T18:00:00Z,0.45940,0.46370,0.45250,0.45580,10867944
2024-04-27T19:00:00Z,0.45580,0.45630,0.45290,0.45500,3047320
2024-04-27T20:00:00Z,0.45500,0.45610,0.45260,0.45600,4554543
2024-04-27T21:00:00Z,0.45600,0.45700,0.45490,0.45620,1860371
2024-04-27T22:00:00Z,0.45610,0.45740,0.45350,0.45460,4264419
2024-04-27T23:00:00Z,0.45460,0.45790,0.45460,0.45580,2815417
2024-04-28T00:00:00Z,0.45590,0.46060,0.45530,0.46010,7020884
2024-04-28T01:00:00Z,0.46000,0.46260,0.45830,0.46160,3752876
2024-04-28T02:00:00Z,0.46160,0.46560,0.45990,0.46450,2412232
2024-04-28T03:00:00Z,0.46450,0.46730,0.46370,0.46390,3441651
2024-04-28T04:00:00Z,0.46390,0.46420,0.46020,0.46080,2409576
2024-04-28T05:00:00Z,0.46080,0.46290,0.46050,0.46190,1748856
2024-04-28T06:00:00Z,0.46190,0.46470,0.46120,0.46370,2641798
2024-04-28T07:00:00Z,0.46370,0.46600,0.46280,0.46350,2810653
2024-04-28T08:00:00Z,0.46350,0.46420,0.45940,0.46060,3497294
2024-04-28T09:00:00Z,0.46070,0.46180,0.45740,0.45910,2992550
2024-04-28T10:00:00Z,0.45910,0.46020,0.45570,0.45880,3425621
2024-04-28T11:00:00Z,0.45880,0.45900,0.45350,0.45460,4490632
2024-04-28T12:00:00Z,0.45450,0.45640,0.45380,0.45610,2271967
2024-04-28T13:00:00Z,0.45600,0.46030,0.45580,0.45820,5370510
2024-04-28T14:00:00Z,0.45820,0.46010,0.45640,0.45940,5158746
2024-04-28T15:00:00Z,0.45930,0.46090,0.45870,0.45980,2817955
2024-04-28T16:00:00Z,0.45990,0.46190,0.45850,0.46050,3105944
2024-04-28T17:00:00Z,0.46040,0.46160,0.45990,0.46070,1576908
2024-04-28T18:00:00Z,0.46080,0.46320,0.45940,0.46230,3798354
2024-04-28T19:00:00Z,0.46230,0.46250,0.45850,0.45910,2513748
2024-04-28T20:00:00Z,0.45910,0.45970,0.45750,0.45960,2149040
2024-04-28T21:00:00Z,0.45950,0.46000,0.45750,0.45810,1685093
2024-04-28T22:00:00Z,0.45810,0.45900,0.45020,0.45150,12785500
2024-04-28T23:00:00Z,0.45150,0.45150,0.44560,0.44790,8248078
2024-04-29T00:00:00Z,0.44780,0.45050,0.44660,0.45000,6707898
2024-04-29T01:00:00Z,0.45000,0.45180,0.44800,0.45170,5332673
2024-04-29T02:00:00Z,0.45180,0.45290,0.44280,0.44530,6288965
2024-04-29T03:00:00Z,0.44530,0.44620,0.44000,0.44080,7536608
2024-04-29T04:00:00Z,0.44070,0.44460,0.43900,0.44360,6577096
2024-04-29T05:00:00Z,0.44360,0.44360,0.43950,0.44280,2485475
2024-04-29T06:00:00Z,0.44280,0.44290,0.43170,0.43510,14348169
2024-04-29T07:00:00Z,0.43500,0.43760,0.43320,0.43640,7137016
2024-04-29T08:00:00Z,0.43640,0.43660,0.43050,0.43480,7818638
2024-04-29T09:00:00Z,0.43490,0.43790,0.43350,0.43660,4389477
2024-04-29T10:00:00Z,0.43660,0.43910,0.43330,0.43490,4825487
2024-04-29T11:00:00Z,0.43490,0.43620,0.43300,0.43400,2970238
2024-04-29T12:00:00Z,0.43390,0.43750,0.43150,0.43670,6893329
2024-04-29T13:00:00Z,0.43680,0.43840,0.43110,0.43310,8875278
2024-04-29T14:00:00Z,0.43320,0.44120,0.43160,0.44010,8784206
2024-04-29T15:00:00Z,0.44020,0.44260,0.43940,0.44240,4736600
2024-04-29T16:00:00Z,0.44230,0.44350,0.43770,0.43870,6035924
2024-04-29T17:00:00Z,0.43860,0.44080,0.43800,0.43960,2906933
2024-04-29T18:00:00Z,0.43950,0.43970,0.43600,0.43750,2500336
2024-04-29T19:00:00Z,0.43740,0.43780,0.43390,0.43770,5387224
2024-04-29T20:00:00Z,0.43770,0.43950,0.43440,0.43560,3606574
2024-04-29T21:00:00Z,0.43540,0.43590,0.43160,0.43460,2842493
2024-04-29T22:00:00Z,0.43460,0.44480,0.43400,0.44330,9538163
2024-04-29T23:00:00Z,0.44320,0.44710,0.44270,0.44320,5501240
2024-04-30T00:00:00Z,0.44330,0.44840,0.44090,0.44690,8523617
2024-04-30T01:00:00Z,0.44690,0.44700,0.43790,0.43830,6370285
2024-04-30T02:00:00Z,0.43820,0.44450,0.43310,0.44380,10026222
2024-04-30T03:00:00Z,0.44370,0.44530,0.44200,0.44350,4031132
2024-04-30T04:00:00Z,0.44350,0.44400,0.44090,0.44170,3004249
2024-04-30T05:00:00Z,0.44180,0.44290,0.43800,0.44120,2822780
2024-04-30T06:00:00Z,0.44110,0.44380,0.44020,0.44330,2577449
2024-04-30T07:00:00Z,0.44330,0.44360,0.43890,0.43940,2773737
2024-04-30T08:00:00Z,0.43930,0.44060,0.42450,0.42720,18342495
2024-04-30T09:00:00Z,0.42720,0.42970,0.42500,0.42570,13671654
2024-04-30T10:00:00Z,0.42570,0.42730,0.42180,0.42400,9368847
2024-04-30T11:00:00Z,0.42390,0.42390,0.41600,0.41820,12088968
2024-04-30T12:00:00Z,0.41810,0.42050,0.41020,0.41650,20829856
2024-04-30T13:00:00Z,0.41660,0.41730,0.41090,0.41320,11842871
2024-04-30T14:00:00Z,0.41310,0.41910,0.41240,0.41670,14061562
2024-04-30T15:00:00Z,0.41670,0.41860,0.41030,0.41250,10120611
2024-04-30T16:00:00Z,0.41260,0.41270,0.40320,0.41000,21534427
2024-04-30T17:00:00Z,0.41000,0.41110,0.40790,0.40930,5902226
2024-04-30T18:00:00Z,0.40940,0.41030,0.40630,0.40900,4455334
2024-04-30T19:00:00Z,0.40900,0.41060,0.40140,0.40570,11200968
2024-04-30T20:00:00Z,0.40570,0.41250,0.40570,0.41120,7192740
2024-04-30T21:00:00Z,0.41120,0.41390,0.41090,0.41320,3777115
2024-04-30T22:00:00Z,0.41320,0.42150,0.41270,0.41780,12004367
2024-04-30T23:00:00Z,0.41790,0.41960,0.41550,0.41790,5901555
2024-05-01T00:00:00Z,0.41780,0.41990,0.41210,0.41330,12957302
2024-05-01T01:00:00Z,0.41340,0.41920,0.41090,0.41760,16146023
2024-05-01T02:00:00Z,0.41750,0.41830,0.41230,0.41740,8999475
2024-05-01T03:00:00Z,0.41730,0.41970,0.41650,0.41930,2848317
2024-05-01T04:00:00Z,0.41940,0.42100,0.41880,0.41980,3593331
2024-05-01T05:00:00Z,0.41990,0.42120,0.41760,0.41910,4869012
2024-05-01T06:00:00Z,0.41920,0.41960,0.41360,0.41380,4870408
2024-05-01T07:00:00Z,0.41380,0.41530,0.40170,0.40570,30541808
2024-05-01T08:00:00Z,0.40580,0.40680,0.39550,0.40580,20105407
2024-05-01T09:00:00Z,0.40580,0.40960,0.40460,0.40750,10256484
2024-05-01T10:00:00Z,0.40740,0.41030,0.40630,0.40890,7298434
2024-05-01T11:00:00Z,0.40900,0.41110,0.40720,0.41110,4674606
2024-05-01T12:00:00Z,0.41110,0.41620,0.40980,0.41580,8511605
2024-05-01T13:00:00Z,0.41590,0.41650,0.41050,0.41240,8903975
2024-05-01T14:00:00Z,0.41240,0.41370,0.40780,0.41020,7465185
2024-05-01T15:00:00Z,0.41030,0.41030,0.40350,0.40760,10038057
2024-05-01T16:00:00Z,0.40750,0.41050,0.40490,0.40650,8391789
2024-05-01T17:00:00Z,0.40660,0.41440,0.40430,0.41280,5608818
2024-05-01T18:00:00Z,0.41280,0.42940,0.41280,0.42760,25411235
2024-05-01T19:00:00Z,0.42760,0.42990,0.41320,0.41550,15831150
2024-05-01T20:00:00Z,0.41550,0.42020,0.41250,0.41860,5428129
2024-05-01T21:00:00Z,0.41860,0.42410,0.41770,0.42240,3898193
2024-05-01T22:00:00Z,0.42250,0.42530,0.42220,0.42260,4328882
2024-05-01T23:00:00Z,0.42250,0.42560,0.42190,0.42390,3694240
2024-05-02T00:00:00Z,0.42390,0.42530,0.41720,0.41830,7050606
2024-05-02T01:00:00Z,0.41820,0.42010,0.41160,0.41720,11437385
2024-05-02T02:00:00Z,0.41720,0.41990,0.41660,0.41820,4786766
2024-05-02T03:00:00Z,0.41830,0.42200,0.41790,0.42040,5072000
2024-05-02T04:00:00Z,0.42030,0.42190,0.41810,0.41930,2751298
2024-05-02T05:00:00Z,0.41920,0.42120,0.41700,0.42080,4271844
2024-05-02T06:00:00Z,0.42080,0.42220,0.41850,0.41930,3223990
2024-05-02T07:00:00Z,0.41920,0.42200,0.41910,0.41980,4152020
2024-05-02T08:00:00Z,0.41990,0.42300,0.41870,0.42270,4815660
2024-05-02T09:00:00Z,0.42260,0.42410,0.42080,0.42360,2610053
2024-05-02T10:00:00Z,0.42360,0.42630,0.42230,0.42510,4941417
2024-05-02T11:00:00Z,0.42510,0.43290,0.42470,0.43200,9439623
2024-05-02T12:00:00Z,0.43210,0.43320,0.42890,0.42910,8820680
2024-05-02T13:00:00Z,0.42910,0.43050,0.42610,0.42740,8491032
2024-05-02T14:00:00Z,0.42750,0.43270,0.42540,0.43220,6689716
2024-05-02T15:00:00Z,0.43220,0.43560,0.43150,0.43410,7408128
2024-05-02T16:00:00Z,0.43420,0.43470,0.43080,0.43160,4107581
2024-05-02T17:00:00Z,0.43160,0.43520,0.43130,0.43480,2795312
2024-05-02T18:00:00Z,0.43490,0.43770,0.43300,0.43570,5650122
2024-05-02T19:00:00Z,0.43560,0.43710,0.43380,0.43700,2007877
2024-05-02T20:00:00Z,0.43710,0.43760,0.43100,0.43380,4363590
2024-05-02T21:00:00Z,0.43370,0.43830,0.43340,0.43620,3411581
2024-05-02T22:00:00Z,0.43610,0.43860,0.43510,0.43640,5398194
2024-05-02T23:00:00Z,0.43640,0.43680,0.43340,0.43370,5028265
2024-05-03T00:00:00Z,0.43360,0.43550,0.43120,0.43290,7173564
2024-05-03T01:00:00Z,0.43300,0.44070,0.43250,0.43760,9215452
2024-05-03T02:00:00Z,0.43760,0.44150,0.43580,0.43650,3399415
2024-05-03T03:00:00Z,0.43660,0.43840,0.43590,0.43670,4184702
2024-05-03T04:00:00Z,0.43660,0.43730,0.43330,0.43470,3264562
2024-05-03T05:00:00Z,0.43470,0.43690,0.43340,0.43470,2849453
2024-05-03T06:00:00Z,0.43480,0.43540,0.43200,0.43220,2567682
2024-05-03T07:00:00Z,0.43210,0.43410,0.42950,0.43050,7076419
2024-05-03T08:00:00Z,0.43040,0.43410,0.43020,0.43240,4782318
2024-05-03T09:00:00Z,0.43250,0.43500,0.43200,0.43380,3593003
2024-05-03T10:00:00Z,0.43390,0.43410,0.42770,0.43110,6045532
2024-05-03T11:00:00Z,0.43100,0.43270,0.42920,0.43170,3437379
2024-05-03T12:00:00Z,0.43180,0.44500,0.43100,0.44300,17845327
2024-05-03T13:00:00Z,0.44310,0.44860,0.44260,0.44780,12763381
2024-05-03T14:00:00Z,0.44790,0.44940,0.44530,0.44750,8260096
2024-05-03T15:00:00Z,0.44750,0.44980,0.44550,0.44880,4544976
2024-05-03T16:00:00Z,0.44880,0.45210,0.44870,0.44940,5402340
2024-05-03T17:00:00Z,0.44940,0.45110,0.44870,0.45030,2407445
2024-05-03T18:00:00Z,0.45030,0.45110,0.44870,0.44890,1697030
2024-05-03T19:00:00Z,0.44880,0.45030,0.44730,0.45020,3215869
2024-05-03T20:00:00Z,0.45010,0.45470,0.44930,0.45280,8472943
2024-05-03T21:00:00Z,0.45290,0.45410,0.45120,0.45290,2374769
2024-05-03T22:00:00Z,0.45300,0.45370,0.45160,0.45230,3764462
2024-05-03T23:00:00Z,0.45240,0.45380,0.45070,0.45090,4318002
2024-05-04T00:00:00Z,0.45100,0.45460,0.45080,0.45210,5433215
2024-05-04T01:00:00Z,0.45210,0.45290,0.44870,0.44870,7973247
2024-05-04T02:00:00Z,0.44870,0.44990,0.44630,0.44800,4451892
2024-05-04T03:00:00Z,0.44790,0.45020,0.44740,0.44970,2723158
2024-05-04T04:00:00Z,0.44970,0.45210,0.44840,0.45060,4112406
2024-05-04T05:00:00Z,0.45060,0.45100,0.44750,0.44960,2106960
2024-05-04T06:00:00Z,0.44950,0.44950,0.44650,0.44720,2295071
2024-05-04T07:00:00Z,0.44720,0.44830,0.44590,0.44650,2056067
2024-05-04T08:00:00Z,0.44650,0.44880,0.44620,0.44760,3055481
2024-05-04T09:00:00Z,0.44770,0.44860,0.44610,0.44650,1953110
2024-05-04T10:00:00Z,0.44650,0.45520,0.44580,0.45510,5521033
2024-05-04T11:00:00Z,0.45510,0.45570,0.44890,0.45050,7036100
2024-05-04T12:00:00Z,0.45050,0.45350,0.44950,0.45290,3726126
2024-05-04T13:00:00Z,0.45300,0.45360,0.44640,0.45080,8482462
2024-05-04T14:00:00Z,0.45070,0.45450,0.44940,0.45300,4918502
2024-05-04T15:00:00Z,0.45300,0.45400,0.45130,0.45390,3695293
2024-05-04T16:00:00Z,0.45400,0.45400,0.45090,0.45290,5224606
2024-05-04T17:00:00Z,0.45300,0.45310,0.44800,0.45070,4538663
2024-05-04T18:00:00Z,0.45060,0.45320,0.44990,0.45200,1949685
2024-05-04T19:00:00Z,0.45210,0.45430,0.45110,0.45400,2372386
2024-05-04T20:00:00Z,0.45410,0.45490,0.45170,0.45190,2443824
2024-05-04T21:00:00Z,0.45190,0.45300,0.44740,0.45050,2431483
2024-05-04T22:00:00Z,0.45040,0.45100,0.44870,0.44920,3138393
2024-05-04T23:00:00Z,0.44920,0.45030,0.44860,0.44910,2608310
2024-05-05T00:00:00Z,0.44920,0.45040,0.44340,0.44890,11813557
2024-05-05T01:00:00Z,0.44890,0.44950,0.44200,0.44550,7545576
2024-05-05T02:00:00Z,0.44550,0.44680,0.44350,0.44350,3482183
2024-05-05T03:00:00Z,0.44350,0.44490,0.44160,0.44420,3233807
2024-05-05T04:00:00Z,0.44420,0.44530,0.44340,0.44380,2253720
2024-05-05T05:00:00Z,0.44380,0.44520,0.44160,0.44210,2124745
2024-05-05T06:00:00Z,0.44200,0.44360,0.44060,0.44270,2366440
2024-05-05T07:00:00Z,0.44270,0.44630,0.44210,0.44540,2978618
2024-05-05T08:00:00Z,0.44540,0.44940,0.44440,0.44740,3922222
2024-05-05T09:00:00Z,0.44750,0.44840,0.44540,0.44720,2482647
2024-05-05T10:00:00Z,0.44730,0.44810,0.44510,0.44630,2053906
2024-05-05T11:00:00Z,0.44630,0.44780,0.44510,0.44570,3171945
2024-05-05T12:00:00Z,0.44570,0.44630,0.44370,0.44430,2488173
2024-05-05T13:00:00Z,0.44420,0.44770,0.44300,0.44650,3925767
2024-05-05T14:00:00Z,0.44650,0.45090,0.44360,0.45050,5353916
2024-05-05T15:00:00Z,0.45050,0.45680,0.44920,0.45640,8251507
2024-05-05T16:00:00Z,0.45640,0.45830,0.45430,0.45500,5187725
2024-05-05T17:00:00Z,0.45490,0.45640,0.45340,0.45430,2494741
2024-05-05T18:00:00Z,0.45420,0.45420,0.44980,0.45180,3227909
2024-05-05T19:00:00Z,0.45170,0.45270,0.45080,0.45110,1607069
2024-05-05T20:00:00Z,0.45110,0.45180,0.44850,0.45090,3564739
2024-05-05T21:00:00Z,0.45090,0.45120,0.44930,0.45100,1968594
2024-05-05T22:00:00Z,0.45100,0.45130,0.44960,0.45060,2986464
2024-05-05T23:00:00Z,0.45050,0.45260,0.45050,0.45150,1918426
2024-05-06T00:00:00Z,0.45150,0.45540,0.45090,0.45500,5373470
2024-05-06T01:00:00Z,0.45500,0.45670,0.45150,0.45170,3714454
2024-05-06T02:00:00Z,0.45170,0.45250,0.44890,0.44900,2360631
2024-05-06T03:00:00Z,0.44900,0.44990,0.44670,0.44930,3549062
2024-05-06T04:00:00Z,0.44920,0.45120,0.44820,0.45100,2097809
2024-05-06T05:00:00Z,0.45100,0.45460,0.44990,0.45420,2398493
2024-05-06T06:00:00Z,0.45420,0.45720,0.45350,0.45630,4938411
2024-05-06T07:00:00Z,0.45620,0.46020,0.45610,0.45990,5146864
2024-05-06T08:00:00Z,0.45990,0.47070,0.45970,0.46800,10970701
2024-05-06T09:00:00Z,0.46800,0.46980,0.46610,0.46770,3756403
2024-05-06T10:00:00Z,0.46770,0.46930,0.45520,0.45790,9497060
2024-05-06T11:00:00Z,0.45780,0.46260,0.45780,0.46170,4540374
2024-05-06T12:00:00Z,0.46170,0.46220,0.44780,0.45190,12253298
2024-05-06T13:00:00Z,0.45190,0.45700,0.45050,0.45650,9134342
2024-05-06T14:00:00Z,0.45660,0.45810,0.44630,0.44680,8180340
2024-05-06T15:00:00Z,0.44680,0.45300,0.44380,0.45230,8749884
2024-05-06T16:00:00Z,0.45220,0.45330,0.44800,0.44880,4211282
2024-05-06T17:00:00Z,0.44870,0.45190,0.44600,0.44840,4733839
2024-05-06T18:00:00Z,0.44850,0.45040,0.44720,0.44940,5738931
2024-05-06T19:00:00Z,0.44940,0.44960,0.44310,0.44720,7061341
2024-05-06T20:00:00Z,0.44720,0.44910,0.44600,0.44840,2406510
2024-05-06T21:00:00Z,0.44850,0.44930,0.44740,0.44830,1896340
2024-05-06T22:00:00Z,0.44820,0.44830,0.44420,0.44560,4107750
2024-05-06T23:00:00Z,0.44550,0.44560,0.44200,0.44250,2497592
2024-05-07T00:00:00Z,0.44260,0.44570,0.43920,0.44310,8674278
2024-05-07T01:00:00Z,0.44320,0.44540,0.44180,0.44490,5792514
2024-05-07T02:00:00Z,0.44490,0.44500,0.44280,0.44320,2379994
2024-05-07T03:00:00Z,0.44330,0.44400,0.43230,0.43710,11486716
2024-05-07T04:00:00Z,0.43710,0.44000,0.43650,0.44000,3798050
2024-05-07T05:00:00Z,0.44000,0.44040,0.43590,0.43760,4706639
2024-05-07T06:00:00Z,0.43750,0.43840,0.43550,0.43740,3239861
2024-05-07T07:00:00Z,0.43730,0.44010,0.43690,0.43890,2636297
2024-05-07T08:00:00Z,0.43890,0.44540,0.43780,0.44420,5907372
2024-05-07T09:00:00Z,0.44430,0.44740,0.44330,0.44380,5141993
2024-05-07T10:00:00Z,0.44390,0.44490,0.44170,0.44420,4745263
2024-05-07T11:00:00Z,0.44410,0.44460,0.43910,0.43910,5797554
2024-05-07T12:00:00Z,0.43910,0.44310,0.43890,0.44250,5131674
2024-05-07T13:00:00Z,0.44240,0.44380,0.43820,0.43990,6868369
2024-05-07T14:00:00Z,0.43990,0.44590,0.43730,0.44540,7226239
2024-05-07T15:00:00Z,0.44550,0.44730,0.44320,0.44370,7297373
2024-05-07T16:00:00Z,0.44370,0.44540,0.44180,0.44310,3698146
2024-05-07T17:00:00Z,0.44310,0.44320,0.44100,0.44170,3376026
2024-05-07T18:00:00Z,0.44170,0.44170,0.43710,0.44030,5674874
2024-05-07T19:00:00Z,0.44030,0.44080,0.43840,0.43890,2758286
2024-05-07T20:00:00Z,0.43900,0.44080,0.43780,0.43910,3131431
2024-05-07T21:00:00Z,0.43910,0.44230,0.43600,0.43820,3448295
2024-05-07T22:00:00Z,0.43820,0.43860,0.43350,0.43590,5247392
2024-05-07T23:00:00Z,0.43590,0.43640,0.43070,0.43250,8083065
2024-05-08T00:00:00Z,0.43240,0.43420,0.42590,0.43240,10373301
2024-05-08T01:00:00Z,0.43240,0.43440,0.43050,0.43180,3509308
2024-05-08T02:00:00Z,0.43180,0.43410,0.43140,0.43310,2578091
2024-05-08T03:00:00Z,0.43310,0.43420,0.43120,0.43280,2057420
2024-05-08T04:00:00Z,0.43290,0.43350,0.42710,0.42920,3344746
2024-05-08T05:00:00Z,0.42920,0.43120,0.42710,0.43010,3613419
2024-05-08T06:00:00Z,0.43020,0.43140,0.42350,0.42880,10800856
2024-05-08T07:00:00Z,0.42870,0.43010,0.42550,0.42650,4981938
2024-05-08T08:00:00Z,0.42640,0.42980,0.42510,0.42880,6048871
2024-05-08T09:00:00Z,0.42870,0.42950,0.42450,0.42820,4557968
2024-05-08T10:00:00Z,0.42820,0.42980,0.42760,0.42830,2564700
2024-05-08T11:00:00Z,0.42830,0.42850,0.42470,0.42620,3239996
2024-05-08T12:00:00Z,0.42630,0.42850,0.42260,0.42530,5655440
2024-05-08T13:00:00Z,0.42530,0.43290,0.42390,0.43270,7122588
2024-05-08T14:00:00Z,0.43270,0.43820,0.42990,0.43660,7443560
2024-05-08T15:00:00Z,0.43660,0.43740,0.42970,0.43530,7529211
2024-05-08T16:00:00Z,0.43530,0.43540,0.43110,0.43530,3267083
2024-05-08T17:00:00Z,0.43530,0.43760,0.43360,0.43480,2946796
2024-05-08T18:00:00Z,0.43480,0.43920,0.43430,0.43700,3265322
2024-05-08T19:00:00Z,0.43700,0.43790,0.43160,0.43570,5456605
2024-05-08T20:00:00Z,0.43570,0.43810,0.42800,0.43040,10212903
2024-05-08T21:00:00Z,0.43040,0.43420,0.42860,0.43220,3545738
2024-05-08T22:00:00Z,0.43210,0.43310,0.42940,0.43120,4061341
2024-05-08T23:00:00Z,0.43120,0.43320,0.42970,0.43070,3618980
2024-05-09T00:00:00Z,0.43070,0.43220,0.42810,0.43110,6014250
2024-05-09T01:00:00Z,0.43100,0.43370,0.42990,0.43300,3084140
2024-05-09T02:00:00Z,0.43300,0.43540,0.43160,0.43510,2144730
2024-05-09T03:00:00Z,0.43510,0.43600,0.43240,0.43480,2010195
2024-05-09T04:00:00Z,0.43480,0.43680,0.43300,0.43350,2804049
2024-05-09T05:00:00Z,0.43350,0.43540,0.43260,0.43430,2027427
2024-05-09T06:00:00Z,0.43430,0.43640,0.43320,0.43390,2865984
2024-05-09T07:00:00Z,0.43390,0.43440,0.42850,0.42990,4221691
2024-05-09T08:00:00Z,0.42990,0.43130,0.42830,0.43090,2895708
2024-05-09T09:00:00Z,0.43080,0.43140,0.42500,0.42770,5684740
2024-05-09T10:00:00Z,0.42770,0.42820,0.42240,0.42280,5673070
2024-05-09T11:00:00Z,0.42280,0.43020,0.42140,0.42870,4237916
2024-05-09T12:00:00Z,0.42870,0.43350,0.42830,0.43170,3762870
2024-05-09T13:00:00Z,0.43180,0.43200,0.42640,0.42970,3409999
2024-05-09T14:00:00Z,0.42970,0.43300,0.42870,0.43180,3602222
2024-05-09T15:00:00Z,0.43170,0.43800,0.43070,0.43610,5010171
2024-05-09T16:00:00Z,0.43610,0.43900,0.43310,0.43330,4587765
2024-05-09T17:00:00Z,0.43340,0.43610,0.43280,0.43530,1946948
2024-05-09T18:00:00Z,0.43530,0.43780,0.43510,0.43720,2151553
2024-05-09T19:00:00Z,0.43730,0.43880,0.43660,0.43850,2323715
2024-05-09T20:00:00Z,0.43840,0.43930,0.43640,0.43750,1646505
2024-05-09T21:00:00Z,0.43750,0.43940,0.43730,0.43880,1377447
2024-05-09T22:00:00Z,0.43870,0.44560,0.43790,0.44450,5211027
2024-05-09T23:00:00Z,0.44450,0.44480,0.44140,0.44230,2570813
2024-05-10T00:00:00Z,0.44230,0.44440,0.44120,0.44260,5226822
2024-05-10T01:00:00Z,0.44270,0.44620,0.44080,0.44450,3969969
2024-05-10T02:00:00Z,0.44450,0.44510,0.44330,0.44410,1907844
2024-05-10T03:00:00Z,0.44410,0.44430,0.44260,0.44330,2340828
2024-05-10T04:00:00Z,0.44330,0.44590,0.44290,0.44570,4685539
2024-05-10T05:00:00Z,0.44570,0.44940,0.44350,0.44520,7980217
2024-05-10T06:00:00Z,0.44520,0.44920,0.44470,0.44820,2895477
2024-05-10T07:00:00Z,0.44820,0.44880,0.44600,0.44810,3398249
2024-05-10T08:00:00Z,0.44800,0.44890,0.44630,0.44790,2779254
2024-05-10T09:00:00Z,0.44780,0.44790,0.44560,0.44670,2237689
2024-05-10T10:00:00Z,0.44680,0.44720,0.44560,0.44610,1840214
2024-05-10T11:00:00Z,0.44610,0.44700,0.44450,0.44700,3171172
2024-05-10T12:00:00Z,0.44690,0.44770,0.44330,0.44490,4629324
2024-05-10T13:00:00Z,0.44500,0.44570,0.44260,0.44480,3064556
2024-05-10T14:00:00Z,0.44480,0.44560,0.42780,0.43030,20896160
2024-05-10T15:00:00Z,0.43020,0.43150,0.42680,0.42900,12471090
2024-05-10T16:00:00Z,0.42900,0.43000,0.42230,0.42790,13641198
2024-05-10T17:00:00Z,0.42780,0.42860,0.42170,0.42490,8174551
2024-05-10T18:00:00Z,0.42480,0.42600,0.42290,0.42580,5645210
2024-05-10T19:00:00Z,0.42590,0.42690,0.42150,0.42280,3436290
2024-05-10T20:00:00Z,0.42290,0.42500,0.41860,0.42130,6753912
2024-05-10T21:00:00Z,0.42120,0.42320,0.42040,0.42130,2400531
2024-05-10T22:00:00Z,0.42140,0.42170,0.41750,0.41990,4299445
2024-05-10T23:00:00Z,0.42000,0.42310,0.41970,0.42180,2751728
2024-05-11T00:00:00Z,0.42170,0.42450,0.42090,0.42260,5394233
2024-05-11T01:00:00Z,0.42260,0.42980,0.42240,0.42490,5975387
2024-05-11T02:00:00Z,0.42490,0.42620,0.42270,0.42540,2382717
2024-05-11T03:00:00Z,0.42550,0.42640,0.42360,0.42500,1788800
2024-05-11T04:00:00Z,0.42490,0.42540,0.42370,0.42410,2228238
2024-05-11T05:00:00Z,0.42410,0.42700,0.42410,0.42600,2779076
2024-05-11T06:00:00Z,0.42590,0.42790,0.42570,0.42620,2351525
2024-05-11T07:00:00Z,0.42630,0.42780,0.42600,0.42660,1730507
2024-05-11T08:00:00Z,0.42660,0.42690,0.42270,0.42400,2648940
2024-05-11T09:00:00Z,0.42400,0.42540,0.42310,0.42510,2923155
2024-05-11T10:00:00Z,0.42500,0.42520,0.42290,0.42430,3127445
2024-05-11T11:00:00Z,0.42420,0.42580,0.42110,0.42420,3237935
2024-05-11T12:00:00Z,0.42420,0.42690,0.42270,0.42390,2476122
2024-05-11T13:00:00Z,0.42400,0.42630,0.42290,0.42610,2741591
2024-05-11T14:00:00Z,0.42610,0.42640,0.42320,0.42400,2552221
2024-05-11T15:00:00Z,0.42400,0.42960,0.42400,0.42650,4605299
2024-05-11T16:00:00Z,0.42650,0.42750,0.42560,0.42620,1590263
2024-05-11T17:00:00Z,0.42620,0.42690,0.42540,0.42600,1198481
2024-05-11T18:00:00Z,0.42600,0.42630,0.42500,0.42510,1508608
2024-05-11T19:00:00Z,0.42510,0.42520,0.42270,0.42440,2279725
2024-05-11T20:00:00Z,0.42440,0.42450,0.42100,0.42340,2763494
2024-05-11T21:00:00Z,0.42340,0.42340,0.42080,0.42120,2238820
2024-05-11T22:00:00Z,0.42120,0.42240,0.42010,0.42140,3922577
2024-05-11T23:00:00Z,0.42130,0.42140,0.41860,0.41990,2684980
2024-05-12T00:00:00Z,0.41990,0.42270,0.41950,0.42120,4051820
2024-05-12T01:00:00Z,0.42120,0.42300,0.42110,0.42120,2095928
2024-05-12T02:00:00Z,0.42120,0.42230,0.42020,0.42170,1396264
2024-05-12T03:00:00Z,0.42170,0.42170,0.42040,0.42110,1306880
2024-05-12T04:00:00Z,0.42100,0.42290,0.42030,0.42280,1524979
2024-05-12T05:00:00Z,0.42270,0.42290,0.42160,0.42270,1691953
2024-05-12T06:00:00Z,0.42280,0.42320,0.42120,0.42160,1548024
2024-05-12T07:00:00Z,0.42170,0.42250,0.41780,0.41940,3106185
2024-05-12T08:00:00Z,0.41940,0.42190,0.41890,0.42100,3374301
2024-05-12T09:00:00Z,0.42110,0.42160,0.41970,0.42120,2061881
2024-05-12T10:00:00Z,0.42120,0.42550,0.42070,0.42340,4198146
2024-05-12T11:00:00Z,0.42340,0.42410,0.42230,0.42270,2077652
2024-05-12T12:00:00Z,0.42270,0.42320,0.42170,0.42200,3293635
2024-05-12T13:00:00Z,0.42210,0.42360,0.42130,0.42280,2778257
2024-05-12T14:00:00Z,0.42290,0.42380,0.42140,0.42170,2678018
2024-05-12T15:00:00Z,0.42170,0.42410,0.42080,0.42300,3494161
2024-05-12T16:00:00Z,0.42310,0.42560,0.42160,0.42170,2613887
2024-05-12T17:00:00Z,0.42170,0.42270,0.42010,0.42150,2840350
2024-05-12T18:00:00Z,0.42160,0.42170,0.41870,0.41880,2405565
2024-05-12T19:00:00Z,0.41890,0.41900,0.41720,0.41850,3187458
2024-05-12T20:00:00Z,0.41860,0.41900,0.41710,0.41770,2084282
2024-05-12T21:00:00Z,0.41760,0.41760,0.41340,0.41610,3952478
2024-05-12T22:00:00Z,0.41610,0.41650,0.41500,0.41600,2768580
2024-05-12T23:00:00Z,0.41610,0.41760,0.41540,0.41610,1976902
2024-05-13T00:00:00Z,0.41620,0.41910,0.41610,0.41760,4302563
2024-05-13T01:00:00Z,0.41750,0.41790,0.40830,0.41230,9341462
2024-05-13T02:00:00Z,0.41230,0.41330,0.40230,0.40580,16151303
2024-05-13T03:00:00Z,0.40580,0.40630,0.40030,0.40490,13332339
2024-05-13T04:00:00Z,0.40490,0.40510,0.40260,0.40370,3706310
2024-05-13T05:00:00Z,0.40370,0.40570,0.40290,0.40340,3562735
2024-05-13T06:00:00Z,0.40340,0.41090,0.40320,0.41050,5761349
2024-05-13T07:00:00Z,0.41050,0.41700,0.40960,0.41650,6297932
2024-05-13T08:00:00Z,0.41660,0.42420,0.41660,0.42310,11716602
2024-05-13T09:00:00Z,0.42310,0.42760,0.42300,0.42670,4762419
2024-05-13T10:00:00Z,0.42670,0.42690,0.42100,0.42230,4642300
2024-05-13T11:00:00Z,0.42240,0.42310,0.42030,0.42160,3500282
2024-05-13T12:00:00Z,0.42160,0.42240,0.41850,0.42110,3982839
2024-05-13T13:00:00Z,0.42110,0.42280,0.41960,0.42050,3236151
2024-05-13T14:00:00Z,0.42060,0.42320,0.42020,0.42060,4240736
2024-05-13T15:00:00Z,0.42060,0.42470,0.42050,0.42300,2578234
2024-05-13T16:00:00Z,0.42310,0.42720,0.42190,0.42540,5150216
2024-05-13T17:00:00Z,0.42540,0.42600,0.41660,0.41790,7377117
2024-05-13T18:00:00Z,0.41790,0.41850,0.41440,0.41650,3442211
2024-05-13T19:00:00Z,0.41650,0.41930,0.41630,0.41850,2373285
2024-05-13T20:00:00Z,0.41850,0.41900,0.41700,0.41790,1731520
2024-05-13T21:00:00Z,0.41790,0.41880,0.41580,0.41690,1288855
2024-05-13T22:00:00Z,0.41690,0.41770,0.41390,0.41460,3588611
2024-05-13T23:00:00Z,0.41470,0.41720,0.41450,0.41600,1955399
2024-05-14T00:00:00Z,0.41590,0.41840,0.41400,0.41460,5904663
2024-05-14T01:00:00Z,0.41460,0.41730,0.41140,0.41330,4467930
2024-05-14T02:00:00Z,0.41320,0.41490,0.41120,0.41480,4337947
2024-05-14T03:00:00Z,0.41480,0.41670,0.41270,0.41480,2736056
2024-05-14T04:00:00Z,0.41480,0.41690,0.41400,0.41520,2422787
2024-05-14T05:00:00Z,0.41520,0.41870,0.41460,0.41690,2413737
2024-05-14T06:00:00Z,0.41700,0.41700,0.40630,0.41400,11598535
2024-05-14T07:00:00Z,0.41390,0.41700,0.41360,0.41540,3839498
2024-05-14T08:00:00Z,0.41550,0.41550,0.41210,0.41410,2467475
2024-05-14T09:00:00Z,0.41400,0.41520,0.41270,0.41330,2216831
2024-05-14T10:00:00Z,0.41320,0.41520,0.41250,0.41460,2136101
2024-05-14T11:00:00Z,0.41450,0.41570,0.41400,0.41480,1641464
2024-05-14T12:00:00Z,0.41480,0.41670,0.41120,0.41350,7106239
2024-05-14T13:00:00Z,0.41360,0.41600,0.41160,0.41210,3642499
2024-05-14T14:00:00Z,0.41220,0.41450,0.40610,0.41100,11000918
2024-05-14T15:00:00Z,0.41090,0.41610,0.40970,0.41350,5459166
2024-05-14T16:00:00Z,0.41350,0.41360,0.40910,0.41060,4824966
2024-05-14T17:00:00Z,0.41070,0.41120,0.40520,0.40860,4993580
2024-05-14T18:00:00Z,0.40850,0.41170,0.40790,0.41120,1909335
2024-05-14T19:00:00Z,0.41120,0.41300,0.41020,0.41050,2007216
2024-05-14T20:00:00Z,0.41050,0.41090,0.40860,0.40910,1799955
2024-05-14T21:00:00Z,0.40920,0.41000,0.40700,0.40940,1558158
2024-05-14T22:00:00Z,0.40940,0.40950,0.40540,0.40730,2099983
2024-05-14T23:00:00Z,0.40720,0.40740,0.40440,0.40590,2548031
2024-05-15T00:00:00Z,0.40590,0.40880,0.40360,0.40530,6467112
2024-05-15T01:00:00Z,0.40530,0.40990,0.40530,0.40890,3138909
2024-05-15T02:00:00Z,0.40890,0.41090,0.40830,0.41010,4265755
2024-05-15T03:00:00Z,0.41020,0.41210,0.41010,0.41190,1856968
2024-05-15T04:00:00Z,0.41180,0.41240,0.41040,0.41120,2015866
2024-05-15T05:00:00Z,0.41110,0.41190,0.40920,0.40980,1699073
2024-05-15T06:00:00Z,0.40980,0.41030,0.40830,0.40970,2241103
2024-05-15T07:00:00Z,0.40970,0.41200,0.40940,0.41140,2431513
2024-05-15T08:00:00Z,0.41130,0.41280,0.40940,0.41060,3257434
2024-05-15T09:00:00Z,0.41060,0.41470,0.40720,0.41250,4583609
2024-05-15T10:00:00Z,0.41260,0.41360,0.41030,0.41190,2279984
2024-05-15T11:00:00Z,0.41180,0.41230,0.40650,0.40840,3571654
2024-05-15T12:00:00Z,0.40840,0.42030,0.40610,0.42020,13724989
2024-05-15T13:00:00Z,0.42020,0.42620,0.41880,0.42310,10608080
2024-05-15T14:00:00Z,0.42310,0.42970,0.42250,0.42940,5814681
2024-05-15T15:00:00Z,0.42940,0.43210,0.42800,0.42980,6536694
2024-05-15T16:00:00Z,0.42980,0.43170,0.42760,0.42930,5372322
2024-05-15T17:00:00Z,0.42930,0.43430,0.42920,0.43300,3566241
2024-05-15T18:00:00Z,0.43300,0.43550,0.43250,0.43530,3620052
2024-05-15T19:00:00Z,0.43520,0.44150,0.43390,0.44140,4660411
2024-05-15T20:00:00Z,0.44130,0.44270,0.43880,0.44180,4964398
2024-05-15T21:00:00Z,0.44180,0.44260,0.43920,0.43970,3092878
2024-05-15T22:00:00Z,0.43980,0.44060,0.43900,0.43940,3068887
2024-05-15T23:00:00Z,0.43940,0.44020,0.43750,0.43800,3763980
2024-05-16T00:00:00Z,0.43810,0.44110,0.43720,0.43910,6717101
2024-05-16T01:00:00Z,0.43900,0.44080,0.43780,0.43980,3536864
2024-05-16T02:00:00Z,0.43980,0.44140,0.43680,0.43820,2859781
2024-05-16T03:00:00Z,0.43830,0.44160,0.43750,0.44150,2744318
2024-05-16T04:00:00Z,0.44150,0.44160,0.43900,0.44040,1746778
2024-05-16T05:00:00Z,0.44040,0.44050,0.43860,0.43910,1278879
2024-05-16T06:00:00Z,0.43900,0.44080,0.43780,0.43990,2427403
2024-05-16T07:00:00Z,0.43990,0.44210,0.43970,0.44020,2921672
2024-05-16T08:00:00Z,0.44020,0.44160,0.43770,0.43860,2096601
2024-05-16T09:00:00Z,0.43850,0.43990,0.43680,0.43990,2232192
2024-05-16T10:00:00Z,0.43990,0.44010,0.43560,0.43700,5310564
2024-05-16T11:00:00Z,0.43700,0.43800,0.43570,0.43710,2100755
2024-05-16T12:00:00Z,0.43710,0.43730,0.43170,0.43310,12623163
2024-05-16T13:00:00Z,0.43310,0.43570,0.43130,0.43490,7296485
2024-05-16T14:00:00Z,0.43500,0.43540,0.42480,0.42550,13493411
2024-05-16T15:00:00Z,0.42550,0.43280,0.42420,0.43190,10209922
2024-05-16T16:00:00Z,0.43190,0.43270,0.42950,0.43170,5248069
2024-05-16T17:00:00Z,0.43170,0.43330,0.42720,0.43130,4575897
2024-05-16T18:00:00Z,0.43120,0.43260,0.43000,0.43150,2574347
2024-05-16T19:00:00Z,0.43140,0.43450,0.43090,0.43260,2352684
2024-05-16T20:00:00Z,0.43260,0.43310,0.43080,0.43240,3238116
2024-05-16T21:00:00Z,0.43240,0.43560,0.43220,0.43510,2141909
2024-05-16T22:00:00Z,0.43510,0.43650,0.43260,0.43580,2337765
2024-05-16T23:00:00Z,0.43570,0.43760,0.43450,0.43650,2532705
2024-05-17T00:00:00Z,0.43650,0.43670,0.43460,0.43610,3379057
2024-05-17T01:00:00Z,0.43610,0.43630,0.43150,0.43390,3366446
2024-05-17T02:00:00Z,0.43390,0.43470,0.43250,0.43360,1927859
2024-05-17T03:00:00Z,0.43360,0.43630,0.43300,0.43380,2165192
2024-05-17T04:00:00Z,0.43380,0.43460,0.43280,0.43340,1423139
2024-05-17T05:00:00Z,0.43350,0.43510,0.43320,0.43390,1368002
2024-05-17T06:00:00Z,0.43380,0.43780,0.43150,0.43710,2909424
2024-05-17T07:00:00Z,0.43700,0.44520,0.43690,0.44490,10417933
2024-05-17T08:00:00Z,0.44490,0.44630,0.44090,0.44210,4368660
2024-05-17T09:00:00Z,0.44220,0.44360,0.44120,0.44190,1683980
2024-05-17T10:00:00Z,0.44180,0.44440,0.44110,0.44370,2499073
2024-05-17T11:00:00Z,0.44370,0.44400,0.44200,0.44300,2171989
2024-05-17T12:00:00Z,0.44290,0.44780,0.44050,0.44660,4696462
2024-05-17T13:00:00Z,0.44670,0.44690,0.44170,0.44330,4499410
2024-05-17T14:00:00Z,0.44330,0.44670,0.44310,0.44590,2400348
2024-05-17T15:00:00Z,0.44590,0.45110,0.44400,0.45050,4775947
2024-05-17T16:00:00Z,0.45050,0.45520,0.44790,0.44830,6581215
2024-05-17T17:00:00Z,0.44840,0.45040,0.44800,0.44850,1932150
2024-05-17T18:00:00Z,0.44850,0.44960,0.44510,0.44930,4282217
2024-05-17T19:00:00Z,0.44940,0.44940,0.44720,0.44850,1218743
2024-05-17T20:00:00Z,0.44840,0.44870,0.44670,0.44820,1179176
2024-05-17T21:00:00Z,0.44820,0.44870,0.44700,0.44830,1354937
2024-05-17T22:00:00Z,0.44820,0.44960,0.44720,0.44860,1896724
2024-05-17T23:00:00Z,0.44860,0.44860,0.44660,0.44750,1773568
2024-05-18T00:00:00Z,0.44750,0.44870,0.44610,0.44770,3475637
2024-05-18T01:00:00Z,0.44760,0.44920,0.44540,0.44890,3034434
2024-05-18T02:00:00Z,0.44890,0.44930,0.44590,0.44720,2750696
2024-05-18T03:00:00Z,0.44710,0.44950,0.44670,0.44890,1827709
2024-05-18T04:00:00Z,0.44890,0.44930,0.44680,0.44780,1499159
2024-05-18T05:00:00Z,0.44780,0.44820,0.44630,0.44700,1290458
2024-05-18T06:00:00Z,0.44710,0.44720,0.44550,0.44710,1485094
2024-05-18T07:00:00Z,0.44700,0.44890,0.44660,0.44720,1698351
2024-05-18T08:00:00Z,0.44710,0.44920,0.44650,0.44790,1284982
2024-05-18T09:00:00Z,0.44790,0.44880,0.44710,0.44880,1391842
2024-05-18T10:00:00Z,0.44870,0.44910,0.44670,0.44800,2020682
2024-05-18T11:00:00Z,0.44790,0.44840,0.44630,0.44670,1804954
2024-05-18T12:00:00Z,0.44670,0.44760,0.44430,0.44470,2505041
2024-05-18T13:00:00Z,0.44480,0.44580,0.44190,0.44280,5635877
2024-05-18T14:00:00Z,0.44270,0.44520,0.44100,0.44350,5307474
2024-05-18T15:00:00Z,0.44360,0.44460,0.44270,0.44360,2504650
2024-05-18T16:00:00Z,0.44370,0.44600,0.44350,0.44400,2437605
2024-05-18T17:00:00Z,0.44410,0.44690,0.44390,0.44520,2224150
2024-05-18T18:00:00Z,0.44510,0.44610,0.44410,0.44510,1606211
2024-05-18T19:00:00Z,0.44510,0.44610,0.44420,0.44560,1487635
2024-05-18T20:00:00Z,0.44560,0.44670,0.44470,0.44530,1236196
2024-05-18T21:00:00Z,0.44530,0.44580,0.44290,0.44380,1272657
2024-05-18T22:00:00Z,0.44390,0.44600,0.44310,0.44460,2164637
2024-05-18T23:00:00Z,0.44470,0.44650,0.44440,0.44630,1524211
2024-05-19T00:00:00Z,0.44630,0.44670,0.44400,0.44410,2731658
2024-05-19T01:00:00Z,0.44420,0.44700,0.44420,0.44530,1830278
2024-05-19T02:00:00Z,0.44530,0.44980,0.44510,0.44970,2932830
2024-05-19T03:00:00Z,0.44970,0.45020,0.44720,0.44730,2473545
2024-05-19T04:00:00Z,0.44730,0.44750,0.44450,0.44590,2142357
2024-05-19T05:00:00Z,0.44580,0.44620,0.44390,0.44430,1728156
2024-05-19T06:00:00Z,0.44420,0.44490,0.44130,0.44280,3129231
2024-05-19T07:00:00Z,0.44290,0.44550,0.44230,0.44520,1760435
2024-05-19T08:00:00Z,0.44520,0.44530,0.44090,0.44180,1852938
2024-05-19T09:00:00Z,0.44180,0.44230,0.44000,0.44170,2380431
2024-05-19T10:00:00Z,0.44160,0.44390,0.43960,0.44050,3104778
2024-05-19T11:00:00Z,0.44050,0.44100,0.43640,0.44030,5903499
2024-05-19T12:00:00Z,0.44020,0.44040,0.43380,0.43440,5344452
2024-05-19T13:00:00Z,0.43450,0.43560,0.43120,0.43450,4643638
2024-05-19T14:00:00Z,0.43450,0.43540,0.43290,0.43350,2426445
2024-05-19T15:00:00Z,0.43340,0.43350,0.43000,0.43290,6388903
2024-05-19T16:00:00Z,0.43290,0.43330,0.42730,0.42790,4519376
2024-05-19T17:00:00Z,0.42790,0.43020,0.42750,0.42920,2444523
2024-05-19T18:00:00Z,0.42930,0.42990,0.42650,0.42720,2736731
2024-05-19T19:00:00Z,0.42720,0.43010,0.42590,0.42670,5463229
2024-05-19T20:00:00Z,0.42680,0.42850,0.42610,0.42690,2196636
2024-05-19T21:00:00Z,0.42690,0.42740,0.42250,0.42530,4745577
2024-05-19T22:00:00Z,0.42530,0.42810,0.42500,0.42680,2827435
2024-05-19T23:00:00Z,0.42670,0.42710,0.42480,0.42500,2212767
2024-05-20T00:00:00Z,0.42500,0.42710,0.42220,0.42580,5665725
2024-05-20T01:00:00Z,0.42590,0.42720,0.41910,0.42510,7205806
2024-05-20T02:00:00Z,0.42510,0.43020,0.42490,0.42920,3408983
2024-05-20T03:00:00Z,0.42920,0.43090,0.42860,0.42880,3547481
2024-05-20T04:00:00Z,0.42890,0.43590,0.42850,0.43450,4638704
2024-05-20T05:00:00Z,0.43440,0.44660,0.43420,0.44330,16647897
2024-05-20T06:00:00Z,0.44330,0.44360,0.42970,0.43170,9112693
2024-05-20T07:00:00Z,0.43170,0.43740,0.43060,0.43550,5830511
2024-05-20T08:00:00Z,0.43560,0.43730,0.43470,0.43580,2927089
2024-05-20T09:00:00Z,0.43570,0.43620,0.43340,0.43410,4357223
2024-05-20T10:00:00Z,0.43400,0.43630,0.43250,0.43330,4188763
2024-05-20T11:00:00Z,0.43330,0.43470,0.43130,0.43200,3381436
2024-05-20T12:00:00Z,0.43210,0.43300,0.42930,0.42970,3105334
2024-05-20T13:00:00Z,0.42980,0.43240,0.42870,0.43120,3855585
2024-05-20T14:00:00Z,0.43130,0.43160,0.42770,0.42970,3426704
2024-05-20T15:00:00Z,0.42980,0.43420,0.42920,0.43390,4906669
2024-05-20T16:00:00Z,0.43390,0.44030,0.43240,0.43890,6398976
2024-05-20T17:00:00Z,0.43890,0.44200,0.43710,0.44110,4465976
2024-05-20T18:00:00Z,0.44100,0.44240,0.44020,0.44050,3062054
2024-05-20T19:00:00Z,0.44060,0.46580,0.43780,0.46400,29742227
2024-05-20T20:00:00Z,0.46400,0.46620,0.45740,0.45940,17334685
2024-05-20T21:00:00Z,0.45950,0.46580,0.45610,0.46560,9079977
2024-05-20T22:00:00Z,0.46550,0.46740,0.46290,0.46450,9445574
2024-05-20T23:00:00Z,0.46440,0.46810,0.46300,0.46710,5960261
2024-05-21T00:00:00Z,0.46710,0.47430,0.46600,0.46900,11618156
2024-05-21T01:00:00Z,0.46900,0.46920,0.46090,0.46740,7702897
2024-05-21T02:00:00Z,0.46750,0.46780,0.46460,0.46540,3359491
2024-05-21T03:00:00Z,0.46550,0.46710,0.46410,0.46430,1960672
2024-05-21T04:00:00Z,0.46420,0.46670,0.46300,0.46350,3970727
2024-05-21T05:00:00Z,0.46350,0.46630,0.46070,0.46620,3729699
2024-05-21T06:00:00Z,0.46610,0.46820,0.46370,0.46610,3499051
2024-05-21T07:00:00Z,0.46600,0.46680,0.46220,0.46620,3002654
2024-05-21T08:00:00Z,0.46630,0.46700,0.46450,0.46690,2466971
2024-05-21T09:00:00Z,0.46700,0.46850,0.46550,0.46660,3905197
2024-05-21T10:00:00Z,0.46660,0.46780,0.46430,0.46560,3156625
2024-05-21T11:00:00Z,0.46550,0.46790,0.46450,0.46520,4986643
2024-05-21T12:00:00Z,0.46510,0.46690,0.46280,0.46490,6528541
2024-05-21T13:00:00Z,0.46480,0.47170,0.46200,0.46660,11439330
2024-05-21T14:00:00Z,0.46660,0.47150,0.46600,0.46750,6532042
2024-05-21T15:00:00Z,0.46740,0.47060,0.46120,0.46320,9773220
2024-05-21T16:00:00Z,0.46320,0.46940,0.46070,0.46710,9598628
2024-05-21T17:00:00Z,0.46710,0.47150,0.46560,0.47110,6508843
2024-05-21T18:00:00Z,0.47100,0.47290,0.46710,0.46890,3295807
2024-05-21T19:00:00Z,0.46880,0.46910,0.46120,0.46500,5803741
2024-05-21T20:00:00Z,0.46510,0.46940,0.46470,0.46850,2821436
2024-05-21T21:00:00Z,0.46840,0.46860,0.46420,0.46670,2317729
2024-05-21T22:00:00Z,0.46660,0.46870,0.46520,0.46800,3283761
2024-05-21T23:00:00Z,0.46790,0.46800,0.46510,0.46630,2232962
2024-05-22T00:00:00Z,0.46620,0.46810,0.46450,0.46500,3207615
2024-05-22T01:00:00Z,0.46500,0.46800,0.46410,0.46760,2874082
2024-05-22T02:00:00Z,0.46760,0.46830,0.46510,0.46640,3210923
2024-05-22T03:00:00Z,0.46640,0.46650,0.46440,0.46580,2121997
2024-05-22T04:00:00Z,0.46570,0.46590,0.45530,0.46140,10118295
2024-05-22T05:00:00Z,0.46130,0.46570,0.45890,0.46570,3962800
2024-05-22T06:00:00Z,0.46570,0.46990,0.46520,0.46810,4381489
2024-05-22T07:00:00Z,0.46810,0.46880,0.46280,0.46380,3679158
2024-05-22T08:00:00Z,0.46380,0.46660,0.46050,0.46510,3571834
2024-05-22T09:00:00Z,0.46510,0.46560,0.46100,0.46200,5627880
2024-05-22T10:00:00Z,0.46210,0.46730,0.46110,0.46640,4036037
2024-05-22T11:00:00Z,0.46640,0.46700,0.45850,0.45860,4448161
2024-05-22T12:00:00Z,0.45850,0.46240,0.45020,0.45070,10681244
2024-05-22T13:00:00Z,0.45060,0.45480,0.45040,0.45470,11560066
2024-05-22T14:00:00Z,0.45480,0.45920,0.45290,0.45650,15379300
2024-05-22T15:00:00Z,0.45640,0.46220,0.45390,0.45870,11013745
2024-05-22T16:00:00Z,0.45870,0.46070,0.45710,0.46040,4385240
2024-05-22T17:00:00Z,0.46040,0.46500,0.45810,0.45930,5005847
2024-05-22T18:00:00Z,0.45940,0.46040,0.45290,0.45660,8484691
2024-05-22T19:00:00Z,0.45650,0.45860,0.45470,0.45740,2402886
2024-05-22T20:00:00Z,0.45740,0.45960,0.45340,0.45610,12383401
2024-05-22T21:00:00Z,0.45620,0.46150,0.45310,0.46070,3079006
2024-05-22T22:00:00Z,0.46080,0.46150,0.45670,0.45760,3506635
2024-05-22T23:00:00Z,0.45750,0.45770,0.45570,0.45680,1502996
2024-05-23T00:00:00Z,0.45680,0.45940,0.45540,0.45770,4739401
2024-05-23T01:00:00Z,0.45760,0.45850,0.45350,0.45680,4307710
2024-05-23T02:00:00Z,0.45680,0.45930,0.45630,0.45850,1633203
2024-05-23T03:00:00Z,0.45860,0.46270,0.45770,0.46170,3880088
2024-05-23T04:00:00Z,0.46160,0.46200,0.45860,0.46110,1834131
2024-05-23T05:00:00Z,0.46100,0.46130,0.45870,0.45950,3044200
2024-05-23T06:00:00Z,0.45940,0.46250,0.45800,0.46090,2699136
2024-05-23T07:00:00Z,0.46080,0.46530,0.45990,0.46220,4985038
2024-05-23T08:00:00Z,0.46210,0.46250,0.45810,0.45990,3633352
2024-05-23T09:00:00Z,0.45980,0.46060,0.45510,0.45570,6993129
2024-05-23T10:00:00Z,0.45570,0.45670,0.45250,0.45330,6223601
2024-05-23T11:00:00Z,0.45330,0.46120,0.45290,0.46100,5904172
2024-05-23T12:00:00Z,0.46100,0.46460,0.44840,0.45480,16738442
2024-05-23T13:00:00Z,0.45480,0.45790,0.43650,0.44440,37259724
2024-05-23T14:00:00Z,0.44440,0.44960,0.43970,0.44040,13076608
2024-05-23T15:00:00Z,0.44050,0.44600,0.43890,0.44240,5960709
2024-05-23T16:00:00Z,0.44240,0.44270,0.43900,0.44080,5524833
2024-05-23T17:00:00Z,0.44070,0.44190,0.43610,0.43630,5256218
2024-05-23T18:00:00Z,0.43630,0.43730,0.42930,0.43530,16165226
2024-05-23T19:00:00Z,0.43530,0.43670,0.43190,0.43280,3863120
2024-05-23T20:00:00Z,0.43280,0.43370,0.40940,0.43290,28766288
2024-05-23T21:00:00Z,0.43280,0.44300,0.43060,0.44300,21445535
2024-05-23T22:00:00Z,0.44300,0.44360,0.43900,0.44160,8082746
2024-05-23T23:00:00Z,0.44170,0.44440,0.44020,0.44260,4571696
2024-05-24T00:00:00Z,0.44260,0.44980,0.44110,0.44970,6655086
2024-05-24T01:00:00Z,0.44970,0.44970,0.44550,0.44860,3472087
2024-05-24T02:00:00Z,0.44860,0.45040,0.44500,0.44880,4028413
2024-05-24T03:00:00Z,0.44870,0.45150,0.44680,0.44860,4288252
2024-05-24T04:00:00Z,0.44860,0.45350,0.44830,0.45010,3434717
2024-05-24T05:00:00Z,0.45000,0.45040,0.44290,0.44440,8563852
2024-05-24T06:00:00Z,0.44440,0.44640,0.43740,0.43750,9538326
2024-05-24T07:00:00Z,0.43750,0.44120,0.43490,0.44060,8309163
2024-05-24T08:00:00Z,0.44060,0.44120,0.43320,0.44070,5925489
2024-05-24T09:00:00Z,0.44080,0.44270,0.43810,0.44150,3261367
2024-05-24T10:00:00Z,0.44140,0.44310,0.43870,0.43920,3079839
2024-05-24T11:00:00Z,0.43930,0.44280,0.43870,0.44210,2414998
2024-05-24T12:00:00Z,0.44210,0.44930,0.44080,0.44680,6635057
2024-05-24T13:00:00Z,0.44680,0.44770,0.44060,0.44110,4635760
2024-05-24T14:00:00Z,0.44120,0.44860,0.44050,0.44730,4859732
2024-05-24T15:00:00Z,0.44730,0.45000,0.44260,0.44350,3775970
2024-05-24T16:00:00Z,0.44350,0.44370,0.43890,0.44060,2974723
2024-05-24T17:00:00Z,0.44070,0.44390,0.43930,0.44390,2763840
2024-05-24T18:00:00Z,0.44390,0.44880,0.44340,0.44460,4144243
2024-05-24T19:00:00Z,0.44460,0.44620,0.44310,0.44530,2250050
2024-05-24T20:00:00Z,0.44540,0.44740,0.44380,0.44510,2527424
2024-05-24T21:00:00Z,0.44510,0.44700,0.44400,0.44570,1632656
2024-05-24T22:00:00Z,0.44580,0.44700,0.44460,0.44600,2338837
2024-05-24T23:00:00Z,0.44600,0.44790,0.44470,0.44790,2565416
2024-05-25T00:00:00Z,0.44790,0.45070,0.44660,0.44970,3811118
2024-05-25T01:00:00Z,0.44960,0.45260,0.44820,0.45190,3088027
2024-05-25T02:00:00Z,0.45200,0.45240,0.45050,0.45150,2041178
2024-05-25T03:00:00Z,0.45150,0.45270,0.45090,0.45270,1494907
2024-05-25T04:00:00Z,0.45270,0.45720,0.45260,0.45650,3981361
2024-05-25T05:00:00Z,0.45660,0.46010,0.45550,0.45780,4688378
2024-05-25T06:00:00Z,0.45770,0.45820,0.45340,0.45440,4087698
2024-05-25T07:00:00Z,0.45440,0.45590,0.45300,0.45430,2200666
2024-05-25T08:00:00Z,0.45430,0.45550,0.45350,0.45390,1782200
2024-05-25T09:00:00Z,0.45380,0.45580,0.45300,0.45560,1655992
2024-05-25T10:00:00Z,0.45560,0.45820,0.45500,0.45760,2360158
2024-05-25T11:00:00Z,0.45770,0.45770,0.45440,0.45510,2431356
2024-05-25T12:00:00Z,0.45510,0.45600,0.45310,0.45420,2604961
2024-05-25T13:00:00Z,0.45420,0.45570,0.45100,0.45170,3018133
2024-05-25T14:00:00Z,0.45170,0.45450,0.45070,0.45340,2737240
2024-05-25T15:00:00Z,0.45350,0.45580,0.45330,0.45490,1971407
2024-05-25T16:00:00Z,0.45490,0.45540,0.45360,0.45410,1415536
2024-05-25T17:00:00Z,0.45420,0.45510,0.45310,0.45370,1651139
2024-05-25T18:00:00Z,0.45360,0.45440,0.45270,0.45420,1134665
2024-05-25T19:00:00Z,0.45420,0.45480,0.45390,0.45420,3089748
2024-05-25T20:00:00Z,0.45410,0.45480,0.45200,0.45290,3326054
2024-05-25T21:00:00Z,0.45280,0.45300,0.45180,0.45300,2547703
2024-05-25T22:00:00Z,0.45290,0.45550,0.45220,0.45550,7091451
2024-05-25T23:00:00Z,0.45540,0.45750,0.45540,0.45690,2536325
2024-05-26T00:00:00Z,0.45680,0.45760,0.45330,0.45330,3745736
2024-05-26T01:00:00Z,0.45320,0.45650,0.45320,0.45340,2642402
2024-05-26T02:00:00Z,0.45330,0.45420,0.44900,0.45190,3805447
2024-05-26T03:00:00Z,0.45200,0.45380,0.45100,0.45320,1930078
2024-05-26T04:00:00Z,0.45320,0.45320,0.44930,0.45070,1781290
2024-05-26T05:00:00Z,0.45060,0.45110,0.44910,0.45110,1363524
2024-05-26T06:00:00Z,0.45120,0.45190,0.45020,0.45100,1455730
2024-05-26T07:00:00Z,0.45100,0.45430,0.45060,0.45240,1884237
2024-05-26T08:00:00Z,0.45230,0.45370,0.44850,0.44990,3289376
2024-05-26T09:00:00Z,0.44990,0.45120,0.44630,0.44740,3020339
2024-05-26T10:00:00Z,0.44750,0.45040,0.44740,0.45030,2937861
2024-05-26T11:00:00Z,0.45040,0.45130,0.44880,0.44990,2456851
2024-05-26T12:00:00Z,0.44990,0.45000,0.44730,0.44820,2722506
2024-05-26T13:00:00Z,0.44820,0.44900,0.44480,0.44880,3421382
2024-05-26T14:00:00Z,0.44870,0.45140,0.44610,0.45130,3601076
2024-05-26T15:00:00Z,0.45120,0.45160,0.44480,0.44700,3687452
2024-05-26T16:00:00Z,0.44700,0.44830,0.44430,0.44660,4291077
2024-05-26T17:00:00Z,0.44660,0.44700,0.44340,0.44420,2784358
2024-05-26T18:00:00Z,0.44420,0.44470,0.44290,0.44420,2459478
2024-05-26T19:00:00Z,0.44410,0.44610,0.44340,0.44500,1635912
2024-05-26T20:00:00Z,0.44500,0.44500,0.44180,0.44200,1992770
2024-05-26T21:00:00Z,0.44200,0.44230,0.43790,0.44210,2994669
2024-05-26T22:00:00Z,0.44200,0.44400,0.44140,0.44340,2359001
2024-05-26T23:00:00Z,0.44340,0.44370,0.44080,0.44110,1773305
2024-05-27T00:00:00Z,0.44120,0.44220,0.44020,0.44120,2719721
2024-05-27T01:00:00Z,0.44120,0.44670,0.44080,0.44470,3275443
2024-05-27T02:00:00Z,0.44470,0.44590,0.44300,0.44510,2498120
2024-05-27T03:00:00Z,0.44500,0.44620,0.44420,0.44490,2074304
2024-05-27T04:00:00Z,0.44490,0.44540,0.44360,0.44360,2015155
2024-05-27T05:00:00Z,0.44350,0.44390,0.43840,0.44160,6524502
2024-05-27T06:00:00Z,0.44160,0.44180,0.43800,0.43860,2442633
2024-05-27T07:00:00Z,0.43860,0.44060,0.43740,0.43870,3482767
2024-05-27T08:00:00Z,0.43880,0.44290,0.43830,0.44160,4279201
2024-05-27T09:00:00Z,0.44160,0.44430,0.44040,0.44180,3942684
2024-05-27T10:00:00Z,0.44180,0.44410,0.44140,0.44260,1934309
2024-05-27T11:00:00Z,0.44250,0.44630,0.44220,0.44590,4249070
2024-05-27T12:00:00Z,0.44580,0.44660,0.44330,0.44360,2266102
2024-05-27T13:00:00Z,0.44370,0.45380,0.44360,0.45260,8056975
2024-05-27T14:00:00Z,0.45270,0.45400,0.44980,0.45230,7489072
2024-05-27T15:00:00Z,0.45230,0.46130,0.45160,0.45920,6090507
2024-05-27T16:00:00Z,0.45920,0.46790,0.45920,0.46700,8344738
2024-05-27T17:00:00Z,0.46700,0.46840,0.46200,0.46430,4147303
2024-05-27T18:00:00Z,0.46440,0.46560,0.46260,0.46300,3186746
2024-05-27T19:00:00Z,0.46310,0.46440,0.45260,0.45630,9332460
2024-05-27T20:00:00Z,0.45640,0.46340,0.45610,0.46320,4952863
2024-05-27T21:00:00Z,0.46330,0.46380,0.46070,0.46180,1866624
2024-05-27T22:00:00Z,0.46190,0.46210,0.45950,0.46040,3264749
2024-05-27T23:00:00Z,0.46040,0.46100,0.45820,0.45970,2514741
2024-05-28T00:00:00Z,0.45960,0.46260,0.45640,0.45760,6561768
2024-05-28T01:00:00Z,0.45780,0.46130,0.45160,0.45230,7688507
2024-05-28T02:00:00Z,0.45230,0.45720,0.44880,0.45600,10260256
2024-05-28T03:00:00Z,0.45600,0.45750,0.44850,0.45090,7429487
2024-05-28T04:00:00Z,0.45100,0.45110,0.44060,0.44290,10007882
2024-05-28T05:00:00Z,0.44290,0.44580,0.44050,0.44460,5930604
2024-05-28T06:00:00Z,0.44460,0.44550,0.44200,0.44320,7651387
2024-05-28T07:00:00Z,0.44330,0.44450,0.44080,0.44220,4253331
2024-05-28T08:00:00Z,0.44220,0.44690,0.44130,0.44550,4102005
2024-05-28T09:00:00Z,0.44540,0.45040,0.44470,0.44940,4956199
2024-05-28T10:00:00Z,0.44940,0.45350,0.44800,0.44970,5688983
2024-05-28T11:00:00Z,0.44960,0.45210,0.44880,0.45020,3626757
2024-05-28T12:00:00Z,0.45020,0.45050,0.44720,0.44770,3571050
2024-05-28T13:00:00Z,0.44770,0.45090,0.44430,0.44670,8240723
2024-05-28T14:00:00Z,0.44680,0.44940,0.44170,0.44410,8575997
2024-05-28T15:00:00Z,0.44410,0.44740,0.44180,0.44650,4500265
2024-05-28T16:00:00Z,0.44650,0.44780,0.44190,0.44320,4194936
2024-05-28T17:00:00Z,0.44310,0.44780,0.44310,0.44610,2790896
2024-05-28T18:00:00Z,0.44600,0.44740,0.44050,0.44410,4867142
2024-05-28T19:00:00Z,0.44420,0.45030,0.44410,0.44980,7235809
2024-05-28T20:00:00Z,0.44980,0.45670,0.44970,0.45240,6471246
2024-05-28T21:00:00Z,0.45230,0.45370,0.45080,0.45240,2454985
2024-05-28T22:00:00Z,0.45240,0.45430,0.45120,0.45150,3401522
2024-05-28T23:00:00Z,0.45160,0.45200,0.44940,0.45000,3713226
2024-05-29T00:00:00Z,0.45000,0.45100,0.44740,0.44760,2679835
2024-05-29T01:00:00Z,0.44770,0.44940,0.44610,0.44770,2478179
2024-05-29T02:00:00Z,0.44780,0.45100,0.44620,0.44950,4435253
2024-05-29T03:00:00Z,0.44940,0.45270,0.44940,0.45140,4319031
2024-05-29T04:00:00Z,0.45140,0.45740,0.45100,0.45630,4327941
2024-05-29T05:00:00Z,0.45630,0.45850,0.45530,0.45730,2628715
2024-05-29T06:00:00Z,0.45730,0.46200,0.45730,0.45940,7468220
2024-05-29T07:00:00Z,0.45950,0.45980,0.45440,0.45540,7381622
2024-05-29T08:00:00Z,0.45540,0.46080,0.45030,0.45930,17579690
2024-05-29T09:00:00Z,0.45940,0.46170,0.45620,0.45910,8882995
2024-05-29T10:00:00Z,0.45910,0.46080,0.45760,0.46050,3343823
2024-05-29T11:00:00Z,0.46060,0.46070,0.45540,0.45580,3457810
2024-05-29T12:00:00Z,0.45580,0.45970,0.45310,0.45550,5539919
2024-05-29T13:00:00Z,0.45550,0.45860,0.45180,0.45360,9192133
2024-05-29T14:00:00Z,0.45350,0.45570,0.45190,0.45190,4653698
2024-05-29T15:00:00Z,0.45200,0.45300,0.44810,0.44850,8491514
2024-05-29T16:00:00Z,0.44850,0.45340,0.44460,0.45320,11940554
2024-05-29T17:00:00Z,0.45310,0.45380,0.44970,0.45230,3951207
2024-05-29T18:00:00Z,0.45230,0.45260,0.44810,0.44880,3036852
2024-05-29T19:00:00Z,0.44870,0.45060,0.44520,0.44560,4902439
2024-05-29T20:00:00Z,0.44570,0.44630,0.44350,0.44540,4098184
2024-05-29T21:00:00Z,0.44530,0.44800,0.44220,0.44640,3240850
2024-05-29T22:00:00Z,0.44630,0.44650,0.44380,0.44580,2362399
2024-05-29T23:00:00Z,0.44580,0.44670,0.44310,0.44350,2753998
2024-05-30T00:00:00Z,0.44350,0.44790,0.44290,0.44360,3110287
2024-05-30T01:00:00Z,0.44370,0.44740,0.44250,0.44620,3171252
2024-05-30T02:00:00Z,0.44630,0.45190,0.44570,0.44930,2838816
2024-05-30T03:00:00Z,0.44920,0.45040,0.44870,0.44980,1423480
2024-05-30T04:00:00Z,0.44990,0.45050,0.44650,0.44720,2110764
2024-05-30T05:00:00Z,0.44710,0.44720,0.44440,0.44530,2199627
2024-05-30T06:00:00Z,0.44520,0.44540,0.43550,0.43680,10974723
2024-05-30T07:00:00Z,0.43680,0.43810,0.43000,0.43180,11893204
2024-05-30T08:00:00Z,0.43170,0.43710,0.42850,0.43650,12027172
2024-05-30T09:00:00Z,0.43640,0.43700,0.43420,0.43690,3978081
2024-05-30T10:00:00Z,0.43680,0.43980,0.43480,0.43840,3261118
2024-05-30T11:00:00Z,0.43830,0.44080,0.43660,0.43670,2459686
2024-05-30T12:00:00Z,0.43670,0.44050,0.43610,0.43980,4519132
2024-05-30T13:00:00Z,0.43970,0.44290,0.43850,0.44180,6092011
2024-05-30T14:00:00Z,0.44190,0.44510,0.43840,0.43930,4038574
2024-05-30T15:00:00Z,0.43920,0.44320,0.43820,0.44260,3894263
2024-05-30T16:00:00Z,0.44270,0.44580,0.44240,0.44580,6969691
2024-05-30T17:00:00Z,0.44580,0.45030,0.44430,0.45000,5527083
2024-05-30T18:00:00Z,0.45000,0.45200,0.44820,0.45020,5491112
2024-05-30T19:00:00Z,0.45020,0.45060,0.44460,0.44610,8072970
2024-05-30T20:00:00Z,0.44610,0.44610,0.43970,0.44200,7570436
2024-05-30T21:00:00Z,0.44200,0.44290,0.43940,0.44240,2691965
2024-05-30T22:00:00Z,0.44250,0.44250,0.43970,0.44040,2314877
2024-05-30T23:00:00Z,0.44030,0.44100,0.43830,0.43870,2012398
2024-05-31T00:00:00Z,0.43870,0.43940,0.43420,0.43770,4831394
2024-05-31T01:00:00Z,0.43770,0.43920,0.43390,0.43480,3341493
2024-05-31T02:00:00Z,0.43480,0.43840,0.43450,0.43630,1900721
2024-05-31T03:00:00Z,0.43640,0.43890,0.43570,0.43800,1519756
2024-05-31T04:00:00Z,0.43800,0.43910,0.43640,0.43670,1217921
2024-05-31T05:00:00Z,0.43670,0.43690,0.43170,0.43450,3927817
2024-05-31T06:00:00Z,0.43440,0.43730,0.43340,0.43440,4374519
2024-05-31T07:00:00Z,0.43450,0.43700,0.43400,0.43500,3270318
2024-05-31T08:00:00Z,0.43500,0.43700,0.43450,0.43550,3641242
2024-05-31T09:00:00Z,0.43550,0.43610,0.43260,0.43440,2256758
2024-05-31T10:00:00Z,0.43440,0.43730,0.43180,0.43340,4215751
2024-05-31T11:00:00Z,0.43340,0.43710,0.43320,0.43610,2431253
2024-05-31T12:00:00Z,0.43620,0.44170,0.43540,0.43950,5924837
2024-05-31T13:00:00Z,0.43940,0.44070,0.43370,0.43420,5690296
2024-05-31T14:00:00Z,0.43410,0.43480,0.43020,0.43300,7525718
2024-05-31T15:00:00Z,0.43300,0.43460,0.42970,0.43050,5730352
2024-05-31T16:00:00Z,0.43040,0.43250,0.42510,0.43060,12642395
2024-05-31T17:00:00Z,0.43060,0.43220,0.43000,0.43140,4102773
2024-05-31T18:00:00Z,0.43140,0.43280,0.42980,0.43110,2563018
2024-05-31T19:00:00Z,0.43110,0.43440,0.43020,0.43310,3484078
2024-05-31T20:00:00Z,0.43310,0.43420,0.43200,0.43360,2621371
2024-05-31T21:00:00Z,0.43360,0.43530,0.43300,0.43400,1966858
2024-05-31T22:00:00Z,0.43400,0.43490,0.43400,0.43410,1591170
2024-05-31T23:00:00Z,0.43400,0.43470,0.43120,0.43220,3135153
2024-06-01T00:00:00Z,0.43220,0.43390,0.43100,0.43220,1969595
2024-06-01T01:00:00Z,0.43230,0.43260,0.43060,0.43180,1901783
2024-06-01T02:00:00Z,0.43170,0.43360,0.43130,0.43340,1443289
2024-06-01T03:00:00Z,0.43330,0.43360,0.43210,0.43270,1922779
2024-06-01T04:00:00Z,0.43270,0.43400,0.43160,0.43330,1910480
2024-06-01T05:00:00Z,0.43320,0.43520,0.43290,0.43350,2339868
2024-06-01T06:00:00Z,0.43340,0.43400,0.43230,0.43360,1575608
2024-06-01T07:00:00Z,0.43360,0.43410,0.43260,0.43320,1655234
2024-06-01T08:00:00Z,0.43320,0.43430,0.43250,0.43430,1498496
2024-06-01T09:00:00Z,0.43430,0.43480,0.43190,0.43350,1219333
2024-06-01T10:00:00Z,0.43350,0.43380,0.43250,0.43300,1783362
2024-06-01T11:00:00Z,0.43300,0.43420,0.43210,0.43380,1146930
2024-06-01T12:00:00Z,0.43370,0.43740,0.43290,0.43360,9437863
2024-06-01T13:00:00Z,0.43350,0.43510,0.43330,0.43410,1762904
2024-06-01T14:00:00Z,0.43410,0.43570,0.43370,0.43470,2022449
2024-06-01T15:00:00Z,0.43470,0.43560,0.43270,0.43280,2138136
2024-06-01T16:00:00Z,0.43290,0.43440,0.43220,0.43290,1971045
2024-06-01T17:00:00Z,0.43280,0.43430,0.43140,0.43410,2228864
2024-06-01T18:00:00Z,0.43400,0.43440,0.43280,0.43330,1258776
2024-06-01T19:00:00Z,0.43340,0.43540,0.43240,0.43500,2328045
2024-06-01T20:00:00Z,0.43490,0.43790,0.43470,0.43780,2223452
2024-06-01T21:00:00Z,0.43780,0.44430,0.43710,0.44080,6548044
2024-06-01T22:00:00Z,0.44080,0.44250,0.43860,0.43920,2726596
2024-06-01T23:00:00Z,0.43920,0.43980,0.43740,0.43820,2152417
2024-06-02T00:00:00Z,0.43820,0.44240,0.43720,0.44240,3929551
2024-06-02T01:00:00Z,0.44230,0.44740,0.44110,0.44680,5221592
2024-06-02T02:00:00Z,0.44690,0.44930,0.44500,0.44640,5623656
2024-06-02T03:00:00Z,0.44640,0.45070,0.44550,0.44930,4000511
2024-06-02T04:00:00Z,0.44940,0.45090,0.44840,0.45010,4447491
2024-06-02T05:00:00Z,0.45010,0.45060,0.44620,0.44840,4764271
2024-06-02T06:00:00Z,0.44840,0.44990,0.44770,0.44950,4855181
2024-06-02T07:00:00Z,0.44950,0.44960,0.44400,0.44600,5083820
2024-06-02T08:00:00Z,0.44590,0.44790,0.44550,0.44780,4552307
2024-06-02T09:00:00Z,0.44780,0.44970,0.44310,0.44580,5486456
2024-06-02T10:00:00Z,0.44580,0.44600,0.44300,0.44340,4184446
2024-06-02T11:00:00Z,0.44350,0.44770,0.44160,0.44700,3153626
2024-06-02T12:00:00Z,0.44700,0.44790,0.44290,0.44380,3379995
2024-06-02T13:00:00Z,0.44390,0.44780,0.44300,0.44640,3853920
2024-06-02T14:00:00Z,0.44640,0.45020,0.44600,0.45020,3411064
2024-06-02T15:00:00Z,0.45010,0.45230,0.44810,0.45130,4085390
2024-06-02T16:00:00Z,0.45140,0.45300,0.44720,0.44930,5206371
2024-06-02T17:00:00Z,0.44930,0.44960,0.44220,0.44220,5045977
2024-06-02T18:00:00Z,0.44220,0.44420,0.43870,0.44240,7512879
2024-06-02T19:00:00Z,0.44240,0.44300,0.43860,0.44100,3885520
2024-06-02T20:00:00Z,0.44090,0.44140,0.43720,0.43930,3948568
2024-06-02T21:00:00Z,0.43930,0.43960,0.43620,0.43750,2994981
2024-06-02T22:00:00Z,0.43740,0.43900,0.43560,0.43710,3700371
2024-06-02T23:00:00Z,0.43710,0.43820,0.43580,0.43620,2045737
2024-06-03T00:00:00Z,0.43630,0.43700,0.43010,0.43430,8604479
2024-06-03T01:00:00Z,0.43430,0.44520,0.43330,0.44490,12944119
2024-06-03T02:00:00Z,0.44500,0.45160,0.44490,0.45140,8944340
2024-06-03T03:00:00Z,0.45150,0.45320,0.44860,0.45190,13168968
2024-06-03T04:00:00Z,0.45190,0.46030,0.45080,0.45860,15306371
2024-06-03T05:00:00Z,0.45860,0.46900,0.45670,0.46550,24256712
2024-06-03T06:00:00Z,0.46550,0.46890,0.46200,0.46830,12364749
2024-06-03T07:00:00Z,0.46840,0.47240,0.46580,0.46610,12464399
2024-06-03T08:00:00Z,0.46620,0.46910,0.46250,0.46260,10023522
2024-06-03T09:00:00Z,0.46260,0.46690,0.46100,0.46530,5813104
2024-06-03T10:00:00Z,0.46540,0.46850,0.46030,0.46170,9711761
2024-06-03T11:00:00Z,0.46170,0.46490,0.46130,0.46230,5495459
2024-06-03T12:00:00Z,0.46240,0.46460,0.46010,0.46230,4120431
2024-06-03T13:00:00Z,0.46230,0.46470,0.46010,0.46030,5192386
2024-06-03T14:00:00Z,0.46030,0.46240,0.45390,0.45640,13644851
2024-06-03T15:00:00Z,0.45640,0.46160,0.45560,0.45990,6118201
2024-06-03T16:00:00Z,0.46000,0.46060,0.45320,0.45480,7447762
2024-06-03T17:00:00Z,0.45470,0.45700,0.45370,0.45620,2791064
2024-06-03T18:00:00Z,0.45610,0.45730,0.45460,0.45590,2310551
2024-06-03T19:00:00Z,0.45580,0.45770,0.45500,0.45740,2367478
2024-06-03T20:00:00Z,0.45740,0.45830,0.45540,0.45570,2699296
2024-06-03T21:00:00Z,0.45570,0.45700,0.45420,0.45620,2844847
2024-06-03T22:00:00Z,0.45620,0.45620,0.45240,0.45440,3345602
2024-06-03T23:00:00Z,0.45430,0.45450,0.45130,0.45370,3617635
2024-06-04T00:00:00Z,0.45370,0.46070,0.45330,0.45440,12795123
2024-06-04T01:00:00Z,0.45430,0.45870,0.45150,0.45780,5173611
2024-06-04T02:00:00Z,0.45770,0.45770,0.45310,0.45390,2117936
2024-06-04T03:00:00Z,0.45380,0.45600,0.45300,0.45440,2519745
2024-06-04T04:00:00Z,0.45440,0.45540,0.45250,0.45300,2249305
2024-06-04T05:00:00Z,0.45300,0.45390,0.44970,0.45020,3373019
2024-06-04T06:00:00Z,0.45020,0.45050,0.44660,0.44770,6266463
2024-06-04T07:00:00Z,0.44770,0.45120,0.44720,0.45110,2861613
2024-06-04T08:00:00Z,0.45100,0.45280,0.44800,0.44820,3580088
2024-06-04T09:00:00Z,0.44820,0.44890,0.44510,0.44780,5437926
2024-06-04T10:00:00Z,0.44780,0.45150,0.44770,0.45090,3107910
2024-06-04T11:00:00Z,0.45090,0.45160,0.44870,0.45090,2218730
2024-06-04T12:00:00Z,0.45080,0.45180,0.44890,0.44960,3359759
2024-06-04T13:00:00Z,0.44960,0.45590,0.44940,0.45490,4253452
2024-06-04T14:00:00Z,0.45490,0.45650,0.45280,0.45490,5831286
2024-06-04T15:00:00Z,0.45500,0.46110,0.45490,0.46040,7612615
2024-06-04T16:00:00Z,0.46050,0.46170,0.45790,0.46020,6307708
2024-06-04T17:00:00Z,0.46020,0.46290,0.45790,0.46210,4456470
2024-06-04T18:00:00Z,0.46210,0.46450,0.46160,0.46180,3373697
2024-06-04T19:00:00Z,0.46190,0.46360,0.45880,0.46290,5075158
2024-06-04T20:00:00Z,0.46280,0.46410,0.45990,0.46280,4890683
2024-06-04T21:00:00Z,0.46280,0.46340,0.46170,0.46250,1693552
2024-06-04T22:00:00Z,0.46260,0.46300,0.46090,0.46120,1629092
2024-06-04T23:00:00Z,0.46130,0.46360,0.46010,0.46270,2585367
2024-06-05T00:00:00Z,0.46280,0.46830,0.46280,0.46720,4535258
2024-06-05T01:00:00Z,0.46710,0.47000,0.46440,0.46880,4734193
2024-06-05T02:00:00Z,0.46880,0.46920,0.46420,0.46510,3356907
2024-06-05T03:00:00Z,0.46520,0.46700,0.46280,0.46460,3479955
2024-06-05T04:00:00Z,0.46460,0.46550,0.46150,0.46280,4782652
2024-06-05T05:00:00Z,0.46280,0.46540,0.46050,0.46450,4266437
2024-06-05T06:00:00Z,0.46450,0.47020,0.46380,0.46800,5572094
2024-06-05T07:00:00Z,0.46800,0.46930,0.46400,0.46520,3772486
2024-06-05T08:00:00Z,0.46520,0.46610,0.46330,0.46400,3118572
2024-06-05T09:00:00Z,0.46400,0.46500,0.46130,0.46330,3246785
2024-06-05T10:00:00Z,0.46340,0.46800,0.46230,0.46540,3907904
2024-06-05T11:00:00Z,0.46530,0.46780,0.46430,0.46770,2143765
2024-06-05T12:00:00Z,0.46770,0.46970,0.46350,0.46810,4655392
2024-06-05T13:00:00Z,0.46800,0.47040,0.46510,0.46900,3747991
2024-06-05T14:00:00Z,0.46910,0.47620,0.46480,0.47420,10446306
2024-06-05T15:00:00Z,0.47430,0.47660,0.47130,0.47470,8748497
2024-06-05T16:00:00Z,0.47490,0.47670,0.47070,0.47140,5347357
2024-06-05T17:00:00Z,0.47140,0.47320,0.47050,0.47170,3341733
2024-06-05T18:00:00Z,0.47160,0.47330,0.46830,0.47010,4749434
2024-06-05T19:00:00Z,0.47010,0.47430,0.46990,0.47410,3173317
2024-06-05T20:00:00Z,0.47410,0.47480,0.47210,0.47320,2266932
2024-06-05T21:00:00Z,0.47320,0.47330,0.47090,0.47090,1843345
2024-06-05T22:00:00Z,0.47100,0.47140,0.46900,0.46960,2069921
2024-06-05T23:00:00Z,0.46960,0.47270,0.46880,0.47140,2059144
2024-06-06T00:00:00Z,0.47140,0.47210,0.46890,0.46910,2054975
2024-06-06T01:00:00Z,0.46910,0.47120,0.46690,0.46980,2798600
2024-06-06T02:00:00Z,0.46990,0.47100,0.46960,0.47000,1295359
2024-06-06T03:00:00Z,0.47000,0.47080,0.46770,0.46780,1375051
2024-06-06T04:00:00Z,0.46790,0.46900,0.46660,0.46760,2400180
2024-06-06T05:00:00Z,0.46750,0.46810,0.46540,0.46610,2913698
2024-06-06T06:00:00Z,0.46610,0.46690,0.46270,0.46430,2842802
2024-06-06T07:00:00Z,0.46420,0.46650,0.46280,0.46640,2517776
2024-06-06T08:00:00Z,0.46640,0.46640,0.46330,0.46390,1814093
2024-06-06T09:00:00Z,0.46400,0.46630,0.46370,0.46580,2493311
2024-06-06T10:00:00Z,0.46580,0.46770,0.46420,0.46750,1963835
2024-06-06T11:00:00Z,0.46740,0.47290,0.46680,0.47240,4469100
2024-06-06T12:00:00Z,0.47240,0.47280,0.46900,0.47160,4962091
2024-06-06T13:00:00Z,0.47160,0.49170,0.46880,0.47970,68043262
2024-06-06T14:00:00Z,0.47970,0.48420,0.47700,0.48210,15008153
2024-06-06T15:00:00Z,0.48220,0.48550,0.47940,0.48050,9876214
2024-06-06T16:00:00Z,0.48050,0.48130,0.47320,0.47810,12753689
2024-06-06T17:00:00Z,0.47800,0.48270,0.47610,0.48040,7788315
2024-06-06T18:00:00Z,0.48030,0.48150,0.47560,0.47630,6655450
2024-06-06T19:00:00Z,0.47620,0.47760,0.47060,0.47120,8020860
2024-06-06T20:00:00Z,0.47120,0.47450,0.46580,0.47190,9599461
2024-06-06T21:00:00Z,0.47200,0.47310,0.46810,0.47100,3012935
2024-06-06T22:00:00Z,0.47090,0.47420,0.46950,0.47420,3119446
2024-06-06T23:00:00Z,0.47420,0.47460,0.47220,0.47390,2678067
2024-06-07T00:00:00Z,0.47380,0.47590,0.47100,0.47210,5451623
2024-06-07T01:00:00Z,0.47210,0.47320,0.46720,0.46880,5024235
2024-06-07T02:00:00Z,0.46890,0.47030,0.46600,0.46730,3069131
2024-06-07T03:00:00Z,0.46730,0.46920,0.46630,0.46760,3438103
2024-06-07T04:00:00Z,0.46760,0.47140,0.46740,0.47100,3649811
2024-06-07T05:00:00Z,0.47110,0.47420,0.47060,0.47220,3717553
2024-06-07T06:00:00Z,0.47210,0.47400,0.47110,0.47210,3548907
2024-06-07T07:00:00Z,0.47210,0.47240,0.46930,0.47110,3553848
2024-06-07T08:00:00Z,0.47120,0.47180,0.46890,0.46920,1952300
2024-06-07T09:00:00Z,0.46930,0.46940,0.46710,0.46870,2487583
2024-06-07T10:00:00Z,0.46860,0.47130,0.46720,0.46940,3477982
2024-06-07T11:00:00Z,0.46930,0.47380,0.46910,0.47240,4266452
2024-06-07T12:00:00Z,0.47240,0.47400,0.46070,0.46690,16882041
2024-06-07T13:00:00Z,0.46700,0.47500,0.46530,0.47380,5240588
2024-06-07T14:00:00Z,0.47380,0.47830,0.47380,0.47620,5634151
2024-06-07T15:00:00Z,0.47610,0.48070,0.47460,0.47810,7736840
2024-06-07T16:00:00Z,0.47810,0.48020,0.47310,0.47500,6600471
2024-06-07T17:00:00Z,0.47500,0.47520,0.46320,0.46330,11433344
2024-06-07T18:00:00Z,0.46340,0.46460,0.39920,0.42660,85633392
2024-06-07T19:00:00Z,0.42670,0.43690,0.42120,0.43240,18424941
2024-06-07T20:00:00Z,0.43240,0.43790,0.42940,0.43670,7853069
2024-06-07T21:00:00Z,0.43670,0.43700,0.43450,0.43590,4073503
2024-06-07T22:00:00Z,0.43590,0.43870,0.43500,0.43750,3215212
2024-06-07T23:00:00Z,0.43750,0.43850,0.43440,0.43440,3903599
2024-06-08T00:00:00Z,0.43440,0.43530,0.43040,0.43470,7099830
2024-06-08T01:00:00Z,0.43470,0.43760,0.43300,0.43720,2597138
2024-06-08T02:00:00Z,0.43710,0.43710,0.43400,0.43620,2162907
2024-06-08T03:00:00Z,0.43620,0.43680,0.43480,0.43480,1832614
2024-06-08T04:00:00Z,0.43480,0.43500,0.43170,0.43190,2272874
2024-06-08T05:00:00Z,0.43190,0.43420,0.43100,0.43180,2405151
2024-06-08T06:00:00Z,0.43180,0.43260,0.42990,0.43210,2707549
2024-06-08T07:00:00Z,0.43210,0.43320,0.43110,0.43250,2848492
2024-06-08T08:00:00Z,0.43250,0.43250,0.42780,0.42820,4118232
2024-06-08T09:00:00Z,0.42820,0.42920,0.42630,0.42720,4636733
2024-06-08T10:00:00Z,0.42730,0.42760,0.42480,0.42610,4437976
2024-06-08T11:00:00Z,0.42610,0.42690,0.41770,0.41930,8871916
2024-06-08T12:00:00Z,0.41930,0.42180,0.41390,0.41710,10026437
2024-06-08T13:00:00Z,0.41710,0.41730,0.40950,0.41700,12414469
2024-06-08T14:00:00Z,0.41710,0.41720,0.41090,0.41590,5371282
2024-06-08T15:00:00Z,0.41590,0.41710,0.41300,0.41320,4346973
2024-06-08T16:00:00Z,0.41320,0.41450,0.40980,0.41110,4787256
2024-06-08T17:00:00Z,0.41110,0.41360,0.40680,0.41120,5932904
2024-06-08T18:00:00Z,0.41120,0.41370,0.40880,0.40980,4015760
2024-06-08T19:00:00Z,0.40980,0.41050,0.40640,0.40830,2808248
2024-06-08T20:00:00Z,0.40830,0.41000,0.40780,0.40890,3251050
2024-06-08T21:00:00Z,0.40890,0.41080,0.40710,0.40930,2261731
2024-06-08T22:00:00Z,0.40930,0.41110,0.40560,0.40960,5049406
2024-06-08T23:00:00Z,0.40960,0.41140,0.40880,0.41000,2812514
2024-06-09T00:00:00Z,0.41000,0.41080,0.40820,0.41020,4237073
2024-06-09T01:00:00Z,0.41020,0.41620,0.41000,0.41390,4205133
2024-06-09T02:00:00Z,0.41390,0.41400,0.40860,0.40890,3979797
2024-06-09T03:00:00Z,0.40890,0.41380,0.40440,0.41220,8378603
2024-06-09T04:00:00Z,0.41220,0.41380,0.41060,0.41160,2598830
2024-06-09T05:00:00Z,0.41160,0.41400,0.40840,0.41340,2806271
2024-06-09T06:00:00Z,0.41340,0.41550,0.41260,0.41340,2397641
2024-06-09T07:00:00Z,0.41340,0.41580,0.41310,0.41470,1845328
2024-06-09T08:00:00Z,0.41470,0.41750,0.41390,0.41620,2752591
2024-06-09T09:00:00Z,0.41620,0.41770,0.41540,0.41680,2438532
2024-06-09T10:00:00Z,0.41680,0.41840,0.41590,0.41600,2613043
2024-06-09T11:00:00Z,0.41610,0.41700,0.41550,0.41590,1760119
2024-06-09T12:00:00Z,0.41590,0.42040,0.41380,0.41890,4271476
2024-06-09T13:00:00Z,0.41890,0.41960,0.41440,0.41640,4404451
2024-06-09T14:00:00Z,0.41640,0.41890,0.41560,0.41750,2243370
2024-06-09T15:00:00Z,0.41750,0.41830,0.41630,0.41670,2168831
2024-06-09T16:00:00Z,0.41670,0.41800,0.41580,0.41680,2211392
2024-06-09T17:00:00Z,0.41670,0.41800,0.41600,0.41730,1480863
2024-06-09T18:00:00Z,0.41730,0.42050,0.41680,0.41980,2627746
2024-06-09T19:00:00Z,0.41990,0.42250,0.41950,0.42180,2637520
2024-06-09T20:00:00Z,0.42180,0.42380,0.42070,0.42250,3389963
2024-06-09T21:00:00Z,0.42250,0.42400,0.42120,0.42300,1444985
2024-06-09T22:00:00Z,0.42310,0.42320,0.42130,0.42160,1674219
2024-06-09T23:00:00Z,0.42160,0.42270,0.42060,0.42210,1603162
2024-06-10T00:00:00Z,0.42210,0.42270,0.41950,0.42050,5091835
2024-06-10T01:00:00Z,0.42050,0.42410,0.41900,0.42200,2315567
2024-06-10T02:00:00Z,0.42210,0.42310,0.41990,0.42110,1451979
2024-06-10T03:00:00Z,0.42100,0.42120,0.41640,0.41800,3033961
2024-06-10T04:00:00Z,0.41790,0.42010,0.41610,0.41890,2935954
2024-06-10T05:00:00Z,0.41900,0.41900,0.41400,0.41630,4236187
2024-06-10T06:00:00Z,0.41630,0.41710,0.41220,0.41390,6179278
2024-06-10T07:00:00Z,0.41400,0.41580,0.40980,0.41040,5400616
2024-06-10T08:00:00Z,0.41030,0.41650,0.41020,0.41570,4595464
2024-06-10T09:00:00Z,0.41570,0.41850,0.40900,0.41790,10962275
2024-06-10T10:00:00Z,0.41790,0.41980,0.41700,0.41920,2752505
2024-06-10T11:00:00Z,0.41920,0.42000,0.41700,0.41830,2556808
2024-06-10T12:00:00Z,0.41840,0.41900,0.41510,0.41560,3130034
2024-06-10T13:00:00Z,0.41560,0.41720,0.41260,0.41490,4656075
2024-06-10T14:00:00Z,0.41490,0.41980,0.41290,0.41950,3390594
2024-06-10T15:00:00Z,0.41950,0.42530,0.41890,0.42310,6337732
2024-06-10T16:00:00Z,0.42320,0.42380,0.41940,0.42120,3888824
2024-06-10T17:00:00Z,0.42130,0.42150,0.41900,0.42080,1740418
2024-06-10T18:00:00Z,0.42070,0.42140,0.41620,0.41870,3417712
2024-06-10T19:00:00Z,0.41870,0.41930,0.41490,0.41560,2819297
2024-06-10T20:00:00Z,0.41560,0.41580,0.41150,0.41280,5469100
2024-06-10T21:00:00Z,0.41280,0.41390,0.41140,0.41390,3133764
2024-06-10T22:00:00Z,0.41390,0.41450,0.41140,0.41440,1992915
2024-06-10T23:00:00Z,0.41450,0.41520,0.41190,0.41320,1766536
2024-06-11T00:00:00Z,0.41330,0.41390,0.41090,0.41270,5439351
2024-06-11T01:00:00Z,0.41280,0.41540,0.40000,0.40610,11638211
2024-06-11T02:00:00Z,0.40600,0.41010,0.40000,0.40630,12411896
2024-06-11T03:00:00Z,0.40620,0.40870,0.40510,0.40670,5841169
2024-06-11T04:00:00Z,0.40670,0.40770,0.40110,0.40580,5891918
2024-06-11T05:00:00Z,0.40590,0.40630,0.40390,0.40590,2450469
2024-06-11T06:00:00Z,0.40600,0.40630,0.39710,0.40160,5091821
2024-06-11T07:00:00Z,0.40170,0.40390,0.39910,0.40160,4012984
2024-06-11T08:00:00Z,0.40160,0.40400,0.40050,0.40280,3523745
2024-06-11T09:00:00Z,0.40280,0.40400,0.40050,0.40230,2925483
2024-06-11T10:00:00Z,0.40230,0.40660,0.40130,0.40440,4180910
2024-06-11T11:00:00Z,0.40440,0.40460,0.40020,0.40050,2998779
2024-06-11T12:00:00Z,0.40060,0.40170,0.39700,0.39750,4647079
2024-06-11T13:00:00Z,0.39740,0.40040,0.39110,0.39330,11229629
2024-06-11T14:00:00Z,0.39330,0.39890,0.39220,0.39640,6211962
2024-06-11T15:00:00Z,0.39650,0.39850,0.38410,0.39030,19341411
2024-06-11T16:00:00Z,0.39030,0.39610,0.38970,0.39160,7154534
2024-06-11T17:00:00Z,0.39160,0.39580,0.38660,0.39370,6258769
2024-06-11T18:00:00Z,0.39360,0.39770,0.39330,0.39590,3364855
2024-06-11T19:00:00Z,0.39590,0.39710,0.39290,0.39580,3535224
2024-06-11T20:00:00Z,0.39580,0.39580,0.39370,0.39510,2042707
2024-06-11T21:00:00Z,0.39500,0.39580,0.39410,0.39550,1321965
2024-06-11T22:00:00Z,0.39560,0.39570,0.39350,0.39400,1637812
2024-06-11T23:00:00Z,0.39410,0.39480,0.39160,0.39240,1553959
2024-06-12T00:00:00Z,0.39250,0.39460,0.39140,0.39210,3583006
2024-06-12T01:00:00Z,0.39210,0.39300,0.38410,0.39030,8309265
2024-06-12T02:00:00Z,0.39020,0.39570,0.38960,0.39510,4854767
2024-06-12T03:00:00Z,0.39500,0.39770,0.39500,0.39710,2667387
2024-06-12T04:00:00Z,0.39710,0.39900,0.39670,0.39770,2925430
2024-06-12T05:00:00Z,0.39770,0.39790,0.39530,0.39580,2593981
2024-06-12T06:00:00Z,0.39590,0.39830,0.39540,0.39640,2464147
2024-06-12T07:00:00Z,0.39640,0.39890,0.39630,0.39860,1957816
2024-06-12T08:00:00Z,0.39870,0.40040,0.39570,0.39700,4530367
2024-06-12T09:00:00Z,0.39710,0.40030,0.39610,0.39990,2163126
2024-06-12T10:00:00Z,0.40000,0.40210,0.39900,0.40070,3760571
2024-06-12T11:00:00Z,0.40080,0.40090,0.39750,0.39780,2064381
2024-06-12T12:00:00Z,0.39780,0.41430,0.39760,0.41350,15246313
2024-06-12T13:00:00Z,0.41350,0.41660,0.41040,0.41130,7227822
2024-06-12T14:00:00Z,0.41140,0.41600,0.41100,0.41550,3599553
2024-06-12T15:00:00Z,0.41550,0.41780,0.41210,0.41450,3713991
2024-06-12T16:00:00Z,0.41450,0.41530,0.41110,0.41470,2603017
2024-06-12T17:00:00Z,0.41470,0.41820,0.41340,0.41810,2452787
2024-06-12T18:00:00Z,0.41820,0.41820,0.40650,0.41070,17520695
2024-06-12T19:00:00Z,0.41060,0.41800,0.40310,0.40520,13639373
2024-06-12T20:00:00Z,0.40520,0.41210,0.40350,0.41120,4659128
2024-06-12T21:00:00Z,0.41120,0.41370,0.41100,0.41210,1635686
2024-06-12T22:00:00Z,0.41220,0.41240,0.41050,0.41210,1852737
2024-06-12T23:00:00Z,0.41210,0.41210,0.41000,0.41120,1450095
2024-06-13T00:00:00Z,0.41120,0.41200,0.40770,0.41090,3256386
2024-06-13T01:00:00Z,0.41080,0.41160,0.40680,0.40710,2512938
2024-06-13T02:00:00Z,0.40710,0.40860,0.40070,0.40120,5799829
2024-06-13T03:00:00Z,0.40120,0.40210,0.39500,0.40190,11654706
2024-06-13T04:00:00Z,0.40180,0.40370,0.40150,0.40210,3516301
2024-06-13T05:00:00Z,0.40210,0.40350,0.40010,0.40050,2128598
2024-06-13T06:00:00Z,0.40050,0.40100,0.39680,0.39800,3229795
2024-06-13T07:00:00Z,0.39800,0.40060,0.39630,0.39990,2906755
2024-06-13T08:00:00Z,0.39990,0.40210,0.39940,0.40040,3634732
2024-06-13T09:00:00Z,0.40030,0.40050,0.39700,0.39930,3731513
2024-06-13T10:00:00Z,0.39930,0.40210,0.39830,0.40100,2211324
2024-06-13T11:00:00Z,0.40100,0.40150,0.39750,0.39820,3566486
2024-06-13T12:00:00Z,0.39810,0.40450,0.39610,0.39820,9500039
2024-06-13T13:00:00Z,0.39830,0.40310,0.39670,0.39900,4900611
2024-06-13T14:00:00Z,0.39910,0.40110,0.39590,0.39880,6700975
2024-06-13T15:00:00Z,0.39890,0.39910,0.39000,0.39120,11467254
2024-06-13T16:00:00Z,0.39110,0.39510,0.38840,0.39490,6211757
2024-06-13T17:00:00Z,0.39490,0.39670,0.39370,0.39650,2901376
2024-06-13T18:00:00Z,0.39640,0.39730,0.39500,0.39680,2854345
2024-06-13T19:00:00Z,0.39680,0.39710,0.39400,0.39410,1373478
2024-06-13T20:00:00Z,0.39410,0.39530,0.39160,0.39260,2254628
2024-06-13T21:00:00Z,0.39260,0.39420,0.38940,0.39420,2418952
2024-06-13T22:00:00Z,0.39410,0.39440,0.39260,0.39370,1640139
2024-06-13T23:00:00Z,0.39360,0.39390,0.39060,0.39270,2089673
2024-06-14T00:00:00Z,0.39260,0.39420,0.38980,0.39190,5006977
2024-06-14T01:00:00Z,0.39190,0.39560,0.38940,0.39540,4845898
2024-06-14T02:00:00Z,0.39540,0.39690,0.39410,0.39570,3834467
2024-06-14T03:00:00Z,0.39570,0.39620,0.39140,0.39230,2726901
2024-06-14T04:00:00Z,0.39230,0.39440,0.39210,0.39360,1846033
2024-06-14T05:00:00Z,0.39360,0.39730,0.39360,0.39650,3198532
2024-06-14T06:00:00Z,0.39650,0.39820,0.39520,0.39620,2028852
2024-06-14T07:00:00Z,0.39620,0.39790,0.39490,0.39620,2328222
2024-06-14T08:00:00Z,0.39620,0.39810,0.39540,0.39650,2287091
2024-06-14T09:00:00Z,0.39650,0.39670,0.39520,0.39540,1382648
2024-06-14T10:00:00Z,0.39540,0.39680,0.39440,0.39570,1684396
2024-06-14T11:00:00Z,0.39570,0.39760,0.39400,0.39640,1602098
2024-06-14T12:00:00Z,0.39650,0.39780,0.39520,0.39610,2256054
2024-06-14T13:00:00Z,0.39610,0.39790,0.39560,0.39650,1797639
2024-06-14T14:00:00Z,0.39640,0.39660,0.38840,0.39290,9793433
2024-06-14T15:00:00Z,0.39280,0.39350,0.38620,0.38920,7083309
2024-06-14T16:00:00Z,0.38910,0.38970,0.36910,0.37650,28203269
2024-06-14T17:00:00Z,0.37640,0.37970,0.37240,0.37580,5869531
2024-06-14T18:00:00Z,0.37570,0.37640,0.37000,0.37340,6140188
2024-06-14T19:00:00Z,0.37340,0.37410,0.37080,0.37190,3845806
2024-06-14T20:00:00Z,0.37190,0.37450,0.37130,0.37260,2743572
2024-06-14T21:00:00Z,0.37270,0.38200,0.37240,0.38070,5292855
2024-06-14T22:00:00Z,0.38070,0.38110,0.37640,0.37930,2822895
2024-06-14T23:00:00Z,0.37930,0.37990,0.37770,0.37830,1632974
2024-06-15T00:00:00Z,0.37830,0.38000,0.37760,0.37810,3004965
2024-06-15T01:00:00Z,0.37820,0.38080,0.37660,0.37700,2150270
2024-06-15T02:00:00Z,0.37710,0.38030,0.37660,0.37900,1947807
2024-06-15T03:00:00Z,0.37900,0.38090,0.37900,0.38090,1337143
2024-06-15T04:00:00Z,0.38090,0.38220,0.37940,0.38100,2307388
2024-06-15T05:00:00Z,0.38090,0.38230,0.38070,0.38140,1505511
2024-06-15T06:00:00Z,0.38140,0.38430,0.38120,0.38150,3218544
2024-06-15T07:00:00Z,0.38160,0.38350,0.38120,0.38140,1188411
2024-06-15T08:00:00Z,0.38140,0.38300,0.38130,0.38260,1132252
2024-06-15T09:00:00Z,0.38260,0.38330,0.38010,0.38090,2273596
2024-06-15T10:00:00Z,0.38090,0.38240,0.38050,0.38200,1834045
2024-06-15T11:00:00Z,0.38200,0.38270,0.38140,0.38270,1001464
2024-06-15T12:00:00Z,0.38270,0.38440,0.38180,0.38420,2019048
2024-06-15T13:00:00Z,0.38420,0.38470,0.38270,0.38420,1224004
2024-06-15T14:00:00Z,0.38420,0.38490,0.38200,0.38370,1621911
2024-06-15T15:00:00Z,0.38370,0.38650,0.38330,0.38430,2461263
2024-06-15T16:00:00Z,0.38430,0.38520,0.38320,0.38350,1796119
2024-06-15T17:00:00Z,0.38360,0.38430,0.38270,0.38380,1345041
2024-06-15T18:00:00Z,0.38380,0.38390,0.38140,0.38220,1253435
2024-06-15T19:00:00Z,0.38220,0.38320,0.38060,0.38230,1644759
2024-06-15T20:00:00Z,0.38240,0.38280,0.37930,0.38160,1989959
2024-06-15T21:00:00Z,0.38160,0.38360,0.38150,0.38290,912557
2024-06-15T22:00:00Z,0.38280,0.38370,0.38200,0.38340,1307027
2024-06-15T23:00:00Z,0.38340,0.38420,0.38300,0.38400,1505039
2024-06-16T00:00:00Z,0.38400,0.38530,0.38330,0.38370,1658878
2024-06-16T01:00:00Z,0.38370,0.38480,0.38120,0.38320,2190878
2024-06-16T02:00:00Z,0.38310,0.38420,0.38190,0.38250,1295456
2024-06-16T03:00:00Z,0.38260,0.38330,0.38020,0.38130,1647962
2024-06-16T04:00:00Z,0.38130,0.38230,0.37870,0.38070,2202008
2024-06-16T05:00:00Z,0.38070,0.38450,0.38050,0.38400,1707356
2024-06-16T06:00:00Z,0.38410,0.38580,0.38310,0.38540,1274754
2024-06-16T07:00:00Z,0.38550,0.38590,0.38420,0.38460,1647035
2024-06-16T08:00:00Z,0.38460,0.38460,0.38230,0.38280,1343285
2024-06-16T09:00:00Z,0.38290,0.38380,0.38160,0.38340,1456605
2024-06-16T10:00:00Z,0.38350,0.38630,0.38310,0.38590,2073908
2024-06-16T11:00:00Z,0.38580,0.38620,0.38300,0.38330,1710412
2024-06-16T12:00:00Z,0.38340,0.38460,0.38260,0.38450,1122405
2024-06-16T13:00:00Z,0.38450,0.38610,0.38370,0.38540,2567343
2024-06-16T14:00:00Z,0.38540,0.38670,0.38330,0.38410,2435561
2024-06-16T15:00:00Z,0.38400,0.38550,0.38380,0.38530,1280310
2024-06-16T16:00:00Z,0.38520,0.38530,0.38380,0.38470,1845804
2024-06-16T17:00:00Z,0.38470,0.38500,0.38140,0.38220,3061037
2024-06-16T18:00:00Z,0.38220,0.38230,0.38050,0.38100,1715467
2024-06-16T19:00:00Z,0.38110,0.38230,0.38030,0.38180,1403620
2024-06-16T20:00:00Z,0.38170,0.38210,0.38060,0.38140,1318886
2024-06-16T21:00:00Z,0.38130,0.38160,0.38050,0.38090,1172670
2024-06-16T22:00:00Z,0.38100,0.38560,0.38100,0.38350,4090376
2024-06-16T23:00:00Z,0.38360,0.38500,0.38160,0.38290,1736446
2024-06-17T00:00:00Z,0.38280,0.38500,0.38070,0.38140,3726887
2024-06-17T01:00:00Z,0.38140,0.38170,0.37580,0.37790,8057634
2024-06-17T02:00:00Z,0.37790,0.37790,0.37190,0.37430,8298644
2024-06-17T03:00:00Z,0.37430,0.37480,0.37050,0.37120,4527711
2024-06-17T04:00:00Z,0.37120,0.37280,0.36960,0.37170,6544337
2024-06-17T05:00:00Z,0.37170,0.37350,0.36830,0.36940,5787126
2024-06-17T06:00:00Z,0.36950,0.36970,0.36500,0.36590,8345834
2024-06-17T07:00:00Z,0.36590,0.36700,0.36150,0.36390,12447996
2024-06-17T08:00:00Z,0.36400,0.36520,0.35760,0.35990,13019929
2024-06-17T09:00:00Z,0.35990,0.36200,0.35330,0.35470,15889432
2024-06-17T10:00:00Z,0.35470,0.35630,0.34420,0.35220,22255536
2024-06-17T11:00:00Z,0.35210,0.35330,0.34980,0.35140,5520810
2024-06-17T12:00:00Z,0.35130,0.35210,0.34960,0.35050,5243233
2024-06-17T13:00:00Z,0.35040,0.35150,0.34560,0.34680,12393735
2024-06-17T14:00:00Z,0.34680,0.35100,0.34680,0.34920,6071026
2024-06-17T15:00:00Z,0.34920,0.35040,0.34430,0.34520,7100163
2024-06-17T16:00:00Z,0.34520,0.34830,0.33210,0.34580,26194151
2024-06-17T17:00:00Z,0.34580,0.34900,0.34490,0.34840,7002599
2024-06-17T18:00:00Z,0.34830,0.35230,0.34770,0.35220,7722081
2024-06-17T19:00:00Z,0.35210,0.35430,0.34950,0.34990,6945435
2024-06-17T20:00:00Z,0.34990,0.35020,0.34230,0.34380,11794411
2024-06-17T21:00:00Z,0.34380,0.34520,0.34010,0.34300,5608726
2024-06-17T22:00:00Z,0.34300,0.34360,0.33960,0.34030,7402585
2024-06-17T23:00:00Z,0.34030,0.34130,0.33520,0.33680,8780721
2024-06-18T00:00:00Z,0.33690,0.33850,0.32710,0.33230,20277906
2024-06-18T01:00:00Z,0.33240,0.33470,0.29120,0.30960,66002021
2024-06-18T02:00:00Z,0.30960,0.31570,0.30580,0.31290,21205899
2024-06-18T03:00:00Z,0.31290,0.31500,0.31100,0.31390,10193541
2024-06-18T04:00:00Z,0.31400,0.31590,0.31240,0.31460,7004461
2024-06-18T05:00:00Z,0.31460,0.31710,0.31410,0.31430,6884806
2024-06-18T06:00:00Z,0.31430,0.31750,0.31420,0.31610,7244952
2024-06-18T07:00:00Z,0.31600,0.31850,0.31600,0.31700,6251695
2024-06-18T08:00:00Z,0.31700,0.31830,0.31500,0.31750,6517986
2024-06-18T09:00:00Z,0.31760,0.31780,0.31560,0.31640,4691349
2024-06-18T10:00:00Z,0.31640,0.31750,0.31420,0.31650,4503030
2024-06-18T11:00:00Z,0.31650,0.31690,0.30990,0.31370,10990045
2024-06-18T12:00:00Z,0.31370,0.31520,0.30710,0.31110,16804240
2024-06-18T13:00:00Z,0.31110,0.31170,0.30370,0.30490,15325146
2024-06-18T14:00:00Z,0.30480,0.31270,0.30130,0.30750,16487270
2024-06-18T15:00:00Z,0.30760,0.31000,0.30500,0.30780,8667828
2024-06-18T16:00:00Z,0.30780,0.30820,0.30160,0.30620,11793979
2024-06-18T17:00:00Z,0.30610,0.30770,0.30200,0.30280,9095826
2024-06-18T18:00:00Z,0.30290,0.30520,0.30000,0.30060,13385683
2024-06-18T19:00:00Z,0.30050,0.30470,0.29790,0.30460,9642395
2024-06-18T20:00:00Z,0.30460,0.30830,0.30240,0.30750,7733216
2024-06-18T21:00:00Z,0.30750,0.31070,0.30590,0.30900,6728310
2024-06-18T22:00:00Z,0.30910,0.31230,0.30720,0.31200,3599884
2024-06-18T23:00:00Z,0.31190,0.31390,0.31080,0.31180,5996375
2024-06-19T00:00:00Z,0.31190,0.31550,0.30950,0.31470,10543847
2024-06-19T01:00:00Z,0.31470,0.32060,0.31440,0.31670,15873938
2024-06-19T02:00:00Z,0.31680,0.32200,0.31670,0.31980,7994665
2024-06-19T03:00:00Z,0.31980,0.32260,0.31850,0.32010,4782496
2024-06-19T04:00:00Z,0.32020,0.32280,0.31940,0.32240,3554622
2024-06-19T05:00:00Z,0.32240,0.32310,0.32010,0.32190,3135421
2024-06-19T06:00:00Z,0.32200,0.32540,0.32160,0.32480,3494311
2024-06-19T07:00:00Z,0.32470,0.32520,0.32160,0.32310,4609797
2024-06-19T08:00:00Z,0.32310,0.32340,0.31890,0.31940,7159673
2024-06-19T09:00:00Z,0.31940,0.32110,0.31800,0.32010,4070073
2024-06-19T10:00:00Z,0.32010,0.32320,0.31960,0.32310,3263593
2024-06-19T11:00:00Z,0.32310,0.32340,0.31860,0.32030,6213683
2024-06-19T12:00:00Z,0.32020,0.32240,0.31960,0.32180,4005688
2024-06-19T13:00:00Z,0.32170,0.32270,0.32070,0.32080,2290081
2024-06-19T14:00:00Z,0.32080,0.32090,0.31690,0.31810,7695943
2024-06-19T15:00:00Z,0.31800,0.32050,0.31780,0.31980,4623279
2024-06-19T16:00:00Z,0.31980,0.32270,0.31820,0.32080,3701513
2024-06-19T17:00:00Z,0.32080,0.32670,0.32060,0.32370,6512630
2024-06-19T18:00:00Z,0.32370,0.32540,0.32300,0.32360,2907990
2024-06-19T19:00:00Z,0.32360,0.32450,0.32230,0.32410,3511497
2024-06-19T20:00:00Z,0.32410,0.32560,0.32280,0.32530,3111902
2024-06-19T21:00:00Z,0.32530,0.32740,0.32480,0.32560,2360559
2024-06-19T22:00:00Z,0.32560,0.32640,0.32290,0.32320,2399929
2024-06-19T23:00:00Z,0.32320,0.32450,0.32090,0.32400,3452741
2024-06-20T00:00:00Z,0.32400,0.32670,0.32200,0.32560,6479515
2024-06-20T01:00:00Z,0.32570,0.33100,0.32440,0.32710,6676993
2024-06-20T02:00:00Z,0.32700,0.32720,0.32380,0.32520,4430466
2024-06-20T03:00:00Z,0.32530,0.32610,0.32380,0.32520,2159418
2024-06-20T04:00:00Z,0.32520,0.32830,0.32320,0.32820,3810783
2024-06-20T05:00:00Z,0.32810,0.33160,0.32740,0.33130,3044575
2024-06-20T06:00:00Z,0.33120,0.33470,0.33070,0.33210,5596805
2024-06-20T07:00:00Z,0.33210,0.33740,0.33210,0.33730,5889771
2024-06-20T08:00:00Z,0.33750,0.33780,0.33460,0.33600,3556900
2024-06-20T09:00:00Z,0.33600,0.33730,0.33460,0.33500,2300163
2024-06-20T10:00:00Z,0.33500,0.33810,0.33390,0.33770,3420124
2024-06-20T11:00:00Z,0.33770,0.34130,0.33680,0.33700,6740502
2024-06-20T12:00:00Z,0.33700,0.33870,0.33530,0.33550,3948283
2024-06-20T13:00:00Z,0.33550,0.33610,0.33060,0.33290,9499910
2024-06-20T14:00:00Z,0.33290,0.33380,0.32710,0.33100,10884797
2024-06-20T15:00:00Z,0.33100,0.33200,0.32820,0.32860,5031346
2024-06-20T16:00:00Z,0.32860,0.33120,0.32390,0.33010,10013833
2024-06-20T17:00:00Z,0.33010,0.33290,0.32820,0.33280,4492712
2024-06-20T18:00:00Z,0.33270,0.33370,0.33120,0.33270,3295497
2024-06-20T19:00:00Z,0.33270,0.33420,0.33190,0.33360,3957326
2024-06-20T20:00:00Z,0.33360,0.33410,0.33110,0.33210,2899561
2024-06-20T21:00:00Z,0.33210,0.33230,0.33050,0.33080,1830125
2024-06-20T22:00:00Z,0.33090,0.33180,0.33000,0.33070,1270270
2024-06-20T23:00:00Z,0.33070,0.33170,0.32880,0.32970,2471242
2024-06-21T00:00:00Z,0.32970,0.33170,0.32650,0.32900,8617936
2024-06-21T01:00:00Z,0.32900,0.33670,0.32870,0.33520,8755396
2024-06-21T02:00:00Z,0.33520,0.33730,0.33200,0.33370,5843437
2024-06-21T03:00:00Z,0.33360,0.33500,0.33190,0.33430,3370742
2024-06-21T04:00:00Z,0.33430,0.33700,0.33280,0.33690,3851415
2024-06-21T05:00:00Z,0.33690,0.33720,0.33380,0.33440,3367363
2024-06-21T06:00:00Z,0.33430,0.33460,0.33150,0.33420,2801219
2024-06-21T07:00:00Z,0.33420,0.33560,0.32920,0.33140,3934877
2024-06-21T08:00:00Z,0.33140,0.33340,0.32570,0.32700,7169183
2024-06-21T09:00:00Z,0.32700,0.33480,0.32640,0.33440,8665340
2024-06-21T10:00:00Z,0.33440,0.33530,0.33230,0.33270,3785685
2024-06-21T11:00:00Z,0.33270,0.33550,0.33260,0.33460,2925728
2024-06-21T12:00:00Z,0.33450,0.33580,0.33030,0.33230,4695005
2024-06-21T13:00:00Z,0.33230,0.33260,0.32810,0.32980,5372446
2024-06-21T14:00:00Z,0.32970,0.33800,0.32840,0.33720,9216386
2024-06-21T15:00:00Z,0.33730,0.33810,0.33180,0.33400,7002378
2024-06-21T16:00:00Z,0.33390,0.33500,0.33250,0.33310,3627914
2024-06-21T17:00:00Z,0.33310,0.33380,0.32740,0.32860,5901053
2024-06-21T18:00:00Z,0.32860,0.33380,0.32640,0.33370,4888258
2024-06-21T19:00:00Z,0.33370,0.33490,0.33220,0.33270,3585450
2024-06-21T20:00:00Z,0.33260,0.33580,0.33200,0.33280,3614333
2024-06-21T21:00:00Z,0.33290,0.33390,0.33070,0.33290,2449646
2024-06-21T22:00:00Z,0.33290,0.33290,0.33150,0.33210,1836094
2024-06-21T23:00:00Z,0.33210,0.33280,0.33080,0.33170,1489266
2024-06-22T00:00:00Z,0.33170,0.33170,0.32680,0.32750,5001123
2024-06-22T01:00:00Z,0.32750,0.32930,0.32740,0.32820,2453681
2024-06-22T02:00:00Z,0.32820,0.33120,0.32810,0.32960,2029355
2024-06-22T03:00:00Z,0.32960,0.33110,0.32880,0.33080,1943693
2024-06-22T04:00:00Z,0.33080,0.33170,0.33010,0.33130,1427386
2024-06-22T05:00:00Z,0.33130,0.33370,0.33040,0.33310,2285432
2024-06-22T06:00:00Z,0.33320,0.33360,0.33160,0.33230,1978983
2024-06-22T07:00:00Z,0.33220,0.33230,0.32970,0.33050,1673432
2024-06-22T08:00:00Z,0.33040,0.33060,0.32760,0.32890,2888624
2024-06-22T09:00:00Z,0.32870,0.33090,0.32870,0.33030,1352779
2024-06-22T10:00:00Z,0.33020,0.33170,0.33000,0.33140,1403505
2024-06-22T11:00:00Z,0.33140,0.33280,0.33070,0.33170,1500010
2024-06-22T12:00:00Z,0.33160,0.33190,0.33070,0.33150,1677078
2024-06-22T13:00:00Z,0.33150,0.33340,0.33130,0.33310,1664833
2024-06-22T14:00:00Z,0.33320,0.33350,0.33140,0.33180,2499608
2024-06-22T15:00:00Z,0.33180,0.33200,0.33100,0.33170,1816476
2024-06-22T16:00:00Z,0.33180,0.33360,0.33080,0.33270,1614514
2024-06-22T17:00:00Z,0.33280,0.33320,0.33110,0.33110,1073799
2024-06-22T18:00:00Z,0.33120,0.33240,0.33110,0.33210,1287135
2024-06-22T19:00:00Z,0.33220,0.33230,0.33110,0.33200,1006523
2024-06-22T20:00:00Z,0.33210,0.33220,0.32980,0.33100,1312987
2024-06-22T21:00:00Z,0.33100,0.33140,0.33060,0.33130,879622
2024-06-22T22:00:00Z,0.33130,0.33190,0.33030,0.33120,1076918
2024-06-22T23:00:00Z,0.33110,0.33200,0.32990,0.33040,1026198
2024-06-23T00:00:00Z,0.33050,0.33470,0.32980,0.33290,3336213
2024-06-23T01:00:00Z,0.33290,0.33400,0.33250,0.33340,1656983
2024-06-23T02:00:00Z,0.33330,0.33340,0.33210,0.33340,1107293
2024-06-23T03:00:00Z,0.33340,0.33530,0.33280,0.33450,1642270
2024-06-23T04:00:00Z,0.33460,0.33460,0.33330,0.33390,1107083
2024-06-23T05:00:00Z,0.33400,0.33440,0.33290,0.33380,988827
2024-06-23T06:00:00Z,0.33390,0.33420,0.33290,0.33340,761566
2024-06-23T07:00:00Z,0.33340,0.33430,0.33290,0.33360,1071539
2024-06-23T08:00:00Z,0.33350,0.33400,0.33270,0.33350,1055240
2024-06-23T09:00:00Z,0.33360,0.33430,0.33220,0.33350,1917569
2024-06-23T10:00:00Z,0.33350,0.33410,0.33120,0.33150,1706429
2024-06-23T11:00:00Z,0.33150,0.33190,0.33020,0.33130,1559401
2024-06-23T12:00:00Z,0.33140,0.33150,0.33000,0.33070,1595110
2024-06-23T13:00:00Z,0.33080,0.33130,0.32840,0.32860,1867365
2024-06-23T14:00:00Z,0.32860,0.32890,0.32580,0.32690,3931917
2024-06-23T15:00:00Z,0.32690,0.32810,0.32380,0.32590,4304580
2024-06-23T16:00:00Z,0.32600,0.32630,0.32230,0.32320,4691721
2024-06-23T17:00:00Z,0.32320,0.32590,0.32270,0.32460,3905204
2024-06-23T18:00:00Z,0.32450,0.32540,0.32380,0.32450,1863582
2024-06-23T19:00:00Z,0.32440,0.32490,0.32320,0.32430,1325939
2024-06-23T20:00:00Z,0.32440,0.32450,0.31720,0.32320,7709986
2024-06-23T21:00:00Z,0.32320,0.32580,0.32310,0.32510,3634631
2024-06-23T22:00:00Z,0.32510,0.32510,0.32140,0.32310,3701741
2024-06-23T23:00:00Z,0.32310,0.32340,0.32030,0.32090,6102305
2024-06-24T00:00:00Z,0.32090,0.32470,0.32040,0.32330,4314625
2024-06-24T01:00:00Z,0.32330,0.32400,0.31990,0.32220,3788644
2024-06-24T02:00:00Z,0.32220,0.32330,0.31850,0.32120,4527209
2024-06-24T03:00:00Z,0.32110,0.32410,0.32110,0.32250,2613838
2024-06-24T04:00:00Z,0.32250,0.32310,0.32070,0.32190,2706754
2024-06-24T05:00:00Z,0.32190,0.32230,0.31240,0.31460,13304284
2024-06-24T06:00:00Z,0.31470,0.31830,0.31470,0.31800,3823503
2024-06-24T07:00:00Z,0.31820,0.31820,0.31460,0.31490,4551543
2024-06-24T08:00:00Z,0.31500,0.31980,0.31260,0.31740,7724580
2024-06-24T09:00:00Z,0.31740,0.31840,0.30340,0.31610,22277040
2024-06-24T10:00:00Z,0.31610,0.31910,0.31560,0.31850,7808155
2024-06-24T11:00:00Z,0.31850,0.31920,0.31480,0.31670,4554439
2024-06-24T12:00:00Z,0.31670,0.32010,0.31580,0.31840,5065046
2024-06-24T13:00:00Z,0.31830,0.32260,0.31650,0.32220,6013997
2024-06-24T14:00:00Z,0.32220,0.32410,0.31950,0.32090,5481292
2024-06-24T15:00:00Z,0.32100,0.32170,0.31670,0.31850,4977568
2024-06-24T16:00:00Z,0.31840,0.32030,0.31690,0.31910,6004505
2024-06-24T17:00:00Z,0.31900,0.32260,0.31580,0.31870,10416297
2024-06-24T18:00:00Z,0.31870,0.32080,0.31620,0.31980,4159689
2024-06-24T19:00:00Z,0.31970,0.32110,0.31620,0.31770,4079815
2024-06-24T20:00:00Z,0.31770,0.32090,0.31380,0.31970,9841306
2024-06-24T21:00:00Z,0.31960,0.32570,0.31940,0.32540,6234484
2024-06-24T22:00:00Z,0.32550,0.32700,0.32460,0.32460,3441091
2024-06-24T23:00:00Z,0.32460,0.32810,0.32440,0.32770,4252035
2024-06-25T00:00:00Z,0.32760,0.32910,0.32580,0.32740,4844429
2024-06-25T01:00:00Z,0.32750,0.32980,0.32630,0.32910,2773159
2024-06-25T02:00:00Z,0.32910,0.33000,0.32670,0.32720,3292456
2024-06-25T03:00:00Z,0.32710,0.33200,0.32700,0.32990,4935454
2024-06-25T04:00:00Z,0.32990,0.33170,0.32920,0.33110,3010373
2024-06-25T05:00:00Z,0.33110,0.33150,0.32930,0.33010,2607410
2024-06-25T06:00:00Z,0.33000,0.33040,0.32850,0.32970,2413371
2024-06-25T07:00:00Z,0.32970,0.33100,0.32920,0.32980,3109390
2024-06-25T08:00:00Z,0.32980,0.33140,0.32920,0.33000,3627035
2024-06-25T09:00:00Z,0.33000,0.33300,0.32890,0.33230,3815135
2024-06-25T10:00:00Z,0.33240,0.33290,0.33100,0.33170,2647940
2024-06-25T11:00:00Z,0.33170,0.33270,0.33130,0.33190,1897553
2024-06-25T12:00:00Z,0.33190,0.33290,0.33080,0.33150,2807135
2024-06-25T13:00:00Z,0.33160,0.33310,0.33080,0.33170,2685868
2024-06-25T14:00:00Z,0.33180,0.33620,0.33100,0.33540,6355450
2024-06-25T15:00:00Z,0.33550,0.33770,0.33390,0.33720,5155430
2024-06-25T16:00:00Z,0.33720,0.33790,0.33560,0.33620,4527805
2024-06-25T17:00:00Z,0.33620,0.33810,0.33590,0.33650,2659379
2024-06-25T18:00:00Z,0.33660,0.34030,0.33600,0.34000,3406529
2024-06-25T19:00:00Z,0.33990,0.34120,0.33850,0.33930,2488151
2024-06-25T20:00:00Z,0.33920,0.33950,0.33780,0.33820,2162309
2024-06-25T21:00:00Z,0.33820,0.33900,0.33730,0.33820,1560972
2024-06-25T22:00:00Z,0.33830,0.33930,0.33700,0.33730,2280747
2024-06-25T23:00:00Z,0.33740,0.33780,0.33650,0.33740,2777999
2024-06-26T00:00:00Z,0.33730,0.33760,0.33460,0.33500,3512151
2024-06-26T01:00:00Z,0.33510,0.33910,0.33410,0.33850,3261410
2024-06-26T02:00:00Z,0.33860,0.34020,0.33700,0.33720,2087498
2024-06-26T03:00:00Z,0.33730,0.33770,0.33450,0.33570,3313115
2024-06-26T04:00:00Z,0.33580,0.33610,0.33370,0.33390,2161267
2024-06-26T05:00:00Z,0.33390,0.33570,0.33330,0.33420,1937197
2024-06-26T06:00:00Z,0.33420,0.33590,0.33420,0.33510,1431582
2024-06-26T07:00:00Z,0.33520,0.33710,0.33460,0.33640,2633025
2024-06-26T08:00:00Z,0.33650,0.33690,0.33460,0.33470,2081278
2024-06-26T09:00:00Z,0.33480,0.33600,0.33430,0.33560,1982790
2024-06-26T10:00:00Z,0.33550,0.33590,0.33430,0.33500,1954298
2024-06-26T11:00:00Z,0.33510,0.33730,0.33490,0.33550,1735860
2024-06-26T12:00:00Z,0.33540,0.33610,0.33370,0.33450,1794830
2024-06-26T13:00:00Z,0.33460,0.33720,0.33340,0.33680,10669642
2024-06-26T14:00:00Z,0.33690,0.33860,0.33380,0.33490,5241370
2024-06-26T15:00:00Z,0.33480,0.33530,0.33260,0.33390,4147306
2024-06-26T16:00:00Z,0.33380,0.33460,0.33150,0.33180,3658191
2024-06-26T17:00:00Z,0.33180,0.33240,0.32860,0.33220,7628375
2024-06-26T18:00:00Z,0.33230,0.33260,0.33090,0.33220,2528576
2024-06-26T19:00:00Z,0.33220,0.33600,0.33160,0.33590,3725913
2024-06-26T20:00:00Z,0.33590,0.33780,0.33420,0.33560,3855441
2024-06-26T21:00:00Z,0.33560,0.33610,0.33470,0.33550,1354925
2024-06-26T22:00:00Z,0.33560,0.33570,0.33360,0.33490,2081154
2024-06-26T23:00:00Z,0.33490,0.33510,0.33320,0.33390,1925486
2024-06-27T00:00:00Z,0.33400,0.33500,0.33230,0.33320,2487774
2024-06-27T01:00:00Z,0.33330,0.33350,0.33180,0.33240,1904939
2024-06-27T02:00:00Z,0.33230,0.33280,0.33060,0.33170,2938942
2024-06-27T03:00:00Z,0.33160,0.33360,0.33110,0.33200,1369523
2024-06-27T04:00:00Z,0.33200,0.33280,0.33130,0.33230,1350642
2024-06-27T05:00:00Z,0.33230,0.33280,0.32860,0.32870,2440607
2024-06-27T06:00:00Z,0.32870,0.33070,0.32850,0.33020,2496129
2024-06-27T07:00:00Z,0.33020,0.33060,0.32880,0.32960,1949346
2024-06-27T08:00:00Z,0.32970,0.33110,0.32960,0.33100,1868338
2024-06-27T09:00:00Z,0.33110,0.33500,0.33070,0.33420,4103618
2024-06-27T10:00:00Z,0.33420,0.33630,0.33350,0.33370,3352226
2024-06-27T11:00:00Z,0.33370,0.33630,0.33340,0.33490,1985793
2024-06-27T12:00:00Z,0.33490,0.33850,0.33460,0.33780,4363558
2024-06-27T13:00:00Z,0.33780,0.34210,0.33770,0.34090,9632565
2024-06-27T14:00:00Z,0.34090,0.34380,0.34010,0.34060,7241050
2024-06-27T15:00:00Z,0.34070,0.34190,0.33950,0.33980,2995336
2024-06-27T16:00:00Z,0.33990,0.34010,0.33780,0.33880,2897912
2024-06-27T17:00:00Z,0.33880,0.34030,0.33870,0.33920,2560421
2024-06-27T18:00:00Z,0.33920,0.34110,0.33860,0.34030,2124348
2024-06-27T19:00:00Z,0.34030,0.34110,0.33890,0.34030,1238941
2024-06-27T20:00:00Z,0.34040,0.34140,0.33980,0.34110,1448757
2024-06-27T21:00:00Z,0.34110,0.34150,0.34040,0.34120,1435730
2024-06-27T22:00:00Z,0.34120,0.34160,0.34040,0.34110,2129921
2024-06-27T23:00:00Z,0.34100,0.34130,0.33940,0.34050,1399822
2024-06-28T00:00:00Z,0.34040,0.34080,0.33690,0.33750,4888245
2024-06-28T01:00:00Z,0.33740,0.34190,0.33690,0.34080,3716188
2024-06-28T02:00:00Z,0.34080,0.34150,0.33800,0.33840,2745464
2024-06-28T03:00:00Z,0.33850,0.33930,0.33790,0.33870,1293526
2024-06-28T04:00:00Z,0.33860,0.33870,0.33610,0.33740,2110922
2024-06-28T05:00:00Z,0.33730,0.33730,0.33530,0.33630,2034642
2024-06-28T06:00:00Z,0.33620,0.33740,0.33560,0.33710,2204170
2024-06-28T07:00:00Z,0.33700,0.33720,0.33500,0.33680,2536831
2024-06-28T08:00:00Z,0.33680,0.33810,0.33620,0.33720,3022972
2024-06-28T09:00:00Z,0.33720,0.33900,0.33630,0.33890,1972557
2024-06-28T10:00:00Z,0.33900,0.34010,0.33840,0.33930,2123927
2024-06-28T11:00:00Z,0.33930,0.34130,0.33890,0.34030,1775373
2024-06-28T12:00:00Z,0.34030,0.34350,0.34010,0.34050,4856183
2024-06-28T13:00:00Z,0.34050,0.34490,0.33850,0.34160,5806160
2024-06-28T14:00:00Z,0.34160,0.34340,0.33990,0.34260,5834482
2024-06-28T15:00:00Z,0.34270,0.34500,0.34080,0.34300,4226669
2024-06-28T16:00:00Z,0.34300,0.34370,0.33820,0.34210,5606937
2024-06-28T17:00:00Z,0.34210,0.34210,0.33540,0.33690,4873202
2024-06-28T18:00:00Z,0.33690,0.33850,0.33630,0.33820,2188689
2024-06-28T19:00:00Z,0.33820,0.34170,0.33740,0.34020,5152410
2024-06-28T20:00:00Z,0.34030,0.34270,0.34030,0.34040,2628924
2024-06-28T21:00:00Z,0.34050,0.34060,0.33640,0.33860,4034198
2024-06-28T22:00:00Z,0.33850,0.33870,0.33660,0.33730,2507484
2024-06-28T23:00:00Z,0.33730,0.33740,0.33510,0.33610,2536521
2024-06-29T00:00:00Z,0.33610,0.33660,0.33460,0.33630,3895441
2024-06-29T01:00:00Z,0.33630,0.34090,0.33620,0.34060,2037864
2024-06-29T02:00:00Z,0.34060,0.34250,0.34030,0.34090,3560789
2024-06-29T03:00:00Z,0.34090,0.34190,0.33960,0.34060,1995563
2024-06-29T04:00:00Z,0.34060,0.34110,0.33860,0.33870,1740154
2024-06-29T05:00:00Z,0.33870,0.33910,0.33730,0.33820,1496125
2024-06-29T06:00:00Z,0.33820,0.33860,0.33690,0.33730,1315332
2024-06-29T07:00:00Z,0.33730,0.33950,0.33720,0.33790,2453926
2024-06-29T08:00:00Z,0.33800,0.33870,0.33660,0.33750,2060368
2024-06-29T09:00:00Z,0.33760,0.33780,0.33660,0.33750,1218275
2024-06-29T10:00:00Z,0.33760,0.33800,0.33620,0.33620,1164859
2024-06-29T11:00:00Z,0.33630,0.33670,0.33520,0.33600,2468437
2024-06-29T12:00:00Z,0.33610,0.33610,0.33380,0.33420,3002622
2024-06-29T13:00:00Z,0.33420,0.33490,0.33340,0.33360,1915705
2024-06-29T14:00:00Z,0.33360,0.33430,0.33100,0.33140,3890595
2024-06-29T15:00:00Z,0.33130,0.33190,0.33030,0.33180,1876763
2024-06-29T16:00:00Z,0.33180,0.33200,0.32970,0.33030,1964455
2024-06-29T17:00:00Z,0.33020,0.33030,0.32810,0.32850,2384756
2024-06-29T18:00:00Z,0.32850,0.32860,0.32520,0.32640,3676990
2024-06-29T19:00:00Z,0.32630,0.32630,0.32410,0.32600,2506829
2024-06-29T20:00:00Z,0.32600,0.32740,0.32550,0.32660,2728728
2024-06-29T21:00:00Z,0.32650,0.32700,0.32520,0.32630,1889160
2024-06-29T22:00:00Z,0.32640,0.32680,0.32430,0.32560,2630959
2024-06-29T23:00:00Z,0.32570,0.32660,0.32530,0.32560,1368517
2024-06-30T00:00:00Z,0.32560,0.32800,0.32560,0.32680,3430107
2024-06-30T01:00:00Z,0.32680,0.32700,0.32400,0.32520,2716594
2024-06-30T02:00:00Z,0.32510,0.32530,0.32200,0.32340,4725912
2024-06-30T03:00:00Z,0.32340,0.32500,0.32340,0.32460,1921278
2024-06-30T04:00:00Z,0.32450,0.32470,0.32300,0.32380,1693988
2024-06-30T05:00:00Z,0.32370,0.32400,0.32290,0.32370,1105969
2024-06-30T06:00:00Z,0.32380,0.32460,0.32330,0.32460,1849375
2024-06-30T07:00:00Z,0.32470,0.33150,0.32450,0.33010,6724839
2024-06-30T08:00:00Z,0.33000,0.33120,0.32860,0.33040,2811457
2024-06-30T09:00:00Z,0.33030,0.33080,0.32860,0.32860,2501286
2024-06-30T10:00:00Z,0.32850,0.32960,0.32770,0.32800,1594749
2024-06-30T11:00:00Z,0.32810,0.32970,0.32770,0.32800,1543496
2024-06-30T12:00:00Z,0.32810,0.32890,0.32590,0.32710,2296630
2024-06-30T13:00:00Z,0.32700,0.32830,0.32670,0.32810,1808945
2024-06-30T14:00:00Z,0.32800,0.32890,0.32660,0.32710,2323887
2024-06-30T15:00:00Z,0.32710,0.32820,0.32670,0.32780,1791909
2024-06-30T16:00:00Z,0.32780,0.32800,0.32510,0.32510,1856543
2024-06-30T17:00:00Z,0.32520,0.32710,0.32430,0.32540,3508581
2024-06-30T18:00:00Z,0.32530,0.32550,0.32270,0.32540,3052006
2024-06-30T19:00:00Z,0.32540,0.32580,0.32420,0.32550,2485549
2024-06-30T20:00:00Z,0.32550,0.32720,0.32510,0.32620,2038229
2024-06-30T21:00:00Z,0.32620,0.32630,0.32420,0.32460,1728896
2024-06-30T22:00:00Z,0.32460,0.33300,0.32450,0.33200,8295353
2024-06-30T23:00:00Z,0.33200,0.33260,0.33010,0.33110,2389828
2024-07-01T00:00:00Z,0.33120,0.33170,0.32990,0.33060,3017251
2024-07-01T01:00:00Z,0.33070,0.33670,0.32940,0.33540,5627253
2024-07-01T02:00:00Z,0.33550,0.33640,0.33430,0.33550,3533721
2024-07-01T03:00:00Z,0.33560,0.33620,0.33440,0.33510,1821871
2024-07-01T04:00:00Z,0.33510,0.33580,0.33350,0.33440,1626807
2024-07-01T05:00:00Z,0.33430,0.33440,0.33220,0.33270,1697514
2024-07-01T06:00:00Z,0.33270,0.33300,0.33170,0.33250,1476275
2024-07-01T07:00:00Z,0.33250,0.33520,0.33240,0.33400,3011039
2024-07-01T08:00:00Z,0.33390,0.33470,0.33200,0.33390,2693164
2024-07-01T09:00:00Z,0.33400,0.33480,0.33270,0.33420,1756675
2024-07-01T10:00:00Z,0.33410,0.33420,0.33230,0.33370,1829822
2024-07-01T11:00:00Z,0.33370,0.33400,0.33070,0.33150,2114515
2024-07-01T12:00:00Z,0.33150,0.33270,0.33080,0.33110,2116418
2024-07-01T13:00:00Z,0.33110,0.33250,0.32800,0.32880,3794931
2024-07-01T14:00:00Z,0.32880,0.32950,0.32560,0.32730,5470820
2024-07-01T15:00:00Z,0.32730,0.32900,0.32620,0.32890,3191359
2024-07-01T16:00:00Z,0.32890,0.33070,0.32830,0.32920,2962236
2024-07-01T17:00:00Z,0.32920,0.33220,0.32910,0.33200,4867501
2024-07-01T18:00:00Z,0.33200,0.33360,0.33080,0.33250,3282369
2024-07-01T19:00:00Z,0.33250,0.33400,0.33180,0.33340,2125042
2024-07-01T20:00:00Z,0.33340,0.33430,0.33270,0.33310,1679141
2024-07-01T21:00:00Z,0.33320,0.33390,0.33120,0.33130,1909546
2024-07-01T22:00:00Z,0.33120,0.33160,0.32710,0.32840,4095253
2024-07-01T23:00:00Z,0.32840,0.32890,0.32670,0.32780,2723509
2024-07-02T00:00:00Z,0.32780,0.32790,0.32560,0.32680,3115159
2024-07-02T01:00:00Z,0.32680,0.32730,0.32560,0.32690,2430329
2024-07-02T02:00:00Z,0.32690,0.32800,0.32590,0.32800,2741733
2024-07-02T03:00:00Z,0.32800,0.33050,0.32760,0.32970,2156128
2024-07-02T04:00:00Z,0.32970,0.33150,0.32950,0.33010,2055481
2024-07-02T05:00:00Z,0.33010,0.33160,0.32980,0.33060,1467406
2024-07-02T06:00:00Z,0.33070,0.33110,0.32890,0.32920,2050989
2024-07-02T07:00:00Z,0.32910,0.32980,0.32700,0.32750,2049205
2024-07-02T08:00:00Z,0.32740,0.32790,0.32600,0.32690,2434819
2024-07-02T09:00:00Z,0.32690,0.32810,0.32630,0.32700,1697745
2024-07-02T10:00:00Z,0.32690,0.32860,0.32610,0.32840,1980423
2024-07-02T11:00:00Z,0.32850,0.32890,0.32760,0.32840,1343103
2024-07-02T12:00:00Z,0.32840,0.33210,0.32760,0.33080,2494665
2024-07-02T13:00:00Z,0.33080,0.33640,0.33050,0.33180,5776310
2024-07-02T14:00:00Z,0.33170,0.33270,0.32670,0.32890,5450080
2024-07-02T15:00:00Z,0.32880,0.32970,0.32730,0.32810,2959848
2024-07-02T16:00:00Z,0.32820,0.32820,0.32450,0.32590,4102878
2024-07-02T17:00:00Z,0.32590,0.32590,0.32320,0.32490,3227817
2024-07-02T18:00:00Z,0.32500,0.33070,0.32500,0.32990,4031361
2024-07-02T19:00:00Z,0.32990,0.33050,0.32820,0.33010,2470115
2024-07-02T20:00:00Z,0.33010,0.33060,0.32860,0.32900,1321041
2024-07-02T21:00:00Z,0.32900,0.33110,0.32840,0.33050,1482000
2024-07-02T22:00:00Z,0.33060,0.33090,0.32890,0.33010,1745896
2024-07-02T23:00:00Z,0.33010,0.33080,0.32840,0.33000,1706829
2024-07-03T00:00:00Z,0.33000,0.33170,0.32960,0.32970,1575344
2024-07-03T01:00:00Z,0.32980,0.33000,0.32650,0.32760,3931952
2024-07-03T02:00:00Z,0.32750,0.32750,0.32400,0.32600,4729114
2024-07-03T03:00:00Z,0.32610,0.32620,0.31870,0.32290,9163803
2024-07-03T04:00:00Z,0.32290,0.32290,0.31960,0.32090,3293952
2024-07-03T05:00:00Z,0.32080,0.32450,0.32050,0.32450,2419601
2024-07-03T06:00:00Z,0.32440,0.32650,0.32400,0.32580,3150159
2024-07-03T07:00:00Z,0.32590,0.32620,0.32460,0.32550,2237083
2024-07-03T08:00:00Z,0.32540,0.32720,0.32410,0.32610,3466775
2024-07-03T09:00:00Z,0.32620,0.32900,0.32510,0.32530,4463865
2024-07-03T10:00:00Z,0.32520,0.32540,0.31850,0.32350,11316469
2024-07-03T11:00:00Z,0.32350,0.32370,0.32030,0.32300,4206079
2024-07-03T12:00:00Z,0.32290,0.32300,0.31760,0.31900,7768856
2024-07-03T13:00:00Z,0.31900,0.32490,0.31750,0.32420,4538527
2024-07-03T14:00:00Z,0.32430,0.32490,0.32130,0.32130,3825528
2024-07-03T15:00:00Z,0.32130,0.32220,0.31900,0.31970,3806294
2024-07-03T16:00:00Z,0.31970,0.32130,0.31830,0.31990,3661220
2024-07-03T17:00:00Z,0.31990,0.32030,0.31540,0.31690,5321165
2024-07-03T18:00:00Z,0.31690,0.31810,0.31500,0.31590,4510810
2024-07-03T19:00:00Z,0.31590,0.31600,0.31060,0.31280,13730024
2024-07-03T20:00:00Z,0.31270,0.31400,0.31160,0.31210,3894601
2024-07-03T21:00:00Z,0.31220,0.31590,0.31140,0.31550,4455054
2024-07-03T22:00:00Z,0.31540,0.31630,0.31360,0.31490,2241064
2024-07-03T23:00:00Z,0.31500,0.31510,0.31340,0.31360,2360927
2024-07-04T00:00:00Z,0.31360,0.31630,0.31340,0.31450,3156247
2024-07-04T01:00:00Z,0.31450,0.31450,0.30000,0.30310,32064630
2024-07-04T02:00:00Z,0.30310,0.30640,0.29820,0.30600,13385608
2024-07-04T03:00:00Z,0.30590,0.30630,0.30440,0.30610,3617250
2024-07-04T04:00:00Z,0.30600,0.30710,0.30430,0.30600,8017774
2024-07-04T05:00:00Z,0.30600,0.30660,0.30530,0.30540,2381876
2024-07-04T06:00:00Z,0.30530,0.30570,0.30160,0.30270,5878238
2024-07-04T07:00:00Z,0.30270,0.30330,0.30000,0.30120,5305309
2024-07-04T08:00:00Z,0.30130,0.30180,0.29500,0.30010,11167023
2024-07-04T09:00:00Z,0.30010,0.30060,0.29670,0.29900,7804515
2024-07-04T10:00:00Z,0.29900,0.29910,0.29570,0.29860,4583691
2024-07-04T11:00:00Z,0.29850,0.29940,0.29690,0.29770,2900790
2024-07-04T12:00:00Z,0.29760,0.29810,0.29120,0.29180,8884911
2024-07-04T13:00:00Z,0.29190,0.29210,0.28500,0.29050,22160428
2024-07-04T14:00:00Z,0.29050,0.29150,0.28700,0.28970,8155411
2024-07-04T15:00:00Z,0.28970,0.29270,0.28830,0.29230,6782603
2024-07-04T16:00:00Z,0.29230,0.29230,0.28920,0.29120,7366934
2024-07-04T17:00:00Z,0.29110,0.29170,0.29010,0.29120,5788999
2024-07-04T18:00:00Z,0.29110,0.29150,0.28800,0.28920,6279359
2024-07-04T19:00:00Z,0.28920,0.29190,0.28860,0.28880,5818323
2024-07-04T20:00:00Z,0.28870,0.29070,0.28780,0.29060,2800080
2024-07-04T21:00:00Z,0.29060,0.29300,0.29000,0.29200,3932982
2024-07-04T22:00:00Z,0.29190,0.29310,0.28890,0.28890,4199542
2024-07-04T23:00:00Z,0.28890,0.28900,0.27910,0.28170,21009320
2024-07-05T00:00:00Z,0.28180,0.28180,0.26330,0.27350,45916879
2024-07-05T01:00:00Z,0.27360,0.27440,0.26410,0.27280,18066382
2024-07-05T02:00:00Z,0.27270,0.27270,0.24800,0.25260,31365652
2024-07-05T03:00:00Z,0.25250,0.25760,0.24240,0.25180,57343905
2024-07-05T04:00:00Z,0.25170,0.25990,0.24550,0.25720,28467396
2024-07-05T05:00:00Z,0.25720,0.26060,0.25590,0.25840,8245305
2024-07-05T06:00:00Z,0.25830,0.25830,0.25190,0.25420,11832234
2024-07-05T07:00:00Z,0.25410,0.25590,0.25260,0.25530,8042500
2024-07-05T08:00:00Z,0.25520,0.25520,0.24650,0.24740,15476173
2024-07-05T09:00:00Z,0.24740,0.25560,0.24700,0.25500,14948958
2024-07-05T10:00:00Z,0.25500,0.26070,0.25430,0.25920,14045095
2024-07-05T11:00:00Z,0.25920,0.26460,0.25900,0.26370,10021889
2024-07-05T12:00:00Z,0.26370,0.26580,0.25890,0.26070,18278752
2024-07-05T13:00:00Z,0.26070,0.26960,0.26070,0.26710,12766623
2024-07-05T14:00:00Z,0.26710,0.26940,0.26400,0.26860,6867168
2024-07-05T15:00:00Z,0.26850,0.27570,0.26790,0.27530,14412609
2024-07-05T16:00:00Z,0.27530,0.27920,0.27380,0.27670,8339176
2024-07-05T17:00:00Z,0.27670,0.28210,0.27580,0.28180,6591206
2024-07-05T18:00:00Z,0.28190,0.28500,0.27830,0.28420,7934300
2024-07-05T19:00:00Z,0.28410,0.28410,0.28060,0.28200,5386610
2024-07-05T20:00:00Z,0.28200,0.28280,0.28020,0.28210,6816060
2024-07-05T21:00:00Z,0.28220,0.28230,0.27990,0.28060,3563546
2024-07-05T22:00:00Z,0.28050,0.28200,0.27750,0.27830,7663805
2024-07-05T23:00:00Z,0.27840,0.28160,0.27820,0.28050,5638940
2024-07-06T00:00:00Z,0.28050,0.29030,0.27910,0.28520,11258486
2024-07-06T01:00:00Z,0.28520,0.28540,0.28010,0.28050,5215427
2024-07-06T02:00:00Z,0.28050,0.28310,0.27820,0.28050,5340375
2024-07-06T03:00:00Z,0.28040,0.28270,0.28010,0.28140,2880577
2024-07-06T04:00:00Z,0.28130,0.28290,0.27880,0.27890,3328516
2024-07-06T05:00:00Z,0.27890,0.28130,0.27860,0.28010,3522270
2024-07-06T06:00:00Z,0.28000,0.28570,0.27970,0.28410,5128277
2024-07-06T07:00:00Z,0.28410,0.28880,0.28360,0.28740,5277939
2024-07-06T08:00:00Z,0.28730,0.28790,0.28540,0.28610,3130889
2024-07-06T09:00:00Z,0.28600,0.29050,0.28520,0.29000,5113498
2024-07-06T10:00:00Z,0.28990,0.29140,0.28910,0.29070,4616175
2024-07-06T11:00:00Z,0.29070,0.29100,0.28930,0.29040,2697863
2024-07-06T12:00:00Z,0.29030,0.29170,0.28850,0.29030,4000713
2024-07-06T13:00:00Z,0.29030,0.29330,0.28850,0.29120,5135553
2024-07-06T14:00:00Z,0.29110,0.29240,0.28880,0.29170,4036066
2024-07-06T15:00:00Z,0.29170,0.29570,0.29160,0.29480,6009431
2024-07-06T16:00:00Z,0.29490,0.30300,0.29380,0.30300,8446667
2024-07-06T17:00:00Z,0.30300,0.30560,0.30210,0.30380,4922941
2024-07-06T18:00:00Z,0.30370,0.30500,0.30250,0.30480,2602703
2024-07-06T19:00:00Z,0.30480,0.30510,0.30320,0.30350,1399971
2024-07-06T20:00:00Z,0.30340,0.30430,0.30180,0.30250,2455196
2024-07-06T21:00:00Z,0.30250,0.30380,0.30180,0.30190,2264895
2024-07-06T22:00:00Z,0.30200,0.30500,0.30200,0.30440,3464257
2024-07-06T23:00:00Z,0.30430,0.30520,0.30330,0.30440,3980647
2024-07-07T00:00:00Z,0.30440,0.30490,0.30170,0.30190,4731362
2024-07-07T01:00:00Z,0.30190,0.30340,0.29910,0.30230,4674463
2024-07-07T02:00:00Z,0.30230,0.30520,0.30220,0.30460,2931232
2024-07-07T03:00:00Z,0.30460,0.30460,0.30170,0.30320,2064175
2024-07-07T04:00:00Z,0.30310,0.30320,0.29850,0.29910,4368778
2024-07-07T05:00:00Z,0.29910,0.30170,0.29730,0.30150,3272469
2024-07-07T06:00:00Z,0.30140,0.30180,0.30000,0.30090,1906941
2024-07-07T07:00:00Z,0.30080,0.30210,0.29700,0.29940,4996727
2024-07-07T08:00:00Z,0.29930,0.30080,0.29870,0.30040,2585456
2024-07-07T09:00:00Z,0.30040,0.30300,0.29920,0.30130,3321114
2024-07-07T10:00:00Z,0.30130,0.30420,0.30100,0.30250,3369079
2024-07-07T11:00:00Z,0.30240,0.30300,0.30100,0.30200,2103733
2024-07-07T12:00:00Z,0.30200,0.30420,0.29950,0.30090,4232113
2024-07-07T13:00:00Z,0.30090,0.30090,0.29350,0.29440,10144255
2024-07-07T14:00:00Z,0.29430,0.29460,0.28960,0.29210,10479416
2024-07-07T15:00:00Z,0.29210,0.29560,0.29160,0.29350,5093803
2024-07-07T16:00:00Z,0.29350,0.29760,0.29240,0.29650,4389760
2024-07-07T17:00:00Z,0.29650,0.29810,0.29330,0.29710,3639063
2024-07-07T18:00:00Z,0.29720,0.29830,0.29380,0.29470,1823967
2024-07-07T19:00:00Z,0.29460,0.29490,0.29220,0.29270,1749234
2024-07-07T20:00:00Z,0.29270,0.29380,0.29090,0.29150,3095340
2024-07-07T21:00:00Z,0.29140,0.29140,0.28440,0.28810,8505854
2024-07-07T22:00:00Z,0.28810,0.28980,0.28390,0.28430,3907559
2024-07-07T23:00:00Z,0.28430,0.28660,0.28180,0.28370,4836397
2024-07-08T00:00:00Z,0.28370,0.28540,0.27500,0.27630,13149576
2024-07-08T01:00:00Z,0.27640,0.27670,0.27010,0.27540,14375102
2024-07-08T02:00:00Z,0.27530,0.28130,0.27360,0.28080,10521812
2024-07-08T03:00:00Z,0.28090,0.28250,0.27680,0.27940,6991000
2024-07-08T04:00:00Z,0.27930,0.28490,0.27830,0.28470,6292702
2024-07-08T05:00:00Z,0.28470,0.28620,0.28030,0.28200,4250581
2024-07-08T06:00:00Z,0.28200,0.28470,0.28000,0.28280,3993785
2024-07-08T07:00:00Z,0.28290,0.28380,0.27960,0.28300,5293275
2024-07-08T08:00:00Z,0.28310,0.30150,0.28230,0.30000,19850924
2024-07-08T09:00:00Z,0.30000,0.30370,0.29820,0.30080,12667765
2024-07-08T10:00:00Z,0.30080,0.30340,0.29700,0.29780,7011503
2024-07-08T11:00:00Z,0.29790,0.30410,0.29780,0.30230,5515384
2024-07-08T12:00:00Z,0.30230,0.30270,0.29820,0.29870,6404568
2024-07-08T13:00:00Z,0.29860,0.30060,0.29530,0.29740,8230207
2024-07-08T14:00:00Z,0.29740,0.29960,0.28110,0.29360,36181202
2024-07-08T15:00:00Z,0.29350,0.29760,0.28860,0.28880,18275694
2024-07-08T16:00:00Z,0.28890,0.29220,0.28590,0.29090,11455678
2024-07-08T17:00:00Z,0.29090,0.29290,0.28930,0.29150,6378288
2024-07-08T18:00:00Z,0.29140,0.29250,0.28960,0.29170,3653484
2024-07-08T19:00:00Z,0.29180,0.29330,0.29090,0.29250,3100217
2024-07-08T20:00:00Z,0.29260,0.29410,0.28970,0.29030,6324046
2024-07-08T21:00:00Z,0.29030,0.29300,0.28890,0.29190,4175512
2024-07-08T22:00:00Z,0.29180,0.29360,0.29060,0.29140,2655487
2024-07-08T23:00:00Z,0.29140,0.29290,0.29020,0.29100,2863842
2024-07-09T00:00:00Z,0.29090,0.29170,0.28860,0.29070,4833127
2024-07-09T01:00:00Z,0.29070,0.29750,0.28890,0.29110,8132744
2024-07-09T02:00:00Z,0.29100,0.29520,0.28880,0.29510,3739359
2024-07-09T03:00:00Z,0.29510,0.29540,0.29190,0.29360,5582630
2024-07-09T04:00:00Z,0.29370,0.29640,0.29310,0.29530,4898265
2024-07-09T05:00:00Z,0.29530,0.29570,0.29210,0.29520,5077848
2024-07-09T06:00:00Z,0.29510,0.29680,0.29400,0.29470,2889753
2024-07-09T07:00:00Z,0.29480,0.29540,0.29310,0.29400,2116783
2024-07-09T08:00:00Z,0.29400,0.29810,0.29280,0.29550,5318726
2024-07-09T09:00:00Z,0.29550,0.29640,0.29480,0.29480,3114322
2024-07-09T10:00:00Z,0.29480,0.29590,0.29330,0.29380,2385917
2024-07-09T11:00:00Z,0.29370,0.29460,0.29180,0.29400,2712342
2024-07-09T12:00:00Z,0.29400,0.29470,0.29240,0.29340,1984472
2024-07-09T13:00:00Z,0.29340,0.29420,0.29130,0.29310,2374236
2024-07-09T14:00:00Z,0.29320,0.29860,0.29220,0.29230,8955053
2024-07-09T15:00:00Z,0.29220,0.29410,0.29040,0.29370,6257556
2024-07-09T16:00:00Z,0.29370,0.29530,0.29250,0.29360,3410518
2024-07-09T17:00:00Z,0.29360,0.29410,0.29120,0.29200,2424123
2024-07-09T18:00:00Z,0.29210,0.29470,0.29110,0.29400,3149549
2024-07-09T19:00:00Z,0.29400,0.29460,0.29330,0.29460,1761813
2024-07-09T20:00:00Z,0.29460,0.29640,0.29310,0.29500,1924850
2024-07-09T21:00:00Z,0.29510,0.29610,0.29460,0.29510,1532856
2024-07-09T22:00:00Z,0.29510,0.29720,0.29410,0.29510,2764997
2024-07-09T23:00:00Z,0.29500,0.29690,0.29470,0.29690,2061179
2024-07-10T00:00:00Z,0.29680,0.29690,0.29350,0.29390,3521724
2024-07-10T01:00:00Z,0.29390,0.29800,0.29290,0.29590,3367606
2024-07-10T02:00:00Z,0.29580,0.29680,0.29340,0.29610,3091034
2024-07-10T03:00:00Z,0.29610,0.29740,0.29560,0.29730,1973564
2024-07-10T04:00:00Z,0.29730,0.30340,0.29720,0.30330,8670724
2024-07-10T05:00:00Z,0.30330,0.30510,0.30080,0.30140,4030378
2024-07-10T06:00:00Z,0.30130,0.30500,0.30040,0.30430,4551623
2024-07-10T07:00:00Z,0.30430,0.30440,0.30090,0.30230,2191767
2024-07-10T08:00:00Z,0.30220,0.30230,0.30010,0.30150,3166426
2024-07-10T09:00:00Z,0.30140,0.30180,0.29950,0.30050,2011295
2024-07-10T10:00:00Z,0.30060,0.30150,0.29900,0.30080,1906858
2024-07-10T11:00:00Z,0.30080,0.30110,0.29750,0.29920,2925689
2024-07-10T12:00:00Z,0.29930,0.30000,0.29500,0.29830,7174562
2024-07-10T13:00:00Z,0.29830,0.29960,0.29480,0.29690,4573186
2024-07-10T14:00:00Z,0.29690,0.29860,0.29560,0.29840,4082777
2024-07-10T15:00:00Z,0.29830,0.30150,0.29700,0.30080,4350857
2024-07-10T16:00:00Z,0.30070,0.30390,0.29930,0.30000,3642899
2024-07-10T17:00:00Z,0.30000,0.30090,0.29830,0.30000,3283017
2024-07-10T18:00:00Z,0.30000,0.30050,0.29880,0.29920,1930299
2024-07-10T19:00:00Z,0.29920,0.29970,0.29830,0.29960,1231663
2024-07-10T20:00:00Z,0.29950,0.30030,0.29810,0.29960,1550578
2024-07-10T21:00:00Z,0.29960,0.29980,0.29780,0.29940,1395843
2024-07-10T22:00:00Z,0.29930,0.30030,0.29870,0.30010,1796849
2024-07-10T23:00:00Z,0.30010,0.30150,0.29950,0.30090,1611046
2024-07-11T00:00:00Z,0.30100,0.30120,0.29870,0.30040,2409555
2024-07-11T01:00:00Z,0.30040,0.30360,0.29840,0.30270,3790223
2024-07-11T02:00:00Z,0.30270,0.30400,0.30110,0.30130,3054163
2024-07-11T03:00:00Z,0.30140,0.30150,0.29660,0.29910,4003534
2024-07-11T04:00:00Z,0.29900,0.30040,0.29850,0.29930,1485869
2024-07-11T05:00:00Z,0.29920,0.30190,0.29900,0.30160,1411353
2024-07-11T06:00:00Z,0.30160,0.30250,0.30100,0.30180,1801202
2024-07-11T07:00:00Z,0.30180,0.30280,0.30110,0.30220,1339426
2024-07-11T08:00:00Z,0.30220,0.30310,0.30190,0.30250,1518747
2024-07-11T09:00:00Z,0.30250,0.30330,0.30170,0.30300,1805208
2024-07-11T10:00:00Z,0.30310,0.30450,0.30190,0.30300,2282061
2024-07-11T11:00:00Z,0.30300,0.30410,0.30250,0.30340,2281596
2024-07-11T12:00:00Z,0.30350,0.31070,0.30250,0.30800,11872513
2024-07-11T13:00:00Z,0.30810,0.30910,0.30560,0.30810,4065069
2024-07-11T14:00:00Z,0.30810,0.30920,0.30350,0.30540,6279310
2024-07-11T15:00:00Z,0.30550,0.30680,0.29890,0.30100,8161052
2024-07-11T16:00:00Z,0.30100,0.30290,0.29830,0.30230,5240674
2024-07-11T17:00:00Z,0.30230,0.30420,0.30170,0.30350,1823640
2024-07-11T18:00:00Z,0.30350,0.30650,0.30330,0.30630,2482353
2024-07-11T19:00:00Z,0.30630,0.30640,0.30300,0.30370,3194945
2024-07-11T20:00:00Z,0.30370,0.30400,0.30080,0.30320,4606816
2024-07-11T21:00:00Z,0.30310,0.30340,0.29870,0.30030,3311334
2024-07-11T22:00:00Z,0.30030,0.30040,0.29780,0.29910,4658831
2024-07-11T23:00:00Z,0.29910,0.29960,0.29660,0.29870,4678716
2024-07-12T00:00:00Z,0.29880,0.30290,0.29830,0.30030,4443437
2024-07-12T01:00:00Z,0.30030,0.30160,0.29590,0.30060,5956616
2024-07-12T02:00:00Z,0.30060,0.30220,0.30010,0.30200,2095976
2024-07-12T03:00:00Z,0.30190,0.30210,0.29920,0.29950,1626899
2024-07-12T04:00:00Z,0.29950,0.29970,0.29670,0.29860,2779487
2024-07-12T05:00:00Z,0.29850,0.29970,0.29700,0.29880,2743867
2024-07-12T06:00:00Z,0.29880,0.30250,0.29860,0.30140,2498979
2024-07-12T07:00:00Z,0.30140,0.30300,0.29940,0.30090,2191082
2024-07-12T08:00:00Z,0.30090,0.30250,0.30020,0.30240,4142198
2024-07-12T09:00:00Z,0.30230,0.30310,0.29810,0.29870,4293457
2024-07-12T10:00:00Z,0.29870,0.29940,0.29620,0.29820,4305490
2024-07-12T11:00:00Z,0.29810,0.29860,0.29660,0.29690,2128354
2024-07-12T12:00:00Z,0.29700,0.29940,0.29660,0.29940,4726906
2024-07-12T13:00:00Z,0.29940,0.30550,0.29930,0.30490,6388600
2024-07-12T14:00:00Z,0.30490,0.30600,0.30280,0.30330,3690300
2024-07-12T15:00:00Z,0.30330,0.30510,0.30230,0.30450,3093986
2024-07-12T16:00:00Z,0.30450,0.30710,0.30330,0.30620,2887162
2024-07-12T17:00:00Z,0.30630,0.30840,0.30580,0.30800,2556063
2024-07-12T18:00:00Z,0.30800,0.31050,0.30630,0.30900,4193291
2024-07-12T19:00:00Z,0.30900,0.30980,0.30700,0.30740,2729641
2024-07-12T20:00:00Z,0.30740,0.30880,0.30500,0.30820,3033425
2024-07-12T21:00:00Z,0.30810,0.30970,0.30810,0.30950,1332080
2024-07-12T22:00:00Z,0.30950,0.31140,0.30910,0.31020,2234752
2024-07-12T23:00:00Z,0.31020,0.31170,0.30880,0.31150,2816429
2024-07-13T00:00:00Z,0.31150,0.31260,0.30910,0.30930,3376110
2024-07-13T01:00:00Z,0.30940,0.31130,0.30920,0.31060,1446840
2024-07-13T02:00:00Z,0.31060,0.31100,0.30960,0.31040,1337108
2024-07-13T03:00:00Z,0.31050,0.31140,0.30940,0.31060,1211313
2024-07-13T04:00:00Z,0.31070,0.31130,0.30970,0.31010,1045641
2024-07-13T05:00:00Z,0.31010,0.31430,0.30960,0.31360,2651645
2024-07-13T06:00:00Z,0.31350,0.31370,0.31230,0.31340,1451035
2024-07-13T07:00:00Z,0.31340,0.31480,0.31260,0.31320,1479237
2024-07-13T08:00:00Z,0.31320,0.31400,0.31210,0.31220,997238
2024-07-13T09:00:00Z,0.31230,0.31560,0.31220,0.31510,2407260
2024-07-13T10:00:00Z,0.31510,0.31570,0.31280,0.31370,1857504
2024-07-13T11:00:00Z,0.31370,0.31380,0.31250,0.31340,1336898
2024-07-13T12:00:00Z,0.31340,0.31340,0.31240,0.31320,1111136
2024-07-13T13:00:00Z,0.31320,0.31370,0.31200,0.31290,1799806
2024-07-13T14:00:00Z,0.31290,0.31470,0.31170,0.31460,1835756
2024-07-13T15:00:00Z,0.31460,0.31690,0.31420,0.31650,2237946
2024-07-13T16:00:00Z,0.31640,0.31790,0.31420,0.31460,3959384
2024-07-13T17:00:00Z,0.31450,0.31560,0.31350,0.31550,1478868
2024-07-13T18:00:00Z,0.31560,0.31670,0.31430,0.31550,4270133
2024-07-13T19:00:00Z,0.31550,0.31810,0.31540,0.31760,2180595
2024-07-13T20:00:00Z,0.31770,0.31800,0.31590,0.31650,2356492
2024-07-13T21:00:00Z,0.31640,0.31660,0.31520,0.31570,2659918
2024-07-13T22:00:00Z,0.31570,0.31790,0.31420,0.31680,6635703
2024-07-13T23:00:00Z,0.31680,0.31850,0.31540,0.31650,4076845
2024-07-14T00:00:00Z,0.31650,0.31740,0.31450,0.31550,4432633
2024-07-14T01:00:00Z,0.31550,0.31780,0.31480,0.31670,2259980
2024-07-14T02:00:00Z,0.31670,0.31690,0.31420,0.31480,2030188
2024-07-14T03:00:00Z,0.31480,0.31570,0.31420,0.31430,1090467
2024-07-14T04:00:00Z,0.31430,0.31730,0.31410,0.31640,2205375
2024-07-14T05:00:00Z,0.31640,0.31880,0.31510,0.31860,3580715
2024-07-14T06:00:00Z,0.31850,0.31850,0.31590,0.31630,1795303
2024-07-14T07:00:00Z,0.31620,0.31800,0.31540,0.31730,1236040
2024-07-14T08:00:00Z,0.31730,0.31890,0.31710,0.31730,2145717
2024-07-14T09:00:00Z,0.31740,0.31830,0.31620,0.31690,1632905
2024-07-14T10:00:00Z,0.31690,0.31710,0.31530,0.31530,1403984
2024-07-14T11:00:00Z,0.31530,0.31590,0.31470,0.31520,1272772
2024-07-14T12:00:00Z,0.31510,0.31510,0.31250,0.31250,2829960
2024-07-14T13:00:00Z,0.31250,0.31430,0.31250,0.31380,1573562
2024-07-14T14:00:00Z,0.31380,0.31640,0.31320,0.31560,1929002
2024-07-14T15:00:00Z,0.31560,0.31750,0.31540,0.31720,2411624
2024-07-14T16:00:00Z,0.31720,0.31740,0.31610,0.31730,1381579
2024-07-14T17:00:00Z,0.31730,0.31730,0.31540,0.31670,1122547
2024-07-14T18:00:00Z,0.31670,0.31740,0.31600,0.31730,953944
2024-07-14T19:00:00Z,0.31730,0.31730,0.31550,0.31560,1846451
2024-07-14T20:00:00Z,0.31560,0.31710,0.31470,0.31590,2746743
2024-07-14T21:00:00Z,0.31590,0.32280,0.31570,0.32270,5168099
2024-07-14T22:00:00Z,0.32270,0.32630,0.32210,0.32410,11542903
2024-07-14T23:00:00Z,0.32410,0.32450,0.32190,0.32350,3776971
2024-07-15T00:00:00Z,0.32350,0.32670,0.32240,0.32640,4913962
2024-07-15T01:00:00Z,0.32640,0.32800,0.32430,0.32510,3936947
2024-07-15T02:00:00Z,0.32510,0.32800,0.32430,0.32690,3956171
2024-07-15T03:00:00Z,0.32690,0.32870,0.32550,0.32810,2775025
2024-07-15T04:00:00Z,0.32810,0.32820,0.32620,0.32680,1895995
2024-07-15T05:00:00Z,0.32680,0.32740,0.32520,0.32630,2993327
2024-07-15T06:00:00Z,0.32630,0.32930,0.32550,0.32820,2593860
2024-07-15T07:00:00Z,0.32830,0.33030,0.32740,0.32910,2179294
2024-07-15T08:00:00Z,0.32910,0.32970,0.32670,0.32720,3285174
2024-07-15T09:00:00Z,0.32720,0.32760,0.32520,0.32640,2853750
2024-07-15T10:00:00Z,0.32630,0.32670,0.32400,0.32490,1941320
2024-07-15T11:00:00Z,0.32480,0.32520,0.32380,0.32440,1710230
2024-07-15T12:00:00Z,0.32440,0.32680,0.32440,0.32530,1978586
2024-07-15T13:00:00Z,0.32530,0.32620,0.32300,0.32540,5187635
2024-07-15T14:00:00Z,0.32550,0.32710,0.32430,0.32700,2518487
2024-07-15T15:00:00Z,0.32700,0.32830,0.32480,0.32610,3328291
2024-07-15T16:00:00Z,0.32600,0.32860,0.32490,0.32640,5553708
2024-07-15T17:00:00Z,0.32650,0.32820,0.32520,0.32660,3619495
2024-07-15T18:00:00Z,0.32660,0.33030,0.32590,0.32900,4222204
2024-07-15T19:00:00Z,0.32910,0.33290,0.32830,0.33130,7784659
2024-07-15T20:00:00Z,0.33130,0.33410,0.33100,0.33290,5370991
2024-07-15T21:00:00Z,0.33300,0.33440,0.33220,0.33260,2205833
2024-07-15T22:00:00Z,0.33270,0.33910,0.33270,0.33830,5783867
2024-07-15T23:00:00Z,0.33830,0.34230,0.33750,0.33940,5333073
2024-07-16T00:00:00Z,0.33940,0.34250,0.33750,0.33860,6261471
2024-07-16T01:00:00Z,0.33850,0.34140,0.33730,0.34050,2945977
2024-07-16T02:00:00Z,0.34060,0.34160,0.33950,0.34120,2963676
2024-07-16T03:00:00Z,0.34110,0.34340,0.34000,0.34330,1987781
2024-07-16T04:00:00Z,0.34320,0.34360,0.33930,0.33980,2295570
2024-07-16T05:00:00Z,0.33980,0.34070,0.33370,0.33540,8477192
2024-07-16T06:00:00Z,0.33530,0.33810,0.32750,0.32960,10357371
2024-07-16T07:00:00Z,0.32960,0.33310,0.32650,0.32760,7745988
2024-07-16T08:00:00Z,0.32760,0.33000,0.32300,0.32830,7184271
2024-07-16T09:00:00Z,0.32830,0.33000,0.32690,0.32990,3789274
2024-07-16T10:00:00Z,0.32980,0.33160,0.32850,0.32970,3037255
2024-07-16T11:00:00Z,0.32960,0.33050,0.32760,0.32900,2690696
2024-07-16T12:00:00Z,0.32890,0.33050,0.32610,0.32670,3702861
2024-07-16T13:00:00Z,0.32660,0.32980,0.32630,0.32830,4213839
2024-07-16T14:00:00Z,0.32830,0.33240,0.32660,0.33210,4939034
2024-07-16T15:00:00Z,0.33210,0.33850,0.33160,0.33770,7245840
2024-07-16T16:00:00Z,0.33770,0.34180,0.33510,0.34180,8784319
2024-07-16T17:00:00Z,0.34180,0.34240,0.33910,0.34090,4089896
2024-07-16T18:00:00Z,0.34100,0.34150,0.33800,0.33900,3338996
2024-07-16T19:00:00Z,0.33920,0.34070,0.33740,0.33950,3222417
2024-07-16T20:00:00Z,0.33950,0.34010,0.33790,0.33800,1696842
2024-07-16T21:00:00Z,0.33810,0.33910,0.33670,0.33680,1778050
2024-07-16T22:00:00Z,0.33680,0.33750,0.33350,0.33470,3905959
2024-07-16T23:00:00Z,0.33460,0.33770,0.33450,0.33560,2586007
2024-07-17T00:00:00Z,0.33560,0.34060,0.33550,0.33950,3286492
2024-07-17T01:00:00Z,0.33950,0.34520,0.33940,0.34260,4044732
2024-07-17T02:00:00Z,0.34260,0.34350,0.33950,0.34000,2138945
2024-07-17T03:00:00Z,0.34000,0.34020,0.33700,0.33930,2551676
2024-07-17T04:00:00Z,0.33930,0.34310,0.33800,0.34290,1875258
2024-07-17T05:00:00Z,0.34300,0.34340,0.34080,0.34100,1990095
2024-07-17T06:00:00Z,0.34090,0.34390,0.34030,0.34250,3002712
2024-07-17T07:00:00Z,0.34260,0.34360,0.34150,0.34240,2356418
2024-07-17T08:00:00Z,0.34250,0.34430,0.33780,0.34110,6033409
2024-07-17T09:00:00Z,0.34110,0.34340,0.34020,0.34340,1835542
2024-07-17T10:00:00Z,0.34340,0.34450,0.34140,0.34240,2662074
2024-07-17T11:00:00Z,0.34240,0.34270,0.33740,0.33980,4834242
2024-07-17T12:00:00Z,0.33990,0.34130,0.33830,0.33990,2731613
2024-07-17T13:00:00Z,0.34000,0.34420,0.33750,0.34350,4840110
2024-07-17T14:00:00Z,0.34340,0.34390,0.34010,0.34170,2962236
2024-07-17T15:00:00Z,0.34170,0.34340,0.33860,0.33900,3718804
2024-07-17T16:00:00Z,0.33890,0.33960,0.33220,0.33520,11153720
2024-07-17T17:00:00Z,0.33510,0.33640,0.33360,0.33540,2873226
2024-07-17T18:00:00Z,0.33540,0.33970,0.33520,0.33920,2793774
2024-07-17T19:00:00Z,0.33920,0.34080,0.33880,0.33930,1808069
2024-07-17T20:00:00Z,0.33930,0.34040,0.33870,0.33880,1021723
2024-07-17T21:00:00Z,0.33880,0.33890,0.33460,0.33690,4489804
2024-07-17T22:00:00Z,0.33690,0.33780,0.33490,0.33550,2192478
2024-07-17T23:00:00Z,0.33540,0.33570,0.33290,0.33330,4094175
2024-07-18T00:00:00Z,0.33330,0.34450,0.33330,0.34430,6805292
2024-07-18T01:00:00Z,0.34430,0.34490,0.34210,0.34360,4325664
2024-07-18T02:00:00Z,0.34360,0.34550,0.33930,0.34390,5863997
2024-07-18T03:00:00Z,0.34380,0.34530,0.34190,0.34250,3059676
2024-07-18T04:00:00Z,0.34260,0.34460,0.34240,0.34390,4210204
2024-07-18T05:00:00Z,0.34390,0.34460,0.33930,0.34230,7710631
2024-07-18T06:00:00Z,0.34240,0.34820,0.34110,0.34660,6761229
2024-07-18T07:00:00Z,0.34660,0.34700,0.34190,0.34240,5356357
2024-07-18T08:00:00Z,0.34250,0.34390,0.33910,0.34080,8006762
2024-07-18T09:00:00Z,0.34080,0.34110,0.33590,0.33650,6705490
2024-07-18T10:00:00Z,0.33640,0.33730,0.33350,0.33720,4704866
2024-07-18T11:00:00Z,0.33710,0.33770,0.33560,0.33740,2482257
2024-07-18T12:00:00Z,0.33750,0.33930,0.33710,0.33900,2837589
2024-07-18T13:00:00Z,0.33890,0.33970,0.33500,0.33650,4018415
2024-07-18T14:00:00Z,0.33650,0.33800,0.32910,0.33000,7639858
2024-07-18T15:00:00Z,0.32990,0.33000,0.32150,0.32220,13163029
2024-07-18T16:00:00Z,0.32210,0.32380,0.31750,0.32380,10126437
2024-07-18T17:00:00Z,0.32380,0.32440,0.32020,0.32050,3116019
2024-07-18T18:00:00Z,0.32050,0.32120,0.31640,0.31700,7076043
2024-07-18T19:00:00Z,0.31700,0.32080,0.31520,0.31930,7873545
2024-07-18T20:00:00Z,0.31930,0.31970,0.31700,0.31960,2252931
2024-07-18T21:00:00Z,0.31950,0.32040,0.31750,0.32030,1856831
2024-07-18T22:00:00Z,0.32020,0.32150,0.31890,0.32080,3382469
2024-07-18T23:00:00Z,0.32080,0.32300,0.32050,0.32140,2935539
2024-07-19T00:00:00Z,0.32150,0.32330,0.31870,0.32000,5562424
2024-07-19T01:00:00Z,0.32010,0.32220,0.31520,0.32210,4804441
2024-07-19T02:00:00Z,0.32200,0.32450,0.32160,0.32340,4417391
2024-07-19T03:00:00Z,0.32330,0.33070,0.32270,0.33060,4347253
2024-07-19T04:00:00Z,0.33060,0.33200,0.32600,0.32600,2995764
2024-07-19T05:00:00Z,0.32600,0.32650,0.32370,0.32550,2884377
2024-07-19T06:00:00Z,0.32550,0.33030,0.32550,0.32880,4565031
2024-07-19T07:00:00Z,0.32880,0.32880,0.32350,0.32470,5697660
2024-07-19T08:00:00Z,0.32480,0.32550,0.32150,0.32390,8576039
2024-07-19T09:00:00Z,0.32390,0.32520,0.32100,0.32110,2861806
2024-07-19T10:00:00Z,0.32110,0.32500,0.32060,0.32360,2463922
2024-07-19T11:00:00Z,0.32350,0.32490,0.32320,0.32470,1528105
2024-07-19T12:00:00Z,0.32480,0.32560,0.32300,0.32430,3949469
2024-07-19T13:00:00Z,0.32420,0.32890,0.32240,0.32780,4397011
2024-07-19T14:00:00Z,0.32800,0.33200,0.32770,0.33190,5423990
2024-07-19T15:00:00Z,0.33190,0.33330,0.32920,0.33320,4038069
2024-07-19T16:00:00Z,0.33310,0.33670,0.33300,0.33660,5827957
2024-07-19T17:00:00Z,0.33660,0.33790,0.33490,0.33730,3274254
2024-07-19T18:00:00Z,0.33730,0.33850,0.33640,0.33730,2261740
2024-07-19T19:00:00Z,0.33740,0.34190,0.33730,0.34170,5000622
2024-07-19T20:00:00Z,0.34170,0.34330,0.34040,0.34250,4383174
2024-07-19T21:00:00Z,0.34250,0.34380,0.34090,0.34110,3943417
2024-07-19T22:00:00Z,0.34110,0.34400,0.34110,0.34200,2967470
2024-07-19T23:00:00Z,0.34210,0.34310,0.34000,0.34100,3193242
2024-07-20T00:00:00Z,0.34110,0.34210,0.33810,0.33960,5069220
2024-07-20T01:00:00Z,0.33960,0.34220,0.33940,0.33990,2434606
2024-07-20T02:00:00Z,0.33990,0.34110,0.33960,0.33980,1410509
2024-07-20T03:00:00Z,0.33980,0.34120,0.33930,0.34080,1173942
2024-07-20T04:00:00Z,0.34070,0.34320,0.34020,0.34230,2191224
2024-07-20T05:00:00Z,0.34230,0.34230,0.34000,0.34090,1118055
2024-07-20T06:00:00Z,0.34090,0.34370,0.34060,0.34330,1714615
2024-07-20T07:00:00Z,0.34330,0.34650,0.34240,0.34360,5217539
2024-07-20T08:00:00Z,0.34350,0.34490,0.34160,0.34200,1860899
2024-07-20T09:00:00Z,0.34200,0.34410,0.34060,0.34240,1929515
2024-07-20T10:00:00Z,0.34230,0.34440,0.34170,0.34240,2533193
2024-07-20T11:00:00Z,0.34240,0.34260,0.34010,0.34090,2195474
2024-07-20T12:00:00Z,0.34100,0.34250,0.34050,0.34180,1943675
2024-07-20T13:00:00Z,0.34190,0.34260,0.33870,0.34150,3962614
2024-07-20T14:00:00Z,0.34160,0.34660,0.34110,0.34460,3266924
2024-07-20T15:00:00Z,0.34460,0.34810,0.34450,0.34800,5446756
2024-07-20T16:00:00Z,0.34800,0.35000,0.34490,0.34520,6550798
2024-07-20T17:00:00Z,0.34540,0.34890,0.34440,0.34770,4537458
2024-07-20T18:00:00Z,0.34760,0.34790,0.34570,0.34720,1600063
2024-07-20T19:00:00Z,0.34710,0.34760,0.34510,0.34560,2300808
2024-07-20T20:00:00Z,0.34560,0.34650,0.34500,0.34530,1363182
2024-07-20T21:00:00Z,0.34530,0.34540,0.34330,0.34500,2115607
2024-07-20T22:00:00Z,0.34510,0.34660,0.34440,0.34510,2028951
2024-07-20T23:00:00Z,0.34510,0.34620,0.34470,0.34550,913161
2024-07-21T00:00:00Z,0.34560,0.34850,0.34440,0.34460,3856562
2024-07-21T01:00:00Z,0.34470,0.34910,0.34450,0.34790,2071377
2024-07-21T02:00:00Z,0.34790,0.34910,0.34750,0.34760,1065613
2024-07-21T03:00:00Z,0.34760,0.34840,0.34670,0.34700,711089
2024-07-21T04:00:00Z,0.34700,0.34720,0.34410,0.34420,1672007
2024-07-21T05:00:00Z,0.34420,0.34520,0.34270,0.34520,1952105
2024-07-21T06:00:00Z,0.34510,0.34540,0.34210,0.34230,2116506
2024-07-21T07:00:00Z,0.34230,0.34300,0.34040,0.34160,2637313
2024-07-21T08:00:00Z,0.34160,0.34340,0.34150,0.34210,1395143
2024-07-21T09:00:00Z,0.34220,0.34480,0.34160,0.34440,1235732
2024-07-21T10:00:00Z,0.34440,0.34530,0.34350,0.34360,1699627
2024-07-21T11:00:00Z,0.34350,0.34450,0.34220,0.34390,1685054
2024-07-21T12:00:00Z,0.34390,0.34460,0.34240,0.34330,1276388
2024-07-21T13:00:00Z,0.34340,0.34440,0.33930,0.34080,2965974
2024-07-21T14:00:00Z,0.34090,0.34450,0.33880,0.34430,2463420
2024-07-21T15:00:00Z,0.34440,0.34690,0.34180,0.34240,3086693
2024-07-21T16:00:00Z,0.34230,0.34540,0.34180,0.34540,2780406
2024-07-21T17:00:00Z,0.34540,0.34630,0.33660,0.33880,5080885
2024-07-21T18:00:00Z,0.33870,0.34010,0.32730,0.33610,16095794
2024-07-21T19:00:00Z,0.33620,0.34120,0.33410,0.34100,4076366
2024-07-21T20:00:00Z,0.34090,0.34910,0.34050,0.34770,12117785
2024-07-21T21:00:00Z,0.34780,0.34930,0.34580,0.34900,3007725
2024-07-21T22:00:00Z,0.34890,0.35020,0.34710,0.34730,4018830
2024-07-21T23:00:00Z,0.34730,0.34810,0.34650,0.34780,1775682
2024-07-22T00:00:00Z,0.34780,0.34940,0.34720,0.34810,1931421
2024-07-22T01:00:00Z,0.34820,0.34820,0.34400,0.34410,3126529
2024-07-22T02:00:00Z,0.34410,0.34590,0.34290,0.34560,2002224
2024-07-22T03:00:00Z,0.34570,0.34580,0.34160,0.34170,1926485
2024-07-22T04:00:00Z,0.34170,0.34260,0.34050,0.34110,1939202
2024-07-22T05:00:00Z,0.34110,0.34150,0.33460,0.33720,4149917
2024-07-22T06:00:00Z,0.33710,0.33810,0.33260,0.33500,3422143
2024-07-22T07:00:00Z,0.33510,0.33580,0.33260,0.33460,2697826
2024-07-22T08:00:00Z,0.33460,0.33580,0.33260,0.33330,2435789
2024-07-22T09:00:00Z,0.33330,0.33610,0.33240,0.33560,2614912
2024-07-22T10:00:00Z,0.33560,0.33710,0.33480,0.33670,2650967
2024-07-22T11:00:00Z,0.33660,0.33830,0.33600,0.33790,1967244
2024-07-22T12:00:00Z,0.33790,0.33960,0.33570,0.33800,2939171
2024-07-22T13:00:00Z,0.33800,0.34080,0.33480,0.33570,7506039
2024-07-22T14:00:00Z,0.33570,0.33730,0.33270,0.33400,4220223
2024-07-22T15:00:00Z,0.33400,0.33740,0.33260,0.33570,2703437
2024-07-22T16:00:00Z,0.33570,0.33710,0.33440,0.33510,2036194
2024-07-22T17:00:00Z,0.33510,0.33690,0.33420,0.33670,1589176
2024-07-22T18:00:00Z,0.33660,0.33770,0.33550,0.33620,1190108
2024-07-22T19:00:00Z,0.33620,0.33850,0.33570,0.33840,1741894
2024-07-22T20:00:00Z,0.33850,0.33880,0.33650,0.33740,1540749
2024-07-22T21:00:00Z,0.33740,0.33750,0.33300,0.33340,2046120
2024-07-22T22:00:00Z,0.33340,0.33340,0.32880,0.33100,3744069
2024-07-22T23:00:00Z,0.33110,0.33270,0.32810,0.33170,2960707
2024-07-23T00:00:00Z,0.33160,0.33540,0.33030,0.33430,3017889
2024-07-23T01:00:00Z,0.33440,0.33800,0.33380,0.33590,3209391
2024-07-23T02:00:00Z,0.33600,0.33690,0.33410,0.33520,1720639
2024-07-23T03:00:00Z,0.33530,0.33560,0.33350,0.33350,1018803
2024-07-23T04:00:00Z,0.33350,0.33450,0.32930,0.32930,2339768
2024-07-23T05:00:00Z,0.32920,0.32990,0.32230,0.32440,8495380
2024-07-23T06:00:00Z,0.32440,0.32630,0.32180,0.32490,3511108
2024-07-23T07:00:00Z,0.32510,0.32550,0.32230,0.32420,2117445
2024-07-23T08:00:00Z,0.32430,0.33220,0.32380,0.33100,6027254
2024-07-23T09:00:00Z,0.33110,0.33350,0.33050,0.33130,2543098
2024-07-23T10:00:00Z,0.33130,0.33270,0.32960,0.32980,1815133
2024-07-23T11:00:00Z,0.32970,0.33080,0.32690,0.32960,2892968
2024-07-23T12:00:00Z,0.32950,0.33010,0.32690,0.32890,1986625
2024-07-23T13:00:00Z,0.32880,0.33050,0.32410,0.32620,6848584
2024-07-23T14:00:00Z,0.32630,0.33240,0.32490,0.33200,3971150
2024-07-23T15:00:00Z,0.33200,0.33220,0.32590,0.32650,4020223
2024-07-23T16:00:00Z,0.32640,0.32650,0.31660,0.31690,7586781
2024-07-23T17:00:00Z,0.31690,0.32090,0.31570,0.32040,5662701
2024-07-23T18:00:00Z,0.32040,0.32140,0.31850,0.32040,2306370
2024-07-23T19:00:00Z,0.32040,0.32470,0.32020,0.32280,3665873
2024-07-23T20:00:00Z,0.32270,0.32420,0.32200,0.32230,2468797
2024-07-23T21:00:00Z,0.32220,0.32410,0.32100,0.32110,1938294
2024-07-23T22:00:00Z,0.32100,0.32230,0.31980,0.32160,2307490
2024-07-23T23:00:00Z,0.32170,0.32280,0.31980,0.32060,1926290
2024-07-24T00:00:00Z,0.32060,0.32350,0.31810,0.31840,3040354
2024-07-24T01:00:00Z,0.31830,0.32230,0.31830,0.31940,1652978
2024-07-24T02:00:00Z,0.31950,0.32210,0.31880,0.32190,1492083
2024-07-24T03:00:00Z,0.32180,0.32280,0.32130,0.32220,913566
2024-07-24T04:00:00Z,0.32210,0.32230,0.32010,0.32040,3782808
2024-07-24T05:00:00Z,0.32030,0.32100,0.31860,0.32080,1233257
2024-07-24T06:00:00Z,0.32080,0.32170,0.32030,0.32150,914506
2024-07-24T07:00:00Z,0.32140,0.32330,0.32090,0.32320,1948226
2024-07-24T08:00:00Z,0.32320,0.32810,0.32270,0.32790,5173431
2024-07-24T09:00:00Z,0.32800,0.32870,0.32560,0.32620,3387624
2024-07-24T10:00:00Z,0.32620,0.32980,0.32600,0.32800,3189450
2024-07-24T11:00:00Z,0.32800,0.32910,0.32760,0.32770,2306253
2024-07-24T12:00:00Z,0.32780,0.32890,0.32600,0.32620,3626206
2024-07-24T13:00:00Z,0.32620,0.32950,0.32600,0.32750,2801336
2024-07-24T14:00:00Z,0.32740,0.33220,0.32680,0.33030,3343543
2024-07-24T15:00:00Z,0.33030,0.33080,0.32640,0.32680,3973625
2024-07-24T16:00:00Z,0.32680,0.32880,0.32500,0.32830,2600647
2024-07-24T17:00:00Z,0.32830,0.33110,0.32810,0.32980,1582273
2024-07-24T18:00:00Z,0.32990,0.33070,0.32530,0.32600,2595653
2024-07-24T19:00:00Z,0.32600,0.32730,0.32320,0.32390,6149530
2024-07-24T20:00:00Z,0.32390,0.32540,0.32300,0.32440,3690327
2024-07-24T21:00:00Z,0.32430,0.32470,0.31560,0.32010,5933104
2024-07-24T22:00:00Z,0.32000,0.32020,0.31790,0.31840,3493356
2024-07-24T23:00:00Z,0.31840,0.31880,0.31640,0.31840,2449734
2024-07-25T00:00:00Z,0.31840,0.31970,0.31710,0.31800,2662732
2024-07-25T01:00:00Z,0.31790,0.31810,0.30140,0.30750,26158900
2024-07-25T02:00:00Z,0.30740,0.30740,0.30270,0.30590,6228896
2024-07-25T03:00:00Z,0.30590,0.30610,0.30310,0.30400,3935297
2024-07-25T04:00:00Z,0.30390,0.30770,0.30190,0.30680,3567592
2024-07-25T05:00:00Z,0.30680,0.30750,0.30420,0.30450,2895511
2024-07-25T06:00:00Z,0.30440,0.30820,0.30350,0.30630,3683071
2024-07-25T07:00:00Z,0.30620,0.30700,0.30450,0.30460,2601772
2024-07-25T08:00:00Z,0.30450,0.30660,0.30370,0.30640,2665866
2024-07-25T09:00:00Z,0.30640,0.30680,0.30470,0.30550,2831383
2024-07-25T10:00:00Z,0.30550,0.30560,0.30300,0.30420,2866721
2024-07-25T11:00:00Z,0.30420,0.30540,0.30370,0.30470,1665687
2024-07-25T12:00:00Z,0.30470,0.30590,0.30130,0.30260,3532875
2024-07-25T13:00:00Z,0.30270,0.30530,0.30070,0.30360,4815172
2024-07-25T14:00:00Z,0.30360,0.30850,0.30030,0.30850,5522978
2024-07-25T15:00:00Z,0.30840,0.30970,0.30520,0.30610,2986161
2024-07-25T16:00:00Z,0.30610,0.30870,0.30390,0.30680,2842146
2024-07-25T17:00:00Z,0.30680,0.30770,0.30520,0.30650,1899361
2024-07-25T18:00:00Z,0.30640,0.30640,0.29850,0.30000,4867790
2024-07-25T19:00:00Z,0.30000,0.30340,0.29700,0.30090,7075936
2024-07-25T20:00:00Z,0.30100,0.30410,0.29630,0.30400,8307410
2024-07-25T21:00:00Z,0.30410,0.30790,0.30370,0.30700,4565321
2024-07-25T22:00:00Z,0.30710,0.30900,0.30590,0.30670,3142063
2024-07-25T23:00:00Z,0.30670,0.30720,0.30590,0.30660,1575237
2024-07-26T00:00:00Z,0.30650,0.30850,0.30600,0.30750,3222837
2024-07-26T01:00:00Z,0.30750,0.30940,0.30720,0.30760,2638453
2024-07-26T02:00:00Z,0.30760,0.31230,0.30760,0.31180,2991573
2024-07-26T03:00:00Z,0.31180,0.31310,0.31110,0.31160,4108446
2024-07-26T04:00:00Z,0.31180,0.31300,0.31140,0.31250,2104619
2024-07-26T05:00:00Z,0.31250,0.31340,0.31200,0.31320,2654006
2024-07-26T06:00:00Z,0.31320,0.31650,0.31280,0.31590,3318047
2024-07-26T07:00:00Z,0.31600,0.31750,0.31540,0.31570,3095547
2024-07-26T08:00:00Z,0.31560,0.31650,0.31500,0.31520,1935339
2024-07-26T09:00:00Z,0.31530,0.31630,0.31460,0.31580,2049667
2024-07-26T10:00:00Z,0.31570,0.31580,0.31420,0.31490,2091357
2024-07-26T11:00:00Z,0.31490,0.31640,0.31390,0.31620,1255116
2024-07-26T12:00:00Z,0.31630,0.31750,0.31490,0.31620,1895610
2024-07-26T13:00:00Z,0.31630,0.31950,0.31460,0.31920,3359986
2024-07-26T14:00:00Z,0.31910,0.32060,0.31540,0.31720,4399704
2024-07-26T15:00:00Z,0.31710,0.31930,0.31710,0.31860,2190261
2024-07-26T16:00:00Z,0.31860,0.32250,0.31850,0.32120,4543874
2024-07-26T17:00:00Z,0.32120,0.32280,0.32100,0.32200,1899436
2024-07-26T18:00:00Z,0.32200,0.32510,0.32170,0.32450,3313564
2024-07-26T19:00:00Z,0.32460,0.32880,0.32460,0.32660,4342865
2024-07-26T20:00:00Z,0.32660,0.32720,0.32520,0.32600,2355897
2024-07-26T21:00:00Z,0.32600,0.32780,0.32510,0.32680,4307943
2024-07-26T22:00:00Z,0.32690,0.32940,0.32660,0.32900,1885157
2024-07-26T23:00:00Z,0.32910,0.32930,0.32730,0.32840,1447982
2024-07-27T00:00:00Z,0.32850,0.32950,0.32760,0.32800,1798258
2024-07-27T01:00:00Z,0.32800,0.32830,0.32620,0.32750,2684938
2024-07-27T02:00:00Z,0.32750,0.32950,0.32570,0.32950,2074219
2024-07-27T03:00:00Z,0.32940,0.33000,0.32690,0.32720,1886610
2024-07-27T04:00:00Z,0.32710,0.33020,0.32710,0.33020,1376907
2024-07-27T05:00:00Z,0.33020,0.33130,0.32990,0.33040,2050135
2024-07-27T06:00:00Z,0.33030,0.33130,0.32960,0.33100,1284595
2024-07-27T07:00:00Z,0.33110,0.33290,0.33030,0.33120,3896422
2024-07-27T08:00:00Z,0.33120,0.33290,0.33040,0.33130,1537628
2024-07-27T09:00:00Z,0.33140,0.33320,0.33080,0.33270,1961099
2024-07-27T10:00:00Z,0.33280,0.33310,0.33150,0.33160,1518846
2024-07-27T11:00:00Z,0.33160,0.33280,0.33070,0.33250,1577810
2024-07-27T12:00:00Z,0.33250,0.33440,0.33250,0.33350,2481306
2024-07-27T13:00:00Z,0.33350,0.33970,0.33330,0.33910,6215144
2024-07-27T14:00:00Z,0.33910,0.34070,0.33360,0.33470,5871640
2024-07-27T15:00:00Z,0.33470,0.33700,0.33320,0.33680,6776724
2024-07-27T16:00:00Z,0.33680,0.33980,0.33410,0.33630,8136547
2024-07-27T17:00:00Z,0.33640,0.33750,0.33440,0.33580,4024615
2024-07-27T18:00:00Z,0.33580,0.33880,0.33480,0.33600,5950318
2024-07-27T19:00:00Z,0.33590,0.33760,0.33320,0.33680,5925543
2024-07-27T20:00:00Z,0.33690,0.33700,0.32950,0.33430,13186898
2024-07-27T21:00:00Z,0.33420,0.34020,0.33330,0.33890,5316219
2024-07-27T22:00:00Z,0.33890,0.34110,0.33760,0.33980,3662082
2024-07-27T23:00:00Z,0.33980,0.33990,0.33700,0.33720,2341690
2024-07-28T00:00:00Z,0.33710,0.33720,0.33360,0.33660,5271544
2024-07-28T01:00:00Z,0.33660,0.33710,0.33540,0.33550,1644607
2024-07-28T02:00:00Z,0.33550,0.33610,0.33430,0.33540,1014212
2024-07-28T03:00:00Z,0.33530,0.33570,0.33250,0.33260,1545239
2024-07-28T04:00:00Z,0.33260,0.33310,0.32820,0.32830,3075149
2024-07-28T05:00:00Z,0.32840,0.32960,0.32650,0.32940,3423147
2024-07-28T06:00:00Z,0.32930,0.33050,0.32830,0.32970,1463885
2024-07-28T07:00:00Z,0.32970,0.33080,0.32930,0.33050,1051487
2024-07-28T08:00:00Z,0.33060,0.33140,0.32990,0.33120,1553845
2024-07-28T09:00:00Z,0.33120,0.33300,0.33110,0.33240,2240311
2024-07-28T10:00:00Z,0.33250,0.33330,0.33220,0.33270,858630
2024-07-28T11:00:00Z,0.33270,0.33420,0.33260,0.33270,1411840
2024-07-28T12:00:00Z,0.33270,0.33330,0.33210,0.33240,1060373
2024-07-28T13:00:00Z,0.33250,0.33330,0.33150,0.33180,2073862
2024-07-28T14:00:00Z,0.33180,0.33190,0.32790,0.32840,2906535
2024-07-28T15:00:00Z,0.32830,0.32920,0.32700,0.32780,2713351
2024-07-28T16:00:00Z,0.32780,0.32930,0.32780,0.32830,1579608
2024-07-28T17:00:00Z,0.32830,0.32950,0.32750,0.32950,1357884
2024-07-28T18:00:00Z,0.32940,0.33050,0.32840,0.32890,1267793
2024-07-28T19:00:00Z,0.32900,0.32950,0.32770,0.32820,1491164
2024-07-28T20:00:00Z,0.32820,0.32870,0.32690,0.32820,1825876
2024-07-28T21:00:00Z,0.32820,0.32870,0.32540,0.32760,2906468
2024-07-28T22:00:00Z,0.32760,0.32800,0.32510,0.32640,2789891
2024-07-28T23:00:00Z,0.32650,0.32840,0.32610,0.32820,1097091
2024-07-29T00:00:00Z,0.32810,0.33450,0.32760,0.33240,5643388
2024-07-29T01:00:00Z,0.33240,0.33420,0.33150,0.33160,2032755
2024-07-29T02:00:00Z,0.33160,0.33900,0.33120,0.33890,3071464
2024-07-29T03:00:00Z,0.33890,0.34190,0.33750,0.33760,5393257
2024-07-29T04:00:00Z,0.33760,0.33910,0.33610,0.33750,1820389
2024-07-29T05:00:00Z,0.33750,0.34010,0.33730,0.33920,1631879
2024-07-29T06:00:00Z,0.33920,0.34150,0.33890,0.33920,1898344
2024-07-29T07:00:00Z,0.33920,0.34220,0.33850,0.34150,2813583
2024-07-29T08:00:00Z,0.34150,0.34450,0.34070,0.34110,3708356
2024-07-29T09:00:00Z,0.34110,0.34210,0.33950,0.34040,4005194
2024-07-29T10:00:00Z,0.34050,0.34050,0.33850,0.33850,1423791
2024-07-29T11:00:00Z,0.33840,0.33970,0.33820,0.33830,1621795
2024-07-29T12:00:00Z,0.33830,0.34170,0.33780,0.33980,3285367
2024-07-29T13:00:00Z,0.33980,0.34140,0.33820,0.33870,4245023
2024-07-29T14:00:00Z,0.33870,0.33950,0.33370,0.33470,5781122
2024-07-29T15:00:00Z,0.33460,0.33580,0.32930,0.33280,7674364
2024-07-29T16:00:00Z,0.33270,0.33280,0.32690,0.32800,5433534
2024-07-29T17:00:00Z,0.32810,0.33210,0.32710,0.33050,4458042
2024-07-29T18:00:00Z,0.33050,0.33290,0.33000,0.33250,2158755
2024-07-29T19:00:00Z,0.33250,0.33400,0.33150,0.33280,1690167
2024-07-29T20:00:00Z,0.33280,0.33350,0.33080,0.33150,1566554
2024-07-29T21:00:00Z,0.33160,0.33160,0.32810,0.33090,1640757
2024-07-29T22:00:00Z,0.33080,0.33200,0.32820,0.32830,1552881
2024-07-29T23:00:00Z,0.32830,0.32950,0.32690,0.32750,2280867
2024-07-30T00:00:00Z,0.32750,0.32990,0.32430,0.32980,4723819
2024-07-30T01:00:00Z,0.32970,0.33280,0.32680,0.32710,2404093
2024-07-30T02:00:00Z,0.32710,0.32960,0.32610,0.32960,1758212
2024-07-30T03:00:00Z,0.32950,0.33180,0.32930,0.33110,1503465
2024-07-30T04:00:00Z,0.33110,0.33130,0.32970,0.33080,1168567
2024-07-30T05:00:00Z,0.33080,0.33100,0.32880,0.32970,1465447
2024-07-30T06:00:00Z,0.32970,0.33210,0.32930,0.33150,3067707
2024-07-30T07:00:00Z,0.33140,0.33380,0.33140,0.33370,2228700
2024-07-30T08:00:00Z,0.33360,0.33410,0.33220,0.33220,1931029
2024-07-30T09:00:00Z,0.33220,0.33470,0.33220,0.33360,3328332
2024-07-30T10:00:00Z,0.33360,0.33500,0.33250,0.33290,2809185
2024-07-30T11:00:00Z,0.33290,0.33510,0.33240,0.33430,2392657
2024-07-30T12:00:00Z,0.33430,0.33570,0.33270,0.33490,2460473
2024-07-30T13:00:00Z,0.33500,0.33630,0.33260,0.33310,2996571
2024-07-30T14:00:00Z,0.33310,0.33430,0.33160,0.33180,3960690
2024-07-30T15:00:00Z,0.33180,0.33470,0.33060,0.33390,3065806
2024-07-30T16:00:00Z,0.33400,0.33630,0.33340,0.33380,2000288
2024-07-30T17:00:00Z,0.33380,0.33400,0.32870,0.33000,4846288
2024-07-30T18:00:00Z,0.32990,0.32990,0.32720,0.32800,3480907
2024-07-30T19:00:00Z,0.32790,0.32790,0.32200,0.32420,6719638
2024-07-30T20:00:00Z,0.32420,0.32560,0.31910,0.32440,6546623
2024-07-30T21:00:00Z,0.32430,0.32440,0.32010,0.32310,2160324
2024-07-30T22:00:00Z,0.32320,0.32600,0.32250,0.32590,2463142
2024-07-30T23:00:00Z,0.32590,0.32750,0.32420,0.32450,2257912
2024-07-31T00:00:00Z,0.32440,0.32570,0.32040,0.32500,3975231
2024-07-31T01:00:00Z,0.32490,0.32800,0.32440,0.32700,2476511
2024-07-31T02:00:00Z,0.32690,0.32850,0.32420,0.32480,2428879
2024-07-31T03:00:00Z,0.32480,0.32650,0.32370,0.32560,1617306
2024-07-31T04:00:00Z,0.32550,0.32570,0.32150,0.32310,2611753
2024-07-31T05:00:00Z,0.32320,0.32740,0.32020,0.32660,2795439
2024-07-31T06:00:00Z,0.32650,0.33220,0.32640,0.33140,4545626
2024-07-31T07:00:00Z,0.33130,0.33180,0.32890,0.32890,2692185
2024-07-31T08:00:00Z,0.32900,0.32970,0.32730,0.32740,2285006
2024-07-31T09:00:00Z,0.32750,0.32800,0.32560,0.32560,1520455
2024-07-31T10:00:00Z,0.32570,0.32590,0.32340,0.32340,2004539
2024-07-31T11:00:00Z,0.32340,0.32510,0.32270,0.32370,1949560
2024-07-31T12:00:00Z,0.32380,0.32560,0.32340,0.32400,2871629
2024-07-31T13:00:00Z,0.32390,0.32860,0.32370,0.32580,2796788
2024-07-31T14:00:00Z,0.32570,0.32740,0.32240,0.32280,2877897
2024-07-31T15:00:00Z,0.32280,0.32280,0.32130,0.32150,2998918
2024-07-31T16:00:00Z,0.32160,0.32390,0.31890,0.31910,5319546
2024-07-31T17:00:00Z,0.31910,0.32140,0.31760,0.31870,5420798
2024-07-31T18:00:00Z,0.31870,0.32070,0.31500,0.32040,7182209
2024-07-31T19:00:00Z,0.32050,0.32140,0.31070,0.31280,9922164
2024-07-31T20:00:00Z,0.31280,0.31290,0.30740,0.30860,11351761
2024-07-31T21:00:00Z,0.30870,0.31260,0.30810,0.31220,5434367
2024-07-31T22:00:00Z,0.31230,0.31340,0.31000,0.31130,2939766
2024-07-31T23:00:00Z,0.31120,0.31160,0.30910,0.30920,3319142
2024-08-01T00:00:00Z,0.30910,0.31100,0.30790,0.31070,4035678
2024-08-01T01:00:00Z,0.31060,0.31150,0.30690,0.30940,3001545
2024-08-01T02:00:00Z,0.30940,0.31050,0.30650,0.30900,3834572
2024-08-01T03:00:00Z,0.30890,0.31080,0.30730,0.30830,2750908
2024-08-01T04:00:00Z,0.30840,0.30960,0.30270,0.30360,6707198
2024-08-01T05:00:00Z,0.30350,0.30920,0.30170,0.30870,9467669
2024-08-01T06:00:00Z,0.30870,0.30880,0.30470,0.30470,2965328
2024-08-01T07:00:00Z,0.30470,0.30760,0.30470,0.30640,1816902
2024-08-01T08:00:00Z,0.30650,0.30850,0.30590,0.30800,1673091
2024-08-01T09:00:00Z,0.30800,0.30910,0.30660,0.30690,1810606
2024-08-01T10:00:00Z,0.30690,0.30820,0.30610,0.30750,1798441
2024-08-01T11:00:00Z,0.30750,0.30800,0.30650,0.30760,1986068
2024-08-01T12:00:00Z,0.30760,0.31030,0.30720,0.31000,2934426
2024-08-01T13:00:00Z,0.31000,0.31050,0.30700,0.30810,2235513
2024-08-01T14:00:00Z,0.30810,0.30840,0.29970,0.29970,6984830
2024-08-01T15:00:00Z,0.29980,0.30000,0.29520,0.29620,16760860
2024-08-01T16:00:00Z,0.29620,0.29620,0.28760,0.29040,20484145
2024-08-01T17:00:00Z,0.29040,0.29230,0.28850,0.29190,10330128
2024-08-01T18:00:00Z,0.29190,0.29230,0.28380,0.28850,16168653
2024-08-01T19:00:00Z,0.28860,0.29200,0.28810,0.29040,7634705
2024-08-01T20:00:00Z,0.29030,0.29800,0.28850,0.29790,9543159
2024-08-01T21:00:00Z,0.29780,0.29990,0.29570,0.29770,7454516
2024-08-01T22:00:00Z,0.29780,0.30410,0.29710,0.30260,5385454
2024-08-01T23:00:00Z,0.30260,0.30380,0.30090,0.30240,2229646
2024-08-02T00:00:00Z,0.30230,0.30470,0.30150,0.30210,4279771
2024-08-02T01:00:00Z,0.30200,0.30210,0.29890,0.29940,3574698
2024-08-02T02:00:00Z,0.29940,0.30050,0.29430,0.29790,6782392
2024-08-02T03:00:00Z,0.29800,0.30160,0.29710,0.30050,2415903
2024-08-02T04:00:00Z,0.30050,0.30170,0.29850,0.30000,2698197
2024-08-02T05:00:00Z,0.30010,0.30020,0.29530,0.29580,3175325
2024-08-02T06:00:00Z,0.29590,0.29680,0.29090,0.29560,10003157
2024-08-02T07:00:00Z,0.29560,0.29780,0.29300,0.29550,3890981
2024-08-02T08:00:00Z,0.29550,0.29630,0.29320,0.29630,2808334
2024-08-02T09:00:00Z,0.29630,0.29780,0.29550,0.29660,3412605
2024-08-02T10:00:00Z,0.29650,0.29790,0.29570,0.29730,2970680
2024-08-02T11:00:00Z,0.29730,0.29790,0.29560,0.29580,3407781
2024-08-02T12:00:00Z,0.29570,0.29710,0.29180,0.29550,6446052
2024-08-02T13:00:00Z,0.29550,0.30160,0.29390,0.29840,7055082
2024-08-02T14:00:00Z,0.29830,0.29930,0.28580,0.28670,12591201
2024-08-02T15:00:00Z,0.28660,0.28840,0.27820,0.28720,17115117
2024-08-02T16:00:00Z,0.28720,0.28770,0.28220,0.28470,5595803
2024-08-02T17:00:00Z,0.28460,0.28700,0.28360,0.28420,2995727
2024-08-02T18:00:00Z,0.28410,0.28440,0.28150,0.28240,3628856
2024-08-02T19:00:00Z,0.28240,0.28380,0.27970,0.28290,4580936
2024-08-02T20:00:00Z,0.28300,0.28540,0.28130,0.28410,4910726
2024-08-02T21:00:00Z,0.28400,0.28400,0.27740,0.28200,7579145
2024-08-02T22:00:00Z,0.28200,0.28310,0.28070,0.28280,3054410
2024-08-02T23:00:00Z,0.28290,0.28420,0.28100,0.28340,3078053
2024-08-03T00:00:00Z,0.28340,0.28520,0.27840,0.28010,7160208
2024-08-03T01:00:00Z,0.28010,0.28280,0.27480,0.28190,9393722
2024-08-03T02:00:00Z,0.28190,0.28480,0.28150,0.28270,2930471
2024-08-03T03:00:00Z,0.28270,0.28650,0.28190,0.28640,3922767
2024-08-03T04:00:00Z,0.28650,0.28820,0.28470,0.28810,3503208
2024-08-03T05:00:00Z,0.28810,0.28980,0.28720,0.28970,2437166
2024-08-03T06:00:00Z,0.28980,0.29120,0.28940,0.28970,3560971
2024-08-03T07:00:00Z,0.28960,0.29020,0.28860,0.28900,3431577
2024-08-03T08:00:00Z,0.28910,0.28950,0.28730,0.28900,2935716
2024-08-03T09:00:00Z,0.28900,0.28920,0.28670,0.28910,1957092
2024-08-03T10:00:00Z,0.28900,0.28910,0.28740,0.28790,2330621
2024-08-03T11:00:00Z,0.28790,0.28880,0.28700,0.28850,1782316
2024-08-03T12:00:00Z,0.28850,0.29060,0.28790,0.28820,2572139
2024-08-03T13:00:00Z,0.28810,0.28840,0.28710,0.28810,2659581
2024-08-03T14:00:00Z,0.28810,0.28930,0.28730,0.28750,2630634
2024-08-03T15:00:00Z,0.28740,0.28800,0.27820,0.27850,7716284
2024-08-03T16:00:00Z,0.27840,0.28060,0.27380,0.27590,13846410
2024-08-03T17:00:00Z,0.27600,0.27600,0.26900,0.26970,10811932
2024-08-03T18:00:00Z,0.26970,0.27050,0.26650,0.26730,9786254
2024-08-03T19:00:00Z,0.26730,0.26980,0.26550,0.26560,6439617
2024-08-03T20:00:00Z,0.26560,0.26880,0.26430,0.26570,5511019
2024-08-03T21:00:00Z,0.26570,0.27130,0.26500,0.27110,4854217
2024-08-03T22:00:00Z,0.27120,0.27280,0.26950,0.27100,3609951
2024-08-03T23:00:00Z,0.27110,0.27350,0.26970,0.27250,3685690
2024-08-04T00:00:00Z,0.27240,0.27560,0.27170,0.27490,3699082
2024-08-04T01:00:00Z,0.27500,0.27550,0.27220,0.27490,2322875
2024-08-04T02:00:00Z,0.27490,0.27930,0.27490,0.27840,2560633
2024-08-04T03:00:00Z,0.27840,0.27850,0.27540,0.27590,1685287
2024-08-04T04:00:00Z,0.27600,0.27790,0.27530,0.27590,1770863
2024-08-04T05:00:00Z,0.27590,0.27820,0.27580,0.27780,1229322
2024-08-04T06:00:00Z,0.27770,0.27820,0.27680,0.27760,1577917
2024-08-04T07:00:00Z,0.27770,0.27780,0.27330,0.27350,3278658
2024-08-04T08:00:00Z,0.27360,0.27610,0.27170,0.27460,3868863
2024-08-04T09:00:00Z,0.27470,0.27570,0.27330,0.27340,3229083
2024-08-04T10:00:00Z,0.27330,0.27410,0.27210,0.27400,2764227
2024-08-04T11:00:00Z,0.27400,0.27520,0.27310,0.27420,2539959
2024-08-04T12:00:00Z,0.27420,0.27500,0.27260,0.27480,2007153
2024-08-04T13:00:00Z,0.27480,0.27530,0.27240,0.27240,1783593
2024-08-04T14:00:00Z,0.27240,0.27260,0.26220,0.26290,12753646
2024-08-04T15:00:00Z,0.26300,0.26300,0.25880,0.25950,7797862
2024-08-04T16:00:00Z,0.25950,0.26130,0.25430,0.25540,14450264
2024-08-04T17:00:00Z,0.25530,0.25720,0.24950,0.25600,18593107
2024-08-04T18:00:00Z,0.25600,0.25930,0.25220,0.25910,8380299
2024-08-04T19:00:00Z,0.25920,0.26580,0.25670,0.26410,8425816
2024-08-04T20:00:00Z,0.26410,0.26760,0.26190,0.26390,4899866
2024-08-04T21:00:00Z,0.26390,0.26410,0.26130,0.26220,2528585
2024-08-04T22:00:00Z,0.26230,0.26620,0.26110,0.26390,4096810
2024-08-04T23:00:00Z,0.26380,0.26400,0.25920,0.26010,3502167
2024-08-05T00:00:00Z,0.26020,0.26280,0.24510,0.24900,25850675
2024-08-05T01:00:00Z,0.24890,0.24970,0.21720,0.23300,88940659
2024-08-05T02:00:00Z,0.23300,0.23350,0.22480,0.23320,34107093
2024-08-05T03:00:00Z,0.23310,0.23320,0.22780,0.22830,14515032
2024-08-05T04:00:00Z,0.22830,0.23230,0.22690,0.22930,12838752
2024-08-05T05:00:00Z,0.22940,0.23170,0.22020,0.22690,31195938
2024-08-05T06:00:00Z,0.22690,0.22810,0.20640,0.21840,79553586
2024-08-05T07:00:00Z,0.21850,0.23180,0.21730,0.22970,23484101
2024-08-05T08:00:00Z,0.22970,0.23010,0.22320,0.22510,13663700
2024-08-05T09:00:00Z,0.22510,0.22710,0.22160,0.22610,10917505
2024-08-05T10:00:00Z,0.22600,0.22610,0.21650,0.21910,16709370
2024-08-05T11:00:00Z,0.21910,0.22020,0.21140,0.22000,23334817
2024-08-05T12:00:00Z,0.22000,0.22200,0.21270,0.21460,26647029
2024-08-05T13:00:00Z,0.21450,0.23040,0.21110,0.22920,39848793
2024-08-05T14:00:00Z,0.22920,0.24100,0.22910,0.23950,29658302
2024-08-05T15:00:00Z,0.23960,0.24460,0.23710,0.24320,15883542
2024-08-05T16:00:00Z,0.24320,0.24780,0.24120,0.24130,14908494
2024-08-05T17:00:00Z,0.24140,0.24560,0.24050,0.24320,7157777
2024-08-05T18:00:00Z,0.24320,0.24360,0.23500,0.23500,9306529
2024-08-05T19:00:00Z,0.23500,0.24010,0.23430,0.23780,13144383
2024-08-05T20:00:00Z,0.23780,0.24170,0.23740,0.24040,7125563
2024-08-05T21:00:00Z,0.24040,0.24340,0.23780,0.23840,6056176
2024-08-05T22:00:00Z,0.23840,0.24220,0.23750,0.24100,5528795
2024-08-05T23:00:00Z,0.24100,0.24260,0.23740,0.23760,4163140
2024-08-06T00:00:00Z,0.23760,0.25020,0.23730,0.25020,13712944
2024-08-06T01:00:00Z,0.25030,0.25300,0.24630,0.24820,7813457
2024-08-06T02:00:00Z,0.24820,0.24900,0.24580,0.24760,3745245
2024-08-06T03:00:00Z,0.24750,0.24820,0.24600,0.24680,2362447
2024-08-06T04:00:00Z,0.24690,0.24930,0.24570,0.24840,3762375
2024-08-06T05:00:00Z,0.24840,0.25160,0.24700,0.25120,3707695
2024-08-06T06:00:00Z,0.25120,0.25210,0.24920,0.25070,4675120
2024-08-06T07:00:00Z,0.25070,0.25200,0.24920,0.25060,4511771
2024-08-06T08:00:00Z,0.25060,0.25070,0.24280,0.24520,9207498
2024-08-06T09:00:00Z,0.24520,0.24550,0.24270,0.24460,6259164
2024-08-06T10:00:00Z,0.24460,0.24550,0.24230,0.24320,4220174
2024-08-06T11:00:00Z,0.24310,0.24420,0.24130,0.24280,4775899
2024-08-06T12:00:00Z,0.24270,0.24360,0.24010,0.24070,5168901
2024-08-06T13:00:00Z,0.24060,0.24300,0.23750,0.24060,10897011
2024-08-06T14:00:00Z,0.24060,0.25060,0.24040,0.24680,13818982
2024-08-06T15:00:00Z,0.24690,0.24900,0.24430,0.24790,7796439
2024-08-06T16:00:00Z,0.24800,0.24960,0.24620,0.24790,6643372
2024-08-06T17:00:00Z,0.24790,0.24940,0.24610,0.24620,4510183
2024-08-06T18:00:00Z,0.24610,0.24920,0.24610,0.24700,3964653
2024-08-06T19:00:00Z,0.24700,0.24830,0.24590,0.24640,3294643
2024-08-06T20:00:00Z,0.24650,0.24750,0.24450,0.24650,4403822
2024-08-06T21:00:00Z,0.24650,0.24740,0.24500,0.24700,1811344
2024-08-06T22:00:00Z,0.24700,0.24970,0.24490,0.24660,5614966
2024-08-06T23:00:00Z,0.24660,0.24740,0.24430,0.24580,3160417
2024-08-07T00:00:00Z,0.24580,0.24750,0.24330,0.24600,5734174
2024-08-07T01:00:00Z,0.24610,0.25070,0.24320,0.25010,6051089
2024-08-07T02:00:00Z,0.25010,0.25190,0.24700,0.24860,6025010
2024-08-07T03:00:00Z,0.24860,0.25020,0.24760,0.24880,2980196
2024-08-07T04:00:00Z,0.24870,0.25170,0.24840,0.25000,3194720
2024-08-07T05:00:00Z,0.25000,0.25230,0.24950,0.24970,3106130
2024-08-07T06:00:00Z,0.24970,0.25060,0.24840,0.24870,2932791
2024-08-07T07:00:00Z,0.24880,0.24980,0.24680,0.24870,2975245
2024-08-07T08:00:00Z,0.24870,0.25060,0.24840,0.24970,3591367
2024-08-07T09:00:00Z,0.24960,0.25170,0.24860,0.24940,3713114
2024-08-07T10:00:00Z,0.24940,0.25220,0.24880,0.24900,2923338
2024-08-07T11:00:00Z,0.24900,0.24940,0.24720,0.24770,3333869
2024-08-07T12:00:00Z,0.24770,0.25010,0.24630,0.24970,4059740
2024-08-07T13:00:00Z,0.24960,0.25050,0.24690,0.24770,5740484
2024-08-07T14:00:00Z,0.24770,0.24830,0.23680,0.24050,17045270
2024-08-07T15:00:00Z,0.24050,0.24290,0.23860,0.24060,10327398
2024-08-07T16:00:00Z,0.24050,0.24140,0.23760,0.23870,7018087
2024-08-07T17:00:00Z,0.23870,0.23980,0.23530,0.23810,6979544
2024-08-07T18:00:00Z,0.23810,0.23910,0.23410,0.23520,9746415
2024-08-07T19:00:00Z,0.23520,0.23730,0.23480,0.23670,5396300
2024-08-07T20:00:00Z,0.23680,0.23970,0.23310,0.23720,11242799
2024-08-07T21:00:00Z,0.23730,0.23910,0.23600,0.23830,4003660
2024-08-07T22:00:00Z,0.23840,0.23950,0.23470,0.23940,4867383
2024-08-07T23:00:00Z,0.23940,0.24050,0.23710,0.23830,2650554
2024-08-08T00:00:00Z,0.23840,0.23930,0.23350,0.23740,6945276
2024-08-08T01:00:00Z,0.23750,0.24670,0.23710,0.24580,11056794
2024-08-08T02:00:00Z,0.24580,0.25060,0.24560,0.24950,6480730
2024-08-08T03:00:00Z,0.24960,0.25130,0.24710,0.24730,4440463
2024-08-08T04:00:00Z,0.24720,0.25040,0.24710,0.24740,3845572
2024-08-08T05:00:00Z,0.24750,0.24990,0.24730,0.24890,2341180
2024-08-08T06:00:00Z,0.24890,0.25060,0.24780,0.24990,2949905
2024-08-08T07:00:00Z,0.24990,0.25020,0.24760,0.24770,2397288
2024-08-08T08:00:00Z,0.24780,0.24920,0.24740,0.24840,1914976
2024-08-08T09:00:00Z,0.24850,0.24980,0.24720,0.24820,2161207
2024-08-08T10:00:00Z,0.24820,0.24910,0.24710,0.24810,2224314
2024-08-08T11:00:00Z,0.24810,0.25000,0.24750,0.24790,7693434
2024-08-08T12:00:00Z,0.24790,0.25530,0.24670,0.25090,12426730
2024-08-08T13:00:00Z,0.25090,0.25350,0.24740,0.24990,7402509
2024-08-08T14:00:00Z,0.24990,0.25550,0.24950,0.25530,6715348
2024-08-08T15:00:00Z,0.25530,0.25640,0.25370,0.25610,5458204
2024-08-08T16:00:00Z,0.25610,0.25910,0.25570,0.25680,8336432
2024-08-08T17:00:00Z,0.25680,0.25830,0.25570,0.25590,3677261
2024-08-08T18:00:00Z,0.25590,0.25680,0.25580,0.25600,1710940
2024-08-08T19:00:00Z,0.25610,0.25790,0.25580,0.25650,2153675
2024-08-08T20:00:00Z,0.25650,0.25840,0.25630,0.25760,2072549
2024-08-08T21:00:00Z,0.25760,0.26340,0.25750,0.26270,4488992
2024-08-08T22:00:00Z,0.26280,0.26750,0.26100,0.26620,8880006
2024-08-08T23:00:00Z,0.26630,0.26770,0.26500,0.26680,7916620
2024-08-09T00:00:00Z,0.26690,0.26690,0.26390,0.26470,6936414
2024-08-09T01:00:00Z,0.26470,0.26510,0.26330,0.26450,3016454
2024-08-09T02:00:00Z,0.26450,0.26480,0.26310,0.26320,3112259
2024-08-09T03:00:00Z,0.26310,0.26470,0.26280,0.26430,1852485
2024-08-09T04:00:00Z,0.26420,0.26460,0.26060,0.26070,2909308
2024-08-09T05:00:00Z,0.26070,0.26300,0.25990,0.26300,2803295
2024-08-09T06:00:00Z,0.26310,0.26420,0.26240,0.26300,2118284
2024-08-09T07:00:00Z,0.26300,0.26460,0.26280,0.26400,1990437
2024-08-09T08:00:00Z,0.26390,0.26560,0.26300,0.26520,2683583
2024-08-09T09:00:00Z,0.26510,0.26560,0.26300,0.26390,3126967
2024-08-09T10:00:00Z,0.26390,0.26480,0.26120,0.26380,4743485
2024-08-09T11:00:00Z,0.26380,0.26470,0.26310,0.26440,2107941
2024-08-09T12:00:00Z,0.26450,0.26470,0.26190,0.26330,2909052
2024-08-09T13:00:00Z,0.26330,0.26400,0.25940,0.26250,5532469
2024-08-09T14:00:00Z,0.26250,0.26600,0.25770,0.26210,10468519
2024-08-09T15:00:00Z,0.26220,0.26310,0.25900,0.25920,5378736
2024-08-09T16:00:00Z,0.25910,0.26190,0.25850,0.26110,3687016
2024-08-09T17:00:00Z,0.26110,0.26230,0.26000,0.26100,3378049
2024-08-09T18:00:00Z,0.26100,0.26200,0.26000,0.26200,2414959
2024-08-09T19:00:00Z,0.26190,0.26260,0.26130,0.26190,2265077
2024-08-09T20:00:00Z,0.26190,0.26320,0.26140,0.26200,1359912
2024-08-09T21:00:00Z,0.26200,0.26340,0.25970,0.26300,3268122
2024-08-09T22:00:00Z,0.26290,0.26450,0.26150,0.26320,2477678
2024-08-09T23:00:00Z,0.26320,0.26490,0.26200,0.26450,2009428
2024-08-10T00:00:00Z,0.26460,0.26870,0.26340,0.26360,6294107
2024-08-10T01:00:00Z,0.26360,0.26560,0.26290,0.26300,2412387
2024-08-10T02:00:00Z,0.26300,0.26560,0.26270,0.26420,2152401
2024-08-10T03:00:00Z,0.26420,0.26420,0.26230,0.26360,2213089
2024-08-10T04:00:00Z,0.26370,0.26400,0.26200,0.26320,1384812
2024-08-10T05:00:00Z,0.26330,0.26370,0.26240,0.26310,981196
2024-08-10T06:00:00Z,0.26310,0.26460,0.26250,0.26420,1324467
2024-08-10T07:00:00Z,0.26420,0.26610,0.26400,0.26590,2293224
2024-08-10T08:00:00Z,0.26590,0.26610,0.26440,0.26450,1453062
2024-08-10T09:00:00Z,0.26450,0.26730,0.26450,0.26650,2296320
2024-08-10T10:00:00Z,0.26650,0.26780,0.26520,0.26720,2959670
2024-08-10T11:00:00Z,0.26710,0.26770,0.26670,0.26730,1764955
2024-08-10T12:00:00Z,0.26740,0.26770,0.26640,0.26700,1370628
2024-08-10T13:00:00Z,0.26690,0.26700,0.26520,0.26530,1715486
2024-08-10T14:00:00Z,0.26530,0.26730,0.26500,0.26710,1690337
2024-08-10T15:00:00Z,0.26710,0.26990,0.26710,0.26800,3517396
2024-08-10T16:00:00Z,0.26810,0.27090,0.26720,0.27040,5775417
2024-08-10T17:00:00Z,0.27040,0.27080,0.26880,0.27030,3252761
2024-08-10T18:00:00Z,0.27020,0.27170,0.26990,0.27000,2626293
2024-08-10T19:00:00Z,0.26990,0.27280,0.26970,0.27240,1826734
2024-08-10T20:00:00Z,0.27240,0.27430,0.27230,0.27330,2573884
2024-08-10T21:00:00Z,0.27340,0.27500,0.27330,0.27370,2676793
2024-08-10T22:00:00Z,0.27370,0.27370,0.27200,0.27210,1685111
2024-08-10T23:00:00Z,0.27220,0.27220,0.27020,0.27140,3265436
2024-08-11T00:00:00Z,0.27140,0.27200,0.26980,0.27070,3492713
2024-08-11T01:00:00Z,0.27060,0.27110,0.26910,0.27040,2105641
2024-08-11T02:00:00Z,0.27050,0.27080,0.26950,0.26990,1152066
2024-08-11T03:00:00Z,0.26990,0.27180,0.26960,0.26990,1895795
2024-08-11T04:00:00Z,0.27000,0.27030,0.26860,0.26880,1243867
2024-08-11T05:00:00Z,0.26880,0.27080,0.26860,0.27080,1900045
2024-08-11T06:00:00Z,0.27070,0.27090,0.26970,0.26970,1436505
2024-08-11T07:00:00Z,0.26970,0.27110,0.26970,0.27040,1133442
2024-08-11T08:00:00Z,0.27040,0.27240,0.26990,0.27160,1582575
2024-08-11T09:00:00Z,0.27150,0.27400,0.27050,0.27140,3647049
2024-08-11T10:00:00Z,0.27140,0.27140,0.26930,0.26950,2680064
2024-08-11T11:00:00Z,0.26950,0.26970,0.26590,0.26690,3368667
2024-08-11T12:00:00Z,0.26690,0.26780,0.26290,0.26490,7942302
2024-08-11T13:00:00Z,0.26490,0.26500,0.26220,0.26410,4355065
2024-08-11T14:00:00Z,0.26400,0.26440,0.25960,0.26080,4446270
2024-08-11T15:00:00Z,0.26070,0.26200,0.25890,0.25990,4667435
2024-08-11T16:00:00Z,0.26000,0.26220,0.25930,0.26130,3466201
2024-08-11T17:00:00Z,0.26130,0.26180,0.25990,0.26090,1720607
2024-08-11T18:00:00Z,0.26080,0.26110,0.25900,0.25930,3114535
2024-08-11T19:00:00Z,0.25920,0.25930,0.25430,0.25490,6565907
2024-08-11T20:00:00Z,0.25490,0.25500,0.25060,0.25120,10067591
2024-08-11T21:00:00Z,0.25120,0.25270,0.24940,0.25230,3494138
2024-08-11T22:00:00Z,0.25220,0.25330,0.24890,0.25160,4122749
2024-08-11T23:00:00Z,0.25150,0.25170,0.25000,0.25140,2121865
2024-08-12T00:00:00Z,0.25140,0.25410,0.25070,0.25290,5901137
2024-08-12T01:00:00Z,0.25290,0.25430,0.25140,0.25260,2339780
2024-08-12T02:00:00Z,0.25260,0.25320,0.25160,0.25310,1881010
2024-08-12T03:00:00Z,0.25300,0.25360,0.25140,0.25240,1346557
2024-08-12T04:00:00Z,0.25230,0.25400,0.25230,0.25280,1728676
2024-08-12T05:00:00Z,0.25280,0.25380,0.25230,0.25360,1206845
2024-08-12T06:00:00Z,0.25350,0.25390,0.25130,0.25220,1874709
2024-08-12T07:00:00Z,0.25210,0.25650,0.24880,0.25530,7755180
2024-08-12T08:00:00Z,0.25520,0.25900,0.25410,0.25480,4447427
2024-08-12T09:00:00Z,0.25480,0.25740,0.25460,0.25680,2572538
2024-08-12T10:00:00Z,0.25680,0.25980,0.25560,0.25970,3577262
2024-08-12T11:00:00Z,0.25960,0.26470,0.25920,0.26410,5242873
2024-08-12T12:00:00Z,0.26410,0.26560,0.26250,0.26420,3986209
2024-08-12T13:00:00Z,0.26410,0.26490,0.25450,0.25540,8886881
2024-08-12T14:00:00Z,0.25550,0.26640,0.25300,0.26620,16027469
2024-08-12T15:00:00Z,0.26620,0.26730,0.26090,0.26560,10553370
2024-08-12T16:00:00Z,0.26560,0.26740,0.26420,0.26540,4142315
2024-08-12T17:00:00Z,0.26530,0.26660,0.26330,0.26350,2043379
2024-08-12T18:00:00Z,0.26350,0.26470,0.25850,0.25890,4394512
2024-08-12T19:00:00Z,0.25900,0.26160,0.25890,0.25960,3872165
2024-08-12T20:00:00Z,0.25960,0.26130,0.25850,0.25890,2771419
2024-08-12T21:00:00Z,0.25880,0.25950,0.25640,0.25910,2703853
2024-08-12T22:00:00Z,0.25910,0.26040,0.25820,0.25950,2189099
2024-08-12T23:00:00Z,0.25950,0.26460,0.25940,0.26360,4080433
2024-08-13T00:00:00Z,0.26370,0.26490,0.26240,0.26340,3386469
2024-08-13T01:00:00Z,0.26340,0.26490,0.26230,0.26400,1975877
2024-08-13T02:00:00Z,0.26400,0.26420,0.26100,0.26270,2106342
2024-08-13T03:00:00Z,0.26270,0.26340,0.25880,0.25930,4790798
2024-08-13T04:00:00Z,0.25920,0.26040,0.25720,0.26040,2725501
2024-08-13T05:00:00Z,0.26030,0.26130,0.25990,0.26080,2453862
2024-08-13T06:00:00Z,0.26080,0.26280,0.25970,0.26250,2291211
2024-08-13T07:00:00Z,0.26250,0.26270,0.26010,0.26010,1450017
2024-08-13T08:00:00Z,0.26010,0.26100,0.25870,0.25930,2227678
2024-08-13T09:00:00Z,0.25930,0.25930,0.25630,0.25750,3348280
2024-08-13T10:00:00Z,0.25750,0.25770,0.25560,0.25720,3505187
2024-08-13T11:00:00Z,0.25730,0.25820,0.25650,0.25810,2260612
2024-08-13T12:00:00Z,0.25810,0.26090,0.25740,0.26050,4854396
2024-08-13T13:00:00Z,0.26060,0.26210,0.25880,0.26190,2659739
2024-08-13T14:00:00Z,0.26190,0.26290,0.25880,0.26180,3215429
2024-08-13T15:00:00Z,0.26180,0.26270,0.26070,0.26210,1876612
2024-08-13T16:00:00Z,0.26200,0.26890,0.26170,0.26880,6285813
2024-08-13T17:00:00Z,0.26880,0.27100,0.26820,0.27020,7770161
2024-08-13T18:00:00Z,0.27020,0.27030,0.26760,0.26760,3401120
2024-08-13T19:00:00Z,0.26760,0.26840,0.26500,0.26670,3546269
2024-08-13T20:00:00Z,0.26670,0.26700,0.26550,0.26590,1753552
2024-08-13T21:00:00Z,0.26590,0.26900,0.26590,0.26890,1874434
2024-08-13T22:00:00Z,0.26900,0.26940,0.26630,0.26630,2386774
2024-08-13T23:00:00Z,0.26650,0.26690,0.26570,0.26640,1210958
2024-08-14T00:00:00Z,0.26640,0.26700,0.26510,0.26590,2344799
2024-08-14T01:00:00Z,0.26600,0.26630,0.26250,0.26280,3838203
2024-08-14T02:00:00Z,0.26270,0.26400,0.26220,0.26390,2399544
2024-08-14T03:00:00Z,0.26400,0.26600,0.26350,0.26430,1798711
2024-08-14T04:00:00Z,0.26440,0.26520,0.26330,0.26340,1149734
2024-08-14T05:00:00Z,0.26340,0.26470,0.26200,0.26220,1169924
2024-08-14T06:00:00Z,0.26210,0.26370,0.26090,0.26260,3051229
2024-08-14T07:00:00Z,0.26260,0.26260,0.26050,0.26110,1918575
2024-08-14T08:00:00Z,0.26100,0.26130,0.25880,0.26090,4318935
2024-08-14T09:00:00Z,0.26090,0.26230,0.26020,0.26120,2162584
2024-08-14T10:00:00Z,0.26130,0.26470,0.26130,0.26310,3969783
2024-08-14T11:00:00Z,0.26300,0.26390,0.26150,0.26300,3748263
2024-08-14T12:00:00Z,0.26300,0.26740,0.26190,0.26390,15848000
2024-08-14T13:00:00Z,0.26380,0.26470,0.25620,0.25700,12886177
2024-08-14T14:00:00Z,0.25690,0.25780,0.25250,0.25710,10298951
2024-08-14T15:00:00Z,0.25720,0.26000,0.25540,0.25850,5670922
2024-08-14T16:00:00Z,0.25850,0.25850,0.25460,0.25590,4740862
2024-08-14T17:00:00Z,0.25590,0.25680,0.25510,0.25620,1706171
2024-08-14T18:00:00Z,0.25610,0.25730,0.25430,0.25480,2417258
2024-08-14T19:00:00Z,0.25480,0.25510,0.25360,0.25490,1744701
2024-08-14T20:00:00Z,0.25490,0.25580,0.25420,0.25480,1237490
2024-08-14T21:00:00Z,0.25480,0.25550,0.25430,0.25430,1102907
2024-08-14T22:00:00Z,0.25440,0.25620,0.25260,0.25580,3181781
2024-08-14T23:00:00Z,0.25580,0.25630,0.25480,0.25530,1885997
2024-08-15T00:00:00Z,0.25520,0.25700,0.25480,0.25630,3229332
2024-08-15T01:00:00Z,0.25630,0.25680,0.25380,0.25460,3363896
2024-08-15T02:00:00Z,0.25460,0.25660,0.25400,0.25530,3053596
2024-08-15T03:00:00Z,0.25540,0.25630,0.25530,0.25570,1317864
2024-08-15T04:00:00Z,0.25570,0.25710,0.25460,0.25670,2029212
2024-08-15T05:00:00Z,0.25670,0.25700,0.25440,0.25480,2378604
2024-08-15T06:00:00Z,0.25480,0.25610,0.25380,0.25460,3136075
2024-08-15T07:00:00Z,0.25460,0.25580,0.25330,0.25540,3350157
2024-08-15T08:00:00Z,0.25550,0.25870,0.25490,0.25860,4015293
2024-08-15T09:00:00Z,0.25860,0.25980,0.25630,0.25680,5353369
2024-08-15T10:00:00Z,0.25670,0.25690,0.25510,0.25550,2370540
2024-08-15T11:00:00Z,0.25540,0.25840,0.25520,0.25770,2353680
2024-08-15T12:00:00Z,0.25760,0.26150,0.25730,0.25890,6548452
2024-08-15T13:00:00Z,0.25880,0.26130,0.25750,0.26100,5042674
2024-08-15T14:00:00Z,0.26100,0.26220,0.25960,0.26020,4171734
2024-08-15T15:00:00Z,0.26030,0.26100,0.25860,0.25900,3227942
2024-08-15T16:00:00Z,0.25900,0.26030,0.25660,0.25770,3534413
2024-08-15T17:00:00Z,0.25760,0.25790,0.25090,0.25150,6359210
2024-08-15T18:00:00Z,0.25160,0.25170,0.24530,0.24710,15663559
2024-08-15T19:00:00Z,0.24700,0.24790,0.24460,0.24670,8574109
2024-08-15T20:00:00Z,0.24660,0.24670,0.24410,0.24590,4444686
2024-08-15T21:00:00Z,0.24590,0.24640,0.24390,0.24630,4187418
2024-08-15T22:00:00Z,0.24640,0.24860,0.24480,0.24730,3675304
2024-08-15T23:00:00Z,0.24720,0.24850,0.24680,0.24720,2572201
2024-08-16T00:00:00Z,0.24720,0.24840,0.24660,0.24760,3601115
2024-08-16T01:00:00Z,0.24770,0.24860,0.24530,0.24640,2119615
2024-08-16T02:00:00Z,0.24640,0.25020,0.24520,0.24760,3788236
2024-08-16T03:00:00Z,0.24760,0.24800,0.24640,0.24670,2805188
2024-08-16T04:00:00Z,0.24680,0.24860,0.24590,0.24850,3221534
2024-08-16T05:00:00Z,0.24860,0.24930,0.24790,0.24870,1758438
2024-08-16T06:00:00Z,0.24860,0.25080,0.24820,0.25040,3072768
2024-08-16T07:00:00Z,0.25040,0.25050,0.24890,0.25010,1915707
2024-08-16T08:00:00Z,0.25020,0.25100,0.24920,0.24950,2789882
2024-08-16T09:00:00Z,0.24950,0.24970,0.24840,0.24960,2215551
2024-08-16T10:00:00Z,0.24970,0.25000,0.24830,0.24950,1857555
2024-08-16T11:00:00Z,0.24940,0.25000,0.24790,0.24850,1578800
2024-08-16T12:00:00Z,0.24840,0.24920,0.24180,0.24430,8680695
2024-08-16T13:00:00Z,0.24440,0.25040,0.24370,0.24720,9635791
2024-08-16T14:00:00Z,0.24710,0.24800,0.24330,0.24420,7358771
2024-08-16T15:00:00Z,0.24420,0.24540,0.24110,0.24350,5279411
2024-08-16T16:00:00Z,0.24340,0.24800,0.24260,0.24570,7152639
2024-08-16T17:00:00Z,0.24580,0.24870,0.24270,0.24800,7535280
2024-08-16T18:00:00Z,0.24800,0.24990,0.24700,0.24890,5554323
2024-08-16T19:00:00Z,0.24890,0.24990,0.24820,0.24910,3077912
2024-08-16T20:00:00Z,0.24910,0.25070,0.24890,0.24910,2834298
2024-08-16T21:00:00Z,0.24910,0.25040,0.24860,0.24930,2121781
2024-08-16T22:00:00Z,0.24930,0.25000,0.24870,0.24890,1104384
2024-08-16T23:00:00Z,0.24890,0.24960,0.24830,0.24850,1737797
2024-08-17T00:00:00Z,0.24860,0.24920,0.24740,0.24890,3584213
2024-08-17T01:00:00Z,0.24890,0.24980,0.24840,0.24860,2610040
2024-08-17T02:00:00Z,0.24860,0.24960,0.24840,0.24880,1508410
2024-08-17T03:00:00Z,0.24890,0.24920,0.24730,0.24840,1827997
2024-08-17T04:00:00Z,0.24840,0.24950,0.24820,0.24920,1604505
2024-08-17T05:00:00Z,0.24920,0.24960,0.24860,0.24930,988910
2024-08-17T06:00:00Z,0.24920,0.24950,0.24810,0.24810,1074609
2024-08-17T07:00:00Z,0.24810,0.24890,0.24760,0.24860,1014653
2024-08-17T08:00:00Z,0.24870,0.24880,0.24760,0.24840,1809410
2024-08-17T09:00:00Z,0.24840,0.24940,0.24780,0.24890,1167652
2024-08-17T10:00:00Z,0.24900,0.24910,0.24740,0.24760,1397731
2024-08-17T11:00:00Z,0.24750,0.24820,0.24700,0.24740,2037165
2024-08-17T12:00:00Z,0.24740,0.24950,0.24710,0.24930,1922181
2024-08-17T13:00:00Z,0.24930,0.25090,0.24880,0.24900,3075914
2024-08-17T14:00:00Z,0.24900,0.25000,0.24670,0.24800,4555651
2024-08-17T15:00:00Z,0.24810,0.24950,0.24770,0.24810,2844730
2024-08-17T16:00:00Z,0.24800,0.24950,0.24780,0.24930,3066248
2024-08-17T17:00:00Z,0.24940,0.25020,0.24830,0.24840,1574427
2024-08-17T18:00:00Z,0.24840,0.24880,0.24800,0.24840,1811056
2024-08-17T19:00:00Z,0.24830,0.24950,0.24800,0.24950,1268241
2024-08-17T20:00:00Z,0.24950,0.24980,0.24880,0.24930,970079
2024-08-17T21:00:00Z,0.24940,0.25000,0.24880,0.25000,896964
2024-08-17T22:00:00Z,0.25000,0.25070,0.24970,0.24990,1900847
2024-08-17T23:00:00Z,0.25000,0.25240,0.24950,0.25230,3605704
2024-08-18T00:00:00Z,0.25240,0.25240,0.25010,0.25060,3758558
2024-08-18T01:00:00Z,0.25060,0.25080,0.24910,0.24980,2831621
2024-08-18T02:00:00Z,0.24970,0.25110,0.24880,0.25100,2841999
2024-08-18T03:00:00Z,0.25090,0.25130,0.24960,0.24980,2834862
2024-08-18T04:00:00Z,0.24970,0.24980,0.24750,0.24850,2343934
2024-08-18T05:00:00Z,0.24860,0.25010,0.24850,0.24930,1285566
2024-08-18T06:00:00Z,0.24930,0.25030,0.24910,0.24990,954284
2024-08-18T07:00:00Z,0.25000,0.25070,0.24950,0.24990,1150271
2024-08-18T08:00:00Z,0.25000,0.25050,0.24940,0.24990,1389434
2024-08-18T09:00:00Z,0.25000,0.25110,0.24880,0.25000,4318246
2024-08-18T10:00:00Z,0.25000,0.25450,0.24990,0.25450,9171620
2024-08-18T11:00:00Z,0.25460,0.25590,0.25310,0.25500,7036499
2024-08-18T12:00:00Z,0.25500,0.26110,0.25490,0.26020,9852945
2024-08-18T13:00:00Z,0.26020,0.26120,0.25720,0.25760,6031419
2024-08-18T14:00:00Z,0.25760,0.26210,0.25720,0.26060,9417673
2024-08-18T15:00:00Z,0.26070,0.26090,0.25670,0.25840,9247060
2024-08-18T16:00:00Z,0.25830,0.25980,0.25830,0.25870,2967677
2024-08-18T17:00:00Z,0.25860,0.25900,0.25690,0.25740,2321387
2024-08-18T18:00:00Z,0.25750,0.25810,0.25710,0.25810,1581106
2024-08-18T19:00:00Z,0.25810,0.25930,0.25770,0.25910,1542891
2024-08-18T20:00:00Z,0.25920,0.25950,0.25840,0.25860,1124712
2024-08-18T21:00:00Z,0.25870,0.25980,0.25740,0.25800,1661482
2024-08-18T22:00:00Z,0.25810,0.25980,0.25810,0.25820,2388722
2024-08-18T23:00:00Z,0.25830,0.25870,0.25440,0.25510,5546307
2024-08-19T00:00:00Z,0.25510,0.25520,0.25110,0.25110,8308704
2024-08-19T01:00:00Z,0.25110,0.25480,0.25060,0.25400,4690656
2024-08-19T02:00:00Z,0.25400,0.25520,0.25330,0.25500,2320579
2024-08-19T03:00:00Z,0.25490,0.25540,0.25370,0.25420,1955078
2024-08-19T04:00:00Z,0.25420,0.25470,0.25270,0.25380,1746891
2024-08-19T05:00:00Z,0.25370,0.25380,0.25200,0.25340,2147627
2024-08-19T06:00:00Z,0.25340,0.25670,0.25200,0.25650,3850277
2024-08-19T07:00:00Z,0.25650,0.25760,0.25490,0.25520,2824267
2024-08-19T08:00:00Z,0.25510,0.25710,0.25500,0.25670,1633518
2024-08-19T09:00:00Z,0.25670,0.25830,0.25310,0.25350,4127003
2024-08-19T10:00:00Z,0.25340,0.25520,0.25190,0.25320,4106498
2024-08-19T11:00:00Z,0.25310,0.25640,0.25270,0.25600,2734640
2024-08-19T12:00:00Z,0.25610,0.25690,0.25420,0.25460,2609016
2024-08-19T13:00:00Z,0.25470,0.25800,0.25410,0.25450,3684086
2024-08-19T14:00:00Z,0.25450,0.25520,0.25280,0.25490,4934126
2024-08-19T15:00:00Z,0.25500,0.25660,0.25460,0.25570,2039092
2024-08-19T16:00:00Z,0.25560,0.25630,0.25400,0.25520,2910444
2024-08-19T17:00:00Z,0.25520,0.25980,0.25480,0.25720,4663560
2024-08-19T18:00:00Z,0.25730,0.25880,0.25590,0.25780,1969648
2024-08-19T19:00:00Z,0.25790,0.25920,0.25750,0.25850,2000596
2024-08-19T20:00:00Z,0.25860,0.26100,0.25860,0.26010,1583678
2024-08-19T21:00:00Z,0.26020,0.26020,0.25910,0.25930,1171290
2024-08-19T22:00:00Z,0.25940,0.25980,0.25820,0.25860,1721573
2024-08-19T23:00:00Z,0.25870,0.26000,0.25800,0.25980,1530235
2024-08-20T00:00:00Z,0.25980,0.26430,0.25850,0.26210,5590225
2024-08-20T01:00:00Z,0.26210,0.26380,0.26130,0.26200,3393256
2024-08-20T02:00:00Z,0.26210,0.26290,0.26140,0.26280,1155479
2024-08-20T03:00:00Z,0.26280,0.26370,0.26220,0.26370,1569411
2024-08-20T04:00:00Z,0.26360,0.26420,0.26260,0.26380,2388779
2024-08-20T05:00:00Z,0.26380,0.26590,0.26370,0.26480,2046126
2024-08-20T06:00:00Z,0.26480,0.26500,0.26310,0.26440,1963693
2024-08-20T07:00:00Z,0.26440,0.26480,0.26320,0.26450,1527414
2024-08-20T08:00:00Z,0.26450,0.26480,0.26320,0.26440,1824335
2024-08-20T09:00:00Z,0.26440,0.26560,0.26400,0.26520,2105102
2024-08-20T10:00:00Z,0.26530,0.26550,0.26390,0.26410,1489464
2024-08-20T11:00:00Z,0.26420,0.26460,0.26270,0.26340,1743105
2024-08-20T12:00:00Z,0.26330,0.26470,0.26320,0.26430,2477565
2024-08-20T13:00:00Z,0.26440,0.26570,0.26290,0.26520,2678296
2024-08-20T14:00:00Z,0.26530,0.26560,0.25950,0.25980,5612590
2024-08-20T15:00:00Z,0.25980,0.25980,0.25580,0.25780,6757241
2024-08-20T16:00:00Z,0.25780,0.25960,0.25660,0.25870,3180516
2024-08-20T17:00:00Z,0.25860,0.26020,0.25820,0.25980,2043618
2024-08-20T18:00:00Z,0.25980,0.26110,0.25920,0.26000,2130651
2024-08-20T19:00:00Z,0.26000,0.26230,0.25960,0.26180,1683750
2024-08-20T20:00:00Z,0.26190,0.26390,0.26160,0.26190,2459642
2024-08-20T21:00:00Z,0.26190,0.26200,0.26000,0.26110,1488638
2024-08-20T22:00:00Z,0.26100,0.26250,0.26090,0.26230,2167675
2024-08-20T23:00:00Z,0.26210,0.26260,0.26080,0.26120,1663815
2024-08-21T00:00:00Z,0.26120,0.26270,0.26050,0.26060,2169119
2024-08-21T01:00:00Z,0.26060,0.26190,0.25990,0.26160,3396232
2024-08-21T02:00:00Z,0.26170,0.26400,0.26170,0.26380,2049032
2024-08-21T03:00:00Z,0.26370,0.26450,0.26180,0.26230,2240453
2024-08-21T04:00:00Z,0.26230,0.26300,0.26220,0.26280,1393921
2024-08-21T05:00:00Z,0.26290,0.26330,0.26220,0.26300,954401
2024-08-21T06:00:00Z,0.26300,0.26440,0.26280,0.26360,1500963
2024-08-21T07:00:00Z,0.26370,0.26520,0.26360,0.26500,1645097
2024-08-21T08:00:00Z,0.26510,0.26550,0.26250,0.26290,2585716
2024-08-21T09:00:00Z,0.26290,0.26290,0.26080,0.26190,2598438
2024-08-21T10:00:00Z,0.26200,0.26300,0.26150,0.26290,1355859
2024-08-21T11:00:00Z,0.26280,0.26310,0.26150,0.26230,1701434
2024-08-21T12:00:00Z,0.26230,0.26290,0.26110,0.26200,1484613
2024-08-21T13:00:00Z,0.26190,0.26410,0.25870,0.26380,5184863
2024-08-21T14:00:00Z,0.26390,0.26600,0.26160,0.26260,7675400
2024-08-21T15:00:00Z,0.26250,0.26470,0.26190,0.26370,2381616
2024-08-21T16:00:00Z,0.26370,0.26650,0.26240,0.26640,5282412
2024-08-21T17:00:00Z,0.26650,0.26910,0.26550,0.26850,6473516
2024-08-21T18:00:00Z,0.26860,0.27270,0.26850,0.27250,7072173
2024-08-21T19:00:00Z,0.27260,0.27410,0.27130,0.27410,4189893
2024-08-21T20:00:00Z,0.27400,0.27730,0.27400,0.27490,6117253
2024-08-21T21:00:00Z,0.27490,0.27540,0.27350,0.27460,2858414
2024-08-21T22:00:00Z,0.27470,0.27540,0.27460,0.27500,1682341
2024-08-21T23:00:00Z,0.27500,0.27530,0.27310,0.27400,2199810
2024-08-22T00:00:00Z,0.27410,0.27410,0.27230,0.27250,3124861
2024-08-22T01:00:00Z,0.27250,0.27330,0.27180,0.27320,1957673
2024-08-22T02:00:00Z,0.27310,0.27320,0.26800,0.27050,5493894
2024-08-22T03:00:00Z,0.27060,0.27180,0.26940,0.27170,2232586
2024-08-22T04:00:00Z,0.27170,0.27260,0.27110,0.27230,1736735
2024-08-22T05:00:00Z,0.27230,0.27240,0.27100,0.27200,1667260
2024-08-22T06:00:00Z,0.27190,0.27260,0.27070,0.27150,1257933
2024-08-22T07:00:00Z,0.27150,0.27340,0.27130,0.27300,1894957
2024-08-22T08:00:00Z,0.27290,0.27370,0.27200,0.27300,1483243
2024-08-22T09:00:00Z,0.27300,0.27370,0.27200,0.27330,4661381
2024-08-22T10:00:00Z,0.27330,0.27720,0.27320,0.27710,5246635
2024-08-22T11:00:00Z,0.27710,0.27720,0.27540,0.27640,4736540
2024-08-22T12:00:00Z,0.27640,0.27650,0.27480,0.27580,2050883
2024-08-22T13:00:00Z,0.27580,0.27700,0.27490,0.27640,3606598
2024-08-22T14:00:00Z,0.27640,0.27640,0.27350,0.27480,3573635
2024-08-22T15:00:00Z,0.27470,0.27770,0.27470,0.27590,5947982
2024-08-22T16:00:00Z,0.27600,0.27720,0.27480,0.27480,3491003
2024-08-22T17:00:00Z,0.27490,0.27610,0.27400,0.27410,1751910
2024-08-22T18:00:00Z,0.27420,0.27730,0.27410,0.27580,1433473
2024-08-22T19:00:00Z,0.27580,0.27660,0.27480,0.27530,1366469
2024-08-22T20:00:00Z,0.27540,0.27710,0.27540,0.27700,1855663
2024-08-22T21:00:00Z,0.27700,0.27710,0.27600,0.27610,1135429
2024-08-22T22:00:00Z,0.27600,0.27650,0.27530,0.27570,2086938
2024-08-22T23:00:00Z,0.27580,0.27610,0.27510,0.27570,1155727
2024-08-23T00:00:00Z,0.27580,0.28000,0.27560,0.27760,4973071
2024-08-23T01:00:00Z,0.27760,0.27810,0.27610,0.27710,2322959
2024-08-23T02:00:00Z,0.27700,0.28220,0.27690,0.28020,9694018
2024-08-23T03:00:00Z,0.28010,0.28090,0.27880,0.27910,6172380
2024-08-23T04:00:00Z,0.27920,0.28040,0.27870,0.27960,2403352
2024-08-23T05:00:00Z,0.27960,0.28270,0.27940,0.28250,3277914
2024-08-23T06:00:00Z,0.28250,0.28410,0.28070,0.28330,3243497
2024-08-23T07:00:00Z,0.28340,0.28560,0.28320,0.28540,3457358
2024-08-23T08:00:00Z,0.28550,0.28690,0.28430,0.28470,4724340
2024-08-23T09:00:00Z,0.28460,0.28530,0.28300,0.28410,2606277
2024-08-23T10:00:00Z,0.28410,0.28490,0.28390,0.28460,1106697
2024-08-23T11:00:00Z,0.28460,0.28480,0.28250,0.28280,2923155
2024-08-23T12:00:00Z,0.28280,0.28630,0.28260,0.28580,3062770
2024-08-23T13:00:00Z,0.28590,0.28610,0.28370,0.28460,2468667
2024-08-23T14:00:00Z,0.28470,0.28980,0.28230,0.28470,16386996
2024-08-23T15:00:00Z,0.28470,0.28920,0.28410,0.28880,5356778
2024-08-23T16:00:00Z,0.28880,0.29210,0.28840,0.29200,4950382
2024-08-23T17:00:00Z,0.29210,0.29610,0.29130,0.29580,5180852
2024-08-23T18:00:00Z,0.29580,0.29860,0.29450,0.29730,8873028
2024-08-23T19:00:00Z,0.29730,0.29950,0.29620,0.29830,4930413
2024-08-23T20:00:00Z,0.29830,0.30170,0.29820,0.30000,6715838
2024-08-23T21:00:00Z,0.29990,0.30210,0.29890,0.30090,2679464
2024-08-23T22:00:00Z,0.30100,0.30230,0.29880,0.29980,4618633
2024-08-23T23:00:00Z,0.29990,0.30110,0.29900,0.30000,2560332
2024-08-24T00:00:00Z,0.30000,0.30170,0.29870,0.30060,4800861
2024-08-24T01:00:00Z,0.30050,0.30080,0.29660,0.29800,5092937
2024-08-24T02:00:00Z,0.29810,0.29890,0.29770,0.29830,1740117
2024-08-24T03:00:00Z,0.29820,0.29850,0.29700,0.29770,2834047
2024-08-24T04:00:00Z,0.29770,0.29880,0.29680,0.29680,1298650
2024-08-24T05:00:00Z,0.29680,0.29790,0.29620,0.29770,2001636
2024-08-24T06:00:00Z,0.29760,0.29800,0.29620,0.29630,2080455
2024-08-24T07:00:00Z,0.29630,0.29760,0.29620,0.29680,1650919
2024-08-24T08:00:00Z,0.29670,0.29860,0.29620,0.29860,1933508
2024-08-24T09:00:00Z,0.29850,0.30090,0.29730,0.30070,3073193
2024-08-24T10:00:00Z,0.30070,0.30560,0.30020,0.30230,7653879
2024-08-24T11:00:00Z,0.30230,0.30530,0.30170,0.30250,4539216
2024-08-24T12:00:00Z,0.30250,0.30540,0.30140,0.30310,5793425
2024-08-24T13:00:00Z,0.30310,0.30540,0.30250,0.30460,1899091
2024-08-24T14:00:00Z,0.30460,0.30610,0.30310,0.30530,3048293
2024-08-24T15:00:00Z,0.30540,0.30580,0.30300,0.30350,2754619
2024-08-24T16:00:00Z,0.30350,0.30810,0.30320,0.30780,5450553
2024-08-24T17:00:00Z,0.30770,0.30920,0.30580,0.30650,4368547
2024-08-24T18:00:00Z,0.30650,0.30850,0.30550,0.30720,2524987
2024-08-24T19:00:00Z,0.30720,0.30840,0.30660,0.30690,1186916
2024-08-24T20:00:00Z,0.30680,0.30750,0.30500,0.30520,1326041
2024-08-24T21:00:00Z,0.30520,0.30520,0.29770,0.29880,8746480
2024-08-24T22:00:00Z,0.29870,0.30220,0.29860,0.30160,7466843
2024-08-24T23:00:00Z,0.30140,0.30350,0.30140,0.30320,2087801
2024-08-25T00:00:00Z,0.30320,0.30360,0.29810,0.29840,3363897
2024-08-25T01:00:00Z,0.29840,0.30070,0.29370,0.29610,5970414
2024-08-25T02:00:00Z,0.29610,0.30000,0.29600,0.29920,2738088
2024-08-25T03:00:00Z,0.29930,0.29950,0.29570,0.29720,13546525
2024-08-25T04:00:00Z,0.29730,0.29840,0.29420,0.29820,4252170
2024-08-25T05:00:00Z,0.29820,0.29900,0.29710,0.29800,2016710
2024-08-25T06:00:00Z,0.29790,0.29850,0.29520,0.29600,2042549
2024-08-25T07:00:00Z,0.29600,0.29600,0.28900,0.29070,8116591
2024-08-25T08:00:00Z,0.29080,0.29380,0.28890,0.29250,5540173
2024-08-25T09:00:00Z,0.29250,0.29330,0.29150,0.29290,2877604
2024-08-25T10:00:00Z,0.29290,0.29350,0.29120,0.29230,1674822
2024-08-25T11:00:00Z,0.29220,0.29500,0.29220,0.29350,3544906
2024-08-25T12:00:00Z,0.29340,0.29550,0.29340,0.29520,4242669
2024-08-25T13:00:00Z,0.29520,0.29690,0.29440,0.29470,5145708
2024-08-25T14:00:00Z,0.29460,0.29650,0.29390,0.29560,2148059
2024-08-25T15:00:00Z,0.29560,0.29840,0.29540,0.29600,3613968
2024-08-25T16:00:00Z,0.29610,0.29860,0.29340,0.29430,3356801
2024-08-25T17:00:00Z,0.29420,0.29570,0.29370,0.29500,1790778
2024-08-25T18:00:00Z,0.29510,0.29580,0.29400,0.29450,1331953
2024-08-25T19:00:00Z,0.29460,0.29520,0.29400,0.29460,1335592
2024-08-25T20:00:00Z,0.29470,0.29580,0.29410,0.29500,1675163
2024-08-25T21:00:00Z,0.29520,0.29830,0.29510,0.29760,2543547
2024-08-25T22:00:00Z,0.29760,0.29880,0.29620,0.29710,2845509
2024-08-25T23:00:00Z,0.29700,0.29800,0.29340,0.29410,3165828
2024-08-26T00:00:00Z,0.29410,0.29770,0.29360,0.29480,4677529
2024-08-26T01:00:00Z,0.29480,0.29500,0.29160,0.29200,3103293
2024-08-26T02:00:00Z,0.29200,0.29250,0.28910,0.29220,3657483
2024-08-26T03:00:00Z,0.29220,0.29300,0.29100,0.29280,2827002
2024-08-26T04:00:00Z,0.29280,0.29390,0.29220,0.29300,2962862
2024-08-26T05:00:00Z,0.29310,0.29310,0.29110,0.29140,1723908
2024-08-26T06:00:00Z,0.29150,0.29200,0.28910,0.29020,3278038
2024-08-26T07:00:00Z,0.29020,0.29090,0.28830,0.28990,2707966
2024-08-26T08:00:00Z,0.29000,0.29210,0.28990,0.29100,2316591
2024-08-26T09:00:00Z,0.29110,0.29310,0.28780,0.29300,5145286
2024-08-26T10:00:00Z,0.29310,0.29320,0.28980,0.28990,2409493
2024-08-26T11:00:00Z,0.29000,0.29170,0.28940,0.28950,2266783
2024-08-26T12:00:00Z,0.28960,0.29040,0.28430,0.28570,7355119
2024-08-26T13:00:00Z,0.28570,0.28790,0.28430,0.28660,5201419
2024-08-26T14:00:00Z,0.28660,0.28790,0.28300,0.28620,5988916
2024-08-26T15:00:00Z,0.28610,0.28610,0.28220,0.28430,5570366
2024-08-26T16:00:00Z,0.28420,0.28600,0.28300,0.28430,2896275
2024-08-26T17:00:00Z,0.28420,0.28490,0.27850,0.27920,6664567
2024-08-26T18:00:00Z,0.27920,0.28210,0.27650,0.28090,6652619
2024-08-26T19:00:00Z,0.28080,0.28160,0.27870,0.27950,2153220
2024-08-26T20:00:00Z,0.27960,0.28150,0.27830,0.28080,1977039
2024-08-26T21:00:00Z,0.28070,0.28080,0.27690,0.27950,2356727
2024-08-26T22:00:00Z,0.27940,0.28030,0.27870,0.28000,1505846
2024-08-26T23:00:00Z,0.27990,0.28080,0.27800,0.27840,1607088
2024-08-27T00:00:00Z,0.27830,0.28140,0.27760,0.27970,4309471
2024-08-27T01:00:00Z,0.27960,0.28240,0.27930,0.28060,2502077
2024-08-27T02:00:00Z,0.28060,0.28240,0.27960,0.27960,2773147
2024-08-27T03:00:00Z,0.27970,0.28110,0.27900,0.28090,1772387
2024-08-27T04:00:00Z,0.28100,0.28220,0.28010,0.28160,1814137
2024-08-27T05:00:00Z,0.28160,0.28400,0.28130,0.28390,1981258
2024-08-27T06:00:00Z,0.28390,0.28430,0.28130,0.28170,2960318
2024-08-27T07:00:00Z,0.28160,0.28320,0.28140,0.28200,1785211
2024-08-27T08:00:00Z,0.28210,0.28300,0.27830,0.28000,3421364
2024-08-27T09:00:00Z,0.28010,0.28090,0.27680,0.27800,2927802
2024-08-27T10:00:00Z,0.27790,0.27790,0.27350,0.27430,7180976
2024-08-27T11:00:00Z,0.27430,0.27650,0.27320,0.27510,4042359
2024-08-27T12:00:00Z,0.27510,0.27580,0.27300,0.27570,3518189
2024-08-27T13:00:00Z,0.27570,0.27580,0.27360,0.27460,3645781
2024-08-27T14:00:00Z,0.27470,0.27770,0.27200,0.27530,6217195
2024-08-27T15:00:00Z,0.27520,0.27640,0.27360,0.27470,2167519
2024-08-27T16:00:00Z,0.27470,0.27670,0.27290,0.27380,3404783
2024-08-27T17:00:00Z,0.27380,0.27590,0.27330,0.27550,1840354
2024-08-27T18:00:00Z,0.27550,0.27740,0.27480,0.27740,2216949
2024-08-27T19:00:00Z,0.27740,0.27760,0.27500,0.27570,1351786
2024-08-27T20:00:00Z,0.27570,0.27580,0.27280,0.27290,1981606
2024-08-27T21:00:00Z,0.27300,0.27330,0.26000,0.26420,16590148
2024-08-27T22:00:00Z,0.26410,0.26440,0.25350,0.26000,20446853
2024-08-27T23:00:00Z,0.25990,0.26090,0.25840,0.25930,4849064
2024-08-28T00:00:00Z,0.25940,0.25950,0.25620,0.25710,6124943
2024-08-28T01:00:00Z,0.25720,0.25820,0.25470,0.25770,3921632
2024-08-28T02:00:00Z,0.25780,0.25780,0.25510,0.25730,3452350
2024-08-28T03:00:00Z,0.25730,0.25920,0.25700,0.25870,3023000
2024-08-28T04:00:00Z,0.25870,0.25930,0.25750,0.25770,2005925
2024-08-28T05:00:00Z,0.25760,0.25900,0.25740,0.25810,1668207
2024-08-28T06:00:00Z,0.25800,0.25800,0.25700,0.25730,1953347
2024-08-28T07:00:00Z,0.25730,0.25800,0.25360,0.25390,9005371
2024-08-28T08:00:00Z,0.25380,0.25790,0.25140,0.25630,4872147
2024-08-28T09:00:00Z,0.25640,0.26420,0.25540,0.26410,5071764
2024-08-28T10:00:00Z,0.26410,0.26410,0.26120,0.26160,4589994
2024-08-28T11:00:00Z,0.26150,0.26340,0.26080,0.26180,2340763
2024-08-28T12:00:00Z,0.26180,0.26370,0.26150,0.26230,2786843
2024-08-28T13:00:00Z,0.26220,0.26280,0.25760,0.25810,3290184
2024-08-28T14:00:00Z,0.25810,0.26270,0.25760,0.25950,6358904
2024-08-28T15:00:00Z,0.25950,0.25950,0.25350,0.25590,6870406
2024-08-28T16:00:00Z,0.25600,0.25600,0.24690,0.25470,14733828
2024-08-28T17:00:00Z,0.25470,0.25550,0.25010,0.25020,5591292
2024-08-28T18:00:00Z,0.25030,0.25630,0.24950,0.25610,3385047
2024-08-28T19:00:00Z,0.25620,0.25810,0.25320,0.25360,4516493
2024-08-28T20:00:00Z,0.25370,0.25880,0.25290,0.25550,5758172
2024-08-28T21:00:00Z,0.25550,0.25680,0.25400,0.25400,1616216
2024-08-28T22:00:00Z,0.25400,0.25460,0.25060,0.25320,3088696
2024-08-28T23:00:00Z,0.25320,0.25490,0.25260,0.25380,1359088
2024-08-29T00:00:00Z,0.25380,0.25620,0.25330,0.25580,2128342
2024-08-29T01:00:00Z,0.25570,0.25700,0.25380,0.25470,5053148
2024-08-29T02:00:00Z,0.25460,0.25520,0.25370,0.25470,4421451
2024-08-29T03:00:00Z,0.25470,0.25550,0.25330,0.25410,4474626
2024-08-29T04:00:00Z,0.25410,0.25450,0.25270,0.25350,1734005
2024-08-29T05:00:00Z,0.25340,0.25610,0.25310,0.25600,2334951
2024-08-29T06:00:00Z,0.25600,0.25730,0.25460,0.25620,3260537
2024-08-29T07:00:00Z,0.25610,0.25720,0.25550,0.25560,1570177
2024-08-29T08:00:00Z,0.25560,0.25600,0.25430,0.25540,2141953
2024-08-29T09:00:00Z,0.25540,0.25700,0.25520,0.25540,1281017
2024-08-29T10:00:00Z,0.25530,0.25690,0.25510,0.25570,2024093
2024-08-29T11:00:00Z,0.25570,0.26040,0.25520,0.25750,4827042
2024-08-29T12:00:00Z,0.25760,0.25890,0.25700,0.25760,3112261
2024-08-29T13:00:00Z,0.25750,0.25920,0.25700,0.25920,3968978
2024-08-29T14:00:00Z,0.25930,0.26050,0.25820,0.25900,2941749
2024-08-29T15:00:00Z,0.25910,0.26240,0.25900,0.26090,3119418
2024-08-29T16:00:00Z,0.26080,0.26170,0.25760,0.25800,3093413
2024-08-29T17:00:00Z,0.25800,0.25900,0.25680,0.25850,1959728
2024-08-29T18:00:00Z,0.25850,0.25850,0.24970,0.25010,7371113
2024-08-29T19:00:00Z,0.25010,0.25330,0.24850,0.25180,5394867
2024-08-29T20:00:00Z,0.25180,0.25310,0.25070,0.25250,2114592
2024-08-29T21:00:00Z,0.25250,0.25300,0.25120,0.25160,1980462
2024-08-29T22:00:00Z,0.25170,0.25250,0.24910,0.25170,2759168
2024-08-29T23:00:00Z,0.25170,0.25270,0.25120,0.25230,1762706
2024-08-30T00:00:00Z,0.25220,0.25420,0.25070,0.25270,2926834
2024-08-30T01:00:00Z,0.25270,0.25330,0.25080,0.25220,1603442
2024-08-30T02:00:00Z,0.25220,0.25270,0.25070,0.25230,1961045
2024-08-30T03:00:00Z,0.25230,0.25230,0.25080,0.25150,1473646
2024-08-30T04:00:00Z,0.25150,0.25330,0.25140,0.25260,1341068
2024-08-30T05:00:00Z,0.25270,0.25450,0.25110,0.25310,2787648
2024-08-30T06:00:00Z,0.25320,0.25610,0.25260,0.25610,2479130
2024-08-30T07:00:00Z,0.25600,0.25830,0.25520,0.25590,3467115
2024-08-30T08:00:00Z,0.25590,0.25830,0.25580,0.25770,2315554
2024-08-30T09:00:00Z,0.25760,0.25890,0.25700,0.25870,2033607
2024-08-30T10:00:00Z,0.25870,0.25930,0.25700,0.25740,3148220
2024-08-30T11:00:00Z,0.25730,0.25810,0.25560,0.25590,2797697
2024-08-30T12:00:00Z,0.25590,0.25980,0.25570,0.25720,5219645
2024-08-30T13:00:00Z,0.25720,0.25880,0.25400,0.25740,4469076
2024-08-30T14:00:00Z,0.25750,0.25880,0.24920,0.24930,7944383
2024-08-30T15:00:00Z,0.24930,0.25090,0.24350,0.24450,12757513
2024-08-30T16:00:00Z,0.24450,0.24900,0.24270,0.24890,9026256
2024-08-30T17:00:00Z,0.24880,0.25070,0.24770,0.24960,4538078
2024-08-30T18:00:00Z,0.24960,0.25600,0.24950,0.25570,9097017
2024-08-30T19:00:00Z,0.25560,0.25570,0.25250,0.25310,4920344
2024-08-30T20:00:00Z,0.25310,0.25480,0.25240,0.25370,5276691
2024-08-30T21:00:00Z,0.25370,0.25590,0.25340,0.25520,4737580
2024-08-30T22:00:00Z,0.25530,0.25630,0.25430,0.25490,3146553
2024-08-30T23:00:00Z,0.25480,0.25550,0.25410,0.25520,2268198
2024-08-31T00:00:00Z,0.25510,0.25760,0.25440,0.25690,3314889
2024-08-31T01:00:00Z,0.25680,0.25720,0.25470,0.25540,2335193
2024-08-31T02:00:00Z,0.25550,0.25570,0.25470,0.25560,1047234
2024-08-31T03:00:00Z,0.25560,0.25700,0.25480,0.25620,1210266
2024-08-31T04:00:00Z,0.25630,0.25750,0.25620,0.25670,1774555
2024-08-31T05:00:00Z,0.25660,0.25710,0.25560,0.25570,1437326
2024-08-31T06:00:00Z,0.25570,0.25700,0.25570,0.25640,853912
2024-08-31T07:00:00Z,0.25640,0.25670,0.25550,0.25590,848734
2024-08-31T08:00:00Z,0.25590,0.25610,0.25300,0.25300,2831031
2024-08-31T09:00:00Z,0.25300,0.25460,0.25260,0.25320,2648180
2024-08-31T10:00:00Z,0.25330,0.25550,0.25320,0.25530,1914797
2024-08-31T11:00:00Z,0.25520,0.25620,0.25490,0.25500,1064692
2024-08-31T12:00:00Z,0.25510,0.25520,0.25430,0.25480,834675
2024-08-31T13:00:00Z,0.25470,0.25500,0.25230,0.25230,1986192
2024-08-31T14:00:00Z,0.25230,0.25360,0.25160,0.25300,2369984
2024-08-31T15:00:00Z,0.25300,0.25340,0.25200,0.25270,1065220
2024-08-31T16:00:00Z,0.25270,0.25280,0.25050,0.25110,1718643
2024-08-31T17:00:00Z,0.25110,0.25180,0.24890,0.25050,3130320
2024-08-31T18:00:00Z,0.25050,0.25260,0.25010,0.25070,2814203
2024-08-31T19:00:00Z,0.25060,0.25090,0.25000,0.25040,1384752
2024-08-31T20:00:00Z,0.25050,0.25170,0.24990,0.25150,1463292
2024-08-31T21:00:00Z,0.25130,0.25340,0.25110,0.25260,1201467
2024-08-31T22:00:00Z,0.25260,0.25270,0.25140,0.25150,679477
2024-08-31T23:00:00Z,0.25150,0.25190,0.25090,0.25160,530445
2024-09-01T00:00:00Z,0.25150,0.25250,0.25120,0.25130,1059766
2024-09-01T01:00:00Z,0.25120,0.25150,0.24860,0.24870,2057198
2024-09-01T02:00:00Z,0.24880,0.24920,0.24720,0.24900,2810909
2024-09-01T03:00:00Z,0.24900,0.25040,0.24850,0.25010,1433317
2024-09-01T04:00:00Z,0.25010,0.25100,0.24900,0.25030,1111796
2024-09-01T05:00:00Z,0.25030,0.25050,0.24600,0.24640,2616578
2024-09-01T06:00:00Z,0.24640,0.24930,0.24620,0.24850,2588903
2024-09-01T07:00:00Z,0.24850,0.25030,0.24800,0.25020,1764674
2024-09-01T08:00:00Z,0.25010,0.25040,0.24810,0.24860,1521364
2024-09-01T09:00:00Z,0.24850,0.24960,0.24780,0.24840,890360
2024-09-01T10:00:00Z,0.24830,0.24840,0.24640,0.24650,1583250
2024-09-01T11:00:00Z,0.24660,0.24800,0.24630,0.24800,1860446
2024-09-01T12:00:00Z,0.24800,0.24860,0.24610,0.24620,2056775
2024-09-01T13:00:00Z,0.24630,0.24740,0.24380,0.24640,4178383
2024-09-01T14:00:00Z,0.24640,0.24660,0.24130,0.24410,7074649
2024-09-01T15:00:00Z,0.24410,0.24810,0.24340,0.24720,4455628
2024-09-01T16:00:00Z,0.24730,0.24850,0.24340,0.24390,5825847
2024-09-01T17:00:00Z,0.24400,0.24510,0.24060,0.24250,4844380
2024-09-01T18:00:00Z,0.24240,0.24730,0.24180,0.24600,4230774
2024-09-01T19:00:00Z,0.24610,0.24770,0.24430,0.24610,2568567
2024-09-01T20:00:00Z,0.24620,0.24740,0.24460,0.24520,1636132
2024-09-01T21:00:00Z,0.24510,0.24520,0.24140,0.24290,2924978
2024-09-01T22:00:00Z,0.24300,0.24340,0.23410,0.23550,12709505
2024-09-01T23:00:00Z,0.23550,0.23730,0.23470,0.23520,5975478
2024-09-02T00:00:00Z,0.23510,0.23730,0.23390,0.23610,5516118
2024-09-02T01:00:00Z,0.23620,0.23720,0.23530,0.23620,3426559
2024-09-02T02:00:00Z,0.23610,0.23780,0.23490,0.23590,5810045
2024-09-02T03:00:00Z,0.23590,0.23740,0.23580,0.23670,2677306
2024-09-02T04:00:00Z,0.23670,0.23700,0.23430,0.23440,4276250
2024-09-02T05:00:00Z,0.23440,0.23870,0.23430,0.23760,3312235
2024-09-02T06:00:00Z,0.23750,0.23850,0.23700,0.23740,6574010
2024-09-02T07:00:00Z,0.23730,0.23790,0.23390,0.23520,14731379
2024-09-02T08:00:00Z,0.23520,0.24140,0.23520,0.23990,6300403
2024-09-02T09:00:00Z,0.23990,0.24300,0.23900,0.24290,7820989
2024-09-02T10:00:00Z,0.24290,0.24520,0.24210,0.24520,8507052
2024-09-02T11:00:00Z,0.24520,0.24560,0.24370,0.24400,3427627
2024-09-02T12:00:00Z,0.24400,0.24500,0.24340,0.24460,2867976
2024-09-02T13:00:00Z,0.24450,0.24550,0.24300,0.24320,3238438
2024-09-02T14:00:00Z,0.24310,0.24780,0.24180,0.24750,9418504
2024-09-02T15:00:00Z,0.24760,0.24850,0.24650,0.24710,4582864
2024-09-02T16:00:00Z,0.24710,0.24820,0.24510,0.24550,3177905
2024-09-02T17:00:00Z,0.24550,0.24910,0.24540,0.24880,3784100
2024-09-02T18:00:00Z,0.24880,0.24950,0.24750,0.24850,2947412
2024-09-02T19:00:00Z,0.24850,0.24860,0.24720,0.24790,1774327
2024-09-02T20:00:00Z,0.24800,0.25310,0.24750,0.25180,4471829
2024-09-02T21:00:00Z,0.25180,0.25360,0.25040,0.25150,3623631
2024-09-02T22:00:00Z,0.25150,0.25220,0.25040,0.25100,1647051
2024-09-02T23:00:00Z,0.25100,0.25150,0.24990,0.25010,1380688
2024-09-03T00:00:00Z,0.25020,0.25160,0.24990,0.25160,2430613
2024-09-03T01:00:00Z,0.25150,0.25280,0.25080,0.25240,1903130
2024-09-03T02:00:00Z,0.25240,0.25460,0.25190,0.25220,4306903
2024-09-03T03:00:00Z,0.25230,0.25340,0.25150,0.25170,2293514
2024-09-03T04:00:00Z,0.25170,0.25260,0.25120,0.25220,2189558
2024-09-03T05:00:00Z,0.25220,0.25360,0.25160,0.25230,2807958
2024-09-03T06:00:00Z,0.25230,0.25240,0.25080,0.25100,1824612
2024-09-03T07:00:00Z,0.25100,0.25360,0.25100,0.25330,1926661
2024-09-03T08:00:00Z,0.25330,0.25350,0.24930,0.24950,3216542
2024-09-03T09:00:00Z,0.24950,0.25070,0.24930,0.24990,1550373
2024-09-03T10:00:00Z,0.24990,0.25160,0.24970,0.25050,1639343
2024-09-03T11:00:00Z,0.25060,0.25170,0.25000,0.25160,1401423
2024-09-03T12:00:00Z,0.25160,0.25280,0.25120,0.25130,1496550
2024-09-03T13:00:00Z,0.25120,0.25240,0.24580,0.24680,6944645
2024-09-03T14:00:00Z,0.24680,0.24680,0.24310,0.24360,9805783
2024-09-03T15:00:00Z,0.24360,0.24490,0.24120,0.24170,5316985
2024-09-03T16:00:00Z,0.24170,0.24360,0.24080,0.24280,4006786
2024-09-03T17:00:00Z,0.24270,0.24540,0.24260,0.24360,2650059
2024-09-03T18:00:00Z,0.24370,0.24480,0.24260,0.24360,2915331
2024-09-03T19:00:00Z,0.24370,0.24550,0.24330,0.24460,1845601
2024-09-03T20:00:00Z,0.24460,0.24600,0.24430,0.24550,1620143
2024-09-03T21:00:00Z,0.24550,0.24570,0.24380,0.24490,2327393
2024-09-03T22:00:00Z,0.24490,0.24520,0.24380,0.24390,1917688
2024-09-03T23:00:00Z,0.24400,0.24430,0.24110,0.24150,3366670
2024-09-04T00:00:00Z,0.24160,0.24390,0.23830,0.23880,5838496
2024-09-04T01:00:00Z,0.23880,0.23970,0.22890,0.23850,26373267
2024-09-04T02:00:00Z,0.23850,0.24030,0.23800,0.23950,3782819
2024-09-04T03:00:00Z,0.23950,0.24150,0.23940,0.24100,2659019
2024-09-04T04:00:00Z,0.24100,0.24270,0.24040,0.24260,2576748
2024-09-04T05:00:00Z,0.24260,0.24260,0.23980,0.24000,3182799
2024-09-04T06:00:00Z,0.24000,0.24200,0.23970,0.24050,2348199
2024-09-04T07:00:00Z,0.24040,0.24430,0.24030,0.24330,3366560
2024-09-04T08:00:00Z,0.24330,0.24460,0.24270,0.24440,3219274
2024-09-04T09:00:00Z,0.24430,0.24520,0.24250,0.24270,2604487
2024-09-04T10:00:00Z,0.24270,0.24300,0.23960,0.23970,2243230
2024-09-04T11:00:00Z,0.23970,0.24140,0.23950,0.24000,2324147
2024-09-04T12:00:00Z,0.24000,0.24180,0.23930,0.24000,3186010
2024-09-04T13:00:00Z,0.24000,0.24160,0.23880,0.24130,3837935
2024-09-04T14:00:00Z,0.24130,0.24800,0.24010,0.24710,8424219
2024-09-04T15:00:00Z,0.24720,0.24960,0.24610,0.24950,7417407
2024-09-04T16:00:00Z,0.24950,0.25430,0.24860,0.25320,10830307
2024-09-04T17:00:00Z,0.25320,0.25350,0.25100,0.25100,6102235
2024-09-04T18:00:00Z,0.25110,0.25120,0.24870,0.24940,7372632
2024-09-04T19:00:00Z,0.24940,0.25070,0.24910,0.25030,2069833
2024-09-04T20:00:00Z,0.25040,0.25190,0.24860,0.25100,7701212
2024-09-04T21:00:00Z,0.25090,0.25240,0.25080,0.25210,1362901
2024-09-04T22:00:00Z,0.25200,0.25290,0.25080,0.25150,2203961
2024-09-04T23:00:00Z,0.25150,0.25190,0.24960,0.25000,1743747
2024-09-05T00:00:00Z,0.25000,0.25130,0.24900,0.24910,2067018
2024-09-05T01:00:00Z,0.24900,0.25120,0.24880,0.25050,1627279
2024-09-05T02:00:00Z,0.25050,0.25080,0.24810,0.24860,5873849
2024-09-05T03:00:00Z,0.24850,0.24860,0.24480,0.24600,3578083
2024-09-05T04:00:00Z,0.24590,0.24810,0.24510,0.24730,1729286
2024-09-05T05:00:00Z,0.24740,0.24800,0.24630,0.24750,1227443
2024-09-05T06:00:00Z,0.24750,0.24810,0.24470,0.24700,2104166
2024-09-05T07:00:00Z,0.24690,0.24920,0.24670,0.24870,1862222
2024-09-05T08:00:00Z,0.24870,0.24940,0.24740,0.24810,1501675
2024-09-05T09:00:00Z,0.24810,0.24810,0.24600,0.24650,1528022
2024-09-05T10:00:00Z,0.24650,0.24720,0.24550,0.24680,1157163
2024-09-05T11:00:00Z,0.24680,0.24750,0.24580,0.24620,1330876
2024-09-05T12:00:00Z,0.24620,0.24740,0.24480,0.24650,3288021
2024-09-05T13:00:00Z,0.24650,0.24940,0.24650,0.24900,3201064
2024-09-05T14:00:00Z,0.24910,0.25040,0.24520,0.24580,5384518
2024-09-05T15:00:00Z,0.24580,0.24650,0.24220,0.24360,6851946
2024-09-05T16:00:00Z,0.24370,0.24470,0.24260,0.24340,2991161
2024-09-05T17:00:00Z,0.24350,0.24540,0.24330,0.24510,1888336
2024-09-05T18:00:00Z,0.24520,0.24610,0.24480,0.24510,1934020
2024-09-05T19:00:00Z,0.24510,0.24530,0.24110,0.24250,5011101
2024-09-05T20:00:00Z,0.24250,0.24390,0.24220,0.24300,1960757
2024-09-05T21:00:00Z,0.24290,0.24310,0.24120,0.24310,2091158
2024-09-05T22:00:00Z,0.24310,0.24350,0.24130,0.24300,2634723
2024-09-05T23:00:00Z,0.24310,0.24400,0.24260,0.24360,1784911
2024-09-06T00:00:00Z,0.24350,0.24450,0.24220,0.24370,2211853
2024-09-06T01:00:00Z,0.24370,0.24600,0.24240,0.24560,2012269
2024-09-06T02:00:00Z,0.24550,0.24830,0.24510,0.24690,4208396
2024-09-06T03:00:00Z,0.24690,0.24800,0.24560,0.24570,5486900
2024-09-06T04:00:00Z,0.24570,0.24720,0.24440,0.24440,7420860
2024-09-06T05:00:00Z,0.24440,0.24530,0.24320,0.24430,3538067
2024-09-06T06:00:00Z,0.24430,0.24500,0.24370,0.24470,1326168
2024-09-06T07:00:00Z,0.24470,0.24490,0.23970,0.24170,6212084
2024-09-06T08:00:00Z,0.24170,0.24250,0.24060,0.24130,2422250
2024-09-06T09:00:00Z,0.24140,0.24270,0.24070,0.24230,1911662
2024-09-06T10:00:00Z,0.24240,0.24470,0.24220,0.24370,3121637
2024-09-06T11:00:00Z,0.24370,0.24420,0.24260,0.24320,1642633
2024-09-06T12:00:00Z,0.24310,0.24910,0.24160,0.24900,9269418
2024-09-06T13:00:00Z,0.24890,0.24940,0.24310,0.24330,8716505
2024-09-06T14:00:00Z,0.24320,0.24340,0.23890,0.24160,16580867
2024-09-06T15:00:00Z,0.24150,0.24310,0.23740,0.24140,13719137
2024-09-06T16:00:00Z,0.24150,0.24200,0.23780,0.23970,9586951
2024-09-06T17:00:00Z,0.23970,0.24110,0.23620,0.23850,7533294
2024-09-06T18:00:00Z,0.23850,0.23860,0.23440,0.23440,7055764
2024-09-06T19:00:00Z,0.23440,0.23610,0.23260,0.23370,12299782
2024-09-06T20:00:00Z,0.23370,0.23490,0.22720,0.22810,16658814
2024-09-06T21:00:00Z,0.22810,0.23310,0.22590,0.23300,9750790
2024-09-06T22:00:00Z,0.23310,0.23430,0.23220,0.23260,3286422
2024-09-06T23:00:00Z,0.23260,0.23480,0.23240,0.23470,4070051
2024-09-07T00:00:00Z,0.23460,0.23620,0.23420,0.23460,2869239
2024-09-07T01:00:00Z,0.23460,0.23500,0.23350,0.23410,1760934
2024-09-07T02:00:00Z,0.23410,0.23500,0.23360,0.23450,1673927
2024-09-07T03:00:00Z,0.23450,0.23540,0.23420,0.23440,1215938
2024-09-07T04:00:00Z,0.23440,0.23620,0.23420,0.23610,1389257
2024-09-07T05:00:00Z,0.23620,0.23850,0.23570,0.23750,3853699
2024-09-07T06:00:00Z,0.23740,0.24030,0.23710,0.24030,2323301
2024-09-07T07:00:00Z,0.24020,0.24120,0.23930,0.24050,4284884
2024-09-07T08:00:00Z,0.24050,0.24120,0.23960,0.24100,2309713
2024-09-07T09:00:00Z,0.24100,0.24110,0.23920,0.23920,1776580
2024-09-07T10:00:00Z,0.23930,0.24020,0.23930,0.23950,2037840
2024-09-07T11:00:00Z,0.23950,0.24060,0.23930,0.23980,1588010
2024-09-07T12:00:00Z,0.23980,0.24110,0.23970,0.24050,2972410
2024-09-07T13:00:00Z,0.24050,0.24160,0.24000,0.24070,2450299
2024-09-07T14:00:00Z,0.24070,0.24120,0.23970,0.24090,1608976
2024-09-07T15:00:00Z,0.24080,0.24330,0.24070,0.24190,3259671
2024-09-07T16:00:00Z,0.24200,0.24280,0.24020,0.24030,2709030
2024-09-07T17:00:00Z,0.24020,0.24050,0.23770,0.23890,3154863
2024-09-07T18:00:00Z,0.23880,0.24050,0.23810,0.24010,3002231
2024-09-07T19:00:00Z,0.24010,0.24250,0.23970,0.24190,2233252
2024-09-07T20:00:00Z,0.24180,0.24190,0.24000,0.24020,2698783
2024-09-07T21:00:00Z,0.24020,0.24060,0.23890,0.23920,2047256
2024-09-07T22:00:00Z,0.23930,0.24000,0.23820,0.23820,1777302
2024-09-07T23:00:00Z,0.23820,0.23980,0.23720,0.23940,3317981
2024-09-08T00:00:00Z,0.23940,0.24050,0.23830,0.23920,3012517
2024-09-08T01:00:00Z,0.23930,0.24100,0.23920,0.24040,1414028
2024-09-08T02:00:00Z,0.24050,0.24160,0.24030,0.24140,1348232
2024-09-08T03:00:00Z,0.24140,0.24200,0.24080,0.24190,1462575
2024-09-08T04:00:00Z,0.24190,0.24400,0.24170,0.24360,2034967
2024-09-08T05:00:00Z,0.24360,0.24400,0.24220,0.24240,1240494
2024-09-08T06:00:00Z,0.24240,0.24320,0.24200,0.24270,1457587
2024-09-08T07:00:00Z,0.24270,0.24530,0.24240,0.24510,3424062
2024-09-08T08:00:00Z,0.24510,0.24570,0.24400,0.24530,2740610
2024-09-08T09:00:00Z,0.24530,0.24670,0.24440,0.24440,3985615
2024-09-08T10:00:00Z,0.24440,0.24590,0.24440,0.24550,2423556
2024-09-08T11:00:00Z,0.24550,0.24600,0.24430,0.24460,1971799
2024-09-08T12:00:00Z,0.24460,0.24530,0.24220,0.24280,4823501
2024-09-08T13:00:00Z,0.24280,0.24350,0.24140,0.24320,2626654
2024-09-08T14:00:00Z,0.24330,0.24340,0.24180,0.24220,2437824
2024-09-08T15:00:00Z,0.24230,0.24280,0.23940,0.23960,3584562
2024-09-08T16:00:00Z,0.23960,0.24090,0.23840,0.24020,3152472
2024-09-08T17:00:00Z,0.24020,0.24290,0.24020,0.24270,3003183
2024-09-08T18:00:00Z,0.24280,0.24300,0.24170,0.24240,1425976
2024-09-08T19:00:00Z,0.24240,0.24270,0.24150,0.24170,1324533
2024-09-08T20:00:00Z,0.24170,0.24210,0.24060,0.24190,1866674
2024-09-08T21:00:00Z,0.24180,0.24400,0.24170,0.24290,1559273
2024-09-08T22:00:00Z,0.24300,0.24800,0.24250,0.24320,9425622
2024-09-08T23:00:00Z,0.24330,0.24480,0.24280,0.24440,3305067
2024-09-09T00:00:00Z,0.24440,0.24670,0.24330,0.24540,4357439
2024-09-09T01:00:00Z,0.24530,0.24670,0.24420,0.24600,2482834
2024-09-09T02:00:00Z,0.24610,0.24650,0.24410,0.24560,1515720
2024-09-09T03:00:00Z,0.24550,0.24570,0.24350,0.24510,2311520
2024-09-09T04:00:00Z,0.24520,0.24590,0.24420,0.24440,1980900
2024-09-09T05:00:00Z,0.24450,0.24510,0.24340,0.24380,2538141
2024-09-09T06:00:00Z,0.24380,0.24640,0.24370,0.24640,2441321
2024-09-09T07:00:00Z,0.24640,0.24850,0.24590,0.24820,4080111
2024-09-09T08:00:00Z,0.24810,0.25090,0.24800,0.25040,5354199
2024-09-09T09:00:00Z,0.25030,0.25160,0.24880,0.24880,3540856
2024-09-09T10:00:00Z,0.24890,0.25060,0.24860,0.24990,3025624
2024-09-09T11:00:00Z,0.25000,0.25050,0.24920,0.24990,1677907
2024-09-09T12:00:00Z,0.24990,0.25030,0.24820,0.24980,3826524
2024-09-09T13:00:00Z,0.24990,0.25160,0.24920,0.25110,4408796
2024-09-09T14:00:00Z,0.25100,0.25140,0.24720,0.24830,5192418
2024-09-09T15:00:00Z,0.24820,0.25130,0.24800,0.25080,4161482
2024-09-09T16:00:00Z,0.25090,0.25510,0.25060,0.25480,10799766
2024-09-09T17:00:00Z,0.25490,0.25630,0.25460,0.25540,6828168
2024-09-09T18:00:00Z,0.25540,0.25590,0.25420,0.25500,4250457
2024-09-09T19:00:00Z,0.25490,0.25580,0.25410,0.25560,5153633
2024-09-09T20:00:00Z,0.25560,0.25580,0.25420,0.25450,2470132
2024-09-09T21:00:00Z,0.25450,0.25790,0.25440,0.25530,5657783
2024-09-09T22:00:00Z,0.25530,0.25630,0.25360,0.25450,2356171
2024-09-09T23:00:00Z,0.25440,0.25520,0.25370,0.25410,1809241
2024-09-10T00:00:00Z,0.25410,0.25430,0.25170,0.25290,2888966
2024-09-10T01:00:00Z,0.25300,0.25340,0.25120,0.25200,3266834
2024-09-10T02:00:00Z,0.25200,0.25200,0.25040,0.25140,1400252
2024-09-10T03:00:00Z,0.25140,0.25140,0.25010,0.25020,1517078
2024-09-10T04:00:00Z,0.25020,0.25120,0.24950,0.25090,2607201
2024-09-10T05:00:00Z,0.25100,0.25310,0.25080,0.25300,2960624
2024-09-10T06:00:00Z,0.25300,0.25300,0.25120,0.25180,2428737
2024-09-10T07:00:00Z,0.25180,0.25390,0.25130,0.25340,2502494
2024-09-10T08:00:00Z,0.25320,0.25430,0.25210,0.25250,2785725
2024-09-10T09:00:00Z,0.25250,0.25370,0.25160,0.25290,7234473
2024-09-10T10:00:00Z,0.25290,0.25360,0.25190,0.25350,2499917
2024-09-10T11:00:00Z,0.25360,0.25430,0.25300,0.25400,2031010
2024-09-10T12:00:00Z,0.25390,0.25440,0.25250,0.25250,2545341
2024-09-10T13:00:00Z,0.25260,0.25270,0.25100,0.25160,6978756
2024-09-10T14:00:00Z,0.25160,0.25320,0.25060,0.25200,8220454
2024-09-10T15:00:00Z,0.25200,0.25370,0.25100,0.25100,4852289
2024-09-10T16:00:00Z,0.25090,0.25330,0.25080,0.25260,3475564
2024-09-10T17:00:00Z,0.25270,0.25500,0.25260,0.25450,5004864
2024-09-10T18:00:00Z,0.25460,0.25720,0.25450,0.25500,6318164
2024-09-10T19:00:00Z,0.25500,0.25690,0.25390,0.25660,4490593
2024-09-10T20:00:00Z,0.25660,0.25710,0.25570,0.25580,2002801
2024-09-10T21:00:00Z,0.25570,0.25610,0.25430,0.25430,1787100
2024-09-10T22:00:00Z,0.25440,0.25540,0.25410,0.25510,1926853
2024-09-10T23:00:00Z,0.25520,0.25580,0.25430,0.25440,1263035
2024-09-11T00:00:00Z,0.25450,0.25510,0.25310,0.25330,2337697
2024-09-11T01:00:00Z,0.25340,0.25390,0.24890,0.25030,5718460
2024-09-11T02:00:00Z,0.25030,0.25220,0.25020,0.25080,3779444
2024-09-11T03:00:00Z,0.25080,0.25110,0.24950,0.25000,1932890
2024-09-11T04:00:00Z,0.25000,0.25000,0.24640,0.24790,3642588
2024-09-11T05:00:00Z,0.24790,0.24800,0.24570,0.24670,3860886
2024-09-11T06:00:00Z,0.24680,0.24870,0.24630,0.24770,2359550
2024-09-11T07:00:00Z,0.24770,0.25000,0.24760,0.24980,2480046
2024-09-11T08:00:00Z,0.24970,0.24980,0.24730,0.24760,2382874
2024-09-11T09:00:00Z,0.24760,0.24950,0.24740,0.24920,2709872
2024-09-11T10:00:00Z,0.24910,0.24970,0.24790,0.24930,3650254
2024-09-11T11:00:00Z,0.24940,0.25040,0.24920,0.24940,3085377
2024-09-11T12:00:00Z,0.24950,0.25070,0.24770,0.25010,6409889
2024-09-11T13:00:00Z,0.25000,0.25300,0.24450,0.24470,14398201
2024-09-11T14:00:00Z,0.24460,0.24680,0.24360,0.24640,12280421
2024-09-11T15:00:00Z,0.24640,0.25180,0.24570,0.25030,8363647
2024-09-11T16:00:00Z,0.25020,0.25380,0.24990,0.25330,5778866
2024-09-11T17:00:00Z,0.25320,0.25550,0.25310,0.25420,5803117
2024-09-11T18:00:00Z,0.25410,0.25540,0.25320,0.25380,5422244
2024-09-11T19:00:00Z,0.25380,0.25470,0.25270,0.25420,2671662
2024-09-11T20:00:00Z,0.25420,0.25530,0.25400,0.25460,1601163
2024-09-11T21:00:00Z,0.25460,0.25530,0.25410,0.25440,1511643
2024-09-11T22:00:00Z,0.25450,0.25490,0.25380,0.25490,1071444
2024-09-11T23:00:00Z,0.25490,0.25520,0.25400,0.25420,1326539
2024-09-12T00:00:00Z,0.25420,0.25680,0.25400,0.25500,4821199
2024-09-12T01:00:00Z,0.25510,0.25780,0.25510,0.25750,2757686
2024-09-12T02:00:00Z,0.25750,0.25930,0.25620,0.25710,4520739
2024-09-12T03:00:00Z,0.25720,0.25940,0.25710,0.25840,1785756
2024-09-12T04:00:00Z,0.25840,0.26000,0.25800,0.25880,3557824
2024-09-12T05:00:00Z,0.25890,0.25920,0.25730,0.25750,2272869
2024-09-12T06:00:00Z,0.25740,0.25830,0.25680,0.25740,1435288
2024-09-12T07:00:00Z,0.25750,0.25790,0.25670,0.25710,1437737
2024-09-12T08:00:00Z,0.25710,0.25820,0.25690,0.25760,2127633
2024-09-12T09:00:00Z,0.25750,0.25780,0.25640,0.25650,1732493
2024-09-12T10:00:00Z,0.25660,0.25690,0.25560,0.25570,2304720
2024-09-12T11:00:00Z,0.25570,0.25700,0.25560,0.25660,1795760
2024-09-12T12:00:00Z,0.25660,0.25760,0.25530,0.25580,3558811
2024-09-12T13:00:00Z,0.25570,0.25790,0.25540,0.25660,4373007
2024-09-12T14:00:00Z,0.25660,0.25980,0.25500,0.25500,6588753
2024-09-12T15:00:00Z,0.25490,0.25730,0.25310,0.25370,7356645
2024-09-12T16:00:00Z,0.25370,0.25670,0.25350,0.25640,4064619
2024-09-12T17:00:00Z,0.25640,0.25730,0.25600,0.25680,3171672
2024-09-12T18:00:00Z,0.25680,0.25730,0.25530,0.25630,2778585
2024-09-12T19:00:00Z,0.25630,0.25740,0.25570,0.25730,2313772
2024-09-12T20:00:00Z,0.25730,0.25760,0.25620,0.25720,1347825
2024-09-12T21:00:00Z,0.25720,0.25780,0.25610,0.25740,2454334
2024-09-12T22:00:00Z,0.25740,0.25930,0.25730,0.25920,2114412
2024-09-12T23:00:00Z,0.25920,0.25970,0.25850,0.25960,2354386
2024-09-13T00:00:00Z,0.25950,0.25990,0.25860,0.25870,5487545
2024-09-13T01:00:00Z,0.25870,0.25890,0.25760,0.25820,2042417
2024-09-13T02:00:00Z,0.25820,0.25880,0.25760,0.25820,1723715
2024-09-13T03:00:00Z,0.25810,0.25900,0.25730,0.25740,1626208
2024-09-13T04:00:00Z,0.25740,0.25850,0.25700,0.25710,1952340
2024-09-13T05:00:00Z,0.25710,0.25820,0.25700,0.25770,1966061
2024-09-13T06:00:00Z,0.25770,0.25800,0.25660,0.25680,1418341
2024-09-13T07:00:00Z,0.25680,0.25790,0.25640,0.25760,1788486
2024-09-13T08:00:00Z,0.25760,0.25810,0.25720,0.25740,1460536
2024-09-13T09:00:00Z,0.25740,0.26030,0.25730,0.25960,3583682
2024-09-13T10:00:00Z,0.25950,0.26180,0.25920,0.26160,4170997
2024-09-13T11:00:00Z,0.26160,0.26170,0.25730,0.25780,4498718
2024-09-13T12:00:00Z,0.25790,0.25830,0.25570,0.25750,3378507
2024-09-13T13:00:00Z,0.25750,0.25840,0.25630,0.25770,2398713
2024-09-13T14:00:00Z,0.25780,0.25910,0.25660,0.25870,3050829
2024-09-13T15:00:00Z,0.25880,0.26350,0.25850,0.26290,6271110
2024-09-13T16:00:00Z,0.26300,0.26380,0.26050,0.26140,3452369
2024-09-13T17:00:00Z,0.26140,0.26290,0.26100,0.26120,2663497
2024-09-13T18:00:00Z,0.26120,0.26200,0.26030,0.26060,2859447
2024-09-13T19:00:00Z,0.26060,0.26140,0.25970,0.26010,2868633
2024-09-13T20:00:00Z,0.26020,0.26070,0.25990,0.25990,1138427
2024-09-13T21:00:00Z,0.25990,0.26270,0.25980,0.26150,2192105
2024-09-13T22:00:00Z,0.26150,0.26250,0.26100,0.26190,3146227
2024-09-13T23:00:00Z,0.26180,0.26200,0.26050,0.26090,1436744
2024-09-14T00:00:00Z,0.26090,0.26090,0.25930,0.26010,2861205
2024-09-14T01:00:00Z,0.26010,0.26130,0.26010,0.26050,1767752
2024-09-14T02:00:00Z,0.26040,0.26090,0.25950,0.25960,1596650
2024-09-14T03:00:00Z,0.25960,0.26080,0.25940,0.25990,1458606
2024-09-14T04:00:00Z,0.26000,0.26000,0.25910,0.25940,980547
2024-09-14T05:00:00Z,0.25940,0.25950,0.25690,0.25700,3146053
2024-09-14T06:00:00Z,0.25700,0.25790,0.25630,0.25680,2500999
2024-09-14T07:00:00Z,0.25690,0.25740,0.25630,0.25700,2102107
2024-09-14T08:00:00Z,0.25700,0.25730,0.25550,0.25570,3200809
2024-09-14T09:00:00Z,0.25560,0.25610,0.25410,0.25510,5286532
2024-09-14T10:00:00Z,0.25510,0.25510,0.25340,0.25370,3145086
2024-09-14T11:00:00Z,0.25370,0.25390,0.25140,0.25290,6992619
2024-09-14T12:00:00Z,0.25290,0.25430,0.25240,0.25400,2759730
2024-09-14T13:00:00Z,0.25400,0.25470,0.25330,0.25380,3638148
2024-09-14T14:00:00Z,0.25390,0.25550,0.25370,0.25490,3569132
2024-09-14T15:00:00Z,0.25500,0.25530,0.25430,0.25490,2491647
2024-09-14T16:00:00Z,0.25500,0.25610,0.25470,0.25520,3822112
2024-09-14T17:00:00Z,0.25510,0.25510,0.25420,0.25450,1590483
2024-09-14T18:00:00Z,0.25450,0.25460,0.25210,0.25300,9792993
2024-09-14T19:00:00Z,0.25300,0.25390,0.25230,0.25290,4300819
2024-09-14T20:00:00Z,0.25290,0.25420,0.25260,0.25420,2172333
2024-09-14T21:00:00Z,0.25410,0.25440,0.25340,0.25390,1883095
2024-09-14T22:00:00Z,0.25380,0.25470,0.25320,0.25450,1482519
2024-09-14T23:00:00Z,0.25450,0.25510,0.25430,0.25500,1260459
2024-09-15T00:00:00Z,0.25500,0.25550,0.25430,0.25510,3535988
2024-09-15T01:00:00Z,0.25520,0.25610,0.25490,0.25550,1666172
2024-09-15T02:00:00Z,0.25560,0.25720,0.25490,0.25690,2361974
2024-09-15T03:00:00Z,0.25680,0.25720,0.25550,0.25600,3571955
2024-09-15T04:00:00Z,0.25590,0.25630,0.25440,0.25460,1813127
2024-09-15T05:00:00Z,0.25460,0.25540,0.25460,0.25510,1202222
2024-09-15T06:00:00Z,0.25520,0.25620,0.25510,0.25610,1531090
2024-09-15T07:00:00Z,0.25610,0.25640,0.25550,0.25620,1368344
2024-09-15T08:00:00Z,0.25630,0.25630,0.25450,0.25470,1807898
2024-09-15T09:00:00Z,0.25460,0.25510,0.25390,0.25400,3000135
2024-09-15T10:00:00Z,0.25390,0.25440,0.25250,0.25310,3450759
2024-09-15T11:00:00Z,0.25310,0.25320,0.25160,0.25240,4109304
2024-09-15T12:00:00Z,0.25240,0.25330,0.25150,0.25330,3291134
2024-09-15T13:00:00Z,0.25320,0.25500,0.25290,0.25340,2967211
2024-09-15T14:00:00Z,0.25340,0.25380,0.25130,0.25310,3713988
2024-09-15T15:00:00Z,0.25310,0.25420,0.25270,0.25380,3478391
2024-09-15T16:00:00Z,0.25380,0.25400,0.25110,0.25110,3688245
2024-09-15T17:00:00Z,0.25110,0.25200,0.24960,0.25070,7046376
2024-09-15T18:00:00Z,0.25060,0.25230,0.25030,0.25130,4928011
2024-09-15T19:00:00Z,0.25130,0.25230,0.25030,0.25030,2953193
2024-09-15T20:00:00Z,0.25030,0.25080,0.24900,0.24950,2771042
2024-09-15T21:00:00Z,0.24950,0.24970,0.24570,0.24810,8251507
2024-09-15T22:00:00Z,0.24810,0.24830,0.24650,0.24760,3530327
2024-09-15T23:00:00Z,0.24750,0.24750,0.24290,0.24510,8183961
2024-09-16T00:00:00Z,0.24510,0.24540,0.24300,0.24400,4234606
2024-09-16T01:00:00Z,0.24390,0.24440,0.24150,0.24260,6271169
2024-09-16T02:00:00Z,0.24260,0.24290,0.24040,0.24120,6123897
2024-09-16T03:00:00Z,0.24130,0.24430,0.24080,0.24410,3024577
2024-09-16T04:00:00Z,0.24410,0.24440,0.24340,0.24380,3060117
2024-09-16T05:00:00Z,0.24370,0.24680,0.24370,0.24680,3167079
2024-09-16T06:00:00Z,0.24680,0.24690,0.24520,0.24550,3206632
2024-09-16T07:00:00Z,0.24550,0.24770,0.24520,0.24710,3269532
2024-09-16T08:00:00Z,0.24710,0.24860,0.24640,0.24650,3594264
2024-09-16T09:00:00Z,0.24650,0.24710,0.24390,0.24460,3681702
2024-09-16T10:00:00Z,0.24450,0.24590,0.24320,0.24510,4862376
2024-09-16T11:00:00Z,0.24520,0.24560,0.24460,0.24520,2569743
2024-09-16T12:00:00Z,0.24530,0.24570,0.24360,0.24370,4176507
2024-09-16T13:00:00Z,0.24370,0.24460,0.24190,0.24450,4468724
2024-09-16T14:00:00Z,0.24450,0.24480,0.24030,0.24180,5710185
2024-09-16T15:00:00Z,0.24180,0.24360,0.24130,0.24190,4580923
2024-09-16T16:00:00Z,0.24200,0.24290,0.24100,0.24150,3757869
2024-09-16T17:00:00Z,0.24140,0.24320,0.23930,0.24280,8030457
2024-09-16T18:00:00Z,0.24280,0.24280,0.24100,0.24190,4327295
2024-09-16T19:00:00Z,0.24180,0.24270,0.24090,0.24200,3523840
2024-09-16T20:00:00Z,0.24200,0.24290,0.24050,0.24050,3035688
2024-09-16T21:00:00Z,0.24050,0.24200,0.23970,0.24190,2727058
2024-09-16T22:00:00Z,0.24190,0.24200,0.24040,0.24090,2253283
2024-09-16T23:00:00Z,0.24100,0.24340,0.24100,0.24260,2035040
2024-09-17T00:00:00Z,0.24250,0.24300,0.23960,0.23970,5429053
2024-09-17T01:00:00Z,0.23980,0.24150,0.23950,0.24140,2103159
2024-09-17T02:00:00Z,0.24140,0.24270,0.24120,0.24220,1423752
2024-09-17T03:00:00Z,0.24230,0.24340,0.24200,0.24270,1754788
2024-09-17T04:00:00Z,0.24270,0.24420,0.24240,0.24380,1725873
2024-09-17T05:00:00Z,0.24390,0.24690,0.24370,0.24660,1826960
2024-09-17T06:00:00Z,0.24660,0.24680,0.24470,0.24470,2361839
2024-09-17T07:00:00Z,0.24470,0.24540,0.24430,0.24520,1312048
2024-09-17T08:00:00Z,0.24520,0.24640,0.24480,0.24580,3127000
2024-09-17T09:00:00Z,0.24580,0.24720,0.24480,0.24650,3006379
2024-09-17T10:00:00Z,0.24650,0.24720,0.24580,0.24710,2602236
2024-09-17T11:00:00Z,0.24710,0.24770,0.24580,0.24630,2054817
2024-09-17T12:00:00Z,0.24630,0.24730,0.24570,0.24680,2223209
2024-09-17T13:00:00Z,0.24690,0.24780,0.24530,0.24570,2965262
2024-09-17T14:00:00Z,0.24560,0.25100,0.24550,0.24990,9499976
2024-09-17T15:00:00Z,0.25000,0.25410,0.24980,0.25360,10394408
2024-09-17T16:00:00Z,0.25360,0.25500,0.25120,0.25200,5882588
2024-09-17T17:00:00Z,0.25210,0.25330,0.25150,0.25250,2511702
2024-09-17T18:00:00Z,0.25250,0.25360,0.25140,0.25230,2568040
2024-09-17T19:00:00Z,0.25220,0.25300,0.24960,0.25150,3661279
2024-09-17T20:00:00Z,0.25140,0.25360,0.25060,0.25300,2956200
2024-09-17T21:00:00Z,0.25300,0.25410,0.25280,0.25410,1716636
2024-09-17T22:00:00Z,0.25400,0.25400,0.25190,0.25230,1670012
2024-09-17T23:00:00Z,0.25230,0.25230,0.25090,0.25170,2319188
2024-09-18T00:00:00Z,0.25180,0.25260,0.24870,0.25100,6992349
2024-09-18T01:00:00Z,0.25100,0.25210,0.25030,0.25140,2305170
2024-09-18T02:00:00Z,0.25140,0.25340,0.25100,0.25340,2478748
2024-09-18T03:00:00Z,0.25340,0.25540,0.25330,0.25420,3114991
2024-09-18T04:00:00Z,0.25410,0.25460,0.25200,0.25270,2052494
2024-09-18T05:00:00Z,0.25270,0.25270,0.25130,0.25200,1534005
2024-09-18T06:00:00Z,0.25210,0.25290,0.25130,0.25240,2452188
2024-09-18T07:00:00Z,0.25240,0.25350,0.25230,0.25290,1934030
2024-09-18T08:00:00Z,0.25280,0.25300,0.25070,0.25080,1927114
2024-09-18T09:00:00Z,0.25070,0.25100,0.24640,0.24640,3444468
2024-09-18T10:00:00Z,0.24650,0.24790,0.24550,0.24760,4298551
2024-09-18T11:00:00Z,0.24770,0.24920,0.24730,0.24770,3054132
2024-09-18T12:00:00Z,0.24770,0.24860,0.24660,0.24820,2257005
2024-09-18T13:00:00Z,0.24830,0.24920,0.24470,0.24540,4495521
2024-09-18T14:00:00Z,0.24540,0.24640,0.24440,0.24500,3838902
2024-09-18T15:00:00Z,0.24510,0.24590,0.24200,0.24290,5954539
2024-09-18T16:00:00Z,0.24300,0.24450,0.24110,0.24430,6798503
2024-09-18T17:00:00Z,0.24430,0.24580,0.24210,0.24440,4162792
2024-09-18T18:00:00Z,0.24440,0.25270,0.24380,0.25000,18343484
2024-09-18T19:00:00Z,0.25000,0.25080,0.24730,0.24810,10660373
2024-09-18T20:00:00Z,0.24810,0.24980,0.24560,0.24970,4249409
2024-09-18T21:00:00Z,0.24960,0.25150,0.24920,0.25010,3422488
2024-09-18T22:00:00Z,0.25000,0.25220,0.25000,0.25210,2012077
2024-09-18T23:00:00Z,0.25210,0.25730,0.25210,0.25710,4708285
2024-09-19T00:00:00Z,0.25710,0.26400,0.25710,0.26270,14538118
2024-09-19T01:00:00Z,0.26270,0.26340,0.25890,0.26150,7075232
2024-09-19T02:00:00Z,0.26160,0.26240,0.26070,0.26220,4332084
2024-09-19T03:00:00Z,0.26220,0.26380,0.26180,0.26210,3889650
2024-09-19T04:00:00Z,0.26200,0.26320,0.26130,0.26250,3014369
2024-09-19T05:00:00Z,0.26260,0.26340,0.26140,0.26200,2959194
2024-09-19T06:00:00Z,0.26200,0.26220,0.26070,0.26150,3013717
2024-09-19T07:00:00Z,0.26150,0.26440,0.26120,0.26430,4294449
2024-09-19T08:00:00Z,0.26440,0.26500,0.26190,0.26200,3671345
2024-09-19T09:00:00Z,0.26200,0.26310,0.26160,0.26250,2408267
2024-09-19T10:00:00Z,0.26240,0.26430,0.26210,0.26210,2374217
2024-09-19T11:00:00Z,0.26220,0.26380,0.26190,0.26350,1623710
2024-09-19T12:00:00Z,0.26360,0.26570,0.26350,0.26390,5337904
2024-09-19T13:00:00Z,0.26380,0.26650,0.26360,0.26640,5080677
2024-09-19T14:00:00Z,0.26650,0.26800,0.26570,0.26580,5948793
2024-09-19T15:00:00Z,0.26580,0.26750,0.26560,0.26650,3146956
2024-09-19T16:00:00Z,0.26640,0.27020,0.26620,0.26920,5389513
2024-09-19T17:00:00Z,0.26910,0.26970,0.26780,0.26930,3278512
2024-09-19T18:00:00Z,0.26920,0.27050,0.26820,0.26890,4262514
2024-09-19T19:00:00Z,0.26880,0.26900,0.26660,0.26710,3046895
2024-09-19T20:00:00Z,0.26710,0.26860,0.26710,0.26740,2912093
2024-09-19T21:00:00Z,0.26740,0.26780,0.26610,0.26610,2959875
2024-09-19T22:00:00Z,0.26610,0.26740,0.26510,0.26710,4563942
2024-09-19T23:00:00Z,0.26720,0.26830,0.26720,0.26820,2852598
2024-09-20T00:00:00Z,0.26830,0.26900,0.26570,0.26630,5615527
2024-09-20T01:00:00Z,0.26620,0.26850,0.26440,0.26810,4272559
2024-09-20T02:00:00Z,0.26800,0.26980,0.26700,0.26980,2985560
2024-09-20T03:00:00Z,0.26980,0.27310,0.26940,0.27300,5190765
2024-09-20T04:00:00Z,0.27310,0.27510,0.27240,0.27440,9049274
2024-09-20T05:00:00Z,0.27440,0.27620,0.27320,0.27450,3471814
2024-09-20T06:00:00Z,0.27460,0.27610,0.27300,0.27580,3584961
2024-09-20T07:00:00Z,0.27580,0.27580,0.27260,0.27460,4659421
2024-09-20T08:00:00Z,0.27460,0.27470,0.27190,0.27390,3639811
2024-09-20T09:00:00Z,0.27370,0.27560,0.27350,0.27470,1898233
2024-09-20T10:00:00Z,0.27460,0.27580,0.27390,0.27560,2116892
2024-09-20T11:00:00Z,0.27560,0.27560,0.27110,0.27220,5673082
2024-09-20T12:00:00Z,0.27220,0.27350,0.27160,0.27260,2571709
2024-09-20T13:00:00Z,0.27260,0.27290,0.26830,0.26920,11401115
2024-09-20T14:00:00Z,0.26920,0.27160,0.26780,0.26970,5376186
2024-09-20T15:00:00Z,0.26960,0.27110,0.26830,0.27050,3035212
2024-09-20T16:00:00Z,0.27050,0.27150,0.26810,0.26840,2335215
2024-09-20T17:00:00Z,0.26830,0.26890,0.26730,0.26820,2718633
2024-09-20T18:00:00Z,0.26810,0.26920,0.26620,0.26890,2973012
2024-09-20T19:00:00Z,0.26900,0.27020,0.26870,0.26950,1544326
2024-09-20T20:00:00Z,0.26960,0.27030,0.26910,0.26970,1144856
2024-09-20T21:00:00Z,0.26960,0.27190,0.26960,0.27090,2881301
2024-09-20T22:00:00Z,0.27090,0.27200,0.27060,0.27170,1500025
2024-09-20T23:00:00Z,0.27170,0.27190,0.27080,0.27180,1794490
2024-09-21T00:00:00Z,0.27190,0.27370,0.27080,0.27290,4929329
2024-09-21T01:00:00Z,0.27280,0.27360,0.27060,0.27060,3863289
2024-09-21T02:00:00Z,0.27070,0.27250,0.27030,0.27200,3851985
2024-09-21T03:00:00Z,0.27200,0.27460,0.27200,0.27330,4397407
2024-09-21T04:00:00Z,0.27330,0.27390,0.27070,0.27190,4347124
2024-09-21T05:00:00Z,0.27190,0.27340,0.27110,0.27310,2138626
2024-09-21T06:00:00Z,0.27310,0.27510,0.27290,0.27390,2203946
2024-09-21T07:00:00Z,0.27400,0.27530,0.27360,0.27530,1635064
2024-09-21T08:00:00Z,0.27530,0.27680,0.27490,0.27630,4642457
2024-09-21T09:00:00Z,0.27640,0.27830,0.27600,0.27830,2633691
2024-09-21T10:00:00Z,0.27830,0.27830,0.27520,0.27550,2605733
2024-09-21T11:00:00Z,0.27540,0.27730,0.27520,0.27720,1791378
2024-09-21T12:00:00Z,0.27710,0.28300,0.27700,0.28250,5677393
2024-09-21T13:00:00Z,0.28250,0.28320,0.28020,0.28230,5203913
2024-09-21T14:00:00Z,0.28230,0.28590,0.28230,0.28520,5255425
2024-09-21T15:00:00Z,0.28530,0.28590,0.28300,0.28510,4503751
2024-09-21T16:00:00Z,0.28510,0.28980,0.28490,0.28850,9388799
2024-09-21T17:00:00Z,0.28860,0.28940,0.28740,0.28750,4235315
2024-09-21T18:00:00Z,0.28760,0.28920,0.28680,0.28680,2362766
2024-09-21T19:00:00Z,0.28680,0.28730,0.28550,0.28570,2536958
2024-09-21T20:00:00Z,0.28560,0.28730,0.28530,0.28610,4708016
2024-09-21T21:00:00Z,0.28620,0.28670,0.28560,0.28620,1288047
2024-09-21T22:00:00Z,0.28610,0.28770,0.28580,0.28750,3208361
2024-09-21T23:00:00Z,0.28750,0.28930,0.28700,0.28780,4455964
2024-09-22T00:00:00Z,0.28770,0.28880,0.28440,0.28620,6153222
2024-09-22T01:00:00Z,0.28620,0.28660,0.28300,0.28320,3892595
2024-09-22T02:00:00Z,0.28310,0.28370,0.28030,0.28140,4833147
2024-09-22T03:00:00Z,0.28130,0.28270,0.28120,0.28240,2398506
2024-09-22T04:00:00Z,0.28240,0.28420,0.28220,0.28240,5649196
2024-09-22T05:00:00Z,0.28230,0.28260,0.27980,0.28030,3623555
2024-09-22T06:00:00Z,0.28020,0.28140,0.27930,0.28000,2769457
2024-09-22T07:00:00Z,0.27990,0.28010,0.27910,0.28010,1530118
2024-09-22T08:00:00Z,0.28000,0.28240,0.27980,0.28190,3281174
2024-09-22T09:00:00Z,0.28180,0.28180,0.27790,0.27830,3212697
2024-09-22T10:00:00Z,0.27830,0.27930,0.27540,0.27680,4440072
2024-09-22T11:00:00Z,0.27680,0.27850,0.27580,0.27770,3865213
2024-09-22T12:00:00Z,0.27770,0.27900,0.27700,0.27870,1948121
2024-09-22T13:00:00Z,0.27860,0.27870,0.27500,0.27550,3553407
2024-09-22T14:00:00Z,0.27560,0.27760,0.27390,0.27500,4204393
2024-09-22T15:00:00Z,0.27500,0.27570,0.27400,0.27500,1884320
2024-09-22T16:00:00Z,0.27490,0.27630,0.27230,0.27520,3982125
2024-09-22T17:00:00Z,0.27520,0.27800,0.27500,0.27740,3943788
2024-09-22T18:00:00Z,0.27740,0.27740,0.27550,0.27640,1532233
2024-09-22T19:00:00Z,0.27630,0.27780,0.27390,0.27690,2831101
2024-09-22T20:00:00Z,0.27700,0.27830,0.27660,0.27700,2042405
2024-09-22T21:00:00Z,0.27690,0.27770,0.27190,0.27260,2262691
2024-09-22T22:00:00Z,0.27250,0.27840,0.26870,0.27780,15766372
2024-09-22T23:00:00Z,0.27770,0.27820,0.27500,0.27660,3970806
2024-09-23T00:00:00Z,0.27650,0.27980,0.27080,0.27860,10257816
2024-09-23T01:00:00Z,0.27860,0.28080,0.27810,0.27990,5370076
2024-09-23T02:00:00Z,0.28000,0.28030,0.27780,0.27970,4192025
2024-09-23T03:00:00Z,0.27970,0.28350,0.27950,0.28120,6090374
2024-09-23T04:00:00Z,0.28120,0.28180,0.27820,0.27920,4709454
2024-09-23T05:00:00Z,0.27910,0.28060,0.27730,0.27970,2764214
2024-09-23T06:00:00Z,0.27970,0.28210,0.27910,0.28160,4371651
2024-09-23T07:00:00Z,0.28150,0.28190,0.27770,0.27810,5295357
2024-09-23T08:00:00Z,0.27810,0.27860,0.27480,0.27580,7999281
2024-09-23T09:00:00Z,0.27580,0.27880,0.27560,0.27870,4149411
2024-09-23T10:00:00Z,0.27860,0.27890,0.27580,0.27720,3831058
2024-09-23T11:00:00Z,0.27720,0.27800,0.27560,0.27710,3596538
2024-09-23T12:00:00Z,0.27700,0.27810,0.27530,0.27600,6092007
2024-09-23T13:00:00Z,0.27610,0.27700,0.27510,0.27620,9353661
2024-09-23T14:00:00Z,0.27630,0.28020,0.27570,0.27690,11660166
2024-09-23T15:00:00Z,0.27680,0.27860,0.27490,0.27740,6700263
2024-09-23T16:00:00Z,0.27750,0.27870,0.27370,0.27370,7068035
2024-09-23T17:00:00Z,0.27370,0.27580,0.27330,0.27530,4263556
2024-09-23T18:00:00Z,0.27530,0.27790,0.27520,0.27690,3994679
2024-09-23T19:00:00Z,0.27690,0.27840,0.27620,0.27650,4456515
2024-09-23T20:00:00Z,0.27660,0.27780,0.27620,0.27640,2725816
2024-09-23T21:00:00Z,0.27650,0.27710,0.27460,0.27690,4019263
2024-09-23T22:00:00Z,0.27690,0.27740,0.27580,0.27650,2005059
2024-09-23T23:00:00Z,0.27650,0.27810,0.27570,0.27760,2479196
2024-09-24T00:00:00Z,0.27770,0.27860,0.27430,0.27470,6566360
2024-09-24T01:00:00Z,0.27470,0.27600,0.27190,0.27340,4752095
2024-09-24T02:00:00Z,0.27350,0.27500,0.27160,0.27470,3852189
2024-09-24T03:00:00Z,0.27480,0.27600,0.27430,0.27590,2020675
2024-09-24T04:00:00Z,0.27600,0.27600,0.27310,0.27380,2210141
2024-09-24T05:00:00Z,0.27370,0.27630,0.27360,0.27600,2126742
2024-09-24T06:00:00Z,0.27600,0.27960,0.27570,0.27880,4111404
2024-09-24T07:00:00Z,0.27890,0.28040,0.27860,0.28030,3284959
2024-09-24T08:00:00Z,0.28040,0.28110,0.27910,0.28010,4332116
2024-09-24T09:00:00Z,0.28020,0.28080,0.27840,0.27860,3312168
2024-09-24T10:00:00Z,0.27870,0.28080,0.27850,0.27950,2215090
2024-09-24T11:00:00Z,0.27940,0.28130,0.27820,0.28060,3470871
2024-09-24T12:00:00Z,0.28060,0.28280,0.28020,0.28130,8283445
2024-09-24T13:00:00Z,0.28130,0.28370,0.28120,0.28120,5836465
2024-09-24T14:00:00Z,0.28110,0.28120,0.27460,0.27830,14330913
2024-09-24T15:00:00Z,0.27810,0.27870,0.27560,0.27670,5325750
2024-09-24T16:00:00Z,0.27670,0.27800,0.27630,0.27730,3942245
2024-09-24T17:00:00Z,0.27730,0.28130,0.27720,0.28010,3496539
2024-09-24T18:00:00Z,0.28000,0.28070,0.27780,0.27900,2915889
2024-09-24T19:00:00Z,0.27890,0.28350,0.27880,0.28330,2882952
2024-09-24T20:00:00Z,0.28330,0.28450,0.28190,0.28290,4752153
2024-09-24T21:00:00Z,0.28280,0.28350,0.28150,0.28200,2168442
2024-09-24T22:00:00Z,0.28200,0.28550,0.28200,0.28530,4253133
2024-09-24T23:00:00Z,0.28520,0.28550,0.28350,0.28380,1632183
2024-09-25T00:00:00Z,0.28380,0.28590,0.28230,0.28470,2594055
2024-09-25T01:00:00Z,0.28460,0.28880,0.28430,0.28720,3391621
2024-09-25T02:00:00Z,0.28700,0.28750,0.28530,0.28580,4316121
2024-09-25T03:00:00Z,0.28580,0.28580,0.28350,0.28490,3875398
2024-09-25T04:00:00Z,0.28480,0.28510,0.27960,0.27970,4888786
2024-09-25T05:00:00Z,0.27970,0.28290,0.27960,0.28250,5343486
2024-09-25T06:00:00Z,0.28240,0.28240,0.27800,0.27870,5092669
2024-09-25T07:00:00Z,0.27860,0.28040,0.27640,0.27980,5064444
2024-09-25T08:00:00Z,0.27980,0.28240,0.27960,0.28180,4804529
2024-09-25T09:00:00Z,0.28190,0.28270,0.27880,0.27900,6300271
2024-09-25T10:00:00Z,0.27900,0.28070,0.27850,0.27950,3492315
2024-09-25T11:00:00Z,0.27950,0.28040,0.27770,0.28000,2192954
2024-09-25T12:00:00Z,0.28000,0.28020,0.27850,0.27870,2437511
2024-09-25T13:00:00Z,0.27860,0.28080,0.27810,0.28060,3369468
2024-09-25T14:00:00Z,0.28060,0.28330,0.28020,0.28330,3867061
2024-09-25T15:00:00Z,0.28320,0.28380,0.27920,0.27930,3599555
2024-09-25T16:00:00Z,0.27930,0.28140,0.27890,0.28030,2509892
2024-09-25T17:00:00Z,0.28020,0.28070,0.27670,0.27770,4767334
2024-09-25T18:00:00Z,0.27760,0.27980,0.27700,0.27950,2524527
2024-09-25T19:00:00Z,0.27950,0.28020,0.27710,0.27720,4067628
2024-09-25T20:00:00Z,0.27720,0.27940,0.27720,0.27890,1735332
2024-09-25T21:00:00Z,0.27900,0.28010,0.27810,0.27870,1463221
2024-09-25T22:00:00Z,0.27880,0.27890,0.27580,0.27730,4879992
2024-09-25T23:00:00Z,0.27730,0.27740,0.27440,0.27600,5870406
2024-09-26T00:00:00Z,0.27610,0.27790,0.27200,0.27340,6826335
2024-09-26T01:00:00Z,0.27340,0.27580,0.27240,0.27570,5636035
2024-09-26T02:00:00Z,0.27570,0.27810,0.27530,0.27800,3815539
2024-09-26T03:00:00Z,0.27790,0.28020,0.27740,0.27980,3433673
2024-09-26T04:00:00Z,0.27990,0.28010,0.27840,0.27870,2250268
2024-09-26T05:00:00Z,0.27860,0.28250,0.27850,0.28240,3517540
2024-09-26T06:00:00Z,0.28240,0.28400,0.28180,0.28290,3701177
2024-09-26T07:00:00Z,0.28300,0.28530,0.28300,0.28530,3815495
2024-09-26T08:00:00Z,0.28520,0.28530,0.28250,0.28270,3102932
2024-09-26T09:00:00Z,0.28280,0.28390,0.28200,0.28230,3152658
2024-09-26T10:00:00Z,0.28220,0.28580,0.28200,0.28460,3531744
2024-09-26T11:00:00Z,0.28460,0.28480,0.28320,0.28380,2349977
2024-09-26T12:00:00Z,0.28380,0.28500,0.28210,0.28280,7685030
2024-09-26T13:00:00Z,0.28280,0.28430,0.28230,0.28410,3955558
2024-09-26T14:00:00Z,0.28420,0.28720,0.28280,0.28290,9889729
2024-09-26T15:00:00Z,0.28300,0.28810,0.28240,0.28730,10670675
2024-09-26T16:00:00Z,0.28720,0.29000,0.28600,0.28730,6653722
2024-09-26T17:00:00Z,0.28750,0.28950,0.28540,0.28570,4080646
2024-09-26T18:00:00Z,0.28560,0.28840,0.28560,0.28830,2728571
2024-09-26T19:00:00Z,0.28830,0.28850,0.28570,0.28600,1712791
2024-09-26T20:00:00Z,0.28580,0.28720,0.28290,0.28310,4250963
2024-09-26T21:00:00Z,0.28290,0.28730,0.28280,0.28730,2807178
2024-09-26T22:00:00Z,0.28720,0.28900,0.28700,0.28900,3364017
2024-09-26T23:00:00Z,0.28900,0.29100,0.28570,0.29040,3874371
2024-09-27T00:00:00Z,0.29050,0.29220,0.28900,0.29220,6784743
2024-09-27T01:00:00Z,0.29220,0.29230,0.28970,0.29090,5609905
2024-09-27T02:00:00Z,0.29100,0.29310,0.29070,0.29070,3824999
2024-09-27T03:00:00Z,0.29080,0.29460,0.29040,0.29450,3775373
2024-09-27T04:00:00Z,0.29460,0.29790,0.29440,0.29710,6693152
2024-09-27T05:00:00Z,0.29710,0.29800,0.29460,0.29770,4667289
2024-09-27T06:00:00Z,0.29770,0.29890,0.29630,0.29680,3652613
2024-09-27T07:00:00Z,0.29680,0.29720,0.29510,0.29570,2627573
2024-09-27T08:00:00Z,0.29570,0.29900,0.29550,0.29720,3028441
2024-09-27T09:00:00Z,0.29730,0.29890,0.29640,0.29730,3166852
2024-09-27T10:00:00Z,0.29720,0.29790,0.29530,0.29680,8421351
2024-09-27T11:00:00Z,0.29690,0.29820,0.29580,0.29740,2564502
2024-09-27T12:00:00Z,0.29740,0.29900,0.29580,0.29840,2859130
2024-09-27T13:00:00Z,0.29830,0.30000,0.29570,0.29840,4818481
2024-09-27T14:00:00Z,0.29840,0.30310,0.29770,0.30130,7780146
2024-09-27T15:00:00Z,0.30120,0.30180,0.29990,0.30020,2467942
2024-09-27T16:00:00Z,0.30020,0.30200,0.29840,0.30130,3884550
2024-09-27T17:00:00Z,0.30140,0.30150,0.29720,0.29890,3334432
2024-09-27T18:00:00Z,0.29890,0.29970,0.29750,0.29970,1520046
2024-09-27T19:00:00Z,0.29960,0.30090,0.29850,0.29860,1906079
2024-09-27T20:00:00Z,0.29860,0.29980,0.29760,0.29930,1259418
2024-09-27T21:00:00Z,0.29940,0.30020,0.29880,0.29890,1663952
2024-09-27T22:00:00Z,0.29900,0.30060,0.29810,0.29980,2159505
2024-09-27T23:00:00Z,0.29980,0.30040,0.29890,0.30010,1505292
2024-09-28T00:00:00Z,0.30000,0.30010,0.29760,0.29940,3475268
2024-09-28T01:00:00Z,0.29940,0.30020,0.29830,0.29950,1242647
2024-09-28T02:00:00Z,0.29960,0.30140,0.29870,0.30050,1853896
2024-09-28T03:00:00Z,0.30060,0.30110,0.29860,0.29950,1173075
2024-09-28T04:00:00Z,0.29960,0.29990,0.29820,0.29850,1837277
2024-09-28T05:00:00Z,0.29840,0.29870,0.29570,0.29580,6227643
2024-09-28T06:00:00Z,0.29580,0.29720,0.29420,0.29520,8784654
2024-09-28T07:00:00Z,0.29530,0.29610,0.29350,0.29350,3575324
2024-09-28T08:00:00Z,0.29350,0.29400,0.29040,0.29050,7018982
2024-09-28T09:00:00Z,0.29050,0.29240,0.28670,0.29230,6952851
2024-09-28T10:00:00Z,0.29230,0.29410,0.29110,0.29370,2436679
2024-09-28T11:00:00Z,0.29380,0.29400,0.29150,0.29280,2199681
2024-09-28T12:00:00Z,0.29290,0.29290,0.28860,0.28970,5784221
2024-09-28T13:00:00Z,0.28980,0.29090,0.28850,0.28950,2378087
2024-09-28T14:00:00Z,0.28950,0.29290,0.28950,0.29210,2647771
2024-09-28T15:00:00Z,0.29200,0.29240,0.29140,0.29160,1649572
2024-09-28T16:00:00Z,0.29160,0.29210,0.28960,0.29010,2063049
2024-09-28T17:00:00Z,0.29020,0.29280,0.29010,0.29220,1976390
2024-09-28T18:00:00Z,0.29230,0.29340,0.29190,0.29220,1192919
2024-09-28T19:00:00Z,0.29230,0.29340,0.29210,0.29310,1068678
2024-09-28T20:00:00Z,0.29310,0.29360,0.29210,0.29210,856724
2024-09-28T21:00:00Z,0.29220,0.29220,0.28800,0.29090,2381546
2024-09-28T22:00:00Z,0.29090,0.29290,0.29060,0.29220,1461075
2024-09-28T23:00:00Z,0.29220,0.29280,0.29000,0.29200,2514351
2024-09-29T00:00:00Z,0.29200,0.29330,0.28870,0.28940,4328218
2024-09-29T01:00:00Z,0.28940,0.29170,0.28900,0.29160,3828643
2024-09-29T02:00:00Z,0.29170,0.29300,0.29040,0.29150,2405430
2024-09-29T03:00:00Z,0.29160,0.29280,0.28990,0.29260,1521344
2024-09-29T04:00:00Z,0.29260,0.29280,0.28990,0.29060,1539129
2024-09-29T05:00:00Z,0.29050,0.29190,0.28890,0.28940,2275730
2024-09-29T06:00:00Z,0.28930,0.28990,0.28730,0.28790,4410077
2024-09-29T07:00:00Z,0.28790,0.28860,0.28470,0.28520,5442647
2024-09-29T08:00:00Z,0.28510,0.28750,0.28470,0.28670,2300351
2024-09-29T09:00:00Z,0.28670,0.28880,0.28660,0.28720,1978443
2024-09-29T10:00:00Z,0.28730,0.28800,0.28610,0.28780,1491164
2024-09-29T11:00:00Z,0.28780,0.28940,0.28730,0.28910,2012093
2024-09-29T12:00:00Z,0.28920,0.28930,0.28550,0.28570,2377072
2024-09-29T13:00:00Z,0.28580,0.29070,0.28420,0.29060,4018469
2024-09-29T14:00:00Z,0.29060,0.29120,0.28900,0.28930,3296603
2024-09-29T15:00:00Z,0.28940,0.29080,0.28870,0.29050,2693668
2024-09-29T16:00:00Z,0.29050,0.29250,0.28900,0.29160,4483677
2024-09-29T17:00:00Z,0.29160,0.29280,0.29110,0.29270,2897659
2024-09-29T18:00:00Z,0.29260,0.29270,0.29100,0.29210,2714567
2024-09-29T19:00:00Z,0.29200,0.29410,0.29100,0.29390,2834876
2024-09-29T20:00:00Z,0.29390,0.29550,0.29150,0.29170,3445356
2024-09-29T21:00:00Z,0.29160,0.29340,0.29100,0.29240,2218442
2024-09-29T22:00:00Z,0.29240,0.29290,0.28940,0.29000,3157861
2024-09-29T23:00:00Z,0.28990,0.29050,0.28820,0.29010,3681427
2024-09-30T00:00:00Z,0.29010,0.29140,0.28620,0.29050,7200959
2024-09-30T01:00:00Z,0.29050,0.29250,0.28580,0.28630,14385179
2024-09-30T02:00:00Z,0.28620,0.28780,0.28460,0.28540,4548571
2024-09-30T03:00:00Z,0.28530,0.28630,0.28170,0.28560,5853883
2024-09-30T04:00:00Z,0.28550,0.28550,0.28260,0.28450,2806563
2024-09-30T05:00:00Z,0.28460,0.28750,0.28430,0.28740,2773994
2024-09-30T06:00:00Z,0.28750,0.29020,0.28630,0.28640,4349400
2024-09-30T07:00:00Z,0.28630,0.28990,0.28630,0.28950,3030293
2024-09-30T08:00:00Z,0.28950,0.29010,0.28640,0.28820,4364655
2024-09-30T09:00:00Z,0.28830,0.28830,0.28150,0.28150,5018544
2024-09-30T10:00:00Z,0.28150,0.28330,0.27880,0.28180,10142019
2024-09-30T11:00:00Z,0.28180,0.28300,0.28020,0.28220,3559422
2024-09-30T12:00:00Z,0.28220,0.28300,0.28030,0.28240,3712164
2024-09-30T13:00:00Z,0.28240,0.28350,0.28020,0.28020,3483190
2024-09-30T14:00:00Z,0.28020,0.28080,0.27730,0.27850,7073253
2024-09-30T15:00:00Z,0.27860,0.27940,0.27390,0.27420,6419080
2024-09-30T16:00:00Z,0.27420,0.27540,0.27250,0.27350,8433066
2024-09-30T17:00:00Z,0.27350,0.27520,0.27310,0.27520,3696437
2024-09-30T18:00:00Z,0.27520,0.27540,0.27130,0.27340,6068330
2024-09-30T19:00:00Z,0.27340,0.27460,0.27280,0.27390,3232460
2024-09-30T20:00:00Z,0.27390,0.27630,0.27360,0.27600,3434111
2024-09-30T21:00:00Z,0.27610,0.27630,0.27360,0.27380,2425664
2024-09-30T22:00:00Z,0.27380,0.27430,0.27180,0.27190,3269059
2024-09-30T23:00:00Z,0.27190,0.27250,0.26690,0.26990,14415003
2024-10-01T00:00:00Z,0.26980,0.27360,0.26650,0.27300,11249468
2024-10-01T01:00:00Z,0.27300,0.27450,0.27200,0.27260,3801459
2024-10-01T02:00:00Z,0.27260,0.27350,0.27100,0.27350,3270043
2024-10-01T03:00:00Z,0.27360,0.27590,0.27310,0.27540,4185975
2024-10-01T04:00:00Z,0.27550,0.27730,0.27450,0.27640,3475758
2024-10-01T05:00:00Z,0.27630,0.27650,0.27390,0.27470,2379407
2024-10-01T06:00:00Z,0.27470,0.27860,0.27470,0.27850,2085388
2024-10-01T07:00:00Z,0.27850,0.27870,0.27690,0.27750,2456196
2024-10-01T08:00:00Z,0.27750,0.27800,0.27580,0.27660,2243868
2024-10-01T09:00:00Z,0.27650,0.27820,0.27590,0.27750,2549589
2024-10-01T10:00:00Z,0.27740,0.27860,0.27680,0.27850,1843399
2024-10-01T11:00:00Z,0.27850,0.27900,0.27730,0.27780,4038686
2024-10-01T12:00:00Z,0.27780,0.27800,0.27600,0.27670,4689945
2024-10-01T13:00:00Z,0.27670,0.27700,0.26570,0.26950,13686263
2024-10-01T14:00:00Z,0.26950,0.27120,0.26050,0.26270,20161523
2024-10-01T15:00:00Z,0.26270,0.26320,0.25290,0.25930,30538559
2024-10-01T16:00:00Z,0.25930,0.26020,0.25220,0.25630,18300396
2024-10-01T17:00:00Z,0.25630,0.25630,0.24150,0.25270,40706011
2024-10-01T18:00:00Z,0.25270,0.25400,0.24910,0.25020,12553807
2024-10-01T19:00:00Z,0.25010,0.25180,0.24830,0.24860,9722743
2024-10-01T20:00:00Z,0.24860,0.24980,0.24350,0.24880,15388788
2024-10-01T21:00:00Z,0.24880,0.25020,0.24640,0.24990,5344054
2024-10-01T22:00:00Z,0.24980,0.24990,0.24740,0.24860,3997106
2024-10-01T23:00:00Z,0.24860,0.25000,0.24790,0.24910,4052312
2024-10-02T00:00:00Z,0.24910,0.25150,0.24720,0.24920,9273546
2024-10-02T01:00:00Z,0.24920,0.25220,0.24880,0.25210,3412539
2024-10-02T02:00:00Z,0.25210,0.25340,0.25100,0.25300,3806321
2024-10-02T03:00:00Z,0.25300,0.25430,0.25240,0.25380,3093019
2024-10-02T04:00:00Z,0.25380,0.25400,0.25170,0.25250,3112055
2024-10-02T05:00:00Z,0.25240,0.25390,0.25220,0.25330,2932863
2024-10-02T06:00:00Z,0.25340,0.25730,0.25220,0.25670,4621807
2024-10-02T07:00:00Z,0.25670,0.25700,0.25440,0.25500,3257103
2024-10-02T08:00:00Z,0.25490,0.25550,0.25340,0.25450,2791798
2024-10-02T09:00:00Z,0.25450,0.25490,0.24910,0.24980,6374643
2024-10-02T10:00:00Z,0.24970,0.25270,0.24860,0.24860,5003368
2024-10-02T11:00:00Z,0.24850,0.25110,0.24660,0.24930,5704142
2024-10-02T12:00:00Z,0.24930,0.25030,0.24670,0.24730,6829044
2024-10-02T13:00:00Z,0.24740,0.24980,0.24480,0.24890,9369490
2024-10-02T14:00:00Z,0.24890,0.25020,0.24700,0.24730,6272762
2024-10-02T15:00:00Z,0.24730,0.25020,0.24700,0.24950,4135610
2024-10-02T16:00:00Z,0.24930,0.25200,0.24790,0.24790,5030762
2024-10-02T17:00:00Z,0.24790,0.24830,0.24620,0.24710,3423275
2024-10-02T18:00:00Z,0.24710,0.24720,0.24070,0.24090,11274938
2024-10-02T19:00:00Z,0.24090,0.24270,0.23770,0.24160,13501367
2024-10-02T20:00:00Z,0.24160,0.24490,0.24020,0.24380,6655023
2024-10-02T21:00:00Z,0.24380,0.24480,0.24170,0.24250,2623518
2024-10-02T22:00:00Z,0.24240,0.24410,0.23980,0.24410,3359068
2024-10-02T23:00:00Z,0.24400,0.24420,0.24270,0.24340,2424503
2024-10-03T00:00:00Z,0.24330,0.24530,0.24120,0.24420,5339455
2024-10-03T01:00:00Z,0.24410,0.24590,0.24400,0.24470,3157218
2024-10-03T02:00:00Z,0.24470,0.24650,0.24450,0.24590,2465998
2024-10-03T03:00:00Z,0.24580,0.24750,0.24520,0.24740,1740810
2024-10-03T04:00:00Z,0.24740,0.24820,0.24560,0.24720,2020062
2024-10-03T05:00:00Z,0.24710,0.24800,0.24500,0.24580,2466082
2024-10-03T06:00:00Z,0.24570,0.24710,0.24520,0.24690,1889604
2024-10-03T07:00:00Z,0.24690,0.24800,0.24270,0.24280,3712008
2024-10-03T08:00:00Z,0.24280,0.24340,0.23810,0.23940,9266640
2024-10-03T09:00:00Z,0.23930,0.24220,0.23550,0.24210,10689622
2024-10-03T10:00:00Z,0.24220,0.24420,0.24140,0.24420,3192793
2024-10-03T11:00:00Z,0.24420,0.24470,0.24100,0.24100,3061903
2024-10-03T12:00:00Z,0.24110,0.24150,0.23840,0.24010,4459055
2024-10-03T13:00:00Z,0.24020,0.24140,0.23660,0.24050,8410210
2024-10-03T14:00:00Z,0.24050,0.24330,0.23750,0.23790,8050988
2024-10-03T15:00:00Z,0.23790,0.24100,0.23550,0.24050,10037363
2024-10-03T16:00:00Z,0.24050,0.24100,0.23520,0.23670,9564477
2024-10-03T17:00:00Z,0.23680,0.24050,0.23550,0.24010,7594163
2024-10-03T18:00:00Z,0.24010,0.24180,0.23950,0.24090,3685264
2024-10-03T19:00:00Z,0.24080,0.24400,0.24030,0.24390,3718926
2024-10-03T20:00:00Z,0.24390,0.24430,0.24150,0.24180,3610712
2024-10-03T21:00:00Z,0.24180,0.24400,0.24050,0.24350,5783435
2024-10-03T22:00:00Z,0.24360,0.24500,0.24240,0.24470,2713064
2024-10-03T23:00:00Z,0.24460,0.24600,0.24370,0.24510,2735675
2024-10-04T00:00:00Z,0.24520,0.24620,0.24320,0.24370,4488631
2024-10-04T01:00:00Z,0.24380,0.24920,0.24350,0.24820,7205168
2024-10-04T02:00:00Z,0.24830,0.24860,0.24690,0.24790,2835403
2024-10-04T03:00:00Z,0.24790,0.24800,0.24630,0.24700,2489838
2024-10-04T04:00:00Z,0.24700,0.24930,0.24680,0.24790,2317258
2024-10-04T05:00:00Z,0.24790,0.25070,0.24770,0.25040,2462885
2024-10-04T06:00:00Z,0.25040,0.25140,0.24920,0.24960,2851962
2024-10-04T07:00:00Z,0.24960,0.25110,0.24880,0.24980,2698154
2024-10-04T08:00:00Z,0.24990,0.25120,0.24880,0.24880,4098785
2024-10-04T09:00:00Z,0.24890,0.25010,0.24770,0.24780,4136929
2024-10-04T10:00:00Z,0.24780,0.24860,0.24720,0.24760,2321135
2024-10-04T11:00:00Z,0.24770,0.24890,0.24710,0.24860,2967049
2024-10-04T12:00:00Z,0.24860,0.25090,0.24680,0.25090,7931706
2024-10-04T13:00:00Z,0.25100,0.25160,0.24830,0.24920,5316704
2024-10-04T14:00:00Z,0.24910,0.24980,0.24570,0.24870,8722241
2024-10-04T15:00:00Z,0.24860,0.25290,0.24860,0.25260,6664641
2024-10-04T16:00:00Z,0.25260,0.25450,0.25190,0.25350,6313051
2024-10-04T17:00:00Z,0.25330,0.25370,0.25120,0.25170,2520844
2024-10-04T18:00:00Z,0.25170,0.25290,0.25100,0.25280,2117240
2024-10-04T19:00:00Z,0.25280,0.25340,0.25230,0.25300,1744198
2024-10-04T20:00:00Z,0.25290,0.25340,0.25230,0.25330,1621953
2024-10-04T21:00:00Z,0.25320,0.25350,0.25220,0.25250,2610581
2024-10-04T22:00:00Z,0.25240,0.25350,0.25210,0.25260,4523623
2024-10-04T23:00:00Z,0.25260,0.25280,0.25200,0.25250,1433902
2024-10-05T00:00:00Z,0.25260,0.25500,0.25250,0.25500,9772908
2024-10-05T01:00:00Z,0.25490,0.25520,0.25280,0.25360,2353835
2024-10-05T02:00:00Z,0.25360,0.25380,0.25040,0.25050,2101912
2024-10-05T03:00:00Z,0.25060,0.25160,0.24930,0.25070,3149852
2024-10-05T04:00:00Z,0.25070,0.25250,0.25010,0.25170,1637498
2024-10-05T05:00:00Z,0.25170,0.25430,0.25170,0.25380,2321494
2024-10-05T06:00:00Z,0.25380,0.25490,0.25270,0.25460,1924852
2024-10-05T07:00:00Z,0.25460,0.25490,0.25330,0.25360,1348867
2024-10-05T08:00:00Z,0.25350,0.25570,0.25350,0.25520,1865720
2024-10-05T09:00:00Z,0.25520,0.25570,0.25460,0.25510,1189191
2024-10-05T10:00:00Z,0.25520,0.25520,0.25410,0.25420,2014075
2024-10-05T11:00:00Z,0.25430,0.25550,0.25410,0.25500,1249648
2024-10-05T12:00:00Z,0.25490,0.25560,0.25450,0.25550,880281
2024-10-05T13:00:00Z,0.25550,0.25570,0.25270,0.25270,2043350
2024-10-05T14:00:00Z,0.25280,0.25400,0.25260,0.25350,2148909
2024-10-05T15:00:00Z,0.25350,0.25390,0.25200,0.25310,1921335
2024-10-05T16:00:00Z,0.25300,0.25320,0.25040,0.25060,2817484
2024-10-05T17:00:00Z,0.25070,0.25230,0.25040,0.25190,1800618
2024-10-05T18:00:00Z,0.25190,0.25230,0.25000,0.25030,1802931
2024-10-05T19:00:00Z,0.25040,0.25090,0.24960,0.25020,2544533
2024-10-05T20:00:00Z,0.25020,0.25060,0.24870,0.24880,2977378
2024-10-05T21:00:00Z,0.24870,0.25100,0.24860,0.25040,1531644
2024-10-05T22:00:00Z,0.25030,0.25290,0.25020,0.25280,1671036
2024-10-05T23:00:00Z,0.25290,0.25300,0.25130,0.25180,1417691
2024-10-06T00:00:00Z,0.25190,0.25210,0.25070,0.25170,1898969
2024-10-06T01:00:00Z,0.25160,0.25380,0.25150,0.25310,1244683
2024-10-06T02:00:00Z,0.25320,0.25390,0.25230,0.25260,1656935
2024-10-06T03:00:00Z,0.25260,0.25320,0.25100,0.25100,1547069
2024-10-06T04:00:00Z,0.25110,0.25210,0.25030,0.25130,1549707
2024-10-06T05:00:00Z,0.25130,0.25220,0.25090,0.25150,1209194
2024-10-06T06:00:00Z,0.25140,0.25320,0.25120,0.25230,2026303
2024-10-06T07:00:00Z,0.25230,0.25320,0.25230,0.25280,1588892
2024-10-06T08:00:00Z,0.25280,0.25340,0.25210,0.25210,1270548
2024-10-06T09:00:00Z,0.25210,0.25420,0.25210,0.25330,1365265
2024-10-06T10:00:00Z,0.25340,0.25360,0.25250,0.25300,1941575
2024-10-06T11:00:00Z,0.25300,0.25490,0.25300,0.25450,1638617
2024-10-06T12:00:00Z,0.25460,0.25570,0.25420,0.25530,1979334
2024-10-06T13:00:00Z,0.25540,0.25600,0.25500,0.25500,2144495
2024-10-06T14:00:00Z,0.25510,0.25880,0.25420,0.25830,4269814
2024-10-06T15:00:00Z,0.25830,0.25870,0.25600,0.25770,3806544
2024-10-06T16:00:00Z,0.25760,0.25860,0.25590,0.25600,1916416
2024-10-06T17:00:00Z,0.25600,0.25650,0.25510,0.25510,2313884
2024-10-06T18:00:00Z,0.25510,0.25600,0.25450,0.25540,2231225
2024-10-06T19:00:00Z,0.25540,0.25680,0.25400,0.25440,1731465
2024-10-06T20:00:00Z,0.25440,0.25560,0.25410,0.25500,990746
2024-10-06T21:00:00Z,0.25500,0.25560,0.25280,0.25300,2067958
2024-10-06T22:00:00Z,0.25300,0.25580,0.25300,0.25580,1472716
2024-10-06T23:00:00Z,0.25570,0.25770,0.25560,0.25750,2370285
2024-10-07T00:00:00Z,0.25760,0.26150,0.25670,0.26150,10204566
2024-10-07T01:00:00Z,0.26150,0.26330,0.26130,0.26300,4067943
2024-10-07T02:00:00Z,0.26310,0.26390,0.26090,0.26090,3176112
2024-10-07T03:00:00Z,0.26090,0.26230,0.26040,0.26230,3991300
2024-10-07T04:00:00Z,0.26230,0.26270,0.26020,0.26030,1406892
2024-10-07T05:00:00Z,0.26030,0.26180,0.26010,0.26020,1682817
2024-10-07T06:00:00Z,0.26030,0.26160,0.26020,0.26140,2216077
2024-10-07T07:00:00Z,0.26130,0.26140,0.25980,0.26040,2837666
2024-10-07T08:00:00Z,0.26040,0.26120,0.25980,0.26000,1528901
2024-10-07T09:00:00Z,0.26000,0.26050,0.25570,0.25710,5502819
2024-10-07T10:00:00Z,0.25700,0.25700,0.25410,0.25490,5253838
2024-10-07T11:00:00Z,0.25480,0.25720,0.25300,0.25720,4027227
2024-10-07T12:00:00Z,0.25710,0.25710,0.25520,0.25550,2749095
2024-10-07T13:00:00Z,0.25550,0.25940,0.25540,0.25850,3645550
2024-10-07T14:00:00Z,0.25850,0.26360,0.25830,0.26060,10029873
2024-10-07T15:00:00Z,0.26050,0.26140,0.25890,0.25990,7090783
2024-10-07T16:00:00Z,0.26000,0.26220,0.25910,0.26150,5439911
2024-10-07T17:00:00Z,0.26160,0.26220,0.26050,0.26200,3771348
2024-10-07T18:00:00Z,0.26210,0.26240,0.25550,0.25620,8680151
2024-10-07T19:00:00Z,0.25630,0.25950,0.25610,0.25900,8110943
2024-10-07T20:00:00Z,0.25900,0.25960,0.25810,0.25820,3080987
2024-10-07T21:00:00Z,0.25820,0.26120,0.25800,0.26100,1958615
2024-10-07T22:00:00Z,0.26100,0.26100,0.25560,0.25610,7100121
2024-10-07T23:00:00Z,0.25610,0.25750,0.25370,0.25400,10698353
2024-10-08T00:00:00Z,0.25390,0.25670,0.25350,0.25660,5661426
2024-10-08T01:00:00Z,0.25650,0.25770,0.25490,0.25680,4583448
2024-10-08T02:00:00Z,0.25690,0.25760,0.25510,0.25730,2229251
2024-10-08T03:00:00Z,0.25740,0.25780,0.25660,0.25710,1782892
2024-10-08T04:00:00Z,0.25720,0.25800,0.25570,0.25680,1825149
2024-10-08T05:00:00Z,0.25680,0.25720,0.25290,0.25480,4534190
2024-10-08T06:00:00Z,0.25470,0.25540,0.25250,0.25490,3465763
2024-10-08T07:00:00Z,0.25490,0.25490,0.25120,0.25330,3278927
2024-10-08T08:00:00Z,0.25320,0.25450,0.25230,0.25390,1839603
2024-10-08T09:00:00Z,0.25400,0.25550,0.25250,0.25500,1796638
2024-10-08T10:00:00Z,0.25500,0.25650,0.25440,0.25600,2934798
2024-10-08T11:00:00Z,0.25600,0.25660,0.25520,0.25610,2090714
2024-10-08T12:00:00Z,0.25610,0.25630,0.25330,0.25330,3815318
2024-10-08T13:00:00Z,0.25330,0.25550,0.25140,0.25550,6951167
2024-10-08T14:00:00Z,0.25540,0.25670,0.25050,0.25350,7968668
2024-10-08T15:00:00Z,0.25350,0.25420,0.24860,0.25100,8230982
2024-10-08T16:00:00Z,0.25100,0.25340,0.24950,0.25320,6710904
2024-10-08T17:00:00Z,0.25320,0.25330,0.25040,0.25170,4134606
2024-10-08T18:00:00Z,0.25170,0.25320,0.24890,0.25020,3903822
2024-10-08T19:00:00Z,0.25010,0.25140,0.24840,0.25070,3796488
2024-10-08T20:00:00Z,0.25080,0.25230,0.25000,0.25200,3234049
2024-10-08T21:00:00Z,0.25200,0.25260,0.25140,0.25220,1885064
2024-10-08T22:00:00Z,0.25220,0.25230,0.24990,0.25000,2448553
2024-10-08T23:00:00Z,0.25010,0.25090,0.24910,0.25070,1912642
2024-10-09T00:00:00Z,0.25070,0.25180,0.24900,0.25060,3292071
2024-10-09T01:00:00Z,0.25070,0.25410,0.25030,0.25270,3035839
2024-10-09T02:00:00Z,0.25270,0.25280,0.25030,0.25030,3587017
2024-10-09T03:00:00Z,0.25030,0.25170,0.24960,0.25120,2220525
2024-10-09T04:00:00Z,0.25110,0.25220,0.25030,0.25070,1772091
2024-10-09T05:00:00Z,0.25060,0.25330,0.25050,0.25320,2148350
2024-10-09T06:00:00Z,0.25310,0.25340,0.25180,0.25230,1948706
2024-10-09T07:00:00Z,0.25230,0.25240,0.25020,0.25120,1930597
2024-10-09T08:00:00Z,0.25130,0.25160,0.24960,0.25030,2081823
2024-10-09T09:00:00Z,0.25030,0.25160,0.24990,0.25130,1525050
2024-10-09T10:00:00Z,0.25130,0.25130,0.24960,0.25040,1325045
2024-10-09T11:00:00Z,0.25040,0.25100,0.24980,0.25060,1500798
2024-10-09T12:00:00Z,0.25060,0.25070,0.24600,0.24750,6279105
2024-10-09T13:00:00Z,0.24750,0.24750,0.24500,0.24550,7359186
2024-10-09T14:00:00Z,0.24550,0.24720,0.24480,0.24590,4385297
2024-10-09T15:00:00Z,0.24590,0.25000,0.24580,0.24930,6224916
2024-10-09T16:00:00Z,0.24930,0.24950,0.24600,0.24710,5586525
2024-10-09T17:00:00Z,0.24700,0.24780,0.24570,0.24710,3699950
2024-10-09T18:00:00Z,0.24720,0.24790,0.24440,0.24540,5206692
2024-10-09T19:00:00Z,0.24540,0.24620,0.24430,0.24560,2251604
2024-10-09T20:00:00Z,0.24550,0.24550,0.24110,0.24200,10771500
2024-10-09T21:00:00Z,0.24190,0.24590,0.24140,0.24560,4068151
2024-10-09T22:00:00Z,0.24560,0.24560,0.24420,0.24500,1970091
2024-10-09T23:00:00Z,0.24500,0.24600,0.24440,0.24520,2297708
2024-10-10T00:00:00Z,0.24530,0.24620,0.24310,0.24500,4472867
2024-10-10T01:00:00Z,0.24490,0.24730,0.24480,0.24690,1939907
2024-10-10T02:00:00Z,0.24690,0.24790,0.24690,0.24720,2078848
2024-10-10T03:00:00Z,0.24730,0.24790,0.24690,0.24700,1253725
2024-10-10T04:00:00Z,0.24710,0.24750,0.24650,0.24680,1200559
2024-10-10T05:00:00Z,0.24680,0.24890,0.24630,0.24830,2091921
2024-10-10T06:00:00Z,0.24830,0.24850,0.24760,0.24800,1311495
2024-10-10T07:00:00Z,0.24800,0.24830,0.24680,0.24690,1705011
2024-10-10T08:00:00Z,0.24690,0.24820,0.24570,0.24600,2943030
2024-10-10T09:00:00Z,0.24590,0.24630,0.24340,0.24550,4092696
2024-10-10T10:00:00Z,0.24540,0.24840,0.24530,0.24790,2362053
2024-10-10T11:00:00Z,0.24790,0.24960,0.24790,0.24880,2534314
2024-10-10T12:00:00Z,0.24880,0.24950,0.24540,0.24780,6041420
2024-10-10T13:00:00Z,0.24770,0.24920,0.24470,0.24640,6803779
2024-10-10T14:00:00Z,0.24640,0.24730,0.24430,0.24580,3567680
2024-10-10T15:00:00Z,0.24580,0.24660,0.24460,0.24660,2998085
2024-10-10T16:00:00Z,0.24660,0.24790,0.24450,0.24460,4281374
2024-10-10T17:00:00Z,0.24460,0.24580,0.24110,0.24220,6683966
2024-10-10T18:00:00Z,0.24220,0.24430,0.23940,0.24410,10549658
2024-10-10T19:00:00Z,0.24400,0.24450,0.24280,0.24410,2678842
2024-10-10T20:00:00Z,0.24410,0.24620,0.24390,0.24600,2480305
2024-10-10T21:00:00Z,0.24590,0.24760,0.24540,0.24760,1928170
2024-10-10T22:00:00Z,0.24760,0.24770,0.24600,0.24670,2367747
2024-10-10T23:00:00Z,0.24670,0.24750,0.24660,0.24750,1902202
2024-10-11T00:00:00Z,0.24750,0.24850,0.24670,0.24800,3829895
2024-10-11T01:00:00Z,0.24790,0.25020,0.24660,0.24980,3071736
2024-10-11T02:00:00Z,0.24980,0.25000,0.24860,0.24940,3692617
2024-10-11T03:00:00Z,0.24940,0.25060,0.24940,0.24980,1932429
2024-10-11T04:00:00Z,0.24980,0.25060,0.24910,0.24960,1548840
2024-10-11T05:00:00Z,0.24960,0.25020,0.24870,0.24900,1913146
2024-10-11T06:00:00Z,0.24890,0.25110,0.24880,0.25090,2048045
2024-10-11T07:00:00Z,0.25090,0.25430,0.25090,0.25340,8931075
2024-10-11T08:00:00Z,0.25340,0.25380,0.25180,0.25190,3580856
2024-10-11T09:00:00Z,0.25200,0.25410,0.25190,0.25380,1609841
2024-10-11T10:00:00Z,0.25380,0.25460,0.25310,0.25400,2232331
2024-10-11T11:00:00Z,0.25400,0.25430,0.25330,0.25370,1477444
2024-10-11T12:00:00Z,0.25370,0.25520,0.25350,0.25490,2735886
2024-10-11T13:00:00Z,0.25490,0.25620,0.25300,0.25570,4184388
2024-10-11T14:00:00Z,0.25560,0.25610,0.25430,0.25490,3537119
2024-10-11T15:00:00Z,0.25490,0.25690,0.25480,0.25680,3199495
2024-10-11T16:00:00Z,0.25680,0.25750,0.25580,0.25670,3936137
2024-10-11T17:00:00Z,0.25680,0.25860,0.25670,0.25840,3164284
2024-10-11T18:00:00Z,0.25840,0.25870,0.25740,0.25780,2098226
2024-10-11T19:00:00Z,0.25770,0.25950,0.25750,0.25880,2504565
2024-10-11T20:00:00Z,0.25880,0.25990,0.25880,0.25920,1729595
2024-10-11T21:00:00Z,0.25930,0.26020,0.25890,0.25930,1937671
2024-10-11T22:00:00Z,0.25930,0.26000,0.25870,0.25940,1834745
2024-10-11T23:00:00Z,0.25940,0.25980,0.25820,0.25910,1326674
2024-10-12T00:00:00Z,0.25920,0.26080,0.25900,0.26000,4357909
2024-10-12T01:00:00Z,0.26010,0.26080,0.25950,0.26070,1504576
2024-10-12T02:00:00Z,0.26070,0.26070,0.25870,0.25930,2004481
2024-10-12T03:00:00Z,0.25920,0.26030,0.25820,0.25920,2486374
2024-10-12T04:00:00Z,0.25920,0.26100,0.25920,0.26060,3285330
2024-10-12T05:00:00Z,0.26060,0.26150,0.26000,0.26150,1268958
2024-10-12T06:00:00Z,0.26140,0.26180,0.26110,0.26130,1532830
2024-10-12T07:00:00Z,0.26140,0.26230,0.26080,0.26200,2076878
2024-10-12T08:00:00Z,0.26190,0.26470,0.26150,0.26420,4666016
2024-10-12T09:00:00Z,0.26420,0.26460,0.26310,0.26430,1552590
2024-10-12T10:00:00Z,0.26420,0.26640,0.26380,0.26610,3158952
2024-10-12T11:00:00Z,0.26600,0.26660,0.26420,0.26470,2579654
2024-10-12T12:00:00Z,0.26480,0.26560,0.26420,0.26550,2198484
2024-10-12T13:00:00Z,0.26560,0.26690,0.26510,0.26610,2371040
2024-10-12T14:00:00Z,0.26600,0.26720,0.26530,0.26570,2361286
2024-10-12T15:00:00Z,0.26580,0.26650,0.26420,0.26510,2433018
2024-10-12T16:00:00Z,0.26500,0.26620,0.26410,0.26410,1657719
2024-10-12T17:00:00Z,0.26410,0.26530,0.26360,0.26380,1374708
2024-10-12T18:00:00Z,0.26390,0.26460,0.26290,0.26320,1775701
2024-10-12T19:00:00Z,0.26320,0.26400,0.26270,0.26370,2242351
2024-10-12T20:00:00Z,0.26360,0.26520,0.26360,0.26430,2000906
2024-10-12T21:00:00Z,0.26440,0.26590,0.26430,0.26570,1621853
2024-10-12T22:00:00Z,0.26560,0.26600,0.26460,0.26570,1430722
2024-10-12T23:00:00Z,0.26570,0.26600,0.26450,0.26480,989972
2024-10-13T00:00:00Z,0.26480,0.26610,0.26460,0.26500,4765003
2024-10-13T01:00:00Z,0.26490,0.26520,0.26250,0.26390,2551578
2024-10-13T02:00:00Z,0.26380,0.26490,0.26350,0.26480,1817270
2024-10-13T03:00:00Z,0.26480,0.26520,0.26300,0.26380,2549481
2024-10-13T04:00:00Z,0.26380,0.26590,0.26380,0.26570,1629841
2024-10-13T05:00:00Z,0.26570,0.26840,0.26550,0.26630,4236996
2024-10-13T06:00:00Z,0.26640,0.26740,0.26580,0.26680,1901533
2024-10-13T07:00:00Z,0.26680,0.26800,0.26570,0.26770,2508323
2024-10-13T08:00:00Z,0.26780,0.26860,0.26580,0.26610,3840473
2024-10-13T09:00:00Z,0.26610,0.26780,0.26600,0.26670,1527901
2024-10-13T10:00:00Z,0.26670,0.26710,0.26500,0.26500,1452604
2024-10-13T11:00:00Z,0.26490,0.26620,0.26320,0.26330,2749992
2024-10-13T12:00:00Z,0.26340,0.26540,0.26340,0.26390,2102327
2024-10-13T13:00:00Z,0.26400,0.26470,0.26330,0.26400,1199699
2024-10-13T14:00:00Z,0.26400,0.26410,0.25970,0.26030,5132256
2024-10-13T15:00:00Z,0.26030,0.26160,0.25750,0.25860,7851023
2024-10-13T16:00:00Z,0.25840,0.26120,0.25810,0.26090,4149056
2024-10-13T17:00:00Z,0.26090,0.26140,0.25800,0.25850,2604951
2024-10-13T18:00:00Z,0.25850,0.25880,0.25640,0.25690,2616715
2024-10-13T19:00:00Z,0.25690,0.25820,0.25680,0.25750,1923114
2024-10-13T20:00:00Z,0.25760,0.25800,0.25680,0.25790,1311356
2024-10-13T21:00:00Z,0.25790,0.26090,0.25760,0.26060,1500329
2024-10-13T22:00:00Z,0.26060,0.26350,0.26040,0.26130,4552358
2024-10-13T23:00:00Z,0.26120,0.26210,0.25980,0.26210,2083008
2024-10-14T00:00:00Z,0.26200,0.26260,0.25930,0.25940,2765422
2024-10-14T01:00:00Z,0.25940,0.26270,0.25940,0.26090,1910214
2024-10-14T02:00:00Z,0.26080,0.26080,0.25910,0.26020,2388773
2024-10-14T03:00:00Z,0.26020,0.26850,0.26020,0.26790,8185902
2024-10-14T04:00:00Z,0.26800,0.26930,0.26680,0.26770,8278142
2024-10-14T05:00:00Z,0.26770,0.26820,0.26530,0.26700,3194027
2024-10-14T06:00:00Z,0.26710,0.26970,0.26620,0.26930,4142448
2024-10-14T07:00:00Z,0.26930,0.27150,0.26840,0.27050,5530376
2024-10-14T08:00:00Z,0.27050,0.27130,0.26810,0.26860,3706461
2024-10-14T09:00:00Z,0.26860,0.27100,0.26770,0.27060,3008919
2024-10-14T10:00:00Z,0.27060,0.27100,0.26970,0.27030,3079193
2024-10-14T11:00:00Z,0.27040,0.27140,0.27010,0.27120,1899516
2024-10-14T12:00:00Z,0.27130,0.27220,0.27010,0.27030,3686679
2024-10-14T13:00:00Z,0.27030,0.27200,0.26920,0.27170,3677648
2024-10-14T14:00:00Z,0.27180,0.27590,0.27160,0.27360,7853484
2024-10-14T15:00:00Z,0.27370,0.27610,0.27310,0.27560,4558755
2024-10-14T16:00:00Z,0.27560,0.27690,0.27380,0.27510,6067938
2024-10-14T17:00:00Z,0.27500,0.27660,0.27450,0.27600,2791776
2024-10-14T18:00:00Z,0.27610,0.27760,0.27570,0.27660,2868288
2024-10-14T19:00:00Z,0.27660,0.27710,0.27550,0.27580,2499389
2024-10-14T20:00:00Z,0.27570,0.27680,0.27540,0.27610,2428564
2024-10-14T21:00:00Z,0.27620,0.27750,0.27590,0.27600,1845882
2024-10-14T22:00:00Z,0.27600,0.27870,0.27580,0.27860,4311498
2024-10-14T23:00:00Z,0.27860,0.27930,0.27620,0.27680,3075807
2024-10-15T00:00:00Z,0.27690,0.27850,0.27510,0.27600,5579482
2024-10-15T01:00:00Z,0.27600,0.27690,0.27480,0.27650,2920515
2024-10-15T02:00:00Z,0.27640,0.27760,0.27570,0.27670,1956222
2024-10-15T03:00:00Z,0.27660,0.27680,0.27340,0.27360,2775961
2024-10-15T04:00:00Z,0.27370,0.27550,0.27260,0.27470,3540234
2024-10-15T05:00:00Z,0.27470,0.27500,0.27160,0.27330,6285005
2024-10-15T06:00:00Z,0.27330,0.27410,0.27170,0.27380,7383722
2024-10-15T07:00:00Z,0.27390,0.27570,0.27270,0.27300,3344331
2024-10-15T08:00:00Z,0.27310,0.27490,0.27290,0.27410,1759402
2024-10-15T09:00:00Z,0.27420,0.27460,0.27230,0.27240,4357505
2024-10-15T10:00:00Z,0.27240,0.27440,0.27220,0.27320,2974240
2024-10-15T11:00:00Z,0.27320,0.27340,0.26520,0.26650,11922296
2024-10-15T12:00:00Z,0.26660,0.27040,0.26590,0.26920,6491922
2024-10-15T13:00:00Z,0.26920,0.27560,0.26770,0.27490,7466316
2024-10-15T14:00:00Z,0.27490,0.27640,0.26260,0.26500,22295537
2024-10-15T15:00:00Z,0.26500,0.26740,0.26020,0.26590,14025896
2024-10-15T16:00:00Z,0.26590,0.27170,0.26580,0.27030,8195488
2024-10-15T17:00:00Z,0.27040,0.27120,0.26800,0.27050,3575215
2024-10-15T18:00:00Z,0.27050,0.27270,0.27030,0.27070,2795672
2024-10-15T19:00:00Z,0.27070,0.27130,0.26790,0.26880,3430883
2024-10-15T20:00:00Z,0.26880,0.26940,0.26440,0.26490,4025319
2024-10-15T21:00:00Z,0.26490,0.26750,0.26420,0.26700,2636319
2024-10-15T22:00:00Z,0.26690,0.26840,0.26610,0.26770,2581243
2024-10-15T23:00:00Z,0.26780,0.27080,0.26760,0.27020,3722027
2024-10-16T00:00:00Z,0.27010,0.27070,0.26770,0.26780,2435690
2024-10-16T01:00:00Z,0.26780,0.27060,0.26650,0.26920,2414278
2024-10-16T02:00:00Z,0.26930,0.27120,0.26880,0.26910,2812417
2024-10-16T03:00:00Z,0.26900,0.26980,0.26760,0.26810,2348395
2024-10-16T04:00:00Z,0.26810,0.26890,0.26530,0.26690,2069061
2024-10-16T05:00:00Z,0.26700,0.26920,0.26690,0.26800,2328443
2024-10-16T06:00:00Z,0.26800,0.26880,0.26470,0.26630,2639612
2024-10-16T07:00:00Z,0.26620,0.26620,0.26350,0.26430,3363432
2024-10-16T08:00:00Z,0.26430,0.26570,0.26380,0.26460,2966366
2024-10-16T09:00:00Z,0.26450,0.26730,0.26440,0.26700,3315877
2024-10-16T10:00:00Z,0.26690,0.26710,0.26510,0.26590,2774111
2024-10-16T11:00:00Z,0.26580,0.26950,0.26440,0.26790,6503598
2024-10-16T12:00:00Z,0.26800,0.26910,0.26690,0.26720,3685615
2024-10-16T13:00:00Z,0.26720,0.26800,0.26450,0.26560,5326913
2024-10-16T14:00:00Z,0.26560,0.26930,0.26380,0.26580,5629873
2024-10-16T15:00:00Z,0.26580,0.26720,0.26420,0.26550,2748836
2024-10-16T16:00:00Z,0.26560,0.26770,0.26430,0.26740,3837886
2024-10-16T17:00:00Z,0.26740,0.26850,0.26630,0.26750,1962363
2024-10-16T18:00:00Z,0.26740,0.26880,0.26720,0.26790,2144547
2024-10-16T19:00:00Z,0.26800,0.26920,0.26750,0.26870,2003885
2024-10-16T20:00:00Z,0.26860,0.27110,0.26860,0.27000,2386067
2024-10-16T21:00:00Z,0.27000,0.27080,0.26910,0.26930,1413847
2024-10-16T22:00:00Z,0.26930,0.27130,0.26920,0.27070,1627015
2024-10-16T23:00:00Z,0.27070,0.27090,0.26840,0.26900,1291283
2024-10-17T00:00:00Z,0.26900,0.27030,0.26880,0.26930,2960990
2024-10-17T01:00:00Z,0.26930,0.27040,0.26700,0.27000,3018821
2024-10-17T02:00:00Z,0.27000,0.27030,0.26720,0.26740,2968147
2024-10-17T03:00:00Z,0.26740,0.26880,0.26730,0.26840,1608707
2024-10-17T04:00:00Z,0.26840,0.26850,0.26540,0.26540,1803553
2024-10-17T05:00:00Z,0.26550,0.26640,0.26380,0.26410,3221151
2024-10-17T06:00:00Z,0.26410,0.26520,0.26320,0.26350,5514748
2024-10-17T07:00:00Z,0.26350,0.26410,0.26090,0.26240,5556965
2024-10-17T08:00:00Z,0.26230,0.26300,0.26080,0.26280,2357946
2024-10-17T09:00:00Z,0.26270,0.26320,0.26180,0.26190,1522696
2024-10-17T10:00:00Z,0.26190,0.26240,0.25770,0.25990,4612354
2024-10-17T11:00:00Z,0.25990,0.26000,0.25630,0.25660,5046154
2024-10-17T12:00:00Z,0.25650,0.25800,0.25540,0.25780,6272180
2024-10-17T13:00:00Z,0.25770,0.25910,0.25560,0.25710,4153395
2024-10-17T14:00:00Z,0.25710,0.25790,0.25520,0.25710,4332728
2024-10-17T15:00:00Z,0.25720,0.25940,0.25590,0.25840,3996226
2024-10-17T16:00:00Z,0.25840,0.25860,0.25580,0.25660,3579006
2024-10-17T17:00:00Z,0.25670,0.25780,0.25440,0.25550,4140801
2024-10-17T18:00:00Z,0.25540,0.25570,0.25260,0.25420,6698794
2024-10-17T19:00:00Z,0.25410,0.25660,0.25350,0.25580,1948606
2024-10-17T20:00:00Z,0.25580,0.25750,0.25570,0.25660,1586544
2024-10-17T21:00:00Z,0.25650,0.25740,0.25640,0.25700,1314865
2024-10-17T22:00:00Z,0.25700,0.25940,0.25700,0.25920,3094685
2024-10-17T23:00:00Z,0.25910,0.25920,0.25780,0.25860,1936912
2024-10-18T00:00:00Z,0.25860,0.25860,0.25600,0.25610,3519860
2024-10-18T01:00:00Z,0.25610,0.26200,0.25610,0.26130,3308724
2024-10-18T02:00:00Z,0.26130,0.26160,0.25950,0.26130,2503547
2024-10-18T03:00:00Z,0.26120,0.26130,0.25910,0.25930,1931141
2024-10-18T04:00:00Z,0.25930,0.26010,0.25910,0.25920,1627079
2024-10-18T05:00:00Z,0.25910,0.26170,0.25860,0.26150,2133442
2024-10-18T06:00:00Z,0.26160,0.26260,0.26090,0.26150,2309826
2024-10-18T07:00:00Z,0.26140,0.26230,0.26060,0.26150,1568970
2024-10-18T08:00:00Z,0.26140,0.26170,0.26030,0.26110,1427781
2024-10-18T09:00:00Z,0.26110,0.26140,0.25970,0.25980,1726243
2024-10-18T10:00:00Z,0.25990,0.26140,0.25970,0.26090,1624403
2024-10-18T11:00:00Z,0.26090,0.26150,0.25940,0.25960,1051386
2024-10-18T12:00:00Z,0.25960,0.26020,0.25820,0.25880,2704842
2024-10-18T13:00:00Z,0.25880,0.26140,0.25850,0.26100,2607078
2024-10-18T14:00:00Z,0.26100,0.26260,0.25950,0.26120,4719882
2024-10-18T15:00:00Z,0.26130,0.26290,0.26090,0.26230,3579482
2024-10-18T16:00:00Z,0.26230,0.26520,0.26070,0.26450,5318655
2024-10-18T17:00:00Z,0.26460,0.26590,0.26380,0.26440,2246406
2024-10-18T18:00:00Z,0.26430,0.26700,0.26390,0.26690,2893488
2024-10-18T19:00:00Z,0.26690,0.27010,0.26650,0.26690,8805339
2024-10-18T20:00:00Z,0.26690,0.26940,0.26680,0.26840,4381605
2024-10-18T21:00:00Z,0.26840,0.26980,0.26720,0.26970,2725385
2024-10-18T22:00:00Z,0.26980,0.27890,0.26980,0.27720,32409153
2024-10-18T23:00:00Z,0.27730,0.28170,0.27610,0.28090,20716336
2024-10-19T00:00:00Z,0.28090,0.29700,0.28060,0.29470,62671705
2024-10-19T01:00:00Z,0.29460,0.29480,0.28800,0.28850,19548671
2024-10-19T02:00:00Z,0.28850,0.29420,0.28810,0.29170,13194595
2024-10-19T03:00:00Z,0.29160,0.29480,0.29110,0.29230,8905521
2024-10-19T04:00:00Z,0.29240,0.29490,0.29110,0.29450,10270568
2024-10-19T05:00:00Z,0.29450,0.29680,0.29290,0.29350,9480336
2024-10-19T06:00:00Z,0.29350,0.29410,0.29170,0.29220,6470006
2024-10-19T07:00:00Z,0.29220,0.29230,0.28610,0.28710,15279817
2024-10-19T08:00:00Z,0.28710,0.28940,0.28540,0.28590,13014974
2024-10-19T09:00:00Z,0.28600,0.28670,0.28460,0.28630,6691169
2024-10-19T10:00:00Z,0.28620,0.28620,0.28130,0.28130,6821362
2024-10-19T11:00:00Z,0.28130,0.28210,0.27750,0.27790,13507647
2024-10-19T12:00:00Z,0.27780,0.28230,0.27760,0.28100,6878885
2024-10-19T13:00:00Z,0.28100,0.28110,0.27910,0.28090,4428368
2024-10-19T14:00:00Z,0.28080,0.28270,0.28020,0.28210,6226498
2024-10-19T15:00:00Z,0.28210,0.28270,0.27910,0.27920,4902161
2024-10-19T16:00:00Z,0.27920,0.27950,0.27540,0.27560,9988581
2024-10-19T17:00:00Z,0.27570,0.27740,0.27560,0.27640,4163126
2024-10-19T18:00:00Z,0.27630,0.27770,0.27570,0.27770,2572530
2024-10-19T19:00:00Z,0.27760,0.27840,0.27610,0.27650,3225162
2024-10-19T20:00:00Z,0.27650,0.27800,0.27620,0.27760,1803324
2024-10-19T21:00:00Z,0.27750,0.27960,0.27720,0.27800,5731835
2024-10-19T22:00:00Z,0.27800,0.28010,0.27750,0.27960,3386874
2024-10-19T23:00:00Z,0.27950,0.28120,0.27920,0.28060,5520960
2024-10-20T00:00:00Z,0.28050,0.28280,0.27920,0.28200,8537927
2024-10-20T01:00:00Z,0.28200,0.28300,0.28070,0.28110,4625328
2024-10-20T02:00:00Z,0.28110,0.28200,0.27890,0.27930,4094495
2024-10-20T03:00:00Z,0.27940,0.27950,0.27730,0.27790,4199707
2024-10-20T04:00:00Z,0.27790,0.28140,0.27730,0.28140,5865728
2024-10-20T05:00:00Z,0.28140,0.28740,0.28100,0.28510,14678753
2024-10-20T06:00:00Z,0.28520,0.28920,0.28410,0.28590,16894650
2024-10-20T07:00:00Z,0.28590,0.28680,0.28440,0.28500,3162353
2024-10-20T08:00:00Z,0.28500,0.28620,0.28390,0.28490,5087599
2024-10-20T09:00:00Z,0.28490,0.28890,0.28450,0.28800,5841358
2024-10-20T10:00:00Z,0.28800,0.28820,0.28490,0.28570,6811067
2024-10-20T11:00:00Z,0.28580,0.28700,0.28520,0.28530,3236186
2024-10-20T12:00:00Z,0.28540,0.28670,0.28250,0.28360,6979113
2024-10-20T13:00:00Z,0.28360,0.28860,0.28330,0.28710,9398550
2024-10-20T14:00:00Z,0.28720,0.28790,0.28450,0.28550,7217352
2024-10-20T15:00:00Z,0.28550,0.28730,0.28400,0.28620,3717443
2024-10-20T16:00:00Z,0.28620,0.28730,0.28520,0.28550,2773345
2024-10-20T17:00:00Z,0.28550,0.28670,0.28510,0.28550,2603698
2024-10-20T18:00:00Z,0.28560,0.28630,0.28470,0.28520,1597135
2024-10-20T19:00:00Z,0.28530,0.28540,0.28380,0.28460,1804855
2024-10-20T20:00:00Z,0.28450,0.28680,0.28430,0.28600,1404811
2024-10-20T21:00:00Z,0.28590,0.28630,0.28430,0.28480,2297492
2024-10-20T22:00:00Z,0.28480,0.28800,0.28440,0.28690,8913334
2024-10-20T23:00:00Z,0.28690,0.28750,0.28560,0.28690,2751992
2024-10-21T00:00:00Z,0.28680,0.28840,0.28380,0.28460,6831706
2024-10-21T01:00:00Z,0.28460,0.28710,0.28450,0.28680,2867326
2024-10-21T02:00:00Z,0.28690,0.28830,0.28450,0.28470,10735168
2024-10-21T03:00:00Z,0.28470,0.28620,0.28400,0.28620,2315380
2024-10-21T04:00:00Z,0.28610,0.28770,0.28490,0.28740,3811990
2024-10-21T05:00:00Z,0.28750,0.28800,0.28570,0.28680,4224783
2024-10-21T06:00:00Z,0.28670,0.29060,0.28560,0.28600,9744517
2024-10-21T07:00:00Z,0.28610,0.28780,0.28500,0.28540,7085319
2024-10-21T08:00:00Z,0.28540,0.28880,0.28540,0.28610,5120733
2024-10-21T09:00:00Z,0.28610,0.28770,0.28260,0.28600,9306495
2024-10-21T10:00:00Z,0.28590,0.28680,0.28400,0.28420,3172474
2024-10-21T11:00:00Z,0.28430,0.28550,0.28330,0.28420,2585645
2024-10-21T12:00:00Z,0.28420,0.28590,0.28120,0.28290,4253952
2024-10-21T13:00:00Z,0.28280,0.28340,0.27600,0.27720,13005465
2024-10-21T14:00:00Z,0.27710,0.28190,0.27680,0.28170,9045503
2024-10-21T15:00:00Z,0.28170,0.28170,0.27750,0.27940,5073780
2024-10-21T16:00:00Z,0.27960,0.27960,0.27560,0.27790,5220755
2024-10-21T17:00:00Z,0.27790,0.28080,0.27780,0.27960,4230625
2024-10-21T18:00:00Z,0.27960,0.27970,0.27720,0.27790,2091704
2024-10-21T19:00:00Z,0.27800,0.27930,0.27760,0.27920,1854556
2024-10-21T20:00:00Z,0.27920,0.27920,0.27770,0.27820,2600217
2024-10-21T21:00:00Z,0.27820,0.27970,0.27750,0.27890,1899500
2024-10-21T22:00:00Z,0.27890,0.27940,0.27820,0.27830,1687849
2024-10-21T23:00:00Z,0.27830,0.27830,0.27620,0.27640,2249515
2024-10-22T00:00:00Z,0.27640,0.27800,0.27130,0.27510,12883346
2024-10-22T01:00:00Z,0.27520,0.27850,0.27390,0.27740,4385284
2024-10-22T02:00:00Z,0.27740,0.27860,0.27470,0.27500,4880863
2024-10-22T03:00:00Z,0.27500,0.27740,0.27470,0.27710,2290932
2024-10-22T04:00:00Z,0.27710,0.27730,0.27590,0.27640,1562993
2024-10-22T05:00:00Z,0.27640,0.27740,0.27570,0.27590,2638853
2024-10-22T06:00:00Z,0.27590,0.27820,0.27590,0.27680,5039209
2024-10-22T07:00:00Z,0.27670,0.27770,0.27500,0.27530,3965287
2024-10-22T08:00:00Z,0.27520,0.27530,0.27160,0.27230,6482345
2024-10-22T09:00:00Z,0.27230,0.27280,0.26930,0.27120,8930306
2024-10-22T10:00:00Z,0.27110,0.27230,0.27010,0.27200,3980700
2024-10-22T11:00:00Z,0.27210,0.27320,0.27190,0.27210,2735331
2024-10-22T12:00:00Z,0.27220,0.27330,0.26880,0.26950,4509217
2024-10-22T13:00:00Z,0.26950,0.27120,0.26730,0.26970,5007670
2024-10-22T14:00:00Z,0.26970,0.27300,0.26880,0.27270,5379126
2024-10-22T15:00:00Z,0.27260,0.27340,0.27070,0.27290,4627309
2024-10-22T16:00:00Z,0.27280,0.27280,0.26950,0.26950,3248152
2024-10-22T17:00:00Z,0.26960,0.27480,0.26940,0.27480,5217144
2024-10-22T18:00:00Z,0.27480,0.27750,0.27340,0.27360,8632777
2024-10-22T19:00:00Z,0.27350,0.27600,0.27340,0.27520,3136577
2024-10-22T20:00:00Z,0.27520,0.27560,0.27370,0.27470,2046897
2024-10-22T21:00:00Z,0.27470,0.27650,0.27440,0.27620,1865471
2024-10-22T22:00:00Z,0.27610,0.28130,0.27570,0.28000,8135310
2024-10-22T23:00:00Z,0.28000,0.28170,0.27770,0.28030,6774545
2024-10-23T00:00:00Z,0.28040,0.28290,0.27670,0.27760,8590656
2024-10-23T01:00:00Z,0.27760,0.27920,0.27680,0.27850,2834958
2024-10-23T02:00:00Z,0.27850,0.27850,0.27640,0.27690,3529820
2024-10-23T03:00:00Z,0.27680,0.27770,0.27390,0.27520,4721204
2024-10-23T04:00:00Z,0.27520,0.27630,0.27420,0.27570,1878483
2024-10-23T05:00:00Z,0.27570,0.27580,0.27270,0.27330,2810421
2024-10-23T06:00:00Z,0.27330,0.27520,0.27210,0.27240,2982330
2024-10-23T07:00:00Z,0.27230,0.27360,0.26940,0.26990,5429666
2024-10-23T08:00:00Z,0.26990,0.27130,0.26770,0.26840,5496902
2024-10-23T09:00:00Z,0.26840,0.26920,0.26740,0.26890,4243976
2024-10-23T10:00:00Z,0.26890,0.26950,0.26740,0.26750,2951797
2024-10-23T11:00:00Z,0.26750,0.26880,0.26600,0.26700,3919067
2024-10-23T12:00:00Z,0.26690,0.26770,0.26550,0.26630,4226449
2024-10-23T13:00:00Z,0.26630,0.26880,0.26590,0.26790,3546258
2024-10-23T14:00:00Z,0.26780,0.26830,0.26580,0.26600,3687175
2024-10-23T15:00:00Z,0.26600,0.26640,0.26180,0.26320,8081892
2024-10-23T16:00:00Z,0.26330,0.26390,0.26060,0.26110,6291351
2024-10-23T17:00:00Z,0.26100,0.26300,0.26000,0.26080,4666937
2024-10-23T18:00:00Z,0.26070,0.26080,0.25700,0.26050,10457094
2024-10-23T19:00:00Z,0.26040,0.26330,0.25950,0.26300,6436088
2024-10-23T20:00:00Z,0.26300,0.26450,0.26170,0.26410,3315334
2024-10-23T21:00:00Z,0.26410,0.26440,0.26270,0.26290,2462921
2024-10-23T22:00:00Z,0.26290,0.26450,0.26270,0.26330,3941025
2024-10-23T23:00:00Z,0.26340,0.26500,0.26310,0.26410,2424588
2024-10-24T00:00:00Z,0.26420,0.26740,0.26190,0.26730,6848779
2024-10-24T01:00:00Z,0.26730,0.26780,0.26540,0.26610,4727168
2024-10-24T02:00:00Z,0.26600,0.26740,0.26540,0.26700,2776496
2024-10-24T03:00:00Z,0.26700,0.26760,0.26570,0.26590,3979635
2024-10-24T04:00:00Z,0.26590,0.26740,0.26590,0.26660,1947954
2024-10-24T05:00:00Z,0.26670,0.26790,0.26590,0.26590,2479955
2024-10-24T06:00:00Z,0.26590,0.26680,0.26420,0.26430,2475060
2024-10-24T07:00:00Z,0.26420,0.26500,0.26330,0.26340,2715158
2024-10-24T08:00:00Z,0.26330,0.26410,0.25950,0.25980,8625031
2024-10-24T09:00:00Z,0.25970,0.26030,0.25800,0.25890,7231319
2024-10-24T10:00:00Z,0.25900,0.26160,0.25870,0.26060,2501047
2024-10-24T11:00:00Z,0.26060,0.26260,0.26040,0.26150,2856823
2024-10-24T12:00:00Z,0.26150,0.26340,0.26120,0.26310,2900271
2024-10-24T13:00:00Z,0.26310,0.26440,0.26160,0.26380,5555776
2024-10-24T14:00:00Z,0.26390,0.26400,0.26180,0.26260,3398607
2024-10-24T15:00:00Z,0.26270,0.26520,0.26180,0.26430,5240941
2024-10-24T16:00:00Z,0.26420,0.26560,0.26340,0.26410,2465883
2024-10-24T17:00:00Z,0.26410,0.26500,0.26330,0.26400,2384832
2024-10-24T18:00:00Z,0.26400,0.26530,0.26380,0.26500,2276277
2024-10-24T19:00:00Z,0.26500,0.26690,0.26470,0.26650,6378318
2024-10-24T20:00:00Z,0.26650,0.26710,0.26560,0.26620,4098688
2024-10-24T21:00:00Z,0.26630,0.26920,0.26610,0.26750,3839042
2024-10-24T22:00:00Z,0.26740,0.26830,0.26570,0.26570,2037796
2024-10-24T23:00:00Z,0.26580,0.26640,0.26520,0.26640,2449672
2024-10-25T00:00:00Z,0.26630,0.26720,0.26460,0.26520,2900181
2024-10-25T01:00:00Z,0.26520,0.26530,0.26350,0.26380,1630677
2024-10-25T02:00:00Z,0.26380,0.26430,0.26200,0.26290,2000601
2024-10-25T03:00:00Z,0.26280,0.26440,0.26250,0.26290,1674110
2024-10-25T04:00:00Z,0.26280,0.26330,0.25810,0.25970,5721835
2024-10-25T05:00:00Z,0.25970,0.26080,0.25850,0.26020,1927573
2024-10-25T06:00:00Z,0.26020,0.26070,0.25900,0.25930,1414184
2024-10-25T07:00:00Z,0.25930,0.26000,0.25680,0.25890,3389250
2024-10-25T08:00:00Z,0.25890,0.26100,0.25690,0.26070,3610355
2024-10-25T09:00:00Z,0.26080,0.26210,0.26040,0.26190,2467648
2024-10-25T10:00:00Z,0.26190,0.26260,0.26120,0.26160,3144179
2024-10-25T11:00:00Z,0.26160,0.26290,0.26130,0.26280,1372485
2024-10-25T12:00:00Z,0.26280,0.26390,0.26140,0.26170,2434092
2024-10-25T13:00:00Z,0.26160,0.26450,0.26110,0.26390,2814240
2024-10-25T14:00:00Z,0.26400,0.26730,0.26350,0.26580,8091754
2024-10-25T15:00:00Z,0.26590,0.26730,0.26060,0.26230,5513118
2024-10-25T16:00:00Z,0.26220,0.26390,0.25910,0.26290,8130535
2024-10-25T17:00:00Z,0.26290,0.26440,0.25850,0.25870,5722926
2024-10-25T18:00:00Z,0.25870,0.26130,0.25410,0.25890,17507928
2024-10-25T19:00:00Z,0.25890,0.25960,0.25700,0.25870,3816186
2024-10-25T20:00:00Z,0.25870,0.25920,0.25710,0.25800,2416390
2024-10-25T21:00:00Z,0.25810,0.26000,0.25790,0.25980,1443560
2024-10-25T22:00:00Z,0.25980,0.25980,0.25500,0.25510,2439576
2024-10-25T23:00:00Z,0.25510,0.25540,0.23380,0.24310,46354853
2024-10-26T00:00:00Z,0.24310,0.24460,0.23820,0.24420,18215277
2024-10-26T01:00:00Z,0.24410,0.24550,0.24350,0.24490,5024420
2024-10-26T02:00:00Z,0.24490,0.24840,0.24320,0.24770,5929942
2024-10-26T03:00:00Z,0.24770,0.24840,0.24660,0.24710,2474388
2024-10-26T04:00:00Z,0.24710,0.24720,0.24560,0.24640,2552176
2024-10-26T05:00:00Z,0.24640,0.24740,0.24620,0.24660,2846524
2024-10-26T06:00:00Z,0.24660,0.24780,0.24620,0.24740,2269791
2024-10-26T07:00:00Z,0.24730,0.24740,0.24600,0.24660,2360097
2024-10-26T08:00:00Z,0.24660,0.24830,0.24610,0.24750,4277504
2024-10-26T09:00:00Z,0.24750,0.24840,0.24700,0.24720,2749245
2024-10-26T10:00:00Z,0.24720,0.24780,0.24640,0.24680,2551004
2024-10-26T11:00:00Z,0.24680,0.24770,0.24640,0.24750,1515115
2024-10-26T12:00:00Z,0.24750,0.24770,0.24610,0.24630,2001886
2024-10-26T13:00:00Z,0.24620,0.24630,0.24310,0.24340,4595019
2024-10-26T14:00:00Z,0.24330,0.24400,0.24030,0.24060,6828413
2024-10-26T15:00:00Z,0.24050,0.24330,0.23980,0.24180,6197274
2024-10-26T16:00:00Z,0.24180,0.24380,0.24040,0.24340,3046214
2024-10-26T17:00:00Z,0.24330,0.24540,0.24300,0.24540,3244437
2024-10-26T18:00:00Z,0.24540,0.24650,0.24530,0.24550,3127111
2024-10-26T19:00:00Z,0.24550,0.24630,0.24520,0.24610,1243967
2024-10-26T20:00:00Z,0.24610,0.24820,0.24590,0.24690,2491886
2024-10-26T21:00:00Z,0.24690,0.24720,0.24600,0.24670,1386744
2024-10-26T22:00:00Z,0.24670,0.24750,0.24640,0.24710,1164878
2024-10-26T23:00:00Z,0.24720,0.24840,0.24670,0.24760,1540056
2024-10-27T00:00:00Z,0.24760,0.24780,0.24640,0.24650,1401906
2024-10-27T01:00:00Z,0.24660,0.24830,0.24630,0.24810,1574330
2024-10-27T02:00:00Z,0.24800,0.24890,0.24750,0.24760,1245623
2024-10-27T03:00:00Z,0.24760,0.25040,0.24720,0.25020,1718778
2024-10-27T04:00:00Z,0.25020,0.25090,0.24850,0.24860,1470923
2024-10-27T05:00:00Z,0.24860,0.24990,0.24810,0.24910,1664908
2024-10-27T06:00:00Z,0.24910,0.24980,0.24860,0.24920,1076651
2024-10-27T07:00:00Z,0.24920,0.24960,0.24850,0.24910,1338559
2024-10-27T08:00:00Z,0.24920,0.25060,0.24910,0.24990,1508296
2024-10-27T09:00:00Z,0.24990,0.24990,0.24780,0.24920,2628040
2024-10-27T10:00:00Z,0.24910,0.24960,0.24860,0.24890,1701943
2024-10-27T11:00:00Z,0.24890,0.25020,0.24870,0.25000,1009139
2024-10-27T12:00:00Z,0.25010,0.25200,0.24960,0.25080,2614410
2024-10-27T13:00:00Z,0.25070,0.25230,0.25060,0.25080,3463505
2024-10-27T14:00:00Z,0.25070,0.25210,0.25070,0.25160,1838431
2024-10-27T15:00:00Z,0.25170,0.25240,0.25110,0.25190,1870057
2024-10-27T16:00:00Z,0.25200,0.25330,0.25180,0.25290,2391990
2024-10-27T17:00:00Z,0.25280,0.25310,0.25150,0.25160,3762423
2024-10-27T18:00:00Z,0.25170,0.25170,0.24990,0.25000,1455557
2024-10-27T19:00:00Z,0.25000,0.25090,0.24930,0.25070,2065560
2024-10-27T20:00:00Z,0.25070,0.25150,0.25030,0.25060,1125190
2024-10-27T21:00:00Z,0.25060,0.25270,0.25030,0.25200,1199602
2024-10-27T22:00:00Z,0.25210,0.25410,0.25170,0.25170,3209857
2024-10-27T23:00:00Z,0.25180,0.25310,0.25110,0.25150,2849971
2024-10-28T00:00:00Z,0.25140,0.25240,0.25030,0.25050,2411653
2024-10-28T01:00:00Z,0.25040,0.25090,0.24840,0.24880,2033419
2024-10-28T02:00:00Z,0.24880,0.24960,0.24830,0.24860,1633341
2024-10-28T03:00:00Z,0.24850,0.24940,0.24570,0.24620,3033683
2024-10-28T04:00:00Z,0.24610,0.24760,0.24540,0.24610,2010550
2024-10-28T05:00:00Z,0.24600,0.24650,0.24350,0.24610,2810413
2024-10-28T06:00:00Z,0.24610,0.24630,0.24480,0.24590,1510954
2024-10-28T07:00:00Z,0.24590,0.25010,0.24580,0.24850,3615360
2024-10-28T08:00:00Z,0.24850,0.24930,0.24810,0.24830,1571968
2024-10-28T09:00:00Z,0.24840,0.24960,0.24640,0.24940,3021658
2024-10-28T10:00:00Z,0.24940,0.24960,0.24810,0.24840,1818820
2024-10-28T11:00:00Z,0.24830,0.24850,0.24730,0.24800,1288564
2024-10-28T12:00:00Z,0.24800,0.24900,0.24640,0.24870,3709303
2024-10-28T13:00:00Z,0.24890,0.25150,0.24780,0.24900,6983716
2024-10-28T14:00:00Z,0.24900,0.24990,0.24730,0.24820,4433667
2024-10-28T15:00:00Z,0.24820,0.24820,0.24510,0.24520,5815777
2024-10-28T16:00:00Z,0.24520,0.24640,0.24400,0.24450,2765990
2024-10-28T17:00:00Z,0.24450,0.24670,0.24220,0.24510,5830323
2024-10-28T18:00:00Z,0.24510,0.24720,0.24500,0.24690,1872905
2024-10-28T19:00:00Z,0.24680,0.25090,0.24670,0.24870,5322366
2024-10-28T20:00:00Z,0.24870,0.24870,0.24870,0.24870,0
2024-10-28T21:00:00Z,0.25050,0.25300,0.24970,0.25290,2049811
2024-10-28T22:00:00Z,0.25300,0.25630,0.25240,0.25280,8944454
2024-10-28T23:00:00Z,0.25290,0.25380,0.25220,0.25290,1782216
2024-10-29T00:00:00Z,0.25290,0.25420,0.25240,0.25340,2899575
2024-10-29T01:00:00Z,0.25340,0.25510,0.25290,0.25510,8504621
2024-10-29T02:00:00Z,0.25500,0.25870,0.25460,0.25730,11388810
2024-10-29T03:00:00Z,0.25740,0.25880,0.25640,0.25650,4283106
2024-10-29T04:00:00Z,0.25650,0.25700,0.25550,0.25590,3469561
2024-10-29T05:00:00Z,0.25600,0.25610,0.25480,0.25500,1977625
2024-10-29T06:00:00Z,0.25510,0.25580,0.25380,0.25400,2462337
2024-10-29T07:00:00Z,0.25390,0.25480,0.25350,0.25400,3058087
2024-10-29T08:00:00Z,0.25390,0.25540,0.25390,0.25460,2326989
2024-10-29T09:00:00Z,0.25470,0.25560,0.25420,0.25560,3391167
2024-10-29T10:00:00Z,0.25550,0.25580,0.25370,0.25400,2244232
2024-10-29T11:00:00Z,0.25400,0.25500,0.25380,0.25450,2027900
2024-10-29T12:00:00Z,0.25450,0.25560,0.25390,0.25410,2981915
2024-10-29T13:00:00Z,0.25400,0.25600,0.25360,0.25540,3815781
2024-10-29T14:00:00Z,0.25550,0.25610,0.25370,0.25480,3084811
2024-10-29T15:00:00Z,0.25480,0.25630,0.25390,0.25630,3486963
2024-10-29T16:00:00Z,0.25620,0.26160,0.25610,0.26130,9154912
2024-10-29T17:00:00Z,0.26130,0.26260,0.25920,0.25970,8329321
2024-10-29T18:00:00Z,0.25960,0.26060,0.25840,0.26020,3966047
2024-10-29T19:00:00Z,0.26030,0.26100,0.25610,0.25700,6598645
2024-10-29T20:00:00Z,0.25710,0.25800,0.25470,0.25730,5452286
2024-10-29T21:00:00Z,0.25720,0.25940,0.25670,0.25930,2369828
2024-10-29T22:00:00Z,0.25930,0.26030,0.25860,0.25970,3058100
2024-10-29T23:00:00Z,0.25970,0.26000,0.25890,0.25980,1808865
2024-10-30T00:00:00Z,0.25990,0.26070,0.25750,0.25810,3280032
2024-10-30T01:00:00Z,0.25810,0.25860,0.25590,0.25830,3165367
2024-10-30T02:00:00Z,0.25840,0.25930,0.25770,0.25800,2826943
2024-10-30T03:00:00Z,0.25790,0.25940,0.25780,0.25890,1663682
2024-10-30T04:00:00Z,0.25900,0.25900,0.25790,0.25810,1278826
2024-10-30T05:00:00Z,0.25820,0.25860,0.25680,0.25760,1400724
2024-10-30T06:00:00Z,0.25760,0.25910,0.25730,0.25750,1895077
2024-10-30T07:00:00Z,0.25750,0.25840,0.25630,0.25660,1141887
2024-10-30T08:00:00Z,0.25660,0.25800,0.25480,0.25500,2480868
2024-10-30T09:00:00Z,0.25510,0.25620,0.25460,0.25550,2556037
2024-10-30T10:00:00Z,0.25550,0.25580,0.25440,0.25460,2456495
2024-10-30T11:00:00Z,0.25450,0.25480,0.25160,0.25200,4637771
2024-10-30T12:00:00Z,0.25210,0.25390,0.25090,0.25340,8520067
2024-10-30T13:00:00Z,0.25340,0.25520,0.25130,0.25500,4051993
2024-10-30T14:00:00Z,0.25500,0.25840,0.25450,0.25710,7395875
2024-10-30T15:00:00Z,0.25710,0.25760,0.25370,0.25540,5137560
2024-10-30T16:00:00Z,0.25550,0.25730,0.25490,0.25660,3401235
2024-10-30T17:00:00Z,0.25650,0.25670,0.25490,0.25600,3655068
2024-10-30T18:00:00Z,0.25610,0.25740,0.25590,0.25630,4392375
2024-10-30T19:00:00Z,0.25630,0.25680,0.25550,0.25580,1344147
2024-10-30T20:00:00Z,0.25580,0.25850,0.25470,0.25840,4121107
2024-10-30T21:00:00Z,0.25850,0.25880,0.25520,0.25690,2954341
2024-10-30T22:00:00Z,0.25680,0.25730,0.25590,0.25690,1912158
2024-10-30T23:00:00Z,0.25700,0.25820,0.25640,0.25640,1762976
2024-10-31T00:00:00Z,0.25650,0.25760,0.25530,0.25580,3603399
2024-10-31T01:00:00Z,0.25590,0.25640,0.25330,0.25560,3463602
2024-10-31T02:00:00Z,0.25570,0.25570,0.25360,0.25460,3653068
2024-10-31T03:00:00Z,0.25460,0.25490,0.25330,0.25350,1640343
2024-10-31T04:00:00Z,0.25360,0.25410,0.25280,0.25340,4452758
2024-10-31T05:00:00Z,0.25330,0.25360,0.25280,0.25320,2802482
2024-10-31T06:00:00Z,0.25320,0.25320,0.25060,0.25150,6177622
2024-10-31T07:00:00Z,0.25140,0.25140,0.24970,0.25100,2509455
2024-10-31T08:00:00Z,0.25090,0.25100,0.24860,0.24950,4143997
2024-10-31T09:00:00Z,0.24950,0.25110,0.24930,0.25080,1732297
2024-10-31T10:00:00Z,0.25080,0.25280,0.25030,0.25260,3136786
2024-10-31T11:00:00Z,0.25260,0.25270,0.25070,0.25140,2372393
2024-10-31T12:00:00Z,0.25150,0.25190,0.25040,0.25180,2506619
2024-10-31T13:00:00Z,0.25180,0.25220,0.24860,0.24930,4142150
2024-10-31T14:00:00Z,0.24930,0.24930,0.24550,0.24650,13334383
2024-10-31T15:00:00Z,0.24640,0.24830,0.24560,0.24750,4052261
2024-10-31T16:00:00Z,0.24740,0.24740,0.24610,0.24700,3295068
2024-10-31T17:00:00Z,0.24700,0.24750,0.24410,0.24470,4373819
2024-10-31T18:00:00Z,0.24480,0.24480,0.24070,0.24330,11513360
2024-10-31T19:00:00Z,0.24330,0.24400,0.24130,0.24160,2987985
2024-10-31T20:00:00Z,0.24160,0.24310,0.24070,0.24230,4211824
2024-10-31T21:00:00Z,0.24230,0.24470,0.24140,0.24430,3184228
2024-10-31T22:00:00Z,0.24430,0.24430,0.24220,0.24350,2915838
2024-10-31T23:00:00Z,0.24360,0.24460,0.24270,0.24330,1995953
2024-11-01T00:00:00Z,0.24340,0.24380,0.24250,0.24280,2248813
2024-11-01T01:00:00Z,0.24280,0.24390,0.24070,0.24080,8881021
2024-11-01T02:00:00Z,0.24080,0.24140,0.23730,0.24110,11709027
2024-11-01T03:00:00Z,0.24120,0.24250,0.24110,0.24150,1886193
2024-11-01T04:00:00Z,0.24150,0.24270,0.24140,0.24270,1459437
2024-11-01T05:00:00Z,0.24270,0.24270,0.24100,0.24140,2117391
2024-11-01T06:00:00Z,0.24150,0.24180,0.23880,0.23890,2858735
2024-11-01T07:00:00Z,0.23880,0.23990,0.23670,0.23950,5947796
2024-11-01T08:00:00Z,0.23950,0.24160,0.23930,0.24080,2994450
2024-11-01T09:00:00Z,0.24070,0.24220,0.24030,0.24180,2178087
2024-11-01T10:00:00Z,0.24180,0.24420,0.24150,0.24380,3616610
2024-11-01T11:00:00Z,0.24370,0.24550,0.24370,0.24490,3405008
2024-11-01T12:00:00Z,0.24490,0.24730,0.24460,0.24660,4827599
2024-11-01T13:00:00Z,0.24660,0.24910,0.24530,0.24900,8520641
2024-11-01T14:00:00Z,0.24900,0.24970,0.24700,0.24790,4795788
2024-11-01T15:00:00Z,0.24800,0.24810,0.23920,0.24150,12781693
2024-11-01T16:00:00Z,0.24150,0.24610,0.24100,0.24580,6952539
2024-11-01T17:00:00Z,0.24580,0.24610,0.24300,0.24360,5135057
2024-11-01T18:00:00Z,0.24360,0.24440,0.24300,0.24380,2393235
2024-11-01T19:00:00Z,0.24380,0.24380,0.24200,0.24320,4926421
2024-11-01T20:00:00Z,0.24310,0.24500,0.24310,0.24380,3349571
2024-11-01T21:00:00Z,0.24380,0.24380,0.23990,0.24280,3598048
2024-11-01T22:00:00Z,0.24280,0.24330,0.24160,0.24290,2361714
2024-11-01T23:00:00Z,0.24280,0.24430,0.24240,0.24400,1093048
2024-11-02T00:00:00Z,0.24410,0.24600,0.24390,0.24550,2494977
2024-11-02T01:00:00Z,0.24560,0.24600,0.24510,0.24570,1203320
2024-11-02T02:00:00Z,0.24580,0.24710,0.24560,0.24560,1619655
2024-11-02T03:00:00Z,0.24560,0.24580,0.24420,0.24450,1184800
2024-11-02T04:00:00Z,0.24460,0.24520,0.24420,0.24460,1086077
2024-11-02T05:00:00Z,0.24460,0.24550,0.24290,0.24520,1719487
2024-11-02T06:00:00Z,0.24530,0.24560,0.24470,0.24550,1106638
2024-11-02T07:00:00Z,0.24550,0.24680,0.24500,0.24650,2617678
2024-11-02T08:00:00Z,0.24660,0.24670,0.24430,0.24440,1657147
2024-11-02T09:00:00Z,0.24430,0.24550,0.24390,0.24450,1061289
2024-11-02T10:00:00Z,0.24450,0.24480,0.24380,0.24470,1015298
2024-11-02T11:00:00Z,0.24470,0.24570,0.24440,0.24450,1255585
2024-11-02T12:00:00Z,0.24450,0.24470,0.24090,0.24150,2840549
2024-11-02T13:00:00Z,0.24150,0.24290,0.23960,0.24000,4352387
2024-11-02T14:00:00Z,0.24010,0.24160,0.23960,0.24090,2689168
2024-11-02T15:00:00Z,0.24090,0.24250,0.23930,0.24120,3549450
2024-11-02T16:00:00Z,0.24120,0.24170,0.23940,0.24110,3821307
2024-11-02T17:00:00Z,0.24110,0.24120,0.23890,0.23920,1765169
2024-11-02T18:00:00Z,0.23920,0.23970,0.23770,0.23910,2670051
2024-11-02T19:00:00Z,0.23910,0.24050,0.23890,0.23990,2330371
2024-11-02T20:00:00Z,0.24000,0.24070,0.23950,0.24040,1373163
2024-11-02T21:00:00Z,0.24050,0.24080,0.24000,0.24040,762680
2024-11-02T22:00:00Z,0.24030,0.24040,0.23930,0.23940,1021798
2024-11-02T23:00:00Z,0.23940,0.23970,0.23830,0.23970,1451292
2024-11-03T00:00:00Z,0.23970,0.24070,0.23920,0.23920,1176216
2024-11-03T01:00:00Z,0.23920,0.23990,0.23720,0.23720,2010261
2024-11-03T02:00:00Z,0.23730,0.23850,0.22930,0.23160,16440261
2024-11-03T03:00:00Z,0.23170,0.23430,0.22950,0.23360,7157711
2024-11-03T04:00:00Z,0.23360,0.23690,0.23350,0.23680,2384547
2024-11-03T05:00:00Z,0.23690,0.23710,0.23430,0.23450,2347797
2024-11-03T06:00:00Z,0.23450,0.23730,0.23440,0.23660,2083741
2024-11-03T07:00:00Z,0.23660,0.23670,0.23520,0.23570,1536199
2024-11-03T08:00:00Z,0.23560,0.23590,0.23470,0.23550,3495325
2024-11-03T09:00:00Z,0.23550,0.23600,0.23290,0.23320,2565651
2024-11-03T10:00:00Z,0.23330,0.23540,0.23330,0.23420,2505753
2024-11-03T11:00:00Z,0.23430,0.23500,0.23170,0.23190,2725989
2024-11-03T12:00:00Z,0.23190,0.23330,0.23130,0.23160,2900070
2024-11-03T13:00:00Z,0.23160,0.23200,0.22670,0.22720,9867947
2024-11-03T14:00:00Z,0.22730,0.22880,0.22520,0.22620,9054370
2024-11-03T15:00:00Z,0.22620,0.22860,0.22360,0.22820,11686100
2024-11-03T16:00:00Z,0.22810,0.23000,0.22610,0.22790,7323116
2024-11-03T17:00:00Z,0.22790,0.23010,0.22790,0.22900,2435597
2024-11-03T18:00:00Z,0.22910,0.22930,0.22440,0.22520,3141546
2024-11-03T19:00:00Z,0.22520,0.23050,0.22510,0.23020,3698217
2024-11-03T20:00:00Z,0.23030,0.23190,0.22920,0.23180,3077731
2024-11-03T21:00:00Z,0.23180,0.23410,0.23170,0.23320,3742097
2024-11-03T22:00:00Z,0.23330,0.23370,0.23220,0.23290,1207808
2024-11-03T23:00:00Z,0.23280,0.23290,0.23110,0.23230,2136740
2024-11-04T00:00:00Z,0.23220,0.23220,0.22910,0.23090,3450317
2024-11-04T01:00:00Z,0.23100,0.23520,0.23050,0.23340,4912189
2024-11-04T02:00:00Z,0.23340,0.23500,0.23270,0.23470,2018536
2024-11-04T03:00:00Z,0.23470,0.23620,0.23370,0.23380,8526692
2024-11-04T04:00:00Z,0.23390,0.23510,0.23370,0.23410,1499888
2024-11-04T05:00:00Z,0.23420,0.23450,0.23140,0.23150,2422495
2024-11-04T06:00:00Z,0.23150,0.23396,0.23150,0.23366,1410503
2024-11-04T07:00:00Z,0.23370,0.23394,0.23120,0.23152,1318548
2024-11-04T08:00:00Z,0.23154,0.23224,0.22930,0.22997,2676339
2024-11-04T09:00:00Z,0.23004,0.23151,0.22964,0.23058,4460636
2024-11-04T10:00:00Z,0.23054,0.23399,0.23024,0.23230,4263997
2024-11-04T11:00:00Z,0.23231,0.23460,0.23186,0.23320,8562357
2024-11-04T12:00:00Z,0.23319,0.23459,0.23256,0.23386,7351969
2024-11-04T13:00:00Z,0.23387,0.23563,0.23260,0.23266,6214231
2024-11-04T14:00:00Z,0.23265,0.23347,0.23097,0.23180,7491676
2024-11-04T15:00:00Z,0.23180,0.23262,0.23070,0.23170,3345852
2024-11-04T16:00:00Z,0.23169,0.23190,0.22721,0.22810,7037800
2024-11-04T17:00:00Z,0.22814,0.22972,0.22780,0.22855,3808380
2024-11-04T18:00:00Z,0.22855,0.22960,0.22740,0.22883,2795769
2024-11-04T19:00:00Z,0.22886,0.23110,0.22870,0.23031,2674765
2024-11-04T20:00:00Z,0.23031,0.23051,0.22779,0.22839,3140780
2024-11-04T21:00:00Z,0.22834,0.22920,0.22295,0.22367,9427493
2024-11-04T22:00:00Z,0.22360,0.22841,0.22300,0.22783,4492454
2024-11-04T23:00:00Z,0.22784,0.22819,0.22633,0.22749,4493755
2024-11-05T00:00:00Z,0.22746,0.22954,0.22683,0.22870,8657171
2024-11-05T01:00:00Z,0.22872,0.22910,0.22591,0.22872,5406351
2024-11-05T02:00:00Z,0.22870,0.22909,0.22760,0.22819,2411581
2024-11-05T03:00:00Z,0.22823,0.22971,0.22817,0.22964,2510074
2024-11-05T04:00:00Z,0.22964,0.23167,0.22959,0.23105,4522443
2024-11-05T05:00:00Z,0.23107,0.23190,0.23035,0.23175,2159948
2024-11-05T06:00:00Z,0.23175,0.23198,0.23080,0.23129,2398341
2024-11-05T07:00:00Z,0.23126,0.23162,0.22977,0.23134,2440103
2024-11-05T08:00:00Z,0.23134,0.23160,0.23005,0.23123,2400078
2024-11-05T09:00:00Z,0.23123,0.23281,0.23104,0.23131,3996371
2024-11-05T10:00:00Z,0.23130,0.23143,0.23013,0.23074,2612523
2024-11-05T11:00:00Z,0.23073,0.23156,0.23064,0.23102,2029101
2024-11-05T12:00:00Z,0.23101,0.23242,0.23071,0.23233,2979404
2024-11-05T13:00:00Z,0.23229,0.23320,0.23191,0.23304,2452103
2024-11-05T14:00:00Z,0.23303,0.23961,0.23259,0.23820,9993527
2024-11-05T15:00:00Z,0.23817,0.23843,0.23461,0.23619,6407061
2024-11-05T16:00:00Z,0.23622,0.23894,0.23610,0.23833,3483136
2024-11-05T17:00:00Z,0.23837,0.23947,0.23749,0.23760,3758671
2024-11-05T18:00:00Z,0.23760,0.23852,0.23671,0.23803,3382415
2024-11-05T19:00:00Z,0.23796,0.23852,0.23358,0.23454,5578887
2024-11-05T20:00:00Z,0.23452,0.23718,0.23376,0.23666,3643965
2024-11-05T21:00:00Z,0.23670,0.23696,0.23540,0.23571,1526280
2024-11-05T22:00:00Z,0.23575,0.23728,0.23468,0.23724,1902987
2024-11-05T23:00:00Z,0.23722,0.23827,0.23628,0.23692,3738772
2024-11-06T00:00:00Z,0.23693,0.24260,0.23654,0.24201,11384210
2024-11-06T01:00:00Z,0.24198,0.24437,0.24059,0.24193,7733233
2024-11-06T02:00:00Z,0.24194,0.24765,0.24112,0.24658,10936630
2024-11-06T03:00:00Z,0.24656,0.25210,0.24641,0.25146,15634158
2024-11-06T04:00:00Z,0.25149,0.25300,0.25031,0.25062,6594143
2024-11-06T05:00:00Z,0.25062,0.25232,0.24899,0.25204,7251394
2024-11-06T06:00:00Z,0.25204,0.25482,0.25150,0.25159,8637170
2024-11-06T07:00:00Z,0.25150,0.25480,0.24920,0.25102,7351103
2024-11-06T08:00:00Z,0.25097,0.25174,0.24601,0.24989,13112496
2024-11-06T09:00:00Z,0.24989,0.25152,0.24951,0.25099,3723763
2024-11-06T10:00:00Z,0.25098,0.25245,0.25000,0.25199,4736869
2024-11-06T11:00:00Z,0.25199,0.25268,0.25110,0.25147,3049665
2024-11-06T12:00:00Z,0.25150,0.25348,0.25065,0.25086,4072714
2024-11-06T13:00:00Z,0.25087,0.25175,0.24965,0.25128,4008247
2024-11-06T14:00:00Z,0.25129,0.25229,0.24847,0.24896,5731798
2024-11-06T15:00:00Z,0.24897,0.25114,0.24854,0.25063,7512108
2024-11-06T16:00:00Z,0.25064,0.25096,0.24927,0.25079,2564190
2024-11-06T17:00:00Z,0.25083,0.25110,0.24980,0.25047,1944339
2024-11-06T18:00:00Z,0.25046,0.25206,0.25040,0.25138,2758113
2024-11-06T19:00:00Z,0.25140,0.25235,0.25064,0.25227,7217408
2024-11-06T20:00:00Z,0.25225,0.25325,0.25129,0.25240,3739685
2024-11-06T21:00:00Z,0.25229,0.25510,0.25188,0.25471,5078812
2024-11-06T22:00:00Z,0.25471,0.25701,0.25389,0.25651,3080157
2024-11-06T23:00:00Z,0.25659,0.25713,0.25540,0.25573,5261273
2024-11-07T00:00:00Z,0.25573,0.25884,0.25547,0.25690,10326329
2024-11-07T01:00:00Z,0.25696,0.26241,0.25648,0.26019,9566232
2024-11-07T02:00:00Z,0.26019,0.26249,0.25994,0.26069,7455669
2024-11-07T03:00:00Z,0.26066,0.26169,0.25960,0.25994,6875312
2024-11-07T04:00:00Z,0.26000,0.26026,0.25583,0.25853,12943835
2024-11-07T05:00:00Z,0.25858,0.25859,0.25673,0.25767,2260456
2024-11-07T06:00:00Z,0.25768,0.25788,0.25370,0.25600,7738099
2024-11-07T07:00:00Z,0.25604,0.25630,0.25531,0.25580,2710215
2024-11-07T08:00:00Z,0.25578,0.25747,0.25560,0.25747,2840016
2024-11-07T09:00:00Z,0.25748,0.25759,0.25559,0.25577,2076014
2024-11-07T10:00:00Z,0.25577,0.25584,0.25382,0.25524,2732497
2024-11-07T11:00:00Z,0.25525,0.25562,0.25413,0.25439,1680351
2024-11-07T12:00:00Z,0.25433,0.25730,0.25433,0.25689,2981508
2024-11-07T13:00:00Z,0.25690,0.25750,0.25352,0.25364,3823714
2024-11-07T14:00:00Z,0.25364,0.25648,0.25328,0.25535,4662411
2024-11-07T15:00:00Z,0.25539,0.25724,0.25453,0.25723,11216272
2024-11-07T16:00:00Z,0.25720,0.25799,0.25517,0.25705,5902225
2024-11-07T17:00:00Z,0.25708,0.25790,0.25600,0.25756,3481726
2024-11-07T18:00:00Z,0.25752,0.25854,0.25592,0.25758,3137986
2024-11-07T19:00:00Z,0.25758,0.25808,0.25571,0.25766,3310146
2024-11-07T20:00:00Z,0.25767,0.25950,0.25751,0.25886,4381523
2024-11-07T21:00:00Z,0.25888,0.26070,0.25880,0.25880,3281362
2024-11-07T22:00:00Z,0.25880,0.25944,0.25601,0.25799,5636153
2024-11-07T23:00:00Z,0.25800,0.25880,0.25613,0.25819,10155077
2024-11-08T00:00:00Z,0.25821,0.26050,0.25821,0.25910,5184241
2024-11-08T01:00:00Z,0.25913,0.26006,0.25671,0.25754,3611088
2024-11-08T02:00:00Z,0.25746,0.25766,0.25279,0.25315,6162911
2024-11-08T03:00:00Z,0.25315,0.25493,0.25255,0.25417,3056856
2024-11-08T04:00:00Z,0.25420,0.25568,0.25349,0.25410,2012965
2024-11-08T05:00:00Z,0.25409,0.25629,0.25404,0.25554,3371705
2024-11-08T06:00:00Z,0.25557,0.25619,0.25471,0.25518,1812724
2024-11-08T07:00:00Z,0.25517,0.25683,0.25360,0.25622,2975890
2024-11-08T08:00:00Z,0.25623,0.25625,0.25337,0.25371,2556912
2024-11-08T09:00:00Z,0.25376,0.25612,0.25327,0.25530,2089210
2024-11-08T10:00:00Z,0.25527,0.25751,0.25473,0.25725,3292824
2024-11-08T11:00:00Z,0.25726,0.25930,0.25675,0.25846,5934509
2024-11-08T12:00:00Z,0.25850,0.26285,0.25849,0.26285,5089223
2024-11-08T13:00:00Z,0.26277,0.26282,0.25983,0.26213,6080476
2024-11-08T14:00:00Z,0.26212,0.26368,0.25826,0.25886,6534603
2024-11-08T15:00:00Z,0.25884,0.26266,0.25840,0.26092,6085599
2024-11-08T16:00:00Z,0.26096,0.26280,0.25735,0.25769,10395882
2024-11-08T17:00:00Z,0.25768,0.25966,0.25517,0.25885,8192293
2024-11-08T18:00:00Z,0.25888,0.26206,0.25843,0.26140,4282116
2024-11-08T19:00:00Z,0.26132,0.26298,0.26095,0.26206,3780793
2024-11-08T20:00:00Z,0.26205,0.26293,0.25941,0.26065,5024133
2024-11-08T21:00:00Z,0.26065,0.26270,0.25951,0.26218,2687323
2024-11-08T22:00:00Z,0.26218,0.26517,0.26207,0.26432,3784798
2024-11-08T23:00:00Z,0.26433,0.26527,0.26344,0.26488,7522276
2024-11-09T00:00:00Z,0.26489,0.26541,0.26231,0.26245,7701494
2024-11-09T01:00:00Z,0.26240,0.26322,0.25862,0.25919,4344401
2024-11-09T02:00:00Z,0.25922,0.26098,0.25838,0.26080,4214648
2024-11-09T03:00:00Z,0.26077,0.26132,0.25818,0.25897,4772835
2024-11-09T04:00:00Z,0.25899,0.26059,0.25871,0.26019,4337519
2024-11-09T05:00:00Z,0.26018,0.26339,0.25989,0.26335,6780551
2024-11-09T06:00:00Z,0.26335,0.26461,0.26150,0.26245,6518693
2024-11-09T07:00:00Z,0.26245,0.26357,0.26147,0.26306,2768563
2024-11-09T08:00:00Z,0.26307,0.26537,0.26125,0.26382,8221887
2024-11-09T09:00:00Z,0.26378,0.26531,0.26294,0.26343,7193473
2024-11-09T10:00:00Z,0.26348,0.26510,0.26244,0.26508,5311168
2024-11-09T11:00:00Z,0.26509,0.26687,0.26496,0.26671,7124704
2024-11-09T12:00:00Z,0.26671,0.26696,0.26400,0.26412,12406213
2024-11-09T13:00:00Z,0.26414,0.26687,0.26411,0.26603,5274502
2024-11-09T14:00:00Z,0.26607,0.26623,0.26138,0.26347,7611621
2024-11-09T15:00:00Z,0.26348,0.26499,0.26155,0.26388,4001642
2024-11-09T16:00:00Z,0.26386,0.26450,0.26212,0.26287,1747069
2024-11-09T17:00:00Z,0.26286,0.26296,0.25873,0.26270,4677591
2024-11-09T18:00:00Z,0.26269,0.26469,0.26192,0.26407,2122926
2024-11-09T19:00:00Z,0.26409,0.26577,0.26270,0.26323,3437945
2024-11-09T20:00:00Z,0.26323,0.26587,0.26299,0.26580,1551003
2024-11-09T21:00:00Z,0.26579,0.26696,0.26499,0.26631,3100747
2024-11-09T22:00:00Z,0.26632,0.27034,0.26610,0.26996,6470304
2024-11-09T23:00:00Z,0.26998,0.27680,0.26974,0.27544,11176938
2024-11-10T00:00:00Z,0.27543,0.27729,0.27290,0.27469,8996078
2024-11-10T01:00:00Z,0.27473,0.27497,0.27083,0.27395,7301258
2024-11-10T02:00:00Z,0.27393,0.27550,0.27277,0.27430,5737209
2024-11-10T03:00:00Z,0.27431,0.27728,0.27372,0.27672,4534063
2024-11-10T04:00:00Z,0.27666,0.28136,0.27654,0.28001,8297695
2024-11-10T05:00:00Z,0.27997,0.28536,0.27892,0.28225,11047126
2024-11-10T06:00:00Z,0.28238,0.28409,0.28034,0.28255,6897569
2024-11-10T07:00:00Z,0.28254,0.28430,0.28223,0.28387,3273823
2024-11-10T08:00:00Z,0.28386,0.28664,0.28380,0.28645,6078594
2024-11-10T09:00:00Z,0.28648,0.28709,0.28471,0.28579,6068234
2024-11-10T10:00:00Z,0.28578,0.28809,0.28557,0.28698,5162225
2024-11-10T11:00:00Z,0.28699,0.29086,0.28569,0.28936,6880038
2024-11-10T12:00:00Z,0.28934,0.29173,0.28409,0.29166,11876918
2024-11-10T13:00:00Z,0.29166,0.29488,0.28973,0.29404,9672915
2024-11-10T14:00:00Z,0.29403,0.29572,0.28712,0.28934,12487535
2024-11-10T15:00:00Z,0.28927,0.29447,0.28774,0.29410,6006118
2024-11-10T16:00:00Z,0.29411,0.29680,0.29127,0.29610,7205224
2024-11-10T17:00:00Z,0.29617,0.30070,0.29585,0.29741,15942835
2024-11-10T18:00:00Z,0.29736,0.30020,0.29565,0.29619,8898210
2024-11-10T19:00:00Z,0.29623,0.29820,0.28789,0.29130,14394212
2024-11-10T20:00:00Z,0.29142,0.29321,0.28171,0.28205,13556514
2024-11-10T21:00:00Z,0.28203,0.28664,0.27449,0.28597,19030167
2024-11-10T22:00:00Z,0.28587,0.29026,0.28348,0.28791,10911483
2024-11-10T23:00:00Z,0.28791,0.28984,0.28670,0.28940,5087400
2024-11-11T00:00:00Z,0.28940,0.29535,0.28845,0.29450,13029875
2024-11-11T01:00:00Z,0.29450,0.29837,0.29285,0.29763,9205798
2024-11-11T02:00:00Z,0.29763,0.30510,0.29637,0.30510,14924459
2024-11-11T03:00:00Z,0.30504,0.30666,0.29948,0.30319,8786293
2024-11-11T04:00:00Z,0.30320,0.30332,0.29703,0.30055,7790185
2024-11-11T05:00:00Z,0.30048,0.30074,0.28456,0.28680,17164232
2024-11-11T06:00:00Z,0.28677,0.29012,0.28486,0.28812,10054404
2024-11-11T07:00:00Z,0.28819,0.28941,0.28601,0.28866,6849732
2024-11-11T08:00:00Z,0.28870,0.29079,0.28753,0.29018,4644786
2024-11-11T09:00:00Z,0.29019,0.29157,0.28800,0.29084,6443699
2024-11-11T10:00:00Z,0.29089,0.29366,0.28950,0.29230,7315498
2024-11-11T11:00:00Z,0.29233,0.29456,0.29186,0.29450,4788708
2024-11-11T12:00:00Z,0.29440,0.29559,0.29001,0.29179,8672864
2024-11-11T13:00:00Z,0.29180,0.29220,0.28725,0.28986,5649582
2024-11-11T14:00:00Z,0.28981,0.29170,0.28639,0.29028,7264250
2024-11-11T15:00:00Z,0.29026,0.29624,0.28936,0.29224,9601680
2024-11-11T16:00:00Z,0.29224,0.29740,0.29197,0.29536,8443131
2024-11-11T17:00:00Z,0.29533,0.29851,0.29479,0.29766,4988186
2024-11-11T18:00:00Z,0.29765,0.30011,0.29451,0.29936,5919985
2024-11-11T19:00:00Z,0.29935,0.30051,0.29565,0.29740,6036860
2024-11-11T20:00:00Z,0.29738,0.30162,0.29716,0.29940,7511199
2024-11-11T21:00:00Z,0.29939,0.30092,0.29673,0.29795,4926173
2024-11-11T22:00:00Z,0.29797,0.30137,0.29278,0.30124,7626312
2024-11-11T23:00:00Z,0.30125,0.30787,0.30022,0.30598,13104808
2024-11-12T00:00:00Z,0.30603,0.30627,0.29466,0.30421,16162644
2024-11-12T01:00:00Z,0.30425,0.30886,0.30102,0.30720,11599596
2024-11-12T02:00:00Z,0.30715,0.30898,0.30134,0.30498,10075927
2024-11-12T03:00:00Z,0.30495,0.31925,0.30299,0.31745,13225214
2024-11-12T04:00:00Z,0.31739,0.31744,0.30670,0.30954,12091814
2024-11-12T05:00:00Z,0.30959,0.31328,0.30603,0.31074,10176376
2024-11-12T06:00:00Z,0.31074,0.31544,0.30872,0.31265,10461732
2024-11-12T07:00:00Z,0.31272,0.31527,0.31053,0.31386,10830451
2024-11-12T08:00:00Z,0.31387,0.32212,0.31346,0.32175,12842406
2024-11-12T09:00:00Z,0.32183,0.32291,0.30473,0.30502,17712288
2024-11-12T10:00:00Z,0.30489,0.30904,0.28470,0.29652,42163469
2024-11-12T11:00:00Z,0.29630,0.30266,0.29372,0.29789,17070033
2024-11-12T12:00:00Z,0.29782,0.30354,0.28954,0.29337,16320387
2024-11-12T13:00:00Z,0.29333,0.29597,0.28641,0.29334,18550802
2024-11-12T14:00:00Z,0.29334,0.29539,0.28822,0.29500,12546824
2024-11-12T15:00:00Z,0.29501,0.29522,0.28901,0.28953,7690228
2024-11-12T16:00:00Z,0.28961,0.29039,0.28199,0.28788,12672003
2024-11-12T17:00:00Z,0.28789,0.29285,0.28737,0.28897,12017781
2024-11-12T18:00:00Z,0.28900,0.29724,0.28864,0.29583,7373890
2024-11-12T19:00:00Z,0.29583,0.29830,0.29458,0.29556,8858314
2024-11-12T20:00:00Z,0.29559,0.29910,0.29423,0.29624,6078334
2024-11-12T21:00:00Z,0.29620,0.29955,0.29220,0.29924,6038294
2024-11-12T22:00:00Z,0.29929,0.30550,0.29778,0.30529,5463509
2024-11-12T23:00:00Z,0.30529,0.30545,0.29855,0.30139,6514513
2024-11-13T00:00:00Z,0.30139,0.30839,0.29968,0.30082,12668299
2024-11-13T01:00:00Z,0.30081,0.30265,0.29272,0.29650,12326803
2024-11-13T02:00:00Z,0.29647,0.29720,0.28776,0.29494,12727502
2024-11-13T03:00:00Z,0.29496,0.29605,0.28591,0.28614,8996575
2024-11-13T04:00:00Z,0.28614,0.29166,0.27677,0.28393,16805704
2024-11-13T05:00:00Z,0.28381,0.28579,0.28008,0.28100,8669322
2024-11-13T06:00:00Z,0.28098,0.28308,0.27520,0.27854,8377825
2024-11-13T07:00:00Z,0.27860,0.28312,0.27760,0.28237,5906868
2024-11-13T08:00:00Z,0.28235,0.28388,0.27810,0.27912,5602692
2024-11-13T09:00:00Z,0.27919,0.28086,0.27648,0.27884,5726831
2024-11-13T10:00:00Z,0.27884,0.28147,0.27690,0.28131,4706689
2024-11-13T11:00:00Z,0.28129,0.28424,0.28006,0.28109,4690840
2024-11-13T12:00:00Z,0.28105,0.28393,0.27829,0.28188,5785585
2024-11-13T13:00:00Z,0.28192,0.29049,0.27982,0.28866,16151298
2024-11-13T14:00:00Z,0.28866,0.30007,0.28565,0.29826,21427897
2024-11-13T15:00:00Z,0.29830,0.29949,0.29259,0.29924,10834119
2024-11-13T16:00:00Z,0.29921,0.30038,0.29374,0.29543,10808826
2024-11-13T17:00:00Z,0.29543,0.29699,0.29400,0.29490,3519291
2024-11-13T18:00:00Z,0.29500,0.29812,0.29320,0.29536,9281738
2024-11-13T19:00:00Z,0.29538,0.29640,0.28135,0.28197,24152411
2024-11-13T20:00:00Z,0.28196,0.28599,0.27722,0.28127,12995540
2024-11-13T21:00:00Z,0.28126,0.28168,0.27468,0.27875,10744380
2024-11-13T22:00:00Z,0.27873,0.28302,0.27722,0.28163,4690771
2024-11-13T23:00:00Z,0.28157,0.28432,0.27919,0.28409,4628604
2024-11-14T00:00:00Z,0.28410,0.28945,0.27931,0.27955,11775061
2024-11-14T01:00:00Z,0.27951,0.28336,0.27809,0.28310,7667148
2024-11-14T02:00:00Z,0.28311,0.28388,0.27767,0.27992,5687574
2024-11-14T03:00:00Z,0.27995,0.28235,0.27493,0.28231,6315807
2024-11-14T04:00:00Z,0.28230,0.28684,0.28083,0.28680,5125205
2024-11-14T05:00:00Z,0.28681,0.28741,0.28513,0.28731,3594114
2024-11-14T06:00:00Z,0.28733,0.29297,0.28498,0.28498,8639913
2024-11-14T07:00:00Z,0.28497,0.28894,0.28304,0.28860,7261417
2024-11-14T08:00:00Z,0.28860,0.29047,0.28602,0.28711,6701562
2024-11-14T09:00:00Z,0.28706,0.28818,0.28503,0.28660,6092715
2024-11-14T10:00:00Z,0.28656,0.28869,0.28072,0.28140,6609231
2024-11-14T11:00:00Z,0.28136,0.28189,0.27655,0.28058,13449346
2024-11-14T12:00:00Z,0.28051,0.28200,0.27846,0.28010,4543308
2024-11-14T13:00:00Z,0.28006,0.28479,0.27919,0.27972,7706862
2024-11-14T14:00:00Z,0.27971,0.28431,0.27312,0.27386,14049041
2024-11-14T15:00:00Z,0.27386,0.27680,0.26870,0.27045,17474749
2024-11-14T16:00:00Z,0.27044,0.27767,0.26822,0.27668,8351105
2024-11-14T17:00:00Z,0.27669,0.27677,0.27360,0.27558,5131540
2024-11-14T18:00:00Z,0.27556,0.27903,0.27525,0.27770,5833367
2024-11-14T19:00:00Z,0.27768,0.28170,0.27742,0.28149,4989981
2024-11-14T20:00:00Z,0.28144,0.28144,0.27664,0.27682,4323355
2024-11-14T21:00:00Z,0.27683,0.28242,0.27592,0.28234,5211382
2024-11-14T22:00:00Z,0.28239,0.28640,0.27972,0.28030,11173086
2024-11-14T23:00:00Z,0.28028,0.28125,0.27167,0.27443,16659634
2024-11-15T00:00:00Z,0.27441,0.27643,0.26990,0.27021,19882365
2024-11-15T01:00:00Z,0.27013,0.27405,0.26760,0.27380,10798814
2024-11-15T02:00:00Z,0.27380,0.27519,0.26914,0.27428,7230030
2024-11-15T03:00:00Z,0.27428,0.27540,0.27164,0.27387,5535137
2024-11-15T04:00:00Z,0.27384,0.27430,0.26630,0.26895,8162339
2024-11-15T05:00:00Z,0.26895,0.27489,0.26750,0.27460,6932669
2024-11-15T06:00:00Z,0.27457,0.27835,0.27374,0.27662,20930748
2024-11-15T07:00:00Z,0.27663,0.27807,0.27481,0.27501,4774533
2024-11-15T08:00:00Z,0.27510,0.27897,0.27180,0.27872,6511903
2024-11-15T09:00:00Z,0.27876,0.28225,0.27836,0.28171,5316169
2024-11-15T10:00:00Z,0.28173,0.28229,0.28029,0.28103,4279420
2024-11-15T11:00:00Z,0.28106,0.28276,0.28025,0.28235,5106978
2024-11-15T12:00:00Z,0.28246,0.28432,0.28108,0.28283,7383007
2024-11-15T13:00:00Z,0.28283,0.28677,0.28224,0.28433,10527620
2024-11-15T14:00:00Z,0.28436,0.28631,0.27815,0.28082,11179646
2024-11-15T15:00:00Z,0.28080,0.28102,0.27531,0.27779,8632441
2024-11-15T16:00:00Z,0.27777,0.28321,0.27578,0.28149,7182923
2024-11-15T17:00:00Z,0.28149,0.28630,0.28115,0.28393,5351419
2024-11-15T18:00:00Z,0.28392,0.28598,0.28201,0.28455,5799911
2024-11-15T19:00:00Z,0.28455,0.28765,0.28373,0.28717,6473528
2024-11-15T20:00:00Z,0.28717,0.29095,0.28711,0.29035,6360168
2024-11-15T21:00:00Z,0.29026,0.29168,0.28906,0.29120,4969704
2024-11-15T22:00:00Z,0.29116,0.29184,0.29014,0.29074,3453442
2024-11-15T23:00:00Z,0.29079,0.29166,0.28963,0.29157,3126658
2024-11-16T00:00:00Z,0.29160,0.29303,0.28965,0.29122,5766269
2024-11-16T01:00:00Z,0.29125,0.29382,0.29105,0.29334,2889655
2024-11-16T02:00:00Z,0.29334,0.29516,0.29294,0.29388,3417502
2024-11-16T03:00:00Z,0.29391,0.29558,0.29340,0.29503,4798572
2024-11-16T04:00:00Z,0.29503,0.29579,0.29362,0.29433,3163961
2024-11-16T05:00:00Z,0.29434,0.30719,0.29377,0.29806,11985065
2024-11-16T06:00:00Z,0.29807,0.29921,0.29525,0.29650,7071675
2024-11-16T07:00:00Z,0.29652,0.30076,0.29639,0.29994,6514461
2024-11-16T08:00:00Z,0.29990,0.30159,0.29842,0.30147,7378456
2024-11-16T09:00:00Z,0.30150,0.30451,0.29878,0.30394,8785510
2024-11-16T10:00:00Z,0.30393,0.31256,0.30275,0.30985,15793432
2024-11-16T11:00:00Z,0.30989,0.33762,0.30971,0.33619,99075892
2024-11-16T12:00:00Z,0.33626,0.34685,0.32956,0.33763,85223578
2024-11-16T13:00:00Z,0.33766,0.33866,0.32621,0.33265,38590580
2024-11-16T14:00:00Z,0.33271,0.33871,0.33108,0.33823,27478415
2024-11-16T15:00:00Z,0.33830,0.33838,0.32240,0.32663,33803213
2024-11-16T16:00:00Z,0.32657,0.33460,0.32297,0.33307,23317356
2024-11-16T17:00:00Z,0.33300,0.33780,0.33015,0.33633,13478414
2024-11-16T18:00:00Z,0.33639,0.35548,0.33635,0.34645,37906467
2024-11-16T19:00:00Z,0.34642,0.35035,0.34434,0.34896,17428190
2024-11-16T20:00:00Z,0.34896,0.35683,0.34787,0.35044,25954966
2024-11-16T21:00:00Z,0.35037,0.36181,0.34714,0.36111,22184179
2024-11-16T22:00:00Z,0.36112,0.40280,0.36046,0.39288,158770613
2024-11-16T23:00:00Z,0.39298,0.40097,0.37719,0.39476,97347076
2024-11-17T00:00:00Z,0.39474,0.39816,0.37086,0.37481,71978415
2024-11-17T01:00:00Z,0.37486,0.38377,0.35660,0.36129,59992315
2024-11-17T02:00:00Z,0.36127,0.36194,0.35145,0.35908,40351326
2024-11-17T03:00:00Z,0.35904,0.36749,0.35450,0.36527,25641311
2024-11-17T04:00:00Z,0.36531,0.36652,0.35483,0.36122,29581593
2024-11-17T05:00:00Z,0.36115,0.36256,0.35472,0.35570,17654179
2024-11-17T06:00:00Z,0.35568,0.36837,0.35535,0.36361,22501941
2024-11-17T07:00:00Z,0.36367,0.37800,0.35965,0.36017,48004295
2024-11-17T08:00:00Z,0.36017,0.36485,0.35814,0.36281,24224543
2024-11-17T09:00:00Z,0.36280,0.36546,0.35932,0.36131,19955683
2024-11-17T10:00:00Z,0.36131,0.36295,0.35714,0.35859,12396977
2024-11-17T11:00:00Z,0.35859,0.35866,0.35010,0.35032,27514111
2024-11-17T12:00:00Z,0.35035,0.35680,0.34931,0.35626,15540802
2024-11-17T13:00:00Z,0.35631,0.35878,0.35378,0.35781,14666798
2024-11-17T14:00:00Z,0.35788,0.35936,0.35218,0.35449,15190293
2024-11-17T15:00:00Z,0.35454,0.35510,0.35060,0.35261,10170087
2024-11-17T16:00:00Z,0.35262,0.35618,0.35098,0.35496,7736698
2024-11-17T17:00:00Z,0.35495,0.35689,0.35080,0.35489,8446794
2024-11-17T18:00:00Z,0.35492,0.35545,0.34713,0.34737,13716515
2024-11-17T19:00:00Z,0.34739,0.34903,0.34505,0.34700,8633011
2024-11-17T20:00:00Z,0.34704,0.35154,0.34574,0.34792,9358020
2024-11-17T21:00:00Z,0.34792,0.34910,0.34200,0.34247,9148343
2024-11-17T22:00:00Z,0.34246,0.34677,0.34074,0.34442,11697033
2024-11-17T23:00:00Z,0.34441,0.34898,0.34184,0.34873,9810352
2024-11-18T00:00:00Z,0.34873,0.35157,0.34425,0.34903,14223190
2024-11-18T01:00:00Z,0.34904,0.35739,0.34847,0.35711,12263937
2024-11-18T02:00:00Z,0.35709,0.35978,0.35378,0.35796,12004797
2024-11-18T03:00:00Z,0.35797,0.36410,0.35525,0.36076,11342135
2024-11-18T04:00:00Z,0.36068,0.36432,0.35844,0.35902,11657244
2024-11-18T05:00:00Z,0.35906,0.36432,0.35772,0.36351,8855892
2024-11-18T06:00:00Z,0.36351,0.36713,0.36189,0.36466,12285434
2024-11-18T07:00:00Z,0.36471,0.36544,0.36073,0.36319,10944093
2024-11-18T08:00:00Z,0.36319,0.36367,0.35787,0.35879,10765404
2024-11-18T09:00:00Z,0.35878,0.36009,0.35450,0.35604,10561070
2024-11-18T10:00:00Z,0.35604,0.36478,0.35594,0.36090,9772681
2024-11-18T11:00:00Z,0.36090,0.36204,0.35150,0.35353,18070353
2024-11-18T12:00:00Z,0.35357,0.35658,0.35000,0.35512,12207888
2024-11-18T13:00:00Z,0.35512,0.35570,0.34716,0.34800,14659044
2024-11-18T14:00:00Z,0.34797,0.35595,0.34715,0.35350,15585784
2024-11-18T15:00:00Z,0.35351,0.36351,0.35290,0.36221,13424978
2024-11-18T16:00:00Z,0.36232,0.36651,0.35915,0.36288,16183495
2024-11-18T17:00:00Z,0.36286,0.36696,0.36052,0.36691,10112876
2024-11-18T18:00:00Z,0.36693,0.37332,0.35570,0.35691,33902874
2024-11-18T19:00:00Z,0.35691,0.35794,0.34800,0.35299,19145105
2024-11-18T20:00:00Z,0.35301,0.35786,0.35118,0.35483,11824854
2024-11-18T21:00:00Z,0.35482,0.36146,0.35424,0.35802,6990311
2024-11-18T22:00:00Z,0.35807,0.36273,0.35807,0.36106,5521566
2024-11-18T23:00:00Z,0.36104,0.36249,0.35519,0.35988,7887666
2024-11-19T00:00:00Z,0.35986,0.36137,0.35549,0.35789,10948412
2024-11-19T01:00:00Z,0.35780,0.36058,0.35601,0.35647,6852974
2024-11-19T02:00:00Z,0.35646,0.35695,0.35434,0.35489,4939329
2024-11-19T03:00:00Z,0.35491,0.35710,0.35436,0.35591,2988179
2024-11-19T04:00:00Z,0.35592,0.35619,0.34503,0.34695,16371852
2024-11-19T05:00:00Z,0.34695,0.35145,0.34590,0.35093,6963220
2024-11-19T06:00:00Z,0.35094,0.35294,0.35029,0.35251,4964301
2024-11-19T07:00:00Z,0.35240,0.35384,0.34929,0.35006,5480374
2024-11-19T08:00:00Z,0.35010,0.35033,0.34620,0.34753,5282460
2024-11-19T09:00:00Z,0.34753,0.34845,0.34311,0.34473,6998534
2024-11-19T10:00:00Z,0.34467,0.34764,0.34312,0.34699,4817658
2024-11-19T11:00:00Z,0.34694,0.35104,0.34606,0.35062,5565122
2024-11-19T12:00:00Z,0.35060,0.35468,0.35051,0.35204,6907978
2024-11-19T13:00:00Z,0.35200,0.35200,0.34284,0.34314,10729491
2024-11-19T14:00:00Z,0.34316,0.34846,0.34237,0.34474,10851948
2024-11-19T15:00:00Z,0.34478,0.34811,0.34307,0.34742,5252613
2024-11-19T16:00:00Z,0.34741,0.35041,0.34582,0.34739,8233243
2024-11-19T17:00:00Z,0.34742,0.35029,0.34610,0.34736,4565368
2024-11-19T18:00:00Z,0.34735,0.35186,0.34653,0.35104,12547053
2024-11-19T19:00:00Z,0.35106,0.35297,0.34936,0.35019,6885258
2024-11-19T20:00:00Z,0.35019,0.35106,0.34174,0.34490,11686143
2024-11-19T21:00:00Z,0.34491,0.34563,0.33861,0.34271,11179205
2024-11-19T22:00:00Z,0.34269,0.34485,0.33601,0.34203,9022895
2024-11-19T23:00:00Z,0.34199,0.34963,0.34158,0.34938,6399671
2024-11-20T00:00:00Z,0.34938,0.34939,0.34228,0.34318,6646429
2024-11-20T01:00:00Z,0.34316,0.34534,0.33922,0.34213,4973642
2024-11-20T02:00:00Z,0.34218,0.34288,0.33714,0.33745,8891758
2024-11-20T03:00:00Z,0.33752,0.33790,0.32951,0.33720,18733736
2024-11-20T04:00:00Z,0.33725,0.33789,0.33298,0.33717,6122651
2024-11-20T05:00:00Z,0.33713,0.34084,0.33519,0.34016,4385844
2024-11-20T06:00:00Z,0.34017,0.34090,0.33686,0.33754,3913031
2024-11-20T07:00:00Z,0.33748,0.33938,0.33630,0.33786,3296411
2024-11-20T08:00:00Z,0.33786,0.34235,0.33738,0.34111,4487133
2024-11-20T09:00:00Z,0.34111,0.34568,0.33974,0.34376,6916747
2024-11-20T10:00:00Z,0.34370,0.34559,0.34116,0.34203,5507281
2024-11-20T11:00:00Z,0.34202,0.34249,0.33613,0.34116,7462650
2024-11-20T12:00:00Z,0.34121,0.34252,0.33658,0.33871,5503827
2024-11-20T13:00:00Z,0.33874,0.34605,0.33629,0.34516,9714486
2024-11-20T14:00:00Z,0.34514,0.35278,0.34111,0.34475,13995896
2024-11-20T15:00:00Z,0.34495,0.34610,0.34107,0.34579,6287955
2024-11-20T16:00:00Z,0.34578,0.34630,0.33409,0.33654,12957943
2024-11-20T17:00:00Z,0.33659,0.33876,0.33157,0.33170,10536622
2024-11-20T18:00:00Z,0.33170,0.33395,0.32730,0.33121,13594480
2024-11-20T19:00:00Z,0.33121,0.33141,0.32539,0.32856,7497111
2024-11-20T20:00:00Z,0.32855,0.33483,0.32607,0.33373,8252134
2024-11-20T21:00:00Z,0.33381,0.33562,0.33182,0.33388,4318948
2024-11-20T22:00:00Z,0.33392,0.33739,0.33297,0.33487,4550351
2024-11-20T23:00:00Z,0.33489,0.33678,0.33230,0.33333,3758389
2024-11-21T00:00:00Z,0.33335,0.33690,0.33165,0.33448,5918395
2024-11-21T01:00:00Z,0.33450,0.33760,0.33383,0.33522,3436117
2024-11-21T02:00:00Z,0.33516,0.33538,0.32339,0.32849,13063619
2024-11-21T03:00:00Z,0.32849,0.33527,0.32725,0.33035,7820684
2024-11-21T04:00:00Z,0.33042,0.34293,0.32964,0.34229,14076539
2024-11-21T05:00:00Z,0.34236,0.34550,0.33888,0.34148,8961741
2024-11-21T06:00:00Z,0.34148,0.34162,0.33652,0.33951,7720288
2024-11-21T07:00:00Z,0.33951,0.34123,0.33741,0.34087,3668173
2024-11-21T08:00:00Z,0.34083,0.34164,0.33890,0.33899,3688864
2024-11-21T09:00:00Z,0.33899,0.33998,0.33295,0.33299,4201818
2024-11-21T10:00:00Z,0.33299,0.33551,0.33068,0.33410,6100056
2024-11-21T11:00:00Z,0.33410,0.33975,0.33338,0.33914,6324556
2024-11-21T12:00:00Z,0.33911,0.35313,0.33857,0.34747,20684044
2024-11-21T13:00:00Z,0.34743,0.35259,0.34742,0.34924,10362739
2024-11-21T14:00:00Z,0.34930,0.35232,0.34346,0.34713,11993897
2024-11-21T15:00:00Z,0.34713,0.34713,0.33509,0.34042,19653329
2024-11-21T16:00:00Z,0.34044,0.34438,0.33309,0.34306,14542291
2024-11-21T17:00:00Z,0.34306,0.34473,0.34080,0.34460,3717005
2024-11-21T18:00:00Z,0.34461,0.34602,0.34236,0.34538,5188885
2024-11-21T19:00:00Z,0.34530,0.34630,0.34078,0.34312,11433880
2024-11-21T20:00:00Z,0.34306,0.34487,0.34111,0.34287,4266157
2024-11-21T21:00:00Z,0.34296,0.34460,0.34070,0.34331,4127541
2024-11-21T22:00:00Z,0.34340,0.34642,0.34331,0.34620,3649515
2024-11-21T23:00:00Z,0.34615,0.34906,0.34387,0.34837,4906947
2024-11-22T00:00:00Z,0.34834,0.35098,0.34218,0.34449,12008570
2024-11-22T01:00:00Z,0.34446,0.35133,0.34250,0.35125,9269721
2024-11-22T02:00:00Z,0.35126,0.35493,0.34846,0.35231,12589613
2024-11-22T03:00:00Z,0.35221,0.35632,0.35221,0.35339,6720238
2024-11-22T04:00:00Z,0.35341,0.35808,0.35269,0.35746,7342256
2024-11-22T05:00:00Z,0.35749,0.35886,0.35333,0.35579,8084834
2024-11-22T06:00:00Z,0.35576,0.35799,0.35210,0.35523,5187303
2024-11-22T07:00:00Z,0.35519,0.35606,0.35063,0.35080,6485209
2024-11-22T08:00:00Z,0.35088,0.35677,0.35079,0.35653,4796023
2024-11-22T09:00:00Z,0.35649,0.35745,0.35291,0.35548,6877805
2024-11-22T10:00:00Z,0.35544,0.35636,0.35030,0.35069,5821667
2024-11-22T11:00:00Z,0.35063,0.35683,0.34850,0.35653,7872605
2024-11-22T12:00:00Z,0.35649,0.36294,0.35377,0.36021,12971412
2024-11-22T13:00:00Z,0.36022,0.36029,0.34170,0.34558,31257417
2024-11-22T14:00:00Z,0.34563,0.34928,0.34326,0.34687,11833378
2024-11-22T15:00:00Z,0.34687,0.35737,0.34602,0.35702,11210877
2024-11-22T16:00:00Z,0.35700,0.36046,0.35359,0.36017,11780544
2024-11-22T17:00:00Z,0.36016,0.36280,0.35718,0.35807,8282753
2024-11-22T18:00:00Z,0.35812,0.36486,0.35461,0.35493,14857384
2024-11-22T19:00:00Z,0.35486,0.35951,0.35201,0.35496,13721257
2024-11-22T20:00:00Z,0.35494,0.36308,0.35415,0.36221,6475217
2024-11-22T21:00:00Z,0.36222,0.36578,0.36096,0.36346,6713574
2024-11-22T22:00:00Z,0.36340,0.36979,0.36316,0.36905,8916555
2024-11-22T23:00:00Z,0.36907,0.37902,0.36839,0.37744,15327362
2024-11-23T00:00:00Z,0.37747,0.38665,0.37233,0.38243,20498970
2024-11-23T01:00:00Z,0.38244,0.38883,0.38130,0.38732,16870749
2024-11-23T02:00:00Z,0.38730,0.39260,0.37470,0.37904,21018544
2024-11-23T03:00:00Z,0.37904,0.38426,0.37690,0.38214,16524954
2024-11-23T04:00:00Z,0.38205,0.38312,0.37514,0.38257,14090907
2024-11-23T05:00:00Z,0.38262,0.38827,0.38102,0.38827,9381803
2024-11-23T06:00:00Z,0.38824,0.40219,0.38706,0.39640,20321248
2024-11-23T07:00:00Z,0.39632,0.40236,0.39344,0.40086,20825196
2024-11-23T08:00:00Z,0.40097,0.40484,0.39424,0.40251,20397690
2024-11-23T09:00:00Z,0.40251,0.40802,0.39697,0.39780,18997976
2024-11-23T10:00:00Z,0.39780,0.39868,0.39154,0.39319,12048135
2024-11-23T11:00:00Z,0.39322,0.40078,0.39254,0.39941,9081161
2024-11-23T12:00:00Z,0.39941,0.40785,0.39864,0.40094,17299401
2024-11-23T13:00:00Z,0.40085,0.41340,0.39894,0.40685,21383633
2024-11-23T14:00:00Z,0.40685,0.41800,0.40519,0.41472,16547000
2024-11-23T15:00:00Z,0.41474,0.42762,0.41430,0.42368,35698793
2024-11-23T16:00:00Z,0.42377,0.43447,0.40323,0.41580,72862394
2024-11-23T17:00:00Z,0.41550,0.43313,0.40542,0.43053,36177516
2024-11-23T18:00:00Z,0.43056,0.44992,0.42014,0.44404,41135802
2024-11-23T19:00:00Z,0.44417,0.45948,0.43119,0.43396,68287289
2024-11-23T20:00:00Z,0.43374,0.43442,0.41666,0.42911,37012288
2024-11-23T21:00:00Z,0.42909,0.44640,0.42678,0.44080,25824185
2024-11-23T22:00:00Z,0.44080,0.44286,0.43194,0.43296,14502574
2024-11-23T23:00:00Z,0.43293,0.43994,0.42909,0.43847,23039445
2024-11-24T00:00:00Z,0.43843,0.46816,0.42989,0.45530,72899657
2024-11-24T01:00:00Z,0.45525,0.45784,0.44465,0.45494,29879112
2024-11-24T02:00:00Z,0.45494,0.49500,0.45343,0.48658,68928011
2024-11-24T03:00:00Z,0.48661,0.57460,0.48521,0.55908,226017391
2024-11-24T04:00:00Z,0.55894,0.61221,0.55063,0.58868,254263107
2024-11-24T05:00:00Z,0.58884,0.65000,0.57741,0.63236,236745223
2024-11-24T06:00:00Z,0.63245,0.63500,0.57435,0.60016,224191765
2024-11-24T07:00:00Z,0.60037,0.61635,0.58599,0.60285,124872322
2024-11-24T08:00:00Z,0.60280,0.65088,0.60022,0.61270,265523861
2024-11-24T09:00:00Z,0.61270,0.63781,0.59608,0.63347,165890524
2024-11-24T10:00:00Z,0.63352,0.66864,0.61232,0.62813,287489790
2024-11-24T11:00:00Z,0.62814,0.63147,0.59577,0.60075,208327036
2024-11-24T12:00:00Z,0.60079,0.62561,0.57934,0.60029,285699040
2024-11-24T13:00:00Z,0.60015,0.61812,0.55800,0.57131,259282961
2024-11-24T14:00:00Z,0.57122,0.57440,0.52320,0.53466,275515900
2024-11-24T15:00:00Z,0.53466,0.55000,0.50888,0.52088,285479201
2024-11-24T16:00:00Z,0.52085,0.57000,0.51811,0.55545,260256771
2024-11-24T17:00:00Z,0.55551,0.58599,0.54927,0.58222,139414122
2024-11-24T18:00:00Z,0.58229,0.59664,0.56514,0.57057,152354115
2024-11-24T19:00:00Z,0.57057,0.58267,0.56502,0.56816,81863170
2024-11-24T20:00:00Z,0.56818,0.61787,0.56619,0.59018,125011405
2024-11-24T21:00:00Z,0.59007,0.62996,0.58973,0.61821,119780437
2024-11-24T22:00:00Z,0.61822,0.71615,0.61656,0.71184,295527012
2024-11-24T23:00:00Z,0.71194,0.81769,0.68852,0.77336,540203788
2024-11-25T00:00:00Z,0.77304,0.82905,0.73200,0.75985,667230871
2024-11-25T01:00:00Z,0.76003,0.76296,0.70170,0.73907,319740671
2024-11-25T02:00:00Z,0.73923,0.85102,0.73006,0.83768,334226013
2024-11-25T03:00:00Z,0.83746,0.86896,0.78400,0.79766,382838045
2024-11-25T04:00:00Z,0.79767,0.82649,0.76837,0.80194,215748541
2024-11-25T05:00:00Z,0.80195,0.82221,0.78006,0.81462,153126779
2024-11-25T06:00:00Z,0.81460,0.81702,0.76439,0.76743,174751049
2024-11-25T07:00:00Z,0.76733,0.78780,0.75351,0.76132,162699500
2024-11-25T08:00:00Z,0.76129,0.76463,0.73720,0.74930,151066313
2024-11-25T09:00:00Z,0.74931,0.78982,0.74728,0.77163,130461390
2024-11-25T10:00:00Z,0.77157,0.77971,0.75145,0.76196,105201180
2024-11-25T11:00:00Z,0.76191,0.76950,0.73731,0.74199,106051141
2024-11-25T12:00:00Z,0.74198,0.78880,0.73509,0.74890,206871804
2024-11-25T13:00:00Z,0.74908,0.77000,0.71728,0.72397,183219827
2024-11-25T14:00:00Z,0.72398,0.73742,0.70317,0.70863,183710844
2024-11-25T15:00:00Z,0.70876,0.80279,0.70196,0.77000,367582737
2024-11-25T16:00:00Z,0.77000,0.78277,0.73780,0.73966,174665770
2024-11-25T17:00:00Z,0.73968,0.74071,0.69517,0.71377,190867774
2024-11-25T18:00:00Z,0.71383,0.73902,0.71268,0.71991,124001921
2024-11-25T19:00:00Z,0.71991,0.73455,0.71651,0.72639,53361481
2024-11-25T20:00:00Z,0.72648,0.73603,0.71273,0.72429,48105230
2024-11-25T21:00:00Z,0.72435,0.72768,0.68032,0.70035,79876511
2024-11-25T22:00:00Z,0.70033,0.71274,0.67531,0.70085,100876045
2024-11-25T23:00:00Z,0.70085,0.71302,0.69432,0.70025,67106281
2024-11-26T00:00:00Z,0.70033,0.70742,0.66666,0.66864,169205599
2024-11-26T01:00:00Z,0.66861,0.67792,0.66385,0.67157,74213803
2024-11-26T02:00:00Z,0.67155,0.68275,0.66296,0.66722,61643686
2024-11-26T03:00:00Z,0.66723,0.67081,0.65371,0.66781,59783134
2024-11-26T04:00:00Z,0.66783,0.67012,0.64485,0.64734,66700050
2024-11-26T05:00:00Z,0.64738,0.66714,0.64333,0.66039,64516334
2024-11-26T06:00:00Z,0.66052,0.66799,0.64848,0.65031,46492017
2024-11-26T07:00:00Z,0.65032,0.65591,0.63464,0.64071,73550235
2024-11-26T08:00:00Z,0.64071,0.64594,0.61575,0.62182,118280831
2024-11-26T09:00:00Z,0.62185,0.63624,0.61500,0.63354,80634389
2024-11-26T10:00:00Z,0.63356,0.63934,0.61993,0.62002,82429461
2024-11-26T11:00:00Z,0.62003,0.62850,0.59803,0.62004,152074345
2024-11-26T12:00:00Z,0.62004,0.63466,0.60404,0.60998,107935901
2024-11-26T13:00:00Z,0.60999,0.62762,0.60400,0.61029,74318903
2024-11-26T14:00:00Z,0.61019,0.63850,0.60431,0.62856,103041977
2024-11-26T15:00:00Z,0.62864,0.63076,0.61037,0.61415,73409486
2024-11-26T16:00:00Z,0.61415,0.63251,0.60927,0.62041,68213156
2024-11-26T17:00:00Z,0.62041,0.62389,0.60588,0.60817,46439353
2024-11-26T18:00:00Z,0.60805,0.60873,0.58137,0.60115,104107968
2024-11-26T19:00:00Z,0.60123,0.60465,0.58911,0.60212,77339031
2024-11-26T20:00:00Z,0.60207,0.62558,0.59795,0.61628,70194125
2024-11-26T21:00:00Z,0.61630,0.62125,0.60935,0.61215,45367939
2024-11-26T22:00:00Z,0.61215,0.61885,0.60635,0.60718,34641363
2024-11-26T23:00:00Z,0.60719,0.61718,0.60357,0.61287,27143666
2024-11-27T00:00:00Z,0.61279,0.62020,0.58000,0.58238,96343682
2024-11-27T01:00:00Z,0.58236,0.59802,0.57784,0.59291,68078236
2024-11-27T02:00:00Z,0.59293,0.59979,0.58262,0.59252,39006016
2024-11-27T03:00:00Z,0.59245,0.59515,0.58411,0.58571,22864699
2024-11-27T04:00:00Z,0.58554,0.60454,0.58389,0.59143,42078663
2024-11-27T05:00:00Z,0.59143,0.59585,0.58172,0.58861,37643398
2024-11-27T06:00:00Z,0.58861,0.60858,0.58811,0.60019,45012620
2024-11-27T07:00:00Z,0.60028,0.62528,0.59705,0.62400,53250932
2024-11-27T08:00:00Z,0.62372,0.63948,0.61092,0.62062,115261139
2024-11-27T09:00:00Z,0.62063,0.62657,0.60407,0.62163,75170542
2024-11-27T10:00:00Z,0.62164,0.62900,0.61508,0.61655,45743006
2024-11-27T11:00:00Z,0.61656,0.61921,0.60800,0.60903,35486314
2024-11-27T12:00:00Z,0.60896,0.61039,0.59546,0.59835,46481567
2024-11-27T13:00:00Z,0.59836,0.61724,0.59648,0.61374,42701715
2024-11-27T14:00:00Z,0.61371,0.63568,0.61087,0.62035,73097287
2024-11-27T15:00:00Z,0.62030,0.63367,0.61063,0.63019,45753890
2024-11-27T16:00:00Z,0.63018,0.63876,0.61563,0.61836,74005388
2024-11-27T17:00:00Z,0.61838,0.62283,0.61426,0.61856,22680358
2024-11-27T18:00:00Z,0.61851,0.62109,0.61080,0.61179,19802010
2024-11-27T19:00:00Z,0.61180,0.61728,0.60870,0.61303,19371157
2024-11-27T20:00:00Z,0.61296,0.63109,0.61256,0.62306,29046538
2024-11-27T21:00:00Z,0.62309,0.62851,0.61513,0.62471,22250439
2024-11-27T22:00:00Z,0.62457,0.62630,0.61519,0.62218,22288543
2024-11-27T23:00:00Z,0.62219,0.62602,0.61502,0.62416,34356983
2024-11-28T00:00:00Z,0.62410,0.62422,0.60128,0.60321,50469192
2024-11-28T01:00:00Z,0.60324,0.61165,0.60210,0.60930,17561271
2024-11-28T02:00:00Z,0.60930,0.60930,0.59146,0.59565,26615871
2024-11-28T03:00:00Z,0.59565,0.60203,0.58868,0.59830,31124520
2024-11-28T04:00:00Z,0.59833,0.60556,0.59823,0.60277,15450080
2024-11-28T05:00:00Z,0.60280,0.60409,0.59669,0.60126,15001592
2024-11-28T06:00:00Z,0.60124,0.60727,0.59600,0.60437,20949237
2024-11-28T07:00:00Z,0.60440,0.60510,0.59338,0.59608,18194583
2024-11-28T08:00:00Z,0.59607,0.60200,0.59230,0.59998,20328304
2024-11-28T09:00:00Z,0.59998,0.60057,0.59314,0.59383,13924809
2024-11-28T10:00:00Z,0.59383,0.59745,0.59067,0.59332,17301624
2024-11-28T11:00:00Z,0.59327,0.59838,0.58800,0.59624,20586035
2024-11-28T12:00:00Z,0.59623,0.59770,0.58692,0.59193,23955870
2024-11-28T13:00:00Z,0.59197,0.59369,0.58627,0.59286,18678973
2024-11-28T14:00:00Z,0.59286,0.59629,0.58633,0.58980,26118678
2024-11-28T15:00:00Z,0.58983,0.59138,0.58078,0.58271,28504440
2024-11-28T16:00:00Z,0.58276,0.59212,0.58178,0.58791,22052485
2024-11-28T17:00:00Z,0.58797,0.59840,0.58748,0.59355,18532040
2024-11-28T18:00:00Z,0.59349,0.60241,0.59305,0.60211,15396436
2024-11-28T19:00:00Z,0.60212,0.60620,0.59928,0.60310,18143617
2024-11-28T20:00:00Z,0.60310,0.60350,0.59639,0.59884,15632853
2024-11-28T21:00:00Z,0.59886,0.60424,0.59879,0.60134,10631913
2024-11-28T22:00:00Z,0.60133,0.61806,0.60078,0.61353,20649575
2024-11-28T23:00:00Z,0.61350,0.62347,0.60861,0.61661,33993203
2024-11-29T00:00:00Z,0.61652,0.67527,0.61002,0.66074,218399244
2024-11-29T01:00:00Z,0.66074,0.69165,0.64910,0.68498,126777303
2024-11-29T02:00:00Z,0.68501,0.69274,0.66504,0.66550,86382254
2024-11-29T03:00:00Z,0.66556,0.66997,0.65500,0.65687,56308907
2024-11-29T04:00:00Z,0.65682,0.66250,0.64156,0.64613,50314460
2024-11-29T05:00:00Z,0.64613,0.65279,0.64154,0.64914,34346691
2024-11-29T06:00:00Z,0.64914,0.65998,0.63805,0.64450,56637941
2024-11-29T07:00:00Z,0.64454,0.64760,0.62733,0.62808,49545605
2024-11-29T08:00:00Z,0.62809,0.63898,0.62798,0.63654,28113272
2024-11-29T09:00:00Z,0.63653,0.64649,0.63653,0.64390,29380674
2024-11-29T10:00:00Z,0.64391,0.64918,0.63896,0.63975,21461258
2024-11-29T11:00:00Z,0.63973,0.64194,0.63552,0.63636,21963281
2024-11-29T12:00:00Z,0.63644,0.64385,0.63612,0.64194,25105346
2024-11-29T13:00:00Z,0.64193,0.65345,0.63782,0.64759,33588371
2024-11-29T14:00:00Z,0.64752,0.65812,0.64689,0.65103,27566629
2024-11-29T15:00:00Z,0.65098,0.65870,0.64230,0.64536,34511146
2024-11-29T16:00:00Z,0.64541,0.65284,0.63943,0.64285,23126790
2024-11-29T17:00:00Z,0.64285,0.64663,0.63693,0.64235,16875178
2024-11-29T18:00:00Z,0.64236,0.64696,0.64152,0.64295,10670542
2024-11-29T19:00:00Z,0.64309,0.64712,0.63752,0.64676,14236681
2024-11-29T20:00:00Z,0.64677,0.65571,0.64677,0.65531,13551652
2024-11-29T21:00:00Z,0.65532,0.65665,0.65132,0.65419,11305072
2024-11-29T22:00:00Z,0.65418,0.65726,0.64975,0.65061,13065920
2024-11-29T23:00:00Z,0.65061,0.65776,0.64899,0.65625,23100914
2024-11-30T00:00:00Z,0.65612,0.65667,0.63736,0.64269,36950521
2024-11-30T01:00:00Z,0.64269,0.64872,0.63700,0.64132,20096210
2024-11-30T02:00:00Z,0.64132,0.64448,0.63440,0.64188,16388382
2024-11-30T03:00:00Z,0.64198,0.64374,0.63642,0.64093,12163460
2024-11-30T04:00:00Z,0.64092,0.65116,0.63918,0.64435,18648636
2024-11-30T05:00:00Z,0.64435,0.65227,0.64429,0.64928,14680513
2024-11-30T06:00:00Z,0.64928,0.66848,0.64651,0.65971,41843049
2024-11-30T07:00:00Z,0.65972,0.66676,0.65670,0.66474,23734741
2024-11-30T08:00:00Z,0.66474,0.67353,0.65305,0.65580,33692914
2024-11-30T09:00:00Z,0.65579,0.65999,0.64739,0.65270,17767123
2024-11-30T10:00:00Z,0.65266,0.65302,0.63681,0.63818,27801089
2024-11-30T11:00:00Z,0.63821,0.65244,0.63711,0.64755,25746085
2024-11-30T12:00:00Z,0.64755,0.65800,0.64755,0.65390,17327393
2024-11-30T13:00:00Z,0.65390,0.67490,0.65208,0.67357,47577037
2024-11-30T14:00:00Z,0.67362,0.71735,0.67358,0.68660,153340378
2024-11-30T15:00:00Z,0.68661,0.69251,0.66600,0.67884,68195125
2024-11-30T16:00:00Z,0.67886,0.68573,0.66410,0.66608,35888094
2024-11-30T17:00:00Z,0.66606,0.67190,0.66573,0.66888,12141709
2024-11-30T18:00:00Z,0.66894,0.68048,0.66873,0.68024,16845876
2024-11-30T19:00:00Z,0.68023,0.68164,0.67142,0.67313,12242558
2024-11-30T20:00:00Z,0.67312,0.68209,0.67282,0.68166,10141696
2024-11-30T21:00:00Z,0.68162,0.68375,0.67576,0.67895,10250064
2024-11-30T22:00:00Z,0.67894,0.67977,0.66750,0.67063,14753889
2024-11-30T23:00:00Z,0.67065,0.67332,0.66782,0.66965,10681268
2024-12-01T00:00:00Z,0.66946,0.68393,0.65333,0.65444,53310952
2024-12-01T01:00:00Z,0.65446,0.65894,0.64318,0.64968,36758223
2024-12-01T02:00:00Z,0.64962,0.65284,0.63800,0.64111,27819571
2024-12-01T03:00:00Z,0.64112,0.64918,0.64079,0.64635,12547560
2024-12-01T04:00:00Z,0.64641,0.65295,0.64512,0.65021,10754926
2024-12-01T05:00:00Z,0.65021,0.65025,0.64441,0.64471,9206004
2024-12-01T06:00:00Z,0.64471,0.65585,0.64366,0.64985,15895689
2024-12-01T07:00:00Z,0.64983,0.65361,0.64740,0.65081,8357589
2024-12-01T08:00:00Z,0.65080,0.65810,0.64863,0.65637,15196360
2024-12-01T09:00:00Z,0.65632,0.65650,0.64937,0.65300,10192057
2024-12-01T10:00:00Z,0.65300,0.65349,0.64555,0.65145,10863327
2024-12-01T11:00:00Z,0.65145,0.67457,0.65136,0.66560,44598859
2024-12-01T12:00:00Z,0.66559,0.67261,0.66248,0.66348,23513323
2024-12-01T13:00:00Z,0.66349,0.67061,0.65736,0.65871,19499786
2024-12-01T14:00:00Z,0.65874,0.67365,0.65675,0.67158,23772835
2024-12-01T15:00:00Z,0.67157,0.67311,0.66112,0.66681,16186632
2024-12-01T16:00:00Z,0.66681,0.67224,0.66111,0.66141,24699141
2024-12-01T17:00:00Z,0.66151,0.66445,0.65572,0.66385,11372265
2024-12-01T18:00:00Z,0.66379,0.66904,0.66194,0.66514,7607930
2024-12-01T19:00:00Z,0.66515,0.66797,0.66035,0.66354,11347900
2024-12-01T20:00:00Z,0.66354,0.66439,0.65124,0.66329,20275938
2024-12-01T21:00:00Z,0.66329,0.67017,0.66237,0.66372,14792921
2024-12-01T22:00:00Z,0.66380,0.67616,0.66016,0.67612,12103548
2024-12-01T23:00:00Z,0.67612,0.68849,0.67194,0.67371,31780030
2024-12-02T00:00:00Z,0.67387,0.67912,0.66153,0.66624,27592109
2024-12-02T01:00:00Z,0.66625,0.67006,0.65747,0.66695,23655334
2024-12-02T02:00:00Z,0.66683,0.66791,0.65443,0.66115,16105135
2024-12-02T03:00:00Z,0.66114,0.66625,0.63560,0.63994,33209818
2024-12-02T04:00:00Z,0.63993,0.64614,0.62665,0.64550,59032001
2024-12-02T05:00:00Z,0.64548,0.65291,0.64281,0.64901,19388969
2024-12-02T06:00:00Z,0.64903,0.64991,0.63764,0.64717,17593272
2024-12-02T07:00:00Z,0.64719,0.65172,0.63699,0.64259,19991824
2024-12-02T08:00:00Z,0.64263,0.64683,0.60000,0.61399,83055846
2024-12-02T09:00:00Z,0.61394,0.62466,0.60954,0.62445,35333516
2024-12-02T10:00:00Z,0.62431,0.62456,0.60437,0.60593,25840971
2024-12-02T11:00:00Z,0.60592,0.61759,0.60347,0.61500,22948229
2024-12-02T12:00:00Z,0.61498,0.62633,0.61205,0.61780,20862657
2024-12-02T13:00:00Z,0.61774,0.63079,0.61654,0.62830,17710385
2024-12-02T14:00:00Z,0.62830,0.63758,0.62305,0.63072,23857130
2024-12-02T15:00:00Z,0.63072,0.65090,0.62530,0.64524,31886784
2024-12-02T16:00:00Z,0.64522,0.65460,0.63102,0.64047,39134249
2024-12-02T17:00:00Z,0.64047,0.64495,0.62450,0.62683,24000885
2024-12-02T18:00:00Z,0.62697,0.64817,0.62678,0.64585,17551078
2024-12-02T19:00:00Z,0.64571,0.64849,0.63859,0.64366,10789840
2024-12-02T20:00:00Z,0.64367,0.66009,0.64241,0.65750,18039408
2024-12-02T21:00:00Z,0.65731,0.67000,0.65193,0.66599,21128324
2024-12-02T22:00:00Z,0.66612,0.67961,0.65755,0.67443,20591573
2024-12-02T23:00:00Z,0.67442,0.73200,0.67354,0.71274,70635070
2024-12-03T00:00:00Z,0.71270,0.89857,0.71108,0.85241,360713292
2024-12-03T01:00:00Z,0.85241,0.87400,0.79479,0.82157,161862453
2024-12-03T02:00:00Z,0.82158,0.83309,0.80169,0.82767,64367968
2024-12-03T03:00:00Z,0.82760,0.83000,0.79500,0.79526,39902787
2024-12-03T04:00:00Z,0.79526,0.80423,0.76593,0.77388,77036441
2024-12-03T05:00:00Z,0.77387,0.79842,0.77250,0.79820,35954237
2024-12-03T06:00:00Z,0.79820,0.81622,0.77386,0.77665,63051393
2024-12-03T07:00:00Z,0.77662,0.78595,0.76599,0.78123,61386626
2024-12-03T08:00:00Z,0.78122,0.80442,0.77880,0.80420,35520182
2024-12-03T09:00:00Z,0.80436,0.82544,0.79100,0.80204,72086721
2024-12-03T10:00:00Z,0.80180,0.82226,0.78389,0.78851,57244616
2024-12-03T11:00:00Z,0.78851,0.80500,0.78261,0.78659,41367976
2024-12-03T12:00:00Z,0.78647,0.79236,0.77507,0.78087,34123280
2024-12-03T13:00:00Z,0.78107,0.78269,0.71068,0.73436,145548201
2024-12-03T14:00:00Z,0.73436,0.74273,0.69280,0.71660,160411291
2024-12-03T15:00:00Z,0.71643,0.73942,0.71249,0.73120,77313717
2024-12-03T16:00:00Z,0.73099,0.76089,0.72316,0.73583,77599015
2024-12-03T17:00:00Z,0.73580,0.75045,0.72460,0.74967,33929545
2024-12-03T18:00:00Z,0.74973,0.75990,0.74670,0.75778,18336187
2024-12-03T19:00:00Z,0.75785,0.76412,0.74210,0.76009,27989230
2024-12-03T20:00:00Z,0.76022,0.77777,0.75814,0.77528,23443549
2024-12-03T21:00:00Z,0.77523,0.82601,0.77482,0.80277,80630749
2024-12-03T22:00:00Z,0.80277,0.80792,0.78674,0.79643,28997713
2024-12-03T23:00:00Z,0.79649,0.80721,0.76899,0.77336,49007248
2024-12-04T00:00:00Z,0.77353,0.78930,0.75852,0.76394,52219987
2024-12-04T01:00:00Z,0.76400,0.77158,0.75221,0.76904,33673445
2024-12-04T02:00:00Z,0.76905,0.77570,0.76180,0.76520,25348695
2024-12-04T03:00:00Z,0.76524,0.79278,0.76408,0.78340,25843350
2024-12-04T04:00:00Z,0.78341,0.80188,0.77444,0.80166,25066803
2024-12-04T05:00:00Z,0.80167,0.83035,0.78557,0.82346,70282714
2024-12-04T06:00:00Z,0.82350,0.82809,0.80220,0.80991,35329235
2024-12-04T07:00:00Z,0.80987,0.82000,0.79726,0.81369,29421737
2024-12-04T08:00:00Z,0.81390,0.83178,0.80935,0.83164,37300298
2024-12-04T09:00:00Z,0.83174,0.83220,0.80803,0.81678,34393512
2024-12-04T10:00:00Z,0.81679,0.83424,0.81456,0.82775,37302485
2024-12-04T11:00:00Z,0.82778,0.93100,0.82652,0.90246,155292269
2024-12-04T12:00:00Z,0.90242,0.99125,0.90124,0.98714,221998326
2024-12-04T13:00:00Z,0.98700,0.99397,0.92228,0.92391,168988776
2024-12-04T14:00:00Z,0.92396,0.93355,0.88530,0.89208,120456090
2024-12-04T15:00:00Z,0.89221,0.93919,0.88350,0.93558,79175076
2024-12-04T16:00:00Z,0.93559,1.01845,0.91853,0.92611,259427420
2024-12-04T17:00:00Z,0.92619,0.98589,0.92526,0.98193,118098079
2024-12-04T18:00:00Z,0.98213,1.05891,0.97114,1.02123,176612066
2024-12-04T19:00:00Z,1.02123,1.06868,1.01467,1.02391,109054502
2024-12-04T20:00:00Z,1.02392,1.05360,1.00701,1.01575,92331408
2024-12-04T21:00:00Z,1.01578,1.03483,0.99130,1.00734,90874362
2024-12-04T22:00:00Z,1.00733,1.02613,0.96607,0.97334,75862792
2024-12-04T23:00:00Z,0.97334,0.97679,0.90962,0.93596,99769076
2024-12-05T00:00:00Z,0.93571,0.93868,0.89634,0.90213,85834728
2024-12-05T01:00:00Z,0.90212,0.90569,0.86948,0.87466,100268940
2024-12-05T02:00:00Z,0.87482,0.89683,0.87387,0.87824,58911429
2024-12-05T03:00:00Z,0.87821,0.88790,0.84833,0.86151,62603785
2024-12-05T04:00:00Z,0.86140,0.90876,0.85802,0.88802,64344946
2024-12-05T05:00:00Z,0.88805,0.89643,0.87793,0.89106,38184855
2024-12-05T06:00:00Z,0.89120,0.96222,0.88939,0.95357,93932621
2024-12-05T07:00:00Z,0.95364,0.97066,0.93103,0.93873,92201912
2024-12-05T08:00:00Z,0.93874,0.94313,0.91816,0.92078,60922622
2024-12-05T09:00:00Z,0.92068,0.93757,0.91294,0.92683,43572220
2024-12-05T10:00:00Z,0.92683,0.93919,0.92226,0.93348,38411088
2024-12-05T11:00:00Z,0.93347,0.96327,0.92662,0.95144,59943213
2024-12-05T12:00:00Z,0.95134,0.95208,0.91710,0.92404,43823093
2024-12-05T13:00:00Z,0.92404,0.93575,0.91456,0.91853,28485270
2024-12-05T14:00:00Z,0.91856,0.93086,0.90559,0.91195,41403035
2024-12-05T15:00:00Z,0.91199,0.93702,0.90257,0.92878,52671519
2024-12-05T16:00:00Z,0.92880,0.93994,0.91745,0.92862,39554293
2024-12-05T17:00:00Z,0.92850,0.94500,0.92570,0.93804,26992168
2024-12-05T18:00:00Z,0.93804,0.94691,0.93108,0.93212,25099208
2024-12-05T19:00:00Z,0.93215,0.95950,0.92806,0.93170,51078875
2024-12-05T20:00:00Z,0.93175,0.95087,0.91469,0.94014,50306249
2024-12-05T21:00:00Z,0.94026,0.96350,0.93523,0.94883,34201669
2024-12-05T22:00:00Z,0.94882,0.95154,0.87056,0.90925,59676111
2024-12-05T23:00:00Z,0.90926,0.91000,0.88655,0.89396,46711037
2024-12-06T00:00:00Z,0.89386,0.95205,0.89361,0.92224,124046555
2024-12-06T01:00:00Z,0.92218,0.92594,0.90600,0.91925,30986320
2024-12-06T02:00:00Z,0.91925,0.91933,0.90145,0.90722,20138577
2024-12-06T03:00:00Z,0.90726,0.91496,0.89618,0.90671,20814426
2024-12-06T04:00:00Z,0.90673,0.92632,0.90210,0.92282,20498914
2024-12-06T05:00:00Z,0.92282,0.92890,0.91353,0.91601,21201221
2024-12-06T06:00:00Z,0.91604,0.91680,0.90579,0.91179,16225390
2024-12-06T07:00:00Z,0.91186,0.91987,0.90189,0.91010,18887194
2024-12-06T08:00:00Z,0.91010,0.91574,0.90090,0.90177,16552624
2024-12-06T09:00:00Z,0.90173,0.90390,0.88146,0.88873,36383258
2024-12-06T10:00:00Z,0.88872,0.90152,0.87292,0.89944,35974550
2024-12-06T11:00:00Z,0.89944,0.90288,0.88557,0.88866,26335656
2024-12-06T12:00:00Z,0.88851,0.89659,0.86617,0.86977,25467576
2024-12-06T13:00:00Z,0.86980,0.90063,0.86845,0.89634,32517497
2024-12-06T14:00:00Z,0.89634,0.92209,0.89114,0.90832,39538429
2024-12-06T15:00:00Z,0.90831,0.92200,0.89954,0.90607,25664731
2024-12-06T16:00:00Z,0.90618,0.91844,0.90393,0.91287,18608037
2024-12-06T17:00:00Z,0.91284,0.92393,0.90859,0.91203,20841294
2024-12-06T18:00:00Z,0.91203,0.91795,0.90744,0.90972,10009878
2024-12-06T19:00:00Z,0.90972,0.91700,0.90614,0.91218,11157873
2024-12-06T20:00:00Z,0.91218,0.91845,0.90831,0.91567,13238168
2024-12-06T21:00:00Z,0.91566,0.92529,0.91105,0.91857,15469630
2024-12-06T22:00:00Z,0.91856,0.92244,0.90820,0.90873,14739777
2024-12-06T23:00:00Z,0.90876,0.92292,0.90200,0.91686,25298507
2024-12-07T00:00:00Z,0.91668,0.93063,0.89667,0.90782,36586355
2024-12-07T01:00:00Z,0.90786,0.91709,0.90261,0.91213,17996504
2024-12-07T02:00:00Z,0.91212,0.92696,0.90922,0.92400,13244445
2024-12-07T03:00:00Z,0.92400,0.92403,0.90539,0.90849,10151020
2024-12-07T04:00:00Z,0.90860,0.92250,0.90512,0.91455,12491472
2024-12-07T05:00:00Z,0.91456,0.91467,0.90056,0.90305,10756639
2024-12-07T06:00:00Z,0.90302,0.91247,0.90220,0.91139,9417435
2024-12-07T07:00:00Z,0.91141,0.91406,0.88661,0.89438,21376037
2024-12-07T08:00:00Z,0.89438,0.90899,0.89068,0.89841,14891153
2024-12-07T09:00:00Z,0.89839,0.90873,0.89765,0.89944,9436685
2024-12-07T10:00:00Z,0.89946,0.90197,0.88812,0.89607,10523026
2024-12-07T11:00:00Z,0.89607,0.90814,0.89233,0.90195,11763601
2024-12-07T12:00:00Z,0.90195,0.91121,0.89804,0.90519,8921083
2024-12-07T13:00:00Z,0.90518,0.90812,0.90114,0.90620,7581105
2024-12-07T14:00:00Z,0.90619,0.90658,0.89664,0.90303,8748725
2024-12-07T15:00:00Z,0.90302,0.90750,0.89714,0.90689,8622469
2024-12-07T16:00:00Z,0.90689,0.91503,0.90313,0.90339,13581499
2024-12-07T17:00:00Z,0.90340,0.90363,0.87765,0.88403,23302702
2024-12-07T18:00:00Z,0.88398,0.90341,0.88325,0.90290,10515485
2024-12-07T19:00:00Z,0.90290,0.90854,0.89270,0.89487,9717750
2024-12-07T20:00:00Z,0.89486,0.90879,0.89401,0.90276,7211467
2024-12-07T21:00:00Z,0.90278,0.90696,0.89624,0.89918,6234544
2024-12-07T22:00:00Z,0.89930,0.91794,0.89668,0.91450,9712203
2024-12-07T23:00:00Z,0.91450,0.92836,0.90832,0.92613,24235805
2024-12-08T00:00:00Z,0.92608,0.94963,0.91176,0.94324,59382416
2024-12-08T01:00:00Z,0.94324,0.94436,0.91350,0.91519,31396205
2024-12-08T02:00:00Z,0.91519,0.94360,0.91411,0.91958,28706864
2024-12-08T03:00:00Z,0.91959,0.93024,0.91579,0.91633,10506821
2024-12-08T04:00:00Z,0.91632,0.92168,0.90672,0.90904,15127724
2024-12-08T05:00:00Z,0.90905,0.91824,0.90531,0.90719,14347671
2024-12-08T06:00:00Z,0.90719,0.92631,0.90255,0.92630,16238350
2024-12-08T07:00:00Z,0.92631,0.93856,0.91639,0.92440,26264224
2024-12-08T08:00:00Z,0.92441,0.92550,0.90561,0.90597,21776472
2024-12-08T09:00:00Z,0.90597,0.91354,0.89073,0.89757,20603985
2024-12-08T10:00:00Z,0.89761,0.91290,0.89700,0.90540,12135794
2024-12-08T11:00:00Z,0.90540,0.91620,0.90209,0.91207,9268370
2024-12-08T12:00:00Z,0.91207,0.91999,0.90530,0.91747,11855171
2024-12-08T13:00:00Z,0.91735,0.92297,0.91240,0.91655,10686311
2024-12-08T14:00:00Z,0.91655,0.91741,0.90714,0.90827,10578688
2024-12-08T15:00:00Z,0.90828,0.91140,0.90081,0.90656,10500755
2024-12-08T16:00:00Z,0.90657,0.90870,0.89797,0.90018,10977440
2024-12-08T17:00:00Z,0.90013,0.90655,0.89665,0.90491,7017472
2024-12-08T18:00:00Z,0.90492,0.90688,0.89503,0.89836,8839113
2024-12-08T19:00:00Z,0.89834,0.90553,0.89538,0.90390,6287864
2024-12-08T20:00:00Z,0.90393,0.90664,0.89857,0.89868,6675986
2024-12-08T21:00:00Z,0.89868,0.90617,0.89693,0.90280,5657227
2024-12-08T22:00:00Z,0.90286,0.91381,0.90118,0.91233,4886409
2024-12-08T23:00:00Z,0.91226,0.92100,0.90910,0.91657,8980242
2024-12-09T00:00:00Z,0.91652,0.91665,0.88551,0.88940,25218468
2024-12-09T01:00:00Z,0.88940,0.89839,0.87908,0.88194,15806302
2024-12-09T02:00:00Z,0.88185,0.88630,0.87000,0.87266,16491795
2024-12-09T03:00:00Z,0.87267,0.87882,0.85593,0.86520,21666359
2024-12-09T04:00:00Z,0.86524,0.88222,0.85873,0.88065,19992361
2024-12-09T05:00:00Z,0.88074,0.88497,0.87639,0.87801,9477727
2024-12-09T06:00:00Z,0.87801,0.87815,0.86034,0.86656,12777271
2024-12-09T07:00:00Z,0.86657,0.86782,0.84633,0.86205,26577082
2024-12-09T08:00:00Z,0.86205,0.86231,0.82590,0.82921,39904332
2024-12-09T09:00:00Z,0.82921,0.84220,0.81701,0.83292,37913204
2024-12-09T10:00:00Z,0.83301,0.84904,0.83301,0.84709,19114740
2024-12-09T11:00:00Z,0.84710,0.84722,0.82278,0.82537,19842857
2024-12-09T12:00:00Z,0.82540,0.83710,0.81757,0.83449,28757889
2024-12-09T13:00:00Z,0.83436,0.85894,0.83358,0.85030,31582910
2024-12-09T14:00:00Z,0.85042,0.86700,0.84500,0.86310,17822885
2024-12-09T15:00:00Z,0.86310,0.86538,0.83175,0.83716,27928906
2024-12-09T16:00:00Z,0.83713,0.84784,0.83330,0.83531,14696140
2024-12-09T17:00:00Z,0.83527,0.84204,0.82544,0.82601,8236794
2024-12-09T18:00:00Z,0.82597,0.83682,0.82597,0.83023,7596228
2024-12-09T19:00:00Z,0.83026,0.83307,0.82108,0.82323,9564132
2024-12-09T20:00:00Z,0.82321,0.82558,0.74911,0.76060,93314727
2024-12-09T21:00:00Z,0.76065,0.76205,0.60888,0.71031,134892075
2024-12-09T22:00:00Z,0.71042,0.73725,0.65000,0.73476,104349164
2024-12-09T23:00:00Z,0.73487,0.74888,0.72452,0.73612,41806973
2024-12-10T00:00:00Z,0.73608,0.75871,0.71553,0.74092,55681886
2024-12-10T01:00:00Z,0.74092,0.74767,0.71804,0.73730,32401728
2024-12-10T02:00:00Z,0.73724,0.73761,0.70224,0.70264,30987473
2024-12-10T03:00:00Z,0.70266,0.71033,0.67676,0.70852,53172631
2024-12-10T04:00:00Z,0.70846,0.71869,0.68715,0.71747,25235701
2024-12-10T05:00:00Z,0.71753,0.72173,0.70744,0.71996,20587766
2024-12-10T06:00:00Z,0.71991,0.73320,0.71280,0.72600,18399650
2024-12-10T07:00:00Z,0.72600,0.72661,0.71304,0.71835,12480817
2024-12-10T08:00:00Z,0.71833,0.72441,0.70752,0.72192,17022316
2024-12-10T09:00:00Z,0.72186,0.73551,0.71760,0.72374,16952286
2024-12-10T10:00:00Z,0.72375,0.75098,0.72261,0.74421,22189182
2024-12-10T11:00:00Z,0.74418,0.74531,0.72420,0.72873,20947863
2024-12-10T12:00:00Z,0.72874,0.73136,0.69100,0.69592,39251923
2024-12-10T13:00:00Z,0.69591,0.71499,0.69571,0.69899,37142422
2024-12-10T14:00:00Z,0.69886,0.71921,0.69556,0.70340,41442073
2024-12-10T15:00:00Z,0.70323,0.70715,0.66667,0.66822,52016014
2024-12-10T16:00:00Z,0.66812,0.68020,0.65171,0.67720,52794451
2024-12-10T17:00:00Z,0.67711,0.67776,0.63271,0.63325,45653079
2024-12-10T18:00:00Z,0.63325,0.65762,0.62981,0.65101,31161911
2024-12-10T19:00:00Z,0.65101,0.67695,0.64971,0.67406,20091633
2024-12-10T20:00:00Z,0.67405,0.69168,0.67009,0.68875,19686644
2024-12-10T21:00:00Z,0.68892,0.70985,0.68815,0.69960,22239124
2024-12-10T22:00:00Z,0.69961,0.70741,0.69456,0.70076,11073242
2024-12-10T23:00:00Z,0.70075,0.70600,0.69498,0.70064,12192490
2024-12-11T00:00:00Z,0.70061,0.71225,0.67842,0.68875,34672712
2024-12-11T01:00:00Z,0.68875,0.68896,0.66236,0.66291,29885538
2024-12-11T02:00:00Z,0.66296,0.69503,0.66074,0.69016,22958677
2024-12-11T03:00:00Z,0.69012,0.69772,0.68611,0.68844,13536615
2024-12-11T04:00:00Z,0.68847,0.69447,0.68414,0.68944,12352201
2024-12-11T05:00:00Z,0.68945,0.69331,0.68133,0.68539,7838831
2024-12-11T06:00:00Z,0.68539,0.69086,0.68182,0.68576,8512725
2024-12-11T07:00:00Z,0.68582,0.69090,0.67400,0.67521,10668761
2024-12-11T08:00:00Z,0.67520,0.70608,0.67470,0.70062,22908996
2024-12-11T09:00:00Z,0.70065,0.70823,0.69364,0.70580,14978755
2024-12-11T10:00:00Z,0.70579,0.70815,0.69894,0.70783,9254443
2024-12-11T11:00:00Z,0.70781,0.72870,0.70539,0.71507,22083702
2024-12-11T12:00:00Z,0.71507,0.75299,0.71507,0.74380,41109912
2024-12-11T13:00:00Z,0.74377,0.76837,0.73624,0.75303,45688303
2024-12-11T14:00:00Z,0.75284,0.75574,0.73986,0.75070,22790057
2024-12-11T15:00:00Z,0.75070,0.77938,0.74822,0.76589,30572166
2024-12-11T16:00:00Z,0.76589,0.77828,0.75395,0.75743,24703258
2024-12-11T17:00:00Z,0.75744,0.76349,0.74906,0.75030,12698811
2024-12-11T18:00:00Z,0.75030,0.76020,0.74995,0.75656,9870853
2024-12-11T19:00:00Z,0.75658,0.76333,0.75642,0.76144,6587087
2024-12-11T20:00:00Z,0.76146,0.76751,0.75829,0.76230,9662757
2024-12-11T21:00:00Z,0.76230,0.77391,0.75829,0.77303,8287814
2024-12-11T22:00:00Z,0.77302,0.81682,0.76900,0.81192,31875148
2024-12-11T23:00:00Z,0.81189,0.81192,0.79099,0.79176,35076219
2024-12-12T00:00:00Z,0.79181,0.79533,0.77147,0.77576,27880127
2024-12-12T01:00:00Z,0.77570,0.78500,0.76703,0.77219,18933169
2024-12-12T02:00:00Z,0.77219,0.79990,0.77206,0.79671,17402403
2024-12-12T03:00:00Z,0.79674,0.81167,0.79128,0.79752,24348654
2024-12-12T04:00:00Z,0.79758,0.80734,0.79216,0.80049,15855993
2024-12-12T05:00:00Z,0.80047,0.83392,0.79855,0.81980,28371419
2024-12-12T06:00:00Z,0.81980,0.82205,0.80718,0.81097,17669851
2024-12-12T07:00:00Z,0.81099,0.81340,0.80000,0.80112,9960636
2024-12-12T08:00:00Z,0.80113,0.81346,0.80086,0.81170,11304860
2024-12-12T09:00:00Z,0.81170,0.81508,0.79903,0.80110,11399263
2024-12-12T10:00:00Z,0.80111,0.80232,0.78726,0.79173,19181163
2024-12-12T11:00:00Z,0.79179,0.79216,0.77545,0.78641,23291735
2024-12-12T12:00:00Z,0.78641,0.80041,0.78611,0.79896,15631578
2024-12-12T13:00:00Z,0.79899,0.80882,0.78105,0.78918,36364361
2024-12-12T14:00:00Z,0.78926,0.79875,0.78348,0.79681,20795750
2024-12-12T15:00:00Z,0.79681,0.80435,0.78410,0.79617,20724988
2024-12-12T16:00:00Z,0.79616,0.80702,0.79193,0.80139,14367213
2024-12-12T17:00:00Z,0.80140,0.81029,0.79620,0.80142,9772552
2024-12-12T18:00:00Z,0.80141,0.80228,0.79012,0.79428,9013937
2024-12-12T19:00:00Z,0.79428,0.79775,0.76666,0.76917,26307305
2024-12-12T20:00:00Z,0.76915,0.78816,0.76871,0.78366,14913806
2024-12-12T21:00:00Z,0.78363,0.78950,0.77486,0.77542,9290681
2024-12-12T22:00:00Z,0.77540,0.77815,0.76399,0.77321,22014398
2024-12-12T23:00:00Z,0.77319,0.77681,0.76388,0.77503,12223521
2024-12-13T00:00:00Z,0.77503,0.78638,0.76864,0.77160,19187577
2024-12-13T01:00:00Z,0.77155,0.77218,0.74872,0.76380,28393655
2024-12-13T02:00:00Z,0.76379,0.78226,0.76223,0.77380,15186865
2024-12-13T03:00:00Z,0.77382,0.77928,0.77100,0.77444,7241655
2024-12-13T04:00:00Z,0.77444,0.77655,0.76300,0.77013,9264762
2024-12-13T05:00:00Z,0.77009,0.77342,0.76180,0.76277,6937652
2024-12-13T06:00:00Z,0.76274,0.77105,0.75330,0.75330,14097414
2024-12-13T07:00:00Z,0.75330,0.76397,0.74676,0.76041,15507628
2024-12-13T08:00:00Z,0.76046,0.76894,0.75633,0.76852,9502318
2024-12-13T09:00:00Z,0.76853,0.77012,0.75837,0.76448,10242091
2024-12-13T10:00:00Z,0.76448,0.77269,0.75662,0.76922,11502489
2024-12-13T11:00:00Z,0.76931,0.78117,0.76858,0.77233,10910599
2024-12-13T12:00:00Z,0.77217,0.79330,0.77192,0.78451,16367088
2024-12-13T13:00:00Z,0.78451,0.78671,0.77107,0.77766,15160424
2024-12-13T14:00:00Z,0.77759,0.78924,0.76854,0.78775,18793884
2024-12-13T15:00:00Z,0.78778,0.79231,0.76221,0.76339,22685585
2024-12-13T16:00:00Z,0.76339,0.78411,0.76112,0.77691,20331145
2024-12-13T17:00:00Z,0.77700,0.78431,0.76926,0.78097,13329856
2024-12-13T18:00:00Z,0.78097,0.78390,0.77277,0.77358,9052268
2024-12-13T19:00:00Z,0.77358,0.77999,0.77214,0.77783,5590356
2024-12-13T20:00:00Z,0.77783,0.78952,0.77783,0.78267,7560216
2024-12-13T21:00:00Z,0.78268,0.78372,0.77556,0.77582,4445985
2024-12-13T22:00:00Z,0.77583,0.77672,0.76891,0.77237,7933360
2024-12-13T23:00:00Z,0.77237,0.78542,0.77055,0.78536,7321904
2024-12-14T00:00:00Z,0.78536,0.78542,0.76662,0.77129,13123368
2024-12-14T01:00:00Z,0.77130,0.79100,0.77129,0.77873,17362479
2024-12-14T02:00:00Z,0.77873,0.78063,0.77285,0.77526,5633723
2024-12-14T03:00:00Z,0.77527,0.77781,0.77044,0.77278,4014227
2024-12-14T04:00:00Z,0.77279,0.77576,0.76804,0.77170,7019777
2024-12-14T05:00:00Z,0.77170,0.77492,0.76861,0.77114,4614074
2024-12-14T06:00:00Z,0.77116,0.77545,0.76883,0.76934,6635379
2024-12-14T07:00:00Z,0.76931,0.77025,0.76372,0.76668,5185892
2024-12-14T08:00:00Z,0.76667,0.77692,0.76592,0.76947,9444386
2024-12-14T09:00:00Z,0.76948,0.76985,0.76283,0.76375,5715943
2024-12-14T10:00:00Z,0.76367,0.76436,0.75610,0.76052,7927932
2024-12-14T11:00:00Z,0.76050,0.76325,0.75427,0.75511,5609534
2024-12-14T12:00:00Z,0.75513,0.75711,0.74200,0.74289,14513031
2024-12-14T13:00:00Z,0.74288,0.74569,0.72735,0.73260,23964224
2024-12-14T14:00:00Z,0.73261,0.74648,0.73186,0.74300,12043069
2024-12-14T15:00:00Z,0.74298,0.74394,0.73677,0.73895,9561943
2024-12-14T16:00:00Z,0.73895,0.74042,0.72966,0.73919,12023744
2024-12-14T17:00:00Z,0.73919,0.74002,0.72076,0.72544,11882021
2024-12-14T18:00:00Z,0.72544,0.73065,0.72046,0.72251,8636551
2024-12-14T19:00:00Z,0.72252,0.72986,0.72046,0.72946,6193630
2024-12-14T20:00:00Z,0.72945,0.73229,0.71614,0.71705,7333837
2024-12-14T21:00:00Z,0.71706,0.72531,0.71442,0.72408,9886464
2024-12-14T22:00:00Z,0.72404,0.73292,0.72099,0.72987,6335460
2024-12-14T23:00:00Z,0.72987,0.73422,0.72819,0.73181,5584932
2024-12-15T00:00:00Z,0.73182,0.73187,0.71942,0.72254,11540589
2024-12-15T01:00:00Z,0.72253,0.73938,0.72205,0.73843,11634153
2024-12-15T02:00:00Z,0.73843,0.73937,0.73123,0.73145,8521144
2024-12-15T03:00:00Z,0.73146,0.73270,0.72200,0.72220,5126687
2024-12-15T04:00:00Z,0.72220,0.73635,0.72206,0.72842,10104104
2024-12-15T05:00:00Z,0.72840,0.73183,0.72441,0.72564,4441268
2024-12-15T06:00:00Z,0.72564,0.72757,0.71502,0.71551,7098863
2024-12-15T07:00:00Z,0.71552,0.71869,0.70458,0.71039,13007253
2024-12-15T08:00:00Z,0.71038,0.72742,0.70993,0.72701,12863791
2024-12-15T09:00:00Z,0.72701,0.73321,0.72256,0.73132,8867798
2024-12-15T10:00:00Z,0.73136,0.73488,0.72404,0.72483,8724394
2024-12-15T11:00:00Z,0.72483,0.73109,0.72421,0.72929,4907001
2024-12-15T12:00:00Z,0.72930,0.74077,0.72683,0.73675,14293792
2024-12-15T13:00:00Z,0.73673,0.75616,0.72912,0.75187,21551818
2024-12-15T14:00:00Z,0.75186,0.76654,0.74950,0.75636,23294659
2024-12-15T15:00:00Z,0.75637,0.75692,0.74761,0.75022,13299471
2024-12-15T16:00:00Z,0.75022,0.75502,0.74600,0.74737,10067533
2024-12-15T17:00:00Z,0.74736,0.74976,0.74273,0.74446,6619867
2024-12-15T18:00:00Z,0.74447,0.74506,0.73923,0.74282,5803904
2024-12-15T19:00:00Z,0.74281,0.74720,0.74036,0.74060,3532188
2024-12-15T20:00:00Z,0.74055,0.74393,0.73804,0.73966,5923779
2024-12-15T21:00:00Z,0.73966,0.74006,0.72100,0.72120,18565543
2024-12-15T22:00:00Z,0.72113,0.73337,0.71557,0.73031,12774388
2024-12-15T23:00:00Z,0.73032,0.75783,0.73028,0.75228,28288536
2024-12-16T00:00:00Z,0.75234,0.76903,0.74445,0.76680,24301028
2024-12-16T01:00:00Z,0.76679,0.76833,0.75650,0.75825,15241610
2024-12-16T02:00:00Z,0.75827,0.75921,0.73952,0.74228,18363018
2024-12-16T03:00:00Z,0.74226,0.74547,0.73061,0.73612,13114456
2024-12-16T04:00:00Z,0.73611,0.74062,0.73258,0.73519,6369283
2024-12-16T05:00:00Z,0.73522,0.74083,0.72987,0.73675,9309632
2024-12-16T06:00:00Z,0.73676,0.74081,0.72582,0.72783,8671161
2024-12-16T07:00:00Z,0.72782,0.73638,0.72599,0.73039,8121719
2024-12-16T08:00:00Z,0.73040,0.73141,0.72019,0.72257,10277485
2024-12-16T09:00:00Z,0.72257,0.72497,0.71616,0.71691,10203262
2024-12-16T10:00:00Z,0.71694,0.71871,0.71292,0.71545,10181674
2024-12-16T11:00:00Z,0.71545,0.71671,0.70240,0.70390,11317492
2024-12-16T12:00:00Z,0.70389,0.71055,0.70208,0.70385,10322632
2024-12-16T13:00:00Z,0.70382,0.71300,0.70278,0.70801,8803128
2024-12-16T14:00:00Z,0.70801,0.72300,0.70685,0.71248,15269234
2024-12-16T15:00:00Z,0.71254,0.72359,0.70924,0.71941,13661250
2024-12-16T16:00:00Z,0.71944,0.73021,0.71740,0.72142,15679750
2024-12-16T17:00:00Z,0.72141,0.73396,0.72088,0.72820,9160777
2024-12-16T18:00:00Z,0.72821,0.74203,0.72638,0.74055,8339042
2024-12-16T19:00:00Z,0.74045,0.74211,0.72531,0.73125,9734502
2024-12-16T20:00:00Z,0.73129,0.74074,0.72463,0.72712,7306404
2024-12-16T21:00:00Z,0.72715,0.73496,0.72678,0.73356,4871680
2024-12-16T22:00:00Z,0.73361,0.73548,0.72208,0.72441,5815479
2024-12-16T23:00:00Z,0.72434,0.72624,0.71381,0.71713,7826443
2024-12-17T00:00:00Z,0.71713,0.71719,0.69555,0.69573,24747375
2024-12-17T01:00:00Z,0.69573,0.70598,0.69503,0.70268,10428003
2024-12-17T02:00:00Z,0.70267,0.70872,0.69734,0.69876,6067706
2024-12-17T03:00:00Z,0.69878,0.70553,0.69783,0.70342,6452920
2024-12-17T04:00:00Z,0.70343,0.70358,0.69063,0.69801,11631712
2024-12-17T05:00:00Z,0.69800,0.70370,0.69000,0.69923,16677473
2024-12-17T06:00:00Z,0.69922,0.69989,0.68808,0.69472,8626731
2024-12-17T07:00:00Z,0.69472,0.69890,0.68826,0.69153,6080025
2024-12-17T08:00:00Z,0.69132,0.70056,0.69120,0.69381,8278726
2024-12-17T09:00:00Z,0.69381,0.71623,0.69071,0.71120,14326503
2024-12-17T10:00:00Z,0.71113,0.71647,0.70505,0.71078,13954049
2024-12-17T11:00:00Z,0.71070,0.72094,0.70726,0.71664,11417854
2024-12-17T12:00:00Z,0.71663,0.72434,0.71036,0.71913,12257266
2024-12-17T13:00:00Z,0.71913,0.72073,0.71180,0.71347,9467380
2024-12-17T14:00:00Z,0.71346,0.71382,0.69763,0.70542,20661742
2024-12-17T15:00:00Z,0.70541,0.70668,0.68327,0.68860,31177446
2024-12-17T16:00:00Z,0.68858,0.69835,0.68076,0.69273,23264513
2024-12-17T17:00:00Z,0.69274,0.71277,0.69156,0.70805,12216424
2024-12-17T18:00:00Z,0.70803,0.70810,0.69127,0.69233,8200693
2024-12-17T19:00:00Z,0.69228,0.70026,0.68901,0.69983,8158566
2024-12-17T20:00:00Z,0.69983,0.70573,0.69603,0.69737,6284541
2024-12-17T21:00:00Z,0.69736,0.70063,0.69039,0.69458,7557045
2024-12-17T22:00:00Z,0.69450,0.69496,0.67580,0.68069,12721817
2024-12-17T23:00:00Z,0.68068,0.68120,0.67000,0.68109,15311609
2024-12-18T00:00:00Z,0.68110,0.68561,0.67000,0.67736,17527604
2024-12-18T01:00:00Z,0.67735,0.68407,0.67056,0.67224,11820100
2024-12-18T02:00:00Z,0.67226,0.67907,0.66808,0.67715,11135401
2024-12-18T03:00:00Z,0.67714,0.67836,0.66751,0.66887,9052062
2024-12-18T04:00:00Z,0.66884,0.67009,0.65557,0.66368,22373642
2024-12-18T05:00:00Z,0.66369,0.66863,0.66000,0.66203,9478028
2024-12-18T06:00:00Z,0.66205,0.66688,0.65320,0.65962,15993047
2024-12-18T07:00:00Z,0.65955,0.66559,0.65786,0.66179,7244465
2024-12-18T08:00:00Z,0.66178,0.66405,0.65513,0.66090,6782545
2024-12-18T09:00:00Z,0.66089,0.67042,0.66074,0.66760,7522299
2024-12-18T10:00:00Z,0.66759,0.67048,0.66346,0.66955,4906783
2024-12-18T11:00:00Z,0.66949,0.68554,0.66889,0.68293,14595471
2024-12-18T12:00:00Z,0.68292,0.68292,0.65924,0.66405,20289159
2024-12-18T13:00:00Z,0.66405,0.67310,0.66127,0.67020,10855703
2024-12-18T14:00:00Z,0.67026,0.67684,0.66216,0.66258,14193658
2024-12-18T15:00:00Z,0.66251,0.67211,0.65736,0.65785,23708161
2024-12-18T16:00:00Z,0.65785,0.66876,0.65618,0.66500,12915967
2024-12-18T17:00:00Z,0.66501,0.67405,0.65467,0.66997,13077810
2024-12-18T18:00:00Z,0.66994,0.68085,0.66732,0.68012,10162241
2024-12-18T19:00:00Z,0.68005,0.68100,0.64674,0.64862,31929178
2024-12-18T20:00:00Z,0.64860,0.65405,0.59712,0.61947,97638151
2024-12-18T21:00:00Z,0.61933,0.63248,0.61232,0.62517,26959825
2024-12-18T22:00:00Z,0.62516,0.62937,0.61453,0.61826,18937206
2024-12-18T23:00:00Z,0.61827,0.62112,0.60463,0.60883,24201103
2024-12-19T00:00:00Z,0.60883,0.61759,0.59800,0.61415,29747292
2024-12-19T01:00:00Z,0.61416,0.61480,0.58993,0.59532,20076349
2024-12-19T02:00:00Z,0.59529,0.60000,0.56978,0.59800,62002621
2024-12-19T03:00:00Z,0.59800,0.61645,0.59663,0.61476,25919899
2024-12-19T04:00:00Z,0.61470,0.61782,0.60995,0.61034,9093907
2024-12-19T05:00:00Z,0.61035,0.61468,0.60822,0.61107,7877217
2024-12-19T06:00:00Z,0.61103,0.61264,0.60456,0.60737,7183846
2024-12-19T07:00:00Z,0.60736,0.61516,0.60714,0.61360,9127815
2024-12-19T08:00:00Z,0.61359,0.61372,0.60554,0.60638,9084771
2024-12-19T09:00:00Z,0.60637,0.61441,0.60568,0.61278,6150958
2024-12-19T10:00:00Z,0.61277,0.62751,0.60823,0.62204,14686949
2024-12-19T11:00:00Z,0.62205,0.62608,0.61761,0.62273,8859468
2024-12-19T12:00:00Z,0.62268,0.62484,0.60969,0.61111,9841932
2024-12-19T13:00:00Z,0.61110,0.61758,0.60538,0.61082,10696164
2024-12-19T14:00:00Z,0.61085,0.61890,0.60121,0.60274,16289200
2024-12-19T15:00:00Z,0.60279,0.60338,0.58472,0.59759,34542446
2024-12-19T16:00:00Z,0.59759,0.60323,0.58857,0.60298,15817098
2024-12-19T17:00:00Z,0.60295,0.60323,0.55574,0.56940,51946274
2024-12-19T18:00:00Z,0.56940,0.57035,0.54587,0.56347,63775424
2024-12-19T19:00:00Z,0.56343,0.56749,0.53981,0.55058,33763843
2024-12-19T20:00:00Z,0.55057,0.55489,0.53174,0.54900,36554653
2024-12-19T21:00:00Z,0.54900,0.56584,0.54495,0.55878,23444907
2024-12-19T22:00:00Z,0.55872,0.56523,0.55801,0.56266,11399284
2024-12-19T23:00:00Z,0.56276,0.56293,0.54736,0.54777,15321924
2024-12-20T00:00:00Z,0.54778,0.55724,0.53482,0.55273,39178790
2024-12-20T01:00:00Z,0.55270,0.55889,0.54604,0.55182,16773481
2024-12-20T02:00:00Z,0.55186,0.57390,0.55040,0.56725,25887411
2024-12-20T03:00:00Z,0.56725,0.56825,0.55908,0.56082,11671472
2024-12-20T04:00:00Z,0.56081,0.56496,0.55765,0.55850,7629110
2024-12-20T05:00:00Z,0.55848,0.56119,0.54752,0.54786,9204166
2024-12-20T06:00:00Z,0.54785,0.55595,0.53613,0.54221,16574683
2024-12-20T07:00:00Z,0.54220,0.55989,0.54131,0.54922,17504652
2024-12-20T08:00:00Z,0.54920,0.54992,0.50908,0.51363,48705556
2024-12-20T09:00:00Z,0.51375,0.51957,0.50283,0.50358,39605316
2024-12-20T10:00:00Z,0.50358,0.50734,0.48717,0.49377,61237634
2024-12-20T11:00:00Z,0.49375,0.50252,0.47179,0.47431,56723349
2024-12-20T12:00:00Z,0.47436,0.50838,0.47282,0.50352,42795076
2024-12-20T13:00:00Z,0.50353,0.52235,0.49671,0.51911,39054231
2024-12-20T14:00:00Z,0.51910,0.53546,0.51488,0.53176,24881880
2024-12-20T15:00:00Z,0.53173,0.55177,0.53151,0.54553,29887947
2024-12-20T16:00:00Z,0.54555,0.55597,0.54140,0.54791,20568865
2024-12-20T17:00:00Z,0.54792,0.56376,0.54555,0.56162,13769860
2024-12-20T18:00:00Z,0.56162,0.56228,0.55500,0.55969,10266437
2024-12-20T19:00:00Z,0.55968,0.58211,0.55907,0.57360,21603846
2024-12-20T20:00:00Z,0.57357,0.57820,0.57020,0.57299,15153093
2024-12-20T21:00:00Z,0.57296,0.57629,0.56097,0.57498,17160432
2024-12-20T22:00:00Z,0.57504,0.61191,0.57144,0.60146,31440433
2024-12-20T23:00:00Z,0.60145,0.61821,0.59995,0.61235,34019516
2024-12-21T00:00:00Z,0.61233,0.64288,0.60672,0.61395,81172094
2024-12-21T01:00:00Z,0.61392,0.61691,0.59802,0.59848,26703418
2024-12-21T02:00:00Z,0.59847,0.60374,0.59220,0.59949,20380046
2024-12-21T03:00:00Z,0.59951,0.60197,0.58740,0.59218,14037741
2024-12-21T04:00:00Z,0.59220,0.60222,0.59220,0.60070,10362746
2024-12-21T05:00:00Z,0.60072,0.62019,0.59977,0.61997,17934298
2024-12-21T06:00:00Z,0.61995,0.62771,0.61846,0.62448,22489242
2024-12-21T07:00:00Z,0.62449,0.62747,0.61964,0.62132,14915125
2024-12-21T08:00:00Z,0.62124,0.62460,0.60069,0.60434,23478504
2024-12-21T09:00:00Z,0.60433,0.60699,0.59789,0.60436,13652772
2024-12-21T10:00:00Z,0.60434,0.60764,0.59729,0.60141,9097700
2024-12-21T11:00:00Z,0.60149,0.60428,0.59155,0.59765,10791832
2024-12-21T12:00:00Z,0.59767,0.59785,0.57488,0.57530,27560843
2024-12-21T13:00:00Z,0.57532,0.58156,0.55694,0.57272,38786482
2024-12-21T14:00:00Z,0.57267,0.57899,0.56592,0.56664,16388083
2024-12-21T15:00:00Z,0.56665,0.57884,0.56659,0.57608,10576549
2024-12-21T16:00:00Z,0.57607,0.57804,0.56447,0.56836,17653529
2024-12-21T17:00:00Z,0.56841,0.57565,0.56332,0.57228,12999069
2024-12-21T18:00:00Z,0.57230,0.57392,0.55968,0.56294,11978721
2024-12-21T19:00:00Z,0.56295,0.56338,0.55284,0.56283,16740209
2024-12-21T20:00:00Z,0.56283,0.56934,0.55924,0.56409,13784491
2024-12-21T21:00:00Z,0.56411,0.56736,0.55586,0.56016,9736467
2024-12-21T22:00:00Z,0.56016,0.56293,0.55334,0.55889,6815753
2024-12-21T23:00:00Z,0.55890,0.56644,0.55250,0.56549,11036502
2024-12-22T00:00:00Z,0.56554,0.58150,0.55809,0.56567,48483299
2024-12-22T01:00:00Z,0.56568,0.57446,0.55651,0.56598,17914971
2024-12-22T02:00:00Z,0.56597,0.56884,0.55558,0.55801,9283365
2024-12-22T03:00:00Z,0.55799,0.56523,0.55214,0.56345,9977824
2024-12-22T04:00:00Z,0.56344,0.56408,0.55048,0.55079,8902500
2024-12-22T05:00:00Z,0.55074,0.55789,0.54517,0.55468,14894797
2024-12-22T06:00:00Z,0.55468,0.56480,0.55222,0.56367,10338369
2024-12-22T07:00:00Z,0.56367,0.56483,0.55509,0.55654,7461635
2024-12-22T08:00:00Z,0.55654,0.56591,0.55613,0.56254,10021940
2024-12-22T09:00:00Z,0.56257,0.57611,0.55815,0.56800,14831803
2024-12-22T10:00:00Z,0.56789,0.57553,0.56776,0.56936,10025273
2024-12-22T11:00:00Z,0.56936,0.57123,0.56440,0.56587,7389243
2024-12-22T12:00:00Z,0.56591,0.57485,0.56307,0.56899,10322736
2024-12-22T13:00:00Z,0.56898,0.58086,0.56564,0.57569,15797603
2024-12-22T14:00:00Z,0.57569,0.57765,0.55443,0.55764,24225145
2024-12-22T15:00:00Z,0.55766,0.56547,0.55755,0.56037,12613287
2024-12-22T16:00:00Z,0.56038,0.57271,0.55395,0.56853,11586931
2024-12-22T17:00:00Z,0.56855,0.57116,0.56300,0.56630,9441999
2024-12-22T18:00:00Z,0.56630,0.57563,0.56411,0.56669,7731753
2024-12-22T19:00:00Z,0.56670,0.56792,0.54853,0.55033,11180464
2024-12-22T20:00:00Z,0.55032,0.56168,0.54331,0.56121,15048779
2024-12-22T21:00:00Z,0.56123,0.57041,0.55760,0.56320,9033050
2024-12-22T22:00:00Z,0.56318,0.56637,0.55325,0.56566,10679275
2024-12-22T23:00:00Z,0.56564,0.57157,0.56016,0.56241,8410299
2024-12-23T00:00:00Z,0.56246,0.56296,0.54847,0.55041,14279287
2024-12-23T01:00:00Z,0.55039,0.56188,0.54260,0.55279,17013244
2024-12-23T02:00:00Z,0.55279,0.56088,0.54679,0.55950,12581803
2024-12-23T03:00:00Z,0.55951,0.58521,0.55528,0.58290,26244578
2024-12-23T04:00:00Z,0.58294,0.58574,0.57165,0.57235,14041047
2024-12-23T05:00:00Z,0.57234,0.57464,0.56340,0.56995,11942252
2024-12-23T06:00:00Z,0.56999,0.57167,0.55502,0.55825,11560765
2024-12-23T07:00:00Z,0.55820,0.56576,0.55591,0.56407,10405118
2024-12-23T08:00:00Z,0.56408,0.56705,0.55940,0.56634,8568153
2024-12-23T09:00:00Z,0.56634,0.57578,0.56615,0.56893,8819753
2024-12-23T10:00:00Z,0.56895,0.57348,0.56488,0.56924,6653668
2024-12-23T11:00:00Z,0.56925,0.57056,0.56258,0.56469,5716342
2024-12-23T12:00:00Z,0.56468,0.57656,0.56400,0.57237,7930850
2024-12-23T13:00:00Z,0.57236,0.57398,0.55709,0.55938,12529249
2024-12-23T14:00:00Z,0.55944,0.56864,0.54777,0.55284,20524094
2024-12-23T15:00:00Z,0.55289,0.55637,0.54833,0.55099,12126822
2024-12-23T16:00:00Z,0.55092,0.57502,0.55000,0.57092,14070087
2024-12-23T17:00:00Z,0.57092,0.57319,0.56224,0.56338,12306144
2024-12-23T18:00:00Z,0.56336,0.56786,0.55689,0.55739,7072800
2024-12-23T19:00:00Z,0.55737,0.57347,0.55717,0.56977,7332357
2024-12-23T20:00:00Z,0.56976,0.59900,0.56929,0.59589,21889913
2024-12-23T21:00:00Z,0.59591,0.60940,0.59428,0.59498,24646272
2024-12-23T22:00:00Z,0.59500,0.60038,0.58905,0.60034,18340381
2024-12-23T23:00:00Z,0.60035,0.60092,0.58971,0.59423,9192591
2024-12-24T00:00:00Z,0.59422,0.59423,0.58349,0.59034,11476550
2024-12-24T01:00:00Z,0.59033,0.59273,0.57921,0.58010,9061679
2024-12-24T02:00:00Z,0.58009,0.58449,0.57523,0.58007,7306909
2024-12-24T03:00:00Z,0.58009,0.58605,0.57923,0.58577,3853743
2024-12-24T04:00:00Z,0.58576,0.58775,0.58210,0.58597,4982032
2024-12-24T05:00:00Z,0.58602,0.58844,0.58320,0.58531,5141904
2024-12-24T06:00:00Z,0.58530,0.58553,0.57507,0.57588,6387510
2024-12-24T07:00:00Z,0.57586,0.58147,0.57245,0.57941,5876498
2024-12-24T08:00:00Z,0.57944,0.59481,0.57718,0.59314,10398520
2024-12-24T09:00:00Z,0.59313,0.59313,0.58150,0.58261,11787997
2024-12-24T10:00:00Z,0.58252,0.58388,0.57846,0.58069,6401571
2024-12-24T11:00:00Z,0.58068,0.59058,0.57929,0.58969,6747069
2024-12-24T12:00:00Z,0.58968,0.59785,0.58496,0.59268,15512193
2024-12-24T13:00:00Z,0.59268,0.62194,0.58975,0.61931,28658551
2024-12-24T14:00:00Z,0.61933,0.63122,0.61862,0.62681,31224882
2024-12-24T15:00:00Z,0.62671,0.64743,0.62521,0.64015,29338896
2024-12-24T16:00:00Z,0.64015,0.64458,0.62556,0.62832,17934385
2024-12-24T17:00:00Z,0.62833,0.63289,0.62195,0.62436,9885336
2024-12-24T18:00:00Z,0.62436,0.62735,0.62129,0.62688,8708507
2024-12-24T19:00:00Z,0.62687,0.62751,0.61680,0.61715,7770440
2024-12-24T20:00:00Z,0.61714,0.61841,0.61021,0.61184,16370850
2024-12-24T21:00:00Z,0.61184,0.62270,0.61146,0.62165,5682660
2024-12-24T22:00:00Z,0.62166,0.62497,0.61868,0.62221,4941151
2024-12-24T23:00:00Z,0.62220,0.64100,0.62188,0.63964,24496879
2024-12-25T00:00:00Z,0.63965,0.63965,0.62651,0.63700,19301326
2024-12-25T01:00:00Z,0.63691,0.65212,0.62653,0.63117,31501490
2024-12-25T02:00:00Z,0.63115,0.63210,0.62222,0.62611,10386018
2024-12-25T03:00:00Z,0.62608,0.62687,0.61654,0.62244,11075085
2024-12-25T04:00:00Z,0.62247,0.62849,0.62014,0.62163,8534955
2024-12-25T05:00:00Z,0.62164,0.62678,0.62122,0.62547,5757535
2024-12-25T06:00:00Z,0.62545,0.62748,0.61734,0.61830,5823186
2024-12-25T07:00:00Z,0.61837,0.62472,0.61535,0.61585,8285986
2024-12-25T08:00:00Z,0.61582,0.62049,0.61325,0.61796,7144426
2024-12-25T09:00:00Z,0.61796,0.62132,0.61462,0.61949,6142693
2024-12-25T10:00:00Z,0.61949,0.63332,0.61540,0.61881,22302235
2024-12-25T11:00:00Z,0.61880,0.62268,0.60736,0.60989,10365953
2024-12-25T12:00:00Z,0.60981,0.61240,0.60499,0.61007,13738330
2024-12-25T13:00:00Z,0.61005,0.61659,0.60850,0.61091,7495711
2024-12-25T14:00:00Z,0.61094,0.61346,0.60830,0.61018,5487090
2024-12-25T15:00:00Z,0.61020,0.61131,0.60203,0.60514,8418972
2024-12-25T16:00:00Z,0.60512,0.60690,0.59588,0.60066,13584921
2024-12-25T17:00:00Z,0.60067,0.60399,0.59832,0.60321,4166486
2024-12-25T18:00:00Z,0.60320,0.60434,0.59941,0.60128,5221226
2024-12-25T19:00:00Z,0.60128,0.60445,0.60004,0.60270,3686156
2024-12-25T20:00:00Z,0.60273,0.60612,0.59423,0.59686,6606608
2024-12-25T21:00:00Z,0.59682,0.60081,0.59255,0.59738,7920008
2024-12-25T22:00:00Z,0.59740,0.60082,0.59441,0.59622,3915895
2024-12-25T23:00:00Z,0.59622,0.60077,0.59588,0.59971,4728912
2024-12-26T00:00:00Z,0.59972,0.60831,0.58623,0.59011,32316304
2024-12-26T01:00:00Z,0.59008,0.59295,0.58401,0.58646,8246486
2024-12-26T02:00:00Z,0.58646,0.58851,0.57829,0.57926,9267207
2024-12-26T03:00:00Z,0.57927,0.58162,0.57646,0.57779,6001214
2024-12-26T04:00:00Z,0.57784,0.57788,0.57104,0.57223,9840496
2024-12-26T05:00:00Z,0.57217,0.57340,0.56936,0.57189,5257632
2024-12-26T06:00:00Z,0.57188,0.57298,0.56565,0.56902,7863496
2024-12-26T07:00:00Z,0.56902,0.57178,0.56654,0.56842,7940260
2024-12-26T08:00:00Z,0.56844,0.57015,0.55101,0.55889,25129143
2024-12-26T09:00:00Z,0.55891,0.56533,0.55851,0.56195,13857853
2024-12-26T10:00:00Z,0.56197,0.56420,0.55884,0.56344,7222028
2024-12-26T11:00:00Z,0.56342,0.57050,0.56264,0.56666,6857714
2024-12-26T12:00:00Z,0.56666,0.56666,0.56037,0.56131,6838421
2024-12-26T13:00:00Z,0.56132,0.56279,0.55684,0.56079,7165741
2024-12-26T14:00:00Z,0.56077,0.56654,0.55683,0.55996,11387178
2024-12-26T15:00:00Z,0.55997,0.56450,0.55761,0.56001,6449976
2024-12-26T16:00:00Z,0.56003,0.56451,0.55826,0.56280,4977392
2024-12-26T17:00:00Z,0.56281,0.56296,0.55000,0.55587,9343379
2024-12-26T18:00:00Z,0.55591,0.55897,0.55278,0.55799,5444022
2024-12-26T19:00:00Z,0.55797,0.55884,0.55263,0.55824,4670105
2024-12-26T20:00:00Z,0.55822,0.55822,0.55168,0.55365,4815548
2024-12-26T21:00:00Z,0.55365,0.55584,0.54794,0.55504,8024781
2024-12-26T22:00:00Z,0.55505,0.55852,0.55446,0.55614,4129111
2024-12-26T23:00:00Z,0.55613,0.55682,0.54991,0.55512,5599044
2024-12-27T00:00:00Z,0.55515,0.55895,0.54741,0.55504,12083375
2024-12-27T01:00:00Z,0.55503,0.56191,0.55164,0.55732,8504480
2024-12-27T02:00:00Z,0.55733,0.56697,0.55496,0.55747,12688391
2024-12-27T03:00:00Z,0.55748,0.56352,0.55654,0.56144,6145613
2024-12-27T04:00:00Z,0.56144,0.56589,0.55666,0.55784,5981065
2024-12-27T05:00:00Z,0.55787,0.55994,0.55235,0.55976,9947610
2024-12-27T06:00:00Z,0.55976,0.56955,0.55916,0.56932,6426562
2024-12-27T07:00:00Z,0.56939,0.56971,0.54911,0.55620,12615687
2024-12-27T08:00:00Z,0.55619,0.56620,0.55606,0.56043,7973208
2024-12-27T09:00:00Z,0.56044,0.58276,0.56000,0.57850,19622924
2024-12-27T10:00:00Z,0.57851,0.57983,0.56424,0.57289,16073522
2024-12-27T11:00:00Z,0.57288,0.57703,0.57004,0.57385,6254413
2024-12-27T12:00:00Z,0.57382,0.57758,0.57067,0.57234,7619574
2024-12-27T13:00:00Z,0.57229,0.57310,0.56274,0.56535,8788990
2024-12-27T14:00:00Z,0.56534,0.56585,0.55397,0.55855,9841780
2024-12-27T15:00:00Z,0.55855,0.55900,0.54713,0.55141,12730184
2024-12-27T16:00:00Z,0.55132,0.55313,0.54414,0.54904,9114772
2024-12-27T17:00:00Z,0.54909,0.56176,0.54580,0.56034,8067962
2024-12-27T18:00:00Z,0.56034,0.56101,0.55576,0.55674,3548974
2024-12-27T19:00:00Z,0.55674,0.55764,0.55276,0.55605,3085510
2024-12-27T20:00:00Z,0.55605,0.55713,0.55144,0.55490,2724423
2024-12-27T21:00:00Z,0.55491,0.55635,0.54906,0.54932,3043154
2024-12-27T22:00:00Z,0.54932,0.55328,0.54573,0.54780,4812942
2024-12-27T23:00:00Z,0.54780,0.55118,0.54611,0.55116,4248261
2024-12-28T00:00:00Z,0.55116,0.55750,0.54741,0.55742,9049247
2024-12-28T01:00:00Z,0.55740,0.56046,0.54590,0.55032,11470283
2024-12-28T02:00:00Z,0.55028,0.55544,0.54973,0.54978,4298833
2024-12-28T03:00:00Z,0.54979,0.55597,0.54967,0.55467,3400927
2024-12-28T04:00:00Z,0.55471,0.55499,0.55094,0.55229,2725771
2024-12-28T05:00:00Z,0.55232,0.55702,0.55232,0.55403,4678216
2024-12-28T06:00:00Z,0.55403,0.55446,0.54839,0.55042,4345306
2024-12-28T07:00:00Z,0.55036,0.55364,0.54753,0.54830,3902426
2024-12-28T08:00:00Z,0.54830,0.55291,0.54807,0.55176,3615582
2024-12-28T09:00:00Z,0.55175,0.55412,0.55099,0.55181,2652307
2024-12-28T10:00:00Z,0.55183,0.55267,0.54862,0.54887,5277608
2024-12-28T11:00:00Z,0.54889,0.55440,0.54889,0.55335,4362317
2024-12-28T12:00:00Z,0.55333,0.55430,0.54948,0.55048,4700365
2024-12-28T13:00:00Z,0.55047,0.56556,0.55006,0.56252,13802500
2024-12-28T14:00:00Z,0.56251,0.56869,0.55588,0.55933,11415171
2024-12-28T15:00:00Z,0.55930,0.56560,0.55791,0.55930,6270704
2024-12-28T16:00:00Z,0.55930,0.56493,0.55744,0.56407,5124657
2024-12-28T17:00:00Z,0.56408,0.57161,0.56310,0.56741,6609325
2024-12-28T18:00:00Z,0.56739,0.56859,0.56278,0.56552,4054807
2024-12-28T19:00:00Z,0.56545,0.56740,0.56421,0.56586,2013371
2024-12-28T20:00:00Z,0.56587,0.56725,0.56327,0.56496,2455497
2024-12-28T21:00:00Z,0.56506,0.57078,0.56376,0.57014,3739170
2024-12-28T22:00:00Z,0.57014,0.58491,0.56899,0.57920,11264921
2024-12-28T23:00:00Z,0.57917,0.57941,0.57363,0.57877,4817089
2024-12-29T00:00:00Z,0.57869,0.58023,0.57088,0.57520,10054268
2024-12-29T01:00:00Z,0.57526,0.58236,0.57054,0.57141,8760717
2024-12-29T02:00:00Z,0.57142,0.57717,0.57100,0.57593,4465210
2024-12-29T03:00:00Z,0.57594,0.57967,0.57286,0.57951,3933716
2024-12-29T04:00:00Z,0.57952,0.58157,0.57464,0.57852,3862066
2024-12-29T05:00:00Z,0.57851,0.57897,0.57330,0.57434,2826233
2024-12-29T06:00:00Z,0.57439,0.57649,0.56836,0.57517,5322417
2024-12-29T07:00:00Z,0.57516,0.57803,0.57311,0.57753,3134678
2024-12-29T08:00:00Z,0.57730,0.57837,0.56940,0.57098,4403679
2024-12-29T09:00:00Z,0.57099,0.57311,0.56841,0.57217,4401690
2024-12-29T10:00:00Z,0.57222,0.57381,0.57045,0.57080,4526353
2024-12-29T11:00:00Z,0.57081,0.57164,0.56703,0.56755,4064858
2024-12-29T12:00:00Z,0.56755,0.56949,0.56211,0.56345,8216223
2024-12-29T13:00:00Z,0.56344,0.56762,0.56220,0.56683,4134904
2024-12-29T14:00:00Z,0.56683,0.57218,0.55870,0.56197,11989048
2024-12-29T15:00:00Z,0.56197,0.56364,0.55904,0.56068,4984131
2024-12-29T16:00:00Z,0.56067,0.56106,0.55401,0.55620,9214267
2024-12-29T17:00:00Z,0.55621,0.55798,0.55372,0.55592,3609276
2024-12-29T18:00:00Z,0.55592,0.55592,0.55153,0.55341,4652343
2024-12-29T19:00:00Z,0.55340,0.55787,0.55315,0.55538,5046316
2024-12-29T20:00:00Z,0.55541,0.55565,0.54924,0.55537,5908330
2024-12-29T21:00:00Z,0.55536,0.55726,0.54904,0.55047,4023542
2024-12-29T22:00:00Z,0.55043,0.55111,0.54366,0.54644,6939387
2024-12-29T23:00:00Z,0.54646,0.55004,0.54323,0.54830,6639697
2024-12-30T00:00:00Z,0.54829,0.55611,0.54512,0.55112,10824829
2024-12-30T01:00:00Z,0.55113,0.56705,0.54943,0.56044,10189917
2024-12-30T02:00:00Z,0.56039,0.56240,0.55487,0.55997,6282090
2024-12-30T03:00:00Z,0.55998,0.56219,0.55303,0.55356,4282150
2024-12-30T04:00:00Z,0.55355,0.55853,0.54897,0.54900,4394216
2024-12-30T05:00:00Z,0.54899,0.55360,0.54694,0.55283,4864096
2024-12-30T06:00:00Z,0.55283,0.56463,0.55265,0.55961,6614474
2024-12-30T07:00:00Z,0.55959,0.56070,0.55200,0.55719,4413849
2024-12-30T08:00:00Z,0.55716,0.56225,0.55361,0.55552,4055487
2024-12-30T09:00:00Z,0.55547,0.55671,0.55068,0.55298,3976474
2024-12-30T10:00:00Z,0.55298,0.55497,0.54922,0.55034,3505986
2024-12-30T11:00:00Z,0.55035,0.55471,0.54508,0.55316,6860276
2024-12-30T12:00:00Z,0.55316,0.56041,0.55057,0.55192,8388576
2024-12-30T13:00:00Z,0.55194,0.55450,0.53149,0.53384,16726663
2024-12-30T14:00:00Z,0.53384,0.53948,0.52583,0.52837,19446311
2024-12-30T15:00:00Z,0.52838,0.53334,0.52539,0.52936,11411032
2024-12-30T16:00:00Z,0.52941,0.53104,0.52400,0.52617,6883743
2024-12-30T17:00:00Z,0.52619,0.54937,0.52572,0.54699,11607941
2024-12-30T18:00:00Z,0.54698,0.55761,0.54422,0.55534,10761560
2024-12-30T19:00:00Z,0.55534,0.56039,0.55330,0.55994,5353288
2024-12-30T20:00:00Z,0.55994,0.57129,0.55936,0.56155,9998579
2024-12-30T21:00:00Z,0.56156,0.56202,0.53957,0.54087,15246201
2024-12-30T22:00:00Z,0.54085,0.54838,0.54015,0.54430,7124849
2024-12-30T23:00:00Z,0.54430,0.54600,0.54048,0.54483,4003685
2024-12-31T00:00:00Z,0.54484,0.54484,0.53103,0.53220,9462541
2024-12-31T01:00:00Z,0.53219,0.53424,0.52705,0.53132,6458216
2024-12-31T02:00:00Z,0.53136,0.53581,0.52863,0.53338,6166923
2024-12-31T03:00:00Z,0.53339,0.53418,0.52930,0.53071,4127138
2024-12-31T04:00:00Z,0.53073,0.53512,0.52589,0.52673,5174501
2024-12-31T05:00:00Z,0.52675,0.53172,0.52592,0.52954,3172403
2024-12-31T06:00:00Z,0.52954,0.53556,0.52787,0.53222,9042715
2024-12-31T07:00:00Z,0.53226,0.53479,0.53141,0.53252,3687034
2024-12-31T08:00:00Z,0.53253,0.55624,0.53229,0.54490,17424538
2024-12-31T09:00:00Z,0.54489,0.54915,0.54272,0.54607,6285324
2024-12-31T10:00:00Z,0.54607,0.54662,0.54067,0.54268,6825243
2024-12-31T11:00:00Z,0.54278,0.54652,0.54278,0.54643,3859902
2024-12-31T12:00:00Z,0.54645,0.55517,0.54608,0.54653,9594978
2024-12-31T13:00:00Z,0.54655,0.56772,0.54516,0.56206,18779955
2024-12-31T14:00:00Z,0.56207,0.57480,0.56207,0.57430,15922319
2024-12-31T15:00:00Z,0.57429,0.57471,0.56321,0.56981,12435704
2024-12-31T16:00:00Z,0.56981,0.57306,0.56185,0.56971,9919313
2024-12-31T17:00:00Z,0.56971,0.57062,0.55049,0.55948,18149718
2024-12-31T18:00:00Z,0.55943,0.56576,0.55703,0.56002,8844785
2024-12-31T19:00:00Z,0.56002,0.56106,0.55348,0.55670,6576104
2024-12-31T20:00:00Z,0.55668,0.55880,0.55246,0.55508,3932929
2024-12-31T21:00:00Z,0.55507,0.55940,0.55346,0.55511,5554990
2024-12-31T22:00:00Z,0.55509,0.55509,0.54459,0.54629,6698584
2024-12-31T23:00:00Z,0.54628,0.54891,0.54375,0.54573,5449690
2025-01-01T00:00:00Z,0.54574,0.55768,0.54451,0.55656,6910492
2025-01-01T01:00:00Z,0.55655,0.55655,0.54444,0.54574,5858796
2025-01-01T02:00:00Z,0.54573,0.54987,0.54489,0.54971,3568937
2025-01-01T03:00:00Z,0.54972,0.55042,0.54328,0.54529,3649806
2025-01-01T04:00:00Z,0.54529,0.54656,0.54168,0.54204,4865868
2025-01-01T05:00:00Z,0.54202,0.54841,0.54187,0.54697,4122857
2025-01-01T06:00:00Z,0.54697,0.54825,0.54485,0.54728,2644120
2025-01-01T07:00:00Z,0.54731,0.54771,0.54396,0.54515,2463338
2025-01-01T08:00:00Z,0.54509,0.54696,0.53802,0.53819,5923677
2025-01-01T09:00:00Z,0.53820,0.54050,0.53261,0.53778,11044103
2025-01-01T10:00:00Z,0.53779,0.53998,0.53676,0.53724,3765554
2025-01-01T11:00:00Z,0.53724,0.54526,0.53469,0.54128,5803346
2025-01-01T12:00:00Z,0.54132,0.54858,0.53930,0.54716,7368452
2025-01-01T13:00:00Z,0.54718,0.55533,0.54598,0.55246,9310390
2025-01-01T14:00:00Z,0.55242,0.55966,0.54730,0.55220,10212586
2025-01-01T15:00:00Z,0.55218,0.56036,0.54621,0.55911,8942932
2025-01-01T16:00:00Z,0.55912,0.56982,0.55684,0.56656,27649169
2025-01-01T17:00:00Z,0.56655,0.56820,0.55436,0.56518,10571302
2025-01-01T18:00:00Z,0.56519,0.57309,0.56035,0.57189,15005862
2025-01-01T19:00:00Z,0.57190,0.57689,0.56691,0.57311,12625469
2025-01-01T20:00:00Z,0.57309,0.57771,0.57148,0.57303,8699271
2025-01-01T21:00:00Z,0.57303,0.57524,0.56904,0.57321,5699709
2025-01-01T22:00:00Z,0.57323,0.57593,0.57045,0.57493,5077543
2025-01-01T23:00:00Z,0.57492,0.57653,0.57106,0.57442,6583211
2025-01-02T00:00:00Z,0.57443,0.59110,0.57424,0.58441,21712895
2025-01-02T01:00:00Z,0.58436,0.59085,0.57882,0.57989,9135842
2025-01-02T02:00:00Z,0.57990,0.58324,0.57797,0.58192,5147644
2025-01-02T03:00:00Z,0.58191,0.58399,0.57860,0.57913,4777540
2025-01-02T04:00:00Z,0.57913,0.59109,0.57878,0.58859,7361121
2025-01-02T05:00:00Z,0.58861,0.58893,0.58045,0.58183,5163443
2025-01-02T06:00:00Z,0.58184,0.58351,0.57518,0.57803,5925537
2025-01-02T07:00:00Z,0.57807,0.58338,0.57645,0.58181,3743715
2025-01-02T08:00:00Z,0.58183,0.58628,0.57882,0.58586,4300737
2025-01-02T09:00:00Z,0.58582,0.59423,0.58441,0.59315,9195914
2025-01-02T10:00:00Z,0.59308,0.59624,0.59036,0.59455,7028279
2025-01-02T11:00:00Z,0.59455,0.59520,0.58933,0.59306,5980225
2025-01-02T12:00:00Z,0.59303,0.59550,0.58817,0.59105,6883431
2025-01-02T13:00:00Z,0.59105,0.59247,0.58701,0.58800,7997544
2025-01-02T14:00:00Z,0.58800,0.59944,0.58210,0.59100,16432058
2025-01-02T15:00:00Z,0.59099,0.59199,0.58082,0.58463,11062132
2025-01-02T16:00:00Z,0.58470,0.59069,0.58061,0.58779,8398120
2025-01-02T17:00:00Z,0.58777,0.59306,0.57926,0.58486,7235279
2025-01-02T18:00:00Z,0.58479,0.58904,0.58323,0.58886,3717095
2025-01-02T19:00:00Z,0.58886,0.59134,0.58567,0.58591,3488091
2025-01-02T20:00:00Z,0.58592,0.59194,0.58378,0.58491,5066935
2025-01-02T21:00:00Z,0.58490,0.58667,0.58198,0.58454,3789599
2025-01-02T22:00:00Z,0.58453,0.58498,0.57707,0.58305,6065493
2025-01-02T23:00:00Z,0.58304,0.58706,0.58109,0.58650,3577789
2025-01-03T00:00:00Z,0.58652,0.58664,0.57966,0.58012,6120324
2025-01-03T01:00:00Z,0.58010,0.58340,0.57651,0.58317,6572455
2025-01-03T02:00:00Z,0.58316,0.59369,0.58128,0.58650,6709545
2025-01-03T03:00:00Z,0.58651,0.59093,0.58217,0.59034,5446828
2025-01-03T04:00:00Z,0.59042,0.59050,0.58018,0.58191,4715876
2025-01-03T05:00:00Z,0.58197,0.58328,0.57828,0.58134,4325116
2025-01-03T06:00:00Z,0.58134,0.58732,0.58113,0.58428,3964436
2025-01-03T07:00:00Z,0.58428,0.58607,0.57976,0.58163,5896735
2025-01-03T08:00:00Z,0.58163,0.59372,0.58156,0.59095,9421085
2025-01-03T09:00:00Z,0.59099,0.61699,0.59072,0.60999,29578193
2025-01-03T10:00:00Z,0.60998,0.64799,0.60288,0.64089,90977299
2025-01-03T11:00:00Z,0.64086,0.65799,0.62622,0.64711,117420987
2025-01-03T12:00:00Z,0.64720,0.65022,0.62893,0.63235,38210765
2025-01-03T13:00:00Z,0.63234,0.63682,0.62415,0.62757,21934883
2025-01-03T14:00:00Z,0.62757,0.63957,0.62757,0.63673,19253435
2025-01-03T15:00:00Z,0.63667,0.64332,0.63493,0.64063,15830812
2025-01-03T16:00:00Z,0.64061,0.64646,0.63592,0.64034,17000715
2025-01-03T17:00:00Z,0.64035,0.64309,0.63542,0.63639,8276067
2025-01-03T18:00:00Z,0.63632,0.64161,0.63503,0.63820,6220462
2025-01-03T19:00:00Z,0.63810,0.64226,0.63758,0.64173,5381154
2025-01-03T20:00:00Z,0.64171,0.64468,0.63661,0.63770,7133837
2025-01-03T21:00:00Z,0.63772,0.64276,0.63596,0.63951,4940469
2025-01-03T22:00:00Z,0.63957,0.64577,0.63956,0.64273,5404719
2025-01-03T23:00:00Z,0.64272,0.64969,0.64202,0.64956,6044044
2025-01-04T00:00:00Z,0.64952,0.66889,0.64643,0.64990,46985741
2025-01-04T01:00:00Z,0.64990,0.65161,0.64071,0.65012,15351643
2025-01-04T02:00:00Z,0.65007,0.66267,0.64929,0.65702,14867515
2025-01-04T03:00:00Z,0.65715,0.65748,0.64840,0.65221,9186493
2025-01-04T04:00:00Z,0.65221,0.65329,0.64185,0.64708,7998644
2025-01-04T05:00:00Z,0.64708,0.64761,0.64007,0.64185,4560002
2025-01-04T06:00:00Z,0.64186,0.65438,0.64158,0.64872,9068642
2025-01-04T07:00:00Z,0.64871,0.64940,0.64286,0.64708,5194233
2025-01-04T08:00:00Z,0.64708,0.64731,0.63541,0.63692,10400439
2025-01-04T09:00:00Z,0.63692,0.64088,0.63669,0.63773,3944397
2025-01-04T10:00:00Z,0.63768,0.63956,0.63351,0.63869,5822025
2025-01-04T11:00:00Z,0.63869,0.64002,0.63608,0.63916,4153076
2025-01-04T12:00:00Z,0.63916,0.64438,0.63845,0.64366,7036071
2025-01-04T13:00:00Z,0.64367,0.65050,0.64249,0.64839,6918849
2025-01-04T14:00:00Z,0.64831,0.68084,0.64768,0.67349,44407875
2025-01-04T15:00:00Z,0.67341,0.67529,0.65038,0.65482,36503202
2025-01-04T16:00:00Z,0.65480,0.66053,0.64692,0.65120,16167990
2025-01-04T17:00:00Z,0.65120,0.65309,0.64807,0.65167,6212254
2025-01-04T18:00:00Z,0.65170,0.65382,0.64509,0.64677,8712198
2025-01-04T19:00:00Z,0.64678,0.64997,0.64514,0.64815,3592266
2025-01-04T20:00:00Z,0.64815,0.65506,0.64815,0.65423,5933494
2025-01-04T21:00:00Z,0.65426,0.65670,0.64921,0.65051,6874682
2025-01-04T22:00:00Z,0.65050,0.65473,0.64857,0.65435,4764393
2025-01-04T23:00:00Z,0.65416,0.65535,0.64827,0.65187,4896101
2025-01-05T00:00:00Z,0.65188,0.65336,0.64181,0.64584,12779721
2025-01-05T01:00:00Z,0.64585,0.64640,0.63742,0.64024,7995807
2025-01-05T02:00:00Z,0.64033,0.64339,0.63934,0.64275,4055054
2025-01-05T03:00:00Z,0.64261,0.64396,0.63914,0.64339,3136719
2025-01-05T04:00:00Z,0.64338,0.64940,0.64312,0.64723,5123666
2025-01-05T05:00:00Z,0.64722,0.64845,0.64088,0.64262,3442148
2025-01-05T06:00:00Z,0.64253,0.64727,0.64043,0.64576,5012093
2025-01-05T07:00:00Z,0.64576,0.64836,0.64169,0.64301,6047414
2025-01-05T08:00:00Z,0.64300,0.64429,0.63353,0.63988,12002468
2025-01-05T09:00:00Z,0.63989,0.64244,0.63176,0.63350,8205663
2025-01-05T10:00:00Z,0.63353,0.63540,0.62885,0.63401,9270122
2025-01-05T11:00:00Z,0.63401,0.63658,0.63235,0.63318,5078936
2025-01-05T12:00:00Z,0.63319,0.63799,0.62855,0.63406,7327265
2025-01-05T13:00:00Z,0.63406,0.63854,0.63285,0.63321,3852895
2025-01-05T14:00:00Z,0.63325,0.63666,0.62619,0.63565,10159899
2025-01-05T15:00:00Z,0.63562,0.64088,0.63274,0.63871,7172292
2025-01-05T16:00:00Z,0.63872,0.64111,0.63322,0.63600,4787272
2025-01-05T17:00:00Z,0.63598,0.64155,0.63505,0.63754,3954726
2025-01-05T18:00:00Z,0.63753,0.64092,0.63253,0.63975,3870721
2025-01-05T19:00:00Z,0.63976,0.64146,0.63740,0.64055,2636285
2025-01-05T20:00:00Z,0.64055,0.64546,0.63740,0.63987,4714074
2025-01-05T21:00:00Z,0.63988,0.64600,0.63747,0.64119,7062945
2025-01-05T22:00:00Z,0.64117,0.64596,0.63840,0.64450,3292373
2025-01-05T23:00:00Z,0.64445,0.64647,0.64008,0.64074,3588965
2025-01-06T00:00:00Z,0.64077,0.65631,0.63610,0.65183,44485720
2025-01-06T01:00:00Z,0.65180,0.66207,0.64564,0.65860,39671632
2025-01-06T02:00:00Z,0.65861,0.70111,0.65861,0.68298,74175575
2025-01-06T03:00:00Z,0.68298,0.68780,0.67555,0.68743,28403030
2025-01-06T04:00:00Z,0.68745,0.69360,0.67947,0.68194,19898559
2025-01-06T05:00:00Z,0.68192,0.68744,0.67819,0.67945,11283922
2025-01-06T06:00:00Z,0.67930,0.68198,0.66786,0.66950,14439143
2025-01-06T07:00:00Z,0.66950,0.68951,0.66683,0.68063,63026188
2025-01-06T08:00:00Z,0.68063,0.70095,0.66704,0.67039,72827822
2025-01-06T09:00:00Z,0.67039,0.67925,0.67039,0.67888,15112177
2025-01-06T10:00:00Z,0.67889,0.68870,0.67576,0.68705,22003155
2025-01-06T11:00:00Z,0.68705,0.70356,0.68510,0.69716,40240598
2025-01-06T12:00:00Z,0.69713,0.71272,0.68703,0.69149,69806265
2025-01-06T13:00:00Z,0.69151,0.70232,0.68751,0.69894,43291960
2025-01-06T14:00:00Z,0.69890,0.70660,0.68994,0.69726,52450699
2025-01-06T15:00:00Z,0.69729,0.71696,0.69513,0.71058,50803592
2025-01-06T16:00:00Z,0.71058,0.74181,0.70863,0.73867,58690484
2025-01-06T17:00:00Z,0.73873,0.73942,0.71125,0.71734,54963513
2025-01-06T18:00:00Z,0.71734,0.71924,0.70696,0.70735,20069951
2025-01-06T19:00:00Z,0.70735,0.71086,0.70251,0.70461,18010362
2025-01-06T20:00:00Z,0.70461,0.71057,0.70200,0.70603,9578798
2025-01-06T21:00:00Z,0.70595,0.70735,0.69394,0.70080,16294269
2025-01-06T22:00:00Z,0.70083,0.70389,0.69401,0.69657,14018437
2025-01-06T23:00:00Z,0.69656,0.70000,0.69020,0.69856,13469257
2025-01-07T00:00:00Z,0.69855,0.69864,0.68337,0.68356,27011175
2025-01-07T01:00:00Z,0.68357,0.70500,0.68000,0.70425,65309793
2025-01-07T02:00:00Z,0.70425,0.70489,0.68360,0.68446,29320404
2025-01-07T03:00:00Z,0.68445,0.68875,0.68162,0.68300,7821921
2025-01-07T04:00:00Z,0.68308,0.68794,0.68050,0.68095,7713873
2025-01-07T05:00:00Z,0.68095,0.68500,0.67837,0.68486,8608106
2025-01-07T06:00:00Z,0.68486,0.69257,0.68320,0.69029,14806169
2025-01-07T07:00:00Z,0.69027,0.69829,0.68379,0.68999,31222900
2025-01-07T08:00:00Z,0.68999,0.70252,0.68560,0.69501,33425853
2025-01-07T09:00:00Z,0.69487,0.70100,0.68822,0.69229,25228621
2025-01-07T10:00:00Z,0.69229,0.69990,0.68669,0.68751,31421340
2025-01-07T11:00:00Z,0.68751,0.69093,0.67411,0.67819,24736491
2025-01-07T12:00:00Z,0.67823,0.68499,0.67674,0.68269,8600030
2025-01-07T13:00:00Z,0.68270,0.68769,0.68151,0.68510,6414609
2025-01-07T14:00:00Z,0.68510,0.68724,0.67023,0.67454,12731615
2025-01-07T15:00:00Z,0.67441,0.67684,0.62710,0.63706,118208128
2025-01-07T16:00:00Z,0.63705,0.64723,0.63168,0.64075,24875966
2025-01-07T17:00:00Z,0.64088,0.64265,0.63200,0.63742,15088826
2025-01-07T18:00:00Z,0.63745,0.64163,0.62580,0.63051,15940793
2025-01-07T19:00:00Z,0.63051,0.63449,0.62323,0.62676,10833916
2025-01-07T20:00:00Z,0.62676,0.62949,0.62123,0.62782,8739458
2025-01-07T21:00:00Z,0.62783,0.63336,0.61866,0.61867,13447155
2025-01-07T22:00:00Z,0.61867,0.62843,0.61568,0.62819,9106133
2025-01-07T23:00:00Z,0.62818,0.62820,0.61599,0.61640,8882109
2025-01-08T00:00:00Z,0.61640,0.63399,0.61539,0.62394,49934300
2025-01-08T01:00:00Z,0.62404,0.62455,0.61178,0.61761,16289404
2025-01-08T02:00:00Z,0.61771,0.62040,0.61107,0.61269,12062537
2025-01-08T03:00:00Z,0.61268,0.61637,0.60292,0.60725,31226368
2025-01-08T04:00:00Z,0.60725,0.61012,0.59643,0.59853,25234110
2025-01-08T05:00:00Z,0.59855,0.60860,0.59546,0.60507,12473919
2025-01-08T06:00:00Z,0.60503,0.60696,0.58940,0.58993,18395851
2025-01-08T07:00:00Z,0.58992,0.59715,0.58914,0.59430,14146481
2025-01-08T08:00:00Z,0.59436,0.60802,0.59400,0.60302,17504968
2025-01-08T09:00:00Z,0.60301,0.60680,0.59412,0.59455,12847882
2025-01-08T10:00:00Z,0.59451,0.60193,0.59435,0.60071,6809743
2025-01-08T11:00:00Z,0.60073,0.60100,0.59055,0.59484,9767928
2025-01-08T12:00:00Z,0.59486,0.59936,0.58689,0.58728,9660653
2025-01-08T13:00:00Z,0.58730,0.59718,0.58730,0.59382,11013396
2025-01-08T14:00:00Z,0.59373,0.60080,0.59164,0.59456,13123481
2025-01-08T15:00:00Z,0.59454,0.60516,0.58950,0.59764,22416864
2025-01-08T16:00:00Z,0.59769,0.59799,0.58224,0.58397,14199734
2025-01-08T17:00:00Z,0.58397,0.58634,0.55434,0.57495,61336164
2025-01-08T18:00:00Z,0.57502,0.59060,0.57245,0.58015,18287978
2025-01-08T19:00:00Z,0.58016,0.58636,0.57435,0.57540,16178332
2025-01-08T20:00:00Z,0.57539,0.57854,0.57243,0.57575,6058056
2025-01-08T21:00:00Z,0.57578,0.58058,0.56920,0.57762,10033718
2025-01-08T22:00:00Z,0.57761,0.58992,0.57733,0.58858,10024821
2025-01-08T23:00:00Z,0.58859,0.59266,0.58277,0.58815,7954942
2025-01-09T00:00:00Z,0.58814,0.59263,0.58123,0.59035,11308102
2025-01-09T01:00:00Z,0.59029,0.59715,0.58917,0.58963,9365490
2025-01-09T02:00:00Z,0.58964,0.59830,0.58566,0.59802,25868127
2025-01-09T03:00:00Z,0.59803,0.59919,0.59218,0.59500,9864890
2025-01-09T04:00:00Z,0.59498,0.59719,0.58845,0.59404,9072808
2025-01-09T05:00:00Z,0.59405,0.59779,0.58986,0.59208,6505923
2025-01-09T06:00:00Z,0.59211,0.59476,0.58806,0.58926,8504408
2025-01-09T07:00:00Z,0.58926,0.59318,0.57589,0.57808,14741519
2025-01-09T08:00:00Z,0.57807,0.59365,0.57568,0.58740,14408483
2025-01-09T09:00:00Z,0.58741,0.59481,0.58543,0.59049,8447371
2025-01-09T10:00:00Z,0.59047,0.59246,0.57685,0.58803,11802209
2025-01-09T11:00:00Z,0.58805,0.59927,0.58474,0.59827,11218611
2025-01-09T12:00:00Z,0.59817,0.60743,0.59237,0.59919,23706915
2025-01-09T13:00:00Z,0.59919,0.60389,0.58073,0.58146,31283442
2025-01-09T14:00:00Z,0.58139,0.59189,0.57326,0.57771,36277624
2025-01-09T15:00:00Z,0.57766,0.60306,0.57619,0.59671,31377195
2025-01-09T16:00:00Z,0.59659,0.60229,0.58866,0.59769,17949035
2025-01-09T17:00:00Z,0.59771,0.59889,0.57836,0.58380,14980964
2025-01-09T18:00:00Z,0.58381,0.59119,0.58185,0.58628,14301258
2025-01-09T19:00:00Z,0.58626,0.58760,0.57010,0.57415,17718707
2025-01-09T20:00:00Z,0.57416,0.57828,0.56679,0.57551,20654355
2025-01-09T21:00:00Z,0.57551,0.57975,0.56912,0.57012,8954836
2025-01-09T22:00:00Z,0.57010,0.58615,0.56788,0.58167,9215720
2025-01-09T23:00:00Z,0.58168,0.58184,0.57554,0.57964,7377809
2025-01-10T00:00:00Z,0.57964,0.58965,0.57359,0.57607,24380476
2025-01-10T01:00:00Z,0.57608,0.57938,0.56931,0.57639,8829486
2025-01-10T02:00:00Z,0.57636,0.58255,0.57435,0.57687,7789596
2025-01-10T03:00:00Z,0.57689,0.58055,0.57243,0.57795,6235746
2025-01-10T04:00:00Z,0.57790,0.58188,0.57414,0.57641,6441654
2025-01-10T05:00:00Z,0.57636,0.58760,0.57421,0.58063,9097191
2025-01-10T06:00:00Z,0.58065,0.58612,0.57647,0.58555,5942154
2025-01-10T07:00:00Z,0.58556,0.59789,0.58262,0.59109,12463044
2025-01-10T08:00:00Z,0.59109,0.59370,0.58720,0.59020,7769094
2025-01-10T09:00:00Z,0.59015,0.59388,0.58711,0.58957,6303673
2025-01-10T10:00:00Z,0.58957,0.59400,0.58710,0.59292,5874421
2025-01-10T11:00:00Z,0.59290,0.59310,0.58653,0.59144,8368815
2025-01-10T12:00:00Z,0.59135,0.59268,0.58568,0.59172,6141144
2025-01-10T13:00:00Z,0.59171,0.59680,0.56777,0.57774,55038585
2025-01-10T14:00:00Z,0.57769,0.59015,0.57623,0.58161,21980113
2025-01-10T15:00:00Z,0.58161,0.58622,0.56827,0.58050,23922472
2025-01-10T16:00:00Z,0.58051,0.58150,0.57093,0.57276,11887516
2025-01-10T17:00:00Z,0.57280,0.59860,0.57132,0.59685,17143894
2025-01-10T18:00:00Z,0.59685,0.59740,0.58803,0.59381,14024202
2025-01-10T19:00:00Z,0.59382,0.59764,0.58824,0.59640,6960671
2025-01-10T20:00:00Z,0.59640,0.60054,0.59061,0.59498,9677334
2025-01-10T21:00:00Z,0.59499,0.59921,0.59374,0.59565,4639315
2025-01-10T22:00:00Z,0.59563,0.60106,0.59216,0.59852,6708602
2025-01-10T23:00:00Z,0.59851,0.60017,0.59527,0.59543,4135201
2025-01-11T00:00:00Z,0.59544,0.59881,0.59097,0.59866,8291221
2025-01-11T01:00:00Z,0.59868,0.60020,0.58889,0.59109,5727735
2025-01-11T02:00:00Z,0.59111,0.59377,0.58860,0.59177,3727991
2025-01-11T03:00:00Z,0.59176,0.59176,0.58556,0.58758,4119041
2025-01-11T04:00:00Z,0.58758,0.59085,0.58380,0.58696,4322799
2025-01-11T05:00:00Z,0.58695,0.59117,0.58542,0.59059,3656822
2025-01-11T06:00:00Z,0.59059,0.59356,0.58608,0.58626,4127246
2025-01-11T07:00:00Z,0.58621,0.58816,0.58254,0.58350,5948508
2025-01-11T08:00:00Z,0.58349,0.58639,0.57756,0.57962,9181540
2025-01-11T09:00:00Z,0.57961,0.58447,0.57961,0.58320,5840498
2025-01-11T10:00:00Z,0.58331,0.58825,0.58305,0.58666,6763476
2025-01-11T11:00:00Z,0.58666,0.59227,0.58480,0.58891,7819794
2025-01-11T12:00:00Z,0.58891,0.59052,0.58567,0.58630,5180549
2025-01-11T13:00:00Z,0.58631,0.58785,0.58186,0.58386,5283276
2025-01-11T14:00:00Z,0.58387,0.58838,0.58129,0.58784,5312097
2025-01-11T15:00:00Z,0.58787,0.58850,0.58173,0.58283,5104249
2025-01-11T16:00:00Z,0.58284,0.58713,0.58053,0.58625,7026192
2025-01-11T17:00:00Z,0.58624,0.58649,0.58112,0.58382,5349237
2025-01-11T18:00:00Z,0.58383,0.58663,0.58242,0.58541,6005979
2025-01-11T19:00:00Z,0.58545,0.58770,0.58334,0.58645,4656638
2025-01-11T20:00:00Z,0.58645,0.60555,0.58475,0.60463,14264406
2025-01-11T21:00:00Z,0.60462,0.62487,0.60334,0.61807,27084492
2025-01-11T22:00:00Z,0.61810,0.61999,0.59921,0.60143,15378515
2025-01-11T23:00:00Z,0.60144,0.60617,0.60029,0.60406,7943889
2025-01-12T00:00:00Z,0.60406,0.60788,0.59617,0.60128,13623788
2025-01-12T01:00:00Z,0.60144,0.60756,0.59769,0.60519,8609786
2025-01-12T02:00:00Z,0.60519,0.60645,0.60026,0.60387,5107919
2025-01-12T03:00:00Z,0.60386,0.60488,0.59852,0.60229,6254584
2025-01-12T04:00:00Z,0.60229,0.60497,0.59970,0.60126,4984406
2025-01-12T05:00:00Z,0.60127,0.60294,0.59831,0.59976,3306922
2025-01-12T06:00:00Z,0.59976,0.60056,0.59300,0.59338,5931069
2025-01-12T07:00:00Z,0.59339,0.59647,0.59079,0.59608,5356103
2025-01-12T08:00:00Z,0.59609,0.59777,0.58878,0.59025,7395864
2025-01-12T09:00:00Z,0.59022,0.59252,0.58641,0.58787,7318305
2025-01-12T10:00:00Z,0.58788,0.59106,0.58519,0.59053,7144568
2025-01-12T11:00:00Z,0.59055,0.59408,0.58889,0.59092,6055139
2025-01-12T12:00:00Z,0.59097,0.59610,0.58796,0.59020,7217160
2025-01-12T13:00:00Z,0.59020,0.59399,0.58900,0.59216,5646871
2025-01-12T14:00:00Z,0.59217,0.59534,0.58947,0.59081,7340516
2025-01-12T15:00:00Z,0.59083,0.59758,0.58893,0.59592,7828960
2025-01-12T16:00:00Z,0.59588,0.59794,0.59027,0.59509,6587227
2025-01-12T17:00:00Z,0.59509,0.59675,0.59096,0.59298,5076894
2025-01-12T18:00:00Z,0.59299,0.59683,0.58950,0.59077,5463952
2025-01-12T19:00:00Z,0.59082,0.59255,0.58808,0.59046,3864985
2025-01-12T20:00:00Z,0.59045,0.59152,0.58485,0.58760,4635021
2025-01-12T21:00:00Z,0.58760,0.58872,0.58224,0.58307,5084521
2025-01-12T22:00:00Z,0.58306,0.58350,0.57520,0.57787,9285900
2025-01-12T23:00:00Z,0.57787,0.58331,0.57696,0.58171,6301517
2025-01-13T00:00:00Z,0.58170,0.59754,0.57810,0.59041,23011192
2025-01-13T01:00:00Z,0.59040,0.59154,0.57660,0.57831,14507593
2025-01-13T02:00:00Z,0.57831,0.58023,0.56244,0.56699,19734414
2025-01-13T03:00:00Z,0.56703,0.57122,0.55792,0.56061,13734919
2025-01-13T04:00:00Z,0.56062,0.57073,0.55846,0.56532,11002703
2025-01-13T05:00:00Z,0.56532,0.56604,0.55584,0.55789,10034137
2025-01-13T06:00:00Z,0.55795,0.55990,0.54705,0.54970,17049304
2025-01-13T07:00:00Z,0.54973,0.55353,0.54762,0.55037,7916635
2025-01-13T08:00:00Z,0.55038,0.55143,0.53920,0.54286,19397800
2025-01-13T09:00:00Z,0.54283,0.54578,0.53495,0.53968,20095702
2025-01-13T10:00:00Z,0.53969,0.54011,0.53007,0.53266,17808859
2025-01-13T11:00:00Z,0.53266,0.53478,0.51874,0.51915,27493589
2025-01-13T12:00:00Z,0.51915,0.52683,0.51795,0.52372,20272883
2025-01-13T13:00:00Z,0.52372,0.53562,0.52170,0.52727,22348967
2025-01-13T14:00:00Z,0.52734,0.53781,0.51242,0.53306,45070453
2025-01-13T15:00:00Z,0.53313,0.54666,0.53023,0.53908,27707945
2025-01-13T16:00:00Z,0.53908,0.54224,0.53046,0.53097,14510630
2025-01-13T17:00:00Z,0.53106,0.53706,0.52790,0.52977,14022748
2025-01-13T18:00:00Z,0.52972,0.53401,0.52241,0.53021,14408482
2025-01-13T19:00:00Z,0.53025,0.53610,0.52579,0.53182,14870285
2025-01-13T20:00:00Z,0.53181,0.55041,0.52848,0.54732,15568391
2025-01-13T21:00:00Z,0.54734,0.55445,0.54393,0.55300,12589202
2025-01-13T22:00:00Z,0.55301,0.56187,0.55277,0.55402,11728862
2025-01-13T23:00:00Z,0.55402,0.55437,0.55076,0.55269,6380216
2025-01-14T00:00:00Z,0.55269,0.55400,0.54913,0.55097,7183187
2025-01-14T01:00:00Z,0.55097,0.55877,0.55094,0.55350,6530399
2025-01-14T02:00:00Z,0.55348,0.56045,0.55220,0.55446,5967378
2025-01-14T03:00:00Z,0.55438,0.55747,0.55326,0.55557,4207101
2025-01-14T04:00:00Z,0.55558,0.56283,0.55535,0.56182,5902979
2025-01-14T05:00:00Z,0.56174,0.56787,0.55899,0.55957,7067024
2025-01-14T06:00:00Z,0.55958,0.56364,0.55776,0.56266,4487198
2025-01-14T07:00:00Z,0.56266,0.56410,0.55658,0.55699,7580520
2025-01-14T08:00:00Z,0.55699,0.56381,0.55699,0.55891,7789696
2025-01-14T09:00:00Z,0.55897,0.57438,0.55795,0.57174,14325675
2025-01-14T10:00:00Z,0.57180,0.57200,0.56538,0.56904,9072975
2025-01-14T11:00:00Z,0.56908,0.57002,0.56250,0.56705,6736581
2025-01-14T12:00:00Z,0.56704,0.56876,0.56023,0.56176,8114064
2025-01-14T13:00:00Z,0.56186,0.57400,0.56065,0.56782,18034714
2025-01-14T14:00:00Z,0.56780,0.57660,0.56422,0.56860,16084640
2025-01-14T15:00:00Z,0.56866,0.57184,0.56677,0.56691,7191489
2025-01-14T16:00:00Z,0.56692,0.56889,0.56083,0.56683,10242196
2025-01-14T17:00:00Z,0.56682,0.57462,0.56518,0.57202,8200200
2025-01-14T18:00:00Z,0.57206,0.57637,0.57066,0.57344,5340457
2025-01-14T19:00:00Z,0.57344,0.57370,0.56956,0.57046,3700566
2025-01-14T20:00:00Z,0.57045,0.57283,0.56653,0.57185,4760121
2025-01-14T21:00:00Z,0.57184,0.57386,0.57061,0.57276,3543416
2025-01-14T22:00:00Z,0.57279,0.57853,0.57269,0.57667,3957698
2025-01-14T23:00:00Z,0.57665,0.57704,0.57335,0.57435,4843926
2025-01-15T00:00:00Z,0.57433,0.57885,0.57210,0.57230,7314318
2025-01-15T01:00:00Z,0.57227,0.57710,0.56766,0.57059,11944863
2025-01-15T02:00:00Z,0.57061,0.57578,0.56609,0.56840,9369952
2025-01-15T03:00:00Z,0.56845,0.57279,0.56612,0.57252,5259256
2025-01-15T04:00:00Z,0.57253,0.57539,0.56843,0.57008,5070132
2025-01-15T05:00:00Z,0.57007,0.57257,0.56669,0.57125,3806635
2025-01-15T06:00:00Z,0.57127,0.57186,0.56727,0.57023,3706189
2025-01-15T07:00:00Z,0.57025,0.57869,0.56966,0.57558,8344009
2025-01-15T08:00:00Z,0.57561,0.58240,0.57375,0.57538,10200359
2025-01-15T09:00:00Z,0.57538,0.57661,0.56229,0.56253,13890395
2025-01-15T10:00:00Z,0.56252,0.56760,0.56249,0.56479,5415487
2025-01-15T11:00:00Z,0.56477,0.56503,0.55573,0.56200,15716564
2025-01-15T12:00:00Z,0.56204,0.56630,0.55870,0.56173,8563282
2025-01-15T13:00:00Z,0.56172,0.58800,0.56157,0.58769,37662532
2025-01-15T14:00:00Z,0.58765,0.59613,0.58191,0.59534,24344377
2025-01-15T15:00:00Z,0.59536,0.61239,0.59527,0.60579,27462511
2025-01-15T16:00:00Z,0.60576,0.61220,0.60057,0.60100,14834612
2025-01-15T17:00:00Z,0.60101,0.60549,0.59671,0.59788,8165883
2025-01-15T18:00:00Z,0.59789,0.60996,0.59789,0.60995,6656979
2025-01-15T19:00:00Z,0.60994,0.61061,0.60695,0.60956,6520166
2025-01-15T20:00:00Z,0.60955,0.61669,0.60770,0.60966,8895786
2025-01-15T21:00:00Z,0.60964,0.61411,0.60922,0.61314,4524022
2025-01-15T22:00:00Z,0.61314,0.62078,0.61163,0.61791,8043594
2025-01-15T23:00:00Z,0.61791,0.62305,0.61463,0.62059,10466985
2025-01-16T00:00:00Z,0.62059,0.62316,0.60252,0.60790,17486034
2025-01-16T01:00:00Z,0.60776,0.61379,0.60774,0.61193,7005592
2025-01-16T02:00:00Z,0.61198,0.61417,0.60811,0.60992,5053201
2025-01-16T03:00:00Z,0.60992,0.61176,0.60432,0.60904,6201495
2025-01-16T04:00:00Z,0.60908,0.61162,0.60837,0.60982,4701873
2025-01-16T05:00:00Z,0.60982,0.61102,0.60594,0.60872,3584022
2025-01-16T06:00:00Z,0.60865,0.61497,0.60727,0.61373,4906254
2025-01-16T07:00:00Z,0.61370,0.61456,0.61059,0.61264,4946052
2025-01-16T08:00:00Z,0.61264,0.61551,0.59864,0.60211,12620199
2025-01-16T09:00:00Z,0.60211,0.60467,0.59803,0.60452,7417680
2025-01-16T10:00:00Z,0.60453,0.60657,0.60213,0.60632,3452512
2025-01-16T11:00:00Z,0.60628,0.61402,0.60282,0.61358,13143260
2025-01-16T12:00:00Z,0.61360,0.63340,0.61010,0.62959,20429170
2025-01-16T13:00:00Z,0.62963,0.63507,0.61698,0.62160,24553315
2025-01-16T14:00:00Z,0.62154,0.62838,0.60188,0.60561,29982649
2025-01-16T15:00:00Z,0.60563,0.61931,0.60335,0.61917,15769387
2025-01-16T16:00:00Z,0.61917,0.63152,0.61865,0.62766,12133539
2025-01-16T17:00:00Z,0.62766,0.63641,0.62388,0.63171,9706538
2025-01-16T18:00:00Z,0.63171,0.63620,0.62387,0.62449,6377062
2025-01-16T19:00:00Z,0.62452,0.63435,0.62273,0.63388,5159776
2025-01-16T20:00:00Z,0.63390,0.63573,0.62676,0.63011,6494554
2025-01-16T21:00:00Z,0.63014,0.63042,0.62066,0.62515,6635024
2025-01-16T22:00:00Z,0.62514,0.62621,0.61206,0.61593,9164003
2025-01-16T23:00:00Z,0.61591,0.61858,0.61098,0.61535,7234335
2025-01-17T00:00:00Z,0.61536,0.62256,0.61535,0.62191,6889806
2025-01-17T01:00:00Z,0.62188,0.63999,0.62104,0.63991,13177484
2025-01-17T02:00:00Z,0.63994,0.64348,0.63143,0.63762,11977411
2025-01-17T03:00:00Z,0.63762,0.64039,0.63291,0.63899,7009094
2025-01-17T04:00:00Z,0.63911,0.65100,0.63721,0.64692,15368611
2025-01-17T05:00:00Z,0.64694,0.65562,0.64391,0.65173,12931272
2025-01-17T06:00:00Z,0.65173,0.67225,0.64979,0.66922,32899820
2025-01-17T07:00:00Z,0.66922,0.67247,0.65301,0.65408,22408536
2025-01-17T08:00:00Z,0.65412,0.65661,0.64526,0.65223,21041030
2025-01-17T09:00:00Z,0.65222,0.65577,0.64895,0.64914,9404064
2025-01-17T10:00:00Z,0.64909,0.66365,0.64876,0.66042,18745371
2025-01-17T11:00:00Z,0.66037,0.68259,0.65901,0.66758,48176454
2025-01-17T12:00:00Z,0.66749,0.66844,0.65744,0.65792,19685356
2025-01-17T13:00:00Z,0.65800,0.67464,0.65800,0.66040,18719081
2025-01-17T14:00:00Z,0.66040,0.66874,0.65891,0.66604,13686224
2025-01-17T15:00:00Z,0.66603,0.66804,0.65659,0.66605,15974188
2025-01-17T16:00:00Z,0.66608,0.67374,0.66123,0.66953,11789597
2025-01-17T17:00:00Z,0.66953,0.67344,0.66162,0.66340,10761108
2025-01-17T18:00:00Z,0.66339,0.66824,0.66132,0.66141,6821177
2025-01-17T19:00:00Z,0.66141,0.67039,0.66141,0.66715,5505113
2025-01-17T20:00:00Z,0.66715,0.67986,0.66611,0.67751,12215644
2025-01-17T21:00:00Z,0.67747,0.68052,0.67140,0.67497,5908362
2025-01-17T22:00:00Z,0.67498,0.67947,0.67243,0.67339,5568226
2025-01-17T23:00:00Z,0.67335,0.67519,0.66808,0.66833,7987086
2025-01-18T00:00:00Z,0.66834,0.68996,0.66827,0.67524,33412078
2025-01-18T01:00:00Z,0.67522,0.67619,0.65996,0.66369,14475420
2025-01-18T02:00:00Z,0.66366,0.66537,0.65775,0.65891,6156553
2025-01-18T03:00:00Z,0.65893,0.66198,0.64188,0.64755,24714073
2025-01-18T04:00:00Z,0.64758,0.64953,0.63706,0.64197,15205365
2025-01-18T05:00:00Z,0.64198,0.64465,0.61847,0.61847,32315163
2025-01-18T06:00:00Z,0.61847,0.63107,0.61833,0.62812,14260973
2025-01-18T07:00:00Z,0.62805,0.62816,0.61704,0.61998,9241322
2025-01-18T08:00:00Z,0.61998,0.62234,0.61094,0.62110,13304615
2025-01-18T09:00:00Z,0.62111,0.62336,0.61526,0.62035,7390113
2025-01-18T10:00:00Z,0.62034,0.62170,0.61048,0.61591,10404819
2025-01-18T11:00:00Z,0.61591,0.62500,0.61192,0.62338,9108397
2025-01-18T12:00:00Z,0.62346,0.62519,0.61734,0.62071,6873650
2025-01-18T13:00:00Z,0.62069,0.63432,0.61752,0.63429,11853136
2025-01-18T14:00:00Z,0.63430,0.63522,0.62511,0.62633,8423133
2025-01-18T15:00:00Z,0.62637,0.63251,0.62157,0.62368,9541792
2025-01-18T16:00:00Z,0.62372,0.62622,0.61430,0.61459,18444200
2025-01-18T17:00:00Z,0.61461,0.62262,0.61305,0.61306,8198765
2025-01-18T18:00:00Z,0.61304,0.61872,0.60953,0.61258,7583063
2025-01-18T19:00:00Z,0.61256,0.62136,0.61244,0.62047,4626980
2025-01-18T20:00:00Z,0.62052,0.62118,0.61082,0.61380,4780421
2025-01-18T21:00:00Z,0.61383,0.61839,0.61197,0.61249,3831360
2025-01-18T22:00:00Z,0.61248,0.61944,0.61178,0.61704,3440923
2025-01-18T23:00:00Z,0.61705,0.62591,0.61521,0.62553,6315880
2025-01-19T00:00:00Z,0.62559,0.64253,0.62198,0.64240,30568800
2025-01-19T01:00:00Z,0.64240,0.65254,0.63918,0.64207,25810152
2025-01-19T02:00:00Z,0.64203,0.64418,0.63649,0.63797,8185806
2025-01-19T03:00:00Z,0.63788,0.63827,0.62576,0.62607,12057201
2025-01-19T04:00:00Z,0.62608,0.62653,0.61565,0.61652,15108772
2025-01-19T05:00:00Z,0.61653,0.61847,0.60923,0.61566,14364635
2025-01-19T06:00:00Z,0.61569,0.61594,0.60928,0.61003,5484707
2025-01-19T07:00:00Z,0.61006,0.61198,0.59871,0.60359,15419226
2025-01-19T08:00:00Z,0.60357,0.60364,0.58425,0.58502,21239841
2025-01-19T09:00:00Z,0.58505,0.58882,0.57030,0.58866,37822664
2025-01-19T10:00:00Z,0.58864,0.58877,0.57873,0.58313,10331982
2025-01-19T11:00:00Z,0.58313,0.58483,0.56397,0.56905,14516922
2025-01-19T12:00:00Z,0.56908,0.59841,0.56776,0.59439,30068316
2025-01-19T13:00:00Z,0.59440,0.60266,0.58876,0.60213,15173723
2025-01-19T14:00:00Z,0.60222,0.62151,0.59968,0.61639,29416440
2025-01-19T15:00:00Z,0.61639,0.62187,0.60849,0.61197,11762181
2025-01-19T16:00:00Z,0.61198,0.61705,0.60699,0.60944,6861571
2025-01-19T17:00:00Z,0.60949,0.61531,0.60117,0.61426,8626665
2025-01-19T18:00:00Z,0.61424,0.61675,0.61024,0.61463,3199461
2025-01-19T19:00:00Z,0.61461,0.61634,0.60801,0.61144,8791109
2025-01-19T20:00:00Z,0.61149,0.61497,0.60075,0.60498,11048876
2025-01-19T21:00:00Z,0.60499,0.60571,0.57077,0.57182,37676227
2025-01-19T22:00:00Z,0.57175,0.58391,0.55040,0.56919,32430451
2025-01-19T23:00:00Z,0.56918,0.56929,0.54448,0.55656,44172741
2025-01-20T00:00:00Z,0.55650,0.55693,0.53418,0.53515,56584257
2025-01-20T01:00:00Z,0.53520,0.54524,0.53322,0.53910,25887774
2025-01-20T02:00:00Z,0.53914,0.56282,0.53736,0.55367,18593971
2025-01-20T03:00:00Z,0.55367,0.56131,0.54944,0.55763,11566061
2025-01-20T04:00:00Z,0.55763,0.56482,0.55072,0.55907,8337928
2025-01-20T05:00:00Z,0.55905,0.56888,0.55549,0.56236,10987165
2025-01-20T06:00:00Z,0.56235,0.60185,0.56164,0.59772,29241903
2025-01-20T07:00:00Z,0.59765,0.62108,0.59375,0.60142,54300708
2025-01-20T08:00:00Z,0.60145,0.61028,0.59905,0.60406,10809513
2025-01-20T09:00:00Z,0.60407,0.60652,0.59492,0.59737,10649154
2025-01-20T10:00:00Z,0.59737,0.60101,0.58986,0.59244,7883579
2025-01-20T11:00:00Z,0.59244,0.59791,0.58804,0.59788,8217715
2025-01-20T12:00:00Z,0.59783,0.59830,0.57330,0.58187,21549596
2025-01-20T13:00:00Z,0.58189,0.58909,0.57880,0.58805,11538503
2025-01-20T14:00:00Z,0.58805,0.59644,0.58678,0.59457,14857212
2025-01-20T15:00:00Z,0.59456,0.59580,0.58360,0.58593,12036199
2025-01-20T16:00:00Z,0.58592,0.59691,0.57404,0.59539,14866126
2025-01-20T17:00:00Z,0.59537,0.59612,0.55240,0.56688,60261751
2025-01-20T18:00:00Z,0.56690,0.58135,0.56602,0.58002,11241877
2025-01-20T19:00:00Z,0.58000,0.58126,0.57376,0.57674,6000668
2025-01-20T20:00:00Z,0.57674,0.58041,0.57070,0.57707,5754572
2025-01-20T21:00:00Z,0.57705,0.57834,0.56310,0.56357,9155447
2025-01-20T22:00:00Z,0.56357,0.57721,0.55801,0.57459,6809901
2025-01-20T23:00:00Z,0.57461,0.57509,0.56562,0.56792,5998340
2025-01-21T00:00:00Z,0.56791,0.57026,0.55550,0.55608,10428200
2025-01-21T01:00:00Z,0.55610,0.56401,0.55017,0.55590,12346563
2025-01-21T02:00:00Z,0.55588,0.55807,0.54852,0.55637,8556583
2025-01-21T03:00:00Z,0.55636,0.55912,0.55061,0.55516,5200264
2025-01-21T04:00:00Z,0.55514,0.55518,0.54280,0.55335,8285384
2025-01-21T05:00:00Z,0.55333,0.55434,0.54347,0.54440,6191745
2025-01-21T06:00:00Z,0.54442,0.55261,0.54202,0.54810,4654419
2025-01-21T07:00:00Z,0.54813,0.55699,0.54588,0.55339,4320613
2025-01-21T08:00:00Z,0.55336,0.55742,0.54823,0.55335,4854576
2025-01-21T09:00:00Z,0.55333,0.55963,0.55131,0.55842,4943576
2025-01-21T10:00:00Z,0.55843,0.56900,0.55795,0.56678,8727489
2025-01-21T11:00:00Z,0.56667,0.57149,0.56366,0.57052,6247739
2025-01-21T12:00:00Z,0.57052,0.57744,0.56643,0.57317,6398948
2025-01-21T13:00:00Z,0.57314,0.57521,0.56830,0.57338,5490068
2025-01-21T14:00:00Z,0.57339,0.57864,0.56372,0.56515,9529922
2025-01-21T15:00:00Z,0.56513,0.57130,0.56139,0.57037,8146997
2025-01-21T16:00:00Z,0.57038,0.58499,0.56843,0.57627,11389880
2025-01-21T17:00:00Z,0.57624,0.59067,0.57571,0.58990,6293376
2025-01-21T18:00:00Z,0.58988,0.59463,0.58683,0.59164,7793643
2025-01-21T19:00:00Z,0.59165,0.59271,0.58200,0.58792,7574040
2025-01-21T20:00:00Z,0.58790,0.58906,0.58231,0.58852,4281166
2025-01-21T21:00:00Z,0.58856,0.58980,0.58304,0.58568,3765472
2025-01-21T22:00:00Z,0.58569,0.59055,0.58261,0.58364,4097372
2025-01-21T23:00:00Z,0.58372,0.58424,0.57670,0.58241,6550652
2025-01-22T00:00:00Z,0.58242,0.58496,0.57695,0.58410,5805174
2025-01-22T01:00:00Z,0.58412,0.58432,0.57444,0.57517,4186426
2025-01-22T02:00:00Z,0.57516,0.58124,0.57271,0.58062,4529060
2025-01-22T03:00:00Z,0.58060,0.58372,0.57857,0.57982,3106423
2025-01-22T04:00:00Z,0.57981,0.58210,0.57497,0.57706,2999298
2025-01-22T05:00:00Z,0.57712,0.58158,0.57535,0.57571,3010420
2025-01-22T06:00:00Z,0.57572,0.57862,0.57297,0.57499,3152282
2025-01-22T07:00:00Z,0.57501,0.57627,0.57046,0.57208,3200804
2025-01-22T08:00:00Z,0.57208,0.57326,0.56522,0.57281,4052141
2025-01-22T09:00:00Z,0.57283,0.57363,0.56910,0.57096,2899353
2025-01-22T10:00:00Z,0.57097,0.57138,0.56717,0.56941,3091555
2025-01-22T11:00:00Z,0.56942,0.57704,0.56852,0.57490,4230074
2025-01-22T12:00:00Z,0.57496,0.57749,0.57061,0.57192,4168716
2025-01-22T13:00:00Z,0.57191,0.57218,0.56373,0.56557,6721947
2025-01-22T14:00:00Z,0.56557,0.57143,0.56172,0.56692,6974677
2025-01-22T15:00:00Z,0.56694,0.56871,0.56102,0.56453,4661525
2025-01-22T16:00:00Z,0.56455,0.56823,0.56011,0.56581,4623651
2025-01-22T17:00:00Z,0.56581,0.57041,0.56444,0.56910,3526270
2025-01-22T18:00:00Z,0.56909,0.57075,0.55798,0.55928,4664605
2025-01-22T19:00:00Z,0.55926,0.56765,0.55905,0.56361,5138105
2025-01-22T20:00:00Z,0.56360,0.57010,0.56334,0.56523,4127583
2025-01-22T21:00:00Z,0.56521,0.56696,0.56029,0.56517,3620637
2025-01-22T22:00:00Z,0.56515,0.56792,0.56003,0.56012,3517827
2025-01-22T23:00:00Z,0.56013,0.56185,0.55646,0.56033,4776591
2025-01-23T00:00:00Z,0.56024,0.56041,0.55465,0.55664,6077082
2025-01-23T01:00:00Z,0.55664,0.55871,0.55073,0.55188,4966501
2025-01-23T02:00:00Z,0.55193,0.55337,0.54640,0.55050,5910029
2025-01-23T03:00:00Z,0.55049,0.55622,0.54939,0.55167,3471359
2025-01-23T04:00:00Z,0.55168,0.55347,0.54525,0.54870,5045858
2025-01-23T05:00:00Z,0.54868,0.55217,0.54799,0.55069,2481025
2025-01-23T06:00:00Z,0.55067,0.55189,0.54731,0.54798,2923473
2025-01-23T07:00:00Z,0.54804,0.55440,0.54601,0.55403,4080872
2025-01-23T08:00:00Z,0.55404,0.55537,0.54870,0.54944,4060017
2025-01-23T09:00:00Z,0.54947,0.55344,0.54620,0.54808,3235222
2025-01-23T10:00:00Z,0.54806,0.55086,0.54372,0.54620,5300327
2025-01-23T11:00:00Z,0.54635,0.55026,0.54481,0.54863,3660447
2025-01-23T12:00:00Z,0.54863,0.54889,0.54104,0.54305,5275970
2025-01-23T13:00:00Z,0.54309,0.55122,0.54015,0.54902,6667303
2025-01-23T14:00:00Z,0.54899,0.56497,0.54569,0.55998,11948111
2025-01-23T15:00:00Z,0.55999,0.56257,0.54791,0.55822,18654838
2025-01-23T16:00:00Z,0.55824,0.56964,0.55729,0.55774,9867412
2025-01-23T17:00:00Z,0.55772,0.56182,0.55172,0.56033,6490329
2025-01-23T18:00:00Z,0.56033,0.56158,0.55169,0.55187,4609608
2025-01-23T19:00:00Z,0.55187,0.55206,0.54168,0.54398,6126654
2025-01-23T20:00:00Z,0.54396,0.56330,0.54269,0.55046,19509790
2025-01-23T21:00:00Z,0.55049,0.55231,0.54068,0.54398,6011242
2025-01-23T22:00:00Z,0.54394,0.55921,0.54298,0.55733,4906122
2025-01-23T23:00:00Z,0.55735,0.56081,0.55440,0.55711,3910745
2025-01-24T00:00:00Z,0.55711,0.55953,0.54525,0.54583,4473435
2025-01-24T01:00:00Z,0.54580,0.54948,0.54169,0.54358,4222492
2025-01-24T02:00:00Z,0.54358,0.54525,0.53840,0.53992,5240883
2025-01-24T03:00:00Z,0.53998,0.55158,0.53840,0.54740,6969989
2025-01-24T04:00:00Z,0.54739,0.55647,0.54460,0.55538,5437329
2025-01-24T05:00:00Z,0.55538,0.56566,0.55293,0.56561,7061442
2025-01-24T06:00:00Z,0.56562,0.56765,0.56128,0.56202,5912064
2025-01-24T07:00:00Z,0.56201,0.56598,0.55803,0.56047,4040750
2025-01-24T08:00:00Z,0.56052,0.56813,0.55888,0.56607,3975410
2025-01-24T09:00:00Z,0.56605,0.56972,0.56461,0.56737,3743367
2025-01-24T10:00:00Z,0.56746,0.57433,0.56589,0.57392,4687354
2025-01-24T11:00:00Z,0.57392,0.57660,0.57125,0.57261,4574372
2025-01-24T12:00:00Z,0.57262,0.57547,0.57009,0.57532,2954521
2025-01-24T13:00:00Z,0.57532,0.57987,0.57336,0.57565,4697601
2025-01-24T14:00:00Z,0.57565,0.57990,0.57064,0.57518,6124070
2025-01-24T15:00:00Z,0.57515,0.57850,0.56578,0.57087,6899653
2025-01-24T16:00:00Z,0.57089,0.57260,0.56663,0.56686,3767081
2025-01-24T17:00:00Z,0.56688,0.57272,0.56390,0.57027,4669202
2025-01-24T18:00:00Z,0.57024,0.57160,0.56769,0.56852,3350134
2025-01-24T19:00:00Z,0.56846,0.57048,0.56451,0.56539,3284645
2025-01-24T20:00:00Z,0.56542,0.56763,0.55625,0.55663,5432872
2025-01-24T21:00:00Z,0.55665,0.56136,0.55457,0.55956,4578990
2025-01-24T22:00:00Z,0.55954,0.55960,0.55322,0.55359,3570458
2025-01-24T23:00:00Z,0.55360,0.55387,0.54911,0.55257,3914522
2025-01-25T00:00:00Z,0.55256,0.55267,0.54363,0.54387,5835838
2025-01-25T01:00:00Z,0.54385,0.55587,0.54350,0.55193,4581737
2025-01-25T02:00:00Z,0.55191,0.55690,0.55004,0.55548,4621678
2025-01-25T03:00:00Z,0.55549,0.56389,0.55381,0.56220,3800064
2025-01-25T04:00:00Z,0.56219,0.56219,0.55556,0.55757,2989486
2025-01-25T05:00:00Z,0.55757,0.56000,0.55622,0.55678,2861402
2025-01-25T06:00:00Z,0.55677,0.55799,0.55309,0.55543,2360039
2025-01-25T07:00:00Z,0.55537,0.55675,0.55366,0.55490,2062221
2025-01-25T08:00:00Z,0.55491,0.55755,0.55160,0.55341,3713960
2025-01-25T09:00:00Z,0.55340,0.55434,0.55034,0.55185,1906984
2025-01-25T10:00:00Z,0.55183,0.55433,0.54799,0.55349,3119181
2025-01-25T11:00:00Z,0.55352,0.55711,0.55230,0.55622,2201206
2025-01-25T12:00:00Z,0.55623,0.55623,0.55146,0.55570,1998425
2025-01-25T13:00:00Z,0.55570,0.55738,0.55325,0.55443,2307224
2025-01-25T14:00:00Z,0.55442,0.55479,0.55108,0.55438,1974364
2025-01-25T15:00:00Z,0.55444,0.56064,0.55411,0.55806,3770162
2025-01-25T16:00:00Z,0.55804,0.56045,0.55498,0.55676,2673155
2025-01-25T17:00:00Z,0.55679,0.55747,0.55354,0.55731,2752006
2025-01-25T18:00:00Z,0.55731,0.55949,0.55525,0.55730,2058529
2025-01-25T19:00:00Z,0.55732,0.55942,0.55675,0.55887,2472696
2025-01-25T20:00:00Z,0.55882,0.56107,0.55775,0.55786,2725557
2025-01-25T21:00:00Z,0.55787,0.55902,0.55609,0.55842,2340766
2025-01-25T22:00:00Z,0.55844,0.56138,0.55769,0.55844,2096845
2025-01-25T23:00:00Z,0.55843,0.55921,0.55423,0.55491,2434714
2025-01-26T00:00:00Z,0.55492,0.55757,0.55225,0.55540,3895053
2025-01-26T01:00:00Z,0.55546,0.55842,0.55487,0.55603,2052361
2025-01-26T02:00:00Z,0.55605,0.55650,0.55376,0.55650,1715452
2025-01-26T03:00:00Z,0.55652,0.56420,0.55645,0.56179,3270787
2025-01-26T04:00:00Z,0.56181,0.56800,0.56075,0.56511,3015205
2025-01-26T05:00:00Z,0.56513,0.56524,0.56130,0.56190,3182810
2025-01-26T06:00:00Z,0.56196,0.56229,0.55957,0.56040,2079772
2025-01-26T07:00:00Z,0.56039,0.56211,0.55879,0.56149,2106839
2025-01-26T08:00:00Z,0.56149,0.56412,0.55944,0.56168,1987165
2025-01-26T09:00:00Z,0.56167,0.56199,0.55520,0.55661,2741526
2025-01-26T10:00:00Z,0.55658,0.55900,0.55543,0.55900,2588661
2025-01-26T11:00:00Z,0.55899,0.56127,0.55840,0.56059,1811241
2025-01-26T12:00:00Z,0.56058,0.56058,0.55685,0.55868,3184647
2025-01-26T13:00:00Z,0.55870,0.56072,0.55664,0.55831,2290852
2025-01-26T14:00:00Z,0.55832,0.55915,0.55600,0.55835,1792017
2025-01-26T15:00:00Z,0.55834,0.55905,0.55525,0.55554,1722915
2025-01-26T16:00:00Z,0.55554,0.55622,0.55289,0.55480,2691390
2025-01-26T17:00:00Z,0.55481,0.55818,0.55374,0.55670,1938579
2025-01-26T18:00:00Z,0.55671,0.56158,0.55525,0.55929,3397904
2025-01-26T19:00:00Z,0.55929,0.55971,0.55688,0.55872,1576506
2025-01-26T20:00:00Z,0.55872,0.55999,0.55472,0.55515,1553321
2025-01-26T21:00:00Z,0.55515,0.55545,0.54942,0.54943,4454441
2025-01-26T22:00:00Z,0.54942,0.55180,0.54503,0.54716,5833289
2025-01-26T23:00:00Z,0.54715,0.54715,0.53262,0.53394,13122876
2025-01-27T00:00:00Z,0.53393,0.53509,0.52390,0.52509,14860600
2025-01-27T01:00:00Z,0.52508,0.52722,0.51791,0.52124,12291168
2025-01-27T02:00:00Z,0.52121,0.52250,0.51440,0.51872,10127842
2025-01-27T03:00:00Z,0.51867,0.52437,0.51633,0.52099,5516660
2025-01-27T04:00:00Z,0.52099,0.52099,0.51278,0.51331,5365323
2025-01-27T05:00:00Z,0.51330,0.51585,0.50601,0.51071,8629687
2025-01-27T06:00:00Z,0.51072,0.51259,0.49979,0.50235,11762706
2025-01-27T07:00:00Z,0.50234,0.50485,0.48337,0.49707,27088039
2025-01-27T08:00:00Z,0.49699,0.49730,0.48677,0.49422,11227958
2025-01-27T09:00:00Z,0.49421,0.50063,0.49225,0.49742,8607305
2025-01-27T10:00:00Z,0.49732,0.49773,0.48598,0.48791,6559595
2025-01-27T11:00:00Z,0.48791,0.49636,0.48771,0.49138,6206658
2025-01-27T12:00:00Z,0.49138,0.50827,0.48893,0.50501,9925300
2025-01-27T13:00:00Z,0.50500,0.51452,0.50290,0.50530,14573710
2025-01-27T14:00:00Z,0.50524,0.51982,0.50343,0.51726,10912035
2025-01-27T15:00:00Z,0.51724,0.52039,0.51267,0.51677,8229197
2025-01-27T16:00:00Z,0.51678,0.51787,0.50499,0.50699,8295516
2025-01-27T17:00:00Z,0.50703,0.51018,0.50247,0.50398,5113170
2025-01-27T18:00:00Z,0.50398,0.50737,0.49814,0.49953,5343026
2025-01-27T19:00:00Z,0.49955,0.50576,0.49955,0.50251,3388135
2025-01-27T20:00:00Z,0.50251,0.52011,0.50246,0.51859,6908642
2025-01-27T21:00:00Z,0.51857,0.53031,0.51721,0.51970,8758634
2025-01-27T22:00:00Z,0.51971,0.52375,0.51761,0.52046,2636284
2025-01-27T23:00:00Z,0.52046,0.52281,0.51724,0.52086,3467170
2025-01-28T00:00:00Z,0.52085,0.52599,0.51792,0.51894,5363763
2025-01-28T01:00:00Z,0.51898,0.51945,0.51305,0.51630,3842813
2025-01-28T02:00:00Z,0.51629,0.52400,0.51612,0.52352,3900169
2025-01-28T03:00:00Z,0.52348,0.52807,0.51919,0.52680,4513195
2025-01-28T04:00:00Z,0.52675,0.53413,0.52675,0.52982,4313672
2025-01-28T05:00:00Z,0.52980,0.53189,0.52814,0.52915,2722835
2025-01-28T06:00:00Z,0.52917,0.52964,0.52458,0.52514,3122867
2025-01-28T07:00:00Z,0.52512,0.52931,0.52295,0.52511,3632426
2025-01-28T08:00:00Z,0.52512,0.52607,0.52122,0.52376,3378576
2025-01-28T09:00:00Z,0.52377,0.52426,0.51836,0.52336,3735545
2025-01-28T10:00:00Z,0.52333,0.52484,0.52123,0.52184,2626703
2025-01-28T11:00:00Z,0.52185,0.52445,0.51931,0.52195,3802431
2025-01-28T12:00:00Z,0.52196,0.52431,0.51634,0.51864,5459515
2025-01-28T13:00:00Z,0.51865,0.52225,0.51851,0.51989,3730192
2025-01-28T14:00:00Z,0.51989,0.52386,0.51472,0.52001,7986767
2025-01-28T15:00:00Z,0.52005,0.52681,0.51885,0.52154,7462205
2025-01-28T16:00:00Z,0.52155,0.52192,0.51453,0.51742,5441135
2025-01-28T17:00:00Z,0.51741,0.52104,0.51547,0.51695,6500584
2025-01-28T18:00:00Z,0.51693,0.51928,0.51032,0.51109,4404794
2025-01-28T19:00:00Z,0.51107,0.51250,0.50808,0.51230,3925885
2025-01-28T20:00:00Z,0.51230,0.51296,0.50138,0.50193,4601310
2025-01-28T21:00:00Z,0.50193,0.50584,0.49217,0.49227,7017924
2025-01-28T22:00:00Z,0.49225,0.49754,0.48948,0.49595,7667475
2025-01-28T23:00:00Z,0.49595,0.49780,0.48392,0.49008,15394248
2025-01-29T00:00:00Z,0.49008,0.49537,0.48772,0.49262,8679519
2025-01-29T01:00:00Z,0.49268,0.49978,0.49240,0.49792,4572451
2025-01-29T02:00:00Z,0.49793,0.50460,0.49793,0.50032,4035276
2025-01-29T03:00:00Z,0.50027,0.50489,0.49909,0.50424,4171406
2025-01-29T04:00:00Z,0.50425,0.50800,0.50247,0.50562,3647533
2025-01-29T05:00:00Z,0.50560,0.52097,0.50477,0.51999,22460459
2025-01-29T06:00:00Z,0.51999,0.52349,0.51670,0.52008,8501791
2025-01-29T07:00:00Z,0.52008,0.52269,0.51755,0.52164,3959571
2025-01-29T08:00:00Z,0.52163,0.52255,0.51675,0.51727,4483534
2025-01-29T09:00:00Z,0.51728,0.51757,0.51054,0.51309,4150449
2025-01-29T10:00:00Z,0.51309,0.51596,0.51003,0.51394,3121141
2025-01-29T11:00:00Z,0.51394,0.51570,0.51241,0.51379,2871824
2025-01-29T12:00:00Z,0.51380,0.51503,0.50771,0.50835,5096369
2025-01-29T13:00:00Z,0.50839,0.50950,0.50115,0.50480,6533294
2025-01-29T14:00:00Z,0.50480,0.50891,0.50244,0.50559,4674296
2025-01-29T15:00:00Z,0.50561,0.51113,0.50445,0.50687,3512809
2025-01-29T16:00:00Z,0.50688,0.50889,0.50312,0.50691,4585706
2025-01-29T17:00:00Z,0.50691,0.51402,0.50682,0.50942,4589207
2025-01-29T18:00:00Z,0.50944,0.51530,0.50505,0.51334,4849359
2025-01-29T19:00:00Z,0.51331,0.52643,0.49680,0.51707,28229203
2025-01-29T20:00:00Z,0.51700,0.53086,0.51043,0.52401,15401181
2025-01-29T21:00:00Z,0.52397,0.52957,0.51911,0.52436,6168095
2025-01-29T22:00:00Z,0.52442,0.52523,0.51803,0.51856,4140320
2025-01-29T23:00:00Z,0.51854,0.52024,0.51158,0.51228,4574534
2025-01-30T00:00:00Z,0.51227,0.51593,0.50748,0.51539,6668725
2025-01-30T01:00:00Z,0.51541,0.52382,0.51326,0.51865,5173228
2025-01-30T02:00:00Z,0.51869,0.52392,0.51602,0.52391,2937751
2025-01-30T03:00:00Z,0.52392,0.53061,0.52302,0.52974,5705051
2025-01-30T04:00:00Z,0.52974,0.53174,0.52713,0.53050,4219835
2025-01-30T05:00:00Z,0.53052,0.53100,0.52646,0.52914,3123409
2025-01-30T06:00:00Z,0.52916,0.53129,0.52742,0.52810,3212754
2025-01-30T07:00:00Z,0.52811,0.52924,0.52444,0.52774,3042446
2025-01-30T08:00:00Z,0.52774,0.52977,0.52446,0.52844,3175856
2025-01-30T09:00:00Z,0.52845,0.53276,0.52729,0.53097,3827349
2025-01-30T10:00:00Z,0.53099,0.53407,0.52820,0.53350,3432905
2025-01-30T11:00:00Z,0.53347,0.53552,0.53010,0.53455,3031345
2025-01-30T12:00:00Z,0.53461,0.53490,0.52987,0.53222,3743142
2025-01-30T13:00:00Z,0.53223,0.53759,0.53091,0.53597,5474315
2025-01-30T14:00:00Z,0.53595,0.54428,0.53396,0.54267,8067659
2025-01-30T15:00:00Z,0.54268,0.54774,0.54137,0.54190,10657095
2025-01-30T16:00:00Z,0.54185,0.54464,0.53928,0.54217,5708489
2025-01-30T17:00:00Z,0.54218,0.54282,0.53838,0.54012,4212768
2025-01-30T18:00:00Z,0.54010,0.54030,0.53483,0.53884,3790531
2025-01-30T19:00:00Z,0.53884,0.54017,0.53581,0.53965,2819375
2025-01-30T20:00:00Z,0.53966,0.54054,0.53397,0.53485,3948583
2025-01-30T21:00:00Z,0.53481,0.53786,0.53444,0.53608,2069348
2025-01-30T22:00:00Z,0.53603,0.53872,0.53402,0.53533,1823444
2025-01-30T23:00:00Z,0.53532,0.53796,0.53280,0.53290,2703025
2025-01-31T00:00:00Z,0.53289,0.53514,0.52929,0.53235,4309335
2025-01-31T01:00:00Z,0.53233,0.53278,0.52924,0.53187,3691015
2025-01-31T02:00:00Z,0.53187,0.53298,0.52590,0.52631,3044424
2025-01-31T03:00:00Z,0.52631,0.52631,0.52021,0.52399,6233592
2025-01-31T04:00:00Z,0.52400,0.52430,0.52000,0.52070,2637928
2025-01-31T05:00:00Z,0.52069,0.52491,0.52027,0.52429,2361937
2025-01-31T06:00:00Z,0.52423,0.52958,0.52285,0.52915,2448847
2025-01-31T07:00:00Z,0.52916,0.53440,0.52656,0.52830,3510352
2025-01-31T08:00:00Z,0.52829,0.52942,0.52297,0.52425,4905800
2025-01-31T09:00:00Z,0.52424,0.52969,0.52349,0.52849,2256141
2025-01-31T10:00:00Z,0.52850,0.52989,0.52512,0.52843,2785695
2025-01-31T11:00:00Z,0.52844,0.53936,0.52833,0.53890,3968811
2025-01-31T12:00:00Z,0.53892,0.54099,0.53713,0.53803,4377878
2025-01-31T13:00:00Z,0.53802,0.54386,0.53802,0.54158,4526691
2025-01-31T14:00:00Z,0.54158,0.54381,0.53552,0.53882,6834107
2025-01-31T15:00:00Z,0.53892,0.55216,0.53865,0.55133,9918430
2025-01-31T16:00:00Z,0.55133,0.55300,0.54446,0.54594,5336446
2025-01-31T17:00:00Z,0.54599,0.54656,0.53822,0.53873,3869808
2025-01-31T18:00:00Z,0.53873,0.54068,0.52556,0.52779,9447802
2025-01-31T19:00:00Z,0.52779,0.53265,0.52745,0.52974,5956729
2025-01-31T20:00:00Z,0.52973,0.53007,0.52220,0.52766,5705802
2025-01-31T21:00:00Z,0.52764,0.52854,0.52116,0.52818,4324675
2025-01-31T22:00:00Z,0.52819,0.52896,0.52395,0.52583,2064340
2025-01-31T23:00:00Z,0.52582,0.52644,0.52265,0.52631,2141872
2025-02-01T00:00:00Z,0.52630,0.52998,0.52332,0.52922,3527655
2025-02-01T01:00:00Z,0.52921,0.53136,0.52837,0.52844,2359725
2025-02-01T02:00:00Z,0.52843,0.53237,0.52740,0.53129,2931575
2025-02-01T03:00:00Z,0.53129,0.53163,0.52537,0.52761,2136737
2025-02-01T04:00:00Z,0.52767,0.53019,0.52510,0.52842,2311784
2025-02-01T05:00:00Z,0.52837,0.53244,0.52811,0.53192,1909588
2025-02-01T06:00:00Z,0.53190,0.53258,0.52570,0.52845,2829595
2025-02-01T07:00:00Z,0.52845,0.52948,0.52504,0.52596,2017871
2025-02-01T08:00:00Z,0.52591,0.52698,0.52015,0.52271,4256503
2025-02-01T09:00:00Z,0.52276,0.52283,0.51093,0.51236,8026734
2025-02-01T10:00:00Z,0.51240,0.51924,0.51240,0.51463,4370682
2025-02-01T11:00:00Z,0.51464,0.51998,0.51357,0.51970,2468693
2025-02-01T12:00:00Z,0.51974,0.52050,0.51767,0.51882,3166592
2025-02-01T13:00:00Z,0.51882,0.51927,0.51171,0.51238,4741721
2025-02-01T14:00:00Z,0.51239,0.51620,0.51064,0.51084,4264745
2025-02-01T15:00:00Z,0.51083,0.51284,0.50710,0.51148,5641503
2025-02-01T16:00:00Z,0.51155,0.51398,0.50803,0.50849,4337952
2025-02-01T17:00:00Z,0.50844,0.51358,0.50844,0.51249,3219119
2025-02-01T18:00:00Z,0.51251,0.51266,0.50419,0.50489,5016210
2025-02-01T19:00:00Z,0.50491,0.50508,0.49563,0.49659,7761299
2025-02-01T20:00:00Z,0.49659,0.49701,0.48750,0.49241,9538522
2025-02-01T21:00:00Z,0.49241,0.49684,0.49044,0.49139,5767504
2025-02-01T22:00:00Z,0.49138,0.49300,0.48518,0.48838,6604597
2025-02-01T23:00:00Z,0.48837,0.48943,0.48151,0.48537,9992257
2025-02-02T00:00:00Z,0.48537,0.49393,0.48312,0.49152,7194353
2025-02-02T01:00:00Z,0.49152,0.49494,0.48994,0.49233,3698836
2025-02-02T02:00:00Z,0.49237,0.49258,0.47886,0.47935,12507188
2025-02-02T03:00:00Z,0.47940,0.48247,0.46521,0.46734,18775909
2025-02-02T04:00:00Z,0.46733,0.47569,0.46521,0.47001,8197237
2025-02-02T05:00:00Z,0.47002,0.48261,0.46942,0.47919,10740527
2025-02-02T06:00:00Z,0.47920,0.48136,0.47647,0.47788,4782855
2025-02-02T07:00:00Z,0.47790,0.47872,0.47396,0.47483,4631839
2025-02-02T08:00:00Z,0.47485,0.48377,0.47382,0.47957,5499742
2025-02-02T09:00:00Z,0.47955,0.47958,0.47565,0.47844,3524426
2025-02-02T10:00:00Z,0.47844,0.47853,0.47072,0.47377,4424648
2025-02-02T11:00:00Z,0.47375,0.47513,0.46060,0.46217,12139103
2025-02-02T12:00:00Z,0.46220,0.46760,0.45840,0.45893,7706722
2025-02-02T13:00:00Z,0.45892,0.46991,0.45892,0.46990,5662138
2025-02-02T14:00:00Z,0.46990,0.47198,0.46733,0.46746,5169693
2025-02-02T15:00:00Z,0.46741,0.46741,0.45637,0.46225,12142311
2025-02-02T16:00:00Z,0.46228,0.46245,0.43645,0.44003,29890637
2025-02-02T17:00:00Z,0.44003,0.44431,0.42325,0.42820,39403202
2025-02-02T18:00:00Z,0.42820,0.43247,0.41375,0.41560,34880365
2025-02-02T19:00:00Z,0.41572,0.43176,0.41006,0.42713,34701065
2025-02-02T20:00:00Z,0.42717,0.43366,0.42098,0.42170,14396812
2025-02-02T21:00:00Z,0.42170,0.42318,0.41263,0.41424,13786280
2025-02-02T22:00:00Z,0.41425,0.42231,0.38521,0.40988,30442661
2025-02-02T23:00:00Z,0.40986,0.41040,0.39252,0.40896,33806911
2025-02-03T00:00:00Z,0.40897,0.40978,0.37294,0.38720,65012235
2025-02-03T01:00:00Z,0.38719,0.39175,0.32200,0.34350,81320237
2025-02-03T02:00:00Z,0.34368,0.34795,0.30249,0.33619,108732327
2025-02-03T03:00:00Z,0.33629,0.35721,0.33558,0.35144,31460840
2025-02-03T04:00:00Z,0.35146,0.35587,0.33792,0.33848,21453526
2025-02-03T05:00:00Z,0.33848,0.35857,0.33845,0.35855,19470498
2025-02-03T06:00:00Z,0.35853,0.37457,0.35276,0.37379,23621270
2025-02-03T07:00:00Z,0.37378,0.38445,0.37164,0.38326,22868205
2025-02-03T08:00:00Z,0.38326,0.38329,0.36795,0.37549,18135256
2025-02-03T09:00:00Z,0.37551,0.38309,0.37397,0.37588,21995497
2025-02-03T10:00:00Z,0.37589,0.38817,0.37419,0.38759,17057736
2025-02-03T11:00:00Z,0.38757,0.38790,0.37766,0.37951,12869473
2025-02-03T12:00:00Z,0.37946,0.38709,0.37511,0.37600,12244146
2025-02-03T13:00:00Z,0.37601,0.38061,0.37160,0.37658,15762411
2025-02-03T14:00:00Z,0.37653,0.38840,0.36521,0.38521,66473007
2025-02-03T15:00:00Z,0.38520,0.40606,0.38132,0.40114,50352462
2025-02-03T16:00:00Z,0.40107,0.41147,0.39852,0.40568,23168397
2025-02-03T17:00:00Z,0.40571,0.40960,0.40162,0.40824,12846278
2025-02-03T18:00:00Z,0.40822,0.41384,0.40531,0.41374,9988139
2025-02-03T19:00:00Z,0.41372,0.42674,0.41196,0.42640,12910817
2025-02-03T20:00:00Z,0.42640,0.42641,0.41380,0.41735,12770345
2025-02-03T21:00:00Z,0.41738,0.43085,0.41716,0.43061,9276979
2025-02-03T22:00:00Z,0.43062,0.43807,0.42938,0.43367,11724446
2025-02-03T23:00:00Z,0.43369,0.43482,0.42813,0.43151,6794997
2025-02-04T00:00:00Z,0.43152,0.43834,0.42506,0.42516,8977979
2025-02-04T01:00:00Z,0.42517,0.43085,0.42467,0.42938,5752300
2025-02-04T02:00:00Z,0.42940,0.43124,0.42068,0.42133,6626418
2025-02-04T03:00:00Z,0.42135,0.42432,0.41832,0.42020,9243677
2025-02-04T04:00:00Z,0.42020,0.42424,0.41456,0.41560,8111881
2025-02-04T05:00:00Z,0.41563,0.41633,0.39004,0.39184,37656987
2025-02-04T06:00:00Z,0.39184,0.40159,0.39184,0.39969,12616032
2025-02-04T07:00:00Z,0.39968,0.39968,0.38574,0.38734,15318416
2025-02-04T08:00:00Z,0.38734,0.39310,0.38453,0.38714,12971245
2025-02-04T09:00:00Z,0.38713,0.39232,0.38665,0.38745,9603394
2025-02-04T10:00:00Z,0.38741,0.39985,0.38705,0.39680,11144346
2025-02-04T11:00:00Z,0.39679,0.40707,0.39650,0.40196,14498033
2025-02-04T12:00:00Z,0.40198,0.41411,0.40190,0.40898,10298234
2025-02-04T13:00:00Z,0.40897,0.41321,0.40509,0.40596,11946699
2025-02-04T14:00:00Z,0.40593,0.41710,0.40301,0.41320,20274482
2025-02-04T15:00:00Z,0.41314,0.41550,0.40147,0.40852,20515909
2025-02-04T16:00:00Z,0.40851,0.41524,0.40613,0.40920,9094938
2025-02-04T17:00:00Z,0.40922,0.41568,0.40662,0.40992,8833002
2025-02-04T18:00:00Z,0.40991,0.41572,0.40757,0.41405,7361544
2025-02-04T19:00:00Z,0.41403,0.42601,0.40714,0.40731,18827976
2025-02-04T20:00:00Z,0.40727,0.41151,0.40177,0.40393,28148556
2025-02-04T21:00:00Z,0.40394,0.40419,0.38923,0.39012,24255843
2025-02-04T22:00:00Z,0.39016,0.40282,0.38963,0.40070,11354383
2025-02-04T23:00:00Z,0.40065,0.40696,0.39791,0.40056,10088256
2025-02-05T00:00:00Z,0.40056,0.40160,0.39626,0.39792,9067214
2025-02-05T01:00:00Z,0.39792,0.40480,0.39571,0.39619,7043040
2025-02-05T02:00:00Z,0.39623,0.40496,0.39435,0.40302,8268923
2025-02-05T03:00:00Z,0.40301,0.40391,0.39923,0.40000,4333931
2025-02-05T04:00:00Z,0.40000,0.40182,0.39820,0.40001,4584050
2025-02-05T05:00:00Z,0.39999,0.40602,0.39613,0.40512,5874211
2025-02-05T06:00:00Z,0.40510,0.40513,0.39782,0.39864,5782196
2025-02-05T07:00:00Z,0.39864,0.40289,0.39678,0.40169,4257972
2025-02-05T08:00:00Z,0.40166,0.40472,0.39828,0.40223,4321696
2025-02-05T09:00:00Z,0.40219,0.40552,0.39796,0.40048,6766644
2025-02-05T10:00:00Z,0.40050,0.40434,0.40001,0.40305,4628179
2025-02-05T11:00:00Z,0.40302,0.41233,0.40298,0.41019,8599195
2025-02-05T12:00:00Z,0.41021,0.41457,0.40765,0.40859,7894292
2025-02-05T13:00:00Z,0.40863,0.41544,0.40774,0.41283,5943932
2025-02-05T14:00:00Z,0.41284,0.41431,0.40518,0.40699,7610139
2025-02-05T15:00:00Z,0.40696,0.41144,0.40238,0.40603,9249568
2025-02-05T16:00:00Z,0.40601,0.40774,0.39482,0.40039,13376276
2025-02-05T17:00:00Z,0.40041,0.40209,0.38738,0.38926,10882445
2025-02-05T18:00:00Z,0.38927,0.39493,0.38749,0.38946,8088343
2025-02-05T19:00:00Z,0.38945,0.39979,0.38804,0.39838,6775958
2025-02-05T20:00:00Z,0.39838,0.40014,0.38930,0.39159,10078780
2025-02-05T21:00:00Z,0.39163,0.39523,0.38943,0.39059,5873843
2025-02-05T22:00:00Z,0.39057,0.39324,0.38339,0.38603,8993627
2025-02-05T23:00:00Z,0.38600,0.38929,0.38460,0.38813,4405624
2025-02-06T00:00:00Z,0.38813,0.39143,0.38540,0.38559,5092820
2025-02-06T01:00:00Z,0.38560,0.39243,0.38328,0.38802,4182598
2025-02-06T02:00:00Z,0.38798,0.39422,0.38725,0.39192,4370035
2025-02-06T03:00:00Z,0.39192,0.39560,0.38935,0.39341,4178359
2025-02-06T04:00:00Z,0.39342,0.39696,0.39261,0.39502,4892253
2025-02-06T05:00:00Z,0.39506,0.39686,0.39318,0.39504,4011301
2025-02-06T06:00:00Z,0.39503,0.40068,0.39266,0.40003,4906803
2025-02-06T07:00:00Z,0.40001,0.40003,0.39450,0.39563,4944914
2025-02-06T08:00:00Z,0.39566,0.39663,0.39286,0.39336,5604206
2025-02-06T09:00:00Z,0.39340,0.39877,0.39184,0.39670,5912517
2025-02-06T10:00:00Z,0.39669,0.39859,0.39283,0.39605,4504865
2025-02-06T11:00:00Z,0.39601,0.39696,0.38944,0.39378,6289400
2025-02-06T12:00:00Z,0.39379,0.39450,0.38494,0.38755,7256769
2025-02-06T13:00:00Z,0.38759,0.39528,0.38754,0.39194,9092754
2025-02-06T14:00:00Z,0.39200,0.39329,0.38039,0.38185,13144353
2025-02-06T15:00:00Z,0.38186,0.38541,0.37037,0.37390,28317960
2025-02-06T16:00:00Z,0.37390,0.37733,0.36989,0.37256,15976142
2025-02-06T17:00:00Z,0.37257,0.38012,0.37043,0.37314,8709923
2025-02-06T18:00:00Z,0.37316,0.37360,0.36899,0.36952,7728578
2025-02-06T19:00:00Z,0.36948,0.37500,0.36668,0.36830,9203098
2025-02-06T20:00:00Z,0.36833,0.37657,0.36741,0.37595,7452941
2025-02-06T21:00:00Z,0.37595,0.37626,0.36756,0.37322,7369237
2025-02-06T22:00:00Z,0.37321,0.37372,0.36694,0.37286,6236340
2025-02-06T23:00:00Z,0.37286,0.37399,0.36600,0.37015,5636410
2025-02-07T00:00:00Z,0.37014,0.37532,0.36950,0.37084,5227910
2025-02-07T01:00:00Z,0.37083,0.38219,0.37080,0.37939,6169360
2025-02-07T02:00:00Z,0.37939,0.38190,0.37747,0.37995,5919122
2025-02-07T03:00:00Z,0.37995,0.38222,0.37627,0.37926,4868387
2025-02-07T04:00:00Z,0.37927,0.38174,0.37871,0.37957,3508961
2025-02-07T05:00:00Z,0.37957,0.38033,0.37690,0.37900,4797017
2025-02-07T06:00:00Z,0.37904,0.37947,0.36979,0.37484,6882979
2025-02-07T07:00:00Z,0.37488,0.38244,0.37476,0.37758,7510780
2025-02-07T08:00:00Z,0.37758,0.38420,0.37557,0.38134,4403499
2025-02-07T09:00:00Z,0.38135,0.38542,0.38063,0.38510,4493988
2025-02-07T10:00:00Z,0.38512,0.38736,0.38373,0.38391,5470891
2025-02-07T11:00:00Z,0.38395,0.38742,0.38331,0.38616,4205018
2025-02-07T12:00:00Z,0.38616,0.38978,0.38268,0.38676,7158024
2025-02-07T13:00:00Z,0.38677,0.39769,0.38375,0.39701,12460246
2025-02-07T14:00:00Z,0.39704,0.40223,0.39468,0.39970,13452480
2025-02-07T15:00:00Z,0.39965,0.39974,0.38772,0.39096,18790396
2025-02-07T16:00:00Z,0.39097,0.39148,0.38545,0.38689,9179687
2025-02-07T17:00:00Z,0.38690,0.38815,0.37868,0.38170,9359181
2025-02-07T18:00:00Z,0.38173,0.38818,0.38062,0.38499,5370385
2025-02-07T19:00:00Z,0.38499,0.38574,0.38107,0.38150,3391740
2025-02-07T20:00:00Z,0.38153,0.38175,0.36558,0.36623,11948934
2025-02-07T21:00:00Z,0.36624,0.37042,0.36323,0.36467,8140938
2025-02-07T22:00:00Z,0.36469,0.36522,0.35794,0.36421,8763141
2025-02-07T23:00:00Z,0.36424,0.37170,0.36281,0.37084,8301496
2025-02-08T00:00:00Z,0.37084,0.37691,0.36804,0.37270,7262895
2025-02-08T01:00:00Z,0.37270,0.37319,0.36856,0.36912,3786101
2025-02-08T02:00:00Z,0.36917,0.37150,0.36767,0.37101,4162846
2025-02-08T03:00:00Z,0.37100,0.37356,0.36906,0.37024,3553172
2025-02-08T04:00:00Z,0.37024,0.37108,0.36823,0.36894,2818056
2025-02-08T05:00:00Z,0.36895,0.36947,0.36573,0.36862,3907630
2025-02-08T06:00:00Z,0.36864,0.37149,0.36748,0.36882,3961881
2025-02-08T07:00:00Z,0.36883,0.37463,0.36586,0.37193,4651583
2025-02-08T08:00:00Z,0.37194,0.37286,0.36797,0.36823,3955931
2025-02-08T09:00:00Z,0.36823,0.37199,0.36823,0.37131,3033551
2025-02-08T10:00:00Z,0.37132,0.37248,0.36895,0.37022,4306374
2025-02-08T11:00:00Z,0.37022,0.37123,0.36800,0.37059,3505291
2025-02-08T12:00:00Z,0.37060,0.37281,0.36868,0.37052,4528198
2025-02-08T13:00:00Z,0.37053,0.37834,0.37053,0.37479,6956032
2025-02-08T14:00:00Z,0.37474,0.37796,0.37238,0.37698,7352711
2025-02-08T15:00:00Z,0.37699,0.37954,0.37237,0.37486,5285209
2025-02-08T16:00:00Z,0.37487,0.37806,0.37214,0.37717,4909689
2025-02-08T17:00:00Z,0.37716,0.38456,0.37714,0.38336,7077403
2025-02-08T18:00:00Z,0.38336,0.38526,0.38033,0.38431,4745011
2025-02-08T19:00:00Z,0.38430,0.38768,0.38356,0.38563,3368828
2025-02-08T20:00:00Z,0.38568,0.38697,0.38413,0.38542,3078502
2025-02-08T21:00:00Z,0.38541,0.38749,0.38423,0.38607,2376501
2025-02-08T22:00:00Z,0.38608,0.38800,0.38341,0.38520,3407072
2025-02-08T23:00:00Z,0.38520,0.39069,0.38520,0.38772,3617494
2025-02-09T00:00:00Z,0.38771,0.38892,0.38500,0.38674,3716638
2025-02-09T01:00:00Z,0.38672,0.39096,0.38596,0.38963,3141465
2025-02-09T02:00:00Z,0.38960,0.39054,0.38679,0.38679,2826456
2025-02-09T03:00:00Z,0.38679,0.39960,0.38607,0.39652,6394835
2025-02-09T04:00:00Z,0.39648,0.39649,0.39131,0.39251,4581119
2025-02-09T05:00:00Z,0.39252,0.39274,0.38905,0.39003,3648534
2025-02-09T06:00:00Z,0.39003,0.39159,0.38720,0.39090,4211008
2025-02-09T07:00:00Z,0.39095,0.39408,0.38968,0.39341,3905819
2025-02-09T08:00:00Z,0.39341,0.39562,0.39241,0.39471,3809936
2025-02-09T09:00:00Z,0.39468,0.39494,0.39072,0.39237,3320256
2025-02-09T10:00:00Z,0.39236,0.39470,0.39111,0.39192,2648429
2025-02-09T11:00:00Z,0.39193,0.39307,0.38896,0.38910,4094442
2025-02-09T12:00:00Z,0.38910,0.39098,0.38699,0.38853,4090631
2025-02-09T13:00:00Z,0.38856,0.38900,0.37911,0.37997,6663104
2025-02-09T14:00:00Z,0.37998,0.38413,0.37938,0.38169,5538989
2025-02-09T15:00:00Z,0.38170,0.38669,0.38161,0.38541,3692385
2025-02-09T16:00:00Z,0.38544,0.38736,0.38361,0.38564,3169031
2025-02-09T17:00:00Z,0.38564,0.38667,0.38007,0.38150,3060794
2025-02-09T18:00:00Z,0.38150,0.38349,0.38027,0.38174,2295667
2025-02-09T19:00:00Z,0.38174,0.38216,0.37629,0.37749,3315845
2025-02-09T20:00:00Z,0.37749,0.38194,0.37695,0.37914,2984922
2025-02-09T21:00:00Z,0.37913,0.37975,0.36162,0.36352,11957183
2025-02-09T22:00:00Z,0.36351,0.37712,0.35992,0.37178,12044046
2025-02-09T23:00:00Z,0.37174,0.37680,0.37008,0.37589,3874244
2025-02-10T00:00:00Z,0.37589,0.38366,0.37578,0.37961,7192940
2025-02-10T01:00:00Z,0.37962,0.37979,0.36488,0.36549,9071426
2025-02-10T02:00:00Z,0.36551,0.36715,0.36130,0.36517,12144210
2025-02-10T03:00:00Z,0.36520,0.38171,0.36319,0.37565,14078987
2025-02-10T04:00:00Z,0.37567,0.38214,0.37354,0.37787,6212201
2025-02-10T05:00:00Z,0.37788,0.38743,0.37652,0.38316,9012880
2025-02-10T06:00:00Z,0.38318,0.38418,0.38020,0.38375,4913444
2025-02-10T07:00:00Z,0.38374,0.38618,0.38176,0.38514,4480172
2025-02-10T08:00:00Z,0.38515,0.39348,0.38490,0.39064,7647553
2025-02-10T09:00:00Z,0.39062,0.39351,0.38842,0.38997,5286929
2025-02-10T10:00:00Z,0.38997,0.39185,0.38696,0.38805,4543326
2025-02-10T11:00:00Z,0.38805,0.39142,0.38653,0.38866,4202034
2025-02-10T12:00:00Z,0.38865,0.38989,0.38436,0.38640,4903670
2025-02-10T13:00:00Z,0.38641,0.39900,0.38633,0.39650,8394596
2025-02-10T14:00:00Z,0.39649,0.39857,0.39038,0.39200,10194461
2025-02-10T15:00:00Z,0.39200,0.39460,0.38727,0.39189,7557543
2025-02-10T16:00:00Z,0.39193,0.39667,0.39025,0.39393,6675916
2025-02-10T17:00:00Z,0.39392,0.39665,0.39135,0.39516,4848703
2025-02-10T18:00:00Z,0.39516,0.39798,0.39308,0.39776,4587448
2025-02-10T19:00:00Z,0.39775,0.39935,0.39465,0.39606,4663681
2025-02-10T20:00:00Z,0.39605,0.39950,0.39486,0.39799,4536358
2025-02-10T21:00:00Z,0.39800,0.39840,0.39532,0.39689,3170977
2025-02-10T22:00:00Z,0.39679,0.39836,0.39322,0.39456,3536904
2025-02-10T23:00:00Z,0.39456,0.39495,0.39163,0.39458,4565493
2025-02-11T00:00:00Z,0.39457,0.40097,0.39251,0.39909,7824085
2025-02-11T01:00:00Z,0.39905,0.40228,0.39752,0.39973,5327492
2025-02-11T02:00:00Z,0.39973,0.40031,0.39481,0.39811,5588751
2025-02-11T03:00:00Z,0.39807,0.40055,0.39609,0.40000,3709640
2025-02-11T04:00:00Z,0.40001,0.41110,0.39887,0.41038,11968445
2025-02-11T05:00:00Z,0.41038,0.41521,0.40851,0.41423,7824640
2025-02-11T06:00:00Z,0.41424,0.41679,0.41088,0.41587,5390118
2025-02-11T07:00:00Z,0.41588,0.41602,0.41039,0.41155,4675949
2025-02-11T08:00:00Z,0.41155,0.41364,0.41051,0.41243,5553365
2025-02-11T09:00:00Z,0.41244,0.41337,0.40510,0.40614,6845263
2025-02-11T10:00:00Z,0.40612,0.40645,0.40260,0.40405,4545828
2025-02-11T11:00:00Z,0.40407,0.40712,0.40301,0.40666,7032256
2025-02-11T12:00:00Z,0.40666,0.40750,0.40197,0.40412,6040496
2025-02-11T13:00:00Z,0.40413,0.40556,0.39191,0.39285,12216604
2025-02-11T14:00:00Z,0.39285,0.39931,0.39176,0.39836,9846601
2025-02-11T15:00:00Z,0.39836,0.40138,0.39579,0.39889,7262407
2025-02-11T16:00:00Z,0.39888,0.40074,0.39632,0.39703,6072323
2025-02-11T17:00:00Z,0.39702,0.39763,0.39292,0.39435,5283971
2025-02-11T18:00:00Z,0.39434,0.39453,0.38798,0.38882,7878601
2025-02-11T19:00:00Z,0.38882,0.38993,0.38368,0.38592,7395841
2025-02-11T20:00:00Z,0.38589,0.38988,0.38461,0.38754,8308397
2025-02-11T21:00:00Z,0.38753,0.39402,0.38698,0.39191,5972670
2025-02-11T22:00:00Z,0.39191,0.39563,0.38672,0.38838,5442458
2025-02-11T23:00:00Z,0.38839,0.39271,0.38826,0.39064,4393388
2025-02-12T00:00:00Z,0.39063,0.39225,0.38609,0.39062,7912456
2025-02-12T01:00:00Z,0.39062,0.39163,0.38562,0.38893,7772790
2025-02-12T02:00:00Z,0.38891,0.38910,0.38092,0.38293,5601976
2025-02-12T03:00:00Z,0.38297,0.38416,0.37928,0.38016,7858753
2025-02-12T04:00:00Z,0.38016,0.38178,0.37763,0.37929,7792155
2025-02-12T05:00:00Z,0.37931,0.38143,0.37784,0.38077,4281325
2025-02-12T06:00:00Z,0.38073,0.38143,0.37601,0.37713,5305522
2025-02-12T07:00:00Z,0.37713,0.38322,0.37640,0.38082,4963070
2025-02-12T08:00:00Z,0.38078,0.38560,0.38038,0.38336,5847194
2025-02-12T09:00:00Z,0.38336,0.38471,0.37914,0.38354,4519164
2025-02-12T10:00:00Z,0.38352,0.38462,0.38044,0.38262,2871144
2025-02-12T11:00:00Z,0.38262,0.38707,0.38160,0.38419,5028050
2025-02-12T12:00:00Z,0.38419,0.39075,0.38374,0.38455,6183394
2025-02-12T13:00:00Z,0.38458,0.39134,0.36986,0.37921,42928272
2025-02-12T14:00:00Z,0.37920,0.38198,0.37068,0.38165,17714199
2025-02-12T15:00:00Z,0.38168,0.38700,0.37479,0.38505,11821149
2025-02-12T16:00:00Z,0.38506,0.39625,0.38202,0.39526,11442847
2025-02-12T17:00:00Z,0.39525,0.40077,0.39474,0.39768,11413767
2025-02-12T18:00:00Z,0.39769,0.39955,0.39419,0.39856,5007198
2025-02-12T19:00:00Z,0.39857,0.40150,0.39439,0.40007,5511019
2025-02-12T20:00:00Z,0.40008,0.40296,0.39837,0.40080,5388685
2025-02-12T21:00:00Z,0.40082,0.40378,0.39936,0.40098,5222901
2025-02-12T22:00:00Z,0.40099,0.41061,0.40007,0.40440,6657423
2025-02-12T23:00:00Z,0.40438,0.40616,0.40262,0.40488,4516414
2025-02-13T00:00:00Z,0.40488,0.40590,0.39846,0.40153,6273226
2025-02-13T01:00:00Z,0.40151,0.40659,0.40026,0.40591,4328070
2025-02-13T02:00:00Z,0.40593,0.40603,0.40077,0.40234,3528270
2025-02-13T03:00:00Z,0.40234,0.40459,0.40144,0.40398,3032937
2025-02-13T04:00:00Z,0.40399,0.40445,0.39789,0.39938,5252439
2025-02-13T05:00:00Z,0.39938,0.40103,0.39747,0.39876,3930499
2025-02-13T06:00:00Z,0.39878,0.39920,0.39188,0.39340,6116209
2025-02-13T07:00:00Z,0.39340,0.39513,0.39134,0.39257,5483798
2025-02-13T08:00:00Z,0.39255,0.39364,0.38719,0.38878,7041774
2025-02-13T09:00:00Z,0.38878,0.39308,0.38733,0.39141,4320539
2025-02-13T10:00:00Z,0.39137,0.39279,0.39000,0.39273,3646925
2025-02-13T11:00:00Z,0.39274,0.39323,0.38774,0.39125,5372712
2025-02-13T12:00:00Z,0.39125,0.39230,0.38764,0.38872,4578610
2025-02-13T13:00:00Z,0.38872,0.39426,0.38748,0.39167,8949022
2025-02-13T14:00:00Z,0.39167,0.39199,0.38554,0.38929,9348350
2025-02-13T15:00:00Z,0.38928,0.39484,0.38672,0.39136,7187639
2025-02-13T16:00:00Z,0.39135,0.39173,0.38551,0.38720,6856831
2025-02-13T17:00:00Z,0.38718,0.39145,0.38684,0.38831,4401663
2025-02-13T18:00:00Z,0.38835,0.39053,0.38593,0.39048,3619208
2025-02-13T19:00:00Z,0.39041,0.39473,0.38873,0.39048,3308458
2025-02-13T20:00:00Z,0.39049,0.39278,0.38991,0.39146,2680848
2025-02-13T21:00:00Z,0.39145,0.39474,0.39096,0.39340,3692875
2025-02-13T22:00:00Z,0.39339,0.39655,0.39271,0.39329,4105651
2025-02-13T23:00:00Z,0.39330,0.39450,0.39160,0.39413,2789964
2025-02-14T00:00:00Z,0.39416,0.39645,0.39245,0.39504,3282920
2025-02-14T01:00:00Z,0.39502,0.39640,0.39298,0.39565,3126035
2025-02-14T02:00:00Z,0.39565,0.39984,0.39501,0.39810,3762291
2025-02-14T03:00:00Z,0.39811,0.40336,0.39799,0.40248,2251149
2025-02-14T04:00:00Z,0.40248,0.40276,0.39836,0.39906,2525755
2025-02-14T05:00:00Z,0.39904,0.40053,0.39611,0.39741,2670871
2025-02-14T06:00:00Z,0.39740,0.39792,0.39506,0.39704,2576583
2025-02-14T07:00:00Z,0.39705,0.39915,0.39664,0.39762,2515460
2025-02-14T08:00:00Z,0.39761,0.40487,0.39759,0.40168,5411357
2025-02-14T09:00:00Z,0.40170,0.40790,0.40142,0.40735,7716350
2025-02-14T10:00:00Z,0.40734,0.40831,0.40336,0.40390,5687439
2025-02-14T11:00:00Z,0.40392,0.40620,0.40089,0.40314,4641135
2025-02-14T12:00:00Z,0.40313,0.40323,0.39901,0.40039,5064477
2025-02-14T13:00:00Z,0.40040,0.40442,0.39922,0.40372,4175891
2025-02-14T14:00:00Z,0.40372,0.40978,0.40163,0.40776,7096271
2025-02-14T15:00:00Z,0.40778,0.40852,0.39961,0.40497,6749360
2025-02-14T16:00:00Z,0.40500,0.40795,0.40079,0.40752,5283519
2025-02-14T17:00:00Z,0.40750,0.41568,0.40611,0.41293,7362928
2025-02-14T18:00:00Z,0.41296,0.41578,0.41157,0.41272,7333324
2025-02-14T19:00:00Z,0.41273,0.41635,0.40885,0.41137,6220049
2025-02-14T20:00:00Z,0.41138,0.41209,0.40467,0.40582,6426380
2025-02-14T21:00:00Z,0.40584,0.40966,0.40274,0.40943,8073313
2025-02-14T22:00:00Z,0.40940,0.41022,0.39995,0.40267,5393262
2025-02-14T23:00:00Z,0.40267,0.40675,0.40158,0.40596,4037720
2025-02-15T00:00:00Z,0.40597,0.40622,0.40232,0.40520,3161960
2025-02-15T01:00:00Z,0.40519,0.40968,0.40450,0.40931,2681035
2025-02-15T02:00:00Z,0.40929,0.41122,0.40747,0.41116,2785232
2025-02-15T03:00:00Z,0.41117,0.41175,0.40923,0.40960,4092599
2025-02-15T04:00:00Z,0.40960,0.41189,0.40814,0.40910,3161352
2025-02-15T05:00:00Z,0.40909,0.41094,0.40855,0.41066,2508424
2025-02-15T06:00:00Z,0.41068,0.41079,0.40536,0.40619,2814913
2025-02-15T07:00:00Z,0.40621,0.40704,0.40264,0.40513,3161522
2025-02-15T08:00:00Z,0.40512,0.40831,0.40445,0.40707,2682946
2025-02-15T09:00:00Z,0.40706,0.40808,0.40359,0.40496,2381993
2025-02-15T10:00:00Z,0.40496,0.40571,0.40280,0.40464,2165358
2025-02-15T11:00:00Z,0.40469,0.40534,0.39941,0.40197,5479723
2025-02-15T12:00:00Z,0.40201,0.40431,0.40127,0.40358,3682175
2025-02-15T13:00:00Z,0.40360,0.40471,0.40167,0.40231,2364316
2025-02-15T14:00:00Z,0.40233,0.40249,0.39511,0.39833,8801802
2025-02-15T15:00:00Z,0.39834,0.40050,0.39690,0.39854,3278384
2025-02-15T16:00:00Z,0.39854,0.39922,0.39585,0.39681,3446969
2025-02-15T17:00:00Z,0.39681,0.39840,0.39565,0.39741,2454169
2025-02-15T18:00:00Z,0.39742,0.40049,0.39690,0.39970,2543662
2025-02-15T19:00:00Z,0.39966,0.39996,0.39603,0.39624,2366120
2025-02-15T20:00:00Z,0.39625,0.39704,0.39300,0.39505,4724909
2025-02-15T21:00:00Z,0.39511,0.39730,0.39495,0.39706,1700960
2025-02-15T22:00:00Z,0.39707,0.39769,0.39389,0.39578,1733411
2025-02-15T23:00:00Z,0.39578,0.39708,0.39494,0.39574,2141801
2025-02-16T00:00:00Z,0.39569,0.39785,0.39483,0.39545,2455562
2025-02-16T01:00:00Z,0.39545,0.39574,0.39343,0.39488,2149557
2025-02-16T02:00:00Z,0.39488,0.39563,0.39000,0.39167,5019206
2025-02-16T03:00:00Z,0.39168,0.39278,0.38929,0.39278,2995047
2025-02-16T04:00:00Z,0.39279,0.39403,0.39172,0.39343,2258976
2025-02-16T05:00:00Z,0.39341,0.39618,0.39153,0.39436,2460358
2025-02-16T06:00:00Z,0.39436,0.39550,0.39353,0.39487,3340971
2025-02-16T07:00:00Z,0.39487,0.39487,0.39039,0.39136,2748727
2025-02-16T08:00:00Z,0.39135,0.39495,0.39012,0.39489,3357312
2025-02-16T09:00:00Z,0.39489,0.40070,0.39406,0.39918,6168312
2025-02-16T10:00:00Z,0.39917,0.40103,0.39844,0.39901,3630723
2025-02-16T11:00:00Z,0.39900,0.40334,0.39841,0.40278,3586298
2025-02-16T12:00:00Z,0.40283,0.40347,0.40008,0.40035,4445689
2025-02-16T13:00:00Z,0.40041,0.40041,0.39121,0.39238,6010563
2025-02-16T14:00:00Z,0.39237,0.39443,0.38800,0.39376,6821510
2025-02-16T15:00:00Z,0.39377,0.39572,0.39236,0.39350,3326596
2025-02-16T16:00:00Z,0.39349,0.39597,0.39250,0.39427,3138561
2025-02-16T17:00:00Z,0.39428,0.39634,0.39267,0.39324,2565907
2025-02-16T18:00:00Z,0.39320,0.39320,0.38817,0.39148,5090194
2025-02-16T19:00:00Z,0.39149,0.39415,0.38995,0.39346,3130136
2025-02-16T20:00:00Z,0.39345,0.39518,0.39087,0.39088,2708090
2025-02-16T21:00:00Z,0.39087,0.39423,0.38812,0.39333,2987136
2025-02-16T22:00:00Z,0.39334,0.39354,0.38877,0.39202,2514847
2025-02-16T23:00:00Z,0.39203,0.39360,0.38795,0.39064,14062420
2025-02-17T00:00:00Z,0.39067,0.39486,0.39038,0.39477,3416829
2025-02-17T01:00:00Z,0.39481,0.39982,0.39344,0.39837,4000332
2025-02-17T02:00:00Z,0.39836,0.39957,0.39567,0.39567,3164780
2025-02-17T03:00:00Z,0.39566,0.39580,0.39175,0.39411,3437108
2025-02-17T04:00:00Z,0.39415,0.39439,0.38893,0.38921,4399352
2025-02-17T05:00:00Z,0.38917,0.39046,0.38252,0.38956,10945981
2025-02-17T06:00:00Z,0.38957,0.39382,0.38894,0.39230,4556312
2025-02-17T07:00:00Z,0.39234,0.39420,0.38688,0.38914,4549052
2025-02-17T08:00:00Z,0.38914,0.39675,0.38683,0.39555,7039285
2025-02-17T09:00:00Z,0.39555,0.40107,0.39438,0.39914,6771564
2025-02-17T10:00:00Z,0.39916,0.40541,0.39896,0.40036,7978076
2025-02-17T11:00:00Z,0.40035,0.40349,0.39856,0.40122,4322701
2025-02-17T12:00:00Z,0.40121,0.40509,0.40111,0.40376,4385800
2025-02-17T13:00:00Z,0.40375,0.40778,0.40345,0.40706,5275386
2025-02-17T14:00:00Z,0.40708,0.41118,0.40614,0.40880,12593284
2025-02-17T15:00:00Z,0.40882,0.41092,0.39697,0.39813,9276128
2025-02-17T16:00:00Z,0.39812,0.40135,0.38800,0.38895,14015550
2025-02-17T17:00:00Z,0.38899,0.39358,0.38806,0.38939,7542291
2025-02-17T18:00:00Z,0.38935,0.39018,0.38304,0.38344,11179016
2025-02-17T19:00:00Z,0.38343,0.38952,0.38161,0.38818,5894100
2025-02-17T20:00:00Z,0.38811,0.39426,0.38763,0.39182,4769553
2025-02-17T21:00:00Z,0.39180,0.39767,0.39158,0.39739,3882127
2025-02-17T22:00:00Z,0.39740,0.39783,0.39155,0.39212,3606339
2025-02-17T23:00:00Z,0.39210,0.39422,0.39014,0.39232,2274369
2025-02-18T00:00:00Z,0.39232,0.39379,0.38828,0.39018,4322781
2025-02-18T01:00:00Z,0.39021,0.39551,0.38930,0.39454,3902337
2025-02-18T02:00:00Z,0.39456,0.39580,0.39212,0.39330,2833411
2025-02-18T03:00:00Z,0.39329,0.39392,0.39065,0.39174,2780795
2025-02-18T04:00:00Z,0.39173,0.39374,0.38742,0.38822,4261968
2025-02-18T05:00:00Z,0.38822,0.38904,0.38072,0.38115,7712556
2025-02-18T06:00:00Z,0.38116,0.38154,0.37106,0.37147,13806542
2025-02-18T07:00:00Z,0.37148,0.37434,0.37001,0.37083,8142811
2025-02-18T08:00:00Z,0.37083,0.37121,0.36440,0.36503,8460989
2025-02-18T09:00:00Z,0.36503,0.37382,0.36401,0.37236,9097374
2025-02-18T10:00:00Z,0.37235,0.37308,0.36797,0.36860,6372974
2025-02-18T11:00:00Z,0.36860,0.37095,0.36682,0.36796,4641891
2025-02-18T12:00:00Z,0.36796,0.37299,0.36716,0.36950,6105866
2025-02-18T13:00:00Z,0.36945,0.37034,0.36702,0.36884,4758778
2025-02-18T14:00:00Z,0.36885,0.37419,0.36127,0.36362,14696910
2025-02-18T15:00:00Z,0.36358,0.36450,0.35241,0.35420,20392253
2025-02-18T16:00:00Z,0.35422,0.35846,0.34954,0.35001,20390175
2025-02-18T17:00:00Z,0.35003,0.35408,0.34872,0.35366,8991588
2025-02-18T18:00:00Z,0.35366,0.35652,0.35235,0.35384,8432260
2025-02-18T19:00:00Z,0.35383,0.35650,0.35158,0.35409,6338789
2025-02-18T20:00:00Z,0.35410,0.35536,0.35066,0.35230,5070323
2025-02-18T21:00:00Z,0.35234,0.35784,0.35188,0.35627,5273768
2025-02-18T22:00:00Z,0.35630,0.36176,0.35519,0.35660,8081393
2025-02-18T23:00:00Z,0.35655,0.36007,0.35612,0.36002,3757845
2025-02-19T00:00:00Z,0.36000,0.36103,0.35488,0.35540,6222271
2025-02-19T01:00:00Z,0.35541,0.35599,0.35286,0.35460,4168279
2025-02-19T02:00:00Z,0.35458,0.36183,0.35458,0.36008,5670820
2025-02-19T03:00:00Z,0.36009,0.36028,0.35700,0.35855,4144885
2025-02-19T04:00:00Z,0.35853,0.35913,0.35212,0.35212,4977499
2025-02-19T05:00:00Z,0.35215,0.35648,0.35160,0.35524,4335496
2025-02-19T06:00:00Z,0.35524,0.35933,0.35417,0.35835,5164481
2025-02-19T07:00:00Z,0.35830,0.36306,0.35780,0.36108,6990723
2025-02-19T08:00:00Z,0.36104,0.36288,0.35902,0.35928,5242798
2025-02-19T09:00:00Z,0.35929,0.36296,0.35894,0.36213,4589985
2025-02-19T10:00:00Z,0.36213,0.36521,0.36191,0.36418,4974417
2025-02-19T11:00:00Z,0.36409,0.36688,0.36338,0.36674,5029835
2025-02-19T12:00:00Z,0.36675,0.36757,0.36319,0.36325,4558321
2025-02-19T13:00:00Z,0.36326,0.36825,0.36318,0.36684,3186761
2025-02-19T14:00:00Z,0.36684,0.36949,0.35989,0.36017,8111577
2025-02-19T15:00:00Z,0.36017,0.36409,0.35871,0.36115,8200598
2025-02-19T16:00:00Z,0.36110,0.36603,0.36054,0.36361,4040121
2025-02-19T17:00:00Z,0.36364,0.36595,0.36139,0.36350,4695264
2025-02-19T18:00:00Z,0.36351,0.36436,0.36025,0.36038,4529816
2025-02-19T19:00:00Z,0.36039,0.36457,0.35911,0.36162,4342903
2025-02-19T20:00:00Z,0.36162,0.36408,0.36024,0.36053,3758736
2025-02-19T21:00:00Z,0.36053,0.36287,0.35840,0.35946,2994221
2025-02-19T22:00:00Z,0.35945,0.36322,0.35850,0.36255,2774124
2025-02-19T23:00:00Z,0.36256,0.36569,0.36250,0.36417,3823894
2025-02-20T00:00:00Z,0.36417,0.36870,0.36282,0.36794,4769583
2025-02-20T01:00:00Z,0.36793,0.36980,0.36228,0.36406,6043208
2025-02-20T02:00:00Z,0.36407,0.36970,0.36367,0.36883,3907686
2025-02-20T03:00:00Z,0.36880,0.37093,0.36708,0.36990,3923690
2025-02-20T04:00:00Z,0.36988,0.37609,0.36975,0.37321,9003055
2025-02-20T05:00:00Z,0.37318,0.37364,0.36967,0.36982,3341899
2025-02-20T06:00:00Z,0.36987,0.37109,0.36857,0.36976,2983363
2025-02-20T07:00:00Z,0.36977,0.37032,0.36681,0.36695,2651817
2025-02-20T08:00:00Z,0.36694,0.36993,0.36649,0.36905,2328232
2025-02-20T09:00:00Z,0.36909,0.36926,0.36630,0.36753,2773068
2025-02-20T10:00:00Z,0.36752,0.37282,0.36664,0.37249,3129033
2025-02-20T11:00:00Z,0.37249,0.37255,0.36904,0.36975,3250774
2025-02-20T12:00:00Z,0.36975,0.37180,0.36840,0.36883,2908727
2025-02-20T13:00:00Z,0.36890,0.37014,0.36663,0.36928,3482092
2025-02-20T14:00:00Z,0.36928,0.37391,0.36533,0.36585,7473737
2025-02-20T15:00:00Z,0.36586,0.36766,0.36255,0.36295,6647426
2025-02-20T16:00:00Z,0.36296,0.36817,0.36250,0.36507,4825207
2025-02-20T17:00:00Z,0.36505,0.37038,0.36485,0.37027,3280789
2025-02-20T18:00:00Z,0.37026,0.37462,0.36986,0.37123,5174645
2025-02-20T19:00:00Z,0.37122,0.37345,0.36999,0.37248,3269175
2025-02-20T20:00:00Z,0.37244,0.37440,0.37136,0.37356,4333598
2025-02-20T21:00:00Z,0.37358,0.37393,0.37026,0.37102,2648825
2025-02-20T22:00:00Z,0.37100,0.37379,0.37069,0.37244,2843799
2025-02-20T23:00:00Z,0.37244,0.37628,0.37193,0.37409,2849414
2025-02-21T00:00:00Z,0.37409,0.37459,0.37027,0.37153,5272197
2025-02-21T01:00:00Z,0.37153,0.37218,0.36848,0.37142,3780958
2025-02-21T02:00:00Z,0.37142,0.37238,0.36747,0.36856,3399406
2025-02-21T03:00:00Z,0.36856,0.37167,0.36847,0.37008,2510083
2025-02-21T04:00:00Z,0.37009,0.37396,0.37004,0.37341,3816603
2025-02-21T05:00:00Z,0.37341,0.37435,0.37162,0.37365,4076377
2025-02-21T06:00:00Z,0.37366,0.37837,0.37289,0.37778,6636257
2025-02-21T07:00:00Z,0.37782,0.38032,0.37705,0.37822,5654505
2025-02-21T08:00:00Z,0.37822,0.38177,0.37760,0.38128,4534894
2025-02-21T09:00:00Z,0.38130,0.39174,0.38098,0.38775,13802359
2025-02-21T10:00:00Z,0.38776,0.39020,0.38696,0.38836,6836694
2025-02-21T11:00:00Z,0.38833,0.38877,0.38405,0.38432,4700626
2025-02-21T12:00:00Z,0.38430,0.38965,0.38360,0.38839,7111272
2025-02-21T13:00:00Z,0.38840,0.39147,0.38678,0.39036,8642155
2025-02-21T14:00:00Z,0.39035,0.39107,0.38307,0.38683,9144870
2025-02-21T15:00:00Z,0.38684,0.38952,0.36822,0.37403,26607003
2025-02-21T16:00:00Z,0.37402,0.37938,0.37107,0.37325,12328475
2025-02-21T17:00:00Z,0.37324,0.37456,0.35822,0.35874,16487581
2025-02-21T18:00:00Z,0.35874,0.36049,0.35446,0.35880,15795675
2025-02-21T19:00:00Z,0.35876,0.35937,0.34321,0.34642,19257611
2025-02-21T20:00:00Z,0.34643,0.35085,0.34520,0.34620,9604237
2025-02-21T21:00:00Z,0.34618,0.34784,0.34306,0.34621,8078283
2025-02-21T22:00:00Z,0.34620,0.35000,0.34516,0.34938,5407651
2025-02-21T23:00:00Z,0.34935,0.35043,0.34675,0.34887,5145313
2025-02-22T00:00:00Z,0.34886,0.35532,0.34788,0.35441,8588148
2025-02-22T01:00:00Z,0.35438,0.35696,0.35307,0.35471,5846219
2025-02-22T02:00:00Z,0.35472,0.35508,0.35090,0.35175,4007789
2025-02-22T03:00:00Z,0.35176,0.35270,0.34884,0.35240,4311273
2025-02-22T04:00:00Z,0.35238,0.35610,0.35163,0.35497,4138593
2025-02-22T05:00:00Z,0.35499,0.35526,0.35323,0.35369,3023005
2025-02-22T06:00:00Z,0.35370,0.35422,0.35112,0.35193,4141650
2025-02-22T07:00:00Z,0.35192,0.35400,0.35128,0.35157,3370884
2025-02-22T08:00:00Z,0.35156,0.35452,0.35141,0.35234,4051842
2025-02-22T09:00:00Z,0.35235,0.35491,0.35234,0.35482,3549374
2025-02-22T10:00:00Z,0.35482,0.35783,0.35430,0.35482,4769270
2025-02-22T11:00:00Z,0.35478,0.35735,0.35430,0.35656,4130763
2025-02-22T12:00:00Z,0.35656,0.36061,0.35520,0.35963,21923360
2025-02-22T13:00:00Z,0.35963,0.36117,0.35575,0.35608,5425505
2025-02-22T14:00:00Z,0.35611,0.35711,0.35515,0.35540,3437829
2025-02-22T15:00:00Z,0.35540,0.35973,0.35485,0.35841,4695576
2025-02-22T16:00:00Z,0.35838,0.36084,0.35704,0.35743,5915389
2025-02-22T17:00:00Z,0.35748,0.36077,0.35658,0.36024,4838515
2025-02-22T18:00:00Z,0.36016,0.36171,0.35861,0.35988,3851991
2025-02-22T19:00:00Z,0.35987,0.36053,0.35844,0.35905,2614691
2025-02-22T20:00:00Z,0.35903,0.35921,0.35469,0.35631,4684991
2025-02-22T21:00:00Z,0.35631,0.35724,0.35564,0.35657,2281658
2025-02-22T22:00:00Z,0.35657,0.35842,0.35613,0.35641,3025326
2025-02-22T23:00:00Z,0.35643,0.35684,0.35457,0.35567,2662734
2025-02-23T00:00:00Z,0.35567,0.35722,0.35404,0.35679,3768302
2025-02-23T01:00:00Z,0.35680,0.35705,0.35301,0.35432,3432520
2025-02-23T02:00:00Z,0.35431,0.35456,0.35182,0.35209,3612422
2025-02-23T03:00:00Z,0.35210,0.35451,0.35063,0.35318,4807435
2025-02-23T04:00:00Z,0.35319,0.35338,0.35105,0.35281,3116140
2025-02-23T05:00:00Z,0.35279,0.35574,0.35253,0.35411,3677233
2025-02-23T06:00:00Z,0.35410,0.35536,0.35269,0.35487,3239532
2025-02-23T07:00:00Z,0.35489,0.35983,0.35433,0.35921,4548927
2025-02-23T08:00:00Z,0.35925,0.35925,0.35632,0.35719,4116082
2025-02-23T09:00:00Z,0.35719,0.35766,0.35376,0.35455,3621275
2025-02-23T10:00:00Z,0.35454,0.35497,0.35300,0.35446,3674584
2025-02-23T11:00:00Z,0.35447,0.35582,0.35213,0.35274,5383170
2025-02-23T12:00:00Z,0.35278,0.35401,0.34921,0.35076,6425883
2025-02-23T13:00:00Z,0.35080,0.35388,0.35072,0.35341,3524325
2025-02-23T14:00:00Z,0.35341,0.35399,0.34991,0.35060,3173260
2025-02-23T15:00:00Z,0.35062,0.35264,0.34679,0.34716,7895432
2025-02-23T16:00:00Z,0.34718,0.35017,0.34692,0.34820,5353878
2025-02-23T17:00:00Z,0.34824,0.35039,0.34822,0.34909,4258716
2025-02-23T18:00:00Z,0.34909,0.35083,0.34797,0.34802,3394216
2025-02-23T19:00:00Z,0.34802,0.34870,0.34717,0.34746,3771121
2025-02-23T20:00:00Z,0.34745,0.34804,0.34500,0.34742,4488628
2025-02-23T21:00:00Z,0.34745,0.34954,0.34662,0.34939,2713765
2025-02-23T22:00:00Z,0.34939,0.35099,0.34686,0.34906,4510194
2025-02-23T23:00:00Z,0.34904,0.35335,0.34867,0.35167,5014037
2025-02-24T00:00:00Z,0.35165,0.35363,0.34957,0.34987,5242475
2025-02-24T01:00:00Z,0.34988,0.35059,0.34203,0.34365,9133158
2025-02-24T02:00:00Z,0.34362,0.34587,0.34000,0.34139,8868599
2025-02-24T03:00:00Z,0.34138,0.34140,0.33268,0.33462,14344552
2025-02-24T04:00:00Z,0.33466,0.33532,0.32866,0.33341,11708221
2025-02-24T05:00:00Z,0.33337,0.33739,0.33230,0.33632,6002354
2025-02-24T06:00:00Z,0.33632,0.33785,0.33487,0.33714,4692461
2025-02-24T07:00:00Z,0.33715,0.33961,0.33643,0.33685,4055309
2025-02-24T08:00:00Z,0.33690,0.33719,0.32743,0.33010,14479294
2025-02-24T09:00:00Z,0.33011,0.33663,0.32979,0.33263,9590995
2025-02-24T10:00:00Z,0.33264,0.33347,0.32717,0.33035,7011339
2025-02-24T11:00:00Z,0.33035,0.33459,0.32856,0.33363,9924378
2025-02-24T12:00:00Z,0.33364,0.33500,0.33138,0.33345,5533859
2025-02-24T13:00:00Z,0.33345,0.33701,0.33100,0.33299,10013663
2025-02-24T14:00:00Z,0.33299,0.33400,0.32406,0.32526,16512254
2025-02-24T15:00:00Z,0.32526,0.32965,0.32323,0.32690,16538174
2025-02-24T16:00:00Z,0.32691,0.32943,0.32490,0.32542,7998959
2025-02-24T17:00:00Z,0.32542,0.33104,0.32484,0.32849,6034760
2025-02-24T18:00:00Z,0.32853,0.32973,0.32635,0.32696,4875601
2025-02-24T19:00:00Z,0.32696,0.32858,0.31805,0.32228,14918698
2025-02-24T20:00:00Z,0.32229,0.32737,0.32085,0.32340,8317562
2025-02-24T21:00:00Z,0.32336,0.32568,0.31959,0.31968,8394228
2025-02-24T22:00:00Z,0.31967,0.31973,0.29718,0.30160,58175981
2025-02-24T23:00:00Z,0.30161,0.30960,0.30148,0.30482,13092766
2025-02-25T00:00:00Z,0.30483,0.30783,0.29243,0.30271,26258006
2025-02-25T01:00:00Z,0.30272,0.30712,0.29608,0.30257,20002469
2025-02-25T02:00:00Z,0.30257,0.30697,0.29880,0.30444,12602675
2025-02-25T03:00:00Z,0.30443,0.30461,0.29768,0.29815,12314514
2025-02-25T04:00:00Z,0.29816,0.29940,0.29287,0.29409,18759344
2025-02-25T05:00:00Z,0.29408,0.29980,0.29166,0.29901,12780470
2025-02-25T06:00:00Z,0.29901,0.29971,0.29217,0.29231,11517606
2025-02-25T07:00:00Z,0.29232,0.29319,0.27933,0.28805,82012469
2025-02-25T08:00:00Z,0.28807,0.29594,0.28682,0.29186,18663460
2025-02-25T09:00:00Z,0.29189,0.29294,0.28636,0.28780,14242363
2025-02-25T10:00:00Z,0.28775,0.29458,0.28268,0.29204,25339149
2025-02-25T11:00:00Z,0.29204,0.29998,0.28615,0.29857,18394206
2025-02-25T12:00:00Z,0.29858,0.30173,0.29561,0.29999,14870641
2025-02-25T13:00:00Z,0.30000,0.30307,0.29642,0.29737,9885605
2025-02-25T14:00:00Z,0.29735,0.29987,0.29087,0.29336,13748467
2025-02-25T15:00:00Z,0.29335,0.30249,0.29065,0.30038,22577756
2025-02-25T16:00:00Z,0.30038,0.30523,0.29613,0.30203,13299356
2025-02-25T17:00:00Z,0.30200,0.30575,0.30034,0.30295,8506219
2025-02-25T18:00:00Z,0.30295,0.30557,0.29945,0.30219,8427801
2025-02-25T19:00:00Z,0.30223,0.30822,0.29929,0.30803,9231208
2025-02-25T20:00:00Z,0.30803,0.31277,0.30607,0.30877,11894878
2025-02-25T21:00:00Z,0.30877,0.31114,0.30663,0.31036,6116573
2025-02-25T22:00:00Z,0.31043,0.31258,0.30628,0.30846,6684236
2025-02-25T23:00:00Z,0.30846,0.30996,0.30606,0.30738,6003470
2025-02-26T00:00:00Z,0.30739,0.30812,0.30410,0.30410,7663741
2025-02-26T01:00:00Z,0.30410,0.30760,0.30401,0.30669,6621137
2025-02-26T02:00:00Z,0.30669,0.31079,0.30444,0.30986,8264676
2025-02-26T03:00:00Z,0.30984,0.31191,0.30874,0.30896,8782560
2025-02-26T04:00:00Z,0.30895,0.31237,0.30855,0.30883,6094478
2025-02-26T05:00:00Z,0.30883,0.30994,0.30709,0.30720,5123218
2025-02-26T06:00:00Z,0.30719,0.31087,0.30702,0.31072,5191259
2025-02-26T07:00:00Z,0.31071,0.31120,0.30599,0.30840,5983272
2025-02-26T08:00:00Z,0.30837,0.30919,0.30534,0.30756,7726749
2025-02-26T09:00:00Z,0.30756,0.31243,0.30706,0.31183,5683272
2025-02-26T10:00:00Z,0.31181,0.31393,0.31024,0.31344,5142019
2025-02-26T11:00:00Z,0.31343,0.31418,0.30912,0.30983,5098363
2025-02-26T12:00:00Z,0.30984,0.31092,0.30344,0.30573,9781903
2025-02-26T13:00:00Z,0.30573,0.30775,0.30379,0.30424,7388540
2025-02-26T14:00:00Z,0.30424,0.31039,0.30011,0.31014,16323360
2025-02-26T15:00:00Z,0.31019,0.31564,0.30998,0.31140,12268035
2025-02-26T16:00:00Z,0.31140,0.31229,0.30655,0.30941,8101474
2025-02-26T17:00:00Z,0.30942,0.31073,0.30014,0.30174,10774410
2025-02-26T18:00:00Z,0.30170,0.30424,0.29490,0.29643,26712279
2025-02-26T19:00:00Z,0.29642,0.30189,0.29536,0.29963,10755766
2025-02-26T20:00:00Z,0.29965,0.30884,0.29651,0.30766,15396248
2025-02-26T21:00:00Z,0.30765,0.31082,0.30534,0.30963,10863967
2025-02-26T22:00:00Z,0.30969,0.31383,0.30863,0.30952,7427026
2025-02-26T23:00:00Z,0.30950,0.31108,0.30680,0.30896,6579285
2025-02-27T00:00:00Z,0.30899,0.31074,0.30553,0.30852,7737694
2025-02-27T01:00:00Z,0.30851,0.31365,0.30647,0.31125,7535068
2025-02-27T02:00:00Z,0.31126,0.31570,0.31065,0.31223,6326895
2025-02-27T03:00:00Z,0.31223,0.31639,0.31139,0.31561,4952605
2025-02-27T04:00:00Z,0.31559,0.31663,0.31185,0.31375,6883597
2025-02-27T05:00:00Z,0.31374,0.31851,0.31310,0.31775,6231843
2025-02-27T06:00:00Z,0.31776,0.32202,0.31726,0.32023,8451389
2025-02-27T07:00:00Z,0.32026,0.32409,0.31971,0.32145,6268202
2025-02-27T08:00:00Z,0.32148,0.32390,0.32037,0.32196,5902848
2025-02-27T09:00:00Z,0.32189,0.32467,0.32100,0.32282,4323897
2025-02-27T10:00:00Z,0.32282,0.32853,0.32182,0.32758,9506942
2025-02-27T11:00:00Z,0.32757,0.32785,0.32239,0.32325,8545443
2025-02-27T12:00:00Z,0.32324,0.32378,0.32023,0.32044,6980220
2025-02-27T13:00:00Z,0.32042,0.32283,0.31892,0.32110,8663065
2025-02-27T14:00:00Z,0.32107,0.32239,0.31638,0.31670,9789124
2025-02-27T15:00:00Z,0.31667,0.31963,0.31389,0.31786,9311160
2025-02-27T16:00:00Z,0.31787,0.31919,0.31344,0.31384,5919498
2025-02-27T17:00:00Z,0.31385,0.31707,0.31247,0.31534,5710787
2025-02-27T18:00:00Z,0.31533,0.31697,0.31457,0.31487,3567703
2025-02-27T19:00:00Z,0.31488,0.31511,0.31017,0.31160,5786809
2025-02-27T20:00:00Z,0.31161,0.31186,0.30618,0.30894,10850311
2025-02-27T21:00:00Z,0.30894,0.31246,0.30598,0.31217,6346591
2025-02-27T22:00:00Z,0.31217,0.31455,0.30963,0.31424,4096391
2025-02-27T23:00:00Z,0.31422,0.31486,0.31229,0.31308,4404083
2025-02-28T00:00:00Z,0.31311,0.31432,0.31049,0.31056,4422180
2025-02-28T01:00:00Z,0.31055,0.31170,0.29737,0.29802,40287261
2025-02-28T02:00:00Z,0.29802,0.30170,0.29130,0.29621,40743556
2025-02-28T03:00:00Z,0.29621,0.29976,0.29131,0.29210,12561173
2025-02-28T04:00:00Z,0.29211,0.29525,0.28842,0.29309,22361145
2025-02-28T05:00:00Z,0.29309,0.29436,0.28917,0.29260,8547453
2025-02-28T06:00:00Z,0.29261,0.29400,0.28716,0.29032,11153976
2025-02-28T07:00:00Z,0.29031,0.29441,0.28875,0.29034,7958198
2025-02-28T08:00:00Z,0.29034,0.29231,0.28570,0.29199,11747700
2025-02-28T09:00:00Z,0.29198,0.29829,0.29146,0.29741,9585156
2025-02-28T10:00:00Z,0.29741,0.29791,0.29352,0.29392,4700056
2025-02-28T11:00:00Z,0.29390,0.29833,0.29349,0.29558,5433836
2025-02-28T12:00:00Z,0.29558,0.29757,0.29365,0.29696,6828415
2025-02-28T13:00:00Z,0.29698,0.30562,0.29675,0.30400,15269770
2025-02-28T14:00:00Z,0.30401,0.31195,0.30389,0.30827,19800767
2025-02-28T15:00:00Z,0.30826,0.31641,0.30778,0.31548,10675162
2025-02-28T16:00:00Z,0.31547,0.31811,0.31266,0.31663,8128716
2025-02-28T17:00:00Z,0.31661,0.31873,0.31449,0.31577,6385856
2025-02-28T18:00:00Z,0.31578,0.32407,0.31574,0.32099,9202787
2025-02-28T19:00:00Z,0.32098,0.32226,0.31957,0.32030,3310679
2025-02-28T20:00:00Z,0.32029,0.32139,0.31768,0.32045,4508131
2025-02-28T21:00:00Z,0.32044,0.32188,0.31868,0.31991,3500279
2025-02-28T22:00:00Z,0.31990,0.32131,0.31754,0.31873,3401844
2025-02-28T23:00:00Z,0.31873,0.32042,0.31820,0.31869,2780970
2025-03-01T00:00:00Z,0.31870,0.31937,0.31444,0.31493,6341302
2025-03-01T01:00:00Z,0.31494,0.32093,0.31494,0.32009,4221150
2025-03-01T02:00:00Z,0.32009,0.32192,0.31835,0.31957,6001961
2025-03-01T03:00:00Z,0.31958,0.32124,0.31868,0.31966,3357175
2025-03-01T04:00:00Z,0.31966,0.32275,0.31928,0.32090,5557343
2025-03-01T05:00:00Z,0.32091,0.32091,0.31802,0.31838,3813721
2025-03-01T06:00:00Z,0.31839,0.31935,0.31631,0.31752,4450072
2025-03-01T07:00:00Z,0.31751,0.31752,0.31406,0.31516,4983664
2025-03-01T08:00:00Z,0.31517,0.31742,0.31440,0.31583,5464705
2025-03-01T09:00:00Z,0.31580,0.31774,0.31317,0.31484,4091944
2025-03-01T10:00:00Z,0.31483,0.31507,0.31122,0.31186,5504123
2025-03-01T11:00:00Z,0.31189,0.31227,0.30926,0.31090,5185904
2025-03-01T12:00:00Z,0.31091,0.31226,0.30978,0.31145,4074350
2025-03-01T13:00:00Z,0.31150,0.31221,0.30602,0.30746,5368011
2025-03-01T14:00:00Z,0.30747,0.31114,0.30695,0.30975,4635829
2025-03-01T15:00:00Z,0.30974,0.31172,0.30822,0.31053,3376039
2025-03-01T16:00:00Z,0.31056,0.31243,0.30927,0.31223,4655470
2025-03-01T17:00:00Z,0.31224,0.31266,0.31028,0.31172,2928028
2025-03-01T18:00:00Z,0.31170,0.31274,0.31058,0.31173,2699348
2025-03-01T19:00:00Z,0.31170,0.31406,0.31136,0.31318,2775360
2025-03-01T20:00:00Z,0.31315,0.31353,0.31154,0.31281,1928946
2025-03-01T21:00:00Z,0.31279,0.31839,0.31199,0.31802,4521338
2025-03-01T22:00:00Z,0.31805,0.32059,0.31586,0.31784,5849224
2025-03-01T23:00:00Z,0.31780,0.31850,0.31506,0.31794,3394175
2025-03-02T00:00:00Z,0.31796,0.31893,0.31449,0.31761,4260170
2025-03-02T01:00:00Z,0.31761,0.31966,0.31607,0.31775,2645537
2025-03-02T02:00:00Z,0.31776,0.31936,0.31558,0.31758,3413634
2025-03-02T03:00:00Z,0.31761,0.31922,0.31667,0.31731,2562043
2025-03-02T04:00:00Z,0.31731,0.31822,0.31623,0.31671,2583669
2025-03-02T05:00:00Z,0.31669,0.31860,0.31600,0.31710,2104293
2025-03-02T06:00:00Z,0.31711,0.31912,0.31470,0.31681,5232864
2025-03-02T07:00:00Z,0.31681,0.31750,0.31551,0.31568,2198599
2025-03-02T08:00:00Z,0.31574,0.31689,0.31454,0.31611,2651445
2025-03-02T09:00:00Z,0.31609,0.32011,0.31596,0.31837,3621817
2025-03-02T10:00:00Z,0.31838,0.31986,0.31803,0.31878,2838922
2025-03-02T11:00:00Z,0.31877,0.31933,0.31786,0.31886,2601323
2025-03-02T12:00:00Z,0.31887,0.31896,0.31696,0.31835,3005410
2025-03-02T13:00:00Z,0.31834,0.31853,0.31576,0.31720,3749165
2025-03-02T14:00:00Z,0.31719,0.31788,0.31205,0.31310,6337416
2025-03-02T15:00:00Z,0.31310,0.33498,0.31167,0.32444,49172842
2025-03-02T16:00:00Z,0.32445,0.35177,0.32411,0.34860,64072153
2025-03-02T17:00:00Z,0.34865,0.35882,0.34415,0.35350,30581861
2025-03-02T18:00:00Z,0.35351,0.35485,0.34494,0.34794,15284828
2025-03-02T19:00:00Z,0.34796,0.35877,0.34796,0.35766,8165119
2025-03-02T20:00:00Z,0.35766,0.36312,0.35685,0.36220,10694995
2025-03-02T21:00:00Z,0.36225,0.36556,0.35988,0.36453,8623734
2025-03-02T22:00:00Z,0.36452,0.36617,0.36081,0.36513,5696616
2025-03-02T23:00:00Z,0.36512,0.36714,0.36223,0.36266,8147146
2025-03-03T00:00:00Z,0.36265,0.36764,0.35691,0.36172,17690742
2025-03-03T01:00:00Z,0.36171,0.36414,0.35448,0.35459,9249484
2025-03-03T02:00:00Z,0.35456,0.35499,0.34746,0.35140,9575758
2025-03-03T03:00:00Z,0.35137,0.35277,0.34710,0.35025,5073395
2025-03-03T04:00:00Z,0.35024,0.35184,0.34897,0.35101,2775130
2025-03-03T05:00:00Z,0.35101,0.35241,0.34992,0.35108,3268320
2025-03-03T06:00:00Z,0.35109,0.35112,0.33428,0.33693,12670112
2025-03-03T07:00:00Z,0.33695,0.34171,0.33315,0.34073,9973768
2025-03-03T08:00:00Z,0.34076,0.34120,0.33029,0.33255,9681020
2025-03-03T09:00:00Z,0.33257,0.33413,0.32807,0.33212,10094622
2025-03-03T10:00:00Z,0.33210,0.33600,0.33037,0.33369,7174992
2025-03-03T11:00:00Z,0.33364,0.33466,0.33100,0.33376,6358224
2025-03-03T12:00:00Z,0.33373,0.33728,0.33214,0.33528,8339692
2025-03-03T13:00:00Z,0.33529,0.34130,0.33457,0.34076,8609314
2025-03-03T14:00:00Z,0.34077,0.34115,0.32370,0.32466,25934559
2025-03-03T15:00:00Z,0.32475,0.33252,0.32423,0.32688,20747417
2025-03-03T16:00:00Z,0.32694,0.33081,0.32480,0.32664,11985522
2025-03-03T17:00:00Z,0.32657,0.32941,0.32400,0.32528,7514549
2025-03-03T18:00:00Z,0.32529,0.32586,0.31037,0.31258,31786842
2025-03-03T19:00:00Z,0.31256,0.31544,0.30024,0.30208,42233893
2025-03-03T20:00:00Z,0.30211,0.30599,0.29867,0.30390,18689390
2025-03-03T21:00:00Z,0.30389,0.30534,0.29594,0.29702,10583797
2025-03-03T22:00:00Z,0.29704,0.30405,0.29693,0.30237,10201288
2025-03-03T23:00:00Z,0.30237,0.30311,0.29970,0.30068,5590613
2025-03-04T00:00:00Z,0.30067,0.30567,0.29868,0.29896,13613153
2025-03-04T01:00:00Z,0.29897,0.30011,0.28260,0.28666,26853913
2025-03-04T02:00:00Z,0.28667,0.29203,0.27930,0.28984,21941585
2025-03-04T03:00:00Z,0.28986,0.29410,0.28809,0.29097,8408666
2025-03-04T04:00:00Z,0.29098,0.29364,0.28976,0.29052,6857573
2025-03-04T05:00:00Z,0.29053,0.29588,0.28990,0.29400,9439311
2025-03-04T06:00:00Z,0.29399,0.29445,0.29089,0.29153,5963827
2025-03-04T07:00:00Z,0.29152,0.29360,0.28957,0.29132,6653560
2025-03-04T08:00:00Z,0.29130,0.29423,0.28912,0.29248,7121430
2025-03-04T09:00:00Z,0.29250,0.29353,0.28880,0.29030,7991316
2025-03-04T10:00:00Z,0.29032,0.29353,0.28993,0.29261,7209048
2025-03-04T11:00:00Z,0.29263,0.29531,0.29163,0.29238,5541385
2025-03-04T12:00:00Z,0.29237,0.29337,0.28873,0.29113,6462852
2025-03-04T13:00:00Z,0.29112,0.29112,0.28396,0.28503,11111806
2025-03-04T14:00:00Z,0.28504,0.30057,0.28400,0.28797,26814653
2025-03-04T15:00:00Z,0.28807,0.29277,0.28276,0.29204,17640066
2025-03-04T16:00:00Z,0.29205,0.29292,0.27534,0.28846,24783679
2025-03-04T17:00:00Z,0.28847,0.29732,0.28812,0.29474,14258032
2025-03-04T18:00:00Z,0.29472,0.30004,0.29320,0.29919,8172143
2025-03-04T19:00:00Z,0.29918,0.30266,0.29795,0.30214,12069774
2025-03-04T20:00:00Z,0.30213,0.30460,0.29756,0.29807,8668590
2025-03-04T21:00:00Z,0.29808,0.30743,0.29738,0.30334,9733776
2025-03-04T22:00:00Z,0.30337,0.30537,0.30208,0.30224,4065059
2025-03-04T23:00:00Z,0.30219,0.30359,0.30039,0.30164,4798197
2025-03-05T00:00:00Z,0.30165,0.30316,0.29907,0.30013,6552700
2025-03-05T01:00:00Z,0.30012,0.30336,0.29815,0.30336,5315338
2025-03-05T02:00:00Z,0.30330,0.30541,0.30083,0.30315,6459732
2025-03-05T03:00:00Z,0.30314,0.30436,0.29854,0.29870,5121294
2025-03-05T04:00:00Z,0.29870,0.30113,0.29859,0.30022,4513819
2025-03-05T05:00:00Z,0.30022,0.30057,0.29832,0.29889,2815286
2025-03-05T06:00:00Z,0.29889,0.30253,0.29764,0.30217,15154575
2025-03-05T07:00:00Z,0.30218,0.30339,0.30050,0.30262,4154898
2025-03-05T08:00:00Z,0.30262,0.30658,0.30192,0.30532,5772327
2025-03-05T09:00:00Z,0.30531,0.31039,0.30478,0.30873,8103172
2025-03-05T10:00:00Z,0.30870,0.31486,0.30809,0.31126,9767731
2025-03-05T11:00:00Z,0.31126,0.31243,0.30730,0.30800,7468420
2025-03-05T12:00:00Z,0.30800,0.31200,0.30739,0.30890,5299744
2025-03-05T13:00:00Z,0.30890,0.31014,0.30538,0.30692,7034593
2025-03-05T14:00:00Z,0.30692,0.30795,0.30351,0.30458,8291520
2025-03-05T15:00:00Z,0.30457,0.30841,0.30325,0.30529,10276400
2025-03-05T16:00:00Z,0.30527,0.30761,0.30152,0.30632,8986307
2025-03-05T17:00:00Z,0.30631,0.31122,0.30601,0.30893,7797279
2025-03-05T18:00:00Z,0.30895,0.31106,0.30747,0.31072,6062254
2025-03-05T19:00:00Z,0.31066,0.31327,0.31018,0.31234,4398820
2025-03-05T20:00:00Z,0.31233,0.31578,0.31226,0.31382,5074537
2025-03-05T21:00:00Z,0.31382,0.31543,0.31273,0.31356,3584900
2025-03-05T22:00:00Z,0.31355,0.31461,0.31238,0.31347,4246486
2025-03-05T23:00:00Z,0.31347,0.31440,0.31122,0.31258,5041130
2025-03-06T00:00:00Z,0.31257,0.31319,0.30915,0.30952,4691909
2025-03-06T01:00:00Z,0.30957,0.31684,0.30861,0.31358,7077772
2025-03-06T02:00:00Z,0.31358,0.31598,0.31261,0.31517,5477977
2025-03-06T03:00:00Z,0.31518,0.31873,0.31454,0.31840,6020728
2025-03-06T04:00:00Z,0.31839,0.32373,0.31725,0.32302,6692509
2025-03-06T05:00:00Z,0.32304,0.32607,0.32251,0.32346,7348540
2025-03-06T06:00:00Z,0.32349,0.32372,0.31879,0.31900,4727726
2025-03-06T07:00:00Z,0.31900,0.31962,0.31611,0.31703,3483672
2025-03-06T08:00:00Z,0.31706,0.32329,0.31705,0.32196,6010506
2025-03-06T09:00:00Z,0.32194,0.32201,0.31750,0.31865,7010429
2025-03-06T10:00:00Z,0.31867,0.32336,0.31782,0.32241,4926902
2025-03-06T11:00:00Z,0.32241,0.32321,0.32087,0.32124,3695396
2025-03-06T12:00:00Z,0.32124,0.32196,0.31748,0.31896,6400347
2025-03-06T13:00:00Z,0.31895,0.31983,0.31604,0.31636,5680552
2025-03-06T14:00:00Z,0.31634,0.31954,0.31332,0.31590,8677274
2025-03-06T15:00:00Z,0.31590,0.32226,0.31536,0.32033,7798915
2025-03-06T16:00:00Z,0.32033,0.32159,0.31381,0.31413,7306090
2025-03-06T17:00:00Z,0.31414,0.31451,0.30862,0.31068,9250723
2025-03-06T18:00:00Z,0.31067,0.31192,0.30800,0.30958,5586393
2025-03-06T19:00:00Z,0.30958,0.31276,0.30696,0.30952,5308854
2025-03-06T20:00:00Z,0.30955,0.31226,0.30913,0.31058,3250112
2025-03-06T21:00:00Z,0.31058,0.31236,0.30800,0.30961,4589239
2025-03-06T22:00:00Z,0.30964,0.31393,0.30920,0.31010,6116559
2025-03-06T23:00:00Z,0.31010,0.31083,0.30742,0.30762,4063509
2025-03-07T00:00:00Z,0.30762,0.31075,0.29187,0.29347,37246568
2025-03-07T01:00:00Z,0.29346,0.30577,0.29198,0.30403,11576960
2025-03-07T02:00:00Z,0.30405,0.30870,0.30286,0.30518,7802617
2025-03-07T03:00:00Z,0.30518,0.30666,0.30368,0.30380,3878391
2025-03-07T04:00:00Z,0.30381,0.30642,0.30297,0.30403,4247548
2025-03-07T05:00:00Z,0.30403,0.30785,0.30365,0.30631,4405541
2025-03-07T06:00:00Z,0.30633,0.30778,0.30444,0.30680,3604643
2025-03-07T07:00:00Z,0.30678,0.30915,0.30617,0.30906,4032727
2025-03-07T08:00:00Z,0.30907,0.31024,0.30667,0.30965,5181842
2025-03-07T09:00:00Z,0.30965,0.31897,0.30940,0.31467,12026340
2025-03-07T10:00:00Z,0.31468,0.31606,0.31318,0.31582,4968497
2025-03-07T11:00:00Z,0.31580,0.31785,0.31544,0.31607,3809664
2025-03-07T12:00:00Z,0.31604,0.31624,0.31108,0.31305,4616630
2025-03-07T13:00:00Z,0.31304,0.32035,0.31218,0.31418,9311144
2025-03-07T14:00:00Z,0.31419,0.31988,0.31190,0.31667,10893216
2025-03-07T15:00:00Z,0.31669,0.31836,0.31103,0.31367,8975140
2025-03-07T16:00:00Z,0.31369,0.31495,0.30585,0.30779,12513237
2025-03-07T17:00:00Z,0.30782,0.31220,0.30618,0.30953,6060264
2025-03-07T18:00:00Z,0.30954,0.31800,0.30885,0.31709,6701757
2025-03-07T19:00:00Z,0.31709,0.31831,0.31312,0.31484,4189895
2025-03-07T20:00:00Z,0.31482,0.31670,0.31018,0.31269,7712350
2025-03-07T21:00:00Z,0.31266,0.31316,0.30581,0.30842,10851891
2025-03-07T22:00:00Z,0.30839,0.31039,0.30481,0.30897,4411265
2025-03-07T23:00:00Z,0.30897,0.30909,0.30359,0.30640,4891020
2025-03-08T00:00:00Z,0.30639,0.30877,0.30433,0.30838,3950522
2025-03-08T01:00:00Z,0.30839,0.30839,0.30030,0.30426,6983038
2025-03-08T02:00:00Z,0.30426,0.30513,0.30336,0.30462,1920855
2025-03-08T03:00:00Z,0.30464,0.30768,0.30266,0.30704,3385611
2025-03-08T04:00:00Z,0.30702,0.31169,0.30580,0.31169,3087377
2025-03-08T05:00:00Z,0.31166,0.31192,0.30683,0.30823,3494718
2025-03-08T06:00:00Z,0.30824,0.30946,0.30541,0.30632,2700200
2025-03-08T07:00:00Z,0.30630,0.30719,0.30340,0.30423,3141297
2025-03-08T08:00:00Z,0.30421,0.30500,0.30176,0.30190,3431822
2025-03-08T09:00:00Z,0.30192,0.30552,0.30120,0.30179,3677714
2025-03-08T10:00:00Z,0.30179,0.30425,0.30149,0.30329,2321727
2025-03-08T11:00:00Z,0.30332,0.30334,0.29839,0.29992,5639696
2025-03-08T12:00:00Z,0.29993,0.30196,0.29808,0.30071,4039159
2025-03-08T13:00:00Z,0.30071,0.30262,0.29983,0.30186,3343652
2025-03-08T14:00:00Z,0.30186,0.30389,0.30131,0.30229,2792583
2025-03-08T15:00:00Z,0.30230,0.30328,0.30091,0.30150,2621958
2025-03-08T16:00:00Z,0.30147,0.30220,0.29682,0.30002,5481094
2025-03-08T17:00:00Z,0.30001,0.30262,0.29814,0.30094,4233275
2025-03-08T18:00:00Z,0.30095,0.30226,0.30028,0.30184,2661207
2025-03-08T19:00:00Z,0.30186,0.30429,0.30045,0.30260,4337362
2025-03-08T20:00:00Z,0.30260,0.30284,0.30111,0.30133,2173714
2025-03-08T21:00:00Z,0.30132,0.30315,0.30043,0.30047,2274996
2025-03-08T22:00:00Z,0.30046,0.30080,0.29668,0.29896,3285222
2025-03-08T23:00:00Z,0.29898,0.30023,0.29764,0.29919,2200890
2025-03-09T00:00:00Z,0.29920,0.30150,0.29864,0.30040,2944979
2025-03-09T01:00:00Z,0.30044,0.30139,0.29850,0.29894,2553657
2025-03-09T02:00:00Z,0.29893,0.29951,0.29641,0.29665,2611503
2025-03-09T03:00:00Z,0.29666,0.29830,0.29523,0.29759,3567183
2025-03-09T04:00:00Z,0.29757,0.29782,0.29657,0.29717,1970568
2025-03-09T05:00:00Z,0.29719,0.29848,0.29578,0.29601,3628235
2025-03-09T06:00:00Z,0.29601,0.29620,0.29351,0.29443,3237825
2025-03-09T07:00:00Z,0.29442,0.29749,0.29398,0.29633,3126826
2025-03-09T08:00:00Z,0.29630,0.29633,0.29386,0.29401,3511317
2025-03-09T09:00:00Z,0.29402,0.29462,0.29157,0.29215,4498860
2025-03-09T10:00:00Z,0.29216,0.29334,0.28736,0.28790,5934634
2025-03-09T11:00:00Z,0.28791,0.28956,0.28759,0.28904,3874087
2025-03-09T12:00:00Z,0.28903,0.28920,0.28616,0.28850,5160068
2025-03-09T13:00:00Z,0.28851,0.28979,0.28326,0.28344,6089653
2025-03-09T14:00:00Z,0.28345,0.28604,0.28251,0.28468,6892445
2025-03-09T15:00:00Z,0.28469,0.28580,0.28032,0.28160,7686739
2025-03-09T16:00:00Z,0.28160,0.28346,0.27400,0.27439,16006066
2025-03-09T17:00:00Z,0.27440,0.27590,0.26877,0.26939,17165880
2025-03-09T18:00:00Z,0.26937,0.27206,0.26592,0.26937,17214669
2025-03-09T19:00:00Z,0.26938,0.27281,0.26871,0.27185,6218385
2025-03-09T20:00:00Z,0.27185,0.27471,0.27124,0.27250,4480163
2025-03-09T21:00:00Z,0.27249,0.27322,0.26769,0.26863,4924687
2025-03-09T22:00:00Z,0.26863,0.26984,0.26646,0.26890,6750701
2025-03-09T23:00:00Z,0.26886,0.27105,0.26654,0.26976,7457879
2025-03-10T00:00:00Z,0.26976,0.27399,0.26516,0.27250,9406676
2025-03-10T01:00:00Z,0.27250,0.27583,0.27115,0.27345,5990553
2025-03-10T02:00:00Z,0.27344,0.27752,0.27280,0.27559,5866338
2025-03-10T03:00:00Z,0.27559,0.27693,0.27335,0.27516,3600514
2025-03-10T04:00:00Z,0.27516,0.27973,0.27498,0.27963,4329550
2025-03-10T05:00:00Z,0.27964,0.28075,0.27753,0.27861,4354658
2025-03-10T06:00:00Z,0.27861,0.27905,0.27643,0.27809,3091946
2025-03-10T07:00:00Z,0.27809,0.28036,0.27759,0.27920,3092188
2025-03-10T08:00:00Z,0.27919,0.27932,0.27440,0.27575,6098891
2025-03-10T09:00:00Z,0.27574,0.28900,0.27570,0.28166,14984608
2025-03-10T10:00:00Z,0.28167,0.28350,0.27887,0.28149,5379104
2025-03-10T11:00:00Z,0.28149,0.28687,0.27954,0.28582,5441594
2025-03-10T12:00:00Z,0.28581,0.28795,0.28408,0.28666,6397157
2025-03-10T13:00:00Z,0.28665,0.28775,0.28084,0.28209,9252242
2025-03-10T14:00:00Z,0.28204,0.28204,0.27116,0.27401,18378688
2025-03-10T15:00:00Z,0.27400,0.28140,0.27260,0.27687,9236895
2025-03-10T16:00:00Z,0.27684,0.27788,0.27135,0.27226,8108855
2025-03-10T17:00:00Z,0.27229,0.27320,0.26266,0.26464,18136190
2025-03-10T18:00:00Z,0.26463,0.26862,0.25516,0.25584,15733099
2025-03-10T19:00:00Z,0.25589,0.26771,0.25488,0.26570,16992081
2025-03-10T20:00:00Z,0.26571,0.26639,0.26143,0.26378,8840196
2025-03-10T21:00:00Z,0.26377,0.26625,0.26238,0.26313,5968342
2025-03-10T22:00:00Z,0.26313,0.26435,0.25897,0.26032,6067350
2025-03-10T23:00:00Z,0.26031,0.26230,0.25828,0.25875,4850923
2025-03-11T00:00:00Z,0.25877,0.26252,0.24143,0.24812,30437844
2025-03-11T01:00:00Z,0.24811,0.25748,0.24234,0.25744,19775020
2025-03-11T02:00:00Z,0.25745,0.26155,0.25644,0.26053,10171122
2025-03-11T03:00:00Z,0.26052,0.26378,0.25993,0.26211,7727280
2025-03-11T04:00:00Z,0.26208,0.26515,0.26121,0.26174,6899391
2025-03-11T05:00:00Z,0.26174,0.26946,0.26145,0.26724,8449039
2025-03-11T06:00:00Z,0.26724,0.26862,0.26524,0.26541,4671172
2025-03-11T07:00:00Z,0.26545,0.26966,0.26541,0.26709,4519214
2025-03-11T08:00:00Z,0.26708,0.26974,0.26592,0.26726,6235057
2025-03-11T09:00:00Z,0.26723,0.26998,0.26722,0.26852,5144751
2025-03-11T10:00:00Z,0.26848,0.27235,0.26788,0.27111,6017653
2025-03-11T11:00:00Z,0.27109,0.27433,0.26922,0.27211,6171614
2025-03-11T12:00:00Z,0.27210,0.27307,0.26905,0.26987,6701039
2025-03-11T13:00:00Z,0.26990,0.27901,0.26738,0.27186,17188006
2025-03-11T14:00:00Z,0.27187,0.27358,0.26240,0.26442,17886799
2025-03-11T15:00:00Z,0.26440,0.27387,0.26402,0.27304,9487986
2025-03-11T16:00:00Z,0.27302,0.27823,0.27057,0.27442,7394906
2025-03-11T17:00:00Z,0.27439,0.27626,0.27018,0.27277,6140603
2025-03-11T18:00:00Z,0.27272,0.28362,0.27271,0.28183,11670957
2025-03-11T19:00:00Z,0.28182,0.28295,0.27988,0.28203,5006895
2025-03-11T20:00:00Z,0.28202,0.28330,0.28057,0.28059,3782523
2025-03-11T21:00:00Z,0.28057,0.28245,0.28002,0.28068,2639008
2025-03-11T22:00:00Z,0.28067,0.28250,0.28060,0.28201,2373799
2025-03-11T23:00:00Z,0.28198,0.28214,0.27660,0.27767,3885619
2025-03-12T00:00:00Z,0.27766,0.27856,0.27501,0.27642,4786392
2025-03-12T01:00:00Z,0.27641,0.28211,0.27610,0.28016,7376004
2025-03-12T02:00:00Z,0.28023,0.28124,0.27524,0.27621,7735812
2025-03-12T03:00:00Z,0.27620,0.27726,0.27131,0.27164,6293062
2025-03-12T04:00:00Z,0.27164,0.27224,0.26914,0.27058,5067282
2025-03-12T05:00:00Z,0.27058,0.27278,0.26940,0.27237,3794459
2025-03-12T06:00:00Z,0.27235,0.27275,0.26962,0.27181,3395623
2025-03-12T07:00:00Z,0.27183,0.27728,0.27152,0.27656,6518848
2025-03-12T08:00:00Z,0.27656,0.28483,0.27556,0.28302,10360281
2025-03-12T09:00:00Z,0.28302,0.28583,0.27939,0.28082,10176784
2025-03-12T10:00:00Z,0.28083,0.28191,0.27816,0.28024,5644766
2025-03-12T11:00:00Z,0.28026,0.28396,0.28026,0.28371,4346506
2025-03-12T12:00:00Z,0.28371,0.29294,0.28308,0.28910,14225846
2025-03-12T13:00:00Z,0.28910,0.28986,0.27935,0.28037,12055860
2025-03-12T14:00:00Z,0.28037,0.28126,0.27306,0.27331,13673186
2025-03-12T15:00:00Z,0.27332,0.27416,0.26913,0.27358,10304530
2025-03-12T16:00:00Z,0.27357,0.27969,0.27257,0.27720,10497228
2025-03-12T17:00:00Z,0.27720,0.28244,0.27685,0.27840,7828600
2025-03-12T18:00:00Z,0.27842,0.28339,0.27774,0.28271,5259378
2025-03-12T19:00:00Z,0.28271,0.28377,0.28058,0.28224,4471246
2025-03-12T20:00:00Z,0.28223,0.28360,0.28066,0.28089,5681366
2025-03-12T21:00:00Z,0.28090,0.28207,0.27860,0.27947,7253564
2025-03-12T22:00:00Z,0.27947,0.28169,0.27924,0.28113,3046844
2025-03-12T23:00:00Z,0.28113,0.28120,0.27951,0.28044,2712980
2025-03-13T00:00:00Z,0.28043,0.28130,0.27686,0.27705,5016760
2025-03-13T01:00:00Z,0.27703,0.27875,0.27480,0.27789,6144826
2025-03-13T02:00:00Z,0.27790,0.27940,0.27539,0.27562,5566763
2025-03-13T03:00:00Z,0.27561,0.27716,0.27431,0.27497,3563594
2025-03-13T04:00:00Z,0.27498,0.27569,0.27159,0.27271,4757232
2025-03-13T05:00:00Z,0.27271,0.27386,0.26987,0.27038,5368765
2025-03-13T06:00:00Z,0.27039,0.27144,0.26904,0.27080,4493814
2025-03-13T07:00:00Z,0.27080,0.27316,0.27009,0.27196,4384044
2025-03-13T08:00:00Z,0.27196,0.27355,0.26971,0.27246,5741998
2025-03-13T09:00:00Z,0.27243,0.27867,0.27242,0.27834,6885188
2025-03-13T10:00:00Z,0.27832,0.27876,0.27571,0.27760,6803537
2025-03-13T11:00:00Z,0.27759,0.27813,0.27564,0.27813,3403437
2025-03-13T12:00:00Z,0.27808,0.28373,0.27496,0.27602,10322649
2025-03-13T13:00:00Z,0.27603,0.27892,0.27131,0.27201,10601748
2025-03-13T14:00:00Z,0.27200,0.27553,0.27087,0.27407,6216704
2025-03-13T15:00:00Z,0.27407,0.27475,0.27110,0.27296,6701758
2025-03-13T16:00:00Z,0.27296,0.27349,0.26822,0.26925,8544525
2025-03-13T17:00:00Z,0.26925,0.26982,0.26470,0.26529,8916937
2025-03-13T18:00:00Z,0.26528,0.26956,0.26501,0.26904,5182042
2025-03-13T19:00:00Z,0.26903,0.26996,0.26709,0.26849,3212461
2025-03-13T20:00:00Z,0.26849,0.26969,0.26608,0.26708,4389285
2025-03-13T21:00:00Z,0.26707,0.26985,0.26650,0.26982,2732875
2025-03-13T22:00:00Z,0.26981,0.27734,0.26953,0.27706,7081539
2025-03-13T23:00:00Z,0.27705,0.27891,0.27414,0.27474,8231035
2025-03-14T00:00:00Z,0.27475,0.27796,0.27354,0.27653,5799093
2025-03-14T01:00:00Z,0.27652,0.27734,0.27454,0.27582,3677520
2025-03-14T02:00:00Z,0.27582,0.27859,0.27509,0.27804,2957333
2025-03-14T03:00:00Z,0.27805,0.27815,0.27604,0.27790,2888127
2025-03-14T04:00:00Z,0.27789,0.27983,0.27761,0.27762,3763054
2025-03-14T05:00:00Z,0.27762,0.27804,0.27629,0.27795,3905340
2025-03-14T06:00:00Z,0.27796,0.27812,0.27611,0.27718,1916103
2025-03-14T07:00:00Z,0.27716,0.27967,0.27657,0.27821,2365914
2025-03-14T08:00:00Z,0.27820,0.28214,0.27773,0.27963,6913872
2025-03-14T09:00:00Z,0.27965,0.28139,0.27953,0.28030,4305680
2025-03-14T10:00:00Z,0.28030,0.28136,0.27859,0.27955,4582289
2025-03-14T11:00:00Z,0.27954,0.28056,0.27782,0.27842,3299666
2025-03-14T12:00:00Z,0.27842,0.27905,0.27645,0.27814,3826084
2025-03-14T13:00:00Z,0.27813,0.28090,0.27740,0.28002,5011956
2025-03-14T14:00:00Z,0.28002,0.28188,0.27708,0.28134,9457269
2025-03-14T15:00:00Z,0.28135,0.28860,0.28117,0.28547,13721271
2025-03-14T16:00:00Z,0.28548,0.28741,0.28379,0.28714,6575450
2025-03-14T17:00:00Z,0.28712,0.28764,0.28456,0.28517,3687314
2025-03-14T18:00:00Z,0.28517,0.28707,0.28410,0.28578,2291988
2025-03-14T19:00:00Z,0.28573,0.28851,0.28466,0.28558,4214580
2025-03-14T20:00:00Z,0.28554,0.28558,0.28323,0.28539,3262444
2025-03-14T21:00:00Z,0.28539,0.28634,0.28452,0.28598,2030913
2025-03-14T22:00:00Z,0.28598,0.28795,0.28528,0.28744,3129392
2025-03-14T23:00:00Z,0.28745,0.28746,0.28343,0.28394,2714068
2025-03-15T00:00:00Z,0.28391,0.28482,0.28320,0.28339,3183659
2025-03-15T01:00:00Z,0.28339,0.28412,0.28077,0.28207,4190353
2025-03-15T02:00:00Z,0.28206,0.28301,0.28050,0.28281,3429522
2025-03-15T03:00:00Z,0.28282,0.28448,0.28230,0.28359,3527956
2025-03-15T04:00:00Z,0.28360,0.28622,0.28273,0.28552,3454728
2025-03-15T05:00:00Z,0.28552,0.28574,0.28352,0.28372,3361546
2025-03-15T06:00:00Z,0.28373,0.28417,0.28220,0.28270,2943646
2025-03-15T07:00:00Z,0.28269,0.28269,0.28006,0.28093,3948962
2025-03-15T08:00:00Z,0.28094,0.28336,0.28037,0.28328,3381424
2025-03-15T09:00:00Z,0.28327,0.28406,0.28174,0.28360,2513094
2025-03-15T10:00:00Z,0.28361,0.28375,0.28160,0.28222,3116136
2025-03-15T11:00:00Z,0.28222,0.28292,0.28071,0.28223,7015934
2025-03-15T12:00:00Z,0.28222,0.28333,0.28150,0.28179,3606955
2025-03-15T13:00:00Z,0.28177,0.28418,0.28169,0.28353,2699567
2025-03-15T14:00:00Z,0.28355,0.28355,0.28019,0.28090,3642494
2025-03-15T15:00:00Z,0.28090,0.28317,0.28084,0.28300,3346155
2025-03-15T16:00:00Z,0.28300,0.28556,0.28236,0.28412,3829890
2025-03-15T17:00:00Z,0.28411,0.28646,0.28356,0.28552,4428990
2025-03-15T18:00:00Z,0.28552,0.28673,0.28398,0.28502,3416603
2025-03-15T19:00:00Z,0.28503,0.28531,0.28358,0.28482,1983178
2025-03-15T20:00:00Z,0.28486,0.28769,0.28485,0.28708,3107163
2025-03-15T21:00:00Z,0.28711,0.28947,0.28685,0.28914,3637448
2025-03-15T22:00:00Z,0.28918,0.28997,0.28794,0.28821,4958739
2025-03-15T23:00:00Z,0.28819,0.28883,0.28654,0.28700,2421355
2025-03-16T00:00:00Z,0.28701,0.28736,0.28526,0.28548,2862362
2025-03-16T01:00:00Z,0.28547,0.28626,0.28267,0.28274,4070536
2025-03-16T02:00:00Z,0.28273,0.28437,0.28122,0.28266,4135581
2025-03-16T03:00:00Z,0.28270,0.28562,0.28243,0.28520,2572561
2025-03-16T04:00:00Z,0.28523,0.28695,0.28482,0.28668,2632939
2025-03-16T05:00:00Z,0.28667,0.28973,0.28667,0.28889,6062278
2025-03-16T06:00:00Z,0.28890,0.28892,0.28703,0.28784,4491519
2025-03-16T07:00:00Z,0.28784,0.28975,0.28636,0.28915,3107075
2025-03-16T08:00:00Z,0.28915,0.29087,0.28807,0.29006,4215624
2025-03-16T09:00:00Z,0.29006,0.29058,0.28461,0.28617,5419961
2025-03-16T10:00:00Z,0.28617,0.28755,0.28235,0.28235,6396472
2025-03-16T11:00:00Z,0.28231,0.28255,0.27484,0.27535,10245106
2025-03-16T12:00:00Z,0.27536,0.27945,0.27506,0.27729,10507180
2025-03-16T13:00:00Z,0.27728,0.27968,0.27333,0.27420,6889927
2025-03-16T14:00:00Z,0.27419,0.27725,0.27284,0.27711,6853304
2025-03-16T15:00:00Z,0.27710,0.27801,0.27459,0.27579,3819251
2025-03-16T16:00:00Z,0.27579,0.28388,0.27532,0.27975,19935126
2025-03-16T17:00:00Z,0.27976,0.28158,0.27683,0.27896,5949669
2025-03-16T18:00:00Z,0.27896,0.27955,0.27549,0.27625,3787094
2025-03-16T19:00:00Z,0.27622,0.27669,0.27070,0.27179,7141648
2025-03-16T20:00:00Z,0.27180,0.27342,0.27080,0.27237,3114333
2025-03-16T21:00:00Z,0.27237,0.27256,0.27007,0.27100,3291966
2025-03-16T22:00:00Z,0.27099,0.27189,0.26888,0.26978,3679115
2025-03-16T23:00:00Z,0.26978,0.27228,0.26870,0.27153,3064504
2025-03-17T00:00:00Z,0.27154,0.27688,0.27122,0.27640,4040222
2025-03-17T01:00:00Z,0.27635,0.27912,0.27519,0.27808,4489060
2025-03-17T02:00:00Z,0.27807,0.28093,0.27765,0.28036,4026573
2025-03-17T03:00:00Z,0.28036,0.28277,0.27968,0.28236,3585507
2025-03-17T04:00:00Z,0.28231,0.28440,0.28207,0.28288,4686181
2025-03-17T05:00:00Z,0.28288,0.28331,0.27935,0.27936,5066322
2025-03-17T06:00:00Z,0.27936,0.28093,0.27730,0.27967,3969881
2025-03-17T07:00:00Z,0.27962,0.28196,0.27925,0.28138,3124329
2025-03-17T08:00:00Z,0.28139,0.28414,0.27979,0.28360,5181137
2025-03-17T09:00:00Z,0.28360,0.28688,0.28313,0.28519,8003793
2025-03-17T10:00:00Z,0.28521,0.28750,0.28417,0.28600,3889190
2025-03-17T11:00:00Z,0.28602,0.28724,0.28367,0.28599,7994877
2025-03-17T12:00:00Z,0.28602,0.29130,0.28464,0.28484,15158062
2025-03-17T13:00:00Z,0.28484,0.28669,0.28274,0.28387,7065629
2025-03-17T14:00:00Z,0.28384,0.28650,0.28105,0.28370,7139756
2025-03-17T15:00:00Z,0.28372,0.28736,0.28235,0.28579,4435273
2025-03-17T16:00:00Z,0.28579,0.28740,0.28342,0.28434,3437778
2025-03-17T17:00:00Z,0.28431,0.28937,0.28368,0.28776,4932130
2025-03-17T18:00:00Z,0.28779,0.29199,0.28696,0.29091,8074501
2025-03-17T19:00:00Z,0.29090,0.29173,0.28953,0.28993,3774721
2025-03-17T20:00:00Z,0.28989,0.29149,0.28848,0.28911,4619792
2025-03-17T21:00:00Z,0.28912,0.29009,0.28723,0.28782,2779904
2025-03-17T22:00:00Z,0.28783,0.28904,0.28724,0.28725,3339251
2025-03-17T23:00:00Z,0.28725,0.28820,0.28630,0.28741,3650609
2025-03-18T00:00:00Z,0.28742,0.28754,0.28438,0.28582,3492356
2025-03-18T01:00:00Z,0.28583,0.28614,0.27900,0.27982,6623095
2025-03-18T02:00:00Z,0.27982,0.28225,0.27938,0.28064,3754969
2025-03-18T03:00:00Z,0.28067,0.28076,0.27815,0.27935,4559532
2025-03-18T04:00:00Z,0.27935,0.28072,0.27887,0.28017,3002710
2025-03-18T05:00:00Z,0.28021,0.28247,0.28003,0.28171,2838089
2025-03-18T06:00:00Z,0.28172,0.28217,0.27676,0.27770,4842390
2025-03-18T07:00:00Z,0.27771,0.28196,0.27716,0.28058,4283198
2025-03-18T08:00:00Z,0.28056,0.28275,0.27913,0.28123,2865664
2025-03-18T09:00:00Z,0.28121,0.28314,0.28029,0.28054,4208633
2025-03-18T10:00:00Z,0.28054,0.28150,0.27816,0.27943,2984386
2025-03-18T11:00:00Z,0.27948,0.28032,0.27681,0.27757,3178059
2025-03-18T12:00:00Z,0.27755,0.27886,0.27669,0.27743,2986374
2025-03-18T13:00:00Z,0.27744,0.27967,0.27518,0.27600,5818695
2025-03-18T14:00:00Z,0.27598,0.28015,0.27548,0.27916,4261083
2025-03-18T15:00:00Z,0.27915,0.27915,0.27573,0.27608,3014837
2025-03-18T16:00:00Z,0.27610,0.27831,0.27526,0.27686,3047293
2025-03-18T17:00:00Z,0.27688,0.27742,0.27390,0.27446,3496538
2025-03-18T18:00:00Z,0.27449,0.27638,0.27404,0.27568,2339460
2025-03-18T19:00:00Z,0.27563,0.27898,0.27553,0.27871,2253328
2025-03-18T20:00:00Z,0.27873,0.27985,0.27706,0.27985,2086022
2025-03-18T21:00:00Z,0.27978,0.28101,0.27895,0.28039,2629694
2025-03-18T22:00:00Z,0.28039,0.28670,0.27987,0.28608,4743754
2025-03-18T23:00:00Z,0.28607,0.28957,0.28572,0.28783,6690578
2025-03-19T00:00:00Z,0.28783,0.29216,0.28770,0.29018,7526518
2025-03-19T01:00:00Z,0.29018,0.29280,0.28725,0.28728,5768998
2025-03-19T02:00:00Z,0.28729,0.28966,0.28705,0.28926,3881643
2025-03-19T03:00:00Z,0.28925,0.29121,0.28767,0.29112,3882568
2025-03-19T04:00:00Z,0.29114,0.29171,0.28914,0.28928,2988087
2025-03-19T05:00:00Z,0.28930,0.28982,0.28802,0.28848,2276061
2025-03-19T06:00:00Z,0.28847,0.28960,0.28749,0.28820,10643829
2025-03-19T07:00:00Z,0.28819,0.28839,0.28474,0.28501,5470372
2025-03-19T08:00:00Z,0.28499,0.28739,0.28498,0.28630,20710923
2025-03-19T09:00:00Z,0.28631,0.28781,0.28532,0.28587,3617366
2025-03-19T10:00:00Z,0.28587,0.28945,0.28521,0.28784,4707308
2025-03-19T11:00:00Z,0.28786,0.29462,0.28707,0.29318,9287554
2025-03-19T12:00:00Z,0.29319,0.29395,0.28885,0.29092,4506435
2025-03-19T13:00:00Z,0.29092,0.29673,0.28986,0.29264,13062890
2025-03-19T14:00:00Z,0.29267,0.29561,0.29099,0.29279,5643156
2025-03-19T15:00:00Z,0.29278,0.29700,0.29194,0.29528,6489704
2025-03-19T16:00:00Z,0.29531,0.29575,0.29204,0.29349,6215441
2025-03-19T17:00:00Z,0.29348,0.29390,0.28927,0.29081,7643922
2025-03-19T18:00:00Z,0.29079,0.30021,0.28750,0.29902,21028975
2025-03-19T19:00:00Z,0.29898,0.30094,0.29569,0.29651,8217451
2025-03-19T20:00:00Z,0.29650,0.29784,0.29480,0.29673,6677834
2025-03-19T21:00:00Z,0.29671,0.30006,0.29628,0.29825,4080468
2025-03-19T22:00:00Z,0.29826,0.30079,0.29735,0.29889,3556526
2025-03-19T23:00:00Z,0.29890,0.30023,0.29754,0.29881,4476948
2025-03-20T00:00:00Z,0.29881,0.29891,0.29180,0.29303,10044503
2025-03-20T01:00:00Z,0.29302,0.29429,0.29136,0.29282,4839140
2025-03-20T02:00:00Z,0.29282,0.29328,0.29162,0.29296,3185068
2025-03-20T03:00:00Z,0.29294,0.29313,0.29077,0.29168,3896283
2025-03-20T04:00:00Z,0.29168,0.29182,0.28968,0.29124,3506762
2025-03-20T05:00:00Z,0.29125,0.29218,0.29003,0.29185,2926807
2025-03-20T06:00:00Z,0.29186,0.29323,0.29058,0.29156,3326608
2025-03-20T07:00:00Z,0.29156,0.29239,0.29062,0.29132,1739047
2025-03-20T08:00:00Z,0.29132,0.29320,0.29028,0.29312,3672289
2025-03-20T09:00:00Z,0.29312,0.29325,0.29072,0.29130,2689073
2025-03-20T10:00:00Z,0.29128,0.29169,0.28486,0.28636,12714898
2025-03-20T11:00:00Z,0.28636,0.28830,0.28627,0.28742,2153164
2025-03-20T12:00:00Z,0.28741,0.28942,0.28657,0.28836,3278096
2025-03-20T13:00:00Z,0.28835,0.29051,0.28727,0.28939,3393663
2025-03-20T14:00:00Z,0.28938,0.29300,0.28926,0.29216,5883311
2025-03-20T15:00:00Z,0.29216,0.29246,0.28726,0.28741,7663202
2025-03-20T16:00:00Z,0.28740,0.29018,0.28276,0.28290,8493386
2025-03-20T17:00:00Z,0.28290,0.28619,0.28265,0.28526,3875169
2025-03-20T18:00:00Z,0.28527,0.28697,0.28451,0.28544,2093612
2025-03-20T19:00:00Z,0.28544,0.28717,0.28472,0.28633,1328689
2025-03-20T20:00:00Z,0.28633,0.28816,0.28574,0.28724,1564248
2025-03-20T21:00:00Z,0.28724,0.28790,0.28616,0.28640,1942275
2025-03-20T22:00:00Z,0.28639,0.28743,0.28588,0.28656,2318320
2025-03-20T23:00:00Z,0.28656,0.28723,0.28539,0.28723,2071432
2025-03-21T00:00:00Z,0.28721,0.28929,0.28690,0.28900,5761913
2025-03-21T01:00:00Z,0.28899,0.29087,0.28841,0.29054,2742843
2025-03-21T02:00:00Z,0.29054,0.29100,0.28780,0.28831,3043920
2025-03-21T03:00:00Z,0.28831,0.28836,0.28514,0.28573,3266508
2025-03-21T04:00:00Z,0.28572,0.28792,0.28553,0.28750,2515732
2025-03-21T05:00:00Z,0.28748,0.28789,0.28579,0.28756,1869142
2025-03-21T06:00:00Z,0.28756,0.28887,0.28675,0.28714,2701081
2025-03-21T07:00:00Z,0.28713,0.28733,0.28439,0.28555,3879507
2025-03-21T08:00:00Z,0.28555,0.28662,0.28208,0.28387,3553222
2025-03-21T09:00:00Z,0.28387,0.28556,0.28203,0.28315,3797176
2025-03-21T10:00:00Z,0.28310,0.28357,0.27882,0.28078,6646268
2025-03-21T11:00:00Z,0.28079,0.28088,0.27914,0.28036,2657272
2025-03-21T12:00:00Z,0.28033,0.28157,0.27788,0.27847,6383020
2025-03-21T13:00:00Z,0.27847,0.28145,0.27815,0.28095,5405289
2025-03-21T14:00:00Z,0.28095,0.28283,0.27928,0.28178,4053901
2025-03-21T15:00:00Z,0.28178,0.28192,0.27936,0.27989,2481150
2025-03-21T16:00:00Z,0.27987,0.28160,0.27861,0.28142,4067529
2025-03-21T17:00:00Z,0.28141,0.28278,0.28036,0.28189,1919373
2025-03-21T18:00:00Z,0.28189,0.28428,0.28013,0.28288,4016817
2025-03-21T19:00:00Z,0.28289,0.28346,0.28197,0.28293,1455237
2025-03-21T20:00:00Z,0.28290,0.28388,0.28251,0.28362,1680301
2025-03-21T21:00:00Z,0.28360,0.28459,0.28242,0.28304,2494019
2025-03-21T22:00:00Z,0.28305,0.28309,0.27943,0.28094,3995814
2025-03-21T23:00:00Z,0.28093,0.28137,0.27931,0.27991,3023769
2025-03-22T00:00:00Z,0.27990,0.28101,0.27959,0.28060,2422091
2025-03-22T01:00:00Z,0.28059,0.28221,0.27969,0.27969,1768619
2025-03-22T02:00:00Z,0.27968,0.28210,0.27940,0.28138,2496573
2025-03-22T03:00:00Z,0.28138,0.28254,0.28094,0.28199,1373556
2025-03-22T04:00:00Z,0.28199,0.28403,0.28195,0.28376,2865359
2025-03-22T05:00:00Z,0.28376,0.28450,0.28325,0.28450,1861195
2025-03-22T06:00:00Z,0.28450,0.28533,0.28399,0.28484,2776886
2025-03-22T07:00:00Z,0.28484,0.28563,0.28424,0.28453,2316084
2025-03-22T08:00:00Z,0.28457,0.28470,0.28365,0.28428,1676016
2025-03-22T09:00:00Z,0.28428,0.28690,0.28412,0.28578,3488810
2025-03-22T10:00:00Z,0.28578,0.28794,0.28537,0.28613,7580810
2025-03-22T11:00:00Z,0.28619,0.28638,0.28437,0.28495,2455627
2025-03-22T12:00:00Z,0.28494,0.28526,0.28294,0.28369,2600805
2025-03-22T13:00:00Z,0.28367,0.28399,0.28225,0.28359,1884332
2025-03-22T14:00:00Z,0.28358,0.28358,0.28121,0.28143,3006633
2025-03-22T15:00:00Z,0.28144,0.28343,0.28134,0.28309,1992053
2025-03-22T16:00:00Z,0.28306,0.28422,0.28228,0.28402,1811284
2025-03-22T17:00:00Z,0.28401,0.28622,0.28380,0.28583,2770141
2025-03-22T18:00:00Z,0.28579,0.28679,0.28545,0.28602,2205495
2025-03-22T19:00:00Z,0.28602,0.28647,0.28528,0.28575,1588237
2025-03-22T20:00:00Z,0.28575,0.28623,0.28342,0.28361,2417777
2025-03-22T21:00:00Z,0.28360,0.28400,0.28144,0.28220,2825471
2025-03-22T22:00:00Z,0.28221,0.28286,0.28177,0.28196,2019913
2025-03-22T23:00:00Z,0.28195,0.28195,0.27937,0.28115,4480428
2025-03-23T00:00:00Z,0.28111,0.28164,0.27967,0.28090,2814595
2025-03-23T01:00:00Z,0.28091,0.28336,0.28057,0.28313,2993315
2025-03-23T02:00:00Z,0.28312,0.28504,0.28216,0.28478,2625597
2025-03-23T03:00:00Z,0.28478,0.28522,0.28262,0.28517,2584483
2025-03-23T04:00:00Z,0.28517,0.28517,0.28205,0.28273,2483196
2025-03-23T05:00:00Z,0.28271,0.28373,0.28197,0.28347,1753155
2025-03-23T06:00:00Z,0.28348,0.28355,0.28182,0.28306,1386581
2025-03-23T07:00:00Z,0.28307,0.28526,0.28301,0.28417,2092125
2025-03-23T08:00:00Z,0.28416,0.28536,0.28340,0.28360,1939660
2025-03-23T09:00:00Z,0.28361,0.28428,0.28317,0.28394,1362743
2025-03-23T10:00:00Z,0.28392,0.28595,0.28341,0.28462,3645487
2025-03-23T11:00:00Z,0.28462,0.28640,0.28448,0.28499,2890530
2025-03-23T12:00:00Z,0.28498,0.28532,0.28292,0.28425,3555711
2025-03-23T13:00:00Z,0.28424,0.28645,0.28363,0.28582,3017935
2025-03-23T14:00:00Z,0.28580,0.28674,0.28334,0.28342,3906472
2025-03-23T15:00:00Z,0.28343,0.28451,0.28305,0.28323,2006223
2025-03-23T16:00:00Z,0.28321,0.28344,0.28172,0.28204,3904044
2025-03-23T17:00:00Z,0.28205,0.28311,0.27908,0.28044,3816341
2025-03-23T18:00:00Z,0.28044,0.28044,0.27818,0.27968,4878046
2025-03-23T19:00:00Z,0.27967,0.28163,0.27936,0.28137,1428806
2025-03-23T20:00:00Z,0.28136,0.28311,0.28133,0.28204,1482633
2025-03-23T21:00:00Z,0.28201,0.28387,0.28090,0.28383,1907375
2025-03-23T22:00:00Z,0.28383,0.28470,0.28237,0.28356,2327461
2025-03-23T23:00:00Z,0.28358,0.28543,0.28309,0.28529,1894737
2025-03-24T00:00:00Z,0.28530,0.28708,0.28290,0.28490,7456692
2025-03-24T01:00:00Z,0.28491,0.28501,0.28154,0.28184,3970315
2025-03-24T02:00:00Z,0.28184,0.28392,0.28158,0.28313,2053250
2025-03-24T03:00:00Z,0.28312,0.28815,0.28287,0.28769,6275017
2025-03-24T04:00:00Z,0.28769,0.29206,0.28769,0.29145,7772288
2025-03-24T05:00:00Z,0.29147,0.29484,0.29147,0.29458,5389246
2025-03-24T06:00:00Z,0.29458,0.30153,0.29458,0.30002,12443205
2025-03-24T07:00:00Z,0.30002,0.30179,0.29753,0.29811,7421744
2025-03-24T08:00:00Z,0.29810,0.30213,0.29801,0.30116,9870257
2025-03-24T09:00:00Z,0.30115,0.30189,0.29954,0.30047,4415841
2025-03-24T10:00:00Z,0.30047,0.30136,0.29878,0.30025,3450980
2025-03-24T11:00:00Z,0.30024,0.30055,0.29791,0.29929,4812702
2025-03-24T12:00:00Z,0.29927,0.30072,0.29843,0.30032,4479185
2025-03-24T13:00:00Z,0.30029,0.30062,0.29732,0.30033,5273764
2025-03-24T14:00:00Z,0.30036,0.30534,0.29959,0.30004,8407936
2025-03-24T15:00:00Z,0.30004,0.30147,0.29913,0.30019,2955141
2025-03-24T16:00:00Z,0.30019,0.30126,0.29704,0.29855,5381523
2025-03-24T17:00:00Z,0.29854,0.30111,0.29784,0.30001,3093075
2025-03-24T18:00:00Z,0.30006,0.30124,0.29871,0.30079,2115962
2025-03-24T19:00:00Z,0.30080,0.30120,0.29858,0.29990,3725400
2025-03-24T20:00:00Z,0.29990,0.30084,0.29896,0.29965,1881011
2025-03-24T21:00:00Z,0.29967,0.30193,0.29918,0.30140,2487477
2025-03-24T22:00:00Z,0.30140,0.30183,0.29883,0.30043,2643269
2025-03-24T23:00:00Z,0.30043,0.30075,0.29730,0.30057,3308360
2025-03-25T00:00:00Z,0.30056,0.30379,0.29900,0.30250,5924994
2025-03-25T01:00:00Z,0.30251,0.30271,0.29660,0.29906,5362660
2025-03-25T02:00:00Z,0.29906,0.30134,0.29866,0.30016,2395409
2025-03-25T03:00:00Z,0.30015,0.30072,0.29654,0.29798,3279909
2025-03-25T04:00:00Z,0.29797,0.29963,0.29669,0.29793,2824664
2025-03-25T05:00:00Z,0.29792,0.29995,0.29708,0.29895,1989047
2025-03-25T06:00:00Z,0.29894,0.30032,0.29824,0.29961,2337759
2025-03-25T07:00:00Z,0.29962,0.30132,0.29902,0.30019,3761518
2025-03-25T08:00:00Z,0.30021,0.30341,0.29975,0.30268,3127890
2025-03-25T09:00:00Z,0.30268,0.30308,0.30145,0.30225,2660523
2025-03-25T10:00:00Z,0.30226,0.30278,0.29979,0.30090,2848454
2025-03-25T11:00:00Z,0.30092,0.30350,0.30046,0.30256,3476135
2025-03-25T12:00:00Z,0.30261,0.30399,0.30063,0.30115,3534725
2025-03-25T13:00:00Z,0.30109,0.30762,0.30095,0.30209,10353959
2025-03-25T14:00:00Z,0.30210,0.30451,0.30067,0.30392,3837477
2025-03-25T15:00:00Z,0.30390,0.30551,0.30268,0.30333,3841321
2025-03-25T16:00:00Z,0.30339,0.30555,0.30142,0.30295,3079495
2025-03-25T17:00:00Z,0.30308,0.30739,0.30308,0.30612,3907509
2025-03-25T18:00:00Z,0.30611,0.30723,0.30229,0.30381,22912313
2025-03-25T19:00:00Z,0.30380,0.30744,0.30374,0.30682,3408397
2025-03-25T20:00:00Z,0.30680,0.30976,0.30487,0.30526,7649848
2025-03-25T21:00:00Z,0.30525,0.30849,0.30523,0.30677,4195350
2025-03-25T22:00:00Z,0.30679,0.30779,0.30444,0.30573,2394946
2025-03-25T23:00:00Z,0.30576,0.30656,0.30382,0.30622,2241553
2025-03-26T00:00:00Z,0.30619,0.31178,0.30610,0.30944,10205669
2025-03-26T01:00:00Z,0.30945,0.31457,0.30899,0.31226,6882447
2025-03-26T02:00:00Z,0.31223,0.31228,0.30541,0.30565,6207522
2025-03-26T03:00:00Z,0.30567,0.30729,0.30409,0.30566,3270148
2025-03-26T04:00:00Z,0.30569,0.30937,0.30497,0.30852,3852555
2025-03-26T05:00:00Z,0.30852,0.31193,0.30750,0.31087,3202941
2025-03-26T06:00:00Z,0.31086,0.31440,0.30929,0.31390,5049361
2025-03-26T07:00:00Z,0.31382,0.31847,0.31298,0.31714,8596897
2025-03-26T08:00:00Z,0.31711,0.31780,0.31329,0.31370,6852956
2025-03-26T09:00:00Z,0.31370,0.31572,0.31181,0.31331,6602314
2025-03-26T10:00:00Z,0.31333,0.31582,0.31300,0.31490,2904672
2025-03-26T11:00:00Z,0.31487,0.31686,0.31438,0.31550,3563547
2025-03-26T12:00:00Z,0.31552,0.31616,0.31401,0.31504,3201317
2025-03-26T13:00:00Z,0.31501,0.31510,0.30800,0.30837,7557642
2025-03-26T14:00:00Z,0.30833,0.31085,0.30534,0.30780,8299618
2025-03-26T15:00:00Z,0.30775,0.31100,0.30573,0.30996,4329265
2025-03-26T16:00:00Z,0.30995,0.31189,0.30850,0.31056,3135925
2025-03-26T17:00:00Z,0.31054,0.31160,0.30781,0.30928,2598853
2025-03-26T18:00:00Z,0.30927,0.31167,0.30813,0.30835,2768755
2025-03-26T19:00:00Z,0.30837,0.31301,0.30502,0.31140,7421577
2025-03-26T20:00:00Z,0.31134,0.31344,0.31073,0.31132,4901376
2025-03-26T21:00:00Z,0.31128,0.31203,0.30706,0.31065,2855549
2025-03-26T22:00:00Z,0.31060,0.31102,0.30689,0.30980,2549119
2025-03-26T23:00:00Z,0.30981,0.30999,0.30688,0.30913,2059403
2025-03-27T00:00:00Z,0.30914,0.31288,0.30764,0.31240,5352857
2025-03-27T01:00:00Z,0.31245,0.31319,0.31127,0.31177,3053203
2025-03-27T02:00:00Z,0.31178,0.31469,0.31157,0.31342,2405448
2025-03-27T03:00:00Z,0.31346,0.31766,0.31264,0.31690,5637557
2025-03-27T04:00:00Z,0.31695,0.31773,0.31447,0.31514,3509246
2025-03-27T05:00:00Z,0.31509,0.31533,0.31318,0.31359,2811645
2025-03-27T06:00:00Z,0.31359,0.31630,0.31317,0.31369,2329872
2025-03-27T07:00:00Z,0.31375,0.31404,0.31231,0.31338,2769258
2025-03-27T08:00:00Z,0.31337,0.31457,0.31153,0.31257,3865966
2025-03-27T09:00:00Z,0.31255,0.31255,0.30979,0.31003,3748191
2025-03-27T10:00:00Z,0.31006,0.31164,0.30771,0.30790,2884699
2025-03-27T11:00:00Z,0.30791,0.30940,0.30520,0.30566,5860787
2025-03-27T12:00:00Z,0.30565,0.30887,0.30446,0.30616,5943221
2025-03-27T13:00:00Z,0.30618,0.30760,0.30160,0.30500,6282984
2025-03-27T14:00:00Z,0.30499,0.30993,0.30401,0.30974,4236557
2025-03-27T15:00:00Z,0.30980,0.31093,0.30733,0.30886,4149632
2025-03-27T16:00:00Z,0.30879,0.31179,0.30763,0.30765,4567872
2025-03-27T17:00:00Z,0.30766,0.30956,0.30561,0.30672,4399928
2025-03-27T18:00:00Z,0.30674,0.31160,0.30648,0.31107,4278366
2025-03-27T19:00:00Z,0.31105,0.31326,0.30995,0.31138,3156129
2025-03-27T20:00:00Z,0.31141,0.31458,0.31114,0.31327,2534623
2025-03-27T21:00:00Z,0.31328,0.31583,0.31219,0.31523,4197609
2025-03-27T22:00:00Z,0.31523,0.31586,0.31300,0.31303,2496347
2025-03-27T23:00:00Z,0.31303,0.31309,0.31078,0.31142,2263766
2025-03-28T00:00:00Z,0.31141,0.31190,0.30711,0.30918,4414013
2025-03-28T01:00:00Z,0.30922,0.31092,0.30685,0.30885,2816504
2025-03-28T02:00:00Z,0.30887,0.31015,0.30500,0.30513,4195153
2025-03-28T03:00:00Z,0.30514,0.30527,0.29980,0.30142,7636164
2025-03-28T04:00:00Z,0.30144,0.30183,0.29286,0.29579,15428485
2025-03-28T05:00:00Z,0.29580,0.29580,0.29030,0.29034,7172101
2025-03-28T06:00:00Z,0.29032,0.29186,0.28709,0.28764,7621919
2025-03-28T07:00:00Z,0.28764,0.28908,0.28604,0.28629,4319942
2025-03-28T08:00:00Z,0.28631,0.28693,0.28450,0.28577,6572309
2025-03-28T09:00:00Z,0.28584,0.28634,0.28371,0.28394,4302865
2025-03-28T10:00:00Z,0.28398,0.28499,0.28246,0.28309,4759502
2025-03-28T11:00:00Z,0.28309,0.28515,0.28099,0.28465,7210625
2025-03-28T12:00:00Z,0.28463,0.28618,0.28196,0.28228,5848207
2025-03-28T13:00:00Z,0.28228,0.28680,0.28201,0.28241,5952164
2025-03-28T14:00:00Z,0.28246,0.28399,0.27943,0.28221,9060128
2025-03-28T15:00:00Z,0.28219,0.28314,0.28120,0.28150,4221878
2025-03-28T16:00:00Z,0.28154,0.28229,0.27830,0.27945,4449097
2025-03-28T17:00:00Z,0.27943,0.28115,0.27903,0.28096,2727481
2025-03-28T18:00:00Z,0.28095,0.28179,0.27967,0.28093,1968986
2025-03-28T19:00:00Z,0.28095,0.28107,0.27883,0.27973,2303787
2025-03-28T20:00:00Z,0.27973,0.28168,0.27728,0.27779,5212198
2025-03-28T21:00:00Z,0.27776,0.28069,0.27713,0.28029,2712680
2025-03-28T22:00:00Z,0.28026,0.28185,0.28004,0.28174,2296648
2025-03-28T23:00:00Z,0.28174,0.28175,0.27993,0.28082,2618467
2025-03-29T00:00:00Z,0.28081,0.28115,0.27863,0.27972,5685504
2025-03-29T01:00:00Z,0.27973,0.28042,0.27849,0.27954,2005890
2025-03-29T02:00:00Z,0.27962,0.28010,0.27539,0.27567,4955064
2025-03-29T03:00:00Z,0.27571,0.27914,0.27282,0.27807,7608329
2025-03-29T04:00:00Z,0.27806,0.27915,0.27612,0.27685,2359356
2025-03-29T05:00:00Z,0.27684,0.27719,0.27471,0.27596,1968104
2025-03-29T06:00:00Z,0.27591,0.27661,0.27359,0.27539,3366842
2025-03-29T07:00:00Z,0.27540,0.27646,0.27291,0.27421,2803756
2025-03-29T08:00:00Z,0.27420,0.27615,0.27317,0.27502,4378519
2025-03-29T09:00:00Z,0.27505,0.27650,0.27126,0.27425,4913770
2025-03-29T10:00:00Z,0.27428,0.27582,0.27298,0.27352,3520118
2025-03-29T11:00:00Z,0.27348,0.27433,0.26942,0.27179,8924540
2025-03-29T12:00:00Z,0.27187,0.27351,0.27119,0.27198,4600169
2025-03-29T13:00:00Z,0.27197,0.27403,0.27195,0.27358,2248193
2025-03-29T14:00:00Z,0.27359,0.27359,0.26945,0.26965,2851576
2025-03-29T15:00:00Z,0.26969,0.27106,0.26875,0.26927,1855914
2025-03-29T16:00:00Z,0.26928,0.27028,0.26580,0.26628,4780915
2025-03-29T17:00:00Z,0.26624,0.26898,0.26318,0.26610,12376227
2025-03-29T18:00:00Z,0.26608,0.26813,0.26556,0.26641,3064442
2025-03-29T19:00:00Z,0.26642,0.26768,0.26514,0.26752,2145854
2025-03-29T20:00:00Z,0.26759,0.26760,0.26425,0.26502,4406383
2025-03-29T21:00:00Z,0.26500,0.26798,0.26473,0.26616,3873334
2025-03-29T22:00:00Z,0.26618,0.26747,0.26498,0.26594,1914550
2025-03-29T23:00:00Z,0.26593,0.26938,0.26538,0.26881,4077148
2025-03-30T00:00:00Z,0.26883,0.26999,0.26663,0.26933,3891119
2025-03-30T01:00:00Z,0.26931,0.27346,0.26917,0.27196,4418870
2025-03-30T02:00:00Z,0.27197,0.27558,0.27177,0.27489,3372013
2025-03-30T03:00:00Z,0.27488,0.27613,0.27332,0.27396,2895755
2025-03-30T04:00:00Z,0.27392,0.27713,0.27389,0.27606,2826243
2025-03-30T05:00:00Z,0.27602,0.27638,0.27326,0.27403,3131039
2025-03-30T06:00:00Z,0.27404,0.27531,0.27281,0.27404,2438019
2025-03-30T07:00:00Z,0.27403,0.27435,0.27284,0.27306,1675610
2025-03-30T08:00:00Z,0.27304,0.27565,0.27274,0.27545,2165685
2025-03-30T09:00:00Z,0.27546,0.27565,0.27445,0.27501,1406766
2025-03-30T10:00:00Z,0.27501,0.27665,0.27223,0.27308,3233572
2025-03-30T11:00:00Z,0.27304,0.27564,0.27280,0.27355,6781245
2025-03-30T12:00:00Z,0.27355,0.27364,0.27158,0.27274,2835613
2025-03-30T13:00:00Z,0.27277,0.27328,0.26892,0.26928,5847216
2025-03-30T14:00:00Z,0.26922,0.27125,0.26793,0.27016,4844692
2025-03-30T15:00:00Z,0.27018,0.27172,0.26979,0.27005,1891492
2025-03-30T16:00:00Z,0.27002,0.27050,0.26667,0.26764,4381770
2025-03-30T17:00:00Z,0.26762,0.26887,0.26675,0.26827,2906756
2025-03-30T18:00:00Z,0.26830,0.27197,0.26826,0.27197,3247197
2025-03-30T19:00:00Z,0.27200,0.27350,0.27036,0.27061,2692436
2025-03-30T20:00:00Z,0.27059,0.27124,0.26960,0.27013,1546184
2025-03-30T21:00:00Z,0.27011,0.27207,0.26820,0.26918,2109909
2025-03-30T22:00:00Z,0.26914,0.27276,0.26573,0.27076,5403988
2025-03-30T23:00:00Z,0.27077,0.27120,0.26789,0.27027,2421527
2025-03-31T00:00:00Z,0.27026,0.27087,0.26436,0.26656,4473435
2025-03-31T01:00:00Z,0.26659,0.27241,0.26616,0.27131,4352291
2025-03-31T02:00:00Z,0.27136,0.27211,0.26881,0.26997,2890533
2025-03-31T03:00:00Z,0.26999,0.27074,0.26685,0.26755,3352233
2025-03-31T04:00:00Z,0.26759,0.27100,0.26727,0.27003,2481021
2025-03-31T05:00:00Z,0.27004,0.27176,0.26981,0.27014,2399518
2025-03-31T06:00:00Z,0.27012,0.27064,0.26728,0.26793,3696057
2025-03-31T07:00:00Z,0.26796,0.26953,0.26500,0.26711,4118261
2025-03-31T08:00:00Z,0.26709,0.26899,0.26587,0.26620,5067773
2025-03-31T09:00:00Z,0.26621,0.26809,0.26352,0.26480,6639917
2025-03-31T10:00:00Z,0.26480,0.26867,0.26383,0.26788,4265566
2025-03-31T11:00:00Z,0.26790,0.27015,0.26674,0.26888,4392413
2025-03-31T12:00:00Z,0.26882,0.27327,0.26702,0.27110,4018907
2025-03-31T13:00:00Z,0.27120,0.27185,0.26646,0.26952,4832368
2025-03-31T14:00:00Z,0.26956,0.27490,0.26956,0.27358,5731615
2025-03-31T15:00:00Z,0.27361,0.27582,0.27293,0.27307,3635875
2025-03-31T16:00:00Z,0.27308,0.27419,0.27168,0.27209,2369619
2025-03-31T17:00:00Z,0.27208,0.27352,0.26866,0.27018,3925040
2025-03-31T18:00:00Z,0.27016,0.27340,0.27011,0.27231,2113121
2025-03-31T19:00:00Z,0.27231,0.27378,0.27027,0.27097,2493749
2025-03-31T20:00:00Z,0.27096,0.27217,0.27008,0.27047,1798860
2025-03-31T21:00:00Z,0.27047,0.27212,0.27037,0.27065,1435210
2025-03-31T22:00:00Z,0.27068,0.27122,0.26939,0.27122,1811985
2025-03-31T23:00:00Z,0.27124,0.27191,0.26951,0.27038,2399662
2025-04-01T00:00:00Z,0.27036,0.27194,0.26955,0.27113,4510915
2025-04-01T01:00:00Z,0.27110,0.27122,0.26860,0.27008,2675532
2025-04-01T02:00:00Z,0.27004,0.27337,0.26961,0.27310,2376944
2025-04-01T03:00:00Z,0.27310,0.27382,0.27187,0.27232,1872867
2025-04-01T04:00:00Z,0.27235,0.27389,0.27211,0.27371,1614335
2025-04-01T05:00:00Z,0.27374,0.27506,0.27303,0.27309,2227744
2025-04-01T06:00:00Z,0.27313,0.27604,0.27237,0.27502,3045848
2025-04-01T07:00:00Z,0.27501,0.27611,0.27408,0.27466,2892964
2025-04-01T08:00:00Z,0.27463,0.27907,0.27458,0.27870,5411256
2025-04-01T09:00:00Z,0.27870,0.27989,0.27824,0.27929,3750824
2025-04-01T10:00:00Z,0.27929,0.27950,0.27510,0.27536,3888028
2025-04-01T11:00:00Z,0.27536,0.27594,0.27305,0.27462,3295650
2025-04-01T12:00:00Z,0.27459,0.27564,0.27334,0.27451,2421336
2025-04-01T13:00:00Z,0.27452,0.27741,0.27388,0.27574,2545511
2025-04-01T14:00:00Z,0.27573,0.27815,0.27117,0.27727,5963342
2025-04-01T15:00:00Z,0.27730,0.28336,0.27730,0.28132,13149176
2025-04-01T16:00:00Z,0.28141,0.28279,0.27929,0.28010,3913138
2025-04-01T17:00:00Z,0.28015,0.28049,0.27865,0.27902,2885580
2025-04-01T18:00:00Z,0.27904,0.27908,0.27538,0.27654,5074295
2025-04-01T19:00:00Z,0.27653,0.27665,0.27471,0.27588,2973946
2025-04-01T20:00:00Z,0.27586,0.27714,0.27366,0.27685,2374440
2025-04-01T21:00:00Z,0.27689,0.27773,0.27595,0.27604,1913762
2025-04-01T22:00:00Z,0.27608,0.27789,0.27577,0.27616,1544602
2025-04-01T23:00:00Z,0.27609,0.27720,0.27416,0.27547,2211184
2025-04-02T00:00:00Z,0.27548,0.27553,0.27059,0.27140,7581120
2025-04-02T01:00:00Z,0.27142,0.27193,0.26953,0.27062,4251511
2025-04-02T02:00:00Z,0.27062,0.27082,0.26600,0.26834,6639282
2025-04-02T03:00:00Z,0.26834,0.27181,0.26812,0.27032,3435135
2025-04-02T04:00:00Z,0.27031,0.27140,0.26861,0.26968,3302797
2025-04-02T05:00:00Z,0.26969,0.26973,0.26630,0.26681,4967694
2025-04-02T06:00:00Z,0.26685,0.26865,0.26534,0.26558,4178846
2025-04-02T07:00:00Z,0.26555,0.26960,0.26535,0.26734,5948425
2025-04-02T08:00:00Z,0.26736,0.26920,0.26587,0.26715,3039934
2025-04-02T09:00:00Z,0.26714,0.27135,0.26697,0.26897,4880266
2025-04-02T10:00:00Z,0.26899,0.27081,0.26840,0.26874,2697657
2025-04-02T11:00:00Z,0.26870,0.26948,0.26694,0.26763,2464212
2025-04-02T12:00:00Z,0.26760,0.26916,0.26642,0.26897,2555415
2025-04-02T13:00:00Z,0.26898,0.27239,0.26660,0.26918,4439561
2025-04-02T14:00:00Z,0.26919,0.27144,0.26823,0.27027,3358271
2025-04-02T15:00:00Z,0.27026,0.27830,0.26981,0.27556,11685244
2025-04-02T16:00:00Z,0.27562,0.27856,0.27535,0.27620,4158137
2025-04-02T17:00:00Z,0.27613,0.27741,0.27177,0.27375,5479992
2025-04-02T18:00:00Z,0.27373,0.27579,0.27314,0.27504,2593846
2025-04-02T19:00:00Z,0.27512,0.27616,0.27385,0.27580,2155490
2025-04-02T20:00:00Z,0.27584,0.28300,0.26863,0.27318,21359848
2025-04-02T21:00:00Z,0.27333,0.27409,0.26820,0.27046,5998064
2025-04-02T22:00:00Z,0.27046,0.27046,0.25235,0.25402,27818292
2025-04-02T23:00:00Z,0.25397,0.25754,0.25244,0.25644,7994589
2025-04-03T00:00:00Z,0.25645,0.26254,0.25564,0.26241,11003841
2025-04-03T01:00:00Z,0.26243,0.26467,0.26147,0.26326,6584850
2025-04-03T02:00:00Z,0.26325,0.26589,0.26214,0.26542,4540840
2025-04-03T03:00:00Z,0.26544,0.26569,0.26413,0.26507,3944797
2025-04-03T04:00:00Z,0.26508,0.26580,0.26312,0.26506,3696471
2025-04-03T05:00:00Z,0.26507,0.26543,0.26236,0.26241,2496614
2025-04-03T06:00:00Z,0.26245,0.26364,0.26004,0.26097,5004748
2025-04-03T07:00:00Z,0.26100,0.26179,0.25794,0.25940,6017877
2025-04-03T08:00:00Z,0.25940,0.26080,0.25871,0.25935,3573047
2025-04-03T09:00:00Z,0.25935,0.26100,0.25812,0.25912,6066918
2025-04-03T10:00:00Z,0.25911,0.25948,0.25357,0.25468,9883616
2025-04-03T11:00:00Z,0.25466,0.25625,0.25257,0.25562,5395528
2025-04-03T12:00:00Z,0.25561,0.25676,0.24855,0.24953,11395991
2025-04-03T13:00:00Z,0.24947,0.25667,0.24900,0.25604,7977834
2025-04-03T14:00:00Z,0.25601,0.25655,0.25244,0.25315,4904063
2025-04-03T15:00:00Z,0.25312,0.25954,0.25299,0.25922,6644689
2025-04-03T16:00:00Z,0.25922,0.25990,0.25690,0.25731,3940659
2025-04-03T17:00:00Z,0.25729,0.25924,0.25702,0.25761,5022658
2025-04-03T18:00:00Z,0.25761,0.26074,0.25636,0.25927,4272419
2025-04-03T19:00:00Z,0.25927,0.26080,0.25863,0.25943,3058034
2025-04-03T20:00:00Z,0.25950,0.26226,0.25917,0.26122,2587306
2025-04-03T21:00:00Z,0.26124,0.26382,0.26086,0.26293,3251485
2025-04-03T22:00:00Z,0.26294,0.26410,0.26217,0.26331,3542764
2025-04-03T23:00:00Z,0.26333,0.26367,0.26072,0.26180,3352762
2025-04-04T00:00:00Z,0.26181,0.26276,0.26030,0.26055,2409629
2025-04-04T01:00:00Z,0.26056,0.26178,0.25870,0.25947,3329672
2025-04-04T02:00:00Z,0.25950,0.26353,0.25940,0.26219,2589117
2025-04-04T03:00:00Z,0.26219,0.26245,0.26061,0.26177,1620578
2025-04-04T04:00:00Z,0.26177,0.26239,0.26070,0.26104,1552935
2025-04-04T05:00:00Z,0.26104,0.26450,0.26012,0.26372,3058456
2025-04-04T06:00:00Z,0.26370,0.26529,0.26270,0.26279,3092340
2025-04-04T07:00:00Z,0.26280,0.26561,0.26280,0.26473,3748590
2025-04-04T08:00:00Z,0.26469,0.26648,0.26444,0.26490,3565332
2025-04-04T09:00:00Z,0.26489,0.26494,0.26356,0.26437,2209394
2025-04-04T10:00:00Z,0.26442,0.26498,0.25746,0.25826,7487837
2025-04-04T11:00:00Z,0.25825,0.25888,0.25478,0.25811,5204457
2025-04-04T12:00:00Z,0.25815,0.26100,0.25603,0.26040,7772506
2025-04-04T13:00:00Z,0.26040,0.26418,0.25853,0.26313,6451316
2025-04-04T14:00:00Z,0.26306,0.26391,0.25952,0.26183,5082579
2025-04-04T15:00:00Z,0.26180,0.26702,0.26162,0.26242,8862587
2025-04-04T16:00:00Z,0.26243,0.26478,0.26106,0.26305,5379952
2025-04-04T17:00:00Z,0.26304,0.26613,0.26133,0.26512,5182266
2025-04-04T18:00:00Z,0.26513,0.26552,0.26271,0.26308,3111439
2025-04-04T19:00:00Z,0.26306,0.26412,0.26176,0.26261,2964429
2025-04-04T20:00:00Z,0.26260,0.26534,0.26257,0.26443,2879529
2025-04-04T21:00:00Z,0.26450,0.26640,0.26413,0.26508,1561805
2025-04-04T22:00:00Z,0.26509,0.26562,0.26430,0.26447,1048302
2025-04-04T23:00:00Z,0.26448,0.26460,0.26278,0.26376,1724749
2025-04-05T00:00:00Z,0.26376,0.26450,0.26267,0.26434,1716594
2025-04-05T01:00:00Z,0.26435,0.26539,0.26384,0.26386,1507024
2025-04-05T02:00:00Z,0.26387,0.26404,0.26278,0.26336,2083040
2025-04-05T03:00:00Z,0.26336,0.26407,0.26281,0.26355,2230399
2025-04-05T04:00:00Z,0.26354,0.26401,0.26240,0.26284,1359151
2025-04-05T05:00:00Z,0.26284,0.26372,0.26254,0.26269,761118
2025-04-05T06:00:00Z,0.26270,0.26313,0.26187,0.26258,1397998
2025-04-05T07:00:00Z,0.26256,0.26412,0.26189,0.26371,1353160
2025-04-05T08:00:00Z,0.26374,0.26400,0.26270,0.26355,2103940
2025-04-05T09:00:00Z,0.26354,0.26511,0.26354,0.26476,1848793
2025-04-05T10:00:00Z,0.26480,0.26584,0.26423,0.26473,2598364
2025-04-05T11:00:00Z,0.26469,0.26489,0.26370,0.26436,1672870
2025-04-05T12:00:00Z,0.26432,0.26461,0.26215,0.26321,2799948
2025-04-05T13:00:00Z,0.26324,0.26343,0.26012,0.26074,3582795
2025-04-05T14:00:00Z,0.26074,0.26226,0.26039,0.26151,3369379
2025-04-05T15:00:00Z,0.26151,0.26151,0.25891,0.25993,4438445
2025-04-05T16:00:00Z,0.25991,0.26075,0.25916,0.25993,1963440
2025-04-05T17:00:00Z,0.25994,0.26045,0.25837,0.25849,1907687
2025-04-05T18:00:00Z,0.25849,0.26078,0.25822,0.26022,2858591
2025-04-05T19:00:00Z,0.26023,0.26078,0.25908,0.25934,1480501
2025-04-05T20:00:00Z,0.25933,0.26077,0.25851,0.25974,1917567
2025-04-05T21:00:00Z,0.25977,0.26044,0.25889,0.25931,1898215
2025-04-05T22:00:00Z,0.25929,0.26047,0.25921,0.26040,1134541
2025-04-05T23:00:00Z,0.26040,0.26273,0.26008,0.26180,1741372
2025-04-06T00:00:00Z,0.26184,0.26274,0.26145,0.26203,1705570
2025-04-06T01:00:00Z,0.26205,0.26312,0.26083,0.26126,8113335
2025-04-06T02:00:00Z,0.26129,0.26170,0.25962,0.25979,2343144
2025-04-06T03:00:00Z,0.25980,0.26019,0.25902,0.25998,1409424
2025-04-06T04:00:00Z,0.26000,0.26011,0.25922,0.25989,1354941
2025-04-06T05:00:00Z,0.25990,0.26059,0.25919,0.26017,1874732
2025-04-06T06:00:00Z,0.26018,0.26043,0.25726,0.25741,3422174
2025-04-06T07:00:00Z,0.25742,0.25798,0.25669,0.25747,2344260
2025-04-06T08:00:00Z,0.25746,0.25857,0.25603,0.25848,2250767
2025-04-06T09:00:00Z,0.25847,0.25887,0.25758,0.25841,1650219
2025-04-06T10:00:00Z,0.25840,0.25863,0.25676,0.25714,1466966
2025-04-06T11:00:00Z,0.25713,0.25763,0.25513,0.25649,3013250
2025-04-06T12:00:00Z,0.25648,0.25678,0.25290,0.25300,6166779
2025-04-06T13:00:00Z,0.25299,0.25416,0.24772,0.24841,11129331
2025-04-06T14:00:00Z,0.24840,0.25266,0.24740,0.25253,5397055
2025-04-06T15:00:00Z,0.25252,0.25289,0.25118,0.25230,1893877
2025-04-06T16:00:00Z,0.25229,0.25231,0.24780,0.24852,4697149
2025-04-06T17:00:00Z,0.24851,0.24912,0.24153,0.24299,13758150
2025-04-06T18:00:00Z,0.24301,0.24304,0.23320,0.23517,23004512
2025-04-06T19:00:00Z,0.23521,0.23772,0.23356,0.23694,8778943
2025-04-06T20:00:00Z,0.23694,0.23755,0.22886,0.23095,12540848
2025-04-06T21:00:00Z,0.23098,0.23454,0.23050,0.23190,5874587
2025-04-06T22:00:00Z,0.23191,0.23563,0.22915,0.23142,14095836
2025-04-06T23:00:00Z,0.23141,0.23375,0.22697,0.23212,10423449
2025-04-07T00:00:00Z,0.23214,0.23222,0.22788,0.23076,7009389
2025-04-07T01:00:00Z,0.23076,0.23813,0.23050,0.23529,6618817
2025-04-07T02:00:00Z,0.23524,0.23678,0.23283,0.23342,3239638
2025-04-07T03:00:00Z,0.23344,0.23447,0.22333,0.22812,18385486
2025-04-07T04:00:00Z,0.22810,0.23127,0.22698,0.22953,6747276
2025-04-07T05:00:00Z,0.22952,0.23214,0.22640,0.22768,7168053
2025-04-07T06:00:00Z,0.22763,0.22916,0.21287,0.21507,38020544
2025-04-07T07:00:00Z,0.21512,0.22130,0.21491,0.21755,11767288
2025-04-07T08:00:00Z,0.21753,0.22717,0.21589,0.22585,12868865
2025-04-07T09:00:00Z,0.22583,0.23043,0.22417,0.22670,7209220
2025-04-07T10:00:00Z,0.22674,0.23220,0.22649,0.22854,7072447
2025-04-07T11:00:00Z,0.22861,0.23100,0.22668,0.22800,3947445
2025-04-07T12:00:00Z,0.22799,0.23423,0.22696,0.23276,9050649
2025-04-07T13:00:00Z,0.23274,0.24254,0.22932,0.24106,18738227
2025-04-07T14:00:00Z,0.24104,0.25101,0.23723,0.24103,42967052
2025-04-07T15:00:00Z,0.24101,0.24274,0.23594,0.23972,10977740
2025-04-07T16:00:00Z,0.23973,0.23977,0.23499,0.23533,6772262
2025-04-07T17:00:00Z,0.23539,0.24302,0.23539,0.24201,8936916
2025-04-07T18:00:00Z,0.24202,0.24212,0.23820,0.23874,5072032
2025-04-07T19:00:00Z,0.23872,0.24088,0.23772,0.23800,3818912
2025-04-07T20:00:00Z,0.23797,0.24248,0.23788,0.24106,3759929
2025-04-07T21:00:00Z,0.24106,0.24231,0.23923,0.24100,2143682
2025-04-07T22:00:00Z,0.24104,0.24363,0.24068,0.24230,3840292
2025-04-07T23:00:00Z,0.24230,0.24258,0.23945,0.23978,2848905
2025-04-08T00:00:00Z,0.23976,0.24184,0.23902,0.23914,4861931
2025-04-08T01:00:00Z,0.23910,0.24568,0.23864,0.24534,6008469
2025-04-08T02:00:00Z,0.24535,0.24745,0.24475,0.24555,5087909
2025-04-08T03:00:00Z,0.24553,0.24636,0.24231,0.24304,4273472
2025-04-08T04:00:00Z,0.24305,0.24484,0.24258,0.24444,2249978
2025-04-08T05:00:00Z,0.24440,0.24466,0.24091,0.24183,2348241
2025-04-08T06:00:00Z,0.24181,0.24181,0.23745,0.23800,6424796
2025-04-08T07:00:00Z,0.23799,0.23864,0.23680,0.23842,3452666
2025-04-08T08:00:00Z,0.23842,0.23872,0.23622,0.23810,5462833
2025-04-08T09:00:00Z,0.23808,0.24017,0.23752,0.23809,4710737
2025-04-08T10:00:00Z,0.23812,0.23941,0.23786,0.23840,1738247
2025-04-08T11:00:00Z,0.23842,0.24429,0.23791,0.24371,6106220
2025-04-08T12:00:00Z,0.24372,0.24521,0.24146,0.24231,5655464
2025-04-08T13:00:00Z,0.24227,0.24579,0.24189,0.24406,8755249
2025-04-08T14:00:00Z,0.24403,0.24600,0.23935,0.23942,7512437
2025-04-08T15:00:00Z,0.23944,0.24048,0.23779,0.23918,8200266
2025-04-08T16:00:00Z,0.23918,0.23945,0.23334,0.23411,6784622
2025-04-08T17:00:00Z,0.23416,0.23466,0.22943,0.23363,10397504
2025-04-08T18:00:00Z,0.23364,0.23663,0.23265,0.23381,5246976
2025-04-08T19:00:00Z,0.23386,0.23449,0.23049,0.23162,4807434
2025-04-08T20:00:00Z,0.23163,0.23370,0.23005,0.23324,3648812
2025-04-08T21:00:00Z,0.23326,0.23416,0.23027,0.23328,2119128
2025-04-08T22:00:00Z,0.23328,0.23329,0.22914,0.23138,3160271
2025-04-08T23:00:00Z,0.23135,0.23150,0.22922,0.23089,3436489
2025-04-09T00:00:00Z,0.23091,0.23223,0.22857,0.22960,6628119
2025-04-09T01:00:00Z,0.22962,0.23249,0.22278,0.23236,14434436
2025-04-09T02:00:00Z,0.23236,0.23415,0.23043,0.23063,5412113
2025-04-09T03:00:00Z,0.23062,0.23209,0.22955,0.23183,4536101
2025-04-09T04:00:00Z,0.23181,0.23722,0.23142,0.23469,9385662
2025-04-09T05:00:00Z,0.23469,0.23701,0.23441,0.23654,6125440
2025-04-09T06:00:00Z,0.23656,0.23999,0.23637,0.23813,6421398
2025-04-09T07:00:00Z,0.23813,0.24145,0.23801,0.24089,7377622
2025-04-09T08:00:00Z,0.24091,0.24259,0.23957,0.24079,5528178
2025-04-09T09:00:00Z,0.24079,0.24161,0.23934,0.23989,3491962
2025-04-09T10:00:00Z,0.23990,0.24127,0.23816,0.24030,3850942
2025-04-09T11:00:00Z,0.24019,0.24044,0.23514,0.23670,11436119
2025-04-09T12:00:00Z,0.23669,0.23927,0.23441,0.23803,7193689
2025-04-09T13:00:00Z,0.23804,0.24388,0.23749,0.24109,8738836
2025-04-09T14:00:00Z,0.24109,0.24448,0.23970,0.23992,8483436
2025-04-09T15:00:00Z,0.23991,0.24287,0.23985,0.24123,3165433
2025-04-09T16:00:00Z,0.24124,0.24307,0.24093,0.24277,3426923
2025-04-09T17:00:00Z,0.24276,0.26084,0.24050,0.26014,39050984
2025-04-09T18:00:00Z,0.26012,0.26266,0.25795,0.25806,14945439
2025-04-09T19:00:00Z,0.25807,0.26099,0.25806,0.25920,3087516
2025-04-09T20:00:00Z,0.25920,0.26133,0.25851,0.26103,3420667
2025-04-09T21:00:00Z,0.26103,0.26200,0.25874,0.26078,3711756
2025-04-09T22:00:00Z,0.26077,0.26146,0.25907,0.25915,3107981
2025-04-09T23:00:00Z,0.25916,0.25967,0.25777,0.25828,2420880
2025-04-10T00:00:00Z,0.25827,0.25869,0.25424,0.25626,5357308
2025-04-10T01:00:00Z,0.25627,0.25702,0.25428,0.25471,2050084
2025-04-10T02:00:00Z,0.25472,0.25632,0.25443,0.25541,2535467
2025-04-10T03:00:00Z,0.25538,0.25560,0.25131,0.25381,3846600
2025-04-10T04:00:00Z,0.25382,0.25431,0.25203,0.25374,2823220
2025-04-10T05:00:00Z,0.25370,0.25521,0.25316,0.25468,3836669
2025-04-10T06:00:00Z,0.25468,0.25596,0.25393,0.25523,2469332
2025-04-10T07:00:00Z,0.25526,0.25575,0.25211,0.25418,3042784
2025-04-10T08:00:00Z,0.25419,0.25507,0.25290,0.25371,2935767
2025-04-10T09:00:00Z,0.25374,0.25433,0.25207,0.25374,2908261
2025-04-10T10:00:00Z,0.25373,0.25429,0.25218,0.25340,2775015
2025-04-10T11:00:00Z,0.25342,0.25378,0.25161,0.25319,2807607
2025-04-10T12:00:00Z,0.25325,0.25860,0.25196,0.25354,7250587
2025-04-10T13:00:00Z,0.25358,0.25532,0.25155,0.25344,5642657
2025-04-10T14:00:00Z,0.25335,0.25758,0.25234,0.25564,5145845
2025-04-10T15:00:00Z,0.25560,0.25616,0.24676,0.24795,11150497
2025-04-10T16:00:00Z,0.24791,0.25236,0.24710,0.25212,8142543
2025-04-10T17:00:00Z,0.25212,0.25393,0.25016,0.25239,4700633
2025-04-10T18:00:00Z,0.25235,0.25458,0.25232,0.25356,2652982
2025-04-10T19:00:00Z,0.25356,0.25580,0.25284,0.25474,3012034
2025-04-10T20:00:00Z,0.25470,0.25641,0.25462,0.25581,2760924
2025-04-10T21:00:00Z,0.25579,0.25659,0.25477,0.25565,2151939
2025-04-10T22:00:00Z,0.25563,0.25730,0.25469,0.25620,3604040
2025-04-10T23:00:00Z,0.25618,0.25835,0.25480,0.25752,7157799
2025-04-11T00:00:00Z,0.25752,0.25906,0.25607,0.25632,3639335
2025-04-11T01:00:00Z,0.25630,0.25926,0.25621,0.25892,3038637
2025-04-11T02:00:00Z,0.25892,0.26125,0.25765,0.25941,4013198
2025-04-11T03:00:00Z,0.25937,0.26122,0.25930,0.25975,2101728
2025-04-11T04:00:00Z,0.25974,0.26077,0.25797,0.25900,6639769
2025-04-11T05:00:00Z,0.25899,0.25980,0.25809,0.25895,2530944
2025-04-11T06:00:00Z,0.25894,0.26045,0.25858,0.26033,2376675
2025-04-11T07:00:00Z,0.26033,0.26037,0.25865,0.25922,2120299
2025-04-11T08:00:00Z,0.25925,0.26073,0.25745,0.25988,3794415
2025-04-11T09:00:00Z,0.25983,0.26051,0.25827,0.26000,3113984
2025-04-11T10:00:00Z,0.25993,0.26329,0.25896,0.26068,8483849
2025-04-11T11:00:00Z,0.26069,0.26103,0.25836,0.25928,3271307
2025-04-11T12:00:00Z,0.25931,0.26086,0.25712,0.25786,5695526
2025-04-11T13:00:00Z,0.25786,0.26107,0.25699,0.25989,3780864
2025-04-11T14:00:00Z,0.25983,0.26008,0.25656,0.25838,5002458
2025-04-11T15:00:00Z,0.25837,0.25999,0.25796,0.25978,2296437
2025-04-11T16:00:00Z,0.25978,0.26106,0.25864,0.26043,4113758
2025-04-11T17:00:00Z,0.26045,0.26361,0.25987,0.26287,4133391
2025-04-11T18:00:00Z,0.26286,0.26347,0.26091,0.26189,2715258
2025-04-11T19:00:00Z,0.26190,0.26257,0.26098,0.26164,2163565
2025-04-11T20:00:00Z,0.26160,0.26256,0.26124,0.26168,1278694
2025-04-11T21:00:00Z,0.26166,0.26352,0.26155,0.26273,2015665
2025-04-11T22:00:00Z,0.26273,0.26306,0.26114,0.26157,1374279
2025-04-11T23:00:00Z,0.26157,0.26158,0.25982,0.26059,1733285
2025-04-12T00:00:00Z,0.26057,0.26080,0.25814,0.25906,5303416
2025-04-12T01:00:00Z,0.25907,0.25957,0.25815,0.25861,1563407
2025-04-12T02:00:00Z,0.25861,0.25963,0.25753,0.25802,3871067
2025-04-12T03:00:00Z,0.25801,0.25898,0.25790,0.25875,1753576
2025-04-12T04:00:00Z,0.25878,0.26134,0.25799,0.26011,2152329
2025-04-12T05:00:00Z,0.26012,0.26044,0.25926,0.25990,1607187
2025-04-12T06:00:00Z,0.25991,0.26086,0.25952,0.25969,3262513
2025-04-12T07:00:00Z,0.25970,0.26062,0.25940,0.25992,2318557
2025-04-12T08:00:00Z,0.25992,0.26238,0.25970,0.26131,3081971
2025-04-12T09:00:00Z,0.26128,0.26159,0.26036,0.26043,2052207
2025-04-12T10:00:00Z,0.26044,0.26171,0.25952,0.26037,2470791
2025-04-12T11:00:00Z,0.26038,0.26124,0.26017,0.26088,1229830
2025-04-12T12:00:00Z,0.26089,0.26300,0.26056,0.26224,2244018
2025-04-12T13:00:00Z,0.26220,0.27043,0.26204,0.26854,9914681
2025-04-12T14:00:00Z,0.26857,0.27193,0.26790,0.27079,6489242
2025-04-12T15:00:00Z,0.27075,0.27160,0.26894,0.27036,4699547
2025-04-12T16:00:00Z,0.27035,0.27136,0.26964,0.27074,2607902
2025-04-12T17:00:00Z,0.27075,0.27119,0.26921,0.26956,2844918
2025-04-12T18:00:00Z,0.26953,0.27217,0.26952,0.27119,2360396
2025-04-12T19:00:00Z,0.27122,0.27124,0.26865,0.26919,1486981
2025-04-12T20:00:00Z,0.26920,0.27188,0.26920,0.27098,1827129
2025-04-12T21:00:00Z,0.27094,0.27198,0.27002,0.27080,1843810
2025-04-12T22:00:00Z,0.27078,0.27264,0.27078,0.27199,2302080
2025-04-12T23:00:00Z,0.27203,0.27240,0.27085,0.27168,1670674
2025-04-13T00:00:00Z,0.27169,0.27374,0.27062,0.27070,5558558
2025-04-13T01:00:00Z,0.27072,0.27110,0.26672,0.26730,5222995
2025-04-13T02:00:00Z,0.26731,0.26795,0.26601,0.26714,2611190
2025-04-13T03:00:00Z,0.26711,0.26735,0.26571,0.26658,1789554
2025-04-13T04:00:00Z,0.26658,0.26706,0.26336,0.26393,6962877
2025-04-13T05:00:00Z,0.26392,0.26431,0.26236,0.26314,2783162
2025-04-13T06:00:00Z,0.26315,0.26498,0.26292,0.26413,1855824
2025-04-13T07:00:00Z,0.26414,0.26520,0.26278,0.26321,1745511
2025-04-13T08:00:00Z,0.26321,0.26403,0.26200,0.26397,1956081
2025-04-13T09:00:00Z,0.26399,0.26733,0.26367,0.26705,2614717
2025-04-13T10:00:00Z,0.26704,0.26753,0.26526,0.26613,1736285
2025-04-13T11:00:00Z,0.26614,0.26648,0.26306,0.26418,4181632
2025-04-13T12:00:00Z,0.26417,0.26490,0.26250,0.26363,4288180
2025-04-13T13:00:00Z,0.26366,0.26427,0.25848,0.25957,7684381
2025-04-13T14:00:00Z,0.25960,0.26037,0.25854,0.25988,3773139
2025-04-13T15:00:00Z,0.25989,0.25989,0.25813,0.25925,3163838
2025-04-13T16:00:00Z,0.25926,0.26082,0.25912,0.26042,3794704
2025-04-13T17:00:00Z,0.26044,0.26532,0.26028,0.26434,4008932
2025-04-13T18:00:00Z,0.26434,0.26570,0.26343,0.26343,2711509
2025-04-13T19:00:00Z,0.26344,0.26349,0.25261,0.25698,11840453
2025-04-13T20:00:00Z,0.25699,0.25994,0.25573,0.25712,5428259
2025-04-13T21:00:00Z,0.25717,0.25754,0.25297,0.25634,5248489
2025-04-13T22:00:00Z,0.25634,0.25736,0.25502,0.25536,2661868
2025-04-13T23:00:00Z,0.25537,0.25848,0.25502,0.25777,2777510
2025-04-14T00:00:00Z,0.25781,0.26224,0.25710,0.25937,4331321
2025-04-14T01:00:00Z,0.25937,0.26052,0.25857,0.25928,1790879
2025-04-14T02:00:00Z,0.25932,0.26794,0.25917,0.26448,7996778
2025-04-14T03:00:00Z,0.26446,0.26700,0.26286,0.26414,8125170
2025-04-14T04:00:00Z,0.26413,0.27532,0.26413,0.27379,22056397
2025-04-14T05:00:00Z,0.27375,0.27727,0.26888,0.27128,19514037
2025-04-14T06:00:00Z,0.27132,0.27139,0.26392,0.26466,10888353
2025-04-14T07:00:00Z,0.26466,0.26466,0.26073,0.26419,8657258
2025-04-14T08:00:00Z,0.26420,0.26831,0.26390,0.26524,8989724
2025-04-14T09:00:00Z,0.26524,0.26569,0.26217,0.26298,4892535
2025-04-14T10:00:00Z,0.26299,0.26780,0.26299,0.26723,4135344
2025-04-14T11:00:00Z,0.26725,0.26760,0.26492,0.26632,4071745
2025-04-14T12:00:00Z,0.26632,0.26753,0.26500,0.26609,3342455
2025-04-14T13:00:00Z,0.26612,0.26703,0.25971,0.26148,8414713
2025-04-14T14:00:00Z,0.26149,0.26666,0.26103,0.26529,5021499
2025-04-14T15:00:00Z,0.26534,0.26567,0.25610,0.25765,13349384
2025-04-14T16:00:00Z,0.25765,0.26067,0.25691,0.25916,8335151
2025-04-14T17:00:00Z,0.25916,0.26139,0.25895,0.26009,3964483
2025-04-14T18:00:00Z,0.26010,0.26110,0.25866,0.25995,4604136
2025-04-14T19:00:00Z,0.25994,0.26080,0.25889,0.26016,2489962
2025-04-14T20:00:00Z,0.26018,0.26054,0.25872,0.25988,1997607
2025-04-14T21:00:00Z,0.25990,0.26037,0.25734,0.25991,2485856
2025-04-14T22:00:00Z,0.25992,0.25999,0.25798,0.25833,1649815
2025-04-14T23:00:00Z,0.25836,0.25885,0.25720,0.25764,3385234
2025-04-15T00:00:00Z,0.25765,0.25851,0.25533,0.25676,4238166
2025-04-15T01:00:00Z,0.25676,0.25752,0.25406,0.25706,5938370
2025-04-15T02:00:00Z,0.25709,0.25784,0.25459,0.25668,4691633
2025-04-15T03:00:00Z,0.25669,0.25870,0.25604,0.25802,2633360
2025-04-15T04:00:00Z,0.25802,0.25917,0.25660,0.25862,3208086
2025-04-15T05:00:00Z,0.25862,0.25966,0.25722,0.25797,3065810
2025-04-15T06:00:00Z,0.25797,0.25804,0.25445,0.25552,4384233
2025-04-15T07:00:00Z,0.25558,0.25807,0.25549,0.25769,1981926
2025-04-15T08:00:00Z,0.25770,0.25808,0.25706,0.25725,1824075
2025-04-15T09:00:00Z,0.25723,0.25983,0.25679,0.25974,2861774
2025-04-15T10:00:00Z,0.25974,0.25984,0.25550,0.25658,4259039
2025-04-15T11:00:00Z,0.25660,0.25768,0.25594,0.25712,1441328
2025-04-15T12:00:00Z,0.25714,0.25853,0.25614,0.25825,2291098
2025-04-15T13:00:00Z,0.25826,0.26100,0.25700,0.25811,4113316
2025-04-15T14:00:00Z,0.25808,0.25868,0.25101,0.25472,11213111
2025-04-15T15:00:00Z,0.25472,0.25590,0.25125,0.25284,4690231
2025-04-15T16:00:00Z,0.25283,0.25423,0.25160,0.25266,3382886
2025-04-15T17:00:00Z,0.25266,0.25331,0.25027,0.25135,3860912
2025-04-15T18:00:00Z,0.25134,0.25203,0.24908,0.25140,3647872
2025-04-15T19:00:00Z,0.25140,0.25194,0.24929,0.25008,3236820
2025-04-15T20:00:00Z,0.25005,0.25120,0.24696,0.24858,4592777
2025-04-15T21:00:00Z,0.24852,0.24946,0.24691,0.24806,4384664
2025-04-15T22:00:00Z,0.24806,0.24885,0.24620,0.24713,5276342
2025-04-15T23:00:00Z,0.24713,0.24756,0.24399,0.24579,9112300
2025-04-16T00:00:00Z,0.24578,0.24735,0.24415,0.24540,4736845
2025-04-16T01:00:00Z,0.24538,0.24898,0.24531,0.24829,3213410
2025-04-16T02:00:00Z,0.24828,0.24909,0.24755,0.24866,2150570
2025-04-16T03:00:00Z,0.24867,0.24900,0.24774,0.24796,1557425
2025-04-16T04:00:00Z,0.24794,0.24896,0.24668,0.24884,2155018
2025-04-16T05:00:00Z,0.24882,0.24939,0.24620,0.24753,3581661
2025-04-16T06:00:00Z,0.24754,0.24901,0.24719,0.24831,2048221
2025-04-16T07:00:00Z,0.24835,0.24871,0.24530,0.24592,3476863
2025-04-16T08:00:00Z,0.24593,0.24911,0.24429,0.24744,3986278
2025-04-16T09:00:00Z,0.24745,0.24790,0.24501,0.24517,2309762
2025-04-16T10:00:00Z,0.24517,0.24764,0.24513,0.24730,2328659
2025-04-16T11:00:00Z,0.24730,0.24859,0.24676,0.24767,2676755
2025-04-16T12:00:00Z,0.24767,0.24877,0.24597,0.24637,2853064
2025-04-16T13:00:00Z,0.24640,0.24838,0.24504,0.24504,4184752
2025-04-16T14:00:00Z,0.24506,0.25008,0.24481,0.24829,5910734
2025-04-16T15:00:00Z,0.24828,0.25166,0.24728,0.24742,4732647
2025-04-16T16:00:00Z,0.24736,0.24827,0.24345,0.24605,6865338
2025-04-16T17:00:00Z,0.24604,0.24979,0.24016,0.24105,12594346
2025-04-16T18:00:00Z,0.24104,0.24738,0.24072,0.24561,6347694
2025-04-16T19:00:00Z,0.24568,0.24946,0.24452,0.24839,4136122
2025-04-16T20:00:00Z,0.24840,0.24918,0.24447,0.24509,6285051
2025-04-16T21:00:00Z,0.24508,0.24770,0.24420,0.24676,3164415
2025-04-16T22:00:00Z,0.24677,0.24730,0.24591,0.24647,1452296
2025-04-16T23:00:00Z,0.24647,0.24658,0.24348,0.24442,2046888
2025-04-17T00:00:00Z,0.24441,0.24497,0.24272,0.24417,3815751
2025-04-17T01:00:00Z,0.24415,0.24532,0.24335,0.24443,1889199
2025-04-17T02:00:00Z,0.24442,0.24446,0.24320,0.24390,1798712
2025-04-17T03:00:00Z,0.24392,0.24469,0.24307,0.24389,1544116
2025-04-17T04:00:00Z,0.24388,0.24584,0.24324,0.24556,1875415
2025-04-17T05:00:00Z,0.24557,0.24825,0.24554,0.24799,3013879
2025-04-17T06:00:00Z,0.24799,0.25007,0.24783,0.24948,4762228
2025-04-17T07:00:00Z,0.24948,0.25068,0.24820,0.24846,5638563
2025-04-17T08:00:00Z,0.24847,0.24899,0.24723,0.24764,2697523
2025-04-17T09:00:00Z,0.24764,0.24785,0.24648,0.24699,2338546
2025-04-17T10:00:00Z,0.24699,0.24734,0.24561,0.24667,1289347
2025-04-17T11:00:00Z,0.24667,0.24757,0.24628,0.24659,1421622
2025-04-17T12:00:00Z,0.24663,0.24828,0.24655,0.24748,2757181
2025-04-17T13:00:00Z,0.24746,0.24778,0.24608,0.24689,2406734
2025-04-17T14:00:00Z,0.24685,0.24698,0.24020,0.24295,9964309
2025-04-17T15:00:00Z,0.24290,0.24839,0.24275,0.24769,6280000
2025-04-17T16:00:00Z,0.24769,0.25018,0.24669,0.25004,5290824
2025-04-17T17:00:00Z,0.25002,0.25081,0.24894,0.24989,3021955
2025-04-17T18:00:00Z,0.24990,0.25204,0.24968,0.24974,4163882
2025-04-17T19:00:00Z,0.24976,0.25028,0.24686,0.24843,3368817
2025-04-17T20:00:00Z,0.24843,0.25016,0.24842,0.24947,1918513
2025-04-17T21:00:00Z,0.24950,0.24968,0.24817,0.24844,1445590
2025-04-17T22:00:00Z,0.24844,0.24937,0.24746,0.24763,1935961
2025-04-17T23:00:00Z,0.24763,0.24859,0.24717,0.24789,1498143
2025-04-18T00:00:00Z,0.24789,0.24868,0.24588,0.24656,2525069
2025-04-18T01:00:00Z,0.24655,0.24897,0.24612,0.24805,1828604
2025-04-18T02:00:00Z,0.24805,0.24947,0.24732,0.24854,1459546
2025-04-18T03:00:00Z,0.24854,0.25049,0.24811,0.25036,1986711
2025-04-18T04:00:00Z,0.25038,0.25208,0.24996,0.25135,4461536
2025-04-18T05:00:00Z,0.25136,0.25347,0.25045,0.25339,4596621
2025-04-18T06:00:00Z,0.25337,0.25520,0.25313,0.25474,7449166
2025-04-18T07:00:00Z,0.25470,0.25641,0.25320,0.25578,5489187
2025-04-18T08:00:00Z,0.25580,0.25990,0.25579,0.25787,8850756
2025-04-18T09:00:00Z,0.25787,0.25884,0.25643,0.25826,5349039
2025-04-18T10:00:00Z,0.25825,0.26205,0.25711,0.25837,10158077
2025-04-18T11:00:00Z,0.25838,0.26208,0.25821,0.26043,8372299
2025-04-18T12:00:00Z,0.26044,0.26305,0.25969,0.26140,7253635
2025-04-18T13:00:00Z,0.26140,0.26263,0.25898,0.26033,9085372
2025-04-18T14:00:00Z,0.26031,0.26142,0.25781,0.25872,5343217
2025-04-18T15:00:00Z,0.25872,0.25921,0.25624,0.25750,4471019
2025-04-18T16:00:00Z,0.25750,0.25928,0.25692,0.25837,3006342
2025-04-18T17:00:00Z,0.25841,0.26128,0.25839,0.25987,5270794
2025-04-18T18:00:00Z,0.25988,0.26108,0.25916,0.25980,3130058
2025-04-18T19:00:00Z,0.25978,0.26020,0.25866,0.25963,1790557
2025-04-18T20:00:00Z,0.25966,0.26013,0.25894,0.25973,1444797
2025-04-18T21:00:00Z,0.25974,0.26067,0.25929,0.26007,2092577
2025-04-18T22:00:00Z,0.26008,0.26100,0.25953,0.25994,1604111
2025-04-18T23:00:00Z,0.25994,0.26005,0.25912,0.25995,2182268
2025-04-19T00:00:00Z,0.25995,0.26225,0.25954,0.26215,4835153
2025-04-19T01:00:00Z,0.26214,0.26659,0.26198,0.26579,7086709
2025-04-19T02:00:00Z,0.26579,0.27005,0.26563,0.26897,8276666
2025-04-19T03:00:00Z,0.26896,0.27015,0.26641,0.26687,7059661
2025-04-19T04:00:00Z,0.26687,0.26731,0.26507,0.26590,4977012
2025-04-19T05:00:00Z,0.26589,0.26598,0.26330,0.26356,3589545
2025-04-19T06:00:00Z,0.26356,0.26370,0.26194,0.26247,5048835
2025-04-19T07:00:00Z,0.26249,0.26525,0.26232,0.26394,4159861
2025-04-19T08:00:00Z,0.26396,0.26485,0.26341,0.26371,2730349
2025-04-19T09:00:00Z,0.26371,0.26505,0.26274,0.26297,2902501
2025-04-19T10:00:00Z,0.26298,0.26365,0.26247,0.26357,2478870
2025-04-19T11:00:00Z,0.26357,0.26405,0.26213,0.26258,1904355
2025-04-19T12:00:00Z,0.26261,0.26359,0.26139,0.26353,4439045
2025-04-19T13:00:00Z,0.26349,0.26870,0.26339,0.26863,9882940
2025-04-19T14:00:00Z,0.26863,0.27129,0.26387,0.26429,18818809
2025-04-19T15:00:00Z,0.26428,0.26625,0.26376,0.26475,4385181
2025-04-19T16:00:00Z,0.26475,0.26653,0.26246,0.26331,4791803
2025-04-19T17:00:00Z,0.26332,0.26713,0.26309,0.26678,3564434
2025-04-19T18:00:00Z,0.26677,0.26820,0.26630,0.26698,3768804
2025-04-19T19:00:00Z,0.26698,0.26820,0.26608,0.26709,2684056
2025-04-19T20:00:00Z,0.26715,0.26903,0.26628,0.26875,2563748
2025-04-19T21:00:00Z,0.26875,0.26937,0.26789,0.26843,2921392
2025-04-19T22:00:00Z,0.26843,0.26864,0.26734,0.26784,2245773
2025-04-19T23:00:00Z,0.26783,0.26845,0.26696,0.26787,1683281
2025-04-20T00:00:00Z,0.26788,0.26952,0.26511,0.26528,6265742
2025-04-20T01:00:00Z,0.26528,0.26771,0.26528,0.26764,2162150
2025-04-20T02:00:00Z,0.26765,0.26941,0.26634,0.26824,3253425
2025-04-20T03:00:00Z,0.26817,0.26835,0.26637,0.26691,3789913
2025-04-20T04:00:00Z,0.26693,0.26926,0.26622,0.26926,4530424
2025-04-20T05:00:00Z,0.26925,0.27079,0.26788,0.26788,4209763
2025-04-20T06:00:00Z,0.26789,0.27011,0.26756,0.26866,2737259
2025-04-20T07:00:00Z,0.26867,0.26869,0.26478,0.26598,6385744
2025-04-20T08:00:00Z,0.26603,0.26619,0.26305,0.26386,5091813
2025-04-20T09:00:00Z,0.26387,0.26490,0.26344,0.26470,3409514
2025-04-20T10:00:00Z,0.26467,0.26480,0.26132,0.26288,9292146
2025-04-20T11:00:00Z,0.26286,0.26343,0.26124,0.26284,3675668
2025-04-20T12:00:00Z,0.26281,0.26462,0.26260,0.26265,4518563
2025-04-20T13:00:00Z,0.26263,0.26371,0.26133,0.26290,4365925
2025-04-20T14:00:00Z,0.26288,0.26665,0.26246,0.26563,5733419
2025-04-20T15:00:00Z,0.26563,0.26759,0.26337,0.26738,4971692
2025-04-20T16:00:00Z,0.26736,0.27269,0.26658,0.27115,18847725
2025-04-20T17:00:00Z,0.27111,0.27190,0.26944,0.26947,5329710
2025-04-20T18:00:00Z,0.26947,0.27032,0.26727,0.26854,3916693
2025-04-20T19:00:00Z,0.26850,0.26963,0.26792,0.26951,2480342
2025-04-20T20:00:00Z,0.26951,0.27156,0.26906,0.26941,3702806
2025-04-20T21:00:00Z,0.26941,0.27005,0.26812,0.26909,2887938
2025-04-20T22:00:00Z,0.26909,0.26910,0.26661,0.26807,2423564
2025-04-20T23:00:00Z,0.26809,0.26999,0.26809,0.26978,1533437
2025-04-21T00:00:00Z,0.26974,0.27563,0.26973,0.27334,18149362
2025-04-21T01:00:00Z,0.27334,0.27499,0.27250,0.27367,4266764
2025-04-21T02:00:00Z,0.27364,0.27442,0.27160,0.27304,4409701
2025-04-21T03:00:00Z,0.27305,0.27523,0.27153,0.27518,3774140
2025-04-21T04:00:00Z,0.27523,0.27989,0.27286,0.27813,12896739
2025-04-21T05:00:00Z,0.27814,0.28130,0.27768,0.27868,8303468
2025-04-21T06:00:00Z,0.27870,0.29253,0.27862,0.28311,41527394
2025-04-21T07:00:00Z,0.28314,0.28641,0.28140,0.28425,12664352
2025-04-21T08:00:00Z,0.28425,0.28963,0.28411,0.28644,17796344
2025-04-21T09:00:00Z,0.28640,0.28705,0.28039,0.28248,13968088
2025-04-21T10:00:00Z,0.28247,0.28528,0.28192,0.28372,8196600
2025-04-21T11:00:00Z,0.28373,0.28405,0.27887,0.27945,9124969
2025-04-21T12:00:00Z,0.27944,0.28195,0.27942,0.28043,6035929
2025-04-21T13:00:00Z,0.28043,0.28095,0.27832,0.27836,6647051
2025-04-21T14:00:00Z,0.27833,0.28212,0.27807,0.28094,7807150
2025-04-21T15:00:00Z,0.28093,0.28215,0.27840,0.27974,8172559
2025-04-21T16:00:00Z,0.27974,0.28171,0.27391,0.27469,13885256
2025-04-21T17:00:00Z,0.27470,0.27558,0.27154,0.27459,9356335
2025-04-21T18:00:00Z,0.27465,0.27492,0.27232,0.27250,5851230
2025-04-21T19:00:00Z,0.27250,0.27477,0.27200,0.27335,4762821
2025-04-21T20:00:00Z,0.27333,0.27461,0.27255,0.27385,2582926
2025-04-21T21:00:00Z,0.27378,0.27500,0.27154,0.27218,3943299
2025-04-21T22:00:00Z,0.27222,0.27245,0.26870,0.27126,9044596
2025-04-21T23:00:00Z,0.27125,0.27280,0.26993,0.27178,5360931
2025-04-22T00:00:00Z,0.27178,0.27183,0.26546,0.26853,11560413
2025-04-22T01:00:00Z,0.26852,0.27366,0.26780,0.27296,6850037
2025-04-22T02:00:00Z,0.27295,0.27440,0.27169,0.27190,5500979
2025-04-22T03:00:00Z,0.27194,0.27360,0.26973,0.27237,4605900
2025-04-22T04:00:00Z,0.27238,0.27344,0.27039,0.27061,4392815
2025-04-22T05:00:00Z,0.27064,0.27144,0.26925,0.27008,4554225
2025-04-22T06:00:00Z,0.27007,0.27060,0.26656,0.26862,5467217
2025-04-22T07:00:00Z,0.26862,0.27549,0.26794,0.27533,7098737
2025-04-22T08:00:00Z,0.27527,0.27585,0.27274,0.27385,4797662
2025-04-22T09:00:00Z,0.27385,0.27443,0.27233,0.27417,4179284
2025-04-22T10:00:00Z,0.27416,0.27488,0.27270,0.27360,3050908
2025-04-22T11:00:00Z,0.27359,0.27806,0.27333,0.27766,5853184
2025-04-22T12:00:00Z,0.27766,0.27870,0.27582,0.27786,6507895
2025-04-22T13:00:00Z,0.27786,0.28408,0.27725,0.28257,10173609
2025-04-22T14:00:00Z,0.28264,0.28431,0.28038,0.28334,8136915
2025-04-22T15:00:00Z,0.28329,0.28714,0.28152,0.28451,10208626
2025-04-22T16:00:00Z,0.28443,0.28589,0.28301,0.28372,5255741
2025-04-22T17:00:00Z,0.28372,0.28600,0.28228,0.28578,4292670
2025-04-22T18:00:00Z,0.28580,0.28741,0.28537,0.28574,3795906
2025-04-22T19:00:00Z,0.28578,0.28638,0.28333,0.28553,4267386
2025-04-22T20:00:00Z,0.28553,0.28658,0.28515,0.28605,1757130
2025-04-22T21:00:00Z,0.28604,0.29179,0.28410,0.29143,9544259
2025-04-22T22:00:00Z,0.29145,0.29339,0.29007,0.29179,6703192
2025-04-22T23:00:00Z,0.29181,0.29574,0.29173,0.29437,5818206
2025-04-23T00:00:00Z,0.29438,0.29688,0.29217,0.29266,10532793
2025-04-23T01:00:00Z,0.29268,0.29762,0.29235,0.29371,6076046
2025-04-23T02:00:00Z,0.29368,0.29701,0.29307,0.29577,6504262
2025-04-23T03:00:00Z,0.29579,0.29964,0.29540,0.29933,6235965
2025-04-23T04:00:00Z,0.29931,0.30006,0.29635,0.29992,5966215
2025-04-23T05:00:00Z,0.29992,0.29992,0.29652,0.29673,4075166
2025-04-23T06:00:00Z,0.29671,0.29726,0.29545,0.29653,4912293
2025-04-23T07:00:00Z,0.29651,0.29945,0.29450,0.29879,9280356
2025-04-23T08:00:00Z,0.29887,0.30037,0.29630,0.29818,7230187
2025-04-23T09:00:00Z,0.29815,0.30008,0.29745,0.29750,6554630
2025-04-23T10:00:00Z,0.29749,0.29884,0.29521,0.29861,5559745
2025-04-23T11:00:00Z,0.29858,0.30028,0.29771,0.29835,5067020
2025-04-23T12:00:00Z,0.29835,0.30130,0.29783,0.30039,6048374
2025-04-23T13:00:00Z,0.30037,0.30380,0.29496,0.29609,13750067
2025-04-23T14:00:00Z,0.29610,0.29990,0.29541,0.29615,8257153
2025-04-23T15:00:00Z,0.29616,0.29747,0.29000,0.29559,16020014
2025-04-23T16:00:00Z,0.29559,0.29810,0.29237,0.29763,8195820
2025-04-23T17:00:00Z,0.29763,0.29931,0.29597,0.29785,4887239
2025-04-23T18:00:00Z,0.29783,0.30002,0.29737,0.29778,2959437
2025-04-23T19:00:00Z,0.29776,0.29804,0.29345,0.29443,3608616
2025-04-23T20:00:00Z,0.29440,0.29741,0.29420,0.29688,2782225
2025-04-23T21:00:00Z,0.29687,0.29717,0.29469,0.29566,2122064
2025-04-23T22:00:00Z,0.29568,0.29887,0.29483,0.29829,4567355
2025-04-23T23:00:00Z,0.29829,0.29894,0.29625,0.29696,2775161
2025-04-24T00:00:00Z,0.29697,0.29817,0.29344,0.29520,4098326
2025-04-24T01:00:00Z,0.29522,0.29635,0.29222,0.29557,3583628
2025-04-24T02:00:00Z,0.29550,0.29717,0.29292,0.29317,3481483
2025-04-24T03:00:00Z,0.29315,0.29503,0.28936,0.28980,6300300
2025-04-24T04:00:00Z,0.28980,0.29194,0.28904,0.28918,7679710
2025-04-24T05:00:00Z,0.28917,0.29000,0.28235,0.28304,25506888
2025-04-24T06:00:00Z,0.28308,0.29168,0.27996,0.28723,37689305
2025-04-24T07:00:00Z,0.28722,0.28954,0.28518,0.28622,6320190
2025-04-24T08:00:00Z,0.28622,0.28908,0.28275,0.28386,10892572
2025-04-24T09:00:00Z,0.28386,0.28806,0.28358,0.28784,6190327
2025-04-24T10:00:00Z,0.28790,0.29037,0.28689,0.28923,5580600
2025-04-24T11:00:00Z,0.28923,0.29019,0.28751,0.29007,3180361
2025-04-24T12:00:00Z,0.29009,0.29164,0.28892,0.29137,3178149
2025-04-24T13:00:00Z,0.29140,0.29449,0.29062,0.29337,5081437
2025-04-24T14:00:00Z,0.29332,0.30166,0.29319,0.29938,9181575
2025-04-24T15:00:00Z,0.29939,0.30485,0.29841,0.29936,9969944
2025-04-24T16:00:00Z,0.29936,0.30269,0.29862,0.30052,5150332
2025-04-24T17:00:00Z,0.30051,0.30096,0.29344,0.29592,8767662
2025-04-24T18:00:00Z,0.29590,0.29874,0.29585,0.29759,3177845
2025-04-24T19:00:00Z,0.29759,0.29921,0.29592,0.29828,4584469
2025-04-24T20:00:00Z,0.29829,0.30089,0.29821,0.30011,3829938
2025-04-24T21:00:00Z,0.30009,0.30128,0.29752,0.30065,4475845
2025-04-24T22:00:00Z,0.30067,0.30119,0.29882,0.29919,2232198
2025-04-24T23:00:00Z,0.29919,0.30332,0.29839,0.30289,3697929
2025-04-25T00:00:00Z,0.30287,0.30479,0.30002,0.30428,4790537
2025-04-25T01:00:00Z,0.30425,0.30772,0.30225,0.30233,5269932
2025-04-25T02:00:00Z,0.30235,0.30312,0.29608,0.29730,7842267
2025-04-25T03:00:00Z,0.29731,0.29958,0.29626,0.29880,3799193
2025-04-25T04:00:00Z,0.29881,0.29998,0.29750,0.29982,3862067
2025-04-25T05:00:00Z,0.29982,0.30296,0.29954,0.30234,4275216
2025-04-25T06:00:00Z,0.30241,0.30528,0.30143,0.30518,3507026
2025-04-25T07:00:00Z,0.30515,0.30884,0.30250,0.30848,13442170
2025-04-25T08:00:00Z,0.30847,0.31159,0.30670,0.30842,32174218
2025-04-25T09:00:00Z,0.30841,0.30899,0.30604,0.30807,4637341
2025-04-25T10:00:00Z,0.30802,0.30899,0.30473,0.30560,7571556
2025-04-25T11:00:00Z,0.30555,0.30786,0.30485,0.30762,5515622
2025-04-25T12:00:00Z,0.30759,0.30997,0.30206,0.30365,9244416
2025-04-25T13:00:00Z,0.30366,0.30541,0.30101,0.30335,6762373
2025-04-25T14:00:00Z,0.30331,0.30981,0.30312,0.30910,7645176
2025-04-25T15:00:00Z,0.30910,0.31005,0.30549,0.30706,5585778
2025-04-25T16:00:00Z,0.30704,0.30922,0.30287,0.30922,5060222
2025-04-25T17:00:00Z,0.30919,0.31052,0.30415,0.30491,6131065
2025-04-25T18:00:00Z,0.30497,0.30772,0.30437,0.30529,3516901
2025-04-25T19:00:00Z,0.30529,0.30635,0.30405,0.30593,2127703
2025-04-25T20:00:00Z,0.30590,0.30886,0.30543,0.30855,3132533
2025-04-25T21:00:00Z,0.30856,0.31042,0.30519,0.30586,3077526
2025-04-25T22:00:00Z,0.30590,0.30928,0.30516,0.30876,2446607
2025-04-25T23:00:00Z,0.30877,0.30886,0.30519,0.30571,2795979
2025-04-26T00:00:00Z,0.30577,0.31440,0.30571,0.31360,6358429
2025-04-26T01:00:00Z,0.31358,0.31844,0.31144,0.31784,6780937
2025-04-26T02:00:00Z,0.31787,0.32007,0.31370,0.31443,7582976
2025-04-26T03:00:00Z,0.31451,0.31622,0.31270,0.31376,3100245
2025-04-26T04:00:00Z,0.31374,0.31439,0.30960,0.30995,4837446
2025-04-26T05:00:00Z,0.30994,0.31233,0.30920,0.31164,3480359
2025-04-26T06:00:00Z,0.31161,0.31481,0.31130,0.31430,2982415
2025-04-26T07:00:00Z,0.31434,0.31575,0.31290,0.31308,2460866
2025-04-26T08:00:00Z,0.31306,0.31544,0.30981,0.31026,4561503
2025-04-26T09:00:00Z,0.31027,0.31127,0.30663,0.30712,6150736
2025-04-26T10:00:00Z,0.30711,0.30911,0.30196,0.30727,30684234
2025-04-26T11:00:00Z,0.30724,0.30882,0.30259,0.30388,6804794
2025-04-26T12:00:00Z,0.30397,0.30565,0.30356,0.30400,3843653
2025-04-26T13:00:00Z,0.30399,0.30554,0.30119,0.30458,4839785
2025-04-26T14:00:00Z,0.30452,0.30749,0.30268,0.30566,3925257
2025-04-26T15:00:00Z,0.30566,0.30880,0.30560,0.30816,4117176
2025-04-26T16:00:00Z,0.30813,0.30854,0.30542,0.30702,4165817
2025-04-26T17:00:00Z,0.30702,0.30794,0.30575,0.30683,1898807
2025-04-26T18:00:00Z,0.30683,0.30918,0.30657,0.30745,4208000
2025-04-26T19:00:00Z,0.30746,0.30934,0.30678,0.30924,1938613
2025-04-26T20:00:00Z,0.30925,0.31007,0.30782,0.30790,2864742
2025-04-26T21:00:00Z,0.30790,0.30947,0.30790,0.30945,1554551
2025-04-26T22:00:00Z,0.30946,0.31289,0.30939,0.31155,4731841
2025-04-26T23:00:00Z,0.31155,0.31211,0.31015,0.31076,1611242
2025-04-27T00:00:00Z,0.31076,0.31400,0.30977,0.31315,4307760
2025-04-27T01:00:00Z,0.31318,0.31377,0.30195,0.30253,10681212
2025-04-27T02:00:00Z,0.30254,0.30600,0.30199,0.30560,4346964
2025-04-27T03:00:00Z,0.30565,0.30695,0.30450,0.30555,1964167
2025-04-27T04:00:00Z,0.30554,0.30666,0.30144,0.30180,3113724
2025-04-27T05:00:00Z,0.30179,0.30300,0.29880,0.30140,5720596
2025-04-27T06:00:00Z,0.30142,0.30300,0.30087,0.30165,2093804
2025-04-27T07:00:00Z,0.30165,0.30361,0.30073,0.30333,2055633
2025-04-27T08:00:00Z,0.30333,0.30457,0.30248,0.30298,2104300
2025-04-27T09:00:00Z,0.30298,0.30347,0.30110,0.30146,2544341
2025-04-27T10:00:00Z,0.30145,0.30189,0.29896,0.30086,3725089
2025-04-27T11:00:00Z,0.30086,0.30095,0.29834,0.29877,3289484
2025-04-27T12:00:00Z,0.29876,0.30076,0.29531,0.29672,6931784
2025-04-27T13:00:00Z,0.29672,0.29868,0.29353,0.29836,6077569
2025-04-27T14:00:00Z,0.29829,0.29899,0.29658,0.29664,3116744
2025-04-27T15:00:00Z,0.29668,0.29714,0.29481,0.29627,2533590
2025-04-27T16:00:00Z,0.29630,0.29677,0.29265,0.29400,5303410
2025-04-27T17:00:00Z,0.29402,0.29617,0.29337,0.29580,1980872
2025-04-27T18:00:00Z,0.29580,0.29797,0.29534,0.29684,2881291
2025-04-27T19:00:00Z,0.29685,0.29845,0.29591,0.29822,2071859
2025-04-27T20:00:00Z,0.29824,0.29850,0.29609,0.29636,2400122
2025-04-27T21:00:00Z,0.29635,0.29884,0.29488,0.29760,3231775
2025-04-27T22:00:00Z,0.29759,0.29782,0.29470,0.29610,2098329
2025-04-27T23:00:00Z,0.29607,0.29627,0.29418,0.29465,2690755
2025-04-28T00:00:00Z,0.29459,0.29483,0.29106,0.29291,7996110
2025-04-28T01:00:00Z,0.29285,0.29354,0.28586,0.28934,8269016
2025-04-28T02:00:00Z,0.28934,0.29384,0.28869,0.29366,4319368
2025-04-28T03:00:00Z,0.29367,0.29814,0.29305,0.29649,4677984
2025-04-28T04:00:00Z,0.29648,0.29787,0.29594,0.29616,2804727
2025-04-28T05:00:00Z,0.29618,0.29865,0.29510,0.29816,3499187
2025-04-28T06:00:00Z,0.29812,0.30254,0.29812,0.30153,4205037
2025-04-28T07:00:00Z,0.30153,0.30354,0.29990,0.30352,3996135
2025-04-28T08:00:00Z,0.30354,0.30527,0.30163,0.30281,6104522
2025-04-28T09:00:00Z,0.30283,0.30373,0.30260,0.30286,3871107
2025-04-28T10:00:00Z,0.30287,0.30634,0.30076,0.30353,6555856
2025-04-28T11:00:00Z,0.30354,0.30550,0.30243,0.30477,4073054
2025-04-28T12:00:00Z,0.30474,0.30509,0.30237,0.30274,4473797
2025-04-28T13:00:00Z,0.30271,0.30363,0.29752,0.29802,10534763
2025-04-28T14:00:00Z,0.29803,0.30279,0.29702,0.29908,8239725
2025-04-28T15:00:00Z,0.29909,0.29990,0.29231,0.29352,14844329
2025-04-28T16:00:00Z,0.29351,0.29624,0.29117,0.29534,6689901
2025-04-28T17:00:00Z,0.29530,0.29997,0.29522,0.29972,4933147
2025-04-28T18:00:00Z,0.29974,0.30007,0.29665,0.29906,3508132
2025-04-28T19:00:00Z,0.29901,0.30281,0.29884,0.30198,5217749
2025-04-28T20:00:00Z,0.30187,0.30222,0.30043,0.30126,2896227
2025-04-28T21:00:00Z,0.30126,0.30132,0.29891,0.30014,1474718
2025-04-28T22:00:00Z,0.30014,0.30138,0.29946,0.30070,2959635
2025-04-28T23:00:00Z,0.30071,0.30079,0.29870,0.29982,2177118
2025-04-29T00:00:00Z,0.29984,0.30240,0.29912,0.30165,3093597
2025-04-29T01:00:00Z,0.30164,0.30450,0.30084,0.30220,4594847
2025-04-29T02:00:00Z,0.30217,0.30246,0.30033,0.30203,3633085
2025-04-29T03:00:00Z,0.30203,0.30400,0.30147,0.30217,4093323
2025-04-29T04:00:00Z,0.30218,0.30286,0.29742,0.29842,4932874
2025-04-29T05:00:00Z,0.29842,0.30029,0.29773,0.29988,2003609
2025-04-29T06:00:00Z,0.29984,0.30473,0.29972,0.30356,4016660
2025-04-29T07:00:00Z,0.30359,0.30386,0.30257,0.30353,1898400
2025-04-29T08:00:00Z,0.30352,0.30549,0.30221,0.30296,4572589
2025-04-29T09:00:00Z,0.30296,0.30328,0.30015,0.30118,2983980
2025-04-29T10:00:00Z,0.30111,0.30171,0.29677,0.29887,5683115
2025-04-29T11:00:00Z,0.29884,0.30125,0.29829,0.29964,4108326
2025-04-29T12:00:00Z,0.29961,0.29986,0.29660,0.29774,3880966
2025-04-29T13:00:00Z,0.29771,0.30071,0.29559,0.30002,4344411
2025-04-29T14:00:00Z,0.30002,0.30354,0.29904,0.30214,5174916
2025-04-29T15:00:00Z,0.30218,0.30272,0.30036,0.30126,3314061
2025-04-29T16:00:00Z,0.30128,0.30303,0.30020,0.30081,3540029
2025-04-29T17:00:00Z,0.30080,0.30327,0.29925,0.30255,4194768
2025-04-29T18:00:00Z,0.30258,0.30399,0.30230,0.30302,2550377
2025-04-29T19:00:00Z,0.30305,0.30328,0.30114,0.30131,1918318
2025-04-29T20:00:00Z,0.30131,0.30175,0.29836,0.29957,3279271
2025-04-29T21:00:00Z,0.29956,0.30007,0.29482,0.29744,7337876
2025-04-29T22:00:00Z,0.29744,0.29825,0.29616,0.29740,8368585
2025-04-29T23:00:00Z,0.29737,0.29832,0.28643,0.29097,17541584
2025-04-30T00:00:00Z,0.29096,0.29208,0.28880,0.29023,5427246
2025-04-30T01:00:00Z,0.29021,0.29107,0.28818,0.29060,2882570
2025-04-30T02:00:00Z,0.29061,0.29344,0.29035,0.29286,2255880
2025-04-30T03:00:00Z,0.29281,0.29473,0.29171,0.29447,2898962
2025-04-30T04:00:00Z,0.29442,0.29750,0.29378,0.29723,3090203
2025-04-30T05:00:00Z,0.29723,0.29813,0.29295,0.29402,8678585
2025-04-30T06:00:00Z,0.29407,0.29459,0.29255,0.29284,3912568
2025-04-30T07:00:00Z,0.29282,0.29337,0.28889,0.29034,3419100
2025-04-30T08:00:00Z,0.29026,0.29324,0.28981,0.29238,2336036
2025-04-30T09:00:00Z,0.29238,0.29596,0.29230,0.29594,2180555
2025-04-30T10:00:00Z,0.29598,0.29731,0.29451,0.29731,2729436
2025-04-30T11:00:00Z,0.29736,0.29800,0.29624,0.29770,2475853
2025-04-30T12:00:00Z,0.29771,0.29828,0.28920,0.29170,6985268
2025-04-30T13:00:00Z,0.29173,0.29315,0.28265,0.28367,11674363
2025-04-30T14:00:00Z,0.28366,0.29211,0.28241,0.28970,8339189
2025-04-30T15:00:00Z,0.28968,0.29191,0.28962,0.29027,2590148
2025-04-30T16:00:00Z,0.29027,0.29230,0.28769,0.29200,3981488
2025-04-30T17:00:00Z,0.29200,0.29416,0.28940,0.29309,3214921
2025-04-30T18:00:00Z,0.29308,0.29619,0.29276,0.29365,3564822
2025-04-30T19:00:00Z,0.29365,0.29526,0.29169,0.29429,2177986
2025-04-30T20:00:00Z,0.29436,0.29907,0.29412,0.29648,5816687
2025-04-30T21:00:00Z,0.29648,0.29829,0.29513,0.29564,2161939
2025-04-30T22:00:00Z,0.29564,0.29735,0.29454,0.29505,2092163
2025-04-30T23:00:00Z,0.29505,0.29587,0.29384,0.29465,1888077
2025-05-01T00:00:00Z,0.29467,0.29657,0.29417,0.29652,1724100
2025-05-01T01:00:00Z,0.29653,0.29940,0.29640,0.29758,2576493
2025-05-01T02:00:00Z,0.29758,0.29853,0.29655,0.29673,2279606
2025-05-01T03:00:00Z,0.29674,0.29740,0.29434,0.29466,2381555
2025-05-01T04:00:00Z,0.29469,0.29482,0.29290,0.29399,2113818
2025-05-01T05:00:00Z,0.29400,0.29674,0.29400,0.29567,2379652
2025-05-01T06:00:00Z,0.29567,0.29695,0.29474,0.29650,2709394
2025-05-01T07:00:00Z,0.29652,0.29861,0.29570,0.29855,3058963
2025-05-01T08:00:00Z,0.29853,0.30000,0.29736,0.29999,3917448
2025-05-01T09:00:00Z,0.29997,0.30378,0.29971,0.30141,10951205
2025-05-01T10:00:00Z,0.30142,0.30529,0.30142,0.30410,5830350
2025-05-01T11:00:00Z,0.30407,0.30515,0.30277,0.30423,4078769
2025-05-01T12:00:00Z,0.30421,0.30498,0.30253,0.30414,4081510
2025-05-01T13:00:00Z,0.30414,0.30508,0.29865,0.29928,6388654
2025-05-01T14:00:00Z,0.29926,0.30405,0.29926,0.30372,6042574
2025-05-01T15:00:00Z,0.30374,0.30479,0.30166,0.30208,5533948
2025-05-01T16:00:00Z,0.30210,0.30478,0.30180,0.30209,3513573
2025-05-01T17:00:00Z,0.30210,0.30399,0.30029,0.30220,3450301
2025-05-01T18:00:00Z,0.30220,0.30296,0.30018,0.30286,3308899
2025-05-01T19:00:00Z,0.30288,0.30401,0.30119,0.30174,3332686
2025-05-01T20:00:00Z,0.30175,0.30349,0.30076,0.30293,1598686
2025-05-01T21:00:00Z,0.30295,0.30388,0.30226,0.30248,1440977
2025-05-01T22:00:00Z,0.30250,0.30362,0.30232,0.30284,1544697
2025-05-01T23:00:00Z,0.30285,0.30319,0.30028,0.30169,2012164
2025-05-02T00:00:00Z,0.30168,0.30686,0.30007,0.30450,5612883
2025-05-02T01:00:00Z,0.30449,0.30888,0.30341,0.30516,8454632
2025-05-02T02:00:00Z,0.30515,0.30847,0.30417,0.30791,4488880
2025-05-02T03:00:00Z,0.30792,0.31032,0.30672,0.30750,5400939
2025-05-02T04:00:00Z,0.30746,0.30868,0.30400,0.30528,4140098
2025-05-02T05:00:00Z,0.30534,0.30638,0.30344,0.30400,2592709
2025-05-02T06:00:00Z,0.30397,0.30702,0.30320,0.30390,4426815
2025-05-02T07:00:00Z,0.30393,0.30405,0.30052,0.30150,4867953
2025-05-02T08:00:00Z,0.30152,0.30500,0.30100,0.30420,3416616
2025-05-02T09:00:00Z,0.30414,0.30489,0.30226,0.30266,2300463
2025-05-02T10:00:00Z,0.30270,0.30400,0.30125,0.30165,4017015
2025-05-02T11:00:00Z,0.30165,0.30357,0.30157,0.30222,2024474
2025-05-02T12:00:00Z,0.30222,0.30453,0.30001,0.30398,6993537
2025-05-02T13:00:00Z,0.30402,0.30418,0.30219,0.30256,3279640
2025-05-02T14:00:00Z,0.30257,0.30529,0.30135,0.30506,4836937
2025-05-02T15:00:00Z,0.30511,0.30559,0.30068,0.30233,5464487
2025-05-02T16:00:00Z,0.30234,0.30657,0.30234,0.30430,5562220
2025-05-02T17:00:00Z,0.30428,0.30431,0.30135,0.30207,2908019
2025-05-02T18:00:00Z,0.30210,0.30342,0.30113,0.30154,3180196
2025-05-02T19:00:00Z,0.30154,0.30154,0.29691,0.29857,6594947
2025-05-02T20:00:00Z,0.29851,0.30034,0.29770,0.29918,3639696
2025-05-02T21:00:00Z,0.29918,0.29986,0.29773,0.29844,1982229
2025-05-02T22:00:00Z,0.29845,0.29996,0.29812,0.29918,1457008
2025-05-02T23:00:00Z,0.29918,0.30132,0.29874,0.30118,2039210
2025-05-03T00:00:00Z,0.30118,0.30132,0.29774,0.29871,2126204
2025-05-03T01:00:00Z,0.29871,0.29899,0.29672,0.29730,2693598
2025-05-03T02:00:00Z,0.29731,0.29781,0.29614,0.29763,2133277
2025-05-03T03:00:00Z,0.29764,0.29882,0.29724,0.29806,1861581
2025-05-03T04:00:00Z,0.29806,0.29823,0.29695,0.29720,1189745
2025-05-03T05:00:00Z,0.29717,0.29717,0.29566,0.29638,2298838
2025-05-03T06:00:00Z,0.29640,0.29652,0.29452,0.29524,4342807
2025-05-03T07:00:00Z,0.29525,0.29553,0.29360,0.29413,3360441
2025-05-03T08:00:00Z,0.29413,0.29431,0.29259,0.29376,3055736
2025-05-03T09:00:00Z,0.29376,0.29409,0.29265,0.29300,2214489
2025-05-03T10:00:00Z,0.29299,0.29307,0.28882,0.28912,9080752
2025-05-03T11:00:00Z,0.28912,0.29002,0.28771,0.28814,3960963
2025-05-03T12:00:00Z,0.28814,0.29112,0.28806,0.28982,4772159
2025-05-03T13:00:00Z,0.28991,0.29120,0.28952,0.29048,2671229
2025-05-03T14:00:00Z,0.29048,0.29133,0.28972,0.29103,3398827
2025-05-03T15:00:00Z,0.29099,0.29229,0.28960,0.28976,3003883
2025-05-03T16:00:00Z,0.28977,0.29014,0.28509,0.28650,8444400
2025-05-03T17:00:00Z,0.28653,0.28653,0.27870,0.28419,10749425
2025-05-03T18:00:00Z,0.28413,0.28424,0.28150,0.28248,2609100
2025-05-03T19:00:00Z,0.28247,0.28470,0.28215,0.28433,2182488
2025-05-03T20:00:00Z,0.28432,0.28474,0.28332,0.28389,1357894
2025-05-03T21:00:00Z,0.28388,0.28553,0.28207,0.28370,2354234
2025-05-03T22:00:00Z,0.28371,0.28488,0.28271,0.28398,1662003
2025-05-03T23:00:00Z,0.28398,0.28436,0.28253,0.28295,2273684
2025-05-04T00:00:00Z,0.28294,0.28294,0.27903,0.27994,8811581
2025-05-04T01:00:00Z,0.27992,0.28255,0.27894,0.28204,3280019
2025-05-04T02:00:00Z,0.28205,0.28445,0.28069,0.28213,3079780
2025-05-04T03:00:00Z,0.28213,0.28213,0.27961,0.28012,2979556
2025-05-04T04:00:00Z,0.28015,0.28165,0.27845,0.28004,3770511
2025-05-04T05:00:00Z,0.28006,0.28211,0.27973,0.28100,3092218
2025-05-04T06:00:00Z,0.28098,0.28146,0.27837,0.28095,2835561
2025-05-04T07:00:00Z,0.28100,0.28159,0.27927,0.28072,2076728
2025-05-04T08:00:00Z,0.28072,0.28073,0.27557,0.27771,9146468
2025-05-04T09:00:00Z,0.27768,0.27840,0.27663,0.27753,4029643
2025-05-04T10:00:00Z,0.27755,0.27955,0.27724,0.27818,3187472
2025-05-04T11:00:00Z,0.27817,0.27938,0.27780,0.27844,1888195
2025-05-04T12:00:00Z,0.27846,0.27947,0.27740,0.27786,2390589
2025-05-04T13:00:00Z,0.27787,0.27875,0.27580,0.27793,5282347
2025-05-04T14:00:00Z,0.27792,0.28012,0.27737,0.27938,3415603
2025-05-04T15:00:00Z,0.27944,0.27980,0.27623,0.27763,3212416
2025-05-04T16:00:00Z,0.27760,0.27846,0.27521,0.27626,3301160
2025-05-04T17:00:00Z,0.27622,0.27709,0.27400,0.27651,3861642
2025-05-04T18:00:00Z,0.27651,0.27720,0.27524,0.27553,2212207
2025-05-04T19:00:00Z,0.27557,0.27662,0.27431,0.27551,2559134
2025-05-04T20:00:00Z,0.27554,0.27752,0.27500,0.27706,2334793
2025-05-04T21:00:00Z,0.27706,0.27741,0.27522,0.27706,1571269
2025-05-04T22:00:00Z,0.27704,0.27704,0.27300,0.27504,3908474
2025-05-04T23:00:00Z,0.27505,0.27651,0.27365,0.27573,3085758
2025-05-05T00:00:00Z,0.27572,0.27796,0.27518,0.27760,2536228
2025-05-05T01:00:00Z,0.27759,0.27790,0.27161,0.27463,5747208
2025-05-05T02:00:00Z,0.27471,0.27958,0.27325,0.27827,5067810
2025-05-05T03:00:00Z,0.27828,0.27873,0.27621,0.27668,3649653
2025-05-05T04:00:00Z,0.27669,0.27932,0.27605,0.27902,2172778
2025-05-05T05:00:00Z,0.27902,0.27971,0.27799,0.27955,2069996
2025-05-05T06:00:00Z,0.27954,0.27993,0.27748,0.27814,2857656
2025-05-05T07:00:00Z,0.27810,0.27894,0.27711,0.27870,2156494
2025-05-05T08:00:00Z,0.27871,0.27934,0.27745,0.27808,2119484
2025-05-05T09:00:00Z,0.27808,0.27874,0.27741,0.27762,1598319
2025-05-05T10:00:00Z,0.27762,0.27828,0.27112,0.27392,9562358
2025-05-05T11:00:00Z,0.27392,0.27483,0.27179,0.27272,4617105
2025-05-05T12:00:00Z,0.27272,0.27310,0.27106,0.27198,4632400
2025-05-05T13:00:00Z,0.27191,0.27326,0.27045,0.27326,6378017
2025-05-05T14:00:00Z,0.27325,0.27495,0.27181,0.27300,4007987
2025-05-05T15:00:00Z,0.27298,0.27341,0.26896,0.27160,4285554
2025-05-05T16:00:00Z,0.27160,0.27405,0.27037,0.27254,3477485
2025-05-05T17:00:00Z,0.27253,0.27551,0.27168,0.27507,2787489
2025-05-05T18:00:00Z,0.27507,0.27838,0.27441,0.27701,4131717
2025-05-05T19:00:00Z,0.27696,0.27766,0.27471,0.27534,2970733
2025-05-05T20:00:00Z,0.27534,0.27545,0.27007,0.27313,5124954
2025-05-05T21:00:00Z,0.27315,0.27590,0.27289,0.27506,3623926
2025-05-05T22:00:00Z,0.27505,0.27777,0.27501,0.27659,3477815
2025-05-05T23:00:00Z,0.27659,0.27670,0.27476,0.27497,1322396
2025-05-06T00:00:00Z,0.27497,0.27626,0.27421,0.27496,1557310
2025-05-06T01:00:00Z,0.27497,0.27687,0.27423,0.27459,1555315
2025-05-06T02:00:00Z,0.27458,0.27550,0.27198,0.27545,2563719
2025-05-06T03:00:00Z,0.27540,0.27606,0.27409,0.27601,1410590
2025-05-06T04:00:00Z,0.27601,0.27719,0.27560,0.27574,1605283
2025-05-06T05:00:00Z,0.27577,0.27581,0.27356,0.27369,1787068
2025-05-06T06:00:00Z,0.27368,0.27507,0.27363,0.27487,1668474
2025-05-06T07:00:00Z,0.27485,0.27570,0.27315,0.27335,1238045
2025-05-06T08:00:00Z,0.27337,0.27344,0.26911,0.27207,6301196
2025-05-06T09:00:00Z,0.27208,0.27208,0.26671,0.26926,7643054
2025-05-06T10:00:00Z,0.26927,0.26932,0.26605,0.26730,4353414
2025-05-06T11:00:00Z,0.26736,0.26850,0.26307,0.26548,5951857
2025-05-06T12:00:00Z,0.26550,0.26709,0.26428,0.26699,4003467
2025-05-06T13:00:00Z,0.26698,0.26739,0.26256,0.26474,6401563
2025-05-06T14:00:00Z,0.26474,0.26977,0.26464,0.26598,5446161
2025-05-06T15:00:00Z,0.26595,0.26784,0.26505,0.26544,3174027
2025-05-06T16:00:00Z,0.26550,0.26651,0.26300,0.26381,6289573
2025-05-06T17:00:00Z,0.26383,0.26730,0.26369,0.26528,3309648
2025-05-06T18:00:00Z,0.26531,0.26826,0.26510,0.26808,2232583
2025-05-06T19:00:00Z,0.26807,0.26883,0.26676,0.26710,2771675
2025-05-06T20:00:00Z,0.26716,0.26797,0.26382,0.26449,2436088
2025-05-06T21:00:00Z,0.26450,0.26595,0.26038,0.26360,4670681
2025-05-06T22:00:00Z,0.26360,0.27013,0.26349,0.26954,6524208
2025-05-06T23:00:00Z,0.26954,0.27130,0.26789,0.27056,4270874
2025-05-07T00:00:00Z,0.27053,0.27487,0.27053,0.27433,4307395
2025-05-07T01:00:00Z,0.27433,0.27674,0.27412,0.27535,5160021
2025-05-07T02:00:00Z,0.27532,0.27571,0.27140,0.27221,3072165
2025-05-07T03:00:00Z,0.27222,0.27275,0.26971,0.27184,3210762
2025-05-07T04:00:00Z,0.27191,0.27346,0.27181,0.27244,1994556
2025-05-07T05:00:00Z,0.27242,0.27290,0.27062,0.27111,2009387
2025-05-07T06:00:00Z,0.27110,0.27233,0.26990,0.27126,2049270
2025-05-07T07:00:00Z,0.27128,0.27315,0.27113,0.27310,2002812
2025-05-07T08:00:00Z,0.27308,0.27567,0.27201,0.27490,2896448
2025-05-07T09:00:00Z,0.27489,0.27508,0.27346,0.27376,3201288
2025-05-07T10:00:00Z,0.27375,0.27414,0.27274,0.27291,2491657
2025-05-07T11:00:00Z,0.27291,0.27439,0.27236,0.27327,2687056
2025-05-07T12:00:00Z,0.27331,0.27471,0.27047,0.27185,5795005
2025-05-07T13:00:00Z,0.27185,0.27379,0.27064,0.27248,3658710
2025-05-07T14:00:00Z,0.27245,0.27377,0.27025,0.27098,3255775
2025-05-07T15:00:00Z,0.27097,0.27114,0.26877,0.26981,3987373
2025-05-07T16:00:00Z,0.26981,0.26986,0.26639,0.26930,3843318
2025-05-07T17:00:00Z,0.26930,0.26959,0.26646,0.26836,2503616
2025-05-07T18:00:00Z,0.26836,0.27218,0.26652,0.27002,6585889
2025-05-07T19:00:00Z,0.27006,0.27039,0.26712,0.26872,1977046
2025-05-07T20:00:00Z,0.26871,0.26997,0.26805,0.26997,2550600
2025-05-07T21:00:00Z,0.26997,0.27257,0.26921,0.27130,2450687
2025-05-07T22:00:00Z,0.27132,0.27582,0.27089,0.27494,3394588
2025-05-07T23:00:00Z,0.27491,0.27567,0.27328,0.27412,1995737
2025-05-08T00:00:00Z,0.27411,0.27740,0.27353,0.27694,2879996
2025-05-08T01:00:00Z,0.27691,0.27880,0.27650,0.27746,3774264
2025-05-08T02:00:00Z,0.27748,0.28256,0.27748,0.28150,5308924
2025-05-08T03:00:00Z,0.28150,0.28655,0.28110,0.28588,6681587
2025-05-08T04:00:00Z,0.28588,0.28989,0.28588,0.28869,8603974
2025-05-08T05:00:00Z,0.28869,0.29019,0.28675,0.28736,4380383
2025-05-08T06:00:00Z,0.28735,0.28774,0.28601,0.28761,4368650
2025-05-08T07:00:00Z,0.28763,0.28970,0.28758,0.28853,4365966
2025-05-08T08:00:00Z,0.28857,0.29150,0.28854,0.29056,4688628
2025-05-08T09:00:00Z,0.29055,0.29160,0.28995,0.29144,2972362
2025-05-08T10:00:00Z,0.29147,0.29299,0.29068,0.29230,4030202
2025-05-08T11:00:00Z,0.29227,0.29246,0.29052,0.29172,2677025
2025-05-08T12:00:00Z,0.29177,0.29252,0.29080,0.29146,2987350
2025-05-08T13:00:00Z,0.29146,0.29238,0.28993,0.29127,3232397
2025-05-08T14:00:00Z,0.29128,0.29476,0.28987,0.29274,7209534
2025-05-08T15:00:00Z,0.29276,0.30408,0.29248,0.30191,14131014
2025-05-08T16:00:00Z,0.30192,0.30684,0.30110,0.30477,15346670
2025-05-08T17:00:00Z,0.30476,0.30628,0.30339,0.30524,6607796
2025-05-08T18:00:00Z,0.30519,0.30858,0.30498,0.30635,7790673
2025-05-08T19:00:00Z,0.30635,0.30999,0.30586,0.30942,7627927
2025-05-08T20:00:00Z,0.30948,0.31719,0.30906,0.31589,10193919
2025-05-08T21:00:00Z,0.31587,0.32369,0.31290,0.31450,11790437
2025-05-08T22:00:00Z,0.31451,0.31559,0.31239,0.31424,4967445
2025-05-08T23:00:00Z,0.31427,0.31542,0.31133,0.31467,7834946
2025-05-09T00:00:00Z,0.31466,0.32338,0.31454,0.31652,15905550
2025-05-09T01:00:00Z,0.31650,0.32002,0.31580,0.31892,5037236
2025-05-09T02:00:00Z,0.31891,0.32028,0.31778,0.31858,3226177
2025-05-09T03:00:00Z,0.31863,0.32226,0.31557,0.31699,7417926
2025-05-09T04:00:00Z,0.31697,0.31970,0.31660,0.31835,4297534
2025-05-09T05:00:00Z,0.31835,0.32105,0.31764,0.32055,3974608
2025-05-09T06:00:00Z,0.32051,0.32344,0.31928,0.32291,6091110
2025-05-09T07:00:00Z,0.32293,0.32970,0.32246,0.32603,10484896
2025-05-09T08:00:00Z,0.32603,0.33678,0.32099,0.32608,20130723
2025-05-09T09:00:00Z,0.32613,0.33018,0.32002,0.32606,12607918
2025-05-09T10:00:00Z,0.32608,0.33162,0.32475,0.33027,11127293
2025-05-09T11:00:00Z,0.33034,0.33426,0.32536,0.32862,10962855
2025-05-09T12:00:00Z,0.32859,0.33020,0.32520,0.32919,4457190
2025-05-09T13:00:00Z,0.32930,0.33406,0.32900,0.33237,5778294
2025-05-09T14:00:00Z,0.33233,0.33233,0.32121,0.32673,14641880
2025-05-09T15:00:00Z,0.32675,0.32924,0.32437,0.32923,4934156
2025-05-09T16:00:00Z,0.32926,0.32984,0.32509,0.32574,5636364
2025-05-09T17:00:00Z,0.32571,0.33279,0.32495,0.33207,4950179
2025-05-09T18:00:00Z,0.33206,0.33330,0.32947,0.33070,4450322
2025-05-09T19:00:00Z,0.33063,0.33099,0.32837,0.32944,3336843
2025-05-09T20:00:00Z,0.32948,0.33113,0.32872,0.33109,1912036
2025-05-09T21:00:00Z,0.33112,0.33230,0.32856,0.33100,3544912
2025-05-09T22:00:00Z,0.33101,0.33265,0.33069,0.33073,2774293
2025-05-09T23:00:00Z,0.33074,0.33445,0.33039,0.33429,4669102
2025-05-10T00:00:00Z,0.33434,0.34143,0.33053,0.33314,18175868
2025-05-10T01:00:00Z,0.33313,0.34041,0.33224,0.33407,9032752
2025-05-10T02:00:00Z,0.33406,0.33998,0.33379,0.33797,5607729
2025-05-10T03:00:00Z,0.33799,0.34020,0.33658,0.33889,4551950
2025-05-10T04:00:00Z,0.33880,0.33880,0.33330,0.33674,5890802
2025-05-10T05:00:00Z,0.33672,0.34084,0.33563,0.34017,5182412
2025-05-10T06:00:00Z,0.34012,0.34603,0.33903,0.34348,13602690
2025-05-10T07:00:00Z,0.34348,0.34841,0.34066,0.34661,8120314
2025-05-10T08:00:00Z,0.34667,0.35022,0.34267,0.34783,11462255
2025-05-10T09:00:00Z,0.34784,0.34793,0.34327,0.34585,7223343
2025-05-10T10:00:00Z,0.34586,0.34963,0.34227,0.34235,6112366
2025-05-10T11:00:00Z,0.34239,0.34528,0.33662,0.33922,11479454
2025-05-10T12:00:00Z,0.33924,0.34209,0.33705,0.34028,7416499
2025-05-10T13:00:00Z,0.34030,0.34540,0.34008,0.34459,5858567
2025-05-10T14:00:00Z,0.34459,0.34683,0.34031,0.34465,6418364
2025-05-10T15:00:00Z,0.34471,0.34500,0.33901,0.34250,5320845
2025-05-10T16:00:00Z,0.34244,0.35133,0.34155,0.34947,7226021
2025-05-10T17:00:00Z,0.34937,0.35367,0.34713,0.34938,9969657
2025-05-10T18:00:00Z,0.34930,0.35038,0.34600,0.34901,3869699
2025-05-10T19:00:00Z,0.34897,0.35352,0.34753,0.35202,3742468
2025-05-10T20:00:00Z,0.35202,0.35484,0.34924,0.35290,6175186
2025-05-10T21:00:00Z,0.35294,0.35997,0.35294,0.35811,10431110
2025-05-10T22:00:00Z,0.35807,0.36334,0.35591,0.36193,7979332
2025-05-10T23:00:00Z,0.36188,0.37090,0.36135,0.36723,11627530
2025-05-11T00:00:00Z,0.36726,0.37312,0.35408,0.36091,18157057
2025-05-11T01:00:00Z,0.36092,0.36425,0.35554,0.35897,7911648
2025-05-11T02:00:00Z,0.35893,0.36562,0.35700,0.36078,6899538
2025-05-11T03:00:00Z,0.36072,0.36729,0.35791,0.36298,4756367
2025-05-11T04:00:00Z,0.36298,0.36564,0.35964,0.36517,4650598
2025-05-11T05:00:00Z,0.36515,0.36590,0.36050,0.36111,4859569
2025-05-11T06:00:00Z,0.36112,0.36112,0.35334,0.35621,8359761
2025-05-11T07:00:00Z,0.35622,0.35631,0.34549,0.34979,16710766
2025-05-11T08:00:00Z,0.34980,0.35392,0.34751,0.34955,7606508
2025-05-11T09:00:00Z,0.34958,0.35374,0.34888,0.35266,4105187
2025-05-11T10:00:00Z,0.35260,0.35538,0.35166,0.35399,5274262
2025-05-11T11:00:00Z,0.35388,0.35685,0.35367,0.35514,4708273
2025-05-11T12:00:00Z,0.35513,0.35727,0.35411,0.35677,4586360
2025-05-11T13:00:00Z,0.35677,0.35837,0.35022,0.35034,10950335
2025-05-11T14:00:00Z,0.35040,0.35483,0.35036,0.35345,5015147
2025-05-11T15:00:00Z,0.35348,0.35751,0.34883,0.35207,4925155
2025-05-11T16:00:00Z,0.35207,0.35576,0.34697,0.35386,10650795
2025-05-11T17:00:00Z,0.35396,0.35931,0.35296,0.35775,3946542
2025-05-11T18:00:00Z,0.35775,0.36046,0.35399,0.35870,3701463
2025-05-11T19:00:00Z,0.35868,0.36043,0.35706,0.35784,3282649
2025-05-11T20:00:00Z,0.35777,0.35947,0.35556,0.35702,2499311
2025-05-11T21:00:00Z,0.35695,0.35826,0.35494,0.35792,2258964
2025-05-11T22:00:00Z,0.35793,0.36026,0.35402,0.35751,4106317
2025-05-11T23:00:00Z,0.35757,0.36045,0.35685,0.35846,2810255
2025-05-12T00:00:00Z,0.35847,0.36331,0.35752,0.36030,3813067
2025-05-12T01:00:00Z,0.36027,0.36314,0.35143,0.35599,8390609
2025-05-12T02:00:00Z,0.35607,0.36013,0.35262,0.35939,10553944
2025-05-12T03:00:00Z,0.35944,0.36220,0.35631,0.36035,3838749
2025-05-12T04:00:00Z,0.36036,0.36232,0.35733,0.36097,5385032
2025-05-12T05:00:00Z,0.36102,0.36248,0.35374,0.35703,5574756
2025-05-12T06:00:00Z,0.35708,0.36247,0.35562,0.36193,6127179
2025-05-12T07:00:00Z,0.36193,0.37739,0.36193,0.36608,20900063
2025-05-12T08:00:00Z,0.36606,0.36926,0.36011,0.36813,8600629
2025-05-12T09:00:00Z,0.36816,0.36928,0.36598,0.36717,5336392
2025-05-12T10:00:00Z,0.36720,0.36821,0.36349,0.36621,6655792
2025-05-12T11:00:00Z,0.36615,0.36760,0.35748,0.35951,7872625
2025-05-12T12:00:00Z,0.35950,0.36757,0.35929,0.36621,7393108
2025-05-12T13:00:00Z,0.36621,0.37337,0.36416,0.36809,17887989
2025-05-12T14:00:00Z,0.36820,0.37116,0.35445,0.35829,20645739
2025-05-12T15:00:00Z,0.35834,0.36614,0.35162,0.35998,28766477
2025-05-12T16:00:00Z,0.35999,0.36659,0.35582,0.36354,9481755
2025-05-12T17:00:00Z,0.36354,0.36537,0.35562,0.35811,7364533
2025-05-12T18:00:00Z,0.35813,0.36036,0.33974,0.34564,27482474
2025-05-12T19:00:00Z,0.34567,0.35472,0.34567,0.35340,10214613
2025-05-12T20:00:00Z,0.35345,0.36018,0.35201,0.35730,6590553
2025-05-12T21:00:00Z,0.35730,0.35929,0.35560,0.35806,2861339
2025-05-12T22:00:00Z,0.35806,0.36163,0.35705,0.35890,3690976
2025-05-12T23:00:00Z,0.35889,0.36120,0.35815,0.35896,3804219
2025-05-13T00:00:00Z,0.35897,0.35900,0.35047,0.35087,5885560
2025-05-13T01:00:00Z,0.35081,0.35325,0.34376,0.34634,9250945
2025-05-13T02:00:00Z,0.34643,0.34782,0.33703,0.34128,12902037
2025-05-13T03:00:00Z,0.34122,0.34322,0.33522,0.33698,7630224
2025-05-13T04:00:00Z,0.33694,0.34537,0.33520,0.34486,9591078
2025-05-13T05:00:00Z,0.34488,0.34488,0.34016,0.34208,5702522
2025-05-13T06:00:00Z,0.34209,0.34958,0.34175,0.34269,10463039
2025-05-13T07:00:00Z,0.34275,0.34631,0.34246,0.34320,3919698
2025-05-13T08:00:00Z,0.34321,0.34586,0.34210,0.34347,3729806
2025-05-13T09:00:00Z,0.34348,0.35115,0.34336,0.34945,8319635
2025-05-13T10:00:00Z,0.34948,0.35038,0.34647,0.34911,5952454
2025-05-13T11:00:00Z,0.34904,0.35250,0.34779,0.34939,6862315
2025-05-13T12:00:00Z,0.34953,0.35400,0.34663,0.35123,7922369
2025-05-13T13:00:00Z,0.35130,0.35397,0.34924,0.35025,8611747
2025-05-13T14:00:00Z,0.35028,0.35089,0.34348,0.34629,7501271
2025-05-13T15:00:00Z,0.34630,0.35149,0.34591,0.35077,6407838
2025-05-13T16:00:00Z,0.35076,0.35910,0.35032,0.35591,12310056
2025-05-13T17:00:00Z,0.35595,0.36144,0.35595,0.35926,9095756
2025-05-13T18:00:00Z,0.35927,0.36479,0.35910,0.36397,8840871
2025-05-13T19:00:00Z,0.36396,0.36780,0.36217,0.36414,11919799
2025-05-13T20:00:00Z,0.36411,0.36689,0.36174,0.36476,8098783
2025-05-13T21:00:00Z,0.36471,0.36699,0.36170,0.36603,4634668
2025-05-13T22:00:00Z,0.36604,0.36674,0.36338,0.36440,4154836
2025-05-13T23:00:00Z,0.36440,0.36581,0.36149,0.36404,3436746
2025-05-14T00:00:00Z,0.36402,0.38750,0.36393,0.38632,49321075
2025-05-14T01:00:00Z,0.38631,0.38997,0.37902,0.38324,25321557
2025-05-14T02:00:00Z,0.38323,0.38340,0.37298,0.37430,22416319
2025-05-14T03:00:00Z,0.37429,0.37495,0.36870,0.36992,11552990
2025-05-14T04:00:00Z,0.36992,0.37199,0.36562,0.37192,12357016
2025-05-14T05:00:00Z,0.37196,0.37526,0.37028,0.37401,8516055
2025-05-14T06:00:00Z,0.37399,0.37404,0.36945,0.37172,7237926
2025-05-14T07:00:00Z,0.37171,0.37191,0.36423,0.36581,8770347
2025-05-14T08:00:00Z,0.36576,0.36694,0.35481,0.35525,21152183
2025-05-14T09:00:00Z,0.35526,0.35999,0.35509,0.35878,10717917
2025-05-14T10:00:00Z,0.35881,0.36205,0.35695,0.35792,10231527
2025-05-14T11:00:00Z,0.35792,0.36096,0.35792,0.36013,5231342
2025-05-14T12:00:00Z,0.36010,0.36155,0.35519,0.35623,7714475
2025-05-14T13:00:00Z,0.35623,0.35894,0.34847,0.35741,22220328
2025-05-14T14:00:00Z,0.35743,0.35764,0.35126,0.35285,12927205
2025-05-14T15:00:00Z,0.35290,0.35503,0.35052,0.35359,7337825
2025-05-14T16:00:00Z,0.35362,0.35591,0.35000,0.35260,6710119
2025-05-14T17:00:00Z,0.35262,0.35334,0.34797,0.35316,8320635
2025-05-14T18:00:00Z,0.35314,0.35508,0.35100,0.35381,3947870
2025-05-14T19:00:00Z,0.35383,0.35448,0.35146,0.35271,4133331
2025-05-14T20:00:00Z,0.35274,0.35594,0.35244,0.35427,4687420
2025-05-14T21:00:00Z,0.35427,0.35464,0.35028,0.35394,3510411
2025-05-14T22:00:00Z,0.35393,0.35555,0.35138,0.35223,2503172
2025-05-14T23:00:00Z,0.35224,0.35311,0.34969,0.35232,4310655
2025-05-15T00:00:00Z,0.35233,0.35633,0.35137,0.35449,6356821
2025-05-15T01:00:00Z,0.35448,0.35510,0.34529,0.34666,11284077
2025-05-15T02:00:00Z,0.34667,0.35060,0.34576,0.34903,6469881
2025-05-15T03:00:00Z,0.34900,0.34974,0.34427,0.34515,6216307
2025-05-15T04:00:00Z,0.34518,0.34688,0.34420,0.34553,4487938
2025-05-15T05:00:00Z,0.34553,0.34620,0.33956,0.34105,8407091
2025-05-15T06:00:00Z,0.34103,0.34270,0.33663,0.33994,9401470
2025-05-15T07:00:00Z,0.33992,0.34061,0.32735,0.32976,17051692
2025-05-15T08:00:00Z,0.32974,0.33523,0.32922,0.33468,13952846
2025-05-15T09:00:00Z,0.33469,0.33496,0.32656,0.33053,12574968
2025-05-15T10:00:00Z,0.33053,0.33168,0.32582,0.32895,13420284
2025-05-15T11:00:00Z,0.32896,0.33190,0.32858,0.33027,4705403
2025-05-15T12:00:00Z,0.33026,0.33303,0.32738,0.33023,7804126
2025-05-15T13:00:00Z,0.33024,0.33246,0.32186,0.32600,16783712
2025-05-15T14:00:00Z,0.32600,0.32709,0.31797,0.32267,14522834
2025-05-15T15:00:00Z,0.32274,0.33115,0.32082,0.33010,9234989
2025-05-15T16:00:00Z,0.33009,0.33340,0.32707,0.33324,7616377
2025-05-15T17:00:00Z,0.33322,0.33635,0.33166,0.33249,7950921
2025-05-15T18:00:00Z,0.33246,0.33317,0.31781,0.32355,20916700
2025-05-15T19:00:00Z,0.32353,0.32695,0.32091,0.32379,12128990
2025-05-15T20:00:00Z,0.32380,0.32618,0.31968,0.32125,7960019
2025-05-15T21:00:00Z,0.32122,0.32189,0.31543,0.32078,7250523
2025-05-15T22:00:00Z,0.32073,0.32460,0.32023,0.32039,5357618
2025-05-15T23:00:00Z,0.32037,0.32283,0.31462,0.32082,7957090
2025-05-16T00:00:00Z,0.32084,0.32575,0.31870,0.32207,6702556
2025-05-16T01:00:00Z,0.32208,0.32422,0.31831,0.32307,5521134
2025-05-16T02:00:00Z,0.32306,0.32718,0.32169,0.32535,6430239
2025-05-16T03:00:00Z,0.32544,0.32736,0.32419,0.32632,3861685
2025-05-16T04:00:00Z,0.32635,0.32810,0.32244,0.32553,4247225
2025-05-16T05:00:00Z,0.32553,0.32780,0.32542,0.32633,2942609
2025-05-16T06:00:00Z,0.32632,0.32835,0.32512,0.32672,3745758
2025-05-16T07:00:00Z,0.32673,0.32931,0.32497,0.32765,4496682
2025-05-16T08:00:00Z,0.32766,0.32905,0.32088,0.32431,8240277
2025-05-16T09:00:00Z,0.32434,0.32805,0.32420,0.32779,4555982
2025-05-16T10:00:00Z,0.32779,0.32950,0.32675,0.32910,3571511
2025-05-16T11:00:00Z,0.32912,0.33081,0.32645,0.32748,4646646
2025-05-16T12:00:00Z,0.32748,0.32805,0.32408,0.32490,3070461
2025-05-16T13:00:00Z,0.32493,0.32822,0.32433,0.32822,4689340
2025-05-16T14:00:00Z,0.32822,0.32822,0.32156,0.32422,5910266
2025-05-16T15:00:00Z,0.32422,0.32735,0.32408,0.32582,3805150
2025-05-16T16:00:00Z,0.32583,0.32762,0.32107,0.32480,4941408
2025-05-16T17:00:00Z,0.32478,0.32607,0.32015,0.32153,4323125
2025-05-16T18:00:00Z,0.32151,0.32302,0.32080,0.32225,2567826
2025-05-16T19:00:00Z,0.32222,0.32378,0.32089,0.32299,2755674
2025-05-16T20:00:00Z,0.32298,0.32329,0.31785,0.32048,4185568
2025-05-16T21:00:00Z,0.32052,0.32292,0.31927,0.32039,2552000
2025-05-16T22:00:00Z,0.32042,0.32064,0.31340,0.31598,7253437
2025-05-16T23:00:00Z,0.31599,0.31874,0.31587,0.31667,3992873
2025-05-17T00:00:00Z,0.31666,0.31802,0.31043,0.31317,8382874
2025-05-17T01:00:00Z,0.31314,0.31314,0.30334,0.30645,14614255
2025-05-17T02:00:00Z,0.30652,0.31011,0.30379,0.30763,8718337
2025-05-17T03:00:00Z,0.30763,0.31111,0.30511,0.31076,3844581
2025-05-17T04:00:00Z,0.31077,0.31528,0.31039,0.31392,6717422
2025-05-17T05:00:00Z,0.31390,0.31463,0.30762,0.30893,7872262
2025-05-17T06:00:00Z,0.30894,0.31116,0.30759,0.30925,3646669
2025-05-17T07:00:00Z,0.30926,0.31159,0.30711,0.30922,5369443
2025-05-17T08:00:00Z,0.30923,0.31054,0.30407,0.30540,10129092
2025-05-17T09:00:00Z,0.30542,0.30688,0.30306,0.30613,8193871
2025-05-17T10:00:00Z,0.30612,0.30947,0.30570,0.30680,5041055
2025-05-17T11:00:00Z,0.30681,0.30710,0.30332,0.30468,4589011
2025-05-17T12:00:00Z,0.30468,0.30573,0.30353,0.30395,3640360
2025-05-17T13:00:00Z,0.30396,0.30554,0.29963,0.30156,6680379
2025-05-17T14:00:00Z,0.30153,0.30660,0.30150,0.30597,4684182
2025-05-17T15:00:00Z,0.30594,0.30656,0.30380,0.30389,2307303
2025-05-17T16:00:00Z,0.30391,0.30457,0.29786,0.30236,6946234
2025-05-17T17:00:00Z,0.30234,0.30443,0.30099,0.30101,3798409
2025-05-17T18:00:00Z,0.30104,0.30416,0.29880,0.29890,4716313
2025-05-17T19:00:00Z,0.29890,0.30184,0.29833,0.29941,3226793
2025-05-17T20:00:00Z,0.29938,0.30448,0.29853,0.30402,4421605
2025-05-17T21:00:00Z,0.30403,0.30422,0.30058,0.30194,2862828
2025-05-17T22:00:00Z,0.30198,0.30213,0.29601,0.29833,5554426
2025-05-17T23:00:00Z,0.29834,0.30158,0.29799,0.30111,2278092
2025-05-18T00:00:00Z,0.30107,0.30113,0.29772,0.30063,6331890
2025-05-18T01:00:00Z,0.30065,0.30348,0.29907,0.30242,3623792
2025-05-18T02:00:00Z,0.30240,0.30312,0.30094,0.30144,2007001
2025-05-18T03:00:00Z,0.30143,0.30297,0.29941,0.30185,3769203
2025-05-18T04:00:00Z,0.30188,0.30359,0.30156,0.30322,2112991
2025-05-18T05:00:00Z,0.30323,0.30907,0.30323,0.30875,6570876
2025-05-18T06:00:00Z,0.30875,0.30906,0.30614,0.30742,4063706
2025-05-18T07:00:00Z,0.30742,0.31190,0.30695,0.31131,6273370
2025-05-18T08:00:00Z,0.31129,0.31612,0.31118,0.31505,9487393
2025-05-18T09:00:00Z,0.31506,0.31575,0.31093,0.31238,5592721
2025-05-18T10:00:00Z,0.31236,0.31328,0.31021,0.31155,4074418
2025-05-18T11:00:00Z,0.31154,0.31220,0.30764,0.30806,6574939
2025-05-18T12:00:00Z,0.30805,0.30940,0.30641,0.30918,5280763
2025-05-18T13:00:00Z,0.30917,0.31366,0.30856,0.31334,6051670
2025-05-18T14:00:00Z,0.31342,0.31892,0.31218,0.31754,8792860
2025-05-18T15:00:00Z,0.31754,0.32401,0.31630,0.32219,9296323
2025-05-18T16:00:00Z,0.32219,0.32387,0.32034,0.32235,6564260
2025-05-18T17:00:00Z,0.32238,0.32243,0.31334,0.31399,6893890
2025-05-18T18:00:00Z,0.31406,0.31452,0.30848,0.31063,12386648
2025-05-18T19:00:00Z,0.31062,0.31297,0.30439,0.30506,8738763
2025-05-18T20:00:00Z,0.30499,0.30879,0.29915,0.30815,14349801
2025-05-18T21:00:00Z,0.30815,0.31344,0.30809,0.30986,5267048
2025-05-18T22:00:00Z,0.30986,0.31630,0.30738,0.31591,5576070
2025-05-18T23:00:00Z,0.31590,0.32198,0.31383,0.32068,7516968
2025-05-19T00:00:00Z,0.32082,0.32408,0.31407,0.31551,11513733
2025-05-19T01:00:00Z,0.31553,0.31731,0.31165,0.31258,5574340
2025-05-19T02:00:00Z,0.31257,0.31327,0.30833,0.30923,6212365
2025-05-19T03:00:00Z,0.30922,0.30980,0.30464,0.30603,5061315
2025-05-19T04:00:00Z,0.30604,0.30814,0.29966,0.30207,8464911
2025-05-19T05:00:00Z,0.30207,0.30443,0.30045,0.30352,5516471
2025-05-19T06:00:00Z,0.30352,0.30653,0.29877,0.29896,5253918
2025-05-19T07:00:00Z,0.29900,0.30543,0.29852,0.30357,5897227
2025-05-19T08:00:00Z,0.30356,0.30459,0.30084,0.30204,4400272
2025-05-19T09:00:00Z,0.30203,0.30369,0.29994,0.30118,4919189
2025-05-19T10:00:00Z,0.30117,0.30292,0.29951,0.30174,3559020
2025-05-19T11:00:00Z,0.30176,0.30344,0.30159,0.30245,1839572
2025-05-19T12:00:00Z,0.30243,0.30284,0.29662,0.29863,8826858
2025-05-19T13:00:00Z,0.29867,0.30639,0.29845,0.30459,7907420
2025-05-19T14:00:00Z,0.30458,0.30816,0.30352,0.30690,5185064
2025-05-19T15:00:00Z,0.30691,0.30996,0.30657,0.30802,3776803
2025-05-19T16:00:00Z,0.30805,0.31214,0.30500,0.31173,5829433
2025-05-19T17:00:00Z,0.31161,0.31479,0.31111,0.31214,6120090
2025-05-19T18:00:00Z,0.31213,0.31304,0.30709,0.30904,4759191
2025-05-19T19:00:00Z,0.30911,0.31180,0.30835,0.31035,3611741
2025-05-19T20:00:00Z,0.31032,0.31160,0.30917,0.30998,2332469
2025-05-19T21:00:00Z,0.31000,0.31101,0.30765,0.31060,2219981
2025-05-19T22:00:00Z,0.31059,0.31059,0.30802,0.30884,2537580
2025-05-19T23:00:00Z,0.30882,0.31145,0.30833,0.31067,2355940
2025-05-20T00:00:00Z,0.31068,0.31507,0.30770,0.30819,6073839
2025-05-20T01:00:00Z,0.30816,0.31576,0.30761,0.31399,4743850
2025-05-20T02:00:00Z,0.31401,0.31777,0.31272,0.31326,8441098
2025-05-20T03:00:00Z,0.31330,0.31391,0.30988,0.31182,5181517
2025-05-20T04:00:00Z,0.31184,0.31320,0.30928,0.31238,4722555
2025-05-20T05:00:00Z,0.31239,0.31422,0.31182,0.31197,2834371
2025-05-20T06:00:00Z,0.31197,0.31313,0.30850,0.31101,3848202
2025-05-20T07:00:00Z,0.31102,0.31345,0.30795,0.30906,7751832
2025-05-20T08:00:00Z,0.30910,0.31025,0.30678,0.30909,5044452
2025-05-20T09:00:00Z,0.30910,0.31008,0.30759,0.30859,3521947
2025-05-20T10:00:00Z,0.30859,0.31043,0.30456,0.30631,5369246
2025-05-20T11:00:00Z,0.30634,0.30686,0.30308,0.30550,4536083
2025-05-20T12:00:00Z,0.30549,0.30560,0.30176,0.30364,6014969
2025-05-20T13:00:00Z,0.30365,0.30495,0.30237,0.30354,3233915
2025-05-20T14:00:00Z,0.30354,0.30600,0.30255,0.30316,3332939
2025-05-20T15:00:00Z,0.30313,0.30679,0.30294,0.30582,3641132
2025-05-20T16:00:00Z,0.30579,0.30699,0.30216,0.30287,3961050
2025-05-20T17:00:00Z,0.30286,0.30865,0.30263,0.30698,4127663
2025-05-20T18:00:00Z,0.30701,0.30831,0.30050,0.30112,5021584
2025-05-20T19:00:00Z,0.30113,0.30993,0.30084,0.30842,9138617
2025-05-20T20:00:00Z,0.30842,0.31440,0.30736,0.31285,5235208
2025-05-20T21:00:00Z,0.31284,0.31518,0.31164,0.31317,5426936
2025-05-20T22:00:00Z,0.31316,0.31416,0.30952,0.31194,3357730
2025-05-20T23:00:00Z,0.31194,0.31535,0.31110,0.31356,3367732
2025-05-21T00:00:00Z,0.31358,0.31487,0.31140,0.31208,4785752
2025-05-21T01:00:00Z,0.31208,0.31477,0.31150,0.31223,3710436
2025-05-21T02:00:00Z,0.31223,0.31427,0.30895,0.31328,5742912
2025-05-21T03:00:00Z,0.31326,0.31520,0.31249,0.31351,3581760
2025-05-21T04:00:00Z,0.31352,0.31698,0.31207,0.31429,5018736
2025-05-21T05:00:00Z,0.31429,0.31736,0.31389,0.31609,4588511
2025-05-21T06:00:00Z,0.31608,0.31837,0.31396,0.31596,9187568
2025-05-21T07:00:00Z,0.31599,0.31671,0.30955,0.31102,6815337
2025-05-21T08:00:00Z,0.31104,0.31250,0.30851,0.30873,4785475
2025-05-21T09:00:00Z,0.30872,0.30949,0.30651,0.30721,5717306
2025-05-21T10:00:00Z,0.30720,0.30943,0.30668,0.30918,2404799
2025-05-21T11:00:00Z,0.30916,0.31254,0.30901,0.31125,3281356
2025-05-21T12:00:00Z,0.31127,0.31288,0.30993,0.31153,3111605
2025-05-21T13:00:00Z,0.31154,0.31430,0.30935,0.31235,4128027
2025-05-21T14:00:00Z,0.31238,0.31621,0.30997,0.31614,4673133
2025-05-21T15:00:00Z,0.31613,0.31719,0.31354,0.31673,7555484
2025-05-21T16:00:00Z,0.31680,0.32579,0.31610,0.32099,13402206
2025-05-21T17:00:00Z,0.32102,0.32209,0.30422,0.30624,36948596
2025-05-21T18:00:00Z,0.30627,0.31290,0.30461,0.30987,9978449
2025-05-21T19:00:00Z,0.30977,0.31517,0.30834,0.31416,5816512
2025-05-21T20:00:00Z,0.31413,0.31538,0.31155,0.31422,4000025
2025-05-21T21:00:00Z,0.31423,0.31606,0.31314,0.31397,2778915
2025-05-21T22:00:00Z,0.31397,0.31845,0.31375,0.31769,3182792
2025-05-21T23:00:00Z,0.31771,0.32279,0.31622,0.31813,5851774
2025-05-22T00:00:00Z,0.31815,0.32289,0.31777,0.32275,4883351
2025-05-22T01:00:00Z,0.32280,0.32482,0.32100,0.32230,6498718
2025-05-22T02:00:00Z,0.32227,0.32451,0.32108,0.32399,4292360
2025-05-22T03:00:00Z,0.32401,0.33059,0.32254,0.32874,8869061
2025-05-22T04:00:00Z,0.32874,0.33223,0.32800,0.33090,5647112
2025-05-22T05:00:00Z,0.33089,0.33269,0.32821,0.32841,4742207
2025-05-22T06:00:00Z,0.32842,0.33005,0.32721,0.32860,5891492
2025-05-22T07:00:00Z,0.32861,0.33151,0.32765,0.33111,9987596
2025-05-22T08:00:00Z,0.33112,0.33560,0.33085,0.33372,8559017
2025-05-22T09:00:00Z,0.33371,0.33840,0.33340,0.33590,8714103
2025-05-22T10:00:00Z,0.33588,0.33654,0.33283,0.33436,4508664
2025-05-22T11:00:00Z,0.33436,0.33607,0.33133,0.33476,5191103
2025-05-22T12:00:00Z,0.33474,0.33621,0.33320,0.33448,3870557
2025-05-22T13:00:00Z,0.33447,0.33470,0.33027,0.33156,6168246
2025-05-22T14:00:00Z,0.33159,0.33718,0.33132,0.33585,5415240
2025-05-22T15:00:00Z,0.33585,0.33866,0.33551,0.33648,5044403
2025-05-22T16:00:00Z,0.33650,0.33865,0.33358,0.33430,5915593
2025-05-22T17:00:00Z,0.33432,0.33666,0.33355,0.33552,3786552
2025-05-22T18:00:00Z,0.33550,0.33699,0.33476,0.33570,1818500
2025-05-22T19:00:00Z,0.33571,0.33677,0.33271,0.33438,2917763
2025-05-22T20:00:00Z,0.33441,0.33623,0.33258,0.33299,3127562
2025-05-22T21:00:00Z,0.33298,0.33336,0.33160,0.33250,2277561
2025-05-22T22:00:00Z,0.33252,0.33644,0.33247,0.33385,5688404
2025-05-22T23:00:00Z,0.33386,0.33699,0.33366,0.33652,1877323
2025-05-23T00:00:00Z,0.33654,0.33877,0.33479,0.33744,5125767
2025-05-23T01:00:00Z,0.33746,0.34280,0.33599,0.34105,4722657
2025-05-23T02:00:00Z,0.34105,0.34741,0.34071,0.34489,8136427
2025-05-23T03:00:00Z,0.34485,0.34730,0.34433,0.34582,3482142
2025-05-23T04:00:00Z,0.34581,0.34659,0.33754,0.33965,8708903
2025-05-23T05:00:00Z,0.33963,0.34094,0.33665,0.33993,4594642
2025-05-23T06:00:00Z,0.33995,0.33996,0.33180,0.33321,10519881
2025-05-23T07:00:00Z,0.33322,0.33663,0.33184,0.33377,6326100
2025-05-23T08:00:00Z,0.33382,0.33900,0.33367,0.33773,3490189
2025-05-23T09:00:00Z,0.33774,0.34104,0.33701,0.33994,3579974
2025-05-23T10:00:00Z,0.33995,0.34009,0.33558,0.33858,5107345
2025-05-23T11:00:00Z,0.33852,0.33873,0.32043,0.32265,25220830
2025-05-23T12:00:00Z,0.32278,0.32304,0.30562,0.31788,34031468
2025-05-23T13:00:00Z,0.31786,0.32580,0.31564,0.32491,11685336
2025-05-23T14:00:00Z,0.32490,0.32675,0.32311,0.32424,5238431
2025-05-23T15:00:00Z,0.32424,0.32669,0.32255,0.32300,5765361
2025-05-23T16:00:00Z,0.32301,0.32439,0.31902,0.32420,6816795
2025-05-23T17:00:00Z,0.32418,0.32654,0.32301,0.32431,3709237
2025-05-23T18:00:00Z,0.32429,0.32502,0.32065,0.32162,3179394
2025-05-23T19:00:00Z,0.32161,0.32365,0.32074,0.32120,3462898
2025-05-23T20:00:00Z,0.32128,0.32134,0.31618,0.31720,4738160
2025-05-23T21:00:00Z,0.31720,0.31888,0.31491,0.31609,4341021
2025-05-23T22:00:00Z,0.31610,0.31799,0.31264,0.31323,4788829
2025-05-23T23:00:00Z,0.31325,0.31387,0.30603,0.30799,9743086
2025-05-24T00:00:00Z,0.30791,0.30962,0.30211,0.30564,14308298
2025-05-24T01:00:00Z,0.30560,0.30920,0.30502,0.30659,3034102
2025-05-24T02:00:00Z,0.30662,0.30935,0.30529,0.30879,2706325
2025-05-24T03:00:00Z,0.30869,0.31128,0.30821,0.31083,2729359
2025-05-24T04:00:00Z,0.31087,0.31161,0.30969,0.31059,2244660
2025-05-24T05:00:00Z,0.31051,0.31095,0.30697,0.30883,3446760
2025-05-24T06:00:00Z,0.30881,0.30968,0.30637,0.30850,2577780
2025-05-24T07:00:00Z,0.30851,0.31060,0.30782,0.30872,1926794
2025-05-24T08:00:00Z,0.30874,0.30916,0.30619,0.30904,2934589
2025-05-24T09:00:00Z,0.30904,0.31024,0.30775,0.30836,3616108
2025-05-24T10:00:00Z,0.30837,0.31260,0.30792,0.31184,5401704
2025-05-24T11:00:00Z,0.31181,0.31317,0.31091,0.31098,5369630
2025-05-24T12:00:00Z,0.31105,0.31148,0.30909,0.31093,2721405
2025-05-24T13:00:00Z,0.31094,0.31162,0.30929,0.30982,2376054
2025-05-24T14:00:00Z,0.30982,0.31285,0.30948,0.31257,2600511
2025-05-24T15:00:00Z,0.31258,0.31309,0.30978,0.31104,2554129
2025-05-24T16:00:00Z,0.31104,0.31137,0.30859,0.31048,3028195
2025-05-24T17:00:00Z,0.31049,0.31227,0.30928,0.30950,1644029
2025-05-24T18:00:00Z,0.30948,0.31021,0.30629,0.30663,3789311
2025-05-24T19:00:00Z,0.30662,0.30846,0.30642,0.30789,1852346
2025-05-24T20:00:00Z,0.30788,0.30829,0.30654,0.30703,1477876
2025-05-24T21:00:00Z,0.30709,0.30725,0.30400,0.30654,3190921
2025-05-24T22:00:00Z,0.30655,0.30659,0.30414,0.30452,3584477
2025-05-24T23:00:00Z,0.30452,0.30647,0.30324,0.30543,3852093
2025-05-25T00:00:00Z,0.30544,0.30703,0.29832,0.29984,8744621
2025-05-25T01:00:00Z,0.29989,0.30187,0.29770,0.30033,4131442
2025-05-25T02:00:00Z,0.30032,0.30327,0.29855,0.30290,3057800
2025-05-25T03:00:00Z,0.30295,0.30568,0.30272,0.30455,3696312
2025-05-25T04:00:00Z,0.30456,0.30593,0.30366,0.30568,2069931
2025-05-25T05:00:00Z,0.30564,0.30621,0.30478,0.30602,1900607
2025-05-25T06:00:00Z,0.30603,0.30619,0.30320,0.30416,2032800
2025-05-25T07:00:00Z,0.30420,0.30427,0.30112,0.30231,2453279
2025-05-25T08:00:00Z,0.30231,0.30232,0.29654,0.29809,5995617
2025-05-25T09:00:00Z,0.29808,0.29950,0.29638,0.29929,5015269
2025-05-25T10:00:00Z,0.29930,0.30027,0.29760,0.29786,3850515
2025-05-25T11:00:00Z,0.29788,0.29992,0.29731,0.29934,1551733
2025-05-25T12:00:00Z,0.29934,0.30149,0.29765,0.30133,3261401
2025-05-25T13:00:00Z,0.30135,0.30270,0.29973,0.30084,2440597
2025-05-25T14:00:00Z,0.30086,0.30160,0.29765,0.29885,2590624
2025-05-25T15:00:00Z,0.29885,0.29989,0.29299,0.29973,12198119
2025-05-25T16:00:00Z,0.29970,0.29983,0.29571,0.29790,8200274
2025-05-25T17:00:00Z,0.29790,0.29928,0.29704,0.29828,2237065
2025-05-25T18:00:00Z,0.29827,0.29991,0.29766,0.29813,2983970
2025-05-25T19:00:00Z,0.29807,0.30143,0.29790,0.29986,2445361
2025-05-25T20:00:00Z,0.29989,0.30066,0.29855,0.29954,1499351
2025-05-25T21:00:00Z,0.29954,0.30081,0.29722,0.29843,2074859
2025-05-25T22:00:00Z,0.29843,0.30683,0.29789,0.30657,5789365
2025-05-25T23:00:00Z,0.30651,0.30910,0.30516,0.30849,5124253
2025-05-26T00:00:00Z,0.30849,0.31226,0.30697,0.31164,6628694
2025-05-26T01:00:00Z,0.31163,0.31230,0.30955,0.31079,2688869
2025-05-26T02:00:00Z,0.31080,0.31100,0.30877,0.30966,3939888
2025-05-26T03:00:00Z,0.30966,0.31175,0.30897,0.31078,2425463
2025-05-26T04:00:00Z,0.31082,0.31254,0.31034,0.31126,2739204
2025-05-26T05:00:00Z,0.31130,0.31220,0.31064,0.31177,1753786
2025-05-26T06:00:00Z,0.31176,0.31334,0.31082,0.31302,3038825
2025-05-26T07:00:00Z,0.31298,0.31540,0.31298,0.31538,4746789
2025-05-26T08:00:00Z,0.31541,0.31621,0.31225,0.31293,4971887
2025-05-26T09:00:00Z,0.31299,0.31426,0.31116,0.31186,3079246
2025-05-26T10:00:00Z,0.31185,0.31307,0.30909,0.31017,3892612
2025-05-26T11:00:00Z,0.31017,0.31082,0.30874,0.31002,2675283
2025-05-26T12:00:00Z,0.31002,0.31122,0.30780,0.31025,5887387
2025-05-26T13:00:00Z,0.31023,0.31117,0.30556,0.30708,6414026
2025-05-26T14:00:00Z,0.30710,0.30806,0.30499,0.30649,4389666
2025-05-26T15:00:00Z,0.30651,0.31064,0.30526,0.30882,5490676
2025-05-26T16:00:00Z,0.30883,0.31020,0.30344,0.30570,8352603
2025-05-26T17:00:00Z,0.30571,0.30681,0.30222,0.30340,3517466
2025-05-26T18:00:00Z,0.30344,0.30552,0.30250,0.30347,2724136
2025-05-26T19:00:00Z,0.30349,0.30472,0.30250,0.30344,2674312
2025-05-26T20:00:00Z,0.30340,0.30537,0.30223,0.30516,3380004
2025-05-26T21:00:00Z,0.30515,0.30622,0.30399,0.30469,4747262
2025-05-26T22:00:00Z,0.30469,0.30735,0.30349,0.30364,2831929
2025-05-26T23:00:00Z,0.30366,0.30437,0.30266,0.30427,1943615
2025-05-27T00:00:00Z,0.30425,0.30634,0.30142,0.30170,3796978
2025-05-27T01:00:00Z,0.30175,0.30175,0.29665,0.29958,7700972
2025-05-27T02:00:00Z,0.29958,0.30281,0.29936,0.30164,2637393
2025-05-27T03:00:00Z,0.30162,0.30530,0.30162,0.30338,3068653
2025-05-27T04:00:00Z,0.30339,0.30547,0.30266,0.30403,2706484
2025-05-27T05:00:00Z,0.30404,0.30616,0.30210,0.30560,2228636
2025-05-27T06:00:00Z,0.30560,0.31024,0.30557,0.30683,7519088
2025-05-27T07:00:00Z,0.30683,0.31028,0.30683,0.30888,4614861
2025-05-27T08:00:00Z,0.30893,0.31186,0.30892,0.31173,4119279
2025-05-27T09:00:00Z,0.31174,0.31261,0.31015,0.31192,3678678
2025-05-27T10:00:00Z,0.31193,0.31223,0.31081,0.31146,3644141
2025-05-27T11:00:00Z,0.31146,0.31195,0.30941,0.31172,3048655
2025-05-27T12:00:00Z,0.31165,0.31228,0.31020,0.31159,3402769
2025-05-27T13:00:00Z,0.31158,0.31698,0.31130,0.31199,9842259
2025-05-27T14:00:00Z,0.31195,0.31357,0.30642,0.31020,5918957
2025-05-27T15:00:00Z,0.31018,0.31266,0.30856,0.31220,3140696
2025-05-27T16:00:00Z,0.31220,0.31550,0.31128,0.31410,3759014
2025-05-27T17:00:00Z,0.31406,0.31597,0.31305,0.31388,2862377
2025-05-27T18:00:00Z,0.31394,0.31458,0.31219,0.31294,3179509
2025-05-27T19:00:00Z,0.31291,0.31291,0.31057,0.31094,3600976
2025-05-27T20:00:00Z,0.31097,0.31314,0.31072,0.31176,2029463
2025-05-27T21:00:00Z,0.31177,0.31393,0.30954,0.31019,3093577
2025-05-27T22:00:00Z,0.31024,0.31130,0.30786,0.30911,3730756
2025-05-27T23:00:00Z,0.30903,0.30963,0.30741,0.30925,1834445
2025-05-28T00:00:00Z,0.30924,0.31103,0.30620,0.31103,3503168
2025-05-28T01:00:00Z,0.31103,0.31140,0.30811,0.30838,2160833
2025-05-28T02:00:00Z,0.30830,0.30859,0.30525,0.30707,4424160
2025-05-28T03:00:00Z,0.30708,0.30935,0.30683,0.30877,2016544
2025-05-28T04:00:00Z,0.30866,0.30959,0.30618,0.30810,2404103
2025-05-28T05:00:00Z,0.30813,0.30868,0.30650,0.30747,2138860
2025-05-28T06:00:00Z,0.30746,0.30746,0.30408,0.30478,4671599
2025-05-28T07:00:00Z,0.30478,0.30680,0.30432,0.30547,1907398
2025-05-28T08:00:00Z,0.30548,0.30718,0.30435,0.30628,2672558
2025-05-28T09:00:00Z,0.30628,0.30649,0.30300,0.30369,3537293
2025-05-28T10:00:00Z,0.30371,0.30606,0.30150,0.30598,4610621
2025-05-28T11:00:00Z,0.30597,0.30821,0.30594,0.30784,2746005
2025-05-28T12:00:00Z,0.30784,0.31308,0.30695,0.31070,4253272
2025-05-28T13:00:00Z,0.31073,0.31112,0.30477,0.30520,8104639
2025-05-28T14:00:00Z,0.30513,0.30600,0.30109,0.30279,9041426
2025-05-28T15:00:00Z,0.30278,0.30394,0.29959,0.30122,5239437
2025-05-28T16:00:00Z,0.30123,0.30386,0.30090,0.30315,2908960
2025-05-28T17:00:00Z,0.30312,0.30548,0.30062,0.30253,3632166
2025-05-28T18:00:00Z,0.30252,0.30341,0.29854,0.29915,3000880
2025-05-28T19:00:00Z,0.29912,0.30105,0.29662,0.29712,3587556
2025-05-28T20:00:00Z,0.29718,0.30035,0.29696,0.30005,3235654
2025-05-28T21:00:00Z,0.30001,0.30234,0.29922,0.30208,1919407
2025-05-28T22:00:00Z,0.30207,0.30235,0.30012,0.30131,1747231
2025-05-28T23:00:00Z,0.30132,0.30760,0.30129,0.30657,4448431
2025-05-29T00:00:00Z,0.30657,0.31085,0.30476,0.31065,5165792
2025-05-29T01:00:00Z,0.31067,0.31081,0.30676,0.30918,4841465
2025-05-29T02:00:00Z,0.30918,0.31485,0.30804,0.31416,6366489
2025-05-29T03:00:00Z,0.31415,0.31442,0.31050,0.31125,6695795
2025-05-29T04:00:00Z,0.31126,0.31210,0.30338,0.30602,10509043
2025-05-29T05:00:00Z,0.30602,0.30708,0.30471,0.30548,3863660
2025-05-29T06:00:00Z,0.30546,0.30802,0.30503,0.30695,3583821
2025-05-29T07:00:00Z,0.30695,0.30753,0.30533,0.30631,1898310
2025-05-29T08:00:00Z,0.30631,0.30810,0.30445,0.30741,4184175
2025-05-29T09:00:00Z,0.30741,0.30769,0.30611,0.30674,2702254
2025-05-29T10:00:00Z,0.30678,0.30831,0.30561,0.30790,3403248
2025-05-29T11:00:00Z,0.30792,0.30863,0.30662,0.30787,2424924
2025-05-29T12:00:00Z,0.30786,0.30826,0.30337,0.30500,5566686
2025-05-29T13:00:00Z,0.30501,0.30738,0.30264,0.30357,4307800
2025-05-29T14:00:00Z,0.30354,0.30503,0.29920,0.30447,7563402
2025-05-29T15:00:00Z,0.30445,0.30492,0.30087,0.30134,3296934
2025-05-29T16:00:00Z,0.30133,0.30284,0.29849,0.29920,4784430
2025-05-29T17:00:00Z,0.29919,0.30232,0.29870,0.30036,5512291
2025-05-29T18:00:00Z,0.30040,0.30228,0.29711,0.29720,5697692
2025-05-29T19:00:00Z,0.29727,0.29874,0.29500,0.29724,6636940
2025-05-29T20:00:00Z,0.29726,0.29870,0.29612,0.29691,4357770
2025-05-29T21:00:00Z,0.29696,0.30094,0.29667,0.30074,3105698
2025-05-29T22:00:00Z,0.30073,0.30112,0.29719,0.29741,2957182
2025-05-29T23:00:00Z,0.29736,0.29813,0.29200,0.29357,8530754
2025-05-30T00:00:00Z,0.29356,0.29538,0.27509,0.28028,30581275
2025-05-30T01:00:00Z,0.28028,0.28660,0.27909,0.28450,11117894
2025-05-30T02:00:00Z,0.28450,0.28756,0.28410,0.28613,4763902
2025-05-30T03:00:00Z,0.28613,0.28779,0.28560,0.28573,3474178
2025-05-30T04:00:00Z,0.28572,0.28650,0.28460,0.28526,3112448
2025-05-30T05:00:00Z,0.28527,0.28660,0.28371,0.28520,3223079
2025-05-30T06:00:00Z,0.28522,0.28522,0.27862,0.28013,6680569
2025-05-30T07:00:00Z,0.28011,0.28313,0.27978,0.28120,4659369
2025-05-30T08:00:00Z,0.28121,0.28616,0.27962,0.28139,13744622
2025-05-30T09:00:00Z,0.28138,0.28394,0.27938,0.28296,5602195
2025-05-30T10:00:00Z,0.28294,0.28350,0.28111,0.28328,4686487
2025-05-30T11:00:00Z,0.28330,0.28506,0.28202,0.28429,5516417
2025-05-30T12:00:00Z,0.28429,0.28567,0.27984,0.28356,9975947
2025-05-30T13:00:00Z,0.28357,0.28511,0.28125,0.28161,7824011
2025-05-30T14:00:00Z,0.28163,0.28435,0.28041,0.28289,11026384
2025-05-30T15:00:00Z,0.28288,0.28445,0.28140,0.28156,3383583
2025-05-30T16:00:00Z,0.28161,0.28230,0.27125,0.27603,20523453
2025-05-30T17:00:00Z,0.27601,0.27883,0.27520,0.27855,5445988
2025-05-30T18:00:00Z,0.27855,0.28203,0.27796,0.28173,5606190
2025-05-30T19:00:00Z,0.28173,0.28262,0.28021,0.28038,5576603
2025-05-30T20:00:00Z,0.28034,0.28120,0.27865,0.27880,4705635
2025-05-30T21:00:00Z,0.27880,0.28024,0.27677,0.27738,2685476
2025-05-30T22:00:00Z,0.27737,0.27806,0.26988,0.26994,10086005
2025-05-30T23:00:00Z,0.27000,0.27255,0.26680,0.26936,12716021
2025-05-31T00:00:00Z,0.26936,0.26969,0.26049,0.26379,17443006
2025-05-31T01:00:00Z,0.26379,0.26644,0.25901,0.26357,12603340
2025-05-31T02:00:00Z,0.26355,0.26766,0.26230,0.26407,7614402
2025-05-31T03:00:00Z,0.26414,0.26684,0.26191,0.26628,4367690
2025-05-31T04:00:00Z,0.26629,0.26915,0.26443,0.26880,5310635
2025-05-31T05:00:00Z,0.26881,0.26936,0.26585,0.26597,3967547
2025-05-31T06:00:00Z,0.26596,0.26882,0.26552,0.26713,2591123
2025-05-31T07:00:00Z,0.26710,0.26866,0.26606,0.26798,4406080
2025-05-31T08:00:00Z,0.26798,0.26968,0.26663,0.26845,5718334
2025-05-31T09:00:00Z,0.26844,0.26876,0.26563,0.26707,3568553
2025-05-31T10:00:00Z,0.26703,0.26993,0.26516,0.26723,3969072
2025-05-31T11:00:00Z,0.26723,0.26749,0.26518,0.26588,1802227
2025-05-31T12:00:00Z,0.26587,0.27028,0.26561,0.27016,4164100
2025-05-31T13:00:00Z,0.27016,0.27290,0.26866,0.26935,9855359
2025-05-31T14:00:00Z,0.26932,0.27241,0.26911,0.27158,5121033
2025-05-31T15:00:00Z,0.27158,0.27330,0.27048,0.27081,3525983
2025-05-31T16:00:00Z,0.27085,0.27387,0.26985,0.27299,4229850
2025-05-31T17:00:00Z,0.27299,0.27336,0.27022,0.27060,3807245
2025-05-31T18:00:00Z,0.27058,0.27257,0.27040,0.27228,1936639
2025-05-31T19:00:00Z,0.27228,0.27342,0.27165,0.27217,2448310
2025-05-31T20:00:00Z,0.27215,0.27337,0.27111,0.27306,2313854
2025-05-31T21:00:00Z,0.27311,0.27492,0.27306,0.27391,3329328
2025-05-31T22:00:00Z,0.27392,0.27438,0.27163,0.27165,2419332
2025-05-31T23:00:00Z,0.27164,0.27333,0.27079,0.27101,2663689
2025-06-01T00:00:00Z,0.27102,0.27113,0.26936,0.27029,3196893
2025-06-01T01:00:00Z,0.27032,0.27137,0.26716,0.26887,4386006
2025-06-01T02:00:00Z,0.26888,0.27046,0.26714,0.26993,2455391
2025-06-01T03:00:00Z,0.26997,0.27104,0.26845,0.27015,1955582
2025-06-01T04:00:00Z,0.27014,0.27299,0.26978,0.27226,2218910
2025-06-01T05:00:00Z,0.27225,0.27405,0.27162,0.27239,5225992
2025-06-01T06:00:00Z,0.27236,0.27272,0.27040,0.27118,2335961
2025-06-01T07:00:00Z,0.27123,0.27182,0.27042,0.27112,1831768
2025-06-01T08:00:00Z,0.27112,0.27125,0.26888,0.26980,2328122
2025-06-01T09:00:00Z,0.26985,0.27058,0.26527,0.26726,6404007
2025-06-01T10:00:00Z,0.26721,0.26808,0.26549,0.26730,4707026
2025-06-01T11:00:00Z,0.26732,0.26939,0.26674,0.26817,2639741
2025-06-01T12:00:00Z,0.26818,0.26866,0.26600,0.26697,3167505
2025-06-01T13:00:00Z,0.26695,0.26996,0.26689,0.26884,2156328
2025-06-01T14:00:00Z,0.26884,0.27331,0.26884,0.27184,6735184
2025-06-01T15:00:00Z,0.27180,0.27329,0.27122,0.27250,2487995
2025-06-01T16:00:00Z,0.27249,0.27616,0.27218,0.27442,5978074
2025-06-01T17:00:00Z,0.27445,0.27510,0.27358,0.27414,2149095
2025-06-01T18:00:00Z,0.27411,0.27416,0.26928,0.27183,3584975
2025-06-01T19:00:00Z,0.27181,0.27347,0.27164,0.27332,1471904
2025-06-01T20:00:00Z,0.27334,0.27473,0.27217,0.27339,1965097
2025-06-01T21:00:00Z,0.27339,0.27590,0.27306,0.27539,2625164
2025-06-01T22:00:00Z,0.27538,0.27659,0.27464,0.27522,3079892
2025-06-01T23:00:00Z,0.27522,0.27632,0.27443,0.27502,2288577
2025-06-02T00:00:00Z,0.27503,0.27622,0.27420,0.27492,5742219
2025-06-02T01:00:00Z,0.27493,0.27655,0.27367,0.27371,2336063
2025-06-02T02:00:00Z,0.27373,0.27390,0.27176,0.27227,2325944
2025-06-02T03:00:00Z,0.27228,0.27239,0.27019,0.27090,3443932
2025-06-02T04:00:00Z,0.27088,0.27188,0.27001,0.27044,1781288
2025-06-02T05:00:00Z,0.27045,0.27181,0.26933,0.27073,2220530
2025-06-02T06:00:00Z,0.27073,0.27311,0.26986,0.27216,2637985
2025-06-02T07:00:00Z,0.27221,0.27438,0.27210,0.27259,2424714
2025-06-02T08:00:00Z,0.27260,0.27428,0.27070,0.27132,3478360
2025-06-02T09:00:00Z,0.27135,0.27138,0.26755,0.26821,5133166
2025-06-02T10:00:00Z,0.26824,0.26949,0.26707,0.26846,6194694
2025-06-02T11:00:00Z,0.26845,0.26992,0.26795,0.26946,3697813
2025-06-02T12:00:00Z,0.26944,0.27235,0.26822,0.27218,3863163
2025-06-02T13:00:00Z,0.27220,0.27413,0.27043,0.27120,3660587
2025-06-02T14:00:00Z,0.27110,0.27530,0.27046,0.27328,4831588
2025-06-02T15:00:00Z,0.27330,0.27510,0.27180,0.27373,2494093
2025-06-02T16:00:00Z,0.27373,0.27454,0.27203,0.27402,2368620
2025-06-02T17:00:00Z,0.27401,0.27469,0.27236,0.27401,1640743
2025-06-02T18:00:00Z,0.27400,0.27610,0.27297,0.27326,2278108
2025-06-02T19:00:00Z,0.27330,0.27419,0.27067,0.27206,2940144
2025-06-02T20:00:00Z,0.27212,0.27714,0.27211,0.27706,3379428
2025-06-02T21:00:00Z,0.27706,0.28015,0.27698,0.27985,6807302
2025-06-02T22:00:00Z,0.27984,0.28297,0.27980,0.28154,4618460
2025-06-02T23:00:00Z,0.28162,0.28226,0.28087,0.28151,2916864
2025-06-03T00:00:00Z,0.28150,0.28482,0.28096,0.28361,3759245
2025-06-03T01:00:00Z,0.28363,0.28800,0.28325,0.28771,6161379
2025-06-03T02:00:00Z,0.28768,0.28798,0.28433,0.28477,3932772
2025-06-03T03:00:00Z,0.28477,0.28510,0.28223,0.28252,3425479
2025-06-03T04:00:00Z,0.28252,0.28264,0.28061,0.28170,3585380
2025-06-03T05:00:00Z,0.28172,0.28437,0.28172,0.28409,1517419
2025-06-03T06:00:00Z,0.28408,0.28467,0.28271,0.28462,1000677
2025-06-03T07:00:00Z,0.28463,0.28476,0.28235,0.28255,1268867
2025-06-03T08:00:00Z,0.28256,0.28304,0.28042,0.28267,2812105
2025-06-03T09:00:00Z,0.28271,0.28466,0.28217,0.28391,2522278
2025-06-03T10:00:00Z,0.28400,0.28497,0.28356,0.28424,2069074
2025-06-03T11:00:00Z,0.28423,0.28552,0.28349,0.28398,1785441
2025-06-03T12:00:00Z,0.28398,0.28550,0.28347,0.28490,2384995
2025-06-03T13:00:00Z,0.28490,0.28718,0.28412,0.28551,7435415
2025-06-03T14:00:00Z,0.28549,0.28775,0.28371,0.28750,4175185
2025-06-03T15:00:00Z,0.28749,0.28792,0.28539,0.28593,3533239
2025-06-03T16:00:00Z,0.28597,0.28701,0.28393,0.28458,3205092
2025-06-03T17:00:00Z,0.28460,0.28688,0.28433,0.28554,3028276
2025-06-03T18:00:00Z,0.28554,0.28558,0.28312,0.28424,2488361
2025-06-03T19:00:00Z,0.28425,0.28623,0.28421,0.28558,2892441
2025-06-03T20:00:00Z,0.28559,0.28582,0.28086,0.28293,3901202
2025-06-03T21:00:00Z,0.28294,0.28353,0.27867,0.28040,4123706
2025-06-03T22:00:00Z,0.28041,0.28252,0.27999,0.28202,1881915
2025-06-03T23:00:00Z,0.28200,0.28215,0.28048,0.28114,1231290
2025-06-04T00:00:00Z,0.28115,0.28270,0.27934,0.28249,5582227
2025-06-04T01:00:00Z,0.28251,0.28558,0.28249,0.28422,3800003
2025-06-04T02:00:00Z,0.28423,0.28567,0.28325,0.28336,1209861
2025-06-04T03:00:00Z,0.28337,0.28642,0.28330,0.28566,2171442
2025-06-04T04:00:00Z,0.28553,0.28620,0.28450,0.28526,1552479
2025-06-04T05:00:00Z,0.28527,0.28596,0.28326,0.28368,1893774
2025-06-04T06:00:00Z,0.28369,0.28438,0.28237,0.28340,1594943
2025-06-04T07:00:00Z,0.28345,0.28410,0.28237,0.28310,1628968
2025-06-04T08:00:00Z,0.28314,0.28496,0.28299,0.28390,1578047
2025-06-04T09:00:00Z,0.28389,0.28405,0.28155,0.28352,2901499
2025-06-04T10:00:00Z,0.28352,0.28382,0.28117,0.28127,2315265
2025-06-04T11:00:00Z,0.28125,0.28187,0.27942,0.27961,2440787
2025-06-04T12:00:00Z,0.27965,0.28034,0.27697,0.27754,4472616
2025-06-04T13:00:00Z,0.27753,0.27877,0.27632,0.27676,3664954
2025-06-04T14:00:00Z,0.27674,0.27928,0.27428,0.27911,8197237
2025-06-04T15:00:00Z,0.27912,0.28167,0.27860,0.28102,4721892
2025-06-04T16:00:00Z,0.28101,0.28110,0.27852,0.27934,2855963
2025-06-04T17:00:00Z,0.27935,0.27950,0.27588,0.27715,3410785
2025-06-04T18:00:00Z,0.27717,0.27863,0.27628,0.27662,2379663
2025-06-04T19:00:00Z,0.27660,0.27718,0.27485,0.27493,3717780
2025-06-04T20:00:00Z,0.27492,0.27546,0.27110,0.27277,7179083
2025-06-04T21:00:00Z,0.27277,0.27615,0.27093,0.27508,3120262
2025-06-04T22:00:00Z,0.27511,0.27567,0.27353,0.27372,2028892
2025-06-04T23:00:00Z,0.27370,0.27462,0.27261,0.27324,3102484
2025-06-05T00:00:00Z,0.27320,0.27487,0.27192,0.27460,3164781
2025-06-05T01:00:00Z,0.27459,0.27585,0.27282,0.27343,2267118
2025-06-05T02:00:00Z,0.27344,0.27663,0.27342,0.27487,2111893
2025-06-05T03:00:00Z,0.27488,0.27559,0.27428,0.27512,1955300
2025-06-05T04:00:00Z,0.27508,0.27579,0.27442,0.27540,1875745
2025-06-05T05:00:00Z,0.27542,0.27564,0.27195,0.27272,2714346
2025-06-05T06:00:00Z,0.27274,0.27410,0.27157,0.27224,2414506
2025-06-05T07:00:00Z,0.27228,0.27723,0.27210,0.27411,5322554
2025-06-05T08:00:00Z,0.27411,0.27537,0.27332,0.27502,2575678
2025-06-05T09:00:00Z,0.27500,0.27654,0.27470,0.27517,1623559
2025-06-05T10:00:00Z,0.27514,0.27527,0.27220,0.27359,2094550
2025-06-05T11:00:00Z,0.27359,0.27438,0.27245,0.27427,2116119
2025-06-05T12:00:00Z,0.27426,0.27868,0.27380,0.27772,4412384
2025-06-05T13:00:00Z,0.27775,0.27908,0.27250,0.27300,5764736
2025-06-05T14:00:00Z,0.27296,0.27633,0.27000,0.27490,7804375
2025-06-05T15:00:00Z,0.27490,0.27562,0.27304,0.27416,2379166
2025-06-05T16:00:00Z,0.27418,0.27443,0.26945,0.27053,5350834
2025-06-05T17:00:00Z,0.27056,0.27205,0.27009,0.27103,2733148
2025-06-05T18:00:00Z,0.27100,0.27136,0.26675,0.26799,6283367
2025-06-05T19:00:00Z,0.26798,0.26845,0.25522,0.26044,24502898
2025-06-05T20:00:00Z,0.26045,0.26145,0.25098,0.25163,20579160
2025-06-05T21:00:00Z,0.25158,0.25746,0.25121,0.25690,7764402
2025-06-05T22:00:00Z,0.25690,0.25843,0.25493,0.25734,4103805
2025-06-05T23:00:00Z,0.25737,0.25819,0.25628,0.25643,4741548
2025-06-06T00:00:00Z,0.25648,0.25933,0.25540,0.25923,4206459
2025-06-06T01:00:00Z,0.25923,0.25990,0.25836,0.25891,2195424
2025-06-06T02:00:00Z,0.25891,0.26164,0.25776,0.26162,7727410
2025-06-06T03:00:00Z,0.26162,0.26348,0.26091,0.26318,4300211
2025-06-06T04:00:00Z,0.26319,0.26441,0.26277,0.26391,2759002
2025-06-06T05:00:00Z,0.26390,0.26580,0.26367,0.26545,3616832
2025-06-06T06:00:00Z,0.26543,0.26727,0.26524,0.26585,3186553
2025-06-06T07:00:00Z,0.26585,0.26670,0.26485,0.26590,2544348
2025-06-06T08:00:00Z,0.26592,0.26724,0.26577,0.26596,1991870
2025-06-06T09:00:00Z,0.26599,0.26784,0.26575,0.26584,3154319
2025-06-06T10:00:00Z,0.26586,0.26739,0.26515,0.26563,2768147
2025-06-06T11:00:00Z,0.26562,0.26682,0.26516,0.26585,2410788
2025-06-06T12:00:00Z,0.26582,0.27207,0.26581,0.26680,5807853
2025-06-06T13:00:00Z,0.26680,0.27120,0.26680,0.27008,5198172
2025-06-06T14:00:00Z,0.27011,0.27202,0.26985,0.27200,3759420
2025-06-06T15:00:00Z,0.27196,0.27393,0.27024,0.27145,6381506
2025-06-06T16:00:00Z,0.27146,0.27307,0.27012,0.27070,3593677
2025-06-06T17:00:00Z,0.27070,0.27101,0.26845,0.27005,2838489
2025-06-06T18:00:00Z,0.27005,0.27075,0.26762,0.26840,4376784
2025-06-06T19:00:00Z,0.26838,0.26973,0.26788,0.26917,2230087
2025-06-06T20:00:00Z,0.26917,0.27225,0.26854,0.27060,2458673
2025-06-06T21:00:00Z,0.27060,0.27199,0.26907,0.27064,5485512
2025-06-06T22:00:00Z,0.27064,0.27110,0.26963,0.27075,3624619
2025-06-06T23:00:00Z,0.27070,0.27070,0.26903,0.26915,1538177
2025-06-07T00:00:00Z,0.26916,0.27308,0.26808,0.27300,2717192
2025-06-07T01:00:00Z,0.27298,0.27333,0.27068,0.27118,2876100
2025-06-07T02:00:00Z,0.27118,0.27384,0.27048,0.27330,1818710
2025-06-07T03:00:00Z,0.27331,0.27527,0.27304,0.27509,3106808
2025-06-07T04:00:00Z,0.27507,0.27517,0.27330,0.27462,3287654
2025-06-07T05:00:00Z,0.27464,0.27564,0.27386,0.27542,2252324
2025-06-07T06:00:00Z,0.27542,0.27758,0.27471,0.27758,2768422
2025-06-07T07:00:00Z,0.27758,0.27775,0.27577,0.27721,2916444
2025-06-07T08:00:00Z,0.27721,0.27921,0.27721,0.27822,4819516
2025-06-07T09:00:00Z,0.27822,0.27910,0.27723,0.27826,2934741
2025-06-07T10:00:00Z,0.27828,0.28013,0.27794,0.28001,2693216
2025-06-07T11:00:00Z,0.28002,0.28050,0.27849,0.27904,2282075
2025-06-07T12:00:00Z,0.27903,0.28010,0.27812,0.27825,2467505
2025-06-07T13:00:00Z,0.27826,0.27961,0.27787,0.27840,1987358
2025-06-07T14:00:00Z,0.27841,0.27912,0.27751,0.27799,1616380
2025-06-07T15:00:00Z,0.27792,0.27800,0.27602,0.27686,2696061
2025-06-07T16:00:00Z,0.27680,0.27739,0.27486,0.27501,3043246
2025-06-07T17:00:00Z,0.27500,0.27578,0.27407,0.27440,2530030
2025-06-07T18:00:00Z,0.27438,0.27668,0.27424,0.27580,2450271
2025-06-07T19:00:00Z,0.27577,0.27672,0.27508,0.27524,1546987
2025-06-07T20:00:00Z,0.27523,0.27615,0.27509,0.27564,1021499
2025-06-07T21:00:00Z,0.27563,0.27737,0.27563,0.27710,1446249
2025-06-07T22:00:00Z,0.27713,0.27872,0.27669,0.27750,2501454
2025-06-07T23:00:00Z,0.27750,0.27750,0.27668,0.27726,1404351
2025-06-08T00:00:00Z,0.27723,0.27828,0.27612,0.27683,5765794
2025-06-08T01:00:00Z,0.27684,0.27954,0.27648,0.27942,2813444
2025-06-08T02:00:00Z,0.27944,0.27947,0.27772,0.27793,2233971
2025-06-08T03:00:00Z,0.27790,0.27794,0.27658,0.27666,1549547
2025-06-08T04:00:00Z,0.27667,0.27711,0.27591,0.27674,1618707
2025-06-08T05:00:00Z,0.27672,0.27682,0.27500,0.27528,1723664
2025-06-08T06:00:00Z,0.27528,0.27635,0.27510,0.27518,1565108
2025-06-08T07:00:00Z,0.27518,0.27609,0.27389,0.27437,1731574
2025-06-08T08:00:00Z,0.27436,0.27585,0.27426,0.27507,1619043
2025-06-08T09:00:00Z,0.27508,0.27526,0.27183,0.27328,4246665
2025-06-08T10:00:00Z,0.27330,0.27464,0.27245,0.27445,2301927
2025-06-08T11:00:00Z,0.27446,0.27664,0.27441,0.27646,2828539
2025-06-08T12:00:00Z,0.27644,0.27744,0.27517,0.27639,2301157
2025-06-08T13:00:00Z,0.27640,0.27921,0.27558,0.27668,3388954
2025-06-08T14:00:00Z,0.27668,0.27851,0.27635,0.27770,1907039
2025-06-08T15:00:00Z,0.27773,0.27918,0.27773,0.27859,1953355
2025-06-08T16:00:00Z,0.27861,0.28106,0.27855,0.28053,3544887
2025-06-08T17:00:00Z,0.28051,0.28146,0.27963,0.28004,1995254
2025-06-08T18:00:00Z,0.28002,0.28091,0.27898,0.28024,5008232
2025-06-08T19:00:00Z,0.28023,0.28079,0.27980,0.28079,2624051
2025-06-08T20:00:00Z,0.28079,0.28131,0.27943,0.27982,1974902
2025-06-08T21:00:00Z,0.27981,0.28190,0.27981,0.28121,2650162
2025-06-08T22:00:00Z,0.28123,0.28146,0.27724,0.27769,4678847
2025-06-08T23:00:00Z,0.27768,0.27804,0.27645,0.27753,2651310
2025-06-09T00:00:00Z,0.27753,0.27781,0.27563,0.27686,2819031
2025-06-09T01:00:00Z,0.27686,0.27702,0.27506,0.27550,2104694
2025-06-09T02:00:00Z,0.27546,0.27677,0.27505,0.27527,1590131
2025-06-09T03:00:00Z,0.27523,0.27601,0.27375,0.27592,3206197
2025-06-09T04:00:00Z,0.27591,0.27617,0.27412,0.27453,995333
2025-06-09T05:00:00Z,0.27447,0.27447,0.27251,0.27281,3059017
2025-06-09T06:00:00Z,0.27276,0.27484,0.27185,0.27471,2998907
2025-06-09T07:00:00Z,0.27470,0.27472,0.27228,0.27393,4716513
2025-06-09T08:00:00Z,0.27398,0.27551,0.27246,0.27535,4202007
2025-06-09T09:00:00Z,0.27532,0.27947,0.27479,0.27865,3972576
2025-06-09T10:00:00Z,0.27872,0.28166,0.27840,0.28035,5374587
2025-06-09T11:00:00Z,0.28036,0.28152,0.27949,0.28040,2939622
2025-06-09T12:00:00Z,0.28041,0.28085,0.27892,0.28078,2846416
2025-06-09T13:00:00Z,0.28075,0.28098,0.27619,0.27696,3900092
2025-06-09T14:00:00Z,0.27695,0.27919,0.27694,0.27874,2802129
2025-06-09T15:00:00Z,0.27872,0.28072,0.27851,0.27941,2184127
2025-06-09T16:00:00Z,0.27941,0.28272,0.27941,0.28090,4464084
2025-06-09T17:00:00Z,0.28088,0.28221,0.28063,0.28083,3068121
2025-06-09T18:00:00Z,0.28084,0.28180,0.28041,0.28175,2018925
2025-06-09T19:00:00Z,0.28176,0.28214,0.27981,0.28070,1753559
2025-06-09T20:00:00Z,0.28070,0.28200,0.28070,0.28188,1725062
2025-06-09T21:00:00Z,0.28189,0.28772,0.28184,0.28742,7625385
2025-06-09T22:00:00Z,0.28742,0.29215,0.28740,0.29200,8085252
2025-06-09T23:00:00Z,0.29202,0.29227,0.28935,0.29186,4503448
2025-06-10T00:00:00Z,0.29186,0.29614,0.29186,0.29318,9081280
2025-06-10T01:00:00Z,0.29318,0.29513,0.29262,0.29485,3248712
2025-06-10T02:00:00Z,0.29484,0.29484,0.29189,0.29271,3767083
2025-06-10T03:00:00Z,0.29273,0.29301,0.29070,0.29162,2678708
2025-06-10T04:00:00Z,0.29164,0.29269,0.28995,0.29129,2504270
2025-06-10T05:00:00Z,0.29129,0.29233,0.28820,0.28993,4743605
2025-06-10T06:00:00Z,0.28992,0.29203,0.28832,0.29124,3251738
2025-06-10T07:00:00Z,0.29127,0.29279,0.28990,0.29142,3415911
2025-06-10T08:00:00Z,0.29144,0.29196,0.28948,0.28990,2020694
2025-06-10T09:00:00Z,0.28992,0.29152,0.28888,0.29137,2273416
2025-06-10T10:00:00Z,0.29137,0.29140,0.28915,0.29113,2789084
2025-06-10T11:00:00Z,0.29116,0.30105,0.28947,0.30070,10804080
2025-06-10T12:00:00Z,0.30072,0.30238,0.29733,0.30207,10916198
2025-06-10T13:00:00Z,0.30208,0.30282,0.29501,0.29861,7851734
2025-06-10T14:00:00Z,0.29862,0.29918,0.29253,0.29324,8712441
2025-06-10T15:00:00Z,0.29322,0.29593,0.28953,0.29352,7919503
2025-06-10T16:00:00Z,0.29353,0.29539,0.29253,0.29281,3043190
2025-06-10T17:00:00Z,0.29280,0.29512,0.29238,0.29280,2240908
2025-06-10T18:00:00Z,0.29281,0.29688,0.29201,0.29645,2756520
2025-06-10T19:00:00Z,0.29649,0.30056,0.29636,0.29757,6013679
2025-06-10T20:00:00Z,0.29752,0.29855,0.29525,0.29841,2258864
2025-06-10T21:00:00Z,0.29845,0.29867,0.29525,0.29743,2982435
2025-06-10T22:00:00Z,0.29749,0.30189,0.29736,0.30016,5615528
2025-06-10T23:00:00Z,0.30017,0.30144,0.29859,0.30134,2459977
2025-06-11T00:00:00Z,0.30138,0.30214,0.29814,0.29824,3080943
2025-06-11T01:00:00Z,0.29824,0.29862,0.29645,0.29720,2728819
2025-06-11T02:00:00Z,0.29722,0.29883,0.29633,0.29748,1672156
2025-06-11T03:00:00Z,0.29746,0.30039,0.29732,0.29903,2095264
2025-06-11T04:00:00Z,0.29909,0.29944,0.29768,0.29829,2301673
2025-06-11T05:00:00Z,0.29829,0.29956,0.29732,0.29956,2199583
2025-06-11T06:00:00Z,0.29956,0.30260,0.29956,0.30129,4369387
2025-06-11T07:00:00Z,0.30129,0.30364,0.30049,0.30073,3755163
2025-06-11T08:00:00Z,0.30072,0.30165,0.29747,0.29749,3324470
2025-06-11T09:00:00Z,0.29749,0.29828,0.29496,0.29558,6876756
2025-06-11T10:00:00Z,0.29558,0.29650,0.29483,0.29613,3056737
2025-06-11T11:00:00Z,0.29616,0.29632,0.29351,0.29522,4497008
2025-06-11T12:00:00Z,0.29529,0.30021,0.29391,0.29881,7303173
2025-06-11T13:00:00Z,0.29881,0.30035,0.29710,0.29821,4655674
2025-06-11T14:00:00Z,0.29823,0.30235,0.29766,0.29988,7355724
2025-06-11T15:00:00Z,0.29991,0.30116,0.29768,0.30028,4304269
2025-06-11T16:00:00Z,0.30028,0.30077,0.29824,0.29892,2569699
2025-06-11T17:00:00Z,0.29892,0.29896,0.29451,0.29464,4088798
2025-06-11T18:00:00Z,0.29464,0.29652,0.29296,0.29373,5941767
2025-06-11T19:00:00Z,0.29373,0.29394,0.29175,0.29223,2824005
2025-06-11T20:00:00Z,0.29222,0.29417,0.29090,0.29324,3502895
2025-06-11T21:00:00Z,0.29325,0.29555,0.28771,0.28858,7527442
2025-06-11T22:00:00Z,0.28857,0.28934,0.28594,0.28780,7368817
2025-06-11T23:00:00Z,0.28781,0.29020,0.28748,0.28976,2318791
2025-06-12T00:00:00Z,0.28978,0.28978,0.28559,0.28795,5811724
2025-06-12T01:00:00Z,0.28795,0.28829,0.28449,0.28679,5162003
2025-06-12T02:00:00Z,0.28678,0.28756,0.28462,0.28473,2764093
2025-06-12T03:00:00Z,0.28471,0.28473,0.28067,0.28240,9136602
2025-06-12T04:00:00Z,0.28243,0.28270,0.28093,0.28250,4206073
2025-06-12T05:00:00Z,0.28249,0.28326,0.28017,0.28263,3058938
2025-06-12T06:00:00Z,0.28261,0.28305,0.28079,0.28211,2429746
2025-06-12T07:00:00Z,0.28210,0.28314,0.28022,0.28088,2493046
2025-06-12T08:00:00Z,0.28086,0.28236,0.27938,0.28150,7473345
2025-06-12T09:00:00Z,0.28151,0.28260,0.28101,0.28147,2386657
2025-06-12T10:00:00Z,0.28147,0.28171,0.27858,0.28006,4344533
2025-06-12T11:00:00Z,0.28010,0.28020,0.27688,0.27755,4059520
2025-06-12T12:00:00Z,0.27758,0.28140,0.27695,0.27957,4480074
2025-06-12T13:00:00Z,0.27955,0.28171,0.27909,0.28096,3388961
2025-06-12T14:00:00Z,0.28098,0.28444,0.28098,0.28350,7140623
2025-06-12T15:00:00Z,0.28353,0.28424,0.27757,0.27825,5442418
2025-06-12T16:00:00Z,0.27824,0.28215,0.27779,0.28157,4340577
2025-06-12T17:00:00Z,0.28157,0.28422,0.28117,0.28280,2383618
2025-06-12T18:00:00Z,0.28279,0.28303,0.27809,0.27956,2925387
2025-06-12T19:00:00Z,0.27957,0.28046,0.27420,0.27557,5830578
2025-06-12T20:00:00Z,0.27557,0.27696,0.27109,0.27262,11101164
2025-06-12T21:00:00Z,0.27262,0.27607,0.27208,0.27280,6308980
2025-06-12T22:00:00Z,0.27281,0.27467,0.27222,0.27286,2856950
2025-06-12T23:00:00Z,0.27282,0.27396,0.27168,0.27224,2508741
2025-06-13T00:00:00Z,0.27225,0.27308,0.25551,0.25874,39432181
2025-06-13T01:00:00Z,0.25873,0.25886,0.25182,0.25551,19123122
2025-06-13T02:00:00Z,0.25551,0.25653,0.25302,0.25536,7329198
2025-06-13T03:00:00Z,0.25537,0.26191,0.25521,0.26076,7068652
2025-06-13T04:00:00Z,0.26077,0.26079,0.25843,0.25956,5177677
2025-06-13T05:00:00Z,0.25957,0.26061,0.25877,0.25882,2977408
2025-06-13T06:00:00Z,0.25884,0.26008,0.25577,0.26008,6359222
2025-06-13T07:00:00Z,0.26005,0.26022,0.25806,0.25918,5325020
2025-06-13T08:00:00Z,0.25918,0.26166,0.25796,0.25938,6116786
2025-06-13T09:00:00Z,0.25938,0.25971,0.25724,0.25835,4615814
2025-06-13T10:00:00Z,0.25832,0.25931,0.25656,0.25931,3569320
2025-06-13T11:00:00Z,0.25921,0.26045,0.25728,0.26041,3981798
2025-06-13T12:00:00Z,0.26042,0.26130,0.25800,0.25861,4170951
2025-06-13T13:00:00Z,0.25861,0.26146,0.25794,0.25904,4928955
2025-06-13T14:00:00Z,0.25907,0.26080,0.25713,0.25999,6292459
2025-06-13T15:00:00Z,0.25999,0.26595,0.25954,0.26348,9355418
2025-06-13T16:00:00Z,0.26350,0.26743,0.26279,0.26649,7132903
2025-06-13T17:00:00Z,0.26645,0.26645,0.26270,0.26536,5348712
2025-06-13T18:00:00Z,0.26534,0.26589,0.26015,0.26196,7748113
2025-06-13T19:00:00Z,0.26196,0.26323,0.26077,0.26249,2862727
2025-06-13T20:00:00Z,0.26250,0.26595,0.26239,0.26527,3873167
2025-06-13T21:00:00Z,0.26525,0.26685,0.26487,0.26575,2004029
2025-06-13T22:00:00Z,0.26576,0.26763,0.26535,0.26649,2467383
2025-06-13T23:00:00Z,0.26652,0.26754,0.26615,0.26708,1589049
2025-06-14T00:00:00Z,0.26708,0.26708,0.26431,0.26462,3729039
2025-06-14T01:00:00Z,0.26461,0.26483,0.26329,0.26390,2928425
2025-06-14T02:00:00Z,0.26387,0.26465,0.26305,0.26400,1562319
2025-06-14T03:00:00Z,0.26401,0.26517,0.26359,0.26387,1369417
2025-06-14T04:00:00Z,0.26390,0.26513,0.26373,0.26482,1522057
2025-06-14T05:00:00Z,0.26483,0.26628,0.26437,0.26577,1704834
2025-06-14T06:00:00Z,0.26577,0.26626,0.26462,0.26469,4145266
2025-06-14T07:00:00Z,0.26469,0.26556,0.26330,0.26504,1697624
2025-06-14T08:00:00Z,0.26503,0.26520,0.26337,0.26447,1476650
2025-06-14T09:00:00Z,0.26449,0.26491,0.26337,0.26360,1727542
2025-06-14T10:00:00Z,0.26361,0.26541,0.26350,0.26520,1452856
2025-06-14T11:00:00Z,0.26521,0.26616,0.26498,0.26589,1723498
2025-06-14T12:00:00Z,0.26589,0.26611,0.26406,0.26577,1894434
2025-06-14T13:00:00Z,0.26577,0.26676,0.26492,0.26551,2185138
2025-06-14T14:00:00Z,0.26552,0.26654,0.26431,0.26472,2636303
2025-06-14T15:00:00Z,0.26471,0.26532,0.26157,0.26332,6480987
2025-06-14T16:00:00Z,0.26328,0.26358,0.25962,0.26058,4262921
2025-06-14T17:00:00Z,0.26058,0.26316,0.26017,0.26239,3328325
2025-06-14T18:00:00Z,0.26235,0.26391,0.25992,0.26200,5097962
2025-06-14T19:00:00Z,0.26195,0.26398,0.26121,0.26180,4323079
2025-06-14T20:00:00Z,0.26180,0.26259,0.25999,0.26212,4340842
2025-06-14T21:00:00Z,0.26214,0.26583,0.26187,0.26501,2491696
2025-06-14T22:00:00Z,0.26504,0.26588,0.26489,0.26524,2179624
2025-06-14T23:00:00Z,0.26525,0.26619,0.26507,0.26538,1395756
2025-06-15T00:00:00Z,0.26539,0.26567,0.26394,0.26550,3908773
2025-06-15T01:00:00Z,0.26550,0.26583,0.26423,0.26468,1396151
2025-06-15T02:00:00Z,0.26468,0.26656,0.26461,0.26577,1681657
2025-06-15T03:00:00Z,0.26577,0.26615,0.26517,0.26552,1225581
2025-06-15T04:00:00Z,0.26550,0.26670,0.26531,0.26614,2758500
2025-06-15T05:00:00Z,0.26614,0.26758,0.26467,0.26740,5103291
2025-06-15T06:00:00Z,0.26741,0.26776,0.26461,0.26482,4060488
2025-06-15T07:00:00Z,0.26482,0.26482,0.26296,0.26441,2714860
2025-06-15T08:00:00Z,0.26438,0.26456,0.26192,0.26265,5593076
2025-06-15T09:00:00Z,0.26264,0.26264,0.26129,0.26170,2944342
2025-06-15T10:00:00Z,0.26170,0.26363,0.26165,0.26360,1530453
2025-06-15T11:00:00Z,0.26360,0.26374,0.26178,0.26284,1913993
2025-06-15T12:00:00Z,0.26284,0.26353,0.26123,0.26260,5596781
2025-06-15T13:00:00Z,0.26258,0.26380,0.26168,0.26338,3631438
2025-06-15T14:00:00Z,0.26339,0.26644,0.26145,0.26507,4759395
2025-06-15T15:00:00Z,0.26508,0.26674,0.26440,0.26528,5985489
2025-06-15T16:00:00Z,0.26529,0.26575,0.26210,0.26394,6682630
2025-06-15T17:00:00Z,0.26395,0.26408,0.26184,0.26310,2753657
2025-06-15T18:00:00Z,0.26309,0.26328,0.26165,0.26218,1689755
2025-06-15T19:00:00Z,0.26216,0.26287,0.25925,0.26066,4245335
2025-06-15T20:00:00Z,0.26068,0.26080,0.25708,0.25823,4712945
2025-06-15T21:00:00Z,0.25822,0.26015,0.25657,0.25989,5201476
2025-06-15T22:00:00Z,0.25986,0.26325,0.25923,0.26217,3272483
2025-06-15T23:00:00Z,0.26220,0.26349,0.26139,0.26292,1659681
2025-06-16T00:00:00Z,0.26295,0.26308,0.26014,0.26148,4202147
2025-06-16T01:00:00Z,0.26150,0.26475,0.25959,0.26443,2829602
2025-06-16T02:00:00Z,0.26442,0.26720,0.26440,0.26582,5454655
2025-06-16T03:00:00Z,0.26586,0.26701,0.26489,0.26494,4522100
2025-06-16T04:00:00Z,0.26495,0.26809,0.26491,0.26664,3588986
2025-06-16T05:00:00Z,0.26665,0.26956,0.26606,0.26861,4221767
2025-06-16T06:00:00Z,0.26862,0.26955,0.26814,0.26874,2601860
2025-06-16T07:00:00Z,0.26876,0.27143,0.26876,0.27128,3018457
2025-06-16T08:00:00Z,0.27130,0.27157,0.26907,0.27138,5704061
2025-06-16T09:00:00Z,0.27141,0.27231,0.27087,0.27113,3341859
2025-06-16T10:00:00Z,0.27117,0.27201,0.26971,0.27068,2641787
2025-06-16T11:00:00Z,0.27069,0.27183,0.26860,0.27132,2838345
2025-06-16T12:00:00Z,0.27129,0.27172,0.26913,0.27025,2867115
2025-06-16T13:00:00Z,0.27025,0.27371,0.27010,0.27346,3610201
2025-06-16T14:00:00Z,0.27345,0.27539,0.27269,0.27328,4898546
2025-06-16T15:00:00Z,0.27330,0.27490,0.27306,0.27402,2741454
2025-06-16T16:00:00Z,0.27403,0.27577,0.27380,0.27455,3397035
2025-06-16T17:00:00Z,0.27456,0.27548,0.27410,0.27475,2119645
2025-06-16T18:00:00Z,0.27476,0.27675,0.27453,0.27604,1787412
2025-06-16T19:00:00Z,0.27603,0.27741,0.27552,0.27637,2811174
2025-06-16T20:00:00Z,0.27635,0.27790,0.27526,0.27714,2913191
2025-06-16T21:00:00Z,0.27712,0.27744,0.27561,0.27646,1318123
2025-06-16T22:00:00Z,0.27645,0.27700,0.26700,0.26982,12144857
2025-06-16T23:00:00Z,0.26981,0.27145,0.26453,0.26542,11061251
2025-06-17T00:00:00Z,0.26543,0.26893,0.26053,0.26880,16531105
2025-06-17T01:00:00Z,0.26882,0.27008,0.26751,0.26800,3102274
2025-06-17T02:00:00Z,0.26800,0.27061,0.26659,0.27036,3783149
2025-06-17T03:00:00Z,0.27036,0.27111,0.26874,0.26909,3309127
2025-06-17T04:00:00Z,0.26910,0.26937,0.26695,0.26776,2715493
2025-06-17T05:00:00Z,0.26775,0.26818,0.26534,0.26614,2742391
2025-06-17T06:00:00Z,0.26613,0.26671,0.26466,0.26533,3045786
2025-06-17T07:00:00Z,0.26535,0.26573,0.26417,0.26493,2417893
2025-06-17T08:00:00Z,0.26491,0.26503,0.26224,0.26247,3581426
2025-06-17T09:00:00Z,0.26249,0.26330,0.26114,0.26224,3193380
2025-06-17T10:00:00Z,0.26224,0.26280,0.26030,0.26271,5128659
2025-06-17T11:00:00Z,0.26270,0.26279,0.26061,0.26131,3028759
2025-06-17T12:00:00Z,0.26131,0.26205,0.26000,0.26066,4406615
2025-06-17T13:00:00Z,0.26065,0.26323,0.26045,0.26155,6280060
2025-06-17T14:00:00Z,0.26156,0.26349,0.25963,0.25990,6447950
2025-06-17T15:00:00Z,0.25989,0.25993,0.25446,0.25708,13343150
2025-06-17T16:00:00Z,0.25704,0.25771,0.25246,0.25275,9836671
2025-06-17T17:00:00Z,0.25275,0.25607,0.25141,0.25408,6983895
2025-06-17T18:00:00Z,0.25407,0.25747,0.25354,0.25747,2539223
2025-06-17T19:00:00Z,0.25743,0.26108,0.25727,0.25924,4622452
2025-06-17T20:00:00Z,0.25924,0.26022,0.25715,0.25720,2727908
2025-06-17T21:00:00Z,0.25718,0.25810,0.25520,0.25661,3473170
2025-06-17T22:00:00Z,0.25662,0.25727,0.25514,0.25531,2206191
2025-06-17T23:00:00Z,0.25531,0.25814,0.25520,0.25688,1678231
2025-06-18T00:00:00Z,0.25688,0.25818,0.25543,0.25763,6391502
2025-06-18T01:00:00Z,0.25764,0.25884,0.25608,0.25631,2259919
2025-06-18T02:00:00Z,0.25632,0.25744,0.25568,0.25621,2375168
2025-06-18T03:00:00Z,0.25618,0.25871,0.25615,0.25864,1994266
2025-06-18T04:00:00Z,0.25862,0.26085,0.25829,0.26062,2787527
2025-06-18T05:00:00Z,0.26064,0.26076,0.25908,0.25923,2220542
2025-06-18T06:00:00Z,0.25922,0.26017,0.25800,0.25867,1798676
2025-06-18T07:00:00Z,0.25866,0.25918,0.25776,0.25875,1653901
2025-06-18T08:00:00Z,0.25875,0.25992,0.25713,0.25777,2242047
2025-06-18T09:00:00Z,0.25777,0.25832,0.25564,0.25636,1982049
2025-06-18T10:00:00Z,0.25637,0.25639,0.25204,0.25283,6420914
2025-06-18T11:00:00Z,0.25283,0.25629,0.25219,0.25598,4499152
2025-06-18T12:00:00Z,0.25599,0.25616,0.25332,0.25369,2566179
2025-06-18T13:00:00Z,0.25373,0.25396,0.24761,0.25357,15984282
2025-06-18T14:00:00Z,0.25355,0.25682,0.25267,0.25396,8518842
2025-06-18T15:00:00Z,0.25396,0.25577,0.25221,0.25410,5007669
2025-06-18T16:00:00Z,0.25410,0.25442,0.25202,0.25303,3265744
2025-06-18T17:00:00Z,0.25300,0.25456,0.25049,0.25406,4442031
2025-06-18T18:00:00Z,0.25406,0.25589,0.25028,0.25032,6830512
2025-06-18T19:00:00Z,0.25030,0.25379,0.24953,0.25072,8183398
2025-06-18T20:00:00Z,0.25074,0.25764,0.24985,0.25684,5513110
2025-06-18T21:00:00Z,0.25681,0.25771,0.25531,0.25704,4439828
2025-06-18T22:00:00Z,0.25702,0.25757,0.25570,0.25636,2837190
2025-06-18T23:00:00Z,0.25635,0.25717,0.25442,0.25595,2170805
2025-06-19T00:00:00Z,0.25595,0.25905,0.25505,0.25669,3542131
2025-06-19T01:00:00Z,0.25668,0.25671,0.25401,0.25472,3574340
2025-06-19T02:00:00Z,0.25472,0.25591,0.25388,0.25394,3107508
2025-06-19T03:00:00Z,0.25393,0.25563,0.25392,0.25555,2110419
2025-06-19T04:00:00Z,0.25554,0.25586,0.25421,0.25584,2330668
2025-06-19T05:00:00Z,0.25584,0.25703,0.25459,0.25465,2916371
2025-06-19T06:00:00Z,0.25465,0.25546,0.25323,0.25367,2082501
2025-06-19T07:00:00Z,0.25362,0.25439,0.25342,0.25382,1935800
2025-06-19T08:00:00Z,0.25381,0.25536,0.25381,0.25400,1503966
2025-06-19T09:00:00Z,0.25401,0.25615,0.25172,0.25214,17468630
2025-06-19T10:00:00Z,0.25216,0.25361,0.25088,0.25164,12374602
2025-06-19T11:00:00Z,0.25164,0.25223,0.25019,0.25176,12533250
2025-06-19T12:00:00Z,0.25177,0.25289,0.25115,0.25210,4767554
2025-06-19T13:00:00Z,0.25211,0.25299,0.25075,0.25107,3769671
2025-06-19T14:00:00Z,0.25110,0.25212,0.24914,0.24949,5764372
2025-06-19T15:00:00Z,0.24949,0.25120,0.24935,0.25038,2667191
2025-06-19T16:00:00Z,0.25038,0.25145,0.24902,0.24925,3665418
2025-06-19T17:00:00Z,0.24928,0.25434,0.24898,0.25272,6014575
2025-06-19T18:00:00Z,0.25269,0.25472,0.25186,0.25282,3006130
2025-06-19T19:00:00Z,0.25282,0.25368,0.25179,0.25215,2461561
2025-06-19T20:00:00Z,0.25216,0.25400,0.25216,0.25291,2572891
2025-06-19T21:00:00Z,0.25291,0.25409,0.25251,0.25350,2630347
2025-06-19T22:00:00Z,0.25348,0.25526,0.25348,0.25431,2818891
2025-06-19T23:00:00Z,0.25430,0.25477,0.25101,0.25200,8121019
