timestamp,open,high,low,close,volume
2023-10-19T00:00:00Z,0.08912,0.08921,0.08865,0.08874,33769145
2023-10-19T01:00:00Z,0.08875,0.08881,0.08830,0.08867,41079512
2023-10-19T02:00:00Z,0.08868,0.08870,0.08842,0.08851,19606968
2023-10-19T03:00:00Z,0.08852,0.08868,0.08845,0.08868,11700973
2023-10-19T04:00:00Z,0.08867,0.08887,0.08861,0.08884,13448648
2023-10-19T05:00:00Z,0.08884,0.08911,0.08876,0.08908,26661831
2023-10-19T06:00:00Z,0.08907,0.08910,0.08878,0.08878,13115038
2023-10-19T07:00:00Z,0.08879,0.08886,0.08855,0.08865,13757111
2023-10-19T08:00:00Z,0.08866,0.08886,0.08865,0.08870,13936671
2023-10-19T09:00:00Z,0.08869,0.08881,0.08855,0.08866,15174421
2023-10-19T10:00:00Z,0.08866,0.08887,0.08861,0.08873,12023092
2023-10-19T11:00:00Z,0.08874,0.08910,0.08874,0.08909,13775175
2023-10-19T12:00:00Z,0.08908,0.08927,0.08902,0.08922,19738425
2023-10-19T13:00:00Z,0.08922,0.08942,0.08910,0.08912,18785375
2023-10-19T14:00:00Z,0.08912,0.08949,0.08910,0.08946,23392805
2023-10-19T15:00:00Z,0.08947,0.08965,0.08927,0.08935,26407381
2023-10-19T16:00:00Z,0.08935,0.08980,0.08930,0.08938,36161602
2023-10-19T17:00:00Z,0.08939,0.08960,0.08934,0.08959,19631852
2023-10-19T18:00:00Z,0.08958,0.08969,0.08950,0.08959,13460664
2023-10-19T19:00:00Z,0.08958,0.08963,0.08946,0.08956,9731599
2023-10-19T20:00:00Z,0.08956,0.08978,0.08946,0.08958,18495083
2023-10-19T21:00:00Z,0.08958,0.08968,0.08941,0.08947,14472944
2023-10-19T22:00:00Z,0.08946,0.08980,0.08944,0.08968,12698168
2023-10-19T23:00:00Z,0.08968,0.08997,0.08967,0.08997,17839393
2023-10-20T00:00:00Z,0.08997,0.09066,0.08994,0.08996,84083464
2023-10-20T01:00:00Z,0.08996,0.09003,0.08979,0.08996,19366294
2023-10-20T02:00:00Z,0.08996,0.09046,0.08991,0.09016,35306274
2023-10-20T03:00:00Z,0.09016,0.09051,0.08999,0.09027,45258732
2023-10-20T04:00:00Z,0.09027,0.09044,0.09006,0.09040,21059752
2023-10-20T05:00:00Z,0.09040,0.09058,0.09031,0.09050,19601691
2023-10-20T06:00:00Z,0.09050,0.09077,0.09050,0.09066,24356531
2023-10-20T07:00:00Z,0.09066,0.09076,0.09042,0.09049,23231537
2023-10-20T08:00:00Z,0.09050,0.09167,0.09049,0.09146,117048783
2023-10-20T09:00:00Z,0.09145,0.09196,0.09141,0.09187,43833112
2023-10-20T10:00:00Z,0.09187,0.09208,0.09131,0.09137,69585050
2023-10-20T11:00:00Z,0.09138,0.09157,0.09131,0.09139,20367463
2023-10-20T12:00:00Z,0.09138,0.09155,0.09106,0.09123,34380049
2023-10-20T13:00:00Z,0.09124,0.09170,0.09109,0.09167,22753570
2023-10-20T14:00:00Z,0.09167,0.09174,0.09084,0.09102,35571979
2023-10-20T15:00:00Z,0.09103,0.09122,0.09092,0.09111,14254026
2023-10-20T16:00:00Z,0.09111,0.09118,0.09096,0.09100,15630420
2023-10-20T17:00:00Z,0.09101,0.09117,0.09081,0.09112,12462683
2023-10-20T18:00:00Z,0.09112,0.09115,0.09090,0.09092,12849397
2023-10-20T19:00:00Z,0.09092,0.09099,0.09080,0.09096,9080218
2023-10-20T20:00:00Z,0.09095,0.09098,0.09061,0.09064,15163709
2023-10-20T21:00:00Z,0.09065,0.09078,0.09052,0.09078,17113849
2023-10-20T22:00:00Z,0.09077,0.09087,0.09074,0.09086,9816927
2023-10-20T23:00:00Z,0.09085,0.09088,0.09056,0.09067,17601185
2023-10-21T00:00:00Z,0.09067,0.09077,0.09053,0.09069,18196743
2023-10-21T01:00:00Z,0.09068,0.09078,0.09062,0.09072,7644766
2023-10-21T02:00:00Z,0.09071,0.09072,0.09053,0.09057,10322987
2023-10-21T03:00:00Z,0.09057,0.09081,0.09043,0.09078,16360140
2023-10-21T04:00:00Z,0.09079,0.09097,0.09075,0.09085,13016903
2023-10-21T05:00:00Z,0.09086,0.09107,0.09081,0.09097,13414776
2023-10-21T06:00:00Z,0.09096,0.09126,0.09078,0.09116,25571149
2023-10-21T07:00:00Z,0.09117,0.09119,0.09091,0.09102,14924301
2023-10-21T08:00:00Z,0.09101,0.09102,0.09070,0.09075,14820103
2023-10-21T09:00:00Z,0.09076,0.09100,0.09071,0.09097,11312592
2023-10-21T10:00:00Z,0.09096,0.09100,0.09076,0.09077,11238086
2023-10-21T11:00:00Z,0.09077,0.09079,0.09050,0.09067,25664280
2023-10-21T12:00:00Z,0.09068,0.09074,0.09055,0.09070,19150265
2023-10-21T13:00:00Z,0.09070,0.09103,0.09061,0.09100,23938878
2023-10-21T14:00:00Z,0.09099,0.09102,0.09071,0.09100,26091523
2023-10-21T15:00:00Z,0.09100,0.09126,0.09083,0.09121,31273948
2023-10-21T16:00:00Z,0.09121,0.09173,0.09120,0.09153,58593777
2023-10-21T17:00:00Z,0.09153,0.09178,0.09135,0.09172,38351504
2023-10-21T18:00:00Z,0.09172,0.09184,0.09147,0.09173,36012934
2023-10-21T19:00:00Z,0.09174,0.09177,0.09146,0.09161,12846864
2023-10-21T20:00:00Z,0.09161,0.09165,0.09126,0.09146,18622064
2023-10-21T21:00:00Z,0.09147,0.09162,0.09138,0.09161,8063886
2023-10-21T22:00:00Z,0.09160,0.09167,0.09147,0.09156,8343013
2023-10-21T23:00:00Z,0.09156,0.09156,0.09134,0.09155,11138085
2023-10-22T00:00:00Z,0.09155,0.09180,0.09142,0.09168,21574421
2023-10-22T01:00:00Z,0.09169,0.09180,0.09148,0.09157,18826528
2023-10-22T02:00:00Z,0.09158,0.09160,0.09138,0.09148,10180621
2023-10-22T03:00:00Z,0.09148,0.09156,0.09136,0.09155,8459501
2023-10-22T04:00:00Z,0.09154,0.09176,0.09149,0.09172,16175928
2023-10-22T05:00:00Z,0.09171,0.09190,0.09154,0.09181,17068955
2023-10-22T06:00:00Z,0.09181,0.09187,0.09155,0.09164,18047719
2023-10-22T07:00:00Z,0.09164,0.09164,0.09051,0.09117,48332959
2023-10-22T08:00:00Z,0.09117,0.09131,0.09098,0.09121,21714496
2023-10-22T09:00:00Z,0.09120,0.09132,0.09090,0.09092,24047340
2023-10-22T10:00:00Z,0.09093,0.09110,0.09057,0.09065,39652909
2023-10-22T11:00:00Z,0.09066,0.09076,0.09030,0.09044,44093878
2023-10-22T12:00:00Z,0.09044,0.09061,0.09030,0.09031,21285773
2023-10-22T13:00:00Z,0.09030,0.09049,0.09016,0.09027,24495649
2023-10-22T14:00:00Z,0.09027,0.09029,0.09001,0.09007,27270108
2023-10-22T15:00:00Z,0.09007,0.09007,0.08965,0.08974,48393126
2023-10-22T16:00:00Z,0.08974,0.09005,0.08964,0.08984,28411044
2023-10-22T17:00:00Z,0.08983,0.09013,0.08979,0.08992,23856564
2023-10-22T18:00:00Z,0.08993,0.09000,0.08980,0.08981,22885792
2023-10-22T19:00:00Z,0.08981,0.09022,0.08979,0.08989,30924736
2023-10-22T20:00:00Z,0.08989,0.09009,0.08986,0.08996,9702564
2023-10-22T21:00:00Z,0.08997,0.09002,0.08967,0.08968,9254010
2023-10-22T22:00:00Z,0.08969,0.09033,0.08962,0.09024,37927107
2023-10-22T23:00:00Z,0.09024,0.09047,0.09017,0.09028,19193597
2023-10-23T00:00:00Z,0.09028,0.09055,0.09007,0.09020,40989686
2023-10-23T01:00:00Z,0.09021,0.09115,0.09015,0.09069,61133462
2023-10-23T02:00:00Z,0.09069,0.09082,0.09032,0.09033,34193957
2023-10-23T03:00:00Z,0.09033,0.09076,0.08998,0.09056,53260911
2023-10-23T04:00:00Z,0.09056,0.09079,0.09021,0.09054,36171914
2023-10-23T05:00:00Z,0.09055,0.09100,0.09034,0.09053,39497247
2023-10-23T06:00:00Z,0.09053,0.09088,0.09047,0.09047,30862506
2023-10-23T07:00:00Z,0.09047,0.09082,0.09039,0.09053,33090251
2023-10-23T08:00:00Z,0.09052,0.09079,0.09046,0.09068,20001655
2023-10-23T09:00:00Z,0.09068,0.09072,0.08991,0.09025,41062676
2023-10-23T10:00:00Z,0.09026,0.09068,0.09024,0.09044,22436116
2023-10-23T11:00:00Z,0.09044,0.09068,0.09042,0.09051,14188020
2023-10-23T12:00:00Z,0.09052,0.09061,0.09033,0.09047,20269225
2023-10-23T13:00:00Z,0.09048,0.09062,0.08985,0.09024,42622922
2023-10-23T14:00:00Z,0.09024,0.09056,0.09017,0.09040,24756909
2023-10-23T15:00:00Z,0.09040,0.09059,0.09025,0.09054,30413365
2023-10-23T16:00:00Z,0.09053,0.09106,0.09049,0.09091,44708636
2023-10-23T17:00:00Z,0.09091,0.09106,0.09049,0.09080,42276810
2023-10-23T18:00:00Z,0.09081,0.09108,0.09060,0.09103,31878719
2023-10-23T19:00:00Z,0.09103,0.09124,0.09098,0.09116,25695789
2023-10-23T20:00:00Z,0.09116,0.09142,0.09092,0.09097,25373936
2023-10-23T21:00:00Z,0.09096,0.09114,0.09081,0.09108,19796113
2023-10-23T22:00:00Z,0.09109,0.09426,0.09094,0.09268,196521930
2023-10-23T23:00:00Z,0.09268,0.09300,0.09160,0.09217,115133649
2023-10-24T00:00:00Z,0.09218,0.09274,0.09205,0.09253,61660354
2023-10-24T01:00:00Z,0.09253,0.09270,0.09220,0.09255,43446376
2023-10-24T02:00:00Z,0.09255,0.09345,0.09244,0.09335,99940358
2023-10-24T03:00:00Z,0.09335,0.09341,0.09283,0.09287,54110090
2023-10-24T04:00:00Z,0.09286,0.09337,0.09285,0.09329,31132050
2023-10-24T05:00:00Z,0.09330,0.09349,0.09251,0.09272,53141158
2023-10-24T06:00:00Z,0.09273,0.09289,0.09235,0.09277,44304491
2023-10-24T07:00:00Z,0.09277,0.09313,0.09265,0.09275,30339673
2023-10-24T08:00:00Z,0.09275,0.09303,0.09270,0.09301,21332350
2023-10-24T09:00:00Z,0.09300,0.09326,0.09283,0.09317,29860833
2023-10-24T10:00:00Z,0.09318,0.09340,0.09297,0.09333,22932586
2023-10-24T11:00:00Z,0.09333,0.09357,0.09321,0.09349,43142130
2023-10-24T12:00:00Z,0.09350,0.09405,0.09341,0.09360,59642517
2023-10-24T13:00:00Z,0.09360,0.09361,0.09301,0.09336,52509365
2023-10-24T14:00:00Z,0.09337,0.09346,0.09282,0.09338,52607201
2023-10-24T15:00:00Z,0.09338,0.09354,0.09171,0.09203,152175821
2023-10-24T16:00:00Z,0.09203,0.09267,0.09177,0.09235,60259875
2023-10-24T17:00:00Z,0.09235,0.09253,0.09218,0.09222,22937720
2023-10-24T18:00:00Z,0.09222,0.09229,0.09176,0.09223,35093627
2023-10-24T19:00:00Z,0.09222,0.09236,0.09204,0.09224,24619722
2023-10-24T20:00:00Z,0.09224,0.09234,0.09197,0.09207,41999534
2023-10-24T21:00:00Z,0.09207,0.09239,0.09184,0.09228,40396953
2023-10-24T22:00:00Z,0.09227,0.09240,0.09204,0.09237,33161512
2023-10-24T23:00:00Z,0.09237,0.09246,0.09213,0.09235,30301899
2023-10-25T00:00:00Z,0.09235,0.09272,0.09230,0.09268,42653202
2023-10-25T01:00:00Z,0.09268,0.09286,0.09258,0.09274,33803600
2023-10-25T02:00:00Z,0.09273,0.09280,0.09245,0.09266,27950093
2023-10-25T03:00:00Z,0.09266,0.09271,0.09248,0.09259,18813048
2023-10-25T04:00:00Z,0.09259,0.09285,0.09251,0.09285,15836622
2023-10-25T05:00:00Z,0.09284,0.09292,0.09265,0.09286,23915771
2023-10-25T06:00:00Z,0.09286,0.09320,0.09283,0.09299,26430736
2023-10-25T07:00:00Z,0.09298,0.09316,0.09217,0.09253,45707978
2023-10-25T08:00:00Z,0.09253,0.09277,0.09231,0.09275,30763959
2023-10-25T09:00:00Z,0.09276,0.09310,0.09272,0.09301,24868535
2023-10-25T10:00:00Z,0.09300,0.09321,0.09287,0.09318,16499057
2023-10-25T11:00:00Z,0.09319,0.09345,0.09304,0.09338,29993578
2023-10-25T12:00:00Z,0.09338,0.09346,0.09316,0.09320,33609366
2023-10-25T13:00:00Z,0.09320,0.09341,0.09296,0.09322,42189854
2023-10-25T14:00:00Z,0.09322,0.09371,0.09303,0.09362,44962496
2023-10-25T15:00:00Z,0.09362,0.09408,0.09353,0.09385,59106723
2023-10-25T16:00:00Z,0.09385,0.09416,0.09325,0.09337,65637501
2023-10-25T17:00:00Z,0.09337,0.09375,0.09320,0.09365,30900999
2023-10-25T18:00:00Z,0.09364,0.09415,0.09345,0.09375,59879820
2023-10-25T19:00:00Z,0.09376,0.09393,0.09340,0.09371,60545308
2023-10-25T20:00:00Z,0.09370,0.09386,0.09341,0.09344,22522187
2023-10-25T21:00:00Z,0.09345,0.09356,0.09321,0.09346,15025986
2023-10-25T22:00:00Z,0.09345,0.09365,0.09336,0.09353,19535720
2023-10-25T23:00:00Z,0.09352,0.09355,0.09316,0.09350,24058300
2023-10-26T00:00:00Z,0.09350,0.09380,0.09336,0.09363,33749195
2023-10-26T01:00:00Z,0.09362,0.09375,0.09341,0.09352,24874314
2023-10-26T02:00:00Z,0.09352,0.09371,0.09330,0.09341,25534253
2023-10-26T03:00:00Z,0.09342,0.09347,0.09280,0.09285,54336779
2023-10-26T04:00:00Z,0.09286,0.09326,0.09285,0.09321,46119899
2023-10-26T05:00:00Z,0.09321,0.09322,0.09296,0.09302,21497417
2023-10-26T06:00:00Z,0.09303,0.09330,0.09290,0.09322,31670264
2023-10-26T07:00:00Z,0.09321,0.09368,0.09308,0.09364,41206634
2023-10-26T08:00:00Z,0.09364,0.09384,0.09340,0.09363,39954396
2023-10-26T09:00:00Z,0.09364,0.09377,0.09346,0.09361,32723015
2023-10-26T10:00:00Z,0.09362,0.09362,0.09298,0.09320,45707496
2023-10-26T11:00:00Z,0.09320,0.09331,0.09276,0.09305,48218339
2023-10-26T12:00:00Z,0.09305,0.09334,0.09297,0.09321,29622728
2023-10-26T13:00:00Z,0.09321,0.09340,0.09285,0.09287,29047094
2023-10-26T14:00:00Z,0.09287,0.09305,0.09204,0.09250,86641374
2023-10-26T15:00:00Z,0.09251,0.09257,0.09187,0.09214,53763109
2023-10-26T16:00:00Z,0.09214,0.09225,0.09196,0.09203,33723272
2023-10-26T17:00:00Z,0.09203,0.09225,0.09199,0.09222,24734958
2023-10-26T18:00:00Z,0.09222,0.09235,0.09214,0.09226,12020958
2023-10-26T19:00:00Z,0.09226,0.09239,0.09219,0.09223,8707012
2023-10-26T20:00:00Z,0.09223,0.09248,0.09221,0.09237,9456295
2023-10-26T21:00:00Z,0.09237,0.09252,0.09227,0.09252,8972928
2023-10-26T22:00:00Z,0.09251,0.09295,0.09250,0.09293,12809377
2023-10-26T23:00:00Z,0.09292,0.09297,0.09265,0.09280,13645954
2023-10-27T00:00:00Z,0.09280,0.09304,0.09275,0.09287,31240799
2023-10-27T01:00:00Z,0.09288,0.09296,0.09252,0.09259,30891673
2023-10-27T02:00:00Z,0.09259,0.09302,0.09251,0.09298,20195787
2023-10-27T03:00:00Z,0.09298,0.09308,0.09286,0.09305,13435425
2023-10-27T04:00:00Z,0.09304,0.09318,0.09283,0.09293,37546598
2023-10-27T05:00:00Z,0.09293,0.09304,0.09276,0.09298,14079206
2023-10-27T06:00:00Z,0.09298,0.09330,0.09293,0.09329,15836280
2023-10-27T07:00:00Z,0.09329,0.09330,0.09285,0.09289,14872456
2023-10-27T08:00:00Z,0.09289,0.09323,0.09288,0.09320,14389955
2023-10-27T09:00:00Z,0.09319,0.09390,0.09312,0.09379,38801608
2023-10-27T10:00:00Z,0.09378,0.09410,0.09353,0.09362,47495173
2023-10-27T11:00:00Z,0.09363,0.09365,0.09339,0.09362,24209047
2023-10-27T12:00:00Z,0.09361,0.09378,0.09346,0.09361,24729116
2023-10-27T13:00:00Z,0.09361,0.09392,0.09358,0.09377,24425319
2023-10-27T14:00:00Z,0.09376,0.09377,0.09322,0.09345,35443159
2023-10-27T15:00:00Z,0.09345,0.09385,0.09333,0.09382,21774795
2023-10-27T16:00:00Z,0.09382,0.09401,0.09348,0.09359,30188146
2023-10-27T17:00:00Z,0.09360,0.09368,0.09254,0.09350,50936866
2023-10-27T18:00:00Z,0.09351,0.09359,0.09313,0.09343,19688221
2023-10-27T19:00:00Z,0.09343,0.09357,0.09328,0.09346,14417150
2023-10-27T20:00:00Z,0.09346,0.09359,0.09339,0.09349,9014397
2023-10-27T21:00:00Z,0.09349,0.09353,0.09332,0.09348,7684161
2023-10-27T22:00:00Z,0.09348,0.09359,0.09334,0.09337,9057292
2023-10-27T23:00:00Z,0.09337,0.09365,0.09335,0.09350,7974765
2023-10-28T00:00:00Z,0.09349,0.09353,0.09329,0.09332,8696944
2023-10-28T01:00:00Z,0.09332,0.09348,0.09323,0.09346,11916339
2023-10-28T02:00:00Z,0.09347,0.09396,0.09343,0.09384,19815484
2023-10-28T03:00:00Z,0.09383,0.09397,0.09378,0.09385,10384156
2023-10-28T04:00:00Z,0.09385,0.09408,0.09385,0.09404,11945432
2023-10-28T05:00:00Z,0.09405,0.09478,0.09386,0.09389,83589443
2023-10-28T06:00:00Z,0.09389,0.09390,0.09358,0.09366,19056026
2023-10-28T07:00:00Z,0.09365,0.09380,0.09352,0.09378,20548909
2023-10-28T08:00:00Z,0.09377,0.09395,0.09372,0.09389,13397467
2023-10-28T09:00:00Z,0.09388,0.09402,0.09381,0.09397,10065683
2023-10-28T10:00:00Z,0.09397,0.09407,0.09390,0.09407,11698791
2023-10-28T11:00:00Z,0.09406,0.09434,0.09403,0.09420,25942232
2023-10-28T12:00:00Z,0.09421,0.09434,0.09373,0.09403,27428981
2023-10-28T13:00:00Z,0.09403,0.09436,0.09391,0.09433,17215756
2023-10-28T14:00:00Z,0.09433,0.09444,0.09420,0.09433,14277654
2023-10-28T15:00:00Z,0.09433,0.09454,0.09430,0.09446,15843211
2023-10-28T16:00:00Z,0.09446,0.09455,0.09428,0.09441,17445419
2023-10-28T17:00:00Z,0.09441,0.09442,0.09427,0.09439,6825774
2023-10-28T18:00:00Z,0.09440,0.09443,0.09423,0.09437,6908272
2023-10-28T19:00:00Z,0.09436,0.09447,0.09433,0.09433,6938542
2023-10-28T20:00:00Z,0.09433,0.09454,0.09431,0.09452,8383536
2023-10-28T21:00:00Z,0.09452,0.09454,0.09442,0.09451,3558437
2023-10-28T22:00:00Z,0.09451,0.09453,0.09400,0.09426,21121585
2023-10-28T23:00:00Z,0.09426,0.09435,0.09411,0.09428,7409656
2023-10-29T00:00:00Z,0.09427,0.09455,0.09426,0.09431,13905292
2023-10-29T01:00:00Z,0.09430,0.09439,0.09401,0.09434,20802200
2023-10-29T02:00:00Z,0.09433,0.09442,0.09418,0.09426,9722941
2023-10-29T03:00:00Z,0.09425,0.09438,0.09412,0.09426,9028161
2023-10-29T04:00:00Z,0.09426,0.09452,0.09423,0.09452,12181721
2023-10-29T05:00:00Z,0.09451,0.09467,0.09450,0.09456,12086868
2023-10-29T06:00:00Z,0.09456,0.09474,0.09456,0.09470,11034675
2023-10-29T07:00:00Z,0.09470,0.09471,0.09437,0.09439,17049226
2023-10-29T08:00:00Z,0.09439,0.09471,0.09437,0.09471,14821096
2023-10-29T09:00:00Z,0.09470,0.09472,0.09447,0.09451,7397672
2023-10-29T10:00:00Z,0.09451,0.09467,0.09437,0.09467,7735951
2023-10-29T11:00:00Z,0.09466,0.09495,0.09459,0.09478,19267755
2023-10-29T12:00:00Z,0.09479,0.09499,0.09469,0.09485,13075232
2023-10-29T13:00:00Z,0.09486,0.09496,0.09470,0.09488,20859061
2023-10-29T14:00:00Z,0.09488,0.09503,0.09483,0.09502,14994851
2023-10-29T15:00:00Z,0.09502,0.09505,0.09474,0.09482,15123675
2023-10-29T16:00:00Z,0.09482,0.09498,0.09475,0.09486,9531541
2023-10-29T17:00:00Z,0.09487,0.09519,0.09479,0.09492,18970180
2023-10-29T18:00:00Z,0.09492,0.09521,0.09488,0.09506,11793590
2023-10-29T19:00:00Z,0.09507,0.09508,0.09488,0.09495,10096310
2023-10-29T20:00:00Z,0.09495,0.09509,0.09487,0.09504,8405002
2023-10-29T21:00:00Z,0.09504,0.09505,0.09458,0.09461,19182727
2023-10-29T22:00:00Z,0.09462,0.09509,0.09461,0.09503,15474405
2023-10-29T23:00:00Z,0.09503,0.09506,0.09468,0.09482,12190060
2023-10-30T00:00:00Z,0.09482,0.09491,0.09450,0.09454,20466239
2023-10-30T01:00:00Z,0.09454,0.09468,0.09437,0.09438,17566908
2023-10-30T02:00:00Z,0.09438,0.09451,0.09410,0.09422,27625717
2023-10-30T03:00:00Z,0.09423,0.09435,0.09416,0.09423,14483825
2023-10-30T04:00:00Z,0.09423,0.09450,0.09419,0.09442,16481210
2023-10-30T05:00:00Z,0.09443,0.09446,0.09416,0.09419,18640207
2023-10-30T06:00:00Z,0.09420,0.09428,0.09390,0.09417,19532698
2023-10-30T07:00:00Z,0.09417,0.09446,0.09381,0.09421,31789279
2023-10-30T08:00:00Z,0.09422,0.09480,0.09413,0.09468,31870785
2023-10-30T09:00:00Z,0.09468,0.09514,0.09468,0.09488,38659374
2023-10-30T10:00:00Z,0.09488,0.09500,0.09471,0.09495,11067177
2023-10-30T11:00:00Z,0.09495,0.09509,0.09489,0.09495,12314220
2023-10-30T12:00:00Z,0.09495,0.09538,0.09492,0.09498,26771736
2023-10-30T13:00:00Z,0.09498,0.09534,0.09486,0.09532,24833346
2023-10-30T14:00:00Z,0.09532,0.09548,0.09500,0.09516,23428860
2023-10-30T15:00:00Z,0.09516,0.09523,0.09497,0.09506,16647902
2023-10-30T16:00:00Z,0.09506,0.09512,0.09478,0.09495,14627447
2023-10-30T17:00:00Z,0.09496,0.09503,0.09438,0.09487,39826478
2023-10-30T18:00:00Z,0.09488,0.09503,0.09473,0.09495,10482706
2023-10-30T19:00:00Z,0.09495,0.09511,0.09489,0.09506,8767159
2023-10-30T20:00:00Z,0.09506,0.09515,0.09491,0.09511,7290564
2023-10-30T21:00:00Z,0.09511,0.09534,0.09510,0.09531,12975269
2023-10-30T22:00:00Z,0.09530,0.09555,0.09519,0.09540,16993816
2023-10-30T23:00:00Z,0.09540,0.09569,0.09540,0.09558,18789201
2023-10-31T00:00:00Z,0.09559,0.09589,0.09553,0.09579,22015220
2023-10-31T01:00:00Z,0.09579,0.09645,0.09560,0.09625,49917043
2023-10-31T02:00:00Z,0.09624,0.09630,0.09600,0.09607,36290629
2023-10-31T03:00:00Z,0.09607,0.09635,0.09602,0.09611,29257903
2023-10-31T04:00:00Z,0.09613,0.09654,0.09605,0.09634,28210202
2023-10-31T05:00:00Z,0.09634,0.09646,0.09600,0.09615,32295279
2023-10-31T06:00:00Z,0.09615,0.09628,0.09601,0.09615,22392052
2023-10-31T07:00:00Z,0.09614,0.09630,0.09574,0.09585,34583868
2023-10-31T08:00:00Z,0.09586,0.09629,0.09556,0.09621,30004095
2023-10-31T09:00:00Z,0.09620,0.09628,0.09599,0.09610,14716150
2023-10-31T10:00:00Z,0.09610,0.09630,0.09600,0.09626,11937623
2023-10-31T11:00:00Z,0.09627,0.09654,0.09603,0.09643,26383015
2023-10-31T12:00:00Z,0.09643,0.09700,0.09618,0.09621,48931992
2023-10-31T13:00:00Z,0.09622,0.09636,0.09580,0.09599,26829511
2023-10-31T14:00:00Z,0.09599,0.09632,0.09583,0.09630,24872262
2023-10-31T15:00:00Z,0.09631,0.09642,0.09535,0.09584,56368601
2023-10-31T16:00:00Z,0.09585,0.09648,0.09573,0.09640,32654838
2023-10-31T17:00:00Z,0.09639,0.09658,0.09626,0.09652,17760822
2023-10-31T18:00:00Z,0.09651,0.09658,0.09634,0.09651,11801932
2023-10-31T19:00:00Z,0.09652,0.09678,0.09649,0.09676,16481106
2023-10-31T20:00:00Z,0.09676,0.09730,0.09667,0.09686,30047844
2023-10-31T21:00:00Z,0.09686,0.09699,0.09656,0.09666,16340804
2023-10-31T22:00:00Z,0.09667,0.09704,0.09661,0.09695,12109313
2023-10-31T23:00:00Z,0.09695,0.09719,0.09683,0.09715,18172285
2023-11-01T00:00:00Z,0.09715,0.09764,0.09693,0.09730,43860130
2023-11-01T01:00:00Z,0.09730,0.09755,0.09726,0.09739,19081337
2023-11-01T02:00:00Z,0.09739,0.09774,0.09706,0.09721,26689602
2023-11-01T03:00:00Z,0.09721,0.09732,0.09694,0.09716,22039954
2023-11-01T04:00:00Z,0.09716,0.09748,0.09714,0.09725,17585697
2023-11-01T05:00:00Z,0.09724,0.09727,0.09680,0.09687,20504081
2023-11-01T06:00:00Z,0.09687,0.09738,0.09681,0.09734,17202687
2023-11-01T07:00:00Z,0.09734,0.09773,0.09727,0.09755,28818175
2023-11-01T08:00:00Z,0.09756,0.09829,0.09751,0.09808,50378588
2023-11-01T09:00:00Z,0.09809,0.09864,0.09797,0.09824,63401980
2023-11-01T10:00:00Z,0.09825,0.09852,0.09795,0.09810,41982355
2023-11-01T11:00:00Z,0.09809,0.09835,0.09793,0.09827,27397938
2023-11-01T12:00:00Z,0.09826,0.10063,0.09820,0.10002,177420233
2023-11-01T13:00:00Z,0.10003,0.10031,0.09928,0.09992,109318572
2023-11-01T14:00:00Z,0.09993,0.10020,0.09809,0.09871,123845153
2023-11-01T15:00:00Z,0.09871,0.09947,0.09844,0.09936,54150979
2023-11-01T16:00:00Z,0.09937,0.09953,0.09908,0.09941,27721222
2023-11-01T17:00:00Z,0.09942,0.09967,0.09899,0.09964,26438973
2023-11-01T18:00:00Z,0.09964,0.10015,0.09941,0.10001,54329812
2023-11-01T19:00:00Z,0.10000,0.10017,0.09971,0.09997,38642212
2023-11-01T20:00:00Z,0.09998,0.10044,0.09975,0.10036,30335659
2023-11-01T21:00:00Z,0.10036,0.10051,0.10001,0.10018,34655677
2023-11-01T22:00:00Z,0.10018,0.10049,0.10007,0.10040,29238843
2023-11-01T23:00:00Z,0.10041,0.10076,0.10011,0.10016,34525894
2023-11-02T00:00:00Z,0.10016,0.10024,0.09986,0.10009,32238194
2023-11-02T01:00:00Z,0.10009,0.10025,0.09983,0.09984,18159053
2023-11-02T02:00:00Z,0.09985,0.10139,0.09980,0.10088,56769568
2023-11-02T03:00:00Z,0.10087,0.10099,0.10072,0.10086,23615446
2023-11-02T04:00:00Z,0.10085,0.10091,0.10065,0.10075,22107338
2023-11-02T05:00:00Z,0.10075,0.10087,0.10013,0.10018,29188250
2023-11-02T06:00:00Z,0.10019,0.10054,0.10004,0.10052,18570810
2023-11-02T07:00:00Z,0.10051,0.10085,0.10030,0.10044,24705361
2023-11-02T08:00:00Z,0.10045,0.10046,0.10010,0.10029,20957910
2023-11-02T09:00:00Z,0.10030,0.10049,0.10020,0.10022,16853784
2023-11-02T10:00:00Z,0.10022,0.10075,0.10015,0.10050,22067964
2023-11-02T11:00:00Z,0.10049,0.10062,0.10033,0.10037,14797611
2023-11-02T12:00:00Z,0.10038,0.10045,0.10018,0.10021,21288795
2023-11-02T13:00:00Z,0.10022,0.10025,0.09935,0.09970,57168964
2023-11-02T14:00:00Z,0.09971,0.09987,0.09934,0.09965,33728657
2023-11-02T15:00:00Z,0.09966,0.09971,0.09903,0.09911,34931535
2023-11-02T16:00:00Z,0.09912,0.09935,0.09865,0.09925,37192430
2023-11-02T17:00:00Z,0.09924,0.09927,0.09877,0.09917,23292132
2023-11-02T18:00:00Z,0.09916,0.09934,0.09908,0.09926,12770029
2023-11-02T19:00:00Z,0.09926,0.09944,0.09922,0.09940,18519794
2023-11-02T20:00:00Z,0.09940,0.09943,0.09896,0.09902,12746014
2023-11-02T21:00:00Z,0.09902,0.09907,0.09879,0.09897,17162829
2023-11-02T22:00:00Z,0.09897,0.09898,0.09866,0.09869,10395052
2023-11-02T23:00:00Z,0.09870,0.09940,0.09857,0.09920,15959062
2023-11-03T00:00:00Z,0.09919,0.09920,0.09836,0.09845,25209980
2023-11-03T01:00:00Z,0.09846,0.09854,0.09763,0.09807,45823967
2023-11-03T02:00:00Z,0.09807,0.09858,0.09795,0.09854,18385437
2023-11-03T03:00:00Z,0.09854,0.09867,0.09837,0.09854,11642316
2023-11-03T04:00:00Z,0.09853,0.09858,0.09808,0.09825,13663721
2023-11-03T05:00:00Z,0.09825,0.09838,0.09808,0.09832,9215242
2023-11-03T06:00:00Z,0.09832,0.09865,0.09827,0.09840,15319068
2023-11-03T07:00:00Z,0.09839,0.09852,0.09813,0.09822,13122509
2023-11-03T08:00:00Z,0.09822,0.09867,0.09812,0.09826,19947499
2023-11-03T09:00:00Z,0.09826,0.09835,0.09778,0.09783,16987750
2023-11-03T10:00:00Z,0.09785,0.09792,0.09735,0.09788,29665469
2023-11-03T11:00:00Z,0.09789,0.09789,0.09768,0.09774,10214115
2023-11-03T12:00:00Z,0.09775,0.09788,0.09749,0.09766,22434381
2023-11-03T13:00:00Z,0.09767,0.09786,0.09743,0.09785,19664971
2023-11-03T14:00:00Z,0.09785,0.09814,0.09758,0.09808,23339540
2023-11-03T15:00:00Z,0.09807,0.09839,0.09798,0.09834,16522821
2023-11-03T16:00:00Z,0.09834,0.09849,0.09783,0.09795,19496493
2023-11-03T17:00:00Z,0.09795,0.09798,0.09745,0.09748,16955799
2023-11-03T18:00:00Z,0.09747,0.09775,0.09746,0.09750,10425966
2023-11-03T19:00:00Z,0.09750,0.09768,0.09746,0.09763,7342914
2023-11-03T20:00:00Z,0.09762,0.09789,0.09748,0.09781,12369683
2023-11-03T21:00:00Z,0.09781,0.09794,0.09735,0.09736,12218777
2023-11-03T22:00:00Z,0.09737,0.09745,0.09699,0.09708,23254811
2023-11-03T23:00:00Z,0.09708,0.09725,0.09700,0.09718,15901376
2023-11-04T00:00:00Z,0.09718,0.09735,0.09702,0.09732,19289110
2023-11-04T01:00:00Z,0.09732,0.09737,0.09683,0.09693,21341397
2023-11-04T02:00:00Z,0.09693,0.09744,0.09691,0.09742,17217431
2023-11-04T03:00:00Z,0.09742,0.09761,0.09717,0.09722,13383659
2023-11-04T04:00:00Z,0.09722,0.09732,0.09706,0.09730,22364392
2023-11-04T05:00:00Z,0.09729,0.09730,0.09695,0.09706,12418910
2023-11-04T06:00:00Z,0.09706,0.09733,0.09680,0.09709,24820058
2023-11-04T07:00:00Z,0.09709,0.09747,0.09704,0.09728,16371401
2023-11-04T08:00:00Z,0.09728,0.09779,0.09713,0.09762,28130048
2023-11-04T09:00:00Z,0.09762,0.09790,0.09752,0.09769,21240711
2023-11-04T10:00:00Z,0.09770,0.09789,0.09754,0.09783,13677808
2023-11-04T11:00:00Z,0.09782,0.09805,0.09774,0.09783,16593728
2023-11-04T12:00:00Z,0.09783,0.09798,0.09746,0.09794,20017274
2023-11-04T13:00:00Z,0.09794,0.09823,0.09782,0.09788,29900317
2023-11-04T14:00:00Z,0.09789,0.09789,0.09753,0.09766,18330689
2023-11-04T15:00:00Z,0.09767,0.09767,0.09721,0.09728,18351307
2023-11-04T16:00:00Z,0.09728,0.09763,0.09720,0.09751,9392535
2023-11-04T17:00:00Z,0.09751,0.09767,0.09735,0.09740,7324901
2023-11-04T18:00:00Z,0.09739,0.09741,0.09709,0.09737,13875472
2023-11-04T19:00:00Z,0.09736,0.09739,0.09719,0.09735,7270990
2023-11-04T20:00:00Z,0.09734,0.09743,0.09722,0.09742,5081831
2023-11-04T21:00:00Z,0.09742,0.09760,0.09738,0.09756,9580513
2023-11-04T22:00:00Z,0.09756,0.09776,0.09750,0.09773,10368024
2023-11-04T23:00:00Z,0.09773,0.09787,0.09760,0.09763,12344372
2023-11-05T00:00:00Z,0.09763,0.09766,0.09733,0.09741,18556657
2023-11-05T01:00:00Z,0.09741,0.09782,0.09730,0.09777,10792212
2023-11-05T02:00:00Z,0.09777,0.09780,0.09754,0.09768,10651595
2023-11-05T03:00:00Z,0.09768,0.09814,0.09765,0.09804,19039812
2023-11-05T04:00:00Z,0.09803,0.09810,0.09782,0.09793,14416636
2023-11-05T05:00:00Z,0.09793,0.09828,0.09784,0.09801,19439905
2023-11-05T06:00:00Z,0.09801,0.09826,0.09797,0.09822,14154100
2023-11-05T07:00:00Z,0.09822,0.09836,0.09818,0.09834,11348123
2023-11-05T08:00:00Z,0.09834,0.09847,0.09804,0.09809,14648931
2023-11-05T09:00:00Z,0.09809,0.09854,0.09806,0.09850,15597762
2023-11-05T10:00:00Z,0.09851,0.09878,0.09838,0.09874,19799551
2023-11-05T11:00:00Z,0.09873,0.09897,0.09869,0.09895,19981850
2023-11-05T12:00:00Z,0.09895,0.09898,0.09862,0.09868,21032949
2023-11-05T13:00:00Z,0.09868,0.09876,0.09771,0.09794,32680618
2023-11-05T14:00:00Z,0.09794,0.09844,0.09778,0.09842,29585932
2023-11-05T15:00:00Z,0.09842,0.09849,0.09806,0.09810,16816228
2023-11-05T16:00:00Z,0.09810,0.09855,0.09806,0.09848,13176024
2023-11-05T17:00:00Z,0.09847,0.09870,0.09834,0.09835,17083772
2023-11-05T18:00:00Z,0.09835,0.09844,0.09817,0.09822,13125343
2023-11-05T19:00:00Z,0.09823,0.09838,0.09818,0.09823,8937811
2023-11-05T20:00:00Z,0.09823,0.09834,0.09796,0.09807,12528965
2023-11-05T21:00:00Z,0.09808,0.09814,0.09719,0.09758,26117337
2023-11-05T22:00:00Z,0.09759,0.09795,0.09756,0.09792,16956395
2023-11-05T23:00:00Z,0.09791,0.09834,0.09791,0.09804,17771200
2023-11-06T00:00:00Z,0.09803,0.09846,0.09789,0.09844,16585367
2023-11-06T01:00:00Z,0.09843,0.09852,0.09803,0.09808,16632229
2023-11-06T02:00:00Z,0.09809,0.09837,0.09789,0.09836,14701168
2023-11-06T03:00:00Z,0.09835,0.09837,0.09797,0.09810,8451666
2023-11-06T04:00:00Z,0.09811,0.09819,0.09779,0.09781,14462392
2023-11-06T05:00:00Z,0.09782,0.09789,0.09655,0.09669,53167264
2023-11-06T06:00:00Z,0.09671,0.09693,0.09638,0.09683,44960706
2023-11-06T07:00:00Z,0.09683,0.09734,0.09680,0.09719,18980923
2023-11-06T08:00:00Z,0.09718,0.09738,0.09702,0.09735,15212173
2023-11-06T09:00:00Z,0.09734,0.09759,0.09719,0.09751,18284630
2023-11-06T10:00:00Z,0.09751,0.09774,0.09744,0.09763,16119585
2023-11-06T11:00:00Z,0.09762,0.09773,0.09753,0.09772,13811424
2023-11-06T12:00:00Z,0.09772,0.09883,0.09747,0.09833,57774673
2023-11-06T13:00:00Z,0.09833,0.09882,0.09822,0.09870,45744271
2023-11-06T14:00:00Z,0.09870,0.09894,0.09852,0.09888,32513635
2023-11-06T15:00:00Z,0.09889,0.09906,0.09789,0.09821,63774034
2023-11-06T16:00:00Z,0.09822,0.09824,0.09766,0.09781,39114296
2023-11-06T17:00:00Z,0.09782,0.09792,0.09765,0.09773,14366594
2023-11-06T18:00:00Z,0.09773,0.09779,0.09746,0.09749,13064038
2023-11-06T19:00:00Z,0.09749,0.09783,0.09735,0.09781,17622842
2023-11-06T20:00:00Z,0.09781,0.09785,0.09755,0.09784,12811917
2023-11-06T21:00:00Z,0.09784,0.09788,0.09752,0.09775,10936352
2023-11-06T22:00:00Z,0.09775,0.09808,0.09760,0.09802,8858979
2023-11-06T23:00:00Z,0.09802,0.09807,0.09746,0.09762,17902575
2023-11-07T00:00:00Z,0.09763,0.09782,0.09717,0.09748,31177258
2023-11-07T01:00:00Z,0.09748,0.09755,0.09717,0.09731,15556979
2023-11-07T02:00:00Z,0.09731,0.09746,0.09688,0.09693,18847927
2023-11-07T03:00:00Z,0.09693,0.09742,0.09681,0.09741,13927009
2023-11-07T04:00:00Z,0.09740,0.09741,0.09713,0.09727,9479780
2023-11-07T05:00:00Z,0.09727,0.09742,0.09706,0.09712,10348251
2023-11-07T06:00:00Z,0.09711,0.09714,0.09686,0.09711,13846363
2023-11-07T07:00:00Z,0.09710,0.09722,0.09693,0.09702,12420011
2023-11-07T08:00:00Z,0.09701,0.09711,0.09689,0.09699,11848373
2023-11-07T09:00:00Z,0.09698,0.09703,0.09642,0.09651,29298192
2023-11-07T10:00:00Z,0.09652,0.09656,0.09611,0.09628,23791824
2023-11-07T11:00:00Z,0.09628,0.09650,0.09612,0.09642,12073150
2023-11-07T12:00:00Z,0.09642,0.09655,0.09614,0.09651,15903800
2023-11-07T13:00:00Z,0.09651,0.09689,0.09644,0.09666,13645094
2023-11-07T14:00:00Z,0.09665,0.09681,0.09652,0.09674,13076310
2023-11-07T15:00:00Z,0.09674,0.09679,0.09571,0.09602,54119231
2023-11-07T16:00:00Z,0.09602,0.09624,0.09593,0.09611,13887165
2023-11-07T17:00:00Z,0.09610,0.09636,0.09576,0.09635,19239119
2023-11-07T18:00:00Z,0.09635,0.09690,0.09634,0.09683,30588880
2023-11-07T19:00:00Z,0.09682,0.09696,0.09660,0.09669,13920686
2023-11-07T20:00:00Z,0.09670,0.09691,0.09655,0.09688,13044460
2023-11-07T21:00:00Z,0.09687,0.09693,0.09660,0.09667,9641386
2023-11-07T22:00:00Z,0.09667,0.09669,0.09637,0.09649,13721231
2023-11-07T23:00:00Z,0.09650,0.09662,0.09647,0.09655,9822189
2023-11-08T00:00:00Z,0.09655,0.09656,0.09629,0.09643,10243725
2023-11-08T01:00:00Z,0.09644,0.09649,0.09627,0.09630,10569999
2023-11-08T02:00:00Z,0.09629,0.09659,0.09625,0.09659,7265345
2023-11-08T03:00:00Z,0.09658,0.09686,0.09658,0.09673,12134226
2023-11-08T04:00:00Z,0.09673,0.09686,0.09665,0.09671,7571560
2023-11-08T05:00:00Z,0.09671,0.09686,0.09656,0.09683,6632545
2023-11-08T06:00:00Z,0.09682,0.09735,0.09680,0.09732,18948800
2023-11-08T07:00:00Z,0.09732,0.09748,0.09713,0.09714,17214217
2023-11-08T08:00:00Z,0.09714,0.09749,0.09712,0.09741,13698413
2023-11-08T09:00:00Z,0.09742,0.09755,0.09735,0.09750,10307345
2023-11-08T10:00:00Z,0.09750,0.09776,0.09747,0.09775,11123293
2023-11-08T11:00:00Z,0.09774,0.09779,0.09755,0.09765,9711566
2023-11-08T12:00:00Z,0.09766,0.09781,0.09760,0.09772,12289358
2023-11-08T13:00:00Z,0.09772,0.09865,0.09760,0.09858,57733754
2023-11-08T14:00:00Z,0.09858,0.09867,0.09803,0.09820,17592863
2023-11-08T15:00:00Z,0.09820,0.09826,0.09716,0.09745,48396186
2023-11-08T16:00:00Z,0.09745,0.09788,0.09738,0.09769,19724388
2023-11-08T17:00:00Z,0.09769,0.09784,0.09761,0.09784,9354705
2023-11-08T18:00:00Z,0.09783,0.09870,0.09778,0.09833,48686983
2023-11-08T19:00:00Z,0.09832,0.09874,0.09821,0.09831,19419489
2023-11-08T20:00:00Z,0.09831,0.09846,0.09806,0.09830,11354221
2023-11-08T21:00:00Z,0.09829,0.09847,0.09791,0.09817,13243041
2023-11-08T22:00:00Z,0.09816,0.09839,0.09811,0.09823,8224213
2023-11-08T23:00:00Z,0.09823,0.09858,0.09814,0.09836,15587755
2023-11-09T00:00:00Z,0.09835,0.09870,0.09822,0.09864,18579361
2023-11-09T01:00:00Z,0.09864,0.09932,0.09855,0.09905,43004876
2023-11-09T02:00:00Z,0.09904,0.09963,0.09885,0.09917,38570953
2023-11-09T03:00:00Z,0.09916,0.09946,0.09889,0.09945,14132583
2023-11-09T04:00:00Z,0.09945,0.09975,0.09934,0.09941,19547008
2023-11-09T05:00:00Z,0.09942,0.09988,0.09937,0.09988,18976085
2023-11-09T06:00:00Z,0.09988,0.10024,0.09981,0.10021,19353992
2023-11-09T07:00:00Z,0.10021,0.10027,0.09960,0.10006,26362507
2023-11-09T08:00:00Z,0.10005,0.10024,0.09981,0.10009,14199613
2023-11-09T09:00:00Z,0.10008,0.10009,0.09934,0.09957,35187348
2023-11-09T10:00:00Z,0.09956,0.09990,0.09954,0.09990,19362588
2023-11-09T11:00:00Z,0.09990,0.10014,0.09971,0.10011,18586519
2023-11-09T12:00:00Z,0.10012,0.10034,0.09993,0.10002,27354285
2023-11-09T13:00:00Z,0.10002,0.10012,0.09958,0.10003,18253682
2023-11-09T14:00:00Z,0.10002,0.10090,0.10002,0.10077,54836272
2023-11-09T15:00:00Z,0.10076,0.10106,0.10001,0.10016,79893451
2023-11-09T16:00:00Z,0.10016,0.10054,0.09755,0.09832,169588139
2023-11-09T17:00:00Z,0.09833,0.09855,0.09795,0.09844,37581537
2023-11-09T18:00:00Z,0.09844,0.09848,0.09739,0.09754,43384151
2023-11-09T19:00:00Z,0.09754,0.09774,0.09728,0.09765,32147033
2023-11-09T20:00:00Z,0.09764,0.09792,0.09741,0.09790,27131917
2023-11-09T21:00:00Z,0.09790,0.09855,0.09783,0.09800,31846523
2023-11-09T22:00:00Z,0.09799,0.09865,0.09796,0.09851,21286348
2023-11-09T23:00:00Z,0.09851,0.09901,0.09841,0.09891,25353535
2023-11-10T00:00:00Z,0.09891,0.09986,0.09890,0.09928,47767450
2023-11-10T01:00:00Z,0.09929,0.09993,0.09918,0.09989,18500010
2023-11-10T02:00:00Z,0.09989,0.10016,0.09979,0.10015,15762048
2023-11-10T03:00:00Z,0.10014,0.10024,0.09952,0.09961,22260876
2023-11-10T04:00:00Z,0.09960,0.10029,0.09960,0.10023,19698042
2023-11-10T05:00:00Z,0.10023,0.10039,0.09997,0.10028,15411523
2023-11-10T06:00:00Z,0.10027,0.10033,0.09988,0.10006,15462427
2023-11-10T07:00:00Z,0.10006,0.10032,0.09976,0.09982,24233890
2023-11-10T08:00:00Z,0.09983,0.09998,0.09923,0.09974,27499408
2023-11-10T09:00:00Z,0.09975,0.10008,0.09965,0.10004,8846158
2023-11-10T10:00:00Z,0.10004,0.10033,0.09954,0.09965,40609429
2023-11-10T11:00:00Z,0.09966,0.11307,0.09896,0.10760,1545176992
2023-11-10T12:00:00Z,0.10760,0.10796,0.10568,0.10605,214243352
2023-11-10T13:00:00Z,0.10605,0.10638,0.10490,0.10495,90554062
2023-11-10T14:00:00Z,0.10495,0.10575,0.10385,0.10450,142618968
2023-11-10T15:00:00Z,0.10448,0.10515,0.10445,0.10481,46124576
2023-11-10T16:00:00Z,0.10482,0.10524,0.10465,0.10514,51374657
2023-11-10T17:00:00Z,0.10514,0.10558,0.10508,0.10536,35739665
2023-11-10T18:00:00Z,0.10537,0.10560,0.10520,0.10556,20346006
2023-11-10T19:00:00Z,0.10556,0.10597,0.10551,0.10573,26441950
2023-11-10T20:00:00Z,0.10573,0.10586,0.10540,0.10578,21696210
2023-11-10T21:00:00Z,0.10579,0.10619,0.10575,0.10593,20354286
2023-11-10T22:00:00Z,0.10594,0.10610,0.10569,0.10593,15836060
2023-11-10T23:00:00Z,0.10593,0.10630,0.10590,0.10623,20887545
2023-11-11T00:00:00Z,0.10622,0.10635,0.10577,0.10580,31071891
2023-11-11T01:00:00Z,0.10581,0.10607,0.10514,0.10537,45714088
2023-11-11T02:00:00Z,0.10538,0.10570,0.10484,0.10564,31378614
2023-11-11T03:00:00Z,0.10564,0.10567,0.10528,0.10535,20491504
2023-11-11T04:00:00Z,0.10536,0.10536,0.10469,0.10503,30938826
2023-11-11T05:00:00Z,0.10503,0.10557,0.10496,0.10552,15561173
2023-11-11T06:00:00Z,0.10551,0.10580,0.10530,0.10571,15605116
2023-11-11T07:00:00Z,0.10570,0.10596,0.10551,0.10571,17699363
2023-11-11T08:00:00Z,0.10571,0.10590,0.10552,0.10573,16790998
2023-11-11T09:00:00Z,0.10572,0.10598,0.10569,0.10595,16129854
2023-11-11T10:00:00Z,0.10595,0.10662,0.10587,0.10645,33186595
2023-11-11T11:00:00Z,0.10644,0.10665,0.10619,0.10644,21548858
2023-11-11T12:00:00Z,0.10644,0.10698,0.10640,0.10697,20113872
2023-11-11T13:00:00Z,0.10698,0.10731,0.10690,0.10716,27832646
2023-11-11T14:00:00Z,0.10716,0.10810,0.10712,0.10794,37352350
2023-11-11T15:00:00Z,0.10793,0.10827,0.10785,0.10811,37043414
2023-11-11T16:00:00Z,0.10810,0.10909,0.10810,0.10880,30866405
2023-11-11T17:00:00Z,0.10879,0.10894,0.10801,0.10848,37738416
2023-11-11T18:00:00Z,0.10847,0.10856,0.10830,0.10845,12255795
2023-11-11T19:00:00Z,0.10844,0.10888,0.10833,0.10877,15625825
2023-11-11T20:00:00Z,0.10876,0.10878,0.10826,0.10828,18481839
2023-11-11T21:00:00Z,0.10828,0.10843,0.10793,0.10814,18507724
2023-11-11T22:00:00Z,0.10814,0.10814,0.10748,0.10797,24297330
2023-11-11T23:00:00Z,0.10796,0.10810,0.10755,0.10808,13483998
2023-11-12T00:00:00Z,0.10808,0.10817,0.10603,0.10665,63973558
2023-11-12T01:00:00Z,0.10665,0.10736,0.10656,0.10710,27540435
2023-11-12T02:00:00Z,0.10710,0.10737,0.10697,0.10716,14949342
2023-11-12T03:00:00Z,0.10716,0.10739,0.10700,0.10737,9964775
2023-11-12T04:00:00Z,0.10737,0.10746,0.10708,0.10711,10827124
2023-11-12T05:00:00Z,0.10712,0.10752,0.10697,0.10749,9854196
2023-11-12T06:00:00Z,0.10748,0.10778,0.10741,0.10774,10810548
2023-11-12T07:00:00Z,0.10773,0.10821,0.10773,0.10813,13585957
2023-11-12T08:00:00Z,0.10812,0.10822,0.10786,0.10819,13725949
2023-11-12T09:00:00Z,0.10819,0.10834,0.10792,0.10808,11020676
2023-11-12T10:00:00Z,0.10809,0.10832,0.10781,0.10804,18342972
2023-11-12T11:00:00Z,0.10803,0.10835,0.10801,0.10822,7130917
2023-11-12T12:00:00Z,0.10822,0.10827,0.10782,0.10790,13353627
2023-11-12T13:00:00Z,0.10790,0.10845,0.10751,0.10833,28212879
2023-11-12T14:00:00Z,0.10833,0.10855,0.10831,0.10844,12161932
2023-11-12T15:00:00Z,0.10844,0.10862,0.10820,0.10831,11279502
2023-11-12T16:00:00Z,0.10830,0.10842,0.10807,0.10828,9723253
2023-11-12T17:00:00Z,0.10829,0.10847,0.10792,0.10842,13702619
2023-11-12T18:00:00Z,0.10843,0.10869,0.10828,0.10854,13181006
2023-11-12T19:00:00Z,0.10854,0.10876,0.10820,0.10836,10386550
2023-11-12T20:00:00Z,0.10835,0.10854,0.10823,0.10842,10341430
2023-11-12T21:00:00Z,0.10841,0.10912,0.10841,0.10892,19662990
2023-11-12T22:00:00Z,0.10892,0.10898,0.10853,0.10889,17477725
2023-11-12T23:00:00Z,0.10889,0.10897,0.10787,0.10852,21764622
2023-11-13T00:00:00Z,0.10851,0.10881,0.10808,0.10874,34295688
2023-11-13T01:00:00Z,0.10874,0.10949,0.10866,0.10919,56058055
2023-11-13T02:00:00Z,0.10920,0.10989,0.10907,0.10961,36614875
2023-11-13T03:00:00Z,0.10961,0.10970,0.10914,0.10916,24491016
2023-11-13T04:00:00Z,0.10916,0.10948,0.10898,0.10922,14922130
2023-11-13T05:00:00Z,0.10922,0.10984,0.10919,0.10970,19321327
2023-11-13T06:00:00Z,0.10971,0.11019,0.10969,0.11018,19950963
2023-11-13T07:00:00Z,0.11017,0.11072,0.11012,0.11027,28405735
2023-11-13T08:00:00Z,0.11027,0.11055,0.11027,0.11037,15179848
2023-11-13T09:00:00Z,0.11038,0.11070,0.11032,0.11059,11723318
2023-11-13T10:00:00Z,0.11059,0.11066,0.11041,0.11061,12484206
2023-11-13T11:00:00Z,0.11060,0.11071,0.10921,0.10963,43763760
2023-11-13T12:00:00Z,0.10964,0.11004,0.10935,0.11002,21994457
2023-11-13T13:00:00Z,0.11001,0.11016,0.10979,0.11001,15977033
2023-11-13T14:00:00Z,0.11000,0.11025,0.10910,0.10948,33727880
2023-11-13T15:00:00Z,0.10948,0.10982,0.10921,0.10979,34147366
2023-11-13T16:00:00Z,0.10979,0.11008,0.10956,0.10975,23215730
2023-11-13T17:00:00Z,0.10974,0.10979,0.10922,0.10935,19046792
2023-11-13T18:00:00Z,0.10935,0.10949,0.10916,0.10942,10809420
2023-11-13T19:00:00Z,0.10941,0.10980,0.10940,0.10974,12146613
2023-11-13T20:00:00Z,0.10973,0.10982,0.10944,0.10961,16091855
2023-11-13T21:00:00Z,0.10961,0.10961,0.10779,0.10791,56369926
2023-11-13T22:00:00Z,0.10791,0.10808,0.10715,0.10722,22864887
2023-11-13T23:00:00Z,0.10722,0.10743,0.10683,0.10687,18548939
2023-11-14T00:00:00Z,0.10686,0.10689,0.10586,0.10591,40506331
2023-11-14T01:00:00Z,0.10591,0.10632,0.10590,0.10608,14042581
2023-11-14T02:00:00Z,0.10608,0.10670,0.10600,0.10611,19597049
2023-11-14T03:00:00Z,0.10612,0.10622,0.10597,0.10606,10765021
2023-11-14T04:00:00Z,0.10605,0.10616,0.10578,0.10603,17028678
2023-11-14T05:00:00Z,0.10603,0.10651,0.10600,0.10643,17854631
2023-11-14T06:00:00Z,0.10643,0.10683,0.10638,0.10682,12761805
2023-11-14T07:00:00Z,0.10682,0.10705,0.10674,0.10690,10538219
2023-11-14T08:00:00Z,0.10691,0.10719,0.10686,0.10712,11357289
2023-11-14T09:00:00Z,0.10712,0.10720,0.10647,0.10649,17859551
2023-11-14T10:00:00Z,0.10649,0.10655,0.10596,0.10600,26113662
2023-11-14T11:00:00Z,0.10600,0.10604,0.10520,0.10539,30481742
2023-11-14T12:00:00Z,0.10539,0.10544,0.10476,0.10520,25200440
2023-11-14T13:00:00Z,0.10520,0.10624,0.10518,0.10614,45932674
2023-11-14T14:00:00Z,0.10614,0.10660,0.10599,0.10637,26038285
2023-11-14T15:00:00Z,0.10638,0.10643,0.10529,0.10568,37336680
2023-11-14T16:00:00Z,0.10567,0.10585,0.10533,0.10535,18895800
2023-11-14T17:00:00Z,0.10535,0.10537,0.10438,0.10445,21894682
2023-11-14T18:00:00Z,0.10444,0.10464,0.10221,0.10294,67346102
2023-11-14T19:00:00Z,0.10294,0.10323,0.10221,0.10224,42454401
2023-11-14T20:00:00Z,0.10225,0.10262,0.10201,0.10209,21931518
2023-11-14T21:00:00Z,0.10209,0.10259,0.10200,0.10252,20703915
2023-11-14T22:00:00Z,0.10252,0.10260,0.10197,0.10201,16859864
2023-11-14T23:00:00Z,0.10201,0.10237,0.10197,0.10226,17086159
2023-11-15T00:00:00Z,0.10226,0.10276,0.10217,0.10267,22231575
2023-11-15T01:00:00Z,0.10267,0.10309,0.10266,0.10281,20296548
2023-11-15T02:00:00Z,0.10280,0.10291,0.10271,0.10284,9462753
2023-11-15T03:00:00Z,0.10283,0.10296,0.10266,0.10267,9200569
2023-11-15T04:00:00Z,0.10267,0.10306,0.10259,0.10305,10337529
2023-11-15T05:00:00Z,0.10305,0.10364,0.10291,0.10360,14969660
2023-11-15T06:00:00Z,0.10359,0.10388,0.10330,0.10386,21164349
2023-11-15T07:00:00Z,0.10386,0.10419,0.10384,0.10408,20800751
2023-11-15T08:00:00Z,0.10408,0.10468,0.10407,0.10446,25242524
2023-11-15T09:00:00Z,0.10446,0.10466,0.10420,0.10423,19081603
2023-11-15T10:00:00Z,0.10423,0.10435,0.10364,0.10392,28001838
2023-11-15T11:00:00Z,0.10392,0.10474,0.10376,0.10453,49251776
2023-11-15T12:00:00Z,0.10452,0.10475,0.10441,0.10447,31195622
2023-11-15T13:00:00Z,0.10448,0.10449,0.10384,0.10438,32030658
2023-11-15T14:00:00Z,0.10438,0.10459,0.10429,0.10447,24586497
2023-11-15T15:00:00Z,0.10447,0.10456,0.10395,0.10412,16079736
2023-11-15T16:00:00Z,0.10412,0.10431,0.10318,0.10330,45213080
2023-11-15T17:00:00Z,0.10330,0.10336,0.10290,0.10298,33677047
2023-11-15T18:00:00Z,0.10297,0.10409,0.10280,0.10378,57392625
2023-11-15T19:00:00Z,0.10378,0.10420,0.10348,0.10384,32072841
2023-11-15T20:00:00Z,0.10384,0.10390,0.10340,0.10345,19084312
2023-11-15T21:00:00Z,0.10346,0.10347,0.10305,0.10312,15455420
2023-11-15T22:00:00Z,0.10312,0.10348,0.10308,0.10337,13082119
2023-11-15T23:00:00Z,0.10337,0.10422,0.10333,0.10414,26127561
2023-11-16T00:00:00Z,0.10414,0.10458,0.10394,0.10455,19792994
2023-11-16T01:00:00Z,0.10455,0.10476,0.10426,0.10439,23071009
2023-11-16T02:00:00Z,0.10438,0.10462,0.10421,0.10435,10282614
2023-11-16T03:00:00Z,0.10436,0.10459,0.10427,0.10456,9477871
2023-11-16T04:00:00Z,0.10456,0.10472,0.10440,0.10469,10063408
2023-11-16T05:00:00Z,0.10470,0.10474,0.10449,0.10466,7895073
2023-11-16T06:00:00Z,0.10466,0.10480,0.10441,0.10463,14782077
2023-11-16T07:00:00Z,0.10464,0.10474,0.10448,0.10459,11025778
2023-11-16T08:00:00Z,0.10459,0.10470,0.10402,0.10419,26913025
2023-11-16T09:00:00Z,0.10418,0.10430,0.10381,0.10384,26319665
2023-11-16T10:00:00Z,0.10385,0.10415,0.10383,0.10409,11495384
2023-11-16T11:00:00Z,0.10409,0.10444,0.10405,0.10418,22112109
2023-11-16T12:00:00Z,0.10418,0.10419,0.10346,0.10378,30420924
2023-11-16T13:00:00Z,0.10379,0.10383,0.10305,0.10326,36773977
2023-11-16T14:00:00Z,0.10326,0.10335,0.10295,0.10321,22477628
2023-11-16T15:00:00Z,0.10322,0.10347,0.10265,0.10297,32848950
2023-11-16T16:00:00Z,0.10298,0.10316,0.10280,0.10315,18570602
2023-11-16T17:00:00Z,0.10314,0.10336,0.10308,0.10310,14459597
2023-11-16T18:00:00Z,0.10310,0.10313,0.10244,0.10268,34678199
2023-11-16T19:00:00Z,0.10267,0.10269,0.10139,0.10193,60685358
2023-11-16T20:00:00Z,0.10193,0.10216,0.10183,0.10189,20007610
2023-11-16T21:00:00Z,0.10190,0.10203,0.10174,0.10177,14598794
2023-11-16T22:00:00Z,0.10178,0.10244,0.10175,0.10217,16215356
2023-11-16T23:00:00Z,0.10216,0.10247,0.10205,0.10233,18577008
2023-11-17T00:00:00Z,0.10234,0.10274,0.10218,0.10271,22130924
2023-11-17T01:00:00Z,0.10271,0.10333,0.10266,0.10333,22770779
2023-11-17T02:00:00Z,0.10333,0.10340,0.10307,0.10316,21381870
2023-11-17T03:00:00Z,0.10316,0.10333,0.10302,0.10323,13582492
2023-11-17T04:00:00Z,0.10323,0.10345,0.10309,0.10328,11945839
2023-11-17T05:00:00Z,0.10328,0.10366,0.10314,0.10366,12000730
2023-11-17T06:00:00Z,0.10366,0.10393,0.10361,0.10375,15017094
2023-11-17T07:00:00Z,0.10375,0.10375,0.10355,0.10364,11914932
2023-11-17T08:00:00Z,0.10364,0.10387,0.10343,0.10385,16177435
2023-11-17T09:00:00Z,0.10385,0.10390,0.10354,0.10362,13657817
2023-11-17T10:00:00Z,0.10363,0.10365,0.10286,0.10312,21317697
2023-11-17T11:00:00Z,0.10312,0.10317,0.10291,0.10305,9065607
2023-11-17T12:00:00Z,0.10304,0.10314,0.10270,0.10314,12707907
2023-11-17T13:00:00Z,0.10313,0.10342,0.10302,0.10306,17306687
2023-11-17T14:00:00Z,0.10307,0.10322,0.10228,0.10245,31395002
2023-11-17T15:00:00Z,0.10243,0.10247,0.10175,0.10181,31566842
2023-11-17T16:00:00Z,0.10182,0.10209,0.10165,0.10200,19810272
2023-11-17T17:00:00Z,0.10199,0.10290,0.10193,0.10288,36069065
2023-11-17T18:00:00Z,0.10288,0.10324,0.10282,0.10312,16908794
2023-11-17T19:00:00Z,0.10313,0.10325,0.10295,0.10298,11715919
2023-11-17T20:00:00Z,0.10298,0.10326,0.10297,0.10308,13486395
2023-11-17T21:00:00Z,0.10308,0.10320,0.10296,0.10320,8403407
2023-11-17T22:00:00Z,0.10319,0.10361,0.10313,0.10361,13869182
2023-11-17T23:00:00Z,0.10360,0.10381,0.10359,0.10377,23394387
2023-11-18T00:00:00Z,0.10377,0.10380,0.10348,0.10348,15424463
2023-11-18T01:00:00Z,0.10349,0.10370,0.10342,0.10351,11836961
2023-11-18T02:00:00Z,0.10350,0.10354,0.10328,0.10330,9114541
2023-11-18T03:00:00Z,0.10330,0.10331,0.10303,0.10307,13541507
2023-11-18T04:00:00Z,0.10306,0.10328,0.10298,0.10318,9636548
2023-11-18T05:00:00Z,0.10317,0.10317,0.10259,0.10260,18623668
2023-11-18T06:00:00Z,0.10259,0.10269,0.10141,0.10142,30627733
2023-11-18T07:00:00Z,0.10143,0.10203,0.10116,0.10201,39104986
2023-11-18T08:00:00Z,0.10201,0.10232,0.10190,0.10232,16657501
2023-11-18T09:00:00Z,0.10232,0.10243,0.10213,0.10233,10540036
2023-11-18T10:00:00Z,0.10233,0.10248,0.10225,0.10244,9628874
2023-11-18T11:00:00Z,0.10244,0.10247,0.10215,0.10215,9043330
2023-11-18T12:00:00Z,0.10216,0.10236,0.10201,0.10220,11271807
2023-11-18T13:00:00Z,0.10220,0.10231,0.10186,0.10204,18071083
2023-11-18T14:00:00Z,0.10204,0.10241,0.10201,0.10236,14073715
2023-11-18T15:00:00Z,0.10237,0.10286,0.10236,0.10282,18879007
2023-11-18T16:00:00Z,0.10282,0.10298,0.10254,0.10256,16644122
2023-11-18T17:00:00Z,0.10256,0.10281,0.10240,0.10281,13245983
2023-11-18T18:00:00Z,0.10280,0.10296,0.10262,0.10296,8678759
2023-11-18T19:00:00Z,0.10295,0.10302,0.10288,0.10300,9651994
2023-11-18T20:00:00Z,0.10300,0.10305,0.10273,0.10286,10491399
2023-11-18T21:00:00Z,0.10286,0.10297,0.10281,0.10292,6810034
2023-11-18T22:00:00Z,0.10291,0.10297,0.10265,0.10290,10693590
2023-11-18T23:00:00Z,0.10291,0.10298,0.10287,0.10293,4614713
2023-11-19T00:00:00Z,0.10293,0.10295,0.10228,0.10230,19137441
2023-11-19T01:00:00Z,0.10230,0.10237,0.10164,0.10194,37141621
2023-11-19T02:00:00Z,0.10194,0.10208,0.10179,0.10200,12028837
2023-11-19T03:00:00Z,0.10200,0.10230,0.10195,0.10229,9397499
2023-11-19T04:00:00Z,0.10230,0.10239,0.10213,0.10233,8384812
2023-11-19T05:00:00Z,0.10234,0.10259,0.10161,0.10228,42664421
2023-11-19T06:00:00Z,0.10227,0.10279,0.10224,0.10273,16896990
2023-11-19T07:00:00Z,0.10273,0.10312,0.10270,0.10275,20925146
2023-11-19T08:00:00Z,0.10276,0.10294,0.10261,0.10262,9859200
2023-11-19T09:00:00Z,0.10262,0.10287,0.10258,0.10277,6623534
2023-11-19T10:00:00Z,0.10276,0.10277,0.10250,0.10251,9707422
2023-11-19T11:00:00Z,0.10252,0.10268,0.10233,0.10262,13220496
2023-11-19T12:00:00Z,0.10261,0.10280,0.10245,0.10276,11033136
2023-11-19T13:00:00Z,0.10275,0.10302,0.10274,0.10300,8378497
2023-11-19T14:00:00Z,0.10300,0.10307,0.10279,0.10298,11344291
2023-11-19T15:00:00Z,0.10298,0.10334,0.10292,0.10331,12906837
2023-11-19T16:00:00Z,0.10331,0.10343,0.10314,0.10334,12299835
2023-11-19T17:00:00Z,0.10334,0.10338,0.10312,0.10326,8932986
2023-11-19T18:00:00Z,0.10327,0.10381,0.10322,0.10371,14624350
2023-11-19T19:00:00Z,0.10372,0.10384,0.10359,0.10378,13292229
2023-11-19T20:00:00Z,0.10378,0.10383,0.10292,0.10297,17596111
2023-11-19T21:00:00Z,0.10298,0.10319,0.10286,0.10297,13914840
2023-11-19T22:00:00Z,0.10297,0.10303,0.10280,0.10288,8233559
2023-11-19T23:00:00Z,0.10287,0.10355,0.10287,0.10354,19929701
2023-11-20T00:00:00Z,0.10354,0.10365,0.10336,0.10344,16292151
2023-11-20T01:00:00Z,0.10345,0.10352,0.10331,0.10336,7935676
2023-11-20T02:00:00Z,0.10336,0.10337,0.10316,0.10331,8187103
2023-11-20T03:00:00Z,0.10332,0.10339,0.10314,0.10329,9579638
2023-11-20T04:00:00Z,0.10329,0.10350,0.10316,0.10348,6618705
2023-11-20T05:00:00Z,0.10348,0.10349,0.10317,0.10323,9546020
2023-11-20T06:00:00Z,0.10322,0.10337,0.10322,0.10336,7531844
2023-11-20T07:00:00Z,0.10336,0.10360,0.10323,0.10357,9149194
2023-11-20T08:00:00Z,0.10357,0.10439,0.10351,0.10424,43286667
2023-11-20T09:00:00Z,0.10424,0.10489,0.10422,0.10476,30790884
2023-11-20T10:00:00Z,0.10476,0.10493,0.10471,0.10483,11996789
2023-11-20T11:00:00Z,0.10483,0.10510,0.10455,0.10472,20016848
2023-11-20T12:00:00Z,0.10473,0.10490,0.10425,0.10459,28715439
2023-11-20T13:00:00Z,0.10459,0.10469,0.10406,0.10408,18675962
2023-11-20T14:00:00Z,0.10408,0.10435,0.10350,0.10421,43737465
2023-11-20T15:00:00Z,0.10421,0.10428,0.10362,0.10373,20265807
2023-11-20T16:00:00Z,0.10373,0.10391,0.10285,0.10296,26490770
2023-11-20T17:00:00Z,0.10296,0.10337,0.10253,0.10328,30646835
2023-11-20T18:00:00Z,0.10328,0.10333,0.10262,0.10269,27967670
2023-11-20T19:00:00Z,0.10270,0.10280,0.10203,0.10215,35618109
2023-11-20T20:00:00Z,0.10215,0.10216,0.10156,0.10159,34289584
2023-11-20T21:00:00Z,0.10158,0.10159,0.10063,0.10112,51213349
2023-11-20T22:00:00Z,0.10113,0.10125,0.10076,0.10097,28052107
2023-11-20T23:00:00Z,0.10097,0.10112,0.10077,0.10089,17404051
2023-11-21T00:00:00Z,0.10088,0.10167,0.10072,0.10165,35848948
2023-11-21T01:00:00Z,0.10164,0.10196,0.10160,0.10179,20182462
2023-11-21T02:00:00Z,0.10178,0.10183,0.10092,0.10097,20467073
2023-11-21T03:00:00Z,0.10098,0.10122,0.10093,0.10119,12148434
2023-11-21T04:00:00Z,0.10118,0.10135,0.10102,0.10128,9863448
2023-11-21T05:00:00Z,0.10129,0.10142,0.10114,0.10141,9464819
2023-11-21T06:00:00Z,0.10140,0.10170,0.10127,0.10169,9138135
2023-11-21T07:00:00Z,0.10169,0.10171,0.10134,0.10139,27080024
2023-11-21T08:00:00Z,0.10139,0.10148,0.10115,0.10145,17367453
2023-11-21T09:00:00Z,0.10145,0.10179,0.10140,0.10150,20843578
2023-11-21T10:00:00Z,0.10150,0.10179,0.10148,0.10179,17700198
2023-11-21T11:00:00Z,0.10179,0.10182,0.10151,0.10159,13003497
2023-11-21T12:00:00Z,0.10159,0.10166,0.10144,0.10164,12481600
2023-11-21T13:00:00Z,0.10164,0.10171,0.10150,0.10154,13241176
2023-11-21T14:00:00Z,0.10155,0.10156,0.10074,0.10092,37890424
2023-11-21T15:00:00Z,0.10093,0.10095,0.09963,0.10022,82585459
2023-11-21T16:00:00Z,0.10022,0.10047,0.09967,0.09980,37319920
2023-11-21T17:00:00Z,0.09980,0.09991,0.09824,0.09853,68446550
2023-11-21T18:00:00Z,0.09852,0.09853,0.09736,0.09758,73003647
2023-11-21T19:00:00Z,0.09757,0.09818,0.09738,0.09761,43364895
2023-11-21T20:00:00Z,0.09760,0.09794,0.09716,0.09718,37635798
2023-11-21T21:00:00Z,0.09718,0.09764,0.09701,0.09723,27026156
2023-11-21T22:00:00Z,0.09723,0.09732,0.09554,0.09591,59825994
2023-11-21T23:00:00Z,0.09591,0.09646,0.09559,0.09605,40849256
2023-11-22T00:00:00Z,0.09606,0.09737,0.09589,0.09717,54637117
2023-11-22T01:00:00Z,0.09716,0.09736,0.09706,0.09721,15566756
2023-11-22T02:00:00Z,0.09721,0.09784,0.09717,0.09780,16648332
2023-11-22T03:00:00Z,0.09780,0.09815,0.09773,0.09806,21339015
2023-11-22T04:00:00Z,0.09806,0.09815,0.09786,0.09804,15974347
2023-11-22T05:00:00Z,0.09805,0.09838,0.09804,0.09831,19104781
2023-11-22T06:00:00Z,0.09831,0.09869,0.09831,0.09864,18620037
2023-11-22T07:00:00Z,0.09863,0.09877,0.09827,0.09827,20053738
2023-11-22T08:00:00Z,0.09828,0.09847,0.09723,0.09748,50379542
2023-11-22T09:00:00Z,0.09748,0.09795,0.09742,0.09793,14974095
2023-11-22T10:00:00Z,0.09793,0.10202,0.09773,0.10141,194209152
2023-11-22T11:00:00Z,0.10141,0.10144,0.10030,0.10040,54166334
2023-11-22T12:00:00Z,0.10041,0.10072,0.09937,0.09964,61860149
2023-11-22T13:00:00Z,0.09964,0.10011,0.09951,0.09998,34008424
2023-11-22T14:00:00Z,0.09998,0.10022,0.09972,0.09993,30619859
2023-11-22T15:00:00Z,0.09994,0.10034,0.09962,0.10016,31060947
2023-11-22T16:00:00Z,0.10015,0.10017,0.09978,0.10002,22809614
2023-11-22T17:00:00Z,0.10001,0.10034,0.09999,0.10029,17735901
2023-11-22T18:00:00Z,0.10028,0.10114,0.10025,0.10095,46655720
2023-11-22T19:00:00Z,0.10095,0.10200,0.10091,0.10103,50187214
2023-11-22T20:00:00Z,0.10104,0.10130,0.10095,0.10128,16738171
2023-11-22T21:00:00Z,0.10128,0.10152,0.10109,0.10125,21988620
2023-11-22T22:00:00Z,0.10126,0.10143,0.10085,0.10104,22128671
2023-11-22T23:00:00Z,0.10105,0.10126,0.10097,0.10114,12321963
2023-11-23T00:00:00Z,0.10113,0.10136,0.10103,0.10104,17774387
2023-11-23T01:00:00Z,0.10105,0.10147,0.10102,0.10139,14385499
2023-11-23T02:00:00Z,0.10140,0.10151,0.10123,0.10126,10151926
2023-11-23T03:00:00Z,0.10126,0.10148,0.10125,0.10133,9833616
2023-11-23T04:00:00Z,0.10134,0.10146,0.10124,0.10136,10069583
2023-11-23T05:00:00Z,0.10136,0.10146,0.10131,0.10143,6178816
2023-11-23T06:00:00Z,0.10143,0.10143,0.10118,0.10123,9527936
2023-11-23T07:00:00Z,0.10124,0.10141,0.10123,0.10139,7736906
2023-11-23T08:00:00Z,0.10139,0.10148,0.10128,0.10143,15983870
2023-11-23T09:00:00Z,0.10143,0.10148,0.10118,0.10138,12226540
2023-11-23T10:00:00Z,0.10139,0.10142,0.10120,0.10120,11360198
2023-11-23T11:00:00Z,0.10120,0.10158,0.10088,0.10121,25753411
2023-11-23T12:00:00Z,0.10121,0.10133,0.10104,0.10106,11503225
2023-11-23T13:00:00Z,0.10106,0.10131,0.10103,0.10114,15870505
2023-11-23T14:00:00Z,0.10114,0.10148,0.10097,0.10122,18313486
2023-11-23T15:00:00Z,0.10121,0.10126,0.10073,0.10093,16695017
2023-11-23T16:00:00Z,0.10093,0.10125,0.10086,0.10122,11007352
2023-11-23T17:00:00Z,0.10121,0.10203,0.10118,0.10169,23915245
2023-11-23T18:00:00Z,0.10168,0.10182,0.10157,0.10172,10880543
2023-11-23T19:00:00Z,0.10173,0.10177,0.10147,0.10163,9230763
2023-11-23T20:00:00Z,0.10163,0.10180,0.10159,0.10170,10196824
2023-11-23T21:00:00Z,0.10169,0.10188,0.10169,0.10182,7308679
2023-11-23T22:00:00Z,0.10181,0.10228,0.10181,0.10214,15063656
2023-11-23T23:00:00Z,0.10215,0.10230,0.10194,0.10206,17834083
2023-11-24T00:00:00Z,0.10207,0.10238,0.10196,0.10229,16184938
2023-11-24T01:00:00Z,0.10229,0.10242,0.10210,0.10211,11824652
2023-11-24T02:00:00Z,0.10212,0.10239,0.10209,0.10221,9528841
2023-11-24T03:00:00Z,0.10220,0.10222,0.10203,0.10203,6484738
2023-11-24T04:00:00Z,0.10203,0.10219,0.10202,0.10209,5909523
2023-11-24T05:00:00Z,0.10210,0.10227,0.10201,0.10219,7311674
2023-11-24T06:00:00Z,0.10219,0.10232,0.10208,0.10229,8985765
2023-11-24T07:00:00Z,0.10228,0.10283,0.10221,0.10278,14192571
2023-11-24T08:00:00Z,0.10278,0.10287,0.10244,0.10248,16310599
2023-11-24T09:00:00Z,0.10249,0.10278,0.10215,0.10234,24348852
2023-11-24T10:00:00Z,0.10235,0.10262,0.10218,0.10219,17754266
2023-11-24T11:00:00Z,0.10219,0.10263,0.10214,0.10244,14899852
2023-11-24T12:00:00Z,0.10244,0.10264,0.10240,0.10254,11585195
2023-11-24T13:00:00Z,0.10255,0.10269,0.10239,0.10256,10020489
2023-11-24T14:00:00Z,0.10256,0.10334,0.10244,0.10262,33919837
2023-11-24T15:00:00Z,0.10263,0.10301,0.10252,0.10299,26337632
2023-11-24T16:00:00Z,0.10298,0.10469,0.10295,0.10373,92922536
2023-11-24T17:00:00Z,0.10373,0.10524,0.10373,0.10516,68509297
2023-11-24T18:00:00Z,0.10515,0.10517,0.10411,0.10471,60843337
2023-11-24T19:00:00Z,0.10472,0.10477,0.10442,0.10469,17595406
2023-11-24T20:00:00Z,0.10469,0.10469,0.10433,0.10443,21817648
2023-11-24T21:00:00Z,0.10443,0.10486,0.10443,0.10460,15944915
2023-11-24T22:00:00Z,0.10460,0.10473,0.10442,0.10455,16382830
2023-11-24T23:00:00Z,0.10456,0.10474,0.10442,0.10451,19426065
2023-11-25T00:00:00Z,0.10452,0.10464,0.10437,0.10464,16392813
2023-11-25T01:00:00Z,0.10464,0.10527,0.10442,0.10506,25370717
2023-11-25T02:00:00Z,0.10507,0.10545,0.10501,0.10520,26047310
2023-11-25T03:00:00Z,0.10520,0.10549,0.10519,0.10547,17686314
2023-11-25T04:00:00Z,0.10548,0.10572,0.10503,0.10560,30709793
2023-11-25T05:00:00Z,0.10559,0.10578,0.10463,0.10523,54367433
2023-11-25T06:00:00Z,0.10522,0.10541,0.10494,0.10504,19675437
2023-11-25T07:00:00Z,0.10503,0.10562,0.10503,0.10541,28788985
2023-11-25T08:00:00Z,0.10541,0.10559,0.10516,0.10528,23292087
2023-11-25T09:00:00Z,0.10528,0.10564,0.10517,0.10539,16722504
2023-11-25T10:00:00Z,0.10539,0.10540,0.10501,0.10518,14140406
2023-11-25T11:00:00Z,0.10518,0.10533,0.10482,0.10498,21151351
2023-11-25T12:00:00Z,0.10498,0.10518,0.10494,0.10502,10435665
2023-11-25T13:00:00Z,0.10502,0.10592,0.10501,0.10587,33927601
2023-11-25T14:00:00Z,0.10586,0.10640,0.10581,0.10636,47826462
2023-11-25T15:00:00Z,0.10637,0.10677,0.10627,0.10659,37447738
2023-11-25T16:00:00Z,0.10659,0.10677,0.10628,0.10637,22180048
2023-11-25T17:00:00Z,0.10637,0.10646,0.10626,0.10629,9962706
2023-11-25T18:00:00Z,0.10629,0.10646,0.10628,0.10637,9358477
2023-11-25T19:00:00Z,0.10638,0.10644,0.10608,0.10611,9769284
2023-11-25T20:00:00Z,0.10612,0.10630,0.10609,0.10623,8981115
2023-11-25T21:00:00Z,0.10623,0.10792,0.10623,0.10750,59906676
2023-11-25T22:00:00Z,0.10750,0.10778,0.10742,0.10776,10538266
2023-11-25T23:00:00Z,0.10776,0.10899,0.10764,0.10890,34657078
2023-11-26T00:00:00Z,0.10889,0.10927,0.10870,0.10881,39163869
2023-11-26T01:00:00Z,0.10882,0.10994,0.10870,0.10973,34635445
2023-11-26T02:00:00Z,0.10974,0.10989,0.10899,0.10904,27944349
2023-11-26T03:00:00Z,0.10905,0.10921,0.10864,0.10878,26380182
2023-11-26T04:00:00Z,0.10878,0.10919,0.10857,0.10897,28836529
2023-11-26T05:00:00Z,0.10897,0.10909,0.10878,0.10881,10619310
2023-11-26T06:00:00Z,0.10881,0.10901,0.10859,0.10871,17733276
2023-11-26T07:00:00Z,0.10871,0.10876,0.10828,0.10847,14774621
2023-11-26T08:00:00Z,0.10848,0.10861,0.10819,0.10825,13878184
2023-11-26T09:00:00Z,0.10825,0.10836,0.10815,0.10831,10278266
2023-11-26T10:00:00Z,0.10830,0.10842,0.10820,0.10824,8242507
2023-11-26T11:00:00Z,0.10825,0.10836,0.10807,0.10813,10091510
2023-11-26T12:00:00Z,0.10813,0.10861,0.10788,0.10860,25747441
2023-11-26T13:00:00Z,0.10860,0.10862,0.10812,0.10842,15207081
2023-11-26T14:00:00Z,0.10842,0.10845,0.10765,0.10775,28585665
2023-11-26T15:00:00Z,0.10776,0.10817,0.10769,0.10802,18085381
2023-11-26T16:00:00Z,0.10802,0.10812,0.10691,0.10738,57305406
2023-11-26T17:00:00Z,0.10739,0.10783,0.10738,0.10775,17617121
2023-11-26T18:00:00Z,0.10774,0.10782,0.10737,0.10747,13634696
2023-11-26T19:00:00Z,0.10747,0.10776,0.10744,0.10772,10908663
2023-11-26T20:00:00Z,0.10771,0.10804,0.10769,0.10803,14297944
2023-11-26T21:00:00Z,0.10802,0.10806,0.10782,0.10802,8007384
2023-11-26T22:00:00Z,0.10802,0.10822,0.10801,0.10814,8245989
2023-11-26T23:00:00Z,0.10815,0.10815,0.10777,0.10779,9301089
2023-11-27T00:00:00Z,0.10780,0.10802,0.10740,0.10741,13590096
2023-11-27T01:00:00Z,0.10741,0.10755,0.10703,0.10706,11973771
2023-11-27T02:00:00Z,0.10707,0.10726,0.10685,0.10693,18077659
2023-11-27T03:00:00Z,0.10693,0.10696,0.10635,0.10659,17059194
2023-11-27T04:00:00Z,0.10659,0.10681,0.10653,0.10677,11359542
2023-11-27T05:00:00Z,0.10676,0.10680,0.10641,0.10654,9859434
2023-11-27T06:00:00Z,0.10654,0.10656,0.10630,0.10631,13342212
2023-11-27T07:00:00Z,0.10631,0.10645,0.10580,0.10601,22526650
2023-11-27T08:00:00Z,0.10601,0.10635,0.10580,0.10583,19177691
2023-11-27T09:00:00Z,0.10583,0.10627,0.10580,0.10587,13165498
2023-11-27T10:00:00Z,0.10586,0.10595,0.10378,0.10412,160352672
2023-11-27T11:00:00Z,0.10412,0.10453,0.10385,0.10409,63716636
2023-11-27T12:00:00Z,0.10409,0.10431,0.10395,0.10399,25440961
2023-11-27T13:00:00Z,0.10399,0.10434,0.10386,0.10422,33306990
2023-11-27T14:00:00Z,0.10423,0.10450,0.10360,0.10368,31005908
2023-11-27T15:00:00Z,0.10369,0.10394,0.10302,0.10304,48138680
2023-11-27T16:00:00Z,0.10303,0.10409,0.10299,0.10406,48418502
2023-11-27T17:00:00Z,0.10405,0.10436,0.10397,0.10412,22685422
2023-11-27T18:00:00Z,0.10412,0.10435,0.10409,0.10412,10773202
2023-11-27T19:00:00Z,0.10411,0.10453,0.10358,0.10362,35854472
2023-11-27T20:00:00Z,0.10363,0.10370,0.10240,0.10243,51135698
2023-11-27T21:00:00Z,0.10244,0.10256,0.10194,0.10199,45699796
2023-11-27T22:00:00Z,0.10199,0.10213,0.10156,0.10167,43445265
2023-11-27T23:00:00Z,0.10167,0.10233,0.10166,0.10177,46825905
2023-11-28T00:00:00Z,0.10176,0.10206,0.10145,0.10166,57021602
2023-11-28T01:00:00Z,0.10167,0.10175,0.10003,0.10041,90268005
2023-11-28T02:00:00Z,0.10041,0.10125,0.09980,0.10117,70531155
2023-11-28T03:00:00Z,0.10118,0.10145,0.10104,0.10144,29075838
2023-11-28T04:00:00Z,0.10144,0.10180,0.10142,0.10151,36089422
2023-11-28T05:00:00Z,0.10152,0.10158,0.10035,0.10039,42311258
2023-11-28T06:00:00Z,0.10039,0.10116,0.10026,0.10114,33692110
2023-11-28T07:00:00Z,0.10115,0.10139,0.10099,0.10139,26930158
2023-11-28T08:00:00Z,0.10138,0.10187,0.10124,0.10125,32905152
2023-11-28T09:00:00Z,0.10126,0.10188,0.10121,0.10184,21797053
2023-11-28T10:00:00Z,0.10184,0.10186,0.10130,0.10149,31730378
2023-11-28T11:00:00Z,0.10149,0.10183,0.10141,0.10179,17035022
2023-11-28T12:00:00Z,0.10180,0.10218,0.10162,0.10206,24021961
2023-11-28T13:00:00Z,0.10206,0.10233,0.10181,0.10226,38707884
2023-11-28T14:00:00Z,0.10226,0.10291,0.10222,0.10264,46677928
2023-11-28T15:00:00Z,0.10264,0.10290,0.10233,0.10265,33768354
2023-11-28T16:00:00Z,0.10265,0.10323,0.10255,0.10315,30220189
2023-11-28T17:00:00Z,0.10315,0.10373,0.10309,0.10364,31728544
2023-11-28T18:00:00Z,0.10364,0.10364,0.10280,0.10301,50756815
2023-11-28T19:00:00Z,0.10301,0.10355,0.10289,0.10334,16863991
2023-11-28T20:00:00Z,0.10333,0.10344,0.10316,0.10335,10483950
2023-11-28T21:00:00Z,0.10336,0.10350,0.10268,0.10309,29478796
2023-11-28T22:00:00Z,0.10309,0.10338,0.10286,0.10301,34219586
2023-11-28T23:00:00Z,0.10301,0.10321,0.10261,0.10291,18818046
2023-11-29T00:00:00Z,0.10291,0.10327,0.10265,0.10304,37178662
2023-11-29T01:00:00Z,0.10305,0.10340,0.10305,0.10307,25097818
2023-11-29T02:00:00Z,0.10307,0.10317,0.10290,0.10291,13006409
2023-11-29T03:00:00Z,0.10292,0.10295,0.10277,0.10293,10108882
2023-11-29T04:00:00Z,0.10294,0.10308,0.10276,0.10308,9348126
2023-11-29T05:00:00Z,0.10308,0.10321,0.10296,0.10320,11560268
2023-11-29T06:00:00Z,0.10319,0.10341,0.10297,0.10341,12141207
2023-11-29T07:00:00Z,0.10340,0.10387,0.10337,0.10362,27331597
2023-11-29T08:00:00Z,0.10362,0.10395,0.10355,0.10392,19817758
2023-11-29T09:00:00Z,0.10391,0.10402,0.10350,0.10356,28238315
2023-11-29T10:00:00Z,0.10357,0.10372,0.10295,0.10313,29110890
2023-11-29T11:00:00Z,0.10313,0.10350,0.10304,0.10348,21371971
2023-11-29T12:00:00Z,0.10347,0.10386,0.10345,0.10365,25863862
2023-11-29T13:00:00Z,0.10364,0.10378,0.10316,0.10347,31456050
2023-11-29T14:00:00Z,0.10347,0.10364,0.10327,0.10333,23932163
2023-11-29T15:00:00Z,0.10332,0.10370,0.10293,0.10370,44025515
2023-11-29T16:00:00Z,0.10370,0.10377,0.10333,0.10363,26096879
2023-11-29T17:00:00Z,0.10363,0.10382,0.10345,0.10369,19498684
2023-11-29T18:00:00Z,0.10369,0.10379,0.10358,0.10379,11631705
2023-11-29T19:00:00Z,0.10378,0.10380,0.10341,0.10351,13572083
2023-11-29T20:00:00Z,0.10351,0.10361,0.10310,0.10313,13847726
2023-11-29T21:00:00Z,0.10313,0.10326,0.10310,0.10317,10624616
2023-11-29T22:00:00Z,0.10316,0.10357,0.10313,0.10345,11752460
2023-11-29T23:00:00Z,0.10344,0.10359,0.10336,0.10345,11401696
2023-11-30T00:00:00Z,0.10345,0.10367,0.10341,0.10357,20446771
2023-11-30T01:00:00Z,0.10356,0.10364,0.10337,0.10343,16701346
2023-11-30T02:00:00Z,0.10343,0.10379,0.10339,0.10374,17533133
2023-11-30T03:00:00Z,0.10375,0.10380,0.10306,0.10322,27204098
2023-11-30T04:00:00Z,0.10321,0.10348,0.10321,0.10338,11870655
2023-11-30T05:00:00Z,0.10339,0.10357,0.10331,0.10339,13811419
2023-11-30T06:00:00Z,0.10339,0.10352,0.10330,0.10333,12459334
2023-11-30T07:00:00Z,0.10332,0.10338,0.10319,0.10321,10060891
2023-11-30T08:00:00Z,0.10321,0.10325,0.10299,0.10301,20092454
2023-11-30T09:00:00Z,0.10301,0.10311,0.10292,0.10311,13030997
2023-11-30T10:00:00Z,0.10310,0.10374,0.10306,0.10361,21472608
2023-11-30T11:00:00Z,0.10360,0.10418,0.10360,0.10418,24560125
2023-11-30T12:00:00Z,0.10417,0.10435,0.10379,0.10392,22982588
2023-11-30T13:00:00Z,0.10393,0.10403,0.10361,0.10372,19208128
2023-11-30T14:00:00Z,0.10373,0.10376,0.10348,0.10367,16761717
2023-11-30T15:00:00Z,0.10368,0.10371,0.10330,0.10341,13224449
2023-11-30T16:00:00Z,0.10341,0.10345,0.10326,0.10345,9985629
2023-11-30T17:00:00Z,0.10344,0.10358,0.10342,0.10354,8817633
2023-11-30T18:00:00Z,0.10354,0.10364,0.10343,0.10344,7544126
2023-11-30T19:00:00Z,0.10343,0.10355,0.10341,0.10344,5860137
2023-11-30T20:00:00Z,0.10343,0.10359,0.10342,0.10345,6026532
2023-11-30T21:00:00Z,0.10345,0.10359,0.10340,0.10358,5147848
2023-11-30T22:00:00Z,0.10357,0.10368,0.10351,0.10352,6559389
2023-11-30T23:00:00Z,0.10353,0.10357,0.10342,0.10350,8720596
2023-12-01T00:00:00Z,0.10350,0.10353,0.10320,0.10325,14813344
2023-12-01T01:00:00Z,0.10325,0.10387,0.10315,0.10383,21563236
2023-12-01T02:00:00Z,0.10382,0.10386,0.10367,0.10369,10023407
2023-12-01T03:00:00Z,0.10369,0.10369,0.10349,0.10365,10260567
2023-12-01T04:00:00Z,0.10365,0.10379,0.10362,0.10374,12824930
2023-12-01T05:00:00Z,0.10373,0.10376,0.10326,0.10335,15387447
2023-12-01T06:00:00Z,0.10335,0.10340,0.10322,0.10337,14778302
2023-12-01T07:00:00Z,0.10336,0.10364,0.10332,0.10354,16464710
2023-12-01T08:00:00Z,0.10353,0.10358,0.10341,0.10357,10683417
2023-12-01T09:00:00Z,0.10358,0.10419,0.10351,0.10414,32182142
2023-12-01T10:00:00Z,0.10415,0.10421,0.10391,0.10399,19477475
2023-12-01T11:00:00Z,0.10398,0.10415,0.10395,0.10410,12413969
2023-12-01T12:00:00Z,0.10409,0.10414,0.10374,0.10378,21605037
2023-12-01T13:00:00Z,0.10379,0.10385,0.10361,0.10368,15398326
2023-12-01T14:00:00Z,0.10367,0.10371,0.10268,0.10287,40123769
2023-12-01T15:00:00Z,0.10288,0.10309,0.10266,0.10269,30825909
2023-12-01T16:00:00Z,0.10269,0.10342,0.10265,0.10338,32251740
2023-12-01T17:00:00Z,0.10338,0.10344,0.10309,0.10312,13265651
2023-12-01T18:00:00Z,0.10313,0.10314,0.10288,0.10290,11582402
2023-12-01T19:00:00Z,0.10291,0.10323,0.10288,0.10322,11614669
2023-12-01T20:00:00Z,0.10322,0.10334,0.10318,0.10324,6633573
2023-12-01T21:00:00Z,0.10324,0.10337,0.10320,0.10326,6714602
2023-12-01T22:00:00Z,0.10326,0.10326,0.10312,0.10312,4317464
2023-12-01T23:00:00Z,0.10313,0.10323,0.10305,0.10306,9242613
2023-12-02T00:00:00Z,0.10306,0.10321,0.10293,0.10321,11883144
2023-12-02T01:00:00Z,0.10320,0.10337,0.10320,0.10323,5812937
2023-12-02T02:00:00Z,0.10323,0.10413,0.10316,0.10355,31308963
2023-12-02T03:00:00Z,0.10354,0.10356,0.10329,0.10334,9268025
2023-12-02T04:00:00Z,0.10334,0.10347,0.10325,0.10341,8631373
2023-12-02T05:00:00Z,0.10341,0.10342,0.10321,0.10323,6073393
2023-12-02T06:00:00Z,0.10324,0.10347,0.10322,0.10347,7002741
2023-12-02T07:00:00Z,0.10346,0.10351,0.10326,0.10327,9752790
2023-12-02T08:00:00Z,0.10328,0.10330,0.10306,0.10306,14465375
2023-12-02T09:00:00Z,0.10307,0.10309,0.10298,0.10298,10883006
2023-12-02T10:00:00Z,0.10298,0.10304,0.10289,0.10295,12525531
2023-12-02T11:00:00Z,0.10294,0.10295,0.10274,0.10280,12178897
2023-12-02T12:00:00Z,0.10281,0.10290,0.10273,0.10283,13264556
2023-12-02T13:00:00Z,0.10283,0.10312,0.10276,0.10278,18133211
2023-12-02T14:00:00Z,0.10278,0.10301,0.10256,0.10277,30148335
2023-12-02T15:00:00Z,0.10276,0.10287,0.10263,0.10267,15375119
2023-12-02T16:00:00Z,0.10266,0.10276,0.10221,0.10234,25011067
2023-12-02T17:00:00Z,0.10234,0.10250,0.10224,0.10248,11857232
2023-12-02T18:00:00Z,0.10248,0.10277,0.10244,0.10255,26349085
2023-12-02T19:00:00Z,0.10256,0.10322,0.10254,0.10307,42216795
2023-12-02T20:00:00Z,0.10308,0.10336,0.10303,0.10334,18715896
2023-12-02T21:00:00Z,0.10334,0.10341,0.10320,0.10326,14540484
2023-12-02T22:00:00Z,0.10326,0.10334,0.10281,0.10292,17009831
2023-12-02T23:00:00Z,0.10293,0.10331,0.10292,0.10319,10464734
2023-12-03T00:00:00Z,0.10318,0.10333,0.10307,0.10331,14637424
2023-12-03T01:00:00Z,0.10330,0.10357,0.10329,0.10350,13856234
2023-12-03T02:00:00Z,0.10351,0.10378,0.10342,0.10358,28140043
2023-12-03T03:00:00Z,0.10358,0.10358,0.10323,0.10344,16124475
2023-12-03T04:00:00Z,0.10344,0.10352,0.10336,0.10343,8162958
2023-12-03T05:00:00Z,0.10343,0.10352,0.10332,0.10341,9714408
2023-12-03T06:00:00Z,0.10342,0.10345,0.10316,0.10327,8318197
2023-12-03T07:00:00Z,0.10328,0.10345,0.10315,0.10343,11631258
2023-12-03T08:00:00Z,0.10343,0.10343,0.10302,0.10302,10961230
2023-12-03T09:00:00Z,0.10303,0.10326,0.10297,0.10326,11124968
2023-12-03T10:00:00Z,0.10326,0.10339,0.10315,0.10337,8430242
2023-12-03T11:00:00Z,0.10337,0.10340,0.10306,0.10331,12375318
2023-12-03T12:00:00Z,0.10331,0.10334,0.10280,0.10281,16989162
2023-12-03T13:00:00Z,0.10282,0.10313,0.10252,0.10298,27422213
2023-12-03T14:00:00Z,0.10298,0.10302,0.10267,0.10279,19418593
2023-12-03T15:00:00Z,0.10279,0.10304,0.10277,0.10292,13597110
2023-12-03T16:00:00Z,0.10292,0.10299,0.10282,0.10295,6918674
2023-12-03T17:00:00Z,0.10295,0.10296,0.10267,0.10284,9532234
2023-12-03T18:00:00Z,0.10285,0.10367,0.10283,0.10335,29220351
2023-12-03T19:00:00Z,0.10334,0.10348,0.10324,0.10337,9393345
2023-12-03T20:00:00Z,0.10337,0.10362,0.10328,0.10352,7763224
2023-12-03T21:00:00Z,0.10352,0.10385,0.10352,0.10379,19303099
2023-12-03T22:00:00Z,0.10380,0.10417,0.10338,0.10349,39863702
2023-12-03T23:00:00Z,0.10349,0.10355,0.10297,0.10313,21748535
2023-12-04T00:00:00Z,0.10313,0.10336,0.10308,0.10329,15256189
2023-12-04T01:00:00Z,0.10328,0.10410,0.10319,0.10379,38323988
2023-12-04T02:00:00Z,0.10378,0.10393,0.10360,0.10363,17108974
2023-12-04T03:00:00Z,0.10362,0.10371,0.10348,0.10357,18894285
2023-12-04T04:00:00Z,0.10357,0.10377,0.10350,0.10366,13812641
2023-12-04T05:00:00Z,0.10367,0.10435,0.10365,0.10409,40824722
2023-12-04T06:00:00Z,0.10408,0.10442,0.10402,0.10442,21482273
2023-12-04T07:00:00Z,0.10442,0.10460,0.10420,0.10437,20668266
2023-12-04T08:00:00Z,0.10438,0.10514,0.10430,0.10499,35574859
2023-12-04T09:00:00Z,0.10499,0.10611,0.10487,0.10495,91844138
2023-12-04T10:00:00Z,0.10496,0.10535,0.10492,0.10507,41615242
2023-12-04T11:00:00Z,0.10508,0.10510,0.10253,0.10336,125030626
2023-12-04T12:00:00Z,0.10337,0.10391,0.10322,0.10388,35840594
2023-12-04T13:00:00Z,0.10387,0.10393,0.10285,0.10287,34406043
2023-12-04T14:00:00Z,0.10287,0.10313,0.10201,0.10282,61430278
2023-12-04T15:00:00Z,0.10282,0.10292,0.10238,0.10262,24195322
2023-12-04T16:00:00Z,0.10262,0.10333,0.10257,0.10323,25329621
2023-12-04T17:00:00Z,0.10323,0.10330,0.10289,0.10302,16752967
2023-12-04T18:00:00Z,0.10303,0.10303,0.10279,0.10293,13384121
2023-12-04T19:00:00Z,0.10293,0.10312,0.10290,0.10306,11558253
2023-12-04T20:00:00Z,0.10305,0.10335,0.10300,0.10322,14364852
2023-12-04T21:00:00Z,0.10321,0.10350,0.10317,0.10345,11797978
2023-12-04T22:00:00Z,0.10345,0.10377,0.10324,0.10344,23974479
2023-12-04T23:00:00Z,0.10345,0.10397,0.10338,0.10396,15054227
2023-12-05T00:00:00Z,0.10396,0.10426,0.10383,0.10424,25155241
2023-12-05T01:00:00Z,0.10425,0.10433,0.10372,0.10387,27518168
2023-12-05T02:00:00Z,0.10388,0.10394,0.10288,0.10337,57288967
2023-12-05T03:00:00Z,0.10337,0.10349,0.10320,0.10331,13952542
2023-12-05T04:00:00Z,0.10331,0.10343,0.10305,0.10331,12268711
2023-12-05T05:00:00Z,0.10331,0.10361,0.10323,0.10356,11702782
2023-12-05T06:00:00Z,0.10356,0.10362,0.10315,0.10324,13104596
2023-12-05T07:00:00Z,0.10324,0.10324,0.10275,0.10300,33378050
2023-12-05T08:00:00Z,0.10300,0.10304,0.10253,0.10268,21517600
2023-12-05T09:00:00Z,0.10268,0.10309,0.10260,0.10299,12789983
2023-12-05T10:00:00Z,0.10299,0.10336,0.10272,0.10272,25849335
2023-12-05T11:00:00Z,0.10273,0.10294,0.10262,0.10284,16751335
2023-12-05T12:00:00Z,0.10284,0.10295,0.10264,0.10266,14253368
2023-12-05T13:00:00Z,0.10266,0.10285,0.10246,0.10268,18525461
2023-12-05T14:00:00Z,0.10268,0.10300,0.10257,0.10295,16452999
2023-12-05T15:00:00Z,0.10294,0.10324,0.10284,0.10312,17976886
2023-12-05T16:00:00Z,0.10312,0.10325,0.10280,0.10318,22930658
2023-12-05T17:00:00Z,0.10319,0.10384,0.10312,0.10352,44769531
2023-12-05T18:00:00Z,0.10352,0.10401,0.10345,0.10361,51686757
2023-12-05T19:00:00Z,0.10362,0.10371,0.10351,0.10365,13195889
2023-12-05T20:00:00Z,0.10365,0.10370,0.10338,0.10354,15071571
2023-12-05T21:00:00Z,0.10355,0.10369,0.10341,0.10362,11982757
2023-12-05T22:00:00Z,0.10362,0.10374,0.10352,0.10363,13383186
2023-12-05T23:00:00Z,0.10363,0.10384,0.10356,0.10358,14825560
2023-12-06T00:00:00Z,0.10359,0.10404,0.10358,0.10398,26498227
2023-12-06T01:00:00Z,0.10398,0.10407,0.10320,0.10373,36197533
2023-12-06T02:00:00Z,0.10373,0.10381,0.10318,0.10361,22403867
2023-12-06T03:00:00Z,0.10361,0.10362,0.10316,0.10335,14305900
2023-12-06T04:00:00Z,0.10335,0.10442,0.10325,0.10338,80718826
2023-12-06T05:00:00Z,0.10338,0.10357,0.10212,0.10284,73771427
2023-12-06T06:00:00Z,0.10284,0.10295,0.10243,0.10288,29655191
2023-12-06T07:00:00Z,0.10288,0.10310,0.10278,0.10303,17637917
2023-12-06T08:00:00Z,0.10302,0.10318,0.10293,0.10312,14090566
2023-12-06T09:00:00Z,0.10311,0.10339,0.10304,0.10333,18062660
2023-12-06T10:00:00Z,0.10332,0.10514,0.10332,0.10497,76472004
2023-12-06T11:00:00Z,0.10496,0.10623,0.10446,0.10483,170789557
2023-12-06T12:00:00Z,0.10483,0.10523,0.10453,0.10464,59148995
2023-12-06T13:00:00Z,0.10465,0.10520,0.10452,0.10484,28912741
2023-12-06T14:00:00Z,0.10483,0.10506,0.10457,0.10461,21178515
2023-12-06T15:00:00Z,0.10462,0.10523,0.10461,0.10496,24103766
2023-12-06T16:00:00Z,0.10496,0.10525,0.10489,0.10507,19999283
2023-12-06T17:00:00Z,0.10506,0.10583,0.10504,0.10534,39456460
2023-12-06T18:00:00Z,0.10534,0.10558,0.10523,0.10540,21877972
2023-12-06T19:00:00Z,0.10541,0.10556,0.10536,0.10552,9677786
2023-12-06T20:00:00Z,0.10552,0.10558,0.10511,0.10512,12828722
2023-12-06T21:00:00Z,0.10511,0.10582,0.10511,0.10540,22426566
2023-12-06T22:00:00Z,0.10539,0.10553,0.10481,0.10495,18586862
2023-12-06T23:00:00Z,0.10496,0.10497,0.10459,0.10475,20116430
2023-12-07T00:00:00Z,0.10475,0.10507,0.10443,0.10493,26521035
2023-12-07T01:00:00Z,0.10493,0.10498,0.10450,0.10453,12096999
2023-12-07T02:00:00Z,0.10454,0.10476,0.10445,0.10467,10230099
2023-12-07T03:00:00Z,0.10468,0.10510,0.10458,0.10508,11331862
2023-12-07T04:00:00Z,0.10508,0.10552,0.10500,0.10552,20064360
2023-12-07T05:00:00Z,0.10552,0.10570,0.10524,0.10527,17815869
2023-12-07T06:00:00Z,0.10528,0.10533,0.10473,0.10478,15808681
2023-12-07T07:00:00Z,0.10477,0.10495,0.10456,0.10483,17773960
2023-12-07T08:00:00Z,0.10482,0.10492,0.10440,0.10444,26991314
2023-12-07T09:00:00Z,0.10444,0.10445,0.10293,0.10352,89682565
2023-12-07T10:00:00Z,0.10353,0.10362,0.10312,0.10321,31439482
2023-12-07T11:00:00Z,0.10321,0.10345,0.10299,0.10312,27068776
2023-12-07T12:00:00Z,0.10312,0.10348,0.10296,0.10347,29584137
2023-12-07T13:00:00Z,0.10347,0.10352,0.10299,0.10306,18858481
2023-12-07T14:00:00Z,0.10307,0.10333,0.10298,0.10325,19063064
2023-12-07T15:00:00Z,0.10324,0.10393,0.10322,0.10379,38395212
2023-12-07T16:00:00Z,0.10379,0.10433,0.10350,0.10432,28472173
2023-12-07T17:00:00Z,0.10432,0.10434,0.10391,0.10411,23022576
2023-12-07T18:00:00Z,0.10412,0.10417,0.10376,0.10382,20179553
2023-12-07T19:00:00Z,0.10381,0.10391,0.10341,0.10371,20352252
2023-12-07T20:00:00Z,0.10370,0.10396,0.10361,0.10376,13845196
2023-12-07T21:00:00Z,0.10376,0.10433,0.10374,0.10432,17302126
2023-12-07T22:00:00Z,0.10431,0.10436,0.10378,0.10390,18467546
2023-12-07T23:00:00Z,0.10391,0.10426,0.10390,0.10420,13430347
2023-12-08T00:00:00Z,0.10420,0.10469,0.10416,0.10461,21054068
2023-12-08T01:00:00Z,0.10461,0.10499,0.10460,0.10471,22163102
2023-12-08T02:00:00Z,0.10471,0.10481,0.10455,0.10466,12530013
2023-12-08T03:00:00Z,0.10466,0.10504,0.10462,0.10486,16220302
2023-12-08T04:00:00Z,0.10485,0.10513,0.10483,0.10494,12536067
2023-12-08T05:00:00Z,0.10494,0.10536,0.10494,0.10536,16651469
2023-12-08T06:00:00Z,0.10536,0.10548,0.10522,0.10528,16061473
2023-12-08T07:00:00Z,0.10528,0.10596,0.10494,0.10580,80153874
2023-12-08T08:00:00Z,0.10579,0.10591,0.10550,0.10585,71080144
2023-12-08T09:00:00Z,0.10586,0.10651,0.10530,0.10579,164369336
2023-12-08T10:00:00Z,0.10580,0.10599,0.10570,0.10590,22687448
2023-12-08T11:00:00Z,0.10591,0.10618,0.10555,0.10557,26200273
2023-12-08T12:00:00Z,0.10557,0.10624,0.10546,0.10610,28661844
2023-12-08T13:00:00Z,0.10610,0.10619,0.10584,0.10587,32558238
2023-12-08T14:00:00Z,0.10588,0.10607,0.10574,0.10603,25372012
2023-12-08T15:00:00Z,0.10603,0.10616,0.10591,0.10598,17797238
2023-12-08T16:00:00Z,0.10598,0.10696,0.10598,0.10632,46413386
2023-12-08T17:00:00Z,0.10632,0.10662,0.10615,0.10649,31356182
2023-12-08T18:00:00Z,0.10648,0.10683,0.10644,0.10669,16641740
2023-12-08T19:00:00Z,0.10670,0.10699,0.10665,0.10696,12080329
2023-12-08T20:00:00Z,0.10696,0.10734,0.10693,0.10717,23322336
2023-12-08T21:00:00Z,0.10717,0.10722,0.10646,0.10667,28660244
2023-12-08T22:00:00Z,0.10666,0.10667,0.10642,0.10648,9969220
2023-12-08T23:00:00Z,0.10648,0.10679,0.10647,0.10671,10450243
2023-12-09T00:00:00Z,0.10670,0.10740,0.10667,0.10716,28936428
2023-12-09T01:00:00Z,0.10717,0.10734,0.10673,0.10726,30781092
2023-12-09T02:00:00Z,0.10726,0.10743,0.10706,0.10714,18323499
2023-12-09T03:00:00Z,0.10714,0.10770,0.10714,0.10758,16686201
2023-12-09T04:00:00Z,0.10758,0.10783,0.10747,0.10783,12562884
2023-12-09T05:00:00Z,0.10783,0.10860,0.10782,0.10824,40780801
2023-12-09T06:00:00Z,0.10824,0.10851,0.10812,0.10834,26426098
2023-12-09T07:00:00Z,0.10834,0.10862,0.10827,0.10858,13062393
2023-12-09T08:00:00Z,0.10857,0.10886,0.10688,0.10754,86451134
2023-12-09T09:00:00Z,0.10754,0.10807,0.10746,0.10761,38671797
2023-12-09T10:00:00Z,0.10761,0.10797,0.10761,0.10788,19908092
2023-12-09T11:00:00Z,0.10788,0.10810,0.10768,0.10786,21311734
2023-12-09T12:00:00Z,0.10786,0.10801,0.10749,0.10777,25194435
2023-12-09T13:00:00Z,0.10778,0.10820,0.10758,0.10809,31772793
2023-12-09T14:00:00Z,0.10808,0.10843,0.10728,0.10758,47274474
2023-12-09T15:00:00Z,0.10758,0.10770,0.10703,0.10762,38810589
2023-12-09T16:00:00Z,0.10763,0.10785,0.10719,0.10737,34919724
2023-12-09T17:00:00Z,0.10738,0.10747,0.10682,0.10722,39457514
2023-12-09T18:00:00Z,0.10723,0.10773,0.10698,0.10750,25929548
2023-12-09T19:00:00Z,0.10750,0.10779,0.10743,0.10750,15287254
2023-12-09T20:00:00Z,0.10749,0.10762,0.10713,0.10743,15490956
2023-12-09T21:00:00Z,0.10743,0.10754,0.10716,0.10735,10968093
2023-12-09T22:00:00Z,0.10735,0.10763,0.10725,0.10731,14157644
2023-12-09T23:00:00Z,0.10730,0.10744,0.10622,0.10666,49445899
2023-12-10T00:00:00Z,0.10665,0.10732,0.10638,0.10727,30961730
2023-12-10T01:00:00Z,0.10727,0.10732,0.10695,0.10714,15230317
2023-12-10T02:00:00Z,0.10714,0.10758,0.10707,0.10752,14420036
2023-12-10T03:00:00Z,0.10751,0.10770,0.10746,0.10761,13333586
2023-12-10T04:00:00Z,0.10762,0.10771,0.10740,0.10750,14045138
2023-12-10T05:00:00Z,0.10751,0.10770,0.10745,0.10767,7891472
2023-12-10T06:00:00Z,0.10767,0.10848,0.10762,0.10844,42150006
2023-12-10T07:00:00Z,0.10844,0.10858,0.10758,0.10803,36783928
2023-12-10T08:00:00Z,0.10804,0.10821,0.10726,0.10733,40416314
2023-12-10T09:00:00Z,0.10734,0.10758,0.10658,0.10659,36954430
2023-12-10T10:00:00Z,0.10659,0.10730,0.10656,0.10729,25565506
2023-12-10T11:00:00Z,0.10729,0.10736,0.10698,0.10699,17066432
2023-12-10T12:00:00Z,0.10700,0.10767,0.10699,0.10765,18168446
2023-12-10T13:00:00Z,0.10765,0.10828,0.10744,0.10757,52334854
2023-12-10T14:00:00Z,0.10757,0.10804,0.10755,0.10801,17338894
2023-12-10T15:00:00Z,0.10802,0.10823,0.10796,0.10801,15297918
2023-12-10T16:00:00Z,0.10800,0.10810,0.10766,0.10766,15839138
2023-12-10T17:00:00Z,0.10767,0.10780,0.10734,0.10767,35970925
2023-12-10T18:00:00Z,0.10766,0.10810,0.10766,0.10798,15500399
2023-12-10T19:00:00Z,0.10797,0.10804,0.10748,0.10775,17229402
2023-12-10T20:00:00Z,0.10774,0.10829,0.10774,0.10818,17275441
2023-12-10T21:00:00Z,0.10818,0.10823,0.10781,0.10784,13991922
2023-12-10T22:00:00Z,0.10784,0.10817,0.10759,0.10775,13798620
2023-12-10T23:00:00Z,0.10776,0.10791,0.10750,0.10791,11467641
2023-12-11T00:00:00Z,0.10790,0.10805,0.10768,0.10776,13452424
2023-12-11T01:00:00Z,0.10775,0.10776,0.10704,0.10736,37011080
2023-12-11T02:00:00Z,0.10737,0.10737,0.09886,0.10390,249116507
2023-12-11T03:00:00Z,0.10390,0.10449,0.10371,0.10436,42389741
2023-12-11T04:00:00Z,0.10436,0.10442,0.10389,0.10435,28802465
2023-12-11T05:00:00Z,0.10434,0.10451,0.10397,0.10449,28392263
2023-12-11T06:00:00Z,0.10449,0.10458,0.10380,0.10434,33164103
2023-12-11T07:00:00Z,0.10435,0.10463,0.10415,0.10462,21509972
2023-12-11T08:00:00Z,0.10463,0.10526,0.10456,0.10521,40190230
2023-12-11T09:00:00Z,0.10521,0.10585,0.10521,0.10556,38396634
2023-12-11T10:00:00Z,0.10556,0.10561,0.10518,0.10548,20709425
2023-12-11T11:00:00Z,0.10549,0.10592,0.10543,0.10573,21910997
2023-12-11T12:00:00Z,0.10574,0.10581,0.10537,0.10539,23158679
2023-12-11T13:00:00Z,0.10539,0.10546,0.10453,0.10458,55895419
2023-12-11T14:00:00Z,0.10458,0.10476,0.10414,0.10419,36189753
2023-12-11T15:00:00Z,0.10419,0.10481,0.10404,0.10471,24528984
2023-12-11T16:00:00Z,0.10471,0.10474,0.10413,0.10465,26473409
2023-12-11T17:00:00Z,0.10464,0.10465,0.10385,0.10394,18696642
2023-12-11T18:00:00Z,0.10394,0.10394,0.10244,0.10318,80880912
2023-12-11T19:00:00Z,0.10317,0.10318,0.10209,0.10294,50054557
2023-12-11T20:00:00Z,0.10293,0.10312,0.10284,0.10311,20900540
2023-12-11T21:00:00Z,0.10311,0.10364,0.10307,0.10362,30255151
2023-12-11T22:00:00Z,0.10362,0.10379,0.10354,0.10372,13399274
2023-12-11T23:00:00Z,0.10371,0.10385,0.10355,0.10379,10799821
2023-12-12T00:00:00Z,0.10379,0.10438,0.10369,0.10419,26468129
2023-12-12T01:00:00Z,0.10419,0.10458,0.10415,0.10449,16141930
2023-12-12T02:00:00Z,0.10449,0.10485,0.10449,0.10482,16694862
2023-12-12T03:00:00Z,0.10482,0.10500,0.10478,0.10496,13760432
2023-12-12T04:00:00Z,0.10496,0.10501,0.10441,0.10441,19027791
2023-12-12T05:00:00Z,0.10441,0.10489,0.10439,0.10471,13937382
2023-12-12T06:00:00Z,0.10472,0.10481,0.10432,0.10474,15603251
2023-12-12T07:00:00Z,0.10474,0.10503,0.10470,0.10501,14064885
2023-12-12T08:00:00Z,0.10502,0.10514,0.10478,0.10504,16586327
2023-12-12T09:00:00Z,0.10505,0.10505,0.10481,0.10483,11702743
2023-12-12T10:00:00Z,0.10483,0.10499,0.10454,0.10480,19466081
2023-12-12T11:00:00Z,0.10480,0.10485,0.10426,0.10428,14915087
2023-12-12T12:00:00Z,0.10428,0.10461,0.10411,0.10452,16723781
2023-12-12T13:00:00Z,0.10452,0.10462,0.10414,0.10446,22739796
2023-12-12T14:00:00Z,0.10446,0.10463,0.10361,0.10372,46795249
2023-12-12T15:00:00Z,0.10371,0.10387,0.10329,0.10357,41763926
2023-12-12T16:00:00Z,0.10356,0.10364,0.10301,0.10323,24062754
2023-12-12T17:00:00Z,0.10323,0.10323,0.10269,0.10291,25292007
2023-12-12T18:00:00Z,0.10291,0.10369,0.10287,0.10367,23802632
2023-12-12T19:00:00Z,0.10366,0.10383,0.10308,0.10347,19887548
2023-12-12T20:00:00Z,0.10347,0.10351,0.10309,0.10347,16244083
2023-12-12T21:00:00Z,0.10346,0.10360,0.10305,0.10308,13188418
2023-12-12T22:00:00Z,0.10308,0.10347,0.10299,0.10346,11816846
2023-12-12T23:00:00Z,0.10346,0.10382,0.10338,0.10356,21025609
2023-12-13T00:00:00Z,0.10356,0.10375,0.10350,0.10359,17449460
2023-12-13T01:00:00Z,0.10360,0.10363,0.10282,0.10285,31613243
2023-12-13T02:00:00Z,0.10285,0.10301,0.10248,0.10273,40226892
2023-12-13T03:00:00Z,0.10273,0.10278,0.10238,0.10244,19651809
2023-12-13T04:00:00Z,0.10245,0.10270,0.10226,0.10269,25813023
2023-12-13T05:00:00Z,0.10269,0.10273,0.10256,0.10263,13129338
2023-12-13T06:00:00Z,0.10263,0.10272,0.10175,0.10184,29767328
2023-12-13T07:00:00Z,0.10183,0.10263,0.10164,0.10259,34885572
2023-12-13T08:00:00Z,0.10259,0.10305,0.10255,0.10302,23625362
2023-12-13T09:00:00Z,0.10301,0.10304,0.10280,0.10302,13957550
2023-12-13T10:00:00Z,0.10303,0.10330,0.10291,0.10309,24232136
2023-12-13T11:00:00Z,0.10309,0.10327,0.10283,0.10286,19318654
2023-12-13T12:00:00Z,0.10286,0.10319,0.10281,0.10310,15907562
2023-12-13T13:00:00Z,0.10311,0.10344,0.10300,0.10310,22984699
2023-12-13T14:00:00Z,0.10310,0.10322,0.10295,0.10309,19066617
2023-12-13T15:00:00Z,0.10309,0.10363,0.10305,0.10359,28001909
2023-12-13T16:00:00Z,0.10359,0.10360,0.10305,0.10316,24945694
2023-12-13T17:00:00Z,0.10317,0.10344,0.10309,0.10336,12642633
2023-12-13T18:00:00Z,0.10335,0.10348,0.10325,0.10335,11585397
2023-12-13T19:00:00Z,0.10334,0.10399,0.10334,0.10396,25355617
2023-12-13T20:00:00Z,0.10395,0.10430,0.10383,0.10422,20691151
2023-12-13T21:00:00Z,0.10422,0.10425,0.10390,0.10411,21377118
2023-12-13T22:00:00Z,0.10412,0.10452,0.10403,0.10417,24740795
2023-12-13T23:00:00Z,0.10418,0.10430,0.10394,0.10428,16879112
2023-12-14T00:00:00Z,0.10428,0.10437,0.10411,0.10422,15388168
2023-12-14T01:00:00Z,0.10423,0.10435,0.10410,0.10424,12166257
2023-12-14T02:00:00Z,0.10425,0.10425,0.10400,0.10413,13286657
2023-12-14T03:00:00Z,0.10413,0.10422,0.10388,0.10397,11784907
2023-12-14T04:00:00Z,0.10397,0.10411,0.10391,0.10403,8651633
2023-12-14T05:00:00Z,0.10403,0.10433,0.10399,0.10429,10448595
2023-12-14T06:00:00Z,0.10429,0.10441,0.10416,0.10423,14309448
2023-12-14T07:00:00Z,0.10423,0.10435,0.10398,0.10430,10502761
2023-12-14T08:00:00Z,0.10429,0.10479,0.10422,0.10427,29102390
2023-12-14T09:00:00Z,0.10428,0.10500,0.10415,0.10485,32363705
2023-12-14T10:00:00Z,0.10484,0.10542,0.10481,0.10534,24594818
2023-12-14T11:00:00Z,0.10534,0.10552,0.10520,0.10551,17938701
2023-12-14T12:00:00Z,0.10552,0.10554,0.10510,0.10541,24524423
2023-12-14T13:00:00Z,0.10540,0.10546,0.10316,0.10532,89726666
2023-12-14T14:00:00Z,0.10532,0.10543,0.10481,0.10527,28531244
2023-12-14T15:00:00Z,0.10526,0.10555,0.10481,0.10528,41600289
2023-12-14T16:00:00Z,0.10528,0.10561,0.10524,0.10557,14207762
2023-12-14T17:00:00Z,0.10557,0.10583,0.10548,0.10556,18366550
2023-12-14T18:00:00Z,0.10557,0.10578,0.10541,0.10556,13034415
2023-12-14T19:00:00Z,0.10555,0.10576,0.10555,0.10561,8452496
2023-12-14T20:00:00Z,0.10560,0.10572,0.10541,0.10565,9933004
2023-12-14T21:00:00Z,0.10565,0.10589,0.10564,0.10587,14179747
2023-12-14T22:00:00Z,0.10587,0.10598,0.10581,0.10596,10071213
2023-12-14T23:00:00Z,0.10596,0.10610,0.10592,0.10604,9254509
2023-12-15T00:00:00Z,0.10604,0.10616,0.10584,0.10592,13623424
2023-12-15T01:00:00Z,0.10591,0.10599,0.10581,0.10592,9638884
2023-12-15T02:00:00Z,0.10591,0.10624,0.10588,0.10621,11783958
2023-12-15T03:00:00Z,0.10620,0.10636,0.10584,0.10595,17585156
2023-12-15T04:00:00Z,0.10595,0.10599,0.10565,0.10568,10576633
2023-12-15T05:00:00Z,0.10569,0.10573,0.10527,0.10530,13025976
2023-12-15T06:00:00Z,0.10531,0.10551,0.10528,0.10538,11539022
2023-12-15T07:00:00Z,0.10537,0.10548,0.10506,0.10518,11458828
2023-12-15T08:00:00Z,0.10518,0.10548,0.10466,0.10499,57343533
2023-12-15T09:00:00Z,0.10499,0.10512,0.10490,0.10492,10997102
2023-12-15T10:00:00Z,0.10491,0.10494,0.10466,0.10492,12054797
2023-12-15T11:00:00Z,0.10491,0.10495,0.10477,0.10480,11825577
2023-12-15T12:00:00Z,0.10480,0.10482,0.10429,0.10435,18040455
2023-12-15T13:00:00Z,0.10435,0.10435,0.10384,0.10386,22529638
2023-12-15T14:00:00Z,0.10387,0.10415,0.10355,0.10363,22208593
2023-12-15T15:00:00Z,0.10362,0.10371,0.10285,0.10313,36275900
2023-12-15T16:00:00Z,0.10312,0.10317,0.10269,0.10276,25187268
2023-12-15T17:00:00Z,0.10276,0.10317,0.10270,0.10271,24650151
2023-12-15T18:00:00Z,0.10270,0.10271,0.10243,0.10257,20722857
2023-12-15T19:00:00Z,0.10257,0.10259,0.10233,0.10238,13706109
2023-12-15T20:00:00Z,0.10238,0.10259,0.10215,0.10249,16960412
2023-12-15T21:00:00Z,0.10249,0.10259,0.10225,0.10235,19423560
2023-12-15T22:00:00Z,0.10235,0.10237,0.10174,0.10207,26892639
2023-12-15T23:00:00Z,0.10206,0.10208,0.10113,0.10145,44284693
2023-12-16T00:00:00Z,0.10146,0.10178,0.10092,0.10148,41749224
2023-12-16T01:00:00Z,0.10147,0.10181,0.10144,0.10173,17803365
2023-12-16T02:00:00Z,0.10174,0.10210,0.10174,0.10210,17768937
2023-12-16T03:00:00Z,0.10209,0.10226,0.10196,0.10217,14604393
2023-12-16T04:00:00Z,0.10217,0.10234,0.10203,0.10232,15207686
2023-12-16T05:00:00Z,0.10232,0.10257,0.10228,0.10251,12633792
2023-12-16T06:00:00Z,0.10250,0.10296,0.10243,0.10270,25285908
2023-12-16T07:00:00Z,0.10270,0.10301,0.10251,0.10299,10896985
2023-12-16T08:00:00Z,0.10300,0.10305,0.10269,0.10284,16734212
2023-12-16T09:00:00Z,0.10284,0.10330,0.10280,0.10311,29678745
2023-12-16T10:00:00Z,0.10310,0.10320,0.10269,0.10289,21663130
2023-12-16T11:00:00Z,0.10289,0.10313,0.10281,0.10302,17237040
2023-12-16T12:00:00Z,0.10303,0.10304,0.10264,0.10290,17719596
2023-12-16T13:00:00Z,0.10291,0.10302,0.10254,0.10265,19550190
2023-12-16T14:00:00Z,0.10266,0.10269,0.10224,0.10233,21732542
2023-12-16T15:00:00Z,0.10233,0.10258,0.10224,0.10257,11610962
2023-12-16T16:00:00Z,0.10257,0.10275,0.10244,0.10264,12111359
2023-12-16T17:00:00Z,0.10265,0.10275,0.10234,0.10263,16399225
2023-12-16T18:00:00Z,0.10262,0.10266,0.10225,0.10248,25513814
2023-12-16T19:00:00Z,0.10248,0.10265,0.10217,0.10227,23705302
2023-12-16T20:00:00Z,0.10227,0.10249,0.10213,0.10229,13791649
2023-12-16T21:00:00Z,0.10229,0.10251,0.10215,0.10229,15494075
2023-12-16T22:00:00Z,0.10230,0.10249,0.10203,0.10248,9944135
2023-12-16T23:00:00Z,0.10248,0.10303,0.10248,0.10273,24035536
2023-12-17T00:00:00Z,0.10272,0.10294,0.10271,0.10275,13127587
2023-12-17T01:00:00Z,0.10275,0.10303,0.10266,0.10283,16383595
2023-12-17T02:00:00Z,0.10282,0.10302,0.10261,0.10265,12570848
2023-12-17T03:00:00Z,0.10265,0.10278,0.10240,0.10271,13081436
2023-12-17T04:00:00Z,0.10271,0.10294,0.10270,0.10288,7195745
2023-12-17T05:00:00Z,0.10287,0.10289,0.10215,0.10238,13807532
2023-12-17T06:00:00Z,0.10238,0.10246,0.10192,0.10230,17755175
2023-12-17T07:00:00Z,0.10230,0.10232,0.10201,0.10208,9363207
2023-12-17T08:00:00Z,0.10208,0.10228,0.10189,0.10227,13831156
2023-12-17T09:00:00Z,0.10227,0.10355,0.10214,0.10311,35522617
2023-12-17T10:00:00Z,0.10310,0.10323,0.10296,0.10316,21168575
2023-12-17T11:00:00Z,0.10315,0.10317,0.10289,0.10300,12320295
2023-12-17T12:00:00Z,0.10301,0.10316,0.10293,0.10307,13365945
2023-12-17T13:00:00Z,0.10306,0.10314,0.10268,0.10285,14099607
2023-12-17T14:00:00Z,0.10286,0.10301,0.10260,0.10284,18924359
2023-12-17T15:00:00Z,0.10285,0.10318,0.10273,0.10318,14061596
2023-12-17T16:00:00Z,0.10318,0.10329,0.10304,0.10329,14791926
2023-12-17T17:00:00Z,0.10330,0.10338,0.10297,0.10304,14996734
2023-12-17T18:00:00Z,0.10305,0.10306,0.10251,0.10298,19607734
2023-12-17T19:00:00Z,0.10299,0.10302,0.10274,0.10278,4994816
2023-12-17T20:00:00Z,0.10278,0.10298,0.10278,0.10297,6541918
2023-12-17T21:00:00Z,0.10298,0.10298,0.10257,0.10263,5874321
2023-12-17T22:00:00Z,0.10263,0.10268,0.10220,0.10235,14981371
2023-12-17T23:00:00Z,0.10235,0.10238,0.10182,0.10193,23101374
2023-12-18T00:00:00Z,0.10194,0.10198,0.10140,0.10162,36554508
2023-12-18T01:00:00Z,0.10163,0.10178,0.10083,0.10085,52796730
2023-12-18T02:00:00Z,0.10086,0.10091,0.09975,0.09988,73459408
2023-12-18T03:00:00Z,0.09987,0.10052,0.09978,0.10033,34526871
2023-12-18T04:00:00Z,0.10032,0.10043,0.10014,0.10041,22324264
2023-12-18T05:00:00Z,0.10040,0.10063,0.10006,0.10007,15023523
2023-12-18T06:00:00Z,0.10008,0.10080,0.09987,0.10077,24396169
2023-12-18T07:00:00Z,0.10077,0.10085,0.09991,0.10001,30291499
2023-12-18T08:00:00Z,0.10001,0.10031,0.09968,0.10020,26468893
2023-12-18T09:00:00Z,0.10020,0.10023,0.09881,0.09928,73108348
2023-12-18T10:00:00Z,0.09928,0.09928,0.09722,0.09848,130406122
2023-12-18T11:00:00Z,0.09848,0.09893,0.09832,0.09869,31420104
2023-12-18T12:00:00Z,0.09869,0.09886,0.09818,0.09819,26122761
2023-12-18T13:00:00Z,0.09820,0.09952,0.09819,0.09947,55417813
2023-12-18T14:00:00Z,0.09947,0.09976,0.09931,0.09938,22066218
2023-12-18T15:00:00Z,0.09939,0.09984,0.09918,0.09924,30286801
2023-12-18T16:00:00Z,0.09925,0.09951,0.09902,0.09950,15437311
2023-12-18T17:00:00Z,0.09950,0.09994,0.09949,0.09964,17773236
2023-12-18T18:00:00Z,0.09964,0.09975,0.09948,0.09975,12018011
2023-12-18T19:00:00Z,0.09975,0.09994,0.09974,0.09988,13349504
2023-12-18T20:00:00Z,0.09988,0.10038,0.09966,0.10027,27869195
2023-12-18T21:00:00Z,0.10026,0.10077,0.10024,0.10075,16993025
2023-12-18T22:00:00Z,0.10074,0.10087,0.10067,0.10074,13079801
2023-12-18T23:00:00Z,0.10074,0.10097,0.10073,0.10088,8131042
2023-12-19T00:00:00Z,0.10088,0.10107,0.10073,0.10100,16781844
2023-12-19T01:00:00Z,0.10100,0.10144,0.10090,0.10143,16837461
2023-12-19T02:00:00Z,0.10143,0.10157,0.10127,0.10127,17988309
2023-12-19T03:00:00Z,0.10127,0.10128,0.10106,0.10114,9356231
2023-12-19T04:00:00Z,0.10115,0.10126,0.10101,0.10118,10126991
2023-12-19T05:00:00Z,0.10118,0.10160,0.10115,0.10136,18522814
2023-12-19T06:00:00Z,0.10135,0.10145,0.10122,0.10125,15404727
2023-12-19T07:00:00Z,0.10126,0.10146,0.10121,0.10143,13682084
2023-12-19T08:00:00Z,0.10143,0.10147,0.10107,0.10112,15035531
2023-12-19T09:00:00Z,0.10113,0.10123,0.10096,0.10106,17529146
2023-12-19T10:00:00Z,0.10107,0.10130,0.10098,0.10118,13400907
2023-12-19T11:00:00Z,0.10119,0.10124,0.10108,0.10108,6104570
2023-12-19T12:00:00Z,0.10109,0.10154,0.10108,0.10119,17635457
2023-12-19T13:00:00Z,0.10118,0.10125,0.10104,0.10114,10635852
2023-12-19T14:00:00Z,0.10114,0.10117,0.10036,0.10041,37731726
2023-12-19T15:00:00Z,0.10042,0.10089,0.10035,0.10075,15186239
2023-12-19T16:00:00Z,0.10075,0.10078,0.10058,0.10067,17316569
2023-12-19T17:00:00Z,0.10068,0.10071,0.10002,0.10004,38100261
2023-12-19T18:00:00Z,0.10004,0.10037,0.09993,0.10036,16406354
2023-12-19T19:00:00Z,0.10037,0.10064,0.10033,0.10049,12011978
2023-12-19T20:00:00Z,0.10049,0.10065,0.10032,0.10049,11778569
2023-12-19T21:00:00Z,0.10049,0.10074,0.10049,0.10062,11386684
2023-12-19T22:00:00Z,0.10062,0.10064,0.10032,0.10049,10476663
2023-12-19T23:00:00Z,0.10050,0.10057,0.10031,0.10055,10475467
2023-12-20T00:00:00Z,0.10054,0.10092,0.10054,0.10091,13128434
2023-12-20T01:00:00Z,0.10092,0.10106,0.10050,0.10071,14854933
2023-12-20T02:00:00Z,0.10071,0.10096,0.10053,0.10095,12688008
2023-12-20T03:00:00Z,0.10095,0.10126,0.10089,0.10112,10891060
2023-12-20T04:00:00Z,0.10111,0.10168,0.10106,0.10148,22037868
2023-12-20T05:00:00Z,0.10148,0.10164,0.10145,0.10164,10412506
2023-12-20T06:00:00Z,0.10163,0.10202,0.10162,0.10182,18835091
2023-12-20T07:00:00Z,0.10183,0.10201,0.10177,0.10199,12479266
2023-12-20T08:00:00Z,0.10199,0.10216,0.10184,0.10202,16146829
2023-12-20T09:00:00Z,0.10203,0.10232,0.10202,0.10231,14125355
2023-12-20T10:00:00Z,0.10231,0.10234,0.10211,0.10215,11164377
2023-12-20T11:00:00Z,0.10215,0.10241,0.10210,0.10241,10784494
2023-12-20T12:00:00Z,0.10240,0.10266,0.10225,0.10243,29545965
2023-12-20T13:00:00Z,0.10242,0.10299,0.10240,0.10295,23062207
2023-12-20T14:00:00Z,0.10295,0.10327,0.10264,0.10270,28864278
2023-12-20T15:00:00Z,0.10269,0.10317,0.10263,0.10300,19071645
2023-12-20T16:00:00Z,0.10300,0.10319,0.10283,0.10299,19647418
2023-12-20T17:00:00Z,0.10300,0.10333,0.10299,0.10328,15033087
2023-12-20T18:00:00Z,0.10327,0.10329,0.10316,0.10324,8726250
2023-12-20T19:00:00Z,0.10324,0.10329,0.10294,0.10298,14320858
2023-12-20T20:00:00Z,0.10297,0.10297,0.10234,0.10266,38603361
2023-12-20T21:00:00Z,0.10267,0.10292,0.10236,0.10265,14261064
2023-12-20T22:00:00Z,0.10264,0.10286,0.10240,0.10254,21946637
2023-12-20T23:00:00Z,0.10254,0.10274,0.10239,0.10273,15690502
2023-12-21T00:00:00Z,0.10272,0.10336,0.10239,0.10286,34369174
2023-12-21T01:00:00Z,0.10286,0.10347,0.10268,0.10326,22773316
2023-12-21T02:00:00Z,0.10325,0.10370,0.10317,0.10368,18324612
2023-12-21T03:00:00Z,0.10368,0.10387,0.10349,0.10355,13311847
2023-12-21T04:00:00Z,0.10356,0.10394,0.10352,0.10386,15916347
2023-12-21T05:00:00Z,0.10386,0.10393,0.10361,0.10364,11693351
2023-12-21T06:00:00Z,0.10365,0.10376,0.10338,0.10376,14013863
2023-12-21T07:00:00Z,0.10376,0.10391,0.10365,0.10391,8723116
2023-12-21T08:00:00Z,0.10390,0.10436,0.10387,0.10416,22518987
2023-12-21T09:00:00Z,0.10417,0.10438,0.10396,0.10426,18519334
2023-12-21T10:00:00Z,0.10425,0.10451,0.10421,0.10444,12454160
2023-12-21T11:00:00Z,0.10445,0.10510,0.10444,0.10467,51200167
2023-12-21T12:00:00Z,0.10467,0.10505,0.10449,0.10453,29781815
2023-12-21T13:00:00Z,0.10454,0.10455,0.10432,0.10444,15206381
2023-12-21T14:00:00Z,0.10445,0.10452,0.10380,0.10389,34323811
2023-12-21T15:00:00Z,0.10390,0.10425,0.10358,0.10422,23491162
2023-12-21T16:00:00Z,0.10422,0.10450,0.10405,0.10429,14514302
2023-12-21T17:00:00Z,0.10429,0.10468,0.10410,0.10430,16272848
2023-12-21T18:00:00Z,0.10431,0.10454,0.10417,0.10425,15752231
2023-12-21T19:00:00Z,0.10425,0.10457,0.10401,0.10439,19903142
2023-12-21T20:00:00Z,0.10439,0.10478,0.10437,0.10466,17655668
2023-12-21T21:00:00Z,0.10467,0.10472,0.10446,0.10470,9191604
2023-12-21T22:00:00Z,0.10470,0.10478,0.10460,0.10471,8148002
2023-12-21T23:00:00Z,0.10471,0.10472,0.10451,0.10469,8896293
2023-12-22T00:00:00Z,0.10469,0.10494,0.10451,0.10484,17158529
2023-12-22T01:00:00Z,0.10484,0.10504,0.10482,0.10485,11045346
2023-12-22T02:00:00Z,0.10485,0.10486,0.10420,0.10425,21914815
2023-12-22T03:00:00Z,0.10426,0.10438,0.10410,0.10420,11227374
2023-12-22T04:00:00Z,0.10420,0.10440,0.10416,0.10437,12641225
2023-12-22T05:00:00Z,0.10437,0.10447,0.10420,0.10430,11934414
2023-12-22T06:00:00Z,0.10431,0.10503,0.10407,0.10426,43648565
2023-12-22T07:00:00Z,0.10426,0.10491,0.10380,0.10448,61618521
2023-12-22T08:00:00Z,0.10448,0.10476,0.10434,0.10472,29749330
2023-12-22T09:00:00Z,0.10472,0.10473,0.10403,0.10444,28130815
2023-12-22T10:00:00Z,0.10443,0.10460,0.10429,0.10449,13023435
2023-12-22T11:00:00Z,0.10449,0.10458,0.10441,0.10442,5961403
2023-12-22T12:00:00Z,0.10441,0.10446,0.10422,0.10428,12199572
2023-12-22T13:00:00Z,0.10428,0.10449,0.10419,0.10447,8173952
2023-12-22T14:00:00Z,0.10447,0.10463,0.10391,0.10461,19308910
2023-12-22T15:00:00Z,0.10461,0.10464,0.10425,0.10452,11120437
2023-12-22T16:00:00Z,0.10451,0.10473,0.10442,0.10460,14863441
2023-12-22T17:00:00Z,0.10459,0.10485,0.10459,0.10483,9020570
2023-12-22T18:00:00Z,0.10483,0.10500,0.10480,0.10494,9486476
2023-12-22T19:00:00Z,0.10495,0.10496,0.10470,0.10478,10746535
2023-12-22T20:00:00Z,0.10478,0.10505,0.10478,0.10502,8788126
2023-12-22T21:00:00Z,0.10503,0.10508,0.10491,0.10500,6550805
2023-12-22T22:00:00Z,0.10499,0.10504,0.10483,0.10488,8743413
2023-12-22T23:00:00Z,0.10488,0.10523,0.10485,0.10522,8566129
2023-12-23T00:00:00Z,0.10522,0.10550,0.10504,0.10528,20282074
2023-12-23T01:00:00Z,0.10528,0.10538,0.10432,0.10440,33628850
2023-12-23T02:00:00Z,0.10440,0.10456,0.10428,0.10431,20715524
2023-12-23T03:00:00Z,0.10431,0.10441,0.10410,0.10421,13107295
2023-12-23T04:00:00Z,0.10421,0.10442,0.10398,0.10438,16289915
2023-12-23T05:00:00Z,0.10439,0.10454,0.10433,0.10453,6335252
2023-12-23T06:00:00Z,0.10453,0.10493,0.10449,0.10488,13508285
2023-12-23T07:00:00Z,0.10487,0.10492,0.10459,0.10472,18960615
2023-12-23T08:00:00Z,0.10471,0.10520,0.10470,0.10518,14711915
2023-12-23T09:00:00Z,0.10518,0.10543,0.10511,0.10536,15115745
2023-12-23T10:00:00Z,0.10536,0.10538,0.10509,0.10531,15965377
2023-12-23T11:00:00Z,0.10532,0.10573,0.10525,0.10560,21181282
2023-12-23T12:00:00Z,0.10561,0.10610,0.10560,0.10596,26178578
2023-12-23T13:00:00Z,0.10596,0.10603,0.10560,0.10586,15112993
2023-12-23T14:00:00Z,0.10587,0.10627,0.10579,0.10626,20033500
2023-12-23T15:00:00Z,0.10627,0.10631,0.10570,0.10605,24147013
2023-12-23T16:00:00Z,0.10605,0.10679,0.10604,0.10624,47306445
2023-12-23T17:00:00Z,0.10625,0.10672,0.10623,0.10641,17219266
2023-12-23T18:00:00Z,0.10642,0.10676,0.10630,0.10670,13037285
2023-12-23T19:00:00Z,0.10671,0.10679,0.10653,0.10664,11613541
2023-12-23T20:00:00Z,0.10665,0.10674,0.10640,0.10654,14387415
2023-12-23T21:00:00Z,0.10654,0.10705,0.10645,0.10695,16245376
2023-12-23T22:00:00Z,0.10696,0.10707,0.10671,0.10680,15987559
2023-12-23T23:00:00Z,0.10680,0.10692,0.10674,0.10687,14563046
2023-12-24T00:00:00Z,0.10687,0.10691,0.10637,0.10680,21402983
2023-12-24T01:00:00Z,0.10680,0.10706,0.10675,0.10683,13271234
2023-12-24T02:00:00Z,0.10684,0.10720,0.10673,0.10689,22853788
2023-12-24T03:00:00Z,0.10690,0.10694,0.10672,0.10692,11897748
2023-12-24T04:00:00Z,0.10691,0.10715,0.10674,0.10680,14901285
2023-12-24T05:00:00Z,0.10681,0.10682,0.10544,0.10608,41883954
2023-12-24T06:00:00Z,0.10608,0.10626,0.10582,0.10621,22168469
2023-12-24T07:00:00Z,0.10621,0.10638,0.10607,0.10631,11651304
2023-12-24T08:00:00Z,0.10632,0.10633,0.10613,0.10631,11234699
2023-12-24T09:00:00Z,0.10631,0.10639,0.10616,0.10632,9236167
2023-12-24T10:00:00Z,0.10633,0.10636,0.10541,0.10588,30492523
2023-12-24T11:00:00Z,0.10587,0.10634,0.10582,0.10604,22161091
2023-12-24T12:00:00Z,0.10604,0.10618,0.10583,0.10618,12138725
2023-12-24T13:00:00Z,0.10617,0.10652,0.10610,0.10645,12973730
2023-12-24T14:00:00Z,0.10645,0.10673,0.10626,0.10633,19790843
2023-12-24T15:00:00Z,0.10634,0.10676,0.10633,0.10668,15455819
2023-12-24T16:00:00Z,0.10667,0.10750,0.10654,0.10749,24496517
2023-12-24T17:00:00Z,0.10750,0.10762,0.10700,0.10741,26175424
2023-12-24T18:00:00Z,0.10741,0.10755,0.10729,0.10753,12095808
2023-12-24T19:00:00Z,0.10753,0.10758,0.10738,0.10746,12461439
2023-12-24T20:00:00Z,0.10746,0.10751,0.10715,0.10737,24815298
2023-12-24T21:00:00Z,0.10736,0.10762,0.10705,0.10733,28579902
2023-12-24T22:00:00Z,0.10733,0.10736,0.10586,0.10614,71062180
2023-12-24T23:00:00Z,0.10615,0.10656,0.10598,0.10628,18911867
2023-12-25T00:00:00Z,0.10628,0.10748,0.10628,0.10693,61231639
2023-12-25T01:00:00Z,0.10693,0.10752,0.10692,0.10743,24287922
2023-12-25T02:00:00Z,0.10742,0.10804,0.10701,0.10791,39375213
2023-12-25T03:00:00Z,0.10791,0.10808,0.10757,0.10789,29492423
2023-12-25T04:00:00Z,0.10788,0.10806,0.10788,0.10802,13051848
2023-12-25T05:00:00Z,0.10802,0.10813,0.10771,0.10802,14714365
2023-12-25T06:00:00Z,0.10802,0.10810,0.10793,0.10806,7633104
2023-12-25T07:00:00Z,0.10806,0.10810,0.10767,0.10782,16336925
2023-12-25T08:00:00Z,0.10782,0.10868,0.10776,0.10815,36712322
2023-12-25T09:00:00Z,0.10814,0.10855,0.10803,0.10827,20575991
2023-12-25T10:00:00Z,0.10827,0.10836,0.10750,0.10765,35106514
2023-12-25T11:00:00Z,0.10765,0.10784,0.10751,0.10757,14459458
2023-12-25T12:00:00Z,0.10757,0.10801,0.10734,0.10789,26617302
2023-12-25T13:00:00Z,0.10789,0.10820,0.10771,0.10820,15700929
2023-12-25T14:00:00Z,0.10819,0.10819,0.10769,0.10780,18868564
2023-12-25T15:00:00Z,0.10780,0.10793,0.10750,0.10767,21150988
2023-12-25T16:00:00Z,0.10767,0.10775,0.10673,0.10678,48548853
2023-12-25T17:00:00Z,0.10678,0.10690,0.10610,0.10647,44320380
2023-12-25T18:00:00Z,0.10648,0.10680,0.10622,0.10640,29290504
2023-12-25T19:00:00Z,0.10639,0.10658,0.10618,0.10622,17093839
2023-12-25T20:00:00Z,0.10623,0.10625,0.10555,0.10619,33531738
2023-12-25T21:00:00Z,0.10619,0.10623,0.10568,0.10615,19415926
2023-12-25T22:00:00Z,0.10614,0.10645,0.10601,0.10621,14295676
2023-12-25T23:00:00Z,0.10621,0.10626,0.10589,0.10595,14210677
2023-12-26T00:00:00Z,0.10595,0.10607,0.10552,0.10573,20066869
2023-12-26T01:00:00Z,0.10573,0.10664,0.10498,0.10634,77024784
2023-12-26T02:00:00Z,0.10635,0.10672,0.10612,0.10634,24705445
2023-12-26T03:00:00Z,0.10635,0.10650,0.10601,0.10625,11578281
2023-12-26T04:00:00Z,0.10626,0.10630,0.10597,0.10617,8710036
2023-12-26T05:00:00Z,0.10617,0.10620,0.10452,0.10480,82563966
2023-12-26T06:00:00Z,0.10480,0.10499,0.10424,0.10436,44581866
2023-12-26T07:00:00Z,0.10436,0.10502,0.10411,0.10499,30910375
2023-12-26T08:00:00Z,0.10500,0.10520,0.10471,0.10503,23790809
2023-12-26T09:00:00Z,0.10503,0.10504,0.10405,0.10446,32155317
2023-12-26T10:00:00Z,0.10447,0.10483,0.10435,0.10473,16095420
2023-12-26T11:00:00Z,0.10472,0.10485,0.10446,0.10481,15730676
2023-12-26T12:00:00Z,0.10481,0.10495,0.10457,0.10494,15615930
2023-12-26T13:00:00Z,0.10494,0.10519,0.10492,0.10506,17269777
2023-12-26T14:00:00Z,0.10505,0.10560,0.10444,0.10466,84334505
2023-12-26T15:00:00Z,0.10467,0.10479,0.10352,0.10358,72386201
2023-12-26T16:00:00Z,0.10357,0.10406,0.10339,0.10382,34570229
2023-12-26T17:00:00Z,0.10382,0.10386,0.10000,0.10255,145637773
2023-12-26T18:00:00Z,0.10255,0.10283,0.10214,0.10278,34798650
2023-12-26T19:00:00Z,0.10279,0.10294,0.10259,0.10282,15784042
2023-12-26T20:00:00Z,0.10281,0.10304,0.10269,0.10289,15118257
2023-12-26T21:00:00Z,0.10288,0.10319,0.10283,0.10309,11322463
2023-12-26T22:00:00Z,0.10309,0.10341,0.10307,0.10327,14761414
2023-12-26T23:00:00Z,0.10327,0.10329,0.10291,0.10308,9640584
2023-12-27T00:00:00Z,0.10309,0.10342,0.10306,0.10333,19381167
2023-12-27T01:00:00Z,0.10333,0.10344,0.10328,0.10341,10031485
2023-12-27T02:00:00Z,0.10341,0.10342,0.10272,0.10282,33581515
2023-12-27T03:00:00Z,0.10282,0.10313,0.10239,0.10247,30850314
2023-12-27T04:00:00Z,0.10248,0.10268,0.10239,0.10244,20195765
2023-12-27T05:00:00Z,0.10245,0.10331,0.10235,0.10313,46863070
2023-12-27T06:00:00Z,0.10313,0.10337,0.10306,0.10328,16644755
2023-12-27T07:00:00Z,0.10327,0.10352,0.10317,0.10343,19689753
2023-12-27T08:00:00Z,0.10343,0.10391,0.10328,0.10386,25843264
2023-12-27T09:00:00Z,0.10385,0.10417,0.10377,0.10408,18032848
2023-12-27T10:00:00Z,0.10408,0.10437,0.10398,0.10433,20548450
2023-12-27T11:00:00Z,0.10433,0.10447,0.10413,0.10439,18025384
2023-12-27T12:00:00Z,0.10439,0.10459,0.10421,0.10447,21445462
2023-12-27T13:00:00Z,0.10448,0.10487,0.10416,0.10422,52270357
2023-12-27T14:00:00Z,0.10421,0.10457,0.10385,0.10435,44630831
2023-12-27T15:00:00Z,0.10434,0.10490,0.10413,0.10480,39139902
2023-12-27T16:00:00Z,0.10481,0.10506,0.10453,0.10497,26427073
2023-12-27T17:00:00Z,0.10498,0.10514,0.10462,0.10502,22423466
2023-12-27T18:00:00Z,0.10502,0.10530,0.10493,0.10527,14107234
2023-12-27T19:00:00Z,0.10527,0.10529,0.10500,0.10507,10968393
2023-12-27T20:00:00Z,0.10507,0.10542,0.10507,0.10537,11313608
2023-12-27T21:00:00Z,0.10536,0.10549,0.10530,0.10539,11008512
2023-12-27T22:00:00Z,0.10539,0.10550,0.10507,0.10508,12443119
2023-12-27T23:00:00Z,0.10508,0.10547,0.10508,0.10542,12428425
2023-12-28T00:00:00Z,0.10543,0.10628,0.10526,0.10582,46910726
2023-12-28T01:00:00Z,0.10582,0.10594,0.10554,0.10572,26834360
2023-12-28T02:00:00Z,0.10573,0.10601,0.10558,0.10583,20832449
2023-12-28T03:00:00Z,0.10583,0.10602,0.10541,0.10570,17854863
2023-12-28T04:00:00Z,0.10570,0.10600,0.10554,0.10577,18341507
2023-12-28T05:00:00Z,0.10578,0.10592,0.10557,0.10581,20242728
2023-12-28T06:00:00Z,0.10581,0.10588,0.10516,0.10537,19862644
2023-12-28T07:00:00Z,0.10537,0.10564,0.10518,0.10555,24474623
2023-12-28T08:00:00Z,0.10555,0.10592,0.10547,0.10567,16626951
2023-12-28T09:00:00Z,0.10567,0.10605,0.10557,0.10592,11734977
2023-12-28T10:00:00Z,0.10592,0.10645,0.10592,0.10643,20950069
2023-12-28T11:00:00Z,0.10642,0.10647,0.10615,0.10634,13091732
2023-12-28T12:00:00Z,0.10634,0.10650,0.10541,0.10548,34301750
2023-12-28T13:00:00Z,0.10548,0.10650,0.10523,0.10612,42770306
2023-12-28T14:00:00Z,0.10612,0.10616,0.10430,0.10481,106865200
2023-12-28T15:00:00Z,0.10481,0.10522,0.10459,0.10502,30212259
2023-12-28T16:00:00Z,0.10502,0.10522,0.10482,0.10498,18179691
2023-12-28T17:00:00Z,0.10498,0.10528,0.10495,0.10512,12552495
2023-12-28T18:00:00Z,0.10511,0.10542,0.10500,0.10530,11438238
2023-12-28T19:00:00Z,0.10529,0.10547,0.10522,0.10540,8567930
2023-12-28T20:00:00Z,0.10540,0.10546,0.10493,0.10529,12565028
2023-12-28T21:00:00Z,0.10529,0.10549,0.10505,0.10526,11862862
2023-12-28T22:00:00Z,0.10526,0.10564,0.10517,0.10559,10328585
2023-12-28T23:00:00Z,0.10559,0.10586,0.10547,0.10549,14309058
2023-12-29T00:00:00Z,0.10550,0.10579,0.10476,0.10500,30903258
2023-12-29T01:00:00Z,0.10500,0.10532,0.10452,0.10501,41310185
2023-12-29T02:00:00Z,0.10500,0.10523,0.10490,0.10521,13831170
2023-12-29T03:00:00Z,0.10522,0.10561,0.10522,0.10560,12999526
2023-12-29T04:00:00Z,0.10561,0.10566,0.10544,0.10564,9911815
2023-12-29T05:00:00Z,0.10564,0.10585,0.10545,0.10582,9256728
2023-12-29T06:00:00Z,0.10582,0.10597,0.10572,0.10593,11730309
2023-12-29T07:00:00Z,0.10593,0.10615,0.10534,0.10549,22639632
2023-12-29T08:00:00Z,0.10548,0.10620,0.10545,0.10614,18447108
2023-12-29T09:00:00Z,0.10613,0.10633,0.10604,0.10626,16737359
2023-12-29T10:00:00Z,0.10625,0.10636,0.10580,0.10587,18099872
2023-12-29T11:00:00Z,0.10587,0.10680,0.10586,0.10634,40746720
2023-12-29T12:00:00Z,0.10634,0.10646,0.10614,0.10629,18126881
2023-12-29T13:00:00Z,0.10630,0.10678,0.10627,0.10655,24363798
2023-12-29T14:00:00Z,0.10655,0.10686,0.10644,0.10682,14068365
2023-12-29T15:00:00Z,0.10682,0.10683,0.10543,0.10578,56077471
2023-12-29T16:00:00Z,0.10579,0.10614,0.10469,0.10486,70559516
2023-12-29T17:00:00Z,0.10486,0.10512,0.10471,0.10496,25148681
2023-12-29T18:00:00Z,0.10496,0.10552,0.10488,0.10551,13383162
2023-12-29T19:00:00Z,0.10551,0.10565,0.10535,0.10563,7190438
2023-12-29T20:00:00Z,0.10563,0.10568,0.10547,0.10566,8459267
2023-12-29T21:00:00Z,0.10566,0.10585,0.10544,0.10555,10527026
2023-12-29T22:00:00Z,0.10555,0.10556,0.10464,0.10534,26885449
2023-12-29T23:00:00Z,0.10535,0.10571,0.10534,0.10569,9075710
2023-12-30T00:00:00Z,0.10569,0.10612,0.10559,0.10599,27583875
2023-12-30T01:00:00Z,0.10600,0.10620,0.10599,0.10620,9205624
2023-12-30T02:00:00Z,0.10619,0.10635,0.10603,0.10615,15248909
2023-12-30T03:00:00Z,0.10616,0.10639,0.10602,0.10636,18678459
2023-12-30T04:00:00Z,0.10636,0.10735,0.10635,0.10660,74847068
2023-12-30T05:00:00Z,0.10660,0.10679,0.10650,0.10665,13627632
2023-12-30T06:00:00Z,0.10666,0.10667,0.10642,0.10656,11754132
2023-12-30T07:00:00Z,0.10655,0.10666,0.10641,0.10655,12128734
2023-12-30T08:00:00Z,0.10654,0.10659,0.10530,0.10536,45660055
2023-12-30T09:00:00Z,0.10537,0.10568,0.10508,0.10548,24136304
2023-12-30T10:00:00Z,0.10548,0.10572,0.10531,0.10569,11516961
2023-12-30T11:00:00Z,0.10569,0.10588,0.10565,0.10581,12144816
2023-12-30T12:00:00Z,0.10580,0.10611,0.10577,0.10601,14695529
2023-12-30T13:00:00Z,0.10600,0.10605,0.10557,0.10592,13531460
2023-12-30T14:00:00Z,0.10592,0.10616,0.10583,0.10611,14973939
2023-12-30T15:00:00Z,0.10610,0.10623,0.10574,0.10611,14233378
2023-12-30T16:00:00Z,0.10610,0.10624,0.10595,0.10608,13422238
2023-12-30T17:00:00Z,0.10608,0.10628,0.10588,0.10625,12619926
2023-12-30T18:00:00Z,0.10624,0.10636,0.10593,0.10612,12909966
2023-12-30T19:00:00Z,0.10613,0.10619,0.10599,0.10608,8630718
2023-12-30T20:00:00Z,0.10608,0.10619,0.10592,0.10600,10210579
2023-12-30T21:00:00Z,0.10600,0.10609,0.10591,0.10603,7590558
2023-12-30T22:00:00Z,0.10602,0.10611,0.10582,0.10591,9475243
2023-12-30T23:00:00Z,0.10591,0.10611,0.10589,0.10598,10935622
2023-12-31T00:00:00Z,0.10599,0.10617,0.10591,0.10616,12677032
2023-12-31T01:00:00Z,0.10616,0.10624,0.10597,0.10605,7628547
2023-12-31T02:00:00Z,0.10606,0.10612,0.10563,0.10584,12259280
2023-12-31T03:00:00Z,0.10584,0.10597,0.10573,0.10597,8975591
2023-12-31T04:00:00Z,0.10596,0.10599,0.10567,0.10579,10166527
2023-12-31T05:00:00Z,0.10579,0.10599,0.10577,0.10596,6571073
2023-12-31T06:00:00Z,0.10595,0.10613,0.10591,0.10609,4937860
2023-12-31T07:00:00Z,0.10610,0.10660,0.10609,0.10649,15702072
2023-12-31T08:00:00Z,0.10650,0.10662,0.10628,0.10639,11002222
2023-12-31T09:00:00Z,0.10639,0.10672,0.10636,0.10671,12975967
2023-12-31T10:00:00Z,0.10671,0.10679,0.10654,0.10677,8085955
2023-12-31T11:00:00Z,0.10677,0.10678,0.10658,0.10669,7148167
2023-12-31T12:00:00Z,0.10670,0.10691,0.10644,0.10667,12567136
2023-12-31T13:00:00Z,0.10668,0.10699,0.10658,0.10693,12605596
2023-12-31T14:00:00Z,0.10693,0.10698,0.10671,0.10684,10417874
2023-12-31T15:00:00Z,0.10685,0.10770,0.10685,0.10746,33525387
2023-12-31T16:00:00Z,0.10746,0.10920,0.10746,0.10896,93746616
2023-12-31T17:00:00Z,0.10896,0.10918,0.10839,0.10906,45135678
2023-12-31T18:00:00Z,0.10906,0.10926,0.10876,0.10878,27254156
2023-12-31T19:00:00Z,0.10878,0.10907,0.10858,0.10886,15951093
2023-12-31T20:00:00Z,0.10887,0.10911,0.10872,0.10896,26820103
2023-12-31T21:00:00Z,0.10896,0.10909,0.10890,0.10903,14749097
2023-12-31T22:00:00Z,0.10903,0.10910,0.10759,0.10781,56771238
2023-12-31T23:00:00Z,0.10782,0.10815,0.10757,0.10769,30840129
2024-01-01T00:00:00Z,0.10769,0.10848,0.10768,0.10845,27741822
2024-01-01T01:00:00Z,0.10845,0.10847,0.10813,0.10829,10852398
2024-01-01T02:00:00Z,0.10829,0.10834,0.10772,0.10787,14699898
2024-01-01T03:00:00Z,0.10788,0.10791,0.10708,0.10719,30338275
2024-01-01T04:00:00Z,0.10719,0.10732,0.10641,0.10660,34833324
2024-01-01T05:00:00Z,0.10661,0.10684,0.10601,0.10632,20173266
2024-01-01T06:00:00Z,0.10632,0.10688,0.10613,0.10672,17448733
2024-01-01T07:00:00Z,0.10673,0.10718,0.10662,0.10711,23954141
2024-01-01T08:00:00Z,0.10710,0.10739,0.10708,0.10735,14578735
2024-01-01T09:00:00Z,0.10734,0.10751,0.10704,0.10713,15825632
2024-01-01T10:00:00Z,0.10713,0.10724,0.10696,0.10704,11619606
2024-01-01T11:00:00Z,0.10705,0.10719,0.10690,0.10703,9032921
2024-01-01T12:00:00Z,0.10703,0.10711,0.10689,0.10698,9027024
2024-01-01T13:00:00Z,0.10699,0.10724,0.10684,0.10715,10751097
2024-01-01T14:00:00Z,0.10715,0.10716,0.10674,0.10695,13290512
2024-01-01T15:00:00Z,0.10696,0.10738,0.10695,0.10732,13572761
2024-01-01T16:00:00Z,0.10731,0.10736,0.10689,0.10697,16282278
2024-01-01T17:00:00Z,0.10699,0.10726,0.10694,0.10714,8965651
2024-01-01T18:00:00Z,0.10714,0.10757,0.10712,0.10739,15717336
2024-01-01T19:00:00Z,0.10740,0.10770,0.10739,0.10763,9224432
2024-01-01T20:00:00Z,0.10764,0.10786,0.10756,0.10778,11815886
2024-01-01T21:00:00Z,0.10777,0.10782,0.10738,0.10765,9909333
2024-01-01T22:00:00Z,0.10765,0.10774,0.10746,0.10770,7944428
2024-01-01T23:00:00Z,0.10771,0.10812,0.10740,0.10779,31086752
2024-01-02T00:00:00Z,0.10780,0.10834,0.10763,0.10828,28059861
2024-01-02T01:00:00Z,0.10829,0.10842,0.10808,0.10829,15441541
2024-01-02T02:00:00Z,0.10830,0.10841,0.10810,0.10826,9675281
2024-01-02T03:00:00Z,0.10827,0.10847,0.10783,0.10838,33979677
2024-01-02T04:00:00Z,0.10839,0.10845,0.10824,0.10840,14446167
2024-01-02T05:00:00Z,0.10841,0.10859,0.10834,0.10855,7579472
2024-01-02T06:00:00Z,0.10855,0.10858,0.10836,0.10851,8470832
2024-01-02T07:00:00Z,0.10850,0.10885,0.10847,0.10878,15863782
2024-01-02T08:00:00Z,0.10878,0.10972,0.10864,0.10970,46778975
2024-01-02T09:00:00Z,0.10971,0.11016,0.10960,0.11008,40602040
2024-01-02T10:00:00Z,0.11008,0.11058,0.10996,0.11057,44203534
2024-01-02T11:00:00Z,0.11056,0.11079,0.11002,0.11033,48435443
2024-01-02T12:00:00Z,0.11033,0.11061,0.10983,0.11011,30718826
2024-01-02T13:00:00Z,0.11011,0.11019,0.10968,0.10976,32616177
2024-01-02T14:00:00Z,0.10976,0.10979,0.10878,0.10896,52517061
2024-01-02T15:00:00Z,0.10896,0.10909,0.10852,0.10880,31400517
2024-01-02T16:00:00Z,0.10881,0.10992,0.10860,0.10975,42260215
2024-01-02T17:00:00Z,0.10974,0.11001,0.10928,0.10949,33712802
2024-01-02T18:00:00Z,0.10949,0.10978,0.10926,0.10940,17966399
2024-01-02T19:00:00Z,0.10940,0.10954,0.10904,0.10921,18625470
2024-01-02T20:00:00Z,0.10921,0.10953,0.10912,0.10923,15806911
2024-01-02T21:00:00Z,0.10923,0.10929,0.10890,0.10923,16846221
2024-01-02T22:00:00Z,0.10924,0.10939,0.10891,0.10910,11083318
2024-01-02T23:00:00Z,0.10910,0.10910,0.10811,0.10841,34319705
2024-01-03T00:00:00Z,0.10841,0.10879,0.10827,0.10866,22492561
2024-01-03T01:00:00Z,0.10866,0.10898,0.10862,0.10895,9898657
2024-01-03T02:00:00Z,0.10896,0.10924,0.10886,0.10911,13536633
2024-01-03T03:00:00Z,0.10911,0.10982,0.10905,0.10975,27449701
2024-01-03T04:00:00Z,0.10975,0.10998,0.10927,0.10944,23931611
2024-01-03T05:00:00Z,0.10943,0.10961,0.10936,0.10946,9661797
2024-01-03T06:00:00Z,0.10947,0.10947,0.10923,0.10946,8974373
2024-01-03T07:00:00Z,0.10946,0.10959,0.10891,0.10908,17489707
2024-01-03T08:00:00Z,0.10908,0.10968,0.10908,0.10967,15280169
2024-01-03T09:00:00Z,0.10966,0.10996,0.10956,0.10985,22139638
2024-01-03T10:00:00Z,0.10985,0.11014,0.10930,0.10951,24841627
2024-01-03T11:00:00Z,0.10950,0.10957,0.10695,0.10749,106785378
2024-01-03T12:00:00Z,0.10750,0.10753,0.10269,0.10498,386387106
2024-01-03T13:00:00Z,0.10498,0.10502,0.10407,0.10440,73013238
2024-01-03T14:00:00Z,0.10440,0.10442,0.10336,0.10403,82740875
2024-01-03T15:00:00Z,0.10402,0.10542,0.10388,0.10535,60154567
2024-01-03T16:00:00Z,0.10535,0.10574,0.10482,0.10516,72065348
2024-01-03T17:00:00Z,0.10517,0.10521,0.10462,0.10479,30482858
2024-01-03T18:00:00Z,0.10479,0.10514,0.10411,0.10440,35713942
2024-01-03T19:00:00Z,0.10440,0.10527,0.10429,0.10475,30930125
2024-01-03T20:00:00Z,0.10475,0.10561,0.10461,0.10559,30915369
2024-01-03T21:00:00Z,0.10559,0.10630,0.10536,0.10629,25957348
2024-01-03T22:00:00Z,0.10630,0.10637,0.10594,0.10624,21641136
2024-01-03T23:00:00Z,0.10625,0.10685,0.10606,0.10683,21922302
2024-01-04T00:00:00Z,0.10683,0.10744,0.10671,0.10741,39813659
2024-01-04T01:00:00Z,0.10740,0.10771,0.10692,0.10714,47308389
2024-01-04T02:00:00Z,0.10714,0.10768,0.10709,0.10761,19039957
2024-01-04T03:00:00Z,0.10760,0.10792,0.10759,0.10782,21067566
2024-01-04T04:00:00Z,0.10783,0.10813,0.10779,0.10811,22046439
2024-01-04T05:00:00Z,0.10810,0.10857,0.10796,0.10814,25769177
2024-01-04T06:00:00Z,0.10815,0.10873,0.10806,0.10815,27173550
2024-01-04T07:00:00Z,0.10815,0.10845,0.10752,0.10755,31491427
2024-01-04T08:00:00Z,0.10755,0.10770,0.10724,0.10741,30144621
2024-01-04T09:00:00Z,0.10740,0.10748,0.10692,0.10719,28857257
2024-01-04T10:00:00Z,0.10720,0.10733,0.10627,0.10677,42753420
2024-01-04T11:00:00Z,0.10678,0.10723,0.10657,0.10681,26979592
2024-01-04T12:00:00Z,0.10680,0.10702,0.10659,0.10686,26661683
2024-01-04T13:00:00Z,0.10686,0.10726,0.10668,0.10713,18828554
2024-01-04T14:00:00Z,0.10713,0.10757,0.10691,0.10745,25221191
2024-01-04T15:00:00Z,0.10744,0.10764,0.10715,0.10741,25756491
2024-01-04T16:00:00Z,0.10741,0.10747,0.10705,0.10712,19798866
2024-01-04T17:00:00Z,0.10712,0.10730,0.10698,0.10711,14066200
2024-01-04T18:00:00Z,0.10711,0.10726,0.10699,0.10717,8587895
2024-01-04T19:00:00Z,0.10718,0.10741,0.10681,0.10687,20511429
2024-01-04T20:00:00Z,0.10687,0.10752,0.10687,0.10710,22142383
2024-01-04T21:00:00Z,0.10710,0.10741,0.10688,0.10704,15575558
2024-01-04T22:00:00Z,0.10703,0.10743,0.10695,0.10711,11337353
2024-01-04T23:00:00Z,0.10711,0.10713,0.10683,0.10696,9375407
2024-01-05T00:00:00Z,0.10696,0.10717,0.10674,0.10697,15978468
2024-01-05T01:00:00Z,0.10697,0.10703,0.10475,0.10578,80469734
2024-01-05T02:00:00Z,0.10579,0.10620,0.10542,0.10555,29911733
2024-01-05T03:00:00Z,0.10555,0.10583,0.10533,0.10544,12299543
2024-01-05T04:00:00Z,0.10544,0.10555,0.10518,0.10550,13607802
2024-01-05T05:00:00Z,0.10549,0.10571,0.10537,0.10552,10696330
2024-01-05T06:00:00Z,0.10551,0.10567,0.10539,0.10563,9992432
2024-01-05T07:00:00Z,0.10563,0.10602,0.10560,0.10586,11583354
2024-01-05T08:00:00Z,0.10585,0.10609,0.10583,0.10598,12071287
2024-01-05T09:00:00Z,0.10597,0.10633,0.10597,0.10628,14697866
2024-01-05T10:00:00Z,0.10629,0.10636,0.10459,0.10505,68581598
2024-01-05T11:00:00Z,0.10505,0.10527,0.10469,0.10471,21128644
2024-01-05T12:00:00Z,0.10471,0.10497,0.10440,0.10443,26489089
2024-01-05T13:00:00Z,0.10443,0.10491,0.10440,0.10463,26400732
2024-01-05T14:00:00Z,0.10463,0.10474,0.10325,0.10358,73669580
2024-01-05T15:00:00Z,0.10358,0.10392,0.10338,0.10369,37291129
2024-01-05T16:00:00Z,0.10368,0.10395,0.10338,0.10351,32898069
2024-01-05T17:00:00Z,0.10351,0.10380,0.10295,0.10379,45403608
2024-01-05T18:00:00Z,0.10378,0.10392,0.10354,0.10376,13750981
2024-01-05T19:00:00Z,0.10375,0.10403,0.10369,0.10384,11782978
2024-01-05T20:00:00Z,0.10383,0.10445,0.10378,0.10420,26825961
2024-01-05T21:00:00Z,0.10419,0.10425,0.10383,0.10407,12531906
2024-01-05T22:00:00Z,0.10408,0.10408,0.10377,0.10404,10299796
2024-01-05T23:00:00Z,0.10404,0.10438,0.10404,0.10437,14043538
2024-01-06T00:00:00Z,0.10437,0.10438,0.10391,0.10402,13271003
2024-01-06T01:00:00Z,0.10401,0.10412,0.10380,0.10410,10969444
2024-01-06T02:00:00Z,0.10410,0.10410,0.10357,0.10379,12032865
2024-01-06T03:00:00Z,0.10378,0.10383,0.10352,0.10353,6512816
2024-01-06T04:00:00Z,0.10352,0.10354,0.10300,0.10305,17600745
2024-01-06T05:00:00Z,0.10304,0.10311,0.10206,0.10226,52514817
2024-01-06T06:00:00Z,0.10226,0.10233,0.10152,0.10176,52619797
2024-01-06T07:00:00Z,0.10176,0.10272,0.10164,0.10269,38063812
2024-01-06T08:00:00Z,0.10270,0.10318,0.10256,0.10317,23969893
2024-01-06T09:00:00Z,0.10317,0.10327,0.10298,0.10316,14528803
2024-01-06T10:00:00Z,0.10317,0.10356,0.10296,0.10354,14642820
2024-01-06T11:00:00Z,0.10354,0.10393,0.10339,0.10363,19471553
2024-01-06T12:00:00Z,0.10363,0.10390,0.10353,0.10369,13700181
2024-01-06T13:00:00Z,0.10369,0.10400,0.10355,0.10397,12571730
2024-01-06T14:00:00Z,0.10397,0.10414,0.10374,0.10395,14501905
2024-01-06T15:00:00Z,0.10395,0.10421,0.10389,0.10410,14552049
2024-01-06T16:00:00Z,0.10409,0.10429,0.10376,0.10390,16475636
2024-01-06T17:00:00Z,0.10389,0.10413,0.10383,0.10408,7576123
2024-01-06T18:00:00Z,0.10408,0.10418,0.10387,0.10390,7217397
2024-01-06T19:00:00Z,0.10390,0.10395,0.10367,0.10390,9332856
2024-01-06T20:00:00Z,0.10390,0.10397,0.10364,0.10369,10948580
2024-01-06T21:00:00Z,0.10368,0.10392,0.10352,0.10387,7026614
2024-01-06T22:00:00Z,0.10386,0.10387,0.10359,0.10363,5353228
2024-01-06T23:00:00Z,0.10363,0.10393,0.10334,0.10385,12339516
2024-01-07T00:00:00Z,0.10384,0.10402,0.10364,0.10384,14634938
2024-01-07T01:00:00Z,0.10385,0.10402,0.10374,0.10381,7963771
2024-01-07T02:00:00Z,0.10381,0.10391,0.10336,0.10344,10702040
2024-01-07T03:00:00Z,0.10343,0.10364,0.10328,0.10349,7797106
2024-01-07T04:00:00Z,0.10348,0.10407,0.10335,0.10392,11209231
2024-01-07T05:00:00Z,0.10392,0.10403,0.10375,0.10381,7700633
2024-01-07T06:00:00Z,0.10382,0.10409,0.10376,0.10398,7769664
2024-01-07T07:00:00Z,0.10398,0.10411,0.10390,0.10405,6365921
2024-01-07T08:00:00Z,0.10405,0.10408,0.10362,0.10364,11595889
2024-01-07T09:00:00Z,0.10365,0.10377,0.10332,0.10347,12778397
2024-01-07T10:00:00Z,0.10346,0.10364,0.10330,0.10338,11451265
2024-01-07T11:00:00Z,0.10339,0.10366,0.10338,0.10361,6472360
2024-01-07T12:00:00Z,0.10360,0.10360,0.10334,0.10341,9925991
2024-01-07T13:00:00Z,0.10341,0.10396,0.10335,0.10396,16595603
2024-01-07T14:00:00Z,0.10395,0.10408,0.10371,0.10382,11342087
2024-01-07T15:00:00Z,0.10382,0.10395,0.10342,0.10358,10919313
2024-01-07T16:00:00Z,0.10359,0.10394,0.10339,0.10347,22199445
2024-01-07T17:00:00Z,0.10346,0.10374,0.10338,0.10360,7613718
2024-01-07T18:00:00Z,0.10360,0.10376,0.10354,0.10371,4439004
2024-01-07T19:00:00Z,0.10371,0.10384,0.10360,0.10383,6284280
2024-01-07T20:00:00Z,0.10382,0.10393,0.10380,0.10387,5615162
2024-01-07T21:00:00Z,0.10386,0.10395,0.10372,0.10386,4780845
2024-01-07T22:00:00Z,0.10387,0.10389,0.10285,0.10297,42275894
2024-01-07T23:00:00Z,0.10297,0.10313,0.10236,0.10270,41128003
2024-01-08T00:00:00Z,0.10271,0.10279,0.10241,0.10243,26301440
2024-01-08T01:00:00Z,0.10244,0.10269,0.10203,0.10216,25531093
2024-01-08T02:00:00Z,0.10216,0.10225,0.10119,0.10153,53430027
2024-01-08T03:00:00Z,0.10152,0.10164,0.10099,0.10164,51618390
2024-01-08T04:00:00Z,0.10164,0.10277,0.10158,0.10256,52278441
2024-01-08T05:00:00Z,0.10256,0.10272,0.10224,0.10268,17079417
2024-01-08T06:00:00Z,0.10267,0.10332,0.10261,0.10322,40859693
2024-01-08T07:00:00Z,0.10321,0.10359,0.10304,0.10332,16745512
2024-01-08T08:00:00Z,0.10332,0.10418,0.10328,0.10369,27569794
2024-01-08T09:00:00Z,0.10368,0.10379,0.10278,0.10281,29195446
2024-01-08T10:00:00Z,0.10282,0.10336,0.10264,0.10320,17792801
2024-01-08T11:00:00Z,0.10320,0.10353,0.10311,0.10349,18921027
2024-01-08T12:00:00Z,0.10350,0.10380,0.10313,0.10366,45556152
2024-01-08T13:00:00Z,0.10366,0.10374,0.10292,0.10304,29619488
2024-01-08T14:00:00Z,0.10304,0.10324,0.10278,0.10296,18163829
2024-01-08T15:00:00Z,0.10295,0.10339,0.10273,0.10312,38514143
2024-01-08T16:00:00Z,0.10312,0.10327,0.10289,0.10292,12333367
2024-01-08T17:00:00Z,0.10291,0.10313,0.10280,0.10312,17213127
2024-01-08T18:00:00Z,0.10311,0.10432,0.10311,0.10399,44220068
2024-01-08T19:00:00Z,0.10398,0.10422,0.10373,0.10420,18152403
2024-01-08T20:00:00Z,0.10420,0.10421,0.10358,0.10382,18179774
2024-01-08T21:00:00Z,0.10382,0.10400,0.10368,0.10369,10129049
2024-01-08T22:00:00Z,0.10369,0.10396,0.10364,0.10396,10854791
2024-01-08T23:00:00Z,0.10395,0.10419,0.10380,0.10415,8325610
2024-01-09T00:00:00Z,0.10415,0.10416,0.10324,0.10370,46185716
2024-01-09T01:00:00Z,0.10370,0.10385,0.10353,0.10384,10399319
2024-01-09T02:00:00Z,0.10384,0.10394,0.10357,0.10376,10270878
2024-01-09T03:00:00Z,0.10376,0.10393,0.10363,0.10391,8004350
2024-01-09T04:00:00Z,0.10390,0.10450,0.10382,0.10437,20103832
2024-01-09T05:00:00Z,0.10438,0.10454,0.10386,0.10409,22252744
2024-01-09T06:00:00Z,0.10409,0.10431,0.10396,0.10422,13113727
2024-01-09T07:00:00Z,0.10421,0.10429,0.10407,0.10407,7737264
2024-01-09T08:00:00Z,0.10407,0.10408,0.10356,0.10356,14297785
2024-01-09T09:00:00Z,0.10357,0.10373,0.10312,0.10325,22513310
2024-01-09T10:00:00Z,0.10326,0.10344,0.10316,0.10321,11135236
2024-01-09T11:00:00Z,0.10321,0.10337,0.10305,0.10317,12103466
2024-01-09T12:00:00Z,0.10316,0.10336,0.10194,0.10242,53887437
2024-01-09T13:00:00Z,0.10242,0.10271,0.10213,0.10260,41940561
2024-01-09T14:00:00Z,0.10259,0.10269,0.10194,0.10195,22191297
2024-01-09T15:00:00Z,0.10194,0.10221,0.10163,0.10212,24768302
2024-01-09T16:00:00Z,0.10213,0.10216,0.10148,0.10168,30054461
2024-01-09T17:00:00Z,0.10167,0.10189,0.10144,0.10176,17920326
2024-01-09T18:00:00Z,0.10175,0.10231,0.10165,0.10224,20123741
2024-01-09T19:00:00Z,0.10224,0.10232,0.10208,0.10223,11891171
2024-01-09T20:00:00Z,0.10223,0.10230,0.10171,0.10181,16084672
2024-01-09T21:00:00Z,0.10182,0.10290,0.10154,0.10183,124995127
2024-01-09T22:00:00Z,0.10183,0.10240,0.10176,0.10238,20031367
2024-01-09T23:00:00Z,0.10237,0.10275,0.10224,0.10273,13649559
2024-01-10T00:00:00Z,0.10272,0.10358,0.10267,0.10339,37797340
2024-01-10T01:00:00Z,0.10339,0.10356,0.10324,0.10353,15878671
2024-01-10T02:00:00Z,0.10353,0.10358,0.10316,0.10320,12801916
2024-01-10T03:00:00Z,0.10320,0.10352,0.10315,0.10348,7501282
2024-01-10T04:00:00Z,0.10348,0.10356,0.10337,0.10344,12122065
2024-01-10T05:00:00Z,0.10344,0.10374,0.10343,0.10373,8994657
2024-01-10T06:00:00Z,0.10374,0.10386,0.10365,0.10383,9272379
2024-01-10T07:00:00Z,0.10383,0.10392,0.10349,0.10387,12550614
2024-01-10T08:00:00Z,0.10388,0.10409,0.10387,0.10392,12426117
2024-01-10T09:00:00Z,0.10393,0.10438,0.10392,0.10438,13010310
2024-01-10T10:00:00Z,0.10437,0.10470,0.10415,0.10434,18380698
2024-01-10T11:00:00Z,0.10434,0.10452,0.10406,0.10450,16755928
2024-01-10T12:00:00Z,0.10450,0.10454,0.10316,0.10343,60971296
2024-01-10T13:00:00Z,0.10343,0.10364,0.10285,0.10318,29631390
2024-01-10T14:00:00Z,0.10319,0.10348,0.10291,0.10322,18050957
2024-01-10T15:00:00Z,0.10322,0.10429,0.10313,0.10422,35599510
2024-01-10T16:00:00Z,0.10421,0.10432,0.10314,0.10369,45037467
2024-01-10T17:00:00Z,0.10368,0.10439,0.10364,0.10434,20567690
2024-01-10T18:00:00Z,0.10433,0.10455,0.10410,0.10424,24364733
2024-01-10T19:00:00Z,0.10425,0.10446,0.10395,0.10438,18081965
2024-01-10T20:00:00Z,0.10437,0.10440,0.10339,0.10413,68326356
2024-01-10T21:00:00Z,0.10413,0.10526,0.10402,0.10478,59829007
2024-01-10T22:00:00Z,0.10479,0.10525,0.10470,0.10524,44411589
2024-01-10T23:00:00Z,0.10524,0.10583,0.10493,0.10517,64386422
2024-01-11T00:00:00Z,0.10517,0.10554,0.10499,0.10548,36904252
2024-01-11T01:00:00Z,0.10548,0.10575,0.10544,0.10546,22406371
2024-01-11T02:00:00Z,0.10546,0.10554,0.10525,0.10532,12714560
2024-01-11T03:00:00Z,0.10532,0.10562,0.10526,0.10559,14633165
2024-01-11T04:00:00Z,0.10559,0.10568,0.10548,0.10560,12543647
2024-01-11T05:00:00Z,0.10560,0.10561,0.10494,0.10519,17096985
2024-01-11T06:00:00Z,0.10520,0.10523,0.10465,0.10482,19847454
2024-01-11T07:00:00Z,0.10482,0.10535,0.10481,0.10534,15655290
2024-01-11T08:00:00Z,0.10534,0.10586,0.10524,0.10585,26013268
2024-01-11T09:00:00Z,0.10586,0.10626,0.10583,0.10591,24232765
2024-01-11T10:00:00Z,0.10591,0.10677,0.10589,0.10662,27847452
2024-01-11T11:00:00Z,0.10662,0.10669,0.10622,0.10665,31870331
2024-01-11T12:00:00Z,0.10665,0.10698,0.10652,0.10691,38894254
2024-01-11T13:00:00Z,0.10691,0.10710,0.10642,0.10703,64781231
2024-01-11T14:00:00Z,0.10703,0.10777,0.10625,0.10734,133408424
2024-01-11T15:00:00Z,0.10734,0.10737,0.10538,0.10567,93407781
2024-01-11T16:00:00Z,0.10567,0.10607,0.10460,0.10526,93502456
2024-01-11T17:00:00Z,0.10526,0.10581,0.10499,0.10573,37607980
2024-01-11T18:00:00Z,0.10572,0.10597,0.10547,0.10593,20033363
2024-01-11T19:00:00Z,0.10592,0.10614,0.10562,0.10605,14798638
2024-01-11T20:00:00Z,0.10605,0.10630,0.10559,0.10573,27177512
2024-01-11T21:00:00Z,0.10573,0.10625,0.10571,0.10580,15150755
2024-01-11T22:00:00Z,0.10579,0.10595,0.10558,0.10593,10553515
2024-01-11T23:00:00Z,0.10593,0.10624,0.10588,0.10617,11872239
2024-01-12T00:00:00Z,0.10616,0.10642,0.10606,0.10624,24518978
2024-01-12T01:00:00Z,0.10624,0.10628,0.10584,0.10613,14062136
2024-01-12T02:00:00Z,0.10614,0.10660,0.10613,0.10655,16502067
2024-01-12T03:00:00Z,0.10656,0.10670,0.10640,0.10659,14389963
2024-01-12T04:00:00Z,0.10658,0.10686,0.10658,0.10673,14768172
2024-01-12T05:00:00Z,0.10674,0.10710,0.10672,0.10710,12179967
2024-01-12T06:00:00Z,0.10710,0.10729,0.10698,0.10698,10889114
2024-01-12T07:00:00Z,0.10698,0.10714,0.10686,0.10714,13517558
2024-01-12T08:00:00Z,0.10713,0.10723,0.10676,0.10692,20425766
2024-01-12T09:00:00Z,0.10692,0.10708,0.10660,0.10696,19672410
2024-01-12T10:00:00Z,0.10696,0.10720,0.10681,0.10719,13746430
2024-01-12T11:00:00Z,0.10719,0.10767,0.10718,0.10745,27692738
2024-01-12T12:00:00Z,0.10744,0.10772,0.10708,0.10745,28937594
2024-01-12T13:00:00Z,0.10746,0.10793,0.10740,0.10788,26884161
2024-01-12T14:00:00Z,0.10787,0.10803,0.10734,0.10772,34084089
2024-01-12T15:00:00Z,0.10772,0.10798,0.10630,0.10670,74916369
2024-01-12T16:00:00Z,0.10670,0.10722,0.10635,0.10676,62758266
2024-01-12T17:00:00Z,0.10677,0.10695,0.10593,0.10687,61599331
2024-01-12T18:00:00Z,0.10687,0.10701,0.10667,0.10683,20818395
2024-01-12T19:00:00Z,0.10683,0.10720,0.10670,0.10704,16831337
2024-01-12T20:00:00Z,0.10703,0.10754,0.10703,0.10749,19067237
2024-01-12T21:00:00Z,0.10749,0.10764,0.10663,0.10718,43104915
2024-01-12T22:00:00Z,0.10717,0.10718,0.10547,0.10618,92123128
2024-01-12T23:00:00Z,0.10618,0.10702,0.10615,0.10684,27004716
2024-01-13T00:00:00Z,0.10684,0.10709,0.10652,0.10679,32752350
2024-01-13T01:00:00Z,0.10679,0.10712,0.10617,0.10645,42956924
2024-01-13T02:00:00Z,0.10645,0.10667,0.10631,0.10658,18330336
2024-01-13T03:00:00Z,0.10657,0.10679,0.10636,0.10673,15414616
2024-01-13T04:00:00Z,0.10673,0.10692,0.10658,0.10674,10388464
2024-01-13T05:00:00Z,0.10674,0.10820,0.10665,0.10791,46871283
2024-01-13T06:00:00Z,0.10791,0.10865,0.10785,0.10836,36408894
2024-01-13T07:00:00Z,0.10836,0.10964,0.10836,0.10938,52742411
2024-01-13T08:00:00Z,0.10938,0.11017,0.10888,0.11011,78615143
2024-01-13T09:00:00Z,0.11010,0.11341,0.11010,0.11304,292305306
2024-01-13T10:00:00Z,0.11304,0.11383,0.11242,0.11289,224742133
2024-01-13T11:00:00Z,0.11289,0.11373,0.11221,0.11347,136412514
2024-01-13T12:00:00Z,0.11348,0.11461,0.11257,0.11343,185350062
2024-01-13T13:00:00Z,0.11344,0.11533,0.11293,0.11491,172199089
2024-01-13T14:00:00Z,0.11491,0.11600,0.11427,0.11590,184840902
2024-01-13T15:00:00Z,0.11590,0.11648,0.11440,0.11511,213285693
2024-01-13T16:00:00Z,0.11511,0.11521,0.11375,0.11433,124262288
2024-01-13T17:00:00Z,0.11434,0.11441,0.11343,0.11362,67447429
2024-01-13T18:00:00Z,0.11362,0.11422,0.11341,0.11367,48208061
2024-01-13T19:00:00Z,0.11366,0.11484,0.11364,0.11431,46139961
2024-01-13T20:00:00Z,0.11431,0.11442,0.11365,0.11386,38590339
2024-01-13T21:00:00Z,0.11387,0.11440,0.11357,0.11427,30511320
2024-01-13T22:00:00Z,0.11426,0.11449,0.11404,0.11441,17275534
2024-01-13T23:00:00Z,0.11442,0.11450,0.11401,0.11422,24019596
2024-01-14T00:00:00Z,0.11422,0.11531,0.11418,0.11525,59612204
2024-01-14T01:00:00Z,0.11525,0.11635,0.11499,0.11616,56445001
2024-01-14T02:00:00Z,0.11617,0.11787,0.11588,0.11730,131516170
2024-01-14T03:00:00Z,0.11731,0.11760,0.11656,0.11687,57312539
2024-01-14T04:00:00Z,0.11686,0.11724,0.11561,0.11619,88088166
2024-01-14T05:00:00Z,0.11618,0.11670,0.11551,0.11659,44491819
2024-01-14T06:00:00Z,0.11658,0.11659,0.11590,0.11605,36699794
2024-01-14T07:00:00Z,0.11606,0.11609,0.11516,0.11553,53720028
2024-01-14T08:00:00Z,0.11553,0.11628,0.11519,0.11610,37395379
2024-01-14T09:00:00Z,0.11610,0.11710,0.11559,0.11571,64258201
2024-01-14T10:00:00Z,0.11571,0.11571,0.11490,0.11512,61221327
2024-01-14T11:00:00Z,0.11511,0.11513,0.11435,0.11438,46638103
2024-01-14T12:00:00Z,0.11438,0.11510,0.11413,0.11423,46161741
2024-01-14T13:00:00Z,0.11422,0.11437,0.11405,0.11419,24285312
2024-01-14T14:00:00Z,0.11420,0.11446,0.11357,0.11383,32412861
2024-01-14T15:00:00Z,0.11382,0.11424,0.11382,0.11416,20123195
2024-01-14T16:00:00Z,0.11416,0.11420,0.11333,0.11368,33112532
2024-01-14T17:00:00Z,0.11369,0.11370,0.11336,0.11342,12324899
2024-01-14T18:00:00Z,0.11343,0.11347,0.11260,0.11300,49387930
2024-01-14T19:00:00Z,0.11300,0.11321,0.11172,0.11205,55617294
2024-01-14T20:00:00Z,0.11206,0.11269,0.11129,0.11219,50931277
2024-01-14T21:00:00Z,0.11219,0.11253,0.11190,0.11252,27910540
2024-01-14T22:00:00Z,0.11253,0.11279,0.11224,0.11231,20064911
2024-01-14T23:00:00Z,0.11232,0.11240,0.11095,0.11118,53733146
2024-01-15T00:00:00Z,0.11118,0.11182,0.11117,0.11171,29794802
2024-01-15T01:00:00Z,0.11172,0.11206,0.11151,0.11202,18417597
2024-01-15T02:00:00Z,0.11202,0.11267,0.11193,0.11262,17967834
2024-01-15T03:00:00Z,0.11263,0.11279,0.11233,0.11262,15243952
2024-01-15T04:00:00Z,0.11261,0.11306,0.11257,0.11300,24943261
2024-01-15T05:00:00Z,0.11301,0.11309,0.11260,0.11261,11901000
2024-01-15T06:00:00Z,0.11261,0.11268,0.11232,0.11244,13100787
2024-01-15T07:00:00Z,0.11244,0.11303,0.11244,0.11273,15562206
2024-01-15T08:00:00Z,0.11273,0.11346,0.11273,0.11338,20823889
2024-01-15T09:00:00Z,0.11338,0.11388,0.11331,0.11347,23265137
2024-01-15T10:00:00Z,0.11348,0.11394,0.11348,0.11387,17971562
2024-01-15T11:00:00Z,0.11386,0.11413,0.11349,0.11405,24668907
2024-01-15T12:00:00Z,0.11406,0.11442,0.11378,0.11409,29785635
2024-01-15T13:00:00Z,0.11408,0.11413,0.11320,0.11325,34408007
2024-01-15T14:00:00Z,0.11326,0.11406,0.11293,0.11313,64116632
2024-01-15T15:00:00Z,0.11313,0.11391,0.11283,0.11299,35649210
2024-01-15T16:00:00Z,0.11299,0.11362,0.11293,0.11353,14809211
2024-01-15T17:00:00Z,0.11352,0.11357,0.11273,0.11322,21432562
2024-01-15T18:00:00Z,0.11322,0.11351,0.11313,0.11316,15081021
2024-01-15T19:00:00Z,0.11315,0.11318,0.11146,0.11198,52413219
2024-01-15T20:00:00Z,0.11198,0.11233,0.11162,0.11172,20562816
2024-01-15T21:00:00Z,0.11173,0.11173,0.10788,0.10815,156746885
2024-01-15T22:00:00Z,0.10815,0.10841,0.10777,0.10816,65338521
2024-01-15T23:00:00Z,0.10816,0.10901,0.10813,0.10867,51913819
2024-01-16T00:00:00Z,0.10867,0.10903,0.10854,0.10865,22192326
2024-01-16T01:00:00Z,0.10864,0.10887,0.10795,0.10821,26379716
2024-01-16T02:00:00Z,0.10821,0.10863,0.10808,0.10861,23292960
2024-01-16T03:00:00Z,0.10860,0.10894,0.10827,0.10891,19658300
2024-01-16T04:00:00Z,0.10892,0.10950,0.10871,0.10936,25148283
2024-01-16T05:00:00Z,0.10937,0.10985,0.10932,0.10952,23925145
2024-01-16T06:00:00Z,0.10951,0.11007,0.10937,0.11000,26486835
2024-01-16T07:00:00Z,0.11000,0.11003,0.10951,0.10995,19400686
2024-01-16T08:00:00Z,0.10995,0.11056,0.10984,0.11051,22720026
2024-01-16T09:00:00Z,0.11050,0.11054,0.10989,0.10996,24207435
2024-01-16T10:00:00Z,0.10996,0.11000,0.10930,0.10956,24392714
2024-01-16T11:00:00Z,0.10955,0.10974,0.10900,0.10910,25886269
2024-01-16T12:00:00Z,0.10911,0.10922,0.10883,0.10896,21133557
2024-01-16T13:00:00Z,0.10895,0.10904,0.10841,0.10847,44163105
2024-01-16T14:00:00Z,0.10847,0.10869,0.10729,0.10786,68811850
2024-01-16T15:00:00Z,0.10785,0.10823,0.10744,0.10783,42046758
2024-01-16T16:00:00Z,0.10784,0.10840,0.10778,0.10815,30280782
2024-01-16T17:00:00Z,0.10816,0.10830,0.10782,0.10822,16800210
2024-01-16T18:00:00Z,0.10822,0.10825,0.10770,0.10772,12727126
2024-01-16T19:00:00Z,0.10772,0.10824,0.10766,0.10815,13500700
2024-01-16T20:00:00Z,0.10815,0.10837,0.10796,0.10816,14296681
2024-01-16T21:00:00Z,0.10816,0.10829,0.10809,0.10826,8526923
2024-01-16T22:00:00Z,0.10826,0.10853,0.10822,0.10841,12294925
2024-01-16T23:00:00Z,0.10841,0.10841,0.10793,0.10802,10170646
2024-01-17T00:00:00Z,0.10801,0.10832,0.10790,0.10829,13034173
2024-01-17T01:00:00Z,0.10829,0.10843,0.10801,0.10802,10096817
2024-01-17T02:00:00Z,0.10802,0.10826,0.10792,0.10807,9719785
2024-01-17T03:00:00Z,0.10806,0.10816,0.10794,0.10801,6605316
2024-01-17T04:00:00Z,0.10801,0.10813,0.10792,0.10802,7342351
2024-01-17T05:00:00Z,0.10803,0.10821,0.10791,0.10793,10409170
2024-01-17T06:00:00Z,0.10794,0.10805,0.10776,0.10789,18001956
2024-01-17T07:00:00Z,0.10789,0.10796,0.10742,0.10753,15583906
2024-01-17T08:00:00Z,0.10754,0.10846,0.10731,0.10837,30270463
2024-01-17T09:00:00Z,0.10836,0.10870,0.10832,0.10862,22576711
2024-01-17T10:00:00Z,0.10862,0.10896,0.10862,0.10888,14920715
2024-01-17T11:00:00Z,0.10888,0.10928,0.10887,0.10922,13982262
2024-01-17T12:00:00Z,0.10922,0.10923,0.10820,0.10844,32858005
2024-01-17T13:00:00Z,0.10844,0.10845,0.10810,0.10819,15812814
2024-01-17T14:00:00Z,0.10818,0.10855,0.10801,0.10827,22933308
2024-01-17T15:00:00Z,0.10826,0.10843,0.10776,0.10786,26440221
2024-01-17T16:00:00Z,0.10787,0.10798,0.10772,0.10789,12808956
2024-01-17T17:00:00Z,0.10789,0.10804,0.10760,0.10787,11859945
2024-01-17T18:00:00Z,0.10788,0.10818,0.10760,0.10815,11099610
2024-01-17T19:00:00Z,0.10815,0.10817,0.10798,0.10806,6665296
2024-01-17T20:00:00Z,0.10805,0.10842,0.10802,0.10834,9117004
2024-01-17T21:00:00Z,0.10833,0.10843,0.10807,0.10808,8105386
2024-01-17T22:00:00Z,0.10809,0.10830,0.10789,0.10830,15213606
2024-01-17T23:00:00Z,0.10829,0.10837,0.10812,0.10837,6971702
2024-01-18T00:00:00Z,0.10837,0.10876,0.10831,0.10872,13150921
2024-01-18T01:00:00Z,0.10872,0.10873,0.10794,0.10824,20976365
2024-01-18T02:00:00Z,0.10823,0.10838,0.10798,0.10809,14141203
2024-01-18T03:00:00Z,0.10809,0.10858,0.10795,0.10857,7797702
2024-01-18T04:00:00Z,0.10857,0.10908,0.10847,0.10904,17124663
2024-01-18T05:00:00Z,0.10903,0.10935,0.10891,0.10934,11620615
2024-01-18T06:00:00Z,0.10934,0.10943,0.10893,0.10928,16269862
2024-01-18T07:00:00Z,0.10928,0.10964,0.10917,0.10964,19950985
2024-01-18T08:00:00Z,0.10963,0.10977,0.10944,0.10956,17848602
2024-01-18T09:00:00Z,0.10956,0.10979,0.10946,0.10962,13467785
2024-01-18T10:00:00Z,0.10962,0.10968,0.10911,0.10919,23255097
2024-01-18T11:00:00Z,0.10918,0.10959,0.10916,0.10939,13077168
2024-01-18T12:00:00Z,0.10938,0.10943,0.10877,0.10899,22156501
2024-01-18T13:00:00Z,0.10899,0.10906,0.10855,0.10905,21213400
2024-01-18T14:00:00Z,0.10904,0.10947,0.10902,0.10926,22046628
2024-01-18T15:00:00Z,0.10927,0.10967,0.10926,0.10966,22122130
2024-01-18T16:00:00Z,0.10965,0.10976,0.10800,0.10870,58506979
2024-01-18T17:00:00Z,0.10870,0.10881,0.10781,0.10815,35879510
2024-01-18T18:00:00Z,0.10815,0.10835,0.10761,0.10793,27360252
2024-01-18T19:00:00Z,0.10793,0.10812,0.10593,0.10702,47188544
2024-01-18T20:00:00Z,0.10701,0.10802,0.10698,0.10750,55043428
2024-01-18T21:00:00Z,0.10749,0.10789,0.10736,0.10780,14143151
2024-01-18T22:00:00Z,0.10779,0.10807,0.10764,0.10806,14769043
2024-01-18T23:00:00Z,0.10806,0.10817,0.10796,0.10810,8772379
2024-01-19T00:00:00Z,0.10809,0.10816,0.10769,0.10775,17796784
2024-01-19T01:00:00Z,0.10775,0.10776,0.10706,0.10724,16495691
2024-01-19T02:00:00Z,0.10724,0.10731,0.10687,0.10703,12292886
2024-01-19T03:00:00Z,0.10703,0.10737,0.10671,0.10737,18775693
2024-01-19T04:00:00Z,0.10737,0.10768,0.10723,0.10756,12121934
2024-01-19T05:00:00Z,0.10755,0.10796,0.10742,0.10796,9360721
2024-01-19T06:00:00Z,0.10795,0.10830,0.10785,0.10826,11390590
2024-01-19T07:00:00Z,0.10827,0.10836,0.10813,0.10836,9161993
2024-01-19T08:00:00Z,0.10835,0.10901,0.10828,0.10890,31711568
2024-01-19T09:00:00Z,0.10889,0.10907,0.10853,0.10885,26659226
2024-01-19T10:00:00Z,0.10885,0.10932,0.10881,0.10929,20594293
2024-01-19T11:00:00Z,0.10929,0.10931,0.10887,0.10914,20418943
2024-01-19T12:00:00Z,0.10914,0.10933,0.10903,0.10930,14165829
2024-01-19T13:00:00Z,0.10929,0.10975,0.10928,0.10960,23932162
2024-01-19T14:00:00Z,0.10959,0.10966,0.10875,0.10908,32186158
2024-01-19T15:00:00Z,0.10908,0.10933,0.10881,0.10912,24042398
2024-01-19T16:00:00Z,0.10912,0.10944,0.10777,0.10793,96876026
2024-01-19T17:00:00Z,0.10793,0.10896,0.10785,0.10896,28650315
2024-01-19T18:00:00Z,0.10896,0.10948,0.10885,0.10947,24186774
2024-01-19T19:00:00Z,0.10947,0.10978,0.10936,0.10976,21037788
2024-01-19T20:00:00Z,0.10975,0.11027,0.10955,0.11004,28949668
2024-01-19T21:00:00Z,0.11004,0.11017,0.10982,0.11005,13672049
2024-01-19T22:00:00Z,0.11004,0.11005,0.10976,0.11003,11519527
2024-01-19T23:00:00Z,0.11003,0.11048,0.10993,0.11047,14357699
2024-01-20T00:00:00Z,0.11046,0.11051,0.10995,0.11001,17519215
2024-01-20T01:00:00Z,0.11001,0.11059,0.10998,0.11045,10149414
2024-01-20T02:00:00Z,0.11045,0.11060,0.11031,0.11051,10478923
2024-01-20T03:00:00Z,0.11051,0.11060,0.11032,0.11043,9642311
2024-01-20T04:00:00Z,0.11042,0.11044,0.10996,0.10997,11277242
2024-01-20T05:00:00Z,0.10997,0.11089,0.10984,0.11052,22839774
2024-01-20T06:00:00Z,0.11052,0.11059,0.11023,0.11024,12849970
2024-01-20T07:00:00Z,0.11024,0.11074,0.11019,0.11072,19144556
2024-01-20T08:00:00Z,0.11071,0.11071,0.10992,0.11028,20433901
2024-01-20T09:00:00Z,0.11027,0.11034,0.10990,0.10999,19567322
2024-01-20T10:00:00Z,0.10999,0.11020,0.10989,0.10991,7886875
2024-01-20T11:00:00Z,0.10992,0.11024,0.10972,0.11018,12605691
2024-01-20T12:00:00Z,0.11019,0.11031,0.11001,0.11010,9432244
2024-01-20T13:00:00Z,0.11010,0.11012,0.10998,0.11007,6310990
2024-01-20T14:00:00Z,0.11007,0.11008,0.10980,0.10984,10928849
2024-01-20T15:00:00Z,0.10984,0.11013,0.10957,0.11002,13573664
2024-01-20T16:00:00Z,0.11002,0.11025,0.10992,0.11002,11663146
2024-01-20T17:00:00Z,0.11002,0.11035,0.11000,0.11033,11658001
2024-01-20T18:00:00Z,0.11033,0.11050,0.11010,0.11015,9124232
2024-01-20T19:00:00Z,0.11015,0.11030,0.11005,0.11008,8845092
2024-01-20T20:00:00Z,0.11008,0.11034,0.10999,0.11021,9068535
2024-01-20T21:00:00Z,0.11021,0.11027,0.11006,0.11006,4733096
2024-01-20T22:00:00Z,0.11006,0.11024,0.11002,0.11010,5765911
2024-01-20T23:00:00Z,0.11010,0.11011,0.10975,0.10999,11280841
2024-01-21T00:00:00Z,0.10999,0.11003,0.10967,0.10976,15169816
2024-01-21T01:00:00Z,0.10976,0.10994,0.10957,0.10978,8074510
2024-01-21T02:00:00Z,0.10978,0.11138,0.10972,0.11117,42419487
2024-01-21T03:00:00Z,0.11117,0.11176,0.11108,0.11143,30543117
2024-01-21T04:00:00Z,0.11142,0.11156,0.11091,0.11091,16032333
2024-01-21T05:00:00Z,0.11092,0.11115,0.11083,0.11090,8382553
2024-01-21T06:00:00Z,0.11090,0.11092,0.11067,0.11070,9553103
2024-01-21T07:00:00Z,0.11070,0.11085,0.11066,0.11079,6930495
2024-01-21T08:00:00Z,0.11079,0.11088,0.11063,0.11068,5883533
2024-01-21T09:00:00Z,0.11067,0.11081,0.11060,0.11072,5629224
2024-01-21T10:00:00Z,0.11072,0.11088,0.11060,0.11082,7377343
2024-01-21T11:00:00Z,0.11081,0.11086,0.11070,0.11081,5331707
2024-01-21T12:00:00Z,0.11081,0.11090,0.11076,0.11084,5122202
2024-01-21T13:00:00Z,0.11083,0.11096,0.11073,0.11095,6133542
2024-01-21T14:00:00Z,0.11095,0.11099,0.11050,0.11056,10707549
2024-01-21T15:00:00Z,0.11057,0.11065,0.11016,0.11027,15303611
2024-01-21T16:00:00Z,0.11026,0.11027,0.10984,0.10994,17279273
2024-01-21T17:00:00Z,0.10995,0.11012,0.10991,0.11005,8275588
2024-01-21T18:00:00Z,0.11004,0.11047,0.10995,0.11022,14324324
2024-01-21T19:00:00Z,0.11022,0.11027,0.10911,0.10945,42883984
2024-01-21T20:00:00Z,0.10945,0.10958,0.10903,0.10912,17683270
2024-01-21T21:00:00Z,0.10912,0.10926,0.10904,0.10922,10676173
2024-01-21T22:00:00Z,0.10921,0.10930,0.10893,0.10900,7094584
2024-01-21T23:00:00Z,0.10901,0.10910,0.10877,0.10883,9722396
2024-01-22T00:00:00Z,0.10883,0.10903,0.10868,0.10888,14391427
2024-01-22T01:00:00Z,0.10887,0.10893,0.10821,0.10834,21700033
2024-01-22T02:00:00Z,0.10834,0.10849,0.10816,0.10830,9109831
2024-01-22T03:00:00Z,0.10831,0.10833,0.10804,0.10824,14698991
2024-01-22T04:00:00Z,0.10825,0.10833,0.10805,0.10814,11748657
2024-01-22T05:00:00Z,0.10815,0.10884,0.10795,0.10884,13331395
2024-01-22T06:00:00Z,0.10883,0.10912,0.10876,0.10910,13353395
2024-01-22T07:00:00Z,0.10909,0.10917,0.10897,0.10911,9169033
2024-01-22T08:00:00Z,0.10911,0.10915,0.10859,0.10880,21932914
2024-01-22T09:00:00Z,0.10879,0.10899,0.10824,0.10838,23925815
2024-01-22T10:00:00Z,0.10838,0.10859,0.10782,0.10855,33928726
2024-01-22T11:00:00Z,0.10855,0.10904,0.10855,0.10900,14429216
2024-01-22T12:00:00Z,0.10901,0.10930,0.10890,0.10903,22368687
2024-01-22T13:00:00Z,0.10903,0.10919,0.10886,0.10909,19199463
2024-01-22T14:00:00Z,0.10908,0.10937,0.10877,0.10915,22616391
2024-01-22T15:00:00Z,0.10915,0.10959,0.10876,0.10958,31902214
2024-01-22T16:00:00Z,0.10957,0.10983,0.10926,0.10938,19762708
2024-01-22T17:00:00Z,0.10937,0.10962,0.10927,0.10953,12515395
2024-01-22T18:00:00Z,0.10952,0.10971,0.10895,0.10951,21283413
2024-01-22T19:00:00Z,0.10952,0.10967,0.10843,0.10905,51311206
2024-01-22T20:00:00Z,0.10905,0.10990,0.10903,0.10963,28300826
2024-01-22T21:00:00Z,0.10962,0.10967,0.10927,0.10961,12287581
2024-01-22T22:00:00Z,0.10960,0.10979,0.10919,0.10939,12354753
2024-01-22T23:00:00Z,0.10939,0.10939,0.10903,0.10927,10856982
2024-01-23T00:00:00Z,0.10927,0.10982,0.10919,0.10935,24528772
2024-01-23T01:00:00Z,0.10934,0.10950,0.10912,0.10936,12736623
2024-01-23T02:00:00Z,0.10936,0.10968,0.10930,0.10962,12789580
2024-01-23T03:00:00Z,0.10962,0.10967,0.10933,0.10952,15222402
2024-01-23T04:00:00Z,0.10951,0.10980,0.10948,0.10965,18921079
2024-01-23T05:00:00Z,0.10964,0.11000,0.10956,0.10996,23160052
2024-01-23T06:00:00Z,0.10995,0.10996,0.10958,0.10971,15913246
2024-01-23T07:00:00Z,0.10971,0.10987,0.10934,0.10951,23798388
2024-01-23T08:00:00Z,0.10950,0.10951,0.10773,0.10812,82534144
2024-01-23T09:00:00Z,0.10812,0.10826,0.10709,0.10715,80652124
2024-01-23T10:00:00Z,0.10714,0.10767,0.10687,0.10693,40657099
2024-01-23T11:00:00Z,0.10692,0.10710,0.10660,0.10702,35285158
2024-01-23T12:00:00Z,0.10702,0.10747,0.10679,0.10742,28645173
2024-01-23T13:00:00Z,0.10742,0.10742,0.10668,0.10672,21714286
2024-01-23T14:00:00Z,0.10671,0.10704,0.10604,0.10699,48206873
2024-01-23T15:00:00Z,0.10698,0.10731,0.10679,0.10726,29956169
2024-01-23T16:00:00Z,0.10725,0.10730,0.10687,0.10714,19502080
2024-01-23T17:00:00Z,0.10714,0.10727,0.10664,0.10675,17523066
2024-01-23T18:00:00Z,0.10674,0.10693,0.10637,0.10639,19452051
2024-01-23T19:00:00Z,0.10640,0.10676,0.10639,0.10659,13886532
2024-01-23T20:00:00Z,0.10658,0.10680,0.10640,0.10661,13710586
2024-01-23T21:00:00Z,0.10660,0.10674,0.10632,0.10658,13920159
2024-01-23T22:00:00Z,0.10656,0.10682,0.10649,0.10676,10855460
2024-01-23T23:00:00Z,0.10676,0.10727,0.10676,0.10719,16212983
2024-01-24T00:00:00Z,0.10719,0.10742,0.10700,0.10736,20194140
2024-01-24T01:00:00Z,0.10737,0.10763,0.10687,0.10697,18412295
2024-01-24T02:00:00Z,0.10697,0.10729,0.10690,0.10708,9749610
2024-01-24T03:00:00Z,0.10709,0.10712,0.10684,0.10703,9775792
2024-01-24T04:00:00Z,0.10703,0.10718,0.10697,0.10708,8538974
2024-01-24T05:00:00Z,0.10707,0.10729,0.10701,0.10724,7820106
2024-01-24T06:00:00Z,0.10723,0.10729,0.10693,0.10714,10845018
2024-01-24T07:00:00Z,0.10715,0.10739,0.10704,0.10721,12041692
2024-01-24T08:00:00Z,0.10720,0.10761,0.10718,0.10748,14268651
2024-01-24T09:00:00Z,0.10748,0.10824,0.10743,0.10822,23654801
2024-01-24T10:00:00Z,0.10821,0.10860,0.10800,0.10840,19347647
2024-01-24T11:00:00Z,0.10839,0.10845,0.10805,0.10828,15746376
2024-01-24T12:00:00Z,0.10827,0.10867,0.10817,0.10828,17413074
2024-01-24T13:00:00Z,0.10827,0.10858,0.10812,0.10833,18280661
2024-01-24T14:00:00Z,0.10832,0.10863,0.10824,0.10836,15292735
2024-01-24T15:00:00Z,0.10835,0.10870,0.10827,0.10859,11260741
2024-01-24T16:00:00Z,0.10858,0.10876,0.10833,0.10856,13652193
2024-01-24T17:00:00Z,0.10856,0.10884,0.10843,0.10873,10643212
2024-01-24T18:00:00Z,0.10872,0.10874,0.10804,0.10831,16960582
2024-01-24T19:00:00Z,0.10831,0.10845,0.10815,0.10842,7797156
2024-01-24T20:00:00Z,0.10841,0.10857,0.10817,0.10831,10636343
2024-01-24T21:00:00Z,0.10831,0.10860,0.10830,0.10859,7177272
2024-01-24T22:00:00Z,0.10859,0.10867,0.10837,0.10845,4706254
2024-01-24T23:00:00Z,0.10844,0.10886,0.10844,0.10882,9765669
2024-01-25T00:00:00Z,0.10881,0.10925,0.10853,0.10913,28329571
2024-01-25T01:00:00Z,0.10913,0.10927,0.10901,0.10914,12024672
2024-01-25T02:00:00Z,0.10913,0.10957,0.10911,0.10947,13552330
2024-01-25T03:00:00Z,0.10946,0.10990,0.10941,0.10978,12571688
2024-01-25T04:00:00Z,0.10977,0.10998,0.10977,0.10994,11478048
2024-01-25T05:00:00Z,0.10993,0.10994,0.10957,0.10971,12957157
2024-01-25T06:00:00Z,0.10971,0.11049,0.10971,0.11045,19972984
2024-01-25T07:00:00Z,0.11045,0.11082,0.11026,0.11080,24344698
2024-01-25T08:00:00Z,0.11081,0.11114,0.11076,0.11108,26186371
2024-01-25T09:00:00Z,0.11108,0.11147,0.11101,0.11118,20826574
2024-01-25T10:00:00Z,0.11117,0.11144,0.11113,0.11132,25059656
2024-01-25T11:00:00Z,0.11133,0.11175,0.11122,0.11159,21478936
2024-01-25T12:00:00Z,0.11158,0.11198,0.11124,0.11149,47094092
2024-01-25T13:00:00Z,0.11149,0.11160,0.11091,0.11123,40425833
2024-01-25T14:00:00Z,0.11123,0.11160,0.11101,0.11151,24756515
2024-01-25T15:00:00Z,0.11151,0.11167,0.11085,0.11096,30274340
2024-01-25T16:00:00Z,0.11096,0.11135,0.11092,0.11097,21163957
2024-01-25T17:00:00Z,0.11096,0.11148,0.11092,0.11146,19842502
2024-01-25T18:00:00Z,0.11145,0.11166,0.11106,0.11125,19287413
2024-01-25T19:00:00Z,0.11124,0.11127,0.11066,0.11095,28582163
2024-01-25T20:00:00Z,0.11095,0.11133,0.11084,0.11133,18144729
2024-01-25T21:00:00Z,0.11132,0.11152,0.11125,0.11147,13781265
2024-01-25T22:00:00Z,0.11146,0.11256,0.11144,0.11236,30863985
2024-01-25T23:00:00Z,0.11235,0.11246,0.11197,0.11212,18442105
2024-01-26T00:00:00Z,0.11211,0.11285,0.11206,0.11273,39754067
2024-01-26T01:00:00Z,0.11273,0.11280,0.11250,0.11276,15548435
2024-01-26T02:00:00Z,0.11275,0.11282,0.11245,0.11270,16540214
2024-01-26T03:00:00Z,0.11270,0.11383,0.11270,0.11347,38283890
2024-01-26T04:00:00Z,0.11346,0.11388,0.11335,0.11348,20777182
2024-01-26T05:00:00Z,0.11348,0.11414,0.11346,0.11400,22261521
2024-01-26T06:00:00Z,0.11400,0.11439,0.11335,0.11336,29302949
2024-01-26T07:00:00Z,0.11336,0.11372,0.11313,0.11348,30412822
2024-01-26T08:00:00Z,0.11348,0.11408,0.11341,0.11405,33298684
2024-01-26T09:00:00Z,0.11404,0.11414,0.11351,0.11354,21459245
2024-01-26T10:00:00Z,0.11353,0.11461,0.11349,0.11446,39573042
2024-01-26T11:00:00Z,0.11446,0.11521,0.11440,0.11475,54437041
2024-01-26T12:00:00Z,0.11475,0.11499,0.11452,0.11479,29423848
2024-01-26T13:00:00Z,0.11479,0.11514,0.11474,0.11487,17531632
2024-01-26T14:00:00Z,0.11486,0.11500,0.11467,0.11487,14684637
2024-01-26T15:00:00Z,0.11487,0.11502,0.11455,0.11496,16682217
2024-01-26T16:00:00Z,0.11496,0.11524,0.11480,0.11483,21486862
2024-01-26T17:00:00Z,0.11484,0.11494,0.11449,0.11476,14906573
2024-01-26T18:00:00Z,0.11476,0.11511,0.11474,0.11498,12748539
2024-01-26T19:00:00Z,0.11498,0.11498,0.11459,0.11465,12995835
2024-01-26T20:00:00Z,0.11465,0.11488,0.11429,0.11441,22200713
2024-01-26T21:00:00Z,0.11442,0.11461,0.11434,0.11461,10146858
2024-01-26T22:00:00Z,0.11461,0.11465,0.11449,0.11462,8399516
2024-01-26T23:00:00Z,0.11463,0.11463,0.11431,0.11442,9209451
2024-01-27T00:00:00Z,0.11443,0.11631,0.11441,0.11610,48008567
2024-01-27T01:00:00Z,0.11610,0.11667,0.11540,0.11554,50598730
2024-01-27T02:00:00Z,0.11554,0.11568,0.11531,0.11538,13536407
2024-01-27T03:00:00Z,0.11539,0.11559,0.11518,0.11541,11664305
2024-01-27T04:00:00Z,0.11541,0.11547,0.11502,0.11503,15712356
2024-01-27T05:00:00Z,0.11502,0.11526,0.11480,0.11499,11886864
2024-01-27T06:00:00Z,0.11499,0.11510,0.11484,0.11510,9070290
2024-01-27T07:00:00Z,0.11510,0.11523,0.11488,0.11504,12509079
2024-01-27T08:00:00Z,0.11503,0.11524,0.11476,0.11482,17392600
2024-01-27T09:00:00Z,0.11483,0.11495,0.11472,0.11479,7409698
2024-01-27T10:00:00Z,0.11480,0.11489,0.11464,0.11465,11199652
2024-01-27T11:00:00Z,0.11466,0.11476,0.11451,0.11458,8839557
2024-01-27T12:00:00Z,0.11458,0.11470,0.11393,0.11423,22868166
2024-01-27T13:00:00Z,0.11424,0.11430,0.11284,0.11305,72804073
2024-01-27T14:00:00Z,0.11305,0.11333,0.11287,0.11320,15839813
2024-01-27T15:00:00Z,0.11321,0.11345,0.11309,0.11330,13895771
2024-01-27T16:00:00Z,0.11330,0.11338,0.11291,0.11293,13089338
2024-01-27T17:00:00Z,0.11294,0.11297,0.11175,0.11241,45452015
2024-01-27T18:00:00Z,0.11242,0.11273,0.11227,0.11266,11523039
2024-01-27T19:00:00Z,0.11267,0.11272,0.11246,0.11247,6809663
2024-01-27T20:00:00Z,0.11246,0.11255,0.11234,0.11249,10231791
2024-01-27T21:00:00Z,0.11249,0.11259,0.11239,0.11253,6318915
2024-01-27T22:00:00Z,0.11254,0.11254,0.11221,0.11226,8792804
2024-01-27T23:00:00Z,0.11226,0.11241,0.11207,0.11237,11162502
2024-01-28T00:00:00Z,0.11236,0.11242,0.11174,0.11195,21041245
2024-01-28T01:00:00Z,0.11196,0.11266,0.11190,0.11248,17333258
2024-01-28T02:00:00Z,0.11248,0.11293,0.11245,0.11286,14573900
2024-01-28T03:00:00Z,0.11287,0.11322,0.11280,0.11317,10232213
2024-01-28T04:00:00Z,0.11317,0.11336,0.11305,0.11332,11949703
2024-01-28T05:00:00Z,0.11332,0.11351,0.11297,0.11306,15994807
2024-01-28T06:00:00Z,0.11307,0.11308,0.11276,0.11282,9579464
2024-01-28T07:00:00Z,0.11283,0.11294,0.11269,0.11274,7906136
2024-01-28T08:00:00Z,0.11275,0.11331,0.11268,0.11320,25585221
2024-01-28T09:00:00Z,0.11321,0.11325,0.11286,0.11309,14415247
2024-01-28T10:00:00Z,0.11310,0.11321,0.11267,0.11268,19590680
2024-01-28T11:00:00Z,0.11268,0.11275,0.11201,0.11212,31024250
2024-01-28T12:00:00Z,0.11212,0.11212,0.11138,0.11201,34235966
2024-01-28T13:00:00Z,0.11202,0.11202,0.11177,0.11196,9948837
2024-01-28T14:00:00Z,0.11196,0.11209,0.11179,0.11188,8997825
2024-01-28T15:00:00Z,0.11189,0.11218,0.11188,0.11211,7729841
2024-01-28T16:00:00Z,0.11211,0.11222,0.11193,0.11211,13779998
2024-01-28T17:00:00Z,0.11212,0.11230,0.11203,0.11230,7078221
2024-01-28T18:00:00Z,0.11230,0.11243,0.11201,0.11211,14881961
2024-01-28T19:00:00Z,0.11211,0.11232,0.11185,0.11204,10447456
2024-01-28T20:00:00Z,0.11205,0.11209,0.11161,0.11204,13493081
2024-01-28T21:00:00Z,0.11205,0.11215,0.11186,0.11210,7783923
2024-01-28T22:00:00Z,0.11210,0.11216,0.11183,0.11190,7467571
2024-01-28T23:00:00Z,0.11190,0.11226,0.11185,0.11218,10669381
2024-01-29T00:00:00Z,0.11218,0.11257,0.11197,0.11250,12212182
2024-01-29T01:00:00Z,0.11250,0.11298,0.11250,0.11272,15278337
2024-01-29T02:00:00Z,0.11272,0.11286,0.11260,0.11284,9076629
2024-01-29T03:00:00Z,0.11284,0.11309,0.11275,0.11293,10491855
2024-01-29T04:00:00Z,0.11293,0.11326,0.11286,0.11324,8813092
2024-01-29T05:00:00Z,0.11323,0.11335,0.11310,0.11314,7002184
2024-01-29T06:00:00Z,0.11313,0.11318,0.11300,0.11316,8546376
2024-01-29T07:00:00Z,0.11316,0.11329,0.11303,0.11324,7975357
2024-01-29T08:00:00Z,0.11323,0.11393,0.11319,0.11367,26357424
2024-01-29T09:00:00Z,0.11366,0.11369,0.11328,0.11355,15813707
2024-01-29T10:00:00Z,0.11356,0.11382,0.11353,0.11380,8540001
2024-01-29T11:00:00Z,0.11380,0.11384,0.11342,0.11353,8386115
2024-01-29T12:00:00Z,0.11353,0.11373,0.11244,0.11262,46701099
2024-01-29T13:00:00Z,0.11261,0.11262,0.11220,0.11255,18735646
2024-01-29T14:00:00Z,0.11256,0.11340,0.11254,0.11313,35812833
2024-01-29T15:00:00Z,0.11313,0.11432,0.11306,0.11419,37798804
2024-01-29T16:00:00Z,0.11419,0.11428,0.11235,0.11284,67416540
2024-01-29T17:00:00Z,0.11285,0.11319,0.11276,0.11293,22469927
2024-01-29T18:00:00Z,0.11293,0.11312,0.11286,0.11302,12047721
2024-01-29T19:00:00Z,0.11301,0.11316,0.11276,0.11283,10700875
2024-01-29T20:00:00Z,0.11284,0.11330,0.11282,0.11313,11430405
2024-01-29T21:00:00Z,0.11313,0.11327,0.11296,0.11300,7857887
2024-01-29T22:00:00Z,0.11301,0.11315,0.11287,0.11312,5271926
2024-01-29T23:00:00Z,0.11312,0.11315,0.11289,0.11296,10608770
2024-01-30T00:00:00Z,0.11296,0.11303,0.11161,0.11218,36079428
2024-01-30T01:00:00Z,0.11219,0.11259,0.11210,0.11241,13277002
2024-01-30T02:00:00Z,0.11242,0.11278,0.11237,0.11249,13379281
2024-01-30T03:00:00Z,0.11249,0.11256,0.11225,0.11249,10398294
2024-01-30T04:00:00Z,0.11250,0.11256,0.11222,0.11241,13418752
2024-01-30T05:00:00Z,0.11241,0.11244,0.11208,0.11216,11530462
2024-01-30T06:00:00Z,0.11216,0.11216,0.11159,0.11181,18802988
2024-01-30T07:00:00Z,0.11181,0.11207,0.11177,0.11206,10455714
2024-01-30T08:00:00Z,0.11206,0.11221,0.11189,0.11206,11851008
2024-01-30T09:00:00Z,0.11205,0.11224,0.11199,0.11218,10344190
2024-01-30T10:00:00Z,0.11218,0.11256,0.11208,0.11249,10616055
2024-01-30T11:00:00Z,0.11249,0.11262,0.11236,0.11259,11478547
2024-01-30T12:00:00Z,0.11260,0.11260,0.11170,0.11190,26605052
2024-01-30T13:00:00Z,0.11190,0.11206,0.11163,0.11180,15863577
2024-01-30T14:00:00Z,0.11180,0.11192,0.11164,0.11189,10651649
2024-01-30T15:00:00Z,0.11190,0.11216,0.11174,0.11213,13394545
2024-01-30T16:00:00Z,0.11212,0.11226,0.11192,0.11222,18033491
2024-01-30T17:00:00Z,0.11221,0.11234,0.11205,0.11224,9246805
2024-01-30T18:00:00Z,0.11223,0.11260,0.11223,0.11235,13560753
2024-01-30T19:00:00Z,0.11234,0.11262,0.11229,0.11243,9137169
2024-01-30T20:00:00Z,0.11243,0.11251,0.11225,0.11227,6441409
2024-01-30T21:00:00Z,0.11228,0.11229,0.11214,0.11227,8138638
2024-01-30T22:00:00Z,0.11227,0.11248,0.11226,0.11229,8486559
2024-01-30T23:00:00Z,0.11228,0.11247,0.11180,0.11195,21349209
2024-01-31T00:00:00Z,0.11194,0.11214,0.11132,0.11169,31905939
2024-01-31T01:00:00Z,0.11168,0.11187,0.11142,0.11152,13993797
2024-01-31T02:00:00Z,0.11152,0.11198,0.11128,0.11194,13188847
2024-01-31T03:00:00Z,0.11194,0.11212,0.11184,0.11211,9478032
2024-01-31T04:00:00Z,0.11211,0.11249,0.11197,0.11248,16306420
2024-01-31T05:00:00Z,0.11248,0.11277,0.11236,0.11272,18086901
2024-01-31T06:00:00Z,0.11272,0.11337,0.11255,0.11263,35542504
2024-01-31T07:00:00Z,0.11262,0.11329,0.11262,0.11316,21241914
2024-01-31T08:00:00Z,0.11315,0.11360,0.11282,0.11317,35438082
2024-01-31T09:00:00Z,0.11318,0.11355,0.11272,0.11301,42557101
2024-01-31T10:00:00Z,0.11301,0.11327,0.11233,0.11239,38156503
2024-01-31T11:00:00Z,0.11238,0.11264,0.11230,0.11254,21438700
2024-01-31T12:00:00Z,0.11253,0.11292,0.11249,0.11277,17119206
2024-01-31T13:00:00Z,0.11276,0.11312,0.11227,0.11250,23750669
2024-01-31T14:00:00Z,0.11249,0.11250,0.11179,0.11231,28521919
2024-01-31T15:00:00Z,0.11230,0.11279,0.11169,0.11277,38029575
2024-01-31T16:00:00Z,0.11277,0.11291,0.11256,0.11263,16639496
2024-01-31T17:00:00Z,0.11263,0.11277,0.11234,0.11275,12920907
2024-01-31T18:00:00Z,0.11274,0.11311,0.11237,0.11301,26806863
2024-01-31T19:00:00Z,0.11300,0.11351,0.11273,0.11294,30754378
2024-01-31T20:00:00Z,0.11295,0.11320,0.11211,0.11249,42694218
2024-01-31T21:00:00Z,0.11249,0.11290,0.11195,0.11226,36141310
2024-01-31T22:00:00Z,0.11226,0.11229,0.11187,0.11225,19493425
2024-01-31T23:00:00Z,0.11225,0.11234,0.11206,0.11218,13577566
2024-02-01T00:00:00Z,0.11217,0.11310,0.11217,0.11277,32257230
2024-02-01T01:00:00Z,0.11276,0.11285,0.11162,0.11177,41967050
2024-02-01T02:00:00Z,0.11176,0.11233,0.11171,0.11233,16458295
2024-02-01T03:00:00Z,0.11232,0.11278,0.11226,0.11265,20678171
2024-02-01T04:00:00Z,0.11263,0.11274,0.11232,0.11248,14402475
2024-02-01T05:00:00Z,0.11248,0.11296,0.11241,0.11286,13204820
2024-02-01T06:00:00Z,0.11286,0.11295,0.11271,0.11282,13178338
2024-02-01T07:00:00Z,0.11283,0.11316,0.11270,0.11305,15526849
2024-02-01T08:00:00Z,0.11306,0.11309,0.11282,0.11294,14237796
2024-02-01T09:00:00Z,0.11295,0.11315,0.11291,0.11313,13005027
2024-02-01T10:00:00Z,0.11312,0.11376,0.11301,0.11334,31465062
2024-02-01T11:00:00Z,0.11334,0.11371,0.11326,0.11331,22823491
2024-02-01T12:00:00Z,0.11330,0.11396,0.11330,0.11374,31141917
2024-02-01T13:00:00Z,0.11374,0.11478,0.11361,0.11442,101064223
2024-02-01T14:00:00Z,0.11441,0.11490,0.11441,0.11465,42918169
2024-02-01T15:00:00Z,0.11464,0.11508,0.11460,0.11471,36781347
2024-02-01T16:00:00Z,0.11472,0.11523,0.11471,0.11509,48913342
2024-02-01T17:00:00Z,0.11509,0.11544,0.11488,0.11513,27385161
2024-02-01T18:00:00Z,0.11513,0.11520,0.11472,0.11497,33170602
2024-02-01T19:00:00Z,0.11497,0.11539,0.11496,0.11522,16744520
2024-02-01T20:00:00Z,0.11523,0.11561,0.11509,0.11559,24904870
2024-02-01T21:00:00Z,0.11559,0.11575,0.11543,0.11562,16289489
2024-02-01T22:00:00Z,0.11562,0.11575,0.11549,0.11555,9583947
2024-02-01T23:00:00Z,0.11555,0.11561,0.11524,0.11560,15989747
2024-02-02T00:00:00Z,0.11561,0.11580,0.11546,0.11568,22172758
2024-02-02T01:00:00Z,0.11569,0.11595,0.11563,0.11564,13681324
2024-02-02T02:00:00Z,0.11563,0.11801,0.11563,0.11716,100572372
2024-02-02T03:00:00Z,0.11716,0.11753,0.11706,0.11748,27006273
2024-02-02T04:00:00Z,0.11749,0.11772,0.11705,0.11724,32696962
2024-02-02T05:00:00Z,0.11723,0.11738,0.11711,0.11738,19091416
2024-02-02T06:00:00Z,0.11738,0.11796,0.11657,0.11735,79687625
2024-02-02T07:00:00Z,0.11735,0.11775,0.11713,0.11757,42318659
2024-02-02T08:00:00Z,0.11757,0.11773,0.11734,0.11746,21469631
2024-02-02T09:00:00Z,0.11746,0.11761,0.11737,0.11745,15025400
2024-02-02T10:00:00Z,0.11746,0.11756,0.11681,0.11728,30927103
2024-02-02T11:00:00Z,0.11728,0.11772,0.11715,0.11767,14976718
2024-02-02T12:00:00Z,0.11768,0.11772,0.11735,0.11739,15607179
2024-02-02T13:00:00Z,0.11739,0.11743,0.11688,0.11698,31065716
2024-02-02T14:00:00Z,0.11698,0.11722,0.11669,0.11677,24321255
2024-02-02T15:00:00Z,0.11678,0.11712,0.11676,0.11697,23513256
2024-02-02T16:00:00Z,0.11698,0.11700,0.11654,0.11669,19677212
2024-02-02T17:00:00Z,0.11670,0.11670,0.11633,0.11643,25771477
2024-02-02T18:00:00Z,0.11643,0.11644,0.11620,0.11631,19007457
2024-02-02T19:00:00Z,0.11631,0.11652,0.11627,0.11649,9905935
2024-02-02T20:00:00Z,0.11650,0.11650,0.11618,0.11634,11856115
2024-02-02T21:00:00Z,0.11635,0.11637,0.11617,0.11625,6506806
2024-02-02T22:00:00Z,0.11625,0.11644,0.11619,0.11631,7067020
2024-02-02T23:00:00Z,0.11632,0.11635,0.11605,0.11618,9391244
2024-02-03T00:00:00Z,0.11618,0.11626,0.11601,0.11607,20022775
2024-02-03T01:00:00Z,0.11607,0.11642,0.11607,0.11635,10343298
2024-02-03T02:00:00Z,0.11635,0.11648,0.11612,0.11618,11303156
2024-02-03T03:00:00Z,0.11618,0.11622,0.11602,0.11606,7259871
2024-02-03T04:00:00Z,0.11607,0.11650,0.11605,0.11629,11069027
2024-02-03T05:00:00Z,0.11629,0.11634,0.11611,0.11615,5728205
2024-02-03T06:00:00Z,0.11616,0.11618,0.11602,0.11605,5229886
2024-02-03T07:00:00Z,0.11605,0.11625,0.11591,0.11604,8715241
2024-02-03T08:00:00Z,0.11605,0.11629,0.11604,0.11612,9016299
2024-02-03T09:00:00Z,0.11612,0.11646,0.11606,0.11645,7772793
2024-02-03T10:00:00Z,0.11645,0.11662,0.11628,0.11657,10806699
2024-02-03T11:00:00Z,0.11658,0.11658,0.11606,0.11630,11473382
2024-02-03T12:00:00Z,0.11630,0.11649,0.11630,0.11649,5989391
2024-02-03T13:00:00Z,0.11649,0.11710,0.11648,0.11691,20984842
2024-02-03T14:00:00Z,0.11691,0.11715,0.11681,0.11709,13360601
2024-02-03T15:00:00Z,0.11709,0.11738,0.11681,0.11726,17545400
2024-02-03T16:00:00Z,0.11727,0.11734,0.11700,0.11701,12339112
2024-02-03T17:00:00Z,0.11701,0.11728,0.11698,0.11723,9641922
2024-02-03T18:00:00Z,0.11724,0.11730,0.11706,0.11708,5370924
2024-02-03T19:00:00Z,0.11708,0.11722,0.11704,0.11718,6140170
2024-02-03T20:00:00Z,0.11718,0.11730,0.11715,0.11720,4595667
2024-02-03T21:00:00Z,0.11720,0.11731,0.11715,0.11723,5333384
2024-02-03T22:00:00Z,0.11724,0.11732,0.11720,0.11724,7237628
2024-02-03T23:00:00Z,0.11724,0.11737,0.11709,0.11719,9208489
2024-02-04T00:00:00Z,0.11719,0.11726,0.11688,0.11713,21174319
2024-02-04T01:00:00Z,0.11713,0.11740,0.11698,0.11713,10097444
2024-02-04T02:00:00Z,0.11713,0.11714,0.11698,0.11708,6227957
2024-02-04T03:00:00Z,0.11708,0.11717,0.11692,0.11701,4944390
2024-02-04T04:00:00Z,0.11702,0.11704,0.11691,0.11697,7480441
2024-02-04T05:00:00Z,0.11697,0.11707,0.11693,0.11693,9219525
2024-02-04T06:00:00Z,0.11694,0.11699,0.11685,0.11691,12402788
2024-02-04T07:00:00Z,0.11691,0.11717,0.11683,0.11709,12309602
2024-02-04T08:00:00Z,0.11709,0.11725,0.11693,0.11698,10065886
2024-02-04T09:00:00Z,0.11698,0.11728,0.11677,0.11710,18539819
2024-02-04T10:00:00Z,0.11710,0.11780,0.11702,0.11777,30233629
2024-02-04T11:00:00Z,0.11778,0.11865,0.11772,0.11837,45960104
2024-02-04T12:00:00Z,0.11837,0.11904,0.11837,0.11849,45850440
2024-02-04T13:00:00Z,0.11849,0.11895,0.11828,0.11849,28892881
2024-02-04T14:00:00Z,0.11849,0.11861,0.11819,0.11839,27206178
2024-02-04T15:00:00Z,0.11839,0.11856,0.11823,0.11846,15080638
2024-02-04T16:00:00Z,0.11846,0.11848,0.11815,0.11824,14261652
2024-02-04T17:00:00Z,0.11825,0.11858,0.11815,0.11853,13691370
2024-02-04T18:00:00Z,0.11854,0.11859,0.11826,0.11845,11986995
2024-02-04T19:00:00Z,0.11845,0.11871,0.11815,0.11824,17954816
2024-02-04T20:00:00Z,0.11824,0.11881,0.11808,0.11866,17316983
2024-02-04T21:00:00Z,0.11867,0.11888,0.11867,0.11876,12683511
2024-02-04T22:00:00Z,0.11875,0.11900,0.11811,0.11836,27577529
2024-02-04T23:00:00Z,0.11837,0.11849,0.11810,0.11840,18071208
2024-02-05T00:00:00Z,0.11840,0.11853,0.11788,0.11845,32200345
2024-02-05T01:00:00Z,0.11844,0.11882,0.11804,0.11882,34806721
2024-02-05T02:00:00Z,0.11883,0.11909,0.11874,0.11893,21919658
2024-02-05T03:00:00Z,0.11892,0.11938,0.11884,0.11920,21014863
2024-02-05T04:00:00Z,0.11921,0.11980,0.11915,0.11958,28763008
2024-02-05T05:00:00Z,0.11960,0.11999,0.11941,0.11978,22499578
2024-02-05T06:00:00Z,0.11979,0.11988,0.11940,0.11944,15328748
2024-02-05T07:00:00Z,0.11945,0.11956,0.11924,0.11930,16895791
2024-02-05T08:00:00Z,0.11931,0.11931,0.11889,0.11898,19526009
2024-02-05T09:00:00Z,0.11899,0.11911,0.11892,0.11901,9330856
2024-02-05T10:00:00Z,0.11902,0.11943,0.11897,0.11929,18220393
2024-02-05T11:00:00Z,0.11929,0.11941,0.11911,0.11940,15196194
2024-02-05T12:00:00Z,0.11939,0.11940,0.11898,0.11899,14427023
2024-02-05T13:00:00Z,0.11900,0.11923,0.11893,0.11911,12332488
2024-02-05T14:00:00Z,0.11910,0.11911,0.11855,0.11867,41376179
2024-02-05T15:00:00Z,0.11867,0.11914,0.11826,0.11838,31626166
2024-02-05T16:00:00Z,0.11838,0.11859,0.11822,0.11839,22236796
2024-02-05T17:00:00Z,0.11838,0.11840,0.11742,0.11785,76644810
2024-02-05T18:00:00Z,0.11785,0.11816,0.11770,0.11792,47304968
2024-02-05T19:00:00Z,0.11793,0.12057,0.11788,0.11871,149672082
2024-02-05T20:00:00Z,0.11872,0.11895,0.11800,0.11867,35683333
2024-02-05T21:00:00Z,0.11867,0.11875,0.11841,0.11873,15381445
2024-02-05T22:00:00Z,0.11872,0.11905,0.11855,0.11877,15212731
2024-02-05T23:00:00Z,0.11877,0.11905,0.11873,0.11892,13536054
2024-02-06T00:00:00Z,0.11892,0.11946,0.11883,0.11941,22909499
2024-02-06T01:00:00Z,0.11941,0.11968,0.11926,0.11936,20714624
2024-02-06T02:00:00Z,0.11936,0.11973,0.11932,0.11964,15375397
2024-02-06T03:00:00Z,0.11965,0.11973,0.11948,0.11957,18184970
2024-02-06T04:00:00Z,0.11956,0.11970,0.11949,0.11960,10269401
2024-02-06T05:00:00Z,0.11960,0.11989,0.11943,0.11966,20806721
2024-02-06T06:00:00Z,0.11966,0.11986,0.11943,0.11972,20785149
2024-02-06T07:00:00Z,0.11972,0.12050,0.11964,0.12017,33206085
2024-02-06T08:00:00Z,0.12017,0.12803,0.12003,0.12474,325352362
2024-02-06T09:00:00Z,0.12475,0.12497,0.12242,0.12331,146215914
2024-02-06T10:00:00Z,0.12331,0.12335,0.12131,0.12170,79671872
2024-02-06T11:00:00Z,0.12171,0.12205,0.12103,0.12190,43507532
2024-02-06T12:00:00Z,0.12190,0.12207,0.12010,0.12059,70577078
2024-02-06T13:00:00Z,0.12060,0.12161,0.12026,0.12067,48884302
2024-02-06T14:00:00Z,0.12066,0.12104,0.12014,0.12058,39744839
2024-02-06T15:00:00Z,0.12057,0.12133,0.12037,0.12116,21661418
2024-02-06T16:00:00Z,0.12116,0.12184,0.12062,0.12122,37977855
2024-02-06T17:00:00Z,0.12121,0.12206,0.12108,0.12196,23133732
2024-02-06T18:00:00Z,0.12195,0.12239,0.12162,0.12194,38016668
2024-02-06T19:00:00Z,0.12193,0.12262,0.12149,0.12234,18088104
2024-02-06T20:00:00Z,0.12233,0.12243,0.12139,0.12150,23554917
2024-02-06T21:00:00Z,0.12150,0.12176,0.12125,0.12138,15825658
2024-02-06T22:00:00Z,0.12139,0.12168,0.12127,0.12156,9620583
2024-02-06T23:00:00Z,0.12156,0.12157,0.12072,0.12097,19834569
2024-02-07T00:00:00Z,0.12097,0.12251,0.12078,0.12251,27201127
2024-02-07T01:00:00Z,0.12250,0.12274,0.12217,0.12269,21970911
2024-02-07T02:00:00Z,0.12268,0.12278,0.12249,0.12260,12814379
2024-02-07T03:00:00Z,0.12260,0.12277,0.12249,0.12277,11333093
2024-02-07T04:00:00Z,0.12277,0.12336,0.12236,0.12336,39030806
2024-02-07T05:00:00Z,0.12336,0.12424,0.12307,0.12408,46784863
2024-02-07T06:00:00Z,0.12406,0.12454,0.12288,0.12398,48648964
2024-02-07T07:00:00Z,0.12398,0.12467,0.12371,0.12460,47269501
2024-02-07T08:00:00Z,0.12460,0.12513,0.12411,0.12465,60674689
2024-02-07T09:00:00Z,0.12465,0.12562,0.12410,0.12421,57621657
2024-02-07T10:00:00Z,0.12421,0.12433,0.12324,0.12408,68534384
2024-02-07T11:00:00Z,0.12409,0.12468,0.12366,0.12413,44656594
2024-02-07T12:00:00Z,0.12413,0.12451,0.12362,0.12436,28658517
2024-02-07T13:00:00Z,0.12435,0.12587,0.12421,0.12504,49064247
2024-02-07T14:00:00Z,0.12503,0.12631,0.12471,0.12558,55368005
2024-02-07T15:00:00Z,0.12558,0.12635,0.12539,0.12571,56790761
2024-02-07T16:00:00Z,0.12570,0.12634,0.12479,0.12551,40835219
2024-02-07T17:00:00Z,0.12550,0.12600,0.12506,0.12541,30202943
2024-02-07T18:00:00Z,0.12541,0.12547,0.12485,0.12497,15359995
2024-02-07T19:00:00Z,0.12497,0.12506,0.12454,0.12460,17282410
2024-02-07T20:00:00Z,0.12460,0.12525,0.12428,0.12470,24184517
2024-02-07T21:00:00Z,0.12470,0.12496,0.12452,0.12470,13949068
2024-02-07T22:00:00Z,0.12470,0.12471,0.12374,0.12385,21043777
2024-02-07T23:00:00Z,0.12385,0.12388,0.12320,0.12356,18050669
2024-02-08T00:00:00Z,0.12356,0.12439,0.12346,0.12410,23543533
2024-02-08T01:00:00Z,0.12409,0.12410,0.12341,0.12381,16510497
2024-02-08T02:00:00Z,0.12381,0.12386,0.12344,0.12383,13555315
2024-02-08T03:00:00Z,0.12382,0.12481,0.12367,0.12478,22087532
2024-02-08T04:00:00Z,0.12478,0.12509,0.12437,0.12496,25294318
2024-02-08T05:00:00Z,0.12495,0.12668,0.12476,0.12628,54854445
2024-02-08T06:00:00Z,0.12627,0.12681,0.12507,0.12520,61371942
2024-02-08T07:00:00Z,0.12519,0.12527,0.12151,0.12167,112575652
2024-02-08T08:00:00Z,0.12168,0.12210,0.12099,0.12194,71213259
2024-02-08T09:00:00Z,0.12193,0.12218,0.12178,0.12195,26313497
2024-02-08T10:00:00Z,0.12195,0.12216,0.12179,0.12185,25546921
2024-02-08T11:00:00Z,0.12184,0.12249,0.12156,0.12219,28627544
2024-02-08T12:00:00Z,0.12219,0.12268,0.12194,0.12242,28367413
2024-02-08T13:00:00Z,0.12242,0.12244,0.12189,0.12237,18318963
2024-02-08T14:00:00Z,0.12237,0.12267,0.12225,0.12260,18168191
2024-02-08T15:00:00Z,0.12259,0.12309,0.12242,0.12307,44219432
2024-02-08T16:00:00Z,0.12306,0.12306,0.12228,0.12256,24491438
2024-02-08T17:00:00Z,0.12256,0.12277,0.12202,0.12214,19342614
2024-02-08T18:00:00Z,0.12213,0.12232,0.12193,0.12229,13265202
2024-02-08T19:00:00Z,0.12229,0.12237,0.12200,0.12205,10999896
2024-02-08T20:00:00Z,0.12204,0.12236,0.12204,0.12208,10297404
2024-02-08T21:00:00Z,0.12208,0.12227,0.12192,0.12199,12212562
2024-02-08T22:00:00Z,0.12200,0.12204,0.12185,0.12194,7692126
2024-02-08T23:00:00Z,0.12194,0.12206,0.12183,0.12183,9389307
2024-02-09T00:00:00Z,0.12183,0.12232,0.12164,0.12227,19962476
2024-02-09T01:00:00Z,0.12226,0.12232,0.12199,0.12224,11037891
2024-02-09T02:00:00Z,0.12224,0.12275,0.12212,0.12270,15447523
2024-02-09T03:00:00Z,0.12269,0.12281,0.12243,0.12247,11810955
2024-02-09T04:00:00Z,0.12246,0.12255,0.12232,0.12254,7375078
2024-02-09T05:00:00Z,0.12253,0.12267,0.12221,0.12232,8125777
2024-02-09T06:00:00Z,0.12232,0.12272,0.12195,0.12256,20283720
2024-02-09T07:00:00Z,0.12256,0.12260,0.12241,0.12241,6645260
2024-02-09T08:00:00Z,0.12242,0.12268,0.12241,0.12266,8563157
2024-02-09T09:00:00Z,0.12266,0.12275,0.12244,0.12269,13350587
2024-02-09T10:00:00Z,0.12269,0.12293,0.12269,0.12285,10356585
2024-02-09T11:00:00Z,0.12285,0.12318,0.12263,0.12312,17992351
2024-02-09T12:00:00Z,0.12312,0.12360,0.12307,0.12336,22319485
2024-02-09T13:00:00Z,0.12335,0.12362,0.12328,0.12346,13529131
2024-02-09T14:00:00Z,0.12345,0.12358,0.12280,0.12323,36886812
2024-02-09T15:00:00Z,0.12323,0.12330,0.12308,0.12318,10389882
2024-02-09T16:00:00Z,0.12319,0.12322,0.12275,0.12284,12180461
2024-02-09T17:00:00Z,0.12284,0.12318,0.12284,0.12317,5142824
2024-02-09T18:00:00Z,0.12316,0.12340,0.12300,0.12323,11140011
2024-02-09T19:00:00Z,0.12323,0.12347,0.12299,0.12345,7339101
2024-02-09T20:00:00Z,0.12345,0.12371,0.12344,0.12345,11959220
2024-02-09T21:00:00Z,0.12344,0.12367,0.12339,0.12363,5446361
2024-02-09T22:00:00Z,0.12364,0.12375,0.12346,0.12372,8686311
2024-02-09T23:00:00Z,0.12372,0.12383,0.12354,0.12367,7247412
2024-02-10T00:00:00Z,0.12366,0.12385,0.12366,0.12375,8419356
2024-02-10T01:00:00Z,0.12376,0.12411,0.12369,0.12384,9601821
2024-02-10T02:00:00Z,0.12385,0.12386,0.12374,0.12378,3273921
2024-02-10T03:00:00Z,0.12378,0.12389,0.12368,0.12370,4772975
2024-02-10T04:00:00Z,0.12371,0.12378,0.12349,0.12372,11166046
2024-02-10T05:00:00Z,0.12372,0.12372,0.12335,0.12341,3941496
2024-02-10T06:00:00Z,0.12340,0.12360,0.12335,0.12337,5610155
2024-02-10T07:00:00Z,0.12337,0.12342,0.12316,0.12317,7392904
2024-02-10T08:00:00Z,0.12316,0.12331,0.12302,0.12306,7187485
2024-02-10T09:00:00Z,0.12305,0.12324,0.12300,0.12316,7137464
2024-02-10T10:00:00Z,0.12315,0.12322,0.12278,0.12292,17171747
2024-02-10T11:00:00Z,0.12292,0.12319,0.12287,0.12317,7720320
2024-02-10T12:00:00Z,0.12318,0.12331,0.12311,0.12328,5698057
2024-02-10T13:00:00Z,0.12328,0.12343,0.12322,0.12338,7087047
2024-02-10T14:00:00Z,0.12338,0.12356,0.12333,0.12335,7414226
2024-02-10T15:00:00Z,0.12334,0.12379,0.12333,0.12363,7866375
2024-02-10T16:00:00Z,0.12364,0.12379,0.12354,0.12379,5759254
2024-02-10T17:00:00Z,0.12379,0.12429,0.12366,0.12397,18651406
2024-02-10T18:00:00Z,0.12397,0.12423,0.12387,0.12420,9427604
2024-02-10T19:00:00Z,0.12420,0.12444,0.12416,0.12429,12627803
2024-02-10T20:00:00Z,0.12428,0.12455,0.12401,0.12427,14266759
2024-02-10T21:00:00Z,0.12426,0.12457,0.12425,0.12431,9375749
2024-02-10T22:00:00Z,0.12431,0.12447,0.12413,0.12439,6238037
2024-02-10T23:00:00Z,0.12440,0.12446,0.12421,0.12437,6522962
2024-02-11T00:00:00Z,0.12437,0.12454,0.12437,0.12447,7914031
2024-02-11T01:00:00Z,0.12446,0.12464,0.12432,0.12443,7112197
2024-02-11T02:00:00Z,0.12443,0.12476,0.12442,0.12454,7031276
2024-02-11T03:00:00Z,0.12454,0.12495,0.12450,0.12476,10131028
2024-02-11T04:00:00Z,0.12476,0.12495,0.12447,0.12466,14216950
2024-02-11T05:00:00Z,0.12467,0.12477,0.12452,0.12474,4543915
2024-02-11T06:00:00Z,0.12474,0.12481,0.12469,0.12479,4426279
2024-02-11T07:00:00Z,0.12480,0.12492,0.12465,0.12478,9380128
2024-02-11T08:00:00Z,0.12477,0.12493,0.12466,0.12479,7905327
2024-02-11T09:00:00Z,0.12478,0.12485,0.12450,0.12482,9539898
2024-02-11T10:00:00Z,0.12482,0.12486,0.12458,0.12471,6535236
2024-02-11T11:00:00Z,0.12471,0.12482,0.12471,0.12475,3540858
2024-02-11T12:00:00Z,0.12474,0.12477,0.12458,0.12470,7079826
2024-02-11T13:00:00Z,0.12470,0.12475,0.12450,0.12458,6020029
2024-02-11T14:00:00Z,0.12458,0.12459,0.12402,0.12442,15044558
2024-02-11T15:00:00Z,0.12441,0.12442,0.12417,0.12436,9963900
2024-02-11T16:00:00Z,0.12436,0.12440,0.12404,0.12426,7977404
2024-02-11T17:00:00Z,0.12425,0.12451,0.12421,0.12439,6266905
2024-02-11T18:00:00Z,0.12439,0.12442,0.12403,0.12425,8497311
2024-02-11T19:00:00Z,0.12425,0.12434,0.12406,0.12424,6052651
2024-02-11T20:00:00Z,0.12424,0.12439,0.12396,0.12404,8563753
2024-02-11T21:00:00Z,0.12403,0.12432,0.12397,0.12426,6098340
2024-02-11T22:00:00Z,0.12426,0.12432,0.12417,0.12419,4972103
2024-02-11T23:00:00Z,0.12418,0.12429,0.12403,0.12418,6538636
2024-02-12T00:00:00Z,0.12417,0.12442,0.12372,0.12424,14563750
2024-02-12T01:00:00Z,0.12423,0.12431,0.12404,0.12414,5837967
2024-02-12T02:00:00Z,0.12414,0.12422,0.12330,0.12374,20490153
2024-02-12T03:00:00Z,0.12373,0.12405,0.12369,0.12383,8711510
2024-02-12T04:00:00Z,0.12382,0.12406,0.12379,0.12401,6699296
2024-02-12T05:00:00Z,0.12400,0.12420,0.12392,0.12402,18476208
2024-02-12T06:00:00Z,0.12402,0.12436,0.12399,0.12427,11654247
2024-02-12T07:00:00Z,0.12426,0.12470,0.12418,0.12459,14041159
2024-02-12T08:00:00Z,0.12459,0.12534,0.12441,0.12481,24178971
2024-02-12T09:00:00Z,0.12481,0.12526,0.12480,0.12512,16966870
2024-02-12T10:00:00Z,0.12513,0.12533,0.12493,0.12503,15480963
2024-02-12T11:00:00Z,0.12502,0.12524,0.12469,0.12523,24995041
2024-02-12T12:00:00Z,0.12522,0.12553,0.12514,0.12547,17149928
2024-02-12T13:00:00Z,0.12546,0.12575,0.12523,0.12567,13915481
2024-02-12T14:00:00Z,0.12566,0.12582,0.12522,0.12544,21345253
2024-02-12T15:00:00Z,0.12545,0.12578,0.12534,0.12566,19057105
2024-02-12T16:00:00Z,0.12565,0.12568,0.12426,0.12482,51020382
2024-02-12T17:00:00Z,0.12483,0.12536,0.12474,0.12520,24044549
2024-02-12T18:00:00Z,0.12520,0.12529,0.12503,0.12524,9122195
2024-02-12T19:00:00Z,0.12523,0.12544,0.12488,0.12492,14413873
2024-02-12T20:00:00Z,0.12492,0.12524,0.12488,0.12506,11147894
2024-02-12T21:00:00Z,0.12506,0.12530,0.12498,0.12509,10362388
2024-02-12T22:00:00Z,0.12508,0.12539,0.12508,0.12537,9625906
2024-02-12T23:00:00Z,0.12537,0.12538,0.12489,0.12497,16801718
2024-02-13T00:00:00Z,0.12498,0.12548,0.12493,0.12518,15279570
2024-02-13T01:00:00Z,0.12517,0.12530,0.12490,0.12505,12041067
2024-02-13T02:00:00Z,0.12506,0.12528,0.12496,0.12505,15460321
2024-02-13T03:00:00Z,0.12505,0.12530,0.12502,0.12528,10067192
2024-02-13T04:00:00Z,0.12527,0.12537,0.12509,0.12519,17671364
2024-02-13T05:00:00Z,0.12520,0.12539,0.12509,0.12537,11116408
2024-02-13T06:00:00Z,0.12537,0.12545,0.12516,0.12534,7409561
2024-02-13T07:00:00Z,0.12535,0.12642,0.12534,0.12578,24029786
2024-02-13T08:00:00Z,0.12579,0.12580,0.12550,0.12570,11950290
2024-02-13T09:00:00Z,0.12570,0.12575,0.12541,0.12560,11361675
2024-02-13T10:00:00Z,0.12561,0.12570,0.12521,0.12537,13718992
2024-02-13T11:00:00Z,0.12536,0.12588,0.12526,0.12582,11363595
2024-02-13T12:00:00Z,0.12583,0.12586,0.12554,0.12580,9682046
2024-02-13T13:00:00Z,0.12580,0.12594,0.12444,0.12516,38096957
2024-02-13T14:00:00Z,0.12516,0.12539,0.12433,0.12510,42194566
2024-02-13T15:00:00Z,0.12510,0.12527,0.12489,0.12510,13543670
2024-02-13T16:00:00Z,0.12510,0.12520,0.12494,0.12502,8715343
2024-02-13T17:00:00Z,0.12502,0.12548,0.12500,0.12544,12647462
2024-02-13T18:00:00Z,0.12545,0.12558,0.12533,0.12542,8162290
2024-02-13T19:00:00Z,0.12542,0.12655,0.12538,0.12625,20341891
2024-02-13T20:00:00Z,0.12626,0.12667,0.12626,0.12663,10444906
2024-02-13T21:00:00Z,0.12664,0.12678,0.12651,0.12677,9368640
2024-02-13T22:00:00Z,0.12677,0.12714,0.12671,0.12713,23163513
2024-02-13T23:00:00Z,0.12713,0.12713,0.12689,0.12696,8264565
2024-02-14T00:00:00Z,0.12696,0.12708,0.12637,0.12664,23582230
2024-02-14T01:00:00Z,0.12664,0.12692,0.12657,0.12669,11646066
2024-02-14T02:00:00Z,0.12668,0.12697,0.12663,0.12693,7063379
2024-02-14T03:00:00Z,0.12694,0.12718,0.12692,0.12715,8007341
2024-02-14T04:00:00Z,0.12716,0.12724,0.12687,0.12714,10331695
2024-02-14T05:00:00Z,0.12713,0.12774,0.12711,0.12772,18128096
2024-02-14T06:00:00Z,0.12771,0.12813,0.12768,0.12811,22335689
2024-02-14T07:00:00Z,0.12811,0.12841,0.12801,0.12838,22629050
2024-02-14T08:00:00Z,0.12838,0.12881,0.12828,0.12876,18854601
2024-02-14T09:00:00Z,0.12875,0.12914,0.12855,0.12908,40277319
2024-02-14T10:00:00Z,0.12908,0.12953,0.12886,0.12946,19803349
2024-02-14T11:00:00Z,0.12946,0.12948,0.12905,0.12917,13468615
2024-02-14T12:00:00Z,0.12917,0.12928,0.12888,0.12893,15230277
2024-02-14T13:00:00Z,0.12893,0.12925,0.12889,0.12922,13420615
2024-02-14T14:00:00Z,0.12921,0.12925,0.12897,0.12905,14824114
2024-02-14T15:00:00Z,0.12906,0.12913,0.12834,0.12880,27571069
2024-02-14T16:00:00Z,0.12880,0.12920,0.12845,0.12877,25571302
2024-02-14T17:00:00Z,0.12876,0.12906,0.12875,0.12884,8136645
2024-02-14T18:00:00Z,0.12883,0.12911,0.12878,0.12908,11679714
2024-02-14T19:00:00Z,0.12907,0.12932,0.12904,0.12919,9309391
2024-02-14T20:00:00Z,0.12919,0.12933,0.12904,0.12921,7413775
2024-02-14T21:00:00Z,0.12920,0.13020,0.12911,0.12971,46946814
2024-02-14T22:00:00Z,0.12972,0.12974,0.12949,0.12959,9392553
2024-02-14T23:00:00Z,0.12958,0.12975,0.12950,0.12967,9067015
2024-02-15T00:00:00Z,0.12967,0.13019,0.12963,0.13019,14572144
2024-02-15T01:00:00Z,0.13018,0.13042,0.12966,0.12977,19296857
2024-02-15T02:00:00Z,0.12978,0.13036,0.12958,0.13031,19328675
2024-02-15T03:00:00Z,0.13030,0.13045,0.12975,0.13016,23154988
2024-02-15T04:00:00Z,0.13015,0.13067,0.12993,0.13030,16818463
2024-02-15T05:00:00Z,0.13029,0.13065,0.12982,0.12997,24917058
2024-02-15T06:00:00Z,0.12997,0.13033,0.12994,0.13006,17393350
2024-02-15T07:00:00Z,0.13005,0.13206,0.12997,0.13074,145271944
2024-02-15T08:00:00Z,0.13074,0.13149,0.13062,0.13141,36531001
2024-02-15T09:00:00Z,0.13140,0.13200,0.13085,0.13161,52476036
2024-02-15T10:00:00Z,0.13161,0.13174,0.13126,0.13139,24416699
2024-02-15T11:00:00Z,0.13139,0.13153,0.13082,0.13133,34967756
2024-02-15T12:00:00Z,0.13132,0.13153,0.13102,0.13123,28334381
2024-02-15T13:00:00Z,0.13122,0.13128,0.13078,0.13095,22236345
2024-02-15T14:00:00Z,0.13095,0.13144,0.13079,0.13120,23650766
2024-02-15T15:00:00Z,0.13119,0.13138,0.13040,0.13073,41337154
2024-02-15T16:00:00Z,0.13073,0.13123,0.13010,0.13050,39126688
2024-02-15T17:00:00Z,0.13051,0.13073,0.13043,0.13053,13262563
2024-02-15T18:00:00Z,0.13052,0.13098,0.13042,0.13091,12733407
2024-02-15T19:00:00Z,0.13091,0.13129,0.13083,0.13115,11157300
2024-02-15T20:00:00Z,0.13115,0.13122,0.13083,0.13096,11795875
2024-02-15T21:00:00Z,0.13096,0.13147,0.13086,0.13096,19739919
2024-02-15T22:00:00Z,0.13096,0.13121,0.13084,0.13097,10155390
2024-02-15T23:00:00Z,0.13096,0.13135,0.13093,0.13112,9870591
2024-02-16T00:00:00Z,0.13112,0.13149,0.13092,0.13130,15308380
2024-02-16T01:00:00Z,0.13130,0.13153,0.13112,0.13153,15154784
2024-02-16T02:00:00Z,0.13152,0.13197,0.13134,0.13172,18380208
2024-02-16T03:00:00Z,0.13173,0.13188,0.13159,0.13176,8287709
2024-02-16T04:00:00Z,0.13176,0.13192,0.13152,0.13182,13656889
2024-02-16T05:00:00Z,0.13183,0.13204,0.13176,0.13201,8632708
2024-02-16T06:00:00Z,0.13201,0.13220,0.13160,0.13166,13932276
2024-02-16T07:00:00Z,0.13166,0.13176,0.13113,0.13127,17844973
2024-02-16T08:00:00Z,0.13127,0.13189,0.13119,0.13169,16092280
2024-02-16T09:00:00Z,0.13169,0.13197,0.13142,0.13178,17264445
2024-02-16T10:00:00Z,0.13178,0.13268,0.13171,0.13259,22611869
2024-02-16T11:00:00Z,0.13259,0.13274,0.13235,0.13251,18764035
2024-02-16T12:00:00Z,0.13250,0.13260,0.13227,0.13253,17762574
2024-02-16T13:00:00Z,0.13254,0.13264,0.13209,0.13245,26792155
2024-02-16T14:00:00Z,0.13246,0.13246,0.13120,0.13144,43798698
2024-02-16T15:00:00Z,0.13143,0.13156,0.13061,0.13118,40035411
2024-02-16T16:00:00Z,0.13117,0.13156,0.13108,0.13132,16018910
2024-02-16T17:00:00Z,0.13132,0.13172,0.13126,0.13171,15407070
2024-02-16T18:00:00Z,0.13171,0.13207,0.13159,0.13196,17633043
2024-02-16T19:00:00Z,0.13195,0.13214,0.13180,0.13194,16196972
2024-02-16T20:00:00Z,0.13194,0.13214,0.13165,0.13200,11329261
2024-02-16T21:00:00Z,0.13200,0.13261,0.13194,0.13258,16749882
2024-02-16T22:00:00Z,0.13259,0.13295,0.13254,0.13282,17855655
2024-02-16T23:00:00Z,0.13281,0.13311,0.13275,0.13298,13163412
2024-02-17T00:00:00Z,0.13298,0.13348,0.13296,0.13313,25849153
2024-02-17T01:00:00Z,0.13314,0.13332,0.13266,0.13283,24986739
2024-02-17T02:00:00Z,0.13283,0.13322,0.13281,0.13307,8763634
2024-02-17T03:00:00Z,0.13307,0.13357,0.13287,0.13323,15529365
2024-02-17T04:00:00Z,0.13322,0.13397,0.13322,0.13381,23898977
2024-02-17T05:00:00Z,0.13381,0.13400,0.13349,0.13384,18699057
2024-02-17T06:00:00Z,0.13384,0.13439,0.13384,0.13430,17998667
2024-02-17T07:00:00Z,0.13430,0.13464,0.13394,0.13453,29995519
2024-02-17T08:00:00Z,0.13453,0.13531,0.13429,0.13519,39076716
2024-02-17T09:00:00Z,0.13518,0.13568,0.13488,0.13567,60219946
2024-02-17T10:00:00Z,0.13567,0.13685,0.13566,0.13646,85330338
2024-02-17T11:00:00Z,0.13646,0.13805,0.13629,0.13782,91741211
2024-02-17T12:00:00Z,0.13781,0.13980,0.13712,0.13747,166264003
2024-02-17T13:00:00Z,0.13747,0.13853,0.13558,0.13617,135567694
2024-02-17T14:00:00Z,0.13616,0.13659,0.13460,0.13549,97820405
2024-02-17T15:00:00Z,0.13549,0.13601,0.13509,0.13585,47293107
2024-02-17T16:00:00Z,0.13585,0.13639,0.13555,0.13631,39720607
2024-02-17T17:00:00Z,0.13630,0.13650,0.13613,0.13642,19589295
2024-02-17T18:00:00Z,0.13642,0.13658,0.13602,0.13617,22611322
2024-02-17T19:00:00Z,0.13617,0.13644,0.13586,0.13590,19391370
2024-02-17T20:00:00Z,0.13590,0.13634,0.13555,0.13628,14723870
2024-02-17T21:00:00Z,0.13628,0.13675,0.13610,0.13623,14988488
2024-02-17T22:00:00Z,0.13622,0.13635,0.13606,0.13617,9887266
2024-02-17T23:00:00Z,0.13616,0.13623,0.13582,0.13600,13935033
2024-02-18T00:00:00Z,0.13601,0.13621,0.13580,0.13605,29912359
2024-02-18T01:00:00Z,0.13605,0.13612,0.13517,0.13523,24278313
2024-02-18T02:00:00Z,0.13524,0.13541,0.13481,0.13497,27552768
2024-02-18T03:00:00Z,0.13497,0.13525,0.13485,0.13502,16844730
2024-02-18T04:00:00Z,0.13501,0.13507,0.13467,0.13496,18716708
2024-02-18T05:00:00Z,0.13496,0.13547,0.13489,0.13541,15446584
2024-02-18T06:00:00Z,0.13541,0.13547,0.13487,0.13527,19697322
2024-02-18T07:00:00Z,0.13527,0.13559,0.13516,0.13528,15165715
2024-02-18T08:00:00Z,0.13527,0.13554,0.13518,0.13536,9378731
2024-02-18T09:00:00Z,0.13536,0.13560,0.13534,0.13551,12541666
2024-02-18T10:00:00Z,0.13550,0.13558,0.13535,0.13547,18225713
2024-02-18T11:00:00Z,0.13546,0.13560,0.13521,0.13550,23007372
2024-02-18T12:00:00Z,0.13551,0.13551,0.13505,0.13514,11289232
2024-02-18T13:00:00Z,0.13513,0.13525,0.13493,0.13499,11713503
2024-02-18T14:00:00Z,0.13499,0.13524,0.13488,0.13523,13218723
2024-02-18T15:00:00Z,0.13523,0.13536,0.13505,0.13510,8961340
2024-02-18T16:00:00Z,0.13509,0.13528,0.13496,0.13519,14623138
2024-02-18T17:00:00Z,0.13518,0.13544,0.13508,0.13515,9372915
2024-02-18T18:00:00Z,0.13515,0.13525,0.13489,0.13521,17238335
2024-02-18T19:00:00Z,0.13521,0.13531,0.13488,0.13505,9613276
2024-02-18T20:00:00Z,0.13505,0.13515,0.13490,0.13514,9622067
2024-02-18T21:00:00Z,0.13514,0.13518,0.13493,0.13515,7125859
2024-02-18T22:00:00Z,0.13514,0.13572,0.13501,0.13538,15729119
2024-02-18T23:00:00Z,0.13538,0.13566,0.13521,0.13531,15780818
2024-02-19T00:00:00Z,0.13530,0.13574,0.13516,0.13554,15792530
2024-02-19T01:00:00Z,0.13553,0.13562,0.13536,0.13556,8328474
2024-02-19T02:00:00Z,0.13556,0.13566,0.13535,0.13560,12809909
2024-02-19T03:00:00Z,0.13560,0.13571,0.13542,0.13571,7232276
2024-02-19T04:00:00Z,0.13570,0.13603,0.13553,0.13590,9675867
2024-02-19T05:00:00Z,0.13590,0.13602,0.13569,0.13599,8577902
2024-02-19T06:00:00Z,0.13600,0.13620,0.13586,0.13603,16325090
2024-02-19T07:00:00Z,0.13604,0.13626,0.13596,0.13609,8257440
2024-02-19T08:00:00Z,0.13610,0.13613,0.13528,0.13538,20032075
2024-02-19T09:00:00Z,0.13538,0.13574,0.13531,0.13548,18325079
2024-02-19T10:00:00Z,0.13547,0.13598,0.13526,0.13592,14352193
2024-02-19T11:00:00Z,0.13592,0.13602,0.13564,0.13567,9189467
2024-02-19T12:00:00Z,0.13567,0.13606,0.13560,0.13574,12157764
2024-02-19T13:00:00Z,0.13573,0.13607,0.13568,0.13587,9851409
2024-02-19T14:00:00Z,0.13587,0.13624,0.13553,0.13603,15488851
2024-02-19T15:00:00Z,0.13602,0.13639,0.13602,0.13632,25894349
2024-02-19T16:00:00Z,0.13632,0.13670,0.13603,0.13618,18392652
2024-02-19T17:00:00Z,0.13620,0.13663,0.13594,0.13649,17965785
2024-02-19T18:00:00Z,0.13650,0.13668,0.13640,0.13657,8526654
2024-02-19T19:00:00Z,0.13657,0.13687,0.13640,0.13678,11052405
2024-02-19T20:00:00Z,0.13678,0.13694,0.13660,0.13682,9827970
2024-02-19T21:00:00Z,0.13681,0.13695,0.13659,0.13682,7676219
2024-02-19T22:00:00Z,0.13682,0.13698,0.13656,0.13671,8957339
2024-02-19T23:00:00Z,0.13671,0.13674,0.13638,0.13645,11103938
2024-02-20T00:00:00Z,0.13646,0.13690,0.13629,0.13667,16615139
2024-02-20T01:00:00Z,0.13667,0.13678,0.13578,0.13660,21936906
2024-02-20T02:00:00Z,0.13661,0.13685,0.13654,0.13679,8870567
2024-02-20T03:00:00Z,0.13679,0.13685,0.13616,0.13618,11339315
2024-02-20T04:00:00Z,0.13617,0.13668,0.13605,0.13654,14641628
2024-02-20T05:00:00Z,0.13654,0.13708,0.13645,0.13698,12644700
2024-02-20T06:00:00Z,0.13699,0.13768,0.13686,0.13732,30984345
2024-02-20T07:00:00Z,0.13733,0.13742,0.13699,0.13704,12693359
2024-02-20T08:00:00Z,0.13703,0.13742,0.13678,0.13722,17604951
2024-02-20T09:00:00Z,0.13723,0.13735,0.13664,0.13710,20375260
2024-02-20T10:00:00Z,0.13710,0.13802,0.13710,0.13777,25788456
2024-02-20T11:00:00Z,0.13777,0.13812,0.13768,0.13806,13215282
2024-02-20T12:00:00Z,0.13805,0.13825,0.13795,0.13802,14473958
2024-02-20T13:00:00Z,0.13802,0.13842,0.13778,0.13829,23405680
2024-02-20T14:00:00Z,0.13829,0.13840,0.13713,0.13766,55012986
2024-02-20T15:00:00Z,0.13766,0.13802,0.13647,0.13758,61660657
2024-02-20T16:00:00Z,0.13759,0.13806,0.13740,0.13762,26915713
2024-02-20T17:00:00Z,0.13761,0.13895,0.13727,0.13852,81478854
2024-02-20T18:00:00Z,0.13851,0.13871,0.13827,0.13833,24488036
2024-02-20T19:00:00Z,0.13832,0.13875,0.13812,0.13872,13903279
2024-02-20T20:00:00Z,0.13872,0.13882,0.13827,0.13877,13422591
2024-02-20T21:00:00Z,0.13878,0.14006,0.13875,0.13964,34563724
2024-02-20T22:00:00Z,0.13964,0.14016,0.13961,0.14004,29865111
2024-02-20T23:00:00Z,0.14004,0.14015,0.13916,0.13935,25394653
2024-02-21T00:00:00Z,0.13935,0.14010,0.13930,0.13960,17660593
2024-02-21T01:00:00Z,0.13960,0.13994,0.13881,0.13896,38468315
2024-02-21T02:00:00Z,0.13896,0.13991,0.13894,0.13983,23272521
2024-02-21T03:00:00Z,0.13984,0.14027,0.13960,0.14025,22832345
2024-02-21T04:00:00Z,0.14025,0.14038,0.13982,0.14029,27224765
2024-02-21T05:00:00Z,0.14029,0.14075,0.14000,0.14060,26920581
2024-02-21T06:00:00Z,0.14059,0.14066,0.13964,0.13977,22784213
2024-02-21T07:00:00Z,0.13976,0.14041,0.13936,0.14016,27348718
2024-02-21T08:00:00Z,0.14016,0.14056,0.13952,0.13979,29953461
2024-02-21T09:00:00Z,0.13980,0.13994,0.13875,0.13916,45435221
2024-02-21T10:00:00Z,0.13917,0.13942,0.13865,0.13921,29294074
2024-02-21T11:00:00Z,0.13921,0.13943,0.13884,0.13897,19278994
2024-02-21T12:00:00Z,0.13897,0.13937,0.13807,0.13932,34906914
2024-02-21T13:00:00Z,0.13931,0.13945,0.13882,0.13931,25541384
2024-02-21T14:00:00Z,0.13931,0.13936,0.13870,0.13893,31217806
2024-02-21T15:00:00Z,0.13893,0.13953,0.13877,0.13937,23678150
2024-02-21T16:00:00Z,0.13937,0.13963,0.13904,0.13957,17491195
2024-02-21T17:00:00Z,0.13958,0.13984,0.13927,0.13929,12712988
2024-02-21T18:00:00Z,0.13929,0.13932,0.13871,0.13908,28725066
2024-02-21T19:00:00Z,0.13908,0.13931,0.13873,0.13921,15496454
2024-02-21T20:00:00Z,0.13920,0.13932,0.13906,0.13918,8086224
2024-02-21T21:00:00Z,0.13917,0.13973,0.13904,0.13949,19456436
2024-02-21T22:00:00Z,0.13949,0.13954,0.13919,0.13951,10069537
2024-02-21T23:00:00Z,0.13951,0.13995,0.13948,0.13984,13051811
2024-02-22T00:00:00Z,0.13983,0.13988,0.13931,0.13933,17635742
2024-02-22T01:00:00Z,0.13932,0.13954,0.13873,0.13876,20896586
2024-02-22T02:00:00Z,0.13877,0.13911,0.13863,0.13887,13844961
2024-02-22T03:00:00Z,0.13887,0.13913,0.13868,0.13895,10888702
2024-02-22T04:00:00Z,0.13895,0.13917,0.13886,0.13897,8006120
2024-02-22T05:00:00Z,0.13898,0.13930,0.13892,0.13902,9296850
2024-02-22T06:00:00Z,0.13902,0.13976,0.13886,0.13968,21396285
2024-02-22T07:00:00Z,0.13967,0.13999,0.13949,0.13974,21053020
2024-02-22T08:00:00Z,0.13974,0.14014,0.13946,0.13985,22488728
2024-02-22T09:00:00Z,0.13985,0.14037,0.13972,0.14017,23534157
2024-02-22T10:00:00Z,0.14017,0.14037,0.13993,0.14017,23326187
2024-02-22T11:00:00Z,0.14017,0.14022,0.13980,0.14012,17129157
2024-02-22T12:00:00Z,0.14012,0.14027,0.13972,0.14002,17255425
2024-02-22T13:00:00Z,0.14003,0.14022,0.13953,0.13979,29169736
2024-02-22T14:00:00Z,0.13979,0.13999,0.13965,0.13992,11121121
2024-02-22T15:00:00Z,0.13992,0.14002,0.13960,0.13971,11537747
2024-02-22T16:00:00Z,0.13971,0.13985,0.13944,0.13953,15051468
2024-02-22T17:00:00Z,0.13953,0.13982,0.13951,0.13975,7769047
2024-02-22T18:00:00Z,0.13975,0.14000,0.13965,0.13996,8841377
2024-02-22T19:00:00Z,0.13997,0.13999,0.13945,0.13953,13580802
2024-02-22T20:00:00Z,0.13953,0.13999,0.13946,0.13983,12792586
2024-02-22T21:00:00Z,0.13983,0.13985,0.13943,0.13958,9468614
2024-02-22T22:00:00Z,0.13959,0.13966,0.13869,0.13922,21633680
2024-02-22T23:00:00Z,0.13922,0.13925,0.13899,0.13902,10105287
2024-02-23T00:00:00Z,0.13901,0.13928,0.13890,0.13924,9167115
2024-02-23T01:00:00Z,0.13924,0.13929,0.13894,0.13896,8893346
2024-02-23T02:00:00Z,0.13896,0.13927,0.13838,0.13865,18328832
2024-02-23T03:00:00Z,0.13865,0.13880,0.13845,0.13878,12545600
2024-02-23T04:00:00Z,0.13879,0.13904,0.13846,0.13897,10488936
2024-02-23T05:00:00Z,0.13898,0.13900,0.13876,0.13893,6061094
2024-02-23T06:00:00Z,0.13893,0.13906,0.13878,0.13884,6102131
2024-02-23T07:00:00Z,0.13884,0.13897,0.13825,0.13829,17246213
2024-02-23T08:00:00Z,0.13829,0.13871,0.13811,0.13841,20072962
2024-02-23T09:00:00Z,0.13841,0.13870,0.13831,0.13869,11653650
2024-02-23T10:00:00Z,0.13868,0.13875,0.13842,0.13872,7629000
2024-02-23T11:00:00Z,0.13872,0.13899,0.13868,0.13899,7369948
2024-02-23T12:00:00Z,0.13899,0.13924,0.13881,0.13896,27221264
2024-02-23T13:00:00Z,0.13896,0.13948,0.13892,0.13931,18349878
2024-02-23T14:00:00Z,0.13932,0.13950,0.13883,0.13922,19264710
2024-02-23T15:00:00Z,0.13923,0.13923,0.13843,0.13847,26327634
2024-02-23T16:00:00Z,0.13846,0.13902,0.13758,0.13868,49738361
2024-02-23T17:00:00Z,0.13868,0.13882,0.13851,0.13872,11110747
2024-02-23T18:00:00Z,0.13871,0.13882,0.13852,0.13864,6275746
2024-02-23T19:00:00Z,0.13863,0.13875,0.13851,0.13868,4965136
2024-02-23T20:00:00Z,0.13869,0.13880,0.13849,0.13872,5462097
2024-02-23T21:00:00Z,0.13872,0.13876,0.13855,0.13857,4043431
2024-02-23T22:00:00Z,0.13856,0.13886,0.13832,0.13834,9877582
2024-02-23T23:00:00Z,0.13834,0.13837,0.13794,0.13823,16400361
2024-02-24T00:00:00Z,0.13822,0.13844,0.13813,0.13840,7506678
2024-02-24T01:00:00Z,0.13841,0.13845,0.13753,0.13760,13472633
2024-02-24T02:00:00Z,0.13759,0.13800,0.13748,0.13782,11345783
2024-02-24T03:00:00Z,0.13782,0.13823,0.13767,0.13819,8352544
2024-02-24T04:00:00Z,0.13818,0.13843,0.13812,0.13834,8583253
2024-02-24T05:00:00Z,0.13834,0.13840,0.13820,0.13820,5068051
2024-02-24T06:00:00Z,0.13820,0.13821,0.13802,0.13803,6184410
2024-02-24T07:00:00Z,0.13802,0.13828,0.13800,0.13821,8150351
2024-02-24T08:00:00Z,0.13820,0.13824,0.13737,0.13774,20474070
2024-02-24T09:00:00Z,0.13773,0.13807,0.13772,0.13797,8512363
2024-02-24T10:00:00Z,0.13797,0.13805,0.13770,0.13771,10324163
2024-02-24T11:00:00Z,0.13770,0.13790,0.13753,0.13779,7930063
2024-02-24T12:00:00Z,0.13779,0.13780,0.13725,0.13744,13372406
2024-02-24T13:00:00Z,0.13743,0.13768,0.13742,0.13749,7775211
2024-02-24T14:00:00Z,0.13749,0.13752,0.13712,0.13716,9244287
2024-02-24T15:00:00Z,0.13717,0.13728,0.13695,0.13724,11214920
2024-02-24T16:00:00Z,0.13725,0.13744,0.13691,0.13733,7681460
2024-02-24T17:00:00Z,0.13733,0.13769,0.13726,0.13755,9500475
2024-02-24T18:00:00Z,0.13754,0.13772,0.13727,0.13728,7723167
2024-02-24T19:00:00Z,0.13729,0.13762,0.13728,0.13758,3783608
2024-02-24T20:00:00Z,0.13758,0.13762,0.13716,0.13736,7423391
2024-02-24T21:00:00Z,0.13736,0.13784,0.13731,0.13769,6852841
2024-02-24T22:00:00Z,0.13769,0.13780,0.13758,0.13767,5815227
2024-02-24T23:00:00Z,0.13766,0.13771,0.13749,0.13753,3143673
2024-02-25T00:00:00Z,0.13753,0.13776,0.13751,0.13776,5262686
2024-02-25T01:00:00Z,0.13775,0.13791,0.13769,0.13785,7105392
2024-02-25T02:00:00Z,0.13785,0.13799,0.13781,0.13782,7075497
2024-02-25T03:00:00Z,0.13783,0.13791,0.13765,0.13785,6204925
2024-02-25T04:00:00Z,0.13784,0.13796,0.13773,0.13785,5059564
2024-02-25T05:00:00Z,0.13785,0.13788,0.13770,0.13777,2875720
2024-02-25T06:00:00Z,0.13777,0.13793,0.13771,0.13793,4124209
2024-02-25T07:00:00Z,0.13792,0.13798,0.13778,0.13785,4061920
2024-02-25T08:00:00Z,0.13785,0.13806,0.13774,0.13777,5016969
2024-02-25T09:00:00Z,0.13776,0.13785,0.13765,0.13775,6976098
2024-02-25T10:00:00Z,0.13775,0.13776,0.13728,0.13733,12545471
2024-02-25T11:00:00Z,0.13732,0.13770,0.13731,0.13767,6720887
2024-02-25T12:00:00Z,0.13767,0.13773,0.13745,0.13767,4313095
2024-02-25T13:00:00Z,0.13767,0.13779,0.13761,0.13768,4213474
2024-02-25T14:00:00Z,0.13768,0.13796,0.13767,0.13795,9676087
2024-02-25T15:00:00Z,0.13795,0.13797,0.13757,0.13773,6794492
2024-02-25T16:00:00Z,0.13772,0.13793,0.13750,0.13757,7628521
2024-02-25T17:00:00Z,0.13756,0.13779,0.13753,0.13771,3514628
2024-02-25T18:00:00Z,0.13771,0.13779,0.13762,0.13778,1991140
2024-02-25T19:00:00Z,0.13777,0.13822,0.13775,0.13795,8898922
2024-02-25T20:00:00Z,0.13794,0.13822,0.13756,0.13768,9562159
2024-02-25T21:00:00Z,0.13767,0.13781,0.13764,0.13766,3253964
2024-02-25T22:00:00Z,0.13767,0.13773,0.13749,0.13755,5665099
2024-02-25T23:00:00Z,0.13756,0.13778,0.13753,0.13777,2741905
2024-02-26T00:00:00Z,0.13776,0.13794,0.13761,0.13767,8556048
2024-02-26T01:00:00Z,0.13767,0.13771,0.13750,0.13753,4588739
2024-02-26T02:00:00Z,0.13753,0.13769,0.13750,0.13755,3912614
2024-02-26T03:00:00Z,0.13755,0.13777,0.13752,0.13777,3378605
2024-02-26T04:00:00Z,0.13777,0.13802,0.13772,0.13793,7785337
2024-02-26T05:00:00Z,0.13792,0.13806,0.13782,0.13804,4346982
2024-02-26T06:00:00Z,0.13804,0.13810,0.13787,0.13808,5824701
2024-02-26T07:00:00Z,0.13807,0.13811,0.13777,0.13793,7426196
2024-02-26T08:00:00Z,0.13793,0.13815,0.13780,0.13808,8850642
2024-02-26T09:00:00Z,0.13808,0.13843,0.13738,0.13754,28278378
2024-02-26T10:00:00Z,0.13753,0.13820,0.13750,0.13818,11768940
2024-02-26T11:00:00Z,0.13818,0.13825,0.13786,0.13820,10034814
2024-02-26T12:00:00Z,0.13819,0.13857,0.13788,0.13829,15674927
2024-02-26T13:00:00Z,0.13829,0.13898,0.13824,0.13865,23114217
2024-02-26T14:00:00Z,0.13865,0.13907,0.13862,0.13893,14503788
2024-02-26T15:00:00Z,0.13892,0.13919,0.13850,0.13916,24993100
2024-02-26T16:00:00Z,0.13915,0.13963,0.13910,0.13960,20742217
2024-02-26T17:00:00Z,0.13960,0.13985,0.13952,0.13963,10769434
2024-02-26T18:00:00Z,0.13964,0.13967,0.13936,0.13959,7078446
2024-02-26T19:00:00Z,0.13959,0.14010,0.13945,0.14000,16990735
2024-02-26T20:00:00Z,0.14000,0.14018,0.13968,0.13996,11347509
2024-02-26T21:00:00Z,0.13996,0.14009,0.13984,0.14005,5457657
2024-02-26T22:00:00Z,0.14006,0.14012,0.13979,0.14003,6234052
2024-02-26T23:00:00Z,0.14004,0.14010,0.13973,0.13998,17699324
2024-02-27T00:00:00Z,0.13999,0.14009,0.13982,0.14006,8042397
2024-02-27T01:00:00Z,0.14005,0.14065,0.14004,0.14047,18517461
2024-02-27T02:00:00Z,0.14046,0.14092,0.14024,0.14083,23423725
2024-02-27T03:00:00Z,0.14083,0.14108,0.14036,0.14049,15932729
2024-02-27T04:00:00Z,0.14049,0.14095,0.14044,0.14095,8217154
2024-02-27T05:00:00Z,0.14095,0.14129,0.14082,0.14108,13409739
2024-02-27T06:00:00Z,0.14109,0.14129,0.14047,0.14100,20324908
2024-02-27T07:00:00Z,0.14101,0.14107,0.14067,0.14081,13502831
2024-02-27T08:00:00Z,0.14082,0.14114,0.14077,0.14110,9845831
2024-02-27T09:00:00Z,0.14110,0.14154,0.14096,0.14148,12962950
2024-02-27T10:00:00Z,0.14149,0.14150,0.14112,0.14144,11375195
2024-02-27T11:00:00Z,0.14145,0.14173,0.14127,0.14168,9193796
2024-02-27T12:00:00Z,0.14169,0.14244,0.14153,0.14173,57595801
2024-02-27T13:00:00Z,0.14173,0.14212,0.14147,0.14205,22964220
2024-02-27T14:00:00Z,0.14206,0.14238,0.14169,0.14185,27186236
2024-02-27T15:00:00Z,0.14185,0.14213,0.14134,0.14167,18446043
2024-02-27T16:00:00Z,0.14167,0.14214,0.14139,0.14189,22234671
2024-02-27T17:00:00Z,0.14189,0.14204,0.14134,0.14170,15409146
2024-02-27T18:00:00Z,0.14170,0.14212,0.14166,0.14212,9497415
2024-02-27T19:00:00Z,0.14212,0.14255,0.14182,0.14234,31508893
2024-02-27T20:00:00Z,0.14234,0.14270,0.14220,0.14253,11711030
2024-02-27T21:00:00Z,0.14253,0.14461,0.14226,0.14306,64755271
2024-02-27T22:00:00Z,0.14306,0.14322,0.14286,0.14305,12771247
2024-02-27T23:00:00Z,0.14305,0.14316,0.14268,0.14304,12277135
2024-02-28T00:00:00Z,0.14305,0.14338,0.14295,0.14335,11312325
2024-02-28T01:00:00Z,0.14335,0.14340,0.14281,0.14310,12044465
2024-02-28T02:00:00Z,0.14311,0.14360,0.14311,0.14340,9054046
2024-02-28T03:00:00Z,0.14339,0.14374,0.14331,0.14342,22316805
2024-02-28T04:00:00Z,0.14342,0.14358,0.14326,0.14338,15205223
2024-02-28T05:00:00Z,0.14339,0.14359,0.14325,0.14329,8106873
2024-02-28T06:00:00Z,0.14329,0.14337,0.14304,0.14324,12819107
2024-02-28T07:00:00Z,0.14324,0.14324,0.14157,0.14299,74800204
2024-02-28T08:00:00Z,0.14301,0.14340,0.14252,0.14320,21684685
2024-02-28T09:00:00Z,0.14319,0.14348,0.14268,0.14344,22237001
2024-02-28T10:00:00Z,0.14345,0.14395,0.14325,0.14383,21435156
2024-02-28T11:00:00Z,0.14383,0.14392,0.14230,0.14299,32317542
2024-02-28T12:00:00Z,0.14299,0.14372,0.14299,0.14357,23754657
2024-02-28T13:00:00Z,0.14358,0.14417,0.14352,0.14383,26922641
2024-02-28T14:00:00Z,0.14382,0.14402,0.14316,0.14370,21827989
2024-02-28T15:00:00Z,0.14370,0.14385,0.14342,0.14362,14428290
2024-02-28T16:00:00Z,0.14361,0.14408,0.14340,0.14400,26980165
2024-02-28T17:00:00Z,0.14400,0.14448,0.13792,0.14277,141023234
2024-02-28T18:00:00Z,0.14277,0.14279,0.14116,0.14200,67046429
2024-02-28T19:00:00Z,0.14200,0.14226,0.14167,0.14199,25982467
2024-02-28T20:00:00Z,0.14198,0.14206,0.14165,0.14198,18366884
2024-02-28T21:00:00Z,0.14198,0.14205,0.14166,0.14201,11033873
2024-02-28T22:00:00Z,0.14200,0.14212,0.14179,0.14207,11988193
2024-02-28T23:00:00Z,0.14207,0.14229,0.14206,0.14226,9516174
2024-02-29T00:00:00Z,0.14225,0.14313,0.14219,0.14268,38462280
2024-02-29T01:00:00Z,0.14268,0.14273,0.14215,0.14228,17739597
2024-02-29T02:00:00Z,0.14227,0.14255,0.14222,0.14249,11551810
2024-02-29T03:00:00Z,0.14249,0.14264,0.14244,0.14261,8827713
2024-02-29T04:00:00Z,0.14261,0.14319,0.14249,0.14315,19035333
2024-02-29T05:00:00Z,0.14315,0.14327,0.14282,0.14294,15162341
2024-02-29T06:00:00Z,0.14293,0.14320,0.14244,0.14310,26383246
2024-02-29T07:00:00Z,0.14311,0.14361,0.14298,0.14352,23856706
2024-02-29T08:00:00Z,0.14353,0.14398,0.14349,0.14363,23520908
2024-02-29T09:00:00Z,0.14364,0.14389,0.14327,0.14354,17413898
2024-02-29T10:00:00Z,0.14353,0.14354,0.14275,0.14295,21652851
2024-02-29T11:00:00Z,0.14295,0.14317,0.14265,0.14276,22497599
2024-02-29T12:00:00Z,0.14275,0.14278,0.14211,0.14239,23433722
2024-02-29T13:00:00Z,0.14239,0.14262,0.14196,0.14260,23739784
2024-02-29T14:00:00Z,0.14259,0.14270,0.14226,0.14231,28583625
2024-02-29T15:00:00Z,0.14231,0.14238,0.14213,0.14219,12872840
2024-02-29T16:00:00Z,0.14220,0.14223,0.14118,0.14165,49938382
2024-02-29T17:00:00Z,0.14164,0.14187,0.14094,0.14120,36460660
2024-02-29T18:00:00Z,0.14119,0.14154,0.14094,0.14096,23057411
2024-02-29T19:00:00Z,0.14095,0.14172,0.14081,0.14164,12107553
2024-02-29T20:00:00Z,0.14163,0.14171,0.14133,0.14147,17432180
2024-02-29T21:00:00Z,0.14148,0.14153,0.14050,0.14097,29232712
2024-02-29T22:00:00Z,0.14097,0.14098,0.14012,0.14035,24301664
2024-02-29T23:00:00Z,0.14035,0.14070,0.14030,0.14044,15552098
2024-03-01T00:00:00Z,0.14044,0.14110,0.14036,0.14106,18468491
2024-03-01T01:00:00Z,0.14106,0.14125,0.14086,0.14117,14949362
2024-03-01T02:00:00Z,0.14116,0.14139,0.14094,0.14131,12967976
2024-03-01T03:00:00Z,0.14131,0.14151,0.14114,0.14125,13581234
2024-03-01T04:00:00Z,0.14126,0.14146,0.14118,0.14140,6711453
2024-03-01T05:00:00Z,0.14140,0.14156,0.14125,0.14137,9271188
2024-03-01T06:00:00Z,0.14137,0.14150,0.14114,0.14123,9678818
2024-03-01T07:00:00Z,0.14123,0.14129,0.14091,0.14097,11522905
2024-03-01T08:00:00Z,0.14096,0.14138,0.14092,0.14124,11797031
2024-03-01T09:00:00Z,0.14125,0.14138,0.14122,0.14127,5030724
2024-03-01T10:00:00Z,0.14127,0.14131,0.14110,0.14114,7332124
2024-03-01T11:00:00Z,0.14114,0.14132,0.14106,0.14112,6037089
2024-03-01T12:00:00Z,0.14113,0.14146,0.14107,0.14125,10364927
2024-03-01T13:00:00Z,0.14125,0.14151,0.14115,0.14124,8801063
2024-03-01T14:00:00Z,0.14125,0.14135,0.14069,0.14107,22869839
2024-03-01T15:00:00Z,0.14108,0.14118,0.14031,0.14061,30690841
2024-03-01T16:00:00Z,0.14060,0.14073,0.14039,0.14048,13825389
2024-03-01T17:00:00Z,0.14048,0.14091,0.14047,0.14089,10781031
2024-03-01T18:00:00Z,0.14088,0.14124,0.14082,0.14103,12452184
2024-03-01T19:00:00Z,0.14102,0.14136,0.14102,0.14125,8610071
2024-03-01T20:00:00Z,0.14124,0.14137,0.14112,0.14133,7747938
2024-03-01T21:00:00Z,0.14133,0.14149,0.14120,0.14144,9933138
2024-03-01T22:00:00Z,0.14143,0.14159,0.14141,0.14154,8151449
2024-03-01T23:00:00Z,0.14155,0.14170,0.14143,0.14162,10118565
2024-03-02T00:00:00Z,0.14163,0.14196,0.14104,0.14108,21153870
2024-03-02T01:00:00Z,0.14109,0.14111,0.14034,0.14058,31759680
2024-03-02T02:00:00Z,0.14059,0.14077,0.14051,0.14074,15839786
2024-03-02T03:00:00Z,0.14074,0.14123,0.14060,0.14108,17498728
2024-03-02T04:00:00Z,0.14108,0.14137,0.14070,0.14102,21468661
2024-03-02T05:00:00Z,0.14103,0.14103,0.14048,0.14078,15795872
2024-03-02T06:00:00Z,0.14077,0.14102,0.14070,0.14090,12502717
2024-03-02T07:00:00Z,0.14090,0.14094,0.14065,0.14093,8701416
2024-03-02T08:00:00Z,0.14093,0.14107,0.14050,0.14087,11209153
2024-03-02T09:00:00Z,0.14087,0.14100,0.14030,0.14051,14210413
2024-03-02T10:00:00Z,0.14050,0.14074,0.14042,0.14051,7568302
2024-03-02T11:00:00Z,0.14051,0.14084,0.14042,0.14073,8449404
2024-03-02T12:00:00Z,0.14074,0.14098,0.14067,0.14094,10204500
2024-03-02T13:00:00Z,0.14094,0.14101,0.14081,0.14081,7122392
2024-03-02T14:00:00Z,0.14082,0.14092,0.14057,0.14084,15672180
2024-03-02T15:00:00Z,0.14084,0.14100,0.14066,0.14089,9001789
2024-03-02T16:00:00Z,0.14088,0.14102,0.14078,0.14092,8637856
2024-03-02T17:00:00Z,0.14093,0.14106,0.14080,0.14090,7835374
2024-03-02T18:00:00Z,0.14091,0.14108,0.14091,0.14101,4134969
2024-03-02T19:00:00Z,0.14100,0.14113,0.14093,0.14110,5522900
2024-03-02T20:00:00Z,0.14109,0.14114,0.14083,0.14096,6931069
2024-03-02T21:00:00Z,0.14097,0.14113,0.14086,0.14104,5440763
2024-03-02T22:00:00Z,0.14103,0.14112,0.14096,0.14103,4329230
2024-03-02T23:00:00Z,0.14103,0.14145,0.14096,0.14140,11837480
2024-03-03T00:00:00Z,0.14140,0.14142,0.14110,0.14117,14063183
2024-03-03T01:00:00Z,0.14118,0.14138,0.14104,0.14118,11620054
2024-03-03T02:00:00Z,0.14118,0.14132,0.14102,0.14127,8180114
2024-03-03T03:00:00Z,0.14126,0.14142,0.14119,0.14139,7622378
2024-03-03T04:00:00Z,0.14138,0.14146,0.14124,0.14144,12166722
2024-03-03T05:00:00Z,0.14144,0.14153,0.14124,0.14133,9648442
2024-03-03T06:00:00Z,0.14133,0.14136,0.14092,0.14095,13931860
2024-03-03T07:00:00Z,0.14096,0.14099,0.13860,0.14011,95761888
2024-03-03T08:00:00Z,0.14011,0.14037,0.13956,0.14006,46811902
2024-03-03T09:00:00Z,0.14006,0.14051,0.13998,0.14046,22786443
2024-03-03T10:00:00Z,0.14047,0.14060,0.14025,0.14031,14498437
2024-03-03T11:00:00Z,0.14031,0.14044,0.14016,0.14034,9941670
2024-03-03T12:00:00Z,0.14033,0.14069,0.14015,0.14026,29131573
2024-03-03T13:00:00Z,0.14027,0.14049,0.14014,0.14043,13206774
2024-03-03T14:00:00Z,0.14043,0.14050,0.14005,0.14019,11013185
2024-03-03T15:00:00Z,0.14018,0.14028,0.14002,0.14024,7561870
2024-03-03T16:00:00Z,0.14023,0.14065,0.14010,0.14062,10445135
2024-03-03T17:00:00Z,0.14062,0.14069,0.14050,0.14057,8015609
2024-03-03T18:00:00Z,0.14058,0.14073,0.14048,0.14067,10152222
2024-03-03T19:00:00Z,0.14067,0.14075,0.14048,0.14061,8976984
2024-03-03T20:00:00Z,0.14062,0.14070,0.14050,0.14069,5076982
2024-03-03T21:00:00Z,0.14069,0.14077,0.14055,0.14060,6207515
2024-03-03T22:00:00Z,0.14060,0.14081,0.14055,0.14069,6144449
2024-03-03T23:00:00Z,0.14068,0.14078,0.14058,0.14074,5179127
2024-03-04T00:00:00Z,0.14074,0.14127,0.14000,0.14079,40080358
2024-03-04T01:00:00Z,0.14080,0.14099,0.14053,0.14074,15284095
2024-03-04T02:00:00Z,0.14074,0.14080,0.14023,0.14027,15240105
2024-03-04T03:00:00Z,0.14026,0.14026,0.13971,0.13980,16561062
2024-03-04T04:00:00Z,0.13980,0.13998,0.13970,0.13988,11915085
2024-03-04T05:00:00Z,0.13988,0.13998,0.13971,0.13978,10561684
2024-03-04T06:00:00Z,0.13977,0.14016,0.13974,0.14008,10372439
2024-03-04T07:00:00Z,0.14008,0.14062,0.14001,0.14059,24936244
2024-03-04T08:00:00Z,0.14059,0.14106,0.14051,0.14087,30658896
2024-03-04T09:00:00Z,0.14086,0.14116,0.14078,0.14106,24279379
2024-03-04T10:00:00Z,0.14105,0.14148,0.14060,0.14096,40136446
2024-03-04T11:00:00Z,0.14096,0.14120,0.14079,0.14120,14370135
2024-03-04T12:00:00Z,0.14120,0.14139,0.14076,0.14076,20001126
2024-03-04T13:00:00Z,0.14077,0.14095,0.14022,0.14026,28427881
2024-03-04T14:00:00Z,0.14026,0.14078,0.14010,0.14065,30294291
2024-03-04T15:00:00Z,0.14066,0.14068,0.14040,0.14058,10503099
2024-03-04T16:00:00Z,0.14058,0.14060,0.14014,0.14019,15288710
2024-03-04T17:00:00Z,0.14019,0.14076,0.14000,0.14011,36223453
2024-03-04T18:00:00Z,0.14010,0.14024,0.13951,0.14010,32114050
2024-03-04T19:00:00Z,0.14009,0.14020,0.13977,0.14015,12786602
2024-03-04T20:00:00Z,0.14015,0.14066,0.14014,0.14020,19537965
2024-03-04T21:00:00Z,0.14020,0.14046,0.14011,0.14027,8231832
2024-03-04T22:00:00Z,0.14026,0.14066,0.14003,0.14049,15727713
2024-03-04T23:00:00Z,0.14048,0.14061,0.14015,0.14039,13861568
2024-03-05T00:00:00Z,0.14039,0.14049,0.14007,0.14030,31892650
2024-03-05T01:00:00Z,0.14030,0.14056,0.14021,0.14047,11327607
2024-03-05T02:00:00Z,0.14046,0.14058,0.14012,0.14024,13950166
2024-03-05T03:00:00Z,0.14025,0.14038,0.14013,0.14037,11681505
2024-03-05T04:00:00Z,0.14036,0.14050,0.13983,0.14003,33294689
2024-03-05T05:00:00Z,0.14002,0.14003,0.13900,0.13985,54391339
2024-03-05T06:00:00Z,0.13984,0.14000,0.13963,0.13983,14321314
2024-03-05T07:00:00Z,0.13983,0.13995,0.13945,0.13952,19756789
2024-03-05T08:00:00Z,0.13952,0.13978,0.13936,0.13968,18028303
2024-03-05T09:00:00Z,0.13968,0.13986,0.13940,0.13967,17243438
2024-03-05T10:00:00Z,0.13967,0.13988,0.13956,0.13974,8308938
2024-03-05T11:00:00Z,0.13974,0.13992,0.13959,0.13971,12526473
2024-03-05T12:00:00Z,0.13971,0.13991,0.13964,0.13986,12289920
2024-03-05T13:00:00Z,0.13986,0.14055,0.13974,0.13988,25864090
2024-03-05T14:00:00Z,0.13987,0.13992,0.13946,0.13971,20802594
2024-03-05T15:00:00Z,0.13970,0.14018,0.13919,0.13927,54957617
2024-03-05T16:00:00Z,0.13927,0.13940,0.13801,0.13841,77247123
2024-03-05T17:00:00Z,0.13841,0.13841,0.13740,0.13840,53813262
2024-03-05T18:00:00Z,0.13839,0.13843,0.13804,0.13815,21045843
2024-03-05T19:00:00Z,0.13814,0.13823,0.13174,0.13502,163204043
2024-03-05T20:00:00Z,0.13503,0.13580,0.13447,0.13487,120543086
2024-03-05T21:00:00Z,0.13488,0.13579,0.13483,0.13546,49517372
2024-03-05T22:00:00Z,0.13546,0.13574,0.13516,0.13568,28806794
2024-03-05T23:00:00Z,0.13567,0.13609,0.13561,0.13590,30009967
2024-03-06T00:00:00Z,0.13590,0.13690,0.13586,0.13642,43560906
2024-03-06T01:00:00Z,0.13643,0.13654,0.13588,0.13600,20503184
2024-03-06T02:00:00Z,0.13600,0.13619,0.13528,0.13531,32391196
2024-03-06T03:00:00Z,0.13530,0.13600,0.13529,0.13590,17921257
2024-03-06T04:00:00Z,0.13590,0.13654,0.13580,0.13654,25126497
2024-03-06T05:00:00Z,0.13654,0.13724,0.13637,0.13723,41284683
2024-03-06T06:00:00Z,0.13723,0.13773,0.13713,0.13754,25260311
2024-03-06T07:00:00Z,0.13754,0.13795,0.13737,0.13784,19548726
2024-03-06T08:00:00Z,0.13785,0.13842,0.13782,0.13795,32092963
2024-03-06T09:00:00Z,0.13796,0.13820,0.13766,0.13767,26745533
2024-03-06T10:00:00Z,0.13768,0.13786,0.13767,0.13777,15939654
2024-03-06T11:00:00Z,0.13777,0.13817,0.13768,0.13817,16435848
2024-03-06T12:00:00Z,0.13816,0.13821,0.13671,0.13719,53555021
2024-03-06T13:00:00Z,0.13719,0.13735,0.13665,0.13698,33437267
2024-03-06T14:00:00Z,0.13698,0.13742,0.13689,0.13701,31249892
2024-03-06T15:00:00Z,0.13701,0.13721,0.13650,0.13715,25992745
2024-03-06T16:00:00Z,0.13715,0.13744,0.13700,0.13728,17449009
2024-03-06T17:00:00Z,0.13729,0.13764,0.13718,0.13762,16614279
2024-03-06T18:00:00Z,0.13762,0.13771,0.13715,0.13724,21803779
2024-03-06T19:00:00Z,0.13723,0.13752,0.13710,0.13739,11620983
2024-03-06T20:00:00Z,0.13740,0.13758,0.13728,0.13745,16163230
2024-03-06T21:00:00Z,0.13745,0.13770,0.13742,0.13769,10367213
2024-03-06T22:00:00Z,0.13770,0.13782,0.13756,0.13773,11591665
2024-03-06T23:00:00Z,0.13772,0.13786,0.13759,0.13783,9361372
2024-03-07T00:00:00Z,0.13782,0.13814,0.13756,0.13809,19161250
2024-03-07T01:00:00Z,0.13808,0.13813,0.13746,0.13805,24456232
2024-03-07T02:00:00Z,0.13805,0.13809,0.13759,0.13765,16326937
2024-03-07T03:00:00Z,0.13766,0.13786,0.13750,0.13758,12999279
2024-03-07T04:00:00Z,0.13758,0.13789,0.13744,0.13766,14685198
2024-03-07T05:00:00Z,0.13766,0.13774,0.13719,0.13729,17492222
2024-03-07T06:00:00Z,0.13730,0.13754,0.13720,0.13736,13618577
2024-03-07T07:00:00Z,0.13737,0.13763,0.13726,0.13762,14070867
2024-03-07T08:00:00Z,0.13762,0.13776,0.13755,0.13770,13389873
2024-03-07T09:00:00Z,0.13770,0.13779,0.13743,0.13744,11714145
2024-03-07T10:00:00Z,0.13744,0.13752,0.13685,0.13703,23754439
2024-03-07T11:00:00Z,0.13703,0.13722,0.13676,0.13676,17300967
2024-03-07T12:00:00Z,0.13676,0.13709,0.13665,0.13674,26063651
2024-03-07T13:00:00Z,0.13675,0.13680,0.13661,0.13669,15542258
2024-03-07T14:00:00Z,0.13670,0.13714,0.13629,0.13667,34754882
2024-03-07T15:00:00Z,0.13666,0.13682,0.13652,0.13675,15491429
2024-03-07T16:00:00Z,0.13675,0.13684,0.13660,0.13672,12822990
2024-03-07T17:00:00Z,0.13673,0.13729,0.13662,0.13722,32231867
2024-03-07T18:00:00Z,0.13721,0.13728,0.13708,0.13722,13168090
2024-03-07T19:00:00Z,0.13722,0.13730,0.13702,0.13711,21714357
2024-03-07T20:00:00Z,0.13710,0.13719,0.13704,0.13711,9455232
2024-03-07T21:00:00Z,0.13711,0.13712,0.13694,0.13709,11426401
2024-03-07T22:00:00Z,0.13709,0.13743,0.13706,0.13719,16739863
2024-03-07T23:00:00Z,0.13718,0.13738,0.13694,0.13717,15266002
2024-03-08T00:00:00Z,0.13717,0.13743,0.13712,0.13738,21855795
2024-03-08T01:00:00Z,0.13739,0.13767,0.13714,0.13718,31042687
2024-03-08T02:00:00Z,0.13718,0.13731,0.13706,0.13720,9939516
2024-03-08T03:00:00Z,0.13720,0.13728,0.13709,0.13723,8062452
2024-03-08T04:00:00Z,0.13723,0.13728,0.13704,0.13710,7834655
2024-03-08T05:00:00Z,0.13711,0.13726,0.13702,0.13725,10236920
2024-03-08T06:00:00Z,0.13726,0.13734,0.13708,0.13730,12791068
2024-03-08T07:00:00Z,0.13729,0.13736,0.13712,0.13718,15413387
2024-03-08T08:00:00Z,0.13717,0.13748,0.13707,0.13733,15668342
2024-03-08T09:00:00Z,0.13733,0.13776,0.13733,0.13772,9578189
2024-03-08T10:00:00Z,0.13771,0.13777,0.13756,0.13766,10958045
2024-03-08T11:00:00Z,0.13765,0.13774,0.13751,0.13773,9981337
2024-03-08T12:00:00Z,0.13772,0.13778,0.13755,0.13771,13210869
2024-03-08T13:00:00Z,0.13772,0.13781,0.13741,0.13742,13160198
2024-03-08T14:00:00Z,0.13741,0.13741,0.13696,0.13710,24450444
2024-03-08T15:00:00Z,0.13709,0.13724,0.13608,0.13639,74927394
2024-03-08T16:00:00Z,0.13640,0.13651,0.13577,0.13640,62165639
2024-03-08T17:00:00Z,0.13639,0.13678,0.13627,0.13669,23495078
2024-03-08T18:00:00Z,0.13668,0.13669,0.13632,0.13655,13808041
2024-03-08T19:00:00Z,0.13654,0.13668,0.13629,0.13662,12466064
2024-03-08T20:00:00Z,0.13662,0.13671,0.13640,0.13655,9853658
2024-03-08T21:00:00Z,0.13656,0.13665,0.13630,0.13643,9396460
2024-03-08T22:00:00Z,0.13644,0.13661,0.13616,0.13645,10840936
2024-03-08T23:00:00Z,0.13646,0.13669,0.13645,0.13655,6689741
2024-03-09T00:00:00Z,0.13655,0.13678,0.13650,0.13671,11267635
2024-03-09T01:00:00Z,0.13671,0.13682,0.13659,0.13679,7705897
2024-03-09T02:00:00Z,0.13678,0.13693,0.13674,0.13684,9241977
2024-03-09T03:00:00Z,0.13684,0.13686,0.13672,0.13680,5460322
2024-03-09T04:00:00Z,0.13679,0.13697,0.13679,0.13688,6031903
2024-03-09T05:00:00Z,0.13687,0.13702,0.13687,0.13701,6379625
2024-03-09T06:00:00Z,0.13702,0.13716,0.13692,0.13712,8703233
2024-03-09T07:00:00Z,0.13712,0.13713,0.13631,0.13646,16718962
2024-03-09T08:00:00Z,0.13645,0.13654,0.13639,0.13648,10356220
2024-03-09T09:00:00Z,0.13648,0.13675,0.13631,0.13631,22678322
2024-03-09T10:00:00Z,0.13631,0.13632,0.13562,0.13599,27729250
2024-03-09T11:00:00Z,0.13600,0.13606,0.13585,0.13594,9693291
2024-03-09T12:00:00Z,0.13593,0.13603,0.13580,0.13600,11100248
2024-03-09T13:00:00Z,0.13601,0.13629,0.13584,0.13606,13335707
2024-03-09T14:00:00Z,0.13606,0.13613,0.13588,0.13595,7289643
2024-03-09T15:00:00Z,0.13596,0.13610,0.13588,0.13600,6112775
2024-03-09T16:00:00Z,0.13600,0.13610,0.13572,0.13578,14654496
2024-03-09T17:00:00Z,0.13578,0.13591,0.13561,0.13573,11757868
2024-03-09T18:00:00Z,0.13573,0.13591,0.13566,0.13577,8437731
2024-03-09T19:00:00Z,0.13577,0.13588,0.13565,0.13570,7333384
2024-03-09T20:00:00Z,0.13570,0.13591,0.13570,0.13587,7930623
2024-03-09T21:00:00Z,0.13587,0.13590,0.13568,0.13589,4323645
2024-03-09T22:00:00Z,0.13590,0.13598,0.13580,0.13583,4981868
2024-03-09T23:00:00Z,0.13583,0.13598,0.13581,0.13583,6283625
2024-03-10T00:00:00Z,0.13583,0.13603,0.13574,0.13584,11145786
2024-03-10T01:00:00Z,0.13585,0.13600,0.13582,0.13589,11815574
2024-03-10T02:00:00Z,0.13589,0.13608,0.13587,0.13589,8539175
2024-03-10T03:00:00Z,0.13590,0.13606,0.13589,0.13600,5625355
2024-03-10T04:00:00Z,0.13600,0.13618,0.13596,0.13604,7109496
2024-03-10T05:00:00Z,0.13605,0.13609,0.13590,0.13591,3656357
2024-03-10T06:00:00Z,0.13591,0.13616,0.13586,0.13616,7916104
2024-03-10T07:00:00Z,0.13616,0.13624,0.13599,0.13607,5853683
2024-03-10T08:00:00Z,0.13607,0.13622,0.13607,0.13617,8345367
2024-03-10T09:00:00Z,0.13616,0.13618,0.13560,0.13564,16547094
2024-03-10T10:00:00Z,0.13564,0.13578,0.13551,0.13574,8163750
2024-03-10T11:00:00Z,0.13574,0.13583,0.13542,0.13556,9625863
2024-03-10T12:00:00Z,0.13555,0.13572,0.13530,0.13546,10202260
2024-03-10T13:00:00Z,0.13545,0.13564,0.13506,0.13512,10711858
2024-03-10T14:00:00Z,0.13511,0.13530,0.13472,0.13499,18030136
2024-03-10T15:00:00Z,0.13499,0.13511,0.13464,0.13465,9355781
2024-03-10T16:00:00Z,0.13465,0.13497,0.13458,0.13474,9463358
2024-03-10T17:00:00Z,0.13473,0.13506,0.13470,0.13500,12797482
2024-03-10T18:00:00Z,0.13499,0.13503,0.13470,0.13471,5887074
2024-03-10T19:00:00Z,0.13470,0.13477,0.13375,0.13408,21383585
2024-03-10T20:00:00Z,0.13409,0.13409,0.13362,0.13400,16643096
2024-03-10T21:00:00Z,0.13400,0.13404,0.13372,0.13379,6883391
2024-03-10T22:00:00Z,0.13379,0.13382,0.13329,0.13335,17113667
2024-03-10T23:00:00Z,0.13335,0.13379,0.13334,0.13377,9796709
2024-03-11T00:00:00Z,0.13377,0.13428,0.13123,0.13351,50877847
2024-03-11T01:00:00Z,0.13351,0.13384,0.13323,0.13333,35090020
2024-03-11T02:00:00Z,0.13333,0.13335,0.13267,0.13294,18481196
2024-03-11T03:00:00Z,0.13295,0.13341,0.13267,0.13297,35595643
2024-03-11T04:00:00Z,0.13297,0.13309,0.13280,0.13290,7569406
2024-03-11T05:00:00Z,0.13290,0.13312,0.13284,0.13300,8770813
2024-03-11T06:00:00Z,0.13300,0.13343,0.13279,0.13339,10572185
2024-03-11T07:00:00Z,0.13339,0.13370,0.13302,0.13344,40119833
2024-03-11T08:00:00Z,0.13345,0.13367,0.13330,0.13355,21902151
2024-03-11T09:00:00Z,0.13356,0.13388,0.13342,0.13383,26258476
2024-03-11T10:00:00Z,0.13383,0.13390,0.13334,0.13342,24366940
2024-03-11T11:00:00Z,0.13342,0.13350,0.13297,0.13314,21688889
2024-03-11T12:00:00Z,0.13314,0.13350,0.13302,0.13348,18811561
2024-03-11T13:00:00Z,0.13349,0.13353,0.13219,0.13243,41084201
2024-03-11T14:00:00Z,0.13243,0.13244,0.13183,0.13213,40135849
2024-03-11T15:00:00Z,0.13212,0.13259,0.13201,0.13254,19525405
2024-03-11T16:00:00Z,0.13254,0.13267,0.13226,0.13250,30239843
2024-03-11T17:00:00Z,0.13250,0.13305,0.13226,0.13279,21326260
2024-03-11T18:00:00Z,0.13279,0.13302,0.13272,0.13298,12685038
2024-03-11T19:00:00Z,0.13299,0.13316,0.13285,0.13289,13699642
2024-03-11T20:00:00Z,0.13289,0.13332,0.13285,0.13327,11696466
2024-03-11T21:00:00Z,0.13327,0.13352,0.13318,0.13337,13590157
2024-03-11T22:00:00Z,0.13337,0.13389,0.13337,0.13367,15957941
2024-03-11T23:00:00Z,0.13367,0.13385,0.13367,0.13383,12103250
2024-03-12T00:00:00Z,0.13382,0.13407,0.13382,0.13386,16571654
2024-03-12T01:00:00Z,0.13386,0.13422,0.13380,0.13416,13190668
2024-03-12T02:00:00Z,0.13417,0.13424,0.13341,0.13356,23330961
2024-03-12T03:00:00Z,0.13357,0.13372,0.13308,0.13313,26030658
2024-03-12T04:00:00Z,0.13313,0.13325,0.13260,0.13292,23470189
2024-03-12T05:00:00Z,0.13292,0.13322,0.13287,0.13314,8496864
2024-03-12T06:00:00Z,0.13315,0.13315,0.13241,0.13284,27919546
2024-03-12T07:00:00Z,0.13284,0.13286,0.13243,0.13257,16381447
2024-03-12T08:00:00Z,0.13257,0.13268,0.13160,0.13169,59671217
2024-03-12T09:00:00Z,0.13170,0.13224,0.13158,0.13204,31219115
2024-03-12T10:00:00Z,0.13204,0.13229,0.13192,0.13229,13486688
2024-03-12T11:00:00Z,0.13229,0.13276,0.13224,0.13228,25508157
2024-03-12T12:00:00Z,0.13227,0.13232,0.13118,0.13209,54664660
2024-03-12T13:00:00Z,0.13209,0.13241,0.13205,0.13218,21640644
2024-03-12T14:00:00Z,0.13219,0.13268,0.13156,0.13188,46286695
2024-03-12T15:00:00Z,0.13189,0.13229,0.13143,0.13216,25914489
2024-03-12T16:00:00Z,0.13215,0.13235,0.13109,0.13141,43585929
2024-03-12T17:00:00Z,0.13140,0.13145,0.13015,0.13121,82144390
2024-03-12T18:00:00Z,0.13122,0.13152,0.13110,0.13147,21935240
2024-03-12T19:00:00Z,0.13148,0.13167,0.13144,0.13152,14575337
2024-03-12T20:00:00Z,0.13152,0.13152,0.13120,0.13125,12599518
2024-03-12T21:00:00Z,0.13124,0.13134,0.13102,0.13105,13360156
2024-03-12T22:00:00Z,0.13106,0.13139,0.13102,0.13121,9851825
2024-03-12T23:00:00Z,0.13122,0.13152,0.13120,0.13146,9465835
2024-03-13T00:00:00Z,0.13147,0.13159,0.13123,0.13124,17000008
2024-03-13T01:00:00Z,0.13124,0.13171,0.13122,0.13170,12109097
2024-03-13T02:00:00Z,0.13171,0.13202,0.13166,0.13172,20732562
2024-03-13T03:00:00Z,0.13173,0.13189,0.13159,0.13178,12370848
2024-03-13T04:00:00Z,0.13178,0.13195,0.13169,0.13182,10351596
2024-03-13T05:00:00Z,0.13183,0.13192,0.13179,0.13179,6574456
2024-03-13T06:00:00Z,0.13180,0.13219,0.13179,0.13204,10450320
2024-03-13T07:00:00Z,0.13205,0.13230,0.13204,0.13217,12337083
2024-03-13T08:00:00Z,0.13217,0.13247,0.13214,0.13245,16176002
2024-03-13T09:00:00Z,0.13246,0.13249,0.13191,0.13197,12383479
2024-03-13T10:00:00Z,0.13198,0.13198,0.13172,0.13183,12817938
2024-03-13T11:00:00Z,0.13183,0.13188,0.13163,0.13165,13566475
2024-03-13T12:00:00Z,0.13165,0.13171,0.13134,0.13139,23762690
2024-03-13T13:00:00Z,0.13139,0.13178,0.13101,0.13117,37591240
2024-03-13T14:00:00Z,0.13117,0.13183,0.13113,0.13169,41620682
2024-03-13T15:00:00Z,0.13170,0.13176,0.13146,0.13161,20948370
2024-03-13T16:00:00Z,0.13162,0.13174,0.13143,0.13159,11864001
2024-03-13T17:00:00Z,0.13159,0.13180,0.13158,0.13174,10837383
2024-03-13T18:00:00Z,0.13175,0.13205,0.13166,0.13183,12651460
2024-03-13T19:00:00Z,0.13184,0.13204,0.13179,0.13203,9099899
2024-03-13T20:00:00Z,0.13202,0.13204,0.13167,0.13167,12703793
2024-03-13T21:00:00Z,0.13167,0.13195,0.13160,0.13193,6276029
2024-03-13T22:00:00Z,0.13193,0.13198,0.13178,0.13196,8384008
2024-03-13T23:00:00Z,0.13196,0.13214,0.13193,0.13211,11553194
2024-03-14T00:00:00Z,0.13212,0.13220,0.13197,0.13204,13429663
2024-03-14T01:00:00Z,0.13203,0.13207,0.13187,0.13203,9335741
2024-03-14T02:00:00Z,0.13203,0.13216,0.13145,0.13154,12457057
2024-03-14T03:00:00Z,0.13155,0.13163,0.13135,0.13149,11687394
2024-03-14T04:00:00Z,0.13149,0.13154,0.13101,0.13106,19566725
2024-03-14T05:00:00Z,0.13107,0.13134,0.13099,0.13110,14572695
2024-03-14T06:00:00Z,0.13111,0.13130,0.13062,0.13072,21207197
2024-03-14T07:00:00Z,0.13071,0.13080,0.13049,0.13064,23500534
2024-03-14T08:00:00Z,0.13065,0.13080,0.13029,0.13055,35973963
2024-03-14T09:00:00Z,0.13054,0.13086,0.13052,0.13073,15293407
2024-03-14T10:00:00Z,0.13074,0.13088,0.13053,0.13058,15508830
2024-03-14T11:00:00Z,0.13058,0.13170,0.12997,0.13054,137435491
2024-03-14T12:00:00Z,0.13054,0.13058,0.12970,0.13010,39189125
2024-03-14T13:00:00Z,0.13009,0.13016,0.12866,0.12913,80499448
2024-03-14T14:00:00Z,0.12912,0.12960,0.12893,0.12916,30483945
2024-03-14T15:00:00Z,0.12916,0.12929,0.12845,0.12883,39614862
2024-03-14T16:00:00Z,0.12882,0.12946,0.12827,0.12908,56813446
2024-03-14T17:00:00Z,0.12909,0.12918,0.12874,0.12902,15028800
2024-03-14T18:00:00Z,0.12902,0.12903,0.12812,0.12846,32497475
2024-03-14T19:00:00Z,0.12845,0.12862,0.12743,0.12803,68099947
2024-03-14T20:00:00Z,0.12802,0.12895,0.12801,0.12853,33815571
2024-03-14T21:00:00Z,0.12853,0.12881,0.12833,0.12877,16031801
2024-03-14T22:00:00Z,0.12877,0.12910,0.12876,0.12887,15401572
2024-03-14T23:00:00Z,0.12888,0.12934,0.12887,0.12928,29761280
2024-03-15T00:00:00Z,0.12928,0.12958,0.12897,0.12939,31602989
2024-03-15T01:00:00Z,0.12939,0.12948,0.12909,0.12917,16966838
2024-03-15T02:00:00Z,0.12917,0.12920,0.12727,0.12765,86785676
2024-03-15T03:00:00Z,0.12764,0.12803,0.12636,0.12711,106804613
2024-03-15T04:00:00Z,0.12711,0.12727,0.12629,0.12654,66543108
2024-03-15T05:00:00Z,0.12653,0.12697,0.12638,0.12657,41566384
2024-03-15T06:00:00Z,0.12657,0.12716,0.12651,0.12715,42845316
2024-03-15T07:00:00Z,0.12715,0.12733,0.12688,0.12714,21722406
2024-03-15T08:00:00Z,0.12714,0.12718,0.12560,0.12582,65383020
2024-03-15T09:00:00Z,0.12582,0.12622,0.12495,0.12617,90871738
2024-03-15T10:00:00Z,0.12616,0.12625,0.12570,0.12570,30809690
2024-03-15T11:00:00Z,0.12571,0.12600,0.12500,0.12588,76042743
2024-03-15T12:00:00Z,0.12588,0.12606,0.12556,0.12582,30414183
2024-03-15T13:00:00Z,0.12581,0.12631,0.12524,0.12606,35577393
2024-03-15T14:00:00Z,0.12606,0.12615,0.12537,0.12582,21853525
2024-03-15T15:00:00Z,0.12583,0.12595,0.12570,0.12588,16258678
2024-03-15T16:00:00Z,0.12588,0.12608,0.12558,0.12578,22434640
2024-03-15T17:00:00Z,0.12578,0.12588,0.12541,0.12587,20942790
2024-03-15T18:00:00Z,0.12587,0.12683,0.12587,0.12683,36782800
2024-03-15T19:00:00Z,0.12683,0.12692,0.12571,0.12578,48714475
2024-03-15T20:00:00Z,0.12578,0.12583,0.12522,0.12533,42101047
2024-03-15T21:00:00Z,0.12532,0.12579,0.12532,0.12575,22226157
2024-03-15T22:00:00Z,0.12576,0.12640,0.12572,0.12637,23330183
2024-03-15T23:00:00Z,0.12638,0.12651,0.12626,0.12640,14026450
2024-03-16T00:00:00Z,0.12640,0.12679,0.12637,0.12653,30645836
2024-03-16T01:00:00Z,0.12652,0.12677,0.12647,0.12652,15578458
2024-03-16T02:00:00Z,0.12652,0.12685,0.12646,0.12673,13495258
2024-03-16T03:00:00Z,0.12672,0.12703,0.12667,0.12685,15672268
2024-03-16T04:00:00Z,0.12685,0.12686,0.12623,0.12654,19674840
2024-03-16T05:00:00Z,0.12655,0.12658,0.12604,0.12648,24550505
2024-03-16T06:00:00Z,0.12647,0.12677,0.12643,0.12673,16692013
2024-03-16T07:00:00Z,0.12673,0.12693,0.12643,0.12691,16820324
2024-03-16T08:00:00Z,0.12691,0.12706,0.12680,0.12703,14491325
2024-03-16T09:00:00Z,0.12703,0.12748,0.12700,0.12743,20446596
2024-03-16T10:00:00Z,0.12742,0.12746,0.12714,0.12722,17455467
2024-03-16T11:00:00Z,0.12722,0.12734,0.12680,0.12720,32252832
2024-03-16T12:00:00Z,0.12720,0.12724,0.12673,0.12675,27188877
2024-03-16T13:00:00Z,0.12674,0.12693,0.12639,0.12647,32692731
2024-03-16T14:00:00Z,0.12647,0.12672,0.12622,0.12642,30495590
2024-03-16T15:00:00Z,0.12642,0.12642,0.12612,0.12635,19577367
2024-03-16T16:00:00Z,0.12635,0.12635,0.12587,0.12596,15347925
2024-03-16T17:00:00Z,0.12596,0.12599,0.12549,0.12569,33457792
2024-03-16T18:00:00Z,0.12569,0.12577,0.12505,0.12534,50163776
2024-03-16T19:00:00Z,0.12534,0.12575,0.12516,0.12523,26002780
2024-03-16T20:00:00Z,0.12523,0.12553,0.12514,0.12533,24757326
2024-03-16T21:00:00Z,0.12533,0.12543,0.12488,0.12522,29296569
2024-03-16T22:00:00Z,0.12521,0.12545,0.12500,0.12527,19230839
2024-03-16T23:00:00Z,0.12527,0.12531,0.12463,0.12530,33867297
2024-03-17T00:00:00Z,0.12530,0.12575,0.12496,0.12501,40486564
2024-03-17T01:00:00Z,0.12502,0.12534,0.12501,0.12532,20902436
2024-03-17T02:00:00Z,0.12533,0.12569,0.12526,0.12561,15184573
2024-03-17T03:00:00Z,0.12561,0.12563,0.12547,0.12561,12075829
2024-03-17T04:00:00Z,0.12561,0.12562,0.12529,0.12532,10477950
2024-03-17T05:00:00Z,0.12532,0.12533,0.12493,0.12502,15209553
2024-03-17T06:00:00Z,0.12502,0.12516,0.12451,0.12456,34580308
2024-03-17T07:00:00Z,0.12456,0.12472,0.12389,0.12440,57247101
2024-03-17T08:00:00Z,0.12439,0.12516,0.12413,0.12496,35755105
2024-03-17T09:00:00Z,0.12495,0.12522,0.12492,0.12511,22717717
2024-03-17T10:00:00Z,0.12511,0.12554,0.12511,0.12549,19508025
2024-03-17T11:00:00Z,0.12549,0.12563,0.12530,0.12540,17744325
2024-03-17T12:00:00Z,0.12540,0.12558,0.12474,0.12486,25636490
2024-03-17T13:00:00Z,0.12486,0.12532,0.12484,0.12518,15815011
2024-03-17T14:00:00Z,0.12518,0.12546,0.12504,0.12537,15180701
2024-03-17T15:00:00Z,0.12537,0.12559,0.12515,0.12554,18544086
2024-03-17T16:00:00Z,0.12554,0.12578,0.12535,0.12561,21192146
2024-03-17T17:00:00Z,0.12560,0.12599,0.12557,0.12593,13900170
2024-03-17T18:00:00Z,0.12593,0.12597,0.12575,0.12594,9890383
2024-03-17T19:00:00Z,0.12594,0.12621,0.12594,0.12620,9784626
2024-03-17T20:00:00Z,0.12621,0.12638,0.12601,0.12612,21297826
2024-03-17T21:00:00Z,0.12611,0.12633,0.12603,0.12625,10356605
2024-03-17T22:00:00Z,0.12625,0.12664,0.12625,0.12628,15325404
2024-03-17T23:00:00Z,0.12628,0.12643,0.12618,0.12634,12913674
2024-03-18T00:00:00Z,0.12633,0.12636,0.12593,0.12594,23058513
2024-03-18T01:00:00Z,0.12594,0.12611,0.12571,0.12610,19189616
2024-03-18T02:00:00Z,0.12610,0.12649,0.12605,0.12634,13270491
2024-03-18T03:00:00Z,0.12634,0.12650,0.12629,0.12637,16075774
2024-03-18T04:00:00Z,0.12638,0.12662,0.12615,0.12658,14486763
2024-03-18T05:00:00Z,0.12657,0.12673,0.12649,0.12665,13071598
2024-03-18T06:00:00Z,0.12665,0.12671,0.12653,0.12668,12271467
2024-03-18T07:00:00Z,0.12668,0.12684,0.12656,0.12683,16186307
2024-03-18T08:00:00Z,0.12684,0.12684,0.12626,0.12661,20753670
2024-03-18T09:00:00Z,0.12661,0.12664,0.12603,0.12614,20019866
2024-03-18T10:00:00Z,0.12613,0.12622,0.12593,0.12615,18384790
2024-03-18T11:00:00Z,0.12616,0.12617,0.12558,0.12585,18835489
2024-03-18T12:00:00Z,0.12584,0.12595,0.12531,0.12546,16813318
2024-03-18T13:00:00Z,0.12546,0.12555,0.12427,0.12449,53655745
2024-03-18T14:00:00Z,0.12449,0.12467,0.12389,0.12413,41721291
2024-03-18T15:00:00Z,0.12413,0.12420,0.12358,0.12405,39612221
2024-03-18T16:00:00Z,0.12406,0.12421,0.12337,0.12355,37444560
2024-03-18T17:00:00Z,0.12354,0.12359,0.12296,0.12328,51023059
2024-03-18T18:00:00Z,0.12327,0.12331,0.12288,0.12295,22775230
2024-03-18T19:00:00Z,0.12295,0.12354,0.12283,0.12321,21397877
2024-03-18T20:00:00Z,0.12321,0.12365,0.12321,0.12358,20608513
2024-03-18T21:00:00Z,0.12358,0.12404,0.12357,0.12404,13813611
2024-03-18T22:00:00Z,0.12403,0.12414,0.12375,0.12401,22209984
2024-03-18T23:00:00Z,0.12401,0.12427,0.12395,0.12417,18633899
2024-03-19T00:00:00Z,0.12417,0.12448,0.12370,0.12373,33811200
2024-03-19T01:00:00Z,0.12373,0.12377,0.12317,0.12330,64098397
2024-03-19T02:00:00Z,0.12330,0.12366,0.12280,0.12292,35091260
2024-03-19T03:00:00Z,0.12293,0.12318,0.12253,0.12315,37720691
2024-03-19T04:00:00Z,0.12315,0.12326,0.12257,0.12258,33357420
2024-03-19T05:00:00Z,0.12257,0.12275,0.12171,0.12188,46769093
2024-03-19T06:00:00Z,0.12189,0.12200,0.12052,0.12109,84701109
2024-03-19T07:00:00Z,0.12109,0.12118,0.12012,0.12108,77169639
2024-03-19T08:00:00Z,0.12109,0.12109,0.11980,0.12004,67201239
2024-03-19T09:00:00Z,0.12003,0.12028,0.11706,0.11851,136331149
2024-03-19T10:00:00Z,0.11851,0.11851,0.11604,0.11760,109333439
2024-03-19T11:00:00Z,0.11760,0.11939,0.11624,0.11920,92188706
2024-03-19T12:00:00Z,0.11920,0.12019,0.11875,0.11911,109953803
2024-03-19T13:00:00Z,0.11910,0.11925,0.11686,0.11746,93341701
2024-03-19T14:00:00Z,0.11746,0.11750,0.11494,0.11717,101214424
2024-03-19T15:00:00Z,0.11717,0.11901,0.11528,0.11849,82074565
2024-03-19T16:00:00Z,0.11849,0.11903,0.11626,0.11754,82088561
2024-03-19T17:00:00Z,0.11754,0.11877,0.11707,0.11782,49999422
2024-03-19T18:00:00Z,0.11783,0.11784,0.11678,0.11738,36101063
2024-03-19T19:00:00Z,0.11739,0.11855,0.11705,0.11801,45781158
2024-03-19T20:00:00Z,0.11801,0.11821,0.11570,0.11604,66797036
2024-03-19T21:00:00Z,0.11603,0.11634,0.11470,0.11521,50720126
2024-03-19T22:00:00Z,0.11522,0.11530,0.11187,0.11236,105299768
2024-03-19T23:00:00Z,0.11237,0.11289,0.11019,0.11233,109228611
2024-03-20T00:00:00Z,0.11232,0.11545,0.11209,0.11544,100454446
2024-03-20T01:00:00Z,0.11544,0.11558,0.11269,0.11350,83759338
2024-03-20T02:00:00Z,0.11350,0.11544,0.11317,0.11540,57849113
2024-03-20T03:00:00Z,0.11540,0.11598,0.11222,0.11250,97611806
2024-03-20T04:00:00Z,0.11249,0.11369,0.11136,0.11213,102434184
2024-03-20T05:00:00Z,0.11211,0.11267,0.11012,0.11210,102903753
2024-03-20T06:00:00Z,0.11208,0.11500,0.11201,0.11472,71950107
2024-03-20T07:00:00Z,0.11472,0.11729,0.11448,0.11714,76377006
2024-03-20T08:00:00Z,0.11714,0.11719,0.11482,0.11484,93323076
2024-03-20T09:00:00Z,0.11483,0.11638,0.11475,0.11597,64296009
2024-03-20T10:00:00Z,0.11598,0.11666,0.11550,0.11634,57352086
2024-03-20T11:00:00Z,0.11633,0.11779,0.11615,0.11771,57213553
2024-03-20T12:00:00Z,0.11770,0.11910,0.11731,0.11829,59341676
2024-03-20T13:00:00Z,0.11829,0.11837,0.11651,0.11689,68774273
2024-03-20T14:00:00Z,0.11689,0.11827,0.11653,0.11817,49314461
2024-03-20T15:00:00Z,0.11817,0.11857,0.11542,0.11602,82304862
2024-03-20T16:00:00Z,0.11602,0.11674,0.11266,0.11421,121904041
2024-03-20T17:00:00Z,0.11421,0.11754,0.11378,0.11693,67436621
2024-03-20T18:00:00Z,0.11694,0.11977,0.11688,0.11965,53124722
2024-03-20T19:00:00Z,0.11966,0.12066,0.11912,0.12035,52773346
2024-03-20T20:00:00Z,0.12035,0.12113,0.11974,0.12034,57946771
2024-03-20T21:00:00Z,0.12034,0.12099,0.12017,0.12086,30688046
2024-03-20T22:00:00Z,0.12086,0.12117,0.12058,0.12110,38279388
2024-03-20T23:00:00Z,0.12110,0.12129,0.12067,0.12081,22072055
2024-03-21T00:00:00Z,0.12081,0.12172,0.12047,0.12111,51397542
2024-03-21T01:00:00Z,0.12110,0.12173,0.12077,0.12149,29286852
2024-03-21T02:00:00Z,0.12148,0.12187,0.12137,0.12153,23007475
2024-03-21T03:00:00Z,0.12153,0.12201,0.12057,0.12125,50927064
2024-03-21T04:00:00Z,0.12124,0.12159,0.12089,0.12146,39816628
2024-03-21T05:00:00Z,0.12146,0.12146,0.12034,0.12092,65328756
2024-03-21T06:00:00Z,0.12092,0.12127,0.12063,0.12075,27531008
2024-03-21T07:00:00Z,0.12075,0.12120,0.12041,0.12087,27125528
2024-03-21T08:00:00Z,0.12086,0.12155,0.12078,0.12097,34518462
2024-03-21T09:00:00Z,0.12098,0.12153,0.12084,0.12151,30673406
2024-03-21T10:00:00Z,0.12152,0.12186,0.12143,0.12181,30128088
2024-03-21T11:00:00Z,0.12180,0.12205,0.12145,0.12177,23857720
2024-03-21T12:00:00Z,0.12178,0.12206,0.12107,0.12150,33895632
2024-03-21T13:00:00Z,0.12149,0.12191,0.12133,0.12137,20836526
2024-03-21T14:00:00Z,0.12137,0.12182,0.12126,0.12160,26670344
2024-03-21T15:00:00Z,0.12161,0.12169,0.12100,0.12137,31656034
2024-03-21T16:00:00Z,0.12136,0.12190,0.12121,0.12186,27297621
2024-03-21T17:00:00Z,0.12186,0.12197,0.12091,0.12112,49733446
2024-03-21T18:00:00Z,0.12112,0.12124,0.12028,0.12050,50625262
2024-03-21T19:00:00Z,0.12050,0.12083,0.12034,0.12068,25972958
2024-03-21T20:00:00Z,0.12068,0.12112,0.12040,0.12107,32064386
2024-03-21T21:00:00Z,0.12107,0.12116,0.12084,0.12115,18828206
2024-03-21T22:00:00Z,0.12115,0.12129,0.12085,0.12088,19313191
2024-03-21T23:00:00Z,0.12087,0.12124,0.12084,0.12122,12054393
2024-03-22T00:00:00Z,0.12122,0.12147,0.12093,0.12098,29427475
2024-03-22T01:00:00Z,0.12098,0.12120,0.12060,0.12071,25888972
2024-03-22T02:00:00Z,0.12072,0.12106,0.12059,0.12098,20266687
2024-03-22T03:00:00Z,0.12098,0.12158,0.12097,0.12131,25766198
2024-03-22T04:00:00Z,0.12132,0.12155,0.12118,0.12148,19391695
2024-03-22T05:00:00Z,0.12149,0.12154,0.12125,0.12153,19084249
2024-03-22T06:00:00Z,0.12154,0.12163,0.12119,0.12132,17841916
2024-03-22T07:00:00Z,0.12132,0.12140,0.12111,0.12135,11688384
2024-03-22T08:00:00Z,0.12134,0.12143,0.12103,0.12115,31072798
2024-03-22T09:00:00Z,0.12116,0.12140,0.12110,0.12110,14776977
2024-03-22T10:00:00Z,0.12111,0.12117,0.12037,0.12038,34026616
2024-03-22T11:00:00Z,0.12038,0.12044,0.11986,0.11994,33028897
2024-03-22T12:00:00Z,0.11993,0.12015,0.11981,0.11989,26592277
2024-03-22T13:00:00Z,0.11989,0.12004,0.11641,0.11710,86748677
2024-03-22T14:00:00Z,0.11709,0.11744,0.11491,0.11563,108044025
2024-03-22T15:00:00Z,0.11566,0.11837,0.11556,0.11787,74224146
2024-03-22T16:00:00Z,0.11788,0.11792,0.11603,0.11663,56264432
2024-03-22T17:00:00Z,0.11662,0.11724,0.11613,0.11710,39358055
2024-03-22T18:00:00Z,0.11710,0.11752,0.11634,0.11686,30150749
2024-03-22T19:00:00Z,0.11686,0.11756,0.11622,0.11703,28906268
2024-03-22T20:00:00Z,0.11705,0.11717,0.11621,0.11634,27566238
2024-03-22T21:00:00Z,0.11633,0.11640,0.11493,0.11595,32238755
2024-03-22T22:00:00Z,0.11595,0.11630,0.11506,0.11607,36968157
2024-03-22T23:00:00Z,0.11608,0.11743,0.11598,0.11741,19734104
2024-03-23T00:00:00Z,0.11742,0.11776,0.11692,0.11731,33046683
2024-03-23T01:00:00Z,0.11731,0.11901,0.11727,0.11885,34150762
2024-03-23T02:00:00Z,0.11885,0.11911,0.11752,0.11795,34548381
2024-03-23T03:00:00Z,0.11795,0.11797,0.11602,0.11668,37359471
2024-03-23T04:00:00Z,0.11667,0.11746,0.11665,0.11680,22005115
2024-03-23T05:00:00Z,0.11680,0.11711,0.11650,0.11667,16614090
2024-03-23T06:00:00Z,0.11668,0.11752,0.11660,0.11726,14294274
2024-03-23T07:00:00Z,0.11725,0.11816,0.11725,0.11781,18831681
2024-03-23T08:00:00Z,0.11782,0.11825,0.11731,0.11790,16774009
2024-03-23T09:00:00Z,0.11790,0.11799,0.11722,0.11794,18688676
2024-03-23T10:00:00Z,0.11793,0.11855,0.11783,0.11802,25521860
2024-03-23T11:00:00Z,0.11802,0.11830,0.11757,0.11815,22968281
2024-03-23T12:00:00Z,0.11815,0.11856,0.11748,0.11748,28687213
2024-03-23T13:00:00Z,0.11749,0.11795,0.11694,0.11779,49133814
2024-03-23T14:00:00Z,0.11779,0.11875,0.11757,0.11863,41347209
2024-03-23T15:00:00Z,0.11863,0.11877,0.11784,0.11841,22400396
2024-03-23T16:00:00Z,0.11841,0.11906,0.11813,0.11866,23064136
2024-03-23T17:00:00Z,0.11866,0.11926,0.11819,0.11894,25155723
2024-03-23T18:00:00Z,0.11895,0.11933,0.11884,0.11926,16958534
2024-03-23T19:00:00Z,0.11926,0.11944,0.11887,0.11910,18328244
2024-03-23T20:00:00Z,0.11911,0.11943,0.11886,0.11909,14912710
2024-03-23T21:00:00Z,0.11909,0.11960,0.11889,0.11955,10206933
2024-03-23T22:00:00Z,0.11956,0.11976,0.11929,0.11930,11077692
2024-03-23T23:00:00Z,0.11929,0.11938,0.11811,0.11822,25524991
2024-03-24T00:00:00Z,0.11821,0.11898,0.11808,0.11895,23804911
2024-03-24T01:00:00Z,0.11894,0.11974,0.11890,0.11955,20122981
2024-03-24T02:00:00Z,0.11955,0.12038,0.11929,0.12030,24407783
2024-03-24T03:00:00Z,0.12030,0.12047,0.11930,0.11936,27784829
2024-03-24T04:00:00Z,0.11936,0.12025,0.11920,0.12025,16470346
2024-03-24T05:00:00Z,0.12025,0.12041,0.12001,0.12025,13404571
2024-03-24T06:00:00Z,0.12024,0.12046,0.12016,0.12032,11120521
2024-03-24T07:00:00Z,0.12032,0.12050,0.12012,0.12046,9433355
2024-03-24T08:00:00Z,0.12045,0.12064,0.12026,0.12062,12144338
2024-03-24T09:00:00Z,0.12062,0.12062,0.11658,0.11700,54943590
2024-03-24T10:00:00Z,0.11700,0.11853,0.11667,0.11824,73733997
2024-03-24T11:00:00Z,0.11825,0.11895,0.11801,0.11891,20115033
2024-03-24T12:00:00Z,0.11891,0.11928,0.11866,0.11922,24566398
2024-03-24T13:00:00Z,0.11922,0.11953,0.11907,0.11933,20608669
2024-03-24T14:00:00Z,0.11934,0.11975,0.11900,0.11913,14893216
2024-03-24T15:00:00Z,0.11913,0.11957,0.11894,0.11938,15964182
2024-03-24T16:00:00Z,0.11939,0.11949,0.11886,0.11910,13977228
2024-03-24T17:00:00Z,0.11911,0.11982,0.11826,0.11921,43651191
2024-03-24T18:00:00Z,0.11922,0.11966,0.11899,0.11942,16476357
2024-03-24T19:00:00Z,0.11943,0.11992,0.11935,0.11979,13967883
2024-03-24T20:00:00Z,0.11978,0.12034,0.11951,0.12029,14096751
2024-03-24T21:00:00Z,0.12029,0.12043,0.12014,0.12037,8127560
2024-03-24T22:00:00Z,0.12037,0.12046,0.12020,0.12024,9465293
2024-03-24T23:00:00Z,0.12024,0.12052,0.12018,0.12023,9662645
2024-03-25T00:00:00Z,0.12023,0.12034,0.11993,0.12015,15412777
2024-03-25T01:00:00Z,0.12016,0.12042,0.12010,0.12016,6683127
2024-03-25T02:00:00Z,0.12016,0.12036,0.12007,0.12035,12041878
2024-03-25T03:00:00Z,0.12035,0.12048,0.12026,0.12037,8485125
2024-03-25T04:00:00Z,0.12037,0.12046,0.11836,0.11850,31443720
2024-03-25T05:00:00Z,0.11850,0.11955,0.11725,0.11937,95327217
2024-03-25T06:00:00Z,0.11938,0.11953,0.11835,0.11841,54190397
2024-03-25T07:00:00Z,0.11842,0.11880,0.11730,0.11733,50150096
2024-03-25T08:00:00Z,0.11731,0.11810,0.11727,0.11793,37870789
2024-03-25T09:00:00Z,0.11793,0.11970,0.11784,0.11929,64616875
2024-03-25T10:00:00Z,0.11929,0.11936,0.11874,0.11899,23347689
2024-03-25T11:00:00Z,0.11899,0.11903,0.11853,0.11854,14516553
2024-03-25T12:00:00Z,0.11854,0.11878,0.11849,0.11869,14415694
2024-03-25T13:00:00Z,0.11869,0.11892,0.11846,0.11886,17830877
2024-03-25T14:00:00Z,0.11887,0.11990,0.11878,0.11987,35033315
2024-03-25T15:00:00Z,0.11988,0.12047,0.11968,0.12028,35267503
2024-03-25T16:00:00Z,0.12028,0.12069,0.12025,0.12067,28874600
2024-03-25T17:00:00Z,0.12067,0.12095,0.12063,0.12085,31862228
2024-03-25T18:00:00Z,0.12086,0.12089,0.12048,0.12089,27756695
2024-03-25T19:00:00Z,0.12089,0.12102,0.12076,0.12101,19637141
2024-03-25T20:00:00Z,0.12101,0.12115,0.12087,0.12099,21553919
2024-03-25T21:00:00Z,0.12099,0.12100,0.12018,0.12052,24195002
2024-03-25T22:00:00Z,0.12052,0.12074,0.12048,0.12054,10094398
2024-03-25T23:00:00Z,0.12054,0.12075,0.12038,0.12049,10798165
2024-03-26T00:00:00Z,0.12049,0.12077,0.12039,0.12074,14774246
2024-03-26T01:00:00Z,0.12074,0.12104,0.12069,0.12099,9139497
2024-03-26T02:00:00Z,0.12098,0.12126,0.12090,0.12124,11121616
2024-03-26T03:00:00Z,0.12124,0.12138,0.12064,0.12102,24794392
2024-03-26T04:00:00Z,0.12103,0.12105,0.12086,0.12098,12175953
2024-03-26T05:00:00Z,0.12098,0.12123,0.12095,0.12122,10014353
2024-03-26T06:00:00Z,0.12122,0.12146,0.12103,0.12144,14215113
2024-03-26T07:00:00Z,0.12144,0.12173,0.12100,0.12130,30592661
2024-03-26T08:00:00Z,0.12128,0.12158,0.12113,0.12156,11213922
2024-03-26T09:00:00Z,0.12156,0.12170,0.12139,0.12164,18240278
2024-03-26T10:00:00Z,0.12165,0.12253,0.12151,0.12219,45491419
2024-03-26T11:00:00Z,0.12219,0.12222,0.12172,0.12194,29498925
2024-03-26T12:00:00Z,0.12194,0.12239,0.12181,0.12233,26782115
2024-03-26T13:00:00Z,0.12233,0.12253,0.12156,0.12189,56610752
2024-03-26T14:00:00Z,0.12189,0.12206,0.12090,0.12166,50516928
2024-03-26T15:00:00Z,0.12166,0.12168,0.12112,0.12134,20980255
2024-03-26T16:00:00Z,0.12134,0.12151,0.12063,0.12073,26705011
2024-03-26T17:00:00Z,0.12073,0.12112,0.12065,0.12102,20615700
2024-03-26T18:00:00Z,0.12102,0.12117,0.12095,0.12095,9239469
2024-03-26T19:00:00Z,0.12095,0.12100,0.12071,0.12071,12319610
2024-03-26T20:00:00Z,0.12071,0.12105,0.12071,0.12088,8487273
2024-03-26T21:00:00Z,0.12089,0.12105,0.12081,0.12103,8081687
2024-03-26T22:00:00Z,0.12103,0.12105,0.12079,0.12098,8538868
2024-03-26T23:00:00Z,0.12099,0.12110,0.12076,0.12090,11265574
2024-03-27T00:00:00Z,0.12091,0.12114,0.12081,0.12112,10154922
2024-03-27T01:00:00Z,0.12112,0.12127,0.12111,0.12114,11192749
2024-03-27T02:00:00Z,0.12113,0.12147,0.12113,0.12136,13389326
2024-03-27T03:00:00Z,0.12137,0.12167,0.12122,0.12126,13119682
2024-03-27T04:00:00Z,0.12125,0.12147,0.12113,0.12121,16927531
2024-03-27T05:00:00Z,0.12121,0.12130,0.12108,0.12122,9815204
2024-03-27T06:00:00Z,0.12121,0.12145,0.12116,0.12134,8252116
2024-03-27T07:00:00Z,0.12133,0.12134,0.12063,0.12069,20621905
2024-03-27T08:00:00Z,0.12069,0.12087,0.12024,0.12038,21143460
2024-03-27T09:00:00Z,0.12039,0.12053,0.11992,0.12042,30857408
2024-03-27T10:00:00Z,0.12042,0.12059,0.12027,0.12048,13843386
2024-03-27T11:00:00Z,0.12049,0.12063,0.12039,0.12051,12767550
2024-03-27T12:00:00Z,0.12051,0.12072,0.12044,0.12070,16481006
2024-03-27T13:00:00Z,0.12070,0.12135,0.12003,0.12020,61471481
2024-03-27T14:00:00Z,0.12020,0.12021,0.11930,0.12008,75640425
2024-03-27T15:00:00Z,0.12007,0.12012,0.11948,0.11952,23586853
2024-03-27T16:00:00Z,0.11952,0.11976,0.11934,0.11971,18564878
2024-03-27T17:00:00Z,0.11971,0.11974,0.11945,0.11946,14895750
2024-03-27T18:00:00Z,0.11946,0.11966,0.11901,0.11903,23927392
2024-03-27T19:00:00Z,0.11903,0.11994,0.11903,0.11949,21594439
2024-03-27T20:00:00Z,0.11948,0.11957,0.11928,0.11951,11376439
2024-03-27T21:00:00Z,0.11950,0.11960,0.11944,0.11945,5771714
2024-03-27T22:00:00Z,0.11945,0.11970,0.11944,0.11970,7473321
2024-03-27T23:00:00Z,0.11970,0.11972,0.11940,0.11950,7947689
2024-03-28T00:00:00Z,0.11950,0.11980,0.11947,0.11968,13619341
2024-03-28T01:00:00Z,0.11968,0.11970,0.11940,0.11942,9338158
2024-03-28T02:00:00Z,0.11942,0.11962,0.11921,0.11928,10759402
2024-03-28T03:00:00Z,0.11927,0.11952,0.11914,0.11939,11668822
2024-03-28T04:00:00Z,0.11940,0.11960,0.11935,0.11959,7190576
2024-03-28T05:00:00Z,0.11959,0.11974,0.11959,0.11972,7720194
2024-03-28T06:00:00Z,0.11971,0.11998,0.11962,0.11997,9858999
2024-03-28T07:00:00Z,0.11998,0.12006,0.11989,0.12004,7066758
2024-03-28T08:00:00Z,0.12005,0.12027,0.12000,0.12024,8665873
2024-03-28T09:00:00Z,0.12024,0.12036,0.12013,0.12034,11634412
2024-03-28T10:00:00Z,0.12034,0.12042,0.12007,0.12042,12276993
2024-03-28T11:00:00Z,0.12041,0.12057,0.12030,0.12039,13214441
2024-03-28T12:00:00Z,0.12039,0.12051,0.12023,0.12046,13072029
2024-03-28T13:00:00Z,0.12046,0.12074,0.12017,0.12068,15786871
2024-03-28T14:00:00Z,0.12067,0.12080,0.12047,0.12078,12586080
2024-03-28T15:00:00Z,0.12078,0.12078,0.12046,0.12059,12314699
2024-03-28T16:00:00Z,0.12059,0.12070,0.12038,0.12046,12539789
2024-03-28T17:00:00Z,0.12045,0.12054,0.12016,0.12024,9166391
2024-03-28T18:00:00Z,0.12023,0.12032,0.12021,0.12025,4297407
2024-03-28T19:00:00Z,0.12025,0.12049,0.12025,0.12032,10186986
2024-03-28T20:00:00Z,0.12032,0.12048,0.12030,0.12044,6231686
2024-03-28T21:00:00Z,0.12043,0.12074,0.12017,0.12044,13714728
2024-03-28T22:00:00Z,0.12043,0.12050,0.12030,0.12049,5719219
2024-03-28T23:00:00Z,0.12049,0.12059,0.12044,0.12059,6184327
2024-03-29T00:00:00Z,0.12058,0.12065,0.12040,0.12049,7013136
2024-03-29T01:00:00Z,0.12050,0.12067,0.12040,0.12062,10590318
2024-03-29T02:00:00Z,0.12063,0.12063,0.12038,0.12053,8646281
2024-03-29T03:00:00Z,0.12054,0.12065,0.12036,0.12064,6205393
2024-03-29T04:00:00Z,0.12063,0.12078,0.12054,0.12064,8666187
2024-03-29T05:00:00Z,0.12064,0.12076,0.12043,0.12051,7902492
2024-03-29T06:00:00Z,0.12052,0.12061,0.12032,0.12057,8034831
2024-03-29T07:00:00Z,0.12058,0.12061,0.11956,0.11963,27957155
2024-03-29T08:00:00Z,0.11963,0.12007,0.11952,0.11981,19188129
2024-03-29T09:00:00Z,0.11981,0.11992,0.11964,0.11977,7753743
2024-03-29T10:00:00Z,0.11977,0.12010,0.11964,0.12008,13204666
2024-03-29T11:00:00Z,0.12008,0.12034,0.12007,0.12031,18900664
2024-03-29T12:00:00Z,0.12031,0.12056,0.12019,0.12037,15646428
2024-03-29T13:00:00Z,0.12038,0.12053,0.12019,0.12050,14830619
2024-03-29T14:00:00Z,0.12050,0.12147,0.12048,0.12072,38986601
2024-03-29T15:00:00Z,0.12072,0.12090,0.11970,0.12000,42978703
2024-03-29T16:00:00Z,0.12001,0.12027,0.11989,0.11994,18651041
2024-03-29T17:00:00Z,0.11994,0.12018,0.11985,0.12004,13143948
2024-03-29T18:00:00Z,0.12005,0.12016,0.11994,0.12002,9654852
2024-03-29T19:00:00Z,0.12002,0.12015,0.11983,0.12013,9993744
2024-03-29T20:00:00Z,0.12013,0.12014,0.11977,0.11999,15275187
2024-03-29T21:00:00Z,0.11999,0.11999,0.11972,0.11980,8794022
2024-03-29T22:00:00Z,0.11980,0.12013,0.11980,0.12011,6330681
2024-03-29T23:00:00Z,0.12011,0.12018,0.12003,0.12005,5987056
2024-03-30T00:00:00Z,0.12005,0.12029,0.12004,0.12027,8177295
2024-03-30T01:00:00Z,0.12026,0.12048,0.12014,0.12034,10224568
2024-03-30T02:00:00Z,0.12034,0.12044,0.12024,0.12038,5923463
2024-03-30T03:00:00Z,0.12037,0.12044,0.12024,0.12037,7934977
2024-03-30T04:00:00Z,0.12037,0.12049,0.12033,0.12043,4917469
2024-03-30T05:00:00Z,0.12044,0.12062,0.12036,0.12059,7883780
2024-03-30T06:00:00Z,0.12060,0.12064,0.12046,0.12060,6669805
2024-03-30T07:00:00Z,0.12060,0.12067,0.12051,0.12051,5601787
2024-03-30T08:00:00Z,0.12051,0.12066,0.12048,0.12063,7185596
2024-03-30T09:00:00Z,0.12063,0.12078,0.12062,0.12074,6282606
2024-03-30T10:00:00Z,0.12075,0.12080,0.12060,0.12077,7455698
2024-03-30T11:00:00Z,0.12077,0.12099,0.12077,0.12095,6778968
2024-03-30T12:00:00Z,0.12095,0.12107,0.12087,0.12105,7873789
2024-03-30T13:00:00Z,0.12105,0.12111,0.12092,0.12098,6549166
2024-03-30T14:00:00Z,0.12098,0.12122,0.12094,0.12120,9558011
2024-03-30T15:00:00Z,0.12120,0.12150,0.12117,0.12136,12928987
2024-03-30T16:00:00Z,0.12136,0.12178,0.12120,0.12159,18834595
2024-03-30T17:00:00Z,0.12160,0.12179,0.12155,0.12175,8687895
2024-03-30T18:00:00Z,0.12175,0.12195,0.12175,0.12181,13380120
2024-03-30T19:00:00Z,0.12181,0.12235,0.12166,0.12234,32836056
2024-03-30T20:00:00Z,0.12233,0.12267,0.12228,0.12261,21489989
2024-03-30T21:00:00Z,0.12261,0.12285,0.12252,0.12266,28384242
2024-03-30T22:00:00Z,0.12266,0.12308,0.12264,0.12298,23608503
2024-03-30T23:00:00Z,0.12297,0.12304,0.12237,0.12268,30037391
2024-03-31T00:00:00Z,0.12269,0.12272,0.12249,0.12250,13056992
2024-03-31T01:00:00Z,0.12250,0.12271,0.12247,0.12248,9940036
2024-03-31T02:00:00Z,0.12248,0.12285,0.12243,0.12271,19436061
2024-03-31T03:00:00Z,0.12272,0.12273,0.12237,0.12240,8519347
2024-03-31T04:00:00Z,0.12240,0.12263,0.12236,0.12259,8969180
2024-03-31T05:00:00Z,0.12259,0.12268,0.12246,0.12259,7633015
2024-03-31T06:00:00Z,0.12260,0.12261,0.12249,0.12255,6263718
2024-03-31T07:00:00Z,0.12255,0.12266,0.12246,0.12247,6655082
2024-03-31T08:00:00Z,0.12248,0.12252,0.12228,0.12236,11888380
2024-03-31T09:00:00Z,0.12236,0.12250,0.12221,0.12249,10313520
2024-03-31T10:00:00Z,0.12249,0.12254,0.12228,0.12232,8719272
2024-03-31T11:00:00Z,0.12233,0.12260,0.12229,0.12259,12360502
2024-03-31T12:00:00Z,0.12258,0.12274,0.12250,0.12270,10770215
2024-03-31T13:00:00Z,0.12271,0.12292,0.12270,0.12290,8096638
2024-03-31T14:00:00Z,0.12291,0.12321,0.12288,0.12319,11838696
2024-03-31T15:00:00Z,0.12320,0.12344,0.12311,0.12342,14734954
2024-03-31T16:00:00Z,0.12341,0.12345,0.12305,0.12327,14956632
2024-03-31T17:00:00Z,0.12328,0.12334,0.12324,0.12325,6636746
2024-03-31T18:00:00Z,0.12326,0.12331,0.12290,0.12301,19750294
2024-03-31T19:00:00Z,0.12302,0.12310,0.12286,0.12308,10397616
2024-03-31T20:00:00Z,0.12309,0.12312,0.12292,0.12301,6218974
2024-03-31T21:00:00Z,0.12302,0.12310,0.12281,0.12288,11156565
2024-03-31T22:00:00Z,0.12289,0.12306,0.12281,0.12294,10041823
2024-03-31T23:00:00Z,0.12295,0.12318,0.12293,0.12313,6155219
2024-04-01T00:00:00Z,0.12313,0.12327,0.12301,0.12319,11687840
2024-04-01T01:00:00Z,0.12319,0.12328,0.12309,0.12317,9424840
2024-04-01T02:00:00Z,0.12317,0.12329,0.12310,0.12328,6897440
2024-04-01T03:00:00Z,0.12328,0.12338,0.12319,0.12334,7926937
2024-04-01T04:00:00Z,0.12334,0.12341,0.12316,0.12326,11299020
2024-04-01T05:00:00Z,0.12327,0.12333,0.12140,0.12148,85497856
2024-04-01T06:00:00Z,0.12148,0.12185,0.12121,0.12156,47252879
2024-04-01T07:00:00Z,0.12155,0.12179,0.12150,0.12173,15803329
2024-04-01T08:00:00Z,0.12172,0.12174,0.12106,0.12121,26075011
2024-04-01T09:00:00Z,0.12122,0.12155,0.12115,0.12139,14145050
2024-04-01T10:00:00Z,0.12139,0.12153,0.12134,0.12151,12566038
2024-04-01T11:00:00Z,0.12150,0.12172,0.12146,0.12146,19109357
2024-04-01T12:00:00Z,0.12146,0.12158,0.12142,0.12156,12471490
2024-04-01T13:00:00Z,0.12156,0.12173,0.12145,0.12172,13295776
2024-04-01T14:00:00Z,0.12172,0.12173,0.12048,0.12050,50803977
2024-04-01T15:00:00Z,0.12050,0.12064,0.11977,0.12008,58672717
2024-04-01T16:00:00Z,0.12007,0.12019,0.11998,0.12004,16063743
2024-04-01T17:00:00Z,0.12003,0.12018,0.11987,0.12018,14301475
2024-04-01T18:00:00Z,0.12017,0.12026,0.11994,0.12026,13388030
2024-04-01T19:00:00Z,0.12025,0.12082,0.12023,0.12080,19824246
2024-04-01T20:00:00Z,0.12079,0.12085,0.12076,0.12084,8069248
2024-04-01T21:00:00Z,0.12083,0.12087,0.12074,0.12074,9154589
2024-04-01T22:00:00Z,0.12074,0.12082,0.12071,0.12075,8053391
2024-04-01T23:00:00Z,0.12075,0.12079,0.12062,0.12062,8246816
2024-04-02T00:00:00Z,0.12063,0.12068,0.12018,0.12033,15863259
2024-04-02T01:00:00Z,0.12032,0.12047,0.12024,0.12034,13436042
2024-04-02T02:00:00Z,0.12034,0.12038,0.11848,0.11905,94859297
2024-04-02T03:00:00Z,0.11906,0.11922,0.11832,0.11834,44246271
2024-04-02T04:00:00Z,0.11834,0.11834,0.11752,0.11756,49768994
2024-04-02T05:00:00Z,0.11755,0.11758,0.11701,0.11728,29863740
2024-04-02T06:00:00Z,0.11728,0.11815,0.11719,0.11804,34640692
2024-04-02T07:00:00Z,0.11805,0.11809,0.11763,0.11770,20221985
2024-04-02T08:00:00Z,0.11771,0.11778,0.11680,0.11690,41327812
2024-04-02T09:00:00Z,0.11690,0.11691,0.11634,0.11668,48448840
2024-04-02T10:00:00Z,0.11667,0.11668,0.11615,0.11652,27872328
2024-04-02T11:00:00Z,0.11652,0.11660,0.11605,0.11650,27840586
2024-04-02T12:00:00Z,0.11650,0.11664,0.11637,0.11639,18555301
2024-04-02T13:00:00Z,0.11638,0.11642,0.11580,0.11611,35525508
2024-04-02T14:00:00Z,0.11611,0.11663,0.11606,0.11644,33132036
2024-04-02T15:00:00Z,0.11644,0.11667,0.11587,0.11593,26478965
2024-04-02T16:00:00Z,0.11592,0.11623,0.11573,0.11621,26728629
2024-04-02T17:00:00Z,0.11621,0.11627,0.11606,0.11627,15131521
2024-04-02T18:00:00Z,0.11626,0.11642,0.11617,0.11639,18496951
2024-04-02T19:00:00Z,0.11639,0.11662,0.11631,0.11645,17279305
2024-04-02T20:00:00Z,0.11645,0.11680,0.11631,0.11659,26170449
2024-04-02T21:00:00Z,0.11658,0.11669,0.11636,0.11669,14007365
2024-04-02T22:00:00Z,0.11669,0.11686,0.11652,0.11684,8711969
2024-04-02T23:00:00Z,0.11683,0.11690,0.11663,0.11667,8837229
2024-04-03T00:00:00Z,0.11666,0.11675,0.11552,0.11622,50407098
2024-04-03T01:00:00Z,0.11622,0.11674,0.11595,0.11673,23131873
2024-04-03T02:00:00Z,0.11673,0.11702,0.11673,0.11701,20523232
2024-04-03T03:00:00Z,0.11700,0.11726,0.11689,0.11725,17721087
2024-04-03T04:00:00Z,0.11723,0.11759,0.11723,0.11755,18289051
2024-04-03T05:00:00Z,0.11755,0.11756,0.11707,0.11722,14024856
2024-04-03T06:00:00Z,0.11721,0.11760,0.11721,0.11760,10986336
2024-04-03T07:00:00Z,0.11760,0.11774,0.11753,0.11771,13483135
2024-04-03T08:00:00Z,0.11770,0.11837,0.11764,0.11819,39830996
2024-04-03T09:00:00Z,0.11819,0.11858,0.11816,0.11848,115995001
2024-04-03T10:00:00Z,0.11848,0.11854,0.11784,0.11802,31716357
2024-04-03T11:00:00Z,0.11802,0.11812,0.11773,0.11797,18925965
2024-04-03T12:00:00Z,0.11797,0.11798,0.11738,0.11744,23539739
2024-04-03T13:00:00Z,0.11743,0.11764,0.11715,0.11740,27378965
2024-04-03T14:00:00Z,0.11740,0.11804,0.11740,0.11797,30311587
2024-04-03T15:00:00Z,0.11798,0.11800,0.11730,0.11754,22968449
2024-04-03T16:00:00Z,0.11754,0.11790,0.11747,0.11770,14780010
2024-04-03T17:00:00Z,0.11770,0.11778,0.11697,0.11714,24933020
2024-04-03T18:00:00Z,0.11714,0.11717,0.11673,0.11713,22894745
2024-04-03T19:00:00Z,0.11713,0.11722,0.11694,0.11715,11691352
2024-04-03T20:00:00Z,0.11714,0.11718,0.11679,0.11688,10888007
2024-04-03T21:00:00Z,0.11687,0.11692,0.11654,0.11691,14139528
2024-04-03T22:00:00Z,0.11691,0.11727,0.11691,0.11727,8274932
2024-04-03T23:00:00Z,0.11726,0.11738,0.11719,0.11720,9364719
2024-04-04T00:00:00Z,0.11719,0.11801,0.11705,0.11800,21333481
2024-04-04T01:00:00Z,0.11801,0.11808,0.11759,0.11766,16371511
2024-04-04T02:00:00Z,0.11766,0.11779,0.11718,0.11747,22845763
2024-04-04T03:00:00Z,0.11746,0.11754,0.11718,0.11737,17451154
2024-04-04T04:00:00Z,0.11738,0.11750,0.11689,0.11721,23090044
2024-04-04T05:00:00Z,0.11721,0.11746,0.11720,0.11742,10584705
2024-04-04T06:00:00Z,0.11741,0.11750,0.11732,0.11733,9274565
2024-04-04T07:00:00Z,0.11733,0.11779,0.11717,0.11732,20701553
2024-04-04T08:00:00Z,0.11733,0.11767,0.11729,0.11763,8797514
2024-04-04T09:00:00Z,0.11762,0.11775,0.11751,0.11764,12878555
2024-04-04T10:00:00Z,0.11764,0.11781,0.11755,0.11778,8713698
2024-04-04T11:00:00Z,0.11778,0.11794,0.11771,0.11783,8983724
2024-04-04T12:00:00Z,0.11784,0.11831,0.11778,0.11826,18349623
2024-04-04T13:00:00Z,0.11827,0.11884,0.11827,0.11867,30254225
2024-04-04T14:00:00Z,0.11867,0.11916,0.11854,0.11904,23901943
2024-04-04T15:00:00Z,0.11904,0.11914,0.11888,0.11913,14551165
2024-04-04T16:00:00Z,0.11914,0.11936,0.11898,0.11926,15218629
2024-04-04T17:00:00Z,0.11926,0.11952,0.11915,0.11935,14670307
2024-04-04T18:00:00Z,0.11936,0.11962,0.11922,0.11929,18512676
2024-04-04T19:00:00Z,0.11929,0.11953,0.11912,0.11926,20486957
2024-04-04T20:00:00Z,0.11926,0.11932,0.11825,0.11891,52067309
2024-04-04T21:00:00Z,0.11890,0.11906,0.11870,0.11898,12918903
2024-04-04T22:00:00Z,0.11899,0.11903,0.11878,0.11896,5122665
2024-04-04T23:00:00Z,0.11897,0.11933,0.11896,0.11928,9660732
2024-04-05T00:00:00Z,0.11927,0.11955,0.11925,0.11955,9234538
2024-04-05T01:00:00Z,0.11954,0.11955,0.11903,0.11927,11704419
2024-04-05T02:00:00Z,0.11927,0.11930,0.11879,0.11888,18525987
2024-04-05T03:00:00Z,0.11888,0.11920,0.11882,0.11916,12391805
2024-04-05T04:00:00Z,0.11916,0.11920,0.11881,0.11894,10656329
2024-04-05T05:00:00Z,0.11895,0.11896,0.11781,0.11853,42027620
2024-04-05T06:00:00Z,0.11852,0.11876,0.11843,0.11865,10976019
2024-04-05T07:00:00Z,0.11866,0.11872,0.11841,0.11867,9888757
2024-04-05T08:00:00Z,0.11867,0.11944,0.11865,0.11904,34215150
2024-04-05T09:00:00Z,0.11904,0.11906,0.11825,0.11850,32476999
2024-04-05T10:00:00Z,0.11850,0.11859,0.11779,0.11830,24812918
2024-04-05T11:00:00Z,0.11831,0.11835,0.11769,0.11772,18042231
2024-04-05T12:00:00Z,0.11772,0.11814,0.11728,0.11813,41612728
2024-04-05T13:00:00Z,0.11814,0.11826,0.11782,0.11820,19753928
2024-04-05T14:00:00Z,0.11819,0.11829,0.11794,0.11813,18446724
2024-04-05T15:00:00Z,0.11813,0.11823,0.11792,0.11817,10838508
2024-04-05T16:00:00Z,0.11817,0.11824,0.11792,0.11799,9231849
2024-04-05T17:00:00Z,0.11799,0.11800,0.11772,0.11775,9910131
2024-04-05T18:00:00Z,0.11775,0.11792,0.11767,0.11791,7428711
2024-04-05T19:00:00Z,0.11792,0.11835,0.11791,0.11800,13262861
2024-04-05T20:00:00Z,0.11800,0.11824,0.11793,0.11807,10811797
2024-04-05T21:00:00Z,0.11806,0.11820,0.11795,0.11795,6953665
2024-04-05T22:00:00Z,0.11796,0.11814,0.11787,0.11787,7191544
2024-04-05T23:00:00Z,0.11787,0.11807,0.11787,0.11794,4597397
2024-04-06T00:00:00Z,0.11795,0.11808,0.11779,0.11798,10633577
2024-04-06T01:00:00Z,0.11798,0.11811,0.11788,0.11791,5948940
2024-04-06T02:00:00Z,0.11791,0.11801,0.11776,0.11787,6047422
2024-04-06T03:00:00Z,0.11786,0.11817,0.11785,0.11794,7197598
2024-04-06T04:00:00Z,0.11794,0.11802,0.11784,0.11795,5512006
2024-04-06T05:00:00Z,0.11795,0.11823,0.11794,0.11803,6857162
2024-04-06T06:00:00Z,0.11802,0.11825,0.11798,0.11822,6097863
2024-04-06T07:00:00Z,0.11823,0.11826,0.11804,0.11810,6924910
2024-04-06T08:00:00Z,0.11810,0.11845,0.11806,0.11843,9286561
2024-04-06T09:00:00Z,0.11843,0.11852,0.11826,0.11841,10631361
2024-04-06T10:00:00Z,0.11841,0.11870,0.11840,0.11863,8258287
2024-04-06T11:00:00Z,0.11863,0.11870,0.11844,0.11861,6779348
2024-04-06T12:00:00Z,0.11862,0.11879,0.11857,0.11861,10823292
2024-04-06T13:00:00Z,0.11861,0.11889,0.11853,0.11871,10105289
2024-04-06T14:00:00Z,0.11871,0.11898,0.11869,0.11897,13448337
2024-04-06T15:00:00Z,0.11898,0.11934,0.11888,0.11919,21154991
2024-04-06T16:00:00Z,0.11918,0.11950,0.11918,0.11947,13592544
2024-04-06T17:00:00Z,0.11947,0.11977,0.11937,0.11943,16649552
2024-04-06T18:00:00Z,0.11944,0.11958,0.11938,0.11957,6730907
2024-04-06T19:00:00Z,0.11958,0.11962,0.11939,0.11942,5284157
2024-04-06T20:00:00Z,0.11942,0.11965,0.11942,0.11965,5302000
2024-04-06T21:00:00Z,0.11964,0.11972,0.11963,0.11969,5492948
2024-04-06T22:00:00Z,0.11969,0.11995,0.11968,0.11992,8040834
2024-04-06T23:00:00Z,0.11992,0.12004,0.11948,0.11969,21320040
2024-04-07T00:00:00Z,0.11968,0.11994,0.11966,0.11992,6018649
2024-04-07T01:00:00Z,0.11993,0.12016,0.11979,0.12006,11790912
2024-04-07T02:00:00Z,0.12007,0.12028,0.11994,0.11997,7661826
2024-04-07T03:00:00Z,0.11998,0.12012,0.11992,0.12012,5853226
2024-04-07T04:00:00Z,0.12012,0.12028,0.12006,0.12027,6210266
2024-04-07T05:00:00Z,0.12027,0.12032,0.12020,0.12029,4226910
2024-04-07T06:00:00Z,0.12029,0.12032,0.12013,0.12016,5911652
2024-04-07T07:00:00Z,0.12015,0.12039,0.12015,0.12026,8587923
2024-04-07T08:00:00Z,0.12026,0.12043,0.12026,0.12038,4534310
2024-04-07T09:00:00Z,0.12038,0.12043,0.12021,0.12042,6400518
2024-04-07T10:00:00Z,0.12042,0.12060,0.12035,0.12054,7464379
2024-04-07T11:00:00Z,0.12054,0.12057,0.12034,0.12043,6837386
2024-04-07T12:00:00Z,0.12044,0.12062,0.12041,0.12062,7254534
2024-04-07T13:00:00Z,0.12062,0.12105,0.12060,0.12078,15288055
2024-04-07T14:00:00Z,0.12079,0.12097,0.12072,0.12092,10270246
2024-04-07T15:00:00Z,0.12092,0.12108,0.12035,0.12057,25751204
2024-04-07T16:00:00Z,0.12056,0.12092,0.12056,0.12076,10023516
2024-04-07T17:00:00Z,0.12076,0.12080,0.12052,0.12057,10364149
2024-04-07T18:00:00Z,0.12056,0.12063,0.12025,0.12051,10018143
2024-04-07T19:00:00Z,0.12050,0.12055,0.12003,0.12020,11121485
2024-04-07T20:00:00Z,0.12019,0.12044,0.12018,0.12030,6551961
2024-04-07T21:00:00Z,0.12031,0.12041,0.12012,0.12014,8598236
2024-04-07T22:00:00Z,0.12014,0.12040,0.12006,0.12031,8004926
2024-04-07T23:00:00Z,0.12032,0.12071,0.12031,0.12066,6593520
2024-04-08T00:00:00Z,0.12067,0.12096,0.12065,0.12086,19272138
2024-04-08T01:00:00Z,0.12086,0.12123,0.12083,0.12099,13147636
2024-04-08T02:00:00Z,0.12099,0.12116,0.12070,0.12093,10044110
2024-04-08T03:00:00Z,0.12092,0.12118,0.12073,0.12118,9905299
2024-04-08T04:00:00Z,0.12118,0.12130,0.12102,0.12127,8209781
2024-04-08T05:00:00Z,0.12127,0.12164,0.12126,0.12157,10781663
2024-04-08T06:00:00Z,0.12157,0.12163,0.12122,0.12136,10716519
2024-04-08T07:00:00Z,0.12136,0.12174,0.12136,0.12159,17632032
2024-04-08T08:00:00Z,0.12160,0.12228,0.12155,0.12192,39545273
2024-04-08T09:00:00Z,0.12193,0.12232,0.12189,0.12232,27256463
2024-04-08T10:00:00Z,0.12231,0.12302,0.12228,0.12280,53751075
2024-04-08T11:00:00Z,0.12280,0.12359,0.12277,0.12318,32237750
2024-04-08T12:00:00Z,0.12318,0.12352,0.12317,0.12347,19569339
2024-04-08T13:00:00Z,0.12347,0.12366,0.12313,0.12341,23553297
2024-04-08T14:00:00Z,0.12341,0.12346,0.12271,0.12296,20600035
2024-04-08T15:00:00Z,0.12296,0.12308,0.12270,0.12279,14112365
2024-04-08T16:00:00Z,0.12279,0.12316,0.12271,0.12291,10984991
2024-04-08T17:00:00Z,0.12291,0.12299,0.12256,0.12291,12934404
2024-04-08T18:00:00Z,0.12291,0.12313,0.12289,0.12303,9494867
2024-04-08T19:00:00Z,0.12303,0.12306,0.12290,0.12298,5665520
2024-04-08T20:00:00Z,0.12298,0.12318,0.12297,0.12316,6811818
2024-04-08T21:00:00Z,0.12317,0.12317,0.12295,0.12315,6371419
2024-04-08T22:00:00Z,0.12315,0.12334,0.12303,0.12329,5429028
2024-04-08T23:00:00Z,0.12330,0.12333,0.12304,0.12315,7899582
2024-04-09T00:00:00Z,0.12316,0.12321,0.12291,0.12292,15171334
2024-04-09T01:00:00Z,0.12292,0.12294,0.12231,0.12256,25669020
2024-04-09T02:00:00Z,0.12256,0.12272,0.12246,0.12260,9898956
2024-04-09T03:00:00Z,0.12260,0.12270,0.12234,0.12238,8817465
2024-04-09T04:00:00Z,0.12239,0.12262,0.12230,0.12251,9511903
2024-04-09T05:00:00Z,0.12250,0.12269,0.12248,0.12266,6527660
2024-04-09T06:00:00Z,0.12265,0.12274,0.12219,0.12236,12878164
2024-04-09T07:00:00Z,0.12236,0.12250,0.12192,0.12198,27570778
2024-04-09T08:00:00Z,0.12199,0.12201,0.12115,0.12182,48233191
2024-04-09T09:00:00Z,0.12182,0.12202,0.12174,0.12190,13635453
2024-04-09T10:00:00Z,0.12191,0.12225,0.12176,0.12221,10239176
2024-04-09T11:00:00Z,0.12222,0.12264,0.12222,0.12263,13464797
2024-04-09T12:00:00Z,0.12263,0.12284,0.12254,0.12276,15529484
2024-04-09T13:00:00Z,0.12275,0.12278,0.12211,0.12216,19396377
2024-04-09T14:00:00Z,0.12216,0.12252,0.12063,0.12088,90933398
2024-04-09T15:00:00Z,0.12088,0.12124,0.12028,0.12124,40324174
2024-04-09T16:00:00Z,0.12124,0.12132,0.12075,0.12081,21849289
2024-04-09T17:00:00Z,0.12080,0.12082,0.12039,0.12079,21990313
2024-04-09T18:00:00Z,0.12079,0.12084,0.12070,0.12079,8546529
2024-04-09T19:00:00Z,0.12079,0.12115,0.12070,0.12108,12459141
2024-04-09T20:00:00Z,0.12107,0.12149,0.12105,0.12145,14229097
2024-04-09T21:00:00Z,0.12146,0.12148,0.12118,0.12142,8694168
2024-04-09T22:00:00Z,0.12143,0.12153,0.12140,0.12153,5629531
2024-04-09T23:00:00Z,0.12153,0.12153,0.12109,0.12118,11197202
2024-04-10T00:00:00Z,0.12118,0.12167,0.12113,0.12162,23330157
2024-04-10T01:00:00Z,0.12161,0.12166,0.12102,0.12133,25780210
2024-04-10T02:00:00Z,0.12134,0.12152,0.12009,0.12012,47259475
2024-04-10T03:00:00Z,0.12012,0.12251,0.12000,0.12231,52078673
2024-04-10T04:00:00Z,0.12232,0.12251,0.12218,0.12241,19404446
2024-04-10T05:00:00Z,0.12241,0.12297,0.12238,0.12277,24667293
2024-04-10T06:00:00Z,0.12277,0.12313,0.12275,0.12309,12766695
2024-04-10T07:00:00Z,0.12308,0.12421,0.12307,0.12381,36486074
2024-04-10T08:00:00Z,0.12381,0.12381,0.12189,0.12209,55860202
2024-04-10T09:00:00Z,0.12208,0.12221,0.12108,0.12157,58853695
2024-04-10T10:00:00Z,0.12156,0.12161,0.12024,0.12102,42381268
2024-04-10T11:00:00Z,0.12102,0.12103,0.12031,0.12038,13019723
2024-04-10T12:00:00Z,0.12037,0.12051,0.11788,0.11849,122172436
2024-04-10T13:00:00Z,0.11849,0.11851,0.11794,0.11822,34980386
2024-04-10T14:00:00Z,0.11822,0.11840,0.11806,0.11818,25633197
2024-04-10T15:00:00Z,0.11818,0.11847,0.11806,0.11844,12553596
2024-04-10T16:00:00Z,0.11845,0.11907,0.11833,0.11898,27896940
2024-04-10T17:00:00Z,0.11898,0.11938,0.11884,0.11905,18180210
2024-04-10T18:00:00Z,0.11905,0.11906,0.11833,0.11845,20483187
2024-04-10T19:00:00Z,0.11846,0.11893,0.11840,0.11889,15338109
2024-04-10T20:00:00Z,0.11889,0.11894,0.11874,0.11875,8675352
2024-04-10T21:00:00Z,0.11875,0.11885,0.11855,0.11876,7501838
2024-04-10T22:00:00Z,0.11877,0.11949,0.11877,0.11922,15759027
2024-04-10T23:00:00Z,0.11923,0.11941,0.11918,0.11924,7230302
2024-04-11T00:00:00Z,0.11925,0.11935,0.11898,0.11931,15108741
2024-04-11T01:00:00Z,0.11931,0.11950,0.11917,0.11947,9386254
2024-04-11T02:00:00Z,0.11947,0.12004,0.11940,0.11989,17971915
2024-04-11T03:00:00Z,0.11988,0.11997,0.11968,0.11985,9824932
2024-04-11T04:00:00Z,0.11986,0.11989,0.11946,0.11977,13920198
2024-04-11T05:00:00Z,0.11977,0.12041,0.11971,0.12014,16758455
2024-04-11T06:00:00Z,0.12015,0.12028,0.12008,0.12017,8600724
2024-04-11T07:00:00Z,0.12018,0.12058,0.12017,0.12032,11994934
2024-04-11T08:00:00Z,0.12033,0.12047,0.12023,0.12033,9226138
2024-04-11T09:00:00Z,0.12033,0.12042,0.12001,0.12003,13585551
2024-04-11T10:00:00Z,0.12003,0.12004,0.11971,0.11972,17737903
2024-04-11T11:00:00Z,0.11972,0.11986,0.11953,0.11959,17923162
2024-04-11T12:00:00Z,0.11959,0.11984,0.11918,0.11972,24128552
2024-04-11T13:00:00Z,0.11972,0.12013,0.11925,0.11956,34129652
2024-04-11T14:00:00Z,0.11956,0.11963,0.11908,0.11924,20750009
2024-04-11T15:00:00Z,0.11924,0.11950,0.11923,0.11948,13499147
2024-04-11T16:00:00Z,0.11947,0.11958,0.11929,0.11956,13141735
2024-04-11T17:00:00Z,0.11956,0.11976,0.11950,0.11972,12813024
2024-04-11T18:00:00Z,0.11973,0.11979,0.11958,0.11972,7494430
2024-04-11T19:00:00Z,0.11972,0.11991,0.11970,0.11982,9826807
2024-04-11T20:00:00Z,0.11981,0.12002,0.11981,0.12002,11806042
2024-04-11T21:00:00Z,0.12002,0.12011,0.11964,0.12006,19214345
2024-04-11T22:00:00Z,0.12005,0.12056,0.11993,0.12056,14494340
2024-04-11T23:00:00Z,0.12055,0.12061,0.12026,0.12042,24026636
2024-04-12T00:00:00Z,0.12042,0.12240,0.12041,0.12198,65264516
2024-04-12T01:00:00Z,0.12198,0.12229,0.12192,0.12221,15247269
2024-04-12T02:00:00Z,0.12220,0.12246,0.12117,0.12125,37238652
2024-04-12T03:00:00Z,0.12126,0.12198,0.12115,0.12136,32269628
2024-04-12T04:00:00Z,0.12136,0.12174,0.12134,0.12170,14292759
2024-04-12T05:00:00Z,0.12170,0.12186,0.12164,0.12174,8486682
2024-04-12T06:00:00Z,0.12174,0.12179,0.12149,0.12155,9903150
2024-04-12T07:00:00Z,0.12156,0.12182,0.12144,0.12148,11328332
2024-04-12T08:00:00Z,0.12148,0.12175,0.12142,0.12167,18999544
2024-04-12T09:00:00Z,0.12168,0.12191,0.12158,0.12184,11715208
2024-04-12T10:00:00Z,0.12185,0.12205,0.12170,0.12198,14739899
2024-04-12T11:00:00Z,0.12198,0.12214,0.12187,0.12200,11066595
2024-04-12T12:00:00Z,0.12201,0.12205,0.12147,0.12170,18330852
2024-04-12T13:00:00Z,0.12169,0.12170,0.12015,0.12074,60720207
2024-04-12T14:00:00Z,0.12074,0.12092,0.12037,0.12054,20602173
2024-04-12T15:00:00Z,0.12054,0.12093,0.12039,0.12071,22108791
2024-04-12T16:00:00Z,0.12071,0.12089,0.11982,0.12041,50872307
2024-04-12T17:00:00Z,0.12041,0.12046,0.11707,0.11710,162184035
2024-04-12T18:00:00Z,0.11710,0.11737,0.11079,0.11396,204846159
2024-04-12T19:00:00Z,0.11396,0.11441,0.11310,0.11334,107112697
2024-04-12T20:00:00Z,0.11333,0.11455,0.11315,0.11449,60368906
2024-04-12T21:00:00Z,0.11449,0.11467,0.11412,0.11466,21923703
2024-04-12T22:00:00Z,0.11465,0.11488,0.11417,0.11441,22761725
2024-04-12T23:00:00Z,0.11441,0.11493,0.11420,0.11484,26758500
2024-04-13T00:00:00Z,0.11485,0.11544,0.11451,0.11501,36216497
2024-04-13T01:00:00Z,0.11500,0.11501,0.11350,0.11372,52678242
2024-04-13T02:00:00Z,0.11372,0.11380,0.11347,0.11360,27027432
2024-04-13T03:00:00Z,0.11360,0.11427,0.11319,0.11419,37305321
2024-04-13T04:00:00Z,0.11419,0.11468,0.11401,0.11452,23197636
2024-04-13T05:00:00Z,0.11452,0.11486,0.11431,0.11433,26926140
2024-04-13T06:00:00Z,0.11433,0.11447,0.11405,0.11445,18980455
2024-04-13T07:00:00Z,0.11445,0.11456,0.11403,0.11409,21182631
2024-04-13T08:00:00Z,0.11410,0.11420,0.11375,0.11391,23697434
2024-04-13T09:00:00Z,0.11391,0.11407,0.11381,0.11400,16015753
2024-04-13T10:00:00Z,0.11400,0.11453,0.11384,0.11436,26169039
2024-04-13T11:00:00Z,0.11435,0.11453,0.11411,0.11413,33655181
2024-04-13T12:00:00Z,0.11413,0.11490,0.11379,0.11440,40215447
2024-04-13T13:00:00Z,0.11440,0.11477,0.11405,0.11423,24162536
2024-04-13T14:00:00Z,0.11423,0.11426,0.11370,0.11390,22626242
2024-04-13T15:00:00Z,0.11390,0.11401,0.11319,0.11328,31661999
2024-04-13T16:00:00Z,0.11329,0.11345,0.11216,0.11225,65484872
2024-04-13T17:00:00Z,0.11224,0.11228,0.11079,0.11124,99127952
2024-04-13T18:00:00Z,0.11125,0.11212,0.11080,0.11202,59110366
2024-04-13T19:00:00Z,0.11202,0.11209,0.11020,0.11155,68525640
2024-04-13T20:00:00Z,0.11156,0.11175,0.10643,0.10854,253785345
2024-04-13T21:00:00Z,0.10855,0.10877,0.10729,0.10837,105511460
2024-04-13T22:00:00Z,0.10837,0.10972,0.10772,0.10967,102268985
2024-04-13T23:00:00Z,0.10968,0.11049,0.10963,0.11011,54830459
2024-04-14T00:00:00Z,0.11011,0.11018,0.10911,0.10936,64168805
2024-04-14T01:00:00Z,0.10937,0.10979,0.10898,0.10960,34896346
2024-04-14T02:00:00Z,0.10959,0.10983,0.10919,0.10934,32530707
2024-04-14T03:00:00Z,0.10934,0.10946,0.10876,0.10910,37975526
2024-04-14T04:00:00Z,0.10910,0.11038,0.10898,0.11026,53583036
2024-04-14T05:00:00Z,0.11027,0.11109,0.11026,0.11096,40758812
2024-04-14T06:00:00Z,0.11096,0.11163,0.11075,0.11144,35038878
2024-04-14T07:00:00Z,0.11144,0.11184,0.11134,0.11174,29894425
2024-04-14T08:00:00Z,0.11173,0.11224,0.11146,0.11163,35755911
2024-04-14T09:00:00Z,0.11162,0.11202,0.11108,0.11117,43018436
2024-04-14T10:00:00Z,0.11118,0.11180,0.11117,0.11155,20991473
2024-04-14T11:00:00Z,0.11156,0.11165,0.11022,0.11047,59464098
2024-04-14T12:00:00Z,0.11046,0.11125,0.11030,0.11077,50441461
2024-04-14T13:00:00Z,0.11078,0.11137,0.11058,0.11074,36331639
2024-04-14T14:00:00Z,0.11075,0.11081,0.11002,0.11047,54754014
2024-04-14T15:00:00Z,0.11046,0.11096,0.11043,0.11089,26769491
2024-04-14T16:00:00Z,0.11088,0.11163,0.11076,0.11148,35935894
2024-04-14T17:00:00Z,0.11149,0.11170,0.11004,0.11071,94873250
2024-04-14T18:00:00Z,0.11071,0.11128,0.11048,0.11115,32832074
2024-04-14T19:00:00Z,0.11114,0.11123,0.11078,0.11080,20133772
2024-04-14T20:00:00Z,0.11079,0.11106,0.11054,0.11056,22729511
2024-04-14T21:00:00Z,0.11055,0.11074,0.11044,0.11074,13052363
2024-04-14T22:00:00Z,0.11074,0.11228,0.11073,0.11227,57370898
2024-04-14T23:00:00Z,0.11227,0.11262,0.11227,0.11241,33518559
2024-04-15T00:00:00Z,0.11241,0.11253,0.11191,0.11195,39468512
2024-04-15T01:00:00Z,0.11195,0.11226,0.11152,0.11221,28759688
2024-04-15T02:00:00Z,0.11220,0.11244,0.11176,0.11199,35145905
2024-04-15T03:00:00Z,0.11199,0.11290,0.11195,0.11266,35501097
2024-04-15T04:00:00Z,0.11267,0.11301,0.11194,0.11299,27651002
2024-04-15T05:00:00Z,0.11299,0.11345,0.11299,0.11339,19080881
2024-04-15T06:00:00Z,0.11338,0.11525,0.11337,0.11510,93832089
2024-04-15T07:00:00Z,0.11511,0.11532,0.11443,0.11484,50872424
2024-04-15T08:00:00Z,0.11484,0.11534,0.11459,0.11501,49477213
2024-04-15T09:00:00Z,0.11501,0.11525,0.11444,0.11506,53785994
2024-04-15T10:00:00Z,0.11506,0.11529,0.11476,0.11509,37398445
2024-04-15T11:00:00Z,0.11509,0.11515,0.11370,0.11391,87660469
2024-04-15T12:00:00Z,0.11392,0.11435,0.11377,0.11433,34649678
2024-04-15T13:00:00Z,0.11433,0.11466,0.11337,0.11354,37961207
2024-04-15T14:00:00Z,0.11354,0.11405,0.11203,0.11212,102108224
2024-04-15T15:00:00Z,0.11213,0.11247,0.11138,0.11230,71817070
2024-04-15T16:00:00Z,0.11230,0.11260,0.11156,0.11167,49424500
2024-04-15T17:00:00Z,0.11168,0.11221,0.11080,0.11107,74628108
2024-04-15T18:00:00Z,0.11108,0.11125,0.11030,0.11034,54211148
2024-04-15T19:00:00Z,0.11034,0.11144,0.10978,0.11128,81135665
2024-04-15T20:00:00Z,0.11129,0.11169,0.11054,0.11065,39636330
2024-04-15T21:00:00Z,0.11065,0.11100,0.11042,0.11099,20382567
2024-04-15T22:00:00Z,0.11100,0.11157,0.11094,0.11149,23677086
2024-04-15T23:00:00Z,0.11149,0.11152,0.11123,0.11141,15972071
2024-04-16T00:00:00Z,0.11141,0.11149,0.11070,0.11098,32156646
2024-04-16T01:00:00Z,0.11097,0.11161,0.11087,0.11117,44944704
2024-04-16T02:00:00Z,0.11117,0.11128,0.11062,0.11113,27026164
2024-04-16T03:00:00Z,0.11113,0.11142,0.11055,0.11081,26292155
2024-04-16T04:00:00Z,0.11080,0.11096,0.10954,0.10995,68103542
2024-04-16T05:00:00Z,0.10996,0.11066,0.10979,0.11058,36343024
2024-04-16T06:00:00Z,0.11059,0.11128,0.11046,0.11122,31926804
2024-04-16T07:00:00Z,0.11122,0.11161,0.11117,0.11143,31941569
2024-04-16T08:00:00Z,0.11143,0.11157,0.11117,0.11131,23577386
2024-04-16T09:00:00Z,0.11131,0.11165,0.11114,0.11115,22016070
2024-04-16T10:00:00Z,0.11116,0.11133,0.10947,0.11064,114427215
2024-04-16T11:00:00Z,0.11064,0.11099,0.11043,0.11090,48823708
2024-04-16T12:00:00Z,0.11091,0.11091,0.11031,0.11037,23572304
2024-04-16T13:00:00Z,0.11037,0.11062,0.10930,0.11003,85007680
2024-04-16T14:00:00Z,0.11003,0.11056,0.10947,0.10952,64873550
2024-04-16T15:00:00Z,0.10952,0.10983,0.10902,0.10908,53057512
2024-04-16T16:00:00Z,0.10908,0.10994,0.10877,0.10987,51115747
2024-04-16T17:00:00Z,0.10988,0.11045,0.10983,0.11008,45966143
2024-04-16T18:00:00Z,0.11009,0.11067,0.11006,0.11066,24843324
2024-04-16T19:00:00Z,0.11065,0.11074,0.11043,0.11065,15930138
2024-04-16T20:00:00Z,0.11066,0.11114,0.11061,0.11114,14979466
2024-04-16T21:00:00Z,0.11113,0.11164,0.11113,0.11162,26960467
2024-04-16T22:00:00Z,0.11161,0.11180,0.11152,0.11179,17585897
2024-04-16T23:00:00Z,0.11178,0.11208,0.11167,0.11177,24433383
2024-04-17T00:00:00Z,0.11178,0.11219,0.11169,0.11219,24115062
2024-04-17T01:00:00Z,0.11219,0.11225,0.11180,0.11215,21048019
2024-04-17T02:00:00Z,0.11215,0.11228,0.11190,0.11213,19227007
2024-04-17T03:00:00Z,0.11214,0.11247,0.11211,0.11246,14278633
2024-04-17T04:00:00Z,0.11246,0.11294,0.11243,0.11294,26548416
2024-04-17T05:00:00Z,0.11294,0.11299,0.11221,0.11238,26692671
2024-04-17T06:00:00Z,0.11237,0.11272,0.11231,0.11256,13969099
2024-04-17T07:00:00Z,0.11256,0.11260,0.11197,0.11245,28618487
2024-04-17T08:00:00Z,0.11246,0.11264,0.11225,0.11254,17138197
2024-04-17T09:00:00Z,0.11255,0.11282,0.11244,0.11272,21501384
2024-04-17T10:00:00Z,0.11273,0.11278,0.11229,0.11238,24719451
2024-04-17T11:00:00Z,0.11238,0.11252,0.11200,0.11201,27587934
2024-04-17T12:00:00Z,0.11202,0.11226,0.11158,0.11180,53019636
2024-04-17T13:00:00Z,0.11179,0.11208,0.11167,0.11170,31531509
2024-04-17T14:00:00Z,0.11170,0.11172,0.10910,0.11000,159890107
2024-04-17T15:00:00Z,0.11000,0.11018,0.10895,0.10933,56528250
2024-04-17T16:00:00Z,0.10933,0.10978,0.10882,0.10946,49214657
2024-04-17T17:00:00Z,0.10945,0.11045,0.10944,0.11035,51368592
2024-04-17T18:00:00Z,0.11036,0.11107,0.11026,0.11073,39436591
2024-04-17T19:00:00Z,0.11072,0.11073,0.10995,0.11022,43687363
2024-04-17T20:00:00Z,0.11023,0.11045,0.10970,0.10984,23774567
2024-04-17T21:00:00Z,0.10984,0.11054,0.10983,0.11004,26857304
2024-04-17T22:00:00Z,0.11004,0.11020,0.10991,0.11020,15216512
2024-04-17T23:00:00Z,0.11020,0.11023,0.10955,0.10956,24487725
2024-04-18T00:00:00Z,0.10955,0.10961,0.10837,0.10903,51995813
2024-04-18T01:00:00Z,0.10903,0.10958,0.10903,0.10957,33359961
2024-04-18T02:00:00Z,0.10958,0.10989,0.10941,0.10972,26215443
2024-04-18T03:00:00Z,0.10972,0.11017,0.10970,0.10985,26711374
2024-04-18T04:00:00Z,0.10985,0.10989,0.10954,0.10959,15976239
2024-04-18T05:00:00Z,0.10959,0.10991,0.10950,0.10957,16438257
2024-04-18T06:00:00Z,0.10956,0.10979,0.10878,0.10903,33139461
2024-04-18T07:00:00Z,0.10902,0.10952,0.10882,0.10929,25469781
2024-04-18T08:00:00Z,0.10928,0.10942,0.10876,0.10932,32623794
2024-04-18T09:00:00Z,0.10932,0.10955,0.10925,0.10948,12905398
2024-04-18T10:00:00Z,0.10949,0.10949,0.10925,0.10945,12949593
2024-04-18T11:00:00Z,0.10944,0.10978,0.10933,0.10934,33305270
2024-04-18T12:00:00Z,0.10933,0.10939,0.10793,0.10799,71818868
2024-04-18T13:00:00Z,0.10799,0.10816,0.10733,0.10787,61779550
2024-04-18T14:00:00Z,0.10787,0.10918,0.10765,0.10913,67971881
2024-04-18T15:00:00Z,0.10914,0.10947,0.10884,0.10904,39646299
2024-04-18T16:00:00Z,0.10903,0.10913,0.10847,0.10883,34245806
2024-04-18T17:00:00Z,0.10883,0.10896,0.10820,0.10834,30402656
2024-04-18T18:00:00Z,0.10834,0.10871,0.10781,0.10867,29107086
2024-04-18T19:00:00Z,0.10868,0.10886,0.10866,0.10882,14873876
2024-04-18T20:00:00Z,0.10883,0.10895,0.10859,0.10894,10957509
2024-04-18T21:00:00Z,0.10895,0.10911,0.10888,0.10904,17302529
2024-04-18T22:00:00Z,0.10902,0.10920,0.10890,0.10919,13242634
2024-04-18T23:00:00Z,0.10919,0.10932,0.10914,0.10923,13137191
2024-04-19T00:00:00Z,0.10923,0.10926,0.10864,0.10869,24580617
2024-04-19T01:00:00Z,0.10870,0.10873,0.10661,0.10671,98178679
2024-04-19T02:00:00Z,0.10671,0.10671,0.10475,0.10616,130190543
2024-04-19T03:00:00Z,0.10616,0.10791,0.10609,0.10711,105064027
2024-04-19T04:00:00Z,0.10712,0.10771,0.10707,0.10754,24762693
2024-04-19T05:00:00Z,0.10755,0.10767,0.10657,0.10684,36243509
2024-04-19T06:00:00Z,0.10684,0.10840,0.10658,0.10839,79134633
2024-04-19T07:00:00Z,0.10839,0.10863,0.10789,0.10827,54268440
2024-04-19T08:00:00Z,0.10826,0.10887,0.10822,0.10884,44816953
2024-04-19T09:00:00Z,0.10884,0.10904,0.10868,0.10894,21771364
2024-04-19T10:00:00Z,0.10894,0.10905,0.10862,0.10889,22144721
2024-04-19T11:00:00Z,0.10890,0.10942,0.10888,0.10906,28243648
2024-04-19T12:00:00Z,0.10905,0.10930,0.10882,0.10922,30958628
2024-04-19T13:00:00Z,0.10921,0.10967,0.10896,0.10953,32907402
2024-04-19T14:00:00Z,0.10954,0.10981,0.10918,0.10978,34194356
2024-04-19T15:00:00Z,0.10978,0.11031,0.10977,0.11020,23087183
2024-04-19T16:00:00Z,0.11020,0.11035,0.10967,0.11015,34505172
2024-04-19T17:00:00Z,0.11015,0.11049,0.11009,0.11040,22951796
2024-04-19T18:00:00Z,0.11040,0.11040,0.11005,0.11016,15724133
2024-04-19T19:00:00Z,0.11017,0.11052,0.11012,0.11047,16458680
2024-04-19T20:00:00Z,0.11047,0.11052,0.11013,0.11022,17248697
2024-04-19T21:00:00Z,0.11022,0.11049,0.11021,0.11048,12117788
2024-04-19T22:00:00Z,0.11049,0.11056,0.11030,0.11030,10524050
2024-04-19T23:00:00Z,0.11031,0.11031,0.10914,0.10981,63787989
2024-04-20T00:00:00Z,0.10981,0.11012,0.10961,0.10978,24899980
2024-04-20T01:00:00Z,0.10977,0.11026,0.10968,0.11021,20050153
2024-04-20T02:00:00Z,0.11020,0.11041,0.11005,0.11030,14889151
2024-04-20T03:00:00Z,0.11030,0.11045,0.10954,0.10959,25160104
2024-04-20T04:00:00Z,0.10959,0.10981,0.10952,0.10973,11845715
2024-04-20T05:00:00Z,0.10972,0.10994,0.10971,0.10991,10939679
2024-04-20T06:00:00Z,0.10992,0.10996,0.10916,0.10950,32440770
2024-04-20T07:00:00Z,0.10951,0.10964,0.10908,0.10925,25439016
2024-04-20T08:00:00Z,0.10925,0.10957,0.10916,0.10947,15165951
2024-04-20T09:00:00Z,0.10948,0.10948,0.10888,0.10913,18770362
2024-04-20T10:00:00Z,0.10913,0.10941,0.10897,0.10922,15350867
2024-04-20T11:00:00Z,0.10923,0.10957,0.10911,0.10947,13287388
2024-04-20T12:00:00Z,0.10948,0.10970,0.10936,0.10965,16823439
2024-04-20T13:00:00Z,0.10965,0.10973,0.10953,0.10954,10755912
2024-04-20T14:00:00Z,0.10954,0.10966,0.10935,0.10953,12598923
2024-04-20T15:00:00Z,0.10954,0.11007,0.10939,0.11006,22879487
2024-04-20T16:00:00Z,0.11007,0.11039,0.10988,0.11028,28261229
2024-04-20T17:00:00Z,0.11028,0.11109,0.11027,0.11089,31549028
2024-04-20T18:00:00Z,0.11088,0.11113,0.11041,0.11052,34567355
2024-04-20T19:00:00Z,0.11053,0.11077,0.11038,0.11063,20210787
2024-04-20T20:00:00Z,0.11064,0.11093,0.11058,0.11082,19476933
2024-04-20T21:00:00Z,0.11083,0.11093,0.11065,0.11069,9776048
2024-04-20T22:00:00Z,0.11069,0.11085,0.11065,0.11077,12012070
2024-04-20T23:00:00Z,0.11078,0.11103,0.11077,0.11102,9676443
2024-04-21T00:00:00Z,0.11101,0.11106,0.11064,0.11071,20612273
2024-04-21T01:00:00Z,0.11070,0.11111,0.11069,0.11109,11315984
2024-04-21T02:00:00Z,0.11109,0.11140,0.11107,0.11124,15918299
2024-04-21T03:00:00Z,0.11124,0.11146,0.11071,0.11100,22742850
2024-04-21T04:00:00Z,0.11099,0.11110,0.11078,0.11098,12952785
2024-04-21T05:00:00Z,0.11098,0.11120,0.11083,0.11084,10747881
2024-04-21T06:00:00Z,0.11083,0.11101,0.11073,0.11083,10180690
2024-04-21T07:00:00Z,0.11083,0.11096,0.11071,0.11095,10860231
2024-04-21T08:00:00Z,0.11095,0.11109,0.11084,0.11086,11627647
2024-04-21T09:00:00Z,0.11087,0.11104,0.11077,0.11090,9203717
2024-04-21T10:00:00Z,0.11090,0.11092,0.11074,0.11081,10837404
2024-04-21T11:00:00Z,0.11081,0.11110,0.11073,0.11105,12560798
2024-04-21T12:00:00Z,0.11106,0.11113,0.11089,0.11105,12643633
2024-04-21T13:00:00Z,0.11105,0.11105,0.11038,0.11047,26407683
2024-04-21T14:00:00Z,0.11047,0.11080,0.11045,0.11057,14700711
2024-04-21T15:00:00Z,0.11058,0.11080,0.11057,0.11077,13223678
2024-04-21T16:00:00Z,0.11077,0.11083,0.11013,0.11038,39491673
2024-04-21T17:00:00Z,0.11038,0.11094,0.11024,0.11093,14507804
2024-04-21T18:00:00Z,0.11093,0.11099,0.11061,0.11095,13454238
2024-04-21T19:00:00Z,0.11096,0.11117,0.11093,0.11104,9540769
2024-04-21T20:00:00Z,0.11104,0.11140,0.11081,0.11131,17725663
2024-04-21T21:00:00Z,0.11131,0.11149,0.11113,0.11113,11946791
2024-04-21T22:00:00Z,0.11114,0.11148,0.11106,0.11136,17441146
2024-04-21T23:00:00Z,0.11136,0.11138,0.11119,0.11127,11462429
2024-04-22T00:00:00Z,0.11127,0.11157,0.11106,0.11121,19060194
2024-04-22T01:00:00Z,0.11120,0.11147,0.11036,0.11056,30017677
2024-04-22T02:00:00Z,0.11057,0.11069,0.11038,0.11059,14427676
2024-04-22T03:00:00Z,0.11059,0.11129,0.11057,0.11108,25623784
2024-04-22T04:00:00Z,0.11109,0.11145,0.11104,0.11128,18493834
2024-04-22T05:00:00Z,0.11128,0.11169,0.11121,0.11165,13807733
2024-04-22T06:00:00Z,0.11166,0.11185,0.11159,0.11180,13579887
2024-04-22T07:00:00Z,0.11180,0.11195,0.11107,0.11116,21579574
2024-04-22T08:00:00Z,0.11116,0.11120,0.11039,0.11055,29501804
2024-04-22T09:00:00Z,0.11056,0.11106,0.11046,0.11100,49698605
2024-04-22T10:00:00Z,0.11100,0.11117,0.11083,0.11106,33045708
2024-04-22T11:00:00Z,0.11106,0.11113,0.11070,0.11093,18573189
2024-04-22T12:00:00Z,0.11094,0.11127,0.11088,0.11126,20776756
2024-04-22T13:00:00Z,0.11125,0.11142,0.11081,0.11124,19697330
2024-04-22T14:00:00Z,0.11123,0.11152,0.11114,0.11122,18377695
2024-04-22T15:00:00Z,0.11123,0.11151,0.11085,0.11140,23039894
2024-04-22T16:00:00Z,0.11140,0.11168,0.11137,0.11168,21325523
2024-04-22T17:00:00Z,0.11168,0.11192,0.11165,0.11173,15540804
2024-04-22T18:00:00Z,0.11173,0.11203,0.11163,0.11187,12349185
2024-04-22T19:00:00Z,0.11188,0.11203,0.11176,0.11177,11683248
2024-04-22T20:00:00Z,0.11177,0.11205,0.11176,0.11205,11977834
2024-04-22T21:00:00Z,0.11205,0.11216,0.11197,0.11211,9723041
2024-04-22T22:00:00Z,0.11211,0.11240,0.11206,0.11234,13653190
2024-04-22T23:00:00Z,0.11234,0.11243,0.11214,0.11214,11186793
2024-04-23T00:00:00Z,0.11215,0.11243,0.11209,0.11242,14411151
2024-04-23T01:00:00Z,0.11243,0.11250,0.11135,0.11157,29995652
2024-04-23T02:00:00Z,0.11158,0.11172,0.11132,0.11134,12194930
2024-04-23T03:00:00Z,0.11135,0.11150,0.11119,0.11131,19221512
2024-04-23T04:00:00Z,0.11131,0.11167,0.11127,0.11160,19994468
2024-04-23T05:00:00Z,0.11161,0.11216,0.11160,0.11213,18035495
2024-04-23T06:00:00Z,0.11213,0.11236,0.11213,0.11219,16697907
2024-04-23T07:00:00Z,0.11219,0.11231,0.11141,0.11208,28778570
2024-04-23T08:00:00Z,0.11208,0.11231,0.11198,0.11210,23365545
2024-04-23T09:00:00Z,0.11211,0.11219,0.11200,0.11200,11839250
2024-04-23T10:00:00Z,0.11200,0.11228,0.11200,0.11224,15682423
2024-04-23T11:00:00Z,0.11225,0.11230,0.11198,0.11211,12248261
2024-04-23T12:00:00Z,0.11212,0.11240,0.11203,0.11231,14680813
2024-04-23T13:00:00Z,0.11231,0.11250,0.11207,0.11239,17641903
2024-04-23T14:00:00Z,0.11240,0.11292,0.11234,0.11273,25333291
2024-04-23T15:00:00Z,0.11273,0.11288,0.11245,0.11252,14800263
2024-04-23T16:00:00Z,0.11252,0.11294,0.11249,0.11293,12180576
2024-04-23T17:00:00Z,0.11294,0.11333,0.11287,0.11323,15242665
2024-04-23T18:00:00Z,0.11324,0.11329,0.11304,0.11327,14323245
2024-04-23T19:00:00Z,0.11328,0.11346,0.11321,0.11344,10497259
2024-04-23T20:00:00Z,0.11343,0.11364,0.11316,0.11356,19661013
2024-04-23T21:00:00Z,0.11355,0.11365,0.11344,0.11352,12810230
2024-04-23T22:00:00Z,0.11352,0.11359,0.11317,0.11328,13711792
2024-04-23T23:00:00Z,0.11328,0.11328,0.11308,0.11319,11612266
2024-04-24T00:00:00Z,0.11320,0.11347,0.11310,0.11346,18744799
2024-04-24T01:00:00Z,0.11347,0.11358,0.11233,0.11273,34204697
2024-04-24T02:00:00Z,0.11274,0.11290,0.11250,0.11265,11485381
2024-04-24T03:00:00Z,0.11266,0.11312,0.11264,0.11308,9626403
2024-04-24T04:00:00Z,0.11309,0.11374,0.11296,0.11373,15890882
2024-04-24T05:00:00Z,0.11374,0.11384,0.11313,0.11340,17017141
2024-04-24T06:00:00Z,0.11340,0.11371,0.11333,0.11356,10083330
2024-04-24T07:00:00Z,0.11357,0.11370,0.11332,0.11332,10994825
2024-04-24T08:00:00Z,0.11332,0.11357,0.11329,0.11354,10696473
2024-04-24T09:00:00Z,0.11354,0.11355,0.11315,0.11337,13248065
2024-04-24T10:00:00Z,0.11337,0.11359,0.11321,0.11354,18622921
2024-04-24T11:00:00Z,0.11354,0.11390,0.11353,0.11376,8577157
2024-04-24T12:00:00Z,0.11377,0.11404,0.11363,0.11372,13932713
2024-04-24T13:00:00Z,0.11372,0.11377,0.11338,0.11366,23977777
2024-04-24T14:00:00Z,0.11366,0.11412,0.11302,0.11337,59237427
2024-04-24T15:00:00Z,0.11336,0.11343,0.11285,0.11305,33529588
2024-04-24T16:00:00Z,0.11304,0.11338,0.11287,0.11336,27083568
2024-04-24T17:00:00Z,0.11337,0.11405,0.11332,0.11405,32947221
2024-04-24T18:00:00Z,0.11404,0.11405,0.11324,0.11340,36019164
2024-04-24T19:00:00Z,0.11339,0.11407,0.11302,0.11395,35382479
2024-04-24T20:00:00Z,0.11395,0.11411,0.11349,0.11367,33850189
2024-04-24T21:00:00Z,0.11367,0.11378,0.11340,0.11377,17786461
2024-04-24T22:00:00Z,0.11377,0.11377,0.11317,0.11327,19176977
2024-04-24T23:00:00Z,0.11326,0.11326,0.11295,0.11324,21636618
2024-04-25T00:00:00Z,0.11324,0.11387,0.11306,0.11387,23871045
2024-04-25T01:00:00Z,0.11387,0.11422,0.11368,0.11376,25234663
2024-04-25T02:00:00Z,0.11376,0.11424,0.11323,0.11423,36067176
2024-04-25T03:00:00Z,0.11423,0.11435,0.11401,0.11408,26426866
2024-04-25T04:00:00Z,0.11409,0.11421,0.11349,0.11403,33964408
2024-04-25T05:00:00Z,0.11403,0.11416,0.11383,0.11389,14137011
2024-04-25T06:00:00Z,0.11389,0.11416,0.11377,0.11389,15997990
2024-04-25T07:00:00Z,0.11388,0.11408,0.11379,0.11403,12527082
2024-04-25T08:00:00Z,0.11402,0.11421,0.11393,0.11421,17905439
2024-04-25T09:00:00Z,0.11420,0.11481,0.11417,0.11478,49173430
2024-04-25T10:00:00Z,0.11479,0.11480,0.11419,0.11453,56534223
2024-04-25T11:00:00Z,0.11454,0.11545,0.11438,0.11523,57020047
2024-04-25T12:00:00Z,0.11523,0.11598,0.11506,0.11538,78076534
2024-04-25T13:00:00Z,0.11538,0.11594,0.11513,0.11584,48532867
2024-04-25T14:00:00Z,0.11585,0.11625,0.11577,0.11583,42072324
2024-04-25T15:00:00Z,0.11583,0.11695,0.11580,0.11694,44400879
2024-04-25T16:00:00Z,0.11695,0.11726,0.11628,0.11646,53336882
2024-04-25T17:00:00Z,0.11645,0.11707,0.11641,0.11694,25121864
2024-04-25T18:00:00Z,0.11693,0.11712,0.11683,0.11709,16449432
2024-04-25T19:00:00Z,0.11710,0.11716,0.11686,0.11715,13531385
2024-04-25T20:00:00Z,0.11714,0.11742,0.11699,0.11726,21131771
2024-04-25T21:00:00Z,0.11726,0.11745,0.11714,0.11714,11892202
2024-04-25T22:00:00Z,0.11714,0.11715,0.11692,0.11706,10846850
2024-04-25T23:00:00Z,0.11706,0.11727,0.11684,0.11722,14862672
2024-04-26T00:00:00Z,0.11722,0.11729,0.11695,0.11715,23371728
2024-04-26T01:00:00Z,0.11715,0.11716,0.11660,0.11707,32108481
2024-04-26T02:00:00Z,0.11706,0.11751,0.11706,0.11749,20127028
2024-04-26T03:00:00Z,0.11749,0.11782,0.11747,0.11781,22533537
2024-04-26T04:00:00Z,0.11782,0.11783,0.11670,0.11692,39460933
2024-04-26T05:00:00Z,0.11693,0.11744,0.11690,0.11731,16762444
2024-04-26T06:00:00Z,0.11732,0.11736,0.11671,0.11675,22257608
2024-04-26T07:00:00Z,0.11676,0.11693,0.11642,0.11687,20113246
2024-04-26T08:00:00Z,0.11687,0.11724,0.11681,0.11724,14149158
2024-04-26T09:00:00Z,0.11723,0.11870,0.11711,0.11793,95613445
2024-04-26T10:00:00Z,0.11793,0.11820,0.11780,0.11817,30461905
2024-04-26T11:00:00Z,0.11816,0.11856,0.11816,0.11855,24923396
2024-04-26T12:00:00Z,0.11855,0.11889,0.11827,0.11867,49712512
2024-04-26T13:00:00Z,0.11867,0.11932,0.11836,0.11930,49159037
2024-04-26T14:00:00Z,0.11930,0.11935,0.11850,0.11914,49492547
2024-04-26T15:00:00Z,0.11914,0.11947,0.11879,0.11941,35591276
2024-04-26T16:00:00Z,0.11942,0.11964,0.11920,0.11954,23945390
2024-04-26T17:00:00Z,0.11954,0.11993,0.11953,0.11983,26398624
2024-04-26T18:00:00Z,0.11984,0.12007,0.11983,0.12002,19049641
2024-04-26T19:00:00Z,0.12002,0.12060,0.12000,0.12048,28225151
2024-04-26T20:00:00Z,0.12048,0.12049,0.11954,0.12020,48988945
2024-04-26T21:00:00Z,0.12019,0.12049,0.12011,0.12034,14969295
2024-04-26T22:00:00Z,0.12035,0.12035,0.11971,0.11998,26343373
2024-04-26T23:00:00Z,0.11998,0.12019,0.11992,0.12012,13777902
2024-04-27T00:00:00Z,0.12012,0.12028,0.11937,0.11969,35130641
2024-04-27T01:00:00Z,0.11969,0.11973,0.11871,0.11907,57242033
2024-04-27T02:00:00Z,0.11907,0.11909,0.11857,0.11857,29420779
2024-04-27T03:00:00Z,0.11857,0.11917,0.11849,0.11909,29548808
2024-04-27T04:00:00Z,0.11908,0.11915,0.11875,0.11913,14673966
2024-04-27T05:00:00Z,0.11914,0.11930,0.11896,0.11930,14512680
2024-04-27T06:00:00Z,0.11931,0.11983,0.11925,0.11982,24141423
2024-04-27T07:00:00Z,0.11982,0.12098,0.11982,0.12047,55779874
2024-04-27T08:00:00Z,0.12048,0.12066,0.11943,0.11985,57571749
2024-04-27T09:00:00Z,0.11986,0.12048,0.11960,0.11972,41301547
2024-04-27T10:00:00Z,0.11973,0.12001,0.11966,0.11992,23758853
2024-04-27T11:00:00Z,0.11993,0.12022,0.11977,0.11996,22532815
2024-04-27T12:00:00Z,0.11995,0.12034,0.11969,0.12026,23998047
2024-04-27T13:00:00Z,0.12026,0.12050,0.12011,0.12048,14525477
2024-04-27T14:00:00Z,0.12048,0.12061,0.12012,0.12035,17496961
2024-04-27T15:00:00Z,0.12035,0.12057,0.12023,0.12032,12688135
2024-04-27T16:00:00Z,0.12031,0.12046,0.12015,0.12027,12709140
2024-04-27T17:00:00Z,0.12027,0.12067,0.12026,0.12037,19046000
2024-04-27T18:00:00Z,0.12037,0.12037,0.11965,0.11984,34222472
2024-04-27T19:00:00Z,0.11984,0.12010,0.11974,0.12009,14350950
2024-04-27T20:00:00Z,0.12008,0.12014,0.11986,0.12012,7776059
2024-04-27T21:00:00Z,0.12012,0.12017,0.11987,0.11988,8657105
2024-04-27T22:00:00Z,0.11988,0.12003,0.11981,0.11983,7602065
2024-04-27T23:00:00Z,0.11982,0.12002,0.11966,0.11966,6810224
2024-04-28T00:00:00Z,0.11966,0.12032,0.11966,0.12021,18871492
2024-04-28T01:00:00Z,0.12022,0.12026,0.11996,0.12007,11096802
2024-04-28T02:00:00Z,0.12008,0.12047,0.12005,0.12030,16709281
2024-04-28T03:00:00Z,0.12030,0.12048,0.12025,0.12035,15088767
2024-04-28T04:00:00Z,0.12035,0.12043,0.12018,0.12038,7966894
2024-04-28T05:00:00Z,0.12038,0.12074,0.12037,0.12070,12585413
2024-04-28T06:00:00Z,0.12070,0.12110,0.12060,0.12092,25921914
2024-04-28T07:00:00Z,0.12093,0.12104,0.12062,0.12066,14565062
2024-04-28T08:00:00Z,0.12066,0.12084,0.12057,0.12070,10590115
2024-04-28T09:00:00Z,0.12069,0.12084,0.12063,0.12082,8106268
2024-04-28T10:00:00Z,0.12081,0.12143,0.12062,0.12128,28149227
2024-04-28T11:00:00Z,0.12127,0.12139,0.12111,0.12132,15383177
2024-04-28T12:00:00Z,0.12131,0.12134,0.12104,0.12131,14125068
2024-04-28T13:00:00Z,0.12132,0.12135,0.12012,0.12050,77399904
2024-04-28T14:00:00Z,0.12051,0.12068,0.12037,0.12046,17828435
2024-04-28T15:00:00Z,0.12046,0.12055,0.12034,0.12048,9035362
2024-04-28T16:00:00Z,0.12048,0.12053,0.12027,0.12039,12253652
2024-04-28T17:00:00Z,0.12039,0.12050,0.12026,0.12043,9016574
2024-04-28T18:00:00Z,0.12043,0.12047,0.12024,0.12032,11104072
2024-04-28T19:00:00Z,0.12032,0.12046,0.12025,0.12040,8168003
2024-04-28T20:00:00Z,0.12040,0.12058,0.12036,0.12058,5769658
2024-04-28T21:00:00Z,0.12058,0.12206,0.12049,0.12121,66800537
2024-04-28T22:00:00Z,0.12120,0.12396,0.12072,0.12143,107778399
2024-04-28T23:00:00Z,0.12142,0.12153,0.12114,0.12118,29879637
2024-04-29T00:00:00Z,0.12118,0.12141,0.12072,0.12086,27360323
2024-04-29T01:00:00Z,0.12087,0.12093,0.12058,0.12066,23902725
2024-04-29T02:00:00Z,0.12067,0.12103,0.12063,0.12071,18759800
2024-04-29T03:00:00Z,0.12070,0.12076,0.12000,0.12004,30291385
2024-04-29T04:00:00Z,0.12004,0.12034,0.11982,0.12004,23048380
2024-04-29T05:00:00Z,0.12003,0.12034,0.11991,0.12015,12814978
2024-04-29T06:00:00Z,0.12015,0.12021,0.11948,0.11968,38833844
2024-04-29T07:00:00Z,0.11969,0.11971,0.11816,0.11857,69476981
2024-04-29T08:00:00Z,0.11856,0.11871,0.11827,0.11855,19864870
2024-04-29T09:00:00Z,0.11855,0.11899,0.11844,0.11873,19281193
2024-04-29T10:00:00Z,0.11874,0.11923,0.11873,0.11903,23208551
2024-04-29T11:00:00Z,0.11903,0.11917,0.11868,0.11871,15613636
2024-04-29T12:00:00Z,0.11870,0.11896,0.11845,0.11861,30850208
2024-04-29T13:00:00Z,0.11861,0.11873,0.11762,0.11783,61009366
2024-04-29T14:00:00Z,0.11782,0.11833,0.11761,0.11820,33959500
2024-04-29T15:00:00Z,0.11821,0.11825,0.11796,0.11822,18626762
2024-04-29T16:00:00Z,0.11823,0.11830,0.11799,0.11829,13424157
2024-04-29T17:00:00Z,0.11828,0.11874,0.11828,0.11868,21143128
2024-04-29T18:00:00Z,0.11867,0.11907,0.11863,0.11906,23090147
2024-04-29T19:00:00Z,0.11906,0.11920,0.11886,0.11915,17074512
2024-04-29T20:00:00Z,0.11915,0.11942,0.11904,0.11919,20347119
2024-04-29T21:00:00Z,0.11919,0.11923,0.11871,0.11879,22166631
2024-04-29T22:00:00Z,0.11879,0.11921,0.11877,0.11897,21649462
2024-04-29T23:00:00Z,0.11897,0.11935,0.11888,0.11895,16648939
2024-04-30T00:00:00Z,0.11895,0.11969,0.11873,0.11969,39959600
2024-04-30T01:00:00Z,0.11969,0.11987,0.11925,0.11929,23485709
2024-04-30T02:00:00Z,0.11929,0.11950,0.11869,0.11948,55133525
2024-04-30T03:00:00Z,0.11948,0.11993,0.11939,0.11948,33834787
2024-04-30T04:00:00Z,0.11948,0.11987,0.11945,0.11970,14067976
2024-04-30T05:00:00Z,0.11971,0.12007,0.11961,0.11999,18909180
2024-04-30T06:00:00Z,0.11999,0.12051,0.11996,0.12044,21515850
2024-04-30T07:00:00Z,0.12045,0.12085,0.12030,0.12043,26833932
2024-04-30T08:00:00Z,0.12042,0.12066,0.11901,0.11919,68424401
2024-04-30T09:00:00Z,0.11919,0.12007,0.11903,0.12002,55998700
2024-04-30T10:00:00Z,0.12003,0.12026,0.11977,0.12009,51543458
2024-04-30T11:00:00Z,0.12009,0.12012,0.11838,0.11838,76808471
2024-04-30T12:00:00Z,0.11837,0.11852,0.11782,0.11805,71928832
2024-04-30T13:00:00Z,0.11804,0.11841,0.11783,0.11829,32752366
2024-04-30T14:00:00Z,0.11829,0.11970,0.11814,0.11915,87946727
2024-04-30T15:00:00Z,0.11914,0.11915,0.11828,0.11867,51650812
2024-04-30T16:00:00Z,0.11868,0.11868,0.11794,0.11864,72446555
2024-04-30T17:00:00Z,0.11864,0.11909,0.11860,0.11882,40825663
2024-04-30T18:00:00Z,0.11882,0.11882,0.11777,0.11825,42141467
2024-04-30T19:00:00Z,0.11825,0.11840,0.11742,0.11802,56596518
2024-04-30T20:00:00Z,0.11801,0.11884,0.11800,0.11884,37868059
2024-04-30T21:00:00Z,0.11884,0.11933,0.11883,0.11895,31180628
2024-04-30T22:00:00Z,0.11895,0.11928,0.11888,0.11918,20364080
2024-04-30T23:00:00Z,0.11918,0.11962,0.11915,0.11955,28497176
2024-05-01T00:00:00Z,0.11954,0.11993,0.11947,0.11973,50362895
2024-05-01T01:00:00Z,0.11973,0.11996,0.11941,0.11980,32519269
2024-05-01T02:00:00Z,0.11981,0.12040,0.11959,0.12032,51822638
2024-05-01T03:00:00Z,0.12032,0.12040,0.12001,0.12005,17133815
2024-05-01T04:00:00Z,0.12005,0.12025,0.11987,0.12023,17190906
2024-05-01T05:00:00Z,0.12024,0.12037,0.12012,0.12024,14108944
2024-05-01T06:00:00Z,0.12023,0.12087,0.12010,0.12035,41593618
2024-05-01T07:00:00Z,0.12036,0.12054,0.11839,0.11848,110396751
2024-05-01T08:00:00Z,0.11848,0.11848,0.11701,0.11795,98300854
2024-05-01T09:00:00Z,0.11794,0.11899,0.11791,0.11870,70033633
2024-05-01T10:00:00Z,0.11869,0.11879,0.11832,0.11875,26104126
2024-05-01T11:00:00Z,0.11875,0.11894,0.11858,0.11894,13947319
2024-05-01T12:00:00Z,0.11894,0.11961,0.11882,0.11945,38216026
2024-05-01T13:00:00Z,0.11944,0.11991,0.11932,0.11989,36668205
2024-05-01T14:00:00Z,0.11989,0.11997,0.11959,0.11985,23671038
2024-05-01T15:00:00Z,0.11985,0.11988,0.11936,0.11976,27115523
2024-05-01T16:00:00Z,0.11976,0.11994,0.11959,0.11992,22906242
2024-05-01T17:00:00Z,0.11991,0.12024,0.11960,0.12014,27333394
2024-05-01T18:00:00Z,0.12014,0.12105,0.12012,0.12071,60783378
2024-05-01T19:00:00Z,0.12072,0.12095,0.11956,0.11958,82971015
2024-05-01T20:00:00Z,0.11957,0.12009,0.11957,0.11991,22399273
2024-05-01T21:00:00Z,0.11991,0.12015,0.11974,0.11976,13552874
2024-05-01T22:00:00Z,0.11976,0.12027,0.11971,0.12020,21331191
2024-05-01T23:00:00Z,0.12020,0.12059,0.12018,0.12042,19661525
2024-05-02T00:00:00Z,0.12043,0.12084,0.12040,0.12063,27475121
2024-05-02T01:00:00Z,0.12064,0.12072,0.12000,0.12033,30373963
2024-05-02T02:00:00Z,0.12034,0.12053,0.12004,0.12026,16595635
2024-05-02T03:00:00Z,0.12026,0.12075,0.12023,0.12071,17030275
2024-05-02T04:00:00Z,0.12072,0.12196,0.12071,0.12152,56391026
2024-05-02T05:00:00Z,0.12151,0.12187,0.12134,0.12177,21907826
2024-05-02T06:00:00Z,0.12178,0.12278,0.12176,0.12239,33902250
2024-05-02T07:00:00Z,0.12239,0.12273,0.12156,0.12170,31185030
2024-05-02T08:00:00Z,0.12171,0.12197,0.12142,0.12194,22814305
2024-05-02T09:00:00Z,0.12194,0.12228,0.12194,0.12228,18673908
2024-05-02T10:00:00Z,0.12227,0.12241,0.12202,0.12228,16034903
2024-05-02T11:00:00Z,0.12228,0.12270,0.12226,0.12249,28393785
2024-05-02T12:00:00Z,0.12249,0.12288,0.12239,0.12285,22759375
2024-05-02T13:00:00Z,0.12285,0.12299,0.12267,0.12297,21948808
2024-05-02T14:00:00Z,0.12297,0.12336,0.12290,0.12311,32394311
2024-05-02T15:00:00Z,0.12310,0.12332,0.12304,0.12329,15512520
2024-05-02T16:00:00Z,0.12330,0.12335,0.12297,0.12304,13783499
2024-05-02T17:00:00Z,0.12303,0.12327,0.12290,0.12311,14914943
2024-05-02T18:00:00Z,0.12311,0.12333,0.12261,0.12296,22756226
2024-05-02T19:00:00Z,0.12297,0.12300,0.12272,0.12289,12808549
2024-05-02T20:00:00Z,0.12290,0.12293,0.12227,0.12254,30861411
2024-05-02T21:00:00Z,0.12253,0.12274,0.12249,0.12251,11686775
2024-05-02T22:00:00Z,0.12251,0.12268,0.12237,0.12240,14903594
2024-05-02T23:00:00Z,0.12240,0.12246,0.12215,0.12220,15025719
2024-05-03T00:00:00Z,0.12219,0.12265,0.12219,0.12252,18933191
2024-05-03T01:00:00Z,0.12252,0.12267,0.12237,0.12248,12668388
2024-05-03T02:00:00Z,0.12249,0.12272,0.12239,0.12251,12100673
2024-05-03T03:00:00Z,0.12250,0.12279,0.12249,0.12273,10100263
2024-05-03T04:00:00Z,0.12273,0.12280,0.12223,0.12234,21131352
2024-05-03T05:00:00Z,0.12233,0.12247,0.12217,0.12219,12947963
2024-05-03T06:00:00Z,0.12219,0.12227,0.12203,0.12203,12940582
2024-05-03T07:00:00Z,0.12203,0.12221,0.12177,0.12202,23674795
2024-05-03T08:00:00Z,0.12202,0.12223,0.12195,0.12201,12323400
2024-05-03T09:00:00Z,0.12202,0.12240,0.12191,0.12223,18889459
2024-05-03T10:00:00Z,0.12224,0.12227,0.12176,0.12193,16182907
2024-05-03T11:00:00Z,0.12193,0.12211,0.12183,0.12203,9278361
2024-05-03T12:00:00Z,0.12203,0.12267,0.12191,0.12263,32929935
2024-05-03T13:00:00Z,0.12263,0.12301,0.12257,0.12294,26021523
2024-05-03T14:00:00Z,0.12295,0.12315,0.12295,0.12305,16509357
2024-05-03T15:00:00Z,0.12304,0.12334,0.12301,0.12323,10681378
2024-05-03T16:00:00Z,0.12323,0.12343,0.12321,0.12333,13602412
2024-05-03T17:00:00Z,0.12332,0.12346,0.12322,0.12342,6267038
2024-05-03T18:00:00Z,0.12342,0.12348,0.12323,0.12325,9524493
2024-05-03T19:00:00Z,0.12325,0.12358,0.12320,0.12353,9263198
2024-05-03T20:00:00Z,0.12353,0.12386,0.12349,0.12382,21967260
2024-05-03T21:00:00Z,0.12383,0.12384,0.12351,0.12359,11681671
2024-05-03T22:00:00Z,0.12358,0.12361,0.12326,0.12335,10470807
2024-05-03T23:00:00Z,0.12336,0.12348,0.12247,0.12264,19191200
2024-05-04T00:00:00Z,0.12264,0.12277,0.12246,0.12249,18543860
2024-05-04T01:00:00Z,0.12249,0.12272,0.12241,0.12242,11752505
2024-05-04T02:00:00Z,0.12242,0.12261,0.12236,0.12248,13761541
2024-05-04T03:00:00Z,0.12247,0.12264,0.12245,0.12250,7034358
2024-05-04T04:00:00Z,0.12251,0.12261,0.12238,0.12260,7298248
2024-05-04T05:00:00Z,0.12261,0.12269,0.12253,0.12263,7470908
2024-05-04T06:00:00Z,0.12263,0.12286,0.12251,0.12263,12181953
2024-05-04T07:00:00Z,0.12264,0.12284,0.12255,0.12279,5537043
2024-05-04T08:00:00Z,0.12279,0.12315,0.12277,0.12304,10696272
2024-05-04T09:00:00Z,0.12304,0.12316,0.12293,0.12298,6872518
2024-05-04T10:00:00Z,0.12298,0.12352,0.12298,0.12347,17239563
2024-05-04T11:00:00Z,0.12347,0.12355,0.12307,0.12330,16146005
2024-05-04T12:00:00Z,0.12329,0.12334,0.12294,0.12320,19254055
2024-05-04T13:00:00Z,0.12321,0.12324,0.12254,0.12289,24884953
2024-05-04T14:00:00Z,0.12289,0.12290,0.12265,0.12274,13460293
2024-05-04T15:00:00Z,0.12275,0.12275,0.12248,0.12271,11721412
2024-05-04T16:00:00Z,0.12272,0.12272,0.12249,0.12261,8915494
2024-05-04T17:00:00Z,0.12260,0.12271,0.12244,0.12251,9148886
2024-05-04T18:00:00Z,0.12251,0.12270,0.12251,0.12256,4748162
2024-05-04T19:00:00Z,0.12256,0.12265,0.12250,0.12257,6224205
2024-05-04T20:00:00Z,0.12257,0.12265,0.12246,0.12247,6757529
2024-05-04T21:00:00Z,0.12247,0.12261,0.12234,0.12234,11375323
2024-05-04T22:00:00Z,0.12234,0.12235,0.12221,0.12226,6769358
2024-05-04T23:00:00Z,0.12226,0.12236,0.12218,0.12220,7221974
2024-05-05T00:00:00Z,0.12219,0.12224,0.12152,0.12175,34145939
2024-05-05T01:00:00Z,0.12174,0.12182,0.12123,0.12124,23136711
2024-05-05T02:00:00Z,0.12123,0.12125,0.12105,0.12111,14278639
2024-05-05T03:00:00Z,0.12111,0.12111,0.12084,0.12100,12228305
2024-05-05T04:00:00Z,0.12099,0.12115,0.12090,0.12110,9037433
2024-05-05T05:00:00Z,0.12110,0.12123,0.12091,0.12093,6112145
2024-05-05T06:00:00Z,0.12093,0.12121,0.12093,0.12115,5652308
2024-05-05T07:00:00Z,0.12115,0.12144,0.12108,0.12124,9787831
2024-05-05T08:00:00Z,0.12123,0.12165,0.12119,0.12144,12065207
2024-05-05T09:00:00Z,0.12144,0.12144,0.12122,0.12123,9309722
2024-05-05T10:00:00Z,0.12122,0.12128,0.12109,0.12113,14831546
2024-05-05T11:00:00Z,0.12113,0.12132,0.12111,0.12112,7638400
2024-05-05T12:00:00Z,0.12113,0.12119,0.12094,0.12096,11748643
2024-05-05T13:00:00Z,0.12096,0.12128,0.12091,0.12110,10315334
2024-05-05T14:00:00Z,0.12109,0.12123,0.12097,0.12122,6637606
2024-05-05T15:00:00Z,0.12123,0.12140,0.12105,0.12128,15495983
2024-05-05T16:00:00Z,0.12129,0.12136,0.12112,0.12113,11221704
2024-05-05T17:00:00Z,0.12112,0.12132,0.12103,0.12122,11814448
2024-05-05T18:00:00Z,0.12122,0.12122,0.12095,0.12098,12682749
2024-05-05T19:00:00Z,0.12097,0.12102,0.12072,0.12085,11218090
2024-05-05T20:00:00Z,0.12086,0.12087,0.12069,0.12074,10836706
2024-05-05T21:00:00Z,0.12074,0.12090,0.12071,0.12078,9894080
2024-05-05T22:00:00Z,0.12078,0.12084,0.12066,0.12070,5735539
2024-05-05T23:00:00Z,0.12069,0.12110,0.12069,0.12108,13798693
2024-05-06T00:00:00Z,0.12107,0.12129,0.12103,0.12113,13377320
2024-05-06T01:00:00Z,0.12114,0.12132,0.12101,0.12105,11629927
2024-05-06T02:00:00Z,0.12105,0.12112,0.12085,0.12086,8710893
2024-05-06T03:00:00Z,0.12085,0.12090,0.12067,0.12072,10208009
2024-05-06T04:00:00Z,0.12072,0.12090,0.12057,0.12089,10619202
2024-05-06T05:00:00Z,0.12090,0.12137,0.12090,0.12130,15225422
2024-05-06T06:00:00Z,0.12130,0.12152,0.12123,0.12148,12210275
2024-05-06T07:00:00Z,0.12148,0.12177,0.12147,0.12169,14629657
2024-05-06T08:00:00Z,0.12169,0.12202,0.12152,0.12165,23705395
2024-05-06T09:00:00Z,0.12165,0.12183,0.12161,0.12169,10406044
2024-05-06T10:00:00Z,0.12169,0.12180,0.12054,0.12063,44179388
2024-05-06T11:00:00Z,0.12064,0.12120,0.11921,0.11957,49598650
2024-05-06T12:00:00Z,0.11957,0.11958,0.11837,0.11863,70608447
2024-05-06T13:00:00Z,0.11864,0.11931,0.11858,0.11925,26852789
2024-05-06T14:00:00Z,0.11925,0.11931,0.11853,0.11856,21921619
2024-05-06T15:00:00Z,0.11856,0.11911,0.11815,0.11907,36653994
2024-05-06T16:00:00Z,0.11907,0.11907,0.11872,0.11881,12237751
2024-05-06T17:00:00Z,0.11881,0.11903,0.11861,0.11887,12620145
2024-05-06T18:00:00Z,0.11888,0.11914,0.11876,0.11897,14259010
2024-05-06T19:00:00Z,0.11898,0.11898,0.11846,0.11864,13125602
2024-05-06T20:00:00Z,0.11864,0.11896,0.11860,0.11890,7086719
2024-05-06T21:00:00Z,0.11890,0.11905,0.11889,0.11899,6153969
2024-05-06T22:00:00Z,0.11900,0.11900,0.11870,0.11873,6999488
2024-05-06T23:00:00Z,0.11874,0.11874,0.11852,0.11853,7648727
2024-05-07T00:00:00Z,0.11853,0.11869,0.11822,0.11864,18752142
2024-05-07T01:00:00Z,0.11863,0.11899,0.11860,0.11892,9080323
2024-05-07T02:00:00Z,0.11893,0.11901,0.11877,0.11890,6764259
2024-05-07T03:00:00Z,0.11889,0.11892,0.11802,0.11840,30647228
2024-05-07T04:00:00Z,0.11841,0.11861,0.11835,0.11851,10922123
2024-05-07T05:00:00Z,0.11852,0.11866,0.11840,0.11858,8189692
2024-05-07T06:00:00Z,0.11858,0.11871,0.11834,0.11868,12543158
2024-05-07T07:00:00Z,0.11869,0.12072,0.11867,0.11931,65775361
2024-05-07T08:00:00Z,0.11932,0.11994,0.11926,0.11987,25509837
2024-05-07T09:00:00Z,0.11987,0.12016,0.11978,0.11984,13598476
2024-05-07T10:00:00Z,0.11985,0.11999,0.11962,0.11993,13100986
2024-05-07T11:00:00Z,0.11993,0.12027,0.11975,0.11978,13465336
2024-05-07T12:00:00Z,0.11978,0.12003,0.11917,0.12002,33007806
2024-05-07T13:00:00Z,0.12002,0.12044,0.11984,0.12014,21132356
2024-05-07T14:00:00Z,0.12014,0.12050,0.11993,0.12049,15758267
2024-05-07T15:00:00Z,0.12049,0.12062,0.12029,0.12044,16494636
2024-05-07T16:00:00Z,0.12045,0.12058,0.12014,0.12051,11052252
2024-05-07T17:00:00Z,0.12051,0.12095,0.12049,0.12080,13579481
2024-05-07T18:00:00Z,0.12080,0.12094,0.12046,0.12078,13608003
2024-05-07T19:00:00Z,0.12077,0.12170,0.12076,0.12090,25086420
2024-05-07T20:00:00Z,0.12090,0.12110,0.12089,0.12105,10357793
2024-05-07T21:00:00Z,0.12105,0.12139,0.12105,0.12122,15895758
2024-05-07T22:00:00Z,0.12122,0.12139,0.12100,0.12107,13292033
2024-05-07T23:00:00Z,0.12106,0.12107,0.12019,0.12047,36350578
2024-05-08T00:00:00Z,0.12046,0.12147,0.12044,0.12144,55839178
2024-05-08T01:00:00Z,0.12143,0.12170,0.12091,0.12115,42548979
2024-05-08T02:00:00Z,0.12114,0.12122,0.12014,0.12049,54478159
2024-05-08T03:00:00Z,0.12049,0.12132,0.12045,0.12129,34322420
2024-05-08T04:00:00Z,0.12128,0.12161,0.12092,0.12159,34008038
2024-05-08T05:00:00Z,0.12159,0.12163,0.12127,0.12136,23037871
2024-05-08T06:00:00Z,0.12136,0.12161,0.12060,0.12161,41951862
2024-05-08T07:00:00Z,0.12161,0.12176,0.12104,0.12113,20657383
2024-05-08T08:00:00Z,0.12112,0.12195,0.12096,0.12172,34684611
2024-05-08T09:00:00Z,0.12172,0.12210,0.12128,0.12209,25256404
2024-05-08T10:00:00Z,0.12210,0.12266,0.12203,0.12246,36631288
2024-05-08T11:00:00Z,0.12246,0.12284,0.12227,0.12257,21720092
2024-05-08T12:00:00Z,0.12257,0.12323,0.12237,0.12298,39609938
2024-05-08T13:00:00Z,0.12299,0.12306,0.12234,0.12254,23254237
2024-05-08T14:00:00Z,0.12255,0.12280,0.12241,0.12250,27312919
2024-05-08T15:00:00Z,0.12251,0.12313,0.12221,0.12302,40400130
2024-05-08T16:00:00Z,0.12302,0.12336,0.12296,0.12331,26280095
2024-05-08T17:00:00Z,0.12330,0.12342,0.12307,0.12338,13322800
2024-05-08T18:00:00Z,0.12338,0.12378,0.12334,0.12351,16483459
2024-05-08T19:00:00Z,0.12351,0.12366,0.12285,0.12323,26824265
2024-05-08T20:00:00Z,0.12323,0.12338,0.12245,0.12273,35708464
2024-05-08T21:00:00Z,0.12273,0.12298,0.12259,0.12279,13669826
2024-05-08T22:00:00Z,0.12280,0.12290,0.12253,0.12277,10395806
2024-05-08T23:00:00Z,0.12277,0.12290,0.12268,0.12290,7765134
2024-05-09T00:00:00Z,0.12290,0.12348,0.12286,0.12333,28595519
2024-05-09T01:00:00Z,0.12333,0.12349,0.12323,0.12340,9873287
2024-05-09T02:00:00Z,0.12340,0.12380,0.12339,0.12378,12847959
2024-05-09T03:00:00Z,0.12378,0.12389,0.12358,0.12381,11169484
2024-05-09T04:00:00Z,0.12381,0.12410,0.12380,0.12404,14602349
2024-05-09T05:00:00Z,0.12405,0.12432,0.12398,0.12420,16760750
2024-05-09T06:00:00Z,0.12421,0.12440,0.12413,0.12424,17622654
2024-05-09T07:00:00Z,0.12424,0.12427,0.12381,0.12395,25048090
2024-05-09T08:00:00Z,0.12394,0.12488,0.12385,0.12470,45108990
2024-05-09T09:00:00Z,0.12470,0.12477,0.12399,0.12470,47599309
2024-05-09T10:00:00Z,0.12470,0.12499,0.12451,0.12470,43808600
2024-05-09T11:00:00Z,0.12471,0.12590,0.12465,0.12587,71773883
2024-05-09T12:00:00Z,0.12587,0.12642,0.12493,0.12587,104943941
2024-05-09T13:00:00Z,0.12588,0.12637,0.12562,0.12616,55231644
2024-05-09T14:00:00Z,0.12615,0.12697,0.12615,0.12696,40371061
2024-05-09T15:00:00Z,0.12695,0.12716,0.12620,0.12647,51234819
2024-05-09T16:00:00Z,0.12646,0.12658,0.12610,0.12616,23388687
2024-05-09T17:00:00Z,0.12616,0.12674,0.12615,0.12642,21434794
2024-05-09T18:00:00Z,0.12642,0.12675,0.12633,0.12662,21882746
2024-05-09T19:00:00Z,0.12663,0.12667,0.12600,0.12603,29331893
2024-05-09T20:00:00Z,0.12603,0.12618,0.12582,0.12599,20407920
2024-05-09T21:00:00Z,0.12600,0.12609,0.12593,0.12602,9298599
2024-05-09T22:00:00Z,0.12602,0.12631,0.12590,0.12620,13142534
2024-05-09T23:00:00Z,0.12620,0.12623,0.12600,0.12616,10447288
2024-05-10T00:00:00Z,0.12616,0.12616,0.12598,0.12599,10217797
2024-05-10T01:00:00Z,0.12600,0.12605,0.12580,0.12597,12695138
2024-05-10T02:00:00Z,0.12598,0.12616,0.12594,0.12615,9074763
2024-05-10T03:00:00Z,0.12615,0.12680,0.12604,0.12661,24689567
2024-05-10T04:00:00Z,0.12661,0.12678,0.12648,0.12659,11082675
2024-05-10T05:00:00Z,0.12659,0.12660,0.12633,0.12658,11158375
2024-05-10T06:00:00Z,0.12658,0.12690,0.12648,0.12682,15509066
2024-05-10T07:00:00Z,0.12682,0.12685,0.12644,0.12657,12457055
2024-05-10T08:00:00Z,0.12657,0.12686,0.12447,0.12502,62831250
2024-05-10T09:00:00Z,0.12503,0.12508,0.12462,0.12490,19053350
2024-05-10T10:00:00Z,0.12490,0.12496,0.12469,0.12492,15259061
2024-05-10T11:00:00Z,0.12493,0.12503,0.12472,0.12501,12614311
2024-05-10T12:00:00Z,0.12501,0.12501,0.12449,0.12449,16668832
2024-05-10T13:00:00Z,0.12449,0.12648,0.12403,0.12600,75902761
2024-05-10T14:00:00Z,0.12601,0.12656,0.12448,0.12569,91870628
2024-05-10T15:00:00Z,0.12569,0.12611,0.12532,0.12602,43605513
2024-05-10T16:00:00Z,0.12601,0.12646,0.12554,0.12643,37636912
2024-05-10T17:00:00Z,0.12643,0.12750,0.12631,0.12738,36454564
2024-05-10T18:00:00Z,0.12738,0.12745,0.12688,0.12704,32245622
2024-05-10T19:00:00Z,0.12704,0.12715,0.12681,0.12712,14179715
2024-05-10T20:00:00Z,0.12712,0.12727,0.12658,0.12666,21945169
2024-05-10T21:00:00Z,0.12666,0.12686,0.12649,0.12653,14263839
2024-05-10T22:00:00Z,0.12652,0.12676,0.12645,0.12676,10569819
2024-05-10T23:00:00Z,0.12676,0.12751,0.12675,0.12744,20629105
2024-05-11T00:00:00Z,0.12743,0.12769,0.12731,0.12745,26528687
2024-05-11T01:00:00Z,0.12745,0.12752,0.12672,0.12683,24228856
2024-05-11T02:00:00Z,0.12682,0.12698,0.12667,0.12673,15654958
2024-05-11T03:00:00Z,0.12672,0.12684,0.12659,0.12677,9670591
2024-05-11T04:00:00Z,0.12677,0.12686,0.12657,0.12673,9062680
2024-05-11T05:00:00Z,0.12672,0.12680,0.12647,0.12651,10786806
2024-05-11T06:00:00Z,0.12651,0.12722,0.12649,0.12692,16920411
2024-05-11T07:00:00Z,0.12691,0.12721,0.12682,0.12703,13103550
2024-05-11T08:00:00Z,0.12703,0.12706,0.12665,0.12684,12730059
2024-05-11T09:00:00Z,0.12684,0.12700,0.12674,0.12695,9029161
2024-05-11T10:00:00Z,0.12694,0.12699,0.12666,0.12699,9187076
2024-05-11T11:00:00Z,0.12699,0.12711,0.12673,0.12679,13014584
2024-05-11T12:00:00Z,0.12679,0.12683,0.12624,0.12654,20888953
2024-05-11T13:00:00Z,0.12653,0.12668,0.12635,0.12638,11625486
2024-05-11T14:00:00Z,0.12639,0.12647,0.12610,0.12617,13123660
2024-05-11T15:00:00Z,0.12617,0.12637,0.12576,0.12591,23119732
2024-05-11T16:00:00Z,0.12591,0.12619,0.12590,0.12598,17053753
2024-05-11T17:00:00Z,0.12598,0.12650,0.12593,0.12618,12788229
2024-05-11T18:00:00Z,0.12617,0.12645,0.12610,0.12638,10458183
2024-05-11T19:00:00Z,0.12638,0.12684,0.12636,0.12684,14289171
2024-05-11T20:00:00Z,0.12684,0.12700,0.12665,0.12669,21288403
2024-05-11T21:00:00Z,0.12669,0.12676,0.12655,0.12666,9042469
2024-05-11T22:00:00Z,0.12665,0.12683,0.12657,0.12657,4313141
2024-05-11T23:00:00Z,0.12657,0.12667,0.12618,0.12631,12002324
2024-05-12T00:00:00Z,0.12631,0.12677,0.12630,0.12672,9848248
2024-05-12T01:00:00Z,0.12672,0.12692,0.12671,0.12681,8420517
2024-05-12T02:00:00Z,0.12682,0.12704,0.12675,0.12679,8098967
2024-05-12T03:00:00Z,0.12679,0.12694,0.12674,0.12681,6828995
2024-05-12T04:00:00Z,0.12681,0.12699,0.12681,0.12689,5023571
2024-05-12T05:00:00Z,0.12688,0.12689,0.12665,0.12677,6896109
2024-05-12T06:00:00Z,0.12677,0.12695,0.12676,0.12694,7003648
2024-05-12T07:00:00Z,0.12694,0.12696,0.12674,0.12682,14109579
2024-05-12T08:00:00Z,0.12683,0.12695,0.12676,0.12676,7318389
2024-05-12T09:00:00Z,0.12677,0.12677,0.12640,0.12664,17597683
2024-05-12T10:00:00Z,0.12664,0.12679,0.12637,0.12638,15680104
2024-05-12T11:00:00Z,0.12637,0.12656,0.12630,0.12649,11559224
2024-05-12T12:00:00Z,0.12650,0.12670,0.12633,0.12643,11547354
2024-05-12T13:00:00Z,0.12643,0.12672,0.12641,0.12671,7976851
2024-05-12T14:00:00Z,0.12672,0.12673,0.12654,0.12664,8350622
2024-05-12T15:00:00Z,0.12664,0.12682,0.12648,0.12679,11468010
2024-05-12T16:00:00Z,0.12679,0.12704,0.12677,0.12699,13647666
2024-05-12T17:00:00Z,0.12699,0.12713,0.12690,0.12708,10349257
2024-05-12T18:00:00Z,0.12707,0.12720,0.12692,0.12694,9531231
2024-05-12T19:00:00Z,0.12694,0.12706,0.12680,0.12703,7354838
2024-05-12T20:00:00Z,0.12702,0.12704,0.12685,0.12701,4344982
2024-05-12T21:00:00Z,0.12700,0.12701,0.12665,0.12694,13626345
2024-05-12T22:00:00Z,0.12694,0.12732,0.12693,0.12719,14053182
2024-05-12T23:00:00Z,0.12719,0.12740,0.12713,0.12734,9454731
2024-05-13T00:00:00Z,0.12735,0.12750,0.12722,0.12722,14902131
2024-05-13T01:00:00Z,0.12723,0.12726,0.12678,0.12713,16753851
2024-05-13T02:00:00Z,0.12713,0.12714,0.12639,0.12664,31199646
2024-05-13T03:00:00Z,0.12663,0.12674,0.12633,0.12660,15386784
2024-05-13T04:00:00Z,0.12659,0.12660,0.12614,0.12626,15579228
2024-05-13T05:00:00Z,0.12625,0.12629,0.12594,0.12612,14991457
2024-05-13T06:00:00Z,0.12612,0.12650,0.12603,0.12649,15760774
2024-05-13T07:00:00Z,0.12648,0.12690,0.12644,0.12683,17998102
2024-05-13T08:00:00Z,0.12684,0.12711,0.12660,0.12702,18638869
2024-05-13T09:00:00Z,0.12702,0.12715,0.12685,0.12702,13507763
2024-05-13T10:00:00Z,0.12702,0.12705,0.12585,0.12595,25561413
2024-05-13T11:00:00Z,0.12595,0.12622,0.12585,0.12616,13728681
2024-05-13T12:00:00Z,0.12617,0.12625,0.12599,0.12603,16481416
2024-05-13T13:00:00Z,0.12602,0.12615,0.12581,0.12583,14049592
2024-05-13T14:00:00Z,0.12584,0.12615,0.12581,0.12589,16004412
2024-05-13T15:00:00Z,0.12589,0.12622,0.12572,0.12600,18814527
2024-05-13T16:00:00Z,0.12599,0.12639,0.12592,0.12605,27177698
2024-05-13T17:00:00Z,0.12604,0.12606,0.12567,0.12587,24471038
2024-05-13T18:00:00Z,0.12587,0.12607,0.12571,0.12590,14499523
2024-05-13T19:00:00Z,0.12590,0.12615,0.12587,0.12611,11308765
2024-05-13T20:00:00Z,0.12610,0.12624,0.12598,0.12613,13669055
2024-05-13T21:00:00Z,0.12613,0.12615,0.12578,0.12592,10058390
2024-05-13T22:00:00Z,0.12591,0.12600,0.12548,0.12571,15778538
2024-05-13T23:00:00Z,0.12571,0.12577,0.12538,0.12548,19036419
2024-05-14T00:00:00Z,0.12548,0.12570,0.12526,0.12543,13471225
2024-05-14T01:00:00Z,0.12543,0.12557,0.12532,0.12535,8324925
2024-05-14T02:00:00Z,0.12535,0.12548,0.12517,0.12540,11226809
2024-05-14T03:00:00Z,0.12540,0.12572,0.12524,0.12545,17185249
2024-05-14T04:00:00Z,0.12544,0.12573,0.12543,0.12560,7977035
2024-05-14T05:00:00Z,0.12560,0.12585,0.12551,0.12569,7541240
2024-05-14T06:00:00Z,0.12569,0.12571,0.12473,0.12493,42576594
2024-05-14T07:00:00Z,0.12494,0.12515,0.12490,0.12503,11842541
2024-05-14T08:00:00Z,0.12503,0.12519,0.12491,0.12507,15409770
2024-05-14T09:00:00Z,0.12508,0.12511,0.12475,0.12478,13669204
2024-05-14T10:00:00Z,0.12478,0.12495,0.12472,0.12488,7391684
2024-05-14T11:00:00Z,0.12488,0.12506,0.12484,0.12504,8138736
2024-05-14T12:00:00Z,0.12504,0.12537,0.12485,0.12498,23660941
2024-05-14T13:00:00Z,0.12499,0.12528,0.12494,0.12505,12907257
2024-05-14T14:00:00Z,0.12505,0.12517,0.12465,0.12495,27488881
2024-05-14T15:00:00Z,0.12495,0.12523,0.12483,0.12519,12410126
2024-05-14T16:00:00Z,0.12518,0.12540,0.12505,0.12514,18467406
2024-05-14T17:00:00Z,0.12514,0.12519,0.12488,0.12497,10012574
2024-05-14T18:00:00Z,0.12498,0.12535,0.12497,0.12535,14365747
2024-05-14T19:00:00Z,0.12535,0.12542,0.12530,0.12532,5992671
2024-05-14T20:00:00Z,0.12531,0.12550,0.12531,0.12548,6979633
2024-05-14T21:00:00Z,0.12548,0.12564,0.12544,0.12555,10301888
2024-05-14T22:00:00Z,0.12555,0.12560,0.12541,0.12543,7562167
2024-05-14T23:00:00Z,0.12544,0.12544,0.12521,0.12542,9318601
2024-05-15T00:00:00Z,0.12541,0.12570,0.12541,0.12564,20573072
2024-05-15T01:00:00Z,0.12563,0.12568,0.12539,0.12542,10723356
2024-05-15T02:00:00Z,0.12541,0.12551,0.12536,0.12551,8733800
2024-05-15T03:00:00Z,0.12551,0.12560,0.12540,0.12548,8096015
2024-05-15T04:00:00Z,0.12548,0.12548,0.12530,0.12531,7138290
2024-05-15T05:00:00Z,0.12532,0.12546,0.12524,0.12534,7920498
2024-05-15T06:00:00Z,0.12533,0.12547,0.12522,0.12529,7528473
2024-05-15T07:00:00Z,0.12528,0.12552,0.12527,0.12549,9024770
2024-05-15T08:00:00Z,0.12549,0.12565,0.12544,0.12562,11296586
2024-05-15T09:00:00Z,0.12562,0.12579,0.12551,0.12579,17198938
2024-05-15T10:00:00Z,0.12579,0.12586,0.12544,0.12550,14332943
2024-05-15T11:00:00Z,0.12549,0.12554,0.12526,0.12541,12998390
2024-05-15T12:00:00Z,0.12541,0.12597,0.12528,0.12573,28799880
2024-05-15T13:00:00Z,0.12574,0.12605,0.12556,0.12583,23034008
2024-05-15T14:00:00Z,0.12582,0.12596,0.12567,0.12586,13353527
2024-05-15T15:00:00Z,0.12586,0.12610,0.12582,0.12589,14922417
2024-05-15T16:00:00Z,0.12589,0.12622,0.12587,0.12606,13572396
2024-05-15T17:00:00Z,0.12606,0.12633,0.12606,0.12608,8585299
2024-05-15T18:00:00Z,0.12608,0.12624,0.12598,0.12617,11754950
2024-05-15T19:00:00Z,0.12617,0.12638,0.12601,0.12619,11994545
2024-05-15T20:00:00Z,0.12619,0.12689,0.12617,0.12630,26496943
2024-05-15T21:00:00Z,0.12630,0.12631,0.12599,0.12607,10154387
2024-05-15T22:00:00Z,0.12607,0.12626,0.12606,0.12616,9423191
2024-05-15T23:00:00Z,0.12617,0.12635,0.12608,0.12628,12936147
2024-05-16T00:00:00Z,0.12627,0.12642,0.12616,0.12635,18836558
2024-05-16T01:00:00Z,0.12634,0.12655,0.12634,0.12650,11002169
2024-05-16T02:00:00Z,0.12651,0.12666,0.12640,0.12655,13065645
2024-05-16T03:00:00Z,0.12654,0.12664,0.12646,0.12658,6692173
2024-05-16T04:00:00Z,0.12658,0.12658,0.12416,0.12486,95968949
2024-05-16T05:00:00Z,0.12487,0.12499,0.12457,0.12470,32023997
2024-05-16T06:00:00Z,0.12470,0.12480,0.12441,0.12473,23400983
2024-05-16T07:00:00Z,0.12473,0.12479,0.12446,0.12479,19067406
2024-05-16T08:00:00Z,0.12478,0.12478,0.12450,0.12453,22720061
2024-05-16T09:00:00Z,0.12454,0.12468,0.12441,0.12458,20498274
2024-05-16T10:00:00Z,0.12458,0.12479,0.12441,0.12445,26905979
2024-05-16T11:00:00Z,0.12445,0.12480,0.12438,0.12473,21771576
2024-05-16T12:00:00Z,0.12473,0.12576,0.12442,0.12520,67368609
2024-05-16T13:00:00Z,0.12521,0.12526,0.12494,0.12518,22872808
2024-05-16T14:00:00Z,0.12517,0.12527,0.12450,0.12470,49348158
2024-05-16T15:00:00Z,0.12469,0.12539,0.12469,0.12534,38805360
2024-05-16T16:00:00Z,0.12533,0.12574,0.12529,0.12569,25247926
2024-05-16T17:00:00Z,0.12568,0.12576,0.12544,0.12567,15614066
2024-05-16T18:00:00Z,0.12568,0.12576,0.12482,0.12538,46822729
2024-05-16T19:00:00Z,0.12537,0.12543,0.12518,0.12519,9399861
2024-05-16T20:00:00Z,0.12520,0.12531,0.12511,0.12513,8696563
2024-05-16T21:00:00Z,0.12514,0.12527,0.12508,0.12515,8505938
2024-05-16T22:00:00Z,0.12516,0.12524,0.12498,0.12517,7777593
2024-05-16T23:00:00Z,0.12516,0.12518,0.12491,0.12492,7547045
2024-05-17T00:00:00Z,0.12492,0.12503,0.12484,0.12499,12966063
2024-05-17T01:00:00Z,0.12499,0.12499,0.12470,0.12472,12635755
2024-05-17T02:00:00Z,0.12471,0.12472,0.12453,0.12456,11575896
2024-05-17T03:00:00Z,0.12455,0.12460,0.12432,0.12438,17547467
2024-05-17T04:00:00Z,0.12437,0.12440,0.12402,0.12404,17247678
2024-05-17T05:00:00Z,0.12404,0.12418,0.12397,0.12411,12291130
2024-05-17T06:00:00Z,0.12412,0.12425,0.12387,0.12408,16066874
2024-05-17T07:00:00Z,0.12407,0.12439,0.12407,0.12414,20909307
2024-05-17T08:00:00Z,0.12413,0.12428,0.12392,0.12403,19614439
2024-05-17T09:00:00Z,0.12403,0.12428,0.12394,0.12411,14454751
2024-05-17T10:00:00Z,0.12410,0.12461,0.12401,0.12460,24237016
2024-05-17T11:00:00Z,0.12461,0.12482,0.12432,0.12479,18413140
2024-05-17T12:00:00Z,0.12479,0.12479,0.12450,0.12476,20064766
2024-05-17T13:00:00Z,0.12476,0.12481,0.12446,0.12454,13430703
2024-05-17T14:00:00Z,0.12454,0.12481,0.12449,0.12479,13125621
2024-05-17T15:00:00Z,0.12479,0.12501,0.12456,0.12496,17553173
2024-05-17T16:00:00Z,0.12496,0.12508,0.12472,0.12474,13879505
2024-05-17T17:00:00Z,0.12473,0.12476,0.12458,0.12461,8848991
2024-05-17T18:00:00Z,0.12460,0.12469,0.12436,0.12455,18074020
2024-05-17T19:00:00Z,0.12455,0.12470,0.12448,0.12469,6304140
2024-05-17T20:00:00Z,0.12468,0.12469,0.12452,0.12454,4714199
2024-05-17T21:00:00Z,0.12454,0.12463,0.12446,0.12449,5098253
2024-05-17T22:00:00Z,0.12449,0.12454,0.12445,0.12453,5762986
2024-05-17T23:00:00Z,0.12454,0.12462,0.12410,0.12423,28493201
2024-05-18T00:00:00Z,0.12423,0.12426,0.12412,0.12416,9639833
2024-05-18T01:00:00Z,0.12416,0.12417,0.12394,0.12405,15266336
2024-05-18T02:00:00Z,0.12405,0.12431,0.12401,0.12412,14262603
2024-05-18T03:00:00Z,0.12413,0.12440,0.12411,0.12438,8670305
2024-05-18T04:00:00Z,0.12438,0.12441,0.12411,0.12412,11159693
2024-05-18T05:00:00Z,0.12411,0.12433,0.12410,0.12419,5578934
2024-05-18T06:00:00Z,0.12419,0.12421,0.12412,0.12413,5201410
2024-05-18T07:00:00Z,0.12413,0.12430,0.12410,0.12416,6436688
2024-05-18T08:00:00Z,0.12416,0.12443,0.12413,0.12441,7604198
2024-05-18T09:00:00Z,0.12441,0.12444,0.12425,0.12433,5135163
2024-05-18T10:00:00Z,0.12433,0.12450,0.12310,0.12361,44676153
2024-05-18T11:00:00Z,0.12361,0.12364,0.12345,0.12358,11025878
2024-05-18T12:00:00Z,0.12359,0.12376,0.12349,0.12350,12959141
2024-05-18T13:00:00Z,0.12350,0.12354,0.12322,0.12332,14477797
2024-05-18T14:00:00Z,0.12331,0.12347,0.12313,0.12328,14895826
2024-05-18T15:00:00Z,0.12329,0.12330,0.12296,0.12310,14148926
2024-05-18T16:00:00Z,0.12310,0.12329,0.12292,0.12324,16383371
2024-05-18T17:00:00Z,0.12324,0.12340,0.12315,0.12322,9797356
2024-05-18T18:00:00Z,0.12323,0.12327,0.12308,0.12317,8622886
2024-05-18T19:00:00Z,0.12317,0.12320,0.12303,0.12318,5761186
2024-05-18T20:00:00Z,0.12319,0.12319,0.12300,0.12301,6674408
2024-05-18T21:00:00Z,0.12302,0.12310,0.12295,0.12300,6109758
2024-05-18T22:00:00Z,0.12300,0.12302,0.12296,0.12297,2990524
2024-05-18T23:00:00Z,0.12297,0.12301,0.12288,0.12292,5410848
2024-05-19T00:00:00Z,0.12292,0.12318,0.12221,0.12229,35493130
2024-05-19T01:00:00Z,0.12229,0.12235,0.12212,0.12228,18827179
2024-05-19T02:00:00Z,0.12228,0.12247,0.12228,0.12240,11368269
2024-05-19T03:00:00Z,0.12239,0.12251,0.12227,0.12236,10575037
2024-05-19T04:00:00Z,0.12236,0.12242,0.12221,0.12221,7794072
2024-05-19T05:00:00Z,0.12221,0.12236,0.12219,0.12223,6666393
2024-05-19T06:00:00Z,0.12223,0.12227,0.12213,0.12214,9946707
2024-05-19T07:00:00Z,0.12215,0.12230,0.12213,0.12221,7473213
2024-05-19T08:00:00Z,0.12220,0.12229,0.12209,0.12212,6709598
2024-05-19T09:00:00Z,0.12212,0.12220,0.12191,0.12192,18075678
2024-05-19T10:00:00Z,0.12193,0.12195,0.12160,0.12160,32581147
2024-05-19T11:00:00Z,0.12160,0.12166,0.12126,0.12126,35069679
2024-05-19T12:00:00Z,0.12126,0.12127,0.12060,0.12061,38539595
2024-05-19T13:00:00Z,0.12061,0.12074,0.12035,0.12071,32743471
2024-05-19T14:00:00Z,0.12071,0.12090,0.12068,0.12081,12958682
2024-05-19T15:00:00Z,0.12080,0.12102,0.12072,0.12095,14781678
2024-05-19T16:00:00Z,0.12096,0.12107,0.12078,0.12080,20866870
2024-05-19T17:00:00Z,0.12081,0.12097,0.12071,0.12093,9180004
2024-05-19T18:00:00Z,0.12094,0.12105,0.12089,0.12090,8985601
2024-05-19T19:00:00Z,0.12090,0.12119,0.12082,0.12117,12349940
2024-05-19T20:00:00Z,0.12118,0.12138,0.12117,0.12135,9231629
2024-05-19T21:00:00Z,0.12134,0.12137,0.12099,0.12114,11132545
2024-05-19T22:00:00Z,0.12115,0.12128,0.12109,0.12128,9190656
2024-05-19T23:00:00Z,0.12127,0.12128,0.12110,0.12113,7714638
2024-05-20T00:00:00Z,0.12112,0.12119,0.12102,0.12116,11720271
2024-05-20T01:00:00Z,0.12116,0.12120,0.12081,0.12104,14709753
2024-05-20T02:00:00Z,0.12103,0.12131,0.12102,0.12128,9802103
2024-05-20T03:00:00Z,0.12127,0.12148,0.12127,0.12141,11422400
2024-05-20T04:00:00Z,0.12141,0.12191,0.12141,0.12180,16856017
2024-05-20T05:00:00Z,0.12180,0.12199,0.12179,0.12187,10948540
2024-05-20T06:00:00Z,0.12186,0.12187,0.12107,0.12124,24961646
2024-05-20T07:00:00Z,0.12124,0.12166,0.12115,0.12158,13500080
2024-05-20T08:00:00Z,0.12157,0.12167,0.12145,0.12148,8723661
2024-05-20T09:00:00Z,0.12147,0.12155,0.12133,0.12140,5774229
2024-05-20T10:00:00Z,0.12139,0.12179,0.12134,0.12174,11304470
2024-05-20T11:00:00Z,0.12174,0.12196,0.12173,0.12188,12521843
2024-05-20T12:00:00Z,0.12188,0.12212,0.12188,0.12194,14032247
2024-05-20T13:00:00Z,0.12193,0.12204,0.12177,0.12187,8359551
2024-05-20T14:00:00Z,0.12188,0.12206,0.12164,0.12204,12403235
2024-05-20T15:00:00Z,0.12204,0.12216,0.12199,0.12203,11905580
2024-05-20T16:00:00Z,0.12203,0.12222,0.12190,0.12222,16183986
2024-05-20T17:00:00Z,0.12221,0.12229,0.12204,0.12207,12438470
2024-05-20T18:00:00Z,0.12206,0.12227,0.12194,0.12219,11310823
2024-05-20T19:00:00Z,0.12220,0.12301,0.12214,0.12291,58986582
2024-05-20T20:00:00Z,0.12291,0.12331,0.12253,0.12282,64245928
2024-05-20T21:00:00Z,0.12282,0.12334,0.12250,0.12329,32901389
2024-05-20T22:00:00Z,0.12329,0.12415,0.12315,0.12371,37674887
2024-05-20T23:00:00Z,0.12372,0.12448,0.12371,0.12445,36585599
2024-05-21T00:00:00Z,0.12444,0.12465,0.12385,0.12390,36209977
2024-05-21T01:00:00Z,0.12391,0.12398,0.12350,0.12394,33545090
2024-05-21T02:00:00Z,0.12394,0.12397,0.12359,0.12365,10400512
2024-05-21T03:00:00Z,0.12365,0.12380,0.12359,0.12377,6661842
2024-05-21T04:00:00Z,0.12378,0.12381,0.12274,0.12306,38805956
2024-05-21T05:00:00Z,0.12305,0.12313,0.12283,0.12305,12983292
2024-05-21T06:00:00Z,0.12306,0.12326,0.12296,0.12312,15203307
2024-05-21T07:00:00Z,0.12311,0.12364,0.12311,0.12358,16153044
2024-05-21T08:00:00Z,0.12359,0.12409,0.12358,0.12403,25006980
2024-05-21T09:00:00Z,0.12403,0.12415,0.12378,0.12378,9737697
2024-05-21T10:00:00Z,0.12378,0.12385,0.12357,0.12372,15218443
2024-05-21T11:00:00Z,0.12371,0.12403,0.12365,0.12393,11641633
2024-05-21T12:00:00Z,0.12393,0.12402,0.12372,0.12375,15482950
2024-05-21T13:00:00Z,0.12375,0.12403,0.12358,0.12367,21627248
2024-05-21T14:00:00Z,0.12368,0.12400,0.12367,0.12393,18075924
2024-05-21T15:00:00Z,0.12393,0.12400,0.12291,0.12298,26418441
2024-05-21T16:00:00Z,0.12298,0.12370,0.12288,0.12362,23401552
2024-05-21T17:00:00Z,0.12362,0.12380,0.12352,0.12373,9603395
2024-05-21T18:00:00Z,0.12373,0.12378,0.12335,0.12357,7802324
2024-05-21T19:00:00Z,0.12357,0.12357,0.12303,0.12324,17900042
2024-05-21T20:00:00Z,0.12323,0.12356,0.12321,0.12350,6832277
2024-05-21T21:00:00Z,0.12351,0.12352,0.12326,0.12342,5832969
2024-05-21T22:00:00Z,0.12342,0.12369,0.12339,0.12365,8761802
2024-05-21T23:00:00Z,0.12365,0.12372,0.12359,0.12360,4272616
2024-05-22T00:00:00Z,0.12360,0.12379,0.12360,0.12362,8500594
2024-05-22T01:00:00Z,0.12363,0.12385,0.12360,0.12385,4786849
2024-05-22T02:00:00Z,0.12384,0.12389,0.12369,0.12372,11653059
2024-05-22T03:00:00Z,0.12372,0.12379,0.12357,0.12365,7686903
2024-05-22T04:00:00Z,0.12366,0.12371,0.12280,0.12319,27687187
2024-05-22T05:00:00Z,0.12320,0.12333,0.12308,0.12324,12135936
2024-05-22T06:00:00Z,0.12325,0.12359,0.12325,0.12359,7682269
2024-05-22T07:00:00Z,0.12358,0.12365,0.12332,0.12350,9464419
2024-05-22T08:00:00Z,0.12351,0.12372,0.12338,0.12355,8906969
2024-05-22T09:00:00Z,0.12355,0.12357,0.12205,0.12224,35982327
2024-05-22T10:00:00Z,0.12224,0.12236,0.12197,0.12198,18838623
2024-05-22T11:00:00Z,0.12197,0.12203,0.12120,0.12122,36947359
2024-05-22T12:00:00Z,0.12122,0.12151,0.12074,0.12089,42335308
2024-05-22T13:00:00Z,0.12090,0.12141,0.12084,0.12139,22076070
2024-05-22T14:00:00Z,0.12139,0.12143,0.12114,0.12123,14777972
2024-05-22T15:00:00Z,0.12124,0.12130,0.12102,0.12119,18317909
2024-05-22T16:00:00Z,0.12119,0.12119,0.12079,0.12087,12409015
2024-05-22T17:00:00Z,0.12086,0.12090,0.12056,0.12061,17855594
2024-05-22T18:00:00Z,0.12060,0.12060,0.11995,0.12025,29587224
2024-05-22T19:00:00Z,0.12025,0.12027,0.12010,0.12025,6763406
2024-05-22T20:00:00Z,0.12025,0.12038,0.12012,0.12027,12444744
2024-05-22T21:00:00Z,0.12027,0.12040,0.11949,0.12040,14819048
2024-05-22T22:00:00Z,0.12040,0.12041,0.11996,0.12000,7207895
2024-05-22T23:00:00Z,0.11999,0.12011,0.11989,0.11999,6339912
2024-05-23T00:00:00Z,0.11999,0.12001,0.11956,0.11964,20207287
2024-05-23T01:00:00Z,0.11963,0.11963,0.11940,0.11949,17878897
2024-05-23T02:00:00Z,0.11948,0.11953,0.11916,0.11925,12662188
2024-05-23T03:00:00Z,0.11926,0.11950,0.11921,0.11947,9445129
2024-05-23T04:00:00Z,0.11948,0.11950,0.11924,0.11928,7999686
2024-05-23T05:00:00Z,0.11928,0.11929,0.11880,0.11895,14838269
2024-05-23T06:00:00Z,0.11894,0.11904,0.11884,0.11888,12084861
2024-05-23T07:00:00Z,0.11887,0.11905,0.11884,0.11898,12822145
2024-05-23T08:00:00Z,0.11898,0.11900,0.11851,0.11858,14299961
2024-05-23T09:00:00Z,0.11858,0.11869,0.11803,0.11803,17799549
2024-05-23T10:00:00Z,0.11804,0.11810,0.11764,0.11784,22916266
2024-05-23T11:00:00Z,0.11784,0.11800,0.11780,0.11786,22517380
2024-05-23T12:00:00Z,0.11786,0.11792,0.11644,0.11696,51816053
2024-05-23T13:00:00Z,0.11695,0.11701,0.11532,0.11585,81997803
2024-05-23T14:00:00Z,0.11585,0.11623,0.11548,0.11552,37399656
2024-05-23T15:00:00Z,0.11553,0.11597,0.11525,0.11556,46690426
2024-05-23T16:00:00Z,0.11556,0.11560,0.11511,0.11528,13608403
2024-05-23T17:00:00Z,0.11529,0.11536,0.11509,0.11514,12405528
2024-05-23T18:00:00Z,0.11514,0.11514,0.11440,0.11458,36716870
2024-05-23T19:00:00Z,0.11459,0.11459,0.11432,0.11435,10591150
2024-05-23T20:00:00Z,0.11436,0.11452,0.11260,0.11451,62918737
2024-05-23T21:00:00Z,0.11451,0.11500,0.11422,0.11495,49771724
2024-05-23T22:00:00Z,0.11496,0.11509,0.11453,0.11491,28381551
2024-05-23T23:00:00Z,0.11491,0.11538,0.11485,0.11536,18763881
2024-05-24T00:00:00Z,0.11536,0.11549,0.11503,0.11548,22378374
2024-05-24T01:00:00Z,0.11548,0.11561,0.11532,0.11560,14411008
2024-05-24T02:00:00Z,0.11560,0.11574,0.11446,0.11471,35528197
2024-05-24T03:00:00Z,0.11470,0.11494,0.11438,0.11485,16385225
2024-05-24T04:00:00Z,0.11485,0.11503,0.11479,0.11483,11611864
2024-05-24T05:00:00Z,0.11483,0.11492,0.11440,0.11450,21398852
2024-05-24T06:00:00Z,0.11450,0.11470,0.11380,0.11380,39125562
2024-05-24T07:00:00Z,0.11380,0.11409,0.11350,0.11359,34282524
2024-05-24T08:00:00Z,0.11360,0.11380,0.11313,0.11378,29908006
2024-05-24T09:00:00Z,0.11378,0.11403,0.11360,0.11389,21198600
2024-05-24T10:00:00Z,0.11390,0.11429,0.11381,0.11419,20544995
2024-05-24T11:00:00Z,0.11419,0.11455,0.11412,0.11443,19353493
2024-05-24T12:00:00Z,0.11444,0.11465,0.11436,0.11439,27653244
2024-05-24T13:00:00Z,0.11439,0.11456,0.11407,0.11433,37355527
2024-05-24T14:00:00Z,0.11434,0.11494,0.11431,0.11478,28114684
2024-05-24T15:00:00Z,0.11478,0.11508,0.11426,0.11455,38101871
2024-05-24T16:00:00Z,0.11456,0.11468,0.11427,0.11462,18826441
2024-05-24T17:00:00Z,0.11462,0.11491,0.11455,0.11484,17946346
2024-05-24T18:00:00Z,0.11485,0.11507,0.11482,0.11503,16213232
2024-05-24T19:00:00Z,0.11504,0.11529,0.11494,0.11523,17196810
2024-05-24T20:00:00Z,0.11524,0.11539,0.11518,0.11528,14847391
2024-05-24T21:00:00Z,0.11527,0.11542,0.11518,0.11528,13816800
2024-05-24T22:00:00Z,0.11528,0.11546,0.11521,0.11544,7647295
2024-05-24T23:00:00Z,0.11543,0.11550,0.11539,0.11550,6090124
2024-05-25T00:00:00Z,0.11550,0.11562,0.11543,0.11552,10232216
2024-05-25T01:00:00Z,0.11552,0.11571,0.11546,0.11570,7193883
2024-05-25T02:00:00Z,0.11570,0.11596,0.11558,0.11589,12485543
2024-05-25T03:00:00Z,0.11590,0.11608,0.11409,0.11459,70281157
2024-05-25T04:00:00Z,0.11460,0.11510,0.11459,0.11481,15901750
2024-05-25T05:00:00Z,0.11480,0.11505,0.11480,0.11485,8347740
2024-05-25T06:00:00Z,0.11485,0.11503,0.11478,0.11496,7232636
2024-05-25T07:00:00Z,0.11496,0.11511,0.11485,0.11505,6970882
2024-05-25T08:00:00Z,0.11505,0.11517,0.11390,0.11413,32421040
2024-05-25T09:00:00Z,0.11413,0.11429,0.11389,0.11402,24627832
2024-05-25T10:00:00Z,0.11402,0.11423,0.11399,0.11416,15278950
2024-05-25T11:00:00Z,0.11415,0.11424,0.11388,0.11390,19236213
2024-05-25T12:00:00Z,0.11390,0.11400,0.11345,0.11353,32830149
2024-05-25T13:00:00Z,0.11354,0.11354,0.11307,0.11327,20143456
2024-05-25T14:00:00Z,0.11326,0.11357,0.11316,0.11340,17783211
2024-05-25T15:00:00Z,0.11339,0.11353,0.11334,0.11335,9922596
2024-05-25T16:00:00Z,0.11335,0.11351,0.11329,0.11331,12920068
2024-05-25T17:00:00Z,0.11330,0.11339,0.11319,0.11324,8735400
2024-05-25T18:00:00Z,0.11323,0.11339,0.11316,0.11336,7320951
2024-05-25T19:00:00Z,0.11335,0.11351,0.11334,0.11349,5798828
2024-05-25T20:00:00Z,0.11349,0.11353,0.11326,0.11344,9484586
2024-05-25T21:00:00Z,0.11345,0.11360,0.11343,0.11360,5960783
2024-05-25T22:00:00Z,0.11359,0.11365,0.11338,0.11359,4498650
2024-05-25T23:00:00Z,0.11359,0.11382,0.11358,0.11375,9224480
2024-05-26T00:00:00Z,0.11376,0.11377,0.11358,0.11367,10614517
2024-05-26T01:00:00Z,0.11367,0.11388,0.11366,0.11378,9410311
2024-05-26T02:00:00Z,0.11378,0.11381,0.11332,0.11352,13651720
2024-05-26T03:00:00Z,0.11352,0.11377,0.11338,0.11373,8265109
2024-05-26T04:00:00Z,0.11374,0.11388,0.11356,0.11375,9251731
2024-05-26T05:00:00Z,0.11375,0.11412,0.11368,0.11401,14363637
2024-05-26T06:00:00Z,0.11402,0.11409,0.11375,0.11378,11208664
2024-05-26T07:00:00Z,0.11378,0.11396,0.11374,0.11383,10164033
2024-05-26T08:00:00Z,0.11384,0.11387,0.11356,0.11361,10240932
2024-05-26T09:00:00Z,0.11361,0.11374,0.11345,0.11355,6638092
2024-05-26T10:00:00Z,0.11355,0.11397,0.11355,0.11394,10277764
2024-05-26T11:00:00Z,0.11394,0.11412,0.11383,0.11410,14613333
2024-05-26T12:00:00Z,0.11410,0.11415,0.11379,0.11399,10205505
2024-05-26T13:00:00Z,0.11398,0.11401,0.11353,0.11386,11700464
2024-05-26T14:00:00Z,0.11387,0.11387,0.11364,0.11385,9066054
2024-05-26T15:00:00Z,0.11385,0.11389,0.11318,0.11340,20435516
2024-05-26T16:00:00Z,0.11340,0.11357,0.11310,0.11317,11514511
2024-05-26T17:00:00Z,0.11317,0.11319,0.11283,0.11308,15074240
2024-05-26T18:00:00Z,0.11309,0.11312,0.11288,0.11307,7363416
2024-05-26T19:00:00Z,0.11307,0.11318,0.11296,0.11299,7753502
2024-05-26T20:00:00Z,0.11299,0.11300,0.11285,0.11286,5699757
2024-05-26T21:00:00Z,0.11286,0.11302,0.11262,0.11301,13311720
2024-05-26T22:00:00Z,0.11302,0.11316,0.11300,0.11315,5284285
2024-05-26T23:00:00Z,0.11316,0.11336,0.11300,0.11310,8185484
2024-05-27T00:00:00Z,0.11310,0.11311,0.11270,0.11294,23074639
2024-05-27T01:00:00Z,0.11294,0.11310,0.11279,0.11297,8213219
2024-05-27T02:00:00Z,0.11298,0.11316,0.11291,0.11312,7221260
2024-05-27T03:00:00Z,0.11312,0.11321,0.11293,0.11301,7658206
2024-05-27T04:00:00Z,0.11302,0.11327,0.11302,0.11311,7800317
2024-05-27T05:00:00Z,0.11311,0.11315,0.11252,0.11289,16422324
2024-05-27T06:00:00Z,0.11289,0.11297,0.11146,0.11234,72988310
2024-05-27T07:00:00Z,0.11233,0.11242,0.11174,0.11202,24027994
2024-05-27T08:00:00Z,0.11203,0.11231,0.11186,0.11203,15590449
2024-05-27T09:00:00Z,0.11204,0.11225,0.11080,0.11102,27027807
2024-05-27T10:00:00Z,0.11102,0.11131,0.11076,0.11117,19296605
2024-05-27T11:00:00Z,0.11116,0.11149,0.11111,0.11135,11199789
2024-05-27T12:00:00Z,0.11134,0.11155,0.11130,0.11144,13581668
2024-05-27T13:00:00Z,0.11144,0.11184,0.11143,0.11182,15581581
2024-05-27T14:00:00Z,0.11182,0.11202,0.11119,0.11145,38187254
2024-05-27T15:00:00Z,0.11144,0.11200,0.11143,0.11200,19478985
2024-05-27T16:00:00Z,0.11200,0.11231,0.11192,0.11226,29768966
2024-05-27T17:00:00Z,0.11226,0.11237,0.11207,0.11216,13713683
2024-05-27T18:00:00Z,0.11215,0.11237,0.11208,0.11216,11304651
2024-05-27T19:00:00Z,0.11216,0.11220,0.11133,0.11165,31714544
2024-05-27T20:00:00Z,0.11165,0.11227,0.11146,0.11225,17541528
2024-05-27T21:00:00Z,0.11226,0.11236,0.11197,0.11202,11966688
2024-05-27T22:00:00Z,0.11203,0.11233,0.11192,0.11228,7259669
2024-05-27T23:00:00Z,0.11227,0.11257,0.11225,0.11250,11362586
2024-05-28T00:00:00Z,0.11251,0.11262,0.11239,0.11242,12104209
2024-05-28T01:00:00Z,0.11242,0.11245,0.11174,0.11183,26716421
2024-05-28T02:00:00Z,0.11183,0.11186,0.11142,0.11177,24007456
2024-05-28T03:00:00Z,0.11177,0.11187,0.11115,0.11141,27950164
2024-05-28T04:00:00Z,0.11142,0.11142,0.11079,0.11092,27967881
2024-05-28T05:00:00Z,0.11091,0.11105,0.11024,0.11052,34770959
2024-05-28T06:00:00Z,0.11052,0.11072,0.11030,0.11071,16738618
2024-05-28T07:00:00Z,0.11072,0.11085,0.11028,0.11072,17595039
2024-05-28T08:00:00Z,0.11071,0.11097,0.11060,0.11094,23841034
2024-05-28T09:00:00Z,0.11094,0.11132,0.11091,0.11130,16906897
2024-05-28T10:00:00Z,0.11130,0.11192,0.11130,0.11163,30711230
2024-05-28T11:00:00Z,0.11162,0.11185,0.11159,0.11179,14740316
2024-05-28T12:00:00Z,0.11178,0.11186,0.11112,0.11136,18679996
2024-05-28T13:00:00Z,0.11136,0.11148,0.11107,0.11121,21105396
2024-05-28T14:00:00Z,0.11120,0.11154,0.11066,0.11087,35241670
2024-05-28T15:00:00Z,0.11087,0.11117,0.11076,0.11115,15663593
2024-05-28T16:00:00Z,0.11114,0.11135,0.11097,0.11113,13024568
2024-05-28T17:00:00Z,0.11112,0.11135,0.11110,0.11115,8634401
2024-05-28T18:00:00Z,0.11115,0.11127,0.11075,0.11097,23513377
2024-05-28T19:00:00Z,0.11097,0.11139,0.11096,0.11133,15772547
2024-05-28T20:00:00Z,0.11134,0.11141,0.11125,0.11127,8520926
2024-05-28T21:00:00Z,0.11127,0.11141,0.11121,0.11131,7190513
2024-05-28T22:00:00Z,0.11132,0.11143,0.11123,0.11127,8743925
2024-05-28T23:00:00Z,0.11126,0.11138,0.11095,0.11120,9536903
2024-05-29T00:00:00Z,0.11120,0.11128,0.11091,0.11114,11557790
2024-05-29T01:00:00Z,0.11115,0.11128,0.11107,0.11108,7713151
2024-05-29T02:00:00Z,0.11108,0.11138,0.11105,0.11134,6307969
2024-05-29T03:00:00Z,0.11135,0.11166,0.11133,0.11160,9882230
2024-05-29T04:00:00Z,0.11160,0.11194,0.11159,0.11188,13357106
2024-05-29T05:00:00Z,0.11187,0.11194,0.11103,0.11137,17589948
2024-05-29T06:00:00Z,0.11137,0.11175,0.11133,0.11157,14490492
2024-05-29T07:00:00Z,0.11157,0.11165,0.11127,0.11136,15979727
2024-05-29T08:00:00Z,0.11136,0.11149,0.11097,0.11147,29386281
2024-05-29T09:00:00Z,0.11147,0.11169,0.11144,0.11158,15427472
2024-05-29T10:00:00Z,0.11158,0.11196,0.11156,0.11196,8530952
2024-05-29T11:00:00Z,0.11196,0.11211,0.11189,0.11198,13090475
2024-05-29T12:00:00Z,0.11198,0.11224,0.11188,0.11204,12379888
2024-05-29T13:00:00Z,0.11203,0.11229,0.11193,0.11203,14201417
2024-05-29T14:00:00Z,0.11202,0.11216,0.11194,0.11205,11634399
2024-05-29T15:00:00Z,0.11205,0.11222,0.11204,0.11209,12557779
2024-05-29T16:00:00Z,0.11208,0.11220,0.11160,0.11218,28527630
2024-05-29T17:00:00Z,0.11218,0.11238,0.11208,0.11234,14295741
2024-05-29T18:00:00Z,0.11234,0.11244,0.11224,0.11240,8378771
2024-05-29T19:00:00Z,0.11239,0.11252,0.11222,0.11222,7551032
2024-05-29T20:00:00Z,0.11223,0.11229,0.11213,0.11215,7035202
2024-05-29T21:00:00Z,0.11214,0.11230,0.11199,0.11218,8645801
2024-05-29T22:00:00Z,0.11219,0.11230,0.11208,0.11219,7031216
2024-05-29T23:00:00Z,0.11220,0.11227,0.11207,0.11210,4975662
2024-05-30T00:00:00Z,0.11209,0.11229,0.11206,0.11218,9367276
2024-05-30T01:00:00Z,0.11218,0.11221,0.11205,0.11210,6361392
2024-05-30T02:00:00Z,0.11210,0.11224,0.11128,0.11128,16420441
2024-05-30T03:00:00Z,0.11129,0.11166,0.11127,0.11152,14810452
2024-05-30T04:00:00Z,0.11152,0.11161,0.11141,0.11148,7581503
2024-05-30T05:00:00Z,0.11148,0.11150,0.11131,0.11147,5512446
2024-05-30T06:00:00Z,0.11147,0.11148,0.11084,0.11097,23155631
2024-05-30T07:00:00Z,0.11098,0.11147,0.11088,0.11092,23925362
2024-05-30T08:00:00Z,0.11093,0.11114,0.11062,0.11114,26972823
2024-05-30T09:00:00Z,0.11114,0.11125,0.11079,0.11123,15736041
2024-05-30T10:00:00Z,0.11123,0.11152,0.11111,0.11141,10298913
2024-05-30T11:00:00Z,0.11141,0.11161,0.11131,0.11144,8508088
2024-05-30T12:00:00Z,0.11144,0.11176,0.11143,0.11175,9383699
2024-05-30T13:00:00Z,0.11176,0.11179,0.11156,0.11168,8302188
2024-05-30T14:00:00Z,0.11168,0.11179,0.11153,0.11156,8427161
2024-05-30T15:00:00Z,0.11155,0.11186,0.11155,0.11184,15126031
2024-05-30T16:00:00Z,0.11183,0.11202,0.11180,0.11202,7010824
2024-05-30T17:00:00Z,0.11202,0.11225,0.11199,0.11215,8937486
2024-05-30T18:00:00Z,0.11216,0.11221,0.11205,0.11212,6196724
2024-05-30T19:00:00Z,0.11212,0.11215,0.11189,0.11192,8489141
2024-05-30T20:00:00Z,0.11192,0.11192,0.11156,0.11182,11540217
2024-05-30T21:00:00Z,0.11182,0.11198,0.11175,0.11197,3827789
2024-05-30T22:00:00Z,0.11197,0.11201,0.11184,0.11199,4191114
2024-05-30T23:00:00Z,0.11199,0.11210,0.11196,0.11203,4292941
2024-05-31T00:00:00Z,0.11203,0.11213,0.11194,0.11213,5901550
2024-05-31T01:00:00Z,0.11212,0.11222,0.11192,0.11197,6130174
2024-05-31T02:00:00Z,0.11197,0.11216,0.11197,0.11208,5063557
2024-05-31T03:00:00Z,0.11209,0.11230,0.11208,0.11227,5393843
2024-05-31T04:00:00Z,0.11226,0.11244,0.11226,0.11244,5922705
2024-05-31T05:00:00Z,0.11244,0.11288,0.11102,0.11142,45685717
2024-05-31T06:00:00Z,0.11142,0.11170,0.11130,0.11153,11249535
2024-05-31T07:00:00Z,0.11154,0.11181,0.11152,0.11179,7888625
2024-05-31T08:00:00Z,0.11180,0.11221,0.11154,0.11179,16556410
2024-05-31T09:00:00Z,0.11179,0.11196,0.11163,0.11186,9878903
2024-05-31T10:00:00Z,0.11186,0.11199,0.11177,0.11187,7365089
2024-05-31T11:00:00Z,0.11188,0.11209,0.11187,0.11200,6224483
2024-05-31T12:00:00Z,0.11200,0.11229,0.11195,0.11228,10804411
2024-05-31T13:00:00Z,0.11229,0.11232,0.11135,0.11151,18057107
2024-05-31T14:00:00Z,0.11151,0.11198,0.11131,0.11196,14882668
2024-05-31T15:00:00Z,0.11197,0.11205,0.11176,0.11190,7318900
2024-05-31T16:00:00Z,0.11190,0.11204,0.11173,0.11196,15450267
2024-05-31T17:00:00Z,0.11195,0.11214,0.11191,0.11214,6047430
2024-05-31T18:00:00Z,0.11214,0.11217,0.11192,0.11204,6136632
2024-05-31T19:00:00Z,0.11204,0.11241,0.11199,0.11231,10448772
2024-05-31T20:00:00Z,0.11230,0.11240,0.11223,0.11230,4996836
2024-05-31T21:00:00Z,0.11231,0.11238,0.11218,0.11229,6131736
2024-05-31T22:00:00Z,0.11230,0.11237,0.11216,0.11217,2842518
2024-05-31T23:00:00Z,0.11217,0.11226,0.11206,0.11211,7960175
2024-06-01T00:00:00Z,0.11211,0.11223,0.11203,0.11209,4867267
2024-06-01T01:00:00Z,0.11209,0.11212,0.11198,0.11202,3562035
2024-06-01T02:00:00Z,0.11202,0.11211,0.11102,0.11122,24327970
2024-06-01T03:00:00Z,0.11122,0.11135,0.11092,0.11118,9301161
2024-06-01T04:00:00Z,0.11118,0.11127,0.11107,0.11117,7967150
2024-06-01T05:00:00Z,0.11116,0.11129,0.11111,0.11124,5145945
2024-06-01T06:00:00Z,0.11123,0.11155,0.11122,0.11153,10943645
2024-06-01T07:00:00Z,0.11154,0.11196,0.11151,0.11174,10857426
2024-06-01T08:00:00Z,0.11175,0.11180,0.11158,0.11177,6914106
2024-06-01T09:00:00Z,0.11176,0.11202,0.11176,0.11201,5130884
2024-06-01T10:00:00Z,0.11200,0.11208,0.11190,0.11206,4472194
2024-06-01T11:00:00Z,0.11206,0.11216,0.11203,0.11210,5555112
2024-06-01T12:00:00Z,0.11210,0.11215,0.11192,0.11200,7327385
2024-06-01T13:00:00Z,0.11200,0.11205,0.11194,0.11199,3680949
2024-06-01T14:00:00Z,0.11200,0.11216,0.11198,0.11215,6053011
2024-06-01T15:00:00Z,0.11216,0.11223,0.11207,0.11214,4372215
2024-06-01T16:00:00Z,0.11214,0.11231,0.11213,0.11228,6148377
2024-06-01T17:00:00Z,0.11228,0.11252,0.11225,0.11250,5305442
2024-06-01T18:00:00Z,0.11251,0.11279,0.11247,0.11276,6495528
2024-06-01T19:00:00Z,0.11276,0.11292,0.11266,0.11288,10747888
2024-06-01T20:00:00Z,0.11289,0.11307,0.11271,0.11290,10214287
2024-06-01T21:00:00Z,0.11290,0.11299,0.11279,0.11293,7048609
2024-06-01T22:00:00Z,0.11293,0.11298,0.11281,0.11292,3956314
2024-06-01T23:00:00Z,0.11292,0.11295,0.11256,0.11265,7347001
2024-06-02T00:00:00Z,0.11266,0.11279,0.11254,0.11276,5317353
2024-06-02T01:00:00Z,0.11276,0.11290,0.11265,0.11277,5136246
2024-06-02T02:00:00Z,0.11278,0.11288,0.11265,0.11282,5048226
2024-06-02T03:00:00Z,0.11283,0.11297,0.11282,0.11295,3645155
2024-06-02T04:00:00Z,0.11295,0.11324,0.11289,0.11322,7521283
2024-06-02T05:00:00Z,0.11322,0.11353,0.11308,0.11334,13722227
2024-06-02T06:00:00Z,0.11333,0.11364,0.11320,0.11349,13624458
2024-06-02T07:00:00Z,0.11348,0.11351,0.11324,0.11328,7784059
2024-06-02T08:00:00Z,0.11329,0.11403,0.11325,0.11389,15188237
2024-06-02T09:00:00Z,0.11388,0.11404,0.11358,0.11385,12378056
2024-06-02T10:00:00Z,0.11386,0.11408,0.11379,0.11397,13928963
2024-06-02T11:00:00Z,0.11396,0.11429,0.11388,0.11424,13412033
2024-06-02T12:00:00Z,0.11425,0.11433,0.11400,0.11413,13360268
2024-06-02T13:00:00Z,0.11413,0.11453,0.11403,0.11451,14467687
2024-06-02T14:00:00Z,0.11451,0.11478,0.11445,0.11477,16678492
2024-06-02T15:00:00Z,0.11477,0.11498,0.11471,0.11485,12626181
2024-06-02T16:00:00Z,0.11485,0.11493,0.11444,0.11482,12918166
2024-06-02T17:00:00Z,0.11481,0.11482,0.11440,0.11442,17088847
2024-06-02T18:00:00Z,0.11441,0.11482,0.11407,0.11473,28302829
2024-06-02T19:00:00Z,0.11473,0.11484,0.11459,0.11483,12659096
2024-06-02T20:00:00Z,0.11483,0.11524,0.11467,0.11516,13694050
2024-06-02T21:00:00Z,0.11517,0.11534,0.11504,0.11515,12337663
2024-06-02T22:00:00Z,0.11515,0.11534,0.11506,0.11511,7437266
2024-06-02T23:00:00Z,0.11510,0.11516,0.11465,0.11479,12026489
2024-06-03T00:00:00Z,0.11480,0.11511,0.11470,0.11490,16367353
2024-06-03T01:00:00Z,0.11489,0.11527,0.11482,0.11482,10987771
2024-06-03T02:00:00Z,0.11483,0.11507,0.11426,0.11431,15250129
2024-06-03T03:00:00Z,0.11431,0.11451,0.11325,0.11343,55627614
2024-06-03T04:00:00Z,0.11344,0.11365,0.11286,0.11298,45615953
2024-06-03T05:00:00Z,0.11299,0.11314,0.11291,0.11304,14642836
2024-06-03T06:00:00Z,0.11304,0.11355,0.11294,0.11342,15034761
2024-06-03T07:00:00Z,0.11342,0.11368,0.11296,0.11332,14498533
2024-06-03T08:00:00Z,0.11332,0.11370,0.11327,0.11366,10833841
2024-06-03T09:00:00Z,0.11366,0.11383,0.11341,0.11382,15527210
2024-06-03T10:00:00Z,0.11382,0.11388,0.11362,0.11365,9797750
2024-06-03T11:00:00Z,0.11364,0.11388,0.11361,0.11377,8205905
2024-06-03T12:00:00Z,0.11377,0.11379,0.11358,0.11374,11214765
2024-06-03T13:00:00Z,0.11374,0.11403,0.11364,0.11373,16620311
2024-06-03T14:00:00Z,0.11373,0.11377,0.11311,0.11316,21360178
2024-06-03T15:00:00Z,0.11316,0.11340,0.11314,0.11322,9091932
2024-06-03T16:00:00Z,0.11322,0.11330,0.11298,0.11303,10625347
2024-06-03T17:00:00Z,0.11303,0.11343,0.11299,0.11340,8418664
2024-06-03T18:00:00Z,0.11339,0.11357,0.11334,0.11356,7654943
2024-06-03T19:00:00Z,0.11355,0.11373,0.11352,0.11373,5347764
2024-06-03T20:00:00Z,0.11374,0.11380,0.11369,0.11375,5615046
2024-06-03T21:00:00Z,0.11374,0.11388,0.11368,0.11383,10241834
2024-06-03T22:00:00Z,0.11383,0.11386,0.11374,0.11379,4042407
2024-06-03T23:00:00Z,0.11380,0.11380,0.11331,0.11335,9616068
2024-06-04T00:00:00Z,0.11335,0.11380,0.11330,0.11371,14861533
2024-06-04T01:00:00Z,0.11370,0.11423,0.11357,0.11411,13036781
2024-06-04T02:00:00Z,0.11412,0.11413,0.11379,0.11396,6687102
2024-06-04T03:00:00Z,0.11396,0.11440,0.11395,0.11440,8542674
2024-06-04T04:00:00Z,0.11440,0.11452,0.11322,0.11329,30550375
2024-06-04T05:00:00Z,0.11328,0.11332,0.11314,0.11323,6232490
2024-06-04T06:00:00Z,0.11324,0.11364,0.11317,0.11334,7449037
2024-06-04T07:00:00Z,0.11333,0.11359,0.11329,0.11332,9874877
2024-06-04T08:00:00Z,0.11332,0.11360,0.11323,0.11334,7469327
2024-06-04T09:00:00Z,0.11334,0.11344,0.11322,0.11334,6674011
2024-06-04T10:00:00Z,0.11334,0.11370,0.11334,0.11370,5950801
2024-06-04T11:00:00Z,0.11370,0.11379,0.11358,0.11378,8350962
2024-06-04T12:00:00Z,0.11379,0.11394,0.11372,0.11385,9049395
2024-06-04T13:00:00Z,0.11384,0.11418,0.11384,0.11412,8600703
2024-06-04T14:00:00Z,0.11412,0.11422,0.11390,0.11416,14995806
2024-06-04T15:00:00Z,0.11416,0.11436,0.11409,0.11434,9906638
2024-06-04T16:00:00Z,0.11434,0.11449,0.11423,0.11428,12579475
2024-06-04T17:00:00Z,0.11428,0.11428,0.11403,0.11414,7055244
2024-06-04T18:00:00Z,0.11414,0.11435,0.11406,0.11429,8357519
2024-06-04T19:00:00Z,0.11429,0.11439,0.11412,0.11437,6123123
2024-06-04T20:00:00Z,0.11437,0.11441,0.11425,0.11437,5850114
2024-06-04T21:00:00Z,0.11437,0.11440,0.11421,0.11423,5132770
2024-06-04T22:00:00Z,0.11423,0.11449,0.11418,0.11446,7997769
2024-06-04T23:00:00Z,0.11446,0.11461,0.11441,0.11446,7285689
2024-06-05T00:00:00Z,0.11446,0.11469,0.11446,0.11461,7427650
2024-06-05T01:00:00Z,0.11461,0.11478,0.11446,0.11474,10707172
2024-06-05T02:00:00Z,0.11474,0.11474,0.11442,0.11452,9271254
2024-06-05T03:00:00Z,0.11452,0.11469,0.11447,0.11460,4527547
2024-06-05T04:00:00Z,0.11460,0.11484,0.11452,0.11484,8683597
2024-06-05T05:00:00Z,0.11484,0.11484,0.11388,0.11437,20764371
2024-06-05T06:00:00Z,0.11438,0.11446,0.11367,0.11393,17441279
2024-06-05T07:00:00Z,0.11393,0.11409,0.11388,0.11398,9454606
2024-06-05T08:00:00Z,0.11398,0.11409,0.11392,0.11402,8728986
2024-06-05T09:00:00Z,0.11402,0.11412,0.11387,0.11403,7801331
2024-06-05T10:00:00Z,0.11403,0.11416,0.11398,0.11405,8162364
2024-06-05T11:00:00Z,0.11406,0.11416,0.11388,0.11413,9509432
2024-06-05T12:00:00Z,0.11413,0.11430,0.11409,0.11425,9856737
2024-06-05T13:00:00Z,0.11425,0.11429,0.11414,0.11425,6843917
2024-06-05T14:00:00Z,0.11424,0.11448,0.11415,0.11445,11171463
2024-06-05T15:00:00Z,0.11445,0.11454,0.11438,0.11447,11583808
2024-06-05T16:00:00Z,0.11447,0.11470,0.11436,0.11462,10421018
2024-06-05T17:00:00Z,0.11461,0.11485,0.11459,0.11477,5257549
2024-06-05T18:00:00Z,0.11476,0.11490,0.11460,0.11477,10802432
2024-06-05T19:00:00Z,0.11476,0.11478,0.11460,0.11475,5366231
2024-06-05T20:00:00Z,0.11476,0.11480,0.11460,0.11461,5605832
2024-06-05T21:00:00Z,0.11461,0.11478,0.11451,0.11466,6221003
2024-06-05T22:00:00Z,0.11466,0.11474,0.11440,0.11445,5361976
2024-06-05T23:00:00Z,0.11445,0.11468,0.11443,0.11464,5148948
2024-06-06T00:00:00Z,0.11464,0.11474,0.11462,0.11472,4076482
2024-06-06T01:00:00Z,0.11472,0.11479,0.11454,0.11466,5845624
2024-06-06T02:00:00Z,0.11465,0.11470,0.11402,0.11427,16725821
2024-06-06T03:00:00Z,0.11426,0.11429,0.11412,0.11426,5523956
2024-06-06T04:00:00Z,0.11426,0.11428,0.11404,0.11419,9504099
2024-06-06T05:00:00Z,0.11419,0.11428,0.11400,0.11428,7475405
2024-06-06T06:00:00Z,0.11428,0.11447,0.11423,0.11446,9000107
2024-06-06T07:00:00Z,0.11446,0.11508,0.11443,0.11486,29294440
2024-06-06T08:00:00Z,0.11486,0.11498,0.11465,0.11484,13896778
2024-06-06T09:00:00Z,0.11483,0.11494,0.11476,0.11492,7162207
2024-06-06T10:00:00Z,0.11492,0.11533,0.11486,0.11528,13802749
2024-06-06T11:00:00Z,0.11528,0.11532,0.11490,0.11491,10781690
2024-06-06T12:00:00Z,0.11491,0.11516,0.11487,0.11507,10533822
2024-06-06T13:00:00Z,0.11506,0.11515,0.11489,0.11509,9859659
2024-06-06T14:00:00Z,0.11508,0.11522,0.11486,0.11495,8489419
2024-06-06T15:00:00Z,0.11495,0.11498,0.11478,0.11496,9215106
2024-06-06T16:00:00Z,0.11496,0.11504,0.11489,0.11493,8331331
2024-06-06T17:00:00Z,0.11493,0.11506,0.11486,0.11494,5734392
2024-06-06T18:00:00Z,0.11494,0.11502,0.11483,0.11488,5113948
2024-06-06T19:00:00Z,0.11488,0.11489,0.11457,0.11461,12094907
2024-06-06T20:00:00Z,0.11461,0.11481,0.11438,0.11479,15978944
2024-06-06T21:00:00Z,0.11479,0.11483,0.11463,0.11464,5142787
2024-06-06T22:00:00Z,0.11465,0.11485,0.11459,0.11485,2853698
2024-06-06T23:00:00Z,0.11485,0.11494,0.11478,0.11483,3978667
2024-06-07T00:00:00Z,0.11482,0.11487,0.11474,0.11483,7880597
2024-06-07T01:00:00Z,0.11483,0.11489,0.11469,0.11473,3853725
2024-06-07T02:00:00Z,0.11472,0.11476,0.11450,0.11461,7682077
2024-06-07T03:00:00Z,0.11461,0.11463,0.11361,0.11386,30952227
2024-06-07T04:00:00Z,0.11386,0.11409,0.11358,0.11404,21277474
2024-06-07T05:00:00Z,0.11405,0.11412,0.11398,0.11410,4477657
2024-06-07T06:00:00Z,0.11409,0.11416,0.11400,0.11403,7459987
2024-06-07T07:00:00Z,0.11403,0.11409,0.11388,0.11401,8807005
2024-06-07T08:00:00Z,0.11401,0.11426,0.11399,0.11416,6270024
2024-06-07T09:00:00Z,0.11415,0.11478,0.11413,0.11463,19217951
2024-06-07T10:00:00Z,0.11462,0.11482,0.11452,0.11453,15485407
2024-06-07T11:00:00Z,0.11454,0.11471,0.11442,0.11466,10144737
2024-06-07T12:00:00Z,0.11466,0.11481,0.11423,0.11444,29661827
2024-06-07T13:00:00Z,0.11444,0.11480,0.11442,0.11473,9302941
2024-06-07T14:00:00Z,0.11473,0.11514,0.11472,0.11511,13805478
2024-06-07T15:00:00Z,0.11511,0.11523,0.11494,0.11500,27556815
2024-06-07T16:00:00Z,0.11500,0.11505,0.11481,0.11484,12202532
2024-06-07T17:00:00Z,0.11484,0.11490,0.11451,0.11453,23788631
2024-06-07T18:00:00Z,0.11453,0.11458,0.10880,0.11288,251641320
2024-06-07T19:00:00Z,0.11288,0.11289,0.11234,0.11254,41214816
2024-06-07T20:00:00Z,0.11254,0.11262,0.11240,0.11256,20273187
2024-06-07T21:00:00Z,0.11256,0.11262,0.11239,0.11247,11878642
2024-06-07T22:00:00Z,0.11247,0.11262,0.11244,0.11255,8249800
2024-06-07T23:00:00Z,0.11256,0.11271,0.11253,0.11260,7438756
2024-06-08T00:00:00Z,0.11260,0.11275,0.11251,0.11259,15662234
2024-06-08T01:00:00Z,0.11259,0.11275,0.11253,0.11275,4149168
2024-06-08T02:00:00Z,0.11274,0.11288,0.11268,0.11276,9329964
2024-06-08T03:00:00Z,0.11277,0.11306,0.11217,0.11248,21421499
2024-06-08T04:00:00Z,0.11248,0.11260,0.11238,0.11255,8355006
2024-06-08T05:00:00Z,0.11255,0.11274,0.11241,0.11264,7064516
2024-06-08T06:00:00Z,0.11264,0.11277,0.11251,0.11275,14480256
2024-06-08T07:00:00Z,0.11274,0.11313,0.11274,0.11308,9306528
2024-06-08T08:00:00Z,0.11308,0.11329,0.11292,0.11323,12573484
2024-06-08T09:00:00Z,0.11322,0.11363,0.11322,0.11348,14092634
2024-06-08T10:00:00Z,0.11348,0.11379,0.11262,0.11306,24495807
2024-06-08T11:00:00Z,0.11306,0.11312,0.11269,0.11278,24394475
2024-06-08T12:00:00Z,0.11277,0.11291,0.11232,0.11287,37644710
2024-06-08T13:00:00Z,0.11287,0.11343,0.11278,0.11341,31828758
2024-06-08T14:00:00Z,0.11341,0.11363,0.11316,0.11360,20092639
2024-06-08T15:00:00Z,0.11359,0.11405,0.11359,0.11396,20767843
2024-06-08T16:00:00Z,0.11397,0.11416,0.11381,0.11404,21546111
2024-06-08T17:00:00Z,0.11404,0.11451,0.11396,0.11438,28630845
2024-06-08T18:00:00Z,0.11439,0.11483,0.11438,0.11464,30617431
2024-06-08T19:00:00Z,0.11465,0.11494,0.11436,0.11468,17143127
2024-06-08T20:00:00Z,0.11469,0.11500,0.11469,0.11491,14817014
2024-06-08T21:00:00Z,0.11491,0.11519,0.11485,0.11506,12371939
2024-06-08T22:00:00Z,0.11508,0.11513,0.11475,0.11482,15245377
2024-06-08T23:00:00Z,0.11483,0.11484,0.11454,0.11477,12466778
2024-06-09T00:00:00Z,0.11476,0.11542,0.11446,0.11493,38902845
2024-06-09T01:00:00Z,0.11493,0.11506,0.11474,0.11477,8182034
2024-06-09T02:00:00Z,0.11476,0.11490,0.11368,0.11397,35456667
2024-06-09T03:00:00Z,0.11397,0.11415,0.11380,0.11410,11125671
2024-06-09T04:00:00Z,0.11410,0.11452,0.11409,0.11450,16666063
2024-06-09T05:00:00Z,0.11449,0.11462,0.11436,0.11455,10637096
2024-06-09T06:00:00Z,0.11455,0.11478,0.11451,0.11478,7460292
2024-06-09T07:00:00Z,0.11478,0.11500,0.11471,0.11495,11412497
2024-06-09T08:00:00Z,0.11495,0.11555,0.11495,0.11546,23245101
2024-06-09T09:00:00Z,0.11545,0.11587,0.11545,0.11581,22433820
2024-06-09T10:00:00Z,0.11581,0.11627,0.11581,0.11614,37041064
2024-06-09T11:00:00Z,0.11613,0.11641,0.11608,0.11630,20612540
2024-06-09T12:00:00Z,0.11629,0.11653,0.11582,0.11606,35894126
2024-06-09T13:00:00Z,0.11606,0.11643,0.11588,0.11632,26510353
2024-06-09T14:00:00Z,0.11632,0.11670,0.11627,0.11663,15967200
2024-06-09T15:00:00Z,0.11664,0.11685,0.11628,0.11649,19306602
2024-06-09T16:00:00Z,0.11650,0.11674,0.11648,0.11653,9890991
2024-06-09T17:00:00Z,0.11653,0.11679,0.11653,0.11668,9125683
2024-06-09T18:00:00Z,0.11667,0.11693,0.11666,0.11679,10080554
2024-06-09T19:00:00Z,0.11680,0.11694,0.11658,0.11658,11397420
2024-06-09T20:00:00Z,0.11659,0.11695,0.11657,0.11675,9311800
2024-06-09T21:00:00Z,0.11675,0.11693,0.11670,0.11681,7211777
2024-06-09T22:00:00Z,0.11681,0.11693,0.11669,0.11678,8877988
2024-06-09T23:00:00Z,0.11679,0.11697,0.11678,0.11689,4794699
2024-06-10T00:00:00Z,0.11689,0.11695,0.11627,0.11642,22717459
2024-06-10T01:00:00Z,0.11641,0.11674,0.11630,0.11669,6741241
2024-06-10T02:00:00Z,0.11670,0.11686,0.11657,0.11682,6522372
2024-06-10T03:00:00Z,0.11682,0.11704,0.11673,0.11698,12919995
2024-06-10T04:00:00Z,0.11698,0.11759,0.11691,0.11753,33816410
2024-06-10T05:00:00Z,0.11754,0.11775,0.11743,0.11751,15032286
2024-06-10T06:00:00Z,0.11751,0.11761,0.11611,0.11652,41402155
2024-06-10T07:00:00Z,0.11653,0.11658,0.11609,0.11617,18781264
2024-06-10T08:00:00Z,0.11616,0.11643,0.11608,0.11619,20009956
2024-06-10T09:00:00Z,0.11619,0.11636,0.11596,0.11627,16801936
2024-06-10T10:00:00Z,0.11626,0.11660,0.11616,0.11644,29083081
2024-06-10T11:00:00Z,0.11645,0.11651,0.11621,0.11641,14084202
2024-06-10T12:00:00Z,0.11642,0.11672,0.11631,0.11664,10029990
2024-06-10T13:00:00Z,0.11663,0.11664,0.11602,0.11625,16435331
2024-06-10T14:00:00Z,0.11625,0.11696,0.11611,0.11690,23194856
2024-06-10T15:00:00Z,0.11689,0.11728,0.11682,0.11717,11583295
2024-06-10T16:00:00Z,0.11716,0.11757,0.11703,0.11749,15879863
2024-06-10T17:00:00Z,0.11748,0.11762,0.11732,0.11743,9968880
2024-06-10T18:00:00Z,0.11743,0.11751,0.11720,0.11745,12733470
2024-06-10T19:00:00Z,0.11746,0.11786,0.11724,0.11783,19972055
2024-06-10T20:00:00Z,0.11783,0.11785,0.11758,0.11759,13635849
2024-06-10T21:00:00Z,0.11759,0.11769,0.11728,0.11752,14064975
2024-06-10T22:00:00Z,0.11753,0.11768,0.11738,0.11765,7407530
2024-06-10T23:00:00Z,0.11764,0.11778,0.11746,0.11771,10480042
2024-06-11T00:00:00Z,0.11771,0.11803,0.11767,0.11792,15020952
2024-06-11T01:00:00Z,0.11792,0.11805,0.11688,0.11733,29872066
2024-06-11T02:00:00Z,0.11732,0.11779,0.11720,0.11779,35822690
2024-06-11T03:00:00Z,0.11779,0.11785,0.11740,0.11742,15903105
2024-06-11T04:00:00Z,0.11741,0.11744,0.11585,0.11634,41725035
2024-06-11T05:00:00Z,0.11633,0.11654,0.11612,0.11649,12261007
2024-06-11T06:00:00Z,0.11648,0.11676,0.11627,0.11658,18774708
2024-06-11T07:00:00Z,0.11657,0.11696,0.11653,0.11694,13512678
2024-06-11T08:00:00Z,0.11694,0.11725,0.11683,0.11684,21908339
2024-06-11T09:00:00Z,0.11684,0.11736,0.11665,0.11733,30166406
2024-06-11T10:00:00Z,0.11733,0.11746,0.11716,0.11744,18591840
2024-06-11T11:00:00Z,0.11744,0.11746,0.11725,0.11727,17224761
2024-06-11T12:00:00Z,0.11727,0.11738,0.11716,0.11717,15598659
2024-06-11T13:00:00Z,0.11718,0.11756,0.11700,0.11703,41808825
2024-06-11T14:00:00Z,0.11703,0.11715,0.11683,0.11698,26866214
2024-06-11T15:00:00Z,0.11698,0.11733,0.11640,0.11663,54909599
2024-06-11T16:00:00Z,0.11662,0.11711,0.11647,0.11651,32549859
2024-06-11T17:00:00Z,0.11652,0.11659,0.11612,0.11643,35395701
2024-06-11T18:00:00Z,0.11642,0.11666,0.11640,0.11659,11971797
2024-06-11T19:00:00Z,0.11659,0.11673,0.11643,0.11660,12006989
2024-06-11T20:00:00Z,0.11661,0.11662,0.11639,0.11652,6460747
2024-06-11T21:00:00Z,0.11652,0.11675,0.11644,0.11672,8746156
2024-06-11T22:00:00Z,0.11672,0.11684,0.11665,0.11678,10871137
2024-06-11T23:00:00Z,0.11677,0.11686,0.11641,0.11657,15195605
2024-06-12T00:00:00Z,0.11658,0.11688,0.11646,0.11664,21457478
2024-06-12T01:00:00Z,0.11664,0.11666,0.11639,0.11664,15016106
2024-06-12T02:00:00Z,0.11664,0.11733,0.11659,0.11701,25945472
2024-06-12T03:00:00Z,0.11702,0.11741,0.11684,0.11689,16036558
2024-06-12T04:00:00Z,0.11689,0.11689,0.11613,0.11655,37630471
2024-06-12T05:00:00Z,0.11655,0.11716,0.11655,0.11689,25241752
2024-06-12T06:00:00Z,0.11689,0.11693,0.11651,0.11674,12928313
2024-06-12T07:00:00Z,0.11674,0.11695,0.11660,0.11692,6910092
2024-06-12T08:00:00Z,0.11692,0.11710,0.11688,0.11709,9014279
2024-06-12T09:00:00Z,0.11709,0.11730,0.11632,0.11651,28153779
2024-06-12T10:00:00Z,0.11650,0.11669,0.11629,0.11656,28489939
2024-06-12T11:00:00Z,0.11655,0.11665,0.11633,0.11642,12074827
2024-06-12T12:00:00Z,0.11643,0.11691,0.11589,0.11678,50550191
2024-06-12T13:00:00Z,0.11678,0.11722,0.11675,0.11701,27593974
2024-06-12T14:00:00Z,0.11701,0.11747,0.11697,0.11742,17367310
2024-06-12T15:00:00Z,0.11742,0.11764,0.11736,0.11758,17934280
2024-06-12T16:00:00Z,0.11758,0.11774,0.11746,0.11772,13397515
2024-06-12T17:00:00Z,0.11772,0.11793,0.11754,0.11792,14073869
2024-06-12T18:00:00Z,0.11793,0.11793,0.11644,0.11709,68373751
2024-06-12T19:00:00Z,0.11709,0.11742,0.11566,0.11634,81363376
2024-06-12T20:00:00Z,0.11634,0.11687,0.11620,0.11657,39470833
2024-06-12T21:00:00Z,0.11657,0.11675,0.11645,0.11665,9431371
2024-06-12T22:00:00Z,0.11666,0.11675,0.11627,0.11669,14405877
2024-06-12T23:00:00Z,0.11669,0.11669,0.11639,0.11648,6722202
2024-06-13T00:00:00Z,0.11647,0.11696,0.11638,0.11696,15819357
2024-06-13T01:00:00Z,0.11696,0.11701,0.11652,0.11654,10609073
2024-06-13T02:00:00Z,0.11654,0.11684,0.11637,0.11662,22495846
2024-06-13T03:00:00Z,0.11661,0.11698,0.11659,0.11669,30875877
2024-06-13T04:00:00Z,0.11669,0.11703,0.11646,0.11677,23397565
2024-06-13T05:00:00Z,0.11677,0.11708,0.11670,0.11705,9659896
2024-06-13T06:00:00Z,0.11705,0.11714,0.11603,0.11626,25846927
2024-06-13T07:00:00Z,0.11626,0.11633,0.11590,0.11631,13315799
2024-06-13T08:00:00Z,0.11631,0.11642,0.11613,0.11639,6737698
2024-06-13T09:00:00Z,0.11639,0.11647,0.11596,0.11647,10901824
2024-06-13T10:00:00Z,0.11647,0.11656,0.11562,0.11654,23131491
2024-06-13T11:00:00Z,0.11655,0.11656,0.11602,0.11628,19400798
2024-06-13T12:00:00Z,0.11627,0.11670,0.11610,0.11640,17795078
2024-06-13T13:00:00Z,0.11640,0.11677,0.11640,0.11667,9992604
2024-06-13T14:00:00Z,0.11666,0.11673,0.11638,0.11671,13716484
2024-06-13T15:00:00Z,0.11672,0.11673,0.11617,0.11642,24142429
2024-06-13T16:00:00Z,0.11641,0.11676,0.11625,0.11658,17834872
2024-06-13T17:00:00Z,0.11657,0.11677,0.11643,0.11662,9724491
2024-06-13T18:00:00Z,0.11663,0.11673,0.11653,0.11669,5870383
2024-06-13T19:00:00Z,0.11669,0.11685,0.11649,0.11677,6510376
2024-06-13T20:00:00Z,0.11677,0.11703,0.11676,0.11693,13473876
2024-06-13T21:00:00Z,0.11693,0.11701,0.11666,0.11699,8040430
2024-06-13T22:00:00Z,0.11699,0.11706,0.11687,0.11699,6517908
2024-06-13T23:00:00Z,0.11699,0.11700,0.11677,0.11697,7309136
2024-06-14T00:00:00Z,0.11697,0.11711,0.11646,0.11654,22448708
2024-06-14T01:00:00Z,0.11654,0.11670,0.11628,0.11663,13250298
2024-06-14T02:00:00Z,0.11664,0.11688,0.11654,0.11679,7948521
2024-06-14T03:00:00Z,0.11679,0.11705,0.11678,0.11697,7136756
2024-06-14T04:00:00Z,0.11696,0.11698,0.11577,0.11618,24866362
2024-06-14T05:00:00Z,0.11618,0.11626,0.11577,0.11600,19131363
2024-06-14T06:00:00Z,0.11600,0.11620,0.11581,0.11619,7323951
2024-06-14T07:00:00Z,0.11619,0.11636,0.11602,0.11621,7934528
2024-06-14T08:00:00Z,0.11621,0.11630,0.11584,0.11600,8034492
2024-06-14T09:00:00Z,0.11600,0.11600,0.11558,0.11576,11904795
2024-06-14T10:00:00Z,0.11576,0.11602,0.11575,0.11581,12161755
2024-06-14T11:00:00Z,0.11581,0.11630,0.11580,0.11601,9292453
2024-06-14T12:00:00Z,0.11602,0.11634,0.11595,0.11627,9301160
2024-06-14T13:00:00Z,0.11626,0.11663,0.11622,0.11655,10854796
2024-06-14T14:00:00Z,0.11654,0.11659,0.11597,0.11645,28015849
2024-06-14T15:00:00Z,0.11644,0.11666,0.11616,0.11656,16364259
2024-06-14T16:00:00Z,0.11656,0.11666,0.11500,0.11598,65909680
2024-06-14T17:00:00Z,0.11598,0.11609,0.11578,0.11597,13058649
2024-06-14T18:00:00Z,0.11598,0.11598,0.11553,0.11585,15854698
2024-06-14T19:00:00Z,0.11585,0.11608,0.11576,0.11602,11399974
2024-06-14T20:00:00Z,0.11601,0.11611,0.11589,0.11595,13402488
2024-06-14T21:00:00Z,0.11594,0.11654,0.11583,0.11652,17845643
2024-06-14T22:00:00Z,0.11653,0.11655,0.11630,0.11640,7488865
2024-06-14T23:00:00Z,0.11640,0.11653,0.11631,0.11649,10768447
2024-06-15T00:00:00Z,0.11649,0.11661,0.11638,0.11660,8607257
2024-06-15T01:00:00Z,0.11660,0.11666,0.11635,0.11639,8048398
2024-06-15T02:00:00Z,0.11638,0.11642,0.11628,0.11639,4272085
2024-06-15T03:00:00Z,0.11640,0.11654,0.11639,0.11649,3491279
2024-06-15T04:00:00Z,0.11648,0.11649,0.11567,0.11582,16377537
2024-06-15T05:00:00Z,0.11582,0.11607,0.11577,0.11597,11746123
2024-06-15T06:00:00Z,0.11598,0.11604,0.11587,0.11593,5814518
2024-06-15T07:00:00Z,0.11593,0.11608,0.11563,0.11578,13263707
2024-06-15T08:00:00Z,0.11578,0.11606,0.11495,0.11505,26514312
2024-06-15T09:00:00Z,0.11506,0.11518,0.11490,0.11508,16021351
2024-06-15T10:00:00Z,0.11507,0.11512,0.11496,0.11499,7984271
2024-06-15T11:00:00Z,0.11499,0.11515,0.11489,0.11509,9762453
2024-06-15T12:00:00Z,0.11509,0.11527,0.11499,0.11525,7829479
2024-06-15T13:00:00Z,0.11526,0.11534,0.11508,0.11522,7272613
2024-06-15T14:00:00Z,0.11521,0.11523,0.11497,0.11500,10524209
2024-06-15T15:00:00Z,0.11501,0.11509,0.11478,0.11485,14189102
2024-06-15T16:00:00Z,0.11486,0.11512,0.11486,0.11503,10401905
2024-06-15T17:00:00Z,0.11503,0.11511,0.11488,0.11511,6982439
2024-06-15T18:00:00Z,0.11511,0.11513,0.11492,0.11507,4757704
2024-06-15T19:00:00Z,0.11507,0.11546,0.11495,0.11533,16396138
2024-06-15T20:00:00Z,0.11534,0.11545,0.11528,0.11538,10369856
2024-06-15T21:00:00Z,0.11539,0.11548,0.11520,0.11533,7443790
2024-06-15T22:00:00Z,0.11532,0.11538,0.11516,0.11535,4585424
2024-06-15T23:00:00Z,0.11536,0.11539,0.11520,0.11525,4568467
2024-06-16T00:00:00Z,0.11526,0.11542,0.11518,0.11539,8322960
2024-06-16T01:00:00Z,0.11540,0.11549,0.11524,0.11542,6901209
2024-06-16T02:00:00Z,0.11543,0.11549,0.11530,0.11531,4692383
2024-06-16T03:00:00Z,0.11531,0.11531,0.11514,0.11517,6915099
2024-06-16T04:00:00Z,0.11517,0.11518,0.11493,0.11498,9696908
2024-06-16T05:00:00Z,0.11498,0.11522,0.11495,0.11522,8446218
2024-06-16T06:00:00Z,0.11521,0.11531,0.11518,0.11527,6773392
2024-06-16T07:00:00Z,0.11527,0.11535,0.11511,0.11528,8431622
2024-06-16T08:00:00Z,0.11528,0.11534,0.11509,0.11515,4378655
2024-06-16T09:00:00Z,0.11515,0.11525,0.11502,0.11523,5652777
2024-06-16T10:00:00Z,0.11523,0.11540,0.11511,0.11537,8359062
2024-06-16T11:00:00Z,0.11537,0.11558,0.11522,0.11537,10588187
2024-06-16T12:00:00Z,0.11538,0.11542,0.11524,0.11540,7341665
2024-06-16T13:00:00Z,0.11540,0.11549,0.11531,0.11545,6018270
2024-06-16T14:00:00Z,0.11545,0.11558,0.11537,0.11542,10775701
2024-06-16T15:00:00Z,0.11542,0.11573,0.11527,0.11572,11337146
2024-06-16T16:00:00Z,0.11571,0.11597,0.11563,0.11594,10002815
2024-06-16T17:00:00Z,0.11594,0.11639,0.11590,0.11626,17196160
2024-06-16T18:00:00Z,0.11626,0.11633,0.11566,0.11621,14889620
2024-06-16T19:00:00Z,0.11621,0.11635,0.11619,0.11633,6293944
2024-06-16T20:00:00Z,0.11633,0.11641,0.11624,0.11626,6808069
2024-06-16T21:00:00Z,0.11627,0.11652,0.11626,0.11649,7782697
2024-06-16T22:00:00Z,0.11649,0.11784,0.11649,0.11708,59644010
2024-06-16T23:00:00Z,0.11710,0.11736,0.11707,0.11731,16237359
2024-06-17T00:00:00Z,0.11732,0.11792,0.11731,0.11785,30133802
2024-06-17T01:00:00Z,0.11786,0.11816,0.11785,0.11796,24853057
2024-06-17T02:00:00Z,0.11795,0.11800,0.11749,0.11786,26703121
2024-06-17T03:00:00Z,0.11786,0.11799,0.11668,0.11692,45416690
2024-06-17T04:00:00Z,0.11692,0.11727,0.11686,0.11727,14069821
2024-06-17T05:00:00Z,0.11727,0.11759,0.11712,0.11718,18141224
2024-06-17T06:00:00Z,0.11717,0.11733,0.11690,0.11720,19789151
2024-06-17T07:00:00Z,0.11720,0.11792,0.11699,0.11775,31338936
2024-06-17T08:00:00Z,0.11775,0.11783,0.11628,0.11692,47109812
2024-06-17T09:00:00Z,0.11691,0.11715,0.11664,0.11666,22062396
2024-06-17T10:00:00Z,0.11666,0.11695,0.11637,0.11681,26936521
2024-06-17T11:00:00Z,0.11681,0.11700,0.11665,0.11676,10476866
2024-06-17T12:00:00Z,0.11677,0.11698,0.11661,0.11689,13096713
2024-06-17T13:00:00Z,0.11690,0.11721,0.11680,0.11689,21643572
2024-06-17T14:00:00Z,0.11689,0.11749,0.11687,0.11733,24535817
2024-06-17T15:00:00Z,0.11733,0.11743,0.11688,0.11707,20222224
2024-06-17T16:00:00Z,0.11706,0.11724,0.11636,0.11714,40820732
2024-06-17T17:00:00Z,0.11714,0.11744,0.11707,0.11734,15318388
2024-06-17T18:00:00Z,0.11735,0.11762,0.11733,0.11755,12650413
2024-06-17T19:00:00Z,0.11755,0.11755,0.11719,0.11720,9128466
2024-06-17T20:00:00Z,0.11719,0.11720,0.11695,0.11699,18253501
2024-06-17T21:00:00Z,0.11700,0.11705,0.11676,0.11685,13836263
2024-06-17T22:00:00Z,0.11686,0.11703,0.11678,0.11684,10751775
2024-06-17T23:00:00Z,0.11684,0.11692,0.11671,0.11671,8195614
2024-06-18T00:00:00Z,0.11672,0.11677,0.11616,0.11631,31169759
2024-06-18T01:00:00Z,0.11630,0.11638,0.11118,0.11423,174189712
2024-06-18T02:00:00Z,0.11424,0.11436,0.11381,0.11415,48129689
2024-06-18T03:00:00Z,0.11414,0.11436,0.11400,0.11436,14891629
2024-06-18T04:00:00Z,0.11436,0.11458,0.11422,0.11442,14573041
2024-06-18T05:00:00Z,0.11442,0.11476,0.11432,0.11464,12027787
2024-06-18T06:00:00Z,0.11464,0.11471,0.11451,0.11463,9821018
2024-06-18T07:00:00Z,0.11463,0.11508,0.11462,0.11507,16229094
2024-06-18T08:00:00Z,0.11507,0.11518,0.11501,0.11518,15347404
2024-06-18T09:00:00Z,0.11517,0.11518,0.11494,0.11494,11153045
2024-06-18T10:00:00Z,0.11494,0.11509,0.11476,0.11507,18176021
2024-06-18T11:00:00Z,0.11507,0.11530,0.11486,0.11528,15605422
2024-06-18T12:00:00Z,0.11528,0.11532,0.11479,0.11498,24163257
2024-06-18T13:00:00Z,0.11499,0.11500,0.11463,0.11474,23214270
2024-06-18T14:00:00Z,0.11475,0.11532,0.11461,0.11476,36593305
2024-06-18T15:00:00Z,0.11476,0.11502,0.11461,0.11494,21684275
2024-06-18T16:00:00Z,0.11494,0.11519,0.11479,0.11517,13556684
2024-06-18T17:00:00Z,0.11517,0.11596,0.11505,0.11523,25501646
2024-06-18T18:00:00Z,0.11523,0.11532,0.11505,0.11511,8576007
2024-06-18T19:00:00Z,0.11510,0.11521,0.11416,0.11515,32734389
2024-06-18T20:00:00Z,0.11514,0.11530,0.11504,0.11527,13634879
2024-06-18T21:00:00Z,0.11528,0.11558,0.11516,0.11553,20992894
2024-06-18T22:00:00Z,0.11553,0.11557,0.11544,0.11552,9226968
2024-06-18T23:00:00Z,0.11552,0.11553,0.11522,0.11541,5454101
2024-06-19T00:00:00Z,0.11540,0.11557,0.11511,0.11539,22140446
2024-06-19T01:00:00Z,0.11540,0.11556,0.11533,0.11552,11785198
2024-06-19T02:00:00Z,0.11552,0.11598,0.11551,0.11595,25808906
2024-06-19T03:00:00Z,0.11595,0.11614,0.11589,0.11608,11074558
2024-06-19T04:00:00Z,0.11607,0.11630,0.11607,0.11624,8199287
2024-06-19T05:00:00Z,0.11625,0.11642,0.11622,0.11631,9349323
2024-06-19T06:00:00Z,0.11632,0.11655,0.11631,0.11653,8610769
2024-06-19T07:00:00Z,0.11653,0.11710,0.11651,0.11705,27913693
2024-06-19T08:00:00Z,0.11705,0.11717,0.11671,0.11694,24357796
2024-06-19T09:00:00Z,0.11694,0.11703,0.11660,0.11665,11877968
2024-06-19T10:00:00Z,0.11666,0.11693,0.11659,0.11689,10791738
2024-06-19T11:00:00Z,0.11690,0.11690,0.11634,0.11642,15218789
2024-06-19T12:00:00Z,0.11642,0.11680,0.11642,0.11676,10464331
2024-06-19T13:00:00Z,0.11676,0.11694,0.11674,0.11686,10812131
2024-06-19T14:00:00Z,0.11686,0.11689,0.11648,0.11654,13063757
2024-06-19T15:00:00Z,0.11654,0.11691,0.11652,0.11660,7950005
2024-06-19T16:00:00Z,0.11660,0.11673,0.11649,0.11660,7797093
2024-06-19T17:00:00Z,0.11660,0.11670,0.11642,0.11651,9870746
2024-06-19T18:00:00Z,0.11652,0.11656,0.11633,0.11637,5588821
2024-06-19T19:00:00Z,0.11636,0.11637,0.11615,0.11626,7116235
2024-06-19T20:00:00Z,0.11627,0.11629,0.11608,0.11616,3862349
2024-06-19T21:00:00Z,0.11616,0.11618,0.11597,0.11603,5750842
2024-06-19T22:00:00Z,0.11603,0.11616,0.11579,0.11583,12012054
2024-06-19T23:00:00Z,0.11584,0.11588,0.11567,0.11574,10146429
2024-06-20T00:00:00Z,0.11575,0.11589,0.11562,0.11585,7754641
2024-06-20T01:00:00Z,0.11585,0.11612,0.11577,0.11594,9972689
2024-06-20T02:00:00Z,0.11593,0.11602,0.11573,0.11576,7693774
2024-06-20T03:00:00Z,0.11576,0.11603,0.11567,0.11593,5390017
2024-06-20T04:00:00Z,0.11593,0.11618,0.11584,0.11614,7708692
2024-06-20T05:00:00Z,0.11614,0.11631,0.11610,0.11626,8034378
2024-06-20T06:00:00Z,0.11626,0.11645,0.11626,0.11642,6164037
2024-06-20T07:00:00Z,0.11642,0.11674,0.11641,0.11665,12062252
2024-06-20T08:00:00Z,0.11665,0.11682,0.11656,0.11676,9276419
2024-06-20T09:00:00Z,0.11676,0.11688,0.11645,0.11652,11083792
2024-06-20T10:00:00Z,0.11651,0.11663,0.11640,0.11656,12099995
2024-06-20T11:00:00Z,0.11656,0.11686,0.11649,0.11676,13432157
2024-06-20T12:00:00Z,0.11676,0.11708,0.11676,0.11702,18696373
2024-06-20T13:00:00Z,0.11702,0.11706,0.11649,0.11656,16948170
2024-06-20T14:00:00Z,0.11656,0.11661,0.11627,0.11648,17033324
2024-06-20T15:00:00Z,0.11648,0.11671,0.11642,0.11666,8258072
2024-06-20T16:00:00Z,0.11665,0.11675,0.11637,0.11674,12657223
2024-06-20T17:00:00Z,0.11675,0.11675,0.11653,0.11673,4300529
2024-06-20T18:00:00Z,0.11673,0.11684,0.11668,0.11679,3552620
2024-06-20T19:00:00Z,0.11679,0.11689,0.11674,0.11687,6280062
2024-06-20T20:00:00Z,0.11687,0.11692,0.11677,0.11685,5053271
2024-06-20T21:00:00Z,0.11685,0.11690,0.11669,0.11671,5337972
2024-06-20T22:00:00Z,0.11670,0.11691,0.11666,0.11680,6457694
2024-06-20T23:00:00Z,0.11680,0.11685,0.11669,0.11675,2970370
2024-06-21T00:00:00Z,0.11674,0.11681,0.11636,0.11638,18712266
2024-06-21T01:00:00Z,0.11639,0.11675,0.11631,0.11669,8814931
2024-06-21T02:00:00Z,0.11670,0.11677,0.11654,0.11677,6398620
2024-06-21T03:00:00Z,0.11677,0.11677,0.11661,0.11676,5996457
2024-06-21T04:00:00Z,0.11675,0.11690,0.11666,0.11690,4015406
2024-06-21T05:00:00Z,0.11689,0.11709,0.11675,0.11701,15340573
2024-06-21T06:00:00Z,0.11700,0.11722,0.11691,0.11718,7596004
2024-06-21T07:00:00Z,0.11719,0.11726,0.11695,0.11708,11001262
2024-06-21T08:00:00Z,0.11709,0.11720,0.11608,0.11629,30078908
2024-06-21T09:00:00Z,0.11628,0.11694,0.11622,0.11691,19309185
2024-06-21T10:00:00Z,0.11692,0.11752,0.11692,0.11748,22929521
2024-06-21T11:00:00Z,0.11749,0.11850,0.11740,0.11839,41649356
2024-06-21T12:00:00Z,0.11838,0.11872,0.11802,0.11819,37154513
2024-06-21T13:00:00Z,0.11820,0.11837,0.11805,0.11836,23655253
2024-06-21T14:00:00Z,0.11835,0.11863,0.11832,0.11855,19197339
2024-06-21T15:00:00Z,0.11855,0.11872,0.11837,0.11853,16988239
2024-06-21T16:00:00Z,0.11852,0.11857,0.11821,0.11832,11385992
2024-06-21T17:00:00Z,0.11833,0.11833,0.11782,0.11793,22386794
2024-06-21T18:00:00Z,0.11792,0.11828,0.11786,0.11827,10263987
2024-06-21T19:00:00Z,0.11828,0.11849,0.11821,0.11842,9797524
2024-06-21T20:00:00Z,0.11843,0.11857,0.11833,0.11837,10237849
2024-06-21T21:00:00Z,0.11838,0.11841,0.11799,0.11831,19709220
2024-06-21T22:00:00Z,0.11830,0.11855,0.11830,0.11853,8286323
2024-06-21T23:00:00Z,0.11853,0.11853,0.11818,0.11830,14347503
2024-06-22T00:00:00Z,0.11829,0.11846,0.11803,0.11805,16050183
2024-06-22T01:00:00Z,0.11805,0.11821,0.11776,0.11803,21371754
2024-06-22T02:00:00Z,0.11802,0.11823,0.11798,0.11801,7215900
2024-06-22T03:00:00Z,0.11801,0.11801,0.11789,0.11793,5653519
2024-06-22T04:00:00Z,0.11792,0.11810,0.11790,0.11805,6224324
2024-06-22T05:00:00Z,0.11804,0.11825,0.11804,0.11825,5435968
2024-06-22T06:00:00Z,0.11826,0.11875,0.11826,0.11871,11459286
2024-06-22T07:00:00Z,0.11870,0.11895,0.11849,0.11871,15982451
2024-06-22T08:00:00Z,0.11871,0.11927,0.11860,0.11909,13878641
2024-06-22T09:00:00Z,0.11908,0.11946,0.11907,0.11932,18231490
2024-06-22T10:00:00Z,0.11932,0.11953,0.11924,0.11942,18928366
2024-06-22T11:00:00Z,0.11943,0.11970,0.11936,0.11961,18871707
2024-06-22T12:00:00Z,0.11962,0.11980,0.11948,0.11977,21527609
2024-06-22T13:00:00Z,0.11978,0.12006,0.11977,0.11986,20438484
2024-06-22T14:00:00Z,0.11987,0.11997,0.11982,0.11989,9194162
2024-06-22T15:00:00Z,0.11990,0.11990,0.11969,0.11969,9705578
2024-06-22T16:00:00Z,0.11969,0.11990,0.11961,0.11976,10239827
2024-06-22T17:00:00Z,0.11977,0.11982,0.11953,0.11953,5736402
2024-06-22T18:00:00Z,0.11953,0.11953,0.11929,0.11947,8050973
2024-06-22T19:00:00Z,0.11948,0.11960,0.11944,0.11959,3705360
2024-06-22T20:00:00Z,0.11959,0.11969,0.11943,0.11963,6220141
2024-06-22T21:00:00Z,0.11963,0.11986,0.11963,0.11986,5317843
2024-06-22T22:00:00Z,0.11986,0.11993,0.11982,0.11982,4576516
2024-06-22T23:00:00Z,0.11982,0.11983,0.11952,0.11964,8309236
2024-06-23T00:00:00Z,0.11964,0.11987,0.11964,0.11978,8190326
2024-06-23T01:00:00Z,0.11978,0.12000,0.11977,0.11999,6917868
2024-06-23T02:00:00Z,0.12000,0.12005,0.11995,0.12004,3891585
2024-06-23T03:00:00Z,0.12005,0.12012,0.11980,0.11990,7975259
2024-06-23T04:00:00Z,0.11990,0.11991,0.11962,0.11965,7351703
2024-06-23T05:00:00Z,0.11964,0.11974,0.11952,0.11954,4855104
2024-06-23T06:00:00Z,0.11954,0.11989,0.11951,0.11981,8796095
2024-06-23T07:00:00Z,0.11981,0.12006,0.11980,0.12004,5647275
2024-06-23T08:00:00Z,0.12004,0.12010,0.11999,0.12007,6013403
2024-06-23T09:00:00Z,0.12007,0.12013,0.11996,0.12012,4943553
2024-06-23T10:00:00Z,0.12013,0.12038,0.11995,0.12030,13426460
2024-06-23T11:00:00Z,0.12030,0.12050,0.12008,0.12046,17737374
2024-06-23T12:00:00Z,0.12046,0.12050,0.12015,0.12017,6403760
2024-06-23T13:00:00Z,0.12016,0.12017,0.11993,0.11993,11255744
2024-06-23T14:00:00Z,0.11994,0.12014,0.11962,0.11975,21643036
2024-06-23T15:00:00Z,0.11975,0.11987,0.11957,0.11967,11162533
2024-06-23T16:00:00Z,0.11967,0.11977,0.11923,0.11931,23028469
2024-06-23T17:00:00Z,0.11930,0.11954,0.11930,0.11945,8999974
2024-06-23T18:00:00Z,0.11945,0.11959,0.11941,0.11959,5502613
2024-06-23T19:00:00Z,0.11959,0.11964,0.11947,0.11954,3526238
2024-06-23T20:00:00Z,0.11954,0.11955,0.11895,0.11923,19105250
2024-06-23T21:00:00Z,0.11923,0.11943,0.11915,0.11942,5450611
2024-06-23T22:00:00Z,0.11943,0.11943,0.11922,0.11934,6433852
2024-06-23T23:00:00Z,0.11934,0.11935,0.11913,0.11917,5498391
2024-06-24T00:00:00Z,0.11917,0.11929,0.11910,0.11925,7867646
2024-06-24T01:00:00Z,0.11924,0.11924,0.11897,0.11899,8033733
2024-06-24T02:00:00Z,0.11900,0.11904,0.11874,0.11888,8035278
2024-06-24T03:00:00Z,0.11887,0.11900,0.11881,0.11882,7000761
2024-06-24T04:00:00Z,0.11882,0.11908,0.11873,0.11900,11909658
2024-06-24T05:00:00Z,0.11900,0.11904,0.11814,0.11822,36483194
2024-06-24T06:00:00Z,0.11821,0.11865,0.11814,0.11851,13810407
2024-06-24T07:00:00Z,0.11851,0.11889,0.11844,0.11879,15764188
2024-06-24T08:00:00Z,0.11878,0.11904,0.11867,0.11869,20378010
2024-06-24T09:00:00Z,0.11869,0.11872,0.11727,0.11817,54983449
2024-06-24T10:00:00Z,0.11818,0.11867,0.11813,0.11861,26004573
2024-06-24T11:00:00Z,0.11860,0.11884,0.11839,0.11873,18139984
2024-06-24T12:00:00Z,0.11872,0.11991,0.11862,0.11950,39031580
2024-06-24T13:00:00Z,0.11950,0.11973,0.11930,0.11956,23146617
2024-06-24T14:00:00Z,0.11956,0.11973,0.11909,0.11909,21857656
2024-06-24T15:00:00Z,0.11909,0.11910,0.11885,0.11899,15600482
2024-06-24T16:00:00Z,0.11899,0.11951,0.11898,0.11939,19153192
2024-06-24T17:00:00Z,0.11939,0.11965,0.11910,0.11921,17677648
2024-06-24T18:00:00Z,0.11922,0.11935,0.11903,0.11921,9953008
2024-06-24T19:00:00Z,0.11921,0.11931,0.11900,0.11918,8570134
2024-06-24T20:00:00Z,0.11918,0.11941,0.11878,0.11922,19627232
2024-06-24T21:00:00Z,0.11922,0.11926,0.11889,0.11895,9463500
2024-06-24T22:00:00Z,0.11895,0.11911,0.11880,0.11894,7322403
2024-06-24T23:00:00Z,0.11894,0.11913,0.11891,0.11901,7235668
2024-06-25T00:00:00Z,0.11901,0.11963,0.11901,0.11955,21223606
2024-06-25T01:00:00Z,0.11955,0.11974,0.11933,0.11960,12122039
2024-06-25T02:00:00Z,0.11961,0.11986,0.11952,0.11982,8153287
2024-06-25T03:00:00Z,0.11983,0.12035,0.11983,0.12014,16856356
2024-06-25T04:00:00Z,0.12014,0.12022,0.12005,0.12012,5271908
2024-06-25T05:00:00Z,0.12013,0.12048,0.12003,0.12043,7465021
2024-06-25T06:00:00Z,0.12044,0.12086,0.12040,0.12077,15795716
2024-06-25T07:00:00Z,0.12076,0.12084,0.12059,0.12077,7517805
2024-06-25T08:00:00Z,0.12077,0.12109,0.12053,0.12109,12657596
2024-06-25T09:00:00Z,0.12108,0.12130,0.12102,0.12120,16102180
2024-06-25T10:00:00Z,0.12119,0.12151,0.12119,0.12146,11908038
2024-06-25T11:00:00Z,0.12145,0.12195,0.12140,0.12194,18180545
2024-06-25T12:00:00Z,0.12194,0.12196,0.12175,0.12192,13742603
2024-06-25T13:00:00Z,0.12193,0.12201,0.12174,0.12191,10488743
2024-06-25T14:00:00Z,0.12192,0.12198,0.12156,0.12166,20277899
2024-06-25T15:00:00Z,0.12166,0.12167,0.12138,0.12143,13787376
2024-06-25T16:00:00Z,0.12143,0.12145,0.12124,0.12124,10137841
2024-06-25T17:00:00Z,0.12124,0.12137,0.12120,0.12130,7121748
2024-06-25T18:00:00Z,0.12131,0.12170,0.12122,0.12169,11697881
2024-06-25T19:00:00Z,0.12168,0.12178,0.12157,0.12172,6229931
2024-06-25T20:00:00Z,0.12172,0.12180,0.12155,0.12180,5634890
2024-06-25T21:00:00Z,0.12180,0.12200,0.12179,0.12200,6983016
2024-06-25T22:00:00Z,0.12200,0.12215,0.12199,0.12212,5647769
2024-06-25T23:00:00Z,0.12213,0.12215,0.12184,0.12184,7971000
2024-06-26T00:00:00Z,0.12184,0.12207,0.12184,0.12196,9914309
2024-06-26T01:00:00Z,0.12196,0.12220,0.12195,0.12216,7322632
2024-06-26T02:00:00Z,0.12215,0.12216,0.12192,0.12194,7767363
2024-06-26T03:00:00Z,0.12194,0.12222,0.12175,0.12220,12353176
2024-06-26T04:00:00Z,0.12221,0.12236,0.12215,0.12235,10242291
2024-06-26T05:00:00Z,0.12234,0.12242,0.12218,0.12237,6428953
2024-06-26T06:00:00Z,0.12236,0.12243,0.12228,0.12243,4560516
2024-06-26T07:00:00Z,0.12243,0.12356,0.12242,0.12355,33336517
2024-06-26T08:00:00Z,0.12355,0.12456,0.12354,0.12383,46781875
2024-06-26T09:00:00Z,0.12383,0.12428,0.12383,0.12423,24159745
2024-06-26T10:00:00Z,0.12424,0.12451,0.12419,0.12444,20527872
2024-06-26T11:00:00Z,0.12443,0.12453,0.12418,0.12427,17552662
2024-06-26T12:00:00Z,0.12428,0.12433,0.12403,0.12427,20352884
2024-06-26T13:00:00Z,0.12427,0.12490,0.12418,0.12464,31649996
2024-06-26T14:00:00Z,0.12465,0.12466,0.12317,0.12374,48794167
2024-06-26T15:00:00Z,0.12374,0.12382,0.12345,0.12357,14630916
2024-06-26T16:00:00Z,0.12357,0.12367,0.12308,0.12326,17875574
2024-06-26T17:00:00Z,0.12326,0.12327,0.12264,0.12280,32410931
2024-06-26T18:00:00Z,0.12280,0.12318,0.12275,0.12296,20282993
2024-06-26T19:00:00Z,0.12296,0.12333,0.12293,0.12312,12045168
2024-06-26T20:00:00Z,0.12312,0.12313,0.12268,0.12278,7863958
2024-06-26T21:00:00Z,0.12278,0.12282,0.12263,0.12264,5423763
2024-06-26T22:00:00Z,0.12263,0.12277,0.12247,0.12275,7555594
2024-06-26T23:00:00Z,0.12275,0.12279,0.12247,0.12262,7950242
2024-06-27T00:00:00Z,0.12262,0.12285,0.12256,0.12279,11405353
2024-06-27T01:00:00Z,0.12278,0.12295,0.12272,0.12291,8184593
2024-06-27T02:00:00Z,0.12292,0.12314,0.12283,0.12303,7715145
2024-06-27T03:00:00Z,0.12302,0.12314,0.12294,0.12312,5793020
2024-06-27T04:00:00Z,0.12312,0.12316,0.12304,0.12308,5203147
2024-06-27T05:00:00Z,0.12308,0.12316,0.12282,0.12283,9973703
2024-06-27T06:00:00Z,0.12284,0.12344,0.12282,0.12341,13143003
2024-06-27T07:00:00Z,0.12342,0.12348,0.12314,0.12317,10145031
2024-06-27T08:00:00Z,0.12316,0.12331,0.12295,0.12301,9325092
2024-06-27T09:00:00Z,0.12301,0.12322,0.12293,0.12313,7788414
2024-06-27T10:00:00Z,0.12313,0.12315,0.12292,0.12292,8322637
2024-06-27T11:00:00Z,0.12292,0.12317,0.12290,0.12290,11361149
2024-06-27T12:00:00Z,0.12291,0.12335,0.12290,0.12323,17256158
2024-06-27T13:00:00Z,0.12322,0.12372,0.12230,0.12294,47675082
2024-06-27T14:00:00Z,0.12294,0.12307,0.12243,0.12248,20212560
2024-06-27T15:00:00Z,0.12249,0.12257,0.12231,0.12242,15386962
2024-06-27T16:00:00Z,0.12242,0.12273,0.12241,0.12268,8099830
2024-06-27T17:00:00Z,0.12269,0.12284,0.12264,0.12280,6400581
2024-06-27T18:00:00Z,0.12279,0.12280,0.12232,0.12234,7702892
2024-06-27T19:00:00Z,0.12233,0.12241,0.12219,0.12227,9300196
2024-06-27T20:00:00Z,0.12227,0.12228,0.12222,0.12228,4008883
2024-06-27T21:00:00Z,0.12227,0.12228,0.12202,0.12209,8014777
2024-06-27T22:00:00Z,0.12209,0.12223,0.12201,0.12209,6735352
2024-06-27T23:00:00Z,0.12209,0.12210,0.12187,0.12191,7077741
2024-06-28T00:00:00Z,0.12190,0.12215,0.12180,0.12201,17479462
2024-06-28T01:00:00Z,0.12201,0.12231,0.12200,0.12215,9336743
2024-06-28T02:00:00Z,0.12214,0.12219,0.12189,0.12196,5456987
2024-06-28T03:00:00Z,0.12196,0.12202,0.12187,0.12200,4955125
2024-06-28T04:00:00Z,0.12199,0.12204,0.12185,0.12192,6655750
2024-06-28T05:00:00Z,0.12191,0.12201,0.12171,0.12180,12217817
2024-06-28T06:00:00Z,0.12181,0.12211,0.12177,0.12211,4727881
2024-06-28T07:00:00Z,0.12210,0.12232,0.12198,0.12230,5798390
2024-06-28T08:00:00Z,0.12231,0.12244,0.12223,0.12237,9470859
2024-06-28T09:00:00Z,0.12238,0.12252,0.12237,0.12251,5529958
2024-06-28T10:00:00Z,0.12251,0.12263,0.12240,0.12254,8029732
2024-06-28T11:00:00Z,0.12254,0.12268,0.12249,0.12252,5973448
2024-06-28T12:00:00Z,0.12251,0.12262,0.12230,0.12246,12743442
2024-06-28T13:00:00Z,0.12247,0.12266,0.12233,0.12243,15357834
2024-06-28T14:00:00Z,0.12244,0.12288,0.12239,0.12287,29584896
2024-06-28T15:00:00Z,0.12287,0.12321,0.12274,0.12307,22027950
2024-06-28T16:00:00Z,0.12306,0.12356,0.12299,0.12352,23275746
2024-06-28T17:00:00Z,0.12351,0.12360,0.12324,0.12341,13554040
2024-06-28T18:00:00Z,0.12341,0.12365,0.12335,0.12358,13115922
2024-06-28T19:00:00Z,0.12358,0.12370,0.12327,0.12327,11742112
2024-06-28T20:00:00Z,0.12327,0.12361,0.12312,0.12330,13414470
2024-06-28T21:00:00Z,0.12330,0.12381,0.12291,0.12353,27764106
2024-06-28T22:00:00Z,0.12352,0.12372,0.12339,0.12339,7868738
2024-06-28T23:00:00Z,0.12340,0.12340,0.12299,0.12312,13144720
2024-06-29T00:00:00Z,0.12311,0.12327,0.12292,0.12324,18676655
2024-06-29T01:00:00Z,0.12324,0.12334,0.12312,0.12322,8432347
2024-06-29T02:00:00Z,0.12322,0.12332,0.12299,0.12312,11501657
2024-06-29T03:00:00Z,0.12311,0.12389,0.12307,0.12386,15652750
2024-06-29T04:00:00Z,0.12387,0.12424,0.12369,0.12423,14063305
2024-06-29T05:00:00Z,0.12423,0.12476,0.12420,0.12463,34863522
2024-06-29T06:00:00Z,0.12464,0.12484,0.12449,0.12477,16277917
2024-06-29T07:00:00Z,0.12477,0.12488,0.12425,0.12446,16301432
2024-06-29T08:00:00Z,0.12446,0.12487,0.12413,0.12480,18433208
2024-06-29T09:00:00Z,0.12480,0.12528,0.12475,0.12516,26978945
2024-06-29T10:00:00Z,0.12517,0.12521,0.12496,0.12505,15125000
2024-06-29T11:00:00Z,0.12505,0.12522,0.12494,0.12509,15212309
2024-06-29T12:00:00Z,0.12508,0.12535,0.12487,0.12534,13830500
2024-06-29T13:00:00Z,0.12534,0.12557,0.12522,0.12554,22742713
2024-06-29T14:00:00Z,0.12555,0.12576,0.12539,0.12575,16128312
2024-06-29T15:00:00Z,0.12576,0.12577,0.12543,0.12547,12987868
2024-06-29T16:00:00Z,0.12547,0.12585,0.12513,0.12584,19658761
2024-06-29T17:00:00Z,0.12584,0.12604,0.12572,0.12595,21612949
2024-06-29T18:00:00Z,0.12595,0.12608,0.12577,0.12605,10297686
2024-06-29T19:00:00Z,0.12606,0.12613,0.12584,0.12609,14862971
2024-06-29T20:00:00Z,0.12608,0.12609,0.12563,0.12576,13220220
2024-06-29T21:00:00Z,0.12575,0.12627,0.12575,0.12624,17143318
2024-06-29T22:00:00Z,0.12624,0.12625,0.12575,0.12586,14327250
2024-06-29T23:00:00Z,0.12585,0.12586,0.12542,0.12549,14909752
2024-06-30T00:00:00Z,0.12549,0.12568,0.12537,0.12543,14125822
2024-06-30T01:00:00Z,0.12542,0.12559,0.12525,0.12559,11709538
2024-06-30T02:00:00Z,0.12559,0.12583,0.12521,0.12536,24997860
2024-06-30T03:00:00Z,0.12536,0.12563,0.12520,0.12560,13651353
2024-06-30T04:00:00Z,0.12561,0.12572,0.12529,0.12538,12123761
2024-06-30T05:00:00Z,0.12538,0.12542,0.12501,0.12542,13792959
2024-06-30T06:00:00Z,0.12542,0.12581,0.12532,0.12577,14030212
2024-06-30T07:00:00Z,0.12577,0.12584,0.12524,0.12544,19565745
2024-06-30T08:00:00Z,0.12544,0.12552,0.12521,0.12526,8509784
2024-06-30T09:00:00Z,0.12526,0.12534,0.12504,0.12510,8892501
2024-06-30T10:00:00Z,0.12511,0.12539,0.12505,0.12524,11052377
2024-06-30T11:00:00Z,0.12524,0.12534,0.12513,0.12523,4593112
2024-06-30T12:00:00Z,0.12523,0.12536,0.12511,0.12536,7690661
2024-06-30T13:00:00Z,0.12535,0.12541,0.12510,0.12520,8065108
2024-06-30T14:00:00Z,0.12520,0.12525,0.12504,0.12514,7658261
2024-06-30T15:00:00Z,0.12514,0.12535,0.12511,0.12531,7395086
2024-06-30T16:00:00Z,0.12531,0.12534,0.12513,0.12519,6331541
2024-06-30T17:00:00Z,0.12518,0.12530,0.12503,0.12505,7542625
2024-06-30T18:00:00Z,0.12506,0.12525,0.12492,0.12522,9701751
2024-06-30T19:00:00Z,0.12522,0.12528,0.12507,0.12514,4463333
2024-06-30T20:00:00Z,0.12514,0.12515,0.12481,0.12499,10209596
2024-06-30T21:00:00Z,0.12498,0.12519,0.12485,0.12518,8223718
2024-06-30T22:00:00Z,0.12519,0.12529,0.12493,0.12500,12841999
2024-06-30T23:00:00Z,0.12500,0.12503,0.12454,0.12460,18189690
2024-07-01T00:00:00Z,0.12461,0.12476,0.12457,0.12457,8076302
2024-07-01T01:00:00Z,0.12458,0.12490,0.12453,0.12480,13909356
2024-07-01T02:00:00Z,0.12479,0.12492,0.12466,0.12491,9191429
2024-07-01T03:00:00Z,0.12491,0.12516,0.12482,0.12501,7526012
2024-07-01T04:00:00Z,0.12501,0.12523,0.12494,0.12520,4425677
2024-07-01T05:00:00Z,0.12520,0.12524,0.12502,0.12516,4740715
2024-07-01T06:00:00Z,0.12516,0.12534,0.12494,0.12513,9767868
2024-07-01T07:00:00Z,0.12514,0.12532,0.12510,0.12531,6468905
2024-07-01T08:00:00Z,0.12531,0.12560,0.12505,0.12557,13772797
2024-07-01T09:00:00Z,0.12558,0.12595,0.12549,0.12589,19407140
2024-07-01T10:00:00Z,0.12590,0.12840,0.12569,0.12808,84667102
2024-07-01T11:00:00Z,0.12808,0.12874,0.12795,0.12846,63186007
2024-07-01T12:00:00Z,0.12845,0.12889,0.12788,0.12870,33159182
2024-07-01T13:00:00Z,0.12871,0.12871,0.12815,0.12868,28911854
2024-07-01T14:00:00Z,0.12868,0.12899,0.12834,0.12881,29768598
2024-07-01T15:00:00Z,0.12881,0.12894,0.12847,0.12855,18426597
2024-07-01T16:00:00Z,0.12856,0.12877,0.12846,0.12846,13702444
2024-07-01T17:00:00Z,0.12846,0.12869,0.12835,0.12863,15638775
2024-07-01T18:00:00Z,0.12863,0.12864,0.12793,0.12813,20101569
2024-07-01T19:00:00Z,0.12815,0.12823,0.12796,0.12807,9157279
2024-07-01T20:00:00Z,0.12807,0.12823,0.12799,0.12816,6840189
2024-07-01T21:00:00Z,0.12815,0.12829,0.12815,0.12822,6105048
2024-07-01T22:00:00Z,0.12821,0.12832,0.12780,0.12829,20030442
2024-07-01T23:00:00Z,0.12829,0.12829,0.12767,0.12770,20684256
2024-07-02T00:00:00Z,0.12770,0.12805,0.12756,0.12784,20063154
2024-07-02T01:00:00Z,0.12784,0.12796,0.12767,0.12790,11878987
2024-07-02T02:00:00Z,0.12790,0.12813,0.12748,0.12790,16349258
2024-07-02T03:00:00Z,0.12789,0.12818,0.12782,0.12800,10225778
2024-07-02T04:00:00Z,0.12800,0.12812,0.12792,0.12800,7825129
2024-07-02T05:00:00Z,0.12800,0.12818,0.12799,0.12812,4803179
2024-07-02T06:00:00Z,0.12811,0.12844,0.12802,0.12837,15159387
2024-07-02T07:00:00Z,0.12837,0.12838,0.12822,0.12823,6477285
2024-07-02T08:00:00Z,0.12823,0.12828,0.12750,0.12799,24054544
2024-07-02T09:00:00Z,0.12800,0.12836,0.12799,0.12832,11574775
2024-07-02T10:00:00Z,0.12833,0.12834,0.12809,0.12814,8075399
2024-07-02T11:00:00Z,0.12813,0.12820,0.12808,0.12817,4980598
2024-07-02T12:00:00Z,0.12818,0.12825,0.12797,0.12801,10837570
2024-07-02T13:00:00Z,0.12800,0.12814,0.12791,0.12796,13994867
2024-07-02T14:00:00Z,0.12795,0.12862,0.12786,0.12838,32775629
2024-07-02T15:00:00Z,0.12838,0.12898,0.12813,0.12837,29622676
2024-07-02T16:00:00Z,0.12837,0.12893,0.12833,0.12871,13860989
2024-07-02T17:00:00Z,0.12871,0.12893,0.12864,0.12885,12009170
2024-07-02T18:00:00Z,0.12884,0.12885,0.12846,0.12878,13380621
2024-07-02T19:00:00Z,0.12878,0.12935,0.12876,0.12891,16082530
2024-07-02T20:00:00Z,0.12892,0.12915,0.12884,0.12913,6173474
2024-07-02T21:00:00Z,0.12914,0.12931,0.12901,0.12913,7211589
2024-07-02T22:00:00Z,0.12912,0.12936,0.12904,0.12936,5866766
2024-07-02T23:00:00Z,0.12935,0.12936,0.12909,0.12923,7698495
2024-07-03T00:00:00Z,0.12922,0.12932,0.12908,0.12932,10385890
2024-07-03T01:00:00Z,0.12932,0.12965,0.12931,0.12965,20007816
2024-07-03T02:00:00Z,0.12965,0.13007,0.12871,0.12917,44995928
2024-07-03T03:00:00Z,0.12916,0.12974,0.12883,0.12973,23452254
2024-07-03T04:00:00Z,0.12973,0.12973,0.12924,0.12925,10431554
2024-07-03T05:00:00Z,0.12925,0.12928,0.12875,0.12893,17638177
2024-07-03T06:00:00Z,0.12894,0.12923,0.12874,0.12892,8947412
2024-07-03T07:00:00Z,0.12892,0.12904,0.12886,0.12888,4103908
2024-07-03T08:00:00Z,0.12888,0.12997,0.12884,0.12967,19061700
2024-07-03T09:00:00Z,0.12968,0.12989,0.12943,0.12946,17567773
2024-07-03T10:00:00Z,0.12947,0.12960,0.12895,0.12920,29560112
2024-07-03T11:00:00Z,0.12920,0.12924,0.12876,0.12885,14879269
2024-07-03T12:00:00Z,0.12885,0.12899,0.12835,0.12849,48771413
2024-07-03T13:00:00Z,0.12848,0.12937,0.12833,0.12913,34804714
2024-07-03T14:00:00Z,0.12914,0.12957,0.12887,0.12888,14996712
2024-07-03T15:00:00Z,0.12888,0.12925,0.12879,0.12902,13552226
2024-07-03T16:00:00Z,0.12902,0.12933,0.12893,0.12923,13028167
2024-07-03T17:00:00Z,0.12924,0.12924,0.12879,0.12889,9957423
2024-07-03T18:00:00Z,0.12890,0.12966,0.12888,0.12940,17805189
2024-07-03T19:00:00Z,0.12939,0.12940,0.12813,0.12838,30277071
2024-07-03T20:00:00Z,0.12838,0.12864,0.12832,0.12836,11859249
2024-07-03T21:00:00Z,0.12837,0.12933,0.12832,0.12911,18174232
2024-07-03T22:00:00Z,0.12910,0.12925,0.12881,0.12888,8500661
2024-07-03T23:00:00Z,0.12887,0.12902,0.12850,0.12865,10221889
2024-07-04T00:00:00Z,0.12865,0.12896,0.12865,0.12890,9024818
2024-07-04T01:00:00Z,0.12890,0.12898,0.12779,0.12821,64429907
2024-07-04T02:00:00Z,0.12821,0.12907,0.12762,0.12781,42136108
2024-07-04T03:00:00Z,0.12782,0.12793,0.12765,0.12785,11323663
2024-07-04T04:00:00Z,0.12785,0.12800,0.12760,0.12794,10816377
2024-07-04T05:00:00Z,0.12795,0.12830,0.12777,0.12786,13953466
2024-07-04T06:00:00Z,0.12785,0.12835,0.12780,0.12818,18937950
2024-07-04T07:00:00Z,0.12818,0.12828,0.12800,0.12812,14439456
2024-07-04T08:00:00Z,0.12813,0.12851,0.12752,0.12806,28315099
2024-07-04T09:00:00Z,0.12806,0.12808,0.12719,0.12741,25515225
2024-07-04T10:00:00Z,0.12741,0.12743,0.12651,0.12652,46819227
2024-07-04T11:00:00Z,0.12652,0.12681,0.12639,0.12660,19834732
2024-07-04T12:00:00Z,0.12659,0.12676,0.12602,0.12603,28210059
2024-07-04T13:00:00Z,0.12603,0.12632,0.12549,0.12623,68041102
2024-07-04T14:00:00Z,0.12624,0.12644,0.12557,0.12593,22699645
2024-07-04T15:00:00Z,0.12593,0.12692,0.12582,0.12691,27631120
2024-07-04T16:00:00Z,0.12691,0.12732,0.12658,0.12720,42128190
2024-07-04T17:00:00Z,0.12719,0.12737,0.12711,0.12732,20850448
2024-07-04T18:00:00Z,0.12732,0.12733,0.12675,0.12714,17624239
2024-07-04T19:00:00Z,0.12713,0.12744,0.12713,0.12728,11090839
2024-07-04T20:00:00Z,0.12728,0.12782,0.12714,0.12781,14674345
2024-07-04T21:00:00Z,0.12782,0.12858,0.12750,0.12843,25121810
2024-07-04T22:00:00Z,0.12842,0.12890,0.12801,0.12812,34074158
2024-07-04T23:00:00Z,0.12812,0.12829,0.12702,0.12710,44530177
2024-07-05T00:00:00Z,0.12710,0.12711,0.12579,0.12629,89924985
2024-07-05T01:00:00Z,0.12630,0.12660,0.12555,0.12603,42998621
2024-07-05T02:00:00Z,0.12603,0.12603,0.12378,0.12436,71083630
2024-07-05T03:00:00Z,0.12436,0.12453,0.12270,0.12271,127957535
2024-07-05T04:00:00Z,0.12271,0.12326,0.12155,0.12280,100603657
2024-07-05T05:00:00Z,0.12281,0.12336,0.12257,0.12270,33060468
2024-07-05T06:00:00Z,0.12270,0.12273,0.12191,0.12192,33294706
2024-07-05T07:00:00Z,0.12192,0.12255,0.12184,0.12223,39533581
2024-07-05T08:00:00Z,0.12223,0.12223,0.12089,0.12114,50298862
2024-07-05T09:00:00Z,0.12113,0.12232,0.12090,0.12232,66151597
2024-07-05T10:00:00Z,0.12232,0.12445,0.12230,0.12440,99633636
2024-07-05T11:00:00Z,0.12439,0.12623,0.12439,0.12581,76744823
2024-07-05T12:00:00Z,0.12580,0.12681,0.12572,0.12654,83191065
2024-07-05T13:00:00Z,0.12654,0.12769,0.12598,0.12758,78378904
2024-07-05T14:00:00Z,0.12757,0.12775,0.12623,0.12643,85465846
2024-07-05T15:00:00Z,0.12644,0.12728,0.12626,0.12704,64579498
2024-07-05T16:00:00Z,0.12705,0.12746,0.12655,0.12658,45848554
2024-07-05T17:00:00Z,0.12659,0.12684,0.12633,0.12661,22854833
2024-07-05T18:00:00Z,0.12661,0.12714,0.12661,0.12712,17945282
2024-07-05T19:00:00Z,0.12712,0.12713,0.12645,0.12675,14498067
2024-07-05T20:00:00Z,0.12675,0.12684,0.12641,0.12683,10221056
2024-07-05T21:00:00Z,0.12682,0.12726,0.12682,0.12708,13109070
2024-07-05T22:00:00Z,0.12709,0.12716,0.12676,0.12691,11554928
2024-07-05T23:00:00Z,0.12692,0.12710,0.12675,0.12676,9224842
2024-07-06T00:00:00Z,0.12676,0.12730,0.12629,0.12699,42748860
2024-07-06T01:00:00Z,0.12699,0.12725,0.12669,0.12683,22806601
2024-07-06T02:00:00Z,0.12684,0.12727,0.12675,0.12720,16374322
2024-07-06T03:00:00Z,0.12721,0.12725,0.12688,0.12693,11063446
2024-07-06T04:00:00Z,0.12693,0.12705,0.12677,0.12684,12266205
2024-07-06T05:00:00Z,0.12684,0.12724,0.12678,0.12723,10535907
2024-07-06T06:00:00Z,0.12723,0.12808,0.12718,0.12778,26415496
2024-07-06T07:00:00Z,0.12778,0.12820,0.12772,0.12812,17335351
2024-07-06T08:00:00Z,0.12811,0.12913,0.12811,0.12888,48236396
2024-07-06T09:00:00Z,0.12888,0.12950,0.12856,0.12934,35335223
2024-07-06T10:00:00Z,0.12935,0.12952,0.12876,0.12894,22281963
2024-07-06T11:00:00Z,0.12893,0.12949,0.12880,0.12940,13545967
2024-07-06T12:00:00Z,0.12940,0.12974,0.12940,0.12973,21871159
2024-07-06T13:00:00Z,0.12973,0.13007,0.12919,0.12982,33832737
2024-07-06T14:00:00Z,0.12981,0.12995,0.12954,0.12986,14893144
2024-07-06T15:00:00Z,0.12985,0.13004,0.12971,0.12976,17043638
2024-07-06T16:00:00Z,0.12976,0.13029,0.12973,0.12998,20733932
2024-07-06T17:00:00Z,0.12998,0.13011,0.12980,0.12989,11663173
2024-07-06T18:00:00Z,0.12988,0.12996,0.12965,0.12966,9338752
2024-07-06T19:00:00Z,0.12966,0.12992,0.12960,0.12987,9895126
2024-07-06T20:00:00Z,0.12987,0.12990,0.12966,0.12986,7692315
2024-07-06T21:00:00Z,0.12986,0.12996,0.12951,0.12952,11411062
2024-07-06T22:00:00Z,0.12952,0.12970,0.12940,0.12960,9844722
2024-07-06T23:00:00Z,0.12961,0.12992,0.12954,0.12991,11848598
2024-07-07T00:00:00Z,0.12991,0.13102,0.12986,0.13066,52835042
2024-07-07T01:00:00Z,0.13066,0.13093,0.13036,0.13049,24187960
2024-07-07T02:00:00Z,0.13049,0.13056,0.12970,0.13009,29800669
2024-07-07T03:00:00Z,0.13009,0.13019,0.12981,0.12997,14956666
2024-07-07T04:00:00Z,0.12994,0.12999,0.12962,0.12964,14384493
2024-07-07T05:00:00Z,0.12964,0.12976,0.12947,0.12953,12302570
2024-07-07T06:00:00Z,0.12953,0.13014,0.12950,0.13004,8132028
2024-07-07T07:00:00Z,0.13005,0.13021,0.12971,0.12975,10728250
2024-07-07T08:00:00Z,0.12975,0.13015,0.12975,0.13012,10107954
2024-07-07T09:00:00Z,0.13012,0.13027,0.12987,0.12998,9359734
2024-07-07T10:00:00Z,0.12998,0.13008,0.12953,0.12975,22778525
2024-07-07T11:00:00Z,0.12976,0.12976,0.12920,0.12921,20489528
2024-07-07T12:00:00Z,0.12921,0.12940,0.12898,0.12901,18569731
2024-07-07T13:00:00Z,0.12900,0.12903,0.12781,0.12791,40451994
2024-07-07T14:00:00Z,0.12791,0.12796,0.12730,0.12748,25414887
2024-07-07T15:00:00Z,0.12747,0.12762,0.12717,0.12724,16502135
2024-07-07T16:00:00Z,0.12724,0.12745,0.12697,0.12708,17860810
2024-07-07T17:00:00Z,0.12707,0.12718,0.12672,0.12694,18420206
2024-07-07T18:00:00Z,0.12694,0.12703,0.12662,0.12674,14702962
2024-07-07T19:00:00Z,0.12675,0.12675,0.12639,0.12648,9358736
2024-07-07T20:00:00Z,0.12648,0.12661,0.12637,0.12645,8027037
2024-07-07T21:00:00Z,0.12645,0.12648,0.12525,0.12538,40920230
2024-07-07T22:00:00Z,0.12538,0.12539,0.12462,0.12463,28108142
2024-07-07T23:00:00Z,0.12463,0.12497,0.12434,0.12452,18657741
2024-07-08T00:00:00Z,0.12452,0.12468,0.12324,0.12332,51151444
2024-07-08T01:00:00Z,0.12332,0.12336,0.12265,0.12336,51020315
2024-07-08T02:00:00Z,0.12336,0.12427,0.12311,0.12417,40091596
2024-07-08T03:00:00Z,0.12416,0.12436,0.12385,0.12406,21205218
2024-07-08T04:00:00Z,0.12407,0.12488,0.12380,0.12481,32003832
2024-07-08T05:00:00Z,0.12481,0.12489,0.12443,0.12464,12983052
2024-07-08T06:00:00Z,0.12465,0.12484,0.12440,0.12461,12047344
2024-07-08T07:00:00Z,0.12461,0.12485,0.12446,0.12449,16056472
2024-07-08T08:00:00Z,0.12449,0.12592,0.12442,0.12590,44931328
2024-07-08T09:00:00Z,0.12590,0.12646,0.12540,0.12544,45702273
2024-07-08T10:00:00Z,0.12544,0.12569,0.12453,0.12467,25853816
2024-07-08T11:00:00Z,0.12467,0.12556,0.12467,0.12537,18530192
2024-07-08T12:00:00Z,0.12536,0.12567,0.12498,0.12540,21285955
2024-07-08T13:00:00Z,0.12541,0.12572,0.12493,0.12538,21490138
2024-07-08T14:00:00Z,0.12538,0.12559,0.12366,0.12475,73197064
2024-07-08T15:00:00Z,0.12475,0.12521,0.12455,0.12473,23798476
2024-07-08T16:00:00Z,0.12472,0.12522,0.12463,0.12512,15632878
2024-07-08T17:00:00Z,0.12512,0.12541,0.12494,0.12540,13985906
2024-07-08T18:00:00Z,0.12539,0.12563,0.12532,0.12558,11780304
2024-07-08T19:00:00Z,0.12558,0.12580,0.12558,0.12574,12437885
2024-07-08T20:00:00Z,0.12573,0.12602,0.12571,0.12582,14784466
2024-07-08T21:00:00Z,0.12581,0.12609,0.12571,0.12605,9268938
2024-07-08T22:00:00Z,0.12606,0.12619,0.12602,0.12617,8225648
2024-07-08T23:00:00Z,0.12618,0.12628,0.12605,0.12608,8918301
2024-07-09T00:00:00Z,0.12608,0.12675,0.12607,0.12670,14723070
2024-07-09T01:00:00Z,0.12670,0.12734,0.12669,0.12733,29513451
2024-07-09T02:00:00Z,0.12733,0.12787,0.12716,0.12783,20005924
2024-07-09T03:00:00Z,0.12783,0.12861,0.12772,0.12825,41901259
2024-07-09T04:00:00Z,0.12824,0.12844,0.12812,0.12813,15882565
2024-07-09T05:00:00Z,0.12813,0.12819,0.12769,0.12816,13771551
2024-07-09T06:00:00Z,0.12817,0.12849,0.12817,0.12835,12314741
2024-07-09T07:00:00Z,0.12836,0.12846,0.12821,0.12842,7845659
2024-07-09T08:00:00Z,0.12843,0.12871,0.12836,0.12841,20653189
2024-07-09T09:00:00Z,0.12842,0.12887,0.12836,0.12879,8482638
2024-07-09T10:00:00Z,0.12879,0.12906,0.12846,0.12860,17233796
2024-07-09T11:00:00Z,0.12860,0.12892,0.12859,0.12871,12995491
2024-07-09T12:00:00Z,0.12871,0.12890,0.12867,0.12883,6143803
2024-07-09T13:00:00Z,0.12883,0.12895,0.12868,0.12879,9465449
2024-07-09T14:00:00Z,0.12878,0.12894,0.12793,0.12856,33186021
2024-07-09T15:00:00Z,0.12855,0.12932,0.12841,0.12916,28943385
2024-07-09T16:00:00Z,0.12915,0.12953,0.12915,0.12944,11693941
2024-07-09T17:00:00Z,0.12944,0.12964,0.12927,0.12955,12283959
2024-07-09T18:00:00Z,0.12955,0.12985,0.12946,0.12969,20493159
2024-07-09T19:00:00Z,0.12969,0.12993,0.12961,0.12991,7920561
2024-07-09T20:00:00Z,0.12991,0.12995,0.12975,0.12985,7315859
2024-07-09T21:00:00Z,0.12985,0.12989,0.12970,0.12983,5018264
2024-07-09T22:00:00Z,0.12982,0.12996,0.12968,0.12983,6815792
2024-07-09T23:00:00Z,0.12983,0.12997,0.12965,0.12993,8082567
2024-07-10T00:00:00Z,0.12994,0.13004,0.12918,0.12931,17902194
2024-07-10T01:00:00Z,0.12931,0.13011,0.12904,0.12983,18568779
2024-07-10T02:00:00Z,0.12983,0.13008,0.12966,0.12995,7722800
2024-07-10T03:00:00Z,0.12995,0.13004,0.12982,0.12983,5051864
2024-07-10T04:00:00Z,0.12983,0.13087,0.12983,0.13025,33845693
2024-07-10T05:00:00Z,0.13024,0.13042,0.12960,0.12985,17854237
2024-07-10T06:00:00Z,0.12984,0.13008,0.12980,0.12987,7872147
2024-07-10T07:00:00Z,0.12986,0.12986,0.12959,0.12968,7233660
2024-07-10T08:00:00Z,0.12968,0.12989,0.12959,0.12983,7510849
2024-07-10T09:00:00Z,0.12982,0.13011,0.12978,0.12996,8477203
2024-07-10T10:00:00Z,0.12996,0.13014,0.12980,0.12994,12116744
2024-07-10T11:00:00Z,0.12994,0.13011,0.12977,0.13000,10245104
2024-07-10T12:00:00Z,0.13000,0.13036,0.12998,0.13023,15964260
2024-07-10T13:00:00Z,0.13024,0.13057,0.13021,0.13041,15332339
2024-07-10T14:00:00Z,0.13041,0.13082,0.13040,0.13057,11934384
2024-07-10T15:00:00Z,0.13058,0.13160,0.13041,0.13131,28715771
2024-07-10T16:00:00Z,0.13131,0.13159,0.13099,0.13159,14674962
2024-07-10T17:00:00Z,0.13158,0.13169,0.13121,0.13143,11376569
2024-07-10T18:00:00Z,0.13143,0.13156,0.13124,0.13130,5098743
2024-07-10T19:00:00Z,0.13130,0.13156,0.13086,0.13107,14405041
2024-07-10T20:00:00Z,0.13108,0.13127,0.13091,0.13108,8412319
2024-07-10T21:00:00Z,0.13108,0.13121,0.13089,0.13094,6077147
2024-07-10T22:00:00Z,0.13094,0.13185,0.13094,0.13146,20353697
2024-07-10T23:00:00Z,0.13145,0.13167,0.13136,0.13145,6099726
2024-07-11T00:00:00Z,0.13144,0.13180,0.13138,0.13174,11494164
2024-07-11T01:00:00Z,0.13174,0.13244,0.13167,0.13226,24205677
2024-07-11T02:00:00Z,0.13226,0.13283,0.13205,0.13262,31886080
2024-07-11T03:00:00Z,0.13263,0.13280,0.13201,0.13256,19071113
2024-07-11T04:00:00Z,0.13257,0.13296,0.13235,0.13267,17250384
2024-07-11T05:00:00Z,0.13267,0.13330,0.13266,0.13329,21449628
2024-07-11T06:00:00Z,0.13330,0.13429,0.13327,0.13400,45956512
2024-07-11T07:00:00Z,0.13400,0.13435,0.13387,0.13413,15740580
2024-07-11T08:00:00Z,0.13415,0.13435,0.13374,0.13425,19886080
2024-07-11T09:00:00Z,0.13425,0.13492,0.13400,0.13428,33078553
2024-07-11T10:00:00Z,0.13428,0.13465,0.13412,0.13420,16403662
2024-07-11T11:00:00Z,0.13419,0.13433,0.13404,0.13432,14123080
2024-07-11T12:00:00Z,0.13432,0.13462,0.13385,0.13393,44998329
2024-07-11T13:00:00Z,0.13393,0.13449,0.13373,0.13447,17250854
2024-07-11T14:00:00Z,0.13447,0.13512,0.13424,0.13462,35894630
2024-07-11T15:00:00Z,0.13462,0.13492,0.13427,0.13439,19458518
2024-07-11T16:00:00Z,0.13440,0.13493,0.13430,0.13458,20236314
2024-07-11T17:00:00Z,0.13458,0.13478,0.13450,0.13470,9384040
2024-07-11T18:00:00Z,0.13470,0.13507,0.13464,0.13502,15101856
2024-07-11T19:00:00Z,0.13502,0.13505,0.13452,0.13475,14495857
2024-07-11T20:00:00Z,0.13475,0.13504,0.13461,0.13498,14822316
2024-07-11T21:00:00Z,0.13498,0.13528,0.13484,0.13503,20187442
2024-07-11T22:00:00Z,0.13503,0.13527,0.13490,0.13495,11363380
2024-07-11T23:00:00Z,0.13495,0.13514,0.13417,0.13423,26880104
2024-07-12T00:00:00Z,0.13424,0.13493,0.13421,0.13449,18105039
2024-07-12T01:00:00Z,0.13449,0.13479,0.13380,0.13412,29910983
2024-07-12T02:00:00Z,0.13411,0.13490,0.13403,0.13472,12898693
2024-07-12T03:00:00Z,0.13472,0.13490,0.13433,0.13447,10710935
2024-07-12T04:00:00Z,0.13447,0.13534,0.13447,0.13529,12637557
2024-07-12T05:00:00Z,0.13529,0.13580,0.13496,0.13563,26028457
2024-07-12T06:00:00Z,0.13562,0.13571,0.13508,0.13511,13689497
2024-07-12T07:00:00Z,0.13511,0.13560,0.13502,0.13529,16768155
2024-07-12T08:00:00Z,0.13528,0.13609,0.13528,0.13585,17831906
2024-07-12T09:00:00Z,0.13585,0.13610,0.13570,0.13578,13646535
2024-07-12T10:00:00Z,0.13578,0.13632,0.13547,0.13629,22827025
2024-07-12T11:00:00Z,0.13630,0.13671,0.13604,0.13654,20557067
2024-07-12T12:00:00Z,0.13654,0.13687,0.13628,0.13684,20346660
2024-07-12T13:00:00Z,0.13685,0.13694,0.13626,0.13660,21732667
2024-07-12T14:00:00Z,0.13661,0.13674,0.13604,0.13629,19672323
2024-07-12T15:00:00Z,0.13630,0.13655,0.13606,0.13638,17004450
2024-07-12T16:00:00Z,0.13638,0.13682,0.13625,0.13657,12207203
2024-07-12T17:00:00Z,0.13658,0.13675,0.13646,0.13655,9988599
2024-07-12T18:00:00Z,0.13654,0.13689,0.13648,0.13657,13293574
2024-07-12T19:00:00Z,0.13657,0.13672,0.13617,0.13651,19162231
2024-07-12T20:00:00Z,0.13650,0.13722,0.13643,0.13708,23577972
2024-07-12T21:00:00Z,0.13708,0.13722,0.13694,0.13697,9317817
2024-07-12T22:00:00Z,0.13698,0.13722,0.13692,0.13703,8385885
2024-07-12T23:00:00Z,0.13703,0.13728,0.13699,0.13726,6219821
2024-07-13T00:00:00Z,0.13727,0.13748,0.13724,0.13748,13298047
2024-07-13T01:00:00Z,0.13747,0.13827,0.13744,0.13826,29444739
2024-07-13T02:00:00Z,0.13825,0.13898,0.13817,0.13893,25642191
2024-07-13T03:00:00Z,0.13892,0.13988,0.13885,0.13967,52385926
2024-07-13T04:00:00Z,0.13967,0.13996,0.13876,0.13958,31983027
2024-07-13T05:00:00Z,0.13958,0.13990,0.13951,0.13981,16109492
2024-07-13T06:00:00Z,0.13981,0.14012,0.13958,0.14007,18796086
2024-07-13T07:00:00Z,0.14007,0.14052,0.13932,0.13973,33001493
2024-07-13T08:00:00Z,0.13974,0.13990,0.13943,0.13948,14329062
2024-07-13T09:00:00Z,0.13947,0.14017,0.13947,0.13973,20416898
2024-07-13T10:00:00Z,0.13974,0.13980,0.13904,0.13969,25593494
2024-07-13T11:00:00Z,0.13970,0.13980,0.13907,0.13913,12068391
2024-07-13T12:00:00Z,0.13912,0.13956,0.13902,0.13953,10300425
2024-07-13T13:00:00Z,0.13953,0.13981,0.13951,0.13958,10503016
2024-07-13T14:00:00Z,0.13958,0.14029,0.13952,0.14008,28166288
2024-07-13T15:00:00Z,0.14008,0.14032,0.13991,0.14023,17893532
2024-07-13T16:00:00Z,0.14022,0.14039,0.14007,0.14032,12189363
2024-07-13T17:00:00Z,0.14032,0.14088,0.14018,0.14082,21778857
2024-07-13T18:00:00Z,0.14082,0.14150,0.14079,0.14145,24960431
2024-07-13T19:00:00Z,0.14145,0.14160,0.14117,0.14135,17638489
2024-07-13T20:00:00Z,0.14135,0.14138,0.14049,0.14062,17052688
2024-07-13T21:00:00Z,0.14062,0.14069,0.14039,0.14044,5948035
2024-07-13T22:00:00Z,0.14043,0.14051,0.13964,0.13993,29838830
2024-07-13T23:00:00Z,0.13994,0.13995,0.13920,0.13936,29264140
2024-07-14T00:00:00Z,0.13936,0.14013,0.13933,0.13972,25739454
2024-07-14T01:00:00Z,0.13972,0.14006,0.13968,0.13974,10718900
2024-07-14T02:00:00Z,0.13975,0.13985,0.13933,0.13933,9812238
2024-07-14T03:00:00Z,0.13933,0.13983,0.13923,0.13923,9138173
2024-07-14T04:00:00Z,0.13923,0.13947,0.13881,0.13882,18264274
2024-07-14T05:00:00Z,0.13882,0.13883,0.13840,0.13844,18311510
2024-07-14T06:00:00Z,0.13843,0.13846,0.13807,0.13809,19634307
2024-07-14T07:00:00Z,0.13809,0.13816,0.13776,0.13792,16809010
2024-07-14T08:00:00Z,0.13792,0.13839,0.13783,0.13799,15597099
2024-07-14T09:00:00Z,0.13799,0.13861,0.13791,0.13829,18888692
2024-07-14T10:00:00Z,0.13830,0.13844,0.13768,0.13770,23784101
2024-07-14T11:00:00Z,0.13769,0.13786,0.13731,0.13736,15198905
2024-07-14T12:00:00Z,0.13737,0.13774,0.13731,0.13768,21834934
2024-07-14T13:00:00Z,0.13769,0.13818,0.13768,0.13803,13692958
2024-07-14T14:00:00Z,0.13803,0.13832,0.13786,0.13790,12372310
2024-07-14T15:00:00Z,0.13790,0.13794,0.13736,0.13757,10291002
2024-07-14T16:00:00Z,0.13756,0.13770,0.13736,0.13740,7030188
2024-07-14T17:00:00Z,0.13739,0.13749,0.13724,0.13740,6952595
2024-07-14T18:00:00Z,0.13739,0.13760,0.13721,0.13722,8426687
2024-07-14T19:00:00Z,0.13722,0.13764,0.13722,0.13752,8666777
2024-07-14T20:00:00Z,0.13752,0.13784,0.13738,0.13779,10685005
2024-07-14T21:00:00Z,0.13780,0.13805,0.13765,0.13787,12450063
2024-07-14T22:00:00Z,0.13787,0.13787,0.13739,0.13744,13082855
2024-07-14T23:00:00Z,0.13744,0.13768,0.13735,0.13746,11856273
2024-07-15T00:00:00Z,0.13746,0.13833,0.13746,0.13803,19068238
2024-07-15T01:00:00Z,0.13803,0.13821,0.13795,0.13812,13318996
2024-07-15T02:00:00Z,0.13812,0.13843,0.13787,0.13823,15290804
2024-07-15T03:00:00Z,0.13822,0.13830,0.13787,0.13807,20540714
2024-07-15T04:00:00Z,0.13808,0.13832,0.13795,0.13820,11887810
2024-07-15T05:00:00Z,0.13821,0.13831,0.13806,0.13814,6676982
2024-07-15T06:00:00Z,0.13815,0.13874,0.13814,0.13863,24285689
2024-07-15T07:00:00Z,0.13862,0.13888,0.13816,0.13824,19206392
2024-07-15T08:00:00Z,0.13825,0.13848,0.13816,0.13842,9896942
2024-07-15T09:00:00Z,0.13842,0.13842,0.13778,0.13790,26272972
2024-07-15T10:00:00Z,0.13790,0.13819,0.13784,0.13796,11083715
2024-07-15T11:00:00Z,0.13796,0.13831,0.13792,0.13823,7928298
2024-07-15T12:00:00Z,0.13823,0.13838,0.13818,0.13822,7670627
2024-07-15T13:00:00Z,0.13823,0.13837,0.13791,0.13796,15662016
2024-07-15T14:00:00Z,0.13797,0.13810,0.13786,0.13805,8016351
2024-07-15T15:00:00Z,0.13805,0.13816,0.13766,0.13788,13600830
2024-07-15T16:00:00Z,0.13788,0.13796,0.13763,0.13770,13678412
2024-07-15T17:00:00Z,0.13770,0.13805,0.13757,0.13784,13003563
2024-07-15T18:00:00Z,0.13783,0.13805,0.13773,0.13787,6935806
2024-07-15T19:00:00Z,0.13787,0.13793,0.13688,0.13698,43825757
2024-07-15T20:00:00Z,0.13699,0.13723,0.13642,0.13698,36534461
2024-07-15T21:00:00Z,0.13697,0.13699,0.13668,0.13674,10553660
2024-07-15T22:00:00Z,0.13675,0.13732,0.13644,0.13685,35838985
2024-07-15T23:00:00Z,0.13685,0.13740,0.13655,0.13728,21873265
2024-07-16T00:00:00Z,0.13727,0.13736,0.13662,0.13698,31021045
2024-07-16T01:00:00Z,0.13698,0.13698,0.13606,0.13630,40846720
2024-07-16T02:00:00Z,0.13630,0.13638,0.13582,0.13596,19376766
2024-07-16T03:00:00Z,0.13596,0.13610,0.13567,0.13582,19466178
2024-07-16T04:00:00Z,0.13581,0.13599,0.13480,0.13531,45183128
2024-07-16T05:00:00Z,0.13531,0.13560,0.13408,0.13413,76829932
2024-07-16T06:00:00Z,0.13413,0.13430,0.13328,0.13340,52350900
2024-07-16T07:00:00Z,0.13339,0.13374,0.13293,0.13299,42249158
2024-07-16T08:00:00Z,0.13298,0.13345,0.13262,0.13336,43986933
2024-07-16T09:00:00Z,0.13336,0.13373,0.13335,0.13369,36249361
2024-07-16T10:00:00Z,0.13369,0.13414,0.13362,0.13388,32692508
2024-07-16T11:00:00Z,0.13388,0.13400,0.13368,0.13385,17233354
2024-07-16T12:00:00Z,0.13384,0.13393,0.13303,0.13321,41531476
2024-07-16T13:00:00Z,0.13321,0.13362,0.13314,0.13340,14804694
2024-07-16T14:00:00Z,0.13340,0.13384,0.13330,0.13376,17823715
2024-07-16T15:00:00Z,0.13376,0.13425,0.13355,0.13418,31522020
2024-07-16T16:00:00Z,0.13417,0.13439,0.13387,0.13431,33249850
2024-07-16T17:00:00Z,0.13430,0.13438,0.13402,0.13413,17757333
2024-07-16T18:00:00Z,0.13412,0.13412,0.13369,0.13385,15945826
2024-07-16T19:00:00Z,0.13384,0.13394,0.13353,0.13358,15814791
2024-07-16T20:00:00Z,0.13359,0.13369,0.13340,0.13341,8311925
2024-07-16T21:00:00Z,0.13342,0.13405,0.13340,0.13400,11312008
2024-07-16T22:00:00Z,0.13401,0.13403,0.13373,0.13390,11486886
2024-07-16T23:00:00Z,0.13390,0.13396,0.13367,0.13393,8934438
2024-07-17T00:00:00Z,0.13393,0.13420,0.13384,0.13404,18886576
2024-07-17T01:00:00Z,0.13404,0.13463,0.13398,0.13441,26718584
2024-07-17T02:00:00Z,0.13441,0.13444,0.13401,0.13416,16279357
2024-07-17T03:00:00Z,0.13416,0.13419,0.13367,0.13405,21531779
2024-07-17T04:00:00Z,0.13406,0.13430,0.13403,0.13418,11391951
2024-07-17T05:00:00Z,0.13418,0.13445,0.13395,0.13417,20416474
2024-07-17T06:00:00Z,0.13417,0.13465,0.13406,0.13459,16190233
2024-07-17T07:00:00Z,0.13460,0.13505,0.13460,0.13480,17726287
2024-07-17T08:00:00Z,0.13481,0.13491,0.13420,0.13437,22140977
2024-07-17T09:00:00Z,0.13437,0.13457,0.13427,0.13438,10337633
2024-07-17T10:00:00Z,0.13438,0.13484,0.13425,0.13453,11363158
2024-07-17T11:00:00Z,0.13453,0.13467,0.13421,0.13456,17062133
2024-07-17T12:00:00Z,0.13455,0.13461,0.13421,0.13429,10416884
2024-07-17T13:00:00Z,0.13429,0.13466,0.13409,0.13451,13040199
2024-07-17T14:00:00Z,0.13452,0.13471,0.13431,0.13433,14125148
2024-07-17T15:00:00Z,0.13433,0.13462,0.13422,0.13434,23072037
2024-07-17T16:00:00Z,0.13434,0.13434,0.13358,0.13400,33970220
2024-07-17T17:00:00Z,0.13401,0.13417,0.13377,0.13396,12488549
2024-07-17T18:00:00Z,0.13396,0.13420,0.13389,0.13395,6408942
2024-07-17T19:00:00Z,0.13395,0.13418,0.13383,0.13385,5230291
2024-07-17T20:00:00Z,0.13385,0.13421,0.13369,0.13389,12828801
2024-07-17T21:00:00Z,0.13389,0.13390,0.13363,0.13372,9748680
2024-07-17T22:00:00Z,0.13373,0.13382,0.13361,0.13367,7126417
2024-07-17T23:00:00Z,0.13367,0.13375,0.13332,0.13340,12997009
2024-07-18T00:00:00Z,0.13340,0.13388,0.13336,0.13381,13706317
2024-07-18T01:00:00Z,0.13381,0.13382,0.13356,0.13364,5425071
2024-07-18T02:00:00Z,0.13364,0.13411,0.13347,0.13409,10041505
2024-07-18T03:00:00Z,0.13410,0.13417,0.13388,0.13399,6847942
2024-07-18T04:00:00Z,0.13399,0.13431,0.13362,0.13374,10698453
2024-07-18T05:00:00Z,0.13373,0.13380,0.13345,0.13376,8258758
2024-07-18T06:00:00Z,0.13375,0.13399,0.13369,0.13375,7953450
2024-07-18T07:00:00Z,0.13376,0.13380,0.13336,0.13359,8900050
2024-07-18T08:00:00Z,0.13359,0.13390,0.13350,0.13387,7598711
2024-07-18T09:00:00Z,0.13387,0.13387,0.13368,0.13384,5764510
2024-07-18T10:00:00Z,0.13385,0.13403,0.13374,0.13401,10420261
2024-07-18T11:00:00Z,0.13402,0.13429,0.13395,0.13417,9064320
2024-07-18T12:00:00Z,0.13418,0.13466,0.13417,0.13446,17010444
2024-07-18T13:00:00Z,0.13447,0.13463,0.13395,0.13419,13181898
2024-07-18T14:00:00Z,0.13420,0.13457,0.13394,0.13409,12790162
2024-07-18T15:00:00Z,0.13408,0.13413,0.13338,0.13344,21329553
2024-07-18T16:00:00Z,0.13343,0.13389,0.13300,0.13373,27676954
2024-07-18T17:00:00Z,0.13373,0.13388,0.13354,0.13363,10459739
2024-07-18T18:00:00Z,0.13362,0.13399,0.13353,0.13398,8600237
2024-07-18T19:00:00Z,0.13397,0.13444,0.13365,0.13444,14331615
2024-07-18T20:00:00Z,0.13443,0.13449,0.13417,0.13439,12220255
2024-07-18T21:00:00Z,0.13439,0.13446,0.13415,0.13443,6482566
2024-07-18T22:00:00Z,0.13443,0.13458,0.13431,0.13446,12374794
2024-07-18T23:00:00Z,0.13445,0.13451,0.13411,0.13443,11411161
2024-07-19T00:00:00Z,0.13443,0.13448,0.13396,0.13410,9919245
2024-07-19T01:00:00Z,0.13410,0.13486,0.13410,0.13485,17330921
2024-07-19T02:00:00Z,0.13485,0.13537,0.13460,0.13504,38798712
2024-07-19T03:00:00Z,0.13505,0.13540,0.13505,0.13532,16560076
2024-07-19T04:00:00Z,0.13532,0.13557,0.13507,0.13508,12617391
2024-07-19T05:00:00Z,0.13508,0.13551,0.13507,0.13548,9920634
2024-07-19T06:00:00Z,0.13548,0.13585,0.13539,0.13557,14614494
2024-07-19T07:00:00Z,0.13557,0.13557,0.13389,0.13432,23996928
2024-07-19T08:00:00Z,0.13433,0.13491,0.13408,0.13463,23724254
2024-07-19T09:00:00Z,0.13462,0.13477,0.13453,0.13471,10474084
2024-07-19T10:00:00Z,0.13472,0.13494,0.13469,0.13479,9488777
2024-07-19T11:00:00Z,0.13480,0.13485,0.13443,0.13465,6997760
2024-07-19T12:00:00Z,0.13465,0.13471,0.13436,0.13469,10221755
2024-07-19T13:00:00Z,0.13469,0.13471,0.13425,0.13453,16527371
2024-07-19T14:00:00Z,0.13452,0.13465,0.13431,0.13435,18617759
2024-07-19T15:00:00Z,0.13436,0.13460,0.13408,0.13456,24214336
2024-07-19T16:00:00Z,0.13457,0.13483,0.13429,0.13445,32525328
2024-07-19T17:00:00Z,0.13444,0.13464,0.13418,0.13464,18217085
2024-07-19T18:00:00Z,0.13464,0.13464,0.13435,0.13450,9145643
2024-07-19T19:00:00Z,0.13449,0.13463,0.13431,0.13463,13198172
2024-07-19T20:00:00Z,0.13462,0.13469,0.13434,0.13434,10924441
2024-07-19T21:00:00Z,0.13434,0.13457,0.13434,0.13435,5469291
2024-07-19T22:00:00Z,0.13435,0.13466,0.13426,0.13450,20975698
2024-07-19T23:00:00Z,0.13451,0.13468,0.13433,0.13453,41039707
2024-07-20T00:00:00Z,0.13452,0.13460,0.13425,0.13437,32758797
2024-07-20T01:00:00Z,0.13437,0.13460,0.13430,0.13447,17399916
2024-07-20T02:00:00Z,0.13448,0.13462,0.13433,0.13433,17633125
2024-07-20T03:00:00Z,0.13433,0.13461,0.13430,0.13451,24783474
2024-07-20T04:00:00Z,0.13451,0.13464,0.13449,0.13463,7648961
2024-07-20T05:00:00Z,0.13462,0.13467,0.13444,0.13456,6127928
2024-07-20T06:00:00Z,0.13458,0.13469,0.13448,0.13468,6213946
2024-07-20T07:00:00Z,0.13468,0.13468,0.13451,0.13456,7733108
2024-07-20T08:00:00Z,0.13456,0.13469,0.13443,0.13458,10994345
2024-07-20T09:00:00Z,0.13458,0.13458,0.13427,0.13427,7820253
2024-07-20T10:00:00Z,0.13427,0.13442,0.13423,0.13433,6588187
2024-07-20T11:00:00Z,0.13433,0.13435,0.13354,0.13376,18616862
2024-07-20T12:00:00Z,0.13376,0.13399,0.13365,0.13377,10394621
2024-07-20T13:00:00Z,0.13378,0.13407,0.13350,0.13396,13910658
2024-07-20T14:00:00Z,0.13395,0.13426,0.13394,0.13419,7606535
2024-07-20T15:00:00Z,0.13419,0.13425,0.13404,0.13420,8617801
2024-07-20T16:00:00Z,0.13421,0.13423,0.13396,0.13399,6067677
2024-07-20T17:00:00Z,0.13398,0.13442,0.13391,0.13427,10754932
2024-07-20T18:00:00Z,0.13426,0.13435,0.13409,0.13423,6047627
2024-07-20T19:00:00Z,0.13422,0.13432,0.13412,0.13425,4065054
2024-07-20T20:00:00Z,0.13425,0.13453,0.13425,0.13445,9270713
2024-07-20T21:00:00Z,0.13445,0.13445,0.13422,0.13437,7725938
2024-07-20T22:00:00Z,0.13437,0.13452,0.13434,0.13448,4937267
2024-07-20T23:00:00Z,0.13448,0.13468,0.13445,0.13458,5150321
2024-07-21T00:00:00Z,0.13458,0.13478,0.13457,0.13465,8249967
2024-07-21T01:00:00Z,0.13464,0.13494,0.13456,0.13482,8096751
2024-07-21T02:00:00Z,0.13483,0.13493,0.13459,0.13460,5215808
2024-07-21T03:00:00Z,0.13460,0.13461,0.13448,0.13458,3879755
2024-07-21T04:00:00Z,0.13459,0.13462,0.13432,0.13434,4334561
2024-07-21T05:00:00Z,0.13433,0.13434,0.13413,0.13427,6846541
2024-07-21T06:00:00Z,0.13426,0.13432,0.13401,0.13403,6342158
2024-07-21T07:00:00Z,0.13402,0.13402,0.13367,0.13391,8372920
2024-07-21T08:00:00Z,0.13392,0.13396,0.13377,0.13390,5450511
2024-07-21T09:00:00Z,0.13390,0.13419,0.13387,0.13409,5241464
2024-07-21T10:00:00Z,0.13409,0.13421,0.13392,0.13392,4426718
2024-07-21T11:00:00Z,0.13392,0.13410,0.13387,0.13409,4521806
2024-07-21T12:00:00Z,0.13409,0.13423,0.13408,0.13421,3524661
2024-07-21T13:00:00Z,0.13420,0.13431,0.13391,0.13416,7695220
2024-07-21T14:00:00Z,0.13415,0.13434,0.13394,0.13418,5557030
2024-07-21T15:00:00Z,0.13417,0.13460,0.13411,0.13433,11524166
2024-07-21T16:00:00Z,0.13434,0.13459,0.13430,0.13452,7844657
2024-07-21T17:00:00Z,0.13452,0.13458,0.13396,0.13407,9954474
2024-07-21T18:00:00Z,0.13407,0.13414,0.13339,0.13385,28944495
2024-07-21T19:00:00Z,0.13386,0.13413,0.13374,0.13409,6309927
2024-07-21T20:00:00Z,0.13408,0.13433,0.13392,0.13414,14508075
2024-07-21T21:00:00Z,0.13414,0.13441,0.13402,0.13433,6899170
2024-07-21T22:00:00Z,0.13433,0.13437,0.13410,0.13412,6355654
2024-07-21T23:00:00Z,0.13412,0.13420,0.13396,0.13414,7512013
2024-07-22T00:00:00Z,0.13414,0.13684,0.13410,0.13681,119858956
2024-07-22T01:00:00Z,0.13682,0.13685,0.13612,0.13620,31663724
2024-07-22T02:00:00Z,0.13621,0.13633,0.13612,0.13623,11372399
2024-07-22T03:00:00Z,0.13624,0.13634,0.13585,0.13586,9402723
2024-07-22T04:00:00Z,0.13585,0.13620,0.13585,0.13609,9793739
2024-07-22T05:00:00Z,0.13608,0.13725,0.13581,0.13597,30297429
2024-07-22T06:00:00Z,0.13598,0.13696,0.13577,0.13665,42339825
2024-07-22T07:00:00Z,0.13665,0.13665,0.13566,0.13620,28780074
2024-07-22T08:00:00Z,0.13620,0.13621,0.13443,0.13524,36850889
2024-07-22T09:00:00Z,0.13523,0.13559,0.13483,0.13518,26536828
2024-07-22T10:00:00Z,0.13518,0.13566,0.13463,0.13514,27613662
2024-07-22T11:00:00Z,0.13513,0.13527,0.13352,0.13433,30722236
2024-07-22T12:00:00Z,0.13432,0.13471,0.13371,0.13451,32847681
2024-07-22T13:00:00Z,0.13450,0.13475,0.13398,0.13408,30125540
2024-07-22T14:00:00Z,0.13409,0.13450,0.13358,0.13382,29348130
2024-07-22T15:00:00Z,0.13381,0.13424,0.13356,0.13377,24448922
2024-07-22T16:00:00Z,0.13378,0.13413,0.13348,0.13403,20951566
2024-07-22T17:00:00Z,0.13403,0.13404,0.13340,0.13352,15570176
2024-07-22T18:00:00Z,0.13352,0.13370,0.13310,0.13326,14416882
2024-07-22T19:00:00Z,0.13325,0.13332,0.13201,0.13328,38475286
2024-07-22T20:00:00Z,0.13329,0.13341,0.13266,0.13312,11181626
2024-07-22T21:00:00Z,0.13311,0.13317,0.13274,0.13305,10797639
2024-07-22T22:00:00Z,0.13306,0.13332,0.13158,0.13314,49915033
2024-07-22T23:00:00Z,0.13315,0.13315,0.13197,0.13227,34804972
2024-07-23T00:00:00Z,0.13227,0.13288,0.13211,0.13279,18421480
2024-07-23T01:00:00Z,0.13280,0.13286,0.13255,0.13284,10706350
2024-07-23T02:00:00Z,0.13284,0.13286,0.13251,0.13260,7841947
2024-07-23T03:00:00Z,0.13259,0.13263,0.13231,0.13233,7832864
2024-07-23T04:00:00Z,0.13233,0.13239,0.13190,0.13201,15635795
2024-07-23T05:00:00Z,0.13201,0.13203,0.13098,0.13112,40815707
2024-07-23T06:00:00Z,0.13112,0.13152,0.13107,0.13144,15190955
2024-07-23T07:00:00Z,0.13143,0.13160,0.13123,0.13160,14809563
2024-07-23T08:00:00Z,0.13159,0.13218,0.13151,0.13201,20487555
2024-07-23T09:00:00Z,0.13201,0.13236,0.13198,0.13216,13555695
2024-07-23T10:00:00Z,0.13215,0.13243,0.13211,0.13229,6215701
2024-07-23T11:00:00Z,0.13229,0.13247,0.13201,0.13239,11868439
2024-07-23T12:00:00Z,0.13238,0.13270,0.13228,0.13266,11617441
2024-07-23T13:00:00Z,0.13266,0.13275,0.13221,0.13226,16463432
2024-07-23T14:00:00Z,0.13226,0.13298,0.13222,0.13296,10933451
2024-07-23T15:00:00Z,0.13296,0.13340,0.13288,0.13338,24620752
2024-07-23T16:00:00Z,0.13338,0.13353,0.13208,0.13234,32470553
2024-07-23T17:00:00Z,0.13235,0.13316,0.13232,0.13304,16111442
2024-07-23T18:00:00Z,0.13304,0.13315,0.13297,0.13314,6166201
2024-07-23T19:00:00Z,0.13314,0.13334,0.13312,0.13325,9114992
2024-07-23T20:00:00Z,0.13324,0.13344,0.13324,0.13337,10196411
2024-07-23T21:00:00Z,0.13338,0.13443,0.13320,0.13369,20003657
2024-07-23T22:00:00Z,0.13369,0.13424,0.13367,0.13386,19767927
2024-07-23T23:00:00Z,0.13387,0.13415,0.13387,0.13412,12448494
2024-07-24T00:00:00Z,0.13411,0.13423,0.13375,0.13376,21690418
2024-07-24T01:00:00Z,0.13375,0.13407,0.13366,0.13374,16261753
2024-07-24T02:00:00Z,0.13375,0.13421,0.13355,0.13404,21085743
2024-07-24T03:00:00Z,0.13405,0.13416,0.13378,0.13379,13484887
2024-07-24T04:00:00Z,0.13379,0.13403,0.13365,0.13402,18084998
2024-07-24T05:00:00Z,0.13402,0.13403,0.13358,0.13371,17271720
2024-07-24T06:00:00Z,0.13371,0.13378,0.13350,0.13351,14083011
2024-07-24T07:00:00Z,0.13351,0.13411,0.13345,0.13405,12802408
2024-07-24T08:00:00Z,0.13404,0.13431,0.13394,0.13427,8278753
2024-07-24T09:00:00Z,0.13427,0.13455,0.13341,0.13386,29151819
2024-07-24T10:00:00Z,0.13385,0.13416,0.13374,0.13414,7957018
2024-07-24T11:00:00Z,0.13414,0.13427,0.13400,0.13422,8971264
2024-07-24T12:00:00Z,0.13421,0.13437,0.13416,0.13435,7035506
2024-07-24T13:00:00Z,0.13434,0.13473,0.13434,0.13463,9433786
2024-07-24T14:00:00Z,0.13462,0.13479,0.13442,0.13446,9022058
2024-07-24T15:00:00Z,0.13445,0.13455,0.13398,0.13411,15555620
2024-07-24T16:00:00Z,0.13412,0.13425,0.13392,0.13408,10279076
2024-07-24T17:00:00Z,0.13407,0.13421,0.13402,0.13407,5022064
2024-07-24T18:00:00Z,0.13407,0.13426,0.13400,0.13417,7302277
2024-07-24T19:00:00Z,0.13417,0.13430,0.13404,0.13428,10312431
2024-07-24T20:00:00Z,0.13429,0.13476,0.13424,0.13464,11037072
2024-07-24T21:00:00Z,0.13465,0.13466,0.13364,0.13450,19751901
2024-07-24T22:00:00Z,0.13450,0.13454,0.13421,0.13429,6040629
2024-07-24T23:00:00Z,0.13429,0.13432,0.13395,0.13428,8753296
2024-07-25T00:00:00Z,0.13428,0.13471,0.13422,0.13460,12468889
2024-07-25T01:00:00Z,0.13460,0.13470,0.13330,0.13389,45011016
2024-07-25T02:00:00Z,0.13389,0.13393,0.13328,0.13369,12851546
2024-07-25T03:00:00Z,0.13369,0.13411,0.13360,0.13404,15833529
2024-07-25T04:00:00Z,0.13404,0.13459,0.13391,0.13458,21335706
2024-07-25T05:00:00Z,0.13458,0.13527,0.13456,0.13522,26269430
2024-07-25T06:00:00Z,0.13522,0.13558,0.13503,0.13554,19606839
2024-07-25T07:00:00Z,0.13553,0.13565,0.13528,0.13534,20223571
2024-07-25T08:00:00Z,0.13535,0.13568,0.13530,0.13558,18050277
2024-07-25T09:00:00Z,0.13557,0.13635,0.13554,0.13635,32447306
2024-07-25T10:00:00Z,0.13635,0.13647,0.13563,0.13589,34299869
2024-07-25T11:00:00Z,0.13589,0.13622,0.13576,0.13604,16985829
2024-07-25T12:00:00Z,0.13604,0.13637,0.13522,0.13551,34527810
2024-07-25T13:00:00Z,0.13551,0.13558,0.13502,0.13531,28803581
2024-07-25T14:00:00Z,0.13530,0.13543,0.13475,0.13539,26791929
2024-07-25T15:00:00Z,0.13539,0.13554,0.13525,0.13547,13910449
2024-07-25T16:00:00Z,0.13548,0.13565,0.13528,0.13558,11916223
2024-07-25T17:00:00Z,0.13558,0.13580,0.13558,0.13578,8897666
2024-07-25T18:00:00Z,0.13577,0.13585,0.13501,0.13515,16685625
2024-07-25T19:00:00Z,0.13515,0.13582,0.13487,0.13558,22436004
2024-07-25T20:00:00Z,0.13558,0.13560,0.13495,0.13542,16902765
2024-07-25T21:00:00Z,0.13541,0.13639,0.13535,0.13588,25000969
2024-07-25T22:00:00Z,0.13588,0.13595,0.13498,0.13552,15756344
2024-07-25T23:00:00Z,0.13552,0.13552,0.13518,0.13548,18907634
2024-07-26T00:00:00Z,0.13549,0.13606,0.13548,0.13600,13335206
2024-07-26T01:00:00Z,0.13599,0.13629,0.13595,0.13612,15498705
2024-07-26T02:00:00Z,0.13613,0.13682,0.13613,0.13647,33180105
2024-07-26T03:00:00Z,0.13647,0.13682,0.13646,0.13677,16246215
2024-07-26T04:00:00Z,0.13676,0.13689,0.13643,0.13648,10906501
2024-07-26T05:00:00Z,0.13648,0.13673,0.13644,0.13655,6730131
2024-07-26T06:00:00Z,0.13655,0.13681,0.13643,0.13670,10374489
2024-07-26T07:00:00Z,0.13670,0.13682,0.13636,0.13636,8759453
2024-07-26T08:00:00Z,0.13635,0.13660,0.13615,0.13654,11865548
2024-07-26T09:00:00Z,0.13653,0.13678,0.13650,0.13660,6808730
2024-07-26T10:00:00Z,0.13660,0.13714,0.13660,0.13703,13635906
2024-07-26T11:00:00Z,0.13703,0.13718,0.13679,0.13701,8073287
2024-07-26T12:00:00Z,0.13701,0.13709,0.13666,0.13678,7977401
2024-07-26T13:00:00Z,0.13678,0.13718,0.13670,0.13710,11188180
2024-07-26T14:00:00Z,0.13709,0.13761,0.13676,0.13756,23958816
2024-07-26T15:00:00Z,0.13756,0.13777,0.13739,0.13763,20504746
2024-07-26T16:00:00Z,0.13763,0.13763,0.13705,0.13714,13874925
2024-07-26T17:00:00Z,0.13714,0.13730,0.13707,0.13723,6848770
2024-07-26T18:00:00Z,0.13722,0.13737,0.13714,0.13731,4599175
2024-07-26T19:00:00Z,0.13731,0.13748,0.13722,0.13736,5374877
2024-07-26T20:00:00Z,0.13736,0.13749,0.13724,0.13749,5910866
2024-07-26T21:00:00Z,0.13749,0.13752,0.13723,0.13735,6015959
2024-07-26T22:00:00Z,0.13736,0.13753,0.13735,0.13742,3256546
2024-07-26T23:00:00Z,0.13741,0.13757,0.13729,0.13741,5835595
2024-07-27T00:00:00Z,0.13741,0.13745,0.13723,0.13736,5787110
2024-07-27T01:00:00Z,0.13736,0.13759,0.13736,0.13739,4395597
2024-07-27T02:00:00Z,0.13740,0.13753,0.13713,0.13718,6635516
2024-07-27T03:00:00Z,0.13719,0.13729,0.13693,0.13708,5803253
2024-07-27T04:00:00Z,0.13709,0.13726,0.13699,0.13720,4415020
2024-07-27T05:00:00Z,0.13720,0.13727,0.13684,0.13698,6505732
2024-07-27T06:00:00Z,0.13698,0.13707,0.13686,0.13705,3515126
2024-07-27T07:00:00Z,0.13705,0.13717,0.13678,0.13702,8582184
2024-07-27T08:00:00Z,0.13702,0.13717,0.13695,0.13704,5022522
2024-07-27T09:00:00Z,0.13704,0.13726,0.13692,0.13718,5960939
2024-07-27T10:00:00Z,0.13718,0.13736,0.13711,0.13723,7325010
2024-07-27T11:00:00Z,0.13722,0.13770,0.13717,0.13745,9037943
2024-07-27T12:00:00Z,0.13745,0.13756,0.13705,0.13705,6925160
2024-07-27T13:00:00Z,0.13705,0.13747,0.13705,0.13714,12170205
2024-07-27T14:00:00Z,0.13715,0.13761,0.13695,0.13739,15593202
2024-07-27T15:00:00Z,0.13739,0.13748,0.13707,0.13719,8749686
2024-07-27T16:00:00Z,0.13718,0.13745,0.13704,0.13725,10284809
2024-07-27T17:00:00Z,0.13726,0.13757,0.13725,0.13742,8744002
2024-07-27T18:00:00Z,0.13743,0.13764,0.13723,0.13731,7045420
2024-07-27T19:00:00Z,0.13730,0.13761,0.13697,0.13756,16147360
2024-07-27T20:00:00Z,0.13757,0.13758,0.13623,0.13676,44141967
2024-07-27T21:00:00Z,0.13675,0.13716,0.13670,0.13708,11423276
2024-07-27T22:00:00Z,0.13708,0.13713,0.13688,0.13699,4927105
2024-07-27T23:00:00Z,0.13699,0.13729,0.13691,0.13717,5203065
2024-07-28T00:00:00Z,0.13717,0.13763,0.13688,0.13757,18396935
2024-07-28T01:00:00Z,0.13758,0.13763,0.13742,0.13742,6501374
2024-07-28T02:00:00Z,0.13742,0.13748,0.13725,0.13746,3808582
2024-07-28T03:00:00Z,0.13746,0.13759,0.13714,0.13715,5701182
2024-07-28T04:00:00Z,0.13715,0.13737,0.13701,0.13703,5239125
2024-07-28T05:00:00Z,0.13703,0.13704,0.13671,0.13680,10611447
2024-07-28T06:00:00Z,0.13679,0.13690,0.13673,0.13688,4147808
2024-07-28T07:00:00Z,0.13688,0.13721,0.13680,0.13710,6663850
2024-07-28T08:00:00Z,0.13710,0.13729,0.13707,0.13729,4345495
2024-07-28T09:00:00Z,0.13729,0.13735,0.13720,0.13734,4961541
2024-07-28T10:00:00Z,0.13734,0.13736,0.13714,0.13714,3872439
2024-07-28T11:00:00Z,0.13714,0.13739,0.13704,0.13713,6878279
2024-07-28T12:00:00Z,0.13713,0.13734,0.13701,0.13731,14741200
2024-07-28T13:00:00Z,0.13732,0.13761,0.13731,0.13734,9606631
2024-07-28T14:00:00Z,0.13733,0.13756,0.13711,0.13751,8639183
2024-07-28T15:00:00Z,0.13752,0.13829,0.13751,0.13827,25922524
2024-07-28T16:00:00Z,0.13827,0.13872,0.13798,0.13801,29406098
2024-07-28T17:00:00Z,0.13801,0.13856,0.13800,0.13841,19054938
2024-07-28T18:00:00Z,0.13841,0.13871,0.13830,0.13848,14798661
2024-07-28T19:00:00Z,0.13848,0.13907,0.13831,0.13887,36562459
2024-07-28T20:00:00Z,0.13887,0.13914,0.13885,0.13913,14906620
2024-07-28T21:00:00Z,0.13914,0.13930,0.13873,0.13896,18659734
2024-07-28T22:00:00Z,0.13896,0.13906,0.13872,0.13894,11980483
2024-07-28T23:00:00Z,0.13894,0.13899,0.13844,0.13845,18107500
2024-07-29T00:00:00Z,0.13845,0.13909,0.13844,0.13899,17722937
2024-07-29T01:00:00Z,0.13899,0.13932,0.13898,0.13919,8132081
2024-07-29T02:00:00Z,0.13919,0.13940,0.13845,0.13848,20208006
2024-07-29T03:00:00Z,0.13848,0.13886,0.13821,0.13831,14858857
2024-07-29T04:00:00Z,0.13831,0.13851,0.13787,0.13849,14636446
2024-07-29T05:00:00Z,0.13849,0.13886,0.13845,0.13870,6590839
2024-07-29T06:00:00Z,0.13869,0.13892,0.13836,0.13876,13853572
2024-07-29T07:00:00Z,0.13876,0.13909,0.13868,0.13893,11365647
2024-07-29T08:00:00Z,0.13893,0.13917,0.13891,0.13911,10403090
2024-07-29T09:00:00Z,0.13912,0.13922,0.13885,0.13894,9628465
2024-07-29T10:00:00Z,0.13895,0.13895,0.13608,0.13614,59775636
2024-07-29T11:00:00Z,0.13614,0.13648,0.13590,0.13600,31477248
2024-07-29T12:00:00Z,0.13602,0.13605,0.13573,0.13595,22588395
2024-07-29T13:00:00Z,0.13594,0.13628,0.13570,0.13594,27612619
2024-07-29T14:00:00Z,0.13594,0.13625,0.13575,0.13605,23552815
2024-07-29T15:00:00Z,0.13604,0.13672,0.13487,0.13668,56431266
2024-07-29T16:00:00Z,0.13667,0.13827,0.13666,0.13758,68058665
2024-07-29T17:00:00Z,0.13758,0.13795,0.13736,0.13764,22079015
2024-07-29T18:00:00Z,0.13763,0.13837,0.13763,0.13817,21347488
2024-07-29T19:00:00Z,0.13816,0.13822,0.13805,0.13810,6701951
2024-07-29T20:00:00Z,0.13811,0.13817,0.13798,0.13811,4784274
2024-07-29T21:00:00Z,0.13811,0.13824,0.13791,0.13813,6959485
2024-07-29T22:00:00Z,0.13812,0.13818,0.13772,0.13787,7524488
2024-07-29T23:00:00Z,0.13788,0.13793,0.13729,0.13738,10503473
2024-07-30T00:00:00Z,0.13737,0.13793,0.13727,0.13783,18367038
2024-07-30T01:00:00Z,0.13783,0.13827,0.13766,0.13812,25204042
2024-07-30T02:00:00Z,0.13812,0.13844,0.13725,0.13762,19145744
2024-07-30T03:00:00Z,0.13762,0.13776,0.13723,0.13765,19821776
2024-07-30T04:00:00Z,0.13764,0.13767,0.13719,0.13724,14670285
2024-07-30T05:00:00Z,0.13724,0.13775,0.13722,0.13762,14868392
2024-07-30T06:00:00Z,0.13763,0.13776,0.13749,0.13765,8626044
2024-07-30T07:00:00Z,0.13765,0.13773,0.13712,0.13712,9112982
2024-07-30T08:00:00Z,0.13712,0.13713,0.13658,0.13665,13496201
2024-07-30T09:00:00Z,0.13666,0.13671,0.13571,0.13581,14153665
2024-07-30T10:00:00Z,0.13581,0.13591,0.13536,0.13538,14208667
2024-07-30T11:00:00Z,0.13538,0.13564,0.13526,0.13557,11482068
2024-07-30T12:00:00Z,0.13556,0.13556,0.13476,0.13494,21195961
2024-07-30T13:00:00Z,0.13494,0.13509,0.13446,0.13451,23393883
2024-07-30T14:00:00Z,0.13451,0.13451,0.13348,0.13357,26988754
2024-07-30T15:00:00Z,0.13357,0.13390,0.13267,0.13288,29386302
2024-07-30T16:00:00Z,0.13288,0.13304,0.13254,0.13294,25546961
2024-07-30T17:00:00Z,0.13293,0.13310,0.13255,0.13281,20881200
2024-07-30T18:00:00Z,0.13282,0.13309,0.13262,0.13277,28934737
2024-07-30T19:00:00Z,0.13278,0.13299,0.13256,0.13290,24924309
2024-07-30T20:00:00Z,0.13289,0.13292,0.13224,0.13273,19468919
2024-07-30T21:00:00Z,0.13273,0.13302,0.13258,0.13296,19930513
2024-07-30T22:00:00Z,0.13296,0.13313,0.13265,0.13303,12987173
2024-07-30T23:00:00Z,0.13303,0.13308,0.13283,0.13299,7464442
2024-07-31T00:00:00Z,0.13300,0.13300,0.13235,0.13249,33864642
2024-07-31T01:00:00Z,0.13250,0.13251,0.13050,0.13090,36216585
2024-07-31T02:00:00Z,0.13091,0.13118,0.13071,0.13091,18623956
2024-07-31T03:00:00Z,0.13091,0.13145,0.13082,0.13116,31275941
2024-07-31T04:00:00Z,0.13115,0.13140,0.13093,0.13110,13998149
2024-07-31T05:00:00Z,0.13111,0.13150,0.13090,0.13131,16077042
2024-07-31T06:00:00Z,0.13130,0.13159,0.13125,0.13148,12852127
2024-07-31T07:00:00Z,0.13148,0.13186,0.13140,0.13176,13141429
2024-07-31T08:00:00Z,0.13176,0.13222,0.13152,0.13176,18937347
2024-07-31T09:00:00Z,0.13177,0.13216,0.13177,0.13208,11247677
2024-07-31T10:00:00Z,0.13208,0.13211,0.13142,0.13162,16254736
2024-07-31T11:00:00Z,0.13162,0.13167,0.13125,0.13162,11580144
2024-07-31T12:00:00Z,0.13163,0.13172,0.13124,0.13154,10103433
2024-07-31T13:00:00Z,0.13153,0.13187,0.13113,0.13120,12621006
2024-07-31T14:00:00Z,0.13120,0.13138,0.13009,0.13038,34638277
2024-07-31T15:00:00Z,0.13038,0.13044,0.12933,0.12951,44598001
2024-07-31T16:00:00Z,0.12952,0.12981,0.12933,0.12973,15828430
2024-07-31T17:00:00Z,0.12974,0.13000,0.12955,0.12987,13761621
2024-07-31T18:00:00Z,0.12988,0.12993,0.12953,0.12990,13292396
2024-07-31T19:00:00Z,0.12990,0.12991,0.12875,0.12889,38669604
2024-07-31T20:00:00Z,0.12890,0.12897,0.12853,0.12865,36490304
2024-07-31T21:00:00Z,0.12865,0.12907,0.12833,0.12862,27100767
2024-07-31T22:00:00Z,0.12862,0.12902,0.12838,0.12889,32278769
2024-07-31T23:00:00Z,0.12890,0.12890,0.12849,0.12853,27448690
2024-08-01T00:00:00Z,0.12854,0.12902,0.12839,0.12898,28101756
2024-08-01T01:00:00Z,0.12898,0.12921,0.12869,0.12915,18509526
2024-08-01T02:00:00Z,0.12915,0.12923,0.12853,0.12864,19897197
2024-08-01T03:00:00Z,0.12865,0.12891,0.12833,0.12876,26781842
2024-08-01T04:00:00Z,0.12875,0.12900,0.12828,0.12874,37572290
2024-08-01T05:00:00Z,0.12875,0.12898,0.12853,0.12891,12630749
2024-08-01T06:00:00Z,0.12891,0.12913,0.12887,0.12890,13671321
2024-08-01T07:00:00Z,0.12889,0.12898,0.12821,0.12856,15927172
2024-08-01T08:00:00Z,0.12856,0.12907,0.12852,0.12887,15588581
2024-08-01T09:00:00Z,0.12887,0.12936,0.12876,0.12926,17274146
2024-08-01T10:00:00Z,0.12927,0.12963,0.12913,0.12956,17613327
2024-08-01T11:00:00Z,0.12955,0.12972,0.12916,0.12929,14403508
2024-08-01T12:00:00Z,0.12929,0.12944,0.12882,0.12901,13154839
2024-08-01T13:00:00Z,0.12901,0.12912,0.12880,0.12897,11047303
2024-08-01T14:00:00Z,0.12897,0.12906,0.12824,0.12828,20241209
2024-08-01T15:00:00Z,0.12827,0.12849,0.12698,0.12726,46712078
2024-08-01T16:00:00Z,0.12725,0.12742,0.12678,0.12737,28711882
2024-08-01T17:00:00Z,0.12738,0.12738,0.12698,0.12717,18129526
2024-08-01T18:00:00Z,0.12717,0.12774,0.12691,0.12758,34134231
2024-08-01T19:00:00Z,0.12757,0.12794,0.12732,0.12767,22146822
2024-08-01T20:00:00Z,0.12767,0.12818,0.12761,0.12813,17833969
2024-08-01T21:00:00Z,0.12812,0.12817,0.12790,0.12797,9699869
2024-08-01T22:00:00Z,0.12797,0.12846,0.12796,0.12829,13357318
2024-08-01T23:00:00Z,0.12829,0.12847,0.12812,0.12816,22549418
2024-08-02T00:00:00Z,0.12816,0.12835,0.12797,0.12827,15186967
2024-08-02T01:00:00Z,0.12828,0.12830,0.12788,0.12790,9436042
2024-08-02T02:00:00Z,0.12790,0.12800,0.12679,0.12709,28424473
2024-08-02T03:00:00Z,0.12708,0.12757,0.12695,0.12755,13339441
2024-08-02T04:00:00Z,0.12754,0.12787,0.12741,0.12778,13402296
2024-08-02T05:00:00Z,0.12778,0.12791,0.12763,0.12774,10298245
2024-08-02T06:00:00Z,0.12775,0.12788,0.12733,0.12771,19700198
2024-08-02T07:00:00Z,0.12770,0.12779,0.12747,0.12772,7544185
2024-08-02T08:00:00Z,0.12772,0.12810,0.12770,0.12807,10182533
2024-08-02T09:00:00Z,0.12808,0.12816,0.12715,0.12726,13079446
2024-08-02T10:00:00Z,0.12726,0.12727,0.12686,0.12721,27245132
2024-08-02T11:00:00Z,0.12722,0.12748,0.12630,0.12639,21654449
2024-08-02T12:00:00Z,0.12640,0.12664,0.12590,0.12600,35302495
2024-08-02T13:00:00Z,0.12600,0.12655,0.12582,0.12628,20228109
2024-08-02T14:00:00Z,0.12627,0.12637,0.12523,0.12526,41877942
2024-08-02T15:00:00Z,0.12526,0.12532,0.12269,0.12312,75309505
2024-08-02T16:00:00Z,0.12312,0.12327,0.12273,0.12302,25574746
2024-08-02T17:00:00Z,0.12302,0.12366,0.12283,0.12363,17489814
2024-08-02T18:00:00Z,0.12362,0.12366,0.12334,0.12340,11141932
2024-08-02T19:00:00Z,0.12339,0.12361,0.12323,0.12348,15473041
2024-08-02T20:00:00Z,0.12348,0.12382,0.12319,0.12355,20275870
2024-08-02T21:00:00Z,0.12355,0.12357,0.12290,0.12329,24615184
2024-08-02T22:00:00Z,0.12329,0.12364,0.12302,0.12348,31816158
2024-08-02T23:00:00Z,0.12348,0.12372,0.12318,0.12357,23599225
2024-08-03T00:00:00Z,0.12357,0.12378,0.12332,0.12359,30681467
2024-08-03T01:00:00Z,0.12359,0.12396,0.12309,0.12389,33085969
2024-08-03T02:00:00Z,0.12389,0.12415,0.12373,0.12405,25970768
2024-08-03T03:00:00Z,0.12404,0.12414,0.12291,0.12293,18570723
2024-08-03T04:00:00Z,0.12292,0.12382,0.12284,0.12380,11192364
2024-08-03T05:00:00Z,0.12380,0.12431,0.12380,0.12424,16698151
2024-08-03T06:00:00Z,0.12424,0.12452,0.12416,0.12444,8866483
2024-08-03T07:00:00Z,0.12444,0.12509,0.12441,0.12477,20709979
2024-08-03T08:00:00Z,0.12476,0.12513,0.12476,0.12495,16094717
2024-08-03T09:00:00Z,0.12495,0.12534,0.12485,0.12523,15260308
2024-08-03T10:00:00Z,0.12524,0.12530,0.12409,0.12432,19431301
2024-08-03T11:00:00Z,0.12432,0.12456,0.12420,0.12456,7688085
2024-08-03T12:00:00Z,0.12456,0.12473,0.12435,0.12457,14825630
2024-08-03T13:00:00Z,0.12458,0.12507,0.12451,0.12496,10890424
2024-08-03T14:00:00Z,0.12496,0.12543,0.12491,0.12514,15238298
2024-08-03T15:00:00Z,0.12515,0.12526,0.12468,0.12475,51560415
2024-08-03T16:00:00Z,0.12476,0.12534,0.12447,0.12519,36802964
2024-08-03T17:00:00Z,0.12519,0.12522,0.12443,0.12467,42568877
2024-08-03T18:00:00Z,0.12467,0.12529,0.12464,0.12494,40322588
2024-08-03T19:00:00Z,0.12495,0.12514,0.12463,0.12488,47305515
2024-08-03T20:00:00Z,0.12487,0.12511,0.12460,0.12495,28411613
2024-08-03T21:00:00Z,0.12495,0.12536,0.12464,0.12524,35705996
2024-08-03T22:00:00Z,0.12524,0.12532,0.12511,0.12514,11355881
2024-08-03T23:00:00Z,0.12515,0.12542,0.12479,0.12539,23347803
2024-08-04T00:00:00Z,0.12539,0.12546,0.12512,0.12516,15071346
2024-08-04T01:00:00Z,0.12516,0.12570,0.12492,0.12567,16359472
2024-08-04T02:00:00Z,0.12566,0.12607,0.12548,0.12590,15245220
2024-08-04T03:00:00Z,0.12589,0.12648,0.12588,0.12618,24581450
2024-08-04T04:00:00Z,0.12617,0.12635,0.12583,0.12584,16649403
2024-08-04T05:00:00Z,0.12583,0.12666,0.12578,0.12665,19551223
2024-08-04T06:00:00Z,0.12665,0.12743,0.12651,0.12731,37803765
2024-08-04T07:00:00Z,0.12731,0.12767,0.12691,0.12733,49856962
2024-08-04T08:00:00Z,0.12733,0.12798,0.12728,0.12769,43654476
2024-08-04T09:00:00Z,0.12769,0.12854,0.12761,0.12850,52015132
2024-08-04T10:00:00Z,0.12851,0.12861,0.12802,0.12837,46574776
2024-08-04T11:00:00Z,0.12836,0.12849,0.12783,0.12791,37029702
2024-08-04T12:00:00Z,0.12791,0.12838,0.12791,0.12828,25533174
2024-08-04T13:00:00Z,0.12827,0.12830,0.12792,0.12796,21887557
2024-08-04T14:00:00Z,0.12796,0.12801,0.12632,0.12695,112834322
2024-08-04T15:00:00Z,0.12694,0.12710,0.12638,0.12672,62115882
2024-08-04T16:00:00Z,0.12671,0.12718,0.12654,0.12676,63505373
2024-08-04T17:00:00Z,0.12676,0.12697,0.12551,0.12619,89543607
2024-08-04T18:00:00Z,0.12619,0.12661,0.12585,0.12650,39035958
2024-08-04T19:00:00Z,0.12651,0.12711,0.12644,0.12688,47203899
2024-08-04T20:00:00Z,0.12689,0.12712,0.12623,0.12639,23654934
2024-08-04T21:00:00Z,0.12639,0.12663,0.12615,0.12640,32313372
2024-08-04T22:00:00Z,0.12641,0.12664,0.12617,0.12646,38705301
2024-08-04T23:00:00Z,0.12646,0.12659,0.12609,0.12631,25704701
2024-08-05T00:00:00Z,0.12630,0.12658,0.12310,0.12359,122267200
2024-08-05T01:00:00Z,0.12358,0.12422,0.12000,0.12253,197103344
2024-08-05T02:00:00Z,0.12253,0.12263,0.12100,0.12208,123762203
2024-08-05T03:00:00Z,0.12208,0.12212,0.12135,0.12162,39664886
2024-08-05T04:00:00Z,0.12162,0.12233,0.12131,0.12187,59443143
2024-08-05T05:00:00Z,0.12187,0.12199,0.12050,0.12057,98149690
2024-08-05T06:00:00Z,0.12058,0.12062,0.11677,0.11927,202902861
2024-08-05T07:00:00Z,0.11927,0.12100,0.11875,0.12042,124483223
2024-08-05T08:00:00Z,0.12041,0.12077,0.11966,0.12054,86974990
2024-08-05T09:00:00Z,0.12054,0.12067,0.11949,0.12002,50414416
2024-08-05T10:00:00Z,0.12002,0.12002,0.11866,0.11933,65461059
2024-08-05T11:00:00Z,0.11934,0.11963,0.11844,0.11936,60276413
2024-08-05T12:00:00Z,0.11936,0.11972,0.11740,0.11780,86857655
2024-08-05T13:00:00Z,0.11780,0.12030,0.11735,0.11998,132573299
2024-08-05T14:00:00Z,0.11997,0.12193,0.11988,0.12123,141516055
2024-08-05T15:00:00Z,0.12123,0.12185,0.12078,0.12169,64700300
2024-08-05T16:00:00Z,0.12170,0.12334,0.12145,0.12158,74444937
2024-08-05T17:00:00Z,0.12159,0.12214,0.12110,0.12173,41801549
2024-08-05T18:00:00Z,0.12174,0.12179,0.12021,0.12045,79082116
2024-08-05T19:00:00Z,0.12044,0.12111,0.12027,0.12088,36910360
2024-08-05T20:00:00Z,0.12087,0.12145,0.12087,0.12133,45673179
2024-08-05T21:00:00Z,0.12133,0.12167,0.12095,0.12135,43720060
2024-08-05T22:00:00Z,0.12134,0.12189,0.12114,0.12173,27201883
2024-08-05T23:00:00Z,0.12174,0.12194,0.12129,0.12143,27303275
2024-08-06T00:00:00Z,0.12142,0.12273,0.12122,0.12268,85925080
2024-08-06T01:00:00Z,0.12269,0.12288,0.12203,0.12220,35841192
2024-08-06T02:00:00Z,0.12220,0.12230,0.12167,0.12174,20227783
2024-08-06T03:00:00Z,0.12175,0.12239,0.12167,0.12212,40031748
2024-08-06T04:00:00Z,0.12213,0.12246,0.12196,0.12225,13739871
2024-08-06T05:00:00Z,0.12226,0.12255,0.12200,0.12249,13558799
2024-08-06T06:00:00Z,0.12250,0.12322,0.12243,0.12311,30012444
2024-08-06T07:00:00Z,0.12310,0.12317,0.12259,0.12307,21099740
2024-08-06T08:00:00Z,0.12307,0.12323,0.12180,0.12212,50799779
2024-08-06T09:00:00Z,0.12212,0.12260,0.12184,0.12255,24461530
2024-08-06T10:00:00Z,0.12255,0.12255,0.12203,0.12209,18466062
2024-08-06T11:00:00Z,0.12210,0.12260,0.12201,0.12256,18104795
2024-08-06T12:00:00Z,0.12256,0.12305,0.12217,0.12264,36020104
2024-08-06T13:00:00Z,0.12264,0.12287,0.12218,0.12263,25668739
2024-08-06T14:00:00Z,0.12263,0.12340,0.12259,0.12288,50242320
2024-08-06T15:00:00Z,0.12288,0.12321,0.12263,0.12302,20799619
2024-08-06T16:00:00Z,0.12303,0.12351,0.12298,0.12336,18906282
2024-08-06T17:00:00Z,0.12336,0.12363,0.12303,0.12307,19911468
2024-08-06T18:00:00Z,0.12307,0.12369,0.12302,0.12331,17029710
2024-08-06T19:00:00Z,0.12331,0.12351,0.12302,0.12310,13532889
2024-08-06T20:00:00Z,0.12309,0.12333,0.12287,0.12308,15232732
2024-08-06T21:00:00Z,0.12308,0.12374,0.12299,0.12343,21607343
2024-08-06T22:00:00Z,0.12344,0.12381,0.12293,0.12306,35733495
2024-08-06T23:00:00Z,0.12306,0.12351,0.12301,0.12332,21977387
2024-08-07T00:00:00Z,0.12332,0.12371,0.12321,0.12362,26269683
2024-08-07T01:00:00Z,0.12362,0.12392,0.12332,0.12389,21012907
2024-08-07T02:00:00Z,0.12389,0.12545,0.12377,0.12427,56798895
2024-08-07T03:00:00Z,0.12427,0.12438,0.12405,0.12416,23448583
2024-08-07T04:00:00Z,0.12417,0.12439,0.12369,0.12386,16979086
2024-08-07T05:00:00Z,0.12385,0.12399,0.12368,0.12393,14734941
2024-08-07T06:00:00Z,0.12393,0.12399,0.12376,0.12379,9558480
2024-08-07T07:00:00Z,0.12379,0.12422,0.12340,0.12404,24851523
2024-08-07T08:00:00Z,0.12405,0.12430,0.12382,0.12418,30812595
2024-08-07T09:00:00Z,0.12419,0.12437,0.12402,0.12406,13314341
2024-08-07T10:00:00Z,0.12405,0.12440,0.12402,0.12408,9276349
2024-08-07T11:00:00Z,0.12408,0.12444,0.12389,0.12431,12971051
2024-08-07T12:00:00Z,0.12431,0.12481,0.12404,0.12480,29371704
2024-08-07T13:00:00Z,0.12480,0.12486,0.12425,0.12440,15489719
2024-08-07T14:00:00Z,0.12440,0.12453,0.12334,0.12390,47285543
2024-08-07T15:00:00Z,0.12391,0.12459,0.12375,0.12443,21332495
2024-08-07T16:00:00Z,0.12443,0.12443,0.12388,0.12413,19088352
2024-08-07T17:00:00Z,0.12412,0.12452,0.12393,0.12434,22965478
2024-08-07T18:00:00Z,0.12434,0.12449,0.12380,0.12384,21795504
2024-08-07T19:00:00Z,0.12385,0.12444,0.12384,0.12434,14506115
2024-08-07T20:00:00Z,0.12433,0.12470,0.12388,0.12425,55676586
2024-08-07T21:00:00Z,0.12425,0.12486,0.12413,0.12447,21733179
2024-08-07T22:00:00Z,0.12447,0.12482,0.12422,0.12481,19955767
2024-08-07T23:00:00Z,0.12481,0.12496,0.12456,0.12468,16364260
2024-08-08T00:00:00Z,0.12468,0.12491,0.12410,0.12424,24916055
2024-08-08T01:00:00Z,0.12424,0.12541,0.12419,0.12507,29679950
2024-08-08T02:00:00Z,0.12508,0.12567,0.12505,0.12560,32259555
2024-08-08T03:00:00Z,0.12560,0.12570,0.12515,0.12515,17467779
2024-08-08T04:00:00Z,0.12515,0.12578,0.12513,0.12546,14767939
2024-08-08T05:00:00Z,0.12546,0.12578,0.12522,0.12536,15448613
2024-08-08T06:00:00Z,0.12536,0.12576,0.12526,0.12568,9957143
2024-08-08T07:00:00Z,0.12568,0.12576,0.12543,0.12547,8594738
2024-08-08T08:00:00Z,0.12547,0.12584,0.12544,0.12579,11294639
2024-08-08T09:00:00Z,0.12579,0.12602,0.12573,0.12587,12235448
2024-08-08T10:00:00Z,0.12586,0.12589,0.12575,0.12582,6975068
2024-08-08T11:00:00Z,0.12582,0.12603,0.12561,0.12562,8094143
2024-08-08T12:00:00Z,0.12562,0.12612,0.12551,0.12556,26399062
2024-08-08T13:00:00Z,0.12556,0.12585,0.12529,0.12549,21317467
2024-08-08T14:00:00Z,0.12548,0.12621,0.12547,0.12616,24783232
2024-08-08T15:00:00Z,0.12616,0.12641,0.12606,0.12638,20402487
2024-08-08T16:00:00Z,0.12638,0.12675,0.12600,0.12619,23889602
2024-08-08T17:00:00Z,0.12619,0.12636,0.12613,0.12615,8120481
2024-08-08T18:00:00Z,0.12616,0.12651,0.12610,0.12645,8481880
2024-08-08T19:00:00Z,0.12645,0.12657,0.12630,0.12653,10481715
2024-08-08T20:00:00Z,0.12653,0.12658,0.12630,0.12630,6250749
2024-08-08T21:00:00Z,0.12631,0.12686,0.12615,0.12660,11186022
2024-08-08T22:00:00Z,0.12661,0.12689,0.12633,0.12675,20715275
2024-08-08T23:00:00Z,0.12675,0.12712,0.12672,0.12696,23332237
2024-08-09T00:00:00Z,0.12696,0.12715,0.12662,0.12686,23824510
2024-08-09T01:00:00Z,0.12687,0.12708,0.12667,0.12694,11332321
2024-08-09T02:00:00Z,0.12694,0.12698,0.12643,0.12644,10660813
2024-08-09T03:00:00Z,0.12644,0.12671,0.12640,0.12660,5892444
2024-08-09T04:00:00Z,0.12660,0.12682,0.12621,0.12636,29739571
2024-08-09T05:00:00Z,0.12636,0.12674,0.12620,0.12671,23659003
2024-08-09T06:00:00Z,0.12672,0.12701,0.12648,0.12680,39427295
2024-08-09T07:00:00Z,0.12679,0.12720,0.12677,0.12683,16536953
2024-08-09T08:00:00Z,0.12683,0.12710,0.12670,0.12703,22523538
2024-08-09T09:00:00Z,0.12703,0.12711,0.12672,0.12682,10362339
2024-08-09T10:00:00Z,0.12681,0.12693,0.12645,0.12688,15492269
2024-08-09T11:00:00Z,0.12688,0.12708,0.12674,0.12705,10792134
2024-08-09T12:00:00Z,0.12704,0.12709,0.12676,0.12707,9161404
2024-08-09T13:00:00Z,0.12708,0.12713,0.12639,0.12693,19071803
2024-08-09T14:00:00Z,0.12692,0.12728,0.12623,0.12699,56263994
2024-08-09T15:00:00Z,0.12699,0.12715,0.12654,0.12660,13852117
2024-08-09T16:00:00Z,0.12659,0.12719,0.12652,0.12715,17040091
2024-08-09T17:00:00Z,0.12714,0.12766,0.12711,0.12751,17945560
2024-08-09T18:00:00Z,0.12751,0.12765,0.12721,0.12761,15071213
2024-08-09T19:00:00Z,0.12762,0.12772,0.12741,0.12755,7595777
2024-08-09T20:00:00Z,0.12756,0.12770,0.12742,0.12750,10650985
2024-08-09T21:00:00Z,0.12750,0.12786,0.12735,0.12780,12623700
2024-08-09T22:00:00Z,0.12781,0.12814,0.12775,0.12810,12623015
2024-08-09T23:00:00Z,0.12810,0.12830,0.12805,0.12829,13620865
2024-08-10T00:00:00Z,0.12830,0.12883,0.12815,0.12824,65171561
2024-08-10T01:00:00Z,0.12825,0.12863,0.12816,0.12844,25607918
2024-08-10T02:00:00Z,0.12844,0.12873,0.12830,0.12862,23376750
2024-08-10T03:00:00Z,0.12862,0.12879,0.12830,0.12872,23029739
2024-08-10T04:00:00Z,0.12873,0.12880,0.12859,0.12875,9014534
2024-08-10T05:00:00Z,0.12875,0.12892,0.12874,0.12888,12802556
2024-08-10T06:00:00Z,0.12889,0.12893,0.12864,0.12871,12601175
2024-08-10T07:00:00Z,0.12871,0.12908,0.12870,0.12880,12872818
2024-08-10T08:00:00Z,0.12880,0.12882,0.12848,0.12863,9617373
2024-08-10T09:00:00Z,0.12864,0.12955,0.12863,0.12923,27072974
2024-08-10T10:00:00Z,0.12923,0.12936,0.12913,0.12917,11031450
2024-08-10T11:00:00Z,0.12917,0.12941,0.12907,0.12930,7980408
2024-08-10T12:00:00Z,0.12930,0.12971,0.12929,0.12959,13509909
2024-08-10T13:00:00Z,0.12958,0.12960,0.12929,0.12930,9618824
2024-08-10T14:00:00Z,0.12930,0.12940,0.12900,0.12905,31425652
2024-08-10T15:00:00Z,0.12905,0.12949,0.12903,0.12925,8101467
2024-08-10T16:00:00Z,0.12925,0.12961,0.12924,0.12948,11548031
2024-08-10T17:00:00Z,0.12948,0.12953,0.12915,0.12951,9362169
2024-08-10T18:00:00Z,0.12950,0.12968,0.12942,0.12952,6277550
2024-08-10T19:00:00Z,0.12953,0.12958,0.12937,0.12942,4506760
2024-08-10T20:00:00Z,0.12941,0.12947,0.12916,0.12918,4595456
2024-08-10T21:00:00Z,0.12919,0.12939,0.12899,0.12927,5456630
2024-08-10T22:00:00Z,0.12927,0.12938,0.12892,0.12905,28201608
2024-08-10T23:00:00Z,0.12904,0.12911,0.12890,0.12896,6105555
2024-08-11T00:00:00Z,0.12896,0.12930,0.12885,0.12922,10206780
2024-08-11T01:00:00Z,0.12923,0.12935,0.12871,0.12880,30299902
2024-08-11T02:00:00Z,0.12880,0.12908,0.12869,0.12881,6904496
2024-08-11T03:00:00Z,0.12880,0.12898,0.12880,0.12888,8350288
2024-08-11T04:00:00Z,0.12888,0.12894,0.12853,0.12860,7160364
2024-08-11T05:00:00Z,0.12859,0.12879,0.12857,0.12876,7466011
2024-08-11T06:00:00Z,0.12875,0.12876,0.12856,0.12865,5239403
2024-08-11T07:00:00Z,0.12865,0.12893,0.12858,0.12875,8000746
2024-08-11T08:00:00Z,0.12875,0.12883,0.12866,0.12867,5388586
2024-08-11T09:00:00Z,0.12868,0.12889,0.12844,0.12853,10778459
2024-08-11T10:00:00Z,0.12853,0.12862,0.12838,0.12843,7533178
2024-08-11T11:00:00Z,0.12843,0.12853,0.12826,0.12836,13766116
2024-08-11T12:00:00Z,0.12836,0.12839,0.12809,0.12822,12120315
2024-08-11T13:00:00Z,0.12823,0.12824,0.12805,0.12811,9983929
2024-08-11T14:00:00Z,0.12812,0.12843,0.12807,0.12830,12223726
2024-08-11T15:00:00Z,0.12831,0.12840,0.12808,0.12833,9517803
2024-08-11T16:00:00Z,0.12833,0.12868,0.12831,0.12858,11436783
2024-08-11T17:00:00Z,0.12858,0.12875,0.12858,0.12871,7001260
2024-08-11T18:00:00Z,0.12870,0.12870,0.12856,0.12866,6650588
2024-08-11T19:00:00Z,0.12867,0.12870,0.12805,0.12820,16248636
2024-08-11T20:00:00Z,0.12821,0.12821,0.12775,0.12803,25602746
2024-08-11T21:00:00Z,0.12803,0.12810,0.12786,0.12805,9350595
2024-08-11T22:00:00Z,0.12805,0.12814,0.12766,0.12775,10449163
2024-08-11T23:00:00Z,0.12774,0.12784,0.12723,0.12762,19325317
2024-08-12T00:00:00Z,0.12763,0.12800,0.12759,0.12790,15025396
2024-08-12T01:00:00Z,0.12791,0.12812,0.12788,0.12806,7498755
2024-08-12T02:00:00Z,0.12806,0.12819,0.12797,0.12818,6207668
2024-08-12T03:00:00Z,0.12818,0.12822,0.12787,0.12797,7174646
2024-08-12T04:00:00Z,0.12798,0.12814,0.12789,0.12790,7119579
2024-08-12T05:00:00Z,0.12790,0.12814,0.12781,0.12808,6197569
2024-08-12T06:00:00Z,0.12809,0.12819,0.12764,0.12785,25504844
2024-08-12T07:00:00Z,0.12785,0.12809,0.12762,0.12770,39868497
2024-08-12T08:00:00Z,0.12769,0.12796,0.12746,0.12753,44620404
2024-08-12T09:00:00Z,0.12753,0.12777,0.12742,0.12760,12121776
2024-08-12T10:00:00Z,0.12761,0.12775,0.12732,0.12735,11528724
2024-08-12T11:00:00Z,0.12737,0.12762,0.12719,0.12729,18922799
2024-08-12T12:00:00Z,0.12729,0.12731,0.12681,0.12697,17968329
2024-08-12T13:00:00Z,0.12697,0.12697,0.12604,0.12610,41724060
2024-08-12T14:00:00Z,0.12610,0.12700,0.12592,0.12692,43978395
2024-08-12T15:00:00Z,0.12692,0.12696,0.12630,0.12650,21812103
2024-08-12T16:00:00Z,0.12649,0.12688,0.12642,0.12665,18763178
2024-08-12T17:00:00Z,0.12666,0.12671,0.12643,0.12648,10603469
2024-08-12T18:00:00Z,0.12647,0.12657,0.12626,0.12626,12760400
2024-08-12T19:00:00Z,0.12626,0.12653,0.12624,0.12640,14087086
2024-08-12T20:00:00Z,0.12640,0.12654,0.12632,0.12643,11603697
2024-08-12T21:00:00Z,0.12643,0.12661,0.12634,0.12661,10088521
2024-08-12T22:00:00Z,0.12660,0.12688,0.12640,0.12683,33002938
2024-08-12T23:00:00Z,0.12682,0.12696,0.12656,0.12664,16600115
2024-08-13T00:00:00Z,0.12664,0.12669,0.12643,0.12655,11688181
2024-08-13T01:00:00Z,0.12655,0.12659,0.12566,0.12584,19969697
2024-08-13T02:00:00Z,0.12584,0.12589,0.12546,0.12584,15754592
2024-08-13T03:00:00Z,0.12584,0.12621,0.12563,0.12583,60912806
2024-08-13T04:00:00Z,0.12583,0.12597,0.12560,0.12591,13662784
2024-08-13T05:00:00Z,0.12591,0.12611,0.12574,0.12607,30275505
2024-08-13T06:00:00Z,0.12607,0.12616,0.12596,0.12614,11598022
2024-08-13T07:00:00Z,0.12615,0.12651,0.12613,0.12647,16711514
2024-08-13T08:00:00Z,0.12647,0.12662,0.12645,0.12653,12153085
2024-08-13T09:00:00Z,0.12653,0.12657,0.12617,0.12628,13678452
2024-08-13T10:00:00Z,0.12628,0.12660,0.12616,0.12651,8850016
2024-08-13T11:00:00Z,0.12650,0.12687,0.12648,0.12681,7600232
2024-08-13T12:00:00Z,0.12681,0.12730,0.12680,0.12723,18791638
2024-08-13T13:00:00Z,0.12723,0.12758,0.12712,0.12747,19986181
2024-08-13T14:00:00Z,0.12747,0.12759,0.12720,0.12746,18851933
2024-08-13T15:00:00Z,0.12746,0.12770,0.12746,0.12761,10309083
2024-08-13T16:00:00Z,0.12761,0.12830,0.12761,0.12824,25250043
2024-08-13T17:00:00Z,0.12825,0.12838,0.12817,0.12832,14768324
2024-08-13T18:00:00Z,0.12832,0.12850,0.12826,0.12835,14250288
2024-08-13T19:00:00Z,0.12836,0.12865,0.12820,0.12854,17761580
2024-08-13T20:00:00Z,0.12854,0.12882,0.12854,0.12871,10608514
2024-08-13T21:00:00Z,0.12870,0.12902,0.12862,0.12872,13441546
2024-08-13T22:00:00Z,0.12872,0.12884,0.12851,0.12883,14106810
2024-08-13T23:00:00Z,0.12884,0.12884,0.12870,0.12872,9763458
2024-08-14T00:00:00Z,0.12872,0.12892,0.12867,0.12878,12407814
2024-08-14T01:00:00Z,0.12878,0.12885,0.12852,0.12870,15089502
2024-08-14T02:00:00Z,0.12870,0.12920,0.12870,0.12916,16680058
2024-08-14T03:00:00Z,0.12916,0.12957,0.12912,0.12929,19599444
2024-08-14T04:00:00Z,0.12929,0.12954,0.12929,0.12945,14964095
2024-08-14T05:00:00Z,0.12945,0.12994,0.12942,0.12987,25447990
2024-08-14T06:00:00Z,0.12987,0.13003,0.12977,0.13003,21484071
2024-08-14T07:00:00Z,0.13002,0.13050,0.12999,0.13046,34210716
2024-08-14T08:00:00Z,0.13046,0.13078,0.13046,0.13075,23573924
2024-08-14T09:00:00Z,0.13075,0.13081,0.13047,0.13080,21940582
2024-08-14T10:00:00Z,0.13079,0.13089,0.13043,0.13069,25134456
2024-08-14T11:00:00Z,0.13069,0.13077,0.13040,0.13058,18439179
2024-08-14T12:00:00Z,0.13058,0.13072,0.12993,0.13059,37400568
2024-08-14T13:00:00Z,0.13060,0.13064,0.12986,0.12992,37640043
2024-08-14T14:00:00Z,0.12992,0.13033,0.12927,0.13010,45039540
2024-08-14T15:00:00Z,0.13009,0.13058,0.13004,0.13046,25487190
2024-08-14T16:00:00Z,0.13047,0.13069,0.13032,0.13058,26738385
2024-08-14T17:00:00Z,0.13058,0.13064,0.13027,0.13042,18870724
2024-08-14T18:00:00Z,0.13041,0.13059,0.13029,0.13039,13899481
2024-08-14T19:00:00Z,0.13039,0.13042,0.13003,0.13032,18202537
2024-08-14T20:00:00Z,0.13031,0.13063,0.13026,0.13047,11134526
2024-08-14T21:00:00Z,0.13047,0.13056,0.13038,0.13043,7733003
2024-08-14T22:00:00Z,0.13042,0.13060,0.12990,0.13060,22191391
2024-08-14T23:00:00Z,0.13060,0.13060,0.13038,0.13039,9506563
2024-08-15T00:00:00Z,0.13039,0.13110,0.13036,0.13096,32401405
2024-08-15T01:00:00Z,0.13096,0.13107,0.13056,0.13076,23912901
2024-08-15T02:00:00Z,0.13077,0.13146,0.13055,0.13107,30065816
2024-08-15T03:00:00Z,0.13107,0.13155,0.13107,0.13142,17203273
2024-08-15T04:00:00Z,0.13143,0.13167,0.13139,0.13166,13780343
2024-08-15T05:00:00Z,0.13165,0.13172,0.13141,0.13144,15722602
2024-08-15T06:00:00Z,0.13143,0.13177,0.13126,0.13172,18452676
2024-08-15T07:00:00Z,0.13172,0.13188,0.13163,0.13174,14784684
2024-08-15T08:00:00Z,0.13174,0.13214,0.13146,0.13211,22985105
2024-08-15T09:00:00Z,0.13212,0.13213,0.13155,0.13155,22825691
2024-08-15T10:00:00Z,0.13156,0.13176,0.13125,0.13158,19525963
2024-08-15T11:00:00Z,0.13158,0.13193,0.13157,0.13173,11784920
2024-08-15T12:00:00Z,0.13173,0.13188,0.13107,0.13107,29835246
2024-08-15T13:00:00Z,0.13107,0.13133,0.13082,0.13120,21889834
2024-08-15T14:00:00Z,0.13120,0.13134,0.13092,0.13092,17931432
2024-08-15T15:00:00Z,0.13092,0.13115,0.13066,0.13109,25000531
2024-08-15T16:00:00Z,0.13108,0.13139,0.13095,0.13134,16675727
2024-08-15T17:00:00Z,0.13134,0.13151,0.13026,0.13075,27607241
2024-08-15T18:00:00Z,0.13075,0.13075,0.13019,0.13052,49701584
2024-08-15T19:00:00Z,0.13051,0.13053,0.13005,0.13007,20239108
2024-08-15T20:00:00Z,0.13008,0.13012,0.12962,0.12990,30777015
2024-08-15T21:00:00Z,0.12990,0.13010,0.12985,0.13005,14025351
2024-08-15T22:00:00Z,0.13005,0.13009,0.12978,0.12994,13769618
2024-08-15T23:00:00Z,0.12995,0.13026,0.12990,0.13011,16617347
2024-08-16T00:00:00Z,0.13011,0.13042,0.12935,0.12957,36529140
2024-08-16T01:00:00Z,0.12957,0.12963,0.12931,0.12958,14895738
2024-08-16T02:00:00Z,0.12958,0.12995,0.12948,0.12974,21230355
2024-08-16T03:00:00Z,0.12974,0.12994,0.12967,0.12979,14931206
2024-08-16T04:00:00Z,0.12980,0.13018,0.12971,0.13010,13702827
2024-08-16T05:00:00Z,0.13010,0.13020,0.12997,0.13015,11087760
2024-08-16T06:00:00Z,0.13015,0.13052,0.13011,0.13051,14005564
2024-08-16T07:00:00Z,0.13052,0.13098,0.13049,0.13091,25892173
2024-08-16T08:00:00Z,0.13092,0.13190,0.13091,0.13159,49288034
2024-08-16T09:00:00Z,0.13159,0.13179,0.13137,0.13168,17965064
2024-08-16T10:00:00Z,0.13168,0.13188,0.13149,0.13186,11761639
2024-08-16T11:00:00Z,0.13186,0.13188,0.13132,0.13151,15337633
2024-08-16T12:00:00Z,0.13151,0.13153,0.13072,0.13121,40195169
2024-08-16T13:00:00Z,0.13121,0.13185,0.13119,0.13160,33210040
2024-08-16T14:00:00Z,0.13161,0.13194,0.13152,0.13173,34113403
2024-08-16T15:00:00Z,0.13173,0.13193,0.13151,0.13187,25220782
2024-08-16T16:00:00Z,0.13188,0.13269,0.13176,0.13265,62035909
2024-08-16T17:00:00Z,0.13264,0.13285,0.13233,0.13282,31891888
2024-08-16T18:00:00Z,0.13282,0.13306,0.13239,0.13282,29214082
2024-08-16T19:00:00Z,0.13283,0.13345,0.13283,0.13312,27504924
2024-08-16T20:00:00Z,0.13313,0.13353,0.13306,0.13347,15508554
2024-08-16T21:00:00Z,0.13347,0.13376,0.13330,0.13367,17793265
2024-08-16T22:00:00Z,0.13368,0.13404,0.13362,0.13398,24274163
2024-08-16T23:00:00Z,0.13398,0.13418,0.13389,0.13415,18300433
2024-08-17T00:00:00Z,0.13416,0.13422,0.13325,0.13361,47073828
2024-08-17T01:00:00Z,0.13360,0.13396,0.13345,0.13378,18854593
2024-08-17T02:00:00Z,0.13379,0.13417,0.13379,0.13415,14636303
2024-08-17T03:00:00Z,0.13416,0.13424,0.13400,0.13424,15607402
2024-08-17T04:00:00Z,0.13423,0.13451,0.13423,0.13447,19026422
2024-08-17T05:00:00Z,0.13447,0.13488,0.13440,0.13476,25181600
2024-08-17T06:00:00Z,0.13475,0.13475,0.13433,0.13444,21345834
2024-08-17T07:00:00Z,0.13443,0.13492,0.13424,0.13487,17706592
2024-08-17T08:00:00Z,0.13487,0.13528,0.13481,0.13524,25298184
2024-08-17T09:00:00Z,0.13525,0.13570,0.13500,0.13566,36026181
2024-08-17T10:00:00Z,0.13566,0.13586,0.13547,0.13574,25521688
2024-08-17T11:00:00Z,0.13573,0.13608,0.13568,0.13601,32468709
2024-08-17T12:00:00Z,0.13601,0.13631,0.13572,0.13574,32302471
2024-08-17T13:00:00Z,0.13575,0.13583,0.13526,0.13564,31604532
2024-08-17T14:00:00Z,0.13565,0.13590,0.13537,0.13547,16057243
2024-08-17T15:00:00Z,0.13547,0.13588,0.13521,0.13534,23014059
2024-08-17T16:00:00Z,0.13533,0.13572,0.13501,0.13542,37612271
2024-08-17T17:00:00Z,0.13543,0.13545,0.13488,0.13494,26463742
2024-08-17T18:00:00Z,0.13494,0.13531,0.13494,0.13526,16788302
2024-08-17T19:00:00Z,0.13526,0.13552,0.13525,0.13548,15163017
2024-08-17T20:00:00Z,0.13548,0.13555,0.13513,0.13530,7439386
2024-08-17T21:00:00Z,0.13530,0.13535,0.13492,0.13497,7743008
2024-08-17T22:00:00Z,0.13497,0.13505,0.13450,0.13481,18039146
2024-08-17T23:00:00Z,0.13481,0.13489,0.13466,0.13476,4947977
2024-08-18T00:00:00Z,0.13477,0.13477,0.13376,0.13380,22485324
2024-08-18T01:00:00Z,0.13381,0.13399,0.13361,0.13379,16836651
2024-08-18T02:00:00Z,0.13380,0.13383,0.13325,0.13354,21714212
2024-08-18T03:00:00Z,0.13354,0.13358,0.13317,0.13337,18579486
2024-08-18T04:00:00Z,0.13337,0.13340,0.13319,0.13326,8785087
2024-08-18T05:00:00Z,0.13326,0.13337,0.13308,0.13333,11302523
2024-08-18T06:00:00Z,0.13332,0.13343,0.13323,0.13343,12223100
2024-08-18T07:00:00Z,0.13343,0.13355,0.13332,0.13341,11443209
2024-08-18T08:00:00Z,0.13341,0.13359,0.13335,0.13337,6988023
2024-08-18T09:00:00Z,0.13336,0.13361,0.13334,0.13337,14050936
2024-08-18T10:00:00Z,0.13338,0.13390,0.13335,0.13338,20038194
2024-08-18T11:00:00Z,0.13338,0.13370,0.13325,0.13369,11992835
2024-08-18T12:00:00Z,0.13368,0.13389,0.13354,0.13364,18683194
2024-08-18T13:00:00Z,0.13365,0.13406,0.13364,0.13401,21423360
2024-08-18T14:00:00Z,0.13402,0.13544,0.13399,0.13417,41823580
2024-08-18T15:00:00Z,0.13417,0.13462,0.13413,0.13450,28033287
2024-08-18T16:00:00Z,0.13450,0.13471,0.13443,0.13444,13210251
2024-08-18T17:00:00Z,0.13443,0.13478,0.13408,0.13470,31714907
2024-08-18T18:00:00Z,0.13470,0.13503,0.13470,0.13488,12742246
2024-08-18T19:00:00Z,0.13488,0.13534,0.13487,0.13532,14654932
2024-08-18T20:00:00Z,0.13532,0.13549,0.13520,0.13542,9099489
2024-08-18T21:00:00Z,0.13542,0.13568,0.13532,0.13547,11390747
2024-08-18T22:00:00Z,0.13546,0.13554,0.13507,0.13518,12418995
2024-08-18T23:00:00Z,0.13518,0.13528,0.13506,0.13508,14193283
2024-08-19T00:00:00Z,0.13508,0.13546,0.13492,0.13533,22340157
2024-08-19T01:00:00Z,0.13533,0.13544,0.13382,0.13436,51736033
2024-08-19T02:00:00Z,0.13437,0.13474,0.13413,0.13463,12016837
2024-08-19T03:00:00Z,0.13463,0.13473,0.13436,0.13452,12955222
2024-08-19T04:00:00Z,0.13453,0.13475,0.13434,0.13451,9939553
2024-08-19T05:00:00Z,0.13451,0.13474,0.13442,0.13457,8765909
2024-08-19T06:00:00Z,0.13457,0.13533,0.13452,0.13525,25487393
2024-08-19T07:00:00Z,0.13525,0.13584,0.13508,0.13576,31842135
2024-08-19T08:00:00Z,0.13576,0.13658,0.13566,0.13607,46870256
2024-08-19T09:00:00Z,0.13607,0.13672,0.13596,0.13619,34909151
2024-08-19T10:00:00Z,0.13619,0.13800,0.13608,0.13731,92430516
2024-08-19T11:00:00Z,0.13731,0.13785,0.13722,0.13781,32976933
2024-08-19T12:00:00Z,0.13782,0.13877,0.13774,0.13836,56202302
2024-08-19T13:00:00Z,0.13836,0.13886,0.13706,0.13721,85404157
2024-08-19T14:00:00Z,0.13721,0.13834,0.13721,0.13829,44021260
2024-08-19T15:00:00Z,0.13829,0.13982,0.13825,0.13935,97656139
2024-08-19T16:00:00Z,0.13936,0.13977,0.13880,0.13949,69127590
2024-08-19T17:00:00Z,0.13949,0.14189,0.13872,0.14100,159462390
2024-08-19T18:00:00Z,0.14101,0.14280,0.13999,0.14152,122603082
2024-08-19T19:00:00Z,0.14152,0.14209,0.14132,0.14202,34671631
2024-08-19T20:00:00Z,0.14203,0.14289,0.14182,0.14251,65444029
2024-08-19T21:00:00Z,0.14252,0.14284,0.14159,0.14246,66687034
2024-08-19T22:00:00Z,0.14247,0.14364,0.14247,0.14342,70996670
2024-08-19T23:00:00Z,0.14343,0.14358,0.14235,0.14312,71781642
2024-08-20T00:00:00Z,0.14311,0.14435,0.14279,0.14289,86566715
2024-08-20T01:00:00Z,0.14289,0.14321,0.14212,0.14267,64974125
2024-08-20T02:00:00Z,0.14267,0.14351,0.14251,0.14340,36168972
2024-08-20T03:00:00Z,0.14340,0.14361,0.14285,0.14322,16977894
2024-08-20T04:00:00Z,0.14324,0.14341,0.14277,0.14337,24285993
2024-08-20T05:00:00Z,0.14338,0.14378,0.14334,0.14369,28488024
2024-08-20T06:00:00Z,0.14370,0.14379,0.14351,0.14372,17572275
2024-08-20T07:00:00Z,0.14372,0.14711,0.14371,0.14517,135462173
2024-08-20T08:00:00Z,0.14517,0.14574,0.14498,0.14566,41733305
2024-08-20T09:00:00Z,0.14566,0.14640,0.14564,0.14617,62624572
2024-08-20T10:00:00Z,0.14617,0.14711,0.14612,0.14708,61929300
2024-08-20T11:00:00Z,0.14709,0.14875,0.14681,0.14828,121676734
2024-08-20T12:00:00Z,0.14827,0.15236,0.14821,0.15053,256295530
2024-08-20T13:00:00Z,0.15054,0.15455,0.15014,0.15444,252386325
2024-08-20T14:00:00Z,0.15443,0.15489,0.14932,0.15139,330701383
2024-08-20T15:00:00Z,0.15139,0.15357,0.15011,0.15094,263970445
2024-08-20T16:00:00Z,0.15095,0.15159,0.14816,0.15052,158370869
2024-08-20T17:00:00Z,0.15053,0.15350,0.15030,0.15345,149555782
2024-08-20T18:00:00Z,0.15345,0.15650,0.15239,0.15563,213771081
2024-08-20T19:00:00Z,0.15564,0.16092,0.15474,0.15701,320921100
2024-08-20T20:00:00Z,0.15701,0.15872,0.15598,0.15814,118956135
2024-08-20T21:00:00Z,0.15815,0.15967,0.15767,0.15944,120953524
2024-08-20T22:00:00Z,0.15944,0.15966,0.15879,0.15924,99389273
2024-08-20T23:00:00Z,0.15924,0.16199,0.15920,0.16150,169562260
2024-08-21T00:00:00Z,0.16150,0.16176,0.15957,0.16111,156935365
2024-08-21T01:00:00Z,0.16111,0.16111,0.15520,0.15943,322898628
2024-08-21T02:00:00Z,0.15943,0.16021,0.15800,0.15977,72196333
2024-08-21T03:00:00Z,0.15977,0.16075,0.15856,0.15957,105677782
2024-08-21T04:00:00Z,0.15958,0.16023,0.15916,0.16005,75966485
2024-08-21T05:00:00Z,0.16004,0.16012,0.15816,0.15901,129319817
2024-08-21T06:00:00Z,0.15902,0.15970,0.15860,0.15957,67253572
2024-08-21T07:00:00Z,0.15957,0.16678,0.15933,0.16158,275582790
2024-08-21T08:00:00Z,0.16158,0.16498,0.16097,0.16482,284744462
2024-08-21T09:00:00Z,0.16483,0.16535,0.16147,0.16399,333626538
2024-08-21T10:00:00Z,0.16398,0.16619,0.16366,0.16537,187858588
2024-08-21T11:00:00Z,0.16536,0.16565,0.16342,0.16482,229973391
2024-08-21T12:00:00Z,0.16482,0.16485,0.16195,0.16299,217332115
2024-08-21T13:00:00Z,0.16299,0.16313,0.16018,0.16268,301711534
2024-08-21T14:00:00Z,0.16269,0.16274,0.15877,0.15949,284569316
2024-08-21T15:00:00Z,0.15949,0.16093,0.15937,0.15993,130449351
2024-08-21T16:00:00Z,0.15992,0.16177,0.15916,0.16090,142628535
2024-08-21T17:00:00Z,0.16091,0.16236,0.16017,0.16081,135798910
2024-08-21T18:00:00Z,0.16079,0.16090,0.15928,0.15943,133849550
2024-08-21T19:00:00Z,0.15944,0.15977,0.15590,0.15728,241945586
2024-08-21T20:00:00Z,0.15729,0.15755,0.15480,0.15504,181578554
2024-08-21T21:00:00Z,0.15504,0.15510,0.15310,0.15395,160755541
2024-08-21T22:00:00Z,0.15394,0.15452,0.15306,0.15334,75696434
2024-08-21T23:00:00Z,0.15334,0.15436,0.15300,0.15379,78134210
2024-08-22T00:00:00Z,0.15379,0.15449,0.15335,0.15379,82557469
2024-08-22T01:00:00Z,0.15379,0.15505,0.15300,0.15301,95219120
2024-08-22T02:00:00Z,0.15301,0.15308,0.15092,0.15100,150661283
2024-08-22T03:00:00Z,0.15099,0.15164,0.14916,0.14929,140529582
2024-08-22T04:00:00Z,0.14929,0.15010,0.14870,0.14871,83436632
2024-08-22T05:00:00Z,0.14870,0.15143,0.14777,0.15012,311376420
2024-08-22T06:00:00Z,0.15012,0.15283,0.14971,0.15242,252075853
2024-08-22T07:00:00Z,0.15242,0.15328,0.15193,0.15220,141993327
2024-08-22T08:00:00Z,0.15220,0.15446,0.15208,0.15384,163694434
2024-08-22T09:00:00Z,0.15384,0.15758,0.15344,0.15525,195149315
2024-08-22T10:00:00Z,0.15526,0.15700,0.15520,0.15628,171219364
2024-08-22T11:00:00Z,0.15627,0.15906,0.15613,0.15906,169918348
2024-08-22T12:00:00Z,0.15905,0.16032,0.15819,0.15862,240078494
2024-08-22T13:00:00Z,0.15862,0.15865,0.15493,0.15553,422880396
2024-08-22T14:00:00Z,0.15554,0.15615,0.15418,0.15549,140221387
2024-08-22T15:00:00Z,0.15549,0.15676,0.15516,0.15641,92673903
2024-08-22T16:00:00Z,0.15641,0.15708,0.15587,0.15604,90679415
2024-08-22T17:00:00Z,0.15604,0.15661,0.15506,0.15547,92945988
2024-08-22T18:00:00Z,0.15548,0.15597,0.15456,0.15511,69816028
2024-08-22T19:00:00Z,0.15510,0.15539,0.15477,0.15526,27075337
2024-08-22T20:00:00Z,0.15527,0.15582,0.15504,0.15554,36966695
2024-08-22T21:00:00Z,0.15554,0.15617,0.15505,0.15595,30681486
2024-08-22T22:00:00Z,0.15595,0.15603,0.15528,0.15568,27847135
2024-08-22T23:00:00Z,0.15568,0.15581,0.15513,0.15542,21925124
2024-08-23T00:00:00Z,0.15541,0.15615,0.15506,0.15536,46942232
2024-08-23T01:00:00Z,0.15537,0.15604,0.15509,0.15514,47374283
2024-08-23T02:00:00Z,0.15514,0.15528,0.15330,0.15434,110006629
2024-08-23T03:00:00Z,0.15433,0.15499,0.15418,0.15495,38454936
2024-08-23T04:00:00Z,0.15494,0.15497,0.15400,0.15446,33173766
2024-08-23T05:00:00Z,0.15445,0.15479,0.15335,0.15403,98553229
2024-08-23T06:00:00Z,0.15403,0.15495,0.15397,0.15446,52465578
2024-08-23T07:00:00Z,0.15446,0.15464,0.15336,0.15439,55278300
2024-08-23T08:00:00Z,0.15439,0.15573,0.15426,0.15522,64552208
2024-08-23T09:00:00Z,0.15521,0.15616,0.15484,0.15609,67680682
2024-08-23T10:00:00Z,0.15609,0.15654,0.15543,0.15591,73759463
2024-08-23T11:00:00Z,0.15590,0.15686,0.15564,0.15614,64672734
2024-08-23T12:00:00Z,0.15614,0.15777,0.15613,0.15751,60358990
2024-08-23T13:00:00Z,0.15751,0.15862,0.15741,0.15777,108579433
2024-08-23T14:00:00Z,0.15776,0.15829,0.15687,0.15796,142404372
2024-08-23T15:00:00Z,0.15796,0.15920,0.15750,0.15817,97675479
2024-08-23T16:00:00Z,0.15817,0.15842,0.15655,0.15682,105099924
2024-08-23T17:00:00Z,0.15682,0.15760,0.15622,0.15735,84562677
2024-08-23T18:00:00Z,0.15735,0.15777,0.15682,0.15686,51905869
2024-08-23T19:00:00Z,0.15686,0.15823,0.15678,0.15781,51789480
2024-08-23T20:00:00Z,0.15781,0.15819,0.15741,0.15802,37250798
2024-08-23T21:00:00Z,0.15802,0.15850,0.15765,0.15834,33176596
2024-08-23T22:00:00Z,0.15834,0.15882,0.15792,0.15813,39694890
2024-08-23T23:00:00Z,0.15813,0.15864,0.15786,0.15827,22425981
2024-08-24T00:00:00Z,0.15827,0.15976,0.15827,0.15905,78761148
2024-08-24T01:00:00Z,0.15905,0.16072,0.15863,0.15961,95263083
2024-08-24T02:00:00Z,0.15961,0.16114,0.15936,0.16099,79840223
2024-08-24T03:00:00Z,0.16098,0.16131,0.16008,0.16105,75919678
2024-08-24T04:00:00Z,0.16105,0.16272,0.16068,0.16248,98036217
2024-08-24T05:00:00Z,0.16248,0.16295,0.16174,0.16275,52509507
2024-08-24T06:00:00Z,0.16275,0.16305,0.16068,0.16097,99661984
2024-08-24T07:00:00Z,0.16097,0.16155,0.15961,0.15970,90378982
2024-08-24T08:00:00Z,0.15970,0.16040,0.15951,0.15996,55675539
2024-08-24T09:00:00Z,0.15996,0.16031,0.15939,0.15985,34785951
2024-08-24T10:00:00Z,0.15986,0.16039,0.15795,0.15881,93531509
2024-08-24T11:00:00Z,0.15881,0.15930,0.15841,0.15858,44908471
2024-08-24T12:00:00Z,0.15859,0.15916,0.15846,0.15877,29954729
2024-08-24T13:00:00Z,0.15877,0.15932,0.15871,0.15900,21914512
2024-08-24T14:00:00Z,0.15901,0.15957,0.15846,0.15956,30711124
2024-08-24T15:00:00Z,0.15955,0.15983,0.15875,0.15942,40277947
2024-08-24T16:00:00Z,0.15944,0.15970,0.15852,0.15889,54768133
2024-08-24T17:00:00Z,0.15889,0.15926,0.15852,0.15910,35005895
2024-08-24T18:00:00Z,0.15909,0.15946,0.15859,0.15904,29430561
2024-08-24T19:00:00Z,0.15904,0.15978,0.15904,0.15966,22996522
2024-08-24T20:00:00Z,0.15966,0.15990,0.15899,0.15930,34097248
2024-08-24T21:00:00Z,0.15929,0.15940,0.15740,0.15770,79110113
2024-08-24T22:00:00Z,0.15770,0.15903,0.15766,0.15867,38781389
2024-08-24T23:00:00Z,0.15866,0.15916,0.15858,0.15880,18566411
2024-08-25T00:00:00Z,0.15881,0.15933,0.15837,0.15847,33178426
2024-08-25T01:00:00Z,0.15848,0.15876,0.15639,0.15678,78608373
2024-08-25T02:00:00Z,0.15678,0.15777,0.15614,0.15753,66247894
2024-08-25T03:00:00Z,0.15752,0.15799,0.15693,0.15758,71108282
2024-08-25T04:00:00Z,0.15760,0.15783,0.15677,0.15764,34696635
2024-08-25T05:00:00Z,0.15765,0.15959,0.15744,0.15919,61023113
2024-08-25T06:00:00Z,0.15918,0.16098,0.15851,0.16008,114502254
2024-08-25T07:00:00Z,0.16007,0.16056,0.15907,0.15974,124869918
2024-08-25T08:00:00Z,0.15974,0.16059,0.15967,0.16005,61965251
2024-08-25T09:00:00Z,0.16006,0.16044,0.15923,0.16038,53162021
2024-08-25T10:00:00Z,0.16037,0.16084,0.15996,0.16071,43963540
2024-08-25T11:00:00Z,0.16070,0.16183,0.16059,0.16173,64613301
2024-08-25T12:00:00Z,0.16173,0.16194,0.16077,0.16159,67946052
2024-08-25T13:00:00Z,0.16159,0.16332,0.16118,0.16304,107761419
2024-08-25T14:00:00Z,0.16304,0.16888,0.16278,0.16702,431470028
2024-08-25T15:00:00Z,0.16701,0.16717,0.16478,0.16528,179522485
2024-08-25T16:00:00Z,0.16527,0.16578,0.16410,0.16477,82879390
2024-08-25T17:00:00Z,0.16477,0.16518,0.16436,0.16457,45733249
2024-08-25T18:00:00Z,0.16457,0.16507,0.16380,0.16457,64009226
2024-08-25T19:00:00Z,0.16457,0.16514,0.16441,0.16500,26700799
2024-08-25T20:00:00Z,0.16500,0.16537,0.16449,0.16527,29140617
2024-08-25T21:00:00Z,0.16527,0.16560,0.16444,0.16553,49989694
2024-08-25T22:00:00Z,0.16553,0.16698,0.16531,0.16687,105164266
2024-08-25T23:00:00Z,0.16686,0.16733,0.16593,0.16629,85581571
2024-08-26T00:00:00Z,0.16629,0.16633,0.16424,0.16442,87885575
2024-08-26T01:00:00Z,0.16442,0.16484,0.16380,0.16396,62944170
2024-08-26T02:00:00Z,0.16397,0.16454,0.16337,0.16453,50841833
2024-08-26T03:00:00Z,0.16453,0.16484,0.16385,0.16473,47953387
2024-08-26T04:00:00Z,0.16472,0.16562,0.16425,0.16550,37189765
2024-08-26T05:00:00Z,0.16550,0.16573,0.16507,0.16567,34064190
2024-08-26T06:00:00Z,0.16567,0.16611,0.16481,0.16585,54383932
2024-08-26T07:00:00Z,0.16585,0.16593,0.16494,0.16587,46431928
2024-08-26T08:00:00Z,0.16587,0.16686,0.16563,0.16686,63317497
2024-08-26T09:00:00Z,0.16686,0.16876,0.16594,0.16743,135020569
2024-08-26T10:00:00Z,0.16743,0.16844,0.16712,0.16759,87223448
2024-08-26T11:00:00Z,0.16759,0.16857,0.16741,0.16752,66049473
2024-08-26T12:00:00Z,0.16752,0.16808,0.16632,0.16749,102213388
2024-08-26T13:00:00Z,0.16749,0.16818,0.16692,0.16778,72585821
2024-08-26T14:00:00Z,0.16778,0.16817,0.16409,0.16524,194870594
2024-08-26T15:00:00Z,0.16525,0.16567,0.16452,0.16480,92798313
2024-08-26T16:00:00Z,0.16480,0.16653,0.16437,0.16571,90491278
2024-08-26T17:00:00Z,0.16571,0.16589,0.16418,0.16468,63511474
2024-08-26T18:00:00Z,0.16469,0.16509,0.16385,0.16472,82287095
2024-08-26T19:00:00Z,0.16471,0.16505,0.16396,0.16442,45008640
2024-08-26T20:00:00Z,0.16442,0.16445,0.16246,0.16275,112113796
2024-08-26T21:00:00Z,0.16274,0.16282,0.16150,0.16230,77214288
2024-08-26T22:00:00Z,0.16230,0.16241,0.16140,0.16176,35599215
2024-08-26T23:00:00Z,0.16176,0.16233,0.16123,0.16144,44206541
2024-08-27T00:00:00Z,0.16144,0.16248,0.16131,0.16209,51997835
2024-08-27T01:00:00Z,0.16209,0.16307,0.16205,0.16224,58351261
2024-08-27T02:00:00Z,0.16225,0.16278,0.16160,0.16164,40962534
2024-08-27T03:00:00Z,0.16163,0.16252,0.16156,0.16225,27172639
2024-08-27T04:00:00Z,0.16225,0.16244,0.16149,0.16157,25225857
2024-08-27T05:00:00Z,0.16158,0.16241,0.16149,0.16228,32855402
2024-08-27T06:00:00Z,0.16227,0.16227,0.16104,0.16175,48231826
2024-08-27T07:00:00Z,0.16175,0.16199,0.16148,0.16175,22077183
2024-08-27T08:00:00Z,0.16176,0.16188,0.16046,0.16100,56507508
2024-08-27T09:00:00Z,0.16101,0.16175,0.16077,0.16122,39905223
2024-08-27T10:00:00Z,0.16121,0.16121,0.16024,0.16040,57296344
2024-08-27T11:00:00Z,0.16040,0.16110,0.16021,0.16058,32921622
2024-08-27T12:00:00Z,0.16058,0.16113,0.16029,0.16105,37720616
2024-08-27T13:00:00Z,0.16105,0.16145,0.16063,0.16131,52822662
2024-08-27T14:00:00Z,0.16132,0.16193,0.16049,0.16123,71069331
2024-08-27T15:00:00Z,0.16123,0.16199,0.16095,0.16190,50521840
2024-08-27T16:00:00Z,0.16191,0.16366,0.16165,0.16246,114010034
2024-08-27T17:00:00Z,0.16246,0.16288,0.16171,0.16204,50621117
2024-08-27T18:00:00Z,0.16204,0.16241,0.16197,0.16213,20796826
2024-08-27T19:00:00Z,0.16213,0.16236,0.16162,0.16194,28143934
2024-08-27T20:00:00Z,0.16194,0.16216,0.16142,0.16147,22715466
2024-08-27T21:00:00Z,0.16148,0.16181,0.15843,0.15946,142854787
2024-08-27T22:00:00Z,0.15946,0.15968,0.15561,0.15807,209242766
2024-08-27T23:00:00Z,0.15808,0.15811,0.15756,0.15790,37926962
2024-08-28T00:00:00Z,0.15790,0.15792,0.15724,0.15749,40686669
2024-08-28T01:00:00Z,0.15750,0.15824,0.15710,0.15806,33916811
2024-08-28T02:00:00Z,0.15806,0.15834,0.15740,0.15752,28598273
2024-08-28T03:00:00Z,0.15752,0.15829,0.15751,0.15801,27669397
2024-08-28T04:00:00Z,0.15801,0.15810,0.15756,0.15782,20057182
2024-08-28T05:00:00Z,0.15782,0.15840,0.15768,0.15828,25061760
2024-08-28T06:00:00Z,0.15829,0.15860,0.15806,0.15815,29150659
2024-08-28T07:00:00Z,0.15815,0.15845,0.15755,0.15757,29690898
2024-08-28T08:00:00Z,0.15757,0.15897,0.15742,0.15885,59375911
2024-08-28T09:00:00Z,0.15884,0.15984,0.15870,0.15971,132876205
2024-08-28T10:00:00Z,0.15971,0.15980,0.15874,0.15913,71346638
2024-08-28T11:00:00Z,0.15914,0.15976,0.15906,0.15932,32088620
2024-08-28T12:00:00Z,0.15932,0.15938,0.15880,0.15891,34532019
2024-08-28T13:00:00Z,0.15891,0.15922,0.15831,0.15833,44927460
2024-08-28T14:00:00Z,0.15833,0.15907,0.15817,0.15817,52579421
2024-08-28T15:00:00Z,0.15817,0.15844,0.15765,0.15832,66686322
2024-08-28T16:00:00Z,0.15832,0.15854,0.15702,0.15824,97019290
2024-08-28T17:00:00Z,0.15824,0.15825,0.15720,0.15726,37692066
2024-08-28T18:00:00Z,0.15726,0.15813,0.15715,0.15811,22323962
2024-08-28T19:00:00Z,0.15811,0.15866,0.15717,0.15743,44422376
2024-08-28T20:00:00Z,0.15744,0.15800,0.15711,0.15758,35295902
2024-08-28T21:00:00Z,0.15758,0.15823,0.15757,0.15765,22491945
2024-08-28T22:00:00Z,0.15765,0.15791,0.15720,0.15787,25167973
2024-08-28T23:00:00Z,0.15787,0.15829,0.15781,0.15822,21224990
2024-08-29T00:00:00Z,0.15822,0.15886,0.15784,0.15881,47537946
2024-08-29T01:00:00Z,0.15882,0.15915,0.15839,0.15889,25752096
2024-08-29T02:00:00Z,0.15888,0.15902,0.15858,0.15887,12924656
2024-08-29T03:00:00Z,0.15887,0.15894,0.15832,0.15848,9247406
2024-08-29T04:00:00Z,0.15848,0.15885,0.15845,0.15873,19070175
2024-08-29T05:00:00Z,0.15873,0.15923,0.15868,0.15912,21389223
2024-08-29T06:00:00Z,0.15912,0.15943,0.15878,0.15891,21944487
2024-08-29T07:00:00Z,0.15891,0.15930,0.15888,0.15904,12791612
2024-08-29T08:00:00Z,0.15905,0.15929,0.15878,0.15922,19196562
2024-08-29T09:00:00Z,0.15923,0.15944,0.15892,0.15903,17705659
2024-08-29T10:00:00Z,0.15903,0.15972,0.15895,0.15967,19072936
2024-08-29T11:00:00Z,0.15967,0.16056,0.15955,0.16009,49031482
2024-08-29T12:00:00Z,0.16010,0.16150,0.15992,0.16079,79682677
2024-08-29T13:00:00Z,0.16079,0.16118,0.16030,0.16111,30233537
2024-08-29T14:00:00Z,0.16111,0.16145,0.16067,0.16084,47712820
2024-08-29T15:00:00Z,0.16084,0.16101,0.15993,0.16046,57689301
2024-08-29T16:00:00Z,0.16046,0.16069,0.16001,0.16004,35956168
2024-08-29T17:00:00Z,0.16005,0.16060,0.15978,0.16038,22291225
2024-08-29T18:00:00Z,0.16038,0.16066,0.15978,0.16021,67138089
2024-08-29T19:00:00Z,0.16021,0.16080,0.15996,0.16035,40242556
2024-08-29T20:00:00Z,0.16035,0.16064,0.16001,0.16030,25638651
2024-08-29T21:00:00Z,0.16031,0.16031,0.15984,0.15995,14861691
2024-08-29T22:00:00Z,0.15995,0.16022,0.15926,0.16003,36461524
2024-08-29T23:00:00Z,0.16002,0.16019,0.15974,0.15988,13469617
2024-08-30T00:00:00Z,0.15988,0.16039,0.15971,0.16001,20956822
2024-08-30T01:00:00Z,0.16002,0.16010,0.15960,0.15971,14090208
2024-08-30T02:00:00Z,0.15972,0.15986,0.15953,0.15971,12936464
2024-08-30T03:00:00Z,0.15970,0.15971,0.15929,0.15967,21532637
2024-08-30T04:00:00Z,0.15967,0.16014,0.15966,0.16002,23386594
2024-08-30T05:00:00Z,0.16003,0.16060,0.15991,0.16017,26593073
2024-08-30T06:00:00Z,0.16017,0.16087,0.15988,0.16066,29531629
2024-08-30T07:00:00Z,0.16067,0.16121,0.16028,0.16103,32737799
2024-08-30T08:00:00Z,0.16102,0.16169,0.16102,0.16154,39897338
2024-08-30T09:00:00Z,0.16154,0.16167,0.16077,0.16099,24742947
2024-08-30T10:00:00Z,0.16099,0.16102,0.16027,0.16030,27480890
2024-08-30T11:00:00Z,0.16030,0.16088,0.16028,0.16068,18419378
2024-08-30T12:00:00Z,0.16069,0.16105,0.16046,0.16082,26973943
2024-08-30T13:00:00Z,0.16082,0.16174,0.16074,0.16141,47641361
2024-08-30T14:00:00Z,0.16141,0.16147,0.16029,0.16034,45391340
2024-08-30T15:00:00Z,0.16034,0.16070,0.15904,0.15959,114227271
2024-08-30T16:00:00Z,0.15959,0.16013,0.15898,0.15974,74730405
2024-08-30T17:00:00Z,0.15973,0.16000,0.15949,0.15987,24332294
2024-08-30T18:00:00Z,0.15988,0.16041,0.15925,0.15933,66056027
2024-08-30T19:00:00Z,0.15933,0.15934,0.15894,0.15912,30959335
2024-08-30T20:00:00Z,0.15913,0.15954,0.15900,0.15945,23062380
2024-08-30T21:00:00Z,0.15945,0.15952,0.15896,0.15904,14490633
2024-08-30T22:00:00Z,0.15905,0.15992,0.15899,0.15984,19449477
2024-08-30T23:00:00Z,0.15984,0.16008,0.15960,0.15998,13810295
2024-08-31T00:00:00Z,0.15999,0.16010,0.15935,0.16006,30223939
2024-08-31T01:00:00Z,0.16007,0.16036,0.15941,0.15949,18305835
2024-08-31T02:00:00Z,0.15949,0.15974,0.15933,0.15944,12700384
2024-08-31T03:00:00Z,0.15944,0.15963,0.15909,0.15912,17642158
2024-08-31T04:00:00Z,0.15912,0.15946,0.15892,0.15928,20860178
2024-08-31T05:00:00Z,0.15928,0.15930,0.15820,0.15835,32496502
2024-08-31T06:00:00Z,0.15834,0.15836,0.15655,0.15705,98805881
2024-08-31T07:00:00Z,0.15705,0.15787,0.15705,0.15756,34378503
2024-08-31T08:00:00Z,0.15756,0.15759,0.15648,0.15690,28136152
2024-08-31T09:00:00Z,0.15689,0.15723,0.15670,0.15711,22233084
2024-08-31T10:00:00Z,0.15711,0.15780,0.15695,0.15728,23257618
2024-08-31T11:00:00Z,0.15728,0.15767,0.15695,0.15711,18775022
2024-08-31T12:00:00Z,0.15711,0.15713,0.15670,0.15709,17280873
2024-08-31T13:00:00Z,0.15710,0.15734,0.15667,0.15667,13944810
2024-08-31T14:00:00Z,0.15667,0.15726,0.15637,0.15695,34720087
2024-08-31T15:00:00Z,0.15695,0.15744,0.15678,0.15728,31150085
2024-08-31T16:00:00Z,0.15727,0.15731,0.15676,0.15686,20327783
2024-08-31T17:00:00Z,0.15686,0.15785,0.15674,0.15780,22957338
2024-08-31T18:00:00Z,0.15780,0.15818,0.15762,0.15775,29144916
2024-08-31T19:00:00Z,0.15775,0.15785,0.15747,0.15759,11119637
2024-08-31T20:00:00Z,0.15759,0.15789,0.15748,0.15765,15991182
2024-08-31T21:00:00Z,0.15765,0.15787,0.15720,0.15733,14696022
2024-08-31T22:00:00Z,0.15733,0.15794,0.15712,0.15787,15076566
2024-08-31T23:00:00Z,0.15787,0.15793,0.15750,0.15758,10939964
2024-09-01T00:00:00Z,0.15759,0.15777,0.15714,0.15742,19205623
2024-09-01T01:00:00Z,0.15742,0.15747,0.15680,0.15682,25641196
2024-09-01T02:00:00Z,0.15683,0.15685,0.15623,0.15634,31370609
2024-09-01T03:00:00Z,0.15634,0.15643,0.15570,0.15604,26865871
2024-09-01T04:00:00Z,0.15605,0.15654,0.15586,0.15613,25819251
2024-09-01T05:00:00Z,0.15613,0.15618,0.15562,0.15567,23564351
2024-09-01T06:00:00Z,0.15567,0.15636,0.15563,0.15621,14085400
2024-09-01T07:00:00Z,0.15621,0.15649,0.15600,0.15617,19268813
2024-09-01T08:00:00Z,0.15616,0.15640,0.15592,0.15637,22670094
2024-09-01T09:00:00Z,0.15637,0.15670,0.15622,0.15654,18166231
2024-09-01T10:00:00Z,0.15653,0.15655,0.15606,0.15632,16975558
2024-09-01T11:00:00Z,0.15633,0.15687,0.15625,0.15680,14321664
2024-09-01T12:00:00Z,0.15681,0.15690,0.15636,0.15646,17009725
2024-09-01T13:00:00Z,0.15646,0.15668,0.15593,0.15661,23568923
2024-09-01T14:00:00Z,0.15661,0.15691,0.15597,0.15678,44699108
2024-09-01T15:00:00Z,0.15678,0.15695,0.15622,0.15631,21674482
2024-09-01T16:00:00Z,0.15632,0.15657,0.15609,0.15634,18333765
2024-09-01T17:00:00Z,0.15635,0.15663,0.15613,0.15659,15415357
2024-09-01T18:00:00Z,0.15659,0.15667,0.15604,0.15620,19438753
2024-09-01T19:00:00Z,0.15620,0.15654,0.15611,0.15635,23382246
2024-09-01T20:00:00Z,0.15635,0.15661,0.15621,0.15631,10204037
2024-09-01T21:00:00Z,0.15630,0.15634,0.15586,0.15604,11820678
2024-09-01T22:00:00Z,0.15605,0.15607,0.15445,0.15488,80013625
2024-09-01T23:00:00Z,0.15487,0.15594,0.15479,0.15555,47993921
2024-09-02T00:00:00Z,0.15555,0.15633,0.15551,0.15618,40912502
2024-09-02T01:00:00Z,0.15617,0.15634,0.15570,0.15577,15522718
2024-09-02T02:00:00Z,0.15578,0.15615,0.15542,0.15554,18669685
2024-09-02T03:00:00Z,0.15554,0.15590,0.15552,0.15590,9486508
2024-09-02T04:00:00Z,0.15590,0.15592,0.15552,0.15555,8205206
2024-09-02T05:00:00Z,0.15556,0.15604,0.15542,0.15565,16745342
2024-09-02T06:00:00Z,0.15565,0.15598,0.15560,0.15589,10682275
2024-09-02T07:00:00Z,0.15587,0.15605,0.15549,0.15574,21503246
2024-09-02T08:00:00Z,0.15574,0.15665,0.15568,0.15637,52373320
2024-09-02T09:00:00Z,0.15638,0.15677,0.15598,0.15654,42420992
2024-09-02T10:00:00Z,0.15654,0.15689,0.15615,0.15621,32573476
2024-09-02T11:00:00Z,0.15621,0.15674,0.15608,0.15660,15255054
2024-09-02T12:00:00Z,0.15660,0.15684,0.15636,0.15655,19890459
2024-09-02T13:00:00Z,0.15655,0.15664,0.15603,0.15610,14120435
2024-09-02T14:00:00Z,0.15611,0.15648,0.15580,0.15646,32330125
2024-09-02T15:00:00Z,0.15645,0.15660,0.15594,0.15595,17023990
2024-09-02T16:00:00Z,0.15596,0.15597,0.15441,0.15455,48557509
2024-09-02T17:00:00Z,0.15455,0.15485,0.15406,0.15436,59559528
2024-09-02T18:00:00Z,0.15435,0.15438,0.15364,0.15374,31655442
2024-09-02T19:00:00Z,0.15374,0.15425,0.15370,0.15399,24361677
2024-09-02T20:00:00Z,0.15399,0.15438,0.15396,0.15428,17573608
2024-09-02T21:00:00Z,0.15429,0.15438,0.15357,0.15360,20501059
2024-09-02T22:00:00Z,0.15359,0.15419,0.15359,0.15389,26141454
2024-09-02T23:00:00Z,0.15388,0.15424,0.15385,0.15420,17624832
2024-09-03T00:00:00Z,0.15420,0.15420,0.15358,0.15389,22734621
2024-09-03T01:00:00Z,0.15389,0.15412,0.15388,0.15404,12694661
2024-09-03T02:00:00Z,0.15404,0.15468,0.15387,0.15397,42565550
2024-09-03T03:00:00Z,0.15396,0.15409,0.15364,0.15372,14678297
2024-09-03T04:00:00Z,0.15372,0.15388,0.15279,0.15321,37756537
2024-09-03T05:00:00Z,0.15321,0.15389,0.15315,0.15375,20616552
2024-09-03T06:00:00Z,0.15375,0.15387,0.15328,0.15346,14692368
2024-09-03T07:00:00Z,0.15346,0.15411,0.15346,0.15410,18122419
2024-09-03T08:00:00Z,0.15409,0.15428,0.15209,0.15291,74661664
2024-09-03T09:00:00Z,0.15291,0.15303,0.15198,0.15226,46683322
2024-09-03T10:00:00Z,0.15227,0.15249,0.15145,0.15180,35833960
2024-09-03T11:00:00Z,0.15180,0.15242,0.15154,0.15227,35147548
2024-09-03T12:00:00Z,0.15227,0.15243,0.15190,0.15192,20525110
2024-09-03T13:00:00Z,0.15193,0.15217,0.15096,0.15108,51319222
2024-09-03T14:00:00Z,0.15108,0.15135,0.15074,0.15108,41480840
2024-09-03T15:00:00Z,0.15109,0.15116,0.15056,0.15072,29968241
2024-09-03T16:00:00Z,0.15071,0.15145,0.15068,0.15092,43921018
2024-09-03T17:00:00Z,0.15091,0.15149,0.15087,0.15115,19475266
2024-09-03T18:00:00Z,0.15115,0.15143,0.15098,0.15132,12781689
2024-09-03T19:00:00Z,0.15132,0.15146,0.15093,0.15107,14837179
2024-09-03T20:00:00Z,0.15107,0.15129,0.15090,0.15098,8336586
2024-09-03T21:00:00Z,0.15098,0.15099,0.15042,0.15064,20201949
2024-09-03T22:00:00Z,0.15063,0.15095,0.15044,0.15058,14542083
2024-09-03T23:00:00Z,0.15058,0.15083,0.15006,0.15017,35636458
2024-09-04T00:00:00Z,0.15017,0.15043,0.14950,0.14961,47115021
2024-09-04T01:00:00Z,0.14962,0.15142,0.14857,0.15046,172277779
2024-09-04T02:00:00Z,0.15046,0.15089,0.15017,0.15063,33132422
2024-09-04T03:00:00Z,0.15063,0.15204,0.15061,0.15169,54126796
2024-09-04T04:00:00Z,0.15170,0.15216,0.15148,0.15160,34928581
2024-09-04T05:00:00Z,0.15160,0.15178,0.15114,0.15116,30195247
2024-09-04T06:00:00Z,0.15116,0.15162,0.15107,0.15134,18936449
2024-09-04T07:00:00Z,0.15134,0.15176,0.15129,0.15131,18227779
2024-09-04T08:00:00Z,0.15131,0.15140,0.15009,0.15044,44623004
2024-09-04T09:00:00Z,0.15045,0.15063,0.15000,0.15026,26912670
2024-09-04T10:00:00Z,0.15027,0.15031,0.14965,0.14965,23286995
2024-09-04T11:00:00Z,0.14966,0.15020,0.14965,0.14976,21212627
2024-09-04T12:00:00Z,0.14976,0.15007,0.14955,0.14975,24873786
2024-09-04T13:00:00Z,0.14975,0.14999,0.14934,0.14984,24087121
2024-09-04T14:00:00Z,0.14984,0.15014,0.14945,0.14981,34780691
2024-09-04T15:00:00Z,0.14981,0.14998,0.14907,0.14976,54767565
2024-09-04T16:00:00Z,0.14976,0.15025,0.14930,0.14955,48942786
2024-09-04T17:00:00Z,0.14955,0.14958,0.14907,0.14912,19486927
2024-09-04T18:00:00Z,0.14912,0.14973,0.14898,0.14941,18002146
2024-09-04T19:00:00Z,0.14941,0.14966,0.14934,0.14956,9005749
2024-09-04T20:00:00Z,0.14957,0.14990,0.14939,0.14978,11397865
2024-09-04T21:00:00Z,0.14978,0.15030,0.14968,0.14989,13436879
2024-09-04T22:00:00Z,0.14989,0.15011,0.14979,0.14997,10081412
2024-09-04T23:00:00Z,0.14998,0.15008,0.14979,0.14993,9666866
2024-09-05T00:00:00Z,0.14992,0.14998,0.14965,0.14981,18367990
2024-09-05T01:00:00Z,0.14981,0.15014,0.14966,0.14990,13339482
2024-09-05T02:00:00Z,0.14991,0.15000,0.14937,0.14938,12582145
2024-09-05T03:00:00Z,0.14938,0.14945,0.14880,0.14904,28073464
2024-09-05T04:00:00Z,0.14904,0.14967,0.14896,0.14945,15553546
2024-09-05T05:00:00Z,0.14945,0.14980,0.14933,0.14974,9721692
2024-09-05T06:00:00Z,0.14973,0.14996,0.14935,0.14961,26035438
2024-09-05T07:00:00Z,0.14961,0.14980,0.14940,0.14964,12513842
2024-09-05T08:00:00Z,0.14965,0.14986,0.14945,0.14956,13638259
2024-09-05T09:00:00Z,0.14955,0.14956,0.14930,0.14953,9238495
2024-09-05T10:00:00Z,0.14954,0.15126,0.14953,0.15084,89465380
2024-09-05T11:00:00Z,0.15085,0.15130,0.15060,0.15108,42485810
2024-09-05T12:00:00Z,0.15109,0.15120,0.15030,0.15044,21698482
2024-09-05T13:00:00Z,0.15045,0.15050,0.15012,0.15044,23300844
2024-09-05T14:00:00Z,0.15045,0.15059,0.15014,0.15027,19801125
2024-09-05T15:00:00Z,0.15026,0.15038,0.14986,0.15019,34288033
2024-09-05T16:00:00Z,0.15020,0.15042,0.14989,0.15006,16152466
2024-09-05T17:00:00Z,0.15006,0.15037,0.14997,0.15035,10947309
2024-09-05T18:00:00Z,0.15036,0.15050,0.14983,0.15011,29427733
2024-09-05T19:00:00Z,0.15011,0.15023,0.14963,0.14977,12937680
2024-09-05T20:00:00Z,0.14976,0.15030,0.14975,0.15020,9974005
2024-09-05T21:00:00Z,0.15021,0.15051,0.15003,0.15035,18078972
2024-09-05T22:00:00Z,0.15035,0.15047,0.14944,0.14982,27149942
2024-09-05T23:00:00Z,0.14982,0.14997,0.14958,0.14970,8936566
2024-09-06T00:00:00Z,0.14971,0.14995,0.14955,0.14993,11491230
2024-09-06T01:00:00Z,0.14993,0.15015,0.14967,0.15001,11264983
2024-09-06T02:00:00Z,0.15002,0.15019,0.14965,0.14973,13176117
2024-09-06T03:00:00Z,0.14973,0.14998,0.14949,0.14959,16404847
2024-09-06T04:00:00Z,0.14959,0.14969,0.14936,0.14967,11764820
2024-09-06T05:00:00Z,0.14967,0.14967,0.14936,0.14955,8582991
2024-09-06T06:00:00Z,0.14954,0.14984,0.14937,0.14977,8759593
2024-09-06T07:00:00Z,0.14978,0.14983,0.14895,0.14911,46513923
2024-09-06T08:00:00Z,0.14910,0.14932,0.14899,0.14900,15510274
2024-09-06T09:00:00Z,0.14900,0.14959,0.14895,0.14944,13971508
2024-09-06T10:00:00Z,0.14944,0.15001,0.14942,0.14990,16616223
2024-09-06T11:00:00Z,0.14990,0.15006,0.14958,0.14991,10651713
2024-09-06T12:00:00Z,0.14991,0.15009,0.14953,0.14985,32401536
2024-09-06T13:00:00Z,0.14985,0.14988,0.14905,0.14911,29104479
2024-09-06T14:00:00Z,0.14911,0.14911,0.14814,0.14857,85233949
2024-09-06T15:00:00Z,0.14857,0.14886,0.14805,0.14836,31519025
2024-09-06T16:00:00Z,0.14836,0.14843,0.14750,0.14782,32817984
2024-09-06T17:00:00Z,0.14782,0.14842,0.14760,0.14811,23711201
2024-09-06T18:00:00Z,0.14812,0.14819,0.14752,0.14752,21091152
2024-09-06T19:00:00Z,0.14752,0.14802,0.14733,0.14760,28248983
2024-09-06T20:00:00Z,0.14761,0.14820,0.14652,0.14665,52219983
2024-09-06T21:00:00Z,0.14665,0.14764,0.14627,0.14752,53876514
2024-09-06T22:00:00Z,0.14752,0.14783,0.14740,0.14749,24581291
2024-09-06T23:00:00Z,0.14749,0.14796,0.14749,0.14786,13419796
2024-09-07T00:00:00Z,0.14786,0.14819,0.14786,0.14818,22609160
2024-09-07T01:00:00Z,0.14819,0.14853,0.14792,0.14851,15655916
2024-09-07T02:00:00Z,0.14851,0.14877,0.14844,0.14872,15207623
2024-09-07T03:00:00Z,0.14871,0.14919,0.14859,0.14906,24565093
2024-09-07T04:00:00Z,0.14906,0.14940,0.14906,0.14938,13139575
2024-09-07T05:00:00Z,0.14938,0.14958,0.14915,0.14944,19543846
2024-09-07T06:00:00Z,0.14945,0.14973,0.14936,0.14969,16059011
2024-09-07T07:00:00Z,0.14969,0.14999,0.14940,0.14961,27060763
2024-09-07T08:00:00Z,0.14961,0.14993,0.14950,0.14978,12132981
2024-09-07T09:00:00Z,0.14979,0.15000,0.14974,0.14990,12051778
2024-09-07T10:00:00Z,0.14991,0.15057,0.14991,0.15043,25329690
2024-09-07T11:00:00Z,0.15043,0.15057,0.15003,0.15005,15811442
2024-09-07T12:00:00Z,0.15004,0.15127,0.14994,0.15118,37431302
2024-09-07T13:00:00Z,0.15119,0.15158,0.15103,0.15141,30342946
2024-09-07T14:00:00Z,0.15141,0.15199,0.15136,0.15187,30229064
2024-09-07T15:00:00Z,0.15187,0.15209,0.15153,0.15192,25141088
2024-09-07T16:00:00Z,0.15192,0.15200,0.15134,0.15156,26489342
2024-09-07T17:00:00Z,0.15157,0.15180,0.15128,0.15136,18321938
2024-09-07T18:00:00Z,0.15136,0.15143,0.15076,0.15134,24856387
2024-09-07T19:00:00Z,0.15134,0.15164,0.15120,0.15128,14754535
2024-09-07T20:00:00Z,0.15128,0.15165,0.15109,0.15148,9976725
2024-09-07T21:00:00Z,0.15149,0.15153,0.15112,0.15120,9708922
2024-09-07T22:00:00Z,0.15119,0.15155,0.15114,0.15140,8704705
2024-09-07T23:00:00Z,0.15141,0.15162,0.15103,0.15157,13157116
2024-09-08T00:00:00Z,0.15158,0.15198,0.15128,0.15181,27985627
2024-09-08T01:00:00Z,0.15181,0.15196,0.15157,0.15179,13616249
2024-09-08T02:00:00Z,0.15180,0.15203,0.15170,0.15197,10853231
2024-09-08T03:00:00Z,0.15197,0.15260,0.15192,0.15253,26638900
2024-09-08T04:00:00Z,0.15252,0.15253,0.15212,0.15223,16115510
2024-09-08T05:00:00Z,0.15223,0.15225,0.15145,0.15147,18298624
2024-09-08T06:00:00Z,0.15147,0.15155,0.15120,0.15123,11448352
2024-09-08T07:00:00Z,0.15123,0.15165,0.15112,0.15138,16850927
2024-09-08T08:00:00Z,0.15138,0.15138,0.15098,0.15135,21206553
2024-09-08T09:00:00Z,0.15134,0.15145,0.15101,0.15117,18875375
2024-09-08T10:00:00Z,0.15117,0.15150,0.15117,0.15137,12743905
2024-09-08T11:00:00Z,0.15137,0.15147,0.15111,0.15144,13135545
2024-09-08T12:00:00Z,0.15142,0.15188,0.15108,0.15178,23484851
2024-09-08T13:00:00Z,0.15178,0.15264,0.15136,0.15225,52356976
2024-09-08T14:00:00Z,0.15225,0.15255,0.15196,0.15240,19962104
2024-09-08T15:00:00Z,0.15240,0.15315,0.15218,0.15276,39337084
2024-09-08T16:00:00Z,0.15276,0.15295,0.15240,0.15264,21632753
2024-09-08T17:00:00Z,0.15265,0.15315,0.15260,0.15303,20772396
2024-09-08T18:00:00Z,0.15304,0.15322,0.15275,0.15293,14090634
2024-09-08T19:00:00Z,0.15293,0.15312,0.15264,0.15294,8397672
2024-09-08T20:00:00Z,0.15293,0.15299,0.15264,0.15298,6497342
2024-09-08T21:00:00Z,0.15298,0.15302,0.15248,0.15281,12397140
2024-09-08T22:00:00Z,0.15280,0.15336,0.15238,0.15285,54526099
2024-09-08T23:00:00Z,0.15285,0.15320,0.15272,0.15314,14505638
2024-09-09T00:00:00Z,0.15315,0.15367,0.15310,0.15357,31144622
2024-09-09T01:00:00Z,0.15357,0.15388,0.15339,0.15371,20144031
2024-09-09T02:00:00Z,0.15371,0.15377,0.15333,0.15364,12074278
2024-09-09T03:00:00Z,0.15363,0.15365,0.15309,0.15315,12564749
2024-09-09T04:00:00Z,0.15316,0.15342,0.15307,0.15326,11389332
2024-09-09T05:00:00Z,0.15326,0.15360,0.15303,0.15348,10477667
2024-09-09T06:00:00Z,0.15349,0.15409,0.15343,0.15382,21468856
2024-09-09T07:00:00Z,0.15382,0.15432,0.15366,0.15406,35339647
2024-09-09T08:00:00Z,0.15405,0.15444,0.15381,0.15400,28970459
2024-09-09T09:00:00Z,0.15400,0.15403,0.15364,0.15373,14984659
2024-09-09T10:00:00Z,0.15372,0.15406,0.15372,0.15396,10939585
2024-09-09T11:00:00Z,0.15396,0.15413,0.15378,0.15383,13174132
2024-09-09T12:00:00Z,0.15382,0.15392,0.15353,0.15365,11786526
2024-09-09T13:00:00Z,0.15365,0.15438,0.15355,0.15428,24400911
2024-09-09T14:00:00Z,0.15428,0.15444,0.15384,0.15401,25671727
2024-09-09T15:00:00Z,0.15401,0.15463,0.15401,0.15448,22943503
2024-09-09T16:00:00Z,0.15449,0.15503,0.15430,0.15464,38378899
2024-09-09T17:00:00Z,0.15465,0.15488,0.15424,0.15441,22838014
2024-09-09T18:00:00Z,0.15441,0.15453,0.15401,0.15441,14160670
2024-09-09T19:00:00Z,0.15441,0.15481,0.15427,0.15459,17462277
2024-09-09T20:00:00Z,0.15459,0.15461,0.15417,0.15434,17768313
2024-09-09T21:00:00Z,0.15434,0.15474,0.15401,0.15413,26819259
2024-09-09T22:00:00Z,0.15412,0.15441,0.15398,0.15427,19318820
2024-09-09T23:00:00Z,0.15427,0.15457,0.15420,0.15452,10636971
2024-09-10T00:00:00Z,0.15452,0.15455,0.15396,0.15397,19311383
2024-09-10T01:00:00Z,0.15398,0.15423,0.15367,0.15380,15925801
2024-09-10T02:00:00Z,0.15379,0.15382,0.15358,0.15364,12381547
2024-09-10T03:00:00Z,0.15364,0.15376,0.15347,0.15359,11770117
2024-09-10T04:00:00Z,0.15358,0.15385,0.15341,0.15362,13239095
2024-09-10T05:00:00Z,0.15362,0.15365,0.15277,0.15287,32122680
2024-09-10T06:00:00Z,0.15287,0.15292,0.15266,0.15287,15075203
2024-09-10T07:00:00Z,0.15287,0.15308,0.15277,0.15283,16361209
2024-09-10T08:00:00Z,0.15283,0.15288,0.15261,0.15276,15732168
2024-09-10T09:00:00Z,0.15276,0.15290,0.15240,0.15277,18801233
2024-09-10T10:00:00Z,0.15277,0.15289,0.15261,0.15262,15758913
2024-09-10T11:00:00Z,0.15262,0.15271,0.15237,0.15237,20724793
2024-09-10T12:00:00Z,0.15238,0.15303,0.15228,0.15274,46155494
2024-09-10T13:00:00Z,0.15273,0.15279,0.15234,0.15255,21436987
2024-09-10T14:00:00Z,0.15254,0.15267,0.15235,0.15262,16586769
2024-09-10T15:00:00Z,0.15261,0.15279,0.15236,0.15236,17882952
2024-09-10T16:00:00Z,0.15237,0.15245,0.15200,0.15203,21494268
2024-09-10T17:00:00Z,0.15203,0.15227,0.15195,0.15214,16722800
2024-09-10T18:00:00Z,0.15214,0.15260,0.15208,0.15240,27242461
2024-09-10T19:00:00Z,0.15239,0.15321,0.15239,0.15302,12323495
2024-09-10T20:00:00Z,0.15302,0.15356,0.15299,0.15308,13311656
2024-09-10T21:00:00Z,0.15306,0.15321,0.15288,0.15291,6937820
2024-09-10T22:00:00Z,0.15291,0.15327,0.15288,0.15300,9555333
2024-09-10T23:00:00Z,0.15301,0.15315,0.15289,0.15291,7038424
2024-09-11T00:00:00Z,0.15291,0.15298,0.15258,0.15263,15059510
2024-09-11T01:00:00Z,0.15263,0.15274,0.15211,0.15227,24543988
2024-09-11T02:00:00Z,0.15228,0.15249,0.15222,0.15224,10364361
2024-09-11T03:00:00Z,0.15224,0.15246,0.15217,0.15231,12859391
2024-09-11T04:00:00Z,0.15231,0.15237,0.15169,0.15186,24883787
2024-09-11T05:00:00Z,0.15186,0.15194,0.15164,0.15185,18150452
2024-09-11T06:00:00Z,0.15185,0.15210,0.15177,0.15198,11836295
2024-09-11T07:00:00Z,0.15199,0.15228,0.15196,0.15224,13038790
2024-09-11T08:00:00Z,0.15224,0.15230,0.15200,0.15221,15196436
2024-09-11T09:00:00Z,0.15221,0.15261,0.15216,0.15256,18605466
2024-09-11T10:00:00Z,0.15256,0.15280,0.15243,0.15270,18359719
2024-09-11T11:00:00Z,0.15270,0.15271,0.15220,0.15241,15589252
2024-09-11T12:00:00Z,0.15241,0.15267,0.15225,0.15255,21127889
2024-09-11T13:00:00Z,0.15255,0.15301,0.15227,0.15233,26838668
2024-09-11T14:00:00Z,0.15234,0.15239,0.15198,0.15216,23026276
2024-09-11T15:00:00Z,0.15216,0.15265,0.15205,0.15256,17424054
2024-09-11T16:00:00Z,0.15256,0.15288,0.15253,0.15278,16132572
2024-09-11T17:00:00Z,0.15278,0.15309,0.15276,0.15291,20533191
2024-09-11T18:00:00Z,0.15291,0.15320,0.15278,0.15290,18256814
2024-09-11T19:00:00Z,0.15289,0.15320,0.15280,0.15310,9688351
2024-09-11T20:00:00Z,0.15310,0.15350,0.15309,0.15329,18188042
2024-09-11T21:00:00Z,0.15330,0.15330,0.15282,0.15295,11127999
2024-09-11T22:00:00Z,0.15295,0.15328,0.15294,0.15316,11962511
2024-09-11T23:00:00Z,0.15316,0.15338,0.15302,0.15333,13966161
2024-09-12T00:00:00Z,0.15334,0.15352,0.15332,0.15351,12671138
2024-09-12T01:00:00Z,0.15351,0.15373,0.15343,0.15368,15597218
2024-09-12T02:00:00Z,0.15368,0.15378,0.15339,0.15354,19242594
2024-09-12T03:00:00Z,0.15353,0.15361,0.15329,0.15329,9970280
2024-09-12T04:00:00Z,0.15329,0.15368,0.15328,0.15363,14091794
2024-09-12T05:00:00Z,0.15365,0.15372,0.15347,0.15371,12699369
2024-09-12T06:00:00Z,0.15371,0.15377,0.15350,0.15361,12252702
2024-09-12T07:00:00Z,0.15361,0.15385,0.15350,0.15362,14222107
2024-09-12T08:00:00Z,0.15361,0.15429,0.15346,0.15429,31795618
2024-09-12T09:00:00Z,0.15428,0.15431,0.15398,0.15404,17314934
2024-09-12T10:00:00Z,0.15404,0.15421,0.15389,0.15398,14703627
2024-09-12T11:00:00Z,0.15397,0.15418,0.15395,0.15405,13164597
2024-09-12T12:00:00Z,0.15406,0.15419,0.15386,0.15396,28548651
2024-09-12T13:00:00Z,0.15396,0.15397,0.15248,0.15263,67152691
2024-09-12T14:00:00Z,0.15263,0.15300,0.15227,0.15229,29982452
2024-09-12T15:00:00Z,0.15229,0.15252,0.15195,0.15211,27401368
2024-09-12T16:00:00Z,0.15212,0.15248,0.15202,0.15222,15127078
2024-09-12T17:00:00Z,0.15222,0.15245,0.15182,0.15244,24175167
2024-09-12T18:00:00Z,0.15243,0.15244,0.15182,0.15189,18671088
2024-09-12T19:00:00Z,0.15190,0.15227,0.15182,0.15215,14597762
2024-09-12T20:00:00Z,0.15216,0.15216,0.15190,0.15196,10262985
2024-09-12T21:00:00Z,0.15197,0.15198,0.15170,0.15180,9883128
2024-09-12T22:00:00Z,0.15180,0.15219,0.15175,0.15194,14146459
2024-09-12T23:00:00Z,0.15194,0.15204,0.15183,0.15186,10856754
2024-09-13T00:00:00Z,0.15187,0.15187,0.15141,0.15158,19418828
2024-09-13T01:00:00Z,0.15157,0.15165,0.15109,0.15144,26564180
2024-09-13T02:00:00Z,0.15145,0.15150,0.15126,0.15126,8401541
2024-09-13T03:00:00Z,0.15127,0.15147,0.15102,0.15103,10872999
2024-09-13T04:00:00Z,0.15103,0.15128,0.15097,0.15107,11936379
2024-09-13T05:00:00Z,0.15107,0.15119,0.15080,0.15086,11967033
2024-09-13T06:00:00Z,0.15085,0.15104,0.15068,0.15073,16929087
2024-09-13T07:00:00Z,0.15072,0.15081,0.15055,0.15071,14204487
2024-09-13T08:00:00Z,0.15070,0.15103,0.15065,0.15097,11711213
2024-09-13T09:00:00Z,0.15098,0.15098,0.15069,0.15078,18340083
2024-09-13T10:00:00Z,0.15077,0.15107,0.15058,0.15106,15575017
2024-09-13T11:00:00Z,0.15106,0.15106,0.15060,0.15066,13170390
2024-09-13T12:00:00Z,0.15066,0.15087,0.15044,0.15084,19523467
2024-09-13T13:00:00Z,0.15084,0.15092,0.15065,0.15075,13994629
2024-09-13T14:00:00Z,0.15076,0.15093,0.15045,0.15049,17167986
2024-09-13T15:00:00Z,0.15048,0.15081,0.15034,0.15053,53334226
2024-09-13T16:00:00Z,0.15052,0.15054,0.14832,0.14862,194839293
2024-09-13T17:00:00Z,0.14861,0.14897,0.14854,0.14859,27840181
2024-09-13T18:00:00Z,0.14859,0.14886,0.14839,0.14875,20806510
2024-09-13T19:00:00Z,0.14875,0.14882,0.14860,0.14870,11954360
2024-09-13T20:00:00Z,0.14870,0.14884,0.14856,0.14858,13966091
2024-09-13T21:00:00Z,0.14858,0.14899,0.14846,0.14881,22499490
2024-09-13T22:00:00Z,0.14880,0.14889,0.14855,0.14876,20394394
2024-09-13T23:00:00Z,0.14876,0.14887,0.14865,0.14876,12982680
2024-09-14T00:00:00Z,0.14876,0.14877,0.14855,0.14859,16263635
2024-09-14T01:00:00Z,0.14858,0.14859,0.14761,0.14792,39187426
2024-09-14T02:00:00Z,0.14792,0.14802,0.14758,0.14771,16344763
2024-09-14T03:00:00Z,0.14771,0.14818,0.14733,0.14809,25934322
2024-09-14T04:00:00Z,0.14809,0.14824,0.14785,0.14791,12803827
2024-09-14T05:00:00Z,0.14791,0.14799,0.14775,0.14782,11629114
2024-09-14T06:00:00Z,0.14781,0.14799,0.14777,0.14777,12971887
2024-09-14T07:00:00Z,0.14778,0.14788,0.14762,0.14778,12192933
2024-09-14T08:00:00Z,0.14777,0.14809,0.14777,0.14809,12500975
2024-09-14T09:00:00Z,0.14809,0.14830,0.14806,0.14821,21270264
2024-09-14T10:00:00Z,0.14821,0.14827,0.14791,0.14793,17407894
2024-09-14T11:00:00Z,0.14793,0.14794,0.14737,0.14745,25907589
2024-09-14T12:00:00Z,0.14746,0.14770,0.14715,0.14738,27875723
2024-09-14T13:00:00Z,0.14737,0.14769,0.14726,0.14766,17327261
2024-09-14T14:00:00Z,0.14766,0.14778,0.14722,0.14762,17114679
2024-09-14T15:00:00Z,0.14763,0.14763,0.14685,0.14728,30251693
2024-09-14T16:00:00Z,0.14727,0.14735,0.14692,0.14705,14833656
2024-09-14T17:00:00Z,0.14704,0.14725,0.14691,0.14702,20611229
2024-09-14T18:00:00Z,0.14703,0.14736,0.14676,0.14722,20472776
2024-09-14T19:00:00Z,0.14722,0.14737,0.14704,0.14734,9352095
2024-09-14T20:00:00Z,0.14735,0.14755,0.14728,0.14751,9117944
2024-09-14T21:00:00Z,0.14752,0.14752,0.14725,0.14728,5477255
2024-09-14T22:00:00Z,0.14728,0.14745,0.14717,0.14745,10776348
2024-09-14T23:00:00Z,0.14745,0.14745,0.14720,0.14741,8593596
2024-09-15T00:00:00Z,0.14741,0.14741,0.14714,0.14734,13729321
2024-09-15T01:00:00Z,0.14734,0.14741,0.14722,0.14727,7090849
2024-09-15T02:00:00Z,0.14727,0.14754,0.14727,0.14754,9074482
2024-09-15T03:00:00Z,0.14755,0.14781,0.14753,0.14761,26327786
2024-09-15T04:00:00Z,0.14761,0.14786,0.14751,0.14785,10705599
2024-09-15T05:00:00Z,0.14785,0.14789,0.14757,0.14768,8150196
2024-09-15T06:00:00Z,0.14768,0.14772,0.14738,0.14748,15653996
2024-09-15T07:00:00Z,0.14748,0.14758,0.14727,0.14744,14459298
2024-09-15T08:00:00Z,0.14744,0.14746,0.14701,0.14708,16984575
2024-09-15T09:00:00Z,0.14708,0.14708,0.14689,0.14693,15051877
2024-09-15T10:00:00Z,0.14694,0.14755,0.14694,0.14728,30981763
2024-09-15T11:00:00Z,0.14728,0.14733,0.14687,0.14705,11109033
2024-09-15T12:00:00Z,0.14706,0.14743,0.14688,0.14741,9166653
2024-09-15T13:00:00Z,0.14740,0.14810,0.14740,0.14804,37309042
2024-09-15T14:00:00Z,0.14805,0.14859,0.14776,0.14858,34608586
2024-09-15T15:00:00Z,0.14858,0.14957,0.14856,0.14946,44338168
2024-09-15T16:00:00Z,0.14947,0.14950,0.14896,0.14927,28698820
2024-09-15T17:00:00Z,0.14926,0.14940,0.14876,0.14889,20601643
2024-09-15T18:00:00Z,0.14889,0.14926,0.14889,0.14899,20259248
2024-09-15T19:00:00Z,0.14899,0.14914,0.14884,0.14908,7816952
2024-09-15T20:00:00Z,0.14908,0.14920,0.14887,0.14894,13262628
2024-09-15T21:00:00Z,0.14894,0.14894,0.14840,0.14881,19101667
2024-09-15T22:00:00Z,0.14882,0.14914,0.14866,0.14912,8233214
2024-09-15T23:00:00Z,0.14913,0.14914,0.14827,0.14887,19878325
2024-09-16T00:00:00Z,0.14886,0.14889,0.14813,0.14853,19709103
2024-09-16T01:00:00Z,0.14853,0.14853,0.14782,0.14794,12711369
2024-09-16T02:00:00Z,0.14794,0.14811,0.14759,0.14764,18930144
2024-09-16T03:00:00Z,0.14765,0.14846,0.14761,0.14843,14458854
2024-09-16T04:00:00Z,0.14844,0.14850,0.14777,0.14786,21103772
2024-09-16T05:00:00Z,0.14785,0.14868,0.14785,0.14867,14378644
2024-09-16T06:00:00Z,0.14867,0.14889,0.14842,0.14858,12539537
2024-09-16T07:00:00Z,0.14858,0.14901,0.14856,0.14888,14414633
2024-09-16T08:00:00Z,0.14887,0.14901,0.14836,0.14857,34347049
2024-09-16T09:00:00Z,0.14858,0.14898,0.14856,0.14878,22400289
2024-09-16T10:00:00Z,0.14877,0.14914,0.14873,0.14912,14964429
2024-09-16T11:00:00Z,0.14912,0.14939,0.14899,0.14915,16683993
2024-09-16T12:00:00Z,0.14916,0.14957,0.14907,0.14943,22094142
2024-09-16T13:00:00Z,0.14944,0.14963,0.14890,0.14943,34977490
2024-09-16T14:00:00Z,0.14942,0.14951,0.14859,0.14869,40655984
2024-09-16T15:00:00Z,0.14869,0.14873,0.14790,0.14796,34369390
2024-09-16T16:00:00Z,0.14795,0.14837,0.14795,0.14836,16909174
2024-09-16T17:00:00Z,0.14837,0.14861,0.14803,0.14859,17218581
2024-09-16T18:00:00Z,0.14858,0.14862,0.14814,0.14829,9535080
2024-09-16T19:00:00Z,0.14829,0.14858,0.14806,0.14844,12054353
2024-09-16T20:00:00Z,0.14845,0.14860,0.14844,0.14847,11728464
2024-09-16T21:00:00Z,0.14847,0.14870,0.14825,0.14870,6959336
2024-09-16T22:00:00Z,0.14870,0.14872,0.14858,0.14870,5619112
2024-09-16T23:00:00Z,0.14870,0.14896,0.14866,0.14890,9547515
2024-09-17T00:00:00Z,0.14890,0.14922,0.14888,0.14904,15283089
2024-09-17T01:00:00Z,0.14904,0.14930,0.14894,0.14923,8519951
2024-09-17T02:00:00Z,0.14923,0.14943,0.14914,0.14935,9171314
2024-09-17T03:00:00Z,0.14936,0.14960,0.14933,0.14947,7842509
2024-09-17T04:00:00Z,0.14947,0.14974,0.14946,0.14967,11861342
2024-09-17T05:00:00Z,0.14967,0.14994,0.14967,0.14985,9869020
2024-09-17T06:00:00Z,0.14986,0.14990,0.14961,0.14966,9948944
2024-09-17T07:00:00Z,0.14966,0.14999,0.14955,0.14995,6707457
2024-09-17T08:00:00Z,0.14994,0.15014,0.14984,0.15000,16188272
2024-09-17T09:00:00Z,0.14999,0.15007,0.14982,0.14991,10505491
2024-09-17T10:00:00Z,0.14991,0.15044,0.14991,0.15043,21141882
2024-09-17T11:00:00Z,0.15043,0.15043,0.14986,0.14996,13479505
2024-09-17T12:00:00Z,0.14996,0.15013,0.14984,0.15009,11055292
2024-09-17T13:00:00Z,0.15009,0.15054,0.14991,0.15009,16916513
2024-09-17T14:00:00Z,0.15010,0.15104,0.15009,0.15072,39810043
2024-09-17T15:00:00Z,0.15072,0.15127,0.15068,0.15107,29685212
2024-09-17T16:00:00Z,0.15106,0.15107,0.15046,0.15046,20690401
2024-09-17T17:00:00Z,0.15046,0.15077,0.14988,0.15005,27570825
2024-09-17T18:00:00Z,0.15005,0.15018,0.14977,0.14989,10528360
2024-09-17T19:00:00Z,0.14988,0.15018,0.14970,0.14989,15763511
2024-09-17T20:00:00Z,0.14988,0.15010,0.14979,0.14983,7176503
2024-09-17T21:00:00Z,0.14984,0.15021,0.14981,0.15002,5805393
2024-09-17T22:00:00Z,0.15003,0.15003,0.14961,0.14993,8618961
2024-09-17T23:00:00Z,0.14993,0.14997,0.14967,0.14993,8138251
2024-09-18T00:00:00Z,0.14994,0.14994,0.14950,0.14972,13279391
2024-09-18T01:00:00Z,0.14971,0.14987,0.14960,0.14974,6461709
2024-09-18T02:00:00Z,0.14975,0.14991,0.14975,0.14977,5953178
2024-09-18T03:00:00Z,0.14978,0.14979,0.14955,0.14960,10180640
2024-09-18T04:00:00Z,0.14961,0.14972,0.14936,0.14954,10533042
2024-09-18T05:00:00Z,0.14955,0.14991,0.14947,0.14973,10786988
2024-09-18T06:00:00Z,0.14973,0.15005,0.14968,0.14999,6432781
2024-09-18T07:00:00Z,0.14999,0.15019,0.14995,0.15006,11194513
2024-09-18T08:00:00Z,0.15006,0.15024,0.14982,0.14982,12583661
2024-09-18T09:00:00Z,0.14983,0.15003,0.14965,0.14968,14128890
2024-09-18T10:00:00Z,0.14969,0.14992,0.14944,0.14970,19488465
2024-09-18T11:00:00Z,0.14970,0.14985,0.14940,0.14941,14222737
2024-09-18T12:00:00Z,0.14942,0.14978,0.14938,0.14978,8379580
2024-09-18T13:00:00Z,0.14978,0.14987,0.14925,0.14940,12552996
2024-09-18T14:00:00Z,0.14940,0.14972,0.14936,0.14940,8146444
2024-09-18T15:00:00Z,0.14939,0.14960,0.14924,0.14931,11287626
2024-09-18T16:00:00Z,0.14931,0.14986,0.14924,0.14938,18270341
2024-09-18T17:00:00Z,0.14938,0.14941,0.14882,0.14927,13135303
2024-09-18T18:00:00Z,0.14927,0.14982,0.14909,0.14921,33269257
2024-09-18T19:00:00Z,0.14921,0.14945,0.14894,0.14901,18860900
2024-09-18T20:00:00Z,0.14900,0.14926,0.14883,0.14919,8350232
2024-09-18T21:00:00Z,0.14918,0.14936,0.14890,0.14893,6612933
2024-09-18T22:00:00Z,0.14893,0.14922,0.14892,0.14904,9100641
2024-09-18T23:00:00Z,0.14905,0.14945,0.14900,0.14941,13908393
2024-09-19T00:00:00Z,0.14941,0.14992,0.14932,0.14963,32479200
2024-09-19T01:00:00Z,0.14964,0.14974,0.14939,0.14954,13863030
2024-09-19T02:00:00Z,0.14954,0.14959,0.14937,0.14956,8214242
2024-09-19T03:00:00Z,0.14955,0.14987,0.14949,0.14967,8670731
2024-09-19T04:00:00Z,0.14968,0.14993,0.14966,0.14984,10191779
2024-09-19T05:00:00Z,0.14984,0.14995,0.14952,0.14955,8991251
2024-09-19T06:00:00Z,0.14956,0.14999,0.14946,0.14996,19440143
2024-09-19T07:00:00Z,0.14996,0.15030,0.14992,0.15019,16499396
2024-09-19T08:00:00Z,0.15019,0.15022,0.14994,0.15013,9509313
2024-09-19T09:00:00Z,0.15014,0.15047,0.15002,0.15007,13854121
2024-09-19T10:00:00Z,0.15007,0.15044,0.15000,0.15033,9715345
2024-09-19T11:00:00Z,0.15033,0.15050,0.15029,0.15032,11872874
2024-09-19T12:00:00Z,0.15033,0.15064,0.15020,0.15020,14732585
2024-09-19T13:00:00Z,0.15020,0.15048,0.15011,0.15022,10720062
2024-09-19T14:00:00Z,0.15022,0.15160,0.15010,0.15110,45245840
2024-09-19T15:00:00Z,0.15110,0.15147,0.15106,0.15139,10637532
2024-09-19T16:00:00Z,0.15139,0.15151,0.15090,0.15104,22420894
2024-09-19T17:00:00Z,0.15104,0.15123,0.15078,0.15110,13821467
2024-09-19T18:00:00Z,0.15109,0.15118,0.15086,0.15091,11022906
2024-09-19T19:00:00Z,0.15090,0.15117,0.15076,0.15087,8629392
2024-09-19T20:00:00Z,0.15087,0.15116,0.15083,0.15084,6271747
2024-09-19T21:00:00Z,0.15084,0.15087,0.15060,0.15060,9154686
2024-09-19T22:00:00Z,0.15060,0.15147,0.15051,0.15131,24724794
2024-09-19T23:00:00Z,0.15131,0.15148,0.15105,0.15148,17247896
2024-09-20T00:00:00Z,0.15148,0.15206,0.15141,0.15178,18736531
2024-09-20T01:00:00Z,0.15178,0.15187,0.15140,0.15174,12172119
2024-09-20T02:00:00Z,0.15174,0.15214,0.15166,0.15212,11326680
2024-09-20T03:00:00Z,0.15211,0.15233,0.15193,0.15226,13640221
2024-09-20T04:00:00Z,0.15226,0.15251,0.15220,0.15245,14411704
2024-09-20T05:00:00Z,0.15246,0.15256,0.15238,0.15255,12535962
2024-09-20T06:00:00Z,0.15255,0.15278,0.15250,0.15269,11721992
2024-09-20T07:00:00Z,0.15269,0.15269,0.15212,0.15232,14616714
2024-09-20T08:00:00Z,0.15232,0.15239,0.15169,0.15202,14865268
2024-09-20T09:00:00Z,0.15202,0.15222,0.15180,0.15190,9483122
2024-09-20T10:00:00Z,0.15189,0.15219,0.15189,0.15206,7980151
2024-09-20T11:00:00Z,0.15206,0.15222,0.15195,0.15214,9452634
2024-09-20T12:00:00Z,0.15215,0.15246,0.15214,0.15222,11949766
2024-09-20T13:00:00Z,0.15222,0.15224,0.15160,0.15178,22618017
2024-09-20T14:00:00Z,0.15178,0.15201,0.15120,0.15162,18670990
2024-09-20T15:00:00Z,0.15161,0.15197,0.15143,0.15189,8389631
2024-09-20T16:00:00Z,0.15189,0.15197,0.15147,0.15176,7413713
2024-09-20T17:00:00Z,0.15175,0.15183,0.15147,0.15183,8732053
2024-09-20T18:00:00Z,0.15183,0.15187,0.15141,0.15182,8454827
2024-09-20T19:00:00Z,0.15183,0.15201,0.15171,0.15194,14400004
2024-09-20T20:00:00Z,0.15194,0.15198,0.15184,0.15190,4301968
2024-09-20T21:00:00Z,0.15191,0.15211,0.15174,0.15178,5269612
2024-09-20T22:00:00Z,0.15177,0.15208,0.15177,0.15206,4678790
2024-09-20T23:00:00Z,0.15205,0.15205,0.15187,0.15198,4347819
2024-09-21T00:00:00Z,0.15197,0.15205,0.15154,0.15201,9371598
2024-09-21T01:00:00Z,0.15201,0.15208,0.15161,0.15167,7582093
2024-09-21T02:00:00Z,0.15167,0.15185,0.15156,0.15161,6556829
2024-09-21T03:00:00Z,0.15162,0.15177,0.15154,0.15161,5230285
2024-09-21T04:00:00Z,0.15159,0.15168,0.15141,0.15146,5366488
2024-09-21T05:00:00Z,0.15147,0.15167,0.15130,0.15154,3824742
2024-09-21T06:00:00Z,0.15154,0.15174,0.15154,0.15168,4357266
2024-09-21T07:00:00Z,0.15167,0.15192,0.15165,0.15186,4097993
2024-09-21T08:00:00Z,0.15185,0.15189,0.15163,0.15182,4274726
2024-09-21T09:00:00Z,0.15182,0.15191,0.15164,0.15178,4066275
2024-09-21T10:00:00Z,0.15177,0.15193,0.15169,0.15193,4068855
2024-09-21T11:00:00Z,0.15193,0.15225,0.15192,0.15205,7913652
2024-09-21T12:00:00Z,0.15204,0.15226,0.15190,0.15222,5692019
2024-09-21T13:00:00Z,0.15221,0.15228,0.15211,0.15225,4141737
2024-09-21T14:00:00Z,0.15225,0.15226,0.15196,0.15209,7866122
2024-09-21T15:00:00Z,0.15208,0.15209,0.15190,0.15199,5252444
2024-09-21T16:00:00Z,0.15198,0.15230,0.15198,0.15230,4972930
2024-09-21T17:00:00Z,0.15229,0.15242,0.15226,0.15229,5667265
2024-09-21T18:00:00Z,0.15228,0.15234,0.15215,0.15222,3576884
2024-09-21T19:00:00Z,0.15222,0.15225,0.15192,0.15195,5034814
2024-09-21T20:00:00Z,0.15194,0.15196,0.15179,0.15187,4295321
2024-09-21T21:00:00Z,0.15186,0.15187,0.15173,0.15177,3003299
2024-09-21T22:00:00Z,0.15177,0.15210,0.15177,0.15205,3853872
2024-09-21T23:00:00Z,0.15205,0.15215,0.15184,0.15188,9489332
2024-09-22T00:00:00Z,0.15187,0.15209,0.15167,0.15176,17079700
2024-09-22T01:00:00Z,0.15176,0.15201,0.15172,0.15177,8101007
2024-09-22T02:00:00Z,0.15177,0.15191,0.15153,0.15157,8563360
2024-09-22T03:00:00Z,0.15157,0.15180,0.15147,0.15161,7040385
2024-09-22T04:00:00Z,0.15160,0.15177,0.15158,0.15163,3435267
2024-09-22T05:00:00Z,0.15164,0.15164,0.15146,0.15148,4215038
2024-09-22T06:00:00Z,0.15148,0.15174,0.15138,0.15142,5347027
2024-09-22T07:00:00Z,0.15142,0.15155,0.15140,0.15145,4442792
2024-09-22T08:00:00Z,0.15146,0.15176,0.15141,0.15176,2951914
2024-09-22T09:00:00Z,0.15176,0.15179,0.15124,0.15132,8508784
2024-09-22T10:00:00Z,0.15133,0.15150,0.15108,0.15120,7803638
2024-09-22T11:00:00Z,0.15119,0.15132,0.15108,0.15109,6246800
2024-09-22T12:00:00Z,0.15109,0.15130,0.15107,0.15116,4828266
2024-09-22T13:00:00Z,0.15116,0.15136,0.15098,0.15117,8247199
2024-09-22T14:00:00Z,0.15117,0.15126,0.15076,0.15116,14849686
2024-09-22T15:00:00Z,0.15117,0.15134,0.15112,0.15113,6423437
2024-09-22T16:00:00Z,0.15113,0.15114,0.15083,0.15086,8391524
2024-09-22T17:00:00Z,0.15086,0.15142,0.15083,0.15136,7517088
2024-09-22T18:00:00Z,0.15136,0.15174,0.15101,0.15159,15606733
2024-09-22T19:00:00Z,0.15159,0.15181,0.15124,0.15156,27032508
2024-09-22T20:00:00Z,0.15156,0.15195,0.15139,0.15162,14669335
2024-09-22T21:00:00Z,0.15162,0.15202,0.15140,0.15141,19845532
2024-09-22T22:00:00Z,0.15141,0.15197,0.15114,0.15178,38482993
2024-09-22T23:00:00Z,0.15178,0.15190,0.15159,0.15167,11076012
2024-09-23T00:00:00Z,0.15168,0.15190,0.15134,0.15136,41899862
2024-09-23T01:00:00Z,0.15135,0.15147,0.15109,0.15118,25047897
2024-09-23T02:00:00Z,0.15118,0.15146,0.15110,0.15145,6609466
2024-09-23T03:00:00Z,0.15145,0.15174,0.15131,0.15166,14722660
2024-09-23T04:00:00Z,0.15166,0.15173,0.15128,0.15145,6684856
2024-09-23T05:00:00Z,0.15146,0.15171,0.15133,0.15156,10937501
2024-09-23T06:00:00Z,0.15157,0.15208,0.15145,0.15190,9208834
2024-09-23T07:00:00Z,0.15191,0.15228,0.15152,0.15202,13231967
2024-09-23T08:00:00Z,0.15202,0.15224,0.15174,0.15188,14208625
2024-09-23T09:00:00Z,0.15189,0.15237,0.15185,0.15232,9456852
2024-09-23T10:00:00Z,0.15232,0.15267,0.15228,0.15263,13782259
2024-09-23T11:00:00Z,0.15264,0.15288,0.15240,0.15275,15524458
2024-09-23T12:00:00Z,0.15275,0.15288,0.15228,0.15265,17296491
2024-09-23T13:00:00Z,0.15265,0.15268,0.15225,0.15243,11778955
2024-09-23T14:00:00Z,0.15244,0.15276,0.15228,0.15250,13405898
2024-09-23T15:00:00Z,0.15249,0.15270,0.15227,0.15251,9751574
2024-09-23T16:00:00Z,0.15250,0.15270,0.15236,0.15243,10320119
2024-09-23T17:00:00Z,0.15242,0.15257,0.15228,0.15255,6669011
2024-09-23T18:00:00Z,0.15254,0.15271,0.15246,0.15263,8320208
2024-09-23T19:00:00Z,0.15262,0.15268,0.15245,0.15254,7249030
2024-09-23T20:00:00Z,0.15253,0.15262,0.15230,0.15241,8392679
2024-09-23T21:00:00Z,0.15240,0.15250,0.15212,0.15226,10340277
2024-09-23T22:00:00Z,0.15227,0.15241,0.15213,0.15219,6172978
2024-09-23T23:00:00Z,0.15218,0.15233,0.15212,0.15225,7201985
2024-09-24T00:00:00Z,0.15225,0.15226,0.15196,0.15196,9771307
2024-09-24T01:00:00Z,0.15197,0.15207,0.15149,0.15162,12112572
2024-09-24T02:00:00Z,0.15161,0.15184,0.15154,0.15169,8979485
2024-09-24T03:00:00Z,0.15169,0.15183,0.15158,0.15177,6614094
2024-09-24T04:00:00Z,0.15176,0.15186,0.15155,0.15158,5647998
2024-09-24T05:00:00Z,0.15158,0.15177,0.15147,0.15160,6194027
2024-09-24T06:00:00Z,0.15160,0.15195,0.15158,0.15183,7447480
2024-09-24T07:00:00Z,0.15182,0.15210,0.15171,0.15210,6860527
2024-09-24T08:00:00Z,0.15210,0.15243,0.15206,0.15225,11864921
2024-09-24T09:00:00Z,0.15225,0.15233,0.15186,0.15211,9884970
2024-09-24T10:00:00Z,0.15211,0.15241,0.15206,0.15229,8309243
2024-09-24T11:00:00Z,0.15230,0.15234,0.15212,0.15234,7538885
2024-09-24T12:00:00Z,0.15234,0.15252,0.15212,0.15220,10212484
2024-09-24T13:00:00Z,0.15220,0.15243,0.15212,0.15221,9042216
2024-09-24T14:00:00Z,0.15220,0.15221,0.15153,0.15193,21516351
2024-09-24T15:00:00Z,0.15193,0.15196,0.15155,0.15160,9818156
2024-09-24T16:00:00Z,0.15161,0.15166,0.15115,0.15142,20620877
2024-09-24T17:00:00Z,0.15141,0.15156,0.15076,0.15112,34109295
2024-09-24T18:00:00Z,0.15112,0.15121,0.15089,0.15091,21082920
2024-09-24T19:00:00Z,0.15092,0.15121,0.15051,0.15109,22343338
2024-09-24T20:00:00Z,0.15108,0.15111,0.15073,0.15096,14997661
2024-09-24T21:00:00Z,0.15095,0.15132,0.15081,0.15110,12666079
2024-09-24T22:00:00Z,0.15110,0.15126,0.15076,0.15114,15877556
2024-09-24T23:00:00Z,0.15114,0.15124,0.15106,0.15112,8314642
2024-09-25T00:00:00Z,0.15112,0.15113,0.15054,0.15058,18126831
2024-09-25T01:00:00Z,0.15058,0.15113,0.15051,0.15078,12416955
2024-09-25T02:00:00Z,0.15078,0.15099,0.15061,0.15082,23419365
2024-09-25T03:00:00Z,0.15082,0.15103,0.15069,0.15103,8985008
2024-09-25T04:00:00Z,0.15103,0.15117,0.15051,0.15053,11636296
2024-09-25T05:00:00Z,0.15052,0.15056,0.15033,0.15049,13531737
2024-09-25T06:00:00Z,0.15050,0.15050,0.14987,0.15035,24089026
2024-09-25T07:00:00Z,0.15035,0.15041,0.14999,0.15020,12338174
2024-09-25T08:00:00Z,0.15020,0.15058,0.15017,0.15024,9582583
2024-09-25T09:00:00Z,0.15025,0.15050,0.15013,0.15016,13938352
2024-09-25T10:00:00Z,0.15017,0.15063,0.15005,0.15057,32034280
2024-09-25T11:00:00Z,0.15058,0.15069,0.15045,0.15069,12373663
2024-09-25T12:00:00Z,0.15069,0.15082,0.15056,0.15067,6378759
2024-09-25T13:00:00Z,0.15068,0.15073,0.15031,0.15054,9347536
2024-09-25T14:00:00Z,0.15054,0.15069,0.15039,0.15061,6625197
2024-09-25T15:00:00Z,0.15060,0.15082,0.15031,0.15041,15585055
2024-09-25T16:00:00Z,0.15040,0.15056,0.15037,0.15037,8903083
2024-09-25T17:00:00Z,0.15038,0.15047,0.15031,0.15038,9572445
2024-09-25T18:00:00Z,0.15037,0.15047,0.15001,0.15012,7283574
2024-09-25T19:00:00Z,0.15012,0.15027,0.15001,0.15003,5493801
2024-09-25T20:00:00Z,0.15003,0.15037,0.15001,0.15025,5829595
2024-09-25T21:00:00Z,0.15024,0.15037,0.15002,0.15006,3475818
2024-09-25T22:00:00Z,0.15005,0.15006,0.14974,0.14984,11636067
2024-09-25T23:00:00Z,0.14983,0.14994,0.14967,0.14990,7874030
2024-09-26T00:00:00Z,0.14991,0.14996,0.14946,0.14951,17886014
2024-09-26T01:00:00Z,0.14951,0.14962,0.14922,0.14939,9871959
2024-09-26T02:00:00Z,0.14939,0.14965,0.14937,0.14961,6645939
2024-09-26T03:00:00Z,0.14962,0.14981,0.14955,0.14972,4966061
2024-09-26T04:00:00Z,0.14973,0.15099,0.14959,0.15061,28371274
2024-09-26T05:00:00Z,0.15061,0.15134,0.15054,0.15122,14012277
2024-09-26T06:00:00Z,0.15122,0.15163,0.15116,0.15157,22842506
2024-09-26T07:00:00Z,0.15157,0.15185,0.15157,0.15182,17147514
2024-09-26T08:00:00Z,0.15182,0.15205,0.15167,0.15172,16664667
2024-09-26T09:00:00Z,0.15172,0.15205,0.15172,0.15205,9230409
2024-09-26T10:00:00Z,0.15205,0.15243,0.15204,0.15234,22043480
2024-09-26T11:00:00Z,0.15234,0.15245,0.15227,0.15236,8795436
2024-09-26T12:00:00Z,0.15236,0.15256,0.15219,0.15236,18709109
2024-09-26T13:00:00Z,0.15237,0.15263,0.15235,0.15241,12670668
2024-09-26T14:00:00Z,0.15241,0.15277,0.15233,0.15240,23998085
2024-09-26T15:00:00Z,0.15239,0.15289,0.15228,0.15270,23120452
2024-09-26T16:00:00Z,0.15269,0.15311,0.15267,0.15299,20380900
2024-09-26T17:00:00Z,0.15298,0.15338,0.15279,0.15323,18941455
2024-09-26T18:00:00Z,0.15323,0.15330,0.15282,0.15311,17701535
2024-09-26T19:00:00Z,0.15310,0.15332,0.15300,0.15322,7010417
2024-09-26T20:00:00Z,0.15321,0.15338,0.15293,0.15301,13108873
2024-09-26T21:00:00Z,0.15300,0.15334,0.15300,0.15326,10487553
2024-09-26T22:00:00Z,0.15327,0.15368,0.15327,0.15356,15333507
2024-09-26T23:00:00Z,0.15356,0.15356,0.15303,0.15303,16128571
2024-09-27T00:00:00Z,0.15303,0.15374,0.15303,0.15368,16980421
2024-09-27T01:00:00Z,0.15368,0.15388,0.15348,0.15373,11667611
2024-09-27T02:00:00Z,0.15373,0.15408,0.15336,0.15341,13852552
2024-09-27T03:00:00Z,0.15340,0.15462,0.15338,0.15457,27835088
2024-09-27T04:00:00Z,0.15457,0.15500,0.15457,0.15491,22735274
2024-09-27T05:00:00Z,0.15491,0.15500,0.15403,0.15433,24126077
2024-09-27T06:00:00Z,0.15434,0.15448,0.15420,0.15422,9763852
2024-09-27T07:00:00Z,0.15421,0.15440,0.15406,0.15417,10723645
2024-09-27T08:00:00Z,0.15416,0.15464,0.15416,0.15462,12926310
2024-09-27T09:00:00Z,0.15462,0.15478,0.15445,0.15472,15169850
2024-09-27T10:00:00Z,0.15472,0.15473,0.15420,0.15461,17871596
2024-09-27T11:00:00Z,0.15461,0.15490,0.15457,0.15485,11315902
2024-09-27T12:00:00Z,0.15486,0.15495,0.15450,0.15482,15621627
2024-09-27T13:00:00Z,0.15483,0.15498,0.15465,0.15495,16674957
2024-09-27T14:00:00Z,0.15496,0.15554,0.15484,0.15498,24221294
2024-09-27T15:00:00Z,0.15497,0.15527,0.15489,0.15527,13198775
2024-09-27T16:00:00Z,0.15527,0.15546,0.15501,0.15540,16505744
2024-09-27T17:00:00Z,0.15539,0.15545,0.15492,0.15541,13566915
2024-09-27T18:00:00Z,0.15542,0.15552,0.15498,0.15504,13143671
2024-09-27T19:00:00Z,0.15504,0.15525,0.15481,0.15509,10680644
2024-09-27T20:00:00Z,0.15510,0.15518,0.15450,0.15494,13322205
2024-09-27T21:00:00Z,0.15495,0.15499,0.15465,0.15491,5899783
2024-09-27T22:00:00Z,0.15491,0.15526,0.15472,0.15508,12459855
2024-09-27T23:00:00Z,0.15507,0.15515,0.15499,0.15511,3904831
2024-09-28T00:00:00Z,0.15510,0.15516,0.15480,0.15511,5932751
2024-09-28T01:00:00Z,0.15512,0.15521,0.15496,0.15517,6320988
2024-09-28T02:00:00Z,0.15517,0.15526,0.15510,0.15521,7647495
2024-09-28T03:00:00Z,0.15522,0.15535,0.15493,0.15530,9083608
2024-09-28T04:00:00Z,0.15529,0.15541,0.15503,0.15526,6753633
2024-09-28T05:00:00Z,0.15526,0.15536,0.15492,0.15503,8375272
2024-09-28T06:00:00Z,0.15502,0.15507,0.15434,0.15435,14641474
2024-09-28T07:00:00Z,0.15435,0.15476,0.15435,0.15471,8406949
2024-09-28T08:00:00Z,0.15471,0.15473,0.15406,0.15409,14827008
2024-09-28T09:00:00Z,0.15410,0.15421,0.15372,0.15394,18529703
2024-09-28T10:00:00Z,0.15395,0.15441,0.15386,0.15431,7960494
2024-09-28T11:00:00Z,0.15431,0.15447,0.15417,0.15443,7294033
2024-09-28T12:00:00Z,0.15444,0.15444,0.15404,0.15434,9630593
2024-09-28T13:00:00Z,0.15435,0.15448,0.15404,0.15444,7115776
2024-09-28T14:00:00Z,0.15444,0.15472,0.15443,0.15467,9805310
2024-09-28T15:00:00Z,0.15466,0.15491,0.15433,0.15469,10980226
2024-09-28T16:00:00Z,0.15470,0.15494,0.15433,0.15448,11316434
2024-09-28T17:00:00Z,0.15448,0.15485,0.15445,0.15479,4746592
2024-09-28T18:00:00Z,0.15480,0.15485,0.15466,0.15473,3610727
2024-09-28T19:00:00Z,0.15472,0.15489,0.15469,0.15488,3481969
2024-09-28T20:00:00Z,0.15488,0.15499,0.15462,0.15465,6214280
2024-09-28T21:00:00Z,0.15465,0.15469,0.15434,0.15454,6257021
2024-09-28T22:00:00Z,0.15453,0.15501,0.15441,0.15496,7384003
2024-09-28T23:00:00Z,0.15497,0.15512,0.15483,0.15506,8000331
2024-09-29T00:00:00Z,0.15506,0.15513,0.15468,0.15473,10887006
2024-09-29T01:00:00Z,0.15473,0.15503,0.15473,0.15499,8131113
2024-09-29T02:00:00Z,0.15499,0.15513,0.15496,0.15502,7434633
2024-09-29T03:00:00Z,0.15502,0.15519,0.15480,0.15519,5605748
2024-09-29T04:00:00Z,0.15519,0.15520,0.15482,0.15510,10708046
2024-09-29T05:00:00Z,0.15511,0.15514,0.15485,0.15510,4792081
2024-09-29T06:00:00Z,0.15510,0.15532,0.15504,0.15521,9381837
2024-09-29T07:00:00Z,0.15521,0.15541,0.15478,0.15494,12208092
2024-09-29T08:00:00Z,0.15493,0.15590,0.15491,0.15561,19185248
2024-09-29T09:00:00Z,0.15561,0.15600,0.15553,0.15597,19986081
2024-09-29T10:00:00Z,0.15597,0.15608,0.15548,0.15595,18910908
2024-09-29T11:00:00Z,0.15596,0.15621,0.15588,0.15618,14638475
2024-09-29T12:00:00Z,0.15618,0.15659,0.15592,0.15638,34201245
2024-09-29T13:00:00Z,0.15638,0.15651,0.15622,0.15650,16708065
2024-09-29T14:00:00Z,0.15650,0.15669,0.15643,0.15668,10833451
2024-09-29T15:00:00Z,0.15668,0.15699,0.15653,0.15694,12711354
2024-09-29T16:00:00Z,0.15694,0.15717,0.15688,0.15709,17261967
2024-09-29T17:00:00Z,0.15708,0.15750,0.15677,0.15736,17158160
2024-09-29T18:00:00Z,0.15737,0.15738,0.15713,0.15720,8264157
2024-09-29T19:00:00Z,0.15721,0.15766,0.15720,0.15761,12018646
2024-09-29T20:00:00Z,0.15761,0.15766,0.15721,0.15724,10419132
2024-09-29T21:00:00Z,0.15724,0.15732,0.15692,0.15696,10467707
2024-09-29T22:00:00Z,0.15696,0.15727,0.15665,0.15669,13601827
2024-09-29T23:00:00Z,0.15669,0.15670,0.15635,0.15635,15302270
2024-09-30T00:00:00Z,0.15635,0.15663,0.15556,0.15615,23270819
2024-09-30T01:00:00Z,0.15615,0.15621,0.15548,0.15554,22520879
2024-09-30T02:00:00Z,0.15554,0.15568,0.15476,0.15525,28702344
2024-09-30T03:00:00Z,0.15525,0.15546,0.15481,0.15498,26793140
2024-09-30T04:00:00Z,0.15498,0.15503,0.15465,0.15489,11547030
2024-09-30T05:00:00Z,0.15489,0.15522,0.15480,0.15516,9921100
2024-09-30T06:00:00Z,0.15515,0.15525,0.15484,0.15486,12558896
2024-09-30T07:00:00Z,0.15486,0.15534,0.15483,0.15517,10787553
2024-09-30T08:00:00Z,0.15516,0.15547,0.15506,0.15540,16866019
2024-09-30T09:00:00Z,0.15541,0.15566,0.15509,0.15509,23942881
2024-09-30T10:00:00Z,0.15510,0.15531,0.15490,0.15530,28677805
2024-09-30T11:00:00Z,0.15531,0.15566,0.15511,0.15559,22682873
2024-09-30T12:00:00Z,0.15560,0.15594,0.15553,0.15587,13805923
2024-09-30T13:00:00Z,0.15588,0.15620,0.15576,0.15602,16662079
2024-09-30T14:00:00Z,0.15602,0.15646,0.15585,0.15636,16822006
2024-09-30T15:00:00Z,0.15636,0.15665,0.15590,0.15603,30610069
2024-09-30T16:00:00Z,0.15603,0.15635,0.15594,0.15605,13446638
2024-09-30T17:00:00Z,0.15605,0.15651,0.15601,0.15649,11644271
2024-09-30T18:00:00Z,0.15650,0.15666,0.15612,0.15662,12476414
2024-09-30T19:00:00Z,0.15662,0.15692,0.15659,0.15668,12347615
2024-09-30T20:00:00Z,0.15669,0.15688,0.15639,0.15680,12640991
2024-09-30T21:00:00Z,0.15680,0.15692,0.15649,0.15660,8797506
2024-09-30T22:00:00Z,0.15660,0.15677,0.15637,0.15650,10104128
2024-09-30T23:00:00Z,0.15650,0.15668,0.15564,0.15589,25585287
2024-10-01T00:00:00Z,0.15588,0.15651,0.15574,0.15631,22982530
2024-10-01T01:00:00Z,0.15632,0.15670,0.15590,0.15593,14742959
2024-10-01T02:00:00Z,0.15593,0.15623,0.15566,0.15620,12098365
2024-10-01T03:00:00Z,0.15619,0.15657,0.15608,0.15648,11499199
2024-10-01T04:00:00Z,0.15647,0.15678,0.15616,0.15671,16263426
2024-10-01T05:00:00Z,0.15670,0.15675,0.15649,0.15666,11431816
2024-10-01T06:00:00Z,0.15667,0.15683,0.15653,0.15669,11453476
2024-10-01T07:00:00Z,0.15669,0.15670,0.15645,0.15661,8712165
2024-10-01T08:00:00Z,0.15661,0.15674,0.15646,0.15673,8897049
2024-10-01T09:00:00Z,0.15673,0.15691,0.15668,0.15691,8396878
2024-10-01T10:00:00Z,0.15691,0.15697,0.15665,0.15694,6764102
2024-10-01T11:00:00Z,0.15694,0.15696,0.15665,0.15693,5241775
2024-10-01T12:00:00Z,0.15693,0.15715,0.15686,0.15696,10202971
2024-10-01T13:00:00Z,0.15696,0.15702,0.15599,0.15615,42271416
2024-10-01T14:00:00Z,0.15615,0.15640,0.15529,0.15541,43609300
2024-10-01T15:00:00Z,0.15542,0.15552,0.15375,0.15489,87646843
2024-10-01T16:00:00Z,0.15488,0.15506,0.15417,0.15461,35061498
2024-10-01T17:00:00Z,0.15461,0.15462,0.15282,0.15384,72619827
2024-10-01T18:00:00Z,0.15384,0.15437,0.15369,0.15414,29215868
2024-10-01T19:00:00Z,0.15414,0.15436,0.15379,0.15380,26302045
2024-10-01T20:00:00Z,0.15379,0.15380,0.15295,0.15356,44263065
2024-10-01T21:00:00Z,0.15355,0.15388,0.15338,0.15386,15517457
2024-10-01T22:00:00Z,0.15387,0.15388,0.15322,0.15342,15287214
2024-10-01T23:00:00Z,0.15342,0.15372,0.15331,0.15348,12375317
2024-10-02T00:00:00Z,0.15348,0.15377,0.15300,0.15324,27497978
2024-10-02T01:00:00Z,0.15325,0.15366,0.15315,0.15365,16587251
2024-10-02T02:00:00Z,0.15366,0.15393,0.15357,0.15388,13095192
2024-10-02T03:00:00Z,0.15389,0.15428,0.15388,0.15426,20013065
2024-10-02T04:00:00Z,0.15426,0.15443,0.15402,0.15417,16191055
2024-10-02T05:00:00Z,0.15418,0.15439,0.15417,0.15436,8127505
2024-10-02T06:00:00Z,0.15436,0.15465,0.15430,0.15457,16947239
2024-10-02T07:00:00Z,0.15457,0.15464,0.15406,0.15409,14575594
2024-10-02T08:00:00Z,0.15408,0.15448,0.15408,0.15441,7103131
2024-10-02T09:00:00Z,0.15442,0.15445,0.15369,0.15373,23839351
2024-10-02T10:00:00Z,0.15372,0.15401,0.15356,0.15357,24367553
2024-10-02T11:00:00Z,0.15356,0.15395,0.15340,0.15395,30489438
2024-10-02T12:00:00Z,0.15395,0.15399,0.15348,0.15352,18613759
2024-10-02T13:00:00Z,0.15352,0.15420,0.15334,0.15418,35900111
2024-10-02T14:00:00Z,0.15418,0.15447,0.15395,0.15395,24203797
2024-10-02T15:00:00Z,0.15395,0.15492,0.15391,0.15482,19990567
2024-10-02T16:00:00Z,0.15483,0.15518,0.15476,0.15493,20624269
2024-10-02T17:00:00Z,0.15493,0.15529,0.15478,0.15525,17228541
2024-10-02T18:00:00Z,0.15526,0.15530,0.15419,0.15419,29128383
2024-10-02T19:00:00Z,0.15419,0.15420,0.15361,0.15402,42457484
2024-10-02T20:00:00Z,0.15402,0.15487,0.15382,0.15462,26383844
2024-10-02T21:00:00Z,0.15462,0.15467,0.15431,0.15456,10643937
2024-10-02T22:00:00Z,0.15455,0.15469,0.15397,0.15469,18548969
2024-10-02T23:00:00Z,0.15469,0.15479,0.15438,0.15449,15301410
2024-10-03T00:00:00Z,0.15448,0.15482,0.15388,0.15418,27235207
2024-10-03T01:00:00Z,0.15417,0.15426,0.15392,0.15398,13686611
2024-10-03T02:00:00Z,0.15397,0.15446,0.15389,0.15436,15025852
2024-10-03T03:00:00Z,0.15436,0.15479,0.15409,0.15475,14980096
2024-10-03T04:00:00Z,0.15475,0.15510,0.15458,0.15488,16517953
2024-10-03T05:00:00Z,0.15489,0.15491,0.15456,0.15467,11067565
2024-10-03T06:00:00Z,0.15468,0.15491,0.15455,0.15488,8899249
2024-10-03T07:00:00Z,0.15488,0.15504,0.15446,0.15474,23830309
2024-10-03T08:00:00Z,0.15473,0.15479,0.15380,0.15392,41025280
2024-10-03T09:00:00Z,0.15393,0.15406,0.15337,0.15402,43073886
2024-10-03T10:00:00Z,0.15401,0.15433,0.15394,0.15426,13934547
2024-10-03T11:00:00Z,0.15425,0.15427,0.15370,0.15385,10849940
2024-10-03T12:00:00Z,0.15384,0.15419,0.15346,0.15403,21318310
2024-10-03T13:00:00Z,0.15402,0.15413,0.15355,0.15384,23317342
2024-10-03T14:00:00Z,0.15386,0.15461,0.15384,0.15431,35098552
2024-10-03T15:00:00Z,0.15431,0.15483,0.15405,0.15477,33416137
2024-10-03T16:00:00Z,0.15476,0.15508,0.15443,0.15462,28675835
2024-10-03T17:00:00Z,0.15463,0.15555,0.15436,0.15550,24836193
2024-10-03T18:00:00Z,0.15550,0.15596,0.15536,0.15586,28663505
2024-10-03T19:00:00Z,0.15587,0.15671,0.15586,0.15669,44079315
2024-10-03T20:00:00Z,0.15670,0.15728,0.15669,0.15725,28330459
2024-10-03T21:00:00Z,0.15725,0.15760,0.15677,0.15758,23030359
2024-10-03T22:00:00Z,0.15759,0.15773,0.15746,0.15751,17213187
2024-10-03T23:00:00Z,0.15752,0.15780,0.15748,0.15773,20523247
2024-10-04T00:00:00Z,0.15773,0.15787,0.15655,0.15683,46419174
2024-10-04T01:00:00Z,0.15682,0.15707,0.15657,0.15700,21990648
2024-10-04T02:00:00Z,0.15700,0.15705,0.15652,0.15662,14271343
2024-10-04T03:00:00Z,0.15662,0.15676,0.15647,0.15674,13219180
2024-10-04T04:00:00Z,0.15674,0.15699,0.15630,0.15655,15996820
2024-10-04T05:00:00Z,0.15654,0.15692,0.15652,0.15665,9778691
2024-10-04T06:00:00Z,0.15665,0.15708,0.15655,0.15707,11111530
2024-10-04T07:00:00Z,0.15707,0.15719,0.15694,0.15706,8441855
2024-10-04T08:00:00Z,0.15707,0.15761,0.15706,0.15725,14584893
2024-10-04T09:00:00Z,0.15725,0.15733,0.15684,0.15698,12955323
2024-10-04T10:00:00Z,0.15698,0.15739,0.15698,0.15725,10969827
2024-10-04T11:00:00Z,0.15726,0.15754,0.15721,0.15746,8434356
2024-10-04T12:00:00Z,0.15747,0.15755,0.15663,0.15722,25442151
2024-10-04T13:00:00Z,0.15721,0.15741,0.15699,0.15719,20505296
2024-10-04T14:00:00Z,0.15719,0.15732,0.15691,0.15732,21809097
2024-10-04T15:00:00Z,0.15731,0.15751,0.15717,0.15733,13351954
2024-10-04T16:00:00Z,0.15733,0.15736,0.15684,0.15690,19183941
2024-10-04T17:00:00Z,0.15690,0.15692,0.15638,0.15668,16251591
2024-10-04T18:00:00Z,0.15668,0.15675,0.15656,0.15675,5027942
2024-10-04T19:00:00Z,0.15675,0.15684,0.15655,0.15675,6741556
2024-10-04T20:00:00Z,0.15674,0.15675,0.15644,0.15651,8523845
2024-10-04T21:00:00Z,0.15652,0.15653,0.15633,0.15653,6796283
2024-10-04T22:00:00Z,0.15653,0.15677,0.15640,0.15656,7939850
2024-10-04T23:00:00Z,0.15656,0.15661,0.15635,0.15640,9120159
2024-10-05T00:00:00Z,0.15640,0.15651,0.15625,0.15642,12232941
2024-10-05T01:00:00Z,0.15641,0.15642,0.15554,0.15559,15690221
2024-10-05T02:00:00Z,0.15559,0.15559,0.15518,0.15530,13734773
2024-10-05T03:00:00Z,0.15529,0.15541,0.15513,0.15513,11099464
2024-10-05T04:00:00Z,0.15513,0.15517,0.15465,0.15498,20456217
2024-10-05T05:00:00Z,0.15497,0.15512,0.15488,0.15503,8282769
2024-10-05T06:00:00Z,0.15504,0.15504,0.15438,0.15454,17919692
2024-10-05T07:00:00Z,0.15454,0.15454,0.15433,0.15436,10877878
2024-10-05T08:00:00Z,0.15436,0.15472,0.15434,0.15472,7341155
2024-10-05T09:00:00Z,0.15471,0.15472,0.15367,0.15372,18686339
2024-10-05T10:00:00Z,0.15372,0.15408,0.15366,0.15380,19926350
2024-10-05T11:00:00Z,0.15380,0.15412,0.15367,0.15401,13252527
2024-10-05T12:00:00Z,0.15402,0.15404,0.15380,0.15399,7830713
2024-10-05T13:00:00Z,0.15398,0.15407,0.15390,0.15395,7284006
2024-10-05T14:00:00Z,0.15394,0.15409,0.15368,0.15401,10661888
2024-10-05T15:00:00Z,0.15401,0.15403,0.15369,0.15384,10831765
2024-10-05T16:00:00Z,0.15383,0.15386,0.15346,0.15353,13944966
2024-10-05T17:00:00Z,0.15354,0.15370,0.15344,0.15370,7264014
2024-10-05T18:00:00Z,0.15370,0.15387,0.15350,0.15352,9608485
2024-10-05T19:00:00Z,0.15352,0.15389,0.15345,0.15356,10230098
2024-10-05T20:00:00Z,0.15357,0.15371,0.15342,0.15342,7451482
2024-10-05T21:00:00Z,0.15343,0.15352,0.15338,0.15340,6511473
2024-10-05T22:00:00Z,0.15340,0.15376,0.15340,0.15353,6968525
2024-10-05T23:00:00Z,0.15352,0.15372,0.15339,0.15339,7878340
2024-10-06T00:00:00Z,0.15339,0.15345,0.15320,0.15334,10572931
2024-10-06T01:00:00Z,0.15335,0.15364,0.15326,0.15333,9936814
2024-10-06T02:00:00Z,0.15332,0.15348,0.15317,0.15320,8549485
2024-10-06T03:00:00Z,0.15319,0.15331,0.15299,0.15306,9856074
2024-10-06T04:00:00Z,0.15306,0.15333,0.15302,0.15303,7864261
2024-10-06T05:00:00Z,0.15303,0.15335,0.15303,0.15307,6917349
2024-10-06T06:00:00Z,0.15306,0.15330,0.15306,0.15315,7039728
2024-10-06T07:00:00Z,0.15314,0.15332,0.15308,0.15315,8108909
2024-10-06T08:00:00Z,0.15314,0.15397,0.15314,0.15397,11021430
2024-10-06T09:00:00Z,0.15397,0.15433,0.15386,0.15408,11302352
2024-10-06T10:00:00Z,0.15409,0.15436,0.15396,0.15420,10361659
2024-10-06T11:00:00Z,0.15420,0.15435,0.15408,0.15413,7622060
2024-10-06T12:00:00Z,0.15412,0.15439,0.15404,0.15421,9398890
2024-10-06T13:00:00Z,0.15420,0.15461,0.15420,0.15427,14537846
2024-10-06T14:00:00Z,0.15426,0.15452,0.15409,0.15443,8997227
2024-10-06T15:00:00Z,0.15443,0.15453,0.15411,0.15446,10647613
2024-10-06T16:00:00Z,0.15445,0.15469,0.15431,0.15440,10214964
2024-10-06T17:00:00Z,0.15439,0.15454,0.15428,0.15433,5034485
2024-10-06T18:00:00Z,0.15433,0.15452,0.15428,0.15432,6183715
2024-10-06T19:00:00Z,0.15433,0.15462,0.15419,0.15419,5818512
2024-10-06T20:00:00Z,0.15419,0.15439,0.15418,0.15422,4173060
2024-10-06T21:00:00Z,0.15422,0.15435,0.15410,0.15410,6765503
2024-10-06T22:00:00Z,0.15410,0.15435,0.15409,0.15427,6905970
2024-10-06T23:00:00Z,0.15427,0.15449,0.15387,0.15424,16911937
2024-10-07T00:00:00Z,0.15425,0.15452,0.15397,0.15452,21076360
2024-10-07T01:00:00Z,0.15452,0.15460,0.15377,0.15417,23866116
2024-10-07T02:00:00Z,0.15416,0.15421,0.15386,0.15387,7448870
2024-10-07T03:00:00Z,0.15387,0.15403,0.15381,0.15398,10412304
2024-10-07T04:00:00Z,0.15397,0.15400,0.15376,0.15391,8457229
2024-10-07T05:00:00Z,0.15392,0.15420,0.15389,0.15417,8875986
2024-10-07T06:00:00Z,0.15417,0.15442,0.15408,0.15439,9232838
2024-10-07T07:00:00Z,0.15440,0.15454,0.15411,0.15442,16069479
2024-10-07T08:00:00Z,0.15442,0.15501,0.15441,0.15499,13492385
2024-10-07T09:00:00Z,0.15499,0.15499,0.15428,0.15480,18847635
2024-10-07T10:00:00Z,0.15481,0.15514,0.15451,0.15507,21706502
2024-10-07T11:00:00Z,0.15508,0.15578,0.15475,0.15568,30300187
2024-10-07T12:00:00Z,0.15569,0.15580,0.15539,0.15539,17576614
2024-10-07T13:00:00Z,0.15539,0.15613,0.15539,0.15608,19787845
2024-10-07T14:00:00Z,0.15608,0.15644,0.15566,0.15572,34741767
2024-10-07T15:00:00Z,0.15572,0.15609,0.15555,0.15602,16116048
2024-10-07T16:00:00Z,0.15603,0.15633,0.15590,0.15622,12141925
2024-10-07T17:00:00Z,0.15621,0.15650,0.15617,0.15647,12963617
2024-10-07T18:00:00Z,0.15647,0.15651,0.15578,0.15614,19404434
2024-10-07T19:00:00Z,0.15615,0.15642,0.15614,0.15633,12518141
2024-10-07T20:00:00Z,0.15632,0.15650,0.15604,0.15645,12110273
2024-10-07T21:00:00Z,0.15645,0.15652,0.15642,0.15648,7544120
2024-10-07T22:00:00Z,0.15648,0.15669,0.15602,0.15621,20146920
2024-10-07T23:00:00Z,0.15621,0.15621,0.15573,0.15582,25089482
2024-10-08T00:00:00Z,0.15581,0.15633,0.15563,0.15612,18576314
2024-10-08T01:00:00Z,0.15612,0.15648,0.15592,0.15646,14543301
2024-10-08T02:00:00Z,0.15646,0.15692,0.15611,0.15625,22288639
2024-10-08T03:00:00Z,0.15625,0.15625,0.15588,0.15619,10538386
2024-10-08T04:00:00Z,0.15620,0.15634,0.15594,0.15630,11648784
2024-10-08T05:00:00Z,0.15631,0.15635,0.15575,0.15617,14117359
2024-10-08T06:00:00Z,0.15616,0.15617,0.15583,0.15611,10048689
2024-10-08T07:00:00Z,0.15611,0.15612,0.15554,0.15597,20139174
2024-10-08T08:00:00Z,0.15598,0.15598,0.15554,0.15585,15828066
2024-10-08T09:00:00Z,0.15585,0.15616,0.15569,0.15605,11992961
2024-10-08T10:00:00Z,0.15605,0.15626,0.15600,0.15622,11730295
2024-10-08T11:00:00Z,0.15622,0.15665,0.15617,0.15651,16627992
2024-10-08T12:00:00Z,0.15651,0.15655,0.15605,0.15650,15781263
2024-10-08T13:00:00Z,0.15650,0.15704,0.15613,0.15702,24018789
2024-10-08T14:00:00Z,0.15702,0.15730,0.15669,0.15712,32087688
2024-10-08T15:00:00Z,0.15712,0.15752,0.15682,0.15751,20482840
2024-10-08T16:00:00Z,0.15752,0.15824,0.15747,0.15822,27319851
2024-10-08T17:00:00Z,0.15823,0.15849,0.15810,0.15847,19454088
2024-10-08T18:00:00Z,0.15848,0.15924,0.15834,0.15917,41366604
2024-10-08T19:00:00Z,0.15917,0.15991,0.15858,0.15979,45146330
2024-10-08T20:00:00Z,0.15980,0.16056,0.15968,0.16050,37653063
2024-10-08T21:00:00Z,0.16050,0.16054,0.15967,0.15988,22245724
2024-10-08T22:00:00Z,0.15987,0.16025,0.15973,0.16025,19214946
2024-10-08T23:00:00Z,0.16025,0.16027,0.15975,0.16002,16113248
2024-10-09T00:00:00Z,0.16003,0.16056,0.15940,0.15958,28226345
2024-10-09T01:00:00Z,0.15958,0.15994,0.15949,0.15987,15663702
2024-10-09T02:00:00Z,0.15987,0.16000,0.15952,0.15967,12066162
2024-10-09T03:00:00Z,0.15967,0.16005,0.15963,0.16001,12436835
2024-10-09T04:00:00Z,0.16000,0.16022,0.15971,0.15984,18753969
2024-10-09T05:00:00Z,0.15984,0.15998,0.15964,0.15975,10181341
2024-10-09T06:00:00Z,0.15975,0.15996,0.15965,0.15983,11864897
2024-10-09T07:00:00Z,0.15984,0.16016,0.15966,0.16016,12523583
2024-10-09T08:00:00Z,0.16016,0.16058,0.16006,0.16037,21492659
2024-10-09T09:00:00Z,0.16038,0.16043,0.16020,0.16037,10112485
2024-10-09T10:00:00Z,0.16037,0.16050,0.15987,0.15987,13332356
2024-10-09T11:00:00Z,0.15987,0.16041,0.15987,0.16035,11629461
2024-10-09T12:00:00Z,0.16036,0.16049,0.16012,0.16039,21103531
2024-10-09T13:00:00Z,0.16039,0.16075,0.16015,0.16060,24280649
2024-10-09T14:00:00Z,0.16060,0.16146,0.16057,0.16129,47355029
2024-10-09T15:00:00Z,0.16129,0.16208,0.16129,0.16165,30494102
2024-10-09T16:00:00Z,0.16165,0.16194,0.16100,0.16112,25363288
2024-10-09T17:00:00Z,0.16112,0.16137,0.16097,0.16129,8878194
2024-10-09T18:00:00Z,0.16129,0.16137,0.16069,0.16124,17480687
2024-10-09T19:00:00Z,0.16124,0.16130,0.16044,0.16069,16333574
2024-10-09T20:00:00Z,0.16068,0.16090,0.16003,0.16009,32162796
2024-10-09T21:00:00Z,0.16009,0.16038,0.15997,0.16036,13291618
2024-10-09T22:00:00Z,0.16037,0.16037,0.15998,0.16017,14321473
2024-10-09T23:00:00Z,0.16018,0.16071,0.16018,0.16052,12715837
2024-10-10T00:00:00Z,0.16052,0.16067,0.15939,0.15947,30029333
2024-10-10T01:00:00Z,0.15948,0.15986,0.15939,0.15954,14121481
2024-10-10T02:00:00Z,0.15954,0.15987,0.15939,0.15974,10002777
2024-10-10T03:00:00Z,0.15974,0.15982,0.15932,0.15932,10719818
2024-10-10T04:00:00Z,0.15932,0.15967,0.15921,0.15950,12874372
2024-10-10T05:00:00Z,0.15951,0.15990,0.15929,0.15978,11481995
2024-10-10T06:00:00Z,0.15978,0.15979,0.15945,0.15963,10244554
2024-10-10T07:00:00Z,0.15963,0.15991,0.15942,0.15944,9397506
2024-10-10T08:00:00Z,0.15944,0.15958,0.15921,0.15928,13712718
2024-10-10T09:00:00Z,0.15927,0.15936,0.15902,0.15934,15554804
2024-10-10T10:00:00Z,0.15934,0.16001,0.15926,0.15952,20458062
2024-10-10T11:00:00Z,0.15952,0.16002,0.15946,0.15978,13793533
2024-10-10T12:00:00Z,0.15977,0.15997,0.15942,0.15970,21089908
2024-10-10T13:00:00Z,0.15969,0.15995,0.15947,0.15974,13241271
2024-10-10T14:00:00Z,0.15974,0.16020,0.15947,0.15975,22683608
2024-10-10T15:00:00Z,0.15975,0.15997,0.15948,0.15982,9570500
2024-10-10T16:00:00Z,0.15983,0.15992,0.15932,0.15934,12101185
2024-10-10T17:00:00Z,0.15934,0.15965,0.15881,0.15904,20384249
2024-10-10T18:00:00Z,0.15903,0.15910,0.15854,0.15889,28427793
2024-10-10T19:00:00Z,0.15889,0.15896,0.15864,0.15873,10606436
2024-10-10T20:00:00Z,0.15872,0.15910,0.15858,0.15901,17421157
2024-10-10T21:00:00Z,0.15902,0.15917,0.15887,0.15916,8982975
2024-10-10T22:00:00Z,0.15917,0.15917,0.15867,0.15881,10530836
2024-10-10T23:00:00Z,0.15882,0.15888,0.15864,0.15873,8721504
2024-10-11T00:00:00Z,0.15873,0.15910,0.15826,0.15826,15958480
2024-10-11T01:00:00Z,0.15826,0.15844,0.15801,0.15834,15304005
2024-10-11T02:00:00Z,0.15834,0.15839,0.15800,0.15807,10792426
2024-10-11T03:00:00Z,0.15806,0.15842,0.15806,0.15808,8214216
2024-10-11T04:00:00Z,0.15808,0.15881,0.15804,0.15850,12029168
2024-10-11T05:00:00Z,0.15849,0.15904,0.15848,0.15873,11688741
2024-10-11T06:00:00Z,0.15873,0.15906,0.15871,0.15897,7779111
2024-10-11T07:00:00Z,0.15896,0.15913,0.15885,0.15886,7701016
2024-10-11T08:00:00Z,0.15887,0.15906,0.15881,0.15882,8589776
2024-10-11T09:00:00Z,0.15882,0.15941,0.15875,0.15936,13756699
2024-10-11T10:00:00Z,0.15936,0.15961,0.15926,0.15957,11693793
2024-10-11T11:00:00Z,0.15957,0.15979,0.15951,0.15976,8185827
2024-10-11T12:00:00Z,0.15977,0.16036,0.15956,0.16015,20226347
2024-10-11T13:00:00Z,0.16014,0.16067,0.16014,0.16061,22772610
2024-10-11T14:00:00Z,0.16060,0.16094,0.16053,0.16068,19056578
2024-10-11T15:00:00Z,0.16067,0.16110,0.16061,0.16105,20932780
2024-10-11T16:00:00Z,0.16105,0.16111,0.16042,0.16099,21135075
2024-10-11T17:00:00Z,0.16100,0.16115,0.16074,0.16105,12291634
2024-10-11T18:00:00Z,0.16106,0.16114,0.16082,0.16114,9808435
2024-10-11T19:00:00Z,0.16114,0.16149,0.16038,0.16068,18340773
2024-10-11T20:00:00Z,0.16069,0.16071,0.16019,0.16033,12854397
2024-10-11T21:00:00Z,0.16034,0.16047,0.16006,0.16019,6965236
2024-10-11T22:00:00Z,0.16020,0.16044,0.15992,0.16003,12996462
2024-10-11T23:00:00Z,0.16002,0.16003,0.15953,0.15973,15828179
2024-10-12T00:00:00Z,0.15972,0.15988,0.15919,0.15935,17786704
2024-10-12T01:00:00Z,0.15934,0.15957,0.15913,0.15916,11918517
2024-10-12T02:00:00Z,0.15916,0.15929,0.15897,0.15905,13513201
2024-10-12T03:00:00Z,0.15904,0.15990,0.15898,0.15982,13495441
2024-10-12T04:00:00Z,0.15981,0.16019,0.15978,0.16014,10160599
2024-10-12T05:00:00Z,0.16014,0.16057,0.16006,0.16054,11353593
2024-10-12T06:00:00Z,0.16053,0.16162,0.16052,0.16158,27778987
2024-10-12T07:00:00Z,0.16158,0.16230,0.16154,0.16229,24410241
2024-10-12T08:00:00Z,0.16229,0.16332,0.16228,0.16308,35884500
2024-10-12T09:00:00Z,0.16309,0.16365,0.16305,0.16357,14805859
2024-10-12T10:00:00Z,0.16357,0.16395,0.16344,0.16385,19600500
2024-10-12T11:00:00Z,0.16385,0.16392,0.16341,0.16366,13969331
2024-10-12T12:00:00Z,0.16366,0.16405,0.16358,0.16362,12591776
2024-10-12T13:00:00Z,0.16362,0.16367,0.16317,0.16329,11933028
2024-10-12T14:00:00Z,0.16328,0.16335,0.16293,0.16298,13623505
2024-10-12T15:00:00Z,0.16299,0.16320,0.16278,0.16295,13543818
2024-10-12T16:00:00Z,0.16294,0.16323,0.16280,0.16280,9221582
2024-10-12T17:00:00Z,0.16281,0.16317,0.16278,0.16282,8695804
2024-10-12T18:00:00Z,0.16281,0.16307,0.16274,0.16306,9927032
2024-10-12T19:00:00Z,0.16307,0.16329,0.16277,0.16308,10830167
2024-10-12T20:00:00Z,0.16307,0.16312,0.16273,0.16275,6417658
2024-10-12T21:00:00Z,0.16275,0.16283,0.16266,0.16276,5724831
2024-10-12T22:00:00Z,0.16275,0.16313,0.16271,0.16283,7586602
2024-10-12T23:00:00Z,0.16283,0.16288,0.16242,0.16243,10972140
2024-10-13T00:00:00Z,0.16242,0.16256,0.16223,0.16223,11954096
2024-10-13T01:00:00Z,0.16224,0.16224,0.16179,0.16195,16836945
2024-10-13T02:00:00Z,0.16195,0.16223,0.16185,0.16223,5844789
2024-10-13T03:00:00Z,0.16223,0.16262,0.16192,0.16261,8491029
2024-10-13T04:00:00Z,0.16261,0.16264,0.16224,0.16262,7399618
2024-10-13T05:00:00Z,0.16262,0.16272,0.16218,0.16219,6962750
2024-10-13T06:00:00Z,0.16220,0.16263,0.16215,0.16243,6978037
2024-10-13T07:00:00Z,0.16243,0.16269,0.16216,0.16269,7787568
2024-10-13T08:00:00Z,0.16269,0.16274,0.16231,0.16236,6711189
2024-10-13T09:00:00Z,0.16236,0.16316,0.16235,0.16303,16921008
2024-10-13T10:00:00Z,0.16303,0.16314,0.16268,0.16272,8780040
2024-10-13T11:00:00Z,0.16272,0.16283,0.16253,0.16262,7642593
2024-10-13T12:00:00Z,0.16262,0.16296,0.16260,0.16283,6066270
2024-10-13T13:00:00Z,0.16284,0.16301,0.16251,0.16290,6107778
2024-10-13T14:00:00Z,0.16290,0.16349,0.16260,0.16292,14568124
2024-10-13T15:00:00Z,0.16292,0.16338,0.16260,0.16316,25106276
2024-10-13T16:00:00Z,0.16317,0.16335,0.16245,0.16300,20009073
2024-10-13T17:00:00Z,0.16299,0.16300,0.16253,0.16263,6821956
2024-10-13T18:00:00Z,0.16264,0.16264,0.16230,0.16239,8286817
2024-10-13T19:00:00Z,0.16239,0.16284,0.16232,0.16241,14538572
2024-10-13T20:00:00Z,0.16240,0.16273,0.16228,0.16273,4635453
2024-10-13T21:00:00Z,0.16273,0.16273,0.16233,0.16233,6794387
2024-10-13T22:00:00Z,0.16233,0.16266,0.16218,0.16248,11384418
2024-10-13T23:00:00Z,0.16248,0.16263,0.16221,0.16254,7685477
2024-10-14T00:00:00Z,0.16254,0.16272,0.16191,0.16201,17946887
2024-10-14T01:00:00Z,0.16201,0.16237,0.16169,0.16230,16983627
2024-10-14T02:00:00Z,0.16230,0.16251,0.16214,0.16241,14328508
2024-10-14T03:00:00Z,0.16242,0.16299,0.16242,0.16288,27381332
2024-10-14T04:00:00Z,0.16288,0.16317,0.16175,0.16207,25148158
2024-10-14T05:00:00Z,0.16207,0.16209,0.16079,0.16085,26970451
2024-10-14T06:00:00Z,0.16084,0.16113,0.16043,0.16059,33642264
2024-10-14T07:00:00Z,0.16059,0.16068,0.16022,0.16031,17960373
2024-10-14T08:00:00Z,0.16031,0.16048,0.15996,0.16004,15059808
2024-10-14T09:00:00Z,0.16004,0.16021,0.15981,0.15993,22295978
2024-10-14T10:00:00Z,0.15994,0.15998,0.15968,0.15973,17900687
2024-10-14T11:00:00Z,0.15973,0.16007,0.15958,0.15975,21314407
2024-10-14T12:00:00Z,0.15976,0.16018,0.15967,0.16015,19163582
2024-10-14T13:00:00Z,0.16015,0.16038,0.15988,0.16022,22076463
2024-10-14T14:00:00Z,0.16023,0.16070,0.16022,0.16060,34941148
2024-10-14T15:00:00Z,0.16060,0.16061,0.16009,0.16018,29151680
2024-10-14T16:00:00Z,0.16017,0.16035,0.15991,0.15997,23513421
2024-10-14T17:00:00Z,0.15997,0.16131,0.15985,0.16053,40039304
2024-10-14T18:00:00Z,0.16053,0.16064,0.15993,0.16044,20017275
2024-10-14T19:00:00Z,0.16045,0.16075,0.16030,0.16045,14896793
2024-10-14T20:00:00Z,0.16045,0.16068,0.16031,0.16041,12481759
2024-10-14T21:00:00Z,0.16042,0.16048,0.16030,0.16048,9963707
2024-10-14T22:00:00Z,0.16047,0.16092,0.16044,0.16088,21444209
2024-10-14T23:00:00Z,0.16089,0.16091,0.16037,0.16046,11188780
2024-10-15T00:00:00Z,0.16047,0.16051,0.15959,0.15981,34174073
2024-10-15T01:00:00Z,0.15981,0.16014,0.15941,0.15959,20410947
2024-10-15T02:00:00Z,0.15959,0.15969,0.15947,0.15948,10724098
2024-10-15T03:00:00Z,0.15948,0.15951,0.15908,0.15912,16532942
2024-10-15T04:00:00Z,0.15911,0.15925,0.15903,0.15904,12645832
2024-10-15T05:00:00Z,0.15903,0.15904,0.15849,0.15852,24206901
2024-10-15T06:00:00Z,0.15852,0.15873,0.15845,0.15857,13269889
2024-10-15T07:00:00Z,0.15858,0.15864,0.15839,0.15841,10122162
2024-10-15T08:00:00Z,0.15841,0.15890,0.15837,0.15879,9889978
2024-10-15T09:00:00Z,0.15879,0.15881,0.15850,0.15855,13293346
2024-10-15T10:00:00Z,0.15856,0.15862,0.15837,0.15842,13158925
2024-10-15T11:00:00Z,0.15841,0.15854,0.15762,0.15790,35054390
2024-10-15T12:00:00Z,0.15791,0.15848,0.15788,0.15818,20182047
2024-10-15T13:00:00Z,0.15819,0.15899,0.15817,0.15896,26770236
2024-10-15T14:00:00Z,0.15896,0.15921,0.15769,0.15796,56814100
2024-10-15T15:00:00Z,0.15796,0.15835,0.15747,0.15800,36013357
2024-10-15T16:00:00Z,0.15800,0.15868,0.15798,0.15839,21859463
2024-10-15T17:00:00Z,0.15839,0.15850,0.15817,0.15839,10044181
2024-10-15T18:00:00Z,0.15840,0.15865,0.15829,0.15839,13090915
2024-10-15T19:00:00Z,0.15838,0.15861,0.15828,0.15852,9065230
2024-10-15T20:00:00Z,0.15853,0.15866,0.15823,0.15826,11661559
2024-10-15T21:00:00Z,0.15826,0.15870,0.15824,0.15862,9309680
2024-10-15T22:00:00Z,0.15862,0.15874,0.15844,0.15868,8370630
2024-10-15T23:00:00Z,0.15869,0.15894,0.15861,0.15869,9086519
2024-10-16T00:00:00Z,0.15869,0.15876,0.15836,0.15837,12344809
2024-10-16T01:00:00Z,0.15836,0.15883,0.15836,0.15876,9790475
2024-10-16T02:00:00Z,0.15875,0.15907,0.15873,0.15895,11934327
2024-10-16T03:00:00Z,0.15895,0.15934,0.15885,0.15916,14741814
2024-10-16T04:00:00Z,0.15916,0.15930,0.15868,0.15891,12565163
2024-10-16T05:00:00Z,0.15892,0.15949,0.15892,0.15926,13260708
2024-10-16T06:00:00Z,0.15926,0.15944,0.15897,0.15916,12965695
2024-10-16T07:00:00Z,0.15916,0.15916,0.15881,0.15905,11960154
2024-10-16T08:00:00Z,0.15906,0.15940,0.15904,0.15915,11256083
2024-10-16T09:00:00Z,0.15915,0.15950,0.15914,0.15943,11482175
2024-10-16T10:00:00Z,0.15943,0.15960,0.15937,0.15953,13384038
2024-10-16T11:00:00Z,0.15952,0.15963,0.15918,0.15945,19839413
2024-10-16T12:00:00Z,0.15946,0.16008,0.15908,0.15943,27323976
2024-10-16T13:00:00Z,0.15943,0.15961,0.15904,0.15926,15839042
2024-10-16T14:00:00Z,0.15926,0.15981,0.15919,0.15955,24236960
2024-10-16T15:00:00Z,0.15956,0.15968,0.15932,0.15966,11653513
2024-10-16T16:00:00Z,0.15966,0.15983,0.15931,0.15982,15633854
2024-10-16T17:00:00Z,0.15983,0.16035,0.15975,0.15996,17146220
2024-10-16T18:00:00Z,0.15996,0.16011,0.15984,0.15989,9388004
2024-10-16T19:00:00Z,0.15989,0.15996,0.15961,0.15973,8462866
2024-10-16T20:00:00Z,0.15972,0.16002,0.15972,0.15987,6727735
2024-10-16T21:00:00Z,0.15987,0.16005,0.15984,0.15999,5005277
2024-10-16T22:00:00Z,0.16000,0.16019,0.15989,0.16014,7242910
2024-10-16T23:00:00Z,0.16015,0.16017,0.15982,0.16004,8056588
2024-10-17T00:00:00Z,0.16004,0.16010,0.15978,0.15996,10813417
2024-10-17T01:00:00Z,0.15995,0.16016,0.15980,0.16012,7358962
2024-10-17T02:00:00Z,0.16012,0.16015,0.15979,0.15999,5374360
2024-10-17T03:00:00Z,0.15999,0.16023,0.15996,0.16008,6976470
2024-10-17T04:00:00Z,0.16009,0.16027,0.15994,0.16010,6881891
2024-10-17T05:00:00Z,0.16011,0.16018,0.15991,0.16000,7628671
2024-10-17T06:00:00Z,0.16001,0.16023,0.15986,0.16009,11067690
2024-10-17T07:00:00Z,0.16010,0.16026,0.15986,0.16019,11170467
2024-10-17T08:00:00Z,0.16018,0.16034,0.15999,0.16033,11295887
2024-10-17T09:00:00Z,0.16032,0.16050,0.16018,0.16050,12077619
2024-10-17T10:00:00Z,0.16050,0.16058,0.15961,0.16003,21032260
2024-10-17T11:00:00Z,0.16003,0.16006,0.15956,0.15987,16113057
2024-10-17T12:00:00Z,0.15988,0.16008,0.15982,0.15998,9776577
2024-10-17T13:00:00Z,0.15997,0.16005,0.15967,0.15978,13805639
2024-10-17T14:00:00Z,0.15979,0.15999,0.15957,0.15987,14012399
2024-10-17T15:00:00Z,0.15988,0.16008,0.15967,0.16003,14220632
2024-10-17T16:00:00Z,0.16003,0.16006,0.15967,0.15979,9966502
2024-10-17T17:00:00Z,0.15980,0.15997,0.15962,0.15981,7777214
2024-10-17T18:00:00Z,0.15980,0.15984,0.15922,0.15959,15127903
2024-10-17T19:00:00Z,0.15958,0.15966,0.15945,0.15959,6547120
2024-10-17T20:00:00Z,0.15959,0.15974,0.15950,0.15960,6598116
2024-10-17T21:00:00Z,0.15959,0.15993,0.15959,0.15986,5642573
2024-10-17T22:00:00Z,0.15986,0.16005,0.15972,0.16001,8138932
2024-10-17T23:00:00Z,0.16001,0.16014,0.15898,0.15935,14395214
2024-10-18T00:00:00Z,0.15935,0.15941,0.15875,0.15894,13099370
2024-10-18T01:00:00Z,0.15894,0.15930,0.15891,0.15912,12631706
2024-10-18T02:00:00Z,0.15912,0.15923,0.15890,0.15907,11800376
2024-10-18T03:00:00Z,0.15907,0.15908,0.15863,0.15872,10485695
2024-10-18T04:00:00Z,0.15872,0.15929,0.15868,0.15907,15327109
2024-10-18T05:00:00Z,0.15908,0.15916,0.15890,0.15916,5452004
2024-10-18T06:00:00Z,0.15916,0.15924,0.15890,0.15901,9099188
2024-10-18T07:00:00Z,0.15901,0.15921,0.15892,0.15903,5247546
2024-10-18T08:00:00Z,0.15903,0.15913,0.15891,0.15909,5704331
2024-10-18T09:00:00Z,0.15910,0.15912,0.15883,0.15886,8045937
2024-10-18T10:00:00Z,0.15887,0.15910,0.15880,0.15898,7672877
2024-10-18T11:00:00Z,0.15897,0.15906,0.15879,0.15885,7080230
2024-10-18T12:00:00Z,0.15886,0.15900,0.15879,0.15882,5692066
2024-10-18T13:00:00Z,0.15882,0.15913,0.15881,0.15900,9090809
2024-10-18T14:00:00Z,0.15901,0.15915,0.15880,0.15907,12999269
2024-10-18T15:00:00Z,0.15908,0.15918,0.15887,0.15903,11325253
2024-10-18T16:00:00Z,0.15904,0.15937,0.15891,0.15921,10874965
2024-10-18T17:00:00Z,0.15920,0.15944,0.15902,0.15909,6991995
2024-10-18T18:00:00Z,0.15910,0.15920,0.15893,0.15912,6351215
2024-10-18T19:00:00Z,0.15911,0.15912,0.15885,0.15894,7124542
2024-10-18T20:00:00Z,0.15895,0.15910,0.15884,0.15884,6197966
2024-10-18T21:00:00Z,0.15884,0.15898,0.15881,0.15893,4988641
2024-10-18T22:00:00Z,0.15893,0.15913,0.15878,0.15879,6092707
2024-10-18T23:00:00Z,0.15879,0.15901,0.15810,0.15831,15345658
2024-10-19T00:00:00Z,0.15830,0.15837,0.15815,0.15834,12892331
2024-10-19T01:00:00Z,0.15835,0.15839,0.15814,0.15826,6406907
2024-10-19T02:00:00Z,0.15826,0.15847,0.15816,0.15838,8125711
2024-10-19T03:00:00Z,0.15839,0.15855,0.15830,0.15836,7382613
2024-10-19T04:00:00Z,0.15836,0.15837,0.15805,0.15805,8666439
2024-10-19T05:00:00Z,0.15806,0.15821,0.15795,0.15814,8091045
2024-10-19T06:00:00Z,0.15814,0.15814,0.15800,0.15805,8006230
2024-10-19T07:00:00Z,0.15805,0.15815,0.15790,0.15794,7524141
2024-10-19T08:00:00Z,0.15794,0.15821,0.15794,0.15807,9258147
2024-10-19T09:00:00Z,0.15807,0.15815,0.15794,0.15797,9819003
2024-10-19T10:00:00Z,0.15797,0.15797,0.15769,0.15769,12800397
2024-10-19T11:00:00Z,0.15769,0.15783,0.15758,0.15759,13897943
2024-10-19T12:00:00Z,0.15758,0.15778,0.15757,0.15766,10797634
2024-10-19T13:00:00Z,0.15767,0.15769,0.15716,0.15737,18428901
2024-10-19T14:00:00Z,0.15737,0.15749,0.15723,0.15748,15021089
2024-10-19T15:00:00Z,0.15748,0.15787,0.15747,0.15778,11440664
2024-10-19T16:00:00Z,0.15777,0.15778,0.15603,0.15714,62513617
2024-10-19T17:00:00Z,0.15715,0.15752,0.15714,0.15719,10731693
2024-10-19T18:00:00Z,0.15718,0.15719,0.15675,0.15684,5843621
2024-10-19T19:00:00Z,0.15684,0.15697,0.15673,0.15679,4097152
2024-10-19T20:00:00Z,0.15679,0.15711,0.15674,0.15707,6195837
2024-10-19T21:00:00Z,0.15707,0.15731,0.15700,0.15701,4602732
2024-10-19T22:00:00Z,0.15700,0.15700,0.15665,0.15697,5413211
2024-10-19T23:00:00Z,0.15697,0.15726,0.15660,0.15666,6729355
2024-10-20T00:00:00Z,0.15665,0.15674,0.15626,0.15626,9259680
2024-10-20T01:00:00Z,0.15627,0.15651,0.15611,0.15612,7671885
2024-10-20T02:00:00Z,0.15612,0.15616,0.15590,0.15597,5970311
2024-10-20T03:00:00Z,0.15597,0.15630,0.15592,0.15626,7769735
2024-10-20T04:00:00Z,0.15626,0.15632,0.15603,0.15605,4734420
2024-10-20T05:00:00Z,0.15606,0.15633,0.15605,0.15633,4667313
2024-10-20T06:00:00Z,0.15633,0.15651,0.15620,0.15637,7452606
2024-10-20T07:00:00Z,0.15637,0.15652,0.15627,0.15638,4957087
2024-10-20T08:00:00Z,0.15638,0.15640,0.15615,0.15620,5645497
2024-10-20T09:00:00Z,0.15620,0.15642,0.15611,0.15633,4513820
2024-10-20T10:00:00Z,0.15634,0.15642,0.15612,0.15622,4665996
2024-10-20T11:00:00Z,0.15621,0.15647,0.15621,0.15640,4436677
2024-10-20T12:00:00Z,0.15639,0.15648,0.15610,0.15612,10093652
2024-10-20T13:00:00Z,0.15612,0.15643,0.15606,0.15623,9077301
2024-10-20T14:00:00Z,0.15624,0.15686,0.15624,0.15676,12115762
2024-10-20T15:00:00Z,0.15677,0.15681,0.15644,0.15654,11135433
2024-10-20T16:00:00Z,0.15655,0.15667,0.15649,0.15656,7828673
2024-10-20T17:00:00Z,0.15656,0.15663,0.15643,0.15644,4880349
2024-10-20T18:00:00Z,0.15643,0.15647,0.15630,0.15633,3862872
2024-10-20T19:00:00Z,0.15632,0.15638,0.15632,0.15635,3501105
2024-10-20T20:00:00Z,0.15634,0.15678,0.15633,0.15663,9492977
2024-10-20T21:00:00Z,0.15663,0.15669,0.15649,0.15656,5866736
2024-10-20T22:00:00Z,0.15657,0.15686,0.15646,0.15673,15760369
2024-10-20T23:00:00Z,0.15673,0.15674,0.15645,0.15664,8101631
2024-10-21T00:00:00Z,0.15664,0.15686,0.15615,0.15631,19991497
2024-10-21T01:00:00Z,0.15632,0.15632,0.15501,0.15592,27215276
2024-10-21T02:00:00Z,0.15591,0.15592,0.15554,0.15562,12396425
2024-10-21T03:00:00Z,0.15563,0.15577,0.15559,0.15574,5320118
2024-10-21T04:00:00Z,0.15574,0.15591,0.15567,0.15586,7191914
2024-10-21T05:00:00Z,0.15587,0.15593,0.15576,0.15578,6047371
2024-10-21T06:00:00Z,0.15577,0.15600,0.15574,0.15585,8494183
2024-10-21T07:00:00Z,0.15584,0.15675,0.15574,0.15657,17120576
2024-10-21T08:00:00Z,0.15656,0.15726,0.15655,0.15713,16750793
2024-10-21T09:00:00Z,0.15712,0.15777,0.15712,0.15772,18183129
2024-10-21T10:00:00Z,0.15772,0.15784,0.15706,0.15723,18392514
2024-10-21T11:00:00Z,0.15723,0.15764,0.15723,0.15756,5963298
2024-10-21T12:00:00Z,0.15756,0.15771,0.15727,0.15755,10570080
2024-10-21T13:00:00Z,0.15756,0.15770,0.15693,0.15699,25740296
2024-10-21T14:00:00Z,0.15700,0.15763,0.15698,0.15761,17463822
2024-10-21T15:00:00Z,0.15760,0.15784,0.15730,0.15784,17575453
2024-10-21T16:00:00Z,0.15784,0.15840,0.15783,0.15835,29616220
2024-10-21T17:00:00Z,0.15835,0.15838,0.15823,0.15825,12196092
2024-10-21T18:00:00Z,0.15824,0.15841,0.15808,0.15838,10304912
2024-10-21T19:00:00Z,0.15837,0.15872,0.15836,0.15858,10169587
2024-10-21T20:00:00Z,0.15859,0.15863,0.15843,0.15851,8313992
2024-10-21T21:00:00Z,0.15851,0.15874,0.15826,0.15826,7805220
2024-10-21T22:00:00Z,0.15826,0.15870,0.15826,0.15870,6686880
2024-10-21T23:00:00Z,0.15869,0.15870,0.15825,0.15829,10697714
2024-10-22T00:00:00Z,0.15828,0.15883,0.15743,0.15766,36644746
2024-10-22T01:00:00Z,0.15765,0.15822,0.15763,0.15809,11459356
2024-10-22T02:00:00Z,0.15810,0.15810,0.15746,0.15784,20163587
2024-10-22T03:00:00Z,0.15783,0.15810,0.15774,0.15807,5880311
2024-10-22T04:00:00Z,0.15808,0.15860,0.15801,0.15858,11279484
2024-10-22T05:00:00Z,0.15858,0.15916,0.15853,0.15913,19879867
2024-10-22T06:00:00Z,0.15912,0.15961,0.15910,0.15943,23307065
2024-10-22T07:00:00Z,0.15943,0.15968,0.15942,0.15951,12669244
2024-10-22T08:00:00Z,0.15952,0.15970,0.15918,0.15922,20413078
2024-10-22T09:00:00Z,0.15921,0.15957,0.15911,0.15950,20944618
2024-10-22T10:00:00Z,0.15950,0.15965,0.15936,0.15955,12981017
2024-10-22T11:00:00Z,0.15954,0.15986,0.15954,0.15981,14531424
2024-10-22T12:00:00Z,0.15981,0.15986,0.15954,0.15976,14555662
2024-10-22T13:00:00Z,0.15977,0.15993,0.15947,0.15948,20405232
2024-10-22T14:00:00Z,0.15948,0.16014,0.15944,0.16012,21643514
2024-10-22T15:00:00Z,0.16013,0.16024,0.15983,0.16013,13060847
2024-10-22T16:00:00Z,0.16014,0.16040,0.15986,0.16008,25252002
2024-10-22T17:00:00Z,0.16008,0.16036,0.15990,0.16033,11817999
2024-10-22T18:00:00Z,0.16033,0.16046,0.16009,0.16022,11122178
2024-10-22T19:00:00Z,0.16021,0.16046,0.16012,0.16043,7334401
2024-10-22T20:00:00Z,0.16044,0.16054,0.16040,0.16051,6639410
2024-10-22T21:00:00Z,0.16051,0.16071,0.16036,0.16067,7567793
2024-10-22T22:00:00Z,0.16067,0.16077,0.16063,0.16068,9039543
2024-10-22T23:00:00Z,0.16068,0.16074,0.16010,0.16032,13380228
2024-10-23T00:00:00Z,0.16033,0.16045,0.16011,0.16043,13953924
2024-10-23T01:00:00Z,0.16042,0.16055,0.16030,0.16052,7855498
2024-10-23T02:00:00Z,0.16053,0.16058,0.16037,0.16052,8770998
2024-10-23T03:00:00Z,0.16053,0.16062,0.16019,0.16057,11869136
2024-10-23T04:00:00Z,0.16058,0.16071,0.16044,0.16057,9872686
2024-10-23T05:00:00Z,0.16058,0.16058,0.16010,0.16047,12245209
2024-10-23T06:00:00Z,0.16047,0.16059,0.16037,0.16041,13504335
2024-10-23T07:00:00Z,0.16041,0.16052,0.15999,0.16007,11226352
2024-10-23T08:00:00Z,0.16008,0.16042,0.15986,0.15990,10386148
2024-10-23T09:00:00Z,0.15989,0.16013,0.15947,0.16008,24519825
2024-10-23T10:00:00Z,0.16009,0.16011,0.15980,0.16002,9021057
2024-10-23T11:00:00Z,0.16003,0.16019,0.15973,0.15975,8146752
2024-10-23T12:00:00Z,0.15975,0.15990,0.15961,0.15975,11407267
2024-10-23T13:00:00Z,0.15975,0.16026,0.15971,0.16023,8791687
2024-10-23T14:00:00Z,0.16023,0.16044,0.16010,0.16017,13793826
2024-10-23T15:00:00Z,0.16017,0.16019,0.15980,0.15995,13967100
2024-10-23T16:00:00Z,0.15996,0.16006,0.15967,0.15972,11290944
2024-10-23T17:00:00Z,0.15972,0.15979,0.15952,0.15952,11765994
2024-10-23T18:00:00Z,0.15953,0.15960,0.15918,0.15955,22271660
2024-10-23T19:00:00Z,0.15955,0.15992,0.15942,0.15992,12752752
2024-10-23T20:00:00Z,0.15992,0.15996,0.15967,0.15995,8308302
2024-10-23T21:00:00Z,0.15995,0.16025,0.15990,0.16010,9656993
2024-10-23T22:00:00Z,0.16010,0.16047,0.16003,0.16038,12099639
2024-10-23T23:00:00Z,0.16038,0.16046,0.16030,0.16033,7218390
2024-10-24T00:00:00Z,0.16034,0.16094,0.16032,0.16086,19039582
2024-10-24T01:00:00Z,0.16087,0.16101,0.16073,0.16089,19335043
2024-10-24T02:00:00Z,0.16090,0.16187,0.16089,0.16186,35667692
2024-10-24T03:00:00Z,0.16187,0.16249,0.16183,0.16240,20306421
2024-10-24T04:00:00Z,0.16241,0.16303,0.16231,0.16301,26152988
2024-10-24T05:00:00Z,0.16301,0.16344,0.16296,0.16337,31356378
2024-10-24T06:00:00Z,0.16336,0.16368,0.16324,0.16324,18123108
2024-10-24T07:00:00Z,0.16324,0.16349,0.16312,0.16314,16252367
2024-10-24T08:00:00Z,0.16313,0.16350,0.16303,0.16306,16686442
2024-10-24T09:00:00Z,0.16306,0.16314,0.16270,0.16298,20965675
2024-10-24T10:00:00Z,0.16297,0.16349,0.16297,0.16345,18046713
2024-10-24T11:00:00Z,0.16344,0.16364,0.16327,0.16354,14093462
2024-10-24T12:00:00Z,0.16353,0.16391,0.16353,0.16385,15768177
2024-10-24T13:00:00Z,0.16384,0.16392,0.16360,0.16371,14926370
2024-10-24T14:00:00Z,0.16371,0.16378,0.16326,0.16341,16810564
2024-10-24T15:00:00Z,0.16340,0.16377,0.16339,0.16370,10919019
2024-10-24T16:00:00Z,0.16371,0.16495,0.16370,0.16471,50935947
2024-10-24T17:00:00Z,0.16471,0.16512,0.16457,0.16492,18068471
2024-10-24T18:00:00Z,0.16492,0.16509,0.16458,0.16468,9762361
2024-10-24T19:00:00Z,0.16469,0.16479,0.16434,0.16436,13762535
2024-10-24T20:00:00Z,0.16437,0.16495,0.16437,0.16492,7995105
2024-10-24T21:00:00Z,0.16493,0.16519,0.16489,0.16496,7321692
2024-10-24T22:00:00Z,0.16495,0.16495,0.16474,0.16478,9093106
2024-10-24T23:00:00Z,0.16477,0.16487,0.16453,0.16465,10731288
2024-10-25T00:00:00Z,0.16464,0.16500,0.16464,0.16500,10423526
2024-10-25T01:00:00Z,0.16500,0.16531,0.16499,0.16522,11585594
2024-10-25T02:00:00Z,0.16522,0.16524,0.16474,0.16509,15301464
2024-10-25T03:00:00Z,0.16509,0.16599,0.16508,0.16589,27739088
2024-10-25T04:00:00Z,0.16589,0.16608,0.16534,0.16588,29173279
2024-10-25T05:00:00Z,0.16589,0.16630,0.16580,0.16601,18144111
2024-10-25T06:00:00Z,0.16601,0.16630,0.16597,0.16614,11310913
2024-10-25T07:00:00Z,0.16613,0.16614,0.16519,0.16553,30199269
2024-10-25T08:00:00Z,0.16555,0.16562,0.16505,0.16528,15596245
2024-10-25T09:00:00Z,0.16529,0.16535,0.16479,0.16532,18208163
2024-10-25T10:00:00Z,0.16533,0.16560,0.16519,0.16557,25742819
2024-10-25T11:00:00Z,0.16557,0.16673,0.16557,0.16662,45548696
2024-10-25T12:00:00Z,0.16662,0.16682,0.16647,0.16661,23418788
2024-10-25T13:00:00Z,0.16660,0.16698,0.16659,0.16669,17756621
2024-10-25T14:00:00Z,0.16668,0.16674,0.16617,0.16641,18691690
2024-10-25T15:00:00Z,0.16640,0.16662,0.16595,0.16627,14054260
2024-10-25T16:00:00Z,0.16627,0.16644,0.16527,0.16638,46840153
2024-10-25T17:00:00Z,0.16639,0.16672,0.16556,0.16580,25263543
2024-10-25T18:00:00Z,0.16579,0.16624,0.16518,0.16559,47627599
2024-10-25T19:00:00Z,0.16558,0.16588,0.16417,0.16481,53299916
2024-10-25T20:00:00Z,0.16481,0.16503,0.16424,0.16468,20694263
2024-10-25T21:00:00Z,0.16469,0.16519,0.16469,0.16505,7788521
2024-10-25T22:00:00Z,0.16505,0.16527,0.16468,0.16472,12330034
2024-10-25T23:00:00Z,0.16471,0.16477,0.16175,0.16255,139373422
2024-10-26T00:00:00Z,0.16254,0.16358,0.16234,0.16352,40664721
2024-10-26T01:00:00Z,0.16352,0.16356,0.16300,0.16320,15043390
2024-10-26T02:00:00Z,0.16321,0.16368,0.16296,0.16358,18978122
2024-10-26T03:00:00Z,0.16359,0.16399,0.16352,0.16395,15913404
2024-10-26T04:00:00Z,0.16396,0.16435,0.16387,0.16424,17291672
2024-10-26T05:00:00Z,0.16424,0.16456,0.16414,0.16444,14779067
2024-10-26T06:00:00Z,0.16445,0.16460,0.16432,0.16453,9354980
2024-10-26T07:00:00Z,0.16453,0.16469,0.16431,0.16461,10396567
2024-10-26T08:00:00Z,0.16462,0.16488,0.16462,0.16470,8804307
2024-10-26T09:00:00Z,0.16470,0.16509,0.16470,0.16504,8788429
2024-10-26T10:00:00Z,0.16504,0.16531,0.16503,0.16526,12949095
2024-10-26T11:00:00Z,0.16526,0.16549,0.16497,0.16498,10262213
2024-10-26T12:00:00Z,0.16498,0.16500,0.16473,0.16473,11166505
2024-10-26T13:00:00Z,0.16473,0.16529,0.16466,0.16483,16479929
2024-10-26T14:00:00Z,0.16484,0.16494,0.16400,0.16407,30562225
2024-10-26T15:00:00Z,0.16407,0.16427,0.16382,0.16385,14079391
2024-10-26T16:00:00Z,0.16385,0.16463,0.16383,0.16458,12807277
2024-10-26T17:00:00Z,0.16457,0.16469,0.16424,0.16425,10740189
2024-10-26T18:00:00Z,0.16425,0.16447,0.16415,0.16422,5707849
2024-10-26T19:00:00Z,0.16422,0.16462,0.16421,0.16450,5556779
2024-10-26T20:00:00Z,0.16451,0.16495,0.16442,0.16482,10217567
2024-10-26T21:00:00Z,0.16483,0.16516,0.16480,0.16515,7767650
2024-10-26T22:00:00Z,0.16515,0.16515,0.16477,0.16499,5896278
2024-10-26T23:00:00Z,0.16498,0.16535,0.16495,0.16515,5253615
2024-10-27T00:00:00Z,0.16515,0.16596,0.16514,0.16592,24662226
2024-10-27T01:00:00Z,0.16592,0.16621,0.16591,0.16617,17972228
2024-10-27T02:00:00Z,0.16617,0.16623,0.16592,0.16602,7128530
2024-10-27T03:00:00Z,0.16603,0.16634,0.16601,0.16618,9095373
2024-10-27T04:00:00Z,0.16617,0.16617,0.16566,0.16568,12863689
2024-10-27T05:00:00Z,0.16568,0.16626,0.16566,0.16616,7919072
2024-10-27T06:00:00Z,0.16616,0.16623,0.16572,0.16579,8134954
2024-10-27T07:00:00Z,0.16579,0.16615,0.16578,0.16602,8788654
2024-10-27T08:00:00Z,0.16602,0.16611,0.16540,0.16545,13552963
2024-10-27T09:00:00Z,0.16544,0.16568,0.16537,0.16568,8309155
2024-10-27T10:00:00Z,0.16568,0.16575,0.16532,0.16538,6015723
2024-10-27T11:00:00Z,0.16538,0.16564,0.16533,0.16562,6273809
2024-10-27T12:00:00Z,0.16561,0.16607,0.16551,0.16602,11291564
2024-10-27T13:00:00Z,0.16601,0.16615,0.16536,0.16541,21001441
2024-10-27T14:00:00Z,0.16540,0.16547,0.16526,0.16528,9174903
2024-10-27T15:00:00Z,0.16528,0.16581,0.16527,0.16577,8597878
2024-10-27T16:00:00Z,0.16576,0.16578,0.16510,0.16532,14206740
2024-10-27T17:00:00Z,0.16532,0.16537,0.16470,0.16489,19742014
2024-10-27T18:00:00Z,0.16490,0.16490,0.16450,0.16459,13124271
2024-10-27T19:00:00Z,0.16459,0.16487,0.16451,0.16480,7826834
2024-10-27T20:00:00Z,0.16479,0.16479,0.16422,0.16435,9595289
2024-10-27T21:00:00Z,0.16435,0.16458,0.16422,0.16436,8354876
2024-10-27T22:00:00Z,0.16437,0.16470,0.16398,0.16405,14601212
2024-10-27T23:00:00Z,0.16406,0.16417,0.16388,0.16392,13300909
2024-10-28T00:00:00Z,0.16393,0.16397,0.16369,0.16369,12743589
2024-10-28T01:00:00Z,0.16369,0.16377,0.16358,0.16359,8130657
2024-10-28T02:00:00Z,0.16359,0.16407,0.16351,0.16368,13107945
2024-10-28T03:00:00Z,0.16368,0.16375,0.16321,0.16324,14496899
2024-10-28T04:00:00Z,0.16324,0.16344,0.16318,0.16340,12468966
2024-10-28T05:00:00Z,0.16341,0.16352,0.16308,0.16317,13150589
2024-10-28T06:00:00Z,0.16317,0.16343,0.16309,0.16342,9160415
2024-10-28T07:00:00Z,0.16342,0.16400,0.16340,0.16394,18050541
2024-10-28T08:00:00Z,0.16393,0.16417,0.16380,0.16409,8937906
2024-10-28T09:00:00Z,0.16409,0.16422,0.16375,0.16397,7882620
2024-10-28T10:00:00Z,0.16397,0.16399,0.16364,0.16365,10343676
2024-10-28T11:00:00Z,0.16364,0.16400,0.16355,0.16358,9930813
2024-10-28T12:00:00Z,0.16358,0.16396,0.16347,0.16365,13917612
2024-10-28T13:00:00Z,0.16364,0.16389,0.16341,0.16356,12870567
2024-10-28T14:00:00Z,0.16355,0.16397,0.16342,0.16369,14401046
2024-10-28T15:00:00Z,0.16368,0.16377,0.16336,0.16344,13215026
2024-10-28T16:00:00Z,0.16344,0.16366,0.16336,0.16353,7821022
2024-10-28T17:00:00Z,0.16353,0.16373,0.16323,0.16353,14056380
2024-10-28T18:00:00Z,0.16353,0.16387,0.16347,0.16371,13519140
2024-10-28T19:00:00Z,0.16371,0.16429,0.16362,0.16398,17190739
2024-10-28T20:00:00Z,0.16398,0.16398,0.16398,0.16398,0
2024-10-28T21:00:00Z,0.16383,0.16430,0.16383,0.16429,5260336
2024-10-28T22:00:00Z,0.16430,0.16450,0.16397,0.16431,16152455
2024-10-28T23:00:00Z,0.16432,0.16439,0.16394,0.16414,6328414
2024-10-29T00:00:00Z,0.16414,0.16443,0.16399,0.16439,8017172
2024-10-29T01:00:00Z,0.16438,0.16448,0.16402,0.16430,7060430
2024-10-29T02:00:00Z,0.16429,0.16468,0.16420,0.16423,18915766
2024-10-29T03:00:00Z,0.16424,0.16458,0.16424,0.16435,7184534
2024-10-29T04:00:00Z,0.16435,0.16446,0.16417,0.16422,7244600
2024-10-29T05:00:00Z,0.16422,0.16437,0.16404,0.16412,7129100
2024-10-29T06:00:00Z,0.16412,0.16437,0.16397,0.16418,7681028
2024-10-29T07:00:00Z,0.16418,0.16437,0.16400,0.16417,6258507
2024-10-29T08:00:00Z,0.16417,0.16421,0.16403,0.16408,6952408
2024-10-29T09:00:00Z,0.16408,0.16436,0.16403,0.16406,10241944
2024-10-29T10:00:00Z,0.16406,0.16437,0.16394,0.16428,6258882
2024-10-29T11:00:00Z,0.16428,0.16450,0.16417,0.16421,10821944
2024-10-29T12:00:00Z,0.16421,0.16448,0.16400,0.16436,12494302
2024-10-29T13:00:00Z,0.16437,0.16445,0.16414,0.16432,7653302
2024-10-29T14:00:00Z,0.16431,0.16730,0.16415,0.16569,110139349
2024-10-29T15:00:00Z,0.16569,0.16602,0.16500,0.16544,75607548
2024-10-29T16:00:00Z,0.16545,0.16578,0.16505,0.16552,25815446
2024-10-29T17:00:00Z,0.16552,0.16588,0.16548,0.16579,12601425
2024-10-29T18:00:00Z,0.16580,0.16591,0.16545,0.16577,13816208
2024-10-29T19:00:00Z,0.16577,0.16594,0.16522,0.16537,17719701
2024-10-29T20:00:00Z,0.16537,0.16596,0.16515,0.16574,19464399
2024-10-29T21:00:00Z,0.16573,0.16608,0.16567,0.16607,12547828
2024-10-29T22:00:00Z,0.16607,0.16633,0.16596,0.16619,8023318
2024-10-29T23:00:00Z,0.16620,0.16638,0.16612,0.16637,11251321
2024-10-30T00:00:00Z,0.16638,0.16652,0.16598,0.16648,10357751
2024-10-30T01:00:00Z,0.16649,0.16664,0.16616,0.16649,8723416
2024-10-30T02:00:00Z,0.16649,0.16660,0.16632,0.16655,5019678
2024-10-30T03:00:00Z,0.16655,0.16704,0.16655,0.16701,10297811
2024-10-30T04:00:00Z,0.16701,0.16726,0.16680,0.16688,12204066
2024-10-30T05:00:00Z,0.16688,0.16724,0.16683,0.16723,5396736
2024-10-30T06:00:00Z,0.16723,0.16785,0.16714,0.16780,17809973
2024-10-30T07:00:00Z,0.16780,0.16808,0.16761,0.16783,17617477
2024-10-30T08:00:00Z,0.16784,0.16829,0.16780,0.16787,23395603
2024-10-30T09:00:00Z,0.16788,0.16819,0.16785,0.16813,11384158
2024-10-30T10:00:00Z,0.16812,0.16829,0.16790,0.16795,9847006
2024-10-30T11:00:00Z,0.16795,0.16820,0.16779,0.16799,14427427
2024-10-30T12:00:00Z,0.16799,0.16909,0.16767,0.16863,35331914
2024-10-30T13:00:00Z,0.16863,0.16881,0.16821,0.16857,15798272
2024-10-30T14:00:00Z,0.16857,0.16933,0.16857,0.16902,26850528
2024-10-30T15:00:00Z,0.16902,0.16922,0.16836,0.16878,24380516
2024-10-30T16:00:00Z,0.16878,0.16920,0.16870,0.16917,9502841
2024-10-30T17:00:00Z,0.16917,0.16952,0.16877,0.16946,14611720
2024-10-30T18:00:00Z,0.16946,0.16965,0.16919,0.16942,16591555
2024-10-30T19:00:00Z,0.16942,0.16985,0.16941,0.16960,17091567
2024-10-30T20:00:00Z,0.16961,0.16991,0.16942,0.16980,20292147
2024-10-30T21:00:00Z,0.16980,0.16985,0.16919,0.16949,32561153
2024-10-30T22:00:00Z,0.16949,0.16984,0.16941,0.16958,7625953
2024-10-30T23:00:00Z,0.16958,0.16988,0.16936,0.16936,8625000
2024-10-31T00:00:00Z,0.16936,0.16987,0.16935,0.16960,11087947
2024-10-31T01:00:00Z,0.16960,0.16999,0.16957,0.16985,8829263
2024-10-31T02:00:00Z,0.16985,0.16990,0.16941,0.16945,7604101
2024-10-31T03:00:00Z,0.16945,0.16946,0.16906,0.16913,9644441
2024-10-31T04:00:00Z,0.16914,0.16937,0.16910,0.16937,7484186
2024-10-31T05:00:00Z,0.16937,0.16962,0.16935,0.16955,6239403
2024-10-31T06:00:00Z,0.16955,0.16980,0.16916,0.16976,11038547
2024-10-31T07:00:00Z,0.16976,0.16986,0.16940,0.16943,12622211
2024-10-31T08:00:00Z,0.16944,0.16967,0.16923,0.16950,10239875
2024-10-31T09:00:00Z,0.16950,0.16986,0.16948,0.16985,8916089
2024-10-31T10:00:00Z,0.16984,0.17063,0.16976,0.17045,39031860
2024-10-31T11:00:00Z,0.17045,0.17068,0.17013,0.17022,12845247
2024-10-31T12:00:00Z,0.17022,0.17045,0.16986,0.17003,14099120
2024-10-31T13:00:00Z,0.17003,0.17007,0.16910,0.16928,29273324
2024-10-31T14:00:00Z,0.16928,0.16928,0.16823,0.16841,58156400
2024-10-31T15:00:00Z,0.16841,0.16874,0.16817,0.16852,24809601
2024-10-31T16:00:00Z,0.16852,0.16895,0.16821,0.16880,15795266
2024-10-31T17:00:00Z,0.16880,0.16888,0.16839,0.16858,11295139
2024-10-31T18:00:00Z,0.16857,0.16858,0.16772,0.16812,29866887
2024-10-31T19:00:00Z,0.16812,0.16816,0.16770,0.16777,12955056
2024-10-31T20:00:00Z,0.16778,0.16822,0.16764,0.16811,13431443
2024-10-31T21:00:00Z,0.16812,0.16822,0.16795,0.16822,7376223
2024-10-31T22:00:00Z,0.16822,0.16836,0.16790,0.16836,9401926
2024-10-31T23:00:00Z,0.16836,0.16870,0.16826,0.16854,15125053
2024-11-01T00:00:00Z,0.16854,0.16888,0.16841,0.16868,12896435
2024-11-01T01:00:00Z,0.16867,0.16885,0.16800,0.16815,14984798
2024-11-01T02:00:00Z,0.16814,0.16820,0.16762,0.16799,17783003
2024-11-01T03:00:00Z,0.16799,0.16848,0.16799,0.16807,10055848
2024-11-01T04:00:00Z,0.16806,0.16843,0.16794,0.16831,9792527
2024-11-01T05:00:00Z,0.16830,0.16835,0.16806,0.16821,5732611
2024-11-01T06:00:00Z,0.16821,0.16829,0.16776,0.16780,9523940
2024-11-01T07:00:00Z,0.16781,0.16796,0.16682,0.16701,41281301
2024-11-01T08:00:00Z,0.16701,0.16726,0.16672,0.16683,13959274
2024-11-01T09:00:00Z,0.16684,0.16733,0.16678,0.16715,10751662
2024-11-01T10:00:00Z,0.16714,0.16743,0.16710,0.16728,12225188
2024-11-01T11:00:00Z,0.16729,0.16754,0.16724,0.16730,10056081
2024-11-01T12:00:00Z,0.16731,0.16791,0.16730,0.16768,19310760
2024-11-01T13:00:00Z,0.16768,0.16802,0.16751,0.16796,20617840
2024-11-01T14:00:00Z,0.16795,0.16803,0.16752,0.16778,21237948
2024-11-01T15:00:00Z,0.16778,0.16782,0.16610,0.16632,46480324
2024-11-01T16:00:00Z,0.16632,0.16707,0.16600,0.16701,28014706
2024-11-01T17:00:00Z,0.16702,0.16726,0.16672,0.16709,13451739
2024-11-01T18:00:00Z,0.16709,0.16724,0.16675,0.16695,12829741
2024-11-01T19:00:00Z,0.16696,0.16729,0.16667,0.16709,13273483
2024-11-01T20:00:00Z,0.16709,0.16746,0.16708,0.16727,8636012
2024-11-01T21:00:00Z,0.16727,0.16763,0.16691,0.16725,12403191
2024-11-01T22:00:00Z,0.16725,0.16752,0.16710,0.16742,5651572
2024-11-01T23:00:00Z,0.16743,0.16754,0.16727,0.16737,4272908
2024-11-02T00:00:00Z,0.16736,0.16754,0.16723,0.16744,9648735
2024-11-02T01:00:00Z,0.16744,0.16751,0.16715,0.16743,4969964
2024-11-02T02:00:00Z,0.16744,0.16775,0.16740,0.16742,6546769
2024-11-02T03:00:00Z,0.16742,0.16751,0.16715,0.16719,5022943
2024-11-02T04:00:00Z,0.16720,0.16754,0.16713,0.16738,4787045
2024-11-02T05:00:00Z,0.16737,0.16767,0.16730,0.16741,5240517
2024-11-02T06:00:00Z,0.16742,0.16760,0.16727,0.16744,4913298
2024-11-02T07:00:00Z,0.16745,0.16759,0.16728,0.16753,4976611
2024-11-02T08:00:00Z,0.16754,0.16754,0.16714,0.16733,6703220
2024-11-02T09:00:00Z,0.16733,0.16760,0.16717,0.16717,5654742
2024-11-02T10:00:00Z,0.16717,0.16730,0.16713,0.16730,3789110
2024-11-02T11:00:00Z,0.16730,0.16739,0.16716,0.16720,4719802
2024-11-02T12:00:00Z,0.16720,0.16720,0.16659,0.16669,20898886
2024-11-02T13:00:00Z,0.16669,0.16683,0.16634,0.16637,15115829
2024-11-02T14:00:00Z,0.16637,0.16644,0.16622,0.16642,12502618
2024-11-02T15:00:00Z,0.16642,0.16643,0.16605,0.16617,9522563
2024-11-02T16:00:00Z,0.16617,0.16639,0.16594,0.16633,13728899
2024-11-02T17:00:00Z,0.16633,0.16634,0.16594,0.16598,5303293
2024-11-02T18:00:00Z,0.16598,0.16607,0.16577,0.16590,11688402
2024-11-02T19:00:00Z,0.16590,0.16617,0.16582,0.16617,3808142
2024-11-02T20:00:00Z,0.16616,0.16626,0.16608,0.16609,5578705
2024-11-02T21:00:00Z,0.16609,0.16609,0.16592,0.16597,2571677
2024-11-02T22:00:00Z,0.16596,0.16623,0.16584,0.16603,4070316
2024-11-02T23:00:00Z,0.16603,0.16607,0.16581,0.16607,4036026
2024-11-03T00:00:00Z,0.16606,0.16613,0.16514,0.16526,15662232
2024-11-03T01:00:00Z,0.16525,0.16559,0.16510,0.16511,10778192
2024-11-03T02:00:00Z,0.16511,0.16520,0.16359,0.16393,49359418
2024-11-03T03:00:00Z,0.16393,0.16417,0.16372,0.16405,14354991
2024-11-03T04:00:00Z,0.16404,0.16430,0.16395,0.16420,7909303
2024-11-03T05:00:00Z,0.16420,0.16435,0.16391,0.16391,5222839
2024-11-03T06:00:00Z,0.16391,0.16427,0.16386,0.16411,7029071
2024-11-03T07:00:00Z,0.16410,0.16421,0.16390,0.16394,5083396
2024-11-03T08:00:00Z,0.16394,0.16402,0.16388,0.16396,6313152
2024-11-03T09:00:00Z,0.16396,0.16405,0.16390,0.16399,7386073
2024-11-03T10:00:00Z,0.16399,0.16440,0.16399,0.16434,7204883
2024-11-03T11:00:00Z,0.16434,0.16437,0.16386,0.16390,7511099
2024-11-03T12:00:00Z,0.16390,0.16401,0.16374,0.16375,6373637
2024-11-03T13:00:00Z,0.16376,0.16383,0.16305,0.16324,20541281
2024-11-03T14:00:00Z,0.16323,0.16348,0.16305,0.16332,16127775
2024-11-03T15:00:00Z,0.16332,0.16376,0.16307,0.16376,21839551
2024-11-03T16:00:00Z,0.16376,0.16415,0.16364,0.16409,23440157
2024-11-03T17:00:00Z,0.16409,0.16438,0.16407,0.16421,13554109
2024-11-03T18:00:00Z,0.16421,0.16439,0.16360,0.16393,17060368
2024-11-03T19:00:00Z,0.16393,0.16480,0.16389,0.16477,18367213
2024-11-03T20:00:00Z,0.16477,0.16521,0.16449,0.16519,13025605
2024-11-03T21:00:00Z,0.16519,0.16544,0.16513,0.16529,15232968
2024-11-03T22:00:00Z,0.16530,0.16541,0.16529,0.16539,6322629
2024-11-03T23:00:00Z,0.16539,0.16543,0.16510,0.16515,8685086
2024-11-04T00:00:00Z,0.16516,0.16537,0.16499,0.16536,14481816
2024-11-04T01:00:00Z,0.16535,0.16540,0.16446,0.16507,25598588
2024-11-04T02:00:00Z,0.16507,0.16555,0.16500,0.16552,16373233
2024-11-04T03:00:00Z,0.16553,0.16564,0.16528,0.16545,10926324
2024-11-04T04:00:00Z,0.16546,0.16579,0.16544,0.16569,9887721
2024-11-04T05:00:00Z,0.16569,0.16572,0.16495,0.16508,21075637
2024-11-04T06:00:00Z,0.16509,0.16545,0.16505,0.16521,8948415
2024-11-04T07:00:00Z,0.16521,0.16525,0.16494,0.16499,6917078
2024-11-04T08:00:00Z,0.16498,0.16528,0.16488,0.16522,13577326
2024-11-04T09:00:00Z,0.16523,0.16539,0.16503,0.16529,10129260
2024-11-04T10:00:00Z,0.16530,0.16558,0.16527,0.16540,10718795
2024-11-04T11:00:00Z,0.16540,0.16561,0.16510,0.16522,13476558
2024-11-04T12:00:00Z,0.16522,0.16541,0.16504,0.16536,11736044
2024-11-04T13:00:00Z,0.16537,0.16544,0.16416,0.16441,20662257
2024-11-04T14:00:00Z,0.16441,0.16446,0.16410,0.16420,21391477
2024-11-04T15:00:00Z,0.16420,0.16426,0.16401,0.16422,13257743
2024-11-04T16:00:00Z,0.16422,0.16423,0.16374,0.16384,17088648
2024-11-04T17:00:00Z,0.16383,0.16384,0.16350,0.16362,16210713
2024-11-04T18:00:00Z,0.16361,0.16372,0.16343,0.16350,10049327
2024-11-04T19:00:00Z,0.16350,0.16380,0.16342,0.16349,9971819
2024-11-04T20:00:00Z,0.16349,0.16350,0.16328,0.16332,8832598
2024-11-04T21:00:00Z,0.16333,0.16336,0.16255,0.16268,32052403
2024-11-04T22:00:00Z,0.16268,0.16319,0.16250,0.16308,13904153
2024-11-04T23:00:00Z,0.16308,0.16308,0.16245,0.16279,20660459
2024-11-05T00:00:00Z,0.16279,0.16321,0.16257,0.16269,23560907
2024-11-05T01:00:00Z,0.16269,0.16283,0.16228,0.16250,23428317
2024-11-05T02:00:00Z,0.16250,0.16268,0.16232,0.16240,11817967
2024-11-05T03:00:00Z,0.16240,0.16263,0.16239,0.16249,7761660
2024-11-05T04:00:00Z,0.16249,0.16270,0.16233,0.16266,9426652
2024-11-05T05:00:00Z,0.16265,0.16271,0.16243,0.16262,9323519
2024-11-05T06:00:00Z,0.16263,0.16264,0.16219,0.16224,12379703
2024-11-05T07:00:00Z,0.16224,0.16248,0.16211,0.16225,16006391
2024-11-05T08:00:00Z,0.16226,0.16247,0.16207,0.16221,9909344
2024-11-05T09:00:00Z,0.16220,0.16232,0.16192,0.16197,19083118
2024-11-05T10:00:00Z,0.16196,0.16214,0.16167,0.16179,18611683
2024-11-05T11:00:00Z,0.16178,0.16190,0.16150,0.16158,16762002
2024-11-05T12:00:00Z,0.16158,0.16174,0.16137,0.16149,14157640
2024-11-05T13:00:00Z,0.16148,0.16152,0.16109,0.16119,18436678
2024-11-05T14:00:00Z,0.16119,0.16245,0.16105,0.16221,40620784
2024-11-05T15:00:00Z,0.16221,0.16223,0.16158,0.16169,22141441
2024-11-05T16:00:00Z,0.16169,0.16175,0.16122,0.16150,33185834
2024-11-05T17:00:00Z,0.16149,0.16223,0.16070,0.16102,53479116
2024-11-05T18:00:00Z,0.16102,0.16102,0.16070,0.16077,24943378
2024-11-05T19:00:00Z,0.16076,0.16112,0.16015,0.16024,29540098
2024-11-05T20:00:00Z,0.16024,0.16032,0.15986,0.15995,25898735
2024-11-05T21:00:00Z,0.15994,0.16018,0.15980,0.15983,14496913
2024-11-05T22:00:00Z,0.15982,0.16029,0.15958,0.16023,15534851
2024-11-05T23:00:00Z,0.16023,0.16026,0.15973,0.15996,15729477
2024-11-06T00:00:00Z,0.15996,0.16106,0.15982,0.16092,40758959
2024-11-06T01:00:00Z,0.16092,0.16122,0.16075,0.16091,32278424
2024-11-06T02:00:00Z,0.16091,0.16165,0.16052,0.16156,42190641
2024-11-06T03:00:00Z,0.16156,0.16265,0.16148,0.16230,55233148
2024-11-06T04:00:00Z,0.16230,0.16269,0.16180,0.16248,32674898
2024-11-06T05:00:00Z,0.16249,0.16251,0.16197,0.16240,23223892
2024-11-06T06:00:00Z,0.16241,0.16290,0.16221,0.16244,37101797
2024-11-06T07:00:00Z,0.16244,0.16299,0.16244,0.16255,38663391
2024-11-06T08:00:00Z,0.16255,0.16261,0.16148,0.16216,48786282
2024-11-06T09:00:00Z,0.16215,0.16267,0.16210,0.16266,17448620
2024-11-06T10:00:00Z,0.16265,0.16273,0.16240,0.16263,22742460
2024-11-06T11:00:00Z,0.16262,0.16324,0.16254,0.16309,25426347
2024-11-06T12:00:00Z,0.16309,0.16410,0.16305,0.16381,31023467
2024-11-06T13:00:00Z,0.16382,0.16394,0.16330,0.16369,21708157
2024-11-06T14:00:00Z,0.16369,0.16387,0.16291,0.16299,23067902
2024-11-06T15:00:00Z,0.16300,0.16327,0.16291,0.16313,17310335
2024-11-06T16:00:00Z,0.16313,0.16364,0.16308,0.16363,17902115
2024-11-06T17:00:00Z,0.16362,0.16362,0.16315,0.16316,10069552
2024-11-06T18:00:00Z,0.16317,0.16366,0.16315,0.16358,8697300
2024-11-06T19:00:00Z,0.16357,0.16366,0.16336,0.16349,11982534
2024-11-06T20:00:00Z,0.16348,0.16348,0.16297,0.16312,11624544
2024-11-06T21:00:00Z,0.16311,0.16311,0.16251,0.16269,14630408
2024-11-06T22:00:00Z,0.16269,0.16296,0.16238,0.16286,14116662
2024-11-06T23:00:00Z,0.16287,0.16289,0.16218,0.16239,14945391
2024-11-07T00:00:00Z,0.16239,0.16240,0.16138,0.16166,25732180
2024-11-07T01:00:00Z,0.16166,0.16210,0.16143,0.16183,27929134
2024-11-07T02:00:00Z,0.16182,0.16248,0.16178,0.16244,17852041
2024-11-07T03:00:00Z,0.16244,0.16295,0.16232,0.16270,27519363
2024-11-07T04:00:00Z,0.16269,0.16270,0.16178,0.16195,21943048
2024-11-07T05:00:00Z,0.16195,0.16200,0.16160,0.16169,12413628
2024-11-07T06:00:00Z,0.16169,0.16170,0.16094,0.16110,32079481
2024-11-07T07:00:00Z,0.16110,0.16112,0.16072,0.16087,19997220
2024-11-07T08:00:00Z,0.16087,0.16101,0.16065,0.16100,16411938
2024-11-07T09:00:00Z,0.16101,0.16107,0.16064,0.16067,9673743
2024-11-07T10:00:00Z,0.16067,0.16067,0.16028,0.16045,15966122
2024-11-07T11:00:00Z,0.16044,0.16053,0.16023,0.16029,11284219
2024-11-07T12:00:00Z,0.16028,0.16041,0.16022,0.16031,9888427
2024-11-07T13:00:00Z,0.16030,0.16037,0.15974,0.15980,22720381
2024-11-07T14:00:00Z,0.15980,0.15996,0.15939,0.15961,26855625
2024-11-07T15:00:00Z,0.15961,0.16007,0.15944,0.16005,21969527
2024-11-07T16:00:00Z,0.16005,0.16024,0.15978,0.16011,19086624
2024-11-07T17:00:00Z,0.16010,0.16116,0.15977,0.16098,36085031
2024-11-07T18:00:00Z,0.16099,0.16100,0.16005,0.16027,25490394
2024-11-07T19:00:00Z,0.16027,0.16031,0.15980,0.16012,19958959
2024-11-07T20:00:00Z,0.16012,0.16037,0.16006,0.16029,13061448
2024-11-07T21:00:00Z,0.16029,0.16050,0.16022,0.16028,11739650
2024-11-07T22:00:00Z,0.16028,0.16029,0.15993,0.16010,9049106
2024-11-07T23:00:00Z,0.16011,0.16027,0.15980,0.16001,9743294
2024-11-08T00:00:00Z,0.16001,0.16039,0.15996,0.16024,12261664
2024-11-08T01:00:00Z,0.16023,0.16053,0.16004,0.16012,10301085
2024-11-08T02:00:00Z,0.16012,0.16022,0.15983,0.15985,9599153
2024-11-08T03:00:00Z,0.15985,0.16002,0.15978,0.15998,8248522
2024-11-08T04:00:00Z,0.15999,0.16048,0.15998,0.16035,7862989
2024-11-08T05:00:00Z,0.16036,0.16060,0.16033,0.16057,5140337
2024-11-08T06:00:00Z,0.16057,0.16080,0.16039,0.16066,6823960
2024-11-08T07:00:00Z,0.16066,0.16088,0.16026,0.16079,13555679
2024-11-08T08:00:00Z,0.16079,0.16089,0.16055,0.16085,11092689
2024-11-08T09:00:00Z,0.16085,0.16128,0.16084,0.16126,16246735
2024-11-08T10:00:00Z,0.16127,0.16152,0.16121,0.16144,17472966
2024-11-08T11:00:00Z,0.16143,0.16159,0.16117,0.16122,11962936
2024-11-08T12:00:00Z,0.16123,0.16182,0.16123,0.16179,16125223
2024-11-08T13:00:00Z,0.16179,0.16188,0.16127,0.16162,14123133
2024-11-08T14:00:00Z,0.16161,0.16169,0.16114,0.16126,27848467
2024-11-08T15:00:00Z,0.16125,0.16142,0.16070,0.16114,30172283
2024-11-08T16:00:00Z,0.16114,0.16145,0.16056,0.16058,18444795
2024-11-08T17:00:00Z,0.16057,0.16073,0.16022,0.16065,19864874
2024-11-08T18:00:00Z,0.16065,0.16090,0.16056,0.16087,10406267
2024-11-08T19:00:00Z,0.16087,0.16101,0.16066,0.16079,10705214
2024-11-08T20:00:00Z,0.16079,0.16104,0.16054,0.16084,9955509
2024-11-08T21:00:00Z,0.16084,0.16104,0.16068,0.16098,6069109
2024-11-08T22:00:00Z,0.16098,0.16104,0.16080,0.16089,5355496
2024-11-08T23:00:00Z,0.16090,0.16098,0.16071,0.16089,4761560
2024-11-09T00:00:00Z,0.16089,0.16090,0.16015,0.16025,8631139
2024-11-09T01:00:00Z,0.16026,0.16040,0.15984,0.15996,13180738
2024-11-09T02:00:00Z,0.15996,0.15996,0.15973,0.15986,8323971
2024-11-09T03:00:00Z,0.15987,0.15993,0.15965,0.15969,6901491
2024-11-09T04:00:00Z,0.15969,0.16001,0.15967,0.16001,6961674
2024-11-09T05:00:00Z,0.16001,0.16037,0.15998,0.16022,10926848
2024-11-09T06:00:00Z,0.16021,0.16050,0.15988,0.15990,18349608
2024-11-09T07:00:00Z,0.15990,0.16017,0.15982,0.16012,8099272
2024-11-09T08:00:00Z,0.16011,0.16036,0.15994,0.16028,10305358
2024-11-09T09:00:00Z,0.16029,0.16046,0.16027,0.16040,6802128
2024-11-09T10:00:00Z,0.16040,0.16049,0.16019,0.16042,9098141
2024-11-09T11:00:00Z,0.16043,0.16080,0.16039,0.16069,14030553
2024-11-09T12:00:00Z,0.16068,0.16072,0.16006,0.16012,15121701
2024-11-09T13:00:00Z,0.16012,0.16032,0.16010,0.16019,7780890
2024-11-09T14:00:00Z,0.16018,0.16027,0.16005,0.16016,7971852
2024-11-09T15:00:00Z,0.16017,0.16033,0.16004,0.16028,6375209
2024-11-09T16:00:00Z,0.16028,0.16042,0.16003,0.16012,7079813
2024-11-09T17:00:00Z,0.16013,0.16028,0.15980,0.16025,13227093
2024-11-09T18:00:00Z,0.16025,0.16057,0.16011,0.16055,6762172
2024-11-09T19:00:00Z,0.16054,0.16070,0.16047,0.16066,8222839
2024-11-09T20:00:00Z,0.16065,0.16092,0.16061,0.16087,6890358
2024-11-09T21:00:00Z,0.16086,0.16104,0.16083,0.16101,7139635
2024-11-09T22:00:00Z,0.16102,0.16145,0.16099,0.16131,14356016
2024-11-09T23:00:00Z,0.16131,0.16218,0.16127,0.16204,28900926
2024-11-10T00:00:00Z,0.16205,0.16216,0.16133,0.16149,24326799
2024-11-10T01:00:00Z,0.16148,0.16167,0.16122,0.16139,13787896
2024-11-10T02:00:00Z,0.16140,0.16186,0.16139,0.16166,14168657
2024-11-10T03:00:00Z,0.16166,0.16214,0.16165,0.16191,10674126
2024-11-10T04:00:00Z,0.16191,0.16271,0.16189,0.16260,30512460
2024-11-10T05:00:00Z,0.16259,0.16371,0.16245,0.16358,52482468
2024-11-10T06:00:00Z,0.16357,0.16440,0.16341,0.16431,36312353
2024-11-10T07:00:00Z,0.16430,0.16485,0.16430,0.16460,26398871
2024-11-10T08:00:00Z,0.16460,0.16540,0.16460,0.16532,24696267
2024-11-10T09:00:00Z,0.16532,0.16584,0.16532,0.16561,18971907
2024-11-10T10:00:00Z,0.16561,0.16580,0.16532,0.16567,22590540
2024-11-10T11:00:00Z,0.16567,0.16592,0.16549,0.16574,25239139
2024-11-10T12:00:00Z,0.16573,0.16596,0.16491,0.16558,46712902
2024-11-10T13:00:00Z,0.16557,0.16625,0.16548,0.16623,29980652
2024-11-10T14:00:00Z,0.16623,0.16646,0.16534,0.16551,46215637
2024-11-10T15:00:00Z,0.16551,0.16585,0.16533,0.16579,18882297
2024-11-10T16:00:00Z,0.16578,0.16631,0.16571,0.16629,32029936
2024-11-10T17:00:00Z,0.16629,0.16669,0.16608,0.16614,22348335
2024-11-10T18:00:00Z,0.16614,0.16687,0.16613,0.16666,35504005
2024-11-10T19:00:00Z,0.16666,0.16680,0.16451,0.16491,49586510
2024-11-10T20:00:00Z,0.16492,0.16494,0.16320,0.16321,55092688
2024-11-10T21:00:00Z,0.16321,0.16374,0.16246,0.16363,51253708
2024-11-10T22:00:00Z,0.16363,0.16435,0.16345,0.16398,27374021
2024-11-10T23:00:00Z,0.16398,0.16403,0.16362,0.16399,15759762
2024-11-11T00:00:00Z,0.16399,0.16491,0.16395,0.16474,26906372
2024-11-11T01:00:00Z,0.16473,0.16542,0.16462,0.16507,23836559
2024-11-11T02:00:00Z,0.16506,0.16572,0.16481,0.16563,23959291
2024-11-11T03:00:00Z,0.16563,0.16594,0.16546,0.16591,18635756
2024-11-11T04:00:00Z,0.16591,0.16611,0.16516,0.16576,14113133
2024-11-11T05:00:00Z,0.16577,0.16581,0.16347,0.16388,50950623
2024-11-11T06:00:00Z,0.16387,0.16401,0.16330,0.16375,30806001
2024-11-11T07:00:00Z,0.16374,0.16432,0.16368,0.16424,16221268
2024-11-11T08:00:00Z,0.16425,0.16476,0.16424,0.16466,15420191
2024-11-11T09:00:00Z,0.16465,0.16493,0.16441,0.16487,15011984
2024-11-11T10:00:00Z,0.16487,0.16510,0.16470,0.16501,20874509
2024-11-11T11:00:00Z,0.16500,0.16524,0.16475,0.16515,15704463
2024-11-11T12:00:00Z,0.16515,0.16547,0.16467,0.16511,31660754
2024-11-11T13:00:00Z,0.16511,0.16520,0.16451,0.16471,24063832
2024-11-11T14:00:00Z,0.16470,0.16500,0.16435,0.16495,23541261
2024-11-11T15:00:00Z,0.16494,0.16583,0.16474,0.16544,43935228
2024-11-11T16:00:00Z,0.16545,0.16640,0.16544,0.16624,48716835
2024-11-11T17:00:00Z,0.16624,0.16682,0.16623,0.16638,37381703
2024-11-11T18:00:00Z,0.16638,0.16652,0.16608,0.16647,30254971
2024-11-11T19:00:00Z,0.16648,0.16683,0.16626,0.16670,34970578
2024-11-11T20:00:00Z,0.16671,0.16765,0.16667,0.16723,42870768
2024-11-11T21:00:00Z,0.16723,0.16751,0.16692,0.16704,33406400
2024-11-11T22:00:00Z,0.16705,0.16743,0.16647,0.16743,25702100
2024-11-11T23:00:00Z,0.16742,0.16805,0.16733,0.16794,27776619
2024-11-12T00:00:00Z,0.16794,0.16807,0.16653,0.16768,43675198
2024-11-12T01:00:00Z,0.16768,0.16806,0.16750,0.16785,24505753
2024-11-12T02:00:00Z,0.16785,0.16828,0.16746,0.16800,28036223
2024-11-12T03:00:00Z,0.16800,0.16871,0.16779,0.16870,23763719
2024-11-12T04:00:00Z,0.16870,0.16882,0.16833,0.16834,26431589
2024-11-12T05:00:00Z,0.16834,0.16846,0.16711,0.16766,37616832
2024-11-12T06:00:00Z,0.16765,0.16827,0.16742,0.16824,23281477
2024-11-12T07:00:00Z,0.16824,0.16864,0.16810,0.16829,22142377
2024-11-12T08:00:00Z,0.16829,0.17194,0.16829,0.17150,90349934
2024-11-12T09:00:00Z,0.17150,0.17201,0.16475,0.16487,170264254
2024-11-12T10:00:00Z,0.16486,0.18503,0.16440,0.17449,495597993
2024-11-12T11:00:00Z,0.17449,0.17757,0.17378,0.17673,117920400
2024-11-12T12:00:00Z,0.17673,0.17872,0.17636,0.17755,91525913
2024-11-12T13:00:00Z,0.17753,0.17935,0.17472,0.17617,109746671
2024-11-12T14:00:00Z,0.17616,0.17754,0.17545,0.17749,47051938
2024-11-12T15:00:00Z,0.17750,0.17958,0.17748,0.17950,76434289
2024-11-12T16:00:00Z,0.17949,0.17989,0.17706,0.17871,77370626
2024-11-12T17:00:00Z,0.17872,0.18535,0.17844,0.18317,122120936
2024-11-12T18:00:00Z,0.18318,0.18672,0.18195,0.18517,90193942
2024-11-12T19:00:00Z,0.18519,0.18876,0.18504,0.18790,92018450
2024-11-12T20:00:00Z,0.18790,0.19034,0.18514,0.18959,68750470
2024-11-12T21:00:00Z,0.18960,0.19050,0.18475,0.18636,63380352
2024-11-12T22:00:00Z,0.18636,0.18730,0.18579,0.18664,26477499
2024-11-12T23:00:00Z,0.18664,0.18952,0.18643,0.18753,44923063
2024-11-13T00:00:00Z,0.18754,0.19245,0.18741,0.18794,90536310
2024-11-13T01:00:00Z,0.18793,0.18878,0.18390,0.18480,81726465
2024-11-13T02:00:00Z,0.18480,0.18594,0.18150,0.18398,65905372
2024-11-13T03:00:00Z,0.18398,0.18422,0.17820,0.17826,85567979
2024-11-13T04:00:00Z,0.17824,0.18074,0.17357,0.17835,119826271
2024-11-13T05:00:00Z,0.17834,0.17878,0.17574,0.17638,77586538
2024-11-13T06:00:00Z,0.17637,0.17707,0.17465,0.17527,46174218
2024-11-13T07:00:00Z,0.17527,0.17811,0.17507,0.17803,55919779
2024-11-13T08:00:00Z,0.17803,0.17805,0.17631,0.17648,47713203
2024-11-13T09:00:00Z,0.17648,0.17661,0.17542,0.17567,31935921
2024-11-13T10:00:00Z,0.17567,0.17577,0.17472,0.17535,29555990
2024-11-13T11:00:00Z,0.17535,0.17644,0.17521,0.17585,49925949
2024-11-13T12:00:00Z,0.17582,0.17603,0.17502,0.17554,25272394
2024-11-13T13:00:00Z,0.17553,0.17915,0.17537,0.17901,69900400
2024-11-13T14:00:00Z,0.17902,0.18062,0.17836,0.18041,78705243
2024-11-13T15:00:00Z,0.18042,0.18153,0.17903,0.18135,59170251
2024-11-13T16:00:00Z,0.18134,0.18208,0.17914,0.18006,51829928
2024-11-13T17:00:00Z,0.18006,0.18114,0.17970,0.17979,24566855
2024-11-13T18:00:00Z,0.17980,0.18016,0.17949,0.17958,21329833
2024-11-13T19:00:00Z,0.17958,0.17979,0.17503,0.17560,105294781
2024-11-13T20:00:00Z,0.17560,0.17672,0.17481,0.17599,39270350
2024-11-13T21:00:00Z,0.17598,0.17616,0.17403,0.17543,46602761
2024-11-13T22:00:00Z,0.17544,0.17677,0.17524,0.17659,26003969
2024-11-13T23:00:00Z,0.17660,0.17727,0.17614,0.17716,20315392
2024-11-14T00:00:00Z,0.17716,0.17940,0.17716,0.17811,49436366
2024-11-14T01:00:00Z,0.17811,0.17841,0.17719,0.17836,26591813
2024-11-14T02:00:00Z,0.17836,0.17836,0.17745,0.17785,15575992
2024-11-14T03:00:00Z,0.17786,0.17861,0.17685,0.17854,20719797
2024-11-14T04:00:00Z,0.17856,0.17903,0.17823,0.17902,17784023
2024-11-14T05:00:00Z,0.17902,0.18018,0.17884,0.18015,20461187
2024-11-14T06:00:00Z,0.18015,0.18312,0.17871,0.17920,57807196
2024-11-14T07:00:00Z,0.17919,0.18024,0.17880,0.18014,28212013
2024-11-14T08:00:00Z,0.18014,0.18259,0.18010,0.18162,43689905
2024-11-14T09:00:00Z,0.18160,0.18220,0.18046,0.18154,29692464
2024-11-14T10:00:00Z,0.18153,0.18335,0.17977,0.18002,43491371
2024-11-14T11:00:00Z,0.18002,0.18071,0.17887,0.18063,44699878
2024-11-14T12:00:00Z,0.18062,0.18248,0.17995,0.18167,45623899
2024-11-14T13:00:00Z,0.18167,0.18360,0.18122,0.18217,44436794
2024-11-14T14:00:00Z,0.18216,0.18533,0.17910,0.17932,71658946
2024-11-14T15:00:00Z,0.17929,0.18012,0.17729,0.17786,80911012
2024-11-14T16:00:00Z,0.17786,0.17955,0.17740,0.17923,29093854
2024-11-14T17:00:00Z,0.17924,0.17927,0.17853,0.17884,16482812
2024-11-14T18:00:00Z,0.17885,0.17924,0.17830,0.17848,13829253
2024-11-14T19:00:00Z,0.17849,0.17903,0.17815,0.17889,16765479
2024-11-14T20:00:00Z,0.17890,0.17890,0.17753,0.17758,20627146
2024-11-14T21:00:00Z,0.17759,0.17880,0.17730,0.17874,19592966
2024-11-14T22:00:00Z,0.17875,0.18078,0.17804,0.17806,39320624
2024-11-14T23:00:00Z,0.17804,0.17817,0.17560,0.17646,52505634
2024-11-15T00:00:00Z,0.17646,0.17764,0.17621,0.17655,26891783
2024-11-15T01:00:00Z,0.17654,0.17736,0.17594,0.17723,25843256
2024-11-15T02:00:00Z,0.17724,0.17827,0.17677,0.17825,21670862
2024-11-15T03:00:00Z,0.17826,0.17865,0.17792,0.17849,16601595
2024-11-15T04:00:00Z,0.17850,0.17880,0.17612,0.17668,45212778
2024-11-15T05:00:00Z,0.17668,0.17806,0.17637,0.17805,24165090
2024-11-15T06:00:00Z,0.17805,0.17925,0.17798,0.17919,24274759
2024-11-15T07:00:00Z,0.17919,0.17997,0.17902,0.17932,21843849
2024-11-15T08:00:00Z,0.17932,0.18030,0.17860,0.18020,29038009
2024-11-15T09:00:00Z,0.18020,0.18180,0.18013,0.18097,33779864
2024-11-15T10:00:00Z,0.18096,0.18134,0.18029,0.18070,16154571
2024-11-15T11:00:00Z,0.18069,0.18424,0.18056,0.18406,87660812
2024-11-15T12:00:00Z,0.18407,0.18964,0.18407,0.18941,116095338
2024-11-15T13:00:00Z,0.18941,0.19023,0.18656,0.18831,78468004
2024-11-15T14:00:00Z,0.18830,0.18909,0.18687,0.18810,44348252
2024-11-15T15:00:00Z,0.18809,0.18812,0.18340,0.18391,75866208
2024-11-15T16:00:00Z,0.18392,0.18721,0.18315,0.18674,59455146
2024-11-15T17:00:00Z,0.18677,0.18822,0.18667,0.18725,30568392
2024-11-15T18:00:00Z,0.18725,0.18980,0.18674,0.18803,38172269
2024-11-15T19:00:00Z,0.18806,0.18879,0.18750,0.18780,23506167
2024-11-15T20:00:00Z,0.18779,0.18870,0.18743,0.18866,19607055
2024-11-15T21:00:00Z,0.18866,0.18984,0.18786,0.18978,18260609
2024-11-15T22:00:00Z,0.18976,0.19006,0.18888,0.18949,19441594
2024-11-15T23:00:00Z,0.18949,0.19169,0.18865,0.19141,50516584
2024-11-16T00:00:00Z,0.19141,0.19385,0.19141,0.19221,62118462
2024-11-16T01:00:00Z,0.19222,0.19252,0.19103,0.19108,18737697
2024-11-16T02:00:00Z,0.19108,0.19109,0.18966,0.18969,18343528
2024-11-16T03:00:00Z,0.18970,0.19023,0.18907,0.19013,18269680
2024-11-16T04:00:00Z,0.19013,0.19020,0.18815,0.18895,29563555
2024-11-16T05:00:00Z,0.18895,0.19004,0.18862,0.18975,21866298
2024-11-16T06:00:00Z,0.18975,0.18992,0.18861,0.18880,18546371
2024-11-16T07:00:00Z,0.18881,0.19233,0.18867,0.19141,34074965
2024-11-16T08:00:00Z,0.19140,0.19238,0.19062,0.19094,28327137
2024-11-16T09:00:00Z,0.19093,0.19352,0.19044,0.19320,29820608
2024-11-16T10:00:00Z,0.19321,0.19614,0.19287,0.19604,38872353
2024-11-16T11:00:00Z,0.19604,0.19871,0.19553,0.19833,80854658
2024-11-16T12:00:00Z,0.19834,0.20016,0.19759,0.19828,63945866
2024-11-16T13:00:00Z,0.19829,0.20148,0.19760,0.20092,70903685
2024-11-16T14:00:00Z,0.20092,0.20495,0.19986,0.20219,80310304
2024-11-16T15:00:00Z,0.20218,0.20298,0.19838,0.19940,79978080
2024-11-16T16:00:00Z,0.19939,0.20492,0.19883,0.20296,68418860
2024-11-16T17:00:00Z,0.20295,0.20476,0.20268,0.20364,38603354
2024-11-16T18:00:00Z,0.20364,0.20445,0.20290,0.20292,20760545
2024-11-16T19:00:00Z,0.20292,0.20410,0.20233,0.20332,19011322
2024-11-16T20:00:00Z,0.20331,0.20332,0.20074,0.20077,41777093
2024-11-16T21:00:00Z,0.20078,0.20170,0.20072,0.20123,16392566
2024-11-16T22:00:00Z,0.20123,0.20188,0.20001,0.20002,20462595
2024-11-16T23:00:00Z,0.20002,0.20060,0.19970,0.20032,21993541
2024-11-17T00:00:00Z,0.20032,0.20161,0.20028,0.20070,24992270
2024-11-17T01:00:00Z,0.20070,0.20092,0.19544,0.19546,76592440
2024-11-17T02:00:00Z,0.19547,0.19553,0.19237,0.19423,63878895
2024-11-17T03:00:00Z,0.19422,0.19534,0.19385,0.19533,21507478
2024-11-17T04:00:00Z,0.19534,0.19623,0.19454,0.19603,23105461
2024-11-17T05:00:00Z,0.19602,0.19641,0.19551,0.19570,15364951
2024-11-17T06:00:00Z,0.19569,0.19771,0.19530,0.19743,24977010
2024-11-17T07:00:00Z,0.19743,0.19771,0.19700,0.19708,13512419
2024-11-17T08:00:00Z,0.19708,0.19794,0.19651,0.19738,17328789
2024-11-17T09:00:00Z,0.19738,0.19791,0.19668,0.19681,12184745
2024-11-17T10:00:00Z,0.19681,0.19707,0.19629,0.19633,11558470
2024-11-17T11:00:00Z,0.19634,0.19634,0.19417,0.19422,28178394
2024-11-17T12:00:00Z,0.19422,0.19657,0.19419,0.19657,21293011
2024-11-17T13:00:00Z,0.19657,0.19703,0.19570,0.19702,26822813
2024-11-17T14:00:00Z,0.19702,0.19742,0.19611,0.19698,16519670
2024-11-17T15:00:00Z,0.19697,0.19706,0.19608,0.19682,12038727
2024-11-17T16:00:00Z,0.19683,0.19797,0.19620,0.19797,17643880
2024-11-17T17:00:00Z,0.19797,0.19848,0.19699,0.19754,20643797
2024-11-17T18:00:00Z,0.19753,0.19798,0.19637,0.19647,20144612
2024-11-17T19:00:00Z,0.19646,0.19734,0.19590,0.19733,18304653
2024-11-17T20:00:00Z,0.19734,0.19866,0.19726,0.19795,27348159
2024-11-17T21:00:00Z,0.19795,0.19912,0.19719,0.19736,28346247
2024-11-17T22:00:00Z,0.19736,0.19827,0.19664,0.19827,21042565
2024-11-17T23:00:00Z,0.19826,0.20033,0.19798,0.19963,27890138
2024-11-18T00:00:00Z,0.19963,0.20206,0.19962,0.20171,34514624
2024-11-18T01:00:00Z,0.20172,0.20428,0.20172,0.20390,38097655
2024-11-18T02:00:00Z,0.20391,0.20412,0.20206,0.20212,35991790
2024-11-18T03:00:00Z,0.20213,0.20373,0.20169,0.20368,22118834
2024-11-18T04:00:00Z,0.20368,0.20415,0.20279,0.20290,19114321
2024-11-18T05:00:00Z,0.20293,0.20372,0.20293,0.20341,11126784
2024-11-18T06:00:00Z,0.20341,0.20698,0.20299,0.20677,38082911
2024-11-18T07:00:00Z,0.20674,0.20678,0.20428,0.20456,23741007
2024-11-18T08:00:00Z,0.20456,0.20553,0.20402,0.20427,17846097
2024-11-18T09:00:00Z,0.20428,0.20491,0.20252,0.20308,28171930
2024-11-18T10:00:00Z,0.20305,0.20358,0.20218,0.20291,25876543
2024-11-18T11:00:00Z,0.20290,0.20291,0.20017,0.20046,37433032
2024-11-18T12:00:00Z,0.20047,0.20378,0.19980,0.20200,35337548
2024-11-18T13:00:00Z,0.20202,0.20260,0.20012,0.20180,31026359
2024-11-18T14:00:00Z,0.20180,0.20426,0.20142,0.20403,42707838
2024-11-18T15:00:00Z,0.20403,0.20596,0.20385,0.20553,34483382
2024-11-18T16:00:00Z,0.20553,0.20570,0.20411,0.20488,29088721
2024-11-18T17:00:00Z,0.20488,0.20728,0.20462,0.20552,31219165
2024-11-18T18:00:00Z,0.20554,0.20611,0.20360,0.20386,29397301
2024-11-18T19:00:00Z,0.20384,0.20403,0.20148,0.20291,33165982
2024-11-18T20:00:00Z,0.20289,0.20388,0.20212,0.20291,24601387
2024-11-18T21:00:00Z,0.20291,0.20369,0.20233,0.20241,14975822
2024-11-18T22:00:00Z,0.20244,0.20280,0.20206,0.20243,8992996
2024-11-18T23:00:00Z,0.20242,0.20243,0.20151,0.20220,15075604
2024-11-19T00:00:00Z,0.20219,0.20285,0.20163,0.20253,17399985
2024-11-19T01:00:00Z,0.20253,0.20287,0.20216,0.20221,8350519
2024-11-19T02:00:00Z,0.20222,0.20431,0.20214,0.20412,16752857
2024-11-19T03:00:00Z,0.20412,0.20535,0.20375,0.20477,16829667
2024-11-19T04:00:00Z,0.20478,0.20499,0.20295,0.20321,17410655
2024-11-19T05:00:00Z,0.20321,0.20436,0.20301,0.20431,11008436
2024-11-19T06:00:00Z,0.20432,0.20660,0.20420,0.20611,28394797
2024-11-19T07:00:00Z,0.20611,0.20646,0.20506,0.20520,16898390
2024-11-19T08:00:00Z,0.20521,0.20529,0.20200,0.20215,35642457
2024-11-19T09:00:00Z,0.20216,0.20688,0.20204,0.20308,58925206
2024-11-19T10:00:00Z,0.20308,0.20420,0.20304,0.20386,16259020
2024-11-19T11:00:00Z,0.20386,0.20520,0.20341,0.20501,14022214
2024-11-19T12:00:00Z,0.20501,0.20553,0.20398,0.20438,21369794
2024-11-19T13:00:00Z,0.20438,0.20445,0.20153,0.20160,29749531
2024-11-19T14:00:00Z,0.20158,0.20222,0.20104,0.20144,28184140
2024-11-19T15:00:00Z,0.20144,0.20204,0.20117,0.20187,14542635
2024-11-19T16:00:00Z,0.20187,0.20310,0.20145,0.20301,12658969
2024-11-19T17:00:00Z,0.20299,0.20322,0.20190,0.20305,18495413
2024-11-19T18:00:00Z,0.20305,0.20369,0.20274,0.20355,16752488
2024-11-19T19:00:00Z,0.20356,0.20363,0.20208,0.20223,17992639
2024-11-19T20:00:00Z,0.20222,0.20251,0.19996,0.20042,28215126
2024-11-19T21:00:00Z,0.20042,0.20050,0.19871,0.20000,40664283
2024-11-19T22:00:00Z,0.20000,0.20005,0.19836,0.19920,16401488
2024-11-19T23:00:00Z,0.19920,0.19986,0.19890,0.19966,10476704
2024-11-20T00:00:00Z,0.19967,0.19967,0.19827,0.19865,14711364
2024-11-20T01:00:00Z,0.19864,0.19908,0.19731,0.19807,19769555
2024-11-20T02:00:00Z,0.19806,0.19823,0.19724,0.19730,11185589
2024-11-20T03:00:00Z,0.19730,0.19739,0.19541,0.19640,32899255
2024-11-20T04:00:00Z,0.19641,0.19734,0.19575,0.19694,15518512
2024-11-20T05:00:00Z,0.19695,0.19772,0.19648,0.19755,12721645
2024-11-20T06:00:00Z,0.19756,0.19827,0.19746,0.19795,13062293
2024-11-20T07:00:00Z,0.19794,0.19818,0.19766,0.19770,7610522
2024-11-20T08:00:00Z,0.19771,0.19866,0.19765,0.19843,11370579
2024-11-20T09:00:00Z,0.19842,0.19902,0.19809,0.19839,12838887
2024-11-20T10:00:00Z,0.19839,0.19891,0.19808,0.19811,9216613
2024-11-20T11:00:00Z,0.19810,0.19830,0.19732,0.19776,16447692
2024-11-20T12:00:00Z,0.19776,0.19779,0.19655,0.19680,18075179
2024-11-20T13:00:00Z,0.19680,0.19836,0.19594,0.19831,30100369
2024-11-20T14:00:00Z,0.19831,0.19999,0.19817,0.19878,38939634
2024-11-20T15:00:00Z,0.19879,0.19906,0.19758,0.19823,18117568
2024-11-20T16:00:00Z,0.19822,0.19843,0.19517,0.19599,47231815
2024-11-20T17:00:00Z,0.19598,0.19678,0.19521,0.19523,30685413
2024-11-20T18:00:00Z,0.19522,0.19552,0.19362,0.19468,44524064
2024-11-20T19:00:00Z,0.19467,0.19467,0.19314,0.19410,21065367
2024-11-20T20:00:00Z,0.19410,0.19576,0.19371,0.19553,18868440
2024-11-20T21:00:00Z,0.19553,0.19646,0.19551,0.19575,20179056
2024-11-20T22:00:00Z,0.19575,0.19641,0.19554,0.19586,9031435
2024-11-20T23:00:00Z,0.19585,0.19599,0.19467,0.19471,10997005
2024-11-21T00:00:00Z,0.19470,0.19585,0.19456,0.19574,13558083
2024-11-21T01:00:00Z,0.19575,0.19677,0.19568,0.19617,12077582
2024-11-21T02:00:00Z,0.19617,0.19633,0.19296,0.19415,41678325
2024-11-21T03:00:00Z,0.19415,0.19611,0.19388,0.19525,34473006
2024-11-21T04:00:00Z,0.19524,0.19773,0.19524,0.19756,35933268
2024-11-21T05:00:00Z,0.19756,0.19787,0.19652,0.19695,21446090
2024-11-21T06:00:00Z,0.19697,0.19757,0.19646,0.19739,9654485
2024-11-21T07:00:00Z,0.19740,0.19871,0.19740,0.19865,17233481
2024-11-21T08:00:00Z,0.19865,0.19937,0.19838,0.19895,20349128
2024-11-21T09:00:00Z,0.19895,0.19933,0.19797,0.19809,15623024
2024-11-21T10:00:00Z,0.19809,0.19858,0.19769,0.19789,12215628
2024-11-21T11:00:00Z,0.19790,0.19916,0.19789,0.19915,19621316
2024-11-21T12:00:00Z,0.19915,0.20097,0.19915,0.20012,43758773
2024-11-21T13:00:00Z,0.20013,0.20166,0.19963,0.20093,29746082
2024-11-21T14:00:00Z,0.20093,0.20156,0.19913,0.19984,43688203
2024-11-21T15:00:00Z,0.19983,0.19985,0.19689,0.19819,47980645
2024-11-21T16:00:00Z,0.19819,0.19935,0.19801,0.19916,34614694
2024-11-21T17:00:00Z,0.19915,0.20024,0.19897,0.19997,15356380
2024-11-21T18:00:00Z,0.19998,0.20017,0.19926,0.20009,16459282
2024-11-21T19:00:00Z,0.20009,0.20057,0.19847,0.19890,26572918
2024-11-21T20:00:00Z,0.19889,0.19934,0.19831,0.19882,13044620
2024-11-21T21:00:00Z,0.19882,0.19886,0.19776,0.19822,21052105
2024-11-21T22:00:00Z,0.19821,0.19843,0.19763,0.19833,11092109
2024-11-21T23:00:00Z,0.19834,0.19896,0.19798,0.19874,17274742
2024-11-22T00:00:00Z,0.19874,0.19976,0.19818,0.19860,31230651
2024-11-22T01:00:00Z,0.19860,0.19960,0.19777,0.19959,18791566
2024-11-22T02:00:00Z,0.19959,0.20040,0.19908,0.19998,23642823
2024-11-22T03:00:00Z,0.19997,0.20181,0.19992,0.20078,26382906
2024-11-22T04:00:00Z,0.20078,0.20139,0.20049,0.20061,18369407
2024-11-22T05:00:00Z,0.20061,0.20068,0.19970,0.19972,21394160
2024-11-22T06:00:00Z,0.19973,0.20023,0.19880,0.19923,17227783
2024-11-22T07:00:00Z,0.19924,0.19924,0.19809,0.19820,16924398
2024-11-22T08:00:00Z,0.19820,0.19914,0.19812,0.19911,13696194
2024-11-22T09:00:00Z,0.19911,0.19913,0.19838,0.19882,10644287
2024-11-22T10:00:00Z,0.19882,0.19915,0.19800,0.19871,14082997
2024-11-22T11:00:00Z,0.19870,0.19998,0.19816,0.19992,16603193
2024-11-22T12:00:00Z,0.19992,0.20081,0.19992,0.20022,32899346
2024-11-22T13:00:00Z,0.20022,0.20022,0.19678,0.19793,88445567
2024-11-22T14:00:00Z,0.19790,0.19892,0.19731,0.19838,38894411
2024-11-22T15:00:00Z,0.19838,0.20028,0.19817,0.20019,24352243
2024-11-22T16:00:00Z,0.20019,0.20057,0.19971,0.20044,27806725
2024-11-22T17:00:00Z,0.20045,0.20161,0.20019,0.20103,21974736
2024-11-22T18:00:00Z,0.20103,0.20146,0.19925,0.19927,24358645
2024-11-22T19:00:00Z,0.19926,0.20064,0.19901,0.20054,20938065
2024-11-22T20:00:00Z,0.20054,0.20163,0.20048,0.20161,11784998
2024-11-22T21:00:00Z,0.20161,0.20480,0.20130,0.20386,52776360
2024-11-22T22:00:00Z,0.20386,0.20438,0.20367,0.20416,21381580
2024-11-22T23:00:00Z,0.20417,0.20510,0.20408,0.20504,21462964
2024-11-23T00:00:00Z,0.20504,0.20656,0.20496,0.20594,35886231
2024-11-23T01:00:00Z,0.20594,0.20941,0.20594,0.20812,47338459
2024-11-23T02:00:00Z,0.20815,0.20883,0.20557,0.20585,40007077
2024-11-23T03:00:00Z,0.20585,0.20714,0.20555,0.20675,16802305
2024-11-23T04:00:00Z,0.20676,0.20779,0.20635,0.20765,30503339
2024-11-23T05:00:00Z,0.20765,0.20882,0.20752,0.20881,21709612
2024-11-23T06:00:00Z,0.20882,0.20988,0.20846,0.20939,23601833
2024-11-23T07:00:00Z,0.20939,0.21025,0.20862,0.20905,22785952
2024-11-23T08:00:00Z,0.20906,0.21073,0.20905,0.21056,28074449
2024-11-23T09:00:00Z,0.21057,0.21404,0.21056,0.21326,49822481
2024-11-23T10:00:00Z,0.21325,0.21632,0.21292,0.21602,80671898
2024-11-23T11:00:00Z,0.21603,0.21716,0.21534,0.21582,35227489
2024-11-23T12:00:00Z,0.21581,0.22021,0.21581,0.21966,59766706
2024-11-23T13:00:00Z,0.21965,0.22165,0.21927,0.22024,50896080
2024-11-23T14:00:00Z,0.22025,0.22519,0.21969,0.22024,123362403
2024-11-23T15:00:00Z,0.22021,0.22109,0.21773,0.21829,54086575
2024-11-23T16:00:00Z,0.21829,0.21880,0.21230,0.21381,131062083
2024-11-23T17:00:00Z,0.21382,0.21481,0.21137,0.21455,58490714
2024-11-23T18:00:00Z,0.21453,0.21454,0.21307,0.21391,21428483
2024-11-23T19:00:00Z,0.21391,0.21412,0.21206,0.21260,21480445
2024-11-23T20:00:00Z,0.21261,0.21261,0.20939,0.21137,66290458
2024-11-23T21:00:00Z,0.21137,0.21312,0.21114,0.21295,22005339
2024-11-23T22:00:00Z,0.21295,0.21354,0.21206,0.21244,22753783
2024-11-23T23:00:00Z,0.21245,0.21249,0.21123,0.21218,19788219
2024-11-24T00:00:00Z,0.21220,0.21509,0.21197,0.21479,33289572
2024-11-24T01:00:00Z,0.21479,0.21534,0.21385,0.21483,22496494
2024-11-24T02:00:00Z,0.21483,0.21581,0.21455,0.21564,18349041
2024-11-24T03:00:00Z,0.21564,0.21579,0.21508,0.21549,19367491
2024-11-24T04:00:00Z,0.21549,0.21637,0.21387,0.21487,38292815
2024-11-24T05:00:00Z,0.21487,0.21541,0.21421,0.21489,14645452
2024-11-24T06:00:00Z,0.21487,0.21648,0.21481,0.21634,19724731
2024-11-24T07:00:00Z,0.21634,0.21735,0.21552,0.21728,27045947
2024-11-24T08:00:00Z,0.21728,0.21748,0.21452,0.21453,39138630
2024-11-24T09:00:00Z,0.21452,0.21564,0.21329,0.21450,32317512
2024-11-24T10:00:00Z,0.21449,0.21462,0.21119,0.21190,40343984
2024-11-24T11:00:00Z,0.21189,0.21233,0.20700,0.20708,90344369
2024-11-24T12:00:00Z,0.20708,0.20834,0.20032,0.20303,164427573
2024-11-24T13:00:00Z,0.20302,0.20596,0.20252,0.20511,59350244
2024-11-24T14:00:00Z,0.20514,0.20515,0.20228,0.20430,57910151
2024-11-24T15:00:00Z,0.20426,0.20452,0.20158,0.20167,38057992
2024-11-24T16:00:00Z,0.20168,0.20665,0.20076,0.20495,68329312
2024-11-24T17:00:00Z,0.20495,0.20495,0.20340,0.20449,27533021
2024-11-24T18:00:00Z,0.20450,0.20639,0.20425,0.20608,20907303
2024-11-24T19:00:00Z,0.20607,0.20613,0.20494,0.20500,18443110
2024-11-24T20:00:00Z,0.20500,0.20705,0.20461,0.20695,33323486
2024-11-24T21:00:00Z,0.20694,0.20730,0.20628,0.20724,12615667
2024-11-24T22:00:00Z,0.20724,0.20830,0.20707,0.20815,21252397
2024-11-24T23:00:00Z,0.20816,0.20927,0.20802,0.20880,21984426
2024-11-25T00:00:00Z,0.20879,0.20898,0.20810,0.20842,27908870
2024-11-25T01:00:00Z,0.20841,0.20876,0.20592,0.20712,41505239
2024-11-25T02:00:00Z,0.20712,0.20840,0.20707,0.20791,17485707
2024-11-25T03:00:00Z,0.20792,0.20902,0.20760,0.20865,14879498
2024-11-25T04:00:00Z,0.20864,0.20954,0.20858,0.20866,16178665
2024-11-25T05:00:00Z,0.20866,0.20966,0.20865,0.20936,21153151
2024-11-25T06:00:00Z,0.20936,0.20980,0.20822,0.20849,17390486
2024-11-25T07:00:00Z,0.20849,0.20988,0.20827,0.20939,18874514
2024-11-25T08:00:00Z,0.20939,0.21080,0.20928,0.21066,18783343
2024-11-25T09:00:00Z,0.21066,0.21264,0.21057,0.21159,29381558
2024-11-25T10:00:00Z,0.21159,0.21171,0.21004,0.21118,29476140
2024-11-25T11:00:00Z,0.21119,0.21179,0.20975,0.21036,26776598
2024-11-25T12:00:00Z,0.21036,0.21086,0.20980,0.21055,20078135
2024-11-25T13:00:00Z,0.21055,0.21108,0.20490,0.20532,109758871
2024-11-25T14:00:00Z,0.20532,0.20561,0.19846,0.19889,119804313
2024-11-25T15:00:00Z,0.19893,0.20052,0.19511,0.20010,167281948
2024-11-25T16:00:00Z,0.20010,0.20052,0.19839,0.19961,43030088
2024-11-25T17:00:00Z,0.19959,0.19964,0.19605,0.19794,55103879
2024-11-25T18:00:00Z,0.19794,0.19881,0.19686,0.19746,22777528
2024-11-25T19:00:00Z,0.19745,0.19911,0.19693,0.19842,28332397
2024-11-25T20:00:00Z,0.19842,0.19925,0.19781,0.19864,22366958
2024-11-25T21:00:00Z,0.19864,0.19905,0.19541,0.19666,43547049
2024-11-25T22:00:00Z,0.19664,0.19752,0.19371,0.19656,47570001
2024-11-25T23:00:00Z,0.19656,0.19719,0.19533,0.19589,30044772
2024-11-26T00:00:00Z,0.19587,0.19801,0.19489,0.19644,42236861
2024-11-26T01:00:00Z,0.19645,0.19828,0.19627,0.19819,25376761
2024-11-26T02:00:00Z,0.19818,0.19940,0.19795,0.19921,15984307
2024-11-26T03:00:00Z,0.19919,0.19923,0.19770,0.19824,17005128
2024-11-26T04:00:00Z,0.19823,0.19906,0.19737,0.19906,16229574
2024-11-26T05:00:00Z,0.19905,0.20101,0.19897,0.20050,28326812
2024-11-26T06:00:00Z,0.20051,0.20087,0.19978,0.20004,16163323
2024-11-26T07:00:00Z,0.20005,0.20008,0.19731,0.19811,37185597
2024-11-26T08:00:00Z,0.19810,0.19820,0.19383,0.19522,81883745
2024-11-26T09:00:00Z,0.19522,0.19687,0.19385,0.19544,45685523
2024-11-26T10:00:00Z,0.19546,0.19587,0.19077,0.19078,67013363
2024-11-26T11:00:00Z,0.19078,0.19171,0.18601,0.18970,131234016
2024-11-26T12:00:00Z,0.18969,0.19009,0.18774,0.18881,55325199
2024-11-26T13:00:00Z,0.18884,0.19090,0.18791,0.18973,40986776
2024-11-26T14:00:00Z,0.18973,0.19231,0.18813,0.19154,51447830
2024-11-26T15:00:00Z,0.19153,0.19200,0.18960,0.19052,44744061
2024-11-26T16:00:00Z,0.19052,0.19344,0.18978,0.19281,35482183
2024-11-26T17:00:00Z,0.19284,0.19346,0.19208,0.19296,22328918
2024-11-26T18:00:00Z,0.19295,0.19320,0.18822,0.19037,75754780
2024-11-26T19:00:00Z,0.19036,0.19203,0.18970,0.19188,57567048
2024-11-26T20:00:00Z,0.19189,0.19375,0.19123,0.19315,41430578
2024-11-26T21:00:00Z,0.19315,0.19416,0.19225,0.19326,31063429
2024-11-26T22:00:00Z,0.19327,0.19486,0.19306,0.19349,28433345
2024-11-26T23:00:00Z,0.19349,0.19469,0.19311,0.19451,15037833
2024-11-27T00:00:00Z,0.19451,0.19664,0.19344,0.19391,57889559
2024-11-27T01:00:00Z,0.19391,0.19594,0.19334,0.19578,25280684
2024-11-27T02:00:00Z,0.19577,0.19686,0.19489,0.19664,18631916
2024-11-27T03:00:00Z,0.19666,0.19700,0.19571,0.19634,23647080
2024-11-27T04:00:00Z,0.19634,0.19815,0.19623,0.19694,21365858
2024-11-27T05:00:00Z,0.19695,0.19760,0.19618,0.19687,16139054
2024-11-27T06:00:00Z,0.19687,0.19900,0.19687,0.19816,15692459
2024-11-27T07:00:00Z,0.19815,0.20047,0.19799,0.20025,20462592
2024-11-27T08:00:00Z,0.20025,0.20067,0.19970,0.20014,19381995
2024-11-27T09:00:00Z,0.20014,0.20027,0.19860,0.19941,19508460
2024-11-27T10:00:00Z,0.19941,0.20052,0.19917,0.19988,27018002
2024-11-27T11:00:00Z,0.19988,0.20031,0.19949,0.20030,21623852
2024-11-27T12:00:00Z,0.20029,0.20045,0.19830,0.20011,27525566
2024-11-27T13:00:00Z,0.20011,0.20192,0.19994,0.20175,26192101
2024-11-27T14:00:00Z,0.20175,0.20240,0.20101,0.20173,23669774
2024-11-27T15:00:00Z,0.20172,0.20251,0.20101,0.20195,23122928
2024-11-27T16:00:00Z,0.20198,0.20212,0.19992,0.20010,35415043
2024-11-27T17:00:00Z,0.20010,0.20119,0.19953,0.20101,20527745
2024-11-27T18:00:00Z,0.20102,0.20158,0.20072,0.20133,12538052
2024-11-27T19:00:00Z,0.20133,0.20136,0.20048,0.20074,9712340
2024-11-27T20:00:00Z,0.20074,0.20195,0.20070,0.20141,13866520
2024-11-27T21:00:00Z,0.20143,0.20181,0.20058,0.20101,12045439
2024-11-27T22:00:00Z,0.20102,0.20185,0.20054,0.20162,11960739
2024-11-27T23:00:00Z,0.20164,0.20186,0.20076,0.20110,19917078
2024-11-28T00:00:00Z,0.20110,0.20180,0.20009,0.20176,27182206
2024-11-28T01:00:00Z,0.20177,0.20216,0.20136,0.20209,16415502
2024-11-28T02:00:00Z,0.20210,0.20272,0.20059,0.20078,21403723
2024-11-28T03:00:00Z,0.20077,0.20097,0.19881,0.19995,35281665
2024-11-28T04:00:00Z,0.19996,0.20114,0.19954,0.20109,15690364
2024-11-28T05:00:00Z,0.20109,0.20138,0.20038,0.20079,14576732
2024-11-28T06:00:00Z,0.20080,0.20087,0.19991,0.20015,12731692
2024-11-28T07:00:00Z,0.20014,0.20089,0.19911,0.19936,12491634
2024-11-28T08:00:00Z,0.19936,0.20017,0.19556,0.19990,64642643
2024-11-28T09:00:00Z,0.19991,0.20096,0.19909,0.19918,28714320
2024-11-28T10:00:00Z,0.19918,0.20060,0.19884,0.19979,19472026
2024-11-28T11:00:00Z,0.19978,0.20208,0.19968,0.20057,39711100
2024-11-28T12:00:00Z,0.20056,0.20087,0.20005,0.20064,13523112
2024-11-28T13:00:00Z,0.20064,0.20216,0.20015,0.20196,23937126
2024-11-28T14:00:00Z,0.20196,0.20288,0.20150,0.20166,32054751
2024-11-28T15:00:00Z,0.20165,0.20224,0.19962,0.19970,31884866
2024-11-28T16:00:00Z,0.19971,0.20161,0.19970,0.20129,25916716
2024-11-28T17:00:00Z,0.20129,0.20272,0.20129,0.20228,20409078
2024-11-28T18:00:00Z,0.20228,0.20362,0.20228,0.20336,16236109
2024-11-28T19:00:00Z,0.20336,0.20365,0.20262,0.20279,12309655
2024-11-28T20:00:00Z,0.20280,0.20285,0.20193,0.20212,14000151
2024-11-28T21:00:00Z,0.20213,0.20309,0.20212,0.20286,12818505
2024-11-28T22:00:00Z,0.20287,0.20331,0.20265,0.20328,8524751
2024-11-28T23:00:00Z,0.20327,0.20387,0.20282,0.20345,14361721
2024-11-29T00:00:00Z,0.20346,0.20374,0.20244,0.20253,18546313
2024-11-29T01:00:00Z,0.20252,0.20277,0.20191,0.20246,14834323
2024-11-29T02:00:00Z,0.20245,0.20350,0.20240,0.20342,10009566
2024-11-29T03:00:00Z,0.20342,0.20359,0.20198,0.20202,15870448
2024-11-29T04:00:00Z,0.20202,0.20214,0.20130,0.20182,13971698
2024-11-29T05:00:00Z,0.20183,0.20220,0.20164,0.20170,7669120
2024-11-29T06:00:00Z,0.20170,0.20203,0.20147,0.20178,9972206
2024-11-29T07:00:00Z,0.20177,0.20201,0.20071,0.20077,16804314
2024-11-29T08:00:00Z,0.20077,0.20142,0.20075,0.20129,9148243
2024-11-29T09:00:00Z,0.20127,0.20230,0.20113,0.20215,13050734
2024-11-29T10:00:00Z,0.20216,0.20325,0.20200,0.20315,16250692
2024-11-29T11:00:00Z,0.20315,0.20380,0.20293,0.20360,13042485
2024-11-29T12:00:00Z,0.20359,0.20461,0.20353,0.20395,19068306
2024-11-29T13:00:00Z,0.20396,0.20486,0.20360,0.20484,13201781
2024-11-29T14:00:00Z,0.20484,0.20673,0.20425,0.20649,30134529
2024-11-29T15:00:00Z,0.20649,0.20740,0.20519,0.20519,40813480
2024-11-29T16:00:00Z,0.20520,0.20599,0.20444,0.20460,21947450
2024-11-29T17:00:00Z,0.20461,0.20479,0.20360,0.20420,19784110
2024-11-29T18:00:00Z,0.20421,0.20456,0.20400,0.20423,7361532
2024-11-29T19:00:00Z,0.20423,0.20454,0.20316,0.20445,10131160
2024-11-29T20:00:00Z,0.20446,0.20487,0.20416,0.20432,9016203
2024-11-29T21:00:00Z,0.20431,0.20503,0.20413,0.20500,10463320
2024-11-29T22:00:00Z,0.20500,0.20534,0.20462,0.20496,8120887
2024-11-29T23:00:00Z,0.20497,0.20514,0.20421,0.20446,10348480
2024-11-30T00:00:00Z,0.20447,0.20447,0.20241,0.20294,27204187
2024-11-30T01:00:00Z,0.20293,0.20354,0.20246,0.20323,13461958
2024-11-30T02:00:00Z,0.20323,0.20335,0.20291,0.20323,7794324
2024-11-30T03:00:00Z,0.20323,0.20373,0.20303,0.20371,7532197
2024-11-30T04:00:00Z,0.20371,0.20433,0.20354,0.20401,9613863
2024-11-30T05:00:00Z,0.20400,0.20514,0.20395,0.20513,14013726
2024-11-30T06:00:00Z,0.20514,0.20584,0.20461,0.20492,17906992
2024-11-30T07:00:00Z,0.20493,0.20600,0.20470,0.20593,17057980
2024-11-30T08:00:00Z,0.20592,0.20602,0.20525,0.20525,11443918
2024-11-30T09:00:00Z,0.20525,0.20551,0.20490,0.20545,8506160
2024-11-30T10:00:00Z,0.20545,0.20565,0.20301,0.20318,25268628
2024-11-30T11:00:00Z,0.20317,0.20404,0.20288,0.20389,20428563
2024-11-30T12:00:00Z,0.20388,0.20520,0.20388,0.20511,14528473
2024-11-30T13:00:00Z,0.20512,0.20559,0.20457,0.20531,13661886
2024-11-30T14:00:00Z,0.20530,0.20611,0.20483,0.20494,20545599
2024-11-30T15:00:00Z,0.20495,0.20582,0.20478,0.20578,14676202
2024-11-30T16:00:00Z,0.20578,0.20619,0.20510,0.20613,13939548
2024-11-30T17:00:00Z,0.20612,0.20661,0.20596,0.20626,10606596
2024-11-30T18:00:00Z,0.20627,0.20664,0.20600,0.20647,8706065
2024-11-30T19:00:00Z,0.20648,0.20660,0.20607,0.20650,15088306
2024-11-30T20:00:00Z,0.20649,0.20698,0.20647,0.20698,7491081
2024-11-30T21:00:00Z,0.20697,0.20739,0.20689,0.20731,8389951
2024-11-30T22:00:00Z,0.20730,0.20730,0.20550,0.20590,18211625
2024-11-30T23:00:00Z,0.20589,0.20616,0.20485,0.20491,12301856
2024-12-01T00:00:00Z,0.20491,0.20591,0.20442,0.20448,25876323
2024-12-01T01:00:00Z,0.20448,0.20504,0.20371,0.20441,22011892
2024-12-01T02:00:00Z,0.20441,0.20449,0.20202,0.20240,27435003
2024-12-01T03:00:00Z,0.20240,0.20388,0.20240,0.20381,12544356
2024-12-01T04:00:00Z,0.20381,0.20441,0.20339,0.20438,7323089
2024-12-01T05:00:00Z,0.20438,0.20452,0.20401,0.20406,8017669
2024-12-01T06:00:00Z,0.20407,0.20551,0.20406,0.20543,17184591
2024-12-01T07:00:00Z,0.20544,0.20643,0.20544,0.20587,15505623
2024-12-01T08:00:00Z,0.20587,0.20811,0.20584,0.20797,25143459
2024-12-01T09:00:00Z,0.20797,0.20854,0.20777,0.20807,17734589
2024-12-01T10:00:00Z,0.20808,0.20888,0.20776,0.20868,19386488
2024-12-01T11:00:00Z,0.20869,0.20960,0.20830,0.20949,19681559
2024-12-01T12:00:00Z,0.20949,0.20992,0.20867,0.20871,16841344
2024-12-01T13:00:00Z,0.20872,0.20957,0.20823,0.20860,15777487
2024-12-01T14:00:00Z,0.20860,0.20915,0.20779,0.20909,14980027
2024-12-01T15:00:00Z,0.20908,0.20915,0.20836,0.20894,15855102
2024-12-01T16:00:00Z,0.20895,0.20933,0.20880,0.20888,11416132
2024-12-01T17:00:00Z,0.20887,0.20887,0.20793,0.20850,15682587
2024-12-01T18:00:00Z,0.20849,0.20868,0.20703,0.20716,15431416
2024-12-01T19:00:00Z,0.20717,0.20752,0.20624,0.20750,24479667
2024-12-01T20:00:00Z,0.20748,0.20753,0.20551,0.20749,34750263
2024-12-01T21:00:00Z,0.20750,0.20836,0.20714,0.20787,21756964
2024-12-01T22:00:00Z,0.20786,0.20805,0.20714,0.20741,11730329
2024-12-01T23:00:00Z,0.20741,0.20774,0.20711,0.20737,13003893
2024-12-02T00:00:00Z,0.20737,0.20956,0.20653,0.20941,43381171
2024-12-02T01:00:00Z,0.20941,0.21031,0.20911,0.21023,33839153
2024-12-02T02:00:00Z,0.21024,0.21139,0.20937,0.21135,39235995
2024-12-02T03:00:00Z,0.21135,0.21256,0.20841,0.20871,52593211
2024-12-02T04:00:00Z,0.20871,0.20989,0.20636,0.20964,80197442
2024-12-02T05:00:00Z,0.20964,0.21108,0.20952,0.21030,27421956
2024-12-02T06:00:00Z,0.21030,0.21128,0.20894,0.21125,29763846
2024-12-02T07:00:00Z,0.21125,0.21174,0.20896,0.21148,41257775
2024-12-02T08:00:00Z,0.21149,0.21154,0.20392,0.20508,136348188
2024-12-02T09:00:00Z,0.20508,0.20744,0.20426,0.20725,58985529
2024-12-02T10:00:00Z,0.20726,0.20732,0.20341,0.20387,50080411
2024-12-02T11:00:00Z,0.20386,0.20625,0.20315,0.20579,53326675
2024-12-02T12:00:00Z,0.20579,0.20778,0.20534,0.20616,39926438
2024-12-02T13:00:00Z,0.20615,0.20838,0.20598,0.20830,35280539
2024-12-02T14:00:00Z,0.20831,0.21138,0.20813,0.21027,67216407
2024-12-02T15:00:00Z,0.21027,0.21309,0.20960,0.21276,76088610
2024-12-02T16:00:00Z,0.21276,0.21441,0.21112,0.21375,97448409
2024-12-02T17:00:00Z,0.21376,0.21401,0.20870,0.20917,87674693
2024-12-02T18:00:00Z,0.20917,0.21349,0.20908,0.21308,34046695
2024-12-02T19:00:00Z,0.21309,0.21445,0.21204,0.21416,32599368
2024-12-02T20:00:00Z,0.21416,0.21722,0.21394,0.21682,49905746
2024-12-02T21:00:00Z,0.21680,0.21816,0.21588,0.21745,52798124
2024-12-02T22:00:00Z,0.21744,0.21822,0.21638,0.21807,27940631
2024-12-02T23:00:00Z,0.21807,0.22143,0.21802,0.22136,64827025
2024-12-03T00:00:00Z,0.22135,0.22646,0.22135,0.22467,123245457
2024-12-03T01:00:00Z,0.22466,0.22708,0.22123,0.22197,75330496
2024-12-03T02:00:00Z,0.22197,0.22483,0.22148,0.22383,44224832
2024-12-03T03:00:00Z,0.22383,0.22577,0.22275,0.22490,39265294
2024-12-03T04:00:00Z,0.22491,0.23077,0.22453,0.22917,70164585
2024-12-03T05:00:00Z,0.22918,0.23319,0.22840,0.23272,45196174
2024-12-03T06:00:00Z,0.23272,0.23596,0.22800,0.22907,115887306
2024-12-03T07:00:00Z,0.22905,0.22988,0.22612,0.22796,124883799
2024-12-03T08:00:00Z,0.22798,0.23359,0.22797,0.23339,54256147
2024-12-03T09:00:00Z,0.23338,0.23556,0.22937,0.23512,73398666
2024-12-03T10:00:00Z,0.23511,0.23912,0.23360,0.23569,162103756
2024-12-03T11:00:00Z,0.23566,0.24033,0.23481,0.24005,138404452
2024-12-03T12:00:00Z,0.24005,0.24619,0.23651,0.23681,223284638
2024-12-03T13:00:00Z,0.23678,0.23835,0.22844,0.23112,173074449
2024-12-03T14:00:00Z,0.23115,0.23920,0.22742,0.23890,276053348
2024-12-03T15:00:00Z,0.23890,0.28850,0.23758,0.25869,1152480212
2024-12-03T16:00:00Z,0.25866,0.28743,0.25550,0.27505,635589087
2024-12-03T17:00:00Z,0.27504,0.29153,0.27397,0.27994,575786383
2024-12-03T18:00:00Z,0.27998,0.28024,0.27101,0.27452,179459312
2024-12-03T19:00:00Z,0.27452,0.31168,0.27250,0.30598,457095001
2024-12-03T20:00:00Z,0.30595,0.31364,0.29763,0.31300,473864724
2024-12-03T21:00:00Z,0.31294,0.31570,0.30449,0.31150,268621515
2024-12-03T22:00:00Z,0.31150,0.36749,0.30710,0.36247,797185674
2024-12-03T23:00:00Z,0.36238,0.45000,0.35986,0.43347,2073965091
2024-12-04T00:00:00Z,0.43336,0.45090,0.39012,0.39248,1138301668
2024-12-04T01:00:00Z,0.39249,0.39464,0.36925,0.38897,653160299
2024-12-04T02:00:00Z,0.38898,0.38984,0.36735,0.37420,340891558
2024-12-04T03:00:00Z,0.37420,0.39295,0.37264,0.38924,265206150
2024-12-04T04:00:00Z,0.38920,0.43437,0.38500,0.39768,903074616
2024-12-04T05:00:00Z,0.39770,0.41603,0.39620,0.41348,429731721
2024-12-04T06:00:00Z,0.41349,0.41349,0.38406,0.39023,495409423
2024-12-04T07:00:00Z,0.39022,0.39670,0.38300,0.39183,250417796
2024-12-04T08:00:00Z,0.39185,0.39399,0.37252,0.38705,401731180
2024-12-04T09:00:00Z,0.38704,0.39799,0.38344,0.39265,463831689
2024-12-04T10:00:00Z,0.39265,0.39981,0.38602,0.39135,350821637
2024-12-04T11:00:00Z,0.39136,0.39661,0.38541,0.38907,256186011
2024-12-04T12:00:00Z,0.38906,0.38973,0.37272,0.37670,434147847
2024-12-04T13:00:00Z,0.37669,0.38697,0.36652,0.37618,409328694
2024-12-04T14:00:00Z,0.37621,0.37646,0.35085,0.35426,628754488
2024-12-04T15:00:00Z,0.35426,0.35960,0.35005,0.35147,303052454
2024-12-04T16:00:00Z,0.35147,0.36198,0.32918,0.33098,665446549
2024-12-04T17:00:00Z,0.33097,0.33580,0.32222,0.33088,423394193
2024-12-04T18:00:00Z,0.33089,0.33941,0.33023,0.33853,278446873
2024-12-04T19:00:00Z,0.33854,0.34600,0.33663,0.34324,214948170
2024-12-04T20:00:00Z,0.34324,0.34677,0.32712,0.33174,258143145
2024-12-04T21:00:00Z,0.33175,0.33740,0.32929,0.33569,158902840
2024-12-04T22:00:00Z,0.33570,0.33587,0.32979,0.33005,130445014
2024-12-04T23:00:00Z,0.33005,0.33338,0.32286,0.33084,254632401
2024-12-05T00:00:00Z,0.33085,0.34498,0.32782,0.33632,471149962
2024-12-05T01:00:00Z,0.33632,0.33646,0.32238,0.32558,311647361
2024-12-05T02:00:00Z,0.32556,0.33914,0.32524,0.33072,241843936
2024-12-05T03:00:00Z,0.33072,0.33244,0.31335,0.31676,301927583
2024-12-05T04:00:00Z,0.31675,0.32569,0.31538,0.32142,174943213
2024-12-05T05:00:00Z,0.32142,0.32479,0.31910,0.32305,126497374
2024-12-05T06:00:00Z,0.32306,0.33418,0.32272,0.32979,231207556
2024-12-05T07:00:00Z,0.32979,0.33486,0.32672,0.33423,143795184
2024-12-05T08:00:00Z,0.33422,0.33509,0.32951,0.33061,126688576
2024-12-05T09:00:00Z,0.33060,0.33847,0.32818,0.33586,157916792
2024-12-05T10:00:00Z,0.33583,0.33772,0.33260,0.33406,106945339
2024-12-05T11:00:00Z,0.33407,0.34028,0.33333,0.34022,96979107
2024-12-05T12:00:00Z,0.34021,0.34685,0.33458,0.33521,254782842
2024-12-05T13:00:00Z,0.33522,0.34119,0.33400,0.33823,125601431
2024-12-05T14:00:00Z,0.33823,0.34346,0.32916,0.33100,204022730
2024-12-05T15:00:00Z,0.33100,0.33272,0.32463,0.33109,184459420
2024-12-05T16:00:00Z,0.33109,0.33258,0.32800,0.33124,120514153
2024-12-05T17:00:00Z,0.33123,0.33560,0.32740,0.33307,178714815
2024-12-05T18:00:00Z,0.33306,0.33306,0.32765,0.32774,72630256
2024-12-05T19:00:00Z,0.32773,0.33024,0.32134,0.32353,173424486
2024-12-05T20:00:00Z,0.32353,0.32500,0.31938,0.32473,134216677
2024-12-05T21:00:00Z,0.32474,0.32682,0.32281,0.32558,54537857
2024-12-05T22:00:00Z,0.32557,0.32680,0.31278,0.31893,204953033
2024-12-05T23:00:00Z,0.31892,0.32430,0.31522,0.32269,132091477
2024-12-06T00:00:00Z,0.32268,0.32420,0.31892,0.32348,81328087
2024-12-06T01:00:00Z,0.32348,0.32483,0.32031,0.32383,67153869
2024-12-06T02:00:00Z,0.32384,0.32505,0.32089,0.32265,49819959
2024-12-06T03:00:00Z,0.32265,0.32297,0.32022,0.32291,51901693
2024-12-06T04:00:00Z,0.32292,0.32728,0.32260,0.32546,74579738
2024-12-06T05:00:00Z,0.32546,0.32992,0.32451,0.32924,98702964
2024-12-06T06:00:00Z,0.32924,0.32950,0.32444,0.32599,65359702
2024-12-06T07:00:00Z,0.32599,0.32850,0.32569,0.32635,41241890
2024-12-06T08:00:00Z,0.32635,0.32961,0.32297,0.32301,129604143
2024-12-06T09:00:00Z,0.32301,0.32352,0.31865,0.32008,106968284
2024-12-06T10:00:00Z,0.32007,0.32047,0.31468,0.31870,118731675
2024-12-06T11:00:00Z,0.31869,0.31909,0.31433,0.31558,68323526
2024-12-06T12:00:00Z,0.31556,0.31849,0.30919,0.31066,141818875
2024-12-06T13:00:00Z,0.31067,0.31699,0.30850,0.31556,175360956
2024-12-06T14:00:00Z,0.31556,0.32036,0.31434,0.31957,108098500
2024-12-06T15:00:00Z,0.31958,0.32001,0.31690,0.31840,82266486
2024-12-06T16:00:00Z,0.31840,0.31977,0.31554,0.31759,62894707
2024-12-06T17:00:00Z,0.31758,0.31983,0.31661,0.31797,54562971
2024-12-06T18:00:00Z,0.31797,0.31946,0.31762,0.31812,43094966
2024-12-06T19:00:00Z,0.31811,0.31950,0.31682,0.31912,42923601
2024-12-06T20:00:00Z,0.31911,0.32276,0.31889,0.32024,61407908
2024-12-06T21:00:00Z,0.32023,0.32151,0.31953,0.31959,31885259
2024-12-06T22:00:00Z,0.31958,0.32510,0.31931,0.32473,39535102
2024-12-06T23:00:00Z,0.32473,0.32699,0.32015,0.32585,94311317
2024-12-07T00:00:00Z,0.32585,0.32878,0.32346,0.32768,118848209
2024-12-07T01:00:00Z,0.32768,0.32926,0.32516,0.32702,87342716
2024-12-07T02:00:00Z,0.32701,0.32736,0.32428,0.32443,32768155
2024-12-07T03:00:00Z,0.32444,0.32651,0.32221,0.32374,48065677
2024-12-07T04:00:00Z,0.32373,0.32826,0.32334,0.32815,43238542
2024-12-07T05:00:00Z,0.32815,0.33630,0.32804,0.32897,178460122
2024-12-07T06:00:00Z,0.32897,0.33040,0.32500,0.32522,98153036
2024-12-07T07:00:00Z,0.32522,0.32641,0.32330,0.32495,50050104
2024-12-07T08:00:00Z,0.32496,0.32500,0.32060,0.32344,103133093
2024-12-07T09:00:00Z,0.32346,0.32445,0.32126,0.32199,31410927
2024-12-07T10:00:00Z,0.32199,0.32239,0.31728,0.32035,60036428
2024-12-07T11:00:00Z,0.32034,0.32312,0.31936,0.32126,35048139
2024-12-07T12:00:00Z,0.32126,0.32218,0.31957,0.32011,35282693
2024-12-07T13:00:00Z,0.32010,0.32230,0.31980,0.32108,25648450
2024-12-07T14:00:00Z,0.32108,0.32113,0.31825,0.32030,48476904
2024-12-07T15:00:00Z,0.32030,0.32282,0.31938,0.32281,29240277
2024-12-07T16:00:00Z,0.32280,0.32299,0.32100,0.32129,32253012
2024-12-07T17:00:00Z,0.32129,0.32141,0.31889,0.32005,40748393
2024-12-07T18:00:00Z,0.32006,0.32103,0.31954,0.32047,26832091
2024-12-07T19:00:00Z,0.32048,0.32241,0.31685,0.31781,56756851
2024-12-07T20:00:00Z,0.31782,0.31939,0.31748,0.31907,22973743
2024-12-07T21:00:00Z,0.31910,0.32054,0.31901,0.32007,17287805
2024-12-07T22:00:00Z,0.32008,0.32051,0.31856,0.31869,15939376
2024-12-07T23:00:00Z,0.31870,0.32083,0.31829,0.31908,25361940
2024-12-08T00:00:00Z,0.31908,0.32266,0.31809,0.32134,51346689
2024-12-08T01:00:00Z,0.32134,0.32268,0.32015,0.32047,29734013
2024-12-08T02:00:00Z,0.32047,0.32214,0.32023,0.32176,18605706
2024-12-08T03:00:00Z,0.32175,0.32375,0.32150,0.32152,26932155
2024-12-08T04:00:00Z,0.32152,0.32196,0.31780,0.31862,45036767
2024-12-08T05:00:00Z,0.31862,0.31938,0.31444,0.31628,61856102
2024-12-08T06:00:00Z,0.31628,0.31793,0.31559,0.31773,30857858
2024-12-08T07:00:00Z,0.31774,0.31784,0.31635,0.31640,17803925
2024-12-08T08:00:00Z,0.31639,0.31674,0.31111,0.31126,74217754
2024-12-08T09:00:00Z,0.31126,0.31359,0.30676,0.30926,98064351
2024-12-08T10:00:00Z,0.30927,0.31176,0.30853,0.31124,48301128
2024-12-08T11:00:00Z,0.31124,0.31422,0.31096,0.31397,33424662
2024-12-08T12:00:00Z,0.31397,0.31501,0.31161,0.31486,27617326
2024-12-08T13:00:00Z,0.31486,0.31636,0.31368,0.31560,32452775
2024-12-08T14:00:00Z,0.31559,0.31596,0.31380,0.31401,43092961
2024-12-08T15:00:00Z,0.31402,0.31801,0.31303,0.31758,51203314
2024-12-08T16:00:00Z,0.31758,0.31900,0.31558,0.31597,52788284
2024-12-08T17:00:00Z,0.31596,0.31779,0.31506,0.31764,25587082
2024-12-08T18:00:00Z,0.31764,0.31776,0.31464,0.31550,21294432
2024-12-08T19:00:00Z,0.31550,0.31773,0.31473,0.31743,21124678
2024-12-08T20:00:00Z,0.31743,0.31770,0.31660,0.31669,13354694
2024-12-08T21:00:00Z,0.31668,0.31788,0.31646,0.31753,13196292
2024-12-08T22:00:00Z,0.31753,0.31816,0.31694,0.31792,11750563
2024-12-08T23:00:00Z,0.31791,0.31940,0.31700,0.31866,21730029
2024-12-09T00:00:00Z,0.31867,0.32164,0.31469,0.31535,98394210
2024-12-09T01:00:00Z,0.31535,0.31695,0.31311,0.31475,42084515
2024-12-09T02:00:00Z,0.31476,0.31627,0.31262,0.31370,34191650
2024-12-09T03:00:00Z,0.31370,0.31570,0.30553,0.30898,94059879
2024-12-09T04:00:00Z,0.30895,0.30998,0.30530,0.30867,68273232
2024-12-09T05:00:00Z,0.30867,0.30973,0.30844,0.30889,27456317
2024-12-09T06:00:00Z,0.30889,0.30906,0.30321,0.30478,56699434
2024-12-09T07:00:00Z,0.30478,0.30566,0.30122,0.30477,87426051
2024-12-09T08:00:00Z,0.30477,0.30522,0.29527,0.29566,120277727
2024-12-09T09:00:00Z,0.29565,0.29877,0.29240,0.29464,115742547
2024-12-09T10:00:00Z,0.29464,0.30085,0.29462,0.30085,62778503
2024-12-09T11:00:00Z,0.30082,0.30088,0.29305,0.29398,79054299
2024-12-09T12:00:00Z,0.29397,0.29831,0.29102,0.29826,80046171
2024-12-09T13:00:00Z,0.29822,0.30307,0.29651,0.30229,67455615
2024-12-09T14:00:00Z,0.30229,0.30247,0.29920,0.30128,109927485
2024-12-09T15:00:00Z,0.30127,0.30229,0.29022,0.29191,103986419
2024-12-09T16:00:00Z,0.29191,0.29679,0.29058,0.29423,52611790
2024-12-09T17:00:00Z,0.29423,0.29713,0.29359,0.29470,23810145
2024-12-09T18:00:00Z,0.29471,0.29783,0.29471,0.29493,25020137
2024-12-09T19:00:00Z,0.29492,0.29591,0.29230,0.29370,36601527
2024-12-09T20:00:00Z,0.29370,0.29443,0.26616,0.27006,376446244
2024-12-09T21:00:00Z,0.27006,0.27070,0.23710,0.25877,477985643
2024-12-09T22:00:00Z,0.25881,0.26117,0.24030,0.26033,270127319
2024-12-09T23:00:00Z,0.26032,0.26386,0.25653,0.26273,162052961
2024-12-10T00:00:00Z,0.26267,0.26883,0.25703,0.26647,143430062
2024-12-10T01:00:00Z,0.26650,0.26779,0.25996,0.26200,81830044
2024-12-10T02:00:00Z,0.26200,0.26200,0.25314,0.25326,96043664
2024-12-10T03:00:00Z,0.25329,0.25481,0.24367,0.25207,190592267
2024-12-10T04:00:00Z,0.25208,0.25709,0.24782,0.25684,89380554
2024-12-10T05:00:00Z,0.25688,0.26062,0.25516,0.25991,75435064
2024-12-10T06:00:00Z,0.25990,0.26370,0.25842,0.26188,52830439
2024-12-10T07:00:00Z,0.26188,0.26460,0.25973,0.26422,48540266
2024-12-10T08:00:00Z,0.26426,0.27382,0.26236,0.27031,153295386
2024-12-10T09:00:00Z,0.27031,0.27960,0.26942,0.27522,115308056
2024-12-10T10:00:00Z,0.27522,0.27985,0.27429,0.27532,57392305
2024-12-10T11:00:00Z,0.27531,0.27638,0.27000,0.27349,66943020
2024-12-10T12:00:00Z,0.27348,0.27418,0.26524,0.26638,104871419
2024-12-10T13:00:00Z,0.26639,0.26993,0.26612,0.26796,72254626
2024-12-10T14:00:00Z,0.26796,0.27178,0.26599,0.26666,102392067
2024-12-10T15:00:00Z,0.26666,0.26759,0.25677,0.25705,157360582
2024-12-10T16:00:00Z,0.25712,0.26211,0.25519,0.26159,156102362
2024-12-10T17:00:00Z,0.26159,0.26167,0.25124,0.25139,129128819
2024-12-10T18:00:00Z,0.25139,0.25687,0.24862,0.25512,119932059
2024-12-10T19:00:00Z,0.25516,0.26115,0.25502,0.26073,50217773
2024-12-10T20:00:00Z,0.26073,0.26622,0.25953,0.26593,48152221
2024-12-10T21:00:00Z,0.26598,0.27496,0.26578,0.27483,114924478
2024-12-10T22:00:00Z,0.27484,0.27488,0.27051,0.27118,57370433
2024-12-10T23:00:00Z,0.27117,0.27201,0.26897,0.26934,36384879
2024-12-11T00:00:00Z,0.26934,0.27014,0.26523,0.26745,71885229
2024-12-11T01:00:00Z,0.26744,0.26758,0.26140,0.26158,88573901
2024-12-11T02:00:00Z,0.26157,0.27132,0.26107,0.27047,86609496
2024-12-11T03:00:00Z,0.27046,0.27106,0.26874,0.26935,44847890
2024-12-11T04:00:00Z,0.26935,0.27523,0.26926,0.27287,70244910
2024-12-11T05:00:00Z,0.27288,0.27374,0.27055,0.27083,37310364
2024-12-11T06:00:00Z,0.27079,0.27224,0.26971,0.27160,26503076
2024-12-11T07:00:00Z,0.27160,0.27292,0.26810,0.26830,33288803
2024-12-11T08:00:00Z,0.26830,0.27306,0.26756,0.27259,49216529
2024-12-11T09:00:00Z,0.27261,0.27350,0.27132,0.27324,28397666
2024-12-11T10:00:00Z,0.27324,0.27391,0.27114,0.27377,24416279
2024-12-11T11:00:00Z,0.27377,0.27608,0.27303,0.27328,31739383
2024-12-11T12:00:00Z,0.27328,0.27741,0.27312,0.27669,60477283
2024-12-11T13:00:00Z,0.27669,0.28149,0.27666,0.27890,111463423
2024-12-11T14:00:00Z,0.27888,0.28054,0.27628,0.27981,48492476
2024-12-11T15:00:00Z,0.27981,0.28535,0.27964,0.28524,77142975
2024-12-11T16:00:00Z,0.28525,0.28744,0.28213,0.28324,79189523
2024-12-11T17:00:00Z,0.28324,0.28428,0.27706,0.27750,48011697
2024-12-11T18:00:00Z,0.27753,0.28007,0.27732,0.27884,40030451
2024-12-11T19:00:00Z,0.27888,0.28111,0.27879,0.28069,26661585
2024-12-11T20:00:00Z,0.28068,0.28192,0.27863,0.27939,26225116
2024-12-11T21:00:00Z,0.27938,0.28087,0.27885,0.28023,27242592
2024-12-11T22:00:00Z,0.28023,0.28367,0.28020,0.28327,24869750
2024-12-11T23:00:00Z,0.28328,0.28350,0.28134,0.28205,23090144
2024-12-12T00:00:00Z,0.28205,0.28452,0.28001,0.28164,47414271
2024-12-12T01:00:00Z,0.28164,0.28430,0.28043,0.28114,46970537
2024-12-12T02:00:00Z,0.28115,0.28813,0.28095,0.28759,42928058
2024-12-12T03:00:00Z,0.28760,0.29157,0.28545,0.28908,69448981
2024-12-12T04:00:00Z,0.28908,0.29209,0.28858,0.28977,57738422
2024-12-12T05:00:00Z,0.28978,0.29503,0.28903,0.29401,46351900
2024-12-12T06:00:00Z,0.29401,0.29475,0.28888,0.29447,70523876
2024-12-12T07:00:00Z,0.29447,0.29731,0.29305,0.29355,53193522
2024-12-12T08:00:00Z,0.29359,0.29693,0.29324,0.29554,35660418
2024-12-12T09:00:00Z,0.29554,0.30823,0.29526,0.30753,164246445
2024-12-12T10:00:00Z,0.30753,0.30792,0.29836,0.30049,224943958
2024-12-12T11:00:00Z,0.30049,0.30070,0.29502,0.29565,117731384
2024-12-12T12:00:00Z,0.29566,0.30591,0.29566,0.30501,81167512
2024-12-12T13:00:00Z,0.30502,0.30521,0.29724,0.29889,140802033
2024-12-12T14:00:00Z,0.29886,0.30244,0.29751,0.30086,85602174
2024-12-12T15:00:00Z,0.30086,0.30158,0.29754,0.29928,54650347
2024-12-12T16:00:00Z,0.29925,0.30579,0.29925,0.30504,76461821
2024-12-12T17:00:00Z,0.30503,0.30876,0.30454,0.30552,70536413
2024-12-12T18:00:00Z,0.30551,0.30972,0.30503,0.30860,56329576
2024-12-12T19:00:00Z,0.30860,0.30875,0.29324,0.29464,169353265
2024-12-12T20:00:00Z,0.29467,0.30136,0.29424,0.29955,89713977
2024-12-12T21:00:00Z,0.29951,0.30121,0.29610,0.29737,47643819
2024-12-12T22:00:00Z,0.29736,0.29813,0.29465,0.29563,50281205
2024-12-12T23:00:00Z,0.29562,0.29737,0.29391,0.29672,25375755
2024-12-13T00:00:00Z,0.29672,0.30232,0.29662,0.29810,56505107
2024-12-13T01:00:00Z,0.29817,0.29826,0.29065,0.29379,111236029
2024-12-13T02:00:00Z,0.29377,0.29569,0.29177,0.29237,52606732
2024-12-13T03:00:00Z,0.29237,0.29445,0.29169,0.29254,32850142
2024-12-13T04:00:00Z,0.29254,0.29283,0.28760,0.28990,51621561
2024-12-13T05:00:00Z,0.28989,0.29138,0.28847,0.28899,31301419
2024-12-13T06:00:00Z,0.28900,0.29164,0.28557,0.28598,58186126
2024-12-13T07:00:00Z,0.28598,0.28734,0.28432,0.28632,54333801
2024-12-13T08:00:00Z,0.28631,0.28879,0.28508,0.28814,35960407
2024-12-13T09:00:00Z,0.28814,0.28995,0.28655,0.28886,45946589
2024-12-13T10:00:00Z,0.28886,0.28899,0.28500,0.28788,39410322
2024-12-13T11:00:00Z,0.28787,0.28945,0.28673,0.28682,29791227
2024-12-13T12:00:00Z,0.28682,0.28960,0.28670,0.28938,33062023
2024-12-13T13:00:00Z,0.28939,0.28961,0.28636,0.28842,38428439
2024-12-13T14:00:00Z,0.28842,0.29049,0.28626,0.29011,49461767
2024-12-13T15:00:00Z,0.29019,0.29255,0.28452,0.28484,88171010
2024-12-13T16:00:00Z,0.28485,0.28867,0.28352,0.28709,96104684
2024-12-13T17:00:00Z,0.28710,0.28863,0.28590,0.28769,43208080
2024-12-13T18:00:00Z,0.28768,0.29016,0.28738,0.28894,24972282
2024-12-13T19:00:00Z,0.28895,0.28981,0.28852,0.28899,10930687
2024-12-13T20:00:00Z,0.28900,0.29094,0.28854,0.29013,21859417
2024-12-13T21:00:00Z,0.29014,0.29106,0.28860,0.28868,15833581
2024-12-13T22:00:00Z,0.28867,0.28880,0.28722,0.28766,18530348
2024-12-13T23:00:00Z,0.28767,0.29068,0.28739,0.29061,19369505
2024-12-14T00:00:00Z,0.29060,0.29185,0.28959,0.29049,23296258
2024-12-14T01:00:00Z,0.29049,0.29362,0.29040,0.29221,29555252
2024-12-14T02:00:00Z,0.29221,0.29254,0.29108,0.29177,16186018
2024-12-14T03:00:00Z,0.29178,0.29226,0.29087,0.29149,11979982
2024-12-14T04:00:00Z,0.29150,0.29548,0.29150,0.29475,27606114
2024-12-14T05:00:00Z,0.29474,0.29474,0.29196,0.29202,23373094
2024-12-14T06:00:00Z,0.29202,0.29461,0.29202,0.29365,13377647
2024-12-14T07:00:00Z,0.29366,0.29528,0.29350,0.29440,19713454
2024-12-14T08:00:00Z,0.29440,0.29608,0.29278,0.29588,27187705
2024-12-14T09:00:00Z,0.29588,0.29767,0.29517,0.29590,33308836
2024-12-14T10:00:00Z,0.29590,0.29644,0.29256,0.29596,33053881
2024-12-14T11:00:00Z,0.29595,0.29596,0.29349,0.29486,21264688
2024-12-14T12:00:00Z,0.29487,0.29577,0.28945,0.28991,60896662
2024-12-14T13:00:00Z,0.28991,0.29091,0.28004,0.28076,128116242
2024-12-14T14:00:00Z,0.28076,0.28594,0.28041,0.28425,47787088
2024-12-14T15:00:00Z,0.28427,0.28550,0.28229,0.28305,34923429
2024-12-14T16:00:00Z,0.28304,0.28384,0.28023,0.28347,40184513
2024-12-14T17:00:00Z,0.28347,0.28481,0.27892,0.27992,40433289
2024-12-14T18:00:00Z,0.27993,0.28128,0.27817,0.27892,34979358
2024-12-14T19:00:00Z,0.27891,0.28123,0.27850,0.28109,21785332
2024-12-14T20:00:00Z,0.28109,0.28274,0.27759,0.27808,33806434
2024-12-14T21:00:00Z,0.27808,0.28063,0.27803,0.28017,19525199
2024-12-14T22:00:00Z,0.28017,0.28232,0.27900,0.28194,18356682
2024-12-14T23:00:00Z,0.28195,0.28287,0.28062,0.28224,12804755
2024-12-15T00:00:00Z,0.28225,0.28235,0.27748,0.27864,25634686
2024-12-15T01:00:00Z,0.27864,0.28353,0.27851,0.28298,27088065
2024-12-15T02:00:00Z,0.28298,0.28328,0.28155,0.28189,21123306
2024-12-15T03:00:00Z,0.28189,0.28220,0.27942,0.27954,17692067
2024-12-15T04:00:00Z,0.27954,0.28259,0.27943,0.28178,23070297
2024-12-15T05:00:00Z,0.28178,0.28280,0.28092,0.28108,12397531
2024-12-15T06:00:00Z,0.28108,0.28139,0.27851,0.27875,19618904
2024-12-15T07:00:00Z,0.27875,0.27952,0.27502,0.27674,45657313
2024-12-15T08:00:00Z,0.27674,0.28035,0.27660,0.28030,25700286
2024-12-15T09:00:00Z,0.28029,0.28170,0.27897,0.28143,17930354
2024-12-15T10:00:00Z,0.28143,0.28269,0.28035,0.28043,17689205
2024-12-15T11:00:00Z,0.28043,0.28225,0.28019,0.28188,15875619
2024-12-15T12:00:00Z,0.28188,0.28355,0.28052,0.28327,28049821
2024-12-15T13:00:00Z,0.28326,0.28658,0.28263,0.28565,28497506
2024-12-15T14:00:00Z,0.28566,0.28678,0.28471,0.28578,23453238
2024-12-15T15:00:00Z,0.28576,0.28598,0.28412,0.28468,17234351
2024-12-15T16:00:00Z,0.28467,0.28611,0.28447,0.28531,14727285
2024-12-15T17:00:00Z,0.28530,0.28531,0.28342,0.28424,12404339
2024-12-15T18:00:00Z,0.28424,0.28470,0.28274,0.28453,15238923
2024-12-15T19:00:00Z,0.28452,0.28556,0.28395,0.28407,11307337
2024-12-15T20:00:00Z,0.28407,0.28496,0.28361,0.28393,8122137
2024-12-15T21:00:00Z,0.28392,0.28407,0.27774,0.27795,47899781
2024-12-15T22:00:00Z,0.27795,0.28112,0.27703,0.28085,27807109
2024-12-15T23:00:00Z,0.28085,0.28660,0.28073,0.28556,64840587
2024-12-16T00:00:00Z,0.28559,0.28879,0.28403,0.28785,47467719
2024-12-16T01:00:00Z,0.28784,0.28943,0.28609,0.28868,36736629
2024-12-16T02:00:00Z,0.28868,0.28885,0.28334,0.28381,42544332
2024-12-16T03:00:00Z,0.28381,0.28458,0.28043,0.28186,34199922
2024-12-16T04:00:00Z,0.28186,0.28326,0.28126,0.28288,15235169
2024-12-16T05:00:00Z,0.28287,0.28435,0.28167,0.28423,14167502
2024-12-16T06:00:00Z,0.28422,0.28559,0.28306,0.28377,20367234
2024-12-16T07:00:00Z,0.28376,0.28521,0.28273,0.28421,20685518
2024-12-16T08:00:00Z,0.28420,0.28506,0.28125,0.28167,29592888
2024-12-16T09:00:00Z,0.28166,0.28240,0.27971,0.27981,28014696
2024-12-16T10:00:00Z,0.27982,0.28090,0.27763,0.28041,34366615
2024-12-16T11:00:00Z,0.28041,0.28099,0.27690,0.27722,35077150
2024-12-16T12:00:00Z,0.27723,0.27896,0.27706,0.27748,30443112
2024-12-16T13:00:00Z,0.27748,0.27912,0.27629,0.27761,34798898
2024-12-16T14:00:00Z,0.27762,0.28106,0.27761,0.27971,35661330
2024-12-16T15:00:00Z,0.27971,0.28284,0.27905,0.28207,29384113
2024-12-16T16:00:00Z,0.28208,0.29601,0.28176,0.29425,327591326
2024-12-16T17:00:00Z,0.29429,0.29999,0.29397,0.29629,124866657
2024-12-16T18:00:00Z,0.29629,0.29827,0.29338,0.29820,47100124
2024-12-16T19:00:00Z,0.29819,0.30128,0.29566,0.29877,78396190
2024-12-16T20:00:00Z,0.29877,0.30305,0.29688,0.30296,71401372
2024-12-16T21:00:00Z,0.30293,0.30490,0.30010,0.30239,99177610
2024-12-16T22:00:00Z,0.30239,0.30474,0.29811,0.29849,66182973
2024-12-16T23:00:00Z,0.29849,0.29960,0.29509,0.29668,49719561
2024-12-17T00:00:00Z,0.29667,0.29781,0.29050,0.29085,112708119
2024-12-17T01:00:00Z,0.29085,0.29512,0.29050,0.29347,41906080
2024-12-17T02:00:00Z,0.29348,0.29464,0.28963,0.29081,78293142
2024-12-17T03:00:00Z,0.29081,0.29530,0.29052,0.29460,59743592
2024-12-17T04:00:00Z,0.29460,0.29527,0.29076,0.29229,35059833
2024-12-17T05:00:00Z,0.29228,0.29429,0.29077,0.29369,23247397
2024-12-17T06:00:00Z,0.29370,0.29406,0.29127,0.29296,21588768
2024-12-17T07:00:00Z,0.29295,0.29391,0.28871,0.28946,39233425
2024-12-17T08:00:00Z,0.28947,0.29234,0.28899,0.29099,49890334
2024-12-17T09:00:00Z,0.29096,0.29245,0.29004,0.29199,30766399
2024-12-17T10:00:00Z,0.29199,0.29311,0.29007,0.29055,36054142
2024-12-17T11:00:00Z,0.29054,0.29617,0.29000,0.29362,93571189
2024-12-17T12:00:00Z,0.29362,0.29754,0.29256,0.29584,63918349
2024-12-17T13:00:00Z,0.29584,0.29594,0.29356,0.29457,32289075
2024-12-17T14:00:00Z,0.29456,0.29457,0.28810,0.29065,105765607
2024-12-17T15:00:00Z,0.29064,0.29065,0.28086,0.28376,164505882
2024-12-17T16:00:00Z,0.28374,0.28669,0.28257,0.28653,47116292
2024-12-17T17:00:00Z,0.28658,0.28856,0.28533,0.28779,32070624
2024-12-17T18:00:00Z,0.28780,0.28817,0.28446,0.28459,23222697
2024-12-17T19:00:00Z,0.28459,0.28603,0.28284,0.28557,23010587
2024-12-17T20:00:00Z,0.28557,0.28679,0.28397,0.28572,27744784
2024-12-17T21:00:00Z,0.28574,0.28660,0.28424,0.28572,18393827
2024-12-17T22:00:00Z,0.28572,0.28599,0.27930,0.28057,41358165
2024-12-17T23:00:00Z,0.28056,0.28056,0.27722,0.27949,53453240
2024-12-18T00:00:00Z,0.27952,0.28081,0.27647,0.27888,46505455
2024-12-18T01:00:00Z,0.27884,0.28135,0.27685,0.27744,34113500
2024-12-18T02:00:00Z,0.27744,0.28069,0.27637,0.28015,26788371
2024-12-18T03:00:00Z,0.28015,0.28029,0.27532,0.27551,41477623
2024-12-18T04:00:00Z,0.27550,0.27578,0.26969,0.27202,108779768
2024-12-18T05:00:00Z,0.27203,0.27428,0.27135,0.27266,29548599
2024-12-18T06:00:00Z,0.27264,0.27374,0.26977,0.27165,25301366
2024-12-18T07:00:00Z,0.27166,0.27330,0.27121,0.27260,15740851
2024-12-18T08:00:00Z,0.27257,0.27333,0.27144,0.27240,16549979
2024-12-18T09:00:00Z,0.27241,0.27413,0.27188,0.27351,17919466
2024-12-18T10:00:00Z,0.27350,0.27412,0.27223,0.27398,17316036
2024-12-18T11:00:00Z,0.27398,0.27597,0.27376,0.27505,24287566
2024-12-18T12:00:00Z,0.27506,0.27521,0.26966,0.27110,41568711
2024-12-18T13:00:00Z,0.27108,0.27280,0.27035,0.27175,24784256
2024-12-18T14:00:00Z,0.27176,0.27383,0.27113,0.27126,32257684
2024-12-18T15:00:00Z,0.27127,0.27324,0.27046,0.27241,29619920
2024-12-18T16:00:00Z,0.27241,0.27338,0.27014,0.27293,30534514
2024-12-18T17:00:00Z,0.27293,0.27469,0.27123,0.27375,24405798
2024-12-18T18:00:00Z,0.27375,0.27669,0.27332,0.27661,30047737
2024-12-18T19:00:00Z,0.27663,0.27684,0.26718,0.26727,98183138
2024-12-18T20:00:00Z,0.26726,0.26819,0.25347,0.25979,309659722
2024-12-18T21:00:00Z,0.25979,0.26295,0.25849,0.26162,68574701
2024-12-18T22:00:00Z,0.26158,0.26341,0.25951,0.26059,46451790
2024-12-18T23:00:00Z,0.26060,0.26065,0.25714,0.25776,56159834
2024-12-19T00:00:00Z,0.25777,0.26053,0.25673,0.26000,62027248
2024-12-19T01:00:00Z,0.26001,0.26022,0.25612,0.25651,42855649
2024-12-19T02:00:00Z,0.25651,0.25764,0.25186,0.25763,164815977
2024-12-19T03:00:00Z,0.25763,0.26219,0.25763,0.26203,76845067
2024-12-19T04:00:00Z,0.26203,0.26329,0.26138,0.26210,33726041
2024-12-19T05:00:00Z,0.26210,0.26383,0.26210,0.26355,24314326
2024-12-19T06:00:00Z,0.26355,0.26510,0.26240,0.26420,33620642
2024-12-19T07:00:00Z,0.26421,0.26476,0.26374,0.26457,17612500
2024-12-19T08:00:00Z,0.26457,0.26462,0.26273,0.26296,27759354
2024-12-19T09:00:00Z,0.26297,0.26425,0.26262,0.26400,16804318
2024-12-19T10:00:00Z,0.26400,0.26631,0.26377,0.26583,35182609
2024-12-19T11:00:00Z,0.26584,0.26601,0.26464,0.26578,23423371
2024-12-19T12:00:00Z,0.26577,0.26601,0.26345,0.26377,23574741
2024-12-19T13:00:00Z,0.26378,0.26448,0.26302,0.26398,23115388
2024-12-19T14:00:00Z,0.26399,0.26589,0.26248,0.26269,41662211
2024-12-19T15:00:00Z,0.26269,0.26276,0.25703,0.26079,118913430
2024-12-19T16:00:00Z,0.26078,0.26257,0.25932,0.26201,47799784
2024-12-19T17:00:00Z,0.26201,0.26209,0.25137,0.25370,140211850
2024-12-19T18:00:00Z,0.25371,0.25426,0.24924,0.25410,172787887
2024-12-19T19:00:00Z,0.25409,0.25535,0.24586,0.24852,121706574
2024-12-19T20:00:00Z,0.24854,0.24860,0.24337,0.24836,126664563
2024-12-19T21:00:00Z,0.24836,0.25331,0.24705,0.25195,74723861
2024-12-19T22:00:00Z,0.25197,0.25337,0.25180,0.25321,36961272
2024-12-19T23:00:00Z,0.25321,0.25323,0.25085,0.25091,40184876
2024-12-20T00:00:00Z,0.25091,0.25268,0.24880,0.25216,85495870
2024-12-20T01:00:00Z,0.25216,0.25280,0.25030,0.25066,34289890
2024-12-20T02:00:00Z,0.25067,0.25440,0.25046,0.25391,49411965
2024-12-20T03:00:00Z,0.25392,0.25450,0.25232,0.25249,26868769
2024-12-20T04:00:00Z,0.25249,0.25369,0.25219,0.25223,18842486
2024-12-20T05:00:00Z,0.25222,0.25235,0.24951,0.24954,35050575
2024-12-20T06:00:00Z,0.24954,0.25070,0.24531,0.24656,55051298
2024-12-20T07:00:00Z,0.24655,0.25133,0.24654,0.24945,59034956
2024-12-20T08:00:00Z,0.24945,0.24976,0.23616,0.23745,143490056
2024-12-20T09:00:00Z,0.23745,0.24092,0.23502,0.23800,108158372
2024-12-20T10:00:00Z,0.23799,0.23903,0.22952,0.23148,157542124
2024-12-20T11:00:00Z,0.23146,0.23540,0.22385,0.22421,164520397
2024-12-20T12:00:00Z,0.22422,0.23770,0.22416,0.23707,111883032
2024-12-20T13:00:00Z,0.23706,0.23969,0.23403,0.23936,94152005
2024-12-20T14:00:00Z,0.23934,0.24177,0.23810,0.24033,61121973
2024-12-20T15:00:00Z,0.24034,0.24404,0.24027,0.24322,60099468
2024-12-20T16:00:00Z,0.24322,0.24509,0.24270,0.24401,55818163
2024-12-20T17:00:00Z,0.24401,0.24637,0.24321,0.24531,41106379
2024-12-20T18:00:00Z,0.24537,0.24582,0.24461,0.24520,15410386
2024-12-20T19:00:00Z,0.24516,0.24822,0.24509,0.24748,39592612
2024-12-20T20:00:00Z,0.24752,0.24752,0.24546,0.24589,27323461
2024-12-20T21:00:00Z,0.24591,0.24672,0.24401,0.24608,43716184
2024-12-20T22:00:00Z,0.24607,0.24803,0.24555,0.24797,25066584
2024-12-20T23:00:00Z,0.24798,0.24895,0.24796,0.24855,25200355
2024-12-21T00:00:00Z,0.24855,0.24899,0.24784,0.24845,23738761
2024-12-21T01:00:00Z,0.24844,0.24952,0.24829,0.24875,19985039
2024-12-21T02:00:00Z,0.24876,0.24953,0.24805,0.24872,17048560
2024-12-21T03:00:00Z,0.24872,0.24905,0.24784,0.24861,11686612
2024-12-21T04:00:00Z,0.24861,0.24982,0.24827,0.24975,19897125
2024-12-21T05:00:00Z,0.24976,0.25235,0.24971,0.25231,29914336
2024-12-21T06:00:00Z,0.25231,0.25434,0.25214,0.25424,33221751
2024-12-21T07:00:00Z,0.25424,0.25602,0.25369,0.25512,27640893
2024-12-21T08:00:00Z,0.25512,0.25536,0.25156,0.25177,59300451
2024-12-21T09:00:00Z,0.25177,0.25219,0.25035,0.25180,38795680
2024-12-21T10:00:00Z,0.25180,0.25265,0.25124,0.25166,19628672
2024-12-21T11:00:00Z,0.25166,0.25186,0.25023,0.25117,26785245
2024-12-21T12:00:00Z,0.25117,0.25122,0.24570,0.24606,74965036
2024-12-21T13:00:00Z,0.24605,0.24734,0.24221,0.24523,107390834
2024-12-21T14:00:00Z,0.24525,0.24658,0.24420,0.24443,41242973
2024-12-21T15:00:00Z,0.24443,0.24632,0.24442,0.24614,21918789
2024-12-21T16:00:00Z,0.24615,0.24637,0.24420,0.24496,45538999
2024-12-21T17:00:00Z,0.24496,0.24568,0.24359,0.24544,37054720
2024-12-21T18:00:00Z,0.24544,0.24604,0.24394,0.24438,26431990
2024-12-21T19:00:00Z,0.24440,0.24445,0.24173,0.24341,49004994
2024-12-21T20:00:00Z,0.24341,0.24616,0.24306,0.24520,44580678
2024-12-21T21:00:00Z,0.24519,0.24546,0.24346,0.24384,27238727
2024-12-21T22:00:00Z,0.24384,0.24438,0.24253,0.24429,26024529
2024-12-21T23:00:00Z,0.24428,0.24489,0.24299,0.24484,28458267
2024-12-22T00:00:00Z,0.24484,0.24624,0.24384,0.24592,32766069
2024-12-22T01:00:00Z,0.24591,0.24676,0.24466,0.24562,27716916
2024-12-22T02:00:00Z,0.24563,0.24628,0.24453,0.24498,19670368
2024-12-22T03:00:00Z,0.24498,0.24610,0.24324,0.24605,45725806
2024-12-22T04:00:00Z,0.24602,0.24620,0.24356,0.24356,25918179
2024-12-22T05:00:00Z,0.24356,0.24406,0.24131,0.24391,63079950
2024-12-22T06:00:00Z,0.24392,0.24553,0.24333,0.24530,25354236
2024-12-22T07:00:00Z,0.24534,0.24591,0.24455,0.24517,20483089
2024-12-22T08:00:00Z,0.24517,0.24743,0.24516,0.24695,30860829
2024-12-22T09:00:00Z,0.24695,0.24880,0.24643,0.24772,26542379
2024-12-22T10:00:00Z,0.24772,0.24937,0.24771,0.24852,24013953
2024-12-22T11:00:00Z,0.24852,0.24898,0.24787,0.24789,12633934
2024-12-22T12:00:00Z,0.24788,0.24880,0.24729,0.24820,19456944
2024-12-22T13:00:00Z,0.24819,0.25082,0.24747,0.24907,43319517
2024-12-22T14:00:00Z,0.24908,0.24935,0.24394,0.24423,71397117
2024-12-22T15:00:00Z,0.24425,0.24611,0.24387,0.24569,31366291
2024-12-22T16:00:00Z,0.24570,0.24772,0.24441,0.24725,32820944
2024-12-22T17:00:00Z,0.24723,0.24755,0.24651,0.24707,11743506
2024-12-22T18:00:00Z,0.24707,0.24767,0.24608,0.24686,17790642
2024-12-22T19:00:00Z,0.24690,0.24732,0.24289,0.24314,33742739
2024-12-22T20:00:00Z,0.24314,0.24455,0.24127,0.24451,56406595
2024-12-22T21:00:00Z,0.24451,0.24547,0.24399,0.24433,23726040
2024-12-22T22:00:00Z,0.24432,0.24457,0.24249,0.24456,36352540
2024-12-22T23:00:00Z,0.24457,0.24517,0.24362,0.24409,21113275
2024-12-23T00:00:00Z,0.24409,0.24433,0.24201,0.24324,37965056
2024-12-23T01:00:00Z,0.24323,0.24472,0.24095,0.24330,76200955
2024-12-23T02:00:00Z,0.24330,0.24431,0.24158,0.24418,51659913
2024-12-23T03:00:00Z,0.24418,0.24885,0.24367,0.24851,55626248
2024-12-23T04:00:00Z,0.24852,0.25026,0.24806,0.24846,54411743
2024-12-23T05:00:00Z,0.24845,0.24891,0.24687,0.24820,26135340
2024-12-23T06:00:00Z,0.24819,0.24850,0.24485,0.24506,43076714
2024-12-23T07:00:00Z,0.24507,0.24723,0.24472,0.24723,30640490
2024-12-23T08:00:00Z,0.24722,0.24924,0.24682,0.24916,26043611
2024-12-23T09:00:00Z,0.24916,0.24986,0.24866,0.24893,27484362
2024-12-23T10:00:00Z,0.24894,0.24979,0.24886,0.24961,18935448
2024-12-23T11:00:00Z,0.24962,0.25027,0.24920,0.24938,19993785
2024-12-23T12:00:00Z,0.24939,0.25120,0.24939,0.25115,24855988
2024-12-23T13:00:00Z,0.25114,0.25128,0.24804,0.24843,41378477
2024-12-23T14:00:00Z,0.24847,0.25070,0.24709,0.24828,52946683
2024-12-23T15:00:00Z,0.24827,0.24880,0.24717,0.24738,32215644
2024-12-23T16:00:00Z,0.24740,0.25061,0.24709,0.25013,36922891
2024-12-23T17:00:00Z,0.25014,0.25137,0.24949,0.25023,35730107
2024-12-23T18:00:00Z,0.25023,0.25078,0.24912,0.24928,22437694
2024-12-23T19:00:00Z,0.24926,0.25100,0.24924,0.24986,28701095
2024-12-23T20:00:00Z,0.24986,0.25195,0.24952,0.25168,28725029
2024-12-23T21:00:00Z,0.25167,0.25298,0.25126,0.25151,48210525
2024-12-23T22:00:00Z,0.25150,0.25357,0.25150,0.25347,20924954
2024-12-23T23:00:00Z,0.25346,0.25363,0.25211,0.25239,21759357
2024-12-24T00:00:00Z,0.25238,0.25273,0.25172,0.25258,22698591
2024-12-24T01:00:00Z,0.25257,0.25329,0.25089,0.25101,28842899
2024-12-24T02:00:00Z,0.25100,0.25167,0.25004,0.25132,31983440
2024-12-24T03:00:00Z,0.25132,0.25219,0.25111,0.25216,11844047
2024-12-24T04:00:00Z,0.25215,0.25244,0.25156,0.25241,11129484
2024-12-24T05:00:00Z,0.25241,0.25294,0.25204,0.25287,11940981
2024-12-24T06:00:00Z,0.25287,0.25290,0.25121,0.25134,14804983
2024-12-24T07:00:00Z,0.25134,0.25160,0.25082,0.25106,16180956
2024-12-24T08:00:00Z,0.25106,0.25247,0.25075,0.25235,15828024
2024-12-24T09:00:00Z,0.25236,0.25245,0.25124,0.25126,13674891
2024-12-24T10:00:00Z,0.25127,0.25156,0.25067,0.25090,14026908
2024-12-24T11:00:00Z,0.25089,0.25223,0.25058,0.25222,16652065
2024-12-24T12:00:00Z,0.25222,0.25269,0.25156,0.25256,19450725
2024-12-24T13:00:00Z,0.25257,0.25602,0.25229,0.25598,53488547
2024-12-24T14:00:00Z,0.25598,0.25732,0.25505,0.25690,46795443
2024-12-24T15:00:00Z,0.25690,0.25873,0.25615,0.25843,50030515
2024-12-24T16:00:00Z,0.25843,0.25947,0.25739,0.25778,36170200
2024-12-24T17:00:00Z,0.25778,0.25845,0.25715,0.25740,21565721
2024-12-24T18:00:00Z,0.25740,0.25882,0.25730,0.25789,20371427
2024-12-24T19:00:00Z,0.25789,0.25797,0.25586,0.25586,24590616
2024-12-24T20:00:00Z,0.25586,0.25597,0.25404,0.25454,42748234
2024-12-24T21:00:00Z,0.25455,0.25630,0.25445,0.25620,14177390
2024-12-24T22:00:00Z,0.25621,0.25662,0.25568,0.25586,13738514
2024-12-24T23:00:00Z,0.25587,0.25670,0.25566,0.25626,12078595
2024-12-25T00:00:00Z,0.25626,0.25637,0.25541,0.25583,13460499
2024-12-25T01:00:00Z,0.25583,0.25732,0.25544,0.25687,41219929
2024-12-25T02:00:00Z,0.25687,0.25687,0.25525,0.25622,29446785
2024-12-25T03:00:00Z,0.25622,0.25671,0.25555,0.25640,17711996
2024-12-25T04:00:00Z,0.25640,0.25687,0.25577,0.25647,12702165
2024-12-25T05:00:00Z,0.25647,0.25721,0.25633,0.25712,10457812
2024-12-25T06:00:00Z,0.25712,0.25793,0.25684,0.25688,22723877
2024-12-25T07:00:00Z,0.25689,0.25759,0.25606,0.25614,17642606
2024-12-25T08:00:00Z,0.25614,0.25686,0.25580,0.25630,15396850
2024-12-25T09:00:00Z,0.25632,0.25719,0.25612,0.25675,8286166
2024-12-25T10:00:00Z,0.25675,0.25868,0.25644,0.25866,27124913
2024-12-25T11:00:00Z,0.25867,0.25877,0.25614,0.25638,24371109
2024-12-25T12:00:00Z,0.25638,0.25654,0.25531,0.25630,41435062
2024-12-25T13:00:00Z,0.25630,0.25744,0.25620,0.25650,15600529
2024-12-25T14:00:00Z,0.25649,0.25760,0.25621,0.25753,8527230
2024-12-25T15:00:00Z,0.25750,0.25759,0.25555,0.25649,20660729
2024-12-25T16:00:00Z,0.25650,0.25715,0.25542,0.25605,25002841
2024-12-25T17:00:00Z,0.25604,0.25713,0.25538,0.25712,17633147
2024-12-25T18:00:00Z,0.25713,0.25809,0.25696,0.25763,18262712
2024-12-25T19:00:00Z,0.25764,0.25817,0.25720,0.25809,14589030
2024-12-25T20:00:00Z,0.25809,0.25839,0.25730,0.25742,16192741
2024-12-25T21:00:00Z,0.25742,0.25781,0.25625,0.25669,20050940
2024-12-25T22:00:00Z,0.25669,0.25706,0.25595,0.25657,12852795
2024-12-25T23:00:00Z,0.25658,0.25803,0.25650,0.25797,15797734
2024-12-26T00:00:00Z,0.25797,0.25897,0.25687,0.25739,29516254
2024-12-26T01:00:00Z,0.25738,0.25772,0.25671,0.25701,16895270
2024-12-26T02:00:00Z,0.25701,0.25814,0.25648,0.25679,20501682
2024-12-26T03:00:00Z,0.25680,0.25726,0.25614,0.25705,21790165
2024-12-26T04:00:00Z,0.25705,0.25718,0.25412,0.25445,46936951
2024-12-26T05:00:00Z,0.25444,0.25517,0.25363,0.25509,17902352
2024-12-26T06:00:00Z,0.25509,0.25522,0.25395,0.25465,14419630
2024-12-26T07:00:00Z,0.25464,0.25508,0.25411,0.25427,11558489
2024-12-26T08:00:00Z,0.25427,0.25455,0.24934,0.25075,98202597
2024-12-26T09:00:00Z,0.25075,0.25175,0.25049,0.25148,26778221
2024-12-26T10:00:00Z,0.25146,0.25155,0.25067,0.25122,16478591
2024-12-26T11:00:00Z,0.25121,0.25293,0.25117,0.25231,22755240
2024-12-26T12:00:00Z,0.25230,0.25238,0.25124,0.25138,19131633
2024-12-26T13:00:00Z,0.25134,0.25164,0.25049,0.25148,21281271
2024-12-26T14:00:00Z,0.25147,0.25291,0.25115,0.25174,30928846
2024-12-26T15:00:00Z,0.25176,0.25238,0.25094,0.25163,24371035
2024-12-26T16:00:00Z,0.25161,0.25298,0.25147,0.25289,17250935
2024-12-26T17:00:00Z,0.25289,0.25294,0.25062,0.25087,31961706
2024-12-26T18:00:00Z,0.25087,0.25239,0.25047,0.25235,22934775
2024-12-26T19:00:00Z,0.25235,0.25261,0.25158,0.25257,13461684
2024-12-26T20:00:00Z,0.25256,0.25322,0.25201,0.25282,19575390
2024-12-26T21:00:00Z,0.25282,0.25309,0.25169,0.25305,25157160
2024-12-26T22:00:00Z,0.25305,0.25402,0.25304,0.25384,17596515
2024-12-26T23:00:00Z,0.25384,0.25390,0.25259,0.25373,28129513
2024-12-27T00:00:00Z,0.25373,0.25409,0.25273,0.25407,25200681
2024-12-27T01:00:00Z,0.25408,0.25512,0.25389,0.25507,22631553
2024-12-27T02:00:00Z,0.25507,0.25593,0.25484,0.25530,32509467
2024-12-27T03:00:00Z,0.25530,0.25625,0.25499,0.25606,16858058
2024-12-27T04:00:00Z,0.25607,0.25919,0.25602,0.25919,54363292
2024-12-27T05:00:00Z,0.25919,0.26007,0.25730,0.25795,76499758
2024-12-27T06:00:00Z,0.25795,0.25960,0.25774,0.25955,29447742
2024-12-27T07:00:00Z,0.25955,0.25956,0.25599,0.25618,49606698
2024-12-27T08:00:00Z,0.25617,0.25823,0.25603,0.25754,32830814
2024-12-27T09:00:00Z,0.25755,0.25946,0.25754,0.25859,49952554
2024-12-27T10:00:00Z,0.25860,0.25925,0.25775,0.25921,27270009
2024-12-27T11:00:00Z,0.25921,0.26426,0.25913,0.26316,62758818
2024-12-27T12:00:00Z,0.26316,0.26543,0.26315,0.26373,52856291
2024-12-27T13:00:00Z,0.26373,0.26446,0.26207,0.26269,31694161
2024-12-27T14:00:00Z,0.26270,0.26434,0.26079,0.26258,46370552
2024-12-27T15:00:00Z,0.26259,0.26260,0.25831,0.25902,67221070
2024-12-27T16:00:00Z,0.25902,0.25936,0.25700,0.25907,39705705
2024-12-27T17:00:00Z,0.25907,0.26087,0.25867,0.26059,33645109
2024-12-27T18:00:00Z,0.26059,0.26151,0.26001,0.26141,18881695
2024-12-27T19:00:00Z,0.26141,0.26166,0.26007,0.26010,16988357
2024-12-27T20:00:00Z,0.26010,0.26048,0.25945,0.26028,14324964
2024-12-27T21:00:00Z,0.26029,0.26076,0.25930,0.25947,16108171
2024-12-27T22:00:00Z,0.25946,0.25957,0.25802,0.25910,25904521
2024-12-27T23:00:00Z,0.25910,0.25953,0.25828,0.25923,14418603
2024-12-28T00:00:00Z,0.25923,0.26328,0.25917,0.26295,55530783
2024-12-28T01:00:00Z,0.26296,0.26312,0.26029,0.26103,31735030
2024-12-28T02:00:00Z,0.26102,0.26171,0.26025,0.26027,15401325
2024-12-28T03:00:00Z,0.26026,0.26173,0.26022,0.26105,11612369
2024-12-28T04:00:00Z,0.26106,0.26135,0.26030,0.26074,10980680
2024-12-28T05:00:00Z,0.26074,0.26120,0.25986,0.25989,11758887
2024-12-28T06:00:00Z,0.25988,0.26030,0.25857,0.25868,21287421
2024-12-28T07:00:00Z,0.25867,0.25931,0.25810,0.25822,16941700
2024-12-28T08:00:00Z,0.25823,0.25884,0.25782,0.25861,15042720
2024-12-28T09:00:00Z,0.25860,0.25922,0.25831,0.25886,13694651
2024-12-28T10:00:00Z,0.25887,0.25907,0.25826,0.25838,13808658
2024-12-28T11:00:00Z,0.25838,0.25915,0.25834,0.25893,10287061
2024-12-28T12:00:00Z,0.25894,0.25898,0.25770,0.25806,19083023
2024-12-28T13:00:00Z,0.25805,0.25863,0.25793,0.25813,15762964
2024-12-28T14:00:00Z,0.25813,0.25928,0.25669,0.25703,47621106
2024-12-28T15:00:00Z,0.25702,0.25730,0.25656,0.25673,21170611
2024-12-28T16:00:00Z,0.25672,0.25749,0.25641,0.25748,14364738
2024-12-28T17:00:00Z,0.25748,0.25846,0.25735,0.25792,17711343
2024-12-28T18:00:00Z,0.25792,0.25815,0.25693,0.25694,14395691
2024-12-28T19:00:00Z,0.25695,0.25757,0.25694,0.25740,7318581
2024-12-28T20:00:00Z,0.25741,0.25768,0.25700,0.25757,8078838
2024-12-28T21:00:00Z,0.25758,0.25833,0.25731,0.25829,9987908
2024-12-28T22:00:00Z,0.25829,0.25880,0.25802,0.25849,9809477
2024-12-28T23:00:00Z,0.25849,0.25854,0.25813,0.25821,13302394
2024-12-29T00:00:00Z,0.25820,0.25825,0.25714,0.25714,20554072
2024-12-29T01:00:00Z,0.25715,0.25761,0.25642,0.25670,16155967
2024-12-29T02:00:00Z,0.25669,0.25750,0.25657,0.25736,10354692
2024-12-29T03:00:00Z,0.25737,0.26053,0.25735,0.25936,35166643
2024-12-29T04:00:00Z,0.25935,0.26036,0.25903,0.26022,25775759
2024-12-29T05:00:00Z,0.26022,0.26066,0.25982,0.26024,19633467
2024-12-29T06:00:00Z,0.26025,0.26227,0.25986,0.26178,24652436
2024-12-29T07:00:00Z,0.26179,0.26287,0.26168,0.26286,19449738
2024-12-29T08:00:00Z,0.26286,0.26342,0.26231,0.26261,25263754
2024-12-29T09:00:00Z,0.26261,0.26283,0.26034,0.26081,34110323
2024-12-29T10:00:00Z,0.26080,0.26174,0.26063,0.26137,12337950
2024-12-29T11:00:00Z,0.26138,0.26142,0.25994,0.26009,15659689
2024-12-29T12:00:00Z,0.26009,0.26036,0.25928,0.25989,16854033
2024-12-29T13:00:00Z,0.25990,0.26118,0.25948,0.26116,14346840
2024-12-29T14:00:00Z,0.26117,0.26152,0.25936,0.26013,32817137
2024-12-29T15:00:00Z,0.26012,0.26252,0.25954,0.26219,25024712
2024-12-29T16:00:00Z,0.26222,0.26224,0.25929,0.25950,27547860
2024-12-29T17:00:00Z,0.25951,0.26067,0.25853,0.26066,23026529
2024-12-29T18:00:00Z,0.26066,0.26182,0.26024,0.26122,20124091
2024-12-29T19:00:00Z,0.26123,0.26123,0.25974,0.26017,13448263
2024-12-29T20:00:00Z,0.26016,0.26032,0.25823,0.25937,30215301
2024-12-29T21:00:00Z,0.25938,0.25948,0.25784,0.25829,17399181
2024-12-29T22:00:00Z,0.25828,0.25844,0.25666,0.25699,32049570
2024-12-29T23:00:00Z,0.25700,0.25789,0.25647,0.25776,21536482
2024-12-30T00:00:00Z,0.25776,0.25890,0.25682,0.25857,34990159
2024-12-30T01:00:00Z,0.25857,0.25981,0.25815,0.25900,30535351
2024-12-30T02:00:00Z,0.25899,0.25957,0.25854,0.25943,11846423
2024-12-30T03:00:00Z,0.25943,0.25974,0.25882,0.25893,11566511
2024-12-30T04:00:00Z,0.25893,0.25910,0.25766,0.25779,19074979
2024-12-30T05:00:00Z,0.25778,0.25803,0.25714,0.25760,17169506
2024-12-30T06:00:00Z,0.25761,0.25899,0.25756,0.25885,18189667
2024-12-30T07:00:00Z,0.25885,0.25890,0.25741,0.25823,19682383
2024-12-30T08:00:00Z,0.25822,0.25855,0.25778,0.25841,12196820
2024-12-30T09:00:00Z,0.25841,0.25855,0.25764,0.25829,13576633
2024-12-30T10:00:00Z,0.25829,0.25842,0.25648,0.25649,23969437
2024-12-30T11:00:00Z,0.25648,0.25701,0.25538,0.25691,25814344
2024-12-30T12:00:00Z,0.25690,0.25750,0.25648,0.25675,20465454
2024-12-30T13:00:00Z,0.25674,0.25704,0.25323,0.25345,48804446
2024-12-30T14:00:00Z,0.25344,0.25345,0.25045,0.25118,68047614
2024-12-30T15:00:00Z,0.25118,0.25195,0.25056,0.25089,29655340
2024-12-30T16:00:00Z,0.25089,0.25107,0.25026,0.25078,24842138
2024-12-30T17:00:00Z,0.25078,0.25402,0.25072,0.25387,45046489
2024-12-30T18:00:00Z,0.25386,0.25526,0.25331,0.25480,26340226
2024-12-30T19:00:00Z,0.25480,0.25515,0.25432,0.25515,11523293
2024-12-30T20:00:00Z,0.25514,0.25652,0.25514,0.25596,31573301
2024-12-30T21:00:00Z,0.25597,0.25606,0.25072,0.25129,84463397
2024-12-30T22:00:00Z,0.25130,0.25294,0.25123,0.25239,23397393
2024-12-30T23:00:00Z,0.25239,0.25346,0.25204,0.25339,15035110
2024-12-31T00:00:00Z,0.25338,0.25338,0.25181,0.25181,18897220
2024-12-31T01:00:00Z,0.25181,0.25257,0.25108,0.25245,31803583
2024-12-31T02:00:00Z,0.25245,0.25312,0.25214,0.25298,13366956
2024-12-31T03:00:00Z,0.25298,0.25314,0.25191,0.25248,15078660
2024-12-31T04:00:00Z,0.25248,0.25333,0.25245,0.25268,12772922
2024-12-31T05:00:00Z,0.25268,0.25294,0.25176,0.25241,15808413
2024-12-31T06:00:00Z,0.25242,0.25315,0.25196,0.25249,15291074
2024-12-31T07:00:00Z,0.25249,0.25308,0.25224,0.25308,9815369
2024-12-31T08:00:00Z,0.25309,0.25506,0.25308,0.25402,44901030
2024-12-31T09:00:00Z,0.25403,0.25596,0.25393,0.25577,22267853
2024-12-31T10:00:00Z,0.25578,0.25619,0.25489,0.25531,19343985
2024-12-31T11:00:00Z,0.25531,0.25585,0.25531,0.25567,6957446
2024-12-31T12:00:00Z,0.25567,0.25659,0.25562,0.25562,18078637
2024-12-31T13:00:00Z,0.25562,0.25709,0.25562,0.25665,22337844
2024-12-31T14:00:00Z,0.25665,0.25768,0.25660,0.25716,23267046
2024-12-31T15:00:00Z,0.25717,0.25731,0.25646,0.25655,15212840
2024-12-31T16:00:00Z,0.25655,0.25689,0.25574,0.25630,19010657
2024-12-31T17:00:00Z,0.25630,0.25652,0.25376,0.25465,39886760
2024-12-31T18:00:00Z,0.25464,0.25526,0.25441,0.25479,13896061
2024-12-31T19:00:00Z,0.25480,0.25529,0.25470,0.25513,8327400
2024-12-31T20:00:00Z,0.25513,0.25538,0.25474,0.25506,7660065
2024-12-31T21:00:00Z,0.25501,0.25555,0.25480,0.25538,6779255
2024-12-31T22:00:00Z,0.25539,0.25540,0.25438,0.25442,9790454
2024-12-31T23:00:00Z,0.25442,0.25488,0.25413,0.25456,9075607
2025-01-01T00:00:00Z,0.25456,0.25551,0.25443,0.25541,15491763
2025-01-01T01:00:00Z,0.25542,0.25557,0.25500,0.25530,7825393
2025-01-01T02:00:00Z,0.25531,0.25626,0.25522,0.25626,11580229
2025-01-01T03:00:00Z,0.25626,0.25627,0.25575,0.25599,6952938
2025-01-01T04:00:00Z,0.25600,0.25615,0.25528,0.25533,9101388
2025-01-01T05:00:00Z,0.25532,0.25584,0.25506,0.25566,8685163
2025-01-01T06:00:00Z,0.25566,0.25605,0.25543,0.25601,8628713
2025-01-01T07:00:00Z,0.25602,0.25616,0.25542,0.25543,8468869
2025-01-01T08:00:00Z,0.25542,0.25556,0.25431,0.25431,13828995
2025-01-01T09:00:00Z,0.25431,0.25441,0.25268,0.25328,26033054
2025-01-01T10:00:00Z,0.25329,0.25387,0.25311,0.25336,11272990
2025-01-01T11:00:00Z,0.25338,0.25411,0.25298,0.25378,11345797
2025-01-01T12:00:00Z,0.25377,0.25449,0.25362,0.25437,11751182
2025-01-01T13:00:00Z,0.25437,0.25461,0.25363,0.25411,12616283
2025-01-01T14:00:00Z,0.25412,0.25453,0.25343,0.25385,15968676
2025-01-01T15:00:00Z,0.25386,0.25607,0.25353,0.25508,25358297
2025-01-01T16:00:00Z,0.25507,0.25512,0.25423,0.25482,15882525
2025-01-01T17:00:00Z,0.25481,0.25501,0.25400,0.25497,13612641
2025-01-01T18:00:00Z,0.25498,0.25652,0.25448,0.25630,28702039
2025-01-01T19:00:00Z,0.25631,0.25638,0.25528,0.25588,14896659
2025-01-01T20:00:00Z,0.25587,0.25616,0.25542,0.25579,12738332
2025-01-01T21:00:00Z,0.25579,0.25612,0.25552,0.25579,8494372
2025-01-01T22:00:00Z,0.25580,0.25599,0.25541,0.25562,9969506
2025-01-01T23:00:00Z,0.25562,0.25600,0.25529,0.25588,6824449
2025-01-02T00:00:00Z,0.25588,0.25770,0.25563,0.25712,25877617
2025-01-02T01:00:00Z,0.25714,0.25826,0.25689,0.25707,23229584
2025-01-02T02:00:00Z,0.25708,0.25759,0.25688,0.25756,11870936
2025-01-02T03:00:00Z,0.25757,0.25791,0.25702,0.25765,8796142
2025-01-02T04:00:00Z,0.25765,0.25929,0.25756,0.25901,20541816
2025-01-02T05:00:00Z,0.25899,0.25937,0.25849,0.25891,15334197
2025-01-02T06:00:00Z,0.25891,0.25910,0.25761,0.25801,16347860
2025-01-02T07:00:00Z,0.25801,0.25860,0.25778,0.25850,7798414
2025-01-02T08:00:00Z,0.25850,0.25941,0.25834,0.25938,9513568
2025-01-02T09:00:00Z,0.25937,0.26087,0.25932,0.26048,33281477
2025-01-02T10:00:00Z,0.26047,0.26173,0.26012,0.26123,24562811
2025-01-02T11:00:00Z,0.26122,0.26265,0.26074,0.26236,24332135
2025-01-02T12:00:00Z,0.26236,0.26537,0.26230,0.26430,61196341
2025-01-02T13:00:00Z,0.26430,0.26573,0.26196,0.26286,48007143
2025-01-02T14:00:00Z,0.26285,0.26461,0.26173,0.26345,59731942
2025-01-02T15:00:00Z,0.26345,0.26380,0.26199,0.26379,31698644
2025-01-02T16:00:00Z,0.26379,0.26472,0.26334,0.26380,32567277
2025-01-02T17:00:00Z,0.26380,0.26446,0.26194,0.26279,27671686
2025-01-02T18:00:00Z,0.26278,0.26524,0.26229,0.26524,23749637
2025-01-02T19:00:00Z,0.26523,0.26698,0.26450,0.26454,44290589
2025-01-02T20:00:00Z,0.26455,0.26595,0.26455,0.26514,21104757
2025-01-02T21:00:00Z,0.26514,0.26551,0.26448,0.26515,10813070
2025-01-02T22:00:00Z,0.26515,0.26555,0.26395,0.26505,23318455
2025-01-02T23:00:00Z,0.26504,0.26576,0.26493,0.26531,18531180
2025-01-03T00:00:00Z,0.26531,0.26707,0.26531,0.26562,31461018
2025-01-03T01:00:00Z,0.26563,0.26662,0.26488,0.26662,20313156
2025-01-03T02:00:00Z,0.26663,0.26894,0.26662,0.26733,40968483
2025-01-03T03:00:00Z,0.26733,0.26757,0.26558,0.26640,33191482
2025-01-03T04:00:00Z,0.26641,0.26648,0.26458,0.26479,19864233
2025-01-03T05:00:00Z,0.26480,0.26508,0.26339,0.26397,23196693
2025-01-03T06:00:00Z,0.26399,0.26464,0.26301,0.26321,14695607
2025-01-03T07:00:00Z,0.26322,0.26352,0.26082,0.26131,47321264
2025-01-03T08:00:00Z,0.26132,0.26209,0.26077,0.26177,19184055
2025-01-03T09:00:00Z,0.26178,0.26286,0.26161,0.26277,15582162
2025-01-03T10:00:00Z,0.26278,0.26300,0.26182,0.26222,14030756
2025-01-03T11:00:00Z,0.26223,0.26341,0.26202,0.26307,22781578
2025-01-03T12:00:00Z,0.26306,0.26390,0.26277,0.26353,27003986
2025-01-03T13:00:00Z,0.26352,0.26478,0.26307,0.26422,25182483
2025-01-03T14:00:00Z,0.26421,0.26628,0.26415,0.26594,30335896
2025-01-03T15:00:00Z,0.26595,0.26822,0.26543,0.26810,28679804
2025-01-03T16:00:00Z,0.26809,0.26978,0.26767,0.26903,43109516
2025-01-03T17:00:00Z,0.26903,0.26935,0.26771,0.26834,29033579
2025-01-03T18:00:00Z,0.26834,0.26989,0.26811,0.26920,16389773
2025-01-03T19:00:00Z,0.26919,0.27083,0.26892,0.27047,19686269
2025-01-03T20:00:00Z,0.27046,0.27047,0.26870,0.26977,24421331
2025-01-03T21:00:00Z,0.26977,0.26987,0.26915,0.26962,11994369
2025-01-03T22:00:00Z,0.26962,0.27143,0.26959,0.27052,19982672
2025-01-03T23:00:00Z,0.27053,0.27059,0.26925,0.27020,18771140
2025-01-04T00:00:00Z,0.27020,0.27031,0.26832,0.26879,21753781
2025-01-04T01:00:00Z,0.26879,0.26889,0.26737,0.26887,20401796
2025-01-04T02:00:00Z,0.26887,0.26964,0.26880,0.26890,21885900
2025-01-04T03:00:00Z,0.26890,0.26906,0.26747,0.26802,30311787
2025-01-04T04:00:00Z,0.26803,0.26820,0.26636,0.26690,25692086
2025-01-04T05:00:00Z,0.26689,0.26790,0.26657,0.26766,15372327
2025-01-04T06:00:00Z,0.26768,0.26871,0.26750,0.26847,14237076
2025-01-04T07:00:00Z,0.26846,0.26902,0.26822,0.26889,14445829
2025-01-04T08:00:00Z,0.26889,0.26899,0.26730,0.26731,16817690
2025-01-04T09:00:00Z,0.26730,0.26823,0.26721,0.26797,21731718
2025-01-04T10:00:00Z,0.26796,0.26810,0.26676,0.26773,17052234
2025-01-04T11:00:00Z,0.26773,0.26837,0.26715,0.26831,16245258
2025-01-04T12:00:00Z,0.26830,0.27214,0.26813,0.27092,50664414
2025-01-04T13:00:00Z,0.27092,0.27160,0.26967,0.27116,28886099
2025-01-04T14:00:00Z,0.27117,0.27330,0.27093,0.27255,43699609
2025-01-04T15:00:00Z,0.27255,0.27267,0.26832,0.26905,58327692
2025-01-04T16:00:00Z,0.26906,0.27299,0.26898,0.27296,39718672
2025-01-04T17:00:00Z,0.27295,0.27437,0.26932,0.27008,55168265
2025-01-04T18:00:00Z,0.27008,0.27037,0.26929,0.26968,14058344
2025-01-04T19:00:00Z,0.26969,0.26987,0.26881,0.26940,16007287
2025-01-04T20:00:00Z,0.26940,0.27041,0.26912,0.26995,10531382
2025-01-04T21:00:00Z,0.26995,0.27075,0.26935,0.26964,12451920
2025-01-04T22:00:00Z,0.26965,0.27011,0.26890,0.27011,17514561
2025-01-04T23:00:00Z,0.27011,0.27033,0.26953,0.26963,5931303
2025-01-05T00:00:00Z,0.26964,0.26974,0.26577,0.26628,48375611
2025-01-05T01:00:00Z,0.26627,0.26699,0.26586,0.26654,19501508
2025-01-05T02:00:00Z,0.26655,0.26685,0.26585,0.26611,9357665
2025-01-05T03:00:00Z,0.26611,0.26619,0.26536,0.26609,16079362
2025-01-05T04:00:00Z,0.26609,0.26674,0.26558,0.26597,17912314
2025-01-05T05:00:00Z,0.26595,0.26633,0.26500,0.26544,15680718
2025-01-05T06:00:00Z,0.26545,0.26567,0.26502,0.26546,7685258
2025-01-05T07:00:00Z,0.26546,0.26620,0.26535,0.26597,10673835
2025-01-05T08:00:00Z,0.26598,0.26598,0.26352,0.26446,33270115
2025-01-05T09:00:00Z,0.26447,0.26449,0.26319,0.26335,13959222
2025-01-05T10:00:00Z,0.26335,0.26347,0.26221,0.26282,34292716
2025-01-05T11:00:00Z,0.26282,0.26353,0.26248,0.26286,12546816
2025-01-05T12:00:00Z,0.26285,0.26348,0.26186,0.26302,18598951
2025-01-05T13:00:00Z,0.26303,0.26384,0.26271,0.26279,14248675
2025-01-05T14:00:00Z,0.26276,0.26303,0.26098,0.26266,32948654
2025-01-05T15:00:00Z,0.26265,0.26323,0.26179,0.26271,15602946
2025-01-05T16:00:00Z,0.26271,0.26317,0.26175,0.26216,19597845
2025-01-05T17:00:00Z,0.26217,0.26245,0.26147,0.26205,14143042
2025-01-05T18:00:00Z,0.26205,0.26244,0.26148,0.26214,11537284
2025-01-05T19:00:00Z,0.26214,0.26282,0.26174,0.26239,13733794
2025-01-05T20:00:00Z,0.26239,0.26311,0.26212,0.26245,11366738
2025-01-05T21:00:00Z,0.26245,0.26280,0.26227,0.26269,8919911
2025-01-05T22:00:00Z,0.26271,0.26285,0.26207,0.26275,8118371
2025-01-05T23:00:00Z,0.26275,0.26292,0.26224,0.26254,10460375
2025-01-06T00:00:00Z,0.26253,0.26285,0.26014,0.26032,32839452
2025-01-06T01:00:00Z,0.26033,0.26194,0.25931,0.26175,30928006
2025-01-06T02:00:00Z,0.26174,0.26430,0.26151,0.26342,44959648
2025-01-06T03:00:00Z,0.26340,0.26433,0.26255,0.26381,17114205
2025-01-06T04:00:00Z,0.26381,0.26454,0.26329,0.26440,16519208
2025-01-06T05:00:00Z,0.26440,0.26634,0.26425,0.26535,26332637
2025-01-06T06:00:00Z,0.26536,0.26554,0.26426,0.26449,15029696
2025-01-06T07:00:00Z,0.26448,0.26493,0.26345,0.26360,19754174
2025-01-06T08:00:00Z,0.26359,0.26430,0.26265,0.26276,19877675
2025-01-06T09:00:00Z,0.26280,0.26344,0.26253,0.26286,12894911
2025-01-06T10:00:00Z,0.26286,0.26310,0.26178,0.26301,18930730
2025-01-06T11:00:00Z,0.26302,0.26412,0.26268,0.26359,11531007
2025-01-06T12:00:00Z,0.26359,0.26572,0.26341,0.26492,21920777
2025-01-06T13:00:00Z,0.26493,0.26662,0.26403,0.26612,21596207
2025-01-06T14:00:00Z,0.26611,0.26688,0.26423,0.26636,38113858
2025-01-06T15:00:00Z,0.26636,0.26757,0.26601,0.26747,41675548
2025-01-06T16:00:00Z,0.26749,0.26987,0.26745,0.26886,64621887
2025-01-06T17:00:00Z,0.26886,0.26910,0.26562,0.26779,51349627
2025-01-06T18:00:00Z,0.26779,0.26828,0.26730,0.26782,13950136
2025-01-06T19:00:00Z,0.26783,0.26893,0.26760,0.26859,11371735
2025-01-06T20:00:00Z,0.26858,0.26935,0.26831,0.26875,18593693
2025-01-06T21:00:00Z,0.26875,0.26896,0.26755,0.26800,15148824
2025-01-06T22:00:00Z,0.26801,0.26910,0.26801,0.26841,11306160
2025-01-06T23:00:00Z,0.26842,0.26867,0.26815,0.26843,12434342
2025-01-07T00:00:00Z,0.26842,0.26936,0.26793,0.26899,21197088
2025-01-07T01:00:00Z,0.26900,0.27037,0.26827,0.27008,24185066
2025-01-07T02:00:00Z,0.27008,0.27045,0.26924,0.26935,17557531
2025-01-07T03:00:00Z,0.26935,0.26998,0.26912,0.26958,14329605
2025-01-07T04:00:00Z,0.26960,0.27114,0.26957,0.27062,24169786
2025-01-07T05:00:00Z,0.27063,0.27117,0.26982,0.27047,22263572
2025-01-07T06:00:00Z,0.27046,0.27174,0.27046,0.27068,21268460
2025-01-07T07:00:00Z,0.27067,0.27094,0.26964,0.27009,18000531
2025-01-07T08:00:00Z,0.27010,0.27078,0.26979,0.27011,17477680
2025-01-07T09:00:00Z,0.27010,0.27030,0.26931,0.26956,16267139
2025-01-07T10:00:00Z,0.26955,0.26981,0.26864,0.26980,18060092
2025-01-07T11:00:00Z,0.26981,0.27070,0.26799,0.26902,32953379
2025-01-07T12:00:00Z,0.26903,0.26958,0.26819,0.26915,19299703
2025-01-07T13:00:00Z,0.26914,0.27011,0.26900,0.26980,14424351
2025-01-07T14:00:00Z,0.26981,0.27087,0.26742,0.26772,35465508
2025-01-07T15:00:00Z,0.26773,0.26815,0.25584,0.25841,269378952
2025-01-07T16:00:00Z,0.25841,0.25940,0.25747,0.25845,41795569
2025-01-07T17:00:00Z,0.25847,0.25867,0.25655,0.25689,38584339
2025-01-07T18:00:00Z,0.25688,0.25736,0.25441,0.25496,44510417
2025-01-07T19:00:00Z,0.25495,0.25536,0.25330,0.25382,32548378
2025-01-07T20:00:00Z,0.25381,0.25424,0.25271,0.25379,30524523
2025-01-07T21:00:00Z,0.25378,0.25522,0.25288,0.25288,41423096
2025-01-07T22:00:00Z,0.25289,0.25353,0.25188,0.25348,26329930
2025-01-07T23:00:00Z,0.25348,0.25348,0.25235,0.25236,23103103
2025-01-08T00:00:00Z,0.25235,0.25476,0.25206,0.25472,34910994
2025-01-08T01:00:00Z,0.25472,0.25491,0.25258,0.25350,28285664
2025-01-08T02:00:00Z,0.25350,0.25406,0.25264,0.25266,23115798
2025-01-08T03:00:00Z,0.25266,0.25266,0.25051,0.25134,55195636
2025-01-08T04:00:00Z,0.25135,0.25171,0.24956,0.24987,40864327
2025-01-08T05:00:00Z,0.24987,0.25143,0.24947,0.25075,28113299
2025-01-08T06:00:00Z,0.25076,0.25121,0.24614,0.24618,62043753
2025-01-08T07:00:00Z,0.24619,0.24927,0.24605,0.24919,37622042
2025-01-08T08:00:00Z,0.24918,0.25061,0.24909,0.24987,30916681
2025-01-08T09:00:00Z,0.24987,0.25034,0.24935,0.24937,17422046
2025-01-08T10:00:00Z,0.24937,0.25032,0.24934,0.24996,16499659
2025-01-08T11:00:00Z,0.24997,0.24997,0.24778,0.24898,34468143
2025-01-08T12:00:00Z,0.24898,0.25033,0.24848,0.24908,24671051
2025-01-08T13:00:00Z,0.24908,0.25115,0.24908,0.25068,33023532
2025-01-08T14:00:00Z,0.25067,0.25186,0.25064,0.25141,33856301
2025-01-08T15:00:00Z,0.25140,0.25237,0.25110,0.25209,36365826
2025-01-08T16:00:00Z,0.25209,0.25220,0.24968,0.24970,34051982
2025-01-08T17:00:00Z,0.24970,0.25004,0.24396,0.24752,136235377
2025-01-08T18:00:00Z,0.24752,0.25057,0.24724,0.24855,63455682
2025-01-08T19:00:00Z,0.24855,0.24949,0.24800,0.24832,35575629
2025-01-08T20:00:00Z,0.24833,0.24928,0.24779,0.24889,19869402
2025-01-08T21:00:00Z,0.24890,0.24923,0.24765,0.24891,24364617
2025-01-08T22:00:00Z,0.24891,0.25062,0.24890,0.25062,22081772
2025-01-08T23:00:00Z,0.25062,0.25067,0.25019,0.25045,9374594
2025-01-09T00:00:00Z,0.25044,0.25100,0.25034,0.25086,13752034
2025-01-09T01:00:00Z,0.25087,0.25142,0.25039,0.25047,18904701
2025-01-09T02:00:00Z,0.25047,0.25080,0.24809,0.24819,36617156
2025-01-09T03:00:00Z,0.24819,0.24823,0.24692,0.24739,16715937
2025-01-09T04:00:00Z,0.24736,0.24791,0.24692,0.24759,14348807
2025-01-09T05:00:00Z,0.24760,0.24790,0.24667,0.24712,10467266
2025-01-09T06:00:00Z,0.24713,0.24718,0.24602,0.24608,23199532
2025-01-09T07:00:00Z,0.24608,0.24640,0.24285,0.24295,44629244
2025-01-09T08:00:00Z,0.24295,0.24494,0.24255,0.24419,31463318
2025-01-09T09:00:00Z,0.24420,0.24545,0.24406,0.24497,22761645
2025-01-09T10:00:00Z,0.24497,0.24518,0.24333,0.24447,27880440
2025-01-09T11:00:00Z,0.24447,0.24564,0.24391,0.24472,20028545
2025-01-09T12:00:00Z,0.24472,0.24523,0.24395,0.24454,19894140
2025-01-09T13:00:00Z,0.24454,0.24496,0.24057,0.24064,59464147
2025-01-09T14:00:00Z,0.24062,0.24186,0.23938,0.24167,69790545
2025-01-09T15:00:00Z,0.24166,0.24516,0.24125,0.24501,54743174
2025-01-09T16:00:00Z,0.24502,0.24587,0.24369,0.24495,43496280
2025-01-09T17:00:00Z,0.24494,0.24497,0.24092,0.24144,56064040
2025-01-09T18:00:00Z,0.24145,0.24278,0.24127,0.24226,33443248
2025-01-09T19:00:00Z,0.24229,0.24232,0.23919,0.23919,40753469
2025-01-09T20:00:00Z,0.23919,0.23975,0.23636,0.23842,63736353
2025-01-09T21:00:00Z,0.23841,0.23967,0.23800,0.23837,29704443
2025-01-09T22:00:00Z,0.23837,0.24059,0.23783,0.24011,28676912
2025-01-09T23:00:00Z,0.24011,0.24029,0.23947,0.24005,12127473
2025-01-10T00:00:00Z,0.24004,0.24035,0.23952,0.24000,15920444
2025-01-10T01:00:00Z,0.24000,0.24055,0.23968,0.24045,15756786
2025-01-10T02:00:00Z,0.24045,0.24130,0.24015,0.24073,21366853
2025-01-10T03:00:00Z,0.24073,0.24114,0.24032,0.24103,10161680
2025-01-10T04:00:00Z,0.24104,0.24155,0.24060,0.24079,11894524
2025-01-10T05:00:00Z,0.24080,0.24165,0.24008,0.24118,19287982
2025-01-10T06:00:00Z,0.24118,0.24189,0.24079,0.24180,11461014
2025-01-10T07:00:00Z,0.24181,0.24428,0.24144,0.24300,32746542
2025-01-10T08:00:00Z,0.24299,0.24345,0.24253,0.24272,14673000
2025-01-10T09:00:00Z,0.24272,0.24327,0.24231,0.24240,14829699
2025-01-10T10:00:00Z,0.24240,0.24298,0.24205,0.24292,12584823
2025-01-10T11:00:00Z,0.24292,0.24292,0.24186,0.24257,13408862
2025-01-10T12:00:00Z,0.24257,0.24258,0.24157,0.24223,14513066
2025-01-10T13:00:00Z,0.24223,0.24286,0.23870,0.23973,86730003
2025-01-10T14:00:00Z,0.23973,0.24132,0.23952,0.24032,37122596
2025-01-10T15:00:00Z,0.24031,0.24083,0.23718,0.24017,48575246
2025-01-10T16:00:00Z,0.24017,0.24046,0.23926,0.23969,21859663
2025-01-10T17:00:00Z,0.23969,0.24397,0.23962,0.24344,43177535
2025-01-10T18:00:00Z,0.24344,0.24456,0.24286,0.24344,31222642
2025-01-10T19:00:00Z,0.24345,0.24463,0.24290,0.24446,17562810
2025-01-10T20:00:00Z,0.24446,0.24469,0.24350,0.24390,14412432
2025-01-10T21:00:00Z,0.24392,0.24436,0.24381,0.24394,7658323
2025-01-10T22:00:00Z,0.24394,0.24470,0.24348,0.24428,16926005
2025-01-10T23:00:00Z,0.24427,0.24458,0.24388,0.24442,7743261
2025-01-11T00:00:00Z,0.24442,0.24450,0.24388,0.24420,12283496
2025-01-11T01:00:00Z,0.24421,0.24448,0.24343,0.24355,8919308
2025-01-11T02:00:00Z,0.24356,0.24389,0.24312,0.24348,8762514
2025-01-11T03:00:00Z,0.24348,0.24348,0.24249,0.24263,6203395
2025-01-11T04:00:00Z,0.24263,0.24304,0.24212,0.24259,8445031
2025-01-11T05:00:00Z,0.24258,0.24285,0.24225,0.24284,7190113
2025-01-11T06:00:00Z,0.24284,0.24329,0.24260,0.24262,9418988
2025-01-11T07:00:00Z,0.24262,0.24304,0.24235,0.24254,6623405
2025-01-11T08:00:00Z,0.24255,0.24292,0.24170,0.24185,9633085
2025-01-11T09:00:00Z,0.24184,0.24237,0.24179,0.24223,7122585
2025-01-11T10:00:00Z,0.24222,0.24264,0.24206,0.24227,7784102
2025-01-11T11:00:00Z,0.24228,0.24295,0.24207,0.24275,12375918
2025-01-11T12:00:00Z,0.24275,0.24298,0.24250,0.24271,12483512
2025-01-11T13:00:00Z,0.24271,0.24294,0.24215,0.24225,7119573
2025-01-11T14:00:00Z,0.24225,0.24242,0.24186,0.24235,7003414
2025-01-11T15:00:00Z,0.24234,0.24241,0.24141,0.24149,11013911
2025-01-11T16:00:00Z,0.24148,0.24192,0.24123,0.24185,11608792
2025-01-11T17:00:00Z,0.24186,0.24187,0.24082,0.24087,15849937
2025-01-11T18:00:00Z,0.24086,0.24116,0.24049,0.24089,9871593
2025-01-11T19:00:00Z,0.24089,0.24095,0.24027,0.24070,7470708
2025-01-11T20:00:00Z,0.24071,0.24237,0.24035,0.24235,15690074
2025-01-11T21:00:00Z,0.24235,0.24335,0.24220,0.24274,22314200
2025-01-11T22:00:00Z,0.24274,0.24286,0.24130,0.24130,12841211
2025-01-11T23:00:00Z,0.24130,0.24157,0.24077,0.24080,12322744
2025-01-12T00:00:00Z,0.24079,0.24117,0.24026,0.24095,17813881
2025-01-12T01:00:00Z,0.24095,0.24101,0.24052,0.24093,8123787
2025-01-12T02:00:00Z,0.24094,0.24098,0.24043,0.24083,7484284
2025-01-12T03:00:00Z,0.24083,0.24089,0.24014,0.24051,6806682
2025-01-12T04:00:00Z,0.24052,0.24058,0.24000,0.24023,7117979
2025-01-12T05:00:00Z,0.24022,0.24045,0.23979,0.23995,6776280
2025-01-12T06:00:00Z,0.23995,0.24002,0.23878,0.23878,11477904
2025-01-12T07:00:00Z,0.23879,0.23882,0.23799,0.23868,18824058
2025-01-12T08:00:00Z,0.23868,0.23883,0.23730,0.23741,10957054
2025-01-12T09:00:00Z,0.23741,0.23757,0.23607,0.23638,18549566
2025-01-12T10:00:00Z,0.23637,0.23653,0.23571,0.23621,13274794
2025-01-12T11:00:00Z,0.23620,0.23733,0.23603,0.23704,11266073
2025-01-12T12:00:00Z,0.23706,0.23821,0.23662,0.23756,14054998
2025-01-12T13:00:00Z,0.23757,0.23827,0.23693,0.23729,12944131
2025-01-12T14:00:00Z,0.23729,0.23811,0.23702,0.23716,14643966
2025-01-12T15:00:00Z,0.23717,0.23804,0.23668,0.23794,15276202
2025-01-12T16:00:00Z,0.23794,0.23821,0.23683,0.23725,13949306
2025-01-12T17:00:00Z,0.23726,0.23767,0.23692,0.23724,7109671
2025-01-12T18:00:00Z,0.23724,0.23761,0.23640,0.23643,9452533
2025-01-12T19:00:00Z,0.23643,0.23655,0.23534,0.23557,15185689
2025-01-12T20:00:00Z,0.23556,0.23573,0.23459,0.23465,11369139
2025-01-12T21:00:00Z,0.23466,0.23494,0.23281,0.23293,17648874
2025-01-12T22:00:00Z,0.23293,0.23314,0.23135,0.23143,19718689
2025-01-12T23:00:00Z,0.23144,0.23366,0.23144,0.23342,13797998
2025-01-13T00:00:00Z,0.23342,0.23723,0.23300,0.23575,48639606
2025-01-13T01:00:00Z,0.23574,0.23604,0.23184,0.23226,34802936
2025-01-13T02:00:00Z,0.23227,0.23236,0.22807,0.22966,60836956
2025-01-13T03:00:00Z,0.22966,0.23085,0.22816,0.22910,40089913
2025-01-13T04:00:00Z,0.22907,0.23094,0.22858,0.22980,30813860
2025-01-13T05:00:00Z,0.22979,0.23002,0.22766,0.22826,22535812
2025-01-13T06:00:00Z,0.22827,0.22893,0.22583,0.22662,39535529
2025-01-13T07:00:00Z,0.22663,0.22775,0.22623,0.22696,25384486
2025-01-13T08:00:00Z,0.22696,0.22708,0.22406,0.22458,42309794
2025-01-13T09:00:00Z,0.22459,0.22502,0.22188,0.22244,58202336
2025-01-13T10:00:00Z,0.22245,0.22263,0.22001,0.22070,43302385
2025-01-13T11:00:00Z,0.22070,0.22079,0.21659,0.21667,64339781
2025-01-13T12:00:00Z,0.21667,0.22024,0.21665,0.21923,86809394
2025-01-13T13:00:00Z,0.21919,0.22226,0.21811,0.22038,59090643
2025-01-13T14:00:00Z,0.22038,0.22195,0.21664,0.22102,119187973
2025-01-13T15:00:00Z,0.22101,0.22358,0.22068,0.22281,61554795
2025-01-13T16:00:00Z,0.22282,0.22294,0.21787,0.21792,92081235
2025-01-13T17:00:00Z,0.21792,0.22049,0.21770,0.21864,42264196
2025-01-13T18:00:00Z,0.21864,0.22053,0.21730,0.21913,60260143
2025-01-13T19:00:00Z,0.21914,0.22061,0.21801,0.21996,41210217
2025-01-13T20:00:00Z,0.21995,0.22287,0.21921,0.22242,53466235
2025-01-13T21:00:00Z,0.22242,0.22318,0.22137,0.22251,41538795
2025-01-13T22:00:00Z,0.22251,0.22408,0.22247,0.22323,32388872
2025-01-13T23:00:00Z,0.22324,0.22324,0.22249,0.22276,16933476
2025-01-14T00:00:00Z,0.22276,0.22310,0.22186,0.22202,25305827
2025-01-14T01:00:00Z,0.22201,0.22317,0.22201,0.22231,15737925
2025-01-14T02:00:00Z,0.22230,0.22318,0.22215,0.22290,15759677
2025-01-14T03:00:00Z,0.22289,0.22362,0.22266,0.22315,14079073
2025-01-14T04:00:00Z,0.22316,0.22396,0.22308,0.22358,11007563
2025-01-14T05:00:00Z,0.22358,0.22498,0.22328,0.22342,23352927
2025-01-14T06:00:00Z,0.22343,0.22380,0.22306,0.22346,12050459
2025-01-14T07:00:00Z,0.22346,0.22374,0.22239,0.22241,12419940
2025-01-14T08:00:00Z,0.22240,0.22386,0.22240,0.22299,22490465
2025-01-14T09:00:00Z,0.22299,0.22690,0.22291,0.22611,37188845
2025-01-14T10:00:00Z,0.22612,0.22614,0.22481,0.22515,22272055
2025-01-14T11:00:00Z,0.22516,0.22521,0.22411,0.22464,14623635
2025-01-14T12:00:00Z,0.22464,0.22489,0.22370,0.22374,13651711
2025-01-14T13:00:00Z,0.22374,0.22491,0.22325,0.22408,34172957
2025-01-14T14:00:00Z,0.22408,0.22579,0.22353,0.22426,34589229
2025-01-14T15:00:00Z,0.22438,0.22476,0.22369,0.22371,15376499
2025-01-14T16:00:00Z,0.22371,0.22372,0.22189,0.22216,30272818
2025-01-14T17:00:00Z,0.22216,0.22317,0.22179,0.22287,20086968
2025-01-14T18:00:00Z,0.22287,0.22328,0.22181,0.22256,32289953
2025-01-14T19:00:00Z,0.22258,0.22263,0.22136,0.22146,15855572
2025-01-14T20:00:00Z,0.22145,0.22153,0.22021,0.22043,25182728
2025-01-14T21:00:00Z,0.22043,0.22132,0.22021,0.22054,16626990
2025-01-14T22:00:00Z,0.22055,0.22192,0.22031,0.22174,25719550
2025-01-14T23:00:00Z,0.22174,0.22196,0.22060,0.22073,18769961
2025-01-15T00:00:00Z,0.22072,0.22162,0.22030,0.22104,22207171
2025-01-15T01:00:00Z,0.22104,0.22235,0.22067,0.22207,25062631
2025-01-15T02:00:00Z,0.22212,0.22318,0.22088,0.22095,23691948
2025-01-15T03:00:00Z,0.22096,0.22241,0.22096,0.22241,17394346
2025-01-15T04:00:00Z,0.22241,0.22277,0.22191,0.22223,14746110
2025-01-15T05:00:00Z,0.22223,0.22294,0.22163,0.22286,13205703
2025-01-15T06:00:00Z,0.22287,0.22427,0.22277,0.22412,22435744
2025-01-15T07:00:00Z,0.22413,0.22547,0.22388,0.22535,21963444
2025-01-15T08:00:00Z,0.22534,0.22580,0.22452,0.22458,21734446
2025-01-15T09:00:00Z,0.22458,0.22482,0.22251,0.22268,33315542
2025-01-15T10:00:00Z,0.22269,0.22446,0.22265,0.22394,25667462
2025-01-15T11:00:00Z,0.22395,0.22408,0.22190,0.22311,29414090
2025-01-15T12:00:00Z,0.22311,0.22383,0.22259,0.22372,19694332
2025-01-15T13:00:00Z,0.22372,0.22817,0.22367,0.22815,90892240
2025-01-15T14:00:00Z,0.22815,0.23045,0.22757,0.23037,60534225
2025-01-15T15:00:00Z,0.23038,0.23238,0.22975,0.23196,52416747
2025-01-15T16:00:00Z,0.23196,0.23445,0.23147,0.23156,71742406
2025-01-15T17:00:00Z,0.23156,0.23253,0.23095,0.23144,36630333
2025-01-15T18:00:00Z,0.23144,0.23401,0.23137,0.23400,23643252
2025-01-15T19:00:00Z,0.23400,0.23752,0.23398,0.23745,60361109
2025-01-15T20:00:00Z,0.23745,0.23791,0.23482,0.23578,46118060
2025-01-15T21:00:00Z,0.23578,0.23682,0.23532,0.23600,27565647
2025-01-15T22:00:00Z,0.23600,0.23613,0.23420,0.23594,41404204
2025-01-15T23:00:00Z,0.23594,0.23820,0.23580,0.23795,38009659
2025-01-16T00:00:00Z,0.23795,0.23813,0.23268,0.23410,62147723
2025-01-16T01:00:00Z,0.23410,0.23589,0.23369,0.23547,27068370
2025-01-16T02:00:00Z,0.23547,0.23547,0.23413,0.23456,20510362
2025-01-16T03:00:00Z,0.23457,0.23546,0.23336,0.23428,22760308
2025-01-16T04:00:00Z,0.23430,0.23503,0.23407,0.23498,14153226
2025-01-16T05:00:00Z,0.23498,0.23609,0.23435,0.23597,21524496
2025-01-16T06:00:00Z,0.23597,0.23849,0.23565,0.23821,33552348
2025-01-16T07:00:00Z,0.23822,0.23822,0.23666,0.23722,21743855
2025-01-16T08:00:00Z,0.23723,0.23825,0.23357,0.23420,53423075
2025-01-16T09:00:00Z,0.23419,0.23568,0.23250,0.23566,38065395
2025-01-16T10:00:00Z,0.23565,0.23728,0.23546,0.23717,31886336
2025-01-16T11:00:00Z,0.23716,0.23882,0.23560,0.23875,49036052
2025-01-16T12:00:00Z,0.23874,0.24096,0.23781,0.24056,63796355
2025-01-16T13:00:00Z,0.24056,0.24080,0.23672,0.23910,76106683
2025-01-16T14:00:00Z,0.23910,0.24030,0.23375,0.23538,98695068
2025-01-16T15:00:00Z,0.23537,0.23849,0.23477,0.23847,49133872
2025-01-16T16:00:00Z,0.23847,0.24040,0.23829,0.23971,34093645
2025-01-16T17:00:00Z,0.23970,0.24096,0.23875,0.23980,27019822
2025-01-16T18:00:00Z,0.23979,0.24039,0.23806,0.23902,26145514
2025-01-16T19:00:00Z,0.23903,0.24045,0.23872,0.24033,18489470
2025-01-16T20:00:00Z,0.24033,0.24103,0.23944,0.24008,20508975
2025-01-16T21:00:00Z,0.24010,0.24017,0.23854,0.23947,14892180
2025-01-16T22:00:00Z,0.23947,0.23954,0.23657,0.23715,21179390
2025-01-16T23:00:00Z,0.23714,0.23757,0.23607,0.23702,20256877
2025-01-17T00:00:00Z,0.23702,0.23917,0.23702,0.23892,23516250
2025-01-17T01:00:00Z,0.23890,0.24160,0.23851,0.24148,31823502
2025-01-17T02:00:00Z,0.24148,0.24256,0.24086,0.24155,31453358
2025-01-17T03:00:00Z,0.24155,0.24198,0.24088,0.24168,11696703
2025-01-17T04:00:00Z,0.24168,0.24311,0.24092,0.24283,18837366
2025-01-17T05:00:00Z,0.24283,0.24379,0.24239,0.24345,16286449
2025-01-17T06:00:00Z,0.24348,0.24506,0.24338,0.24478,30026334
2025-01-17T07:00:00Z,0.24478,0.24503,0.24379,0.24403,15285874
2025-01-17T08:00:00Z,0.24403,0.24567,0.24374,0.24558,27586182
2025-01-17T09:00:00Z,0.24557,0.24660,0.24511,0.24644,21170531
2025-01-17T10:00:00Z,0.24643,0.24765,0.24643,0.24742,20405897
2025-01-17T11:00:00Z,0.24743,0.24759,0.24679,0.24686,15574881
2025-01-17T12:00:00Z,0.24686,0.24729,0.24488,0.24515,27869396
2025-01-17T13:00:00Z,0.24515,0.24633,0.24449,0.24501,25027542
2025-01-17T14:00:00Z,0.24501,0.24687,0.24500,0.24683,31630614
2025-01-17T15:00:00Z,0.24682,0.24773,0.24593,0.24720,30063413
2025-01-17T16:00:00Z,0.24720,0.24912,0.24686,0.24897,33372889
2025-01-17T17:00:00Z,0.24896,0.24898,0.24570,0.24586,38437753
2025-01-17T18:00:00Z,0.24586,0.24697,0.24579,0.24633,13176564
2025-01-17T19:00:00Z,0.24634,0.24752,0.24633,0.24701,12692481
2025-01-17T20:00:00Z,0.24700,0.24914,0.24677,0.24886,21423123
2025-01-17T21:00:00Z,0.24886,0.24942,0.24811,0.24865,19301280
2025-01-17T22:00:00Z,0.24864,0.24920,0.24854,0.24885,14719586
2025-01-17T23:00:00Z,0.24884,0.24930,0.24842,0.24875,10252293
2025-01-18T00:00:00Z,0.24875,0.24942,0.24872,0.24933,14424541
2025-01-18T01:00:00Z,0.24933,0.24933,0.24771,0.24777,18912691
2025-01-18T02:00:00Z,0.24776,0.26800,0.24771,0.25517,658147386
2025-01-18T03:00:00Z,0.25519,0.25543,0.24780,0.24920,173259287
2025-01-18T04:00:00Z,0.24918,0.24983,0.24516,0.24595,89912138
2025-01-18T05:00:00Z,0.24592,0.24644,0.24038,0.24039,84694922
2025-01-18T06:00:00Z,0.24038,0.24367,0.24025,0.24317,59604617
2025-01-18T07:00:00Z,0.24317,0.24337,0.24103,0.24109,41883301
2025-01-18T08:00:00Z,0.24109,0.24196,0.23816,0.24182,82712176
2025-01-18T09:00:00Z,0.24182,0.24188,0.23973,0.24106,31365460
2025-01-18T10:00:00Z,0.24107,0.24109,0.23799,0.23976,46080021
2025-01-18T11:00:00Z,0.23978,0.24258,0.23874,0.24233,34667292
2025-01-18T12:00:00Z,0.24233,0.24296,0.24088,0.24153,47265593
2025-01-18T13:00:00Z,0.24153,0.24479,0.24105,0.24476,46637122
2025-01-18T14:00:00Z,0.24477,0.24488,0.24297,0.24336,47152947
2025-01-18T15:00:00Z,0.24335,0.24549,0.24254,0.24393,43953258
2025-01-18T16:00:00Z,0.24394,0.24428,0.23972,0.23987,71323573
2025-01-18T17:00:00Z,0.23987,0.24157,0.23971,0.24008,37772247
2025-01-18T18:00:00Z,0.24008,0.24154,0.23917,0.23970,39956159
2025-01-18T19:00:00Z,0.23969,0.24165,0.23964,0.24162,21580245
2025-01-18T20:00:00Z,0.24162,0.24172,0.23964,0.24014,18794139
2025-01-18T21:00:00Z,0.24013,0.24138,0.24009,0.24075,13127500
2025-01-18T22:00:00Z,0.24074,0.24135,0.24056,0.24080,8337535
2025-01-18T23:00:00Z,0.24080,0.24259,0.24079,0.24223,22384023
2025-01-19T00:00:00Z,0.24224,0.24368,0.24176,0.24341,31515983
2025-01-19T01:00:00Z,0.24340,0.24490,0.24336,0.24464,23405886
2025-01-19T02:00:00Z,0.24464,0.24543,0.24447,0.24474,17157911
2025-01-19T03:00:00Z,0.24474,0.24666,0.24451,0.24609,65161300
2025-01-19T04:00:00Z,0.24609,0.24624,0.24259,0.24264,51155861
2025-01-19T05:00:00Z,0.24263,0.24309,0.24151,0.24309,30989578
2025-01-19T06:00:00Z,0.24310,0.24339,0.24193,0.24193,17132670
2025-01-19T07:00:00Z,0.24193,0.24244,0.24036,0.24074,31435543
2025-01-19T08:00:00Z,0.24073,0.24076,0.23432,0.23489,108095247
2025-01-19T09:00:00Z,0.23489,0.23523,0.23041,0.23516,145333438
2025-01-19T10:00:00Z,0.23516,0.23516,0.23280,0.23304,58235445
2025-01-19T11:00:00Z,0.23304,0.23345,0.22803,0.22946,89673264
2025-01-19T12:00:00Z,0.22946,0.23342,0.22881,0.23305,69453513
2025-01-19T13:00:00Z,0.23305,0.23651,0.23268,0.23651,68641261
2025-01-19T14:00:00Z,0.23650,0.24193,0.23615,0.24156,147959912
2025-01-19T15:00:00Z,0.24156,0.24272,0.23996,0.24055,84997063
2025-01-19T16:00:00Z,0.24055,0.24181,0.24026,0.24137,26788659
2025-01-19T17:00:00Z,0.24137,0.24389,0.24074,0.24388,37891742
2025-01-19T18:00:00Z,0.24389,0.24414,0.24295,0.24389,24147078
2025-01-19T19:00:00Z,0.24386,0.24480,0.24338,0.24480,25449003
2025-01-19T20:00:00Z,0.24480,0.24512,0.24232,0.24271,37641903
2025-01-19T21:00:00Z,0.24271,0.24274,0.23354,0.23368,174998107
2025-01-19T22:00:00Z,0.23368,0.23632,0.22902,0.23223,164257439
2025-01-19T23:00:00Z,0.23224,0.23224,0.22572,0.22858,176917219
2025-01-20T00:00:00Z,0.22859,0.22885,0.22378,0.22378,151605930
2025-01-20T01:00:00Z,0.22379,0.22598,0.22361,0.22540,68218215
2025-01-20T02:00:00Z,0.22540,0.23009,0.22534,0.22804,86480024
2025-01-20T03:00:00Z,0.22803,0.22932,0.22724,0.22928,31551220
2025-01-20T04:00:00Z,0.22929,0.23197,0.22828,0.23094,38231926
2025-01-20T05:00:00Z,0.23094,0.23310,0.23070,0.23275,34285965
2025-01-20T06:00:00Z,0.23275,0.24031,0.23260,0.24006,93129608
2025-01-20T07:00:00Z,0.24005,0.24376,0.23963,0.24091,135761062
2025-01-20T08:00:00Z,0.24092,0.24280,0.24048,0.24212,40668525
2025-01-20T09:00:00Z,0.24212,0.24274,0.23963,0.24044,46806326
2025-01-20T10:00:00Z,0.24044,0.24207,0.24006,0.24089,32670198
2025-01-20T11:00:00Z,0.24089,0.24226,0.23881,0.24221,69022812
2025-01-20T12:00:00Z,0.24221,0.24225,0.23532,0.23764,121479155
2025-01-20T13:00:00Z,0.23765,0.25741,0.23701,0.24528,681372892
2025-01-20T14:00:00Z,0.24528,0.24740,0.24428,0.24730,104994390
2025-01-20T15:00:00Z,0.24729,0.24733,0.24276,0.24411,131448157
2025-01-20T16:00:00Z,0.24410,0.24557,0.24187,0.24544,80476456
2025-01-20T17:00:00Z,0.24544,0.24550,0.23329,0.23866,252140899
2025-01-20T18:00:00Z,0.23868,0.24167,0.23861,0.24137,53634733
2025-01-20T19:00:00Z,0.24137,0.24294,0.24056,0.24258,38636999
2025-01-20T20:00:00Z,0.24258,0.24260,0.24056,0.24080,36438191
2025-01-20T21:00:00Z,0.24080,0.24137,0.23826,0.23832,29330215
2025-01-20T22:00:00Z,0.23832,0.24024,0.23701,0.23999,32564100
2025-01-20T23:00:00Z,0.24001,0.24027,0.23757,0.23809,38159804
2025-01-21T00:00:00Z,0.23809,0.23913,0.23522,0.23540,65905498
2025-01-21T01:00:00Z,0.23541,0.23768,0.23484,0.23648,61897285
2025-01-21T02:00:00Z,0.23647,0.23739,0.23525,0.23695,43088019
2025-01-21T03:00:00Z,0.23694,0.23987,0.23632,0.23983,34987872
2025-01-21T04:00:00Z,0.23983,0.24053,0.23587,0.23898,85267960
2025-01-21T05:00:00Z,0.23898,0.23956,0.23781,0.23833,36624358
2025-01-21T06:00:00Z,0.23834,0.23954,0.23734,0.23848,40126156
2025-01-21T07:00:00Z,0.23845,0.24105,0.23794,0.23968,40572367
2025-01-21T08:00:00Z,0.23968,0.23981,0.23719,0.23802,54290881
2025-01-21T09:00:00Z,0.23802,0.23896,0.23756,0.23863,24530493
2025-01-21T10:00:00Z,0.23862,0.24090,0.23837,0.24075,31657037
2025-01-21T11:00:00Z,0.24074,0.24177,0.24026,0.24137,29455963
2025-01-21T12:00:00Z,0.24137,0.24303,0.24085,0.24211,44902568
2025-01-21T13:00:00Z,0.24211,0.24211,0.24069,0.24158,34573357
2025-01-21T14:00:00Z,0.24158,0.24283,0.24050,0.24077,43838720
2025-01-21T15:00:00Z,0.24077,0.24141,0.23900,0.24097,49373099
2025-01-21T16:00:00Z,0.24096,0.24301,0.24060,0.24240,53722638
2025-01-21T17:00:00Z,0.24240,0.24482,0.24207,0.24376,53663074
2025-01-21T18:00:00Z,0.24376,0.24390,0.24293,0.24338,25126555
2025-01-21T19:00:00Z,0.24337,0.24344,0.24202,0.24248,24250765
2025-01-21T20:00:00Z,0.24248,0.24273,0.24214,0.24266,13499823
2025-01-21T21:00:00Z,0.24267,0.24700,0.24231,0.24456,124936406
2025-01-21T22:00:00Z,0.24455,0.24578,0.24415,0.24473,31612390
2025-01-21T23:00:00Z,0.24473,0.24534,0.24382,0.24480,37072971
2025-01-22T00:00:00Z,0.24479,0.24659,0.24472,0.24648,36620689
2025-01-22T01:00:00Z,0.24648,0.24802,0.24630,0.24700,49436016
2025-01-22T02:00:00Z,0.24701,0.25123,0.24622,0.25112,79510514
2025-01-22T03:00:00Z,0.25112,0.25181,0.24933,0.25003,69602255
2025-01-22T04:00:00Z,0.25003,0.25113,0.24917,0.25071,33419581
2025-01-22T05:00:00Z,0.25072,0.25089,0.24924,0.24939,21683994
2025-01-22T06:00:00Z,0.24939,0.25200,0.24927,0.25139,37747407
2025-01-22T07:00:00Z,0.25139,0.25182,0.25017,0.25046,31481843
2025-01-22T08:00:00Z,0.25046,0.25083,0.24806,0.24901,51125262
2025-01-22T09:00:00Z,0.24900,0.25084,0.24843,0.25070,29254624
2025-01-22T10:00:00Z,0.25069,0.25224,0.25011,0.25204,49222416
2025-01-22T11:00:00Z,0.25204,0.25318,0.25145,0.25276,30209420
2025-01-22T12:00:00Z,0.25276,0.25534,0.25171,0.25396,75487104
2025-01-22T13:00:00Z,0.25397,0.25508,0.25317,0.25433,50453516
2025-01-22T14:00:00Z,0.25434,0.25731,0.25352,0.25656,78709113
2025-01-22T15:00:00Z,0.25657,0.25786,0.25562,0.25591,53313585
2025-01-22T16:00:00Z,0.25591,0.25684,0.25488,0.25657,42304437
2025-01-22T17:00:00Z,0.25658,0.25789,0.25646,0.25781,35796072
2025-01-22T18:00:00Z,0.25781,0.25851,0.25522,0.25559,35363721
2025-01-22T19:00:00Z,0.25558,0.25726,0.25554,0.25658,30402058
2025-01-22T20:00:00Z,0.25659,0.25693,0.25590,0.25614,25170859
2025-01-22T21:00:00Z,0.25615,0.25622,0.25417,0.25506,34336024
2025-01-22T22:00:00Z,0.25506,0.25599,0.25475,0.25495,27127359
2025-01-22T23:00:00Z,0.25492,0.25514,0.25236,0.25374,52893611
2025-01-23T00:00:00Z,0.25374,0.25478,0.25326,0.25421,28312781
2025-01-23T01:00:00Z,0.25421,0.25448,0.25065,0.25175,49297239
2025-01-23T02:00:00Z,0.25175,0.25200,0.24971,0.25063,59309828
2025-01-23T03:00:00Z,0.25063,0.25212,0.25024,0.25094,32873611
2025-01-23T04:00:00Z,0.25093,0.25100,0.24689,0.24793,52955810
2025-01-23T05:00:00Z,0.24794,0.24913,0.24775,0.24867,22244575
2025-01-23T06:00:00Z,0.24868,0.24906,0.24662,0.24682,31439041
2025-01-23T07:00:00Z,0.24681,0.24768,0.24580,0.24728,31479317
2025-01-23T08:00:00Z,0.24728,0.24812,0.24706,0.24716,23264766
2025-01-23T09:00:00Z,0.24716,0.24848,0.24684,0.24724,24257218
2025-01-23T10:00:00Z,0.24725,0.24759,0.24442,0.24524,57165216
2025-01-23T11:00:00Z,0.24525,0.24613,0.24456,0.24609,20868323
2025-01-23T12:00:00Z,0.24609,0.24627,0.24447,0.24447,26625902
2025-01-23T13:00:00Z,0.24448,0.25003,0.24386,0.24736,69193070
2025-01-23T14:00:00Z,0.24736,0.25112,0.24637,0.25080,86643574
2025-01-23T15:00:00Z,0.25079,0.25102,0.24793,0.25040,92283127
2025-01-23T16:00:00Z,0.25041,0.25180,0.25000,0.25006,44487065
2025-01-23T17:00:00Z,0.25005,0.25026,0.24765,0.25018,44924732
2025-01-23T18:00:00Z,0.25019,0.25060,0.24886,0.24887,26910785
2025-01-23T19:00:00Z,0.24888,0.24899,0.24660,0.24756,64442975
2025-01-23T20:00:00Z,0.24756,0.25129,0.24740,0.24974,99248549
2025-01-23T21:00:00Z,0.24973,0.24998,0.24683,0.24946,45900733
2025-01-23T22:00:00Z,0.24947,0.25207,0.24934,0.25200,41668103
2025-01-23T23:00:00Z,0.25201,0.25329,0.25200,0.25263,27117057
2025-01-24T00:00:00Z,0.25262,0.25364,0.25140,0.25152,35105623
2025-01-24T01:00:00Z,0.25152,0.25248,0.25106,0.25182,27140397
2025-01-24T02:00:00Z,0.25184,0.25195,0.25016,0.25018,25869623
2025-01-24T03:00:00Z,0.25018,0.25274,0.25018,0.25270,41409590
2025-01-24T04:00:00Z,0.25271,0.25579,0.25215,0.25555,59093782
2025-01-24T05:00:00Z,0.25555,0.25712,0.25520,0.25700,43422206
2025-01-24T06:00:00Z,0.25701,0.25775,0.25596,0.25754,32148192
2025-01-24T07:00:00Z,0.25755,0.25898,0.25718,0.25833,30393484
2025-01-24T08:00:00Z,0.25834,0.25912,0.25834,0.25894,22891913
2025-01-24T09:00:00Z,0.25894,0.25950,0.25806,0.25837,26089700
2025-01-24T10:00:00Z,0.25837,0.25854,0.25666,0.25725,39618273
2025-01-24T11:00:00Z,0.25724,0.25816,0.25694,0.25805,15243480
2025-01-24T12:00:00Z,0.25804,0.25899,0.25730,0.25898,20762699
2025-01-24T13:00:00Z,0.25898,0.25996,0.25856,0.25986,32870310
2025-01-24T14:00:00Z,0.25987,0.26154,0.25934,0.25952,53968002
2025-01-24T15:00:00Z,0.25950,0.25985,0.25700,0.25827,56155134
2025-01-24T16:00:00Z,0.25827,0.25927,0.25777,0.25832,25664221
2025-01-24T17:00:00Z,0.25831,0.25961,0.25782,0.25905,20969349
2025-01-24T18:00:00Z,0.25905,0.25938,0.25853,0.25864,17490529
2025-01-24T19:00:00Z,0.25863,0.25873,0.25678,0.25693,25283147
2025-01-24T20:00:00Z,0.25693,0.25717,0.25501,0.25504,34522484
2025-01-24T21:00:00Z,0.25505,0.25597,0.25500,0.25530,19908994
2025-01-24T22:00:00Z,0.25530,0.25531,0.25405,0.25430,20832337
2025-01-24T23:00:00Z,0.25430,0.25449,0.25365,0.25422,21334957
2025-01-25T00:00:00Z,0.25422,0.25489,0.25372,0.25373,28851045
2025-01-25T01:00:00Z,0.25373,0.25628,0.25360,0.25618,31062868
2025-01-25T02:00:00Z,0.25618,0.25642,0.25565,0.25630,16972853
2025-01-25T03:00:00Z,0.25629,0.25753,0.25578,0.25724,19948877
2025-01-25T04:00:00Z,0.25725,0.25783,0.25621,0.25636,22437230
2025-01-25T05:00:00Z,0.25636,0.25683,0.25570,0.25579,13979476
2025-01-25T06:00:00Z,0.25579,0.25653,0.25511,0.25540,30879738
2025-01-25T07:00:00Z,0.25543,0.25559,0.25489,0.25527,21685923
2025-01-25T08:00:00Z,0.25528,0.25567,0.25483,0.25526,11309491
2025-01-25T09:00:00Z,0.25527,0.25642,0.25518,0.25641,15143934
2025-01-25T10:00:00Z,0.25642,0.25672,0.25431,0.25499,31372310
2025-01-25T11:00:00Z,0.25498,0.25515,0.25414,0.25449,15656868
2025-01-25T12:00:00Z,0.25448,0.25509,0.25422,0.25505,11200894
2025-01-25T13:00:00Z,0.25505,0.25566,0.25444,0.25486,20457677
2025-01-25T14:00:00Z,0.25486,0.25500,0.25423,0.25452,11104632
2025-01-25T15:00:00Z,0.25452,0.25546,0.25448,0.25510,18527757
2025-01-25T16:00:00Z,0.25510,0.25536,0.25352,0.25400,26557532
2025-01-25T17:00:00Z,0.25399,0.25416,0.25307,0.25376,18080703
2025-01-25T18:00:00Z,0.25376,0.25383,0.25316,0.25367,11964607
2025-01-25T19:00:00Z,0.25367,0.25381,0.25324,0.25356,10154823
2025-01-25T20:00:00Z,0.25355,0.25403,0.25332,0.25335,10500140
2025-01-25T21:00:00Z,0.25335,0.25348,0.25282,0.25338,14837038
2025-01-25T22:00:00Z,0.25337,0.25376,0.25337,0.25359,8387593
2025-01-25T23:00:00Z,0.25358,0.25408,0.25317,0.25327,15379677
2025-01-26T00:00:00Z,0.25327,0.25331,0.25233,0.25257,18693729
2025-01-26T01:00:00Z,0.25256,0.25287,0.25165,0.25178,20948885
2025-01-26T02:00:00Z,0.25178,0.25197,0.25119,0.25177,13974065
2025-01-26T03:00:00Z,0.25177,0.25332,0.25165,0.25287,21035673
2025-01-26T04:00:00Z,0.25287,0.25419,0.25265,0.25368,24818925
2025-01-26T05:00:00Z,0.25368,0.25397,0.25332,0.25354,11985416
2025-01-26T06:00:00Z,0.25354,0.25357,0.25294,0.25340,9629792
2025-01-26T07:00:00Z,0.25340,0.25378,0.25281,0.25300,8367530
2025-01-26T08:00:00Z,0.25301,0.25301,0.25165,0.25209,16484874
2025-01-26T09:00:00Z,0.25208,0.25268,0.25044,0.25066,28939535
2025-01-26T10:00:00Z,0.25066,0.25109,0.25036,0.25107,13465873
2025-01-26T11:00:00Z,0.25106,0.25192,0.25100,0.25172,15517809
2025-01-26T12:00:00Z,0.25171,0.25171,0.25106,0.25144,7316103
2025-01-26T13:00:00Z,0.25145,0.25159,0.25075,0.25122,11542258
2025-01-26T14:00:00Z,0.25123,0.25157,0.25057,0.25143,9956998
2025-01-26T15:00:00Z,0.25144,0.25231,0.25101,0.25117,14608396
2025-01-26T16:00:00Z,0.25117,0.25141,0.25081,0.25107,8145544
2025-01-26T17:00:00Z,0.25107,0.25244,0.25107,0.25240,11680469
2025-01-26T18:00:00Z,0.25241,0.25293,0.25219,0.25226,13827265
2025-01-26T19:00:00Z,0.25226,0.25235,0.25183,0.25219,7247723
2025-01-26T20:00:00Z,0.25218,0.25234,0.25165,0.25184,9965406
2025-01-26T21:00:00Z,0.25185,0.25187,0.25045,0.25060,21297486
2025-01-26T22:00:00Z,0.25060,0.25103,0.25007,0.25027,16111069
2025-01-26T23:00:00Z,0.25027,0.25027,0.24593,0.24598,86938048
2025-01-27T00:00:00Z,0.24599,0.24689,0.24407,0.24457,68379952
2025-01-27T01:00:00Z,0.24457,0.24493,0.24238,0.24289,55725343
2025-01-27T02:00:00Z,0.24290,0.24296,0.24084,0.24161,45235971
2025-01-27T03:00:00Z,0.24160,0.24358,0.24124,0.24319,34815043
2025-01-27T04:00:00Z,0.24319,0.24320,0.24119,0.24136,25204779
2025-01-27T05:00:00Z,0.24137,0.24174,0.23922,0.24010,31262899
2025-01-27T06:00:00Z,0.24011,0.24133,0.23629,0.23637,57102998
2025-01-27T07:00:00Z,0.23637,0.23710,0.23199,0.23554,100177068
2025-01-27T08:00:00Z,0.23554,0.23657,0.23352,0.23548,58136579
2025-01-27T09:00:00Z,0.23547,0.23871,0.23495,0.23858,57487978
2025-01-27T10:00:00Z,0.23855,0.23855,0.23518,0.23628,44027831
2025-01-27T11:00:00Z,0.23629,0.23876,0.23629,0.23770,33054331
2025-01-27T12:00:00Z,0.23771,0.24126,0.23741,0.24096,46481412
2025-01-27T13:00:00Z,0.24098,0.24322,0.24053,0.24137,58787606
2025-01-27T14:00:00Z,0.24137,0.24409,0.24123,0.24389,45432221
2025-01-27T15:00:00Z,0.24389,0.24470,0.24302,0.24427,34642963
2025-01-27T16:00:00Z,0.24428,0.24523,0.24260,0.24282,52725453
2025-01-27T17:00:00Z,0.24283,0.24418,0.24116,0.24205,55491911
2025-01-27T18:00:00Z,0.24205,0.24317,0.24112,0.24142,29350933
2025-01-27T19:00:00Z,0.24142,0.24325,0.24141,0.24316,23787881
2025-01-27T20:00:00Z,0.24315,0.24554,0.24314,0.24540,33120818
2025-01-27T21:00:00Z,0.24539,0.24664,0.24501,0.24535,33800538
2025-01-27T22:00:00Z,0.24535,0.24622,0.24530,0.24591,13201635
2025-01-27T23:00:00Z,0.24591,0.24649,0.24585,0.24647,12255849
2025-01-28T00:00:00Z,0.24648,0.24692,0.24532,0.24551,19864309
2025-01-28T01:00:00Z,0.24551,0.24564,0.24446,0.24470,16552439
2025-01-28T02:00:00Z,0.24467,0.24682,0.24466,0.24682,16802675
2025-01-28T03:00:00Z,0.24682,0.24718,0.24625,0.24632,17478542
2025-01-28T04:00:00Z,0.24632,0.24718,0.24620,0.24681,12187720
2025-01-28T05:00:00Z,0.24680,0.24774,0.24680,0.24727,16696302
2025-01-28T06:00:00Z,0.24727,0.24761,0.24683,0.24704,14252165
2025-01-28T07:00:00Z,0.24703,0.24805,0.24667,0.24746,16879779
2025-01-28T08:00:00Z,0.24746,0.24752,0.24649,0.24713,20561799
2025-01-28T09:00:00Z,0.24712,0.24727,0.24643,0.24703,12444421
2025-01-28T10:00:00Z,0.24703,0.24807,0.24695,0.24755,13518920
2025-01-28T11:00:00Z,0.24756,0.24833,0.24674,0.24709,16220237
2025-01-28T12:00:00Z,0.24710,0.24743,0.24530,0.24541,21525469
2025-01-28T13:00:00Z,0.24542,0.24615,0.24530,0.24564,17888813
2025-01-28T14:00:00Z,0.24565,0.24583,0.24459,0.24547,31124865
2025-01-28T15:00:00Z,0.24547,0.24689,0.24547,0.24612,26447978
2025-01-28T16:00:00Z,0.24612,0.24618,0.24372,0.24415,29618662
2025-01-28T17:00:00Z,0.24414,0.24493,0.24409,0.24453,16610863
2025-01-28T18:00:00Z,0.24454,0.24506,0.24339,0.24348,14424420
2025-01-28T19:00:00Z,0.24347,0.24365,0.24276,0.24355,14955543
2025-01-28T20:00:00Z,0.24356,0.24394,0.24155,0.24160,19698445
2025-01-28T21:00:00Z,0.24161,0.24218,0.23872,0.23877,35659556
2025-01-28T22:00:00Z,0.23876,0.23994,0.23824,0.23979,34305016
2025-01-28T23:00:00Z,0.23980,0.24064,0.23907,0.23975,28861718
2025-01-29T00:00:00Z,0.23975,0.24268,0.23962,0.24230,39644845
2025-01-29T01:00:00Z,0.24231,0.24299,0.24223,0.24225,12918010
2025-01-29T02:00:00Z,0.24225,0.24293,0.24194,0.24205,14507101
2025-01-29T03:00:00Z,0.24205,0.24224,0.24141,0.24214,18529220
2025-01-29T04:00:00Z,0.24214,0.24269,0.24177,0.24230,10700536
2025-01-29T05:00:00Z,0.24230,0.24250,0.24181,0.24204,7537667
2025-01-29T06:00:00Z,0.24205,0.24289,0.24201,0.24282,10481155
2025-01-29T07:00:00Z,0.24282,0.24346,0.24233,0.24333,11065244
2025-01-29T08:00:00Z,0.24333,0.24378,0.24274,0.24278,13001989
2025-01-29T09:00:00Z,0.24277,0.24279,0.24159,0.24165,19336207
2025-01-29T10:00:00Z,0.24164,0.24195,0.24117,0.24146,14819430
2025-01-29T11:00:00Z,0.24145,0.24187,0.24101,0.24111,13211614
2025-01-29T12:00:00Z,0.24111,0.24124,0.23986,0.23990,25561719
2025-01-29T13:00:00Z,0.23990,0.23991,0.23746,0.23803,41974439
2025-01-29T14:00:00Z,0.23801,0.23881,0.23724,0.23795,21076330
2025-01-29T15:00:00Z,0.23796,0.23909,0.23783,0.23808,15323959
2025-01-29T16:00:00Z,0.23808,0.23839,0.23684,0.23796,17395181
2025-01-29T17:00:00Z,0.23796,0.23988,0.23787,0.23885,21322539
2025-01-29T18:00:00Z,0.23886,0.24000,0.23777,0.23970,15715204
2025-01-29T19:00:00Z,0.23970,0.24092,0.23566,0.23997,90747028
2025-01-29T20:00:00Z,0.23996,0.24275,0.23865,0.24169,64412699
2025-01-29T21:00:00Z,0.24168,0.24245,0.24088,0.24155,28027638
2025-01-29T22:00:00Z,0.24154,0.24190,0.24050,0.24114,20757851
2025-01-29T23:00:00Z,0.24113,0.24139,0.23988,0.23996,20296437
2025-01-30T00:00:00Z,0.23997,0.24084,0.23885,0.24074,17390784
2025-01-30T01:00:00Z,0.24073,0.24254,0.24055,0.24230,21744490
2025-01-30T02:00:00Z,0.24230,0.24344,0.24164,0.24344,19111889
2025-01-30T03:00:00Z,0.24343,0.24587,0.24318,0.24581,39203361
2025-01-30T04:00:00Z,0.24581,0.24638,0.24558,0.24606,16290480
2025-01-30T05:00:00Z,0.24607,0.24610,0.24464,0.24523,10605960
2025-01-30T06:00:00Z,0.24524,0.24668,0.24517,0.24627,15854493
2025-01-30T07:00:00Z,0.24628,0.24640,0.24524,0.24594,17016118
2025-01-30T08:00:00Z,0.24595,0.24670,0.24518,0.24655,12635754
2025-01-30T09:00:00Z,0.24654,0.24792,0.24654,0.24790,22211010
2025-01-30T10:00:00Z,0.24790,0.24798,0.24723,0.24774,11592512
2025-01-30T11:00:00Z,0.24775,0.24862,0.24723,0.24854,14391402
2025-01-30T12:00:00Z,0.24855,0.24870,0.24766,0.24819,26887168
2025-01-30T13:00:00Z,0.24820,0.24907,0.24765,0.24904,22945165
2025-01-30T14:00:00Z,0.24904,0.25071,0.24882,0.25046,30014372
2025-01-30T15:00:00Z,0.25046,0.25090,0.24989,0.25041,20803704
2025-01-30T16:00:00Z,0.25043,0.25191,0.25042,0.25189,18839917
2025-01-30T17:00:00Z,0.25189,0.25195,0.25124,0.25165,21257290
2025-01-30T18:00:00Z,0.25165,0.25197,0.25088,0.25196,19823008
2025-01-30T19:00:00Z,0.25196,0.25272,0.25195,0.25235,23537569
2025-01-30T20:00:00Z,0.25235,0.25250,0.25050,0.25063,24401942
2025-01-30T21:00:00Z,0.25062,0.25183,0.25061,0.25176,14811703
2025-01-30T22:00:00Z,0.25177,0.25288,0.25173,0.25206,16866369
2025-01-30T23:00:00Z,0.25205,0.25263,0.25101,0.25186,24237415
2025-01-31T00:00:00Z,0.25185,0.25287,0.25104,0.25287,37629687
2025-01-31T01:00:00Z,0.25286,0.25371,0.25282,0.25369,28385394
2025-01-31T02:00:00Z,0.25370,0.25423,0.25290,0.25296,20468704
2025-01-31T03:00:00Z,0.25295,0.25321,0.25115,0.25182,32948820
2025-01-31T04:00:00Z,0.25181,0.25189,0.25093,0.25126,17222865
2025-01-31T05:00:00Z,0.25126,0.25302,0.25106,0.25298,28597821
2025-01-31T06:00:00Z,0.25297,0.25469,0.25286,0.25469,27236183
2025-01-31T07:00:00Z,0.25469,0.25500,0.25343,0.25369,23444803
2025-01-31T08:00:00Z,0.25369,0.25413,0.25331,0.25366,16394940
2025-01-31T09:00:00Z,0.25366,0.25527,0.25365,0.25500,20274800
2025-01-31T10:00:00Z,0.25500,0.25504,0.25428,0.25471,11753538
2025-01-31T11:00:00Z,0.25470,0.25501,0.25412,0.25433,21028113
2025-01-31T12:00:00Z,0.25433,0.25539,0.25386,0.25507,29181330
2025-01-31T13:00:00Z,0.25507,0.25577,0.25506,0.25570,24199150
2025-01-31T14:00:00Z,0.25570,0.25817,0.25555,0.25783,65733264
2025-01-31T15:00:00Z,0.25784,0.25785,0.25668,0.25776,24358158
2025-01-31T16:00:00Z,0.25777,0.25811,0.25693,0.25760,21976426
2025-01-31T17:00:00Z,0.25760,0.25769,0.25650,0.25675,18520201
2025-01-31T18:00:00Z,0.25675,0.25715,0.25372,0.25385,59715941
2025-01-31T19:00:00Z,0.25385,0.25445,0.25357,0.25421,17514266
2025-01-31T20:00:00Z,0.25421,0.25421,0.25288,0.25388,26420674
2025-01-31T21:00:00Z,0.25388,0.25448,0.25332,0.25448,17164927
2025-01-31T22:00:00Z,0.25449,0.25451,0.25371,0.25436,12955865
2025-01-31T23:00:00Z,0.25435,0.25435,0.25341,0.25361,12142504
2025-02-01T00:00:00Z,0.25361,0.25483,0.25303,0.25463,19912952
2025-02-01T01:00:00Z,0.25462,0.25557,0.25448,0.25511,18427159
2025-02-01T02:00:00Z,0.25510,0.25616,0.25500,0.25593,17715367
2025-02-01T03:00:00Z,0.25594,0.25634,0.25494,0.25534,23145330
2025-02-01T04:00:00Z,0.25534,0.25562,0.25483,0.25513,10233664
2025-02-01T05:00:00Z,0.25513,0.25603,0.25511,0.25597,11780456
2025-02-01T06:00:00Z,0.25597,0.25638,0.25555,0.25637,12487242
2025-02-01T07:00:00Z,0.25637,0.25656,0.25502,0.25522,20630674
2025-02-01T08:00:00Z,0.25521,0.25529,0.25375,0.25429,29984498
2025-02-01T09:00:00Z,0.25429,0.25442,0.25052,0.25194,39955762
2025-02-01T10:00:00Z,0.25194,0.25316,0.25181,0.25211,20958161
2025-02-01T11:00:00Z,0.25211,0.25433,0.25211,0.25420,22622826
2025-02-01T12:00:00Z,0.25421,0.25522,0.25366,0.25488,19578981
2025-02-01T13:00:00Z,0.25487,0.25506,0.25329,0.25350,15312001
2025-02-01T14:00:00Z,0.25350,0.25402,0.25309,0.25344,14551532
2025-02-01T15:00:00Z,0.25345,0.25392,0.25291,0.25384,15580948
2025-02-01T16:00:00Z,0.25385,0.25408,0.25184,0.25203,25302826
2025-02-01T17:00:00Z,0.25202,0.25290,0.25198,0.25247,15607931
2025-02-01T18:00:00Z,0.25248,0.25265,0.25135,0.25145,16196856
2025-02-01T19:00:00Z,0.25146,0.25149,0.24914,0.24931,38548846
2025-02-01T20:00:00Z,0.24931,0.24932,0.24763,0.24825,30337574
2025-02-01T21:00:00Z,0.24825,0.24929,0.24732,0.24736,27460623
2025-02-01T22:00:00Z,0.24736,0.24777,0.24464,0.24504,49310245
2025-02-01T23:00:00Z,0.24503,0.24521,0.24369,0.24406,30298994
2025-02-02T00:00:00Z,0.24407,0.24604,0.24383,0.24562,46807835
2025-02-02T01:00:00Z,0.24562,0.24624,0.24524,0.24556,15301014
2025-02-02T02:00:00Z,0.24556,0.24557,0.24286,0.24287,36344495
2025-02-02T03:00:00Z,0.24288,0.24304,0.23994,0.24000,59544681
2025-02-02T04:00:00Z,0.24001,0.24183,0.23973,0.24085,31022290
2025-02-02T05:00:00Z,0.24085,0.24251,0.24070,0.24238,23648099
2025-02-02T06:00:00Z,0.24237,0.24321,0.24203,0.24215,19297265
2025-02-02T07:00:00Z,0.24216,0.24243,0.24096,0.24132,18684804
2025-02-02T08:00:00Z,0.24133,0.24324,0.24110,0.24298,23907568
2025-02-02T09:00:00Z,0.24298,0.24348,0.24238,0.24300,21757838
2025-02-02T10:00:00Z,0.24299,0.24299,0.24125,0.24196,19287600
2025-02-02T11:00:00Z,0.24195,0.24221,0.23923,0.23932,37766015
2025-02-02T12:00:00Z,0.23933,0.24063,0.23752,0.23758,36948784
2025-02-02T13:00:00Z,0.23758,0.24039,0.23758,0.24009,33654014
2025-02-02T14:00:00Z,0.24008,0.24085,0.23969,0.23973,24368177
2025-02-02T15:00:00Z,0.23974,0.23974,0.23763,0.23903,40426753
2025-02-02T16:00:00Z,0.23904,0.23905,0.23290,0.23394,75521757
2025-02-02T17:00:00Z,0.23399,0.23473,0.22859,0.22955,129786584
2025-02-02T18:00:00Z,0.22957,0.23086,0.22618,0.22672,136026421
2025-02-02T19:00:00Z,0.22672,0.23080,0.22551,0.23002,137823161
2025-02-02T20:00:00Z,0.23006,0.23263,0.22834,0.22899,70471648
2025-02-02T21:00:00Z,0.22900,0.22954,0.22613,0.22664,53678852
2025-02-02T22:00:00Z,0.22664,0.22861,0.22091,0.22521,113639867
2025-02-02T23:00:00Z,0.22521,0.22550,0.22199,0.22547,109822733
2025-02-03T00:00:00Z,0.22548,0.22554,0.21797,0.22116,182667275
2025-02-03T01:00:00Z,0.22117,0.22180,0.20292,0.20867,302490773
2025-02-03T02:00:00Z,0.20868,0.20895,0.19887,0.20493,324774450
2025-02-03T03:00:00Z,0.20495,0.21551,0.20474,0.21424,119814035
2025-02-03T04:00:00Z,0.21427,0.21546,0.20941,0.20999,79806102
2025-02-03T05:00:00Z,0.21000,0.21883,0.20979,0.21882,73966893
2025-02-03T06:00:00Z,0.21881,0.22057,0.21691,0.22047,56152415
2025-02-03T07:00:00Z,0.22047,0.22252,0.22018,0.22248,35707227
2025-02-03T08:00:00Z,0.22247,0.22247,0.21869,0.22060,58773172
2025-02-03T09:00:00Z,0.22058,0.22179,0.22007,0.22039,44738820
2025-02-03T10:00:00Z,0.22042,0.22329,0.22023,0.22314,39988433
2025-02-03T11:00:00Z,0.22315,0.22326,0.22206,0.22232,25882849
2025-02-03T12:00:00Z,0.22232,0.22401,0.21953,0.22045,86093687
2025-02-03T13:00:00Z,0.22046,0.22158,0.21655,0.21815,110489774
2025-02-03T14:00:00Z,0.21815,0.22148,0.21499,0.22104,173638913
2025-02-03T15:00:00Z,0.22104,0.22626,0.22047,0.22526,133442753
2025-02-03T16:00:00Z,0.22530,0.22723,0.22464,0.22560,75684589
2025-02-03T17:00:00Z,0.22561,0.22617,0.22423,0.22606,48392321
2025-02-03T18:00:00Z,0.22605,0.22703,0.22528,0.22698,22452181
2025-02-03T19:00:00Z,0.22698,0.22885,0.22659,0.22879,30704943
2025-02-03T20:00:00Z,0.22879,0.22887,0.22583,0.22636,49486999
2025-02-03T21:00:00Z,0.22637,0.22876,0.22623,0.22871,28860079
2025-02-03T22:00:00Z,0.22872,0.23002,0.22818,0.22937,43533945
2025-02-03T23:00:00Z,0.22936,0.22959,0.22816,0.22854,21573737
2025-02-04T00:00:00Z,0.22853,0.22941,0.22804,0.22809,29616188
2025-02-04T01:00:00Z,0.22810,0.22884,0.22790,0.22837,22431764
2025-02-04T02:00:00Z,0.22836,0.22856,0.22680,0.22693,23787113
2025-02-04T03:00:00Z,0.22693,0.22709,0.22503,0.22560,39316684
2025-02-04T04:00:00Z,0.22561,0.22629,0.22487,0.22513,23636118
2025-02-04T05:00:00Z,0.22512,0.22518,0.21720,0.21794,151229150
2025-02-04T06:00:00Z,0.21794,0.22151,0.21776,0.22151,63196057
2025-02-04T07:00:00Z,0.22152,0.22154,0.21572,0.21661,75395213
2025-02-04T08:00:00Z,0.21661,0.21833,0.21565,0.21672,54468203
2025-02-04T09:00:00Z,0.21672,0.21914,0.21661,0.21788,38755965
2025-02-04T10:00:00Z,0.21787,0.22246,0.21776,0.22179,83495139
2025-02-04T11:00:00Z,0.22178,0.22312,0.22163,0.22223,34008683
2025-02-04T12:00:00Z,0.22225,0.22403,0.22219,0.22385,35649193
2025-02-04T13:00:00Z,0.22385,0.22472,0.22232,0.22274,49528346
2025-02-04T14:00:00Z,0.22275,0.22511,0.22149,0.22448,78874096
2025-02-04T15:00:00Z,0.22447,0.22496,0.22212,0.22368,75735604
2025-02-04T16:00:00Z,0.22368,0.22517,0.22301,0.22492,31232463
2025-02-04T17:00:00Z,0.22493,0.22633,0.22448,0.22578,38996584
2025-02-04T18:00:00Z,0.22578,0.22767,0.22540,0.22757,27520263
2025-02-04T19:00:00Z,0.22757,0.22873,0.22482,0.22495,62122443
2025-02-04T20:00:00Z,0.22495,0.22589,0.22363,0.22461,82540756
2025-02-04T21:00:00Z,0.22463,0.22466,0.22095,0.22131,78299889
2025-02-04T22:00:00Z,0.22130,0.22307,0.22119,0.22297,34054041
2025-02-04T23:00:00Z,0.22297,0.22471,0.22287,0.22436,35424154
2025-02-05T00:00:00Z,0.22437,0.22459,0.22346,0.22407,24570418
2025-02-05T01:00:00Z,0.22407,0.22511,0.22359,0.22377,25688165
2025-02-05T02:00:00Z,0.22378,0.22527,0.22322,0.22497,27720776
2025-02-05T03:00:00Z,0.22498,0.22543,0.22463,0.22484,18155994
2025-02-05T04:00:00Z,0.22484,0.22504,0.22236,0.22279,22982755
2025-02-05T05:00:00Z,0.22279,0.22456,0.22241,0.22443,23179793
2025-02-05T06:00:00Z,0.22442,0.22489,0.22344,0.22381,28412146
2025-02-05T07:00:00Z,0.22382,0.22517,0.22351,0.22501,17465263
2025-02-05T08:00:00Z,0.22500,0.22578,0.22490,0.22557,20365589
2025-02-05T09:00:00Z,0.22557,0.22636,0.22457,0.22510,26110945
2025-02-05T10:00:00Z,0.22510,0.22635,0.22496,0.22598,15830492
2025-02-05T11:00:00Z,0.22598,0.22680,0.22585,0.22666,14472132
2025-02-05T12:00:00Z,0.22666,0.22713,0.22523,0.22548,22649207
2025-02-05T13:00:00Z,0.22548,0.22604,0.22512,0.22598,16032514
2025-02-05T14:00:00Z,0.22598,0.22618,0.22380,0.22406,26110553
2025-02-05T15:00:00Z,0.22407,0.22532,0.22309,0.22466,35713619
2025-02-05T16:00:00Z,0.22467,0.22509,0.22320,0.22464,33353256
2025-02-05T17:00:00Z,0.22466,0.22510,0.22246,0.22270,30831769
2025-02-05T18:00:00Z,0.22272,0.22309,0.22133,0.22182,41786896
2025-02-05T19:00:00Z,0.22181,0.22319,0.22147,0.22313,16616736
2025-02-05T20:00:00Z,0.22314,0.22352,0.22173,0.22239,22603248
2025-02-05T21:00:00Z,0.22239,0.22310,0.22220,0.22257,10995011
2025-02-05T22:00:00Z,0.22255,0.22300,0.22131,0.22157,20633396
2025-02-05T23:00:00Z,0.22157,0.22265,0.22152,0.22230,16194941
2025-02-06T00:00:00Z,0.22229,0.22320,0.22164,0.22165,21951248
2025-02-06T01:00:00Z,0.22165,0.22267,0.22112,0.22254,28787248
2025-02-06T02:00:00Z,0.22254,0.22456,0.22237,0.22434,24781838
2025-02-06T03:00:00Z,0.22434,0.22487,0.22374,0.22456,19689819
2025-02-06T04:00:00Z,0.22455,0.22572,0.22453,0.22553,16756291
2025-02-06T05:00:00Z,0.22553,0.22658,0.22545,0.22601,18174605
2025-02-06T06:00:00Z,0.22601,0.22757,0.22598,0.22729,32598249
2025-02-06T07:00:00Z,0.22729,0.22734,0.22637,0.22659,18052251
2025-02-06T08:00:00Z,0.22659,0.22696,0.22573,0.22672,17047104
2025-02-06T09:00:00Z,0.22672,0.22819,0.22654,0.22801,21137801
2025-02-06T10:00:00Z,0.22801,0.22922,0.22749,0.22898,43122275
2025-02-06T11:00:00Z,0.22897,0.23280,0.22885,0.23208,77242379
2025-02-06T12:00:00Z,0.23208,0.23235,0.22934,0.22951,55569228
2025-02-06T13:00:00Z,0.22953,0.23155,0.22901,0.22944,47506527
2025-02-06T14:00:00Z,0.22945,0.22986,0.22780,0.22841,39441741
2025-02-06T15:00:00Z,0.22845,0.22891,0.22618,0.22681,54633156
2025-02-06T16:00:00Z,0.22680,0.22869,0.22671,0.22845,48608003
2025-02-06T17:00:00Z,0.22844,0.22853,0.22761,0.22771,23748467
2025-02-06T18:00:00Z,0.22770,0.22840,0.22698,0.22778,27770799
2025-02-06T19:00:00Z,0.22779,0.22872,0.22700,0.22801,31310388
2025-02-06T20:00:00Z,0.22802,0.23044,0.22780,0.23028,36876654
2025-02-06T21:00:00Z,0.23029,0.23080,0.22885,0.22993,29731361
2025-02-06T22:00:00Z,0.22994,0.23176,0.22883,0.23175,31211847
2025-02-06T23:00:00Z,0.23176,0.23233,0.23061,0.23148,36765806
2025-02-07T00:00:00Z,0.23148,0.23323,0.23148,0.23152,34113430
2025-02-07T01:00:00Z,0.23154,0.23356,0.23087,0.23284,31041347
2025-02-07T02:00:00Z,0.23284,0.23456,0.23271,0.23376,30360768
2025-02-07T03:00:00Z,0.23375,0.23405,0.23181,0.23308,21457105
2025-02-07T04:00:00Z,0.23308,0.23382,0.23217,0.23249,17907523
2025-02-07T05:00:00Z,0.23250,0.23273,0.23008,0.23040,24539771
2025-02-07T06:00:00Z,0.23040,0.23048,0.22766,0.22815,40631245
2025-02-07T07:00:00Z,0.22813,0.22872,0.22716,0.22767,33276853
2025-02-07T08:00:00Z,0.22767,0.22838,0.22714,0.22798,27097572
2025-02-07T09:00:00Z,0.22798,0.22886,0.22767,0.22792,27495813
2025-02-07T10:00:00Z,0.22792,0.22810,0.22726,0.22776,22957823
2025-02-07T11:00:00Z,0.22775,0.22865,0.22757,0.22840,21623089
2025-02-07T12:00:00Z,0.22840,0.22978,0.22812,0.22948,22455966
2025-02-07T13:00:00Z,0.22949,0.23077,0.22771,0.23072,42801140
2025-02-07T14:00:00Z,0.23072,0.23244,0.23042,0.23171,49401902
2025-02-07T15:00:00Z,0.23170,0.23176,0.22894,0.23099,55777209
2025-02-07T16:00:00Z,0.23100,0.23336,0.23016,0.23186,37857902
2025-02-07T17:00:00Z,0.23185,0.23284,0.23054,0.23238,26491095
2025-02-07T18:00:00Z,0.23238,0.23482,0.23217,0.23382,24100907
2025-02-07T19:00:00Z,0.23383,0.23452,0.23252,0.23297,20424709
2025-02-07T20:00:00Z,0.23296,0.23306,0.22901,0.22920,42527786
2025-02-07T21:00:00Z,0.22922,0.22998,0.22838,0.22879,24070284
2025-02-07T22:00:00Z,0.22880,0.22886,0.22762,0.22880,26004887
2025-02-07T23:00:00Z,0.22881,0.23001,0.22840,0.22992,16899892
2025-02-08T00:00:00Z,0.22992,0.23189,0.22976,0.23148,28088297
2025-02-08T01:00:00Z,0.23148,0.23152,0.22860,0.22891,27633081
2025-02-08T02:00:00Z,0.22891,0.22964,0.22867,0.22912,15736156
2025-02-08T03:00:00Z,0.22912,0.22936,0.22834,0.22882,13366495
2025-02-08T04:00:00Z,0.22882,0.22951,0.22874,0.22951,9988443
2025-02-08T05:00:00Z,0.22951,0.22962,0.22872,0.22918,8346544
2025-02-08T06:00:00Z,0.22919,0.23272,0.22899,0.23253,30397680
2025-02-08T07:00:00Z,0.23252,0.23261,0.23024,0.23218,27771307
2025-02-08T08:00:00Z,0.23218,0.23385,0.23190,0.23322,19617715
2025-02-08T09:00:00Z,0.23322,0.23444,0.23089,0.23120,25233042
2025-02-08T10:00:00Z,0.23121,0.23305,0.23110,0.23300,37584857
2025-02-08T11:00:00Z,0.23301,0.23406,0.23289,0.23293,32171743
2025-02-08T12:00:00Z,0.23293,0.23356,0.23217,0.23280,19900005
2025-02-08T13:00:00Z,0.23280,0.23323,0.23171,0.23191,17844827
2025-02-08T14:00:00Z,0.23190,0.23234,0.23064,0.23117,18576349
2025-02-08T15:00:00Z,0.23118,0.23153,0.22905,0.23031,33586423
2025-02-08T16:00:00Z,0.23031,0.23049,0.22967,0.23008,11664532
2025-02-08T17:00:00Z,0.23009,0.23121,0.23008,0.23108,12851880
2025-02-08T18:00:00Z,0.23109,0.23222,0.23065,0.23207,13551056
2025-02-08T19:00:00Z,0.23207,0.23212,0.23083,0.23143,11000261
2025-02-08T20:00:00Z,0.23144,0.23184,0.23083,0.23177,8055088
2025-02-08T21:00:00Z,0.23177,0.23294,0.23135,0.23226,13942218
2025-02-08T22:00:00Z,0.23226,0.23284,0.23225,0.23277,10912751
2025-02-08T23:00:00Z,0.23276,0.23293,0.23110,0.23110,10873070
2025-02-09T00:00:00Z,0.23110,0.23189,0.23070,0.23170,17796022
2025-02-09T01:00:00Z,0.23170,0.23206,0.23096,0.23148,12716863
2025-02-09T02:00:00Z,0.23146,0.23224,0.23130,0.23158,11983798
2025-02-09T03:00:00Z,0.23159,0.23448,0.23132,0.23423,24110680
2025-02-09T04:00:00Z,0.23423,0.23426,0.23316,0.23324,12114214
2025-02-09T05:00:00Z,0.23323,0.23381,0.23209,0.23363,12467700
2025-02-09T06:00:00Z,0.23363,0.23485,0.23353,0.23354,23715556
2025-02-09T07:00:00Z,0.23354,0.23549,0.23331,0.23546,18022780
2025-02-09T08:00:00Z,0.23546,0.23746,0.23511,0.23598,30621587
2025-02-09T09:00:00Z,0.23598,0.23661,0.23547,0.23580,15268281
2025-02-09T10:00:00Z,0.23581,0.23593,0.23452,0.23455,12206776
2025-02-09T11:00:00Z,0.23454,0.23546,0.23307,0.23496,31088573
2025-02-09T12:00:00Z,0.23497,0.23641,0.23485,0.23568,15943547
2025-02-09T13:00:00Z,0.23568,0.23575,0.23428,0.23436,17030730
2025-02-09T14:00:00Z,0.23435,0.23650,0.23420,0.23565,20084379
2025-02-09T15:00:00Z,0.23565,0.23718,0.23558,0.23669,20759190
2025-02-09T16:00:00Z,0.23670,0.23713,0.23612,0.23676,13168935
2025-02-09T17:00:00Z,0.23676,0.23764,0.23577,0.23577,21475400
2025-02-09T18:00:00Z,0.23577,0.23666,0.23497,0.23637,14328342
2025-02-09T19:00:00Z,0.23638,0.23687,0.23507,0.23557,13573578
2025-02-09T20:00:00Z,0.23556,0.23706,0.23550,0.23569,12866084
2025-02-09T21:00:00Z,0.23570,0.23581,0.23096,0.23178,44581686
2025-02-09T22:00:00Z,0.23177,0.23408,0.23134,0.23361,32261077
2025-02-09T23:00:00Z,0.23360,0.23485,0.23175,0.23210,24687229
2025-02-10T00:00:00Z,0.23211,0.23355,0.23141,0.23237,27004004
2025-02-10T01:00:00Z,0.23237,0.23237,0.22784,0.22827,49601543
2025-02-10T02:00:00Z,0.22827,0.22920,0.22761,0.22892,26155885
2025-02-10T03:00:00Z,0.22894,0.23162,0.22855,0.23062,40016114
2025-02-10T04:00:00Z,0.23063,0.23205,0.23018,0.23106,15654532
2025-02-10T05:00:00Z,0.23106,0.23356,0.23059,0.23148,31153606
2025-02-10T06:00:00Z,0.23148,0.23241,0.23114,0.23199,15742427
2025-02-10T07:00:00Z,0.23198,0.23417,0.23176,0.23416,22033736
2025-02-10T08:00:00Z,0.23416,0.23754,0.23416,0.23730,50754293
2025-02-10T09:00:00Z,0.23730,0.23833,0.23598,0.23779,34198609
2025-02-10T10:00:00Z,0.23779,0.23890,0.23710,0.23846,23180113
2025-02-10T11:00:00Z,0.23846,0.23873,0.23681,0.23817,18818917
2025-02-10T12:00:00Z,0.23818,0.23878,0.23704,0.23786,22704050
2025-02-10T13:00:00Z,0.23787,0.23826,0.23596,0.23772,30078962
2025-02-10T14:00:00Z,0.23773,0.23817,0.23637,0.23777,26794414
2025-02-10T15:00:00Z,0.23777,0.23945,0.23777,0.23915,20396344
2025-02-10T16:00:00Z,0.23914,0.24074,0.23909,0.24050,25732290
2025-02-10T17:00:00Z,0.24051,0.24126,0.24034,0.24123,16472613
2025-02-10T18:00:00Z,0.24124,0.24274,0.24123,0.24198,23255227
2025-02-10T19:00:00Z,0.24197,0.24395,0.24184,0.24307,20393245
2025-02-10T20:00:00Z,0.24307,0.24524,0.24304,0.24494,27467468
2025-02-10T21:00:00Z,0.24494,0.24609,0.24475,0.24535,22852080
2025-02-10T22:00:00Z,0.24536,0.24609,0.24423,0.24532,21701276
2025-02-10T23:00:00Z,0.24531,0.24679,0.24521,0.24616,20155256
2025-02-11T00:00:00Z,0.24616,0.24720,0.24592,0.24640,24000699
2025-02-11T01:00:00Z,0.24641,0.24763,0.24629,0.24756,30656554
2025-02-11T02:00:00Z,0.24755,0.24843,0.24718,0.24729,28015264
2025-02-11T03:00:00Z,0.24728,0.24783,0.24707,0.24739,14391460
2025-02-11T04:00:00Z,0.24740,0.24828,0.24522,0.24531,25896540
2025-02-11T05:00:00Z,0.24531,0.24619,0.24514,0.24564,20170809
2025-02-11T06:00:00Z,0.24564,0.24585,0.24481,0.24559,14970542
2025-02-11T07:00:00Z,0.24559,0.24694,0.24558,0.24668,18032053
2025-02-11T08:00:00Z,0.24668,0.24710,0.24610,0.24644,15763235
2025-02-11T09:00:00Z,0.24644,0.24647,0.24459,0.24483,20773422
2025-02-11T10:00:00Z,0.24483,0.24650,0.24456,0.24644,21044709
2025-02-11T11:00:00Z,0.24644,0.24911,0.24643,0.24832,41585874
2025-02-11T12:00:00Z,0.24833,0.24879,0.24715,0.24772,28303955
2025-02-11T13:00:00Z,0.24771,0.24852,0.24408,0.24445,36939201
2025-02-11T14:00:00Z,0.24445,0.24567,0.24430,0.24483,19760809
2025-02-11T15:00:00Z,0.24482,0.24563,0.24460,0.24539,14259985
2025-02-11T16:00:00Z,0.24539,0.24563,0.24401,0.24466,18598510
2025-02-11T17:00:00Z,0.24466,0.24466,0.24340,0.24370,16804188
2025-02-11T18:00:00Z,0.24370,0.24370,0.24146,0.24180,23190702
2025-02-11T19:00:00Z,0.24180,0.24214,0.23984,0.24059,32566263
2025-02-11T20:00:00Z,0.24058,0.24204,0.24031,0.24124,19609652
2025-02-11T21:00:00Z,0.24124,0.24301,0.24124,0.24278,15027577
2025-02-11T22:00:00Z,0.24278,0.24300,0.24096,0.24113,14428453
2025-02-11T23:00:00Z,0.24113,0.24149,0.24078,0.24078,9697072
2025-02-12T00:00:00Z,0.24079,0.24110,0.24010,0.24072,21652277
2025-02-12T01:00:00Z,0.24072,0.24096,0.23978,0.24033,13356735
2025-02-12T02:00:00Z,0.24032,0.24126,0.23988,0.24004,14136029
2025-02-12T03:00:00Z,0.24005,0.24006,0.23885,0.23890,16849907
2025-02-12T04:00:00Z,0.23890,0.23915,0.23555,0.23623,30073625
2025-02-12T05:00:00Z,0.23624,0.23807,0.23605,0.23794,18705118
2025-02-12T06:00:00Z,0.23794,0.23856,0.23741,0.23815,19717021
2025-02-12T07:00:00Z,0.23815,0.23984,0.23776,0.23927,16634487
2025-02-12T08:00:00Z,0.23927,0.24141,0.23915,0.24102,31169907
2025-02-12T09:00:00Z,0.24103,0.24209,0.24055,0.24184,18372396
2025-02-12T10:00:00Z,0.24184,0.24288,0.24140,0.24200,30492963
2025-02-12T11:00:00Z,0.24199,0.24337,0.24198,0.24274,21956224
2025-02-12T12:00:00Z,0.24273,0.24464,0.24273,0.24414,24049403
2025-02-12T13:00:00Z,0.24415,0.24495,0.23890,0.24083,82652496
2025-02-12T14:00:00Z,0.24081,0.24163,0.23886,0.24160,42616070
2025-02-12T15:00:00Z,0.24160,0.24306,0.24019,0.24278,36050352
2025-02-12T16:00:00Z,0.24278,0.24554,0.24243,0.24503,36766110
2025-02-12T17:00:00Z,0.24503,0.24535,0.24372,0.24418,25690521
2025-02-12T18:00:00Z,0.24418,0.24421,0.24336,0.24363,16242979
2025-02-12T19:00:00Z,0.24363,0.24369,0.24258,0.24311,16629900
2025-02-12T20:00:00Z,0.24312,0.24410,0.24291,0.24357,14617018
2025-02-12T21:00:00Z,0.24359,0.24359,0.24259,0.24274,13022122
2025-02-12T22:00:00Z,0.24274,0.24418,0.24271,0.24341,20920062
2025-02-12T23:00:00Z,0.24341,0.24366,0.24295,0.24319,14245344
2025-02-13T00:00:00Z,0.24319,0.24321,0.24171,0.24211,20915712
2025-02-13T01:00:00Z,0.24211,0.24421,0.24179,0.24377,17881562
2025-02-13T02:00:00Z,0.24377,0.24381,0.24219,0.24254,20222127
2025-02-13T03:00:00Z,0.24253,0.24322,0.24062,0.24111,20080069
2025-02-13T04:00:00Z,0.24111,0.24132,0.23990,0.24017,21018702
2025-02-13T05:00:00Z,0.24016,0.24053,0.23958,0.24016,13202242
2025-02-13T06:00:00Z,0.24016,0.24031,0.23810,0.23900,24531911
2025-02-13T07:00:00Z,0.23897,0.24087,0.23841,0.24018,22119138
2025-02-13T08:00:00Z,0.24017,0.24046,0.23934,0.24004,17298930
2025-02-13T09:00:00Z,0.24003,0.24094,0.23961,0.23971,19162025
2025-02-13T10:00:00Z,0.23971,0.23972,0.23744,0.23794,25594681
2025-02-13T11:00:00Z,0.23795,0.23816,0.23485,0.23625,39832526
2025-02-13T12:00:00Z,0.23625,0.23636,0.23480,0.23503,19343051
2025-02-13T13:00:00Z,0.23503,0.23765,0.23469,0.23634,34265452
2025-02-13T14:00:00Z,0.23633,0.23634,0.23430,0.23560,32767162
2025-02-13T15:00:00Z,0.23559,0.23687,0.23486,0.23621,21648587
2025-02-13T16:00:00Z,0.23620,0.23620,0.23385,0.23421,29952471
2025-02-13T17:00:00Z,0.23421,0.23583,0.23410,0.23484,13930244
2025-02-13T18:00:00Z,0.23485,0.23498,0.23379,0.23443,12279571
2025-02-13T19:00:00Z,0.23444,0.23528,0.23354,0.23402,13576357
2025-02-13T20:00:00Z,0.23403,0.23463,0.23390,0.23439,6331091
2025-02-13T21:00:00Z,0.23439,0.23603,0.23429,0.23529,11844129
2025-02-13T22:00:00Z,0.23528,0.23559,0.23410,0.23411,10829335
2025-02-13T23:00:00Z,0.23411,0.23419,0.23345,0.23395,10579686
2025-02-14T00:00:00Z,0.23394,0.23495,0.23336,0.23472,16587049
2025-02-14T01:00:00Z,0.23473,0.23569,0.23468,0.23564,12833854
2025-02-14T02:00:00Z,0.23560,0.23635,0.23415,0.23433,16037392
2025-02-14T03:00:00Z,0.23434,0.23667,0.23426,0.23647,12698900
2025-02-14T04:00:00Z,0.23647,0.23653,0.23078,0.23109,49873161
2025-02-14T05:00:00Z,0.23109,0.23233,0.23102,0.23172,17027094
2025-02-14T06:00:00Z,0.23172,0.23192,0.23111,0.23173,13254822
2025-02-14T07:00:00Z,0.23174,0.23192,0.23117,0.23139,12608658
2025-02-14T08:00:00Z,0.23139,0.23204,0.23111,0.23167,22596040
2025-02-14T09:00:00Z,0.23168,0.23323,0.23143,0.23314,26927764
2025-02-14T10:00:00Z,0.23314,0.23362,0.23106,0.23109,30396766
2025-02-14T11:00:00Z,0.23110,0.23220,0.23066,0.23169,21843965
2025-02-14T12:00:00Z,0.23166,0.23170,0.22967,0.23026,24691336
2025-02-14T13:00:00Z,0.23026,0.23135,0.22989,0.23111,15461007
2025-02-14T14:00:00Z,0.23111,0.23223,0.23015,0.23184,20229358
2025-02-14T15:00:00Z,0.23187,0.23195,0.23005,0.23160,24798121
2025-02-14T16:00:00Z,0.23161,0.23277,0.23104,0.23270,18842407
2025-02-14T17:00:00Z,0.23269,0.23527,0.23224,0.23454,37207508
2025-02-14T18:00:00Z,0.23453,0.23573,0.23404,0.23422,33071041
2025-02-14T19:00:00Z,0.23422,0.23534,0.23348,0.23386,18305884
2025-02-14T20:00:00Z,0.23387,0.23398,0.23142,0.23169,23002084
2025-02-14T21:00:00Z,0.23170,0.23248,0.23034,0.23236,22745028
2025-02-14T22:00:00Z,0.23236,0.23236,0.22985,0.23037,25474538
2025-02-14T23:00:00Z,0.23037,0.23145,0.23001,0.23138,10752106
2025-02-15T00:00:00Z,0.23137,0.23162,0.23004,0.23087,17102509
2025-02-15T01:00:00Z,0.23087,0.23236,0.23083,0.23235,14426540
2025-02-15T02:00:00Z,0.23236,0.23242,0.23179,0.23201,8504513
2025-02-15T03:00:00Z,0.23201,0.23270,0.23192,0.23245,9672862
2025-02-15T04:00:00Z,0.23244,0.23267,0.23174,0.23239,8352123
2025-02-15T05:00:00Z,0.23239,0.23356,0.23239,0.23350,16393650
2025-02-15T06:00:00Z,0.23351,0.23396,0.23265,0.23293,18887126
2025-02-15T07:00:00Z,0.23292,0.23299,0.23183,0.23215,14339252
2025-02-15T08:00:00Z,0.23215,0.23300,0.23206,0.23293,8449267
2025-02-15T09:00:00Z,0.23293,0.23332,0.23246,0.23263,12826700
2025-02-15T10:00:00Z,0.23262,0.23295,0.23209,0.23284,10242505
2025-02-15T11:00:00Z,0.23283,0.23352,0.23253,0.23344,11452209
2025-02-15T12:00:00Z,0.23344,0.23530,0.23342,0.23511,25271730
2025-02-15T13:00:00Z,0.23511,0.23607,0.23453,0.23579,15250260
2025-02-15T14:00:00Z,0.23578,0.23714,0.23491,0.23688,28617798
2025-02-15T15:00:00Z,0.23689,0.23715,0.23536,0.23577,22767977
2025-02-15T16:00:00Z,0.23576,0.23735,0.23551,0.23669,30033531
2025-02-15T17:00:00Z,0.23669,0.23722,0.23617,0.23667,14939294
2025-02-15T18:00:00Z,0.23668,0.23687,0.23552,0.23594,16566697
2025-02-15T19:00:00Z,0.23595,0.23695,0.23572,0.23647,10886240
2025-02-15T20:00:00Z,0.23648,0.23701,0.23566,0.23610,12431786
2025-02-15T21:00:00Z,0.23610,0.23766,0.23609,0.23764,12320195
2025-02-15T22:00:00Z,0.23764,0.23800,0.23707,0.23720,10207558
2025-02-15T23:00:00Z,0.23721,0.23745,0.23695,0.23740,9216185
2025-02-16T00:00:00Z,0.23740,0.23796,0.23732,0.23767,12324846
2025-02-16T01:00:00Z,0.23766,0.23824,0.23752,0.23797,14955760
2025-02-16T02:00:00Z,0.23798,0.23818,0.23581,0.23639,15790838
2025-02-16T03:00:00Z,0.23639,0.23645,0.23529,0.23581,15461684
2025-02-16T04:00:00Z,0.23581,0.23645,0.23565,0.23640,10591724
2025-02-16T05:00:00Z,0.23640,0.23716,0.23609,0.23711,10183702
2025-02-16T06:00:00Z,0.23712,0.23950,0.23711,0.23865,31938213
2025-02-16T07:00:00Z,0.23864,0.23949,0.23765,0.23892,20937321
2025-02-16T08:00:00Z,0.23893,0.24006,0.23778,0.23782,24601498
2025-02-16T09:00:00Z,0.23783,0.23948,0.23774,0.23833,19149893
2025-02-16T10:00:00Z,0.23834,0.23937,0.23794,0.23811,18718185
2025-02-16T11:00:00Z,0.23812,0.23912,0.23734,0.23892,19338318
2025-02-16T12:00:00Z,0.23893,0.23993,0.23867,0.23961,17049062
2025-02-16T13:00:00Z,0.23961,0.24037,0.23903,0.23967,19045977
2025-02-16T14:00:00Z,0.23967,0.24170,0.23927,0.24139,31799053
2025-02-16T15:00:00Z,0.24138,0.24270,0.24135,0.24192,21436675
2025-02-16T16:00:00Z,0.24193,0.24309,0.24192,0.24272,21986906
2025-02-16T17:00:00Z,0.24271,0.24362,0.24271,0.24290,16178867
2025-02-16T18:00:00Z,0.24289,0.24340,0.24224,0.24262,21330896
2025-02-16T19:00:00Z,0.24261,0.24300,0.24171,0.24273,14405525
2025-02-16T20:00:00Z,0.24273,0.24334,0.24249,0.24262,14520877
2025-02-16T21:00:00Z,0.24262,0.24346,0.24214,0.24332,13169712
2025-02-16T22:00:00Z,0.24333,0.24387,0.24305,0.24349,12665462
2025-02-16T23:00:00Z,0.24350,0.24356,0.24220,0.24223,12446934
2025-02-17T00:00:00Z,0.24222,0.24374,0.24042,0.24075,29792842
2025-02-17T01:00:00Z,0.24075,0.24098,0.24020,0.24048,15647801
2025-02-17T02:00:00Z,0.24048,0.24061,0.23933,0.24054,19343433
2025-02-17T03:00:00Z,0.24054,0.24086,0.24008,0.24029,11421015
2025-02-17T04:00:00Z,0.24029,0.24222,0.24012,0.24184,17009887
2025-02-17T05:00:00Z,0.24184,0.24224,0.24103,0.24199,16485533
2025-02-17T06:00:00Z,0.24199,0.24437,0.24193,0.24389,32357011
2025-02-17T07:00:00Z,0.24389,0.24574,0.24388,0.24430,34160339
2025-02-17T08:00:00Z,0.24431,0.24560,0.24363,0.24442,24212968
2025-02-17T09:00:00Z,0.24443,0.24692,0.24440,0.24563,29125458
2025-02-17T10:00:00Z,0.24563,0.24687,0.24558,0.24634,30081248
2025-02-17T11:00:00Z,0.24634,0.24673,0.24583,0.24655,12355764
2025-02-17T12:00:00Z,0.24655,0.24758,0.24622,0.24649,17341656
2025-02-17T13:00:00Z,0.24649,0.24656,0.24539,0.24587,15588071
2025-02-17T14:00:00Z,0.24587,0.24597,0.24423,0.24460,30056734
2025-02-17T15:00:00Z,0.24460,0.24500,0.24278,0.24281,42136724
2025-02-17T16:00:00Z,0.24282,0.24342,0.24054,0.24166,51759070
2025-02-17T17:00:00Z,0.24166,0.24181,0.24013,0.24017,25744222
2025-02-17T18:00:00Z,0.24017,0.24072,0.23944,0.23972,27883544
2025-02-17T19:00:00Z,0.23972,0.24035,0.23892,0.23970,12780508
2025-02-17T20:00:00Z,0.23970,0.24043,0.23966,0.23995,9979028
2025-02-17T21:00:00Z,0.23994,0.24034,0.23957,0.24025,8003098
2025-02-17T22:00:00Z,0.24024,0.24029,0.23891,0.23900,9222623
2025-02-17T23:00:00Z,0.23900,0.23900,0.23817,0.23861,11831919
2025-02-18T00:00:00Z,0.23862,0.23862,0.23703,0.23778,22032640
2025-02-18T01:00:00Z,0.23777,0.23885,0.23733,0.23856,14887679
2025-02-18T02:00:00Z,0.23858,0.23878,0.23737,0.23874,13836613
2025-02-18T03:00:00Z,0.23873,0.24118,0.23869,0.24075,30618642
2025-02-18T04:00:00Z,0.24076,0.24081,0.23961,0.24019,17903951
2025-02-18T05:00:00Z,0.24020,0.24031,0.23834,0.23879,16285864
2025-02-18T06:00:00Z,0.23879,0.23886,0.23641,0.23770,31821239
2025-02-18T07:00:00Z,0.23768,0.23924,0.23707,0.23854,20360897
2025-02-18T08:00:00Z,0.23852,0.24036,0.23777,0.23900,25519671
2025-02-18T09:00:00Z,0.23898,0.23989,0.23764,0.23938,26049395
2025-02-18T10:00:00Z,0.23938,0.24006,0.23723,0.23736,26793855
2025-02-18T11:00:00Z,0.23737,0.23745,0.23521,0.23560,28591280
2025-02-18T12:00:00Z,0.23561,0.23736,0.23514,0.23621,30020661
2025-02-18T13:00:00Z,0.23623,0.23736,0.23620,0.23695,14372366
2025-02-18T14:00:00Z,0.23695,0.23743,0.23426,0.23466,28373668
2025-02-18T15:00:00Z,0.23466,0.23499,0.23274,0.23320,26770831
2025-02-18T16:00:00Z,0.23320,0.23372,0.23218,0.23309,32089325
2025-02-18T17:00:00Z,0.23309,0.23424,0.23254,0.23413,17448149
2025-02-18T18:00:00Z,0.23412,0.23508,0.23370,0.23431,18135723
2025-02-18T19:00:00Z,0.23430,0.23468,0.23348,0.23398,10366116
2025-02-18T20:00:00Z,0.23399,0.23523,0.23391,0.23459,10536033
2025-02-18T21:00:00Z,0.23461,0.23597,0.23451,0.23564,15806852
2025-02-18T22:00:00Z,0.23564,0.23677,0.23555,0.23667,24660971
2025-02-18T23:00:00Z,0.23667,0.23971,0.23637,0.23911,30311815
2025-02-19T00:00:00Z,0.23911,0.24229,0.23911,0.24192,54360734
2025-02-19T01:00:00Z,0.24192,0.24235,0.24096,0.24178,20207982
2025-02-19T02:00:00Z,0.24178,0.24368,0.24174,0.24316,31544085
2025-02-19T03:00:00Z,0.24316,0.24382,0.24235,0.24382,16273628
2025-02-19T04:00:00Z,0.24381,0.24403,0.24167,0.24168,23063057
2025-02-19T05:00:00Z,0.24168,0.24343,0.24166,0.24314,20345355
2025-02-19T06:00:00Z,0.24314,0.24348,0.24269,0.24280,16637326
2025-02-19T07:00:00Z,0.24281,0.24365,0.24229,0.24311,17275248
2025-02-19T08:00:00Z,0.24311,0.24322,0.24218,0.24232,14522947
2025-02-19T09:00:00Z,0.24232,0.24343,0.24219,0.24300,13900909
2025-02-19T10:00:00Z,0.24299,0.24355,0.24292,0.24338,9405283
2025-02-19T11:00:00Z,0.24337,0.24366,0.24308,0.24318,9484509
2025-02-19T12:00:00Z,0.24318,0.24355,0.24265,0.24274,10238559
2025-02-19T13:00:00Z,0.24276,0.24342,0.24276,0.24298,8029012
2025-02-19T14:00:00Z,0.24298,0.24309,0.24084,0.24088,27007861
2025-02-19T15:00:00Z,0.24088,0.24277,0.24081,0.24217,19313073
2025-02-19T16:00:00Z,0.24217,0.24291,0.24209,0.24269,11648124
2025-02-19T17:00:00Z,0.24269,0.24342,0.24234,0.24328,13299279
2025-02-19T18:00:00Z,0.24327,0.24346,0.24268,0.24307,13646712
2025-02-19T19:00:00Z,0.24306,0.24341,0.24285,0.24298,9169156
2025-02-19T20:00:00Z,0.24298,0.24339,0.24284,0.24286,6819234
2025-02-19T21:00:00Z,0.24287,0.24300,0.24207,0.24226,8472285
2025-02-19T22:00:00Z,0.24225,0.24267,0.24211,0.24247,8008338
2025-02-19T23:00:00Z,0.24246,0.24266,0.24191,0.24218,8641875
2025-02-20T00:00:00Z,0.24217,0.24227,0.24127,0.24217,16752317
2025-02-20T01:00:00Z,0.24218,0.24224,0.24074,0.24114,13346315
2025-02-20T02:00:00Z,0.24115,0.24159,0.24085,0.24152,10088336
2025-02-20T03:00:00Z,0.24153,0.24155,0.24083,0.24083,9001058
2025-02-20T04:00:00Z,0.24083,0.24084,0.24021,0.24047,13576937
2025-02-20T05:00:00Z,0.24048,0.24048,0.23948,0.23953,16281840
2025-02-20T06:00:00Z,0.23954,0.23954,0.23769,0.23806,24777266
2025-02-20T07:00:00Z,0.23806,0.23863,0.23747,0.23843,17826768
2025-02-20T08:00:00Z,0.23843,0.23959,0.23806,0.23884,17442199
2025-02-20T09:00:00Z,0.23884,0.23887,0.23784,0.23869,19050150
2025-02-20T10:00:00Z,0.23869,0.23943,0.23861,0.23906,16117536
2025-02-20T11:00:00Z,0.23906,0.23977,0.23888,0.23932,18388966
2025-02-20T12:00:00Z,0.23931,0.23968,0.23904,0.23964,11139297
2025-02-20T13:00:00Z,0.23964,0.24127,0.23951,0.24123,14939837
2025-02-20T14:00:00Z,0.24124,0.24168,0.24029,0.24056,28620570
2025-02-20T15:00:00Z,0.24056,0.24145,0.24023,0.24126,17067147
2025-02-20T16:00:00Z,0.24128,0.24288,0.24122,0.24260,21705630
2025-02-20T17:00:00Z,0.24261,0.24440,0.24260,0.24433,21872025
2025-02-20T18:00:00Z,0.24433,0.24541,0.24422,0.24508,29514540
2025-02-20T19:00:00Z,0.24509,0.24532,0.24445,0.24510,17682529
2025-02-20T20:00:00Z,0.24509,0.24598,0.24501,0.24584,16505790
2025-02-20T21:00:00Z,0.24584,0.24643,0.24544,0.24616,18431470
2025-02-20T22:00:00Z,0.24616,0.24774,0.24615,0.24680,25048142
2025-02-20T23:00:00Z,0.24679,0.24705,0.24611,0.24618,15070063
2025-02-21T00:00:00Z,0.24619,0.24738,0.24604,0.24726,20731937
2025-02-21T01:00:00Z,0.24726,0.24799,0.24710,0.24759,16999835
2025-02-21T02:00:00Z,0.24760,0.24885,0.24759,0.24840,25611263
2025-02-21T03:00:00Z,0.24840,0.24906,0.24810,0.24864,15464945
2025-02-21T04:00:00Z,0.24863,0.24997,0.24863,0.24973,23150026
2025-02-21T05:00:00Z,0.24973,0.25003,0.24870,0.24914,18270602
2025-02-21T06:00:00Z,0.24915,0.25063,0.24914,0.25006,18681997
2025-02-21T07:00:00Z,0.25007,0.25048,0.24754,0.24787,31193452
2025-02-21T08:00:00Z,0.24787,0.24932,0.24765,0.24918,16761649
2025-02-21T09:00:00Z,0.24919,0.24948,0.24834,0.24851,24062648
2025-02-21T10:00:00Z,0.24852,0.24947,0.24832,0.24931,10265045
2025-02-21T11:00:00Z,0.24932,0.24947,0.24850,0.24853,9690568
2025-02-21T12:00:00Z,0.24853,0.24893,0.24766,0.24783,15434542
2025-02-21T13:00:00Z,0.24783,0.24801,0.24702,0.24768,19173694
2025-02-21T14:00:00Z,0.24768,0.24774,0.24570,0.24610,33719400
2025-02-21T15:00:00Z,0.24609,0.24632,0.24272,0.24387,52383827
2025-02-21T16:00:00Z,0.24389,0.24494,0.24245,0.24275,35284979
2025-02-21T17:00:00Z,0.24276,0.24285,0.23849,0.23879,76824177
2025-02-21T18:00:00Z,0.23880,0.23973,0.23794,0.23850,29886969
2025-02-21T19:00:00Z,0.23851,0.23900,0.23554,0.23621,50079776
2025-02-21T20:00:00Z,0.23624,0.23715,0.23527,0.23593,27918200
2025-02-21T21:00:00Z,0.23593,0.23740,0.23590,0.23690,23715861
2025-02-21T22:00:00Z,0.23689,0.23747,0.23605,0.23678,17014277
2025-02-21T23:00:00Z,0.23678,0.23777,0.23611,0.23775,15132301
2025-02-22T00:00:00Z,0.23776,0.23843,0.23723,0.23812,17935353
2025-02-22T01:00:00Z,0.23812,0.23960,0.23788,0.23885,22061566
2025-02-22T02:00:00Z,0.23885,0.23885,0.23695,0.23772,22334690
2025-02-22T03:00:00Z,0.23771,0.23825,0.23760,0.23816,9125455
2025-02-22T04:00:00Z,0.23816,0.23889,0.23794,0.23799,11574979
2025-02-22T05:00:00Z,0.23799,0.23850,0.23742,0.23812,9603588
2025-02-22T06:00:00Z,0.23813,0.23829,0.23723,0.23782,11755853
2025-02-22T07:00:00Z,0.23781,0.23814,0.23710,0.23791,10881708
2025-02-22T08:00:00Z,0.23791,0.23794,0.23708,0.23719,14506807
2025-02-22T09:00:00Z,0.23718,0.23736,0.23651,0.23723,15173316
2025-02-22T10:00:00Z,0.23722,0.23799,0.23666,0.23676,14217679
2025-02-22T11:00:00Z,0.23676,0.23709,0.23627,0.23686,17811850
2025-02-22T12:00:00Z,0.23686,0.23697,0.23624,0.23677,13896234
2025-02-22T13:00:00Z,0.23677,0.23773,0.23638,0.23716,18618052
2025-02-22T14:00:00Z,0.23717,0.23717,0.23579,0.23623,13081205
2025-02-22T15:00:00Z,0.23622,0.23631,0.23523,0.23612,17241476
2025-02-22T16:00:00Z,0.23612,0.23635,0.23525,0.23530,21090869
2025-02-22T17:00:00Z,0.23530,0.23626,0.23418,0.23624,26464044
2025-02-22T18:00:00Z,0.23623,0.23703,0.23604,0.23672,15689956
2025-02-22T19:00:00Z,0.23672,0.23933,0.23638,0.23906,32217277
2025-02-22T20:00:00Z,0.23906,0.23906,0.23688,0.23741,16526261
2025-02-22T21:00:00Z,0.23741,0.23741,0.23618,0.23632,11889822
2025-02-22T22:00:00Z,0.23632,0.23633,0.23529,0.23589,13068069
2025-02-22T23:00:00Z,0.23590,0.23933,0.23572,0.23923,24735149
2025-02-23T00:00:00Z,0.23924,0.23977,0.23779,0.23855,32081320
2025-02-23T01:00:00Z,0.23855,0.23856,0.23784,0.23823,9057892
2025-02-23T02:00:00Z,0.23824,0.23915,0.23773,0.23891,8773848
2025-02-23T03:00:00Z,0.23890,0.24165,0.23890,0.24119,37310429
2025-02-23T04:00:00Z,0.24119,0.24190,0.24088,0.24157,16054752
2025-02-23T05:00:00Z,0.24158,0.24236,0.24131,0.24179,16928517
2025-02-23T06:00:00Z,0.24180,0.24226,0.24151,0.24221,10317766
2025-02-23T07:00:00Z,0.24222,0.24300,0.24221,0.24241,18248975
2025-02-23T08:00:00Z,0.24241,0.24277,0.24160,0.24185,10031525
2025-02-23T09:00:00Z,0.24184,0.24251,0.24164,0.24251,11199073
2025-02-23T10:00:00Z,0.24251,0.24315,0.24134,0.24175,35584167
2025-02-23T11:00:00Z,0.24176,0.24234,0.24153,0.24221,11513072
2025-02-23T12:00:00Z,0.24222,0.24277,0.24159,0.24199,15479199
2025-02-23T13:00:00Z,0.24199,0.24251,0.24177,0.24231,11960785
2025-02-23T14:00:00Z,0.24231,0.24255,0.24192,0.24242,9053052
2025-02-23T15:00:00Z,0.24242,0.24372,0.24237,0.24324,21940783
2025-02-23T16:00:00Z,0.24324,0.24390,0.24266,0.24309,20035535
2025-02-23T17:00:00Z,0.24309,0.24394,0.24308,0.24366,14087412
2025-02-23T18:00:00Z,0.24366,0.24434,0.24363,0.24396,12377607
2025-02-23T19:00:00Z,0.24396,0.24596,0.24394,0.24440,38594217
2025-02-23T20:00:00Z,0.24440,0.24493,0.24411,0.24492,10526795
2025-02-23T21:00:00Z,0.24493,0.24536,0.24460,0.24508,12858880
2025-02-23T22:00:00Z,0.24509,0.24545,0.24475,0.24517,14329633
2025-02-23T23:00:00Z,0.24517,0.24623,0.24516,0.24594,15859773
2025-02-24T00:00:00Z,0.24593,0.24634,0.24487,0.24508,22096030
2025-02-24T01:00:00Z,0.24508,0.24553,0.24422,0.24480,16969894
2025-02-24T02:00:00Z,0.24479,0.24501,0.24424,0.24488,10164507
2025-02-24T03:00:00Z,0.24487,0.24487,0.24215,0.24259,34198584
2025-02-24T04:00:00Z,0.24259,0.24305,0.24143,0.24255,27887548
2025-02-24T05:00:00Z,0.24255,0.24407,0.24225,0.24369,17184957
2025-02-24T06:00:00Z,0.24370,0.24472,0.24355,0.24460,16881548
2025-02-24T07:00:00Z,0.24460,0.24707,0.24460,0.24665,32241890
2025-02-24T08:00:00Z,0.24666,0.24717,0.24476,0.24574,51351474
2025-02-24T09:00:00Z,0.24575,0.24696,0.24548,0.24588,25093247
2025-02-24T10:00:00Z,0.24588,0.24674,0.24489,0.24618,34430911
2025-02-24T11:00:00Z,0.24618,0.24842,0.24601,0.24805,41401652
2025-02-24T12:00:00Z,0.24805,0.24903,0.24723,0.24751,38285068
2025-02-24T13:00:00Z,0.24751,0.24879,0.24708,0.24761,25791805
2025-02-24T14:00:00Z,0.24760,0.24794,0.24505,0.24518,41326780
2025-02-24T15:00:00Z,0.24518,0.24611,0.24420,0.24589,43804936
2025-02-24T16:00:00Z,0.24589,0.24743,0.24566,0.24663,27132235
2025-02-24T17:00:00Z,0.24663,0.24810,0.24653,0.24733,19739229
2025-02-24T18:00:00Z,0.24734,0.24782,0.24660,0.24672,14406101
2025-02-24T19:00:00Z,0.24672,0.24709,0.24475,0.24545,29263969
2025-02-24T20:00:00Z,0.24545,0.24736,0.24518,0.24618,27258130
2025-02-24T21:00:00Z,0.24617,0.24827,0.24547,0.24680,34545966
2025-02-24T22:00:00Z,0.24680,0.24689,0.24251,0.24251,88104345
2025-02-24T23:00:00Z,0.24252,0.24252,0.23901,0.23987,65335853
2025-02-25T00:00:00Z,0.23987,0.24098,0.23739,0.24050,61681472
2025-02-25T01:00:00Z,0.24049,0.24128,0.23817,0.23932,54522628
2025-02-25T02:00:00Z,0.23930,0.24348,0.23778,0.24303,97801838
2025-02-25T03:00:00Z,0.24302,0.24401,0.24144,0.24225,55496736
2025-02-25T04:00:00Z,0.24225,0.24308,0.24043,0.24125,56637146
2025-02-25T05:00:00Z,0.24124,0.24234,0.24041,0.24126,35850016
2025-02-25T06:00:00Z,0.24126,0.24142,0.23273,0.23297,104118371
2025-02-25T07:00:00Z,0.23297,0.23432,0.22921,0.23104,137114708
2025-02-25T08:00:00Z,0.23104,0.23389,0.23001,0.23137,53442177
2025-02-25T09:00:00Z,0.23138,0.23150,0.22725,0.22770,60401014
2025-02-25T10:00:00Z,0.22770,0.23019,0.22663,0.22982,91000485
2025-02-25T11:00:00Z,0.22980,0.23193,0.22799,0.23113,59984644
2025-02-25T12:00:00Z,0.23114,0.23174,0.22938,0.23123,50678411
2025-02-25T13:00:00Z,0.23125,0.23155,0.22920,0.23006,43332339
2025-02-25T14:00:00Z,0.23007,0.23067,0.22725,0.22775,52899596
2025-02-25T15:00:00Z,0.22775,0.22885,0.22686,0.22833,59779416
2025-02-25T16:00:00Z,0.22833,0.22841,0.22535,0.22691,83939897
2025-02-25T17:00:00Z,0.22691,0.22835,0.22560,0.22663,58814268
2025-02-25T18:00:00Z,0.22664,0.22733,0.22521,0.22571,33161718
2025-02-25T19:00:00Z,0.22572,0.22882,0.22504,0.22875,43686109
2025-02-25T20:00:00Z,0.22875,0.23383,0.22844,0.23208,60886448
2025-02-25T21:00:00Z,0.23207,0.23222,0.22996,0.23192,36694437
2025-02-25T22:00:00Z,0.23193,0.23312,0.23058,0.23152,34633333
2025-02-25T23:00:00Z,0.23152,0.23240,0.23054,0.23060,25056870
2025-02-26T00:00:00Z,0.23061,0.23061,0.22802,0.22812,48665669
2025-02-26T01:00:00Z,0.22813,0.22814,0.22680,0.22743,27165357
2025-02-26T02:00:00Z,0.22742,0.23131,0.22681,0.23089,45104028
2025-02-26T03:00:00Z,0.23089,0.23179,0.22948,0.22982,30896491
2025-02-26T04:00:00Z,0.22982,0.23063,0.22872,0.22890,30065085
2025-02-26T05:00:00Z,0.22890,0.22902,0.22815,0.22818,22599428
2025-02-26T06:00:00Z,0.22817,0.22935,0.22795,0.22923,20087795
2025-02-26T07:00:00Z,0.22922,0.22996,0.22834,0.22990,23690032
2025-02-26T08:00:00Z,0.22990,0.23026,0.22903,0.22956,23956177
2025-02-26T09:00:00Z,0.22957,0.23137,0.22919,0.23053,25086986
2025-02-26T10:00:00Z,0.23053,0.23087,0.23000,0.23082,14699283
2025-02-26T11:00:00Z,0.23081,0.23096,0.22877,0.22890,20627026
2025-02-26T12:00:00Z,0.22890,0.22936,0.22788,0.22831,26364578
2025-02-26T13:00:00Z,0.22832,0.22887,0.22788,0.22828,16641660
2025-02-26T14:00:00Z,0.22829,0.22997,0.22657,0.22969,66093376
2025-02-26T15:00:00Z,0.22969,0.23058,0.22913,0.22937,26312306
2025-02-26T16:00:00Z,0.22938,0.23011,0.22651,0.22664,47433347
2025-02-26T17:00:00Z,0.22664,0.22681,0.22525,0.22558,41544642
2025-02-26T18:00:00Z,0.22558,0.22640,0.22242,0.22282,84836934
2025-02-26T19:00:00Z,0.22282,0.22416,0.22254,0.22391,34460800
2025-02-26T20:00:00Z,0.22390,0.22572,0.22299,0.22566,51194412
2025-02-26T21:00:00Z,0.22564,0.23188,0.22466,0.22831,160889952
2025-02-26T22:00:00Z,0.22831,0.23091,0.22805,0.22831,94048376
2025-02-26T23:00:00Z,0.22831,0.22865,0.22672,0.22704,22281757
2025-02-27T00:00:00Z,0.22704,0.22720,0.22529,0.22629,45579186
2025-02-27T01:00:00Z,0.22629,0.22795,0.22580,0.22706,24243712
2025-02-27T02:00:00Z,0.22705,0.22805,0.22622,0.22640,23514498
2025-02-27T03:00:00Z,0.22640,0.22770,0.22605,0.22733,12473647
2025-02-27T04:00:00Z,0.22734,0.22777,0.22666,0.22727,10983453
2025-02-27T05:00:00Z,0.22727,0.22810,0.22711,0.22809,10768575
2025-02-27T06:00:00Z,0.22809,0.22878,0.22770,0.22861,14720190
2025-02-27T07:00:00Z,0.22862,0.22901,0.22842,0.22851,11683762
2025-02-27T08:00:00Z,0.22850,0.22871,0.22781,0.22864,16546514
2025-02-27T09:00:00Z,0.22863,0.22911,0.22845,0.22881,13301517
2025-02-27T10:00:00Z,0.22881,0.22942,0.22859,0.22918,18609550
2025-02-27T11:00:00Z,0.22918,0.22957,0.22871,0.22955,13720814
2025-02-27T12:00:00Z,0.22955,0.22971,0.22911,0.22924,12205395
2025-02-27T13:00:00Z,0.22923,0.22961,0.22862,0.22899,21837918
2025-02-27T14:00:00Z,0.22898,0.22943,0.22787,0.22792,22990797
2025-02-27T15:00:00Z,0.22791,0.22851,0.22712,0.22786,25545364
2025-02-27T16:00:00Z,0.22785,0.22836,0.22691,0.22704,14935423
2025-02-27T17:00:00Z,0.22703,0.22825,0.22692,0.22820,12538930
2025-02-27T18:00:00Z,0.22820,0.22874,0.22813,0.22833,15315632
2025-02-27T19:00:00Z,0.22832,0.22832,0.22694,0.22710,16326254
2025-02-27T20:00:00Z,0.22711,0.22717,0.22568,0.22622,26345931
2025-02-27T21:00:00Z,0.22622,0.22729,0.22529,0.22722,22376847
2025-02-27T22:00:00Z,0.22721,0.22760,0.22656,0.22755,8830832
2025-02-27T23:00:00Z,0.22754,0.22854,0.22737,0.22841,16216044
2025-02-28T00:00:00Z,0.22842,0.22876,0.22725,0.22738,13404666
2025-02-28T01:00:00Z,0.22737,0.22787,0.22140,0.22141,95948047
2025-02-28T02:00:00Z,0.22141,0.22278,0.21951,0.22066,80842109
2025-02-28T03:00:00Z,0.22066,0.22177,0.21771,0.21789,55823381
2025-02-28T04:00:00Z,0.21788,0.21992,0.21669,0.21927,74134006
2025-02-28T05:00:00Z,0.21926,0.22023,0.21761,0.21881,48914987
2025-02-28T06:00:00Z,0.21880,0.21944,0.21703,0.21844,37171987
2025-02-28T07:00:00Z,0.21843,0.22065,0.21829,0.21953,32646033
2025-02-28T08:00:00Z,0.21953,0.22011,0.21739,0.21967,44160930
2025-02-28T09:00:00Z,0.21967,0.22427,0.21942,0.22377,69427185
2025-02-28T10:00:00Z,0.22377,0.22482,0.22296,0.22431,40498001
2025-02-28T11:00:00Z,0.22432,0.22541,0.22345,0.22389,28592804
2025-02-28T12:00:00Z,0.22389,0.22592,0.22384,0.22578,22423251
2025-02-28T13:00:00Z,0.22577,0.22684,0.22490,0.22619,34787252
2025-02-28T14:00:00Z,0.22621,0.22756,0.22583,0.22737,31736182
2025-02-28T15:00:00Z,0.22737,0.22924,0.22735,0.22880,31320824
2025-02-28T16:00:00Z,0.22880,0.22960,0.22813,0.22936,38965421
2025-02-28T17:00:00Z,0.22936,0.23051,0.22908,0.22932,25426769
2025-02-28T18:00:00Z,0.22932,0.23155,0.22844,0.22987,41316078
2025-02-28T19:00:00Z,0.22988,0.23064,0.22949,0.23056,11345897
2025-02-28T20:00:00Z,0.23056,0.23124,0.23018,0.23106,15628887
2025-02-28T21:00:00Z,0.23106,0.23296,0.23096,0.23123,39157182
2025-02-28T22:00:00Z,0.23122,0.23247,0.23083,0.23243,15314607
2025-02-28T23:00:00Z,0.23243,0.23341,0.23214,0.23325,15736171
2025-03-01T00:00:00Z,0.23324,0.23410,0.23296,0.23320,22823334
2025-03-01T01:00:00Z,0.23321,0.23559,0.23320,0.23557,21429374
2025-03-01T02:00:00Z,0.23556,0.23642,0.23454,0.23541,27213085
2025-03-01T03:00:00Z,0.23542,0.23574,0.23496,0.23542,9798435
2025-03-01T04:00:00Z,0.23541,0.23640,0.23399,0.23487,19187561
2025-03-01T05:00:00Z,0.23487,0.23540,0.23457,0.23535,10290608
2025-03-01T06:00:00Z,0.23536,0.23655,0.23492,0.23615,19274349
2025-03-01T07:00:00Z,0.23615,0.23671,0.23528,0.23638,14167667
2025-03-01T08:00:00Z,0.23639,0.23730,0.23560,0.23596,15274175
2025-03-01T09:00:00Z,0.23595,0.23687,0.23585,0.23686,13298154
2025-03-01T10:00:00Z,0.23686,0.23724,0.23598,0.23614,16062590
2025-03-01T11:00:00Z,0.23614,0.23631,0.23216,0.23300,31527196
2025-03-01T12:00:00Z,0.23300,0.23350,0.23158,0.23264,20878776
2025-03-01T13:00:00Z,0.23264,0.23289,0.23025,0.23109,24814979
2025-03-01T14:00:00Z,0.23111,0.23294,0.23095,0.23266,14845406
2025-03-01T15:00:00Z,0.23267,0.23289,0.23135,0.23239,14509689
2025-03-01T16:00:00Z,0.23238,0.23243,0.22975,0.23057,40816060
2025-03-01T17:00:00Z,0.23056,0.23125,0.23001,0.23056,10652507
2025-03-01T18:00:00Z,0.23055,0.23142,0.23006,0.23073,10174901
2025-03-01T19:00:00Z,0.23070,0.23245,0.23044,0.23201,13368013
2025-03-01T20:00:00Z,0.23201,0.23223,0.23154,0.23205,7783744
2025-03-01T21:00:00Z,0.23205,0.23305,0.23138,0.23257,11584043
2025-03-01T22:00:00Z,0.23258,0.23444,0.23254,0.23344,14992731
2025-03-01T23:00:00Z,0.23344,0.23395,0.23241,0.23395,10243125
2025-03-02T00:00:00Z,0.23395,0.23443,0.23253,0.23339,19797161
2025-03-02T01:00:00Z,0.23339,0.23391,0.23235,0.23334,10131545
2025-03-02T02:00:00Z,0.23334,0.23369,0.23240,0.23274,8205935
2025-03-02T03:00:00Z,0.23273,0.23331,0.23232,0.23235,7410079
2025-03-02T04:00:00Z,0.23234,0.23316,0.23233,0.23303,6432775
2025-03-02T05:00:00Z,0.23303,0.23391,0.23276,0.23316,8208615
2025-03-02T06:00:00Z,0.23315,0.23415,0.23291,0.23339,7795530
2025-03-02T07:00:00Z,0.23339,0.23375,0.23279,0.23310,6312260
2025-03-02T08:00:00Z,0.23311,0.23314,0.23213,0.23230,8969412
2025-03-02T09:00:00Z,0.23229,0.23351,0.23210,0.23257,10712930
2025-03-02T10:00:00Z,0.23258,0.23301,0.23214,0.23222,9415721
2025-03-02T11:00:00Z,0.23221,0.23287,0.23188,0.23276,7272255
2025-03-02T12:00:00Z,0.23277,0.23391,0.23238,0.23375,9352113
2025-03-02T13:00:00Z,0.23376,0.23541,0.23372,0.23518,21241549
2025-03-02T14:00:00Z,0.23519,0.23523,0.23379,0.23454,18349540
2025-03-02T15:00:00Z,0.23453,0.23974,0.23425,0.23934,68637088
2025-03-02T16:00:00Z,0.23934,0.24283,0.23881,0.24207,104740997
2025-03-02T17:00:00Z,0.24209,0.24430,0.24158,0.24404,63897531
2025-03-02T18:00:00Z,0.24405,0.24764,0.24282,0.24331,107674340
2025-03-02T19:00:00Z,0.24332,0.24457,0.24312,0.24403,15304230
2025-03-02T20:00:00Z,0.24403,0.24501,0.24388,0.24482,26570252
2025-03-02T21:00:00Z,0.24482,0.24525,0.24460,0.24490,10577895
2025-03-02T22:00:00Z,0.24490,0.24500,0.24356,0.24379,12295050
2025-03-02T23:00:00Z,0.24380,0.24423,0.24320,0.24401,15485653
2025-03-03T00:00:00Z,0.24400,0.24423,0.24168,0.24281,32714952
2025-03-03T01:00:00Z,0.24280,0.24365,0.24241,0.24275,18654113
2025-03-03T02:00:00Z,0.24276,0.24277,0.24099,0.24145,25208853
2025-03-03T03:00:00Z,0.24145,0.24201,0.24073,0.24180,18009380
2025-03-03T04:00:00Z,0.24181,0.24244,0.24152,0.24221,10668069
2025-03-03T05:00:00Z,0.24221,0.24284,0.24193,0.24256,12442142
2025-03-03T06:00:00Z,0.24257,0.24288,0.23885,0.23942,39225298
2025-03-03T07:00:00Z,0.23943,0.24121,0.23819,0.24109,36649665
2025-03-03T08:00:00Z,0.24108,0.24118,0.23939,0.24021,27529587
2025-03-03T09:00:00Z,0.24022,0.24090,0.23910,0.24068,24404400
2025-03-03T10:00:00Z,0.24068,0.24223,0.24051,0.24207,22084423
2025-03-03T11:00:00Z,0.24206,0.24318,0.24174,0.24310,17716323
2025-03-03T12:00:00Z,0.24310,0.24335,0.24216,0.24330,15840882
2025-03-03T13:00:00Z,0.24329,0.24364,0.24249,0.24343,17587712
2025-03-03T14:00:00Z,0.24344,0.24557,0.24063,0.24082,73475572
2025-03-03T15:00:00Z,0.24084,0.24288,0.24047,0.24163,35486121
2025-03-03T16:00:00Z,0.24163,0.24337,0.24127,0.24309,23120906
2025-03-03T17:00:00Z,0.24310,0.24315,0.23935,0.24022,40053734
2025-03-03T18:00:00Z,0.24023,0.24046,0.23290,0.23377,104609643
2025-03-03T19:00:00Z,0.23376,0.23428,0.22808,0.22868,103914124
2025-03-03T20:00:00Z,0.22869,0.22942,0.22713,0.22861,54304010
2025-03-03T21:00:00Z,0.22860,0.23115,0.22845,0.22898,39702463
2025-03-03T22:00:00Z,0.22901,0.23187,0.22896,0.23176,25575743
2025-03-03T23:00:00Z,0.23176,0.23197,0.23062,0.23103,19409294
2025-03-04T00:00:00Z,0.23103,0.23277,0.23013,0.23139,42213014
2025-03-04T01:00:00Z,0.23142,0.23198,0.22726,0.22770,61239343
2025-03-04T02:00:00Z,0.22770,0.23164,0.22645,0.23030,65389642
2025-03-04T03:00:00Z,0.23029,0.23179,0.22965,0.23015,38657203
2025-03-04T04:00:00Z,0.23016,0.23145,0.23005,0.23078,19465931
2025-03-04T05:00:00Z,0.23079,0.23423,0.23061,0.23279,37957900
2025-03-04T06:00:00Z,0.23279,0.23287,0.23169,0.23245,18765398
2025-03-04T07:00:00Z,0.23246,0.23369,0.23199,0.23281,18031431
2025-03-04T08:00:00Z,0.23281,0.23422,0.23217,0.23405,19526186
2025-03-04T09:00:00Z,0.23404,0.23591,0.23328,0.23494,28895045
2025-03-04T10:00:00Z,0.23495,0.23843,0.23444,0.23734,38466852
2025-03-04T11:00:00Z,0.23732,0.23828,0.23506,0.23507,44084660
2025-03-04T12:00:00Z,0.23506,0.23602,0.23464,0.23538,28629535
2025-03-04T13:00:00Z,0.23537,0.23542,0.23241,0.23341,48690403
2025-03-04T14:00:00Z,0.23342,0.23681,0.23285,0.23415,76219061
2025-03-04T15:00:00Z,0.23416,0.23733,0.23346,0.23682,61369343
2025-03-04T16:00:00Z,0.23681,0.23724,0.23156,0.23612,73695639
2025-03-04T17:00:00Z,0.23613,0.23917,0.23594,0.23814,48954760
2025-03-04T18:00:00Z,0.23813,0.24157,0.23797,0.24083,45381862
2025-03-04T19:00:00Z,0.24083,0.24219,0.24007,0.24145,33325166
2025-03-04T20:00:00Z,0.24145,0.24249,0.24084,0.24102,30423260
2025-03-04T21:00:00Z,0.24103,0.24289,0.24102,0.24281,30750633
2025-03-04T22:00:00Z,0.24281,0.24287,0.24177,0.24187,14197487
2025-03-04T23:00:00Z,0.24188,0.24254,0.24144,0.24252,12470114
2025-03-05T00:00:00Z,0.24252,0.24322,0.24184,0.24257,23480412
2025-03-05T01:00:00Z,0.24257,0.24479,0.24197,0.24474,25957802
2025-03-05T02:00:00Z,0.24475,0.24555,0.24318,0.24326,32927819
2025-03-05T03:00:00Z,0.24327,0.24369,0.24114,0.24117,17158160
2025-03-05T04:00:00Z,0.24117,0.24252,0.24116,0.24226,13111075
2025-03-05T05:00:00Z,0.24226,0.24229,0.24133,0.24160,10457242
2025-03-05T06:00:00Z,0.24159,0.24215,0.24109,0.24188,8899163
2025-03-05T07:00:00Z,0.24188,0.24209,0.24119,0.24148,8561966
2025-03-05T08:00:00Z,0.24147,0.24174,0.24042,0.24047,13026895
2025-03-05T09:00:00Z,0.24047,0.24205,0.24042,0.24106,17780734
2025-03-05T10:00:00Z,0.24105,0.24348,0.24083,0.24334,33657224
2025-03-05T11:00:00Z,0.24334,0.24429,0.24220,0.24275,31372260
2025-03-05T12:00:00Z,0.24276,0.24356,0.24222,0.24296,17165715
2025-03-05T13:00:00Z,0.24296,0.24316,0.24224,0.24305,16975971
2025-03-05T14:00:00Z,0.24305,0.24384,0.24227,0.24266,24688439
2025-03-05T15:00:00Z,0.24266,0.24366,0.24234,0.24296,21788510
2025-03-05T16:00:00Z,0.24295,0.24417,0.24280,0.24391,23320516
2025-03-05T17:00:00Z,0.24392,0.24447,0.24322,0.24378,14476251
2025-03-05T18:00:00Z,0.24377,0.24414,0.24326,0.24373,9713677
2025-03-05T19:00:00Z,0.24374,0.24385,0.24315,0.24369,8041146
2025-03-05T20:00:00Z,0.24369,0.24435,0.24337,0.24416,8390867
2025-03-05T21:00:00Z,0.24415,0.24491,0.24404,0.24450,8317625
2025-03-05T22:00:00Z,0.24450,0.24478,0.24421,0.24421,5497434
2025-03-05T23:00:00Z,0.24422,0.24448,0.24326,0.24347,12714368
2025-03-06T00:00:00Z,0.24347,0.24371,0.24265,0.24288,17739256
2025-03-06T01:00:00Z,0.24288,0.24460,0.24275,0.24398,19059668
2025-03-06T02:00:00Z,0.24399,0.24459,0.24340,0.24413,15379451
2025-03-06T03:00:00Z,0.24412,0.24465,0.24389,0.24421,8534446
2025-03-06T04:00:00Z,0.24420,0.24662,0.24410,0.24613,37888518
2025-03-06T05:00:00Z,0.24613,0.24644,0.24538,0.24568,17904907
2025-03-06T06:00:00Z,0.24568,0.24589,0.24521,0.24549,10379947
2025-03-06T07:00:00Z,0.24549,0.24560,0.24489,0.24522,10483760
2025-03-06T08:00:00Z,0.24521,0.24678,0.24520,0.24576,17555100
2025-03-06T09:00:00Z,0.24576,0.24648,0.24549,0.24593,11878759
2025-03-06T10:00:00Z,0.24593,0.24603,0.24202,0.24280,49872157
2025-03-06T11:00:00Z,0.24280,0.24286,0.24055,0.24143,33798195
2025-03-06T12:00:00Z,0.24143,0.24143,0.24040,0.24090,19187851
2025-03-06T13:00:00Z,0.24089,0.24159,0.24044,0.24047,16398896
2025-03-06T14:00:00Z,0.24046,0.24100,0.24000,0.24056,21372015
2025-03-06T15:00:00Z,0.24056,0.24229,0.24033,0.24167,20617577
2025-03-06T16:00:00Z,0.24167,0.24172,0.24000,0.24004,17151212
2025-03-06T17:00:00Z,0.24004,0.24041,0.23879,0.24002,24940939
2025-03-06T18:00:00Z,0.24002,0.24030,0.23942,0.23989,9791925
2025-03-06T19:00:00Z,0.23989,0.24028,0.23903,0.23972,10370622
2025-03-06T20:00:00Z,0.23973,0.24078,0.23964,0.24029,9850460
2025-03-06T21:00:00Z,0.24029,0.24079,0.24009,0.24070,9313921
2025-03-06T22:00:00Z,0.24070,0.24144,0.24023,0.24028,13303621
2025-03-06T23:00:00Z,0.24029,0.24050,0.23979,0.23993,9453499
2025-03-07T00:00:00Z,0.23994,0.24059,0.23529,0.23624,70417322
2025-03-07T01:00:00Z,0.23624,0.23901,0.23481,0.23810,45852265
2025-03-07T02:00:00Z,0.23806,0.23874,0.23754,0.23758,17935078
2025-03-07T03:00:00Z,0.23759,0.23817,0.23713,0.23754,13217670
2025-03-07T04:00:00Z,0.23754,0.23921,0.23737,0.23896,15460927
2025-03-07T05:00:00Z,0.23896,0.23990,0.23887,0.23893,12256094
2025-03-07T06:00:00Z,0.23893,0.24093,0.23873,0.24051,16772293
2025-03-07T07:00:00Z,0.24051,0.24095,0.24018,0.24060,11773914
2025-03-07T08:00:00Z,0.24060,0.24155,0.24050,0.24098,15453244
2025-03-07T09:00:00Z,0.24098,0.24251,0.24089,0.24149,19995976
2025-03-07T10:00:00Z,0.24151,0.24233,0.24138,0.24177,12366143
2025-03-07T11:00:00Z,0.24176,0.24264,0.24150,0.24248,12804737
2025-03-07T12:00:00Z,0.24249,0.24404,0.24232,0.24363,23744399
2025-03-07T13:00:00Z,0.24363,0.24487,0.24325,0.24341,28835956
2025-03-07T14:00:00Z,0.24341,0.24664,0.24341,0.24594,37229436
2025-03-07T15:00:00Z,0.24593,0.24674,0.24432,0.24530,39295859
2025-03-07T16:00:00Z,0.24531,0.24577,0.24314,0.24419,38418080
2025-03-07T17:00:00Z,0.24420,0.24578,0.24385,0.24494,26584104
2025-03-07T18:00:00Z,0.24495,0.24622,0.24468,0.24560,21474695
2025-03-07T19:00:00Z,0.24560,0.24608,0.24481,0.24542,16689944
2025-03-07T20:00:00Z,0.24543,0.24629,0.24443,0.24457,25025441
2025-03-07T21:00:00Z,0.24457,0.24515,0.24322,0.24391,39384774
2025-03-07T22:00:00Z,0.24392,0.24453,0.24334,0.24396,16087575
2025-03-07T23:00:00Z,0.24396,0.24410,0.24299,0.24348,14463632
2025-03-08T00:00:00Z,0.24348,0.24581,0.24340,0.24518,36391517
2025-03-08T01:00:00Z,0.24517,0.24581,0.24370,0.24516,24613008
2025-03-08T02:00:00Z,0.24515,0.24616,0.24513,0.24573,15875028
2025-03-08T03:00:00Z,0.24574,0.24635,0.24461,0.24616,12906175
2025-03-08T04:00:00Z,0.24616,0.24625,0.24543,0.24611,14659810
2025-03-08T05:00:00Z,0.24611,0.24731,0.24596,0.24681,25259757
2025-03-08T06:00:00Z,0.24681,0.24749,0.24657,0.24715,15099458
2025-03-08T07:00:00Z,0.24716,0.24960,0.24715,0.24855,47663617
2025-03-08T08:00:00Z,0.24855,0.24999,0.24842,0.24953,30939177
2025-03-08T09:00:00Z,0.24953,0.25097,0.24924,0.24930,32310110
2025-03-08T10:00:00Z,0.24929,0.25080,0.24791,0.24837,50534511
2025-03-08T11:00:00Z,0.24836,0.24836,0.24414,0.24437,76480099
2025-03-08T12:00:00Z,0.24438,0.24623,0.24426,0.24595,31267096
2025-03-08T13:00:00Z,0.24595,0.24595,0.24521,0.24551,13128197
2025-03-08T14:00:00Z,0.24552,0.24712,0.24544,0.24638,17461278
2025-03-08T15:00:00Z,0.24637,0.24663,0.24584,0.24606,10847874
2025-03-08T16:00:00Z,0.24606,0.24721,0.24487,0.24647,24060712
2025-03-08T17:00:00Z,0.24646,0.24646,0.24527,0.24581,12385188
2025-03-08T18:00:00Z,0.24580,0.24601,0.24540,0.24560,6523432
2025-03-08T19:00:00Z,0.24560,0.24560,0.24486,0.24506,10115875
2025-03-08T20:00:00Z,0.24505,0.24534,0.24472,0.24514,8825034
2025-03-08T21:00:00Z,0.24514,0.24541,0.24479,0.24483,6629945
2025-03-08T22:00:00Z,0.24483,0.24483,0.24370,0.24439,14162872
2025-03-08T23:00:00Z,0.24439,0.24449,0.24359,0.24366,12695684
2025-03-09T00:00:00Z,0.24365,0.24405,0.24321,0.24334,17053603
2025-03-09T01:00:00Z,0.24333,0.24338,0.24221,0.24231,14032044
2025-03-09T02:00:00Z,0.24230,0.24230,0.24126,0.24132,14006562
2025-03-09T03:00:00Z,0.24132,0.24269,0.24111,0.24231,15515585
2025-03-09T04:00:00Z,0.24231,0.24288,0.24164,0.24167,13490514
2025-03-09T05:00:00Z,0.24167,0.24209,0.24136,0.24148,7625645
2025-03-09T06:00:00Z,0.24148,0.24151,0.24086,0.24095,10838102
2025-03-09T07:00:00Z,0.24095,0.24179,0.24084,0.24162,11201590
2025-03-09T08:00:00Z,0.24162,0.24196,0.24129,0.24150,8092103
2025-03-09T09:00:00Z,0.24151,0.24154,0.24054,0.24084,15388265
2025-03-09T10:00:00Z,0.24083,0.24102,0.23987,0.24004,17438957
2025-03-09T11:00:00Z,0.24005,0.24090,0.23992,0.24086,12224881
2025-03-09T12:00:00Z,0.24086,0.24192,0.24007,0.24187,18820961
2025-03-09T13:00:00Z,0.24188,0.24278,0.24126,0.24126,22736375
2025-03-09T14:00:00Z,0.24129,0.24206,0.24070,0.24122,20819217
2025-03-09T15:00:00Z,0.24122,0.24149,0.23997,0.24038,18962763
2025-03-09T16:00:00Z,0.24039,0.24189,0.23879,0.23882,40394545
2025-03-09T17:00:00Z,0.23883,0.23903,0.23599,0.23604,44961411
2025-03-09T18:00:00Z,0.23604,0.23692,0.23368,0.23464,63210649
2025-03-09T19:00:00Z,0.23465,0.23673,0.23451,0.23602,23250023
2025-03-09T20:00:00Z,0.23602,0.23698,0.23560,0.23629,13394376
2025-03-09T21:00:00Z,0.23629,0.23647,0.23325,0.23361,25463344
2025-03-09T22:00:00Z,0.23360,0.23436,0.23287,0.23300,20899854
2025-03-09T23:00:00Z,0.23302,0.23380,0.23154,0.23192,28655232
2025-03-10T00:00:00Z,0.23195,0.23419,0.23081,0.23288,43067935
2025-03-10T01:00:00Z,0.23288,0.23354,0.23204,0.23258,25214905
2025-03-10T02:00:00Z,0.23259,0.23548,0.23209,0.23466,25410094
2025-03-10T03:00:00Z,0.23466,0.23467,0.23346,0.23348,15154283
2025-03-10T04:00:00Z,0.23348,0.23466,0.23343,0.23464,10840899
2025-03-10T05:00:00Z,0.23464,0.23551,0.23403,0.23439,12856977
2025-03-10T06:00:00Z,0.23440,0.23462,0.23290,0.23344,14587785
2025-03-10T07:00:00Z,0.23345,0.23502,0.23340,0.23380,14198288
2025-03-10T08:00:00Z,0.23381,0.23395,0.23132,0.23143,24130674
2025-03-10T09:00:00Z,0.23144,0.23650,0.23117,0.23430,57271910
2025-03-10T10:00:00Z,0.23434,0.23480,0.23275,0.23369,23930557
2025-03-10T11:00:00Z,0.23370,0.23758,0.23370,0.23722,29364285
2025-03-10T12:00:00Z,0.23722,0.23798,0.23558,0.23749,26612995
2025-03-10T13:00:00Z,0.23749,0.23753,0.23468,0.23509,26312452
2025-03-10T14:00:00Z,0.23509,0.23527,0.22972,0.23106,79845895
2025-03-10T15:00:00Z,0.23106,0.23511,0.23079,0.23495,46389410
2025-03-10T16:00:00Z,0.23495,0.23537,0.23323,0.23369,23915604
2025-03-10T17:00:00Z,0.23370,0.23412,0.23134,0.23201,36562311
2025-03-10T18:00:00Z,0.23201,0.23336,0.22681,0.22756,68115070
2025-03-10T19:00:00Z,0.22755,0.22999,0.22715,0.22951,47328256
2025-03-10T20:00:00Z,0.22951,0.23009,0.22868,0.22970,23020570
2025-03-10T21:00:00Z,0.22969,0.23108,0.22896,0.23042,20094740
2025-03-10T22:00:00Z,0.23042,0.23095,0.22968,0.23005,13173367
2025-03-10T23:00:00Z,0.23005,0.23054,0.22876,0.22894,20212696
2025-03-11T00:00:00Z,0.22895,0.23007,0.22571,0.22707,75993673
2025-03-11T01:00:00Z,0.22707,0.22920,0.22630,0.22920,46932099
2025-03-11T02:00:00Z,0.22920,0.23073,0.22914,0.23053,30669068
2025-03-11T03:00:00Z,0.23053,0.23212,0.23019,0.23029,29315095
2025-03-11T04:00:00Z,0.23029,0.23221,0.23022,0.23066,25053728
2025-03-11T05:00:00Z,0.23066,0.23138,0.23014,0.23051,13925664
2025-03-11T06:00:00Z,0.23050,0.23088,0.22926,0.22947,14632563
2025-03-11T07:00:00Z,0.22947,0.23199,0.22941,0.23148,19740453
2025-03-11T08:00:00Z,0.23148,0.23193,0.23079,0.23135,14044918
2025-03-11T09:00:00Z,0.23135,0.23170,0.23001,0.23003,13388889
2025-03-11T10:00:00Z,0.23003,0.23057,0.22958,0.22970,11030924
2025-03-11T11:00:00Z,0.22969,0.22989,0.22867,0.22882,16720585
2025-03-11T12:00:00Z,0.22881,0.22886,0.22705,0.22706,27515649
2025-03-11T13:00:00Z,0.22707,0.22891,0.22586,0.22639,53395044
2025-03-11T14:00:00Z,0.22638,0.22669,0.22232,0.22284,80192346
2025-03-11T15:00:00Z,0.22283,0.22435,0.22251,0.22389,35398488
2025-03-11T16:00:00Z,0.22389,0.22646,0.22313,0.22512,45316357
2025-03-11T17:00:00Z,0.22512,0.22524,0.22354,0.22382,30933527
2025-03-11T18:00:00Z,0.22381,0.22778,0.22381,0.22650,46476985
2025-03-11T19:00:00Z,0.22650,0.22686,0.22566,0.22577,19922336
2025-03-11T20:00:00Z,0.22577,0.22577,0.22455,0.22485,23183480
2025-03-11T21:00:00Z,0.22485,0.22537,0.22476,0.22491,10664017
2025-03-11T22:00:00Z,0.22490,0.22521,0.22463,0.22484,10345675
2025-03-11T23:00:00Z,0.22484,0.22485,0.22406,0.22407,18007425
2025-03-12T00:00:00Z,0.22407,0.22461,0.22343,0.22394,29949747
2025-03-12T01:00:00Z,0.22394,0.22615,0.22340,0.22519,32995542
2025-03-12T02:00:00Z,0.22519,0.22524,0.22356,0.22385,22569118
2025-03-12T03:00:00Z,0.22386,0.22390,0.22287,0.22289,21505542
2025-03-12T04:00:00Z,0.22289,0.22290,0.22171,0.22220,27153724
2025-03-12T05:00:00Z,0.22221,0.22309,0.22194,0.22228,15763790
2025-03-12T06:00:00Z,0.22228,0.22229,0.22141,0.22169,15053632
2025-03-12T07:00:00Z,0.22170,0.22244,0.22139,0.22207,16678195
2025-03-12T08:00:00Z,0.22206,0.22272,0.22141,0.22204,23845951
2025-03-12T09:00:00Z,0.22205,0.22247,0.22069,0.22100,34580068
2025-03-12T10:00:00Z,0.22100,0.22126,0.22011,0.22085,19230798
2025-03-12T11:00:00Z,0.22085,0.22229,0.22057,0.22217,19348828
2025-03-12T12:00:00Z,0.22217,0.22380,0.22130,0.22310,51667533
2025-03-12T13:00:00Z,0.22311,0.22349,0.22065,0.22092,33631730
2025-03-12T14:00:00Z,0.22095,0.22157,0.21963,0.22079,36995354
2025-03-12T15:00:00Z,0.22079,0.22093,0.21964,0.22076,26200763
2025-03-12T16:00:00Z,0.22076,0.22310,0.22060,0.22293,32042480
2025-03-12T17:00:00Z,0.22294,0.22440,0.22268,0.22292,26569566
2025-03-12T18:00:00Z,0.22292,0.22374,0.22271,0.22291,14414292
2025-03-12T19:00:00Z,0.22292,0.22338,0.22272,0.22287,9874445
2025-03-12T20:00:00Z,0.22287,0.22333,0.22261,0.22326,9928505
2025-03-12T21:00:00Z,0.22326,0.22390,0.22291,0.22313,11758607
2025-03-12T22:00:00Z,0.22313,0.22343,0.22295,0.22319,7242725
2025-03-12T23:00:00Z,0.22319,0.22320,0.22252,0.22273,8686497
2025-03-13T00:00:00Z,0.22273,0.22292,0.22230,0.22253,14076307
2025-03-13T01:00:00Z,0.22253,0.22266,0.22202,0.22240,12442310
2025-03-13T02:00:00Z,0.22240,0.22296,0.22206,0.22210,8939383
2025-03-13T03:00:00Z,0.22211,0.22258,0.22179,0.22225,10498826
2025-03-13T04:00:00Z,0.22225,0.22361,0.22221,0.22361,14381727
2025-03-13T05:00:00Z,0.22361,0.22510,0.22258,0.22351,53072377
2025-03-13T06:00:00Z,0.22350,0.22388,0.22296,0.22334,14636616
2025-03-13T07:00:00Z,0.22335,0.22542,0.22332,0.22378,18866347
2025-03-13T08:00:00Z,0.22378,0.22414,0.22308,0.22413,12909349
2025-03-13T09:00:00Z,0.22414,0.22477,0.22377,0.22475,21099122
2025-03-13T10:00:00Z,0.22475,0.22516,0.22442,0.22468,13420912
2025-03-13T11:00:00Z,0.22469,0.22558,0.22461,0.22545,10290067
2025-03-13T12:00:00Z,0.22545,0.22655,0.22493,0.22533,21074940
2025-03-13T13:00:00Z,0.22534,0.22633,0.22512,0.22533,22285139
2025-03-13T14:00:00Z,0.22532,0.22641,0.22515,0.22611,16020113
2025-03-13T15:00:00Z,0.22611,0.22641,0.22525,0.22584,15611527
2025-03-13T16:00:00Z,0.22584,0.22595,0.22380,0.22427,31354906
2025-03-13T17:00:00Z,0.22427,0.22433,0.22297,0.22314,20041577
2025-03-13T18:00:00Z,0.22313,0.22410,0.22313,0.22352,13785570
2025-03-13T19:00:00Z,0.22352,0.22374,0.22304,0.22310,8311871
2025-03-13T20:00:00Z,0.22309,0.22356,0.22284,0.22289,8070942
2025-03-13T21:00:00Z,0.22289,0.22319,0.22258,0.22319,7267575
2025-03-13T22:00:00Z,0.22319,0.22450,0.22313,0.22380,12473996
2025-03-13T23:00:00Z,0.22379,0.22574,0.22334,0.22500,70271794
2025-03-14T00:00:00Z,0.22500,0.22613,0.22500,0.22573,15331545
2025-03-14T01:00:00Z,0.22573,0.22598,0.22492,0.22497,11225360
2025-03-14T02:00:00Z,0.22497,0.22586,0.22482,0.22552,9170050
2025-03-14T03:00:00Z,0.22552,0.22567,0.22503,0.22553,7513771
2025-03-14T04:00:00Z,0.22553,0.22600,0.22529,0.22558,7496090
2025-03-14T05:00:00Z,0.22557,0.22581,0.22528,0.22529,5922256
2025-03-14T06:00:00Z,0.22529,0.22536,0.22384,0.22405,10886833
2025-03-14T07:00:00Z,0.22405,0.22405,0.22307,0.22319,15493787
2025-03-14T08:00:00Z,0.22319,0.22363,0.22143,0.22196,27198019
2025-03-14T09:00:00Z,0.22196,0.22236,0.22120,0.22120,19555575
2025-03-14T10:00:00Z,0.22121,0.22152,0.22039,0.22112,22222908
2025-03-14T11:00:00Z,0.22112,0.22186,0.22069,0.22127,19244515
2025-03-14T12:00:00Z,0.22128,0.22175,0.22079,0.22081,16775776
2025-03-14T13:00:00Z,0.22081,0.22158,0.22067,0.22127,16037451
2025-03-14T14:00:00Z,0.22127,0.22178,0.22054,0.22131,19724112
2025-03-14T15:00:00Z,0.22132,0.22342,0.22127,0.22217,27047441
2025-03-14T16:00:00Z,0.22217,0.22242,0.22134,0.22171,21049909
2025-03-14T17:00:00Z,0.22170,0.22257,0.22066,0.22151,38577641
2025-03-14T18:00:00Z,0.22151,0.22160,0.22075,0.22093,15126010
2025-03-14T19:00:00Z,0.22094,0.22172,0.22091,0.22122,10066192
2025-03-14T20:00:00Z,0.22122,0.22129,0.22084,0.22098,10164169
2025-03-14T21:00:00Z,0.22098,0.22149,0.22071,0.22123,7736831
2025-03-14T22:00:00Z,0.22123,0.22138,0.22091,0.22134,6783986
2025-03-14T23:00:00Z,0.22135,0.22250,0.22120,0.22231,13663288
2025-03-15T00:00:00Z,0.22230,0.22273,0.22146,0.22258,18672524
2025-03-15T01:00:00Z,0.22258,0.22504,0.22234,0.22291,110825697
2025-03-15T02:00:00Z,0.22291,0.22295,0.22209,0.22223,8666997
2025-03-15T03:00:00Z,0.22224,0.22261,0.22214,0.22258,7337787
2025-03-15T04:00:00Z,0.22257,0.22316,0.22242,0.22246,7618640
2025-03-15T05:00:00Z,0.22246,0.22250,0.22183,0.22189,6677534
2025-03-15T06:00:00Z,0.22190,0.22191,0.22093,0.22106,11555492
2025-03-15T07:00:00Z,0.22106,0.22112,0.22065,0.22075,11003638
2025-03-15T08:00:00Z,0.22075,0.22084,0.21987,0.22038,18406240
2025-03-15T09:00:00Z,0.22038,0.22059,0.21976,0.22045,15555146
2025-03-15T10:00:00Z,0.22046,0.22257,0.21971,0.22234,26499872
2025-03-15T11:00:00Z,0.22233,0.22469,0.22229,0.22405,29979941
2025-03-15T12:00:00Z,0.22405,0.22414,0.22291,0.22306,14304171
2025-03-15T13:00:00Z,0.22306,0.22364,0.22303,0.22353,7129227
2025-03-15T14:00:00Z,0.22354,0.22379,0.22316,0.22326,7736963
2025-03-15T15:00:00Z,0.22326,0.22361,0.22265,0.22283,8223267
2025-03-15T16:00:00Z,0.22283,0.22292,0.22227,0.22253,10953669
2025-03-15T17:00:00Z,0.22253,0.22292,0.22247,0.22258,7485555
2025-03-15T18:00:00Z,0.22257,0.22270,0.22191,0.22196,7743375
2025-03-15T19:00:00Z,0.22196,0.22204,0.22163,0.22178,5680285
2025-03-15T20:00:00Z,0.22178,0.22187,0.22051,0.22080,18901973
2025-03-15T21:00:00Z,0.22080,0.22226,0.22079,0.22184,26210528
2025-03-15T22:00:00Z,0.22185,0.22234,0.22144,0.22152,7370130
2025-03-15T23:00:00Z,0.22151,0.22206,0.22131,0.22136,9076288
2025-03-16T00:00:00Z,0.22136,0.22148,0.22105,0.22114,7635627
2025-03-16T01:00:00Z,0.22115,0.22145,0.21946,0.21952,36722039
2025-03-16T02:00:00Z,0.21952,0.21958,0.21809,0.21860,27453070
2025-03-16T03:00:00Z,0.21859,0.22098,0.21840,0.21987,37701018
2025-03-16T04:00:00Z,0.21988,0.22012,0.21963,0.22001,11598972
2025-03-16T05:00:00Z,0.22002,0.22115,0.21992,0.22064,14788249
2025-03-16T06:00:00Z,0.22064,0.22064,0.21962,0.21968,8340658
2025-03-16T07:00:00Z,0.21968,0.21968,0.21882,0.21885,10776837
2025-03-16T08:00:00Z,0.21884,0.21892,0.21820,0.21853,12635566
2025-03-16T09:00:00Z,0.21853,0.21853,0.21692,0.21695,16696529
2025-03-16T10:00:00Z,0.21695,0.21725,0.21538,0.21557,30515651
2025-03-16T11:00:00Z,0.21556,0.21557,0.21306,0.21325,48149985
2025-03-16T12:00:00Z,0.21325,0.21571,0.21186,0.21409,72858806
2025-03-16T13:00:00Z,0.21409,0.21474,0.21237,0.21263,26559476
2025-03-16T14:00:00Z,0.21263,0.21443,0.21257,0.21425,19433355
2025-03-16T15:00:00Z,0.21425,0.21548,0.21412,0.21530,15951545
2025-03-16T16:00:00Z,0.21530,0.21720,0.21494,0.21528,42251237
2025-03-16T17:00:00Z,0.21528,0.21588,0.21419,0.21492,22313168
2025-03-16T18:00:00Z,0.21491,0.21515,0.21418,0.21451,12236905
2025-03-16T19:00:00Z,0.21451,0.21474,0.21280,0.21292,20434974
2025-03-16T20:00:00Z,0.21293,0.21318,0.21247,0.21283,9974183
2025-03-16T21:00:00Z,0.21282,0.21333,0.21227,0.21283,9273422
2025-03-16T22:00:00Z,0.21281,0.21282,0.21178,0.21179,10909336
2025-03-16T23:00:00Z,0.21179,0.21245,0.21057,0.21172,31666544
2025-03-17T00:00:00Z,0.21171,0.21355,0.21165,0.21295,30382550
2025-03-17T01:00:00Z,0.21295,0.21342,0.21239,0.21276,14786385
2025-03-17T02:00:00Z,0.21276,0.21289,0.21173,0.21225,13795638
2025-03-17T03:00:00Z,0.21226,0.21271,0.21199,0.21222,13966285
2025-03-17T04:00:00Z,0.21222,0.21341,0.21209,0.21310,13036335
2025-03-17T05:00:00Z,0.21310,0.21316,0.21207,0.21211,12697377
2025-03-17T06:00:00Z,0.21211,0.21231,0.21084,0.21189,22057168
2025-03-17T07:00:00Z,0.21190,0.21400,0.21179,0.21400,18068572
2025-03-17T08:00:00Z,0.21399,0.21491,0.21274,0.21483,20926239
2025-03-17T09:00:00Z,0.21482,0.21564,0.21330,0.21363,28634248
2025-03-17T10:00:00Z,0.21363,0.21470,0.21301,0.21468,27814159
2025-03-17T11:00:00Z,0.21468,0.21480,0.21418,0.21461,13522000
2025-03-17T12:00:00Z,0.21462,0.21583,0.21375,0.21531,22644290
2025-03-17T13:00:00Z,0.21532,0.21654,0.21488,0.21609,27908337
2025-03-17T14:00:00Z,0.21608,0.21778,0.21523,0.21714,23569411
2025-03-17T15:00:00Z,0.21715,0.21960,0.21684,0.21877,43304455
2025-03-17T16:00:00Z,0.21876,0.22002,0.21759,0.21770,40948869
2025-03-17T17:00:00Z,0.21770,0.21957,0.21740,0.21916,18840048
2025-03-17T18:00:00Z,0.21916,0.22200,0.21866,0.21990,116115194
2025-03-17T19:00:00Z,0.21990,0.21995,0.21939,0.21953,10414481
2025-03-17T20:00:00Z,0.21953,0.22000,0.21932,0.21951,13215196
2025-03-17T21:00:00Z,0.21952,0.22034,0.21942,0.21973,9017251
2025-03-17T22:00:00Z,0.21973,0.22072,0.21955,0.22036,9889299
2025-03-17T23:00:00Z,0.22036,0.22062,0.21992,0.22055,8863609
2025-03-18T00:00:00Z,0.22054,0.22164,0.22023,0.22078,30342498
2025-03-18T01:00:00Z,0.22079,0.22147,0.21981,0.22039,21133307
2025-03-18T02:00:00Z,0.22039,0.22247,0.22032,0.22230,26575165
2025-03-18T03:00:00Z,0.22231,0.22247,0.22077,0.22220,31548056
2025-03-18T04:00:00Z,0.22221,0.22317,0.22158,0.22225,24976212
2025-03-18T05:00:00Z,0.22225,0.22301,0.22225,0.22284,15388934
2025-03-18T06:00:00Z,0.22284,0.22326,0.22212,0.22235,20926137
2025-03-18T07:00:00Z,0.22235,0.22314,0.22198,0.22246,17869028
2025-03-18T08:00:00Z,0.22245,0.22423,0.22244,0.22422,21143552
2025-03-18T09:00:00Z,0.22422,0.22512,0.22415,0.22430,35827489
2025-03-18T10:00:00Z,0.22430,0.22461,0.22261,0.22330,34579879
2025-03-18T11:00:00Z,0.22330,0.22496,0.22316,0.22483,23985613
2025-03-18T12:00:00Z,0.22484,0.22527,0.22417,0.22472,19697296
2025-03-18T13:00:00Z,0.22473,0.22500,0.22334,0.22407,29822845
2025-03-18T14:00:00Z,0.22405,0.22495,0.22287,0.22317,23594365
2025-03-18T15:00:00Z,0.22316,0.22375,0.22288,0.22345,15226050
2025-03-18T16:00:00Z,0.22344,0.22456,0.22344,0.22454,13183931
2025-03-18T17:00:00Z,0.22455,0.22531,0.22432,0.22514,20910684
2025-03-18T18:00:00Z,0.22514,0.22837,0.22497,0.22736,43761407
2025-03-18T19:00:00Z,0.22736,0.23113,0.22729,0.23053,80626123
2025-03-18T20:00:00Z,0.23053,0.23319,0.23051,0.23262,61059777
2025-03-18T21:00:00Z,0.23263,0.23586,0.23263,0.23577,57167240
2025-03-18T22:00:00Z,0.23578,0.23938,0.23467,0.23502,112756899
2025-03-18T23:00:00Z,0.23502,0.23756,0.23500,0.23704,42089743
2025-03-19T00:00:00Z,0.23704,0.24324,0.23704,0.24175,169244653
2025-03-19T01:00:00Z,0.24175,0.24377,0.24139,0.24280,73372901
2025-03-19T02:00:00Z,0.24280,0.24325,0.24012,0.24154,71672711
2025-03-19T03:00:00Z,0.24154,0.24166,0.23437,0.23494,136757136
2025-03-19T04:00:00Z,0.23493,0.23646,0.23380,0.23443,45213759
2025-03-19T05:00:00Z,0.23443,0.23600,0.23411,0.23414,39593734
2025-03-19T06:00:00Z,0.23414,0.23446,0.23134,0.23170,54384299
2025-03-19T07:00:00Z,0.23170,0.23634,0.23161,0.23392,65580518
2025-03-19T08:00:00Z,0.23393,0.23410,0.23036,0.23086,46878087
2025-03-19T09:00:00Z,0.23086,0.23086,0.22912,0.22997,41221535
2025-03-19T10:00:00Z,0.22997,0.23132,0.22936,0.22972,35875746
2025-03-19T11:00:00Z,0.22972,0.23246,0.22941,0.23020,47243976
2025-03-19T12:00:00Z,0.23020,0.23080,0.22941,0.22971,27717185
2025-03-19T13:00:00Z,0.22971,0.23281,0.22949,0.23110,47517652
2025-03-19T14:00:00Z,0.23111,0.23197,0.22960,0.23184,33760163
2025-03-19T15:00:00Z,0.23183,0.23188,0.22963,0.23035,22186258
2025-03-19T16:00:00Z,0.23035,0.23052,0.22914,0.22924,23136786
2025-03-19T17:00:00Z,0.22923,0.23030,0.22863,0.22974,27210018
2025-03-19T18:00:00Z,0.22974,0.23124,0.22890,0.22979,26136664
2025-03-19T19:00:00Z,0.22980,0.23074,0.22943,0.22988,23586134
2025-03-19T20:00:00Z,0.22988,0.23104,0.22944,0.22974,17616700
2025-03-19T21:00:00Z,0.22975,0.23011,0.22952,0.22971,7508830
2025-03-19T22:00:00Z,0.22971,0.23025,0.22935,0.23024,12426813
2025-03-19T23:00:00Z,0.23023,0.23172,0.23015,0.23075,21792876
2025-03-20T00:00:00Z,0.23075,0.23122,0.22932,0.22987,25459344
2025-03-20T01:00:00Z,0.22987,0.23102,0.22950,0.23035,15493470
2025-03-20T02:00:00Z,0.23035,0.23063,0.22977,0.23004,12226412
2025-03-20T03:00:00Z,0.23005,0.23296,0.22983,0.23214,27386398
2025-03-20T04:00:00Z,0.23214,0.23288,0.23159,0.23248,22062268
2025-03-20T05:00:00Z,0.23247,0.23364,0.23183,0.23192,17516827
2025-03-20T06:00:00Z,0.23192,0.23192,0.23013,0.23049,22644552
2025-03-20T07:00:00Z,0.23046,0.23200,0.23041,0.23130,12966754
2025-03-20T08:00:00Z,0.23131,0.23189,0.23029,0.23031,14191457
2025-03-20T09:00:00Z,0.23032,0.23046,0.22884,0.22931,27540170
2025-03-20T10:00:00Z,0.22930,0.22977,0.22863,0.22911,19980397
2025-03-20T11:00:00Z,0.22912,0.22959,0.22832,0.22853,17860070
2025-03-20T12:00:00Z,0.22854,0.22963,0.22836,0.22959,12723150
2025-03-20T13:00:00Z,0.22958,0.23314,0.22940,0.23192,34534657
2025-03-20T14:00:00Z,0.23191,0.23307,0.23135,0.23189,26193828
2025-03-20T15:00:00Z,0.23189,0.23192,0.23030,0.23135,25919756
2025-03-20T16:00:00Z,0.23135,0.23436,0.23011,0.23262,108417151
2025-03-20T17:00:00Z,0.23262,0.23391,0.23203,0.23319,47471067
2025-03-20T18:00:00Z,0.23320,0.23472,0.23311,0.23372,24309190
2025-03-20T19:00:00Z,0.23372,0.23597,0.23372,0.23525,25036504
2025-03-20T20:00:00Z,0.23526,0.23658,0.23513,0.23622,22560580
2025-03-20T21:00:00Z,0.23622,0.23673,0.23520,0.23566,12991292
2025-03-20T22:00:00Z,0.23566,0.23688,0.23531,0.23623,13757696
2025-03-20T23:00:00Z,0.23623,0.23640,0.23358,0.23369,21337424
2025-03-21T00:00:00Z,0.23368,0.23478,0.23268,0.23280,19396692
2025-03-21T01:00:00Z,0.23281,0.23306,0.23221,0.23268,13789962
2025-03-21T02:00:00Z,0.23268,0.23280,0.23154,0.23255,15188979
2025-03-21T03:00:00Z,0.23255,0.23282,0.23124,0.23184,13233779
2025-03-21T04:00:00Z,0.23183,0.23271,0.23105,0.23135,13594407
2025-03-21T05:00:00Z,0.23134,0.23162,0.23026,0.23146,16061658
2025-03-21T06:00:00Z,0.23146,0.23293,0.23090,0.23220,22128283
2025-03-21T07:00:00Z,0.23219,0.23322,0.23186,0.23319,11397705
2025-03-21T08:00:00Z,0.23318,0.23412,0.23241,0.23403,21712713
2025-03-21T09:00:00Z,0.23403,0.23443,0.23329,0.23374,18835665
2025-03-21T10:00:00Z,0.23375,0.23539,0.23374,0.23423,23912668
2025-03-21T11:00:00Z,0.23423,0.23551,0.23414,0.23545,16477607
2025-03-21T12:00:00Z,0.23545,0.23751,0.23461,0.23471,35810696
2025-03-21T13:00:00Z,0.23471,0.23618,0.23457,0.23558,22065474
2025-03-21T14:00:00Z,0.23558,0.23670,0.23490,0.23667,15552359
2025-03-21T15:00:00Z,0.23666,0.23698,0.23620,0.23635,13321839
2025-03-21T16:00:00Z,0.23635,0.23660,0.23547,0.23586,14167648
2025-03-21T17:00:00Z,0.23586,0.23643,0.23486,0.23642,14057080
2025-03-21T18:00:00Z,0.23643,0.23770,0.23624,0.23679,22140426
2025-03-21T19:00:00Z,0.23679,0.23746,0.23660,0.23741,6656480
2025-03-21T20:00:00Z,0.23740,0.23740,0.23545,0.23545,10708431
2025-03-21T21:00:00Z,0.23545,0.23546,0.23387,0.23411,18222971
2025-03-21T22:00:00Z,0.23411,0.23411,0.23324,0.23339,13209805
2025-03-21T23:00:00Z,0.23339,0.23345,0.23281,0.23343,10080214
2025-03-22T00:00:00Z,0.23344,0.23401,0.23268,0.23394,12832180
2025-03-22T01:00:00Z,0.23394,0.23578,0.23371,0.23573,14252353
2025-03-22T02:00:00Z,0.23572,0.23643,0.23437,0.23605,16384770
2025-03-22T03:00:00Z,0.23605,0.23693,0.23572,0.23585,13053602
2025-03-22T04:00:00Z,0.23585,0.23660,0.23515,0.23632,13624686
2025-03-22T05:00:00Z,0.23632,0.23659,0.23520,0.23563,7176940
2025-03-22T06:00:00Z,0.23562,0.23572,0.23428,0.23503,14741839
2025-03-22T07:00:00Z,0.23504,0.23537,0.23420,0.23512,10492525
2025-03-22T08:00:00Z,0.23513,0.23639,0.23460,0.23534,10415177
2025-03-22T09:00:00Z,0.23534,0.23570,0.23502,0.23503,8268404
2025-03-22T10:00:00Z,0.23503,0.23505,0.23305,0.23393,19257063
2025-03-22T11:00:00Z,0.23393,0.23459,0.23343,0.23405,11745191
2025-03-22T12:00:00Z,0.23406,0.23451,0.23375,0.23431,6624034
2025-03-22T13:00:00Z,0.23431,0.23498,0.23431,0.23480,9000769
2025-03-22T14:00:00Z,0.23480,0.23574,0.23463,0.23519,9611875
2025-03-22T15:00:00Z,0.23518,0.23541,0.23369,0.23424,11667551
2025-03-22T16:00:00Z,0.23424,0.23514,0.23370,0.23510,8058957
2025-03-22T17:00:00Z,0.23510,0.23560,0.23471,0.23548,6992700
2025-03-22T18:00:00Z,0.23547,0.23562,0.23483,0.23544,5661182
2025-03-22T19:00:00Z,0.23544,0.23834,0.23524,0.23715,27925558
2025-03-22T20:00:00Z,0.23715,0.23753,0.23658,0.23740,10544316
2025-03-22T21:00:00Z,0.23740,0.23816,0.23684,0.23758,11782903
2025-03-22T22:00:00Z,0.23757,0.23802,0.23720,0.23739,9295220
2025-03-22T23:00:00Z,0.23740,0.23757,0.23676,0.23697,10631747
2025-03-23T00:00:00Z,0.23696,0.23772,0.23684,0.23713,10111885
2025-03-23T01:00:00Z,0.23714,0.24077,0.23709,0.23969,46444331
2025-03-23T02:00:00Z,0.23969,0.24084,0.23958,0.23960,18565338
2025-03-23T03:00:00Z,0.23960,0.23960,0.23811,0.23878,15711894
2025-03-23T04:00:00Z,0.23878,0.23958,0.23831,0.23945,8391930
2025-03-23T05:00:00Z,0.23948,0.23986,0.23905,0.23964,8060781
2025-03-23T06:00:00Z,0.23963,0.24015,0.23860,0.23902,12404377
2025-03-23T07:00:00Z,0.23902,0.23978,0.23860,0.23861,9518464
2025-03-23T08:00:00Z,0.23862,0.23941,0.23808,0.23809,9051422
2025-03-23T09:00:00Z,0.23809,0.23848,0.23782,0.23783,6189087
2025-03-23T10:00:00Z,0.23782,0.23783,0.23643,0.23714,20267006
2025-03-23T11:00:00Z,0.23714,0.23717,0.23380,0.23396,38897127
2025-03-23T12:00:00Z,0.23396,0.23462,0.23343,0.23460,26071726
2025-03-23T13:00:00Z,0.23461,0.23510,0.23373,0.23374,17672229
2025-03-23T14:00:00Z,0.23375,0.23394,0.23302,0.23318,19896790
2025-03-23T15:00:00Z,0.23318,0.23364,0.23211,0.23229,23199443
2025-03-23T16:00:00Z,0.23228,0.23228,0.23080,0.23116,19282833
2025-03-23T17:00:00Z,0.23116,0.23175,0.23084,0.23122,13592462
2025-03-23T18:00:00Z,0.23121,0.23122,0.23030,0.23033,11205632
2025-03-23T19:00:00Z,0.23034,0.23106,0.23029,0.23053,7893828
2025-03-23T20:00:00Z,0.23053,0.23086,0.23002,0.23011,11781615
2025-03-23T21:00:00Z,0.23012,0.23054,0.22981,0.22998,9473089
2025-03-23T22:00:00Z,0.22999,0.23034,0.22946,0.22986,11284035
2025-03-23T23:00:00Z,0.22987,0.22995,0.22955,0.22990,9932546
2025-03-24T00:00:00Z,0.22991,0.22991,0.22555,0.22557,60548677
2025-03-24T01:00:00Z,0.22558,0.22699,0.22487,0.22617,63562992
2025-03-24T02:00:00Z,0.22616,0.22687,0.22598,0.22620,20830159
2025-03-24T03:00:00Z,0.22619,0.22689,0.22615,0.22684,12622360
2025-03-24T04:00:00Z,0.22683,0.22770,0.22669,0.22743,18392520
2025-03-24T05:00:00Z,0.22743,0.22833,0.22708,0.22798,17094974
2025-03-24T06:00:00Z,0.22798,0.22869,0.22734,0.22754,26597194
2025-03-24T07:00:00Z,0.22753,0.22856,0.22663,0.22804,22560150
2025-03-24T08:00:00Z,0.22803,0.22846,0.22766,0.22821,19335414
2025-03-24T09:00:00Z,0.22822,0.22885,0.22794,0.22859,16931466
2025-03-24T10:00:00Z,0.22859,0.22958,0.22842,0.22905,19027090
2025-03-24T11:00:00Z,0.22905,0.22906,0.22852,0.22867,9809709
2025-03-24T12:00:00Z,0.22867,0.22870,0.22772,0.22847,20777685
2025-03-24T13:00:00Z,0.22847,0.22860,0.22757,0.22798,22620501
2025-03-24T14:00:00Z,0.22799,0.23000,0.22784,0.22908,29258595
2025-03-24T15:00:00Z,0.22907,0.22969,0.22883,0.22953,12272655
2025-03-24T16:00:00Z,0.22954,0.23004,0.22933,0.22940,13738758
2025-03-24T17:00:00Z,0.22941,0.22959,0.22894,0.22923,9523241
2025-03-24T18:00:00Z,0.22923,0.22928,0.22880,0.22890,9994194
2025-03-24T19:00:00Z,0.22890,0.22913,0.22852,0.22879,8785554
2025-03-24T20:00:00Z,0.22878,0.22912,0.22835,0.22856,10259516
2025-03-24T21:00:00Z,0.22857,0.22894,0.22839,0.22855,6670624
2025-03-24T22:00:00Z,0.22856,0.22868,0.22772,0.22831,12695300
2025-03-24T23:00:00Z,0.22832,0.22832,0.22772,0.22796,7886311
2025-03-25T00:00:00Z,0.22797,0.22797,0.22731,0.22736,15654371
2025-03-25T01:00:00Z,0.22736,0.22736,0.22652,0.22696,23486247
2025-03-25T02:00:00Z,0.22697,0.22716,0.22659,0.22664,9838827
2025-03-25T03:00:00Z,0.22663,0.22675,0.22592,0.22649,13818374
2025-03-25T04:00:00Z,0.22648,0.22674,0.22571,0.22588,10313689
2025-03-25T05:00:00Z,0.22587,0.22648,0.22575,0.22643,7848105
2025-03-25T06:00:00Z,0.22642,0.22717,0.22637,0.22709,8128410
2025-03-25T07:00:00Z,0.22708,0.22752,0.22685,0.22749,12452209
2025-03-25T08:00:00Z,0.22749,0.22750,0.22696,0.22731,8995186
2025-03-25T09:00:00Z,0.22730,0.22779,0.22727,0.22730,10394240
2025-03-25T10:00:00Z,0.22731,0.22733,0.22668,0.22687,11005457
2025-03-25T11:00:00Z,0.22687,0.22740,0.22677,0.22708,7747576
2025-03-25T12:00:00Z,0.22707,0.22731,0.22671,0.22726,7894847
2025-03-25T13:00:00Z,0.22725,0.22803,0.22695,0.22741,13125788
2025-03-25T14:00:00Z,0.22741,0.22795,0.22715,0.22741,8202425
2025-03-25T15:00:00Z,0.22740,0.22750,0.22660,0.22697,18824338
2025-03-25T16:00:00Z,0.22697,0.22754,0.22691,0.22727,6371074
2025-03-25T17:00:00Z,0.22726,0.22796,0.22726,0.22772,6698546
2025-03-25T18:00:00Z,0.22772,0.22798,0.22741,0.22770,6661590
2025-03-25T19:00:00Z,0.22769,0.22900,0.22769,0.22847,14203819
2025-03-25T20:00:00Z,0.22847,0.22870,0.22804,0.22818,8031852
2025-03-25T21:00:00Z,0.22819,0.22850,0.22781,0.22789,5069246
2025-03-25T22:00:00Z,0.22790,0.22793,0.22680,0.22699,10008577
2025-03-25T23:00:00Z,0.22698,0.22716,0.22626,0.22709,13416700
2025-03-26T00:00:00Z,0.22709,0.22751,0.22669,0.22738,7908104
2025-03-26T01:00:00Z,0.22738,0.22814,0.22719,0.22745,9967004
2025-03-26T02:00:00Z,0.22745,0.22747,0.22659,0.22703,7560556
2025-03-26T03:00:00Z,0.22702,0.22761,0.22694,0.22749,6768393
2025-03-26T04:00:00Z,0.22751,0.22900,0.22742,0.22879,16565438
2025-03-26T05:00:00Z,0.22879,0.22919,0.22833,0.22867,13290488
2025-03-26T06:00:00Z,0.22867,0.22879,0.22799,0.22851,13139111
2025-03-26T07:00:00Z,0.22850,0.22934,0.22850,0.22925,12388453
2025-03-26T08:00:00Z,0.22925,0.22946,0.22852,0.22899,16450566
2025-03-26T09:00:00Z,0.22900,0.23000,0.22877,0.22957,10547137
2025-03-26T10:00:00Z,0.22959,0.22998,0.22947,0.22996,7549946
2025-03-26T11:00:00Z,0.22995,0.23113,0.22991,0.23058,13937897
2025-03-26T12:00:00Z,0.23058,0.23087,0.22937,0.23000,13166616
2025-03-26T13:00:00Z,0.23001,0.23001,0.22823,0.22855,22305171
2025-03-26T14:00:00Z,0.22854,0.22918,0.22756,0.22864,30717561
2025-03-26T15:00:00Z,0.22865,0.22892,0.22834,0.22859,11326274
2025-03-26T16:00:00Z,0.22860,0.22953,0.22839,0.22904,11669495
2025-03-26T17:00:00Z,0.22904,0.22963,0.22892,0.22950,9222790
2025-03-26T18:00:00Z,0.22949,0.23086,0.22943,0.22966,20115103
2025-03-26T19:00:00Z,0.22966,0.23011,0.22912,0.22962,13500494
2025-03-26T20:00:00Z,0.22961,0.23030,0.22956,0.23012,12000168
2025-03-26T21:00:00Z,0.23012,0.23098,0.23002,0.23066,13175511
2025-03-26T22:00:00Z,0.23066,0.23177,0.23042,0.23088,14302772
2025-03-26T23:00:00Z,0.23087,0.23167,0.23009,0.23131,14081136
2025-03-27T00:00:00Z,0.23132,0.23213,0.23053,0.23140,19682532
2025-03-27T01:00:00Z,0.23140,0.23241,0.23127,0.23162,12890135
2025-03-27T02:00:00Z,0.23164,0.23210,0.23093,0.23133,12040936
2025-03-27T03:00:00Z,0.23132,0.23270,0.23107,0.23224,10853466
2025-03-27T04:00:00Z,0.23225,0.23327,0.23194,0.23242,12801090
2025-03-27T05:00:00Z,0.23242,0.23270,0.23180,0.23209,7979180
2025-03-27T06:00:00Z,0.23209,0.23249,0.23145,0.23176,7914564
2025-03-27T07:00:00Z,0.23177,0.23364,0.23166,0.23256,23997244
2025-03-27T08:00:00Z,0.23256,0.23406,0.23255,0.23381,13159441
2025-03-27T09:00:00Z,0.23382,0.23427,0.23282,0.23300,17208581
2025-03-27T10:00:00Z,0.23300,0.23420,0.23299,0.23362,11802642
2025-03-27T11:00:00Z,0.23361,0.23476,0.23318,0.23448,13835669
2025-03-27T12:00:00Z,0.23449,0.23515,0.23401,0.23418,15483546
2025-03-27T13:00:00Z,0.23418,0.23508,0.23210,0.23377,27096623
2025-03-27T14:00:00Z,0.23378,0.23518,0.23317,0.23337,20890807
2025-03-27T15:00:00Z,0.23336,0.23337,0.23134,0.23214,20269141
2025-03-27T16:00:00Z,0.23214,0.23420,0.23200,0.23342,14978840
2025-03-27T17:00:00Z,0.23342,0.23383,0.23248,0.23275,12879348
2025-03-27T18:00:00Z,0.23275,0.23428,0.23271,0.23402,11839419
2025-03-27T19:00:00Z,0.23402,0.23471,0.23378,0.23391,8663026
2025-03-27T20:00:00Z,0.23392,0.23477,0.23374,0.23452,7291265
2025-03-27T21:00:00Z,0.23452,0.23503,0.23430,0.23482,7309681
2025-03-27T22:00:00Z,0.23482,0.23519,0.23465,0.23493,6160735
2025-03-27T23:00:00Z,0.23493,0.23530,0.23478,0.23499,7723132
2025-03-28T00:00:00Z,0.23499,0.23502,0.23282,0.23369,20085195
2025-03-28T01:00:00Z,0.23370,0.23370,0.23222,0.23227,12882762
2025-03-28T02:00:00Z,0.23227,0.23279,0.23174,0.23249,12755139
2025-03-28T03:00:00Z,0.23250,0.23314,0.23155,0.23275,11445884
2025-03-28T04:00:00Z,0.23276,0.23374,0.23029,0.23058,29902686
2025-03-28T05:00:00Z,0.23055,0.23072,0.22998,0.23043,15034946
2025-03-28T06:00:00Z,0.23042,0.23125,0.22892,0.22901,15176894
2025-03-28T07:00:00Z,0.22902,0.22969,0.22884,0.22947,10907614
2025-03-28T08:00:00Z,0.22946,0.23108,0.22931,0.23085,14012952
2025-03-28T09:00:00Z,0.23083,0.23147,0.23037,0.23047,15168736
2025-03-28T10:00:00Z,0.23046,0.23101,0.23014,0.23025,10186640
2025-03-28T11:00:00Z,0.23025,0.23050,0.22921,0.22982,15018318
2025-03-28T12:00:00Z,0.22983,0.23004,0.22903,0.22969,14616282
2025-03-28T13:00:00Z,0.22969,0.23173,0.22968,0.23075,15434016
2025-03-28T14:00:00Z,0.23074,0.23163,0.23003,0.23159,14938384
2025-03-28T15:00:00Z,0.23160,0.23255,0.23063,0.23178,19021471
2025-03-28T16:00:00Z,0.23178,0.23302,0.23128,0.23182,16931886
2025-03-28T17:00:00Z,0.23181,0.23267,0.23181,0.23238,10570248
2025-03-28T18:00:00Z,0.23238,0.23354,0.23220,0.23354,11162742
2025-03-28T19:00:00Z,0.23354,0.23386,0.23290,0.23337,14305648
2025-03-28T20:00:00Z,0.23337,0.23418,0.23317,0.23336,10650427
2025-03-28T21:00:00Z,0.23335,0.23384,0.23319,0.23384,5750825
2025-03-28T22:00:00Z,0.23384,0.23476,0.23305,0.23306,11147876
2025-03-28T23:00:00Z,0.23306,0.23307,0.23215,0.23227,10214406
2025-03-29T00:00:00Z,0.23227,0.23314,0.23180,0.23262,13091232
2025-03-29T01:00:00Z,0.23261,0.23306,0.23250,0.23275,8852661
2025-03-29T02:00:00Z,0.23275,0.23393,0.23251,0.23251,13982831
2025-03-29T03:00:00Z,0.23251,0.23332,0.23194,0.23308,13772689
2025-03-29T04:00:00Z,0.23308,0.23435,0.23304,0.23432,13966349
2025-03-29T05:00:00Z,0.23431,0.23449,0.23241,0.23311,14811703
2025-03-29T06:00:00Z,0.23311,0.23423,0.23216,0.23423,16127129
2025-03-29T07:00:00Z,0.23423,0.23428,0.23238,0.23266,18351660
2025-03-29T08:00:00Z,0.23264,0.23488,0.23256,0.23388,20365045
2025-03-29T09:00:00Z,0.23388,0.23465,0.23314,0.23448,21275803
2025-03-29T10:00:00Z,0.23449,0.23524,0.23380,0.23419,18835152
2025-03-29T11:00:00Z,0.23421,0.23446,0.23211,0.23290,29023888
2025-03-29T12:00:00Z,0.23291,0.23466,0.23277,0.23357,20057880
2025-03-29T13:00:00Z,0.23356,0.23443,0.23303,0.23441,14571206
2025-03-29T14:00:00Z,0.23442,0.23484,0.23361,0.23474,15351771
2025-03-29T15:00:00Z,0.23475,0.23490,0.23426,0.23473,10198307
2025-03-29T16:00:00Z,0.23474,0.23582,0.23322,0.23345,27804377
2025-03-29T17:00:00Z,0.23344,0.23401,0.23153,0.23374,41065382
2025-03-29T18:00:00Z,0.23373,0.23527,0.23333,0.23448,14747410
2025-03-29T19:00:00Z,0.23448,0.23469,0.23250,0.23331,15314842
2025-03-29T20:00:00Z,0.23330,0.23410,0.23258,0.23320,13350293
2025-03-29T21:00:00Z,0.23320,0.23359,0.23210,0.23244,13422856
2025-03-29T22:00:00Z,0.23243,0.23328,0.23218,0.23269,9006309
2025-03-29T23:00:00Z,0.23270,0.23346,0.23152,0.23152,16733124
2025-03-30T00:00:00Z,0.23153,0.23153,0.22961,0.22981,29258642
2025-03-30T01:00:00Z,0.22981,0.22998,0.22938,0.22977,13116245
2025-03-30T02:00:00Z,0.22978,0.23268,0.22974,0.23146,26926708
2025-03-30T03:00:00Z,0.23147,0.23153,0.22951,0.22968,14740836
2025-03-30T04:00:00Z,0.22967,0.23038,0.22950,0.22955,11761949
2025-03-30T05:00:00Z,0.22956,0.23119,0.22948,0.23090,16377028
2025-03-30T06:00:00Z,0.23091,0.23149,0.23066,0.23117,13748626
2025-03-30T07:00:00Z,0.23118,0.23280,0.23101,0.23163,15807652
2025-03-30T08:00:00Z,0.23163,0.23236,0.23027,0.23043,16808574
2025-03-30T09:00:00Z,0.23042,0.23110,0.23003,0.23100,12886794
2025-03-30T10:00:00Z,0.23101,0.23109,0.23002,0.23036,9837536
2025-03-30T11:00:00Z,0.23036,0.23061,0.23012,0.23034,6908127
2025-03-30T12:00:00Z,0.23034,0.23063,0.23008,0.23033,6746978
2025-03-30T13:00:00Z,0.23033,0.23070,0.22959,0.22963,13741119
2025-03-30T14:00:00Z,0.22963,0.23055,0.22942,0.23016,9622966
2025-03-30T15:00:00Z,0.23016,0.23113,0.23008,0.23040,8447671
2025-03-30T16:00:00Z,0.23041,0.23161,0.23023,0.23102,11655710
2025-03-30T17:00:00Z,0.23101,0.23198,0.23075,0.23188,9923780
2025-03-30T18:00:00Z,0.23188,0.23271,0.23188,0.23220,10560608
2025-03-30T19:00:00Z,0.23221,0.23245,0.23100,0.23156,14338565
2025-03-30T20:00:00Z,0.23157,0.23209,0.23145,0.23207,6751329
2025-03-30T21:00:00Z,0.23207,0.23268,0.23188,0.23214,7926673
2025-03-30T22:00:00Z,0.23214,0.23218,0.23099,0.23190,15915682
2025-03-30T23:00:00Z,0.23189,0.23209,0.23042,0.23174,15198767
2025-03-31T00:00:00Z,0.23174,0.23235,0.23122,0.23159,16483904
2025-03-31T01:00:00Z,0.23159,0.23381,0.23149,0.23371,22934167
2025-03-31T02:00:00Z,0.23371,0.23388,0.23260,0.23273,14805897
2025-03-31T03:00:00Z,0.23272,0.23297,0.23219,0.23242,10602641
2025-03-31T04:00:00Z,0.23242,0.23357,0.23242,0.23308,9948285
2025-03-31T05:00:00Z,0.23309,0.23354,0.23197,0.23255,13476015
2025-03-31T06:00:00Z,0.23254,0.23298,0.23233,0.23273,11179521
2025-03-31T07:00:00Z,0.23274,0.23345,0.23152,0.23198,13454694
2025-03-31T08:00:00Z,0.23197,0.23263,0.23090,0.23144,15421723
2025-03-31T09:00:00Z,0.23145,0.23306,0.23145,0.23244,20027158
2025-03-31T10:00:00Z,0.23243,0.23320,0.23206,0.23287,11340092
2025-03-31T11:00:00Z,0.23288,0.23360,0.23286,0.23342,10833695
2025-03-31T12:00:00Z,0.23342,0.23403,0.23330,0.23369,15671140
2025-03-31T13:00:00Z,0.23370,0.23438,0.23301,0.23396,22366518
2025-03-31T14:00:00Z,0.23397,0.23725,0.23394,0.23697,35485726
2025-03-31T15:00:00Z,0.23697,0.23829,0.23685,0.23733,28021849
2025-03-31T16:00:00Z,0.23733,0.23840,0.23685,0.23800,18719734
2025-03-31T17:00:00Z,0.23801,0.23886,0.23746,0.23792,13775118
2025-03-31T18:00:00Z,0.23793,0.24016,0.23793,0.23972,23727568
2025-03-31T19:00:00Z,0.23972,0.24015,0.23868,0.23904,19789486
2025-03-31T20:00:00Z,0.23905,0.23988,0.23905,0.23933,11397408
2025-03-31T21:00:00Z,0.23933,0.24011,0.23908,0.23946,8183114
2025-03-31T22:00:00Z,0.23946,0.23993,0.23877,0.23883,12459401
2025-03-31T23:00:00Z,0.23884,0.23946,0.23838,0.23868,11545194
2025-04-01T00:00:00Z,0.23868,0.23911,0.23656,0.23704,18333564
2025-04-01T01:00:00Z,0.23704,0.23709,0.23550,0.23675,17608000
2025-04-01T02:00:00Z,0.23674,0.23683,0.23549,0.23563,10405211
2025-04-01T03:00:00Z,0.23564,0.23722,0.23530,0.23682,22339942
2025-04-01T04:00:00Z,0.23682,0.23793,0.23675,0.23758,13621935
2025-04-01T05:00:00Z,0.23758,0.23759,0.23600,0.23634,12863311
2025-04-01T06:00:00Z,0.23634,0.23650,0.23417,0.23451,17818464
2025-04-01T07:00:00Z,0.23452,0.23526,0.23357,0.23409,17697148
2025-04-01T08:00:00Z,0.23409,0.23564,0.23369,0.23462,23402307
2025-04-01T09:00:00Z,0.23463,0.23510,0.23344,0.23408,39708678
2025-04-01T10:00:00Z,0.23407,0.23417,0.23323,0.23373,22440603
2025-04-01T11:00:00Z,0.23372,0.23391,0.23305,0.23375,17234755
2025-04-01T12:00:00Z,0.23374,0.23561,0.23327,0.23531,22955394
2025-04-01T13:00:00Z,0.23531,0.23642,0.23482,0.23523,15758856
2025-04-01T14:00:00Z,0.23521,0.23540,0.23411,0.23513,18770123
2025-04-01T15:00:00Z,0.23513,0.23627,0.23497,0.23592,15419774
2025-04-01T16:00:00Z,0.23592,0.23608,0.23530,0.23604,12490395
2025-04-01T17:00:00Z,0.23603,0.23694,0.23586,0.23678,9366543
2025-04-01T18:00:00Z,0.23677,0.23677,0.23609,0.23628,8881495
2025-04-01T19:00:00Z,0.23627,0.23725,0.23624,0.23674,6612565
2025-04-01T20:00:00Z,0.23674,0.23708,0.23633,0.23637,7072750
2025-04-01T21:00:00Z,0.23636,0.23712,0.23610,0.23635,11216109
2025-04-01T22:00:00Z,0.23635,0.23699,0.23634,0.23697,5731559
2025-04-01T23:00:00Z,0.23698,0.23825,0.23666,0.23773,11240506
2025-04-02T00:00:00Z,0.23773,0.23814,0.23726,0.23792,14414446
2025-04-02T01:00:00Z,0.23791,0.23934,0.23770,0.23854,22065951
2025-04-02T02:00:00Z,0.23853,0.23932,0.23782,0.23842,18069096
2025-04-02T03:00:00Z,0.23841,0.23905,0.23670,0.23718,17050859
2025-04-02T04:00:00Z,0.23718,0.23853,0.23716,0.23772,17763626
2025-04-02T05:00:00Z,0.23771,0.23800,0.23632,0.23651,15009402
2025-04-02T06:00:00Z,0.23651,0.23723,0.23643,0.23668,12264183
2025-04-02T07:00:00Z,0.23669,0.23777,0.23582,0.23605,16311778
2025-04-02T08:00:00Z,0.23604,0.23662,0.23476,0.23623,20026317
2025-04-02T09:00:00Z,0.23623,0.23813,0.23616,0.23797,22995149
2025-04-02T10:00:00Z,0.23797,0.23900,0.23795,0.23865,24082587
2025-04-02T11:00:00Z,0.23864,0.23992,0.23792,0.23804,28475567
2025-04-02T12:00:00Z,0.23803,0.23836,0.23634,0.23727,26972156
2025-04-02T13:00:00Z,0.23727,0.23837,0.23676,0.23769,26648973
2025-04-02T14:00:00Z,0.23768,0.23824,0.23486,0.23714,59030110
2025-04-02T15:00:00Z,0.23713,0.23862,0.23604,0.23746,39218166
2025-04-02T16:00:00Z,0.23746,0.23811,0.23711,0.23775,18160910
2025-04-02T17:00:00Z,0.23774,0.23827,0.23730,0.23766,14800501
2025-04-02T18:00:00Z,0.23765,0.23843,0.23744,0.23797,12740141
2025-04-02T19:00:00Z,0.23797,0.23944,0.23774,0.23887,14993944
2025-04-02T20:00:00Z,0.23888,0.24018,0.23660,0.23717,56974216
2025-04-02T21:00:00Z,0.23720,0.23776,0.23656,0.23739,21100376
2025-04-02T22:00:00Z,0.23738,0.23741,0.23251,0.23333,62847242
2025-04-02T23:00:00Z,0.23333,0.23396,0.23184,0.23392,33688933
2025-04-03T00:00:00Z,0.23392,0.23631,0.23291,0.23587,31166016
2025-04-03T01:00:00Z,0.23588,0.23604,0.23523,0.23585,9458099
2025-04-03T02:00:00Z,0.23584,0.23711,0.23563,0.23663,16631479
2025-04-03T03:00:00Z,0.23662,0.23750,0.23596,0.23740,13333847
2025-04-03T04:00:00Z,0.23740,0.23855,0.23668,0.23724,16541050
2025-04-03T05:00:00Z,0.23724,0.23749,0.23577,0.23580,8122885
2025-04-03T06:00:00Z,0.23581,0.23667,0.23452,0.23478,9512240
2025-04-03T07:00:00Z,0.23479,0.23545,0.23417,0.23458,14388392
2025-04-03T08:00:00Z,0.23458,0.23484,0.23320,0.23323,17927624
2025-04-03T09:00:00Z,0.23323,0.23359,0.23272,0.23280,23992375
2025-04-03T10:00:00Z,0.23280,0.23284,0.23100,0.23115,33054685
2025-04-03T11:00:00Z,0.23116,0.23210,0.23093,0.23201,19551761
2025-04-03T12:00:00Z,0.23201,0.23241,0.23018,0.23042,35994563
2025-04-03T13:00:00Z,0.23041,0.23280,0.23024,0.23272,22204586
2025-04-03T14:00:00Z,0.23271,0.23391,0.23178,0.23259,26568728
2025-04-03T15:00:00Z,0.23258,0.23463,0.23243,0.23412,18936479
2025-04-03T16:00:00Z,0.23412,0.23461,0.23384,0.23459,12975816
2025-04-03T17:00:00Z,0.23459,0.23550,0.23444,0.23540,16211083
2025-04-03T18:00:00Z,0.23540,0.23630,0.23502,0.23576,17428858
2025-04-03T19:00:00Z,0.23576,0.23639,0.23532,0.23566,14888099
2025-04-03T20:00:00Z,0.23565,0.23632,0.23559,0.23607,9808001
2025-04-03T21:00:00Z,0.23606,0.23699,0.23601,0.23658,10005145
2025-04-03T22:00:00Z,0.23658,0.23799,0.23642,0.23792,10525417
2025-04-03T23:00:00Z,0.23793,0.23824,0.23737,0.23815,14025374
2025-04-04T00:00:00Z,0.23814,0.23826,0.23770,0.23811,10569368
2025-04-04T01:00:00Z,0.23811,0.23900,0.23804,0.23822,16717347
2025-04-04T02:00:00Z,0.23822,0.23945,0.23820,0.23907,16555455
2025-04-04T03:00:00Z,0.23907,0.23947,0.23869,0.23943,11114073
2025-04-04T04:00:00Z,0.23944,0.24030,0.23889,0.24015,14133973
2025-04-04T05:00:00Z,0.24014,0.24019,0.23743,0.23780,26202020
2025-04-04T06:00:00Z,0.23781,0.23864,0.23774,0.23822,11664356
2025-04-04T07:00:00Z,0.23822,0.23885,0.23778,0.23837,11288967
2025-04-04T08:00:00Z,0.23837,0.23855,0.23739,0.23827,11822628
2025-04-04T09:00:00Z,0.23827,0.23947,0.23827,0.23869,19148796
2025-04-04T10:00:00Z,0.23870,0.23925,0.23771,0.23805,27809738
2025-04-04T11:00:00Z,0.23806,0.23866,0.23644,0.23848,28022105
2025-04-04T12:00:00Z,0.23848,0.24061,0.23792,0.24040,36762892
2025-04-04T13:00:00Z,0.24039,0.24180,0.24036,0.24112,42319168
2025-04-04T14:00:00Z,0.24110,0.24129,0.24004,0.24091,17452549
2025-04-04T15:00:00Z,0.24092,0.24141,0.23944,0.23984,31686949
2025-04-04T16:00:00Z,0.23984,0.24046,0.23960,0.24026,11681597
2025-04-04T17:00:00Z,0.24027,0.24067,0.23983,0.24010,10550902
2025-04-04T18:00:00Z,0.24010,0.24035,0.23953,0.23988,10641192
2025-04-04T19:00:00Z,0.23989,0.24022,0.23974,0.24002,6525207
2025-04-04T20:00:00Z,0.24001,0.24004,0.23933,0.23936,8927959
2025-04-04T21:00:00Z,0.23936,0.23940,0.23873,0.23894,9062030
2025-04-04T22:00:00Z,0.23893,0.23902,0.23823,0.23882,14591495
2025-04-04T23:00:00Z,0.23883,0.23917,0.23851,0.23900,10171093
2025-04-05T00:00:00Z,0.23899,0.23916,0.23820,0.23851,13345109
2025-04-05T01:00:00Z,0.23850,0.23880,0.23833,0.23842,7699848
2025-04-05T02:00:00Z,0.23842,0.23864,0.23834,0.23839,5518657
2025-04-05T03:00:00Z,0.23839,0.23850,0.23763,0.23767,10184170
2025-04-05T04:00:00Z,0.23767,0.23767,0.23679,0.23687,14617252
2025-04-05T05:00:00Z,0.23688,0.23702,0.23578,0.23578,13886512
2025-04-05T06:00:00Z,0.23578,0.23755,0.23561,0.23752,18860224
2025-04-05T07:00:00Z,0.23752,0.23876,0.23728,0.23793,15279393
2025-04-05T08:00:00Z,0.23794,0.23794,0.23705,0.23706,9198558
2025-04-05T09:00:00Z,0.23707,0.23719,0.23604,0.23618,12095709
2025-04-05T10:00:00Z,0.23618,0.23676,0.23602,0.23629,10691320
2025-04-05T11:00:00Z,0.23629,0.23688,0.23615,0.23667,10120503
2025-04-05T12:00:00Z,0.23667,0.23667,0.23615,0.23659,8557544
2025-04-05T13:00:00Z,0.23660,0.23729,0.23639,0.23727,12637193
2025-04-05T14:00:00Z,0.23727,0.23845,0.23710,0.23823,17185291
2025-04-05T15:00:00Z,0.23822,0.23898,0.23764,0.23775,16886594
2025-04-05T16:00:00Z,0.23776,0.23813,0.23702,0.23749,12251273
2025-04-05T17:00:00Z,0.23748,0.23753,0.23684,0.23721,7395443
2025-04-05T18:00:00Z,0.23721,0.23796,0.23712,0.23766,6427936
2025-04-05T19:00:00Z,0.23766,0.23784,0.23750,0.23779,4223639
2025-04-05T20:00:00Z,0.23779,0.23790,0.23726,0.23760,4613933
2025-04-05T21:00:00Z,0.23760,0.23776,0.23720,0.23724,3853526
2025-04-05T22:00:00Z,0.23724,0.23769,0.23724,0.23767,2221771
2025-04-05T23:00:00Z,0.23766,0.23767,0.23724,0.23724,5001483
2025-04-06T00:00:00Z,0.23724,0.23731,0.23640,0.23684,9464734
2025-04-06T01:00:00Z,0.23684,0.23688,0.23608,0.23611,8933440
2025-04-06T02:00:00Z,0.23610,0.23616,0.23541,0.23566,14493807
2025-04-06T03:00:00Z,0.23566,0.23624,0.23564,0.23583,9019238
2025-04-06T04:00:00Z,0.23583,0.23627,0.23533,0.23618,9243557
2025-04-06T05:00:00Z,0.23618,0.23674,0.23610,0.23627,5575038
2025-04-06T06:00:00Z,0.23627,0.23671,0.23596,0.23652,6698719
2025-04-06T07:00:00Z,0.23652,0.23779,0.23637,0.23769,12367714
2025-04-06T08:00:00Z,0.23770,0.23819,0.23741,0.23760,14282209
2025-04-06T09:00:00Z,0.23761,0.23835,0.23757,0.23782,8146249
2025-04-06T10:00:00Z,0.23782,0.23915,0.23741,0.23910,20223766
2025-04-06T11:00:00Z,0.23910,0.23944,0.23852,0.23872,18800640
2025-04-06T12:00:00Z,0.23872,0.23954,0.23871,0.23949,15599732
2025-04-06T13:00:00Z,0.23949,0.23998,0.23853,0.23873,24292412
2025-04-06T14:00:00Z,0.23870,0.23978,0.23866,0.23941,15716776
2025-04-06T15:00:00Z,0.23940,0.23966,0.23875,0.23903,13625295
2025-04-06T16:00:00Z,0.23904,0.23950,0.23820,0.23851,18533504
2025-04-06T17:00:00Z,0.23850,0.23885,0.23705,0.23724,23119866
2025-04-06T18:00:00Z,0.23724,0.23735,0.23265,0.23311,82516878
2025-04-06T19:00:00Z,0.23311,0.23408,0.23298,0.23363,29327451
2025-04-06T20:00:00Z,0.23360,0.23360,0.23042,0.23055,35961350
2025-04-06T21:00:00Z,0.23054,0.23126,0.23037,0.23072,17732731
2025-04-06T22:00:00Z,0.23071,0.23138,0.22907,0.22912,27952274
2025-04-06T23:00:00Z,0.22911,0.22998,0.22809,0.22996,39515458
2025-04-07T00:00:00Z,0.22997,0.22999,0.22907,0.22950,25964229
2025-04-07T01:00:00Z,0.22950,0.23214,0.22950,0.23082,36591696
2025-04-07T02:00:00Z,0.23081,0.23085,0.22754,0.22772,27986177
2025-04-07T03:00:00Z,0.22772,0.22785,0.22565,0.22612,43379449
2025-04-07T04:00:00Z,0.22611,0.22687,0.22593,0.22649,18294805
2025-04-07T05:00:00Z,0.22649,0.22666,0.22522,0.22538,19062242
2025-04-07T06:00:00Z,0.22539,0.22579,0.22100,0.22106,81332235
2025-04-07T07:00:00Z,0.22107,0.22261,0.22070,0.22231,46241008
2025-04-07T08:00:00Z,0.22230,0.22505,0.22201,0.22442,55532173
2025-04-07T09:00:00Z,0.22442,0.22696,0.22417,0.22567,46399260
2025-04-07T10:00:00Z,0.22567,0.22676,0.22545,0.22564,32709675
2025-04-07T11:00:00Z,0.22563,0.22629,0.22469,0.22489,25866364
2025-04-07T12:00:00Z,0.22489,0.22662,0.22467,0.22649,28902938
2025-04-07T13:00:00Z,0.22648,0.22767,0.22484,0.22748,53175043
2025-04-07T14:00:00Z,0.22748,0.22977,0.22626,0.22775,99406245
2025-04-07T15:00:00Z,0.22774,0.22830,0.22658,0.22787,31908573
2025-04-07T16:00:00Z,0.22786,0.22788,0.22653,0.22659,22202427
2025-04-07T17:00:00Z,0.22660,0.22865,0.22657,0.22848,27590104
2025-04-07T18:00:00Z,0.22849,0.22894,0.22794,0.22823,19683171
2025-04-07T19:00:00Z,0.22823,0.22856,0.22752,0.22762,12802957
2025-04-07T20:00:00Z,0.22762,0.22835,0.22761,0.22809,11359782
2025-04-07T21:00:00Z,0.22809,0.22837,0.22790,0.22816,6580100
2025-04-07T22:00:00Z,0.22817,0.22898,0.22814,0.22859,10438556
2025-04-07T23:00:00Z,0.22860,0.22875,0.22817,0.22854,13449672
2025-04-08T00:00:00Z,0.22855,0.22932,0.22848,0.22900,12897187
2025-04-08T01:00:00Z,0.22901,0.23169,0.22881,0.23153,28577180
2025-04-08T02:00:00Z,0.23154,0.23185,0.23100,0.23181,20755148
2025-04-08T03:00:00Z,0.23181,0.23364,0.23176,0.23230,29570653
2025-04-08T04:00:00Z,0.23231,0.23392,0.23216,0.23372,19021631
2025-04-08T05:00:00Z,0.23372,0.23384,0.23253,0.23323,16733647
2025-04-08T06:00:00Z,0.23322,0.23322,0.23198,0.23268,17810950
2025-04-08T07:00:00Z,0.23269,0.23470,0.23263,0.23405,30464651
2025-04-08T08:00:00Z,0.23406,0.23495,0.23371,0.23494,14556586
2025-04-08T09:00:00Z,0.23495,0.23562,0.23467,0.23496,23487913
2025-04-08T10:00:00Z,0.23495,0.23603,0.23463,0.23553,17765955
2025-04-08T11:00:00Z,0.23554,0.23580,0.23382,0.23441,19457740
2025-04-08T12:00:00Z,0.23441,0.23675,0.23439,0.23636,26335643
2025-04-08T13:00:00Z,0.23635,0.23681,0.23526,0.23568,21561524
2025-04-08T14:00:00Z,0.23568,0.23620,0.23362,0.23362,22492044
2025-04-08T15:00:00Z,0.23362,0.23525,0.23322,0.23514,29325110
2025-04-08T16:00:00Z,0.23513,0.23513,0.23214,0.23232,31778652
2025-04-08T17:00:00Z,0.23231,0.23264,0.23000,0.23255,55179085
2025-04-08T18:00:00Z,0.23254,0.23305,0.23091,0.23191,23391949
2025-04-08T19:00:00Z,0.23192,0.23208,0.23009,0.23085,22795156
2025-04-08T20:00:00Z,0.23086,0.23250,0.23038,0.23243,17275624
2025-04-08T21:00:00Z,0.23245,0.23276,0.23056,0.23125,11901250
2025-04-08T22:00:00Z,0.23125,0.23130,0.22987,0.23077,17507004
2025-04-08T23:00:00Z,0.23076,0.23086,0.22991,0.23044,12690814
2025-04-09T00:00:00Z,0.23043,0.23116,0.22922,0.22932,21687201
2025-04-09T01:00:00Z,0.22932,0.22936,0.22603,0.22821,84754590
2025-04-09T02:00:00Z,0.22821,0.22873,0.22772,0.22795,20935631
2025-04-09T03:00:00Z,0.22795,0.22823,0.22687,0.22734,18682671
2025-04-09T04:00:00Z,0.22734,0.22831,0.22662,0.22692,24898788
2025-04-09T05:00:00Z,0.22692,0.22788,0.22645,0.22788,18853404
2025-04-09T06:00:00Z,0.22788,0.22876,0.22763,0.22857,20905113
2025-04-09T07:00:00Z,0.22858,0.22947,0.22848,0.22939,19474527
2025-04-09T08:00:00Z,0.22939,0.22977,0.22917,0.22948,19316142
2025-04-09T09:00:00Z,0.22949,0.22993,0.22913,0.22982,12440603
2025-04-09T10:00:00Z,0.22983,0.23067,0.22953,0.23030,13926432
2025-04-09T11:00:00Z,0.23030,0.23032,0.22704,0.22769,46753850
2025-04-09T12:00:00Z,0.22768,0.22838,0.22688,0.22821,20231868
2025-04-09T13:00:00Z,0.22819,0.23025,0.22801,0.23020,29417757
2025-04-09T14:00:00Z,0.23019,0.23214,0.22955,0.22961,41255172
2025-04-09T15:00:00Z,0.22961,0.23096,0.22953,0.23016,14771573
2025-04-09T16:00:00Z,0.23016,0.23148,0.23000,0.23126,15651035
2025-04-09T17:00:00Z,0.23126,0.23556,0.23049,0.23448,80304196
2025-04-09T18:00:00Z,0.23448,0.23630,0.23423,0.23583,33390900
2025-04-09T19:00:00Z,0.23583,0.23660,0.23563,0.23636,14518036
2025-04-09T20:00:00Z,0.23636,0.23822,0.23635,0.23762,26482082
2025-04-09T21:00:00Z,0.23762,0.23811,0.23704,0.23716,17507488
2025-04-09T22:00:00Z,0.23717,0.23795,0.23714,0.23789,12480123
2025-04-09T23:00:00Z,0.23789,0.23921,0.23781,0.23846,22035040
2025-04-10T00:00:00Z,0.23846,0.23878,0.23707,0.23826,22359238
2025-04-10T01:00:00Z,0.23826,0.23965,0.23824,0.23934,18212416
2025-04-10T02:00:00Z,0.23934,0.23981,0.23890,0.23909,20563614
2025-04-10T03:00:00Z,0.23909,0.23937,0.23700,0.23846,30326631
2025-04-10T04:00:00Z,0.23846,0.24098,0.23843,0.24092,44635831
2025-04-10T05:00:00Z,0.24092,0.24248,0.24052,0.24219,26796703
2025-04-10T06:00:00Z,0.24219,0.24415,0.24117,0.24199,50449151
2025-04-10T07:00:00Z,0.24199,0.24280,0.23997,0.24085,31508595
2025-04-10T08:00:00Z,0.24085,0.24096,0.23821,0.23954,33273891
2025-04-10T09:00:00Z,0.23954,0.24073,0.23943,0.24062,19945407
2025-04-10T10:00:00Z,0.24062,0.24198,0.24061,0.24183,22229426
2025-04-10T11:00:00Z,0.24184,0.24194,0.24098,0.24148,14686114
2025-04-10T12:00:00Z,0.24148,0.24200,0.23991,0.24052,38758870
2025-04-10T13:00:00Z,0.24053,0.24123,0.23881,0.23937,37208101
2025-04-10T14:00:00Z,0.23937,0.24020,0.23876,0.23954,30205273
2025-04-10T15:00:00Z,0.23954,0.23975,0.23446,0.23503,79630076
2025-04-10T16:00:00Z,0.23503,0.23683,0.23444,0.23667,31482067
2025-04-10T17:00:00Z,0.23666,0.23713,0.23517,0.23648,19606586
2025-04-10T18:00:00Z,0.23648,0.23699,0.23559,0.23677,14909421
2025-04-10T19:00:00Z,0.23679,0.23766,0.23651,0.23710,13420126
2025-04-10T20:00:00Z,0.23711,0.23716,0.23647,0.23678,8349821
2025-04-10T21:00:00Z,0.23677,0.23704,0.23598,0.23663,12408609
2025-04-10T22:00:00Z,0.23662,0.23677,0.23637,0.23648,8702853
2025-04-10T23:00:00Z,0.23648,0.23658,0.23604,0.23617,9214657
2025-04-11T00:00:00Z,0.23616,0.23623,0.23449,0.23459,21113968
2025-04-11T01:00:00Z,0.23459,0.23650,0.23449,0.23630,20607803
2025-04-11T02:00:00Z,0.23630,0.23644,0.23491,0.23492,18378011
2025-04-11T03:00:00Z,0.23493,0.23624,0.23470,0.23616,15409622
2025-04-11T04:00:00Z,0.23617,0.23625,0.23542,0.23567,14564542
2025-04-11T05:00:00Z,0.23567,0.23568,0.23482,0.23509,11025279
2025-04-11T06:00:00Z,0.23509,0.23535,0.23440,0.23450,18084324
2025-04-11T07:00:00Z,0.23449,0.23624,0.23445,0.23603,18872787
2025-04-11T08:00:00Z,0.23604,0.23804,0.23557,0.23724,31626849
2025-04-11T09:00:00Z,0.23724,0.23824,0.23674,0.23809,20441427
2025-04-11T10:00:00Z,0.23809,0.23853,0.23709,0.23719,19212364
2025-04-11T11:00:00Z,0.23717,0.23758,0.23646,0.23682,15516536
2025-04-11T12:00:00Z,0.23683,0.23761,0.23669,0.23722,10307133
2025-04-11T13:00:00Z,0.23719,0.23830,0.23689,0.23777,17073260
2025-04-11T14:00:00Z,0.23777,0.23790,0.23669,0.23750,14843524
2025-04-11T15:00:00Z,0.23750,0.23971,0.23731,0.23962,18400433
2025-04-11T16:00:00Z,0.23963,0.24133,0.23931,0.24131,33715416
2025-04-11T17:00:00Z,0.24131,0.24297,0.24123,0.24266,35656430
2025-04-11T18:00:00Z,0.24267,0.24336,0.24211,0.24294,19242331
2025-04-11T19:00:00Z,0.24294,0.24324,0.24260,0.24324,20763459
2025-04-11T20:00:00Z,0.24323,0.24373,0.24270,0.24330,14514434
2025-04-11T21:00:00Z,0.24331,0.24357,0.24220,0.24292,13322441
2025-04-11T22:00:00Z,0.24292,0.24360,0.24280,0.24340,10182096
2025-04-11T23:00:00Z,0.24340,0.24371,0.24281,0.24285,10739989
2025-04-12T00:00:00Z,0.24284,0.24390,0.24280,0.24350,16255016
2025-04-12T01:00:00Z,0.24350,0.24365,0.23999,0.24138,125536687
2025-04-12T02:00:00Z,0.24138,0.24269,0.24107,0.24240,17591705
2025-04-12T03:00:00Z,0.24241,0.24372,0.24238,0.24352,21276605
2025-04-12T04:00:00Z,0.24353,0.24479,0.24340,0.24460,22189322
2025-04-12T05:00:00Z,0.24460,0.24578,0.24448,0.24578,18324894
2025-04-12T06:00:00Z,0.24578,0.24820,0.24575,0.24739,48596574
2025-04-12T07:00:00Z,0.24740,0.24917,0.24723,0.24866,22798899
2025-04-12T08:00:00Z,0.24866,0.24917,0.24793,0.24874,20941232
2025-04-12T09:00:00Z,0.24875,0.24962,0.24862,0.24959,20420752
2025-04-12T10:00:00Z,0.24960,0.24967,0.24886,0.24945,17599559
2025-04-12T11:00:00Z,0.24944,0.25037,0.24888,0.25034,20801202
2025-04-12T12:00:00Z,0.25034,0.25063,0.24974,0.25005,20710498
2025-04-12T13:00:00Z,0.25006,0.25017,0.24930,0.24964,20316036
2025-04-12T14:00:00Z,0.24965,0.24993,0.24890,0.24954,21793594
2025-04-12T15:00:00Z,0.24954,0.25018,0.24917,0.25014,16216301
2025-04-12T16:00:00Z,0.25014,0.25036,0.24853,0.24884,27040356
2025-04-12T17:00:00Z,0.24884,0.24887,0.24767,0.24773,26906744
2025-04-12T18:00:00Z,0.24773,0.24803,0.24625,0.24633,32314790
2025-04-12T19:00:00Z,0.24633,0.24700,0.24594,0.24664,24806259
2025-04-12T20:00:00Z,0.24664,0.24699,0.24618,0.24649,17384995
2025-04-12T21:00:00Z,0.24649,0.24687,0.24597,0.24648,14199081
2025-04-12T22:00:00Z,0.24649,0.24680,0.24623,0.24631,11409259
2025-04-12T23:00:00Z,0.24632,0.24655,0.24578,0.24585,11803041
2025-04-13T00:00:00Z,0.24585,0.24612,0.24552,0.24569,14371425
2025-04-13T01:00:00Z,0.24569,0.24679,0.24563,0.24632,21471823
2025-04-13T02:00:00Z,0.24632,0.24700,0.24565,0.24689,23224846
2025-04-13T03:00:00Z,0.24689,0.24783,0.24679,0.24687,17458774
2025-04-13T04:00:00Z,0.24686,0.24730,0.24623,0.24695,15944185
2025-04-13T05:00:00Z,0.24694,0.24778,0.24659,0.24745,11879785
2025-04-13T06:00:00Z,0.24745,0.24778,0.24660,0.24668,12243983
2025-04-13T07:00:00Z,0.24668,0.24811,0.24656,0.24800,13221952
2025-04-13T08:00:00Z,0.24800,0.24834,0.24718,0.24739,20711323
2025-04-13T09:00:00Z,0.24739,0.24762,0.24633,0.24639,18621346
2025-04-13T10:00:00Z,0.24639,0.24647,0.24555,0.24624,24489322
2025-04-13T11:00:00Z,0.24624,0.24648,0.24577,0.24620,13931312
2025-04-13T12:00:00Z,0.24619,0.24738,0.24607,0.24726,12184435
2025-04-13T13:00:00Z,0.24727,0.24780,0.24661,0.24667,18589610
2025-04-13T14:00:00Z,0.24667,0.24885,0.24648,0.24884,25231139
2025-04-13T15:00:00Z,0.24884,0.25175,0.24844,0.25151,75141950
2025-04-13T16:00:00Z,0.25149,0.25330,0.25142,0.25262,52336187
2025-04-13T17:00:00Z,0.25262,0.25342,0.25217,0.25325,30982342
2025-04-13T18:00:00Z,0.25325,0.25440,0.25325,0.25362,31112522
2025-04-13T19:00:00Z,0.25361,0.25396,0.25163,0.25234,41090148
2025-04-13T20:00:00Z,0.25233,0.25360,0.25216,0.25259,31714771
2025-04-13T21:00:00Z,0.25260,0.25298,0.25221,0.25282,15722707
2025-04-13T22:00:00Z,0.25283,0.25323,0.25195,0.25289,21956415
2025-04-13T23:00:00Z,0.25289,0.25465,0.25260,0.25462,33904318
2025-04-14T00:00:00Z,0.25461,0.25560,0.25421,0.25521,38423823
2025-04-14T01:00:00Z,0.25521,0.25670,0.25490,0.25669,21942335
2025-04-14T02:00:00Z,0.25670,0.25998,0.25616,0.25854,52969661
2025-04-14T03:00:00Z,0.25853,0.25902,0.25485,0.25522,75797368
2025-04-14T04:00:00Z,0.25521,0.25692,0.25521,0.25601,29183030
2025-04-14T05:00:00Z,0.25603,0.25650,0.25537,0.25601,19756162
2025-04-14T06:00:00Z,0.25601,0.25629,0.25553,0.25565,12613642
2025-04-14T07:00:00Z,0.25566,0.25763,0.25514,0.25763,26694722
2025-04-14T08:00:00Z,0.25762,0.25766,0.25576,0.25601,23258401
2025-04-14T09:00:00Z,0.25600,0.25681,0.25572,0.25659,18412287
2025-04-14T10:00:00Z,0.25658,0.25885,0.25640,0.25860,28879495
2025-04-14T11:00:00Z,0.25861,0.25886,0.25692,0.25692,23103248
2025-04-14T12:00:00Z,0.25693,0.25693,0.25522,0.25581,36116051
2025-04-14T13:00:00Z,0.25581,0.25653,0.25546,0.25590,19819416
2025-04-14T14:00:00Z,0.25590,0.25618,0.25491,0.25503,21824482
2025-04-14T15:00:00Z,0.25503,0.25508,0.25219,0.25300,76040067
2025-04-14T16:00:00Z,0.25299,0.25355,0.25259,0.25311,21105230
2025-04-14T17:00:00Z,0.25311,0.25327,0.25247,0.25267,15681312
2025-04-14T18:00:00Z,0.25266,0.25298,0.25188,0.25297,23834855
2025-04-14T19:00:00Z,0.25298,0.25302,0.25240,0.25247,10170336
2025-04-14T20:00:00Z,0.25248,0.25250,0.25118,0.25148,26427482
2025-04-14T21:00:00Z,0.25148,0.25197,0.25134,0.25184,9844480
2025-04-14T22:00:00Z,0.25185,0.25241,0.25162,0.25199,13522890
2025-04-14T23:00:00Z,0.25198,0.25226,0.25146,0.25199,11197939
2025-04-15T00:00:00Z,0.25200,0.25235,0.25105,0.25132,16933128
2025-04-15T01:00:00Z,0.25132,0.25157,0.25083,0.25119,12158067
2025-04-15T02:00:00Z,0.25119,0.25164,0.25089,0.25148,10315277
2025-04-15T03:00:00Z,0.25148,0.25376,0.25138,0.25334,37236685
2025-04-15T04:00:00Z,0.25334,0.25346,0.25281,0.25298,9532124
2025-04-15T05:00:00Z,0.25298,0.25341,0.25265,0.25268,12747090
2025-04-15T06:00:00Z,0.25267,0.25278,0.25130,0.25179,21008435
2025-04-15T07:00:00Z,0.25179,0.25183,0.25108,0.25158,9256965
2025-04-15T08:00:00Z,0.25157,0.25181,0.25100,0.25175,11701070
2025-04-15T09:00:00Z,0.25175,0.25226,0.25144,0.25145,15291371
2025-04-15T10:00:00Z,0.25144,0.25145,0.24717,0.24763,106455603
2025-04-15T11:00:00Z,0.24763,0.24818,0.24702,0.24812,22510123
2025-04-15T12:00:00Z,0.24813,0.24870,0.24749,0.24749,22489009
2025-04-15T13:00:00Z,0.24749,0.24899,0.24712,0.24816,31067300
2025-04-15T14:00:00Z,0.24818,0.24866,0.24701,0.24740,36344614
2025-04-15T15:00:00Z,0.24739,0.24811,0.24665,0.24698,14882381
2025-04-15T16:00:00Z,0.24698,0.24864,0.24689,0.24827,18455209
2025-04-15T17:00:00Z,0.24826,0.24878,0.24785,0.24830,12488631
2025-04-15T18:00:00Z,0.24829,0.25054,0.24829,0.25036,29960647
2025-04-15T19:00:00Z,0.25036,0.25086,0.25003,0.25077,18048124
2025-04-15T20:00:00Z,0.25077,0.25115,0.25032,0.25056,17082855
2025-04-15T21:00:00Z,0.25055,0.25082,0.25038,0.25062,7342809
2025-04-15T22:00:00Z,0.25062,0.25086,0.25001,0.25042,14737599
2025-04-15T23:00:00Z,0.25043,0.25084,0.25012,0.25037,12367273
2025-04-16T00:00:00Z,0.25038,0.25052,0.24966,0.24989,14379596
2025-04-16T01:00:00Z,0.24989,0.25214,0.24982,0.25211,24804442
2025-04-16T02:00:00Z,0.25210,0.25221,0.25111,0.25200,16726986
2025-04-16T03:00:00Z,0.25200,0.25305,0.25200,0.25262,18463880
2025-04-16T04:00:00Z,0.25261,0.25292,0.25121,0.25259,21648039
2025-04-16T05:00:00Z,0.25258,0.25304,0.25146,0.25213,18432078
2025-04-16T06:00:00Z,0.25212,0.25299,0.25182,0.25258,12067677
2025-04-16T07:00:00Z,0.25257,0.25295,0.25208,0.25210,12764945
2025-04-16T08:00:00Z,0.25209,0.25398,0.25167,0.25388,31467037
2025-04-16T09:00:00Z,0.25389,0.25428,0.25335,0.25352,23922240
2025-04-16T10:00:00Z,0.25351,0.25423,0.25351,0.25400,15232634
2025-04-16T11:00:00Z,0.25400,0.25419,0.25355,0.25393,10783315
2025-04-16T12:00:00Z,0.25393,0.25469,0.25306,0.25324,24650391
2025-04-16T13:00:00Z,0.25324,0.25428,0.25317,0.25403,17399439
2025-04-16T14:00:00Z,0.25402,0.25497,0.25400,0.25491,21706800
2025-04-16T15:00:00Z,0.25491,0.25521,0.25434,0.25480,17401610
2025-04-16T16:00:00Z,0.25479,0.25513,0.25272,0.25380,28261539
2025-04-16T17:00:00Z,0.25379,0.25394,0.25062,0.25069,52232211
2025-04-16T18:00:00Z,0.25070,0.25185,0.25054,0.25098,26366032
2025-04-16T19:00:00Z,0.25097,0.25123,0.25006,0.25060,25322910
2025-04-16T20:00:00Z,0.25061,0.25061,0.24872,0.24878,24223050
2025-04-16T21:00:00Z,0.24877,0.24967,0.24851,0.24924,15530380
2025-04-16T22:00:00Z,0.24925,0.24927,0.24850,0.24859,13670750
2025-04-16T23:00:00Z,0.24859,0.24864,0.24727,0.24736,20973556
2025-04-17T00:00:00Z,0.24736,0.24737,0.24389,0.24455,64583467
2025-04-17T01:00:00Z,0.24455,0.24666,0.24399,0.24577,33752133
2025-04-17T02:00:00Z,0.24576,0.24576,0.24359,0.24400,25954074
2025-04-17T03:00:00Z,0.24399,0.24521,0.24376,0.24461,19219457
2025-04-17T04:00:00Z,0.24461,0.24497,0.24395,0.24459,21588956
2025-04-17T05:00:00Z,0.24458,0.24579,0.24421,0.24484,35606496
2025-04-17T06:00:00Z,0.24485,0.24599,0.24454,0.24562,22149224
2025-04-17T07:00:00Z,0.24562,0.24563,0.24463,0.24493,13215045
2025-04-17T08:00:00Z,0.24492,0.24493,0.24414,0.24419,14531832
2025-04-17T09:00:00Z,0.24419,0.24550,0.24404,0.24447,25941409
2025-04-17T10:00:00Z,0.24447,0.24690,0.24432,0.24683,27031643
2025-04-17T11:00:00Z,0.24683,0.24847,0.24683,0.24799,30600690
2025-04-17T12:00:00Z,0.24800,0.24838,0.24686,0.24745,18639126
2025-04-17T13:00:00Z,0.24745,0.24840,0.24731,0.24813,18628180
2025-04-17T14:00:00Z,0.24814,0.24845,0.24704,0.24732,24030404
2025-04-17T15:00:00Z,0.24732,0.24860,0.24732,0.24848,16982351
2025-04-17T16:00:00Z,0.24849,0.24995,0.24837,0.24911,27561560
2025-04-17T17:00:00Z,0.24912,0.25050,0.24912,0.24980,20001401
2025-04-17T18:00:00Z,0.24980,0.24999,0.24890,0.24937,15260420
2025-04-17T19:00:00Z,0.24937,0.24967,0.24741,0.24798,31248403
2025-04-17T20:00:00Z,0.24798,0.24862,0.24797,0.24829,9242035
2025-04-17T21:00:00Z,0.24828,0.24913,0.24828,0.24853,7921936
2025-04-17T22:00:00Z,0.24852,0.24853,0.24765,0.24796,10381034
2025-04-17T23:00:00Z,0.24796,0.24807,0.24755,0.24763,7156660
2025-04-18T00:00:00Z,0.24763,0.24785,0.24694,0.24715,10438393
2025-04-18T01:00:00Z,0.24715,0.24748,0.24677,0.24686,7696159
2025-04-18T02:00:00Z,0.24686,0.24700,0.24582,0.24585,11781558
2025-04-18T03:00:00Z,0.24586,0.24658,0.24526,0.24649,15873461
2025-04-18T04:00:00Z,0.24649,0.24649,0.24534,0.24540,14839479
2025-04-18T05:00:00Z,0.24539,0.24618,0.24515,0.24546,12034637
2025-04-18T06:00:00Z,0.24547,0.24547,0.24468,0.24505,15608686
2025-04-18T07:00:00Z,0.24505,0.24513,0.24436,0.24454,13953206
2025-04-18T08:00:00Z,0.24453,0.24465,0.24413,0.24420,10883012
2025-04-18T09:00:00Z,0.24420,0.24640,0.24418,0.24615,20572560
2025-04-18T10:00:00Z,0.24616,0.24616,0.24453,0.24497,14875360
2025-04-18T11:00:00Z,0.24498,0.24530,0.24454,0.24477,9759652
2025-04-18T12:00:00Z,0.24478,0.24478,0.24258,0.24276,30655149
2025-04-18T13:00:00Z,0.24277,0.24399,0.24272,0.24372,15638108
2025-04-18T14:00:00Z,0.24373,0.24384,0.24258,0.24303,17183792
2025-04-18T15:00:00Z,0.24303,0.24310,0.24258,0.24277,12014406
2025-04-18T16:00:00Z,0.24277,0.24278,0.24152,0.24174,25458616
2025-04-18T17:00:00Z,0.24174,0.24225,0.24154,0.24187,12968695
2025-04-18T18:00:00Z,0.24187,0.24194,0.24107,0.24122,14168269
2025-04-18T19:00:00Z,0.24123,0.24350,0.24096,0.24134,66418953
2025-04-18T20:00:00Z,0.24134,0.24140,0.24051,0.24060,18942632
2025-04-18T21:00:00Z,0.24061,0.24081,0.24024,0.24041,9723198
2025-04-18T22:00:00Z,0.24042,0.24042,0.23981,0.23991,11387991
2025-04-18T23:00:00Z,0.23991,0.24010,0.23943,0.23963,12434245
2025-04-19T00:00:00Z,0.23963,0.24146,0.23943,0.24136,23523447
2025-04-19T01:00:00Z,0.24135,0.24221,0.24100,0.24104,22877011
2025-04-19T02:00:00Z,0.24105,0.24140,0.24081,0.24100,11751241
2025-04-19T03:00:00Z,0.24099,0.24178,0.24085,0.24170,13300538
2025-04-19T04:00:00Z,0.24170,0.24191,0.24111,0.24164,9751991
2025-04-19T05:00:00Z,0.24165,0.24178,0.24113,0.24123,6974965
2025-04-19T06:00:00Z,0.24124,0.24191,0.24107,0.24139,7814089
2025-04-19T07:00:00Z,0.24140,0.24181,0.24129,0.24174,7111404
2025-04-19T08:00:00Z,0.24175,0.24265,0.24158,0.24212,14022992
2025-04-19T09:00:00Z,0.24213,0.24228,0.24109,0.24152,16068568
2025-04-19T10:00:00Z,0.24151,0.24197,0.24117,0.24146,9632127
2025-04-19T11:00:00Z,0.24145,0.24246,0.24131,0.24246,8719939
2025-04-19T12:00:00Z,0.24246,0.24290,0.24205,0.24290,11297345
2025-04-19T13:00:00Z,0.24290,0.24375,0.24252,0.24260,16902241
2025-04-19T14:00:00Z,0.24260,0.24310,0.24187,0.24202,10040213
2025-04-19T15:00:00Z,0.24202,0.24231,0.24087,0.24108,21222992
2025-04-19T16:00:00Z,0.24108,0.24135,0.24037,0.24105,15880519
2025-04-19T17:00:00Z,0.24105,0.24164,0.24071,0.24141,7918717
2025-04-19T18:00:00Z,0.24141,0.24182,0.24124,0.24169,8279736
2025-04-19T19:00:00Z,0.24169,0.24282,0.24169,0.24262,15460807
2025-04-19T20:00:00Z,0.24261,0.24304,0.24215,0.24238,10168809
2025-04-19T21:00:00Z,0.24237,0.24273,0.24231,0.24259,5319196
2025-04-19T22:00:00Z,0.24259,0.24337,0.24239,0.24318,7748389
2025-04-19T23:00:00Z,0.24318,0.24456,0.24318,0.24392,12618675
2025-04-20T00:00:00Z,0.24392,0.24537,0.24360,0.24517,22930239
2025-04-20T01:00:00Z,0.24517,0.24524,0.24401,0.24427,12709026
2025-04-20T02:00:00Z,0.24427,0.24483,0.24395,0.24429,11332647
2025-04-20T03:00:00Z,0.24428,0.24467,0.24394,0.24409,8830904
2025-04-20T04:00:00Z,0.24409,0.24415,0.24274,0.24288,13306001
2025-04-20T05:00:00Z,0.24287,0.24313,0.24255,0.24293,8501355
2025-04-20T06:00:00Z,0.24292,0.24316,0.24202,0.24218,13548158
2025-04-20T07:00:00Z,0.24219,0.24220,0.24137,0.24150,13901806
2025-04-20T08:00:00Z,0.24149,0.24230,0.24109,0.24229,12629318
2025-04-20T09:00:00Z,0.24230,0.24392,0.24228,0.24372,21250716
2025-04-20T10:00:00Z,0.24371,0.24448,0.24305,0.24350,20228388
2025-04-20T11:00:00Z,0.24350,0.24489,0.24336,0.24439,18347876
2025-04-20T12:00:00Z,0.24439,0.24583,0.24437,0.24508,24470787
2025-04-20T13:00:00Z,0.24509,0.24579,0.24484,0.24518,14461592
2025-04-20T14:00:00Z,0.24519,0.24535,0.24368,0.24499,20301484
2025-04-20T15:00:00Z,0.24499,0.24558,0.24418,0.24472,14082911
2025-04-20T16:00:00Z,0.24473,0.24574,0.24419,0.24561,14964727
2025-04-20T17:00:00Z,0.24562,0.24597,0.24522,0.24530,10281021
2025-04-20T18:00:00Z,0.24530,0.24679,0.24529,0.24661,17411864
2025-04-20T19:00:00Z,0.24661,0.24679,0.24605,0.24628,6939769
2025-04-20T20:00:00Z,0.24628,0.24645,0.24588,0.24634,8172744
2025-04-20T21:00:00Z,0.24633,0.24670,0.24562,0.24586,9039430
2025-04-20T22:00:00Z,0.24586,0.24594,0.24506,0.24518,7144365
2025-04-20T23:00:00Z,0.24517,0.24540,0.24335,0.24356,23165050
2025-04-21T00:00:00Z,0.24356,0.24508,0.24339,0.24461,28276935
2025-04-21T01:00:00Z,0.24461,0.24691,0.24460,0.24650,29771941
2025-04-21T02:00:00Z,0.24651,0.24660,0.24518,0.24530,15380128
2025-04-21T03:00:00Z,0.24530,0.24541,0.24387,0.24487,23958630
2025-04-21T04:00:00Z,0.24487,0.24494,0.24398,0.24435,16332049
2025-04-21T05:00:00Z,0.24436,0.24515,0.24412,0.24417,20084016
2025-04-21T06:00:00Z,0.24418,0.24488,0.24373,0.24431,17090698
2025-04-21T07:00:00Z,0.24431,0.24567,0.24393,0.24547,13275308
2025-04-21T08:00:00Z,0.24546,0.24562,0.24464,0.24495,15481771
2025-04-21T09:00:00Z,0.24494,0.24496,0.24246,0.24314,32971415
2025-04-21T10:00:00Z,0.24314,0.24359,0.24293,0.24313,14263211
2025-04-21T11:00:00Z,0.24314,0.24315,0.24198,0.24243,22149888
2025-04-21T12:00:00Z,0.24244,0.24262,0.24134,0.24161,15545661
2025-04-21T13:00:00Z,0.24161,0.24241,0.24072,0.24185,31074057
2025-04-21T14:00:00Z,0.24184,0.24340,0.24159,0.24298,26330971
2025-04-21T15:00:00Z,0.24298,0.24376,0.24266,0.24347,14580054
2025-04-21T16:00:00Z,0.24348,0.24388,0.24269,0.24293,15990378
2025-04-21T17:00:00Z,0.24291,0.24362,0.24226,0.24318,25174064
2025-04-21T18:00:00Z,0.24319,0.24480,0.24290,0.24452,27594080
2025-04-21T19:00:00Z,0.24452,0.24554,0.24435,0.24500,20527491
2025-04-21T20:00:00Z,0.24500,0.24599,0.24500,0.24594,15018317
2025-04-21T21:00:00Z,0.24594,0.24607,0.24534,0.24544,11937214
2025-04-21T22:00:00Z,0.24544,0.24665,0.24544,0.24653,19831170
2025-04-21T23:00:00Z,0.24652,0.24666,0.24598,0.24631,14644269
2025-04-22T00:00:00Z,0.24630,0.24728,0.24611,0.24684,27808859
2025-04-22T01:00:00Z,0.24684,0.24703,0.24596,0.24616,15356629
2025-04-22T02:00:00Z,0.24616,0.24697,0.24545,0.24623,17349805
2025-04-22T03:00:00Z,0.24624,0.24638,0.24561,0.24565,9116759
2025-04-22T04:00:00Z,0.24565,0.24676,0.24565,0.24664,9502102
2025-04-22T05:00:00Z,0.24664,0.24691,0.24601,0.24643,12817830
2025-04-22T06:00:00Z,0.24643,0.24793,0.24639,0.24767,28844606
2025-04-22T07:00:00Z,0.24766,0.24849,0.24740,0.24825,13394817
2025-04-22T08:00:00Z,0.24826,0.24853,0.24793,0.24824,15174689
2025-04-22T09:00:00Z,0.24824,0.24931,0.24803,0.24822,20178204
2025-04-22T10:00:00Z,0.24821,0.24833,0.24679,0.24697,15602619
2025-04-22T11:00:00Z,0.24697,0.24699,0.24442,0.24478,37822630
2025-04-22T12:00:00Z,0.24477,0.24485,0.24347,0.24421,34227562
2025-04-22T13:00:00Z,0.24420,0.24574,0.24378,0.24528,30018351
2025-04-22T14:00:00Z,0.24528,0.24684,0.24475,0.24661,35538214
2025-04-22T15:00:00Z,0.24660,0.24725,0.24583,0.24662,31303051
2025-04-22T16:00:00Z,0.24663,0.24685,0.24583,0.24645,16093193
2025-04-22T17:00:00Z,0.24645,0.24686,0.24615,0.24650,11836422
2025-04-22T18:00:00Z,0.24650,0.24672,0.24585,0.24605,10761181
2025-04-22T19:00:00Z,0.24605,0.24605,0.24489,0.24538,14928792
2025-04-22T20:00:00Z,0.24538,0.24542,0.24462,0.24482,12103970
2025-04-22T21:00:00Z,0.24482,0.24652,0.24441,0.24622,24651558
2025-04-22T22:00:00Z,0.24623,0.25006,0.24622,0.24680,42839112
2025-04-22T23:00:00Z,0.24681,0.24836,0.24679,0.24823,18624156
2025-04-23T00:00:00Z,0.24822,0.24850,0.24620,0.24636,23882218
2025-04-23T01:00:00Z,0.24636,0.24745,0.24629,0.24688,18039735
2025-04-23T02:00:00Z,0.24687,0.24823,0.24670,0.24764,13741026
2025-04-23T03:00:00Z,0.24764,0.24784,0.24720,0.24746,13181481
2025-04-23T04:00:00Z,0.24746,0.24795,0.24703,0.24795,14253520
2025-04-23T05:00:00Z,0.24794,0.24945,0.24747,0.24760,35485841
2025-04-23T06:00:00Z,0.24760,0.24819,0.24709,0.24794,21721639
2025-04-23T07:00:00Z,0.24792,0.24796,0.24551,0.24666,30597809
2025-04-23T08:00:00Z,0.24666,0.24716,0.24595,0.24638,20933738
2025-04-23T09:00:00Z,0.24638,0.24671,0.24596,0.24611,15459097
2025-04-23T10:00:00Z,0.24611,0.24622,0.24482,0.24535,31371635
2025-04-23T11:00:00Z,0.24535,0.24631,0.24507,0.24560,15546203
2025-04-23T12:00:00Z,0.24559,0.24640,0.24534,0.24627,13351122
2025-04-23T13:00:00Z,0.24627,0.24706,0.24515,0.24523,25935904
2025-04-23T14:00:00Z,0.24525,0.24580,0.24384,0.24478,31188493
2025-04-23T15:00:00Z,0.24478,0.24478,0.24307,0.24431,26180713
2025-04-23T16:00:00Z,0.24430,0.24588,0.24387,0.24533,22790147
2025-04-23T17:00:00Z,0.24532,0.24578,0.24511,0.24547,10469387
2025-04-23T18:00:00Z,0.24547,0.24566,0.24516,0.24552,9771277
2025-04-23T19:00:00Z,0.24551,0.24574,0.24513,0.24558,9001947
2025-04-23T20:00:00Z,0.24558,0.24681,0.24558,0.24680,13765998
2025-04-23T21:00:00Z,0.24680,0.24733,0.24615,0.24646,14079839
2025-04-23T22:00:00Z,0.24646,0.24694,0.24631,0.24655,9199408
2025-04-23T23:00:00Z,0.24655,0.24668,0.24576,0.24614,8945321
2025-04-24T00:00:00Z,0.24612,0.24632,0.24533,0.24560,13793594
2025-04-24T01:00:00Z,0.24560,0.24600,0.24529,0.24541,7681959
2025-04-24T02:00:00Z,0.24540,0.24557,0.24466,0.24470,9126692
2025-04-24T03:00:00Z,0.24470,0.24494,0.24333,0.24339,21088617
2025-04-24T04:00:00Z,0.24339,0.24359,0.24251,0.24308,22603106
2025-04-24T05:00:00Z,0.24308,0.24386,0.24305,0.24370,9762277
2025-04-24T06:00:00Z,0.24369,0.24384,0.24249,0.24261,13405648
2025-04-24T07:00:00Z,0.24262,0.24325,0.24222,0.24232,11170572
2025-04-24T08:00:00Z,0.24232,0.24307,0.24168,0.24253,22714748
2025-04-24T09:00:00Z,0.24252,0.24370,0.24252,0.24369,26659705
2025-04-24T10:00:00Z,0.24368,0.24481,0.24338,0.24470,16935154
2025-04-24T11:00:00Z,0.24469,0.24520,0.24368,0.24433,19863342
2025-04-24T12:00:00Z,0.24435,0.24491,0.24403,0.24491,15173623
2025-04-24T13:00:00Z,0.24491,0.24565,0.24469,0.24539,17880102
2025-04-24T14:00:00Z,0.24540,0.24646,0.24498,0.24603,18852868
2025-04-24T15:00:00Z,0.24602,0.24719,0.24600,0.24708,18020038
2025-04-24T16:00:00Z,0.24707,0.24750,0.24653,0.24688,16663909
2025-04-24T17:00:00Z,0.24689,0.24718,0.24556,0.24674,22275247
2025-04-24T18:00:00Z,0.24674,0.24705,0.24644,0.24704,9870686
2025-04-24T19:00:00Z,0.24703,0.24726,0.24605,0.24641,12234943
2025-04-24T20:00:00Z,0.24641,0.24675,0.24613,0.24656,8536078
2025-04-24T21:00:00Z,0.24656,0.24668,0.24603,0.24631,7177686
2025-04-24T22:00:00Z,0.24631,0.24648,0.24541,0.24559,8986924
2025-04-24T23:00:00Z,0.24560,0.24560,0.24516,0.24530,9068960
2025-04-25T00:00:00Z,0.24530,0.24584,0.24413,0.24418,21737673
2025-04-25T01:00:00Z,0.24418,0.24451,0.24311,0.24312,23364333
2025-04-25T02:00:00Z,0.24312,0.24355,0.24283,0.24324,21270659
2025-04-25T03:00:00Z,0.24324,0.24429,0.24307,0.24377,13707709
2025-04-25T04:00:00Z,0.24378,0.24400,0.24319,0.24352,11579564
2025-04-25T05:00:00Z,0.24351,0.24352,0.24259,0.24312,12992253
2025-04-25T06:00:00Z,0.24312,0.24381,0.24294,0.24370,11345439
2025-04-25T07:00:00Z,0.24369,0.24420,0.24321,0.24347,12819444
2025-04-25T08:00:00Z,0.24347,0.24359,0.24316,0.24328,13177095
2025-04-25T09:00:00Z,0.24329,0.24336,0.24263,0.24323,19867238
2025-04-25T10:00:00Z,0.24323,0.24323,0.24202,0.24216,21582890
2025-04-25T11:00:00Z,0.24217,0.24314,0.24186,0.24311,20001114
2025-04-25T12:00:00Z,0.24312,0.24409,0.24271,0.24295,32589710
2025-04-25T13:00:00Z,0.24295,0.24351,0.24236,0.24256,15907377
2025-04-25T14:00:00Z,0.24257,0.24441,0.24250,0.24397,22305616
2025-04-25T15:00:00Z,0.24397,0.24420,0.24329,0.24359,19656862
2025-04-25T16:00:00Z,0.24360,0.24387,0.24287,0.24359,12549391
2025-04-25T17:00:00Z,0.24359,0.24364,0.24259,0.24264,13802611
2025-04-25T18:00:00Z,0.24264,0.24284,0.24219,0.24239,12977848
2025-04-25T19:00:00Z,0.24239,0.24280,0.24210,0.24278,7049743
2025-04-25T20:00:00Z,0.24277,0.24305,0.24218,0.24226,7033907
2025-04-25T21:00:00Z,0.24226,0.24245,0.24014,0.24070,29612782
2025-04-25T22:00:00Z,0.24071,0.24181,0.23990,0.24171,25127585
2025-04-25T23:00:00Z,0.24170,0.24182,0.24126,0.24171,8959522
2025-04-26T00:00:00Z,0.24170,0.24236,0.24153,0.24215,10922534
2025-04-26T01:00:00Z,0.24216,0.24338,0.24203,0.24299,15501341
2025-04-26T02:00:00Z,0.24300,0.24347,0.24280,0.24290,11598488
2025-04-26T03:00:00Z,0.24289,0.24318,0.24275,0.24303,6288709
2025-04-26T04:00:00Z,0.24303,0.24376,0.24296,0.24364,11267629
2025-04-26T05:00:00Z,0.24364,0.24446,0.24363,0.24445,12475763
2025-04-26T06:00:00Z,0.24445,0.24597,0.24445,0.24549,27678646
2025-04-26T07:00:00Z,0.24550,0.24683,0.24535,0.24549,30286870
2025-04-26T08:00:00Z,0.24549,0.24662,0.24507,0.24597,33590305
2025-04-26T09:00:00Z,0.24597,0.24739,0.24597,0.24738,26750736
2025-04-26T10:00:00Z,0.24737,0.25065,0.24721,0.25004,78442217
2025-04-26T11:00:00Z,0.25004,0.25239,0.25004,0.25176,68250397
2025-04-26T12:00:00Z,0.25176,0.25303,0.25127,0.25212,52486703
2025-04-26T13:00:00Z,0.25213,0.25247,0.24961,0.25027,65605987
2025-04-26T14:00:00Z,0.25026,0.25072,0.24936,0.25044,33791830
2025-04-26T15:00:00Z,0.25045,0.25115,0.25045,0.25080,19105373
2025-04-26T16:00:00Z,0.25081,0.25186,0.25081,0.25175,20326930
2025-04-26T17:00:00Z,0.25175,0.25263,0.25144,0.25255,14693643
2025-04-26T18:00:00Z,0.25255,0.25304,0.25165,0.25203,20720520
2025-04-26T19:00:00Z,0.25204,0.25284,0.25193,0.25271,12817262
2025-04-26T20:00:00Z,0.25272,0.25336,0.25204,0.25248,13914642
2025-04-26T21:00:00Z,0.25248,0.25292,0.25228,0.25238,7478368
2025-04-26T22:00:00Z,0.25237,0.25267,0.25160,0.25173,13432428
2025-04-26T23:00:00Z,0.25172,0.25221,0.25171,0.25201,11247856
2025-04-27T00:00:00Z,0.25201,0.25413,0.25200,0.25345,30230672
2025-04-27T01:00:00Z,0.25345,0.25454,0.25217,0.25231,54832796
2025-04-27T02:00:00Z,0.25231,0.25231,0.25029,0.25213,39180661
2025-04-27T03:00:00Z,0.25212,0.25213,0.25144,0.25156,11243529
2025-04-27T04:00:00Z,0.25156,0.25341,0.25137,0.25243,24481426
2025-04-27T05:00:00Z,0.25244,0.25287,0.25091,0.25102,22500470
2025-04-27T06:00:00Z,0.25102,0.25149,0.25010,0.25054,18492803
2025-04-27T07:00:00Z,0.25054,0.25141,0.25021,0.25073,13601189
2025-04-27T08:00:00Z,0.25073,0.25117,0.24875,0.24893,34001381
2025-04-27T09:00:00Z,0.24894,0.24983,0.24893,0.24962,13414680
2025-04-27T10:00:00Z,0.24961,0.25029,0.24931,0.24974,10807536
2025-04-27T11:00:00Z,0.24974,0.25022,0.24946,0.24986,10613579
2025-04-27T12:00:00Z,0.24986,0.24986,0.24843,0.24866,18714962
2025-04-27T13:00:00Z,0.24866,0.24887,0.24803,0.24867,14979609
2025-04-27T14:00:00Z,0.24866,0.24887,0.24819,0.24823,10725738
2025-04-27T15:00:00Z,0.24824,0.24890,0.24800,0.24889,13521206
2025-04-27T16:00:00Z,0.24888,0.24969,0.24855,0.24877,14068138
2025-04-27T17:00:00Z,0.24878,0.24923,0.24864,0.24902,6507427
2025-04-27T18:00:00Z,0.24903,0.24903,0.24794,0.24800,11225898
2025-04-27T19:00:00Z,0.24799,0.24819,0.24728,0.24746,13053205
2025-04-27T20:00:00Z,0.24746,0.24752,0.24648,0.24658,17951597
2025-04-27T21:00:00Z,0.24659,0.24734,0.24602,0.24677,14855295
2025-04-27T22:00:00Z,0.24677,0.24694,0.24536,0.24553,19009585
2025-04-27T23:00:00Z,0.24552,0.24578,0.24502,0.24513,16053488
2025-04-28T00:00:00Z,0.24513,0.24568,0.24378,0.24418,37602192
2025-04-28T01:00:00Z,0.24418,0.24422,0.24319,0.24365,26442374
2025-04-28T02:00:00Z,0.24365,0.24501,0.24332,0.24501,17429587
2025-04-28T03:00:00Z,0.24500,0.24503,0.24399,0.24418,12335899
2025-04-28T04:00:00Z,0.24418,0.24487,0.24364,0.24485,15029077
2025-04-28T05:00:00Z,0.24485,0.24588,0.24474,0.24530,18058796
2025-04-28T06:00:00Z,0.24531,0.24669,0.24527,0.24595,28806669
2025-04-28T07:00:00Z,0.24595,0.24749,0.24519,0.24707,29204876
2025-04-28T08:00:00Z,0.24708,0.24723,0.24608,0.24659,21456003
2025-04-28T09:00:00Z,0.24659,0.24681,0.24623,0.24644,15094369
2025-04-28T10:00:00Z,0.24644,0.24719,0.24571,0.24635,27544066
2025-04-28T11:00:00Z,0.24635,0.24711,0.24620,0.24686,18516793
2025-04-28T12:00:00Z,0.24684,0.24692,0.24574,0.24577,10488366
2025-04-28T13:00:00Z,0.24576,0.24595,0.24411,0.24427,30728227
2025-04-28T14:00:00Z,0.24428,0.24519,0.24414,0.24467,15343626
2025-04-28T15:00:00Z,0.24467,0.24553,0.24409,0.24502,22440748
2025-04-28T16:00:00Z,0.24501,0.24627,0.24483,0.24597,14925947
2025-04-28T17:00:00Z,0.24598,0.24714,0.24597,0.24690,17946845
2025-04-28T18:00:00Z,0.24690,0.24743,0.24656,0.24733,14953846
2025-04-28T19:00:00Z,0.24732,0.24793,0.24703,0.24737,14939282
2025-04-28T20:00:00Z,0.24737,0.24805,0.24712,0.24802,13398390
2025-04-28T21:00:00Z,0.24802,0.24818,0.24746,0.24797,9106383
2025-04-28T22:00:00Z,0.24796,0.24835,0.24752,0.24784,11532526
2025-04-28T23:00:00Z,0.24784,0.24831,0.24778,0.24824,8625883
2025-04-29T00:00:00Z,0.24823,0.24968,0.24823,0.24967,21984303
2025-04-29T01:00:00Z,0.24967,0.24988,0.24759,0.24816,27627681
2025-04-29T02:00:00Z,0.24816,0.24832,0.24669,0.24688,13068913
2025-04-29T03:00:00Z,0.24689,0.24789,0.24678,0.24781,7487986
2025-04-29T04:00:00Z,0.24781,0.24789,0.24664,0.24698,10752595
2025-04-29T05:00:00Z,0.24698,0.24747,0.24691,0.24714,7168374
2025-04-29T06:00:00Z,0.24714,0.24752,0.24680,0.24701,9738996
2025-04-29T07:00:00Z,0.24701,0.24725,0.24679,0.24691,7520875
2025-04-29T08:00:00Z,0.24691,0.24787,0.24642,0.24738,13716324
2025-04-29T09:00:00Z,0.24738,0.24767,0.24686,0.24727,12711587
2025-04-29T10:00:00Z,0.24727,0.24759,0.24702,0.24724,9224888
2025-04-29T11:00:00Z,0.24724,0.24740,0.24667,0.24701,7270821
2025-04-29T12:00:00Z,0.24700,0.24700,0.24516,0.24548,23276260
2025-04-29T13:00:00Z,0.24549,0.24668,0.24511,0.24596,19109096
2025-04-29T14:00:00Z,0.24596,0.24606,0.24553,0.24570,9515903
2025-04-29T15:00:00Z,0.24570,0.24576,0.24490,0.24497,9458680
2025-04-29T16:00:00Z,0.24497,0.24614,0.24497,0.24585,11078461
2025-04-29T17:00:00Z,0.24586,0.24586,0.24533,0.24550,7123270
2025-04-29T18:00:00Z,0.24550,0.24621,0.24537,0.24585,8170095
2025-04-29T19:00:00Z,0.24584,0.24617,0.24567,0.24597,5746397
2025-04-29T20:00:00Z,0.24596,0.24597,0.24551,0.24553,5837490
2025-04-29T21:00:00Z,0.24552,0.24556,0.24383,0.24400,18916259
2025-04-29T22:00:00Z,0.24401,0.24403,0.24327,0.24354,10961886
2025-04-29T23:00:00Z,0.24354,0.24375,0.24281,0.24371,14250246
2025-04-30T00:00:00Z,0.24370,0.24462,0.24363,0.24406,11850303
2025-04-30T01:00:00Z,0.24406,0.24430,0.24215,0.24287,17412144
2025-04-30T02:00:00Z,0.24286,0.24334,0.24201,0.24296,16122865
2025-04-30T03:00:00Z,0.24296,0.24421,0.24284,0.24414,8461403
2025-04-30T04:00:00Z,0.24414,0.24419,0.24358,0.24393,7112695
2025-04-30T05:00:00Z,0.24393,0.24394,0.24326,0.24330,5270982
2025-04-30T06:00:00Z,0.24326,0.24336,0.24280,0.24328,8206251
2025-04-30T07:00:00Z,0.24329,0.24394,0.24312,0.24354,6575976
2025-04-30T08:00:00Z,0.24354,0.24449,0.24336,0.24439,11706935
2025-04-30T09:00:00Z,0.24438,0.24540,0.24436,0.24527,15799322
2025-04-30T10:00:00Z,0.24527,0.24542,0.24481,0.24518,10804394
2025-04-30T11:00:00Z,0.24518,0.24541,0.24484,0.24520,7460184
2025-04-30T12:00:00Z,0.24520,0.24573,0.24427,0.24482,20297940
2025-04-30T13:00:00Z,0.24481,0.24533,0.24272,0.24281,31064363
2025-04-30T14:00:00Z,0.24280,0.24463,0.24261,0.24421,28794477
2025-04-30T15:00:00Z,0.24422,0.24450,0.24400,0.24440,10823080
2025-04-30T16:00:00Z,0.24441,0.24526,0.24432,0.24515,14217487
2025-04-30T17:00:00Z,0.24515,0.24565,0.24515,0.24561,8628522
2025-04-30T18:00:00Z,0.24562,0.24647,0.24546,0.24634,18469315
2025-04-30T19:00:00Z,0.24634,0.24644,0.24564,0.24639,12901493
2025-04-30T20:00:00Z,0.24639,0.24702,0.24633,0.24654,12924014
2025-04-30T21:00:00Z,0.24654,0.24676,0.24618,0.24640,5529481
2025-04-30T22:00:00Z,0.24639,0.24698,0.24639,0.24670,8998302
2025-04-30T23:00:00Z,0.24670,0.24692,0.24624,0.24639,9699659
2025-05-01T00:00:00Z,0.24639,0.24725,0.24639,0.24706,12458333
2025-05-01T01:00:00Z,0.24706,0.24759,0.24703,0.24747,7426319
2025-05-01T02:00:00Z,0.24747,0.24764,0.24677,0.24692,8977728
2025-05-01T03:00:00Z,0.24692,0.24735,0.24629,0.24643,9833074
2025-05-01T04:00:00Z,0.24643,0.24653,0.24586,0.24610,9819650
2025-05-01T05:00:00Z,0.24612,0.24680,0.24601,0.24672,7067154
2025-05-01T06:00:00Z,0.24672,0.24683,0.24638,0.24662,6576421
2025-05-01T07:00:00Z,0.24661,0.24823,0.24648,0.24792,13869608
2025-05-01T08:00:00Z,0.24792,0.24914,0.24791,0.24910,18312194
2025-05-01T09:00:00Z,0.24909,0.24956,0.24833,0.24873,18110414
2025-05-01T10:00:00Z,0.24873,0.24910,0.24852,0.24893,13888819
2025-05-01T11:00:00Z,0.24892,0.24910,0.24832,0.24870,12815264
2025-05-01T12:00:00Z,0.24870,0.24936,0.24858,0.24906,11073135
2025-05-01T13:00:00Z,0.24906,0.24919,0.24754,0.24759,15034680
2025-05-01T14:00:00Z,0.24759,0.24853,0.24759,0.24849,10468399
2025-05-01T15:00:00Z,0.24848,0.24914,0.24702,0.24718,20253000
2025-05-01T16:00:00Z,0.24717,0.24758,0.24705,0.24711,12548665
2025-05-01T17:00:00Z,0.24711,0.24727,0.24536,0.24587,28678298
2025-05-01T18:00:00Z,0.24587,0.24590,0.24495,0.24534,19129156
2025-05-01T19:00:00Z,0.24533,0.24538,0.24479,0.24496,15613954
2025-05-01T20:00:00Z,0.24496,0.24518,0.24471,0.24489,13283311
2025-05-01T21:00:00Z,0.24489,0.24524,0.24468,0.24484,8712368
2025-05-01T22:00:00Z,0.24484,0.24487,0.24411,0.24413,10334220
2025-05-01T23:00:00Z,0.24412,0.24470,0.24377,0.24451,15429487
2025-05-02T00:00:00Z,0.24451,0.24452,0.24340,0.24373,24389719
2025-05-02T01:00:00Z,0.24373,0.24408,0.24314,0.24337,12083822
2025-05-02T02:00:00Z,0.24337,0.24488,0.24306,0.24468,15349212
2025-05-02T03:00:00Z,0.24469,0.24573,0.24419,0.24436,19881456
2025-05-02T04:00:00Z,0.24436,0.24478,0.24427,0.24465,10168246
2025-05-02T05:00:00Z,0.24465,0.24492,0.24420,0.24420,8799283
2025-05-02T06:00:00Z,0.24420,0.24479,0.24410,0.24462,12083686
2025-05-02T07:00:00Z,0.24462,0.24496,0.24433,0.24469,10694421
2025-05-02T08:00:00Z,0.24470,0.24555,0.24452,0.24454,12803255
2025-05-02T09:00:00Z,0.24454,0.24478,0.24434,0.24466,8339071
2025-05-02T10:00:00Z,0.24467,0.24496,0.24458,0.24477,6094257
2025-05-02T11:00:00Z,0.24477,0.24500,0.24451,0.24496,6603132
2025-05-02T12:00:00Z,0.24497,0.24604,0.24483,0.24548,17971301
2025-05-02T13:00:00Z,0.24549,0.24611,0.24505,0.24610,10486257
2025-05-02T14:00:00Z,0.24610,0.24643,0.24575,0.24627,16138820
2025-05-02T15:00:00Z,0.24628,0.24676,0.24608,0.24670,12920337
2025-05-02T16:00:00Z,0.24671,0.24732,0.24656,0.24682,14549312
2025-05-02T17:00:00Z,0.24682,0.24701,0.24636,0.24663,9927917
2025-05-02T18:00:00Z,0.24662,0.24745,0.24648,0.24683,11341791
2025-05-02T19:00:00Z,0.24683,0.24708,0.24665,0.24700,8085147
2025-05-02T20:00:00Z,0.24701,0.24750,0.24693,0.24719,13004689
2025-05-02T21:00:00Z,0.24718,0.24735,0.24695,0.24723,9411900
2025-05-02T22:00:00Z,0.24724,0.24763,0.24723,0.24762,7696189
2025-05-02T23:00:00Z,0.24762,0.24835,0.24750,0.24778,14344265
2025-05-03T00:00:00Z,0.24779,0.24886,0.24778,0.24881,15926925
2025-05-03T01:00:00Z,0.24880,0.24897,0.24758,0.24833,17393565
2025-05-03T02:00:00Z,0.24833,0.24897,0.24820,0.24882,11524145
2025-05-03T03:00:00Z,0.24882,0.24911,0.24851,0.24874,12293561
2025-05-03T04:00:00Z,0.24874,0.24937,0.24874,0.24935,12478341
2025-05-03T05:00:00Z,0.24936,0.24980,0.24900,0.24955,14439502
2025-05-03T06:00:00Z,0.24956,0.24975,0.24839,0.24861,15883453
2025-05-03T07:00:00Z,0.24860,0.24884,0.24680,0.24708,23932433
2025-05-03T08:00:00Z,0.24709,0.24808,0.24656,0.24806,13111385
2025-05-03T09:00:00Z,0.24806,0.24880,0.24780,0.24806,15660114
2025-05-03T10:00:00Z,0.24806,0.24849,0.24733,0.24782,19326370
2025-05-03T11:00:00Z,0.24783,0.24842,0.24771,0.24791,9123099
2025-05-03T12:00:00Z,0.24792,0.24879,0.24792,0.24872,8786105
2025-05-03T13:00:00Z,0.24871,0.24919,0.24782,0.24808,12505327
2025-05-03T14:00:00Z,0.24808,0.24826,0.24724,0.24743,13995220
2025-05-03T15:00:00Z,0.24743,0.24743,0.24591,0.24607,19763849
2025-05-03T16:00:00Z,0.24606,0.24617,0.24534,0.24566,29557730
2025-05-03T17:00:00Z,0.24565,0.24700,0.24418,0.24622,41308283
2025-05-03T18:00:00Z,0.24622,0.24633,0.24536,0.24546,9978658
2025-05-03T19:00:00Z,0.24546,0.24582,0.24500,0.24569,8213230
2025-05-03T20:00:00Z,0.24569,0.24574,0.24516,0.24550,8844834
2025-05-03T21:00:00Z,0.24550,0.24569,0.24511,0.24519,7549582
2025-05-03T22:00:00Z,0.24519,0.24576,0.24500,0.24554,6366027
2025-05-03T23:00:00Z,0.24555,0.24568,0.24515,0.24536,5706567
2025-05-04T00:00:00Z,0.24535,0.24646,0.24485,0.24579,19272181
2025-05-04T01:00:00Z,0.24578,0.24724,0.24571,0.24645,17873558
2025-05-04T02:00:00Z,0.24644,0.24743,0.24633,0.24702,13441617
2025-05-04T03:00:00Z,0.24703,0.24735,0.24674,0.24687,8676742
2025-05-04T04:00:00Z,0.24686,0.24805,0.24681,0.24789,12200378
2025-05-04T05:00:00Z,0.24788,0.24853,0.24780,0.24807,10541267
2025-05-04T06:00:00Z,0.24807,0.24865,0.24788,0.24821,11909674
2025-05-04T07:00:00Z,0.24820,0.24859,0.24696,0.24815,23815932
2025-05-04T08:00:00Z,0.24815,0.24889,0.24742,0.24759,23403372
2025-05-04T09:00:00Z,0.24759,0.24840,0.24749,0.24780,15457855
2025-05-04T10:00:00Z,0.24780,0.24786,0.24756,0.24782,11009634
2025-05-04T11:00:00Z,0.24783,0.24810,0.24706,0.24733,9945742
2025-05-04T12:00:00Z,0.24733,0.24763,0.24688,0.24715,11646003
2025-05-04T13:00:00Z,0.24715,0.24741,0.24682,0.24739,8198460
2025-05-04T14:00:00Z,0.24740,0.24844,0.24740,0.24778,12345011
2025-05-04T15:00:00Z,0.24778,0.24801,0.24727,0.24746,5475200
2025-05-04T16:00:00Z,0.24747,0.24812,0.24747,0.24795,7059364
2025-05-04T17:00:00Z,0.24795,0.24822,0.24775,0.24806,6008129
2025-05-04T18:00:00Z,0.24806,0.24845,0.24755,0.24756,8391629
2025-05-04T19:00:00Z,0.24755,0.24808,0.24752,0.24783,6803382
2025-05-04T20:00:00Z,0.24782,0.24799,0.24668,0.24691,14516377
2025-05-04T21:00:00Z,0.24690,0.24705,0.24653,0.24683,8553955
2025-05-04T22:00:00Z,0.24683,0.24683,0.24610,0.24656,13119650
2025-05-04T23:00:00Z,0.24656,0.24724,0.24589,0.24703,14946864
2025-05-05T00:00:00Z,0.24703,0.24768,0.24688,0.24731,18090053
2025-05-05T01:00:00Z,0.24730,0.24741,0.24577,0.24649,19273046
2025-05-05T02:00:00Z,0.24648,0.24931,0.24630,0.24903,34102170
2025-05-05T03:00:00Z,0.24904,0.24931,0.24886,0.24916,13738087
2025-05-05T04:00:00Z,0.24917,0.25011,0.24875,0.24942,30783499
2025-05-05T05:00:00Z,0.24941,0.25028,0.24935,0.25019,12579827
2025-05-05T06:00:00Z,0.25019,0.25043,0.24872,0.24900,14931297
2025-05-05T07:00:00Z,0.24901,0.24930,0.24807,0.24830,17829011
2025-05-05T08:00:00Z,0.24829,0.24836,0.24697,0.24723,23245241
2025-05-05T09:00:00Z,0.24722,0.24817,0.24711,0.24775,19061119
2025-05-05T10:00:00Z,0.24773,0.24895,0.24689,0.24836,24036643
2025-05-05T11:00:00Z,0.24836,0.24914,0.24821,0.24889,14610726
2025-05-05T12:00:00Z,0.24889,0.24927,0.24803,0.24817,13045572
2025-05-05T13:00:00Z,0.24817,0.24965,0.24800,0.24954,16570630
2025-05-05T14:00:00Z,0.24954,0.25032,0.24916,0.24927,16262267
2025-05-05T15:00:00Z,0.24928,0.24981,0.24846,0.24917,17736402
2025-05-05T16:00:00Z,0.24916,0.24980,0.24875,0.24899,14176367
2025-05-05T17:00:00Z,0.24898,0.24912,0.24856,0.24870,10368539
2025-05-05T18:00:00Z,0.24871,0.24904,0.24845,0.24897,6772313
2025-05-05T19:00:00Z,0.24897,0.24898,0.24806,0.24806,7519342
2025-05-05T20:00:00Z,0.24807,0.24807,0.24731,0.24746,17083090
2025-05-05T21:00:00Z,0.24747,0.24808,0.24732,0.24802,8506261
2025-05-05T22:00:00Z,0.24801,0.24943,0.24800,0.24893,16126567
2025-05-05T23:00:00Z,0.24892,0.24898,0.24809,0.24811,8077467
2025-05-06T00:00:00Z,0.24811,0.24828,0.24723,0.24739,12925368
2025-05-06T01:00:00Z,0.24738,0.24839,0.24725,0.24823,12303537
2025-05-06T02:00:00Z,0.24823,0.24831,0.24682,0.24723,17486553
2025-05-06T03:00:00Z,0.24721,0.24779,0.24696,0.24744,9997768
2025-05-06T04:00:00Z,0.24743,0.24770,0.24695,0.24719,9611188
2025-05-06T05:00:00Z,0.24718,0.24721,0.24606,0.24622,21781937
2025-05-06T06:00:00Z,0.24622,0.24623,0.24535,0.24610,23061661
2025-05-06T07:00:00Z,0.24609,0.24609,0.24556,0.24587,11706099
2025-05-06T08:00:00Z,0.24587,0.24587,0.24470,0.24477,19538351
2025-05-06T09:00:00Z,0.24477,0.24523,0.24456,0.24517,14817238
2025-05-06T10:00:00Z,0.24516,0.24517,0.24415,0.24429,15522149
2025-05-06T11:00:00Z,0.24428,0.24464,0.24383,0.24406,16606765
2025-05-06T12:00:00Z,0.24405,0.24428,0.24377,0.24399,13680096
2025-05-06T13:00:00Z,0.24400,0.24423,0.24361,0.24379,15833687
2025-05-06T14:00:00Z,0.24379,0.24496,0.24367,0.24438,17159026
2025-05-06T15:00:00Z,0.24438,0.24518,0.24381,0.24507,13177061
2025-05-06T16:00:00Z,0.24508,0.24576,0.24450,0.24471,16263149
2025-05-06T17:00:00Z,0.24471,0.24520,0.24428,0.24469,11368466
2025-05-06T18:00:00Z,0.24470,0.24542,0.24461,0.24538,9420849
2025-05-06T19:00:00Z,0.24537,0.24549,0.24508,0.24513,6083462
2025-05-06T20:00:00Z,0.24514,0.24518,0.24390,0.24434,11058927
2025-05-06T21:00:00Z,0.24434,0.24439,0.24369,0.24373,9068430
2025-05-06T22:00:00Z,0.24372,0.24596,0.24370,0.24592,19299754
2025-05-06T23:00:00Z,0.24591,0.24624,0.24514,0.24577,16092387
2025-05-07T00:00:00Z,0.24576,0.24583,0.24451,0.24495,24758975
2025-05-07T01:00:00Z,0.24495,0.24580,0.24480,0.24555,10714532
2025-05-07T02:00:00Z,0.24555,0.24556,0.24380,0.24396,13957885
2025-05-07T03:00:00Z,0.24396,0.24442,0.24330,0.24367,16811303
2025-05-07T04:00:00Z,0.24366,0.24398,0.24337,0.24383,11641020
2025-05-07T05:00:00Z,0.24383,0.24435,0.24357,0.24417,10058065
2025-05-07T06:00:00Z,0.24418,0.24428,0.24364,0.24385,6977877
2025-05-07T07:00:00Z,0.24385,0.24470,0.24372,0.24465,9507940
2025-05-07T08:00:00Z,0.24464,0.24501,0.24408,0.24491,13786740
2025-05-07T09:00:00Z,0.24491,0.24688,0.24489,0.24660,32869743
2025-05-07T10:00:00Z,0.24659,0.24689,0.24600,0.24625,13390495
2025-05-07T11:00:00Z,0.24625,0.24667,0.24604,0.24667,7246579
2025-05-07T12:00:00Z,0.24666,0.24743,0.24666,0.24743,13108145
2025-05-07T13:00:00Z,0.24743,0.24763,0.24679,0.24736,19243447
2025-05-07T14:00:00Z,0.24735,0.24747,0.24625,0.24664,17734189
2025-05-07T15:00:00Z,0.24664,0.24670,0.24598,0.24647,12563971
2025-05-07T16:00:00Z,0.24647,0.24726,0.24591,0.24722,13601945
2025-05-07T17:00:00Z,0.24722,0.24779,0.24658,0.24700,14886128
2025-05-07T18:00:00Z,0.24700,0.24808,0.24657,0.24723,22629488
2025-05-07T19:00:00Z,0.24723,0.24770,0.24703,0.24732,9359243
2025-05-07T20:00:00Z,0.24732,0.24825,0.24732,0.24820,10634312
2025-05-07T21:00:00Z,0.24821,0.24834,0.24762,0.24812,9032680
2025-05-07T22:00:00Z,0.24813,0.24893,0.24800,0.24893,14955897
2025-05-07T23:00:00Z,0.24893,0.24916,0.24847,0.24865,17587602
2025-05-08T00:00:00Z,0.24865,0.24960,0.24865,0.24958,22980138
2025-05-08T01:00:00Z,0.24958,0.24969,0.24806,0.24850,23718925
2025-05-08T02:00:00Z,0.24849,0.24947,0.24849,0.24944,14639380
2025-05-08T03:00:00Z,0.24945,0.25009,0.24916,0.25006,15349552
2025-05-08T04:00:00Z,0.25007,0.25110,0.24979,0.25002,26337188
2025-05-08T05:00:00Z,0.25003,0.25033,0.24975,0.24996,10113503
2025-05-08T06:00:00Z,0.24996,0.25021,0.24966,0.24981,7723038
2025-05-08T07:00:00Z,0.24980,0.25006,0.24964,0.25003,10447658
2025-05-08T08:00:00Z,0.25003,0.25309,0.25002,0.25079,32768570
2025-05-08T09:00:00Z,0.25079,0.25174,0.25015,0.25139,18638766
2025-05-08T10:00:00Z,0.25139,0.25159,0.25106,0.25126,11872818
2025-05-08T11:00:00Z,0.25126,0.25133,0.25048,0.25070,16506275
2025-05-08T12:00:00Z,0.25069,0.25081,0.25003,0.25039,16812385
2025-05-08T13:00:00Z,0.25038,0.25050,0.24971,0.24994,11394680
2025-05-08T14:00:00Z,0.24994,0.25016,0.24973,0.24986,14679005
2025-05-08T15:00:00Z,0.24987,0.26357,0.24974,0.25431,167177924
2025-05-08T16:00:00Z,0.25430,0.25596,0.25416,0.25541,54293501
2025-05-08T17:00:00Z,0.25540,0.25579,0.25434,0.25457,22643939
2025-05-08T18:00:00Z,0.25457,0.25509,0.25457,0.25474,13611960
2025-05-08T19:00:00Z,0.25473,0.25483,0.25420,0.25455,14142369
2025-05-08T20:00:00Z,0.25456,0.25612,0.25428,0.25610,20497782
2025-05-08T21:00:00Z,0.25611,0.25799,0.25552,0.25667,37922674
2025-05-08T22:00:00Z,0.25668,0.25705,0.25647,0.25688,13028399
2025-05-08T23:00:00Z,0.25687,0.25733,0.25639,0.25708,12536216
2025-05-09T00:00:00Z,0.25707,0.25729,0.25643,0.25682,13876193
2025-05-09T01:00:00Z,0.25682,0.25809,0.25662,0.25754,25313452
2025-05-09T02:00:00Z,0.25754,0.25763,0.25559,0.25581,30408787
2025-05-09T03:00:00Z,0.25582,0.25640,0.25416,0.25449,23052898
2025-05-09T04:00:00Z,0.25448,0.25481,0.25404,0.25426,13930118
2025-05-09T05:00:00Z,0.25425,0.25589,0.25415,0.25441,28205240
2025-05-09T06:00:00Z,0.25441,0.25534,0.25420,0.25509,15664101
2025-05-09T07:00:00Z,0.25509,0.25742,0.25501,0.25650,45634091
2025-05-09T08:00:00Z,0.25650,0.26309,0.25604,0.25925,123411815
2025-05-09T09:00:00Z,0.25925,0.26076,0.25828,0.25838,42975624
2025-05-09T10:00:00Z,0.25838,0.26074,0.25824,0.26069,24197684
2025-05-09T11:00:00Z,0.26069,0.26625,0.26064,0.26316,112237804
2025-05-09T12:00:00Z,0.26316,0.26362,0.26062,0.26255,51092146
2025-05-09T13:00:00Z,0.26254,0.26493,0.26229,0.26400,42070651
2025-05-09T14:00:00Z,0.26400,0.26478,0.26035,0.26210,56584902
2025-05-09T15:00:00Z,0.26209,0.26375,0.26129,0.26180,31229154
2025-05-09T16:00:00Z,0.26178,0.26299,0.26004,0.26053,63645752
2025-05-09T17:00:00Z,0.26054,0.26351,0.26000,0.26329,30590661
2025-05-09T18:00:00Z,0.26328,0.26328,0.26174,0.26212,14744480
2025-05-09T19:00:00Z,0.26212,0.26228,0.26110,0.26161,14025759
2025-05-09T20:00:00Z,0.26161,0.26180,0.26026,0.26083,15624279
2025-05-09T21:00:00Z,0.26083,0.26135,0.26026,0.26108,13601319
2025-05-09T22:00:00Z,0.26108,0.26109,0.25950,0.25987,11400233
2025-05-09T23:00:00Z,0.25986,0.26051,0.25948,0.26013,11187300
2025-05-10T00:00:00Z,0.26013,0.26475,0.26006,0.26209,57263334
2025-05-10T01:00:00Z,0.26209,0.26430,0.26180,0.26333,29641746
2025-05-10T02:00:00Z,0.26337,0.26452,0.26297,0.26353,14344584
2025-05-10T03:00:00Z,0.26353,0.26382,0.26315,0.26334,10767604
2025-05-10T04:00:00Z,0.26333,0.26408,0.26203,0.26353,27243947
2025-05-10T05:00:00Z,0.26351,0.26410,0.26218,0.26275,14214833
2025-05-10T06:00:00Z,0.26275,0.26387,0.26208,0.26286,23865919
2025-05-10T07:00:00Z,0.26287,0.26336,0.26171,0.26328,17576938
2025-05-10T08:00:00Z,0.26328,0.26467,0.26301,0.26413,20759495
2025-05-10T09:00:00Z,0.26416,0.26510,0.26300,0.26417,20890868
2025-05-10T10:00:00Z,0.26419,0.26477,0.26243,0.26244,27352042
2025-05-10T11:00:00Z,0.26243,0.26253,0.25880,0.25962,74366291
2025-05-10T12:00:00Z,0.25961,0.26077,0.25952,0.25962,20153467
2025-05-10T13:00:00Z,0.25961,0.26048,0.25935,0.26018,13260871
2025-05-10T14:00:00Z,0.26018,0.26074,0.25951,0.25995,11924724
2025-05-10T15:00:00Z,0.25996,0.26000,0.25842,0.25913,14815088
2025-05-10T16:00:00Z,0.25912,0.26143,0.25881,0.26129,18529077
2025-05-10T17:00:00Z,0.26130,0.26184,0.26020,0.26066,17976818
2025-05-10T18:00:00Z,0.26066,0.26113,0.26018,0.26097,10810909
2025-05-10T19:00:00Z,0.26097,0.26137,0.26070,0.26101,9532666
2025-05-10T20:00:00Z,0.26101,0.26139,0.26035,0.26104,9609968
2025-05-10T21:00:00Z,0.26103,0.26174,0.26062,0.26166,9163694
2025-05-10T22:00:00Z,0.26166,0.26454,0.26150,0.26393,30865835
2025-05-10T23:00:00Z,0.26393,0.26684,0.26385,0.26618,55221352
2025-05-11T00:00:00Z,0.26616,0.26723,0.26297,0.26451,55987088
2025-05-11T01:00:00Z,0.26452,0.26534,0.26250,0.26302,28843644
2025-05-11T02:00:00Z,0.26301,0.26514,0.26254,0.26385,18797067
2025-05-11T03:00:00Z,0.26384,0.26848,0.26349,0.26793,42081986
2025-05-11T04:00:00Z,0.26796,0.26881,0.26678,0.26758,29137031
2025-05-11T05:00:00Z,0.26757,0.26760,0.26576,0.26595,17465982
2025-05-11T06:00:00Z,0.26594,0.26607,0.26207,0.26361,41593773
2025-05-11T07:00:00Z,0.26361,0.26372,0.26000,0.26048,71802523
2025-05-11T08:00:00Z,0.26047,0.26252,0.26000,0.26052,32844245
2025-05-11T09:00:00Z,0.26051,0.26281,0.26040,0.26232,16293096
2025-05-11T10:00:00Z,0.26233,0.26307,0.26162,0.26258,15004241
2025-05-11T11:00:00Z,0.26259,0.26324,0.26213,0.26280,18331127
2025-05-11T12:00:00Z,0.26279,0.26280,0.26158,0.26233,12583047
2025-05-11T13:00:00Z,0.26233,0.26254,0.25966,0.25978,31983604
2025-05-11T14:00:00Z,0.25977,0.26150,0.25965,0.26089,17855188
2025-05-11T15:00:00Z,0.26089,0.26182,0.26000,0.26064,16307092
2025-05-11T16:00:00Z,0.26065,0.26169,0.25941,0.26106,22676817
2025-05-11T17:00:00Z,0.26106,0.26259,0.26095,0.26241,20423348
2025-05-11T18:00:00Z,0.26241,0.26316,0.26175,0.26275,13556871
2025-05-11T19:00:00Z,0.26275,0.26464,0.26272,0.26437,17409112
2025-05-11T20:00:00Z,0.26437,0.26545,0.26376,0.26405,20542908
2025-05-11T21:00:00Z,0.26405,0.26552,0.26401,0.26550,10740431
2025-05-11T22:00:00Z,0.26549,0.26571,0.26444,0.26512,15785824
2025-05-11T23:00:00Z,0.26513,0.26600,0.26471,0.26521,16610319
2025-05-12T00:00:00Z,0.26520,0.26769,0.26484,0.26768,32016342
2025-05-12T01:00:00Z,0.26768,0.26830,0.26418,0.26536,42238758
2025-05-12T02:00:00Z,0.26536,0.26820,0.26533,0.26671,40572037
2025-05-12T03:00:00Z,0.26673,0.26832,0.26605,0.26749,30572964
2025-05-12T04:00:00Z,0.26749,0.26765,0.26540,0.26605,20367611
2025-05-12T05:00:00Z,0.26606,0.26626,0.26298,0.26381,30902966
2025-05-12T06:00:00Z,0.26380,0.26525,0.26306,0.26511,20429500
2025-05-12T07:00:00Z,0.26511,0.26939,0.26509,0.26685,81504329
2025-05-12T08:00:00Z,0.26685,0.26826,0.26476,0.26770,35635324
2025-05-12T09:00:00Z,0.26770,0.27124,0.26754,0.26937,42075397
2025-05-12T10:00:00Z,0.26937,0.27155,0.26858,0.27084,33184426
2025-05-12T11:00:00Z,0.27083,0.27259,0.26928,0.26985,58779287
2025-05-12T12:00:00Z,0.26985,0.27589,0.26960,0.27541,71879321
2025-05-12T13:00:00Z,0.27541,0.27965,0.27505,0.27866,105698371
2025-05-12T14:00:00Z,0.27867,0.28029,0.27279,0.27499,146377769
2025-05-12T15:00:00Z,0.27499,0.27725,0.27302,0.27524,92573432
2025-05-12T16:00:00Z,0.27525,0.27561,0.27334,0.27452,32156646
2025-05-12T17:00:00Z,0.27453,0.27700,0.27417,0.27498,42838056
2025-05-12T18:00:00Z,0.27499,0.27621,0.26880,0.27043,115324564
2025-05-12T19:00:00Z,0.27046,0.27300,0.27011,0.27299,35952361
2025-05-12T20:00:00Z,0.27298,0.27519,0.27224,0.27459,53806195
2025-05-12T21:00:00Z,0.27459,0.27487,0.27297,0.27346,22802084
2025-05-12T22:00:00Z,0.27345,0.27368,0.27061,0.27069,27511285
2025-05-12T23:00:00Z,0.27070,0.27243,0.27044,0.27175,22787504
2025-05-13T00:00:00Z,0.27174,0.27193,0.26856,0.26870,27170880
2025-05-13T01:00:00Z,0.26870,0.26919,0.26548,0.26604,49019437
2025-05-13T02:00:00Z,0.26606,0.26678,0.26179,0.26332,82102064
2025-05-13T03:00:00Z,0.26331,0.26384,0.26137,0.26175,34293816
2025-05-13T04:00:00Z,0.26175,0.26374,0.26143,0.26299,39503084
2025-05-13T05:00:00Z,0.26300,0.26326,0.26064,0.26109,24162647
2025-05-13T06:00:00Z,0.26109,0.26209,0.26052,0.26195,22122366
2025-05-13T07:00:00Z,0.26195,0.26361,0.26160,0.26177,32873029
2025-05-13T08:00:00Z,0.26178,0.26424,0.26158,0.26404,29285013
2025-05-13T09:00:00Z,0.26404,0.26497,0.26324,0.26480,31399817
2025-05-13T10:00:00Z,0.26480,0.26588,0.26361,0.26546,26351001
2025-05-13T11:00:00Z,0.26545,0.26634,0.26471,0.26514,21907566
2025-05-13T12:00:00Z,0.26514,0.26584,0.26368,0.26538,35414172
2025-05-13T13:00:00Z,0.26534,0.26703,0.26472,0.26679,27520495
2025-05-13T14:00:00Z,0.26679,0.26763,0.26481,0.26721,37985594
2025-05-13T15:00:00Z,0.26721,0.26819,0.26704,0.26808,25754400
2025-05-13T16:00:00Z,0.26810,0.26978,0.26806,0.26958,25476796
2025-05-13T17:00:00Z,0.26959,0.27053,0.26925,0.27037,16623759
2025-05-13T18:00:00Z,0.27038,0.27126,0.27002,0.27095,15283604
2025-05-13T19:00:00Z,0.27096,0.27307,0.27050,0.27187,30235428
2025-05-13T20:00:00Z,0.27185,0.27203,0.27074,0.27115,17157369
2025-05-13T21:00:00Z,0.27113,0.27177,0.27045,0.27079,10049219
2025-05-13T22:00:00Z,0.27079,0.27150,0.27006,0.27123,13150007
2025-05-13T23:00:00Z,0.27123,0.27161,0.27060,0.27077,12726769
2025-05-14T00:00:00Z,0.27078,0.27098,0.26895,0.27016,27019230
2025-05-14T01:00:00Z,0.27017,0.27313,0.26991,0.27207,37342706
2025-05-14T02:00:00Z,0.27207,0.27212,0.27033,0.27163,25777499
2025-05-14T03:00:00Z,0.27164,0.27250,0.27096,0.27248,16670460
2025-05-14T04:00:00Z,0.27248,0.27318,0.27162,0.27316,20952477
2025-05-14T05:00:00Z,0.27316,0.27510,0.27262,0.27490,25407478
2025-05-14T06:00:00Z,0.27490,0.27573,0.27405,0.27555,21181128
2025-05-14T07:00:00Z,0.27555,0.27665,0.27452,0.27548,25198405
2025-05-14T08:00:00Z,0.27548,0.27577,0.27180,0.27186,45829322
2025-05-14T09:00:00Z,0.27187,0.27382,0.27071,0.27381,42820224
2025-05-14T10:00:00Z,0.27382,0.27497,0.27340,0.27364,29770117
2025-05-14T11:00:00Z,0.27365,0.27546,0.27365,0.27484,13837576
2025-05-14T12:00:00Z,0.27483,0.27551,0.27446,0.27482,20068369
2025-05-14T13:00:00Z,0.27481,0.27732,0.27433,0.27552,45954332
2025-05-14T14:00:00Z,0.27552,0.27573,0.27324,0.27526,36973033
2025-05-14T15:00:00Z,0.27525,0.27791,0.27446,0.27736,40685299
2025-05-14T16:00:00Z,0.27736,0.27739,0.27433,0.27618,52411868
2025-05-14T17:00:00Z,0.27618,0.27658,0.27460,0.27632,23339297
2025-05-14T18:00:00Z,0.27632,0.27811,0.27580,0.27799,26420438
2025-05-14T19:00:00Z,0.27799,0.27913,0.27574,0.27625,29184745
2025-05-14T20:00:00Z,0.27625,0.27720,0.27595,0.27674,11746967
2025-05-14T21:00:00Z,0.27673,0.27719,0.27547,0.27652,14322604
2025-05-14T22:00:00Z,0.27652,0.27746,0.27617,0.27682,12545642
2025-05-14T23:00:00Z,0.27682,0.27688,0.27402,0.27458,21388002
2025-05-15T00:00:00Z,0.27457,0.27559,0.27406,0.27503,16622953
2025-05-15T01:00:00Z,0.27502,0.27502,0.27117,0.27152,43818565
2025-05-15T02:00:00Z,0.27151,0.27470,0.27142,0.27378,22846338
2025-05-15T03:00:00Z,0.27379,0.27405,0.27261,0.27287,14230510
2025-05-15T04:00:00Z,0.27286,0.27349,0.27210,0.27292,15568801
2025-05-15T05:00:00Z,0.27292,0.27376,0.27209,0.27291,17194427
2025-05-15T06:00:00Z,0.27289,0.27357,0.26973,0.26994,37375321
2025-05-15T07:00:00Z,0.26994,0.27051,0.26863,0.26915,42374818
2025-05-15T08:00:00Z,0.26915,0.27094,0.26915,0.27065,24347833
2025-05-15T09:00:00Z,0.27065,0.27065,0.26749,0.26866,31209565
2025-05-15T10:00:00Z,0.26866,0.26876,0.26711,0.26792,27504886
2025-05-15T11:00:00Z,0.26791,0.27011,0.26760,0.26921,24307546
2025-05-15T12:00:00Z,0.26920,0.27036,0.26860,0.26934,46042461
2025-05-15T13:00:00Z,0.26934,0.27117,0.26901,0.27064,43546490
2025-05-15T14:00:00Z,0.27064,0.27182,0.26887,0.27013,46888125
2025-05-15T15:00:00Z,0.27014,0.27419,0.27006,0.27351,51618392
2025-05-15T16:00:00Z,0.27351,0.27619,0.27273,0.27619,31858184
2025-05-15T17:00:00Z,0.27619,0.27638,0.27509,0.27566,22224487
2025-05-15T18:00:00Z,0.27566,0.27637,0.27279,0.27314,39103390
2025-05-15T19:00:00Z,0.27314,0.27446,0.27253,0.27339,27164844
2025-05-15T20:00:00Z,0.27340,0.27436,0.27314,0.27366,17820878
2025-05-15T21:00:00Z,0.27365,0.27371,0.27149,0.27321,21366092
2025-05-15T22:00:00Z,0.27320,0.27500,0.27278,0.27294,18596796
2025-05-15T23:00:00Z,0.27293,0.27335,0.27119,0.27323,31849314
2025-05-16T00:00:00Z,0.27322,0.27426,0.27213,0.27339,21500695
2025-05-16T01:00:00Z,0.27339,0.27607,0.27297,0.27587,25451463
2025-05-16T02:00:00Z,0.27587,0.27648,0.27384,0.27491,29402709
2025-05-16T03:00:00Z,0.27491,0.27650,0.27466,0.27644,15452815
2025-05-16T04:00:00Z,0.27645,0.27721,0.27541,0.27597,17387886
2025-05-16T05:00:00Z,0.27598,0.27816,0.27586,0.27670,27003142
2025-05-16T06:00:00Z,0.27670,0.27699,0.27575,0.27640,19491525
2025-05-16T07:00:00Z,0.27641,0.27654,0.27453,0.27484,24737067
2025-05-16T08:00:00Z,0.27485,0.27535,0.27191,0.27244,32200118
2025-05-16T09:00:00Z,0.27244,0.27419,0.27229,0.27369,17694454
2025-05-16T10:00:00Z,0.27369,0.27395,0.27278,0.27315,16804769
2025-05-16T11:00:00Z,0.27314,0.27344,0.27161,0.27169,17363659
2025-05-16T12:00:00Z,0.27168,0.27176,0.27037,0.27077,27624659
2025-05-16T13:00:00Z,0.27076,0.27250,0.27042,0.27241,22744754
2025-05-16T14:00:00Z,0.27241,0.27284,0.27156,0.27216,22742583
2025-05-16T15:00:00Z,0.27215,0.27275,0.27167,0.27228,11618766
2025-05-16T16:00:00Z,0.27228,0.27270,0.27098,0.27174,17469430
2025-05-16T17:00:00Z,0.27174,0.27271,0.27149,0.27190,10882075
2025-05-16T18:00:00Z,0.27189,0.27294,0.27172,0.27293,9203194
2025-05-16T19:00:00Z,0.27293,0.27356,0.27257,0.27318,12208724
2025-05-16T20:00:00Z,0.27318,0.27380,0.27274,0.27297,12122516
2025-05-16T21:00:00Z,0.27297,0.27362,0.27245,0.27320,8482508
2025-05-16T22:00:00Z,0.27319,0.27344,0.27130,0.27174,23702279
2025-05-16T23:00:00Z,0.27173,0.27249,0.27112,0.27147,15738661
2025-05-17T00:00:00Z,0.27146,0.27200,0.26931,0.27027,33748915
2025-05-17T01:00:00Z,0.27027,0.27072,0.26811,0.26846,32668666
2025-05-17T02:00:00Z,0.26846,0.26989,0.26772,0.26898,22829725
2025-05-17T03:00:00Z,0.26898,0.26948,0.26782,0.26921,14093936
2025-05-17T04:00:00Z,0.26922,0.26966,0.26849,0.26932,12123743
2025-05-17T05:00:00Z,0.26930,0.26944,0.26835,0.26839,8717641
2025-05-17T06:00:00Z,0.26839,0.26908,0.26836,0.26908,8204376
2025-05-17T07:00:00Z,0.26907,0.27014,0.26867,0.26912,12754093
2025-05-17T08:00:00Z,0.26911,0.26962,0.26738,0.26760,17987581
2025-05-17T09:00:00Z,0.26759,0.26859,0.26658,0.26824,25315234
2025-05-17T10:00:00Z,0.26823,0.26861,0.26768,0.26826,9751958
2025-05-17T11:00:00Z,0.26827,0.27001,0.26826,0.26951,20199290
2025-05-17T12:00:00Z,0.26952,0.26993,0.26894,0.26918,12186428
2025-05-17T13:00:00Z,0.26918,0.27039,0.26785,0.26810,23905560
2025-05-17T14:00:00Z,0.26810,0.27111,0.26798,0.27097,22272513
2025-05-17T15:00:00Z,0.27097,0.27190,0.27035,0.27102,23224636
2025-05-17T16:00:00Z,0.27101,0.27186,0.27014,0.27113,21826332
2025-05-17T17:00:00Z,0.27114,0.27222,0.27098,0.27109,16512956
2025-05-17T18:00:00Z,0.27110,0.27200,0.27031,0.27058,13931069
2025-05-17T19:00:00Z,0.27056,0.27113,0.27012,0.27032,10869565
2025-05-17T20:00:00Z,0.27033,0.27188,0.27000,0.27186,14108115
2025-05-17T21:00:00Z,0.27185,0.27204,0.27114,0.27147,8760621
2025-05-17T22:00:00Z,0.27146,0.27147,0.26899,0.26899,18155470
2025-05-17T23:00:00Z,0.26899,0.26965,0.26838,0.26946,13961473
2025-05-18T00:00:00Z,0.26945,0.27011,0.26865,0.26982,17412413
2025-05-18T01:00:00Z,0.26982,0.27123,0.26959,0.27113,13010521
2025-05-18T02:00:00Z,0.27114,0.27351,0.27093,0.27226,24371496
2025-05-18T03:00:00Z,0.27227,0.27264,0.27111,0.27142,10038848
2025-05-18T04:00:00Z,0.27143,0.27231,0.27143,0.27196,8104659
2025-05-18T05:00:00Z,0.27196,0.27260,0.27124,0.27223,12466933
2025-05-18T06:00:00Z,0.27223,0.27228,0.27150,0.27182,8088903
2025-05-18T07:00:00Z,0.27181,0.27327,0.27170,0.27317,15959255
2025-05-18T08:00:00Z,0.27318,0.27338,0.27240,0.27290,16844545
2025-05-18T09:00:00Z,0.27289,0.27309,0.27202,0.27234,13012505
2025-05-18T10:00:00Z,0.27234,0.27271,0.27169,0.27250,9664348
2025-05-18T11:00:00Z,0.27250,0.27259,0.27204,0.27227,8213047
2025-05-18T12:00:00Z,0.27227,0.27243,0.27185,0.27219,8490873
2025-05-18T13:00:00Z,0.27219,0.27382,0.27153,0.27310,25422804
2025-05-18T14:00:00Z,0.27309,0.27487,0.27291,0.27373,36165143
2025-05-18T15:00:00Z,0.27373,0.27398,0.27252,0.27266,25739150
2025-05-18T16:00:00Z,0.27265,0.27326,0.27122,0.27150,35278038
2025-05-18T17:00:00Z,0.27150,0.27154,0.26721,0.26727,69826624
2025-05-18T18:00:00Z,0.26726,0.26737,0.26450,0.26530,69132536
2025-05-18T19:00:00Z,0.26529,0.26620,0.26450,0.26453,23867171
2025-05-18T20:00:00Z,0.26453,0.26572,0.26328,0.26557,42158644
2025-05-18T21:00:00Z,0.26557,0.26648,0.26512,0.26527,18432984
2025-05-18T22:00:00Z,0.26527,0.26670,0.26445,0.26666,21760835
2025-05-18T23:00:00Z,0.26665,0.26799,0.26580,0.26784,23315751
2025-05-19T00:00:00Z,0.26784,0.26791,0.26327,0.26340,53578467
2025-05-19T01:00:00Z,0.26341,0.26438,0.26240,0.26272,30149597
2025-05-19T02:00:00Z,0.26271,0.26319,0.26165,0.26290,21360324
2025-05-19T03:00:00Z,0.26289,0.26307,0.26235,0.26265,17794746
2025-05-19T04:00:00Z,0.26263,0.26341,0.26016,0.26098,41017526
2025-05-19T05:00:00Z,0.26097,0.26234,0.26076,0.26226,26291652
2025-05-19T06:00:00Z,0.26226,0.26317,0.26184,0.26190,22678552
2025-05-19T07:00:00Z,0.26189,0.26447,0.26177,0.26405,30810279
2025-05-19T08:00:00Z,0.26405,0.26409,0.26221,0.26246,19787778
2025-05-19T09:00:00Z,0.26247,0.26302,0.26219,0.26229,13155442
2025-05-19T10:00:00Z,0.26230,0.26300,0.26147,0.26273,13050987
2025-05-19T11:00:00Z,0.26272,0.26427,0.26236,0.26363,13290225
2025-05-19T12:00:00Z,0.26362,0.26420,0.26302,0.26388,16488680
2025-05-19T13:00:00Z,0.26389,0.26484,0.26355,0.26428,20700825
2025-05-19T14:00:00Z,0.26429,0.26574,0.26429,0.26494,21110883
2025-05-19T15:00:00Z,0.26494,0.26529,0.26445,0.26481,11709283
2025-05-19T16:00:00Z,0.26481,0.26544,0.26339,0.26540,18095726
2025-05-19T17:00:00Z,0.26539,0.26552,0.26421,0.26479,15082915
2025-05-19T18:00:00Z,0.26479,0.26505,0.26430,0.26468,11209482
2025-05-19T19:00:00Z,0.26468,0.26550,0.26433,0.26549,8379252
2025-05-19T20:00:00Z,0.26549,0.26551,0.26484,0.26527,8266186
2025-05-19T21:00:00Z,0.26527,0.26569,0.26508,0.26562,5239116
2025-05-19T22:00:00Z,0.26562,0.26582,0.26518,0.26556,7294617
2025-05-19T23:00:00Z,0.26556,0.26671,0.26549,0.26656,10355107
2025-05-20T00:00:00Z,0.26656,0.26668,0.26588,0.26640,13971668
2025-05-20T01:00:00Z,0.26640,0.26694,0.26603,0.26673,14628031
2025-05-20T02:00:00Z,0.26674,0.26812,0.26673,0.26806,25756680
2025-05-20T03:00:00Z,0.26806,0.26820,0.26620,0.26737,18840251
2025-05-20T04:00:00Z,0.26737,0.26954,0.26688,0.26934,28631905
2025-05-20T05:00:00Z,0.26934,0.27148,0.26934,0.27146,34421173
2025-05-20T06:00:00Z,0.27146,0.27205,0.27040,0.27205,31377950
2025-05-20T07:00:00Z,0.27205,0.27220,0.27070,0.27148,27053789
2025-05-20T08:00:00Z,0.27148,0.27347,0.27106,0.27343,30205763
2025-05-20T09:00:00Z,0.27344,0.27446,0.27160,0.27214,33219945
2025-05-20T10:00:00Z,0.27215,0.27339,0.27189,0.27328,21397810
2025-05-20T11:00:00Z,0.27329,0.27351,0.27246,0.27350,16682057
2025-05-20T12:00:00Z,0.27351,0.27393,0.27176,0.27271,32100410
2025-05-20T13:00:00Z,0.27272,0.27342,0.27156,0.27262,19520736
2025-05-20T14:00:00Z,0.27262,0.27309,0.27087,0.27096,22964923
2025-05-20T15:00:00Z,0.27096,0.27172,0.27061,0.27083,18565951
2025-05-20T16:00:00Z,0.27084,0.27352,0.27083,0.27269,26215564
2025-05-20T17:00:00Z,0.27269,0.27379,0.27242,0.27322,15367389
2025-05-20T18:00:00Z,0.27321,0.27412,0.27283,0.27387,26415283
2025-05-20T19:00:00Z,0.27386,0.27548,0.26945,0.27054,75870484
2025-05-20T20:00:00Z,0.27054,0.27055,0.26953,0.26995,22852812
2025-05-20T21:00:00Z,0.26995,0.26996,0.26876,0.26884,17010578
2025-05-20T22:00:00Z,0.26884,0.26896,0.26810,0.26847,17068713
2025-05-20T23:00:00Z,0.26846,0.26942,0.26795,0.26902,17430699
2025-05-21T00:00:00Z,0.26902,0.26912,0.26822,0.26861,14979277
2025-05-21T01:00:00Z,0.26861,0.27025,0.26820,0.26994,18028532
2025-05-21T02:00:00Z,0.26995,0.27007,0.26904,0.26940,12659583
2025-05-21T03:00:00Z,0.26939,0.26999,0.26877,0.26981,15590699
2025-05-21T04:00:00Z,0.26981,0.27015,0.26906,0.26970,17542195
2025-05-21T05:00:00Z,0.26971,0.27145,0.26954,0.27074,22769782
2025-05-21T06:00:00Z,0.27075,0.27229,0.27027,0.27226,17409432
2025-05-21T07:00:00Z,0.27227,0.27278,0.27041,0.27121,28292236
2025-05-21T08:00:00Z,0.27121,0.27141,0.26962,0.26990,18149625
2025-05-21T09:00:00Z,0.26991,0.27153,0.26936,0.27153,16676677
2025-05-21T10:00:00Z,0.27153,0.27180,0.27087,0.27131,13346788
2025-05-21T11:00:00Z,0.27131,0.27188,0.27096,0.27110,14522457
2025-05-21T12:00:00Z,0.27110,0.27123,0.26984,0.27093,14775168
2025-05-21T13:00:00Z,0.27094,0.27150,0.27024,0.27089,20241712
2025-05-21T14:00:00Z,0.27090,0.27159,0.27024,0.27154,20690806
2025-05-21T15:00:00Z,0.27154,0.27306,0.27101,0.27237,44598564
2025-05-21T16:00:00Z,0.27236,0.27430,0.27196,0.27285,30753182
2025-05-21T17:00:00Z,0.27285,0.27301,0.26728,0.26853,118179834
2025-05-21T18:00:00Z,0.26853,0.26867,0.26550,0.26620,61912559
2025-05-21T19:00:00Z,0.26621,0.26752,0.26561,0.26695,22262840
2025-05-21T20:00:00Z,0.26696,0.26696,0.26592,0.26657,16128349
2025-05-21T21:00:00Z,0.26657,0.26668,0.26575,0.26600,9292021
2025-05-21T22:00:00Z,0.26601,0.26875,0.26600,0.26859,18419783
2025-05-21T23:00:00Z,0.26859,0.26938,0.26770,0.26808,22961204
2025-05-22T00:00:00Z,0.26809,0.26941,0.26711,0.26930,25640518
2025-05-22T01:00:00Z,0.26929,0.26992,0.26744,0.26789,22719310
2025-05-22T02:00:00Z,0.26789,0.27064,0.26779,0.26911,22289702
2025-05-22T03:00:00Z,0.26912,0.27068,0.26863,0.27012,23000530
2025-05-22T04:00:00Z,0.27012,0.27156,0.27003,0.27080,25381515
2025-05-22T05:00:00Z,0.27080,0.27184,0.27040,0.27137,15806088
2025-05-22T06:00:00Z,0.27137,0.27274,0.27134,0.27239,23966692
2025-05-22T07:00:00Z,0.27240,0.27265,0.27115,0.27206,13986723
2025-05-22T08:00:00Z,0.27206,0.27367,0.27194,0.27234,27376703
2025-05-22T09:00:00Z,0.27234,0.27659,0.27234,0.27632,71623391
2025-05-22T10:00:00Z,0.27632,0.27821,0.27593,0.27752,35091641
2025-05-22T11:00:00Z,0.27751,0.28220,0.27713,0.28125,67566456
2025-05-22T12:00:00Z,0.28126,0.28156,0.27552,0.27780,102519985
2025-05-22T13:00:00Z,0.27784,0.27822,0.27410,0.27594,52666519
2025-05-22T14:00:00Z,0.27594,0.27878,0.27583,0.27862,40703636
2025-05-22T15:00:00Z,0.27861,0.27926,0.27733,0.27754,21327732
2025-05-22T16:00:00Z,0.27754,0.27830,0.27621,0.27625,22924761
2025-05-22T17:00:00Z,0.27625,0.27782,0.27609,0.27705,30140965
2025-05-22T18:00:00Z,0.27705,0.27766,0.27649,0.27727,9760215
2025-05-22T19:00:00Z,0.27727,0.27740,0.27516,0.27558,17946733
2025-05-22T20:00:00Z,0.27558,0.27596,0.27432,0.27487,17510567
2025-05-22T21:00:00Z,0.27488,0.27512,0.27416,0.27472,10765491
2025-05-22T22:00:00Z,0.27472,0.27491,0.27336,0.27375,14730981
2025-05-22T23:00:00Z,0.27374,0.27584,0.27346,0.27581,14820552
2025-05-23T00:00:00Z,0.27582,0.27585,0.27354,0.27377,22960212
2025-05-23T01:00:00Z,0.27377,0.27401,0.27261,0.27336,25612262
2025-05-23T02:00:00Z,0.27335,0.27470,0.27316,0.27400,26326616
2025-05-23T03:00:00Z,0.27399,0.27559,0.27388,0.27522,19347864
2025-05-23T04:00:00Z,0.27522,0.27522,0.27245,0.27346,27952779
2025-05-23T05:00:00Z,0.27346,0.27527,0.27254,0.27524,18139103
2025-05-23T06:00:00Z,0.27524,0.27572,0.27279,0.27305,30650999
2025-05-23T07:00:00Z,0.27304,0.27374,0.27276,0.27334,15254801
2025-05-23T08:00:00Z,0.27335,0.27564,0.27311,0.27533,19789217
2025-05-23T09:00:00Z,0.27533,0.27618,0.27483,0.27512,19181584
2025-05-23T10:00:00Z,0.27512,0.27513,0.27257,0.27340,26397124
2025-05-23T11:00:00Z,0.27340,0.27343,0.26568,0.26651,117689708
2025-05-23T12:00:00Z,0.26652,0.26662,0.26338,0.26574,98542976
2025-05-23T13:00:00Z,0.26575,0.26729,0.26509,0.26710,29914431
2025-05-23T14:00:00Z,0.26711,0.26814,0.26662,0.26786,21046724
2025-05-23T15:00:00Z,0.26786,0.26823,0.26696,0.26731,17715678
2025-05-23T16:00:00Z,0.26731,0.26809,0.26620,0.26808,20381556
2025-05-23T17:00:00Z,0.26808,0.27017,0.26787,0.26987,33445298
2025-05-23T18:00:00Z,0.26987,0.27082,0.26921,0.26981,22514129
2025-05-23T19:00:00Z,0.26981,0.27125,0.26975,0.27120,19716492
2025-05-23T20:00:00Z,0.27119,0.27197,0.27074,0.27094,21645152
2025-05-23T21:00:00Z,0.27093,0.27145,0.26976,0.27016,15422562
2025-05-23T22:00:00Z,0.27017,0.27125,0.26990,0.27010,14370434
2025-05-23T23:00:00Z,0.27011,0.27048,0.26750,0.26863,43230767
2025-05-24T00:00:00Z,0.26864,0.27065,0.26840,0.27035,27274908
2025-05-24T01:00:00Z,0.27034,0.27163,0.27030,0.27108,18427468
2025-05-24T02:00:00Z,0.27108,0.27320,0.27096,0.27318,16777849
2025-05-24T03:00:00Z,0.27318,0.27319,0.27221,0.27272,16793376
2025-05-24T04:00:00Z,0.27274,0.27343,0.27238,0.27262,15976949
2025-05-24T05:00:00Z,0.27262,0.27287,0.27168,0.27285,13013112
2025-05-24T06:00:00Z,0.27284,0.27303,0.27195,0.27243,12778166
2025-05-24T07:00:00Z,0.27242,0.27279,0.27146,0.27165,12064721
2025-05-24T08:00:00Z,0.27164,0.27298,0.27088,0.27293,14989151
2025-05-24T09:00:00Z,0.27293,0.27307,0.27201,0.27275,10021960
2025-05-24T10:00:00Z,0.27275,0.27384,0.27261,0.27378,15524616
2025-05-24T11:00:00Z,0.27380,0.27385,0.27214,0.27221,11170172
2025-05-24T12:00:00Z,0.27222,0.27231,0.27068,0.27205,20730110
2025-05-24T13:00:00Z,0.27205,0.27212,0.27131,0.27163,9096848
2025-05-24T14:00:00Z,0.27163,0.27194,0.27081,0.27112,17484753
2025-05-24T15:00:00Z,0.27112,0.27149,0.27072,0.27092,10247951
2025-05-24T16:00:00Z,0.27092,0.27092,0.26958,0.27022,17699684
2025-05-24T17:00:00Z,0.27023,0.27092,0.26939,0.27064,12092952
2025-05-24T18:00:00Z,0.27065,0.27109,0.27001,0.27099,9440483
2025-05-24T19:00:00Z,0.27099,0.27117,0.27059,0.27078,4793469
2025-05-24T20:00:00Z,0.27077,0.27092,0.27042,0.27089,4408169
2025-05-24T21:00:00Z,0.27089,0.27089,0.26991,0.27062,5195523
2025-05-24T22:00:00Z,0.27062,0.27070,0.27002,0.27025,6237036
2025-05-24T23:00:00Z,0.27026,0.27061,0.26983,0.27008,7774458
2025-05-25T00:00:00Z,0.27009,0.27101,0.26895,0.26924,15889615
2025-05-25T01:00:00Z,0.26924,0.26990,0.26879,0.26930,13213969
2025-05-25T02:00:00Z,0.26930,0.26940,0.26854,0.26926,10010959
2025-05-25T03:00:00Z,0.26927,0.27015,0.26911,0.27015,6126386
2025-05-25T04:00:00Z,0.27015,0.27201,0.26984,0.27155,15556653
2025-05-25T05:00:00Z,0.27155,0.27207,0.27144,0.27196,11592616
2025-05-25T06:00:00Z,0.27195,0.27282,0.27155,0.27250,14374490
2025-05-25T07:00:00Z,0.27250,0.27280,0.27133,0.27181,15494723
2025-05-25T08:00:00Z,0.27181,0.27219,0.27077,0.27116,15612953
2025-05-25T09:00:00Z,0.27116,0.27372,0.27068,0.27299,26344542
2025-05-25T10:00:00Z,0.27300,0.27354,0.27173,0.27180,15342598
2025-05-25T11:00:00Z,0.27182,0.27367,0.27060,0.27301,34235869
2025-05-25T12:00:00Z,0.27300,0.27385,0.27266,0.27289,20338108
2025-05-25T13:00:00Z,0.27289,0.27305,0.27244,0.27275,8300871
2025-05-25T14:00:00Z,0.27275,0.27288,0.26977,0.27076,27541940
2025-05-25T15:00:00Z,0.27075,0.27079,0.26952,0.27049,21560490
2025-05-25T16:00:00Z,0.27049,0.27139,0.26968,0.27131,14469672
2025-05-25T17:00:00Z,0.27132,0.27145,0.27056,0.27118,8519944
2025-05-25T18:00:00Z,0.27118,0.27126,0.27082,0.27106,5910470
2025-05-25T19:00:00Z,0.27106,0.27128,0.27071,0.27085,4637659
2025-05-25T20:00:00Z,0.27085,0.27138,0.27038,0.27134,7421458
2025-05-25T21:00:00Z,0.27134,0.27153,0.27061,0.27064,6596966
2025-05-25T22:00:00Z,0.27065,0.27152,0.27045,0.27128,13163771
2025-05-25T23:00:00Z,0.27128,0.27230,0.27041,0.27203,14999516
2025-05-26T00:00:00Z,0.27204,0.27245,0.27160,0.27217,15044592
2025-05-26T01:00:00Z,0.27215,0.27275,0.27162,0.27215,10782844
2025-05-26T02:00:00Z,0.27216,0.27241,0.27091,0.27121,9212844
2025-05-26T03:00:00Z,0.27122,0.27230,0.27010,0.27196,13575390
2025-05-26T04:00:00Z,0.27196,0.27318,0.27164,0.27228,16291212
2025-05-26T05:00:00Z,0.27227,0.27299,0.27209,0.27217,8956628
2025-05-26T06:00:00Z,0.27218,0.27263,0.27150,0.27246,10822189
2025-05-26T07:00:00Z,0.27246,0.27247,0.27171,0.27183,11948883
2025-05-26T08:00:00Z,0.27183,0.27243,0.27156,0.27206,13876376
2025-05-26T09:00:00Z,0.27205,0.27250,0.27179,0.27233,9115996
2025-05-26T10:00:00Z,0.27232,0.27303,0.27230,0.27268,13605974
2025-05-26T11:00:00Z,0.27267,0.27420,0.27259,0.27379,21667727
2025-05-26T12:00:00Z,0.27379,0.27489,0.27366,0.27425,19707010
2025-05-26T13:00:00Z,0.27425,0.27449,0.27225,0.27257,16569946
2025-05-26T14:00:00Z,0.27256,0.27319,0.27181,0.27311,13795392
2025-05-26T15:00:00Z,0.27312,0.27360,0.27237,0.27284,11445373
2025-05-26T16:00:00Z,0.27285,0.27310,0.27140,0.27175,15595574
2025-05-26T17:00:00Z,0.27174,0.27213,0.27123,0.27145,10738935
2025-05-26T18:00:00Z,0.27145,0.27198,0.27136,0.27155,5740238
2025-05-26T19:00:00Z,0.27155,0.27287,0.27137,0.27283,8487655
2025-05-26T20:00:00Z,0.27284,0.27442,0.27246,0.27386,17514884
2025-05-26T21:00:00Z,0.27386,0.27443,0.27351,0.27390,10169657
2025-05-26T22:00:00Z,0.27391,0.27442,0.27319,0.27334,8477156
2025-05-26T23:00:00Z,0.27334,0.27434,0.27323,0.27374,8596759
2025-05-27T00:00:00Z,0.27374,0.27419,0.27313,0.27328,7810157
2025-05-27T01:00:00Z,0.27327,0.27342,0.27180,0.27331,23789690
2025-05-27T02:00:00Z,0.27332,0.27473,0.27331,0.27396,18622510
2025-05-27T03:00:00Z,0.27397,0.27529,0.27389,0.27492,20044679
2025-05-27T04:00:00Z,0.27492,0.27546,0.27476,0.27541,12585379
2025-05-27T05:00:00Z,0.27541,0.27553,0.27489,0.27503,9375316
2025-05-27T06:00:00Z,0.27503,0.27523,0.27429,0.27463,14167569
2025-05-27T07:00:00Z,0.27462,0.27721,0.27459,0.27698,31915176
2025-05-27T08:00:00Z,0.27699,0.27816,0.27676,0.27807,24191248
2025-05-27T09:00:00Z,0.27808,0.27890,0.27676,0.27713,22250942
2025-05-27T10:00:00Z,0.27713,0.27811,0.27673,0.27694,16486239
2025-05-27T11:00:00Z,0.27693,0.27702,0.27614,0.27656,11118296
2025-05-27T12:00:00Z,0.27656,0.27657,0.27470,0.27524,25780608
2025-05-27T13:00:00Z,0.27524,0.27582,0.27424,0.27448,29739350
2025-05-27T14:00:00Z,0.27448,0.27509,0.27275,0.27495,26060228
2025-05-27T15:00:00Z,0.27494,0.27494,0.27358,0.27384,19293421
2025-05-27T16:00:00Z,0.27383,0.27567,0.27363,0.27491,16579608
2025-05-27T17:00:00Z,0.27491,0.27599,0.27480,0.27514,14255280
2025-05-27T18:00:00Z,0.27515,0.27546,0.27451,0.27495,13319470
2025-05-27T19:00:00Z,0.27494,0.27651,0.27490,0.27648,10055627
2025-05-27T20:00:00Z,0.27648,0.27710,0.27588,0.27666,16953384
2025-05-27T21:00:00Z,0.27666,0.27695,0.27636,0.27675,8641647
2025-05-27T22:00:00Z,0.27675,0.27771,0.27665,0.27752,12707247
2025-05-27T23:00:00Z,0.27751,0.27804,0.27701,0.27784,14032670
2025-05-28T00:00:00Z,0.27784,0.27829,0.27627,0.27679,15830051
2025-05-28T01:00:00Z,0.27679,0.27929,0.27665,0.27904,19642925
2025-05-28T02:00:00Z,0.27904,0.27968,0.27853,0.27899,21708720
2025-05-28T03:00:00Z,0.27900,0.27944,0.27764,0.27795,12480825
2025-05-28T04:00:00Z,0.27796,0.27850,0.27652,0.27690,15236888
2025-05-28T05:00:00Z,0.27691,0.27719,0.27597,0.27619,15474075
2025-05-28T06:00:00Z,0.27619,0.27710,0.27604,0.27653,10598373
2025-05-28T07:00:00Z,0.27652,0.27685,0.27572,0.27586,10817559
2025-05-28T08:00:00Z,0.27586,0.27593,0.27516,0.27546,13474440
2025-05-28T09:00:00Z,0.27546,0.27574,0.27453,0.27538,13653340
2025-05-28T10:00:00Z,0.27539,0.27552,0.27460,0.27533,11323204
2025-05-28T11:00:00Z,0.27532,0.27567,0.27479,0.27563,7981737
2025-05-28T12:00:00Z,0.27562,0.27580,0.27460,0.27474,19967731
2025-05-28T13:00:00Z,0.27473,0.27557,0.27427,0.27451,17049146
2025-05-28T14:00:00Z,0.27452,0.27521,0.27394,0.27486,20902946
2025-05-28T15:00:00Z,0.27485,0.27522,0.27410,0.27428,14532632
2025-05-28T16:00:00Z,0.27429,0.27580,0.27421,0.27576,10225112
2025-05-28T17:00:00Z,0.27575,0.27580,0.27452,0.27488,9856966
2025-05-28T18:00:00Z,0.27486,0.27519,0.27436,0.27440,6205117
2025-05-28T19:00:00Z,0.27440,0.27466,0.27401,0.27401,6324174
2025-05-28T20:00:00Z,0.27401,0.27540,0.27337,0.27492,21146133
2025-05-28T21:00:00Z,0.27493,0.27496,0.27355,0.27362,9760543
2025-05-28T22:00:00Z,0.27361,0.27386,0.27320,0.27356,8812078
2025-05-28T23:00:00Z,0.27357,0.27374,0.27278,0.27355,13885856
2025-05-29T00:00:00Z,0.27355,0.27397,0.27225,0.27309,18317147
2025-05-29T01:00:00Z,0.27309,0.27383,0.27280,0.27334,11917640
2025-05-29T02:00:00Z,0.27333,0.27520,0.27333,0.27485,14942103
2025-05-29T03:00:00Z,0.27486,0.27550,0.27350,0.27353,14091158
2025-05-29T04:00:00Z,0.27354,0.27654,0.27322,0.27428,32844490
2025-05-29T05:00:00Z,0.27429,0.27463,0.27375,0.27406,9084173
2025-05-29T06:00:00Z,0.27406,0.27469,0.27394,0.27446,7061548
2025-05-29T07:00:00Z,0.27446,0.27634,0.27435,0.27622,17591424
2025-05-29T08:00:00Z,0.27622,0.27819,0.27586,0.27771,30365758
2025-05-29T09:00:00Z,0.27771,0.27799,0.27570,0.27576,27085213
2025-05-29T10:00:00Z,0.27576,0.27656,0.27523,0.27564,11249088
2025-05-29T11:00:00Z,0.27563,0.27738,0.27560,0.27736,11934024
2025-05-29T12:00:00Z,0.27736,0.27780,0.27688,0.27764,17516260
2025-05-29T13:00:00Z,0.27764,0.27815,0.27625,0.27649,22908774
2025-05-29T14:00:00Z,0.27650,0.27679,0.27495,0.27615,34621316
2025-05-29T15:00:00Z,0.27615,0.27657,0.27542,0.27554,11338284
2025-05-29T16:00:00Z,0.27554,0.27659,0.27533,0.27560,13159591
2025-05-29T17:00:00Z,0.27559,0.27668,0.27544,0.27609,11516688
2025-05-29T18:00:00Z,0.27610,0.27667,0.27595,0.27600,7944505
2025-05-29T19:00:00Z,0.27600,0.27631,0.27516,0.27542,10925259
2025-05-29T20:00:00Z,0.27543,0.27578,0.27536,0.27542,7209291
2025-05-29T21:00:00Z,0.27541,0.27569,0.27502,0.27534,4722561
2025-05-29T22:00:00Z,0.27535,0.27536,0.27442,0.27446,8721185
2025-05-29T23:00:00Z,0.27445,0.27461,0.27357,0.27450,15696840
2025-05-30T00:00:00Z,0.27449,0.27624,0.27137,0.27188,44339758
2025-05-30T01:00:00Z,0.27189,0.27289,0.27113,0.27158,30807378
2025-05-30T02:00:00Z,0.27159,0.27259,0.27140,0.27200,16482325
2025-05-30T03:00:00Z,0.27201,0.27272,0.27183,0.27211,11019898
2025-05-30T04:00:00Z,0.27211,0.27211,0.27072,0.27164,13883100
2025-05-30T05:00:00Z,0.27164,0.27218,0.27046,0.27141,16217172
2025-05-30T06:00:00Z,0.27141,0.27142,0.26813,0.26849,37861419
2025-05-30T07:00:00Z,0.26849,0.27036,0.26787,0.26963,26594172
2025-05-30T08:00:00Z,0.26962,0.27089,0.26905,0.27062,21664736
2025-05-30T09:00:00Z,0.27062,0.27158,0.27004,0.27154,18562953
2025-05-30T10:00:00Z,0.27154,0.27192,0.27104,0.27173,12867000
2025-05-30T11:00:00Z,0.27173,0.27227,0.27131,0.27193,10009251
2025-05-30T12:00:00Z,0.27192,0.27282,0.27048,0.27272,19662249
2025-05-30T13:00:00Z,0.27272,0.27333,0.27126,0.27131,20822744
2025-05-30T14:00:00Z,0.27132,0.27156,0.26960,0.27116,31128715
2025-05-30T15:00:00Z,0.27116,0.27156,0.27072,0.27095,10800828
2025-05-30T16:00:00Z,0.27095,0.27173,0.26791,0.26856,42461236
2025-05-30T17:00:00Z,0.26856,0.27000,0.26840,0.26928,18710857
2025-05-30T18:00:00Z,0.26926,0.27022,0.26915,0.27012,14585326
2025-05-30T19:00:00Z,0.27011,0.27124,0.26982,0.27120,10285514
2025-05-30T20:00:00Z,0.27118,0.27231,0.27109,0.27120,16030014
2025-05-30T21:00:00Z,0.27121,0.27170,0.27042,0.27063,8036853
2025-05-30T22:00:00Z,0.27063,0.27131,0.26808,0.26810,24543511
2025-05-30T23:00:00Z,0.26810,0.26810,0.26638,0.26684,34824455
2025-05-31T00:00:00Z,0.26683,0.26686,0.26347,0.26430,67300723
2025-05-31T01:00:00Z,0.26431,0.26565,0.26281,0.26378,40345693
2025-05-31T02:00:00Z,0.26379,0.26532,0.26304,0.26428,17463878
2025-05-31T03:00:00Z,0.26428,0.26669,0.26370,0.26657,27626055
2025-05-31T04:00:00Z,0.26657,0.26785,0.26630,0.26767,23728963
2025-05-31T05:00:00Z,0.26768,0.26849,0.26739,0.26801,15786159
2025-05-31T06:00:00Z,0.26802,0.26894,0.26801,0.26849,16127322
2025-05-31T07:00:00Z,0.26849,0.26930,0.26825,0.26865,14508329
2025-05-31T08:00:00Z,0.26865,0.26907,0.26750,0.26794,16474148
2025-05-31T09:00:00Z,0.26794,0.26906,0.26794,0.26893,11914898
2025-05-31T10:00:00Z,0.26893,0.26950,0.26826,0.26909,12990694
2025-05-31T11:00:00Z,0.26909,0.26909,0.26816,0.26855,8068630
2025-05-31T12:00:00Z,0.26855,0.26934,0.26843,0.26876,9287839
2025-05-31T13:00:00Z,0.26876,0.26906,0.26745,0.26768,13501695
2025-05-31T14:00:00Z,0.26767,0.26775,0.26670,0.26744,15785555
2025-05-31T15:00:00Z,0.26744,0.26746,0.26658,0.26677,16142635
2025-05-31T16:00:00Z,0.26678,0.26678,0.26593,0.26613,15279464
2025-05-31T17:00:00Z,0.26613,0.26613,0.26512,0.26515,16460382
2025-05-31T18:00:00Z,0.26515,0.26606,0.26472,0.26587,16185016
2025-05-31T19:00:00Z,0.26586,0.26674,0.26516,0.26643,14467082
2025-05-31T20:00:00Z,0.26643,0.26645,0.26588,0.26634,6777177
2025-05-31T21:00:00Z,0.26633,0.26636,0.26576,0.26581,5841626
2025-05-31T22:00:00Z,0.26581,0.26582,0.26507,0.26510,7626107
2025-05-31T23:00:00Z,0.26510,0.26584,0.26491,0.26546,7937568
2025-06-01T00:00:00Z,0.26545,0.26546,0.26467,0.26491,10246309
2025-06-01T01:00:00Z,0.26491,0.26633,0.26484,0.26582,11231236
2025-06-01T02:00:00Z,0.26582,0.26715,0.26539,0.26688,16308722
2025-06-01T03:00:00Z,0.26689,0.26758,0.26679,0.26712,12919586
2025-06-01T04:00:00Z,0.26711,0.26811,0.26711,0.26771,12507636
2025-06-01T05:00:00Z,0.26771,0.26862,0.26770,0.26811,14618185
2025-06-01T06:00:00Z,0.26810,0.26898,0.26804,0.26892,13567424
2025-06-01T07:00:00Z,0.26892,0.26895,0.26797,0.26821,8572256
2025-06-01T08:00:00Z,0.26820,0.26831,0.26748,0.26774,8809838
2025-06-01T09:00:00Z,0.26772,0.26826,0.26675,0.26711,13739894
2025-06-01T10:00:00Z,0.26711,0.26756,0.26665,0.26746,8389796
2025-06-01T11:00:00Z,0.26747,0.26890,0.26715,0.26821,12876473
2025-06-01T12:00:00Z,0.26821,0.26848,0.26721,0.26759,8740335
2025-06-01T13:00:00Z,0.26759,0.26837,0.26747,0.26807,10236306
2025-06-01T14:00:00Z,0.26807,0.26836,0.26750,0.26803,8892834
2025-06-01T15:00:00Z,0.26803,0.26824,0.26766,0.26821,5426829
2025-06-01T16:00:00Z,0.26820,0.26920,0.26767,0.26893,13802086
2025-06-01T17:00:00Z,0.26894,0.26971,0.26885,0.26905,9531229
2025-06-01T18:00:00Z,0.26905,0.26915,0.26799,0.26870,9274396
2025-06-01T19:00:00Z,0.26868,0.26940,0.26867,0.26922,7159780
2025-06-01T20:00:00Z,0.26922,0.26923,0.26866,0.26882,5376667
2025-06-01T21:00:00Z,0.26881,0.26981,0.26881,0.26978,5855876
2025-06-01T22:00:00Z,0.26977,0.27035,0.26958,0.27018,10634388
2025-06-01T23:00:00Z,0.27015,0.27131,0.27012,0.27068,14181129
2025-06-02T00:00:00Z,0.27068,0.27099,0.27001,0.27030,11539535
2025-06-02T01:00:00Z,0.27031,0.27064,0.26999,0.27052,6849132
2025-06-02T02:00:00Z,0.27053,0.27143,0.27046,0.27087,10536971
2025-06-02T03:00:00Z,0.27088,0.27094,0.27030,0.27069,11824584
2025-06-02T04:00:00Z,0.27069,0.27176,0.27069,0.27124,13964786
2025-06-02T05:00:00Z,0.27123,0.27142,0.27020,0.27048,10417433
2025-06-02T06:00:00Z,0.27047,0.27082,0.27007,0.27033,11102095
2025-06-02T07:00:00Z,0.27032,0.27057,0.26923,0.26933,14147934
2025-06-02T08:00:00Z,0.26934,0.27040,0.26902,0.27001,15789003
2025-06-02T09:00:00Z,0.27002,0.27013,0.26875,0.26875,13534503
2025-06-02T10:00:00Z,0.26875,0.26921,0.26790,0.26791,15835330
2025-06-02T11:00:00Z,0.26790,0.26874,0.26760,0.26773,12981286
2025-06-02T12:00:00Z,0.26773,0.26846,0.26740,0.26786,10146836
2025-06-02T13:00:00Z,0.26785,0.26786,0.26673,0.26707,17810424
2025-06-02T14:00:00Z,0.26707,0.26759,0.26670,0.26685,17419851
2025-06-02T15:00:00Z,0.26686,0.26745,0.26651,0.26703,11523640
2025-06-02T16:00:00Z,0.26703,0.26706,0.26553,0.26622,20144488
2025-06-02T17:00:00Z,0.26622,0.27028,0.26572,0.26656,58406257
2025-06-02T18:00:00Z,0.26656,0.26750,0.26647,0.26700,14995748
2025-06-02T19:00:00Z,0.26700,0.26754,0.26675,0.26723,9210350
2025-06-02T20:00:00Z,0.26724,0.26840,0.26707,0.26813,15269170
2025-06-02T21:00:00Z,0.26814,0.26849,0.26770,0.26814,6764269
2025-06-02T22:00:00Z,0.26814,0.26867,0.26809,0.26858,11255241
2025-06-02T23:00:00Z,0.26858,0.26892,0.26848,0.26863,9566584
2025-06-03T00:00:00Z,0.26864,0.26874,0.26816,0.26868,8737215
2025-06-03T01:00:00Z,0.26868,0.26990,0.26853,0.26933,13636283
2025-06-03T02:00:00Z,0.26934,0.26935,0.26862,0.26910,9475657
2025-06-03T03:00:00Z,0.26910,0.26926,0.26836,0.26862,7669767
2025-06-03T04:00:00Z,0.26862,0.27022,0.26853,0.26919,12743470
2025-06-03T05:00:00Z,0.26919,0.27075,0.26912,0.27007,14372059
2025-06-03T06:00:00Z,0.27008,0.27060,0.26988,0.26998,9778437
2025-06-03T07:00:00Z,0.26998,0.27035,0.26980,0.27015,8104368
2025-06-03T08:00:00Z,0.27014,0.27042,0.26948,0.27008,8601220
2025-06-03T09:00:00Z,0.27008,0.27090,0.26996,0.27030,10080298
2025-06-03T10:00:00Z,0.27031,0.27085,0.27003,0.27044,8168421
2025-06-03T11:00:00Z,0.27047,0.27082,0.26965,0.26980,7018825
2025-06-03T12:00:00Z,0.26980,0.27024,0.26957,0.27024,7038918
2025-06-03T13:00:00Z,0.27024,0.27078,0.26993,0.27028,11029843
2025-06-03T14:00:00Z,0.27028,0.27126,0.26991,0.27087,11229407
2025-06-03T15:00:00Z,0.27086,0.27145,0.27022,0.27037,11878604
2025-06-03T16:00:00Z,0.27036,0.27080,0.26989,0.27045,10690749
2025-06-03T17:00:00Z,0.27045,0.27107,0.27027,0.27076,5362216
2025-06-03T18:00:00Z,0.27076,0.27106,0.27037,0.27099,5072180
2025-06-03T19:00:00Z,0.27099,0.27171,0.27095,0.27163,6755153
2025-06-03T20:00:00Z,0.27163,0.27195,0.27072,0.27127,9597300
2025-06-03T21:00:00Z,0.27126,0.27144,0.26959,0.27018,7471699
2025-06-03T22:00:00Z,0.27018,0.27083,0.26988,0.27064,6984292
2025-06-03T23:00:00Z,0.27064,0.27078,0.26995,0.27013,5934809
2025-06-04T00:00:00Z,0.27013,0.27100,0.26998,0.27030,10417687
2025-06-04T01:00:00Z,0.27026,0.27065,0.26873,0.26884,12100423
2025-06-04T02:00:00Z,0.26884,0.26959,0.26849,0.26909,10258518
2025-06-04T03:00:00Z,0.26908,0.26932,0.26830,0.26840,10395813
2025-06-04T04:00:00Z,0.26840,0.26851,0.26800,0.26821,11381757
2025-06-04T05:00:00Z,0.26821,0.26832,0.26768,0.26817,9456497
2025-06-04T06:00:00Z,0.26818,0.26992,0.26789,0.26932,11195116
2025-06-04T07:00:00Z,0.26931,0.27051,0.26922,0.26993,12452298
2025-06-04T08:00:00Z,0.26992,0.27160,0.26979,0.27135,12548233
2025-06-04T09:00:00Z,0.27134,0.27228,0.27100,0.27173,17480503
2025-06-04T10:00:00Z,0.27174,0.27280,0.27174,0.27208,19201550
2025-06-04T11:00:00Z,0.27208,0.27294,0.27190,0.27226,11258117
2025-06-04T12:00:00Z,0.27227,0.27318,0.27091,0.27109,22865564
2025-06-04T13:00:00Z,0.27109,0.27242,0.27091,0.27175,13263494
2025-06-04T14:00:00Z,0.27174,0.27353,0.27134,0.27303,30641207
2025-06-04T15:00:00Z,0.27303,0.27351,0.27183,0.27216,17397907
2025-06-04T16:00:00Z,0.27216,0.27374,0.27216,0.27364,13777838
2025-06-04T17:00:00Z,0.27364,0.27387,0.27274,0.27336,12564498
2025-06-04T18:00:00Z,0.27336,0.27412,0.27319,0.27326,10572135
2025-06-04T19:00:00Z,0.27327,0.27371,0.27293,0.27298,8772513
2025-06-04T20:00:00Z,0.27298,0.27366,0.27260,0.27334,13901236
2025-06-04T21:00:00Z,0.27334,0.27384,0.27268,0.27371,11467942
2025-06-04T22:00:00Z,0.27371,0.27475,0.27363,0.27369,14243263
2025-06-04T23:00:00Z,0.27369,0.27444,0.27364,0.27423,7680655
2025-06-05T00:00:00Z,0.27423,0.27499,0.27423,0.27461,12475811
2025-06-05T01:00:00Z,0.27461,0.27508,0.27305,0.27342,12671057
2025-06-05T02:00:00Z,0.27342,0.27358,0.27209,0.27252,14399216
2025-06-05T03:00:00Z,0.27251,0.27334,0.27213,0.27334,9132098
2025-06-05T04:00:00Z,0.27334,0.27392,0.27306,0.27389,11503368
2025-06-05T05:00:00Z,0.27390,0.27402,0.27234,0.27278,9462766
2025-06-05T06:00:00Z,0.27278,0.27322,0.27167,0.27248,12285718
2025-06-05T07:00:00Z,0.27248,0.27332,0.27225,0.27298,10692485
2025-06-05T08:00:00Z,0.27298,0.27404,0.27293,0.27320,14510166
2025-06-05T09:00:00Z,0.27320,0.27376,0.27191,0.27216,11874235
2025-06-05T10:00:00Z,0.27216,0.27295,0.27177,0.27278,13074504
2025-06-05T11:00:00Z,0.27278,0.27374,0.27228,0.27281,13666133
2025-06-05T12:00:00Z,0.27282,0.27386,0.27282,0.27338,17133938
2025-06-05T13:00:00Z,0.27337,0.27392,0.27254,0.27275,15817449
2025-06-05T14:00:00Z,0.27274,0.27370,0.27210,0.27345,15629446
2025-06-05T15:00:00Z,0.27345,0.27492,0.27336,0.27445,18839882
2025-06-05T16:00:00Z,0.27446,0.27489,0.27259,0.27287,22959777
2025-06-05T17:00:00Z,0.27289,0.27406,0.27274,0.27343,11474335
2025-06-05T18:00:00Z,0.27342,0.27368,0.27254,0.27295,12254326
2025-06-05T19:00:00Z,0.27295,0.27320,0.27048,0.27163,38650733
2025-06-05T20:00:00Z,0.27163,0.27215,0.26546,0.26613,90997235
2025-06-05T21:00:00Z,0.26612,0.26777,0.26586,0.26759,34709997
2025-06-05T22:00:00Z,0.26759,0.26865,0.26665,0.26853,17943897
2025-06-05T23:00:00Z,0.26853,0.28492,0.26832,0.28175,156950559
2025-06-06T00:00:00Z,0.28174,0.28241,0.27811,0.27865,63059407
2025-06-06T01:00:00Z,0.27864,0.27921,0.27741,0.27751,25995007
2025-06-06T02:00:00Z,0.27751,0.27799,0.27552,0.27620,24006797
2025-06-06T03:00:00Z,0.27619,0.27757,0.27545,0.27686,20605774
2025-06-06T04:00:00Z,0.27685,0.27694,0.27613,0.27678,11434651
2025-06-06T05:00:00Z,0.27679,0.27721,0.27558,0.27633,19422133
2025-06-06T06:00:00Z,0.27634,0.27674,0.27578,0.27618,8521906
2025-06-06T07:00:00Z,0.27618,0.27652,0.27582,0.27626,8852294
2025-06-06T08:00:00Z,0.27626,0.27632,0.27560,0.27592,12904296
2025-06-06T09:00:00Z,0.27591,0.27594,0.27541,0.27573,9898684
2025-06-06T10:00:00Z,0.27573,0.27931,0.27568,0.27893,29499093
2025-06-06T11:00:00Z,0.27893,0.27969,0.27816,0.27827,17263857
2025-06-06T12:00:00Z,0.27828,0.27915,0.27750,0.27822,17764353
2025-06-06T13:00:00Z,0.27822,0.27962,0.27818,0.27937,17106740
2025-06-06T14:00:00Z,0.27937,0.28030,0.27824,0.27972,22401272
2025-06-06T15:00:00Z,0.27972,0.28005,0.27838,0.27924,24531982
2025-06-06T16:00:00Z,0.27924,0.27934,0.27849,0.27888,10756268
2025-06-06T17:00:00Z,0.27888,0.27888,0.27636,0.27751,30208575
2025-06-06T18:00:00Z,0.27751,0.27760,0.27667,0.27711,10410776
2025-06-06T19:00:00Z,0.27710,0.27712,0.27605,0.27631,7634961
2025-06-06T20:00:00Z,0.27629,0.27672,0.27616,0.27644,6208332
2025-06-06T21:00:00Z,0.27643,0.27693,0.27628,0.27656,6337085
2025-06-06T22:00:00Z,0.27656,0.27741,0.27639,0.27725,7809849
2025-06-06T23:00:00Z,0.27725,0.27786,0.27695,0.27786,7541372
2025-06-07T00:00:00Z,0.27786,0.27878,0.27764,0.27809,15794807
2025-06-07T01:00:00Z,0.27809,0.27905,0.27799,0.27892,10338891
2025-06-07T02:00:00Z,0.27892,0.27893,0.27766,0.27795,9407710
2025-06-07T03:00:00Z,0.27795,0.27815,0.27727,0.27734,7410884
2025-06-07T04:00:00Z,0.27734,0.27800,0.27718,0.27743,6049192
2025-06-07T05:00:00Z,0.27743,0.27775,0.27703,0.27752,5653721
2025-06-07T06:00:00Z,0.27752,0.27793,0.27733,0.27763,5724593
2025-06-07T07:00:00Z,0.27764,0.27828,0.27725,0.27806,5613002
2025-06-07T08:00:00Z,0.27807,0.27941,0.27789,0.27867,12495046
2025-06-07T09:00:00Z,0.27867,0.27966,0.27848,0.27958,12631097
2025-06-07T10:00:00Z,0.27959,0.27987,0.27878,0.27897,11577771
2025-06-07T11:00:00Z,0.27898,0.27994,0.27895,0.27993,6460138
2025-06-07T12:00:00Z,0.27994,0.28035,0.27865,0.27903,12467859
2025-06-07T13:00:00Z,0.27903,0.27934,0.27806,0.27842,10667666
2025-06-07T14:00:00Z,0.27842,0.27936,0.27831,0.27914,10551033
2025-06-07T15:00:00Z,0.27915,0.28092,0.27875,0.28071,13965837
2025-06-07T16:00:00Z,0.28071,0.28155,0.27991,0.28147,27098308
2025-06-07T17:00:00Z,0.28147,0.28218,0.28047,0.28170,14739334
2025-06-07T18:00:00Z,0.28171,0.28457,0.28112,0.28344,33772658
2025-06-07T19:00:00Z,0.28344,0.28531,0.28329,0.28460,23512026
2025-06-07T20:00:00Z,0.28460,0.28567,0.28409,0.28414,18314028
2025-06-07T21:00:00Z,0.28414,0.28444,0.28364,0.28415,10024450
2025-06-07T22:00:00Z,0.28415,0.28696,0.28397,0.28643,20855016
2025-06-07T23:00:00Z,0.28645,0.28692,0.28574,0.28674,12036133
2025-06-08T00:00:00Z,0.28673,0.28691,0.28500,0.28529,15549505
2025-06-08T01:00:00Z,0.28529,0.28594,0.28445,0.28471,11960521
2025-06-08T02:00:00Z,0.28470,0.28761,0.28458,0.28595,21414985
2025-06-08T03:00:00Z,0.28595,0.28606,0.28457,0.28481,10969014
2025-06-08T04:00:00Z,0.28480,0.28551,0.28396,0.28544,15325954
2025-06-08T05:00:00Z,0.28544,0.28693,0.28535,0.28620,19064752
2025-06-08T06:00:00Z,0.28620,0.28620,0.28467,0.28491,10992205
2025-06-08T07:00:00Z,0.28491,0.28620,0.28477,0.28578,14773099
2025-06-08T08:00:00Z,0.28577,0.28629,0.28534,0.28611,11526982
2025-06-08T09:00:00Z,0.28611,0.28614,0.28515,0.28571,17235542
2025-06-08T10:00:00Z,0.28571,0.28613,0.28525,0.28592,11124109
2025-06-08T11:00:00Z,0.28593,0.28607,0.28447,0.28557,13770623
2025-06-08T12:00:00Z,0.28556,0.28570,0.28479,0.28550,8999065
2025-06-08T13:00:00Z,0.28550,0.28559,0.28470,0.28482,9836501
2025-06-08T14:00:00Z,0.28482,0.28626,0.28478,0.28588,11781636
2025-06-08T15:00:00Z,0.28589,0.28601,0.28474,0.28502,9022070
2025-06-08T16:00:00Z,0.28502,0.28540,0.28294,0.28394,32139739
2025-06-08T17:00:00Z,0.28394,0.28420,0.28327,0.28385,13702269
2025-06-08T18:00:00Z,0.28384,0.28385,0.28226,0.28229,23213562
2025-06-08T19:00:00Z,0.28229,0.28337,0.28224,0.28297,10298878
2025-06-08T20:00:00Z,0.28298,0.28334,0.28250,0.28261,9508927
2025-06-08T21:00:00Z,0.28261,0.28268,0.28169,0.28178,9644601
2025-06-08T22:00:00Z,0.28177,0.28269,0.28123,0.28167,14374628
2025-06-08T23:00:00Z,0.28167,0.28208,0.28135,0.28159,7945076
2025-06-09T00:00:00Z,0.28160,0.28235,0.28118,0.28175,11603232
2025-06-09T01:00:00Z,0.28174,0.28263,0.28169,0.28216,7413167
2025-06-09T02:00:00Z,0.28215,0.28424,0.28215,0.28343,19788675
2025-06-09T03:00:00Z,0.28340,0.28419,0.28330,0.28377,11233347
2025-06-09T04:00:00Z,0.28376,0.28557,0.28351,0.28453,16643059
2025-06-09T05:00:00Z,0.28454,0.28516,0.28414,0.28418,8936020
2025-06-09T06:00:00Z,0.28418,0.28476,0.28308,0.28312,10742438
2025-06-09T07:00:00Z,0.28311,0.28381,0.28261,0.28333,13368820
2025-06-09T08:00:00Z,0.28334,0.28441,0.28308,0.28314,10168089
2025-06-09T09:00:00Z,0.28313,0.28337,0.28128,0.28136,20020340
2025-06-09T10:00:00Z,0.28136,0.28268,0.28067,0.28186,23169683
2025-06-09T11:00:00Z,0.28185,0.28313,0.28162,0.28309,15514014
2025-06-09T12:00:00Z,0.28309,0.28368,0.28197,0.28215,14048877
2025-06-09T13:00:00Z,0.28215,0.28354,0.28177,0.28251,15354599
2025-06-09T14:00:00Z,0.28252,0.28259,0.28182,0.28249,10321656
2025-06-09T15:00:00Z,0.28249,0.28394,0.28246,0.28359,13231664
2025-06-09T16:00:00Z,0.28360,0.28411,0.28226,0.28283,15636477
2025-06-09T17:00:00Z,0.28283,0.28531,0.28269,0.28509,20828683
2025-06-09T18:00:00Z,0.28510,0.28637,0.28466,0.28588,25464611
2025-06-09T19:00:00Z,0.28588,0.28658,0.28492,0.28617,21274543
2025-06-09T20:00:00Z,0.28616,0.28846,0.28616,0.28843,26882801
2025-06-09T21:00:00Z,0.28843,0.28879,0.28694,0.28855,36342998
2025-06-09T22:00:00Z,0.28854,0.29011,0.28835,0.28845,31134587
2025-06-09T23:00:00Z,0.28846,0.28854,0.28676,0.28676,13283462
2025-06-10T00:00:00Z,0.28676,0.28777,0.28614,0.28700,22466029
2025-06-10T01:00:00Z,0.28700,0.28794,0.28657,0.28734,12339253
2025-06-10T02:00:00Z,0.28733,0.28895,0.28659,0.28755,16603903
2025-06-10T03:00:00Z,0.28756,0.28792,0.28667,0.28673,10195794
2025-06-10T04:00:00Z,0.28673,0.28706,0.28544,0.28619,19805282
2025-06-10T05:00:00Z,0.28619,0.28651,0.28559,0.28597,11049077
2025-06-10T06:00:00Z,0.28597,0.28664,0.28556,0.28603,12157862
2025-06-10T07:00:00Z,0.28603,0.28660,0.28578,0.28616,8607702
2025-06-10T08:00:00Z,0.28616,0.28657,0.28576,0.28646,7486182
2025-06-10T09:00:00Z,0.28646,0.28857,0.28632,0.28812,16213708
2025-06-10T10:00:00Z,0.28811,0.28918,0.28769,0.28871,18353959
2025-06-10T11:00:00Z,0.28871,0.29103,0.28870,0.29010,54895068
2025-06-10T12:00:00Z,0.29009,0.29334,0.28966,0.29203,34466216
2025-06-10T13:00:00Z,0.29203,0.29414,0.29155,0.29387,55336288
2025-06-10T14:00:00Z,0.29385,0.29455,0.29255,0.29441,18550247
2025-06-10T15:00:00Z,0.29441,0.29441,0.29102,0.29191,24270356
2025-06-10T16:00:00Z,0.29191,0.29350,0.29185,0.29289,12508975
2025-06-10T17:00:00Z,0.29288,0.29366,0.29045,0.29067,15862736
2025-06-10T18:00:00Z,0.29067,0.29288,0.29060,0.29266,12778633
2025-06-10T19:00:00Z,0.29267,0.29280,0.29057,0.29083,14552897
2025-06-10T20:00:00Z,0.29082,0.29150,0.28976,0.29128,12713191
2025-06-10T21:00:00Z,0.29128,0.29130,0.29014,0.29045,9446466
2025-06-10T22:00:00Z,0.29045,0.29200,0.29030,0.29106,10563417
2025-06-10T23:00:00Z,0.29105,0.29270,0.29043,0.29264,10249402
2025-06-11T00:00:00Z,0.29263,0.29264,0.28945,0.28958,17979821
2025-06-11T01:00:00Z,0.28957,0.29095,0.28904,0.28950,16991417
2025-06-11T02:00:00Z,0.28951,0.29123,0.28917,0.29115,9280858
2025-06-11T03:00:00Z,0.29116,0.29185,0.29003,0.29044,10024508
2025-06-11T04:00:00Z,0.29044,0.29044,0.28928,0.28977,10629345
2025-06-11T05:00:00Z,0.28977,0.29124,0.28956,0.29047,8199514
2025-06-11T06:00:00Z,0.29048,0.29066,0.28979,0.29004,7899099
2025-06-11T07:00:00Z,0.29005,0.29058,0.28992,0.29041,5508368
2025-06-11T08:00:00Z,0.29041,0.29218,0.29012,0.29195,15120750
2025-06-11T09:00:00Z,0.29195,0.29228,0.29119,0.29158,10523307
2025-06-11T10:00:00Z,0.29158,0.29282,0.29064,0.29140,19424655
2025-06-11T11:00:00Z,0.29139,0.29187,0.29056,0.29169,9217184
2025-06-11T12:00:00Z,0.29169,0.29195,0.29065,0.29095,18574913
2025-06-11T13:00:00Z,0.29096,0.29210,0.29082,0.29180,12620034
2025-06-11T14:00:00Z,0.29181,0.29182,0.28976,0.29067,23034198
2025-06-11T15:00:00Z,0.29065,0.29200,0.28927,0.28930,29725631
2025-06-11T16:00:00Z,0.28931,0.28935,0.28001,0.28179,113816473
2025-06-11T17:00:00Z,0.28180,0.28391,0.28050,0.28135,93499273
2025-06-11T18:00:00Z,0.28135,0.28341,0.28066,0.28169,38694701
2025-06-11T19:00:00Z,0.28169,0.28229,0.27796,0.27939,66988373
2025-06-11T20:00:00Z,0.27938,0.27971,0.27724,0.27769,69532468
2025-06-11T21:00:00Z,0.27770,0.27864,0.27630,0.27754,35006353
2025-06-11T22:00:00Z,0.27754,0.27851,0.27707,0.27842,24244992
2025-06-11T23:00:00Z,0.27842,0.27954,0.27813,0.27940,20719979
2025-06-12T00:00:00Z,0.27940,0.27941,0.27819,0.27842,18205056
2025-06-12T01:00:00Z,0.27841,0.27860,0.27708,0.27708,19862955
2025-06-12T02:00:00Z,0.27709,0.28218,0.27550,0.27785,83761052
2025-06-12T03:00:00Z,0.27779,0.27862,0.27422,0.27442,47741069
2025-06-12T04:00:00Z,0.27442,0.27506,0.27258,0.27401,52005886
2025-06-12T05:00:00Z,0.27402,0.27540,0.27357,0.27410,21887075
2025-06-12T06:00:00Z,0.27411,0.27422,0.27335,0.27409,15628508
2025-06-12T07:00:00Z,0.27409,0.27620,0.27398,0.27612,22284818
2025-06-12T08:00:00Z,0.27612,0.27705,0.27411,0.27418,38177130
2025-06-12T09:00:00Z,0.27419,0.27493,0.27416,0.27437,9979111
2025-06-12T10:00:00Z,0.27437,0.27454,0.27284,0.27332,28179233
2025-06-12T11:00:00Z,0.27331,0.27356,0.26988,0.27180,57797890
2025-06-12T12:00:00Z,0.27178,0.27891,0.27091,0.27656,116285430
2025-06-12T13:00:00Z,0.27655,0.27801,0.27632,0.27704,51302703
2025-06-12T14:00:00Z,0.27705,0.27736,0.27466,0.27497,35565126
2025-06-12T15:00:00Z,0.27497,0.27542,0.27339,0.27396,26107456
2025-06-12T16:00:00Z,0.27396,0.27555,0.27368,0.27462,25900786
2025-06-12T17:00:00Z,0.27461,0.27507,0.27442,0.27475,8731263
2025-06-12T18:00:00Z,0.27475,0.27475,0.27356,0.27362,11357454
2025-06-12T19:00:00Z,0.27362,0.27394,0.27173,0.27198,32252678
2025-06-12T20:00:00Z,0.27198,0.27230,0.27033,0.27062,40910571
2025-06-12T21:00:00Z,0.27061,0.27168,0.27023,0.27094,14150444
2025-06-12T22:00:00Z,0.27095,0.27200,0.27094,0.27140,11736465
2025-06-12T23:00:00Z,0.27140,0.27228,0.27140,0.27172,10592040
2025-06-13T00:00:00Z,0.27173,0.27185,0.26739,0.26849,91567816
2025-06-13T01:00:00Z,0.26850,0.26884,0.26666,0.26761,42822888
2025-06-13T02:00:00Z,0.26762,0.27003,0.26759,0.26943,37784598
2025-06-13T03:00:00Z,0.26943,0.27179,0.26939,0.27120,38426429
2025-06-13T04:00:00Z,0.27120,0.27225,0.27060,0.27210,24224121
2025-06-13T05:00:00Z,0.27209,0.27222,0.27156,0.27181,11953021
2025-06-13T06:00:00Z,0.27180,0.27366,0.27180,0.27365,24149040
2025-06-13T07:00:00Z,0.27365,0.27410,0.27279,0.27311,21963729
2025-06-13T08:00:00Z,0.27311,0.27353,0.27254,0.27274,16817642
2025-06-13T09:00:00Z,0.27274,0.27366,0.27262,0.27341,24258717
2025-06-13T10:00:00Z,0.27342,0.27408,0.27293,0.27386,20489153
2025-06-13T11:00:00Z,0.27387,0.27406,0.27228,0.27336,18280780
2025-06-13T12:00:00Z,0.27336,0.27390,0.27246,0.27296,23002825
2025-06-13T13:00:00Z,0.27296,0.27354,0.27252,0.27257,13032842
2025-06-13T14:00:00Z,0.27258,0.27297,0.26970,0.27016,53182647
2025-06-13T15:00:00Z,0.27016,0.27078,0.26869,0.26943,53720751
2025-06-13T16:00:00Z,0.26944,0.26963,0.26780,0.26791,36884321
2025-06-13T17:00:00Z,0.26791,0.27058,0.26718,0.26994,48415815
2025-06-13T18:00:00Z,0.26994,0.27045,0.26853,0.26918,20095860
2025-06-13T19:00:00Z,0.26917,0.26953,0.26878,0.26944,7563583
2025-06-13T20:00:00Z,0.26944,0.27098,0.26936,0.27088,13947836
2025-06-13T21:00:00Z,0.27089,0.27120,0.27015,0.27055,10278164
2025-06-13T22:00:00Z,0.27056,0.27120,0.27000,0.27027,9494605
2025-06-13T23:00:00Z,0.27027,0.27060,0.26939,0.26950,8739580
2025-06-14T00:00:00Z,0.26949,0.26982,0.26927,0.26936,12868701
2025-06-14T01:00:00Z,0.26935,0.27103,0.26914,0.27099,13117573
2025-06-14T02:00:00Z,0.27098,0.27149,0.27072,0.27131,9648048
2025-06-14T03:00:00Z,0.27131,0.27138,0.27085,0.27125,7716828
2025-06-14T04:00:00Z,0.27126,0.27137,0.27014,0.27055,6554832
2025-06-14T05:00:00Z,0.27055,0.27099,0.27025,0.27097,4059325
2025-06-14T06:00:00Z,0.27097,0.27202,0.27084,0.27153,11213766
2025-06-14T07:00:00Z,0.27153,0.27173,0.26874,0.26931,17284594
2025-06-14T08:00:00Z,0.26930,0.26960,0.26863,0.26888,10898846
2025-06-14T09:00:00Z,0.26887,0.26912,0.26842,0.26857,16167126
2025-06-14T10:00:00Z,0.26856,0.26964,0.26834,0.26931,10669780
2025-06-14T11:00:00Z,0.26930,0.27017,0.26923,0.26989,5163549
2025-06-14T12:00:00Z,0.26988,0.27015,0.26916,0.26967,6355462
2025-06-14T13:00:00Z,0.26968,0.26969,0.26916,0.26930,5784752
2025-06-14T14:00:00Z,0.26929,0.26950,0.26913,0.26943,5485398
2025-06-14T15:00:00Z,0.26942,0.26948,0.26906,0.26929,7020363
2025-06-14T16:00:00Z,0.26929,0.26943,0.26853,0.26868,12383424
2025-06-14T17:00:00Z,0.26869,0.26994,0.26836,0.26994,11226224
2025-06-14T18:00:00Z,0.26993,0.27058,0.26896,0.26978,12160792
2025-06-14T19:00:00Z,0.26978,0.27135,0.26972,0.27060,13150924
2025-06-14T20:00:00Z,0.27060,0.27067,0.26973,0.27050,8535131
2025-06-14T21:00:00Z,0.27050,0.27068,0.26999,0.27047,5932294
2025-06-14T22:00:00Z,0.27046,0.27119,0.27041,0.27116,6245487
2025-06-14T23:00:00Z,0.27116,0.27117,0.27077,0.27091,3722520
2025-06-15T00:00:00Z,0.27092,0.27092,0.26999,0.27052,8235000
2025-06-15T01:00:00Z,0.27053,0.27168,0.27052,0.27160,9345464
2025-06-15T02:00:00Z,0.27160,0.27212,0.27108,0.27139,6694730
2025-06-15T03:00:00Z,0.27139,0.27158,0.27115,0.27125,3080103
2025-06-15T04:00:00Z,0.27125,0.27162,0.27058,0.27140,7472030
2025-06-15T05:00:00Z,0.27140,0.27203,0.27079,0.27119,9407737
2025-06-15T06:00:00Z,0.27119,0.27125,0.27050,0.27101,7783066
2025-06-15T07:00:00Z,0.27101,0.27117,0.27056,0.27101,3692257
2025-06-15T08:00:00Z,0.27102,0.27171,0.27095,0.27153,7679375
2025-06-15T09:00:00Z,0.27154,0.27241,0.27141,0.27218,10228466
2025-06-15T10:00:00Z,0.27218,0.27250,0.27170,0.27247,8204436
2025-06-15T11:00:00Z,0.27247,0.27320,0.27186,0.27208,10237982
2025-06-15T12:00:00Z,0.27208,0.27248,0.27177,0.27218,5509091
2025-06-15T13:00:00Z,0.27218,0.27269,0.27209,0.27247,6797537
2025-06-15T14:00:00Z,0.27246,0.27257,0.27193,0.27210,7608547
2025-06-15T15:00:00Z,0.27210,0.27375,0.27179,0.27286,15217642
2025-06-15T16:00:00Z,0.27287,0.27310,0.27233,0.27265,6450591
2025-06-15T17:00:00Z,0.27265,0.27283,0.27230,0.27273,4399058
2025-06-15T18:00:00Z,0.27273,0.27277,0.27258,0.27268,2595958
2025-06-15T19:00:00Z,0.27267,0.27282,0.27206,0.27229,6171723
2025-06-15T20:00:00Z,0.27229,0.27252,0.27187,0.27215,7544702
2025-06-15T21:00:00Z,0.27216,0.27233,0.27184,0.27227,4152261
2025-06-15T22:00:00Z,0.27226,0.27333,0.27212,0.27332,7051122
2025-06-15T23:00:00Z,0.27333,0.27411,0.27316,0.27373,12487827
2025-06-16T00:00:00Z,0.27372,0.27415,0.27330,0.27349,8927061
2025-06-16T01:00:00Z,0.27349,0.27353,0.27110,0.27163,22106658
2025-06-16T02:00:00Z,0.27162,0.27198,0.27118,0.27151,16720591
2025-06-16T03:00:00Z,0.27151,0.27152,0.26991,0.27085,18613901
2025-06-16T04:00:00Z,0.27085,0.27163,0.27010,0.27041,14198098
2025-06-16T05:00:00Z,0.27041,0.27101,0.27001,0.27055,20669983
2025-06-16T06:00:00Z,0.27056,0.27122,0.27015,0.27083,12631181
2025-06-16T07:00:00Z,0.27083,0.27270,0.27003,0.27226,31836265
2025-06-16T08:00:00Z,0.27226,0.27276,0.27123,0.27124,18786547
2025-06-16T09:00:00Z,0.27125,0.27203,0.27112,0.27130,12209577
2025-06-16T10:00:00Z,0.27129,0.27155,0.27086,0.27126,11615563
2025-06-16T11:00:00Z,0.27125,0.27126,0.27002,0.27019,10279321
2025-06-16T12:00:00Z,0.27020,0.29549,0.26955,0.27771,983253453
2025-06-16T13:00:00Z,0.27771,0.28232,0.27621,0.27820,200382150
2025-06-16T14:00:00Z,0.27822,0.28093,0.27629,0.28001,81250611
2025-06-16T15:00:00Z,0.28000,0.28334,0.27949,0.28182,79237247
2025-06-16T16:00:00Z,0.28185,0.28347,0.28000,0.28043,60328014
2025-06-16T17:00:00Z,0.28045,0.28152,0.27630,0.27950,195496643
2025-06-16T18:00:00Z,0.27951,0.27984,0.27848,0.27899,20033706
2025-06-16T19:00:00Z,0.27899,0.27975,0.27848,0.27963,18600601
2025-06-16T20:00:00Z,0.27963,0.28012,0.27918,0.27968,15562829
2025-06-16T21:00:00Z,0.27968,0.27991,0.27894,0.27975,13853343
2025-06-16T22:00:00Z,0.27976,0.28010,0.27477,0.27592,68008943
2025-06-16T23:00:00Z,0.27591,0.27680,0.27336,0.27386,66491480
2025-06-17T00:00:00Z,0.27386,0.27428,0.27162,0.27380,59156482
2025-06-17T01:00:00Z,0.27382,0.27480,0.27353,0.27397,17237525
2025-06-17T02:00:00Z,0.27398,0.27573,0.27347,0.27548,21699255
2025-06-17T03:00:00Z,0.27549,0.27619,0.27540,0.27608,19578516
2025-06-17T04:00:00Z,0.27608,0.27719,0.27518,0.27673,20056766
2025-06-17T05:00:00Z,0.27674,0.27674,0.27539,0.27645,13590974
2025-06-17T06:00:00Z,0.27645,0.27700,0.27579,0.27662,17334000
2025-06-17T07:00:00Z,0.27662,0.27743,0.27660,0.27675,15915567
2025-06-17T08:00:00Z,0.27675,0.27808,0.27629,0.27711,24350087
2025-06-17T09:00:00Z,0.27712,0.27777,0.27641,0.27749,19218834
2025-06-17T10:00:00Z,0.27750,0.27843,0.27666,0.27834,20407718
2025-06-17T11:00:00Z,0.27835,0.27881,0.27744,0.27851,20257865
2025-06-17T12:00:00Z,0.27851,0.27965,0.27800,0.27880,28172277
2025-06-17T13:00:00Z,0.27880,0.27968,0.27862,0.27902,18896635
2025-06-17T14:00:00Z,0.27903,0.27937,0.27462,0.27551,62755745
2025-06-17T15:00:00Z,0.27551,0.27570,0.27372,0.27494,43175539
2025-06-17T16:00:00Z,0.27494,0.27522,0.26994,0.27159,75816661
2025-06-17T17:00:00Z,0.27159,0.27454,0.27110,0.27342,43573321
2025-06-17T18:00:00Z,0.27341,0.27390,0.27324,0.27359,11400597
2025-06-17T19:00:00Z,0.27359,0.27451,0.27315,0.27443,24472177
2025-06-17T20:00:00Z,0.27443,0.27509,0.27363,0.27370,15896094
2025-06-17T21:00:00Z,0.27371,0.27373,0.27230,0.27253,15066306
2025-06-17T22:00:00Z,0.27253,0.27254,0.27168,0.27172,14094083
2025-06-17T23:00:00Z,0.27173,0.27251,0.27122,0.27122,12975196
2025-06-18T00:00:00Z,0.27122,0.27217,0.27095,0.27185,11402010
2025-06-18T01:00:00Z,0.27185,0.27319,0.27177,0.27249,12498559
2025-06-18T02:00:00Z,0.27249,0.27411,0.27215,0.27371,13219336
2025-06-18T03:00:00Z,0.27371,0.27385,0.27327,0.27328,10707909
2025-06-18T04:00:00Z,0.27328,0.27348,0.27302,0.27325,5998446
2025-06-18T05:00:00Z,0.27325,0.27383,0.27290,0.27376,8303809
2025-06-18T06:00:00Z,0.27376,0.27482,0.27368,0.27398,13890064
2025-06-18T07:00:00Z,0.27396,0.27415,0.27360,0.27368,9443123
2025-06-18T08:00:00Z,0.27368,0.27382,0.27255,0.27256,14748103
2025-06-18T09:00:00Z,0.27256,0.27287,0.27201,0.27246,12036015
2025-06-18T10:00:00Z,0.27246,0.27251,0.27048,0.27049,23709964
2025-06-18T11:00:00Z,0.27049,0.27105,0.26870,0.26931,31139953
2025-06-18T12:00:00Z,0.26932,0.26952,0.26801,0.26869,21303085
2025-06-18T13:00:00Z,0.26870,0.26985,0.26728,0.26982,33728428
2025-06-18T14:00:00Z,0.26982,0.27051,0.26935,0.26978,28497220
2025-06-18T15:00:00Z,0.26978,0.27091,0.26904,0.27053,20282234
2025-06-18T16:00:00Z,0.27053,0.27066,0.26953,0.27020,12490716
2025-06-18T17:00:00Z,0.27021,0.27119,0.26959,0.27115,15649576
2025-06-18T18:00:00Z,0.27115,0.27182,0.27030,0.27083,25244605
2025-06-18T19:00:00Z,0.27083,0.27201,0.27064,0.27120,12177547
2025-06-18T20:00:00Z,0.27120,0.27280,0.27102,0.27236,19337317
2025-06-18T21:00:00Z,0.27236,0.27331,0.27219,0.27312,17211409
2025-06-18T22:00:00Z,0.27312,0.27348,0.27292,0.27310,9186715
2025-06-18T23:00:00Z,0.27310,0.27349,0.27268,0.27284,6596683
2025-06-19T00:00:00Z,0.27284,0.27319,0.27250,0.27269,9334677
2025-06-19T01:00:00Z,0.27269,0.27308,0.27191,0.27261,11189023
2025-06-19T02:00:00Z,0.27261,0.27410,0.27225,0.27405,13116017
2025-06-19T03:00:00Z,0.27405,0.27442,0.27355,0.27394,8887008
2025-06-19T04:00:00Z,0.27395,0.27462,0.27392,0.27462,7400228
2025-06-19T05:00:00Z,0.27461,0.27505,0.27422,0.27445,10043818
2025-06-19T06:00:00Z,0.27445,0.27473,0.27406,0.27452,7654010
2025-06-19T07:00:00Z,0.27452,0.27533,0.27452,0.27518,10156336
2025-06-19T08:00:00Z,0.27518,0.27621,0.27512,0.27512,17282424
2025-06-19T09:00:00Z,0.27512,0.27524,0.27372,0.27380,13813325
2025-06-19T10:00:00Z,0.27379,0.27459,0.27339,0.27424,13806226
2025-06-19T11:00:00Z,0.27424,0.27428,0.27364,0.27398,8909825
2025-06-19T12:00:00Z,0.27398,0.27457,0.27391,0.27400,7026123
2025-06-19T13:00:00Z,0.27400,0.27410,0.27285,0.27384,15370963
2025-06-19T14:00:00Z,0.27385,0.27472,0.27352,0.27360,20402187
2025-06-19T15:00:00Z,0.27360,0.27385,0.27296,0.27349,13072362
2025-06-19T16:00:00Z,0.27349,0.27424,0.27305,0.27317,10790579
2025-06-19T17:00:00Z,0.27317,0.27402,0.27302,0.27357,11363998
2025-06-19T18:00:00Z,0.27357,0.27444,0.27337,0.27444,10907757
2025-06-19T19:00:00Z,0.27444,0.27475,0.27423,0.27455,6299591
2025-06-19T20:00:00Z,0.27456,0.27474,0.27355,0.27359,6734753
2025-06-19T21:00:00Z,0.27359,0.27398,0.27351,0.27371,3685283
2025-06-19T22:00:00Z,0.27371,0.27411,0.27352,0.27377,6024078
2025-06-19T23:00:00Z,0.27377,0.27475,0.27370,0.27460,6005665
