screen_id,candidate_id,variant_id,strategy_id,strategy_version,family,parameter_label,symbol,period_id,evaluation_start,evaluation_end,cost_mode,fee_bps,slippage_bps,trial_id,input_sha256,observation_count,trade_count,exposure_fraction,gross_return,net_return,buy_and_hold_return,excess_return_vs_buy_and_hold,total_cost,maximum_drawdown,receipt_path,receipt_sha256,metrics_path,metrics_sha256
CURATED_BREADTH_SCREEN_V1,CANDIDATE_H002_MOMENTUM_72_LONG_FLAT,variant_d145d2024811f49eea291a29,H002_momentum,existing-qntylab-strategies-v1,time_series_momentum,72,BTCUSDT,2022,2022-01-01T00:00:00Z,2022-12-31T23:00:00Z,baseline,10.0,0.0,trial_4bef2144de49d2db1e51c269,6dcc8c6293f24e2e91957b286a96d9b87fd646e4b57c846495bd41d1aa225b65,8759,495,0.4547945205479452,-0.35286796501193607,-0.6056455417489714,-0.645439945404816,0.039794403655844524,0.495,-0.6066562186916256,experiments/runs/curated_breadth_screen_v1/001__CANDIDATE_H002_MOMENTUM_72_LONG_FLAT__BTCUSDT__2022__baseline__trial_4bef2144de49d2db1e51c269/run_receipt.json,e1106ffcbc9673634fddfe1357b10b24c64f137cd1edb7d4968895932c303122,experiments/runs/curated_breadth_screen_v1/001__CANDIDATE_H002_MOMENTUM_72_LONG_FLAT__BTCUSDT__2022__baseline__trial_4bef2144de49d2db1e51c269/metrics.json,0e0e173bd741d86f9302a9cbd6ea511d6c34e789cb02a9879128c8f2ea2c5e7d
CURATED_BREADTH_SCREEN_V1,CANDIDATE_H002_MOMENTUM_72_LONG_FLAT,variant_d145d2024811f49eea291a29,H002_momentum,existing-qntylab-strategies-v1,time_series_momentum,72,BTCUSDT,2022,2022-01-01T00:00:00Z,2022-12-31T23:00:00Z,stress,10.0,10.0,trial_a79b44ab4d857989aca66fdd,6dcc8c6293f24e2e91957b286a96d9b87fd646e4b57c846495bd41d1aa225b65,8759,495,0.4547945205479452,-0.35286796501193607,-0.759804341312048,-0.645439945404816,-0.11436439590723202,0.99,-0.7601178281259973,experiments/runs/curated_breadth_screen_v1/002__CANDIDATE_H002_MOMENTUM_72_LONG_FLAT__BTCUSDT__2022__stress__trial_a79b44ab4d857989aca66fdd/run_receipt.json,8d364a8e38651196bf1d57ef9288a0f690253cd2102ad20d0bcc94de847b97e0,experiments/runs/curated_breadth_screen_v1/002__CANDIDATE_H002_MOMENTUM_72_LONG_FLAT__BTCUSDT__2022__stress__trial_a79b44ab4d857989aca66fdd/metrics.json,3179f18ff40d15985ec31b3cba0e0ffff0a1f6c06499022ef2b9c85314f2d352
CURATED_BREADTH_SCREEN_V1,CANDIDATE_H002_MOMENTUM_72_LONG_FLAT,variant_d145d2024811f49eea291a29,H002_momentum,existing-qntylab-strategies-v1,time_series_momentum,72,BTCUSDT,2024,2024-01-01T00:00:00Z,2024-12-31T23:00:00Z,baseline,10.0,0.0,trial_4bef09db0d6f6d7b924ab3de,6dcc8c6293f24e2e91957b286a96d9b87fd646e4b57c846495bd41d1aa225b65,8783,416,0.5371129326047359,0.9451433392133957,0.2827376233037642,1.2030722376312029,-0.9203346143274387,0.41600000000000004,-0.36757185685747085,experiments/runs/curated_breadth_screen_v1/003__CANDIDATE_H002_MOMENTUM_72_LONG_FLAT__BTCUSDT__2024__baseline__trial_4bef09db0d6f6d7b924ab3de/run_receipt.json,c8033fbc77585ced8728d98e112ca528b27a713ffeb1b45999cd9bc46259cac8,experiments/runs/curated_breadth_screen_v1/003__CANDIDATE_H002_MOMENTUM_72_LONG_FLAT__BTCUSDT__2024__baseline__trial_4bef09db0d6f6d7b924ab3de/metrics.json,f7aad3e061ec05580c2eb96deb6148ba418f93e2ebdd40f85ef1c87069de16fa
CURATED_BREADTH_SCREEN_V1,CANDIDATE_H002_MOMENTUM_72_LONG_FLAT,variant_d145d2024811f49eea291a29,H002_momentum,existing-qntylab-strategies-v1,time_series_momentum,72,BTCUSDT,2024,2024-01-01T00:00:00Z,2024-12-31T23:00:00Z,stress,10.0,10.0,trial_6ecc5d3ebbba2d273322f349,6dcc8c6293f24e2e91957b286a96d9b87fd646e4b57c846495bd41d1aa225b65,8783,416,0.5371129326047359,0.9451433392133957,-0.15444295973226707,1.2030722376312029,-1.3575151973634698,0.8320000000000001,-0.45624255233318856,experiments/runs/curated_breadth_screen_v1/004__CANDIDATE_H002_MOMENTUM_72_LONG_FLAT__BTCUSDT__2024__stress__trial_6ecc5d3ebbba2d273322f349/run_receipt.json,2d576381ecf088addc77940c3d644004c1c461ed7bccde105fc7ef5235d64fbc,experiments/runs/curated_breadth_screen_v1/004__CANDIDATE_H002_MOMENTUM_72_LONG_FLAT__BTCUSDT__2024__stress__trial_6ecc5d3ebbba2d273322f349/metrics.json,5c3489aed223cf1fa98ba0f74fa7ef5fc999bbbdcf1976a03ed0840f356d3f5d
CURATED_BREADTH_SCREEN_V1,CANDIDATE_H002_MOMENTUM_72_LONG_FLAT,variant_d145d2024811f49eea291a29,H002_momentum,existing-qntylab-strategies-v1,time_series_momentum,72,BTCUSDT,2025,2025-01-01T00:00:00Z,2025-12-31T23:00:00Z,baseline,10.0,0.0,trial_769e1a3da8e231bc90f25667,6dcc8c6293f24e2e91957b286a96d9b87fd646e4b57c846495bd41d1aa225b65,8759,486,0.5115296803652968,-0.25830011380485995,-0.5439272089933833,-0.07153430562385155,-0.47239290336953177,0.48600000000000004,-0.5837700100686045,experiments/runs/curated_breadth_screen_v1/005__CANDIDATE_H002_MOMENTUM_72_LONG_FLAT__BTCUSDT__2025__baseline__trial_769e1a3da8e231bc90f25667/run_receipt.json,f6c86d4e7dfdbdd2b3d675e3accfae8bb868543b067b31ad456f51548f963a4a,experiments/runs/curated_breadth_screen_v1/005__CANDIDATE_H002_MOMENTUM_72_LONG_FLAT__BTCUSDT__2025__baseline__trial_769e1a3da8e231bc90f25667/metrics.json,4bcaea22615cabf8dcdfeae75f4ab18abfb563f53e42989a4d13419b6a5f2f49
CURATED_BREADTH_SCREEN_V1,CANDIDATE_H002_MOMENTUM_72_LONG_FLAT,variant_d145d2024811f49eea291a29,H002_momentum,existing-qntylab-strategies-v1,time_series_momentum,72,BTCUSDT,2025,2025-01-01T00:00:00Z,2025-12-31T23:00:00Z,stress,10.0,10.0,trial_f671fdd9852203dcae979ccd,6dcc8c6293f24e2e91957b286a96d9b87fd646e4b57c846495bd41d1aa225b65,8759,486,0.5115296803652968,-0.25830011380485995,-0.7196964623075829,-0.07153430562385155,-0.6481621566837313,0.9720000000000001,-0.7418135457734949,experiments/runs/curated_breadth_screen_v1/006__CANDIDATE_H002_MOMENTUM_72_LONG_FLAT__BTCUSDT__2025__stress__trial_f671fdd9852203dcae979ccd/run_receipt.json,52128ea52d60ae283329cae7ee331864ffe04d276de915be78613462fd429353,experiments/runs/curated_breadth_screen_v1/006__CANDIDATE_H002_MOMENTUM_72_LONG_FLAT__BTCUSDT__2025__stress__trial_f671fdd9852203dcae979ccd/metrics.json,399bc8f4f98d16f5d385f1a41022c9791a8e558dd071806a3d4ee7fa9754b479
CURATED_BREADTH_SCREEN_V1,CANDIDATE_H002_MOMENTUM_72_LONG_FLAT,variant_d145d2024811f49eea291a29,H002_momentum,existing-qntylab-strategies-v1,time_series_momentum,72,BTCUSDT,2026YTD,2026-01-01T00:00:00Z,2026-07-27T23:00:00Z,baseline,10.0,0.0,trial_ca00fb321e6fc839a136cdb8,6dcc8c6293f24e2e91957b286a96d9b87fd646e4b57c846495bd41d1aa225b65,4991,238,0.4817708333333333,-0.34768617474231023,-0.4859449346119037,-0.27392758141712437,-0.21201735319477932,0.238,-0.5106083680990712,experiments/runs/curated_breadth_screen_v1/007__CANDIDATE_H002_MOMENTUM_72_LONG_FLAT__BTCUSDT__2026YTD__baseline__trial_ca00fb321e6fc839a136cdb8/run_receipt.json,ddeb6fb1b4f07d4e19480c3f34501750da2757701169cc1f438bfa7c09fc48f9,experiments/runs/curated_breadth_screen_v1/007__CANDIDATE_H002_MOMENTUM_72_LONG_FLAT__BTCUSDT__2026YTD__baseline__trial_ca00fb321e6fc839a136cdb8/metrics.json,fb5c04e99d3a2edbb0e05452f8e57889f058b6ef373f954111d79e0608ed9824
CURATED_BREADTH_SCREEN_V1,CANDIDATE_H002_MOMENTUM_72_LONG_FLAT,variant_d145d2024811f49eea291a29,H002_momentum,existing-qntylab-strategies-v1,time_series_momentum,72,BTCUSDT,2026YTD,2026-01-01T00:00:00Z,2026-07-27T23:00:00Z,stress,10.0,10.0,trial_9d5782b8ab99397dd6956370,6dcc8c6293f24e2e91957b286a96d9b87fd646e4b57c846495bd41d1aa225b65,4991,238,0.4817708333333333,-0.34768617474231023,-0.5949962302648095,-0.27392758141712437,-0.32106864884768516,0.476,-0.610937009638948,experiments/runs/curated_breadth_screen_v1/008__CANDIDATE_H002_MOMENTUM_72_LONG_FLAT__BTCUSDT__2026YTD__stress__trial_9d5782b8ab99397dd6956370/run_receipt.json,8ef9ac932a222b15b747b99075c52b2dd058759f3ed0dce611732a67676f0dd4,experiments/runs/curated_breadth_screen_v1/008__CANDIDATE_H002_MOMENTUM_72_LONG_FLAT__BTCUSDT__2026YTD__stress__trial_9d5782b8ab99397dd6956370/metrics.json,89d9570f9599d9b12016ce7fbfe6c35c55e5e06523187152fa44dd915fdbfd6e
CURATED_BREADTH_SCREEN_V1,CANDIDATE_H002_MOMENTUM_72_LONG_FLAT,variant_d145d2024811f49eea291a29,H002_momentum,existing-qntylab-strategies-v1,time_series_momentum,72,ETHUSDT,2022,2022-01-01T00:00:00Z,2022-12-31T23:00:00Z,baseline,10.0,0.0,trial_e1fd0736e7024bf51f868df7,3584c161874dc3b8d8f9961901e5abaadebe32a1aaba6d321106b8ccb1f61187,8759,421,0.4791095890410959,0.1395409579179998,-0.2520636945515181,-0.6787222269972926,0.42665853244577445,0.42100000000000004,-0.4066101152022771,experiments/runs/curated_breadth_screen_v1/009__CANDIDATE_H002_MOMENTUM_72_LONG_FLAT__ETHUSDT__2022__baseline__trial_e1fd0736e7024bf51f868df7/run_receipt.json,92746d236528fd375cb99b74a20224f87d3ead4c5f4630df2c7a59ec81cfe3c4,experiments/runs/curated_breadth_screen_v1/009__CANDIDATE_H002_MOMENTUM_72_LONG_FLAT__ETHUSDT__2022__baseline__trial_e1fd0736e7024bf51f868df7/metrics.json,1a5c146c197c4782012766d924080899c334aeb1cd8519f0d86ed8a0c64139c9
CURATED_BREADTH_SCREEN_V1,CANDIDATE_H002_MOMENTUM_72_LONG_FLAT,variant_d145d2024811f49eea291a29,H002_momentum,existing-qntylab-strategies-v1,time_series_momentum,72,ETHUSDT,2022,2022-01-01T00:00:00Z,2022-12-31T23:00:00Z,stress,10.0,10.0,trial_f55b8e7dd8543d89f262df70,3584c161874dc3b8d8f9961901e5abaadebe32a1aaba6d321106b8ccb1f61187,8759,421,0.4791095890410959,0.1395409579179998,-0.5092998307134524,-0.6787222269972926,0.16942239628384015,0.8420000000000001,-0.5337444249191965,experiments/runs/curated_breadth_screen_v1/010__CANDIDATE_H002_MOMENTUM_72_LONG_FLAT__ETHUSDT__2022__stress__trial_f55b8e7dd8543d89f262df70/run_receipt.json,83179433577705e6c0bcdbdab9497831605046354c9babf0d34bd71f2914ae46,experiments/runs/curated_breadth_screen_v1/010__CANDIDATE_H002_MOMENTUM_72_LONG_FLAT__ETHUSDT__2022__stress__trial_f55b8e7dd8543d89f262df70/metrics.json,ab77bf50cb5305a573956467001ab0cd69d26d14264ebb99de94681bfdb67b6e
CURATED_BREADTH_SCREEN_V1,CANDIDATE_H002_MOMENTUM_72_LONG_FLAT,variant_d145d2024811f49eea291a29,H002_momentum,existing-qntylab-strategies-v1,time_series_momentum,72,ETHUSDT,2024,2024-01-01T00:00:00Z,2024-12-31T23:00:00Z,baseline,10.0,0.0,trial_7326a05c8a8ca9a52ffb85d7,3584c161874dc3b8d8f9961901e5abaadebe32a1aaba6d321106b8ccb1f61187,8783,494,0.5459927140255009,1.163538768951903,0.3199964884801405,0.45404724875953484,-0.13405076027939433,0.494,-0.2761995699504144,experiments/runs/curated_breadth_screen_v1/011__CANDIDATE_H002_MOMENTUM_72_LONG_FLAT__ETHUSDT__2024__baseline__trial_7326a05c8a8ca9a52ffb85d7/run_receipt.json,158c517d3a592bc5e9f307837324ba1379cdf4392345caea4bd783e01321d947,experiments/runs/curated_breadth_screen_v1/011__CANDIDATE_H002_MOMENTUM_72_LONG_FLAT__ETHUSDT__2024__baseline__trial_7326a05c8a8ca9a52ffb85d7/metrics.json,b84505c810c1e07d53a23835c623b7ce4a3bc048a1eea3cd4d361a20f6dd1881
CURATED_BREADTH_SCREEN_V1,CANDIDATE_H002_MOMENTUM_72_LONG_FLAT,variant_d145d2024811f49eea291a29,H002_momentum,existing-qntylab-strategies-v1,time_series_momentum,72,ETHUSDT,2024,2024-01-01T00:00:00Z,2024-12-31T23:00:00Z,stress,10.0,10.0,trial_d564e30e95db73357efcad35,3584c161874dc3b8d8f9961901e5abaadebe32a1aaba6d321106b8ccb1f61187,8783,494,0.5459927140255009,1.163538768951903,-0.1950553684277151,0.45404724875953484,-0.6491026171872499,0.988,-0.41785609847640715,experiments/runs/curated_breadth_screen_v1/012__CANDIDATE_H002_MOMENTUM_72_LONG_FLAT__ETHUSDT__2024__stress__trial_d564e30e95db73357efcad35/run_receipt.json,b6dbdf6b9a2d9fc87be2fd1052214acd041da4957bfad9b48b84237a3990523b,experiments/runs/curated_breadth_screen_v1/012__CANDIDATE_H002_MOMENTUM_72_LONG_FLAT__ETHUSDT__2024__stress__trial_d564e30e95db73357efcad35/metrics.json,42635a153cdbd6af0063149f1e9cae371d11f1e57e033dff2409ce2654910004
CURATED_BREADTH_SCREEN_V1,CANDIDATE_H002_MOMENTUM_72_LONG_FLAT,variant_d145d2024811f49eea291a29,H002_momentum,existing-qntylab-strategies-v1,time_series_momentum,72,ETHUSDT,2025,2025-01-01T00:00:00Z,2025-12-31T23:00:00Z,baseline,10.0,0.0,trial_8fb9e1efd632ee9ae16f544d,3584c161874dc3b8d8f9961901e5abaadebe32a1aaba6d321106b8ccb1f61187,8759,463,0.49931506849315066,-0.31570824285010846,-0.5695828387000061,-0.11655617326158696,-0.4530266654384192,0.463,-0.591092611930267,experiments/runs/curated_breadth_screen_v1/013__CANDIDATE_H002_MOMENTUM_72_LONG_FLAT__ETHUSDT__2025__baseline__trial_8fb9e1efd632ee9ae16f544d/run_receipt.json,0e7779408cc84275f43a90e6104fdfac2618b55670108df715667ee51667f194,experiments/runs/curated_breadth_screen_v1/013__CANDIDATE_H002_MOMENTUM_72_LONG_FLAT__ETHUSDT__2025__baseline__trial_8fb9e1efd632ee9ae16f544d/metrics.json,7440f98c13b4f7811d922cd298bf7135eb90509b514b9e61410587f4ab39c8f7
CURATED_BREADTH_SCREEN_V1,CANDIDATE_H002_MOMENTUM_72_LONG_FLAT,variant_d145d2024811f49eea291a29,H002_momentum,existing-qntylab-strategies-v1,time_series_momentum,72,ETHUSDT,2025,2025-01-01T00:00:00Z,2025-12-31T23:00:00Z,stress,10.0,10.0,trial_5a295220ce2c5ac2c68d649d,3584c161874dc3b8d8f9961901e5abaadebe32a1aaba6d321106b8ccb1f61187,8759,463,0.49931506849315066,-0.31570824285010846,-0.7293948784785869,-0.11655617326158696,-0.6128387052169999,0.926,-0.7413276630715383,experiments/runs/curated_breadth_screen_v1/014__CANDIDATE_H002_MOMENTUM_72_LONG_FLAT__ETHUSDT__2025__stress__trial_5a295220ce2c5ac2c68d649d/run_receipt.json,c9979a87c438806cdb65d730d85186e77d16ea79b2ce19c12c89b18fca61d8a0,experiments/runs/curated_breadth_screen_v1/014__CANDIDATE_H002_MOMENTUM_72_LONG_FLAT__ETHUSDT__2025__stress__trial_5a295220ce2c5ac2c68d649d/metrics.json,7f34405268cc71d4b84cc55a978f28c1a9751c4bf028086307788e4d68c70be1
CURATED_BREADTH_SCREEN_V1,CANDIDATE_H002_MOMENTUM_72_LONG_FLAT,variant_d145d2024811f49eea291a29,H002_momentum,existing-qntylab-strategies-v1,time_series_momentum,72,ETHUSDT,2026YTD,2026-01-01T00:00:00Z,2026-07-27T23:00:00Z,baseline,10.0,0.0,trial_c9d490d9a59f2044e4b9f228,3584c161874dc3b8d8f9961901e5abaadebe32a1aaba6d321106b8ccb1f61187,4991,231,0.460536858974359,-0.432225910889376,-0.54941146977984,-0.36488232471197823,-0.18452914506786178,0.231,-0.6098244504721081,experiments/runs/curated_breadth_screen_v1/015__CANDIDATE_H002_MOMENTUM_72_LONG_FLAT__ETHUSDT__2026YTD__baseline__trial_c9d490d9a59f2044e4b9f228/run_receipt.json,1363fa75ea66bc3155f122643310ccd326161844ea4e5b72bdbe8cceb9ee559a,experiments/runs/curated_breadth_screen_v1/015__CANDIDATE_H002_MOMENTUM_72_LONG_FLAT__ETHUSDT__2026YTD__baseline__trial_c9d490d9a59f2044e4b9f228/metrics.json,09f2a0e2479df824d5c51f67b3145e0829cce89eb99d46ef152e1a9642f5726b
CURATED_BREADTH_SCREEN_V1,CANDIDATE_H002_MOMENTUM_72_LONG_FLAT,variant_d145d2024811f49eea291a29,H002_momentum,existing-qntylab-strategies-v1,time_series_momentum,72,ETHUSDT,2026YTD,2026-01-01T00:00:00Z,2026-07-27T23:00:00Z,stress,10.0,10.0,trial_10156298acb5ccf89114ad99,3584c161874dc3b8d8f9961901e5abaadebe32a1aaba6d321106b8ccb1f61187,4991,231,0.460536858974359,-0.432225910889376,-0.6424933508193862,-0.36488232471197823,-0.27761102610740795,0.462,-0.6806737612024962,experiments/runs/curated_breadth_screen_v1/016__CANDIDATE_H002_MOMENTUM_72_LONG_FLAT__ETHUSDT__2026YTD__stress__trial_10156298acb5ccf89114ad99/run_receipt.json,70004127a3db1e9abbba6a728defdb96cb8752b4a6713e53db1281212f958e4d,experiments/runs/curated_breadth_screen_v1/016__CANDIDATE_H002_MOMENTUM_72_LONG_FLAT__ETHUSDT__2026YTD__stress__trial_10156298acb5ccf89114ad99/metrics.json,33ee70ecd87f3433cea7791c1291b9f52d17e830e49feae3193d8e41365994cf
CURATED_BREADTH_SCREEN_V1,CANDIDATE_H002_MOMENTUM_72_LONG_FLAT,variant_d145d2024811f49eea291a29,H002_momentum,existing-qntylab-strategies-v1,time_series_momentum,72,SOLUSDT,2022,2022-01-01T00:00:00Z,2022-12-31T23:00:00Z,baseline,10.0,0.0,trial_c9f489af78a8f44f9cd552a3,c431aa068acbfedf3cb0c38845dfac275044a9cf83367075b47d47f06974e99d,8759,435,0.4128995433789954,-0.5399078532381114,-0.7023919727694314,-0.9421626638821209,0.23977069111268945,0.43500000000000005,-0.7080618851992557,experiments/runs/curated_breadth_screen_v1/017__CANDIDATE_H002_MOMENTUM_72_LONG_FLAT__SOLUSDT__2022__baseline__trial_c9f489af78a8f44f9cd552a3/run_receipt.json,87f89dde3481ca302d4d534b5c3f96d16162d3a1247ea7c0a6877b11e480c96f,experiments/runs/curated_breadth_screen_v1/017__CANDIDATE_H002_MOMENTUM_72_LONG_FLAT__SOLUSDT__2022__baseline__trial_c9f489af78a8f44f9cd552a3/metrics.json,4e22edad329a0f2ad8495ce8d8c45f118e84848a4db8c336e654ad110a89ff9c
CURATED_BREADTH_SCREEN_V1,CANDIDATE_H002_MOMENTUM_72_LONG_FLAT,variant_d145d2024811f49eea291a29,H002_momentum,existing-qntylab-strategies-v1,time_series_momentum,72,SOLUSDT,2022,2022-01-01T00:00:00Z,2022-12-31T23:00:00Z,stress,10.0,10.0,trial_2c9cd4013e793f2c0ec12df7,c431aa068acbfedf3cb0c38845dfac275044a9cf83367075b47d47f06974e99d,8759,435,0.4128995433789954,-0.5399078532381114,-0.8075779766419519,-0.9421626638821209,0.13458468724016903,0.8700000000000001,-0.8095327738177405,experiments/runs/curated_breadth_screen_v1/018__CANDIDATE_H002_MOMENTUM_72_LONG_FLAT__SOLUSDT__2022__stress__trial_2c9cd4013e793f2c0ec12df7/run_receipt.json,e757dad53f3d8149b946b75d09aff42a5e80519d193287d0a92d2c032dfe27e4,experiments/runs/curated_breadth_screen_v1/018__CANDIDATE_H002_MOMENTUM_72_LONG_FLAT__SOLUSDT__2022__stress__trial_2c9cd4013e793f2c0ec12df7/metrics.json,cbe6a6867e31797277c53caa141655161ca4ebfdef08f23c25d943f240b0e0ce
CURATED_BREADTH_SCREEN_V1,CANDIDATE_H002_MOMENTUM_72_LONG_FLAT,variant_d145d2024811f49eea291a29,H002_momentum,existing-qntylab-strategies-v1,time_series_momentum,72,SOLUSDT,2024,2024-01-01T00:00:00Z,2024-12-31T23:00:00Z,baseline,10.0,0.0,trial_a4b1a61536e6ba94772a3771,c431aa068acbfedf3cb0c38845dfac275044a9cf83367075b47d47f06974e99d,8783,436,0.5050091074681239,1.151859809438589,0.39104426497565203,0.856708513142409,-0.465664248166757,0.43600000000000005,-0.3879906326700431,experiments/runs/curated_breadth_screen_v1/019__CANDIDATE_H002_MOMENTUM_72_LONG_FLAT__SOLUSDT__2024__baseline__trial_a4b1a61536e6ba94772a3771/run_receipt.json,78d3d362a670e649662bc883bc5c35b92cc31c123ebbd3150606bf427c32f307,experiments/runs/curated_breadth_screen_v1/019__CANDIDATE_H002_MOMENTUM_72_LONG_FLAT__SOLUSDT__2024__baseline__trial_a4b1a61536e6ba94772a3771/metrics.json,a04f98fca6c1aa19df42f5cd13fe6f3a4b4353287f166050c8bab85a400cf534
CURATED_BREADTH_SCREEN_V1,CANDIDATE_H002_MOMENTUM_72_LONG_FLAT,variant_d145d2024811f49eea291a29,H002_momentum,existing-qntylab-strategies-v1,time_series_momentum,72,SOLUSDT,2024,2024-01-01T00:00:00Z,2024-12-31T23:00:00Z,stress,10.0,10.0,trial_6ceaa3dc0ccf6b07ebdcf53c,c431aa068acbfedf3cb0c38845dfac275044a9cf83367075b47d47f06974e99d,8783,436,0.5050091074681239,1.151859809438589,-0.10116881041202219,0.856708513142409,-0.9578773235544312,0.8720000000000001,-0.4595495473373009,experiments/runs/curated_breadth_screen_v1/020__CANDIDATE_H002_MOMENTUM_72_LONG_FLAT__SOLUSDT__2024__stress__trial_6ceaa3dc0ccf6b07ebdcf53c/run_receipt.json,577aaefc25b1088c8da9622400f502da2e967d675b686a66e5b72a02eaf244cf,experiments/runs/curated_breadth_screen_v1/020__CANDIDATE_H002_MOMENTUM_72_LONG_FLAT__SOLUSDT__2024__stress__trial_6ceaa3dc0ccf6b07ebdcf53c/metrics.json,54c7deed5e6096b04f032d4390813e2e34e67c59589deca901fcd2022e77cc1e
CURATED_BREADTH_SCREEN_V1,CANDIDATE_H002_MOMENTUM_72_LONG_FLAT,variant_d145d2024811f49eea291a29,H002_momentum,existing-qntylab-strategies-v1,time_series_momentum,72,SOLUSDT,2025,2025-01-01T00:00:00Z,2025-12-31T23:00:00Z,baseline,10.0,0.0,trial_7453e3262a58ac37b234fe0d,c431aa068acbfedf3cb0c38845dfac275044a9cf83367075b47d47f06974e99d,8759,433,0.48447488584474885,-0.5778532340495803,-0.7262324028060956,-0.3526020567154876,-0.37363034609060797,0.43300000000000005,-0.8156523746747224,experiments/runs/curated_breadth_screen_v1/021__CANDIDATE_H002_MOMENTUM_72_LONG_FLAT__SOLUSDT__2025__baseline__trial_7453e3262a58ac37b234fe0d/run_receipt.json,0fa1216d8affdb276cded38afa9ee2ae8cf38ee5743705869832eb993099a444,experiments/runs/curated_breadth_screen_v1/021__CANDIDATE_H002_MOMENTUM_72_LONG_FLAT__SOLUSDT__2025__baseline__trial_7453e3262a58ac37b234fe0d/metrics.json,ded5628181b9a26d50e90a76b835f0807b0cf3ab7230155e6628c17c4e50a103
CURATED_BREADTH_SCREEN_V1,CANDIDATE_H002_MOMENTUM_72_LONG_FLAT,variant_d145d2024811f49eea291a29,H002_momentum,existing-qntylab-strategies-v1,time_series_momentum,72,SOLUSDT,2025,2025-01-01T00:00:00Z,2025-12-31T23:00:00Z,stress,10.0,10.0,trial_1fb05393648e290af4c6984f,c431aa068acbfedf3cb0c38845dfac275044a9cf83367075b47d47f06974e99d,8759,433,0.48447488584474885,-0.5778532340495803,-0.8225351642701119,-0.3526020567154876,-0.46993310755462425,0.8660000000000001,-0.8769899132098666,experiments/runs/curated_breadth_screen_v1/022__CANDIDATE_H002_MOMENTUM_72_LONG_FLAT__SOLUSDT__2025__stress__trial_1fb05393648e290af4c6984f/run_receipt.json,6b21cab45ce1fddbe26081de7d208ddc8cbd4a457b9e4aa5062170e2f50d0445,experiments/runs/curated_breadth_screen_v1/022__CANDIDATE_H002_MOMENTUM_72_LONG_FLAT__SOLUSDT__2025__stress__trial_1fb05393648e290af4c6984f/metrics.json,16c7c92673d35998b6b9c1a565dec19ce60971b9d5dfc9973392dc6267a4ae2a
CURATED_BREADTH_SCREEN_V1,CANDIDATE_H002_MOMENTUM_72_LONG_FLAT,variant_d145d2024811f49eea291a29,H002_momentum,existing-qntylab-strategies-v1,time_series_momentum,72,SOLUSDT,2026YTD,2026-01-01T00:00:00Z,2026-07-27T23:00:00Z,baseline,10.0,0.0,trial_eb98a79f511c5edadd6c5ce4,c431aa068acbfedf3cb0c38845dfac275044a9cf83367075b47d47f06974e99d,4991,241,0.4713541666666667,-0.41849823194950353,-0.543109392472019,-0.4071114662405114,-0.13599792623150753,0.24100000000000002,-0.5693610192710223,experiments/runs/curated_breadth_screen_v1/023__CANDIDATE_H002_MOMENTUM_72_LONG_FLAT__SOLUSDT__2026YTD__baseline__trial_eb98a79f511c5edadd6c5ce4/run_receipt.json,85230d4627de24001b059a4d137fa9b30a5c55fe6b7bc3f1363e6101c20c7527,experiments/runs/curated_breadth_screen_v1/023__CANDIDATE_H002_MOMENTUM_72_LONG_FLAT__SOLUSDT__2026YTD__baseline__trial_eb98a79f511c5edadd6c5ce4/metrics.json,a4bfe88609b4639b6748476ecc7d5006d1e5d43ddd7e8a702e8a30d3bb1efd2b
CURATED_BREADTH_SCREEN_V1,CANDIDATE_H002_MOMENTUM_72_LONG_FLAT,variant_d145d2024811f49eea291a29,H002_momentum,existing-qntylab-strategies-v1,time_series_momentum,72,SOLUSDT,2026YTD,2026-01-01T00:00:00Z,2026-07-27T23:00:00Z,stress,10.0,10.0,trial_6b491b4bb48cad6d315c2c00,c431aa068acbfedf3cb0c38845dfac275044a9cf83367075b47d47f06974e99d,4991,241,0.4713541666666667,-0.41849823194950353,-0.641104097679376,-0.4071114662405114,-0.23399263143886462,0.48200000000000004,-0.661386276477927,experiments/runs/curated_breadth_screen_v1/024__CANDIDATE_H002_MOMENTUM_72_LONG_FLAT__SOLUSDT__2026YTD__stress__trial_6b491b4bb48cad6d315c2c00/run_receipt.json,1c52386253613741e433b6064579f1aa19aaabcec73cf70ae6f21acd5e5f9790,experiments/runs/curated_breadth_screen_v1/024__CANDIDATE_H002_MOMENTUM_72_LONG_FLAT__SOLUSDT__2026YTD__stress__trial_6b491b4bb48cad6d315c2c00/metrics.json,ee66a94318e0fb49b4dfb9bb175a9de51fff080b89ce8cfe74f6e2602b5e3489
CURATED_BREADTH_SCREEN_V1,CANDIDATE_H002_MOMENTUM_168_LONG_FLAT,variant_f7167cdc0acf445a69f10b5c,H002_momentum,existing-qntylab-strategies-v1,time_series_momentum,168,BTCUSDT,2022,2022-01-01T00:00:00Z,2022-12-31T23:00:00Z,baseline,10.0,0.0,trial_c8bfa14f97a4755106d6d1ee,6dcc8c6293f24e2e91957b286a96d9b87fd646e4b57c846495bd41d1aa225b65,8759,292,0.43561643835616437,-0.38773738940662794,-0.5428726730387221,-0.645439945404816,0.10256727236609386,0.29200000000000004,-0.5687137554788748,experiments/runs/curated_breadth_screen_v1/025__CANDIDATE_H002_MOMENTUM_168_LONG_FLAT__BTCUSDT__2022__baseline__trial_c8bfa14f97a4755106d6d1ee/run_receipt.json,ab5dee751dfda02fcebd82dba62be5264bfcab2845f2bfa54195e01087a4a745,experiments/runs/curated_breadth_screen_v1/025__CANDIDATE_H002_MOMENTUM_168_LONG_FLAT__BTCUSDT__2022__baseline__trial_c8bfa14f97a4755106d6d1ee/metrics.json,1ce5a6e8f936c9029ea2b33bd59d94effd204a47fe9a99a65380fdd5f7b67499
CURATED_BREADTH_SCREEN_V1,CANDIDATE_H002_MOMENTUM_168_LONG_FLAT,variant_f7167cdc0acf445a69f10b5c,H002_momentum,existing-qntylab-strategies-v1,time_series_momentum,168,BTCUSDT,2022,2022-01-01T00:00:00Z,2022-12-31T23:00:00Z,stress,10.0,10.0,trial_d140116f29ac22ee01401822,6dcc8c6293f24e2e91957b286a96d9b87fd646e4b57c846495bd41d1aa225b65,8759,292,0.43561643835616437,-0.38773738940662794,-0.6587996153118096,-0.645439945404816,-0.013359669906993665,0.5840000000000001,-0.6655756474881924,experiments/runs/curated_breadth_screen_v1/026__CANDIDATE_H002_MOMENTUM_168_LONG_FLAT__BTCUSDT__2022__stress__trial_d140116f29ac22ee01401822/run_receipt.json,bd8f51ecbf0fbb5dc756fdb44ef8c2f52fe1668b0bba8967d56c462b8c678910,experiments/runs/curated_breadth_screen_v1/026__CANDIDATE_H002_MOMENTUM_168_LONG_FLAT__BTCUSDT__2022__stress__trial_d140116f29ac22ee01401822/metrics.json,21edef5d38a7848a5dfc3450d8db53a80de1daffe3d7d39d0368d0c25812f66c
CURATED_BREADTH_SCREEN_V1,CANDIDATE_H002_MOMENTUM_168_LONG_FLAT,variant_f7167cdc0acf445a69f10b5c,H002_momentum,existing-qntylab-strategies-v1,time_series_momentum,168,BTCUSDT,2024,2024-01-01T00:00:00Z,2024-12-31T23:00:00Z,baseline,10.0,0.0,trial_61d5babbda66ca43daceecc1,6dcc8c6293f24e2e91957b286a96d9b87fd646e4b57c846495bd41d1aa225b65,8783,244,0.557832422586521,0.6325657232461632,0.2790579278102747,1.2030722376312029,-0.9240143098209281,0.244,-0.32121554552692844,experiments/runs/curated_breadth_screen_v1/027__CANDIDATE_H002_MOMENTUM_168_LONG_FLAT__BTCUSDT__2024__baseline__trial_61d5babbda66ca43daceecc1/run_receipt.json,a1cd765139a080235aac9d0a0a48ed34e5ee719e6887a972f084efc0d305e75a,experiments/runs/curated_breadth_screen_v1/027__CANDIDATE_H002_MOMENTUM_168_LONG_FLAT__BTCUSDT__2024__baseline__trial_61d5babbda66ca43daceecc1/metrics.json,69b0a14bda8f8d52b28e725c230c90d3b1b9fdd16300c1889b495739d1822c71
CURATED_BREADTH_SCREEN_V1,CANDIDATE_H002_MOMENTUM_168_LONG_FLAT,variant_f7167cdc0acf445a69f10b5c,H002_momentum,existing-qntylab-strategies-v1,time_series_momentum,168,BTCUSDT,2024,2024-01-01T00:00:00Z,2024-12-31T23:00:00Z,stress,10.0,10.0,trial_97a232e98e2f75b3e3a755e9,6dcc8c6293f24e2e91957b286a96d9b87fd646e4b57c846495bd41d1aa225b65,8783,244,0.557832422586521,0.6325657232461632,0.0018521922256675705,1.2030722376312029,-1.2012200454055353,0.488,-0.42158889536756805,experiments/runs/curated_breadth_screen_v1/028__CANDIDATE_H002_MOMENTUM_168_LONG_FLAT__BTCUSDT__2024__stress__trial_97a232e98e2f75b3e3a755e9/run_receipt.json,071c2985484e08a44df6b40fe2d7a7de13eecda24de3a7bbce1ad79178fd8212,experiments/runs/curated_breadth_screen_v1/028__CANDIDATE_H002_MOMENTUM_168_LONG_FLAT__BTCUSDT__2024__stress__trial_97a232e98e2f75b3e3a755e9/metrics.json,c07f358bed0dcea2067de744cac19469a105eb6c16e8d8a1351469e1ff410fef
CURATED_BREADTH_SCREEN_V1,CANDIDATE_H002_MOMENTUM_168_LONG_FLAT,variant_f7167cdc0acf445a69f10b5c,H002_momentum,existing-qntylab-strategies-v1,time_series_momentum,168,BTCUSDT,2025,2025-01-01T00:00:00Z,2025-12-31T23:00:00Z,baseline,10.0,0.0,trial_8e7c50d763fb2a7e82fd204a,6dcc8c6293f24e2e91957b286a96d9b87fd646e4b57c846495bd41d1aa225b65,8759,358,0.4906392694063927,-0.07347898224092486,-0.3524113702084649,-0.07153430562385155,-0.28087706458461337,0.358,-0.393262423367955,experiments/runs/curated_breadth_screen_v1/029__CANDIDATE_H002_MOMENTUM_168_LONG_FLAT__BTCUSDT__2025__baseline__trial_8e7c50d763fb2a7e82fd204a/run_receipt.json,0fdbd5f56f45621121b1e7b581f07827fb66041f585cf46c6a5447d04d371147,experiments/runs/curated_breadth_screen_v1/029__CANDIDATE_H002_MOMENTUM_168_LONG_FLAT__BTCUSDT__2025__baseline__trial_8e7c50d763fb2a7e82fd204a/metrics.json,1da626d1c93e077f3c5da47a1868d9f6437a511b96034ddcf68f1ec53cc08175
CURATED_BREADTH_SCREEN_V1,CANDIDATE_H002_MOMENTUM_168_LONG_FLAT,variant_f7167cdc0acf445a69f10b5c,H002_momentum,existing-qntylab-strategies-v1,time_series_momentum,168,BTCUSDT,2025,2025-01-01T00:00:00Z,2025-12-31T23:00:00Z,stress,10.0,10.0,trial_0aa59d66ec7b920758c71504,6dcc8c6293f24e2e91957b286a96d9b87fd646e4b57c846495bd41d1aa225b65,8759,358,0.4906392694063927,-0.07347898224092486,-0.5475325288749344,-0.07153430562385155,-0.4759982232510829,0.716,-0.5722362952267577,experiments/runs/curated_breadth_screen_v1/030__CANDIDATE_H002_MOMENTUM_168_LONG_FLAT__BTCUSDT__2025__stress__trial_0aa59d66ec7b920758c71504/run_receipt.json,cadfa2cb21d177e0116ab710193ab299c81ec4289b370a57c9e349a7a6a47f4b,experiments/runs/curated_breadth_screen_v1/030__CANDIDATE_H002_MOMENTUM_168_LONG_FLAT__BTCUSDT__2025__stress__trial_0aa59d66ec7b920758c71504/metrics.json,5eaafc25ab793d7967a35d329ad11451a26fc6c5a72003e35e46a85089ff9a97
CURATED_BREADTH_SCREEN_V1,CANDIDATE_H002_MOMENTUM_168_LONG_FLAT,variant_f7167cdc0acf445a69f10b5c,H002_momentum,existing-qntylab-strategies-v1,time_series_momentum,168,BTCUSDT,2026YTD,2026-01-01T00:00:00Z,2026-07-27T23:00:00Z,baseline,10.0,0.0,trial_96a257408c04f52564a1ad03,6dcc8c6293f24e2e91957b286a96d9b87fd646e4b57c846495bd41d1aa225b65,4991,146,0.4729567307692308,0.003164597056028562,-0.13315631159340147,-0.27392758141712437,0.1407712698237229,0.14600000000000002,-0.19179320779033482,experiments/runs/curated_breadth_screen_v1/031__CANDIDATE_H002_MOMENTUM_168_LONG_FLAT__BTCUSDT__2026YTD__baseline__trial_96a257408c04f52564a1ad03/run_receipt.json,879fbceab0834e67171452c2f1e78f6690aac1c96db6b1534ceb280dac0e3925,experiments/runs/curated_breadth_screen_v1/031__CANDIDATE_H002_MOMENTUM_168_LONG_FLAT__BTCUSDT__2026YTD__baseline__trial_96a257408c04f52564a1ad03/metrics.json,578470b4b26344876c70057be5b086cea16e7a943a9b493ac4313ab4ad8ad3c8
CURATED_BREADTH_SCREEN_V1,CANDIDATE_H002_MOMENTUM_168_LONG_FLAT,variant_f7167cdc0acf445a69f10b5c,H002_momentum,existing-qntylab-strategies-v1,time_series_momentum,168,BTCUSDT,2026YTD,2026-01-01T00:00:00Z,2026-07-27T23:00:00Z,stress,10.0,10.0,trial_b1fc8f15eadf04844e904f0a,6dcc8c6293f24e2e91957b286a96d9b87fd646e4b57c846495bd41d1aa225b65,4991,146,0.4729567307692308,0.003164597056028562,-0.2510620013405195,-0.27392758141712437,0.022865580076604886,0.29200000000000004,-0.2760384941151591,experiments/runs/curated_breadth_screen_v1/032__CANDIDATE_H002_MOMENTUM_168_LONG_FLAT__BTCUSDT__2026YTD__stress__trial_b1fc8f15eadf04844e904f0a/run_receipt.json,872360df35b3ca974286ca6eb2f39ebb305fa80a54658206a204ed826be2a7b1,experiments/runs/curated_breadth_screen_v1/032__CANDIDATE_H002_MOMENTUM_168_LONG_FLAT__BTCUSDT__2026YTD__stress__trial_b1fc8f15eadf04844e904f0a/metrics.json,e1b0c033f2c8a4ee2886f323b7e70507739f8d54325b0207d4fb02a72de4025f
CURATED_BREADTH_SCREEN_V1,CANDIDATE_H002_MOMENTUM_168_LONG_FLAT,variant_f7167cdc0acf445a69f10b5c,H002_momentum,existing-qntylab-strategies-v1,time_series_momentum,168,ETHUSDT,2022,2022-01-01T00:00:00Z,2022-12-31T23:00:00Z,baseline,10.0,0.0,trial_1d4d0d370d68d2e8fccb7f3c,3584c161874dc3b8d8f9961901e5abaadebe32a1aaba6d321106b8ccb1f61187,8759,310,0.42534246575342466,-0.11598021846687245,-0.3517797829360275,-0.6787222269972926,0.32694244406126505,0.31000000000000005,-0.5389807356562896,experiments/runs/curated_breadth_screen_v1/033__CANDIDATE_H002_MOMENTUM_168_LONG_FLAT__ETHUSDT__2022__baseline__trial_1d4d0d370d68d2e8fccb7f3c/run_receipt.json,8658a026b046a810c344134185e9496b098afcca7f2f7bc9c15653b80ee52531,experiments/runs/curated_breadth_screen_v1/033__CANDIDATE_H002_MOMENTUM_168_LONG_FLAT__ETHUSDT__2022__baseline__trial_1d4d0d370d68d2e8fccb7f3c/metrics.json,7c2c9d32d297cc58256568aafc31fb25954dd1219c574202a7966a36eff66226
CURATED_BREADTH_SCREEN_V1,CANDIDATE_H002_MOMENTUM_168_LONG_FLAT,variant_f7167cdc0acf445a69f10b5c,H002_momentum,existing-qntylab-strategies-v1,time_series_momentum,168,ETHUSDT,2022,2022-01-01T00:00:00Z,2022-12-31T23:00:00Z,stress,10.0,10.0,trial_6ed90f547a0e912f029dd337,3584c161874dc3b8d8f9961901e5abaadebe32a1aaba6d321106b8ccb1f61187,8759,310,0.42534246575342466,-0.11598021846687245,-0.524830920574042,-0.6787222269972926,0.15389130642325055,0.6200000000000001,-0.6272181969925861,experiments/runs/curated_breadth_screen_v1/034__CANDIDATE_H002_MOMENTUM_168_LONG_FLAT__ETHUSDT__2022__stress__trial_6ed90f547a0e912f029dd337/run_receipt.json,91c610ffa665179a09608a30d9832770464c68d58577f28ecf38cfde492aeb64,experiments/runs/curated_breadth_screen_v1/034__CANDIDATE_H002_MOMENTUM_168_LONG_FLAT__ETHUSDT__2022__stress__trial_6ed90f547a0e912f029dd337/metrics.json,c1a5f5b0adcc2b132a73ff0069f10885830ac55bad560ee50aa3bd5c82a96fd2
CURATED_BREADTH_SCREEN_V1,CANDIDATE_H002_MOMENTUM_168_LONG_FLAT,variant_f7167cdc0acf445a69f10b5c,H002_momentum,existing-qntylab-strategies-v1,time_series_momentum,168,ETHUSDT,2024,2024-01-01T00:00:00Z,2024-12-31T23:00:00Z,baseline,10.0,0.0,trial_c402b6727804bd2d9d013f18,3584c161874dc3b8d8f9961901e5abaadebe32a1aaba6d321106b8ccb1f61187,8783,252,0.5122950819672131,0.6023208655476111,0.24521666801839337,0.45404724875953484,-0.20883058074114147,0.252,-0.33130457298848337,experiments/runs/curated_breadth_screen_v1/035__CANDIDATE_H002_MOMENTUM_168_LONG_FLAT__ETHUSDT__2024__baseline__trial_c402b6727804bd2d9d013f18/run_receipt.json,6ddedcfc2d636155abfed296c4796b2fd8b57344c07296307acfe2e81aff6bf8,experiments/runs/curated_breadth_screen_v1/035__CANDIDATE_H002_MOMENTUM_168_LONG_FLAT__ETHUSDT__2024__baseline__trial_c402b6727804bd2d9d013f18/metrics.json,8a7d248fa73f1b3af4cc54d6d752f61f121236cedd2658ca1585ff9a86db4c75
CURATED_BREADTH_SCREEN_V1,CANDIDATE_H002_MOMENTUM_168_LONG_FLAT,variant_f7167cdc0acf445a69f10b5c,H002_momentum,existing-qntylab-strategies-v1,time_series_momentum,168,ETHUSDT,2024,2024-01-01T00:00:00Z,2024-12-31T23:00:00Z,stress,10.0,10.0,trial_4dd940e5380f3ca107f375c3,3584c161874dc3b8d8f9961901e5abaadebe32a1aaba6d321106b8ccb1f61187,8783,252,0.5122950819672131,0.6023208655476111,-0.03254520139514816,0.45404724875953484,-0.486592450154683,0.504,-0.4482993666587678,experiments/runs/curated_breadth_screen_v1/036__CANDIDATE_H002_MOMENTUM_168_LONG_FLAT__ETHUSDT__2024__stress__trial_4dd940e5380f3ca107f375c3/run_receipt.json,a9a2516135c1a8ba136905cb931825da5c531f0a41054fe33195c68cdc004bb7,experiments/runs/curated_breadth_screen_v1/036__CANDIDATE_H002_MOMENTUM_168_LONG_FLAT__ETHUSDT__2024__stress__trial_4dd940e5380f3ca107f375c3/metrics.json,b633b0aea7bcee34d4c2f16a55483f0af80c7037ac6ff2ec4044cb99822816c0
CURATED_BREADTH_SCREEN_V1,CANDIDATE_H002_MOMENTUM_168_LONG_FLAT,variant_f7167cdc0acf445a69f10b5c,H002_momentum,existing-qntylab-strategies-v1,time_series_momentum,168,ETHUSDT,2025,2025-01-01T00:00:00Z,2025-12-31T23:00:00Z,baseline,10.0,0.0,trial_b5a125c499fb68ad560ef3bd,3584c161874dc3b8d8f9961901e5abaadebe32a1aaba6d321106b8ccb1f61187,8759,343,0.4812785388127854,-0.13379387948402,-0.38552176738325916,-0.11655617326158696,-0.2689655941216722,0.34299999999999997,-0.5011207678289469,experiments/runs/curated_breadth_screen_v1/037__CANDIDATE_H002_MOMENTUM_168_LONG_FLAT__ETHUSDT__2025__baseline__trial_b5a125c499fb68ad560ef3bd/run_receipt.json,56a41cbd1bc6bf0b32087e59ac6bdee0c4effde74ef0c89292cf2439294d6d2d,experiments/runs/curated_breadth_screen_v1/037__CANDIDATE_H002_MOMENTUM_168_LONG_FLAT__ETHUSDT__2025__baseline__trial_b5a125c499fb68ad560ef3bd/metrics.json,0844f1a4c1f6613563730ec14c2b3531966d090f84a3f203f169098edb592ac8
CURATED_BREADTH_SCREEN_V1,CANDIDATE_H002_MOMENTUM_168_LONG_FLAT,variant_f7167cdc0acf445a69f10b5c,H002_momentum,existing-qntylab-strategies-v1,time_series_momentum,168,ETHUSDT,2025,2025-01-01T00:00:00Z,2025-12-31T23:00:00Z,stress,10.0,10.0,trial_187ba8006f1ff2e4aaba7ceb,3584c161874dc3b8d8f9961901e5abaadebe32a1aaba6d321106b8ccb1f61187,8759,343,0.4812785388127854,-0.13379387948402,-0.5642450415360212,-0.11655617326158696,-0.4476888682744342,0.6859999999999999,-0.5695230748881739,experiments/runs/curated_breadth_screen_v1/038__CANDIDATE_H002_MOMENTUM_168_LONG_FLAT__ETHUSDT__2025__stress__trial_187ba8006f1ff2e4aaba7ceb/run_receipt.json,d18a551baf0396f21339f16a33f6aface55e0f551a8fc90701be943e38dd0599,experiments/runs/curated_breadth_screen_v1/038__CANDIDATE_H002_MOMENTUM_168_LONG_FLAT__ETHUSDT__2025__stress__trial_187ba8006f1ff2e4aaba7ceb/metrics.json,f35e02494cf24397dbfea5daf1fef6b9b320bb81e77365cab482d7151de30309
CURATED_BREADTH_SCREEN_V1,CANDIDATE_H002_MOMENTUM_168_LONG_FLAT,variant_f7167cdc0acf445a69f10b5c,H002_momentum,existing-qntylab-strategies-v1,time_series_momentum,168,ETHUSDT,2026YTD,2026-01-01T00:00:00Z,2026-07-27T23:00:00Z,baseline,10.0,0.0,trial_3354f4161f1e883e879fc7c0,3584c161874dc3b8d8f9961901e5abaadebe32a1aaba6d321106b8ccb1f61187,4991,158,0.46013621794871795,-0.04383083571386781,-0.18363289599787413,-0.36488232471197823,0.1812494287141041,0.15800000000000003,-0.29641387651329154,experiments/runs/curated_breadth_screen_v1/039__CANDIDATE_H002_MOMENTUM_168_LONG_FLAT__ETHUSDT__2026YTD__baseline__trial_3354f4161f1e883e879fc7c0/run_receipt.json,62766cc8d1685f7dcbf1a16f61458934bbed56e1e636a229ee8bd1914ac62544,experiments/runs/curated_breadth_screen_v1/039__CANDIDATE_H002_MOMENTUM_168_LONG_FLAT__ETHUSDT__2026YTD__baseline__trial_3354f4161f1e883e879fc7c0/metrics.json,bc3778624705374fff9f7c8a0a8cd3f926398a2369d002bf9fdf9ed30b09a148
CURATED_BREADTH_SCREEN_V1,CANDIDATE_H002_MOMENTUM_168_LONG_FLAT,variant_f7167cdc0acf445a69f10b5c,H002_momentum,existing-qntylab-strategies-v1,time_series_momentum,168,ETHUSDT,2026YTD,2026-01-01T00:00:00Z,2026-07-27T23:00:00Z,stress,10.0,10.0,trial_26d52656dbd698b7ad0c8441,3584c161874dc3b8d8f9961901e5abaadebe32a1aaba6d321106b8ccb1f61187,4991,158,0.46013621794871795,-0.04383083571386781,-0.303104742598412,-0.36488232471197823,0.06177758211356621,0.31600000000000006,-0.38785324025580625,experiments/runs/curated_breadth_screen_v1/040__CANDIDATE_H002_MOMENTUM_168_LONG_FLAT__ETHUSDT__2026YTD__stress__trial_26d52656dbd698b7ad0c8441/run_receipt.json,e45b4f8b1ae887b55f72a0789bf1f125f9116ca254f29c56323cbdefa38f3e72,experiments/runs/curated_breadth_screen_v1/040__CANDIDATE_H002_MOMENTUM_168_LONG_FLAT__ETHUSDT__2026YTD__stress__trial_26d52656dbd698b7ad0c8441/metrics.json,7fcabcba0573e2df8442bf444e3ffb4b801831c02971e05a2ea6de180cd15b7b
CURATED_BREADTH_SCREEN_V1,CANDIDATE_H002_MOMENTUM_168_LONG_FLAT,variant_f7167cdc0acf445a69f10b5c,H002_momentum,existing-qntylab-strategies-v1,time_series_momentum,168,SOLUSDT,2022,2022-01-01T00:00:00Z,2022-12-31T23:00:00Z,baseline,10.0,0.0,trial_181b8e65729745da071557dc,c431aa068acbfedf3cb0c38845dfac275044a9cf83367075b47d47f06974e99d,8759,280,0.37431506849315066,-0.5295839611471842,-0.6445960994361103,-0.9421626638821209,0.2975665644460106,0.28,-0.7270367889254938,experiments/runs/curated_breadth_screen_v1/041__CANDIDATE_H002_MOMENTUM_168_LONG_FLAT__SOLUSDT__2022__baseline__trial_181b8e65729745da071557dc/run_receipt.json,15acda479a3eb9813e41b83165955e72447e6fc5e9aabebe5e3c5b375512acf0,experiments/runs/curated_breadth_screen_v1/041__CANDIDATE_H002_MOMENTUM_168_LONG_FLAT__SOLUSDT__2022__baseline__trial_181b8e65729745da071557dc/metrics.json,58cef80d6efb25a8263f95ecbe1a9cbc874ee8f2f11f9f067a954281a5562d19
CURATED_BREADTH_SCREEN_V1,CANDIDATE_H002_MOMENTUM_168_LONG_FLAT,variant_f7167cdc0acf445a69f10b5c,H002_momentum,existing-qntylab-strategies-v1,time_series_momentum,168,SOLUSDT,2022,2022-01-01T00:00:00Z,2022-12-31T23:00:00Z,stress,10.0,10.0,trial_8bd53b9f9a5a59c04c76e27b,c431aa068acbfedf3cb0c38845dfac275044a9cf83367075b47d47f06974e99d,8759,280,0.37431506849315066,-0.5295839611471842,-0.7315643378261624,-0.9421626638821209,0.21059832605595852,0.56,-0.7812722018097794,experiments/runs/curated_breadth_screen_v1/042__CANDIDATE_H002_MOMENTUM_168_LONG_FLAT__SOLUSDT__2022__stress__trial_8bd53b9f9a5a59c04c76e27b/run_receipt.json,bcc71620d05fc1e5af1230eee293785b164a15067ea3f7adbf73fc87baf02705,experiments/runs/curated_breadth_screen_v1/042__CANDIDATE_H002_MOMENTUM_168_LONG_FLAT__SOLUSDT__2022__stress__trial_8bd53b9f9a5a59c04c76e27b/metrics.json,6f927898fe412dc339aaa67b2c8e750544dbe25660dcb80624f76477e21050c1
CURATED_BREADTH_SCREEN_V1,CANDIDATE_H002_MOMENTUM_168_LONG_FLAT,variant_f7167cdc0acf445a69f10b5c,H002_momentum,existing-qntylab-strategies-v1,time_series_momentum,168,SOLUSDT,2024,2024-01-01T00:00:00Z,2024-12-31T23:00:00Z,baseline,10.0,0.0,trial_5a3f32639621ec111ad53dee,c431aa068acbfedf3cb0c38845dfac275044a9cf83367075b47d47f06974e99d,8783,302,0.5218579234972678,0.22415674570513366,-0.0951891780432389,0.856708513142409,-0.9518976911856479,0.302,-0.5944679617502961,experiments/runs/curated_breadth_screen_v1/043__CANDIDATE_H002_MOMENTUM_168_LONG_FLAT__SOLUSDT__2024__baseline__trial_5a3f32639621ec111ad53dee/run_receipt.json,7988be10e0dff9daff90287f095be20791d10d476e856abd5703196bc24898ca,experiments/runs/curated_breadth_screen_v1/043__CANDIDATE_H002_MOMENTUM_168_LONG_FLAT__SOLUSDT__2024__baseline__trial_5a3f32639621ec111ad53dee/metrics.json,2065cc994d91bbf646ce02fab73b6c857729448498f3b711c1b3fb69b0e73bd8
CURATED_BREADTH_SCREEN_V1,CANDIDATE_H002_MOMENTUM_168_LONG_FLAT,variant_f7167cdc0acf445a69f10b5c,H002_momentum,existing-qntylab-strategies-v1,time_series_momentum,168,SOLUSDT,2024,2024-01-01T00:00:00Z,2024-12-31T23:00:00Z,stress,10.0,10.0,trial_b59ff40de970746ea13c6919,c431aa068acbfedf3cb0c38845dfac275044a9cf83367075b47d47f06974e99d,8783,302,0.5218579234972678,0.22415674570513366,-0.3314298144670522,0.856708513142409,-1.1881383276094613,0.604,-0.6566011758756631,experiments/runs/curated_breadth_screen_v1/044__CANDIDATE_H002_MOMENTUM_168_LONG_FLAT__SOLUSDT__2024__stress__trial_b59ff40de970746ea13c6919/run_receipt.json,37de3e7ffb585e18278b735021f57e63f0c9032f1af518cf743b43f394bf61c2,experiments/runs/curated_breadth_screen_v1/044__CANDIDATE_H002_MOMENTUM_168_LONG_FLAT__SOLUSDT__2024__stress__trial_b59ff40de970746ea13c6919/metrics.json,2df4e9350d405b42496b2a3ae91c5fc0eef6b16eff639a005d802a9ea83f4744
CURATED_BREADTH_SCREEN_V1,CANDIDATE_H002_MOMENTUM_168_LONG_FLAT,variant_f7167cdc0acf445a69f10b5c,H002_momentum,existing-qntylab-strategies-v1,time_series_momentum,168,SOLUSDT,2025,2025-01-01T00:00:00Z,2025-12-31T23:00:00Z,baseline,10.0,0.0,trial_7ba0cbb863ca57c5d0a15f91,c431aa068acbfedf3cb0c38845dfac275044a9cf83367075b47d47f06974e99d,8759,305,0.44246575342465755,-0.10753062942898828,-0.34236638997702495,-0.3526020567154876,0.010235666738462657,0.305,-0.5299334637828037,experiments/runs/curated_breadth_screen_v1/045__CANDIDATE_H002_MOMENTUM_168_LONG_FLAT__SOLUSDT__2025__baseline__trial_7ba0cbb863ca57c5d0a15f91/run_receipt.json,9b9272da2c74174bc1afe3663c1256949f0bb5aa2dcc4ae713a5004eae42c7cf,experiments/runs/curated_breadth_screen_v1/045__CANDIDATE_H002_MOMENTUM_168_LONG_FLAT__SOLUSDT__2025__baseline__trial_7ba0cbb863ca57c5d0a15f91/metrics.json,608376d062c853d8376b804519368dfc6a5b3217a2a10f039c21b1185b1ba5cb
CURATED_BREADTH_SCREEN_V1,CANDIDATE_H002_MOMENTUM_168_LONG_FLAT,variant_f7167cdc0acf445a69f10b5c,H002_momentum,existing-qntylab-strategies-v1,time_series_momentum,168,SOLUSDT,2025,2025-01-01T00:00:00Z,2025-12-31T23:00:00Z,stress,10.0,10.0,trial_9de5c2d4734337bb01f12e1f,c431aa068acbfedf3cb0c38845dfac275044a9cf83367075b47d47f06974e99d,8759,305,0.44246575342465755,-0.10753062942898828,-0.5155580058280081,-0.3526020567154876,-0.16295594911252054,0.61,-0.6526812820048975,experiments/runs/curated_breadth_screen_v1/046__CANDIDATE_H002_MOMENTUM_168_LONG_FLAT__SOLUSDT__2025__stress__trial_9de5c2d4734337bb01f12e1f/run_receipt.json,18baa36caad401ddfc3b8db9f8a5bcd517ece16bc8efa69bcf31a5db8b6ccb4a,experiments/runs/curated_breadth_screen_v1/046__CANDIDATE_H002_MOMENTUM_168_LONG_FLAT__SOLUSDT__2025__stress__trial_9de5c2d4734337bb01f12e1f/metrics.json,2fffbf33d37e3c815000fdfd1a176f9bc4722179f11c9ad52f87bc5dbade9344
CURATED_BREADTH_SCREEN_V1,CANDIDATE_H002_MOMENTUM_168_LONG_FLAT,variant_f7167cdc0acf445a69f10b5c,H002_momentum,existing-qntylab-strategies-v1,time_series_momentum,168,SOLUSDT,2026YTD,2026-01-01T00:00:00Z,2026-07-27T23:00:00Z,baseline,10.0,0.0,trial_25f15efbe81ff59367106ae4,c431aa068acbfedf3cb0c38845dfac275044a9cf83367075b47d47f06974e99d,4991,172,0.42748397435897434,-0.1870884096761557,-0.31558324749349265,-0.4071114662405114,0.09152821874701877,0.17200000000000001,-0.3756523142911926,experiments/runs/curated_breadth_screen_v1/047__CANDIDATE_H002_MOMENTUM_168_LONG_FLAT__SOLUSDT__2026YTD__baseline__trial_25f15efbe81ff59367106ae4/run_receipt.json,01e441dd3b55f461f12a481740ff548b83462d8579c73a0c7ac1826e0532ea19,experiments/runs/curated_breadth_screen_v1/047__CANDIDATE_H002_MOMENTUM_168_LONG_FLAT__SOLUSDT__2026YTD__baseline__trial_25f15efbe81ff59367106ae4/metrics.json,0f9fdad0095b2d2d0191f3b133c0d7fadda2d489e77b3cb45d804a1fe92337ac
CURATED_BREADTH_SCREEN_V1,CANDIDATE_H002_MOMENTUM_168_LONG_FLAT,variant_f7167cdc0acf445a69f10b5c,H002_momentum,existing-qntylab-strategies-v1,time_series_momentum,168,SOLUSDT,2026YTD,2026-01-01T00:00:00Z,2026-07-27T23:00:00Z,stress,10.0,10.0,trial_9360c5c92f52a081f11200c3,c431aa068acbfedf3cb0c38845dfac275044a9cf83367075b47d47f06974e99d,4991,172,0.42748397435897434,-0.1870884096761557,-0.4238665062999044,-0.4071114662405114,-0.01675504005939299,0.34400000000000003,-0.46458409900028386,experiments/runs/curated_breadth_screen_v1/048__CANDIDATE_H002_MOMENTUM_168_LONG_FLAT__SOLUSDT__2026YTD__stress__trial_9360c5c92f52a081f11200c3/run_receipt.json,9a8cd665f577805f521ed33dbe281ff52fac88a887f25f49f5212e69fecb9b1e,experiments/runs/curated_breadth_screen_v1/048__CANDIDATE_H002_MOMENTUM_168_LONG_FLAT__SOLUSDT__2026YTD__stress__trial_9360c5c92f52a081f11200c3/metrics.json,4292064be152ceb5658db76f35fbd398dbf27b3850d6aceec0c097b1451b356e
CURATED_BREADTH_SCREEN_V1,CANDIDATE_H002_MOMENTUM_720_LONG_FLAT,variant_f201cbb38819b1e09e763ac7,H002_momentum,existing-qntylab-strategies-v1,time_series_momentum,720,BTCUSDT,2022,2022-01-01T00:00:00Z,2022-12-31T23:00:00Z,baseline,10.0,0.0,trial_0b072eda4ba8f8df074bf472,6dcc8c6293f24e2e91957b286a96d9b87fd646e4b57c846495bd41d1aa225b65,8759,128,0.34383561643835614,-0.31882412755441325,-0.400724984840516,-0.645439945404816,0.24471496056429998,0.128,-0.4387755749282959,experiments/runs/curated_breadth_screen_v1/049__CANDIDATE_H002_MOMENTUM_720_LONG_FLAT__BTCUSDT__2022__baseline__trial_0b072eda4ba8f8df074bf472/run_receipt.json,2124432e89b9121d16c59daf7d82cee19480b54e27cf10cd187cc95bdf92035c,experiments/runs/curated_breadth_screen_v1/049__CANDIDATE_H002_MOMENTUM_720_LONG_FLAT__BTCUSDT__2022__baseline__trial_0b072eda4ba8f8df074bf472/metrics.json,eb97ac4536278e9adf7a9d72ae1f98a4a43722e7e2f18f4e60697c66e5167bd8
CURATED_BREADTH_SCREEN_V1,CANDIDATE_H002_MOMENTUM_720_LONG_FLAT,variant_f201cbb38819b1e09e763ac7,H002_momentum,existing-qntylab-strategies-v1,time_series_momentum,720,BTCUSDT,2022,2022-01-01T00:00:00Z,2022-12-31T23:00:00Z,stress,10.0,10.0,trial_7f33d5dcb72d5473eb7f8b43,6dcc8c6293f24e2e91957b286a96d9b87fd646e4b57c846495bd41d1aa225b65,8759,128,0.34383561643835614,-0.31882412755441325,-0.4728461890801653,-0.645439945404816,0.17259375632465068,0.256,-0.5023513657961609,experiments/runs/curated_breadth_screen_v1/050__CANDIDATE_H002_MOMENTUM_720_LONG_FLAT__BTCUSDT__2022__stress__trial_7f33d5dcb72d5473eb7f8b43/run_receipt.json,32929c694d32a9e8b1fcc2adac6f450c97b4c930f98db7775f9c80aa72a77022,experiments/runs/curated_breadth_screen_v1/050__CANDIDATE_H002_MOMENTUM_720_LONG_FLAT__BTCUSDT__2022__stress__trial_7f33d5dcb72d5473eb7f8b43/metrics.json,f0603976e9ca041a665d40c9a4a1d4b3e92aa5cfff0b4777b6b79a6c58ae5206
CURATED_BREADTH_SCREEN_V1,CANDIDATE_H002_MOMENTUM_720_LONG_FLAT,variant_f201cbb38819b1e09e763ac7,H002_momentum,existing-qntylab-strategies-v1,time_series_momentum,720,BTCUSDT,2024,2024-01-01T00:00:00Z,2024-12-31T23:00:00Z,baseline,10.0,0.0,trial_65905732b31b510ffe3e5c46,6dcc8c6293f24e2e91957b286a96d9b87fd646e4b57c846495bd41d1aa225b65,8783,116,0.5947176684881603,0.6916663483199195,0.5063101617979009,1.2030722376312029,-0.696762075833302,0.116,-0.36512178532000517,experiments/runs/curated_breadth_screen_v1/051__CANDIDATE_H002_MOMENTUM_720_LONG_FLAT__BTCUSDT__2024__baseline__trial_65905732b31b510ffe3e5c46/run_receipt.json,11eabeb85728412cb3ef1600976ccf49544e21d505479f399603dc7cf9689cef,experiments/runs/curated_breadth_screen_v1/051__CANDIDATE_H002_MOMENTUM_720_LONG_FLAT__BTCUSDT__2024__baseline__trial_65905732b31b510ffe3e5c46/metrics.json,864851831cf06b4b4f80568ebfc6aeeee454d496e24d311476bfb5a7a36d2efd
CURATED_BREADTH_SCREEN_V1,CANDIDATE_H002_MOMENTUM_720_LONG_FLAT,variant_f201cbb38819b1e09e763ac7,H002_momentum,existing-qntylab-strategies-v1,time_series_momentum,720,BTCUSDT,2024,2024-01-01T00:00:00Z,2024-12-31T23:00:00Z,stress,10.0,10.0,trial_8538df5e39f014f1f9528009,6dcc8c6293f24e2e91957b286a96d9b87fd646e4b57c846495bd41d1aa225b65,8783,116,0.5947176684881603,0.6916663483199195,0.34110760820745245,1.2030722376312029,-0.8619646294237504,0.232,-0.41750343569027193,experiments/runs/curated_breadth_screen_v1/052__CANDIDATE_H002_MOMENTUM_720_LONG_FLAT__BTCUSDT__2024__stress__trial_8538df5e39f014f1f9528009/run_receipt.json,3fd81dc233759329f30577d61d0ffe3be9881c487aac3d83c9e85eafd7758650,experiments/runs/curated_breadth_screen_v1/052__CANDIDATE_H002_MOMENTUM_720_LONG_FLAT__BTCUSDT__2024__stress__trial_8538df5e39f014f1f9528009/metrics.json,3a5e3416aeffa48142bb67735dcb134dcdcf0029e269d1ca15df2b62a173c7c7
CURATED_BREADTH_SCREEN_V1,CANDIDATE_H002_MOMENTUM_720_LONG_FLAT,variant_f201cbb38819b1e09e763ac7,H002_momentum,existing-qntylab-strategies-v1,time_series_momentum,720,BTCUSDT,2025,2025-01-01T00:00:00Z,2025-12-31T23:00:00Z,baseline,10.0,0.0,trial_0736678e5395132f14c7584d,6dcc8c6293f24e2e91957b286a96d9b87fd646e4b57c846495bd41d1aa225b65,8759,127,0.4218036529680365,0.10539861581278287,-0.02644180070653157,-0.07153430562385155,0.045092504917319975,0.127,-0.1732285715472085,experiments/runs/curated_breadth_screen_v1/053__CANDIDATE_H002_MOMENTUM_720_LONG_FLAT__BTCUSDT__2025__baseline__trial_0736678e5395132f14c7584d/run_receipt.json,75131d8523e5d2b02ad87f0f6aa2114bbfc9015809fffa66e7fdbe20e60f9e81,experiments/runs/curated_breadth_screen_v1/053__CANDIDATE_H002_MOMENTUM_720_LONG_FLAT__BTCUSDT__2025__baseline__trial_0736678e5395132f14c7584d/metrics.json,439e435ddc71ceeeb3cfd3e1a97efac67567e7b8ac105b7f06b789b84916f1ae
CURATED_BREADTH_SCREEN_V1,CANDIDATE_H002_MOMENTUM_720_LONG_FLAT,variant_f201cbb38819b1e09e763ac7,H002_momentum,existing-qntylab-strategies-v1,time_series_momentum,720,BTCUSDT,2025,2025-01-01T00:00:00Z,2025-12-31T23:00:00Z,stress,10.0,10.0,trial_91f241d751dce71d076891bb,6dcc8c6293f24e2e91957b286a96d9b87fd646e4b57c846495bd41d1aa225b65,8759,127,0.4218036529680365,0.10539861581278287,-0.14266667215449902,-0.07153430562385155,-0.07113236653064747,0.254,-0.2276239641430291,experiments/runs/curated_breadth_screen_v1/054__CANDIDATE_H002_MOMENTUM_720_LONG_FLAT__BTCUSDT__2025__stress__trial_91f241d751dce71d076891bb/run_receipt.json,eb4423784ebee4e3c2c0ff2ffd3fa9a71138904112b359d15b68fa589881a0bd,experiments/runs/curated_breadth_screen_v1/054__CANDIDATE_H002_MOMENTUM_720_LONG_FLAT__BTCUSDT__2025__stress__trial_91f241d751dce71d076891bb/metrics.json,4cd929f138817f984b28447252bb55b8a5646573f7e49c3425da12561a68d82b
CURATED_BREADTH_SCREEN_V1,CANDIDATE_H002_MOMENTUM_720_LONG_FLAT,variant_f201cbb38819b1e09e763ac7,H002_momentum,existing-qntylab-strategies-v1,time_series_momentum,720,BTCUSDT,2026YTD,2026-01-01T00:00:00Z,2026-07-27T23:00:00Z,baseline,10.0,0.0,trial_e51984d6fdda2e11f40bcc55,6dcc8c6293f24e2e91957b286a96d9b87fd646e4b57c846495bd41d1aa225b65,4991,91,0.39403044871794873,0.11022069435239223,0.013658463248157782,-0.27392758141712437,0.28758604466528215,0.091,-0.1608862619067324,experiments/runs/curated_breadth_screen_v1/055__CANDIDATE_H002_MOMENTUM_720_LONG_FLAT__BTCUSDT__2026YTD__baseline__trial_e51984d6fdda2e11f40bcc55/run_receipt.json,daf3a2b6948eee420f903a521e451af8cdaff9df4d1631eb0ff289b07a4a8c36,experiments/runs/curated_breadth_screen_v1/055__CANDIDATE_H002_MOMENTUM_720_LONG_FLAT__BTCUSDT__2026YTD__baseline__trial_e51984d6fdda2e11f40bcc55/metrics.json,f363765c195526945825df5658f518219d83d70476669886b95b86ed5ef32da4
CURATED_BREADTH_SCREEN_V1,CANDIDATE_H002_MOMENTUM_720_LONG_FLAT,variant_f201cbb38819b1e09e763ac7,H002_momentum,existing-qntylab-strategies-v1,time_series_momentum,720,BTCUSDT,2026YTD,2026-01-01T00:00:00Z,2026-07-27T23:00:00Z,stress,10.0,10.0,trial_96db0191d9bb89b1384fc38d,6dcc8c6293f24e2e91957b286a96d9b87fd646e4b57c846495bd41d1aa225b65,4991,91,0.39403044871794873,0.11022069435239223,-0.07458948741314952,-0.27392758141712437,0.19933809400397484,0.182,-0.17401270366529986,experiments/runs/curated_breadth_screen_v1/056__CANDIDATE_H002_MOMENTUM_720_LONG_FLAT__BTCUSDT__2026YTD__stress__trial_96db0191d9bb89b1384fc38d/run_receipt.json,7063065e1d00bbf32583c1c3c86ad850200cfcb133b508944de804ad8b869fe5,experiments/runs/curated_breadth_screen_v1/056__CANDIDATE_H002_MOMENTUM_720_LONG_FLAT__BTCUSDT__2026YTD__stress__trial_96db0191d9bb89b1384fc38d/metrics.json,597d785da522689d5654ccf61686d0eb113eb8eda933b2ec46cd1084dfe76cb8
CURATED_BREADTH_SCREEN_V1,CANDIDATE_H002_MOMENTUM_720_LONG_FLAT,variant_f201cbb38819b1e09e763ac7,H002_momentum,existing-qntylab-strategies-v1,time_series_momentum,720,ETHUSDT,2022,2022-01-01T00:00:00Z,2022-12-31T23:00:00Z,baseline,10.0,0.0,trial_777b509ac2de462fb6a70c1c,3584c161874dc3b8d8f9961901e5abaadebe32a1aaba6d321106b8ccb1f61187,8759,112,0.3299086757990868,-0.02163647362646537,-0.12536133846113073,-0.6787222269972926,0.5533608885361618,0.11200000000000002,-0.43454075841369066,experiments/runs/curated_breadth_screen_v1/057__CANDIDATE_H002_MOMENTUM_720_LONG_FLAT__ETHUSDT__2022__baseline__trial_777b509ac2de462fb6a70c1c/run_receipt.json,62753aa1028039bb423ebd5744979a07b1168cade0286934a994af8a34cef7ab,experiments/runs/curated_breadth_screen_v1/057__CANDIDATE_H002_MOMENTUM_720_LONG_FLAT__ETHUSDT__2022__baseline__trial_777b509ac2de462fb6a70c1c/metrics.json,858db1298b0aca7730918193e9acd99c6717722faa724e3ff84a92f27d797ced
CURATED_BREADTH_SCREEN_V1,CANDIDATE_H002_MOMENTUM_720_LONG_FLAT,variant_f201cbb38819b1e09e763ac7,H002_momentum,existing-qntylab-strategies-v1,time_series_momentum,720,ETHUSDT,2022,2022-01-01T00:00:00Z,2022-12-31T23:00:00Z,stress,10.0,10.0,trial_08a0f49b8ba4711419d01cae,3584c161874dc3b8d8f9961901e5abaadebe32a1aaba6d321106b8ccb1f61187,8759,112,0.3299086757990868,-0.02163647362646537,-0.21817719425645443,-0.6787222269972926,0.46054503274083813,0.22400000000000003,-0.47281728499238107,experiments/runs/curated_breadth_screen_v1/058__CANDIDATE_H002_MOMENTUM_720_LONG_FLAT__ETHUSDT__2022__stress__trial_08a0f49b8ba4711419d01cae/run_receipt.json,d791cf70d47a772bceedf13db7cfa8d7b403fdd4d921fabe75d92bbee031b722,experiments/runs/curated_breadth_screen_v1/058__CANDIDATE_H002_MOMENTUM_720_LONG_FLAT__ETHUSDT__2022__stress__trial_08a0f49b8ba4711419d01cae/metrics.json,c22e57757d1450181be5a5e6843b9ba57c2e1b7bd842e420078f0177bbf973e4
CURATED_BREADTH_SCREEN_V1,CANDIDATE_H002_MOMENTUM_720_LONG_FLAT,variant_f201cbb38819b1e09e763ac7,H002_momentum,existing-qntylab-strategies-v1,time_series_momentum,720,ETHUSDT,2024,2024-01-01T00:00:00Z,2024-12-31T23:00:00Z,baseline,10.0,0.0,trial_2d99b0e4c2995ad57170d79a,3584c161874dc3b8d8f9961901e5abaadebe32a1aaba6d321106b8ccb1f61187,8783,128,0.47404371584699456,0.4934742731254962,0.31403445371787164,0.45404724875953484,-0.1400127950416632,0.128,-0.31890071747768867,experiments/runs/curated_breadth_screen_v1/059__CANDIDATE_H002_MOMENTUM_720_LONG_FLAT__ETHUSDT__2024__baseline__trial_2d99b0e4c2995ad57170d79a/run_receipt.json,0db6ba08cce084fd5994fe860cc000bc606b6a9617c35620120c8e4d35323297,experiments/runs/curated_breadth_screen_v1/059__CANDIDATE_H002_MOMENTUM_720_LONG_FLAT__ETHUSDT__2024__baseline__trial_2d99b0e4c2995ad57170d79a/metrics.json,6a547b52e9df2787ff221c773a3a5e4e896593126fd7dea2f389ad9c10f213af
CURATED_BREADTH_SCREEN_V1,CANDIDATE_H002_MOMENTUM_720_LONG_FLAT,variant_f201cbb38819b1e09e763ac7,H002_momentum,existing-qntylab-strategies-v1,time_series_momentum,720,ETHUSDT,2024,2024-01-01T00:00:00Z,2024-12-31T23:00:00Z,stress,10.0,10.0,trial_a5a8fb7d23e31a9c14e681c4,3584c161874dc3b8d8f9961901e5abaadebe32a1aaba6d321106b8ccb1f61187,8783,128,0.47404371584699456,0.4934742731254962,0.15600605784599098,0.45404724875953484,-0.29804119091354386,0.256,-0.3700804219744406,experiments/runs/curated_breadth_screen_v1/060__CANDIDATE_H002_MOMENTUM_720_LONG_FLAT__ETHUSDT__2024__stress__trial_a5a8fb7d23e31a9c14e681c4/run_receipt.json,84d689b1c101e2018646b8b65f7a73d3d22381148be75e018177a31a4bb06010,experiments/runs/curated_breadth_screen_v1/060__CANDIDATE_H002_MOMENTUM_720_LONG_FLAT__ETHUSDT__2024__stress__trial_a5a8fb7d23e31a9c14e681c4/metrics.json,e2e689e08db321486f1a886f4a2e0a13a2a9d2dad93c34b3a7f2eab5ad6ce939
CURATED_BREADTH_SCREEN_V1,CANDIDATE_H002_MOMENTUM_720_LONG_FLAT,variant_f201cbb38819b1e09e763ac7,H002_momentum,existing-qntylab-strategies-v1,time_series_momentum,720,ETHUSDT,2025,2025-01-01T00:00:00Z,2025-12-31T23:00:00Z,baseline,10.0,0.0,trial_e3c362bbaf96d633da9cedc5,3584c161874dc3b8d8f9961901e5abaadebe32a1aaba6d321106b8ccb1f61187,8759,101,0.3789954337899543,0.9250472578340876,0.7398895600057807,-0.11655617326158696,0.8564457332673676,0.101,-0.2458962923709055,experiments/runs/curated_breadth_screen_v1/061__CANDIDATE_H002_MOMENTUM_720_LONG_FLAT__ETHUSDT__2025__baseline__trial_e3c362bbaf96d633da9cedc5/run_receipt.json,7c0e4b83d6e0b6914ecbefacdeccbfd59e7ad87a2e9f0365db3ef5fce2912e6e,experiments/runs/curated_breadth_screen_v1/061__CANDIDATE_H002_MOMENTUM_720_LONG_FLAT__ETHUSDT__2025__baseline__trial_e3c362bbaf96d633da9cedc5/metrics.json,6d92d18b5c01f1eb9ea53f9effe16f609c1f5d2bbdb5b253d7f931cbede649c6
CURATED_BREADTH_SCREEN_V1,CANDIDATE_H002_MOMENTUM_720_LONG_FLAT,variant_f201cbb38819b1e09e763ac7,H002_momentum,existing-qntylab-strategies-v1,time_series_momentum,720,ETHUSDT,2025,2025-01-01T00:00:00Z,2025-12-31T23:00:00Z,stress,10.0,10.0,trial_b4a7cf869b1af195678de9ac,3584c161874dc3b8d8f9961901e5abaadebe32a1aaba6d321106b8ccb1f61187,8759,101,0.3789954337899543,0.9250472578340876,0.5723815826248171,-0.11655617326158696,0.688937755886404,0.202,-0.2841654869615954,experiments/runs/curated_breadth_screen_v1/062__CANDIDATE_H002_MOMENTUM_720_LONG_FLAT__ETHUSDT__2025__stress__trial_b4a7cf869b1af195678de9ac/run_receipt.json,c2f2b5331f049197a5c6a915e9841dcc217b982807904ca6279201ab7421e98a,experiments/runs/curated_breadth_screen_v1/062__CANDIDATE_H002_MOMENTUM_720_LONG_FLAT__ETHUSDT__2025__stress__trial_b4a7cf869b1af195678de9ac/metrics.json,7af37dd1e50b95733bd3c28fc3727d5193f2b2ab56410792f93f77b8d35182c0
CURATED_BREADTH_SCREEN_V1,CANDIDATE_H002_MOMENTUM_720_LONG_FLAT,variant_f201cbb38819b1e09e763ac7,H002_momentum,existing-qntylab-strategies-v1,time_series_momentum,720,ETHUSDT,2026YTD,2026-01-01T00:00:00Z,2026-07-27T23:00:00Z,baseline,10.0,0.0,trial_522c0f291bc54c48da98f925,3584c161874dc3b8d8f9961901e5abaadebe32a1aaba6d321106b8ccb1f61187,4991,37,0.39863782051282054,0.16187646749339413,0.11968552202139304,-0.36488232471197823,0.4845678467333713,0.037,-0.17168854411116663,experiments/runs/curated_breadth_screen_v1/063__CANDIDATE_H002_MOMENTUM_720_LONG_FLAT__ETHUSDT__2026YTD__baseline__trial_522c0f291bc54c48da98f925/run_receipt.json,69a14dcef7d2f5b343a7133d9d659de9d67823de048d6e61f55e554a0c0ecbfe,experiments/runs/curated_breadth_screen_v1/063__CANDIDATE_H002_MOMENTUM_720_LONG_FLAT__ETHUSDT__2026YTD__baseline__trial_522c0f291bc54c48da98f925/metrics.json,0e79f80fac04e26623d01fe595999828d8334300a6bf20f2d51e045dd14739a4
CURATED_BREADTH_SCREEN_V1,CANDIDATE_H002_MOMENTUM_720_LONG_FLAT,variant_f201cbb38819b1e09e763ac7,H002_momentum,existing-qntylab-strategies-v1,time_series_momentum,720,ETHUSDT,2026YTD,2026-01-01T00:00:00Z,2026-07-27T23:00:00Z,stress,10.0,10.0,trial_4f909d121fc667e3a6b0273f,3584c161874dc3b8d8f9961901e5abaadebe32a1aaba6d321106b8ccb1f61187,4991,37,0.39863782051282054,0.16187646749339413,0.07898670794753015,-0.36488232471197823,0.4438690326595084,0.074,-0.17664757463832959,experiments/runs/curated_breadth_screen_v1/064__CANDIDATE_H002_MOMENTUM_720_LONG_FLAT__ETHUSDT__2026YTD__stress__trial_4f909d121fc667e3a6b0273f/run_receipt.json,0ebf374209ce7a6dec9c8dcebd23bbaeee7822e63f57eb93679dd6b59b23a090,experiments/runs/curated_breadth_screen_v1/064__CANDIDATE_H002_MOMENTUM_720_LONG_FLAT__ETHUSDT__2026YTD__stress__trial_4f909d121fc667e3a6b0273f/metrics.json,58ff81991a1ee561e80bb7be03a00f72747f0dfb7bf9a4253793098e03b67d9f
CURATED_BREADTH_SCREEN_V1,CANDIDATE_H002_MOMENTUM_720_LONG_FLAT,variant_f201cbb38819b1e09e763ac7,H002_momentum,existing-qntylab-strategies-v1,time_series_momentum,720,SOLUSDT,2022,2022-01-01T00:00:00Z,2022-12-31T23:00:00Z,baseline,10.0,0.0,trial_cdc87e49fec38426725f28f3,c431aa068acbfedf3cb0c38845dfac275044a9cf83367075b47d47f06974e99d,8759,106,0.2476027397260274,-0.16736030434465543,-0.25119422224932564,-0.9421626638821209,0.6909684416327952,0.106,-0.4411968352624053,experiments/runs/curated_breadth_screen_v1/065__CANDIDATE_H002_MOMENTUM_720_LONG_FLAT__SOLUSDT__2022__baseline__trial_cdc87e49fec38426725f28f3/run_receipt.json,732ef6f52d02eb2495b2d5f14eee4b20d13c6c6e7aab74649c3fa703439e62f3,experiments/runs/curated_breadth_screen_v1/065__CANDIDATE_H002_MOMENTUM_720_LONG_FLAT__SOLUSDT__2022__baseline__trial_cdc87e49fec38426725f28f3/metrics.json,b8e66232153077d48f1719255eac90eba3f857c4b3339721974c41e5ed30ec44
CURATED_BREADTH_SCREEN_V1,CANDIDATE_H002_MOMENTUM_720_LONG_FLAT,variant_f201cbb38819b1e09e763ac7,H002_momentum,existing-qntylab-strategies-v1,time_series_momentum,720,SOLUSDT,2022,2022-01-01T00:00:00Z,2022-12-31T23:00:00Z,stress,10.0,10.0,trial_1b73eb315ad397fb21cdb810,c431aa068acbfedf3cb0c38845dfac275044a9cf83367075b47d47f06974e99d,8759,106,0.2476027397260274,-0.16736030434465543,-0.3266589779925434,-0.9421626638821209,0.6155036858895775,0.212,-0.4835504972745307,experiments/runs/curated_breadth_screen_v1/066__CANDIDATE_H002_MOMENTUM_720_LONG_FLAT__SOLUSDT__2022__stress__trial_1b73eb315ad397fb21cdb810/run_receipt.json,8394ce7de45ddfab9973d8c29cf95813b4627e8303c5a9a3b6d068309739ca02,experiments/runs/curated_breadth_screen_v1/066__CANDIDATE_H002_MOMENTUM_720_LONG_FLAT__SOLUSDT__2022__stress__trial_1b73eb315ad397fb21cdb810/metrics.json,fe4458add8b29b0222bc3bfb2fd94b9d7645d287ad77b83bba7188959ab11438
CURATED_BREADTH_SCREEN_V1,CANDIDATE_H002_MOMENTUM_720_LONG_FLAT,variant_f201cbb38819b1e09e763ac7,H002_momentum,existing-qntylab-strategies-v1,time_series_momentum,720,SOLUSDT,2024,2024-01-01T00:00:00Z,2024-12-31T23:00:00Z,baseline,10.0,0.0,trial_4c37e60386571732b73a1526,c431aa068acbfedf3cb0c38845dfac275044a9cf83367075b47d47f06974e99d,8783,64,0.5790072859744991,0.4906272888668879,0.3982052761551669,0.856708513142409,-0.45850323698724216,0.064,-0.5186346317408841,experiments/runs/curated_breadth_screen_v1/067__CANDIDATE_H002_MOMENTUM_720_LONG_FLAT__SOLUSDT__2024__baseline__trial_4c37e60386571732b73a1526/run_receipt.json,a47fb3126510067b8e6d5bceacae1e2f11749d78fbbc8509a412fdd08464c303,experiments/runs/curated_breadth_screen_v1/067__CANDIDATE_H002_MOMENTUM_720_LONG_FLAT__SOLUSDT__2024__baseline__trial_4c37e60386571732b73a1526/metrics.json,ea1a1e53b6924e504f7284a7ddc17444461419fa7dc57609e7244651cb07c903
CURATED_BREADTH_SCREEN_V1,CANDIDATE_H002_MOMENTUM_720_LONG_FLAT,variant_f201cbb38819b1e09e763ac7,H002_momentum,existing-qntylab-strategies-v1,time_series_momentum,720,SOLUSDT,2024,2024-01-01T00:00:00Z,2024-12-31T23:00:00Z,stress,10.0,10.0,trial_5942a69a316f26302deaca94,c431aa068acbfedf3cb0c38845dfac275044a9cf83367075b47d47f06974e99d,8783,64,0.5790072859744991,0.4906272888668879,0.31142958113571284,0.856708513142409,-0.5452789320066962,0.128,-0.5338042795546782,experiments/runs/curated_breadth_screen_v1/068__CANDIDATE_H002_MOMENTUM_720_LONG_FLAT__SOLUSDT__2024__stress__trial_5942a69a316f26302deaca94/run_receipt.json,f26fc2ad17c14bd44b4f03910f8e8807df724d918e7a16a47bb5fd498f9f1f93,experiments/runs/curated_breadth_screen_v1/068__CANDIDATE_H002_MOMENTUM_720_LONG_FLAT__SOLUSDT__2024__stress__trial_5942a69a316f26302deaca94/metrics.json,84d5ed6d1eed851bd0f15577210b08cc9da59f539c498c6e9e3cb4442e94c9cb
CURATED_BREADTH_SCREEN_V1,CANDIDATE_H002_MOMENTUM_720_LONG_FLAT,variant_f201cbb38819b1e09e763ac7,H002_momentum,existing-qntylab-strategies-v1,time_series_momentum,720,SOLUSDT,2025,2025-01-01T00:00:00Z,2025-12-31T23:00:00Z,baseline,10.0,0.0,trial_c08ffb9b565be5892529b4ca,c431aa068acbfedf3cb0c38845dfac275044a9cf83367075b47d47f06974e99d,8759,138,0.41643835616438357,-0.1109732814725346,-0.22559849540273025,-0.3526020567154876,0.12700356131275736,0.13799999999999998,-0.31981253382558894,experiments/runs/curated_breadth_screen_v1/069__CANDIDATE_H002_MOMENTUM_720_LONG_FLAT__SOLUSDT__2025__baseline__trial_c08ffb9b565be5892529b4ca/run_receipt.json,5bb994ed1f5c919182922b3e79499d406ff790b0162cc45dfc0943dac13f9921,experiments/runs/curated_breadth_screen_v1/069__CANDIDATE_H002_MOMENTUM_720_LONG_FLAT__SOLUSDT__2025__baseline__trial_c08ffb9b565be5892529b4ca/metrics.json,09d5b1c8d6bd8367ead48764594b6def243b9d96b522e1d91d3b38cac3e8d64f
CURATED_BREADTH_SCREEN_V1,CANDIDATE_H002_MOMENTUM_720_LONG_FLAT,variant_f201cbb38819b1e09e763ac7,H002_momentum,existing-qntylab-strategies-v1,time_series_momentum,720,SOLUSDT,2025,2025-01-01T00:00:00Z,2025-12-31T23:00:00Z,stress,10.0,10.0,trial_6cabd77c880e029fc66943b5,c431aa068acbfedf3cb0c38845dfac275044a9cf83367075b47d47f06974e99d,8759,138,0.41643835616438357,-0.1109732814725346,-0.32553792189533515,-0.3526020567154876,0.027064134820152463,0.27599999999999997,-0.36891973379408316,experiments/runs/curated_breadth_screen_v1/070__CANDIDATE_H002_MOMENTUM_720_LONG_FLAT__SOLUSDT__2025__stress__trial_6cabd77c880e029fc66943b5/run_receipt.json,e9e1fd324652aae515c48d957e5f825d3454565bffce067725669dfc247b4147,experiments/runs/curated_breadth_screen_v1/070__CANDIDATE_H002_MOMENTUM_720_LONG_FLAT__SOLUSDT__2025__stress__trial_6cabd77c880e029fc66943b5/metrics.json,350a7c0ba9fd5abaa9fa14dc999fce3a6e3c4fc69d114f36f51be5223174a308
CURATED_BREADTH_SCREEN_V1,CANDIDATE_H002_MOMENTUM_720_LONG_FLAT,variant_f201cbb38819b1e09e763ac7,H002_momentum,existing-qntylab-strategies-v1,time_series_momentum,720,SOLUSDT,2026YTD,2026-01-01T00:00:00Z,2026-07-27T23:00:00Z,baseline,10.0,0.0,trial_af14e5b501bc286038a33d41,c431aa068acbfedf3cb0c38845dfac275044a9cf83367075b47d47f06974e99d,4991,87,0.3223157051282051,-0.18259617788978644,-0.25076327605525306,-0.4071114662405114,0.15634819018525836,0.087,-0.31273803380919174,experiments/runs/curated_breadth_screen_v1/071__CANDIDATE_H002_MOMENTUM_720_LONG_FLAT__SOLUSDT__2026YTD__baseline__trial_af14e5b501bc286038a33d41/run_receipt.json,dfd47e59ac677e876e8a8ce039d2645accdb0555aa096ed8612e8af6ba55226c,experiments/runs/curated_breadth_screen_v1/071__CANDIDATE_H002_MOMENTUM_720_LONG_FLAT__SOLUSDT__2026YTD__baseline__trial_af14e5b501bc286038a33d41/metrics.json,c5effacebd81d380bc9115972fa1616eef3e454af9ff4833d8b11d3ae3b94248
CURATED_BREADTH_SCREEN_V1,CANDIDATE_H002_MOMENTUM_720_LONG_FLAT,variant_f201cbb38819b1e09e763ac7,H002_momentum,existing-qntylab-strategies-v1,time_series_momentum,720,SOLUSDT,2026YTD,2026-01-01T00:00:00Z,2026-07-27T23:00:00Z,stress,10.0,10.0,trial_25cc3e58651cd7e7746867d8,c431aa068acbfedf3cb0c38845dfac275044a9cf83367075b47d47f06974e99d,4991,87,0.3223157051282051,-0.18259617788978644,-0.31330551672545215,-0.4071114662405114,0.09380594951505927,0.174,-0.36056656142092813,experiments/runs/curated_breadth_screen_v1/072__CANDIDATE_H002_MOMENTUM_720_LONG_FLAT__SOLUSDT__2026YTD__stress__trial_25cc3e58651cd7e7746867d8/run_receipt.json,d4539689dd305b19e992a746d2bb23000863b4393265c988f74ec7a04f26711c,experiments/runs/curated_breadth_screen_v1/072__CANDIDATE_H002_MOMENTUM_720_LONG_FLAT__SOLUSDT__2026YTD__stress__trial_25cc3e58651cd7e7746867d8/metrics.json,5d739d5887b5656698ce8a0274f24b29cae61b547fc851adae660e8b05953dc7
CURATED_BREADTH_SCREEN_V1,CANDIDATE_H003_MA_12_48_LONG_FLAT,variant_546746242433ddc20c85b34e,H003_moving_average,existing-qntylab-strategies-v1,moving_average_trend,12/48,BTCUSDT,2022,2022-01-01T00:00:00Z,2022-12-31T23:00:00Z,baseline,10.0,0.0,trial_9433062bbc02977a9ea1c294,6dcc8c6293f24e2e91957b286a96d9b87fd646e4b57c846495bd41d1aa225b65,8759,245,0.4482876712328767,-0.37291698469117696,-0.5092619506991867,-0.645439945404816,0.1361779947056293,0.245,-0.5101056042609137,experiments/runs/curated_breadth_screen_v1/073__CANDIDATE_H003_MA_12_48_LONG_FLAT__BTCUSDT__2022__baseline__trial_9433062bbc02977a9ea1c294/run_receipt.json,b04012ce94a9ebab7d68f3984d984cb858ae5b23b07b3f8ba16e9356a9e6e434,experiments/runs/curated_breadth_screen_v1/073__CANDIDATE_H003_MA_12_48_LONG_FLAT__BTCUSDT__2022__baseline__trial_9433062bbc02977a9ea1c294/metrics.json,9fd82f38f07026142e16f5dd3f13fdd5a8d8d57f9de90ab0af3dccabbbfec4e6
CURATED_BREADTH_SCREEN_V1,CANDIDATE_H003_MA_12_48_LONG_FLAT,variant_546746242433ddc20c85b34e,H003_moving_average,existing-qntylab-strategies-v1,moving_average_trend,12/48,BTCUSDT,2022,2022-01-01T00:00:00Z,2022-12-31T23:00:00Z,stress,10.0,10.0,trial_497c32b4cf2b49d7f1a2b411,6dcc8c6293f24e2e91957b286a96d9b87fd646e4b57c846495bd41d1aa225b65,8759,245,0.4482876712328767,-0.37291698469117696,-0.6160561027232697,-0.645439945404816,0.029383842681546257,0.49,-0.6165571998278134,experiments/runs/curated_breadth_screen_v1/074__CANDIDATE_H003_MA_12_48_LONG_FLAT__BTCUSDT__2022__stress__trial_497c32b4cf2b49d7f1a2b411/run_receipt.json,c326d105ee83be5217ec169982b87d21492452a3613a34909a8d4e08b290d668,experiments/runs/curated_breadth_screen_v1/074__CANDIDATE_H003_MA_12_48_LONG_FLAT__BTCUSDT__2022__stress__trial_497c32b4cf2b49d7f1a2b411/metrics.json,c57be79a0180d39980ab4e64fb5ee601e33e0395a22b8ac6af68ac9abb15d8ef
CURATED_BREADTH_SCREEN_V1,CANDIDATE_H003_MA_12_48_LONG_FLAT,variant_546746242433ddc20c85b34e,H003_moving_average,existing-qntylab-strategies-v1,moving_average_trend,12/48,BTCUSDT,2024,2024-01-01T00:00:00Z,2024-12-31T23:00:00Z,baseline,10.0,0.0,trial_0ee4cb06c0704039c739230b,6dcc8c6293f24e2e91957b286a96d9b87fd646e4b57c846495bd41d1aa225b65,8783,227,0.5478142076502732,0.5831528570691871,0.26145931074301765,1.2030722376312029,-0.9416129268881852,0.22700000000000004,-0.3162525329144943,experiments/runs/curated_breadth_screen_v1/075__CANDIDATE_H003_MA_12_48_LONG_FLAT__BTCUSDT__2024__baseline__trial_0ee4cb06c0704039c739230b/run_receipt.json,8746394a9811c485272be9a1d087f24aa6ebe8b76fc3f890b767cbf1822a222f,experiments/runs/curated_breadth_screen_v1/075__CANDIDATE_H003_MA_12_48_LONG_FLAT__BTCUSDT__2024__baseline__trial_0ee4cb06c0704039c739230b/metrics.json,aeb41db014c11702478893991e43a59f5c4eb208a6245035c6723b4ef547ce2e
CURATED_BREADTH_SCREEN_V1,CANDIDATE_H003_MA_12_48_LONG_FLAT,variant_546746242433ddc20c85b34e,H003_moving_average,existing-qntylab-strategies-v1,moving_average_trend,12/48,BTCUSDT,2024,2024-01-01T00:00:00Z,2024-12-31T23:00:00Z,stress,10.0,10.0,trial_0f6e104f688d5a3caac36151,6dcc8c6293f24e2e91957b286a96d9b87fd646e4b57c846495bd41d1aa225b65,8783,227,0.5478142076502732,0.5831528570691871,0.004904588974033786,1.2030722376312029,-1.198167648657169,0.45400000000000007,-0.3854583958918817,experiments/runs/curated_breadth_screen_v1/076__CANDIDATE_H003_MA_12_48_LONG_FLAT__BTCUSDT__2024__stress__trial_0f6e104f688d5a3caac36151/run_receipt.json,19524b1d73148337b15976d1fbe298ab9f453ec4d9ba0160b6b43fa1d4c0bea9,experiments/runs/curated_breadth_screen_v1/076__CANDIDATE_H003_MA_12_48_LONG_FLAT__BTCUSDT__2024__stress__trial_0f6e104f688d5a3caac36151/metrics.json,328e5b62c99994641cff91c2e50b7b9110b0fcf7bbcc5ebffd2bb64a08c4cd52
CURATED_BREADTH_SCREEN_V1,CANDIDATE_H003_MA_12_48_LONG_FLAT,variant_546746242433ddc20c85b34e,H003_moving_average,existing-qntylab-strategies-v1,moving_average_trend,12/48,BTCUSDT,2025,2025-01-01T00:00:00Z,2025-12-31T23:00:00Z,baseline,10.0,0.0,trial_fba6670401372022848cd340,6dcc8c6293f24e2e91957b286a96d9b87fd646e4b57c846495bd41d1aa225b65,8759,226,0.5157534246575343,-0.3450188926315868,-0.47763633405145756,-0.07153430562385155,-0.406102028427606,0.22600000000000003,-0.5135090250072926,experiments/runs/curated_breadth_screen_v1/077__CANDIDATE_H003_MA_12_48_LONG_FLAT__BTCUSDT__2025__baseline__trial_fba6670401372022848cd340/run_receipt.json,a482cd1e725d97140c991d29f684bc3b963b835542e61507271a441d55daa1b7,experiments/runs/curated_breadth_screen_v1/077__CANDIDATE_H003_MA_12_48_LONG_FLAT__BTCUSDT__2025__baseline__trial_fba6670401372022848cd340/metrics.json,eea0f7442c3f807f19b31259a2515822a4b669c53d7ae12c0646f2c3ad8a6d8e
CURATED_BREADTH_SCREEN_V1,CANDIDATE_H003_MA_12_48_LONG_FLAT,variant_546746242433ddc20c85b34e,H003_moving_average,existing-qntylab-strategies-v1,moving_average_trend,12/48,BTCUSDT,2025,2025-01-01T00:00:00Z,2025-12-31T23:00:00Z,stress,10.0,10.0,trial_561b805b5dc6bcc480c7e0a9,6dcc8c6293f24e2e91957b286a96d9b87fd646e4b57c846495bd41d1aa225b65,8759,226,0.5157534246575343,-0.3450188926315868,-0.5834964694231519,-0.07153430562385155,-0.5119621637993004,0.45200000000000007,-0.6085035417233219,experiments/runs/curated_breadth_screen_v1/078__CANDIDATE_H003_MA_12_48_LONG_FLAT__BTCUSDT__2025__stress__trial_561b805b5dc6bcc480c7e0a9/run_receipt.json,b424aa1de3bea647419021ff0ba80c89beb592bed46ca47b48c7e78a5af10700,experiments/runs/curated_breadth_screen_v1/078__CANDIDATE_H003_MA_12_48_LONG_FLAT__BTCUSDT__2025__stress__trial_561b805b5dc6bcc480c7e0a9/metrics.json,20e8823c5957f62a6c35c013e900ba8278d6136c262360ab49fd0adf115befe4
CURATED_BREADTH_SCREEN_V1,CANDIDATE_H003_MA_12_48_LONG_FLAT,variant_546746242433ddc20c85b34e,H003_moving_average,existing-qntylab-strategies-v1,moving_average_trend,12/48,BTCUSDT,2026YTD,2026-01-01T00:00:00Z,2026-07-27T23:00:00Z,baseline,10.0,0.0,trial_2597080345985a83dffd3251,6dcc8c6293f24e2e91957b286a96d9b87fd646e4b57c846495bd41d1aa225b65,4991,117,0.49499198717948717,0.03032922869153265,-0.08342011692205731,-0.27392758141712437,0.19050746449506706,0.11700000000000002,-0.16633127821737648,experiments/runs/curated_breadth_screen_v1/079__CANDIDATE_H003_MA_12_48_LONG_FLAT__BTCUSDT__2026YTD__baseline__trial_2597080345985a83dffd3251/run_receipt.json,20ed9fffd1fb3d24ba9ec68adfa2ecff10982b42afd166461cfc2457eeff5dd3,experiments/runs/curated_breadth_screen_v1/079__CANDIDATE_H003_MA_12_48_LONG_FLAT__BTCUSDT__2026YTD__baseline__trial_2597080345985a83dffd3251/metrics.json,c27cdebd64127ad2eb3430b13f07fdfdac03c1645d0843395db37aeecc0b12a1
CURATED_BREADTH_SCREEN_V1,CANDIDATE_H003_MA_12_48_LONG_FLAT,variant_546746242433ddc20c85b34e,H003_moving_average,existing-qntylab-strategies-v1,moving_average_trend,12/48,BTCUSDT,2026YTD,2026-01-01T00:00:00Z,2026-07-27T23:00:00Z,stress,10.0,10.0,trial_63650cc0cfd1d44a240e5002,6dcc8c6293f24e2e91957b286a96d9b87fd646e4b57c846495bd41d1aa225b65,4991,117,0.49499198717948717,0.03032922869153265,-0.18470689091690795,-0.27392758141712437,0.08922069050021642,0.23400000000000004,-0.2480377374198559,experiments/runs/curated_breadth_screen_v1/080__CANDIDATE_H003_MA_12_48_LONG_FLAT__BTCUSDT__2026YTD__stress__trial_63650cc0cfd1d44a240e5002/run_receipt.json,5049ace140a691f2e19dfb32e3d1af90e6dc8178a335fd828366d045671cfda7,experiments/runs/curated_breadth_screen_v1/080__CANDIDATE_H003_MA_12_48_LONG_FLAT__BTCUSDT__2026YTD__stress__trial_63650cc0cfd1d44a240e5002/metrics.json,b855035b8fea4954dd21e5659c9024ab6fb4a4a117e3d7151174d859c2c8dc64
CURATED_BREADTH_SCREEN_V1,CANDIDATE_H003_MA_12_48_LONG_FLAT,variant_546746242433ddc20c85b34e,H003_moving_average,existing-qntylab-strategies-v1,moving_average_trend,12/48,ETHUSDT,2022,2022-01-01T00:00:00Z,2022-12-31T23:00:00Z,baseline,10.0,0.0,trial_ddaeb38ae8582044367477e6,3584c161874dc3b8d8f9961901e5abaadebe32a1aaba6d321106b8ccb1f61187,8759,243,0.4712328767123288,-0.3074285394330529,-0.45699587849602985,-0.6787222269972926,0.22172634850126272,0.243,-0.6113481800284462,experiments/runs/curated_breadth_screen_v1/081__CANDIDATE_H003_MA_12_48_LONG_FLAT__ETHUSDT__2022__baseline__trial_ddaeb38ae8582044367477e6/run_receipt.json,74fd8411c7a01f2a5cb63953907e4e21beeea66e76d1a4211480a03e8d2a82ca,experiments/runs/curated_breadth_screen_v1/081__CANDIDATE_H003_MA_12_48_LONG_FLAT__ETHUSDT__2022__baseline__trial_ddaeb38ae8582044367477e6/metrics.json,713607d7d2076068bd7a789cadc45ec7f31003a9e04ac7847bff3702d59d037e
CURATED_BREADTH_SCREEN_V1,CANDIDATE_H003_MA_12_48_LONG_FLAT,variant_546746242433ddc20c85b34e,H003_moving_average,existing-qntylab-strategies-v1,moving_average_trend,12/48,ETHUSDT,2022,2022-01-01T00:00:00Z,2022-12-31T23:00:00Z,stress,10.0,10.0,trial_02af759bb15382fe787d6f27,3584c161874dc3b8d8f9961901e5abaadebe32a1aaba6d321106b8ccb1f61187,8759,243,0.4712328767123288,-0.3074285394330529,-0.5743665422375236,-0.6787222269972926,0.10435568475976897,0.486,-0.6512343281929605,experiments/runs/curated_breadth_screen_v1/082__CANDIDATE_H003_MA_12_48_LONG_FLAT__ETHUSDT__2022__stress__trial_02af759bb15382fe787d6f27/run_receipt.json,879b2e3f542d8d7b5f1015d24b4deed16185f478084cf27722dc1bc43ea7e180,experiments/runs/curated_breadth_screen_v1/082__CANDIDATE_H003_MA_12_48_LONG_FLAT__ETHUSDT__2022__stress__trial_02af759bb15382fe787d6f27/metrics.json,0479124c5168412c7734cc91dcf1ac628f204d0730c95667ad97401fff15208c
CURATED_BREADTH_SCREEN_V1,CANDIDATE_H003_MA_12_48_LONG_FLAT,variant_546746242433ddc20c85b34e,H003_moving_average,existing-qntylab-strategies-v1,moving_average_trend,12/48,ETHUSDT,2024,2024-01-01T00:00:00Z,2024-12-31T23:00:00Z,baseline,10.0,0.0,trial_6bfd0fb4c65cf2c3852c8fb5,3584c161874dc3b8d8f9961901e5abaadebe32a1aaba6d321106b8ccb1f61187,8783,237,0.526183970856102,0.7515331561600036,0.381800277396382,0.45404724875953484,-0.07224697136315283,0.237,-0.36465329266050506,experiments/runs/curated_breadth_screen_v1/083__CANDIDATE_H003_MA_12_48_LONG_FLAT__ETHUSDT__2024__baseline__trial_6bfd0fb4c65cf2c3852c8fb5/run_receipt.json,9317d12889a48813413b45eb9f94894f75033273764aef1bb55e7c1721dda914,experiments/runs/curated_breadth_screen_v1/083__CANDIDATE_H003_MA_12_48_LONG_FLAT__ETHUSDT__2024__baseline__trial_6bfd0fb4c65cf2c3852c8fb5/metrics.json,c519fee00e85bbd6718a54a7130924e6a929059685d17b3394222f1f1ceafb1d
CURATED_BREADTH_SCREEN_V1,CANDIDATE_H003_MA_12_48_LONG_FLAT,variant_546746242433ddc20c85b34e,H003_moving_average,existing-qntylab-strategies-v1,moving_average_trend,12/48,ETHUSDT,2024,2024-01-01T00:00:00Z,2024-12-31T23:00:00Z,stress,10.0,10.0,trial_f9b4566acbf00847f3f34f01,3584c161874dc3b8d8f9961901e5abaadebe32a1aaba6d321106b8ccb1f61187,8783,237,0.526183970856102,0.7515331561600036,0.08985586330915019,0.45404724875953484,-0.36419138545038465,0.474,-0.4428401210220263,experiments/runs/curated_breadth_screen_v1/084__CANDIDATE_H003_MA_12_48_LONG_FLAT__ETHUSDT__2024__stress__trial_f9b4566acbf00847f3f34f01/run_receipt.json,dd6aab9a1b8c59859b4053959fc05a7877d628ae78cca2333068b1c94141b013,experiments/runs/curated_breadth_screen_v1/084__CANDIDATE_H003_MA_12_48_LONG_FLAT__ETHUSDT__2024__stress__trial_f9b4566acbf00847f3f34f01/metrics.json,1ccf914a0c9a16db755d894209b989d3a837a7bf652642adec646f4d97c8743e
CURATED_BREADTH_SCREEN_V1,CANDIDATE_H003_MA_12_48_LONG_FLAT,variant_546746242433ddc20c85b34e,H003_moving_average,existing-qntylab-strategies-v1,moving_average_trend,12/48,ETHUSDT,2025,2025-01-01T00:00:00Z,2025-12-31T23:00:00Z,baseline,10.0,0.0,trial_7f00dc9b76c06c4922313a1d,3584c161874dc3b8d8f9961901e5abaadebe32a1aaba6d321106b8ccb1f61187,8759,235,0.5047945205479452,-0.06676596402442203,-0.26231812054742065,-0.11655617326158696,-0.1457619472858337,0.23500000000000001,-0.49591367692049937,experiments/runs/curated_breadth_screen_v1/085__CANDIDATE_H003_MA_12_48_LONG_FLAT__ETHUSDT__2025__baseline__trial_7f00dc9b76c06c4922313a1d/run_receipt.json,a39231ff179f18c2dc498a5acdb66338abd1130cc326e782144fd08a6d6712c1,experiments/runs/curated_breadth_screen_v1/085__CANDIDATE_H003_MA_12_48_LONG_FLAT__ETHUSDT__2025__baseline__trial_7f00dc9b76c06c4922313a1d/metrics.json,4808c62843008db86a693ceca72b887beedc13c183192ba284d3754296c32938
CURATED_BREADTH_SCREEN_V1,CANDIDATE_H003_MA_12_48_LONG_FLAT,variant_546746242433ddc20c85b34e,H003_moving_average,existing-qntylab-strategies-v1,moving_average_trend,12/48,ETHUSDT,2025,2025-01-01T00:00:00Z,2025-12-31T23:00:00Z,stress,10.0,10.0,trial_ac1fef111b6aa8833980247b,3584c161874dc3b8d8f9961901e5abaadebe32a1aaba6d321106b8ccb1f61187,8759,235,0.5047945205479452,-0.06676596402442203,-0.41703112210214,-0.11655617326158696,-0.30047494884055304,0.47000000000000003,-0.5393756792522642,experiments/runs/curated_breadth_screen_v1/086__CANDIDATE_H003_MA_12_48_LONG_FLAT__ETHUSDT__2025__stress__trial_ac1fef111b6aa8833980247b/run_receipt.json,248f2989ff3beadfe963f74d9b63d44a5c773720cd8f76f703d5f0d2a4fbbf0e,experiments/runs/curated_breadth_screen_v1/086__CANDIDATE_H003_MA_12_48_LONG_FLAT__ETHUSDT__2025__stress__trial_ac1fef111b6aa8833980247b/metrics.json,960678a9fa1278f410b837c0b820b40eba4c3a6e177fddb12fde3a8bedeab44d
CURATED_BREADTH_SCREEN_V1,CANDIDATE_H003_MA_12_48_LONG_FLAT,variant_546746242433ddc20c85b34e,H003_moving_average,existing-qntylab-strategies-v1,moving_average_trend,12/48,ETHUSDT,2026YTD,2026-01-01T00:00:00Z,2026-07-27T23:00:00Z,baseline,10.0,0.0,trial_3a9c4d2c08a438dc7093edd4,3584c161874dc3b8d8f9961901e5abaadebe32a1aaba6d321106b8ccb1f61187,4991,123,0.48497596153846156,-0.1777088976438177,-0.2729549744443923,-0.36488232471197823,0.09192735026758592,0.123,-0.38512782524429723,experiments/runs/curated_breadth_screen_v1/087__CANDIDATE_H003_MA_12_48_LONG_FLAT__ETHUSDT__2026YTD__baseline__trial_3a9c4d2c08a438dc7093edd4/run_receipt.json,0704fe8b0987b157c5ba37bb55cb668dc80f9a39c07e4a744c52ae2859dbb7a1,experiments/runs/curated_breadth_screen_v1/087__CANDIDATE_H003_MA_12_48_LONG_FLAT__ETHUSDT__2026YTD__baseline__trial_3a9c4d2c08a438dc7093edd4/metrics.json,75d9059d81e2180759fa5095eb432dad2cf4779434e003b3cbd536cc13a109b9
CURATED_BREADTH_SCREEN_V1,CANDIDATE_H003_MA_12_48_LONG_FLAT,variant_546746242433ddc20c85b34e,H003_moving_average,existing-qntylab-strategies-v1,moving_average_trend,12/48,ETHUSDT,2026YTD,2026-01-01T00:00:00Z,2026-07-27T23:00:00Z,stress,10.0,10.0,trial_5fb87955b33280aaf9a926f5,3584c161874dc3b8d8f9961901e5abaadebe32a1aaba6d321106b8ccb1f61187,4991,123,0.48497596153846156,-0.1777088976438177,-0.3572479673083425,-0.36488232471197823,0.0076343574036357165,0.246,-0.4459624171056965,experiments/runs/curated_breadth_screen_v1/088__CANDIDATE_H003_MA_12_48_LONG_FLAT__ETHUSDT__2026YTD__stress__trial_5fb87955b33280aaf9a926f5/run_receipt.json,a89d60b6dcffdc0817529d962cbfe95ecd7435dc59ad44130c81b1278cc16e0f,experiments/runs/curated_breadth_screen_v1/088__CANDIDATE_H003_MA_12_48_LONG_FLAT__ETHUSDT__2026YTD__stress__trial_5fb87955b33280aaf9a926f5/metrics.json,52f72b780f47cf876fc7bdef2ce9354b250c522341869fcd8b299c62c3a39ec5
CURATED_BREADTH_SCREEN_V1,CANDIDATE_H003_MA_12_48_LONG_FLAT,variant_546746242433ddc20c85b34e,H003_moving_average,existing-qntylab-strategies-v1,moving_average_trend,12/48,SOLUSDT,2022,2022-01-01T00:00:00Z,2022-12-31T23:00:00Z,baseline,10.0,0.0,trial_90c842ca3d4714ebebd5f34c,c431aa068acbfedf3cb0c38845dfac275044a9cf83367075b47d47f06974e99d,8759,223,0.4263698630136986,-0.49458543631342067,-0.5955553478708463,-0.9421626638821209,0.3466073160112746,0.22300000000000003,-0.651489803060701,experiments/runs/curated_breadth_screen_v1/089__CANDIDATE_H003_MA_12_48_LONG_FLAT__SOLUSDT__2022__baseline__trial_90c842ca3d4714ebebd5f34c/run_receipt.json,fcaac518a5aba3521aeef2fcb4e8948d0ebe97d4df51b239898355e02cbdeeaa,experiments/runs/curated_breadth_screen_v1/089__CANDIDATE_H003_MA_12_48_LONG_FLAT__SOLUSDT__2022__baseline__trial_90c842ca3d4714ebebd5f34c/metrics.json,57af74584e9d5ca33b98bebb8148e6382bae69228406084897ecf69e213d7b05
CURATED_BREADTH_SCREEN_V1,CANDIDATE_H003_MA_12_48_LONG_FLAT,variant_546746242433ddc20c85b34e,H003_moving_average,existing-qntylab-strategies-v1,moving_average_trend,12/48,SOLUSDT,2022,2022-01-01T00:00:00Z,2022-12-31T23:00:00Z,stress,10.0,10.0,trial_9977b65c21401639520e8123,c431aa068acbfedf3cb0c38845dfac275044a9cf83367075b47d47f06974e99d,8759,223,0.4263698630136986,-0.49458543631342067,-0.6764260058022658,-0.9421626638821209,0.26573665807985514,0.44600000000000006,-0.7051147315480768,experiments/runs/curated_breadth_screen_v1/090__CANDIDATE_H003_MA_12_48_LONG_FLAT__SOLUSDT__2022__stress__trial_9977b65c21401639520e8123/run_receipt.json,c0e22453244456ccaad7309d6bfaafa2cca671651f773853ca7ea14e5e9a227d,experiments/runs/curated_breadth_screen_v1/090__CANDIDATE_H003_MA_12_48_LONG_FLAT__SOLUSDT__2022__stress__trial_9977b65c21401639520e8123/metrics.json,26436663ba34da0ba1ec7756810619a9a7044333e69361886ef356f695f99661
CURATED_BREADTH_SCREEN_V1,CANDIDATE_H003_MA_12_48_LONG_FLAT,variant_546746242433ddc20c85b34e,H003_moving_average,existing-qntylab-strategies-v1,moving_average_trend,12/48,SOLUSDT,2024,2024-01-01T00:00:00Z,2024-12-31T23:00:00Z,baseline,10.0,0.0,trial_a73330ab65686d8b56de3613,c431aa068acbfedf3cb0c38845dfac275044a9cf83367075b47d47f06974e99d,8783,209,0.520264116575592,0.6708565002394673,0.3554837219576732,0.856708513142409,-0.5012247911847358,0.20900000000000002,-0.4212728814769603,experiments/runs/curated_breadth_screen_v1/091__CANDIDATE_H003_MA_12_48_LONG_FLAT__SOLUSDT__2024__baseline__trial_a73330ab65686d8b56de3613/run_receipt.json,556253c8682f02b36f805101ec5f5ec44682c963945acf5b92872eec7de5066e,experiments/runs/curated_breadth_screen_v1/091__CANDIDATE_H003_MA_12_48_LONG_FLAT__SOLUSDT__2024__baseline__trial_a73330ab65686d8b56de3613/metrics.json,381e4f435184659f63b210ea48a789a6266a2006574a863b34c03cb8e4af8d5c
CURATED_BREADTH_SCREEN_V1,CANDIDATE_H003_MA_12_48_LONG_FLAT,variant_546746242433ddc20c85b34e,H003_moving_average,existing-qntylab-strategies-v1,moving_average_trend,12/48,SOLUSDT,2024,2024-01-01T00:00:00Z,2024-12-31T23:00:00Z,stress,10.0,10.0,trial_a3ed7c9cbd8bc96a911aac46,c431aa068acbfedf3cb0c38845dfac275044a9cf83367075b47d47f06974e99d,8783,209,0.520264116575592,0.6708565002394673,0.09940686223444906,0.856708513142409,-0.75730165090796,0.41800000000000004,-0.46087426319880986,experiments/runs/curated_breadth_screen_v1/092__CANDIDATE_H003_MA_12_48_LONG_FLAT__SOLUSDT__2024__stress__trial_a3ed7c9cbd8bc96a911aac46/run_receipt.json,58498ec0aa1349f81983ddbba1d87abea431dabb2bfac89567cbc6cf1e1ad57b,experiments/runs/curated_breadth_screen_v1/092__CANDIDATE_H003_MA_12_48_LONG_FLAT__SOLUSDT__2024__stress__trial_a3ed7c9cbd8bc96a911aac46/metrics.json,f0f22838adfe22787ccfe28fa4816412ec35bf5258c0eef0815809672f4073c2
CURATED_BREADTH_SCREEN_V1,CANDIDATE_H003_MA_12_48_LONG_FLAT,variant_546746242433ddc20c85b34e,H003_moving_average,existing-qntylab-strategies-v1,moving_average_trend,12/48,SOLUSDT,2025,2025-01-01T00:00:00Z,2025-12-31T23:00:00Z,baseline,10.0,0.0,trial_df9d43eb75a17ba0a2e3ebca,c431aa068acbfedf3cb0c38845dfac275044a9cf83367075b47d47f06974e99d,8759,235,0.48299086757990867,-0.5796378531251226,-0.6677585575367926,-0.3526020567154876,-0.315156500821305,0.23500000000000001,-0.7700288034082436,experiments/runs/curated_breadth_screen_v1/093__CANDIDATE_H003_MA_12_48_LONG_FLAT__SOLUSDT__2025__baseline__trial_df9d43eb75a17ba0a2e3ebca/run_receipt.json,5d4d89099c8fa110d9dcb2dc0bb690470346344c45fbd8297619a251757c66fb,experiments/runs/curated_breadth_screen_v1/093__CANDIDATE_H003_MA_12_48_LONG_FLAT__SOLUSDT__2025__baseline__trial_df9d43eb75a17ba0a2e3ebca/metrics.json,6f336860dfd55efba278f3ede839149afd26caad1a68325476c604cdc92681f5
CURATED_BREADTH_SCREEN_V1,CANDIDATE_H003_MA_12_48_LONG_FLAT,variant_546746242433ddc20c85b34e,H003_moving_average,existing-qntylab-strategies-v1,moving_average_trend,12/48,SOLUSDT,2025,2025-01-01T00:00:00Z,2025-12-31T23:00:00Z,stress,10.0,10.0,trial_8bcdd1c1628d86ac94f2d6d8,c431aa068acbfedf3cb0c38845dfac275044a9cf83367075b47d47f06974e99d,8759,235,0.48299086757990867,-0.5796378531251226,-0.7374683799071491,-0.3526020567154876,-0.3848663231916615,0.47000000000000003,-0.8166334739927297,experiments/runs/curated_breadth_screen_v1/094__CANDIDATE_H003_MA_12_48_LONG_FLAT__SOLUSDT__2025__stress__trial_8bcdd1c1628d86ac94f2d6d8/run_receipt.json,c8c67048849175eebd578e8e01cd6903a8086e65b2cc41e4d17fd917c634a96a,experiments/runs/curated_breadth_screen_v1/094__CANDIDATE_H003_MA_12_48_LONG_FLAT__SOLUSDT__2025__stress__trial_8bcdd1c1628d86ac94f2d6d8/metrics.json,d311c19832044c6ccb8ecc56424bc9781a18e13866ca63f62bd37b1b7c52de84
CURATED_BREADTH_SCREEN_V1,CANDIDATE_H003_MA_12_48_LONG_FLAT,variant_546746242433ddc20c85b34e,H003_moving_average,existing-qntylab-strategies-v1,moving_average_trend,12/48,SOLUSDT,2026YTD,2026-01-01T00:00:00Z,2026-07-27T23:00:00Z,baseline,10.0,0.0,trial_a44ba807ea374352647a48ac,c431aa068acbfedf3cb0c38845dfac275044a9cf83367075b47d47f06974e99d,4991,115,0.4801682692307692,-0.24752024349293467,-0.3293278825067788,-0.4071114662405114,0.07778358373373262,0.115,-0.42681348197736835,experiments/runs/curated_breadth_screen_v1/095__CANDIDATE_H003_MA_12_48_LONG_FLAT__SOLUSDT__2026YTD__baseline__trial_a44ba807ea374352647a48ac/run_receipt.json,fd39e6026f1c7d96515e2669f72781ee6ac108e768bce05066ad7bb1430db9c9,experiments/runs/curated_breadth_screen_v1/095__CANDIDATE_H003_MA_12_48_LONG_FLAT__SOLUSDT__2026YTD__baseline__trial_a44ba807ea374352647a48ac/metrics.json,79869757b910b6fb3ebe7170e32d585d2c05627c2c25a6892140c9fb7625f0ca
CURATED_BREADTH_SCREEN_V1,CANDIDATE_H003_MA_12_48_LONG_FLAT,variant_546746242433ddc20c85b34e,H003_moving_average,existing-qntylab-strategies-v1,moving_average_trend,12/48,SOLUSDT,2026YTD,2026-01-01T00:00:00Z,2026-07-27T23:00:00Z,stress,10.0,10.0,trial_d846034d6739720cded02bc7,c431aa068acbfedf3cb0c38845dfac275044a9cf83367075b47d47f06974e99d,4991,115,0.4801682692307692,-0.24752024349293467,-0.4023105285845683,-0.4071114662405114,0.004800937655943138,0.23,-0.47539432108322,experiments/runs/curated_breadth_screen_v1/096__CANDIDATE_H003_MA_12_48_LONG_FLAT__SOLUSDT__2026YTD__stress__trial_d846034d6739720cded02bc7/run_receipt.json,fae9080a6e6a6a767fb10753b8ebdbdaf6907e48eddc31853e630dac5580b9f9,experiments/runs/curated_breadth_screen_v1/096__CANDIDATE_H003_MA_12_48_LONG_FLAT__SOLUSDT__2026YTD__stress__trial_d846034d6739720cded02bc7/metrics.json,47e7a15ea49eb688d5222daca09da95367b1b9c8968fb31c403beac97fdd2d1b
CURATED_BREADTH_SCREEN_V1,CANDIDATE_H003_MA_48_192_LONG_FLAT,variant_00eb140f03a5f6ab40600160,H003_moving_average,existing-qntylab-strategies-v1,moving_average_trend,48/192,BTCUSDT,2022,2022-01-01T00:00:00Z,2022-12-31T23:00:00Z,baseline,10.0,0.0,trial_80fcdec2c0f378146ea30483,6dcc8c6293f24e2e91957b286a96d9b87fd646e4b57c846495bd41d1aa225b65,8759,64,0.41506849315068495,-0.3842452834878064,-0.42244474899700823,-0.645439945404816,0.22299519640780774,0.064,-0.45225364029457404,experiments/runs/curated_breadth_screen_v1/097__CANDIDATE_H003_MA_48_192_LONG_FLAT__BTCUSDT__2022__baseline__trial_80fcdec2c0f378146ea30483/run_receipt.json,6b4ab9e14a1e9996de728f45827657e78956c42a59ac41adc96ec55b8df7418e,experiments/runs/curated_breadth_screen_v1/097__CANDIDATE_H003_MA_48_192_LONG_FLAT__BTCUSDT__2022__baseline__trial_80fcdec2c0f378146ea30483/metrics.json,f226c650b567b7bd6bd9517b1b45760786d3281376931dddfbcf9d7480d85f62
CURATED_BREADTH_SCREEN_V1,CANDIDATE_H003_MA_48_192_LONG_FLAT,variant_00eb140f03a5f6ab40600160,H003_moving_average,existing-qntylab-strategies-v1,moving_average_trend,48/192,BTCUSDT,2022,2022-01-01T00:00:00Z,2022-12-31T23:00:00Z,stress,10.0,10.0,trial_7127ac7bf0ca4bf9bfc0113c,6dcc8c6293f24e2e91957b286a96d9b87fd646e4b57c846495bd41d1aa225b65,8759,64,0.41506849315068495,-0.3842452834878064,-0.4583091936969408,-0.645439945404816,0.1871307517078752,0.128,-0.48368776132214675,experiments/runs/curated_breadth_screen_v1/098__CANDIDATE_H003_MA_48_192_LONG_FLAT__BTCUSDT__2022__stress__trial_7127ac7bf0ca4bf9bfc0113c/run_receipt.json,5159137844985a13866c36a4239f1e7ebfd9627dcd7cfdd6fd25b0921fe383b8,experiments/runs/curated_breadth_screen_v1/098__CANDIDATE_H003_MA_48_192_LONG_FLAT__BTCUSDT__2022__stress__trial_7127ac7bf0ca4bf9bfc0113c/metrics.json,80b85b97cbc289bf218affb2f01ba39ebede0b682557ef3acc3b347e5fc987be
CURATED_BREADTH_SCREEN_V1,CANDIDATE_H003_MA_48_192_LONG_FLAT,variant_00eb140f03a5f6ab40600160,H003_moving_average,existing-qntylab-strategies-v1,moving_average_trend,48/192,BTCUSDT,2024,2024-01-01T00:00:00Z,2024-12-31T23:00:00Z,baseline,10.0,0.0,trial_8d47080e3fd79bb1a18121b1,6dcc8c6293f24e2e91957b286a96d9b87fd646e4b57c846495bd41d1aa225b65,8783,56,0.555327868852459,0.8113801305122419,0.7126705708054963,1.2030722376312029,-0.4904016668257065,0.056,-0.19082432403232585,experiments/runs/curated_breadth_screen_v1/099__CANDIDATE_H003_MA_48_192_LONG_FLAT__BTCUSDT__2024__baseline__trial_8d47080e3fd79bb1a18121b1/run_receipt.json,5fa081a8b157af3c25d146e0ed83183273f84037be23475a0e0ffaaf06e1aa1f,experiments/runs/curated_breadth_screen_v1/099__CANDIDATE_H003_MA_48_192_LONG_FLAT__BTCUSDT__2024__baseline__trial_8d47080e3fd79bb1a18121b1/metrics.json,7a06609de67a54e39db896c3fd0535b682c240a009dd260796bc0ee7eb65c38d
CURATED_BREADTH_SCREEN_V1,CANDIDATE_H003_MA_48_192_LONG_FLAT,variant_00eb140f03a5f6ab40600160,H003_moving_average,existing-qntylab-strategies-v1,moving_average_trend,48/192,BTCUSDT,2024,2024-01-01T00:00:00Z,2024-12-31T23:00:00Z,stress,10.0,10.0,trial_0266a97d15efec0c22cf6884,6dcc8c6293f24e2e91957b286a96d9b87fd646e4b57c846495bd41d1aa225b65,8783,56,0.555327868852459,0.8113801305122419,0.6192492149936484,1.2030722376312029,-0.5838230226375545,0.112,-0.19887284183691178,experiments/runs/curated_breadth_screen_v1/100__CANDIDATE_H003_MA_48_192_LONG_FLAT__BTCUSDT__2024__stress__trial_0266a97d15efec0c22cf6884/run_receipt.json,af0372f21d6525e40aad46d9d041509aff001f2bdc24dbd8232056e28f93947f,experiments/runs/curated_breadth_screen_v1/100__CANDIDATE_H003_MA_48_192_LONG_FLAT__BTCUSDT__2024__stress__trial_0266a97d15efec0c22cf6884/metrics.json,bf33fac9ab08cec9c4e5354252db306dc0604cb27d814d07c85239563fc8f19e
CURATED_BREADTH_SCREEN_V1,CANDIDATE_H003_MA_48_192_LONG_FLAT,variant_00eb140f03a5f6ab40600160,H003_moving_average,existing-qntylab-strategies-v1,moving_average_trend,48/192,BTCUSDT,2025,2025-01-01T00:00:00Z,2025-12-31T23:00:00Z,baseline,10.0,0.0,trial_fd6c37710bc9c5184c4638ed,6dcc8c6293f24e2e91957b286a96d9b87fd646e4b57c846495bd41d1aa225b65,8759,75,0.5005707762557078,-0.06671915737620338,-0.1341976012903282,-0.07153430562385155,-0.06266329566647666,0.07500000000000001,-0.2840655235715609,experiments/runs/curated_breadth_screen_v1/101__CANDIDATE_H003_MA_48_192_LONG_FLAT__BTCUSDT__2025__baseline__trial_fd6c37710bc9c5184c4638ed/run_receipt.json,3df366f8ddf22762fc7f2034a0f0b60d7ad162c409732e2e9f5e6cce03703b0d,experiments/runs/curated_breadth_screen_v1/101__CANDIDATE_H003_MA_48_192_LONG_FLAT__BTCUSDT__2025__baseline__trial_fd6c37710bc9c5184c4638ed/metrics.json,f8e5cb055250d5dcdaa8d0e7fd1fa4f9ca47316b31647e27fcb862875d98fa81
CURATED_BREADTH_SCREEN_V1,CANDIDATE_H003_MA_48_192_LONG_FLAT,variant_00eb140f03a5f6ab40600160,H003_moving_average,existing-qntylab-strategies-v1,moving_average_trend,48/192,BTCUSDT,2025,2025-01-01T00:00:00Z,2025-12-31T23:00:00Z,stress,10.0,10.0,trial_731d103abc8236f6b992bf7b,6dcc8c6293f24e2e91957b286a96d9b87fd646e4b57c846495bd41d1aa225b65,8759,75,0.5005707762557078,-0.06671915737620338,-0.19685757005811655,-0.07153430562385155,-0.125323264434265,0.15000000000000002,-0.30107876978547776,experiments/runs/curated_breadth_screen_v1/102__CANDIDATE_H003_MA_48_192_LONG_FLAT__BTCUSDT__2025__stress__trial_731d103abc8236f6b992bf7b/run_receipt.json,7645974d9d1e72591b0e72e4a1d2dff72f3ed283f592557dcb7045a791dc99d9,experiments/runs/curated_breadth_screen_v1/102__CANDIDATE_H003_MA_48_192_LONG_FLAT__BTCUSDT__2025__stress__trial_731d103abc8236f6b992bf7b/metrics.json,6fa221d388caa3e77ef6b5f77d11e14cf75078b8b82990c7d074f9b893365913
CURATED_BREADTH_SCREEN_V1,CANDIDATE_H003_MA_48_192_LONG_FLAT,variant_00eb140f03a5f6ab40600160,H003_moving_average,existing-qntylab-strategies-v1,moving_average_trend,48/192,BTCUSDT,2026YTD,2026-01-01T00:00:00Z,2026-07-27T23:00:00Z,baseline,10.0,0.0,trial_d2a5649e7cd6905858fdc851,6dcc8c6293f24e2e91957b286a96d9b87fd646e4b57c846495bd41d1aa225b65,4991,34,0.43369391025641024,-0.08356528403385777,-0.11419478944926553,-0.27392758141712437,0.15973279196785883,0.034,-0.2090766857649513,experiments/runs/curated_breadth_screen_v1/103__CANDIDATE_H003_MA_48_192_LONG_FLAT__BTCUSDT__2026YTD__baseline__trial_d2a5649e7cd6905858fdc851/run_receipt.json,1b007859818357a07dea3fc0d1a54c9b5c8c942fc91f87f33f798d4daba82477,experiments/runs/curated_breadth_screen_v1/103__CANDIDATE_H003_MA_48_192_LONG_FLAT__BTCUSDT__2026YTD__baseline__trial_d2a5649e7cd6905858fdc851/metrics.json,ada6ea18ac8cfb2d113ca147ebc71151a81d499fe84597f00e26a4a0144b8ad3
CURATED_BREADTH_SCREEN_V1,CANDIDATE_H003_MA_48_192_LONG_FLAT,variant_00eb140f03a5f6ab40600160,H003_moving_average,existing-qntylab-strategies-v1,moving_average_trend,48/192,BTCUSDT,2026YTD,2026-01-01T00:00:00Z,2026-07-27T23:00:00Z,stress,10.0,10.0,trial_cc3fdaad5d0fbd2da40ce6c7,6dcc8c6293f24e2e91957b286a96d9b87fd646e4b57c846495bd41d1aa225b65,4991,34,0.43369391025641024,-0.08356528403385777,-0.14382971023757696,-0.27392758141712437,0.1300978711795474,0.068,-0.22164205186563057,experiments/runs/curated_breadth_screen_v1/104__CANDIDATE_H003_MA_48_192_LONG_FLAT__BTCUSDT__2026YTD__stress__trial_cc3fdaad5d0fbd2da40ce6c7/run_receipt.json,fe27fa6ceb13d5b922aff10aec928a984d08b7012b9116ed4db58874c2e1eae9,experiments/runs/curated_breadth_screen_v1/104__CANDIDATE_H003_MA_48_192_LONG_FLAT__BTCUSDT__2026YTD__stress__trial_cc3fdaad5d0fbd2da40ce6c7/metrics.json,52ef7fc11ace893013d1332a3db97326d7c39bdbecdda9affe0e067333158af9
CURATED_BREADTH_SCREEN_V1,CANDIDATE_H003_MA_48_192_LONG_FLAT,variant_00eb140f03a5f6ab40600160,H003_moving_average,existing-qntylab-strategies-v1,moving_average_trend,48/192,ETHUSDT,2022,2022-01-01T00:00:00Z,2022-12-31T23:00:00Z,baseline,10.0,0.0,trial_0b13577aa2bd5583bb421f23,3584c161874dc3b8d8f9961901e5abaadebe32a1aaba6d321106b8ccb1f61187,8759,54,0.44726027397260276,-0.24142290617981976,-0.28134711570605686,-0.6787222269972926,0.3973751112912357,0.054000000000000006,-0.42913409560051174,experiments/runs/curated_breadth_screen_v1/105__CANDIDATE_H003_MA_48_192_LONG_FLAT__ETHUSDT__2022__baseline__trial_0b13577aa2bd5583bb421f23/run_receipt.json,f5bf272d1952d17644d44c756905ed3f5292333db84e9c8ef528b97886baa768,experiments/runs/curated_breadth_screen_v1/105__CANDIDATE_H003_MA_48_192_LONG_FLAT__ETHUSDT__2022__baseline__trial_0b13577aa2bd5583bb421f23/metrics.json,97cb4c7dafa0c3672ec0a9da17bc867406d60aaa51f6b3b7be20a413a0fa1e4a
CURATED_BREADTH_SCREEN_V1,CANDIDATE_H003_MA_48_192_LONG_FLAT,variant_00eb140f03a5f6ab40600160,H003_moving_average,existing-qntylab-strategies-v1,moving_average_trend,48/192,ETHUSDT,2022,2022-01-01T00:00:00Z,2022-12-31T23:00:00Z,stress,10.0,10.0,trial_d5fec93bdb4567e87e615cd0,3584c161874dc3b8d8f9961901e5abaadebe32a1aaba6d321106b8ccb1f61187,8759,54,0.44726027397260276,-0.24142290617981976,-0.3192069897487174,-0.6787222269972926,0.35951523724857515,0.10800000000000001,-0.45157481981720304,experiments/runs/curated_breadth_screen_v1/106__CANDIDATE_H003_MA_48_192_LONG_FLAT__ETHUSDT__2022__stress__trial_d5fec93bdb4567e87e615cd0/run_receipt.json,c1890d00efc005cd4897eac9b6fc527117b0ea6a751c78426a81de7e2f662d88,experiments/runs/curated_breadth_screen_v1/106__CANDIDATE_H003_MA_48_192_LONG_FLAT__ETHUSDT__2022__stress__trial_d5fec93bdb4567e87e615cd0/metrics.json,d3d73a64cd192aee0fbf63ee2673abd20676a096c476a158e6fa8caf26a9d643
CURATED_BREADTH_SCREEN_V1,CANDIDATE_H003_MA_48_192_LONG_FLAT,variant_00eb140f03a5f6ab40600160,H003_moving_average,existing-qntylab-strategies-v1,moving_average_trend,48/192,ETHUSDT,2024,2024-01-01T00:00:00Z,2024-12-31T23:00:00Z,baseline,10.0,0.0,trial_c2adf1d20bf1f54c2ee6d881,3584c161874dc3b8d8f9961901e5abaadebe32a1aaba6d321106b8ccb1f61187,8783,56,0.5250455373406193,0.3441223197718073,0.2709267703490992,0.45404724875953484,-0.18312047841043566,0.05600000000000001,-0.36116348767038686,experiments/runs/curated_breadth_screen_v1/107__CANDIDATE_H003_MA_48_192_LONG_FLAT__ETHUSDT__2024__baseline__trial_c2adf1d20bf1f54c2ee6d881/run_receipt.json,c1da1eb95b7a142b8045610c7090b859bd077ab095f80a0182dbb31622c05fbe,experiments/runs/curated_breadth_screen_v1/107__CANDIDATE_H003_MA_48_192_LONG_FLAT__ETHUSDT__2024__baseline__trial_c2adf1d20bf1f54c2ee6d881/metrics.json,90784b52adddaff52d2224505587c48bc8902cda787d1ec0ada224dd64595fc2
CURATED_BREADTH_SCREEN_V1,CANDIDATE_H003_MA_48_192_LONG_FLAT,variant_00eb140f03a5f6ab40600160,H003_moving_average,existing-qntylab-strategies-v1,moving_average_trend,48/192,ETHUSDT,2024,2024-01-01T00:00:00Z,2024-12-31T23:00:00Z,stress,10.0,10.0,trial_5cdf3ed3ff2c1d7c36d03118,3584c161874dc3b8d8f9961901e5abaadebe32a1aaba6d321106b8ccb1f61187,8783,56,0.5250455373406193,0.3441223197718073,0.20164980879894934,0.45404724875953484,-0.2523974399605855,0.11200000000000002,-0.36879247199217524,experiments/runs/curated_breadth_screen_v1/108__CANDIDATE_H003_MA_48_192_LONG_FLAT__ETHUSDT__2024__stress__trial_5cdf3ed3ff2c1d7c36d03118/run_receipt.json,e8a2ae46325ed79a3e2047daab85ae93c18f34109c0cbe4e8a4d3c5d77469dcd,experiments/runs/curated_breadth_screen_v1/108__CANDIDATE_H003_MA_48_192_LONG_FLAT__ETHUSDT__2024__stress__trial_5cdf3ed3ff2c1d7c36d03118/metrics.json,efd4afa89b7951fa04e5e4b515c2192298e243a639ab68c4af5aa3dfdffba2b8
CURATED_BREADTH_SCREEN_V1,CANDIDATE_H003_MA_48_192_LONG_FLAT,variant_00eb140f03a5f6ab40600160,H003_moving_average,existing-qntylab-strategies-v1,moving_average_trend,48/192,ETHUSDT,2025,2025-01-01T00:00:00Z,2025-12-31T23:00:00Z,baseline,10.0,0.0,trial_86f444d4fc0e887646213130,3584c161874dc3b8d8f9961901e5abaadebe32a1aaba6d321106b8ccb1f61187,8759,55,0.46552511415525116,0.12197904522675862,0.06185659302681956,-0.11655617326158696,0.17841276628840652,0.05500000000000001,-0.3691357608031197,experiments/runs/curated_breadth_screen_v1/109__CANDIDATE_H003_MA_48_192_LONG_FLAT__ETHUSDT__2025__baseline__trial_86f444d4fc0e887646213130/run_receipt.json,2e1cc44dc6c159cfa48d71af30f0b22f67f39351b05caa50cd54704eb6c28981,experiments/runs/curated_breadth_screen_v1/109__CANDIDATE_H003_MA_48_192_LONG_FLAT__ETHUSDT__2025__baseline__trial_86f444d4fc0e887646213130/metrics.json,0fe77a5a9dcfeea6cc20563e7043bcc184c38dd74a81a9f194938a5d846b21d5
CURATED_BREADTH_SCREEN_V1,CANDIDATE_H003_MA_48_192_LONG_FLAT,variant_00eb140f03a5f6ab40600160,H003_moving_average,existing-qntylab-strategies-v1,moving_average_trend,48/192,ETHUSDT,2025,2025-01-01T00:00:00Z,2025-12-31T23:00:00Z,stress,10.0,10.0,trial_5157bfa6ff3a78960dc218de,3584c161874dc3b8d8f9961901e5abaadebe32a1aaba6d321106b8ccb1f61187,8759,55,0.46552511415525116,0.12197904522675862,0.004900387577070342,-0.11655617326158696,0.1214565608386573,0.11000000000000001,-0.3754452218848321,experiments/runs/curated_breadth_screen_v1/110__CANDIDATE_H003_MA_48_192_LONG_FLAT__ETHUSDT__2025__stress__trial_5157bfa6ff3a78960dc218de/run_receipt.json,1d0f3a034c1cab333848242cb938d662db0a66e1dba64cfb135068006991c028,experiments/runs/curated_breadth_screen_v1/110__CANDIDATE_H003_MA_48_192_LONG_FLAT__ETHUSDT__2025__stress__trial_5157bfa6ff3a78960dc218de/metrics.json,9a30c185e452d0dabc49d33ecdaed4af086f9ecb68a5a2909e444b6009b0a172
CURATED_BREADTH_SCREEN_V1,CANDIDATE_H003_MA_48_192_LONG_FLAT,variant_00eb140f03a5f6ab40600160,H003_moving_average,existing-qntylab-strategies-v1,moving_average_trend,48/192,ETHUSDT,2026YTD,2026-01-01T00:00:00Z,2026-07-27T23:00:00Z,baseline,10.0,0.0,trial_31ad4e95bf76f49f3de7363a,3584c161874dc3b8d8f9961901e5abaadebe32a1aaba6d321106b8ccb1f61187,4991,33,0.4104567307692308,-0.17534311596021002,-0.2021201494142847,-0.36488232471197823,0.16276217529769355,0.033,-0.2796241295518379,experiments/runs/curated_breadth_screen_v1/111__CANDIDATE_H003_MA_48_192_LONG_FLAT__ETHUSDT__2026YTD__baseline__trial_31ad4e95bf76f49f3de7363a/run_receipt.json,907105bf36767c942a05f63c42feadfe39079acefeeeae5c7b6d72de095e872d,experiments/runs/curated_breadth_screen_v1/111__CANDIDATE_H003_MA_48_192_LONG_FLAT__ETHUSDT__2026YTD__baseline__trial_31ad4e95bf76f49f3de7363a/metrics.json,7f0c2b76312691734e805780a31d1441adfd4b53c68230d4e4a7af7ed452ce11
CURATED_BREADTH_SCREEN_V1,CANDIDATE_H003_MA_48_192_LONG_FLAT,variant_00eb140f03a5f6ab40600160,H003_moving_average,existing-qntylab-strategies-v1,moving_average_trend,48/192,ETHUSDT,2026YTD,2026-01-01T00:00:00Z,2026-07-27T23:00:00Z,stress,10.0,10.0,trial_9683e5c995691f96cfe44102,3584c161874dc3b8d8f9961901e5abaadebe32a1aaba6d321106b8ccb1f61187,4991,33,0.4104567307692308,-0.17534311596021002,-0.2280532336325124,-0.36488232471197823,0.13682909107946584,0.066,-0.2928180798837293,experiments/runs/curated_breadth_screen_v1/112__CANDIDATE_H003_MA_48_192_LONG_FLAT__ETHUSDT__2026YTD__stress__trial_9683e5c995691f96cfe44102/run_receipt.json,448a870369bb44812c8d4a8a9652d4bc8b654d10a3f260950cdcfb07dd27e7fe,experiments/runs/curated_breadth_screen_v1/112__CANDIDATE_H003_MA_48_192_LONG_FLAT__ETHUSDT__2026YTD__stress__trial_9683e5c995691f96cfe44102/metrics.json,288600692ae89e51fd48d5ef8a4c2a14a2a4b17502e02196d451ccd1072b2439
CURATED_BREADTH_SCREEN_V1,CANDIDATE_H003_MA_48_192_LONG_FLAT,variant_00eb140f03a5f6ab40600160,H003_moving_average,existing-qntylab-strategies-v1,moving_average_trend,48/192,SOLUSDT,2022,2022-01-01T00:00:00Z,2022-12-31T23:00:00Z,baseline,10.0,0.0,trial_a36e14efcc77f5f273e1b665,c431aa068acbfedf3cb0c38845dfac275044a9cf83367075b47d47f06974e99d,8759,48,0.3670091324200913,-0.5138097761583253,-0.5365731401559837,-0.9421626638821209,0.4055895237261372,0.048,-0.688583528352773,experiments/runs/curated_breadth_screen_v1/113__CANDIDATE_H003_MA_48_192_LONG_FLAT__SOLUSDT__2022__baseline__trial_a36e14efcc77f5f273e1b665/run_receipt.json,0e3eff887dd66a353b2391b0953f930aa3956e16d806f58b718fdd1c5c56cede,experiments/runs/curated_breadth_screen_v1/113__CANDIDATE_H003_MA_48_192_LONG_FLAT__SOLUSDT__2022__baseline__trial_a36e14efcc77f5f273e1b665/metrics.json,9c2c16e72d110f22e4f745ea86a346ec933ddb3ba8c0ac5c4bbaa434e5324c96
CURATED_BREADTH_SCREEN_V1,CANDIDATE_H003_MA_48_192_LONG_FLAT,variant_00eb140f03a5f6ab40600160,H003_moving_average,existing-qntylab-strategies-v1,moving_average_trend,48/192,SOLUSDT,2022,2022-01-01T00:00:00Z,2022-12-31T23:00:00Z,stress,10.0,10.0,trial_ab31906a15625a70e361e710,c431aa068acbfedf3cb0c38845dfac275044a9cf83367075b47d47f06974e99d,8759,48,0.3670091324200913,-0.5138097761583253,-0.5582919080368296,-0.9421626638821209,0.3838707558452913,0.096,-0.700195989255089,experiments/runs/curated_breadth_screen_v1/114__CANDIDATE_H003_MA_48_192_LONG_FLAT__SOLUSDT__2022__stress__trial_ab31906a15625a70e361e710/run_receipt.json,0c860a76d173cf12ed601c714331d734811af8ce621f554ba8cc36ef0f45d547,experiments/runs/curated_breadth_screen_v1/114__CANDIDATE_H003_MA_48_192_LONG_FLAT__SOLUSDT__2022__stress__trial_ab31906a15625a70e361e710/metrics.json,77fddb1889b8ef2f3acee1bb994e3f0929a827ab3c778a3056e5b18857283be1
CURATED_BREADTH_SCREEN_V1,CANDIDATE_H003_MA_48_192_LONG_FLAT,variant_00eb140f03a5f6ab40600160,H003_moving_average,existing-qntylab-strategies-v1,moving_average_trend,48/192,SOLUSDT,2024,2024-01-01T00:00:00Z,2024-12-31T23:00:00Z,baseline,10.0,0.0,trial_818d2137b9078478ad569714,c431aa068acbfedf3cb0c38845dfac275044a9cf83367075b47d47f06974e99d,8783,54,0.5176457194899818,1.0452853035333862,0.9377798406462492,0.856708513142409,0.08107132750384016,0.054000000000000006,-0.27166770964639064,experiments/runs/curated_breadth_screen_v1/115__CANDIDATE_H003_MA_48_192_LONG_FLAT__SOLUSDT__2024__baseline__trial_818d2137b9078478ad569714/run_receipt.json,ea3b98de1716342e1299108f1f2aa9962d2e47cc28e7c5cd569bb420cafcc707,experiments/runs/curated_breadth_screen_v1/115__CANDIDATE_H003_MA_48_192_LONG_FLAT__SOLUSDT__2024__baseline__trial_818d2137b9078478ad569714/metrics.json,a09b083dfc753d5af856185708ed2f130b876750d31dd472969476ab8e433968
CURATED_BREADTH_SCREEN_V1,CANDIDATE_H003_MA_48_192_LONG_FLAT,variant_00eb140f03a5f6ab40600160,H003_moving_average,existing-qntylab-strategies-v1,moving_average_trend,48/192,SOLUSDT,2024,2024-01-01T00:00:00Z,2024-12-31T23:00:00Z,stress,10.0,10.0,trial_28a5d7aafd7897c67bc4b949,c431aa068acbfedf3cb0c38845dfac275044a9cf83367075b47d47f06974e99d,8783,54,0.5176457194899818,1.0452853035333862,0.8358259226698246,0.856708513142409,-0.02088259047258445,0.10800000000000001,-0.2760331320539279,experiments/runs/curated_breadth_screen_v1/116__CANDIDATE_H003_MA_48_192_LONG_FLAT__SOLUSDT__2024__stress__trial_28a5d7aafd7897c67bc4b949/run_receipt.json,e000d8231daa43f49e7a15882a2474ac2411f9345f28e2dae98d034d21864df9,experiments/runs/curated_breadth_screen_v1/116__CANDIDATE_H003_MA_48_192_LONG_FLAT__SOLUSDT__2024__stress__trial_28a5d7aafd7897c67bc4b949/metrics.json,721d12b48147837edf9f00ee387429c99cfaa387edf08cba39f2f219d5412cb1
CURATED_BREADTH_SCREEN_V1,CANDIDATE_H003_MA_48_192_LONG_FLAT,variant_00eb140f03a5f6ab40600160,H003_moving_average,existing-qntylab-strategies-v1,moving_average_trend,48/192,SOLUSDT,2025,2025-01-01T00:00:00Z,2025-12-31T23:00:00Z,baseline,10.0,0.0,trial_9090a3cc2899e4c9e2076499,c431aa068acbfedf3cb0c38845dfac275044a9cf83367075b47d47f06974e99d,8759,55,0.4269406392694064,0.12805768327239497,0.06764114326791759,-0.3526020567154876,0.4202431999834052,0.055,-0.41277990639944306,experiments/runs/curated_breadth_screen_v1/117__CANDIDATE_H003_MA_48_192_LONG_FLAT__SOLUSDT__2025__baseline__trial_9090a3cc2899e4c9e2076499/run_receipt.json,784d1ede970262a12959c918c7975c246dd137182f95180cbf2a034c71d0476c,experiments/runs/curated_breadth_screen_v1/117__CANDIDATE_H003_MA_48_192_LONG_FLAT__SOLUSDT__2025__baseline__trial_9090a3cc2899e4c9e2076499/metrics.json,35b97aa81933b9b664e96291ebeeb4f8c94f6a85dcde0d74b5d26938fd993b72
CURATED_BREADTH_SCREEN_V1,CANDIDATE_H003_MA_48_192_LONG_FLAT,variant_00eb140f03a5f6ab40600160,H003_moving_average,existing-qntylab-strategies-v1,moving_average_trend,48/192,SOLUSDT,2025,2025-01-01T00:00:00Z,2025-12-31T23:00:00Z,stress,10.0,10.0,trial_ff55a0d99edf6e8df69dc8db,c431aa068acbfedf3cb0c38845dfac275044a9cf83367075b47d47f06974e99d,8759,55,0.4269406392694064,0.12805768327239497,0.010404668717810539,-0.3526020567154876,0.36300672543329815,0.11,-0.419784684758547,experiments/runs/curated_breadth_screen_v1/118__CANDIDATE_H003_MA_48_192_LONG_FLAT__SOLUSDT__2025__stress__trial_ff55a0d99edf6e8df69dc8db/run_receipt.json,c55b8f4f5c5b95c83293b0cf82f61388b4833299703918483ff23a2473e8a48f,experiments/runs/curated_breadth_screen_v1/118__CANDIDATE_H003_MA_48_192_LONG_FLAT__SOLUSDT__2025__stress__trial_ff55a0d99edf6e8df69dc8db/metrics.json,bd87d86901148595676d0bfa92211d383e1501e700138da4c9e3242eb695a4c7
CURATED_BREADTH_SCREEN_V1,CANDIDATE_H003_MA_48_192_LONG_FLAT,variant_00eb140f03a5f6ab40600160,H003_moving_average,existing-qntylab-strategies-v1,moving_average_trend,48/192,SOLUSDT,2026YTD,2026-01-01T00:00:00Z,2026-07-27T23:00:00Z,baseline,10.0,0.0,trial_78599c666ac80a5685865c19,c431aa068acbfedf3cb0c38845dfac275044a9cf83367075b47d47f06974e99d,4991,40,0.4140625,-0.32542617171003185,-0.35189556700394264,-0.4071114662405114,0.05521589923656878,0.04,-0.39226953957767097,experiments/runs/curated_breadth_screen_v1/119__CANDIDATE_H003_MA_48_192_LONG_FLAT__SOLUSDT__2026YTD__baseline__trial_78599c666ac80a5685865c19/run_receipt.json,c84e19f5d2b2d497069796c723af5b15d44b445ca9b65e59e692ed1bd7899810,experiments/runs/curated_breadth_screen_v1/119__CANDIDATE_H003_MA_48_192_LONG_FLAT__SOLUSDT__2026YTD__baseline__trial_78599c666ac80a5685865c19/metrics.json,026cd465f27149a67a6d89eb0f9ac7c376a39dea0937dc6dfda357972d1a5ea1
CURATED_BREADTH_SCREEN_V1,CANDIDATE_H003_MA_48_192_LONG_FLAT,variant_00eb140f03a5f6ab40600160,H003_moving_average,existing-qntylab-strategies-v1,moving_average_trend,48/192,SOLUSDT,2026YTD,2026-01-01T00:00:00Z,2026-07-27T23:00:00Z,stress,10.0,10.0,trial_03351160f2591ec48bc48bd2,c431aa068acbfedf3cb0c38845dfac275044a9cf83367075b47d47f06974e99d,4991,40,0.4140625,-0.32542617171003185,-0.37735130589616483,-0.4071114662405114,0.029760160344346587,0.08,-0.40917891017972663,experiments/runs/curated_breadth_screen_v1/120__CANDIDATE_H003_MA_48_192_LONG_FLAT__SOLUSDT__2026YTD__stress__trial_03351160f2591ec48bc48bd2/run_receipt.json,e6f39da604ea54ad8bdaf5b811f4dc2090c435422970c0eef060dece007ac67f,experiments/runs/curated_breadth_screen_v1/120__CANDIDATE_H003_MA_48_192_LONG_FLAT__SOLUSDT__2026YTD__stress__trial_03351160f2591ec48bc48bd2/metrics.json,5a84cfbbc5fc43b51cb9c2b770cdec5be51697c0b3ee059a28507b495c10f43b
CURATED_BREADTH_SCREEN_V1,CANDIDATE_H003_MA_168_720_LONG_FLAT,variant_296a2973dfde57cec911715b,H003_moving_average,existing-qntylab-strategies-v1,moving_average_trend,168/720,BTCUSDT,2022,2022-01-01T00:00:00Z,2022-12-31T23:00:00Z,baseline,10.0,0.0,trial_ba6a70224a2c553a804601de,6dcc8c6293f24e2e91957b286a96d9b87fd646e4b57c846495bd41d1aa225b65,8759,18,0.34714611872146117,-0.4081936076891134,-0.41876459067847427,-0.645439945404816,0.2266753547263417,0.018000000000000002,-0.49545375191044205,experiments/runs/curated_breadth_screen_v1/121__CANDIDATE_H003_MA_168_720_LONG_FLAT__BTCUSDT__2022__baseline__trial_ba6a70224a2c553a804601de/run_receipt.json,1ff87ec8617cd0040db3d72589e381031d276f67c42ad8db41d64eb0372e20cc,experiments/runs/curated_breadth_screen_v1/121__CANDIDATE_H003_MA_168_720_LONG_FLAT__BTCUSDT__2022__baseline__trial_ba6a70224a2c553a804601de/metrics.json,3348385f2ebb873ba028ce19771ca393b075743f11e2f753ff61a21495bed2b0
CURATED_BREADTH_SCREEN_V1,CANDIDATE_H003_MA_168_720_LONG_FLAT,variant_296a2973dfde57cec911715b,H003_moving_average,existing-qntylab-strategies-v1,moving_average_trend,168/720,BTCUSDT,2022,2022-01-01T00:00:00Z,2022-12-31T23:00:00Z,stress,10.0,10.0,trial_39fe617ff470407d8048bc71,6dcc8c6293f24e2e91957b286a96d9b87fd646e4b57c846495bd41d1aa225b65,8759,18,0.34714611872146117,-0.4081936076891134,-0.42915706500581907,-0.645439945404816,0.2162828803989969,0.036000000000000004,-0.5024845732413972,experiments/runs/curated_breadth_screen_v1/122__CANDIDATE_H003_MA_168_720_LONG_FLAT__BTCUSDT__2022__stress__trial_39fe617ff470407d8048bc71/run_receipt.json,f735491fba7a94801497ad4c51844fc6fa39dcdf03739f2619816ef8608ba832,experiments/runs/curated_breadth_screen_v1/122__CANDIDATE_H003_MA_168_720_LONG_FLAT__BTCUSDT__2022__stress__trial_39fe617ff470407d8048bc71/metrics.json,d9c7bed5a7f0d76c82b6e3a12b11aa8e7417572f1171fa2966a621c6e9852e46
CURATED_BREADTH_SCREEN_V1,CANDIDATE_H003_MA_168_720_LONG_FLAT,variant_296a2973dfde57cec911715b,H003_moving_average,existing-qntylab-strategies-v1,moving_average_trend,168/720,BTCUSDT,2024,2024-01-01T00:00:00Z,2024-12-31T23:00:00Z,baseline,10.0,0.0,trial_e1c52bddc953251758bd1ace,6dcc8c6293f24e2e91957b286a96d9b87fd646e4b57c846495bd41d1aa225b65,8783,14,0.5862932604735883,0.5629675228194446,0.5413256626090033,1.2030722376312029,-0.6617465750221996,0.014,-0.4069696429519186,experiments/runs/curated_breadth_screen_v1/123__CANDIDATE_H003_MA_168_720_LONG_FLAT__BTCUSDT__2024__baseline__trial_e1c52bddc953251758bd1ace/run_receipt.json,7a578a671693865381eea6560489b41f95e1b676e935ab418661b43fc80de0bb,experiments/runs/curated_breadth_screen_v1/123__CANDIDATE_H003_MA_168_720_LONG_FLAT__BTCUSDT__2024__baseline__trial_e1c52bddc953251758bd1ace/metrics.json,9c575fed57c1e488f122999c244356ea72ebff91b71eb46bd405409c629c8cb1
CURATED_BREADTH_SCREEN_V1,CANDIDATE_H003_MA_168_720_LONG_FLAT,variant_296a2973dfde57cec911715b,H003_moving_average,existing-qntylab-strategies-v1,moving_average_trend,168/720,BTCUSDT,2024,2024-01-01T00:00:00Z,2024-12-31T23:00:00Z,stress,10.0,10.0,trial_e7cac19a17ce7cbc0728f538,6dcc8c6293f24e2e91957b286a96d9b87fd646e4b57c846495bd41d1aa225b65,8783,14,0.5862932604735883,0.5629675228194446,0.5199623377110585,1.2030722376312029,-0.6831098999201444,0.028,-0.41167890569577825,experiments/runs/curated_breadth_screen_v1/124__CANDIDATE_H003_MA_168_720_LONG_FLAT__BTCUSDT__2024__stress__trial_e7cac19a17ce7cbc0728f538/run_receipt.json,68aaafad55b31aee7deff7e2b72f72169e8fbfdc56030820fe451277733ccfd1,experiments/runs/curated_breadth_screen_v1/124__CANDIDATE_H003_MA_168_720_LONG_FLAT__BTCUSDT__2024__stress__trial_e7cac19a17ce7cbc0728f538/metrics.json,5f6178abfdc7a75ec9e7f5960e69bb62aa49f71efd1aa91f9da983a49d70260c
CURATED_BREADTH_SCREEN_V1,CANDIDATE_H003_MA_168_720_LONG_FLAT,variant_296a2973dfde57cec911715b,H003_moving_average,existing-qntylab-strategies-v1,moving_average_trend,168/720,BTCUSDT,2025,2025-01-01T00:00:00Z,2025-12-31T23:00:00Z,baseline,10.0,0.0,trial_24c675e1e336296ab0f64a72,6dcc8c6293f24e2e91957b286a96d9b87fd646e4b57c846495bd41d1aa225b65,8759,18,0.38858447488584474,-0.0895178903278705,-0.10575778855538998,-0.07153430562385155,-0.03422348293153843,0.018000000000000002,-0.25424416470815314,experiments/runs/curated_breadth_screen_v1/125__CANDIDATE_H003_MA_168_720_LONG_FLAT__BTCUSDT__2025__baseline__trial_24c675e1e336296ab0f64a72/run_receipt.json,9f25cdcc7b73a31f7279131a5a5add1db288e3e2f674f692ee6151118ba60775,experiments/runs/curated_breadth_screen_v1/125__CANDIDATE_H003_MA_168_720_LONG_FLAT__BTCUSDT__2025__baseline__trial_24c675e1e336296ab0f64a72/metrics.json,12ed54d9cbd6be894c8827d11a0e02135b6dfdf963bb5fa5c50c2cf70c6d625f
CURATED_BREADTH_SCREEN_V1,CANDIDATE_H003_MA_168_720_LONG_FLAT,variant_296a2973dfde57cec911715b,H003_moving_average,existing-qntylab-strategies-v1,moving_average_trend,168/720,BTCUSDT,2025,2025-01-01T00:00:00Z,2025-12-31T23:00:00Z,stress,10.0,10.0,trial_dc547c68a34eb0c03a67f4bf,6dcc8c6293f24e2e91957b286a96d9b87fd646e4b57c846495bd41d1aa225b65,8759,18,0.38858447488584474,-0.0895178903278705,-0.1217238431994494,-0.07153430562385155,-0.05018953757559785,0.036000000000000004,-0.26019008067225957,experiments/runs/curated_breadth_screen_v1/126__CANDIDATE_H003_MA_168_720_LONG_FLAT__BTCUSDT__2025__stress__trial_dc547c68a34eb0c03a67f4bf/run_receipt.json,0c5fb10570eeaaf18436b64fde06ebd56197d46f61a9b462566afc03773d35dc,experiments/runs/curated_breadth_screen_v1/126__CANDIDATE_H003_MA_168_720_LONG_FLAT__BTCUSDT__2025__stress__trial_dc547c68a34eb0c03a67f4bf/metrics.json,0870bf8c16611c3484a27484bf7c7db7548121bd606e966fcd9f20620c79d614
CURATED_BREADTH_SCREEN_V1,CANDIDATE_H003_MA_168_720_LONG_FLAT,variant_296a2973dfde57cec911715b,H003_moving_average,existing-qntylab-strategies-v1,moving_average_trend,168/720,BTCUSDT,2026YTD,2026-01-01T00:00:00Z,2026-07-27T23:00:00Z,baseline,10.0,0.0,trial_2a739a8b1b169069b3b5e402,6dcc8c6293f24e2e91957b286a96d9b87fd646e4b57c846495bd41d1aa225b65,4991,5,0.3838141025641026,0.006458829075443928,0.001436054293515454,-0.27392758141712437,0.2753636357106398,0.005,-0.15499238954215133,experiments/runs/curated_breadth_screen_v1/127__CANDIDATE_H003_MA_168_720_LONG_FLAT__BTCUSDT__2026YTD__baseline__trial_2a739a8b1b169069b3b5e402/run_receipt.json,e28077fb9568f6fd1ddd90d097203be0c15c51daa30f7a236b3bfd11ada413e3,experiments/runs/curated_breadth_screen_v1/127__CANDIDATE_H003_MA_168_720_LONG_FLAT__BTCUSDT__2026YTD__baseline__trial_2a739a8b1b169069b3b5e402/metrics.json,026e820df182ebcbafab19b8eb6b764bf4d28b585ae37d23df02514fd8d1cc80
CURATED_BREADTH_SCREEN_V1,CANDIDATE_H003_MA_168_720_LONG_FLAT,variant_296a2973dfde57cec911715b,H003_moving_average,existing-qntylab-strategies-v1,moving_average_trend,168/720,BTCUSDT,2026YTD,2026-01-01T00:00:00Z,2026-07-27T23:00:00Z,stress,10.0,10.0,trial_1654e230a90330342b42ff69,6dcc8c6293f24e2e91957b286a96d9b87fd646e4b57c846495bd41d1aa225b65,4991,5,0.3838141025641026,0.006458829075443928,-0.003566647353736019,-0.27392758141712437,0.27036093406338835,0.01,-0.1566822613347848,experiments/runs/curated_breadth_screen_v1/128__CANDIDATE_H003_MA_168_720_LONG_FLAT__BTCUSDT__2026YTD__stress__trial_1654e230a90330342b42ff69/run_receipt.json,5deba7adbd29e03a18fd2dd8161acf2e7be50ba0f8c347edc2745e8f25465b31,experiments/runs/curated_breadth_screen_v1/128__CANDIDATE_H003_MA_168_720_LONG_FLAT__BTCUSDT__2026YTD__stress__trial_1654e230a90330342b42ff69/metrics.json,ad0e9916237657fbbff78d7f2ce53c6b1fb3e6dcee11af17606cccef5196b072
CURATED_BREADTH_SCREEN_V1,CANDIDATE_H003_MA_168_720_LONG_FLAT,variant_296a2973dfde57cec911715b,H003_moving_average,existing-qntylab-strategies-v1,moving_average_trend,168/720,ETHUSDT,2022,2022-01-01T00:00:00Z,2022-12-31T23:00:00Z,baseline,10.0,0.0,trial_ce51e36b980b4e9e5f2d44cf,3584c161874dc3b8d8f9961901e5abaadebe32a1aaba6d321106b8ccb1f61187,8759,12,0.33515981735159817,-0.16958609785868717,-0.17949306373211538,-0.6787222269972926,0.4992291632651772,0.012,-0.4962137709329708,experiments/runs/curated_breadth_screen_v1/129__CANDIDATE_H003_MA_168_720_LONG_FLAT__ETHUSDT__2022__baseline__trial_ce51e36b980b4e9e5f2d44cf/run_receipt.json,93fb3750b26820cd21d9820aeb92b1d6f22e0731107eb3037fd284426c94a0eb,experiments/runs/curated_breadth_screen_v1/129__CANDIDATE_H003_MA_168_720_LONG_FLAT__ETHUSDT__2022__baseline__trial_ce51e36b980b4e9e5f2d44cf/metrics.json,4d93781c0c6a1382a36952b468b7bcaa71e5903af3840d73ac748dd05b5022bc
CURATED_BREADTH_SCREEN_V1,CANDIDATE_H003_MA_168_720_LONG_FLAT,variant_296a2973dfde57cec911715b,H003_moving_average,existing-qntylab-strategies-v1,moving_average_trend,168/720,ETHUSDT,2022,2022-01-01T00:00:00Z,2022-12-31T23:00:00Z,stress,10.0,10.0,trial_3f7c1f97b5f8fffdfd1516bf,3584c161874dc3b8d8f9961901e5abaadebe32a1aaba6d321106b8ccb1f61187,8759,12,0.33515981735159817,-0.16958609785868717,-0.18929157965109122,-0.6787222269972926,0.48943064734620134,0.024,-0.498223894533419,experiments/runs/curated_breadth_screen_v1/130__CANDIDATE_H003_MA_168_720_LONG_FLAT__ETHUSDT__2022__stress__trial_3f7c1f97b5f8fffdfd1516bf/run_receipt.json,32d3bdfe001d7ba6d55b2d548648a5f0efea1af544e8cfb3e2be9c2b329bf7fd,experiments/runs/curated_breadth_screen_v1/130__CANDIDATE_H003_MA_168_720_LONG_FLAT__ETHUSDT__2022__stress__trial_3f7c1f97b5f8fffdfd1516bf/metrics.json,983ddf01cec0488ec2db01f46dc7c785480dfcbedeb29615173322503da7ae65
CURATED_BREADTH_SCREEN_V1,CANDIDATE_H003_MA_168_720_LONG_FLAT,variant_296a2973dfde57cec911715b,H003_moving_average,existing-qntylab-strategies-v1,moving_average_trend,168/720,ETHUSDT,2024,2024-01-01T00:00:00Z,2024-12-31T23:00:00Z,baseline,10.0,0.0,trial_6760e2df25ce42be14ef6cb6,3584c161874dc3b8d8f9961901e5abaadebe32a1aaba6d321106b8ccb1f61187,8783,12,0.4254326047358834,0.1881965717957219,0.17401933258846558,0.45404724875953484,-0.28002791617106926,0.012,-0.39399277256942133,experiments/runs/curated_breadth_screen_v1/131__CANDIDATE_H003_MA_168_720_LONG_FLAT__ETHUSDT__2024__baseline__trial_6760e2df25ce42be14ef6cb6/run_receipt.json,e97318c6a12c6107f4959d8a28e6a485219c603a00dcffdb75ee0b7cb35a1600,experiments/runs/curated_breadth_screen_v1/131__CANDIDATE_H003_MA_168_720_LONG_FLAT__ETHUSDT__2024__baseline__trial_6760e2df25ce42be14ef6cb6/metrics.json,eacaef0a71f18d64eaf5618668002e91fb96678b9721f9bce098106a2b1f54e0
CURATED_BREADTH_SCREEN_V1,CANDIDATE_H003_MA_168_720_LONG_FLAT,variant_296a2973dfde57cec911715b,H003_moving_average,existing-qntylab-strategies-v1,moving_average_trend,168/720,ETHUSDT,2024,2024-01-01T00:00:00Z,2024-12-31T23:00:00Z,stress,10.0,10.0,trial_2cfe3907dbb9b86de1b7b983,3584c161874dc3b8d8f9961901e5abaadebe32a1aaba6d321106b8ccb1f61187,8783,12,0.4254326047358834,0.1881965717957219,0.15999731013290108,0.45404724875953484,-0.29404993862663376,0.024,-0.3988272901728871,experiments/runs/curated_breadth_screen_v1/132__CANDIDATE_H003_MA_168_720_LONG_FLAT__ETHUSDT__2024__stress__trial_2cfe3907dbb9b86de1b7b983/run_receipt.json,585c291b155785d40dfd84313468e971535a3ca4c48b8e845f3900aff8ad1559,experiments/runs/curated_breadth_screen_v1/132__CANDIDATE_H003_MA_168_720_LONG_FLAT__ETHUSDT__2024__stress__trial_2cfe3907dbb9b86de1b7b983/metrics.json,a443ce33d364650e4f31b84bd8884c69e6bd81ebc1293a90691363168b872adb
CURATED_BREADTH_SCREEN_V1,CANDIDATE_H003_MA_168_720_LONG_FLAT,variant_296a2973dfde57cec911715b,H003_moving_average,existing-qntylab-strategies-v1,moving_average_trend,168/720,ETHUSDT,2025,2025-01-01T00:00:00Z,2025-12-31T23:00:00Z,baseline,10.0,0.0,trial_6faab6a30d95b60ea55d113c,3584c161874dc3b8d8f9961901e5abaadebe32a1aaba6d321106b8ccb1f61187,8759,12,0.3747716894977169,0.5466017371337293,0.5281775726209712,-0.11655617326158696,0.6447337458825582,0.012,-0.40367969965774586,experiments/runs/curated_breadth_screen_v1/133__CANDIDATE_H003_MA_168_720_LONG_FLAT__ETHUSDT__2025__baseline__trial_6faab6a30d95b60ea55d113c/run_receipt.json,78e5b5be0fef2e1a934b258f1ab3e5db03e2c6a1fe9afc8147cc667bd1fff899,experiments/runs/curated_breadth_screen_v1/133__CANDIDATE_H003_MA_168_720_LONG_FLAT__ETHUSDT__2025__baseline__trial_6faab6a30d95b60ea55d113c/metrics.json,0d14fe0bc30fd5089d68cdf40518965eba5e8813a99314aa4681994d3b8e7cec
CURATED_BREADTH_SCREEN_V1,CANDIDATE_H003_MA_168_720_LONG_FLAT,variant_296a2973dfde57cec911715b,H003_moving_average,existing-qntylab-strategies-v1,moving_average_trend,168/720,ETHUSDT,2025,2025-01-01T00:00:00Z,2025-12-31T23:00:00Z,stress,10.0,10.0,trial_6ec2d2c7bb8b0f968409c2ca,3584c161874dc3b8d8f9961901e5abaadebe32a1aaba6d321106b8ccb1f61187,8759,12,0.3747716894977169,0.5466017371337293,0.5099547990527828,-0.11655617326158696,0.6265109723143698,0.024,-0.40724881979309313,experiments/runs/curated_breadth_screen_v1/134__CANDIDATE_H003_MA_168_720_LONG_FLAT__ETHUSDT__2025__stress__trial_6ec2d2c7bb8b0f968409c2ca/run_receipt.json,650f69ca9b7d5ef945dd5917f981cb8f946f80ab2769cb265375028bbf56964f,experiments/runs/curated_breadth_screen_v1/134__CANDIDATE_H003_MA_168_720_LONG_FLAT__ETHUSDT__2025__stress__trial_6ec2d2c7bb8b0f968409c2ca/metrics.json,6d2aa5d31bfd315b7e33f372d65431c3b42f6aeaf90502b3804e18ff57ba8423
CURATED_BREADTH_SCREEN_V1,CANDIDATE_H003_MA_168_720_LONG_FLAT,variant_296a2973dfde57cec911715b,H003_moving_average,existing-qntylab-strategies-v1,moving_average_trend,168/720,ETHUSDT,2026YTD,2026-01-01T00:00:00Z,2026-07-27T23:00:00Z,baseline,10.0,0.0,trial_3d177511442455903be374ec,3584c161874dc3b8d8f9961901e5abaadebe32a1aaba6d321106b8ccb1f61187,4991,5,0.3798076923076923,0.04299686591011742,0.03778818164648734,-0.36488232471197823,0.4026705063584656,0.005,-0.17054348247301554,experiments/runs/curated_breadth_screen_v1/135__CANDIDATE_H003_MA_168_720_LONG_FLAT__ETHUSDT__2026YTD__baseline__trial_3d177511442455903be374ec/run_receipt.json,a13ecadf4a95dc5a467757082dac2bed625488a020a6402c981b5e40c2c50686,experiments/runs/curated_breadth_screen_v1/135__CANDIDATE_H003_MA_168_720_LONG_FLAT__ETHUSDT__2026YTD__baseline__trial_3d177511442455903be374ec/metrics.json,beba2a938869788f2140bcb0835de36e57386160bd3d608dec4e0ba85ce8fc1c
CURATED_BREADTH_SCREEN_V1,CANDIDATE_H003_MA_168_720_LONG_FLAT,variant_296a2973dfde57cec911715b,H003_moving_average,existing-qntylab-strategies-v1,moving_average_trend,168/720,ETHUSDT,2026YTD,2026-01-01T00:00:00Z,2026-07-27T23:00:00Z,stress,10.0,10.0,trial_bd59010d7212deaa399914cf,3584c161874dc3b8d8f9961901e5abaadebe32a1aaba6d321106b8ccb1f61187,4991,5,0.3798076923076923,0.04299686591011742,0.03260032775751309,-0.36488232471197823,0.3974826524694913,0.01,-0.17306857373788098,experiments/runs/curated_breadth_screen_v1/136__CANDIDATE_H003_MA_168_720_LONG_FLAT__ETHUSDT__2026YTD__stress__trial_bd59010d7212deaa399914cf/run_receipt.json,e9abb223dc6dbef3cdfa5a14a9c859e0be88df79da7363e3c4375d9758fba4bf,experiments/runs/curated_breadth_screen_v1/136__CANDIDATE_H003_MA_168_720_LONG_FLAT__ETHUSDT__2026YTD__stress__trial_bd59010d7212deaa399914cf/metrics.json,592c7062574a72578a7abcf3526f4d9df649e7c060ed94f3b71aa573d7a9ba39
CURATED_BREADTH_SCREEN_V1,CANDIDATE_H003_MA_168_720_LONG_FLAT,variant_296a2973dfde57cec911715b,H003_moving_average,existing-qntylab-strategies-v1,moving_average_trend,168/720,SOLUSDT,2022,2022-01-01T00:00:00Z,2022-12-31T23:00:00Z,baseline,10.0,0.0,trial_a53a6ce2ad42b2751e32514b,c431aa068acbfedf3cb0c38845dfac275044a9cf83367075b47d47f06974e99d,8759,20,0.27614155251141553,-0.7558951849475912,-0.7607382018851185,-0.9421626638821209,0.18142446199700235,0.02,-0.8484116565874537,experiments/runs/curated_breadth_screen_v1/137__CANDIDATE_H003_MA_168_720_LONG_FLAT__SOLUSDT__2022__baseline__trial_a53a6ce2ad42b2751e32514b/run_receipt.json,657f9c3d63764e498ccaa7d767c217b1a05d2b1d073d6d73961eacec51cf5704,experiments/runs/curated_breadth_screen_v1/137__CANDIDATE_H003_MA_168_720_LONG_FLAT__SOLUSDT__2022__baseline__trial_a53a6ce2ad42b2751e32514b/metrics.json,e3a11f633e7b34218ed0516ed1d0ddce97d0b0c1f41f36aa5c59c98b83c770a4
CURATED_BREADTH_SCREEN_V1,CANDIDATE_H003_MA_168_720_LONG_FLAT,variant_296a2973dfde57cec911715b,H003_moving_average,existing-qntylab-strategies-v1,moving_average_trend,168/720,SOLUSDT,2022,2022-01-01T00:00:00Z,2022-12-31T23:00:00Z,stress,10.0,10.0,trial_6d5f72bebe3098850865b575,c431aa068acbfedf3cb0c38845dfac275044a9cf83367075b47d47f06974e99d,8759,20,0.27614155251141553,-0.7558951849475912,-0.7654898496974953,-0.9421626638821209,0.17667281418462555,0.04,-0.8511250946034196,experiments/runs/curated_breadth_screen_v1/138__CANDIDATE_H003_MA_168_720_LONG_FLAT__SOLUSDT__2022__stress__trial_6d5f72bebe3098850865b575/run_receipt.json,8f1d273ac5df86eeaf74336d99ce8c35e800e32f80067dd5a431fa4cf5618425,experiments/runs/curated_breadth_screen_v1/138__CANDIDATE_H003_MA_168_720_LONG_FLAT__SOLUSDT__2022__stress__trial_6d5f72bebe3098850865b575/metrics.json,88db0509559eae11d76259573c8f64108bb8bc6d0e9838f4a3ba26da0bd36de0
CURATED_BREADTH_SCREEN_V1,CANDIDATE_H003_MA_168_720_LONG_FLAT,variant_296a2973dfde57cec911715b,H003_moving_average,existing-qntylab-strategies-v1,moving_average_trend,168/720,SOLUSDT,2024,2024-01-01T00:00:00Z,2024-12-31T23:00:00Z,baseline,10.0,0.0,trial_36f7ce3e3f1b63b3977d699f,c431aa068acbfedf3cb0c38845dfac275044a9cf83367075b47d47f06974e99d,8783,14,0.543943533697632,1.12844267081393,1.0987904312948862,0.856708513142409,0.24208191815247715,0.014,-0.4374458620274586,experiments/runs/curated_breadth_screen_v1/139__CANDIDATE_H003_MA_168_720_LONG_FLAT__SOLUSDT__2024__baseline__trial_36f7ce3e3f1b63b3977d699f/run_receipt.json,154a8d412983054e4ebb5bf9a7963fae493a91ae26eb876fbab7d839e389aa49,experiments/runs/curated_breadth_screen_v1/139__CANDIDATE_H003_MA_168_720_LONG_FLAT__SOLUSDT__2024__baseline__trial_36f7ce3e3f1b63b3977d699f/metrics.json,eaf18f106504fe6a06dc5275e8ba4c596b2125cb7b9b9db372d6febb7c5a5411
CURATED_BREADTH_SCREEN_V1,CANDIDATE_H003_MA_168_720_LONG_FLAT,variant_296a2973dfde57cec911715b,H003_moving_average,existing-qntylab-strategies-v1,moving_average_trend,168/720,SOLUSDT,2024,2024-01-01T00:00:00Z,2024-12-31T23:00:00Z,stress,10.0,10.0,trial_3f795e3f4d015deab83075a6,c431aa068acbfedf3cb0c38845dfac275044a9cf83367075b47d47f06974e99d,8783,14,0.543943533697632,1.12844267081393,1.0695221640761554,0.856708513142409,0.21281365093374638,0.028,-0.4396895172044766,experiments/runs/curated_breadth_screen_v1/140__CANDIDATE_H003_MA_168_720_LONG_FLAT__SOLUSDT__2024__stress__trial_3f795e3f4d015deab83075a6/run_receipt.json,2f270351a3a2fd5bbe0650710a700d53a26f57c1b1387a8daa5a9f6405f853ae,experiments/runs/curated_breadth_screen_v1/140__CANDIDATE_H003_MA_168_720_LONG_FLAT__SOLUSDT__2024__stress__trial_3f795e3f4d015deab83075a6/metrics.json,ab0facc05ccb55cc05dbea057ac268bfd11bc0d6a44077d5b3ecc6dbbd9ccc96
CURATED_BREADTH_SCREEN_V1,CANDIDATE_H003_MA_168_720_LONG_FLAT,variant_296a2973dfde57cec911715b,H003_moving_average,existing-qntylab-strategies-v1,moving_average_trend,168/720,SOLUSDT,2025,2025-01-01T00:00:00Z,2025-12-31T23:00:00Z,baseline,10.0,0.0,trial_288a93dd5747b37f21a4eb41,c431aa068acbfedf3cb0c38845dfac275044a9cf83367075b47d47f06974e99d,8759,12,0.3718036529680365,-0.1815772270624746,-0.191367260252988,-0.3526020567154876,0.1612347964624996,0.012,-0.3770408335912804,experiments/runs/curated_breadth_screen_v1/141__CANDIDATE_H003_MA_168_720_LONG_FLAT__SOLUSDT__2025__baseline__trial_288a93dd5747b37f21a4eb41/run_receipt.json,3a355715114b9dffb764f886cc54e84c657dfa17835740193a8d72b52772a00d,experiments/runs/curated_breadth_screen_v1/141__CANDIDATE_H003_MA_168_720_LONG_FLAT__SOLUSDT__2025__baseline__trial_288a93dd5747b37f21a4eb41/metrics.json,e983da0a87b0a698362f2a4a1accefdabce43cfb9fc5867c2e93cd15ea91bc8f
CURATED_BREADTH_SCREEN_V1,CANDIDATE_H003_MA_168_720_LONG_FLAT,variant_296a2973dfde57cec911715b,H003_moving_average,existing-qntylab-strategies-v1,moving_average_trend,168/720,SOLUSDT,2025,2025-01-01T00:00:00Z,2025-12-31T23:00:00Z,stress,10.0,10.0,trial_9d180bc6b3efce6a3d9fa837,c431aa068acbfedf3cb0c38845dfac275044a9cf83367075b47d47f06974e99d,8759,12,0.3718036529680365,-0.1815772270624746,-0.20104983650489372,-0.3526020567154876,0.1515522202105939,0.024,-0.3782896202354502,experiments/runs/curated_breadth_screen_v1/142__CANDIDATE_H003_MA_168_720_LONG_FLAT__SOLUSDT__2025__stress__trial_9d180bc6b3efce6a3d9fa837/run_receipt.json,8bd3d97b81e4f065444539b0a3976333008d0017b7a8a76f214cc1eb223378e3,experiments/runs/curated_breadth_screen_v1/142__CANDIDATE_H003_MA_168_720_LONG_FLAT__SOLUSDT__2025__stress__trial_9d180bc6b3efce6a3d9fa837/metrics.json,4e749736bebbb1e1e8b27bc4a882087e1be80ac52abace404120a229a261c2d3
CURATED_BREADTH_SCREEN_V1,CANDIDATE_H003_MA_168_720_LONG_FLAT,variant_296a2973dfde57cec911715b,H003_moving_average,existing-qntylab-strategies-v1,moving_average_trend,168/720,SOLUSDT,2026YTD,2026-01-01T00:00:00Z,2026-07-27T23:00:00Z,baseline,10.0,0.0,trial_121fa1255aaa96230373d23a,c431aa068acbfedf3cb0c38845dfac275044a9cf83367075b47d47f06974e99d,4991,8,0.3766025641025641,-0.21607288394742397,-0.22232156667578362,-0.4071114662405114,0.1847898995647278,0.008,-0.26563107815939546,experiments/runs/curated_breadth_screen_v1/143__CANDIDATE_H003_MA_168_720_LONG_FLAT__SOLUSDT__2026YTD__baseline__trial_121fa1255aaa96230373d23a/run_receipt.json,265fc3bbadec1abaa45b2a88d622fb6161f1c781a21d4a2f41440ee7f381b5ca,experiments/runs/curated_breadth_screen_v1/143__CANDIDATE_H003_MA_168_720_LONG_FLAT__SOLUSDT__2026YTD__baseline__trial_121fa1255aaa96230373d23a/metrics.json,2f78bb408bd00c489bf6247f43162ae83cba1009cbc41f14a1748f1a865d9506
CURATED_BREADTH_SCREEN_V1,CANDIDATE_H003_MA_168_720_LONG_FLAT,variant_296a2973dfde57cec911715b,H003_moving_average,existing-qntylab-strategies-v1,moving_average_trend,168/720,SOLUSDT,2026YTD,2026-01-01T00:00:00Z,2026-07-27T23:00:00Z,stress,10.0,10.0,trial_26e5744d60887f76f6cfadf8,c431aa068acbfedf3cb0c38845dfac275044a9cf83367075b47d47f06974e99d,4991,8,0.3766025641025641,-0.21607288394742397,-0.22852662369076793,-0.4071114662405114,0.1785848425497435,0.016,-0.27003009858678995,experiments/runs/curated_breadth_screen_v1/144__CANDIDATE_H003_MA_168_720_LONG_FLAT__SOLUSDT__2026YTD__stress__trial_26e5744d60887f76f6cfadf8/run_receipt.json,ff76bba6c9675c2e902cf0ea5327b87d262aedacbf0d60edb1bdaffdc478e92a,experiments/runs/curated_breadth_screen_v1/144__CANDIDATE_H003_MA_168_720_LONG_FLAT__SOLUSDT__2026YTD__stress__trial_26e5744d60887f76f6cfadf8/metrics.json,57a3493e1fc662dd43d54894d89ee663051e085da6482ea5041940b92e6b70bc
CURATED_BREADTH_SCREEN_V1,CANDIDATE_H005_DONCHIAN_168_LONG_FLAT,variant_03c4724abe6c8715f5eaa727,H005_donchian,existing-qntylab-strategies-v1,price_breakout,168,BTCUSDT,2022,2022-01-01T00:00:00Z,2022-12-31T23:00:00Z,baseline,10.0,0.0,trial_22e79f8efbdf309e3b87e013,6dcc8c6293f24e2e91957b286a96d9b87fd646e4b57c846495bd41d1aa225b65,8759,228,0.02237442922374429,-0.035034644819869176,-0.23186664211990937,-0.645439945404816,0.4135733032849066,0.22800000000000004,-0.25593001087338385,experiments/runs/curated_breadth_screen_v1/145__CANDIDATE_H005_DONCHIAN_168_LONG_FLAT__BTCUSDT__2022__baseline__trial_22e79f8efbdf309e3b87e013/run_receipt.json,e30285568428213524d7ad27ef9e4bdc151ba14edf9b5625d18b29d0a77e6c60,experiments/runs/curated_breadth_screen_v1/145__CANDIDATE_H005_DONCHIAN_168_LONG_FLAT__BTCUSDT__2022__baseline__trial_22e79f8efbdf309e3b87e013/metrics.json,1ed5b38ef2ea8d1b4110018430439d9a6ae9cca76ef374d4a7c890fe30a51c7e
CURATED_BREADTH_SCREEN_V1,CANDIDATE_H005_DONCHIAN_168_LONG_FLAT,variant_03c4724abe6c8715f5eaa727,H005_donchian,existing-qntylab-strategies-v1,price_breakout,168,BTCUSDT,2022,2022-01-01T00:00:00Z,2022-12-31T23:00:00Z,stress,10.0,10.0,trial_6dbdf344e1bf7363b89c6864,6dcc8c6293f24e2e91957b286a96d9b87fd646e4b57c846495bd41d1aa225b65,8759,228,0.02237442922374429,-0.035034644819869176,-0.3886888803597106,-0.645439945404816,0.25675106504510536,0.45600000000000007,-0.39494135858244805,experiments/runs/curated_breadth_screen_v1/146__CANDIDATE_H005_DONCHIAN_168_LONG_FLAT__BTCUSDT__2022__stress__trial_6dbdf344e1bf7363b89c6864/run_receipt.json,8eb4bf09c35209630a30571e4bee170036e8428f7b43ac19b5abbf4d0712e421,experiments/runs/curated_breadth_screen_v1/146__CANDIDATE_H005_DONCHIAN_168_LONG_FLAT__BTCUSDT__2022__stress__trial_6dbdf344e1bf7363b89c6864/metrics.json,fff3f25ed78b33420e88279c7abb508e7802bbd068ab740d18bf5073988de856
CURATED_BREADTH_SCREEN_V1,CANDIDATE_H005_DONCHIAN_168_LONG_FLAT,variant_03c4724abe6c8715f5eaa727,H005_donchian,existing-qntylab-strategies-v1,price_breakout,168,BTCUSDT,2024,2024-01-01T00:00:00Z,2024-12-31T23:00:00Z,baseline,10.0,0.0,trial_71c06289c905f7461a7e1b70,6dcc8c6293f24e2e91957b286a96d9b87fd646e4b57c846495bd41d1aa225b65,8783,402,0.042805100182149364,0.15465906831170262,-0.22763855718538517,1.2030722376312029,-1.430710794816588,0.402,-0.24710764589906375,experiments/runs/curated_breadth_screen_v1/147__CANDIDATE_H005_DONCHIAN_168_LONG_FLAT__BTCUSDT__2024__baseline__trial_71c06289c905f7461a7e1b70/run_receipt.json,cb1965957224d818bff70e4aab288eb0bbf17cd1489eeb12b4723423e0642488,experiments/runs/curated_breadth_screen_v1/147__CANDIDATE_H005_DONCHIAN_168_LONG_FLAT__BTCUSDT__2024__baseline__trial_71c06289c905f7461a7e1b70/metrics.json,2e1398b078055f102d09f8ef376ae924e6815d97ea92008f19fb060573167ff0
CURATED_BREADTH_SCREEN_V1,CANDIDATE_H005_DONCHIAN_168_LONG_FLAT,variant_03c4724abe6c8715f5eaa727,H005_donchian,existing-qntylab-strategies-v1,price_breakout,168,BTCUSDT,2024,2024-01-01T00:00:00Z,2024-12-31T23:00:00Z,stress,10.0,10.0,trial_9db2bda0ddb24d80d4f611a0,6dcc8c6293f24e2e91957b286a96d9b87fd646e4b57c846495bd41d1aa225b65,8783,402,0.042805100182149364,0.15465906831170262,-0.48356871676575286,1.2030722376312029,-1.6866409543969558,0.804,-0.4930634902590474,experiments/runs/curated_breadth_screen_v1/148__CANDIDATE_H005_DONCHIAN_168_LONG_FLAT__BTCUSDT__2024__stress__trial_9db2bda0ddb24d80d4f611a0/run_receipt.json,1ca1b99938f0cae7a979b68201aa74d643e15bf951f83a0520ab42204eb0450a,experiments/runs/curated_breadth_screen_v1/148__CANDIDATE_H005_DONCHIAN_168_LONG_FLAT__BTCUSDT__2024__stress__trial_9db2bda0ddb24d80d4f611a0/metrics.json,40f7fa6e81539c3daffd9584e98127deda8d6e8c20b498ab4b337a38cfd35df6
CURATED_BREADTH_SCREEN_V1,CANDIDATE_H005_DONCHIAN_168_LONG_FLAT,variant_03c4724abe6c8715f5eaa727,H005_donchian,existing-qntylab-strategies-v1,price_breakout,168,BTCUSDT,2025,2025-01-01T00:00:00Z,2025-12-31T23:00:00Z,baseline,10.0,0.0,trial_df3181ee0b5443d20f6ed2ba,6dcc8c6293f24e2e91957b286a96d9b87fd646e4b57c846495bd41d1aa225b65,8759,300,0.02910958904109589,-0.010944045131545344,-0.267361561975049,-0.07153430562385155,-0.19582725635119747,0.30000000000000004,-0.2764926015638003,experiments/runs/curated_breadth_screen_v1/149__CANDIDATE_H005_DONCHIAN_168_LONG_FLAT__BTCUSDT__2025__baseline__trial_df3181ee0b5443d20f6ed2ba/run_receipt.json,ea96eba8696eda511c374b3383bb9bdfbc3072e71b03ff8144345fcf5bd9cbaf,experiments/runs/curated_breadth_screen_v1/149__CANDIDATE_H005_DONCHIAN_168_LONG_FLAT__BTCUSDT__2025__baseline__trial_df3181ee0b5443d20f6ed2ba/metrics.json,50903a407682cb4e02c2b4a50fbcb7999e961faa0b865236efa60526c4fca51f
CURATED_BREADTH_SCREEN_V1,CANDIDATE_H005_DONCHIAN_168_LONG_FLAT,variant_03c4724abe6c8715f5eaa727,H005_donchian,existing-qntylab-strategies-v1,price_breakout,168,BTCUSDT,2025,2025-01-01T00:00:00Z,2025-12-31T23:00:00Z,stress,10.0,10.0,trial_d1c9a65f2030cfe050d52f3a,6dcc8c6293f24e2e91957b286a96d9b87fd646e4b57c846495bd41d1aa225b65,8759,300,0.02910958904109589,-0.010944045131545344,-0.4574646601048631,-0.07153430562385155,-0.38593035448101154,0.6000000000000001,-0.4582595670788685,experiments/runs/curated_breadth_screen_v1/150__CANDIDATE_H005_DONCHIAN_168_LONG_FLAT__BTCUSDT__2025__stress__trial_d1c9a65f2030cfe050d52f3a/run_receipt.json,92bf4e2691d74b955942d13b790643c46eddebe524e699b1af97f0ded8338a2c,experiments/runs/curated_breadth_screen_v1/150__CANDIDATE_H005_DONCHIAN_168_LONG_FLAT__BTCUSDT__2025__stress__trial_d1c9a65f2030cfe050d52f3a/metrics.json,008593dcb089b0f27227dfc98902509542990c8e488339ffa05d17a79c1d1528
CURATED_BREADTH_SCREEN_V1,CANDIDATE_H005_DONCHIAN_168_LONG_FLAT,variant_03c4724abe6c8715f5eaa727,H005_donchian,existing-qntylab-strategies-v1,price_breakout,168,BTCUSDT,2026YTD,2026-01-01T00:00:00Z,2026-07-27T23:00:00Z,baseline,10.0,0.0,trial_504c6f65f77ba91c34925492,6dcc8c6293f24e2e91957b286a96d9b87fd646e4b57c846495bd41d1aa225b65,4991,142,0.027644230769230768,-0.050131428125710364,-0.1759513963923136,-0.27392758141712437,0.09797618502481076,0.14200000000000002,-0.1890911794763367,experiments/runs/curated_breadth_screen_v1/151__CANDIDATE_H005_DONCHIAN_168_LONG_FLAT__BTCUSDT__2026YTD__baseline__trial_504c6f65f77ba91c34925492/run_receipt.json,963c8a5198311367d7adc61bb7a58a4cbf06b5def440ba197cab0eff05fb0523,experiments/runs/curated_breadth_screen_v1/151__CANDIDATE_H005_DONCHIAN_168_LONG_FLAT__BTCUSDT__2026YTD__baseline__trial_504c6f65f77ba91c34925492/metrics.json,9f3c6d1e0cbb5bbfe09baa84ad2e2e32109a1294f12739a913ffd484993cf10b
CURATED_BREADTH_SCREEN_V1,CANDIDATE_H005_DONCHIAN_168_LONG_FLAT,variant_03c4724abe6c8715f5eaa727,H005_donchian,existing-qntylab-strategies-v1,price_breakout,168,BTCUSDT,2026YTD,2026-01-01T00:00:00Z,2026-07-27T23:00:00Z,stress,10.0,10.0,trial_0584e59e46ab1db2adb17d77,6dcc8c6293f24e2e91957b286a96d9b87fd646e4b57c846495bd41d1aa225b65,4991,142,0.027644230769230768,-0.050131428125710364,-0.2852069469375592,-0.27392758141712437,-0.011279365520434848,0.28400000000000003,-0.2926713059499424,experiments/runs/curated_breadth_screen_v1/152__CANDIDATE_H005_DONCHIAN_168_LONG_FLAT__BTCUSDT__2026YTD__stress__trial_0584e59e46ab1db2adb17d77/run_receipt.json,0229c470b46869260af8d3db3f580bd41be9d36ae3ea8acb56fdd042121f67b4,experiments/runs/curated_breadth_screen_v1/152__CANDIDATE_H005_DONCHIAN_168_LONG_FLAT__BTCUSDT__2026YTD__stress__trial_0584e59e46ab1db2adb17d77/metrics.json,654438fae1327a0b3940f86aaa5f77735ffb0addc85d253ab66e2b9e2d27ff82
CURATED_BREADTH_SCREEN_V1,CANDIDATE_H005_DONCHIAN_168_LONG_FLAT,variant_03c4724abe6c8715f5eaa727,H005_donchian,existing-qntylab-strategies-v1,price_breakout,168,ETHUSDT,2022,2022-01-01T00:00:00Z,2022-12-31T23:00:00Z,baseline,10.0,0.0,trial_bca606879b9f123103e44ca3,3584c161874dc3b8d8f9961901e5abaadebe32a1aaba6d321106b8ccb1f61187,8759,256,0.024315068493150686,-0.09567263849902918,-0.3000646530328961,-0.6787222269972926,0.3786575739643965,0.256,-0.3264197611917641,experiments/runs/curated_breadth_screen_v1/153__CANDIDATE_H005_DONCHIAN_168_LONG_FLAT__ETHUSDT__2022__baseline__trial_bca606879b9f123103e44ca3/run_receipt.json,7133d22606c1cc0791acad91d78f18f9cda422b7a02a8bdcf5acd0aec4a6210e,experiments/runs/curated_breadth_screen_v1/153__CANDIDATE_H005_DONCHIAN_168_LONG_FLAT__ETHUSDT__2022__baseline__trial_bca606879b9f123103e44ca3/metrics.json,2f15c26d4ae50974dcea328fa0544c6667751e2cebab0eb56c68c957e913c2b9
CURATED_BREADTH_SCREEN_V1,CANDIDATE_H005_DONCHIAN_168_LONG_FLAT,variant_03c4724abe6c8715f5eaa727,H005_donchian,existing-qntylab-strategies-v1,price_breakout,168,ETHUSDT,2022,2022-01-01T00:00:00Z,2022-12-31T23:00:00Z,stress,10.0,10.0,trial_507534a8aab3b589765686f7,3584c161874dc3b8d8f9961901e5abaadebe32a1aaba6d321106b8ccb1f61187,8759,256,0.024315068493150686,-0.09567263849902918,-0.45839993375225063,-0.6787222269972926,0.22032229324504193,0.512,-0.4599899735282942,experiments/runs/curated_breadth_screen_v1/154__CANDIDATE_H005_DONCHIAN_168_LONG_FLAT__ETHUSDT__2022__stress__trial_507534a8aab3b589765686f7/run_receipt.json,ed7a63086aa012835557d01e5e313fc5cb505a4704498b193250f67dac6316ab,experiments/runs/curated_breadth_screen_v1/154__CANDIDATE_H005_DONCHIAN_168_LONG_FLAT__ETHUSDT__2022__stress__trial_507534a8aab3b589765686f7/metrics.json,1bc5836fbb3115a76030fa32afdd665a659328c6cf33196b606019e68048bee6
CURATED_BREADTH_SCREEN_V1,CANDIDATE_H005_DONCHIAN_168_LONG_FLAT,variant_03c4724abe6c8715f5eaa727,H005_donchian,existing-qntylab-strategies-v1,price_breakout,168,ETHUSDT,2024,2024-01-01T00:00:00Z,2024-12-31T23:00:00Z,baseline,10.0,0.0,trial_d13fdc6646cf04325ad5b0f5,3584c161874dc3b8d8f9961901e5abaadebe32a1aaba6d321106b8ccb1f61187,8783,368,0.039959016393442626,-0.03580658913177415,-0.3328406831206917,0.45404724875953484,-0.7868879318802265,0.368,-0.35981163389837834,experiments/runs/curated_breadth_screen_v1/155__CANDIDATE_H005_DONCHIAN_168_LONG_FLAT__ETHUSDT__2024__baseline__trial_d13fdc6646cf04325ad5b0f5/run_receipt.json,b106a15b7b81212570ffde69391516c335276f167b3ccc626c28b073bf96f9c8,experiments/runs/curated_breadth_screen_v1/155__CANDIDATE_H005_DONCHIAN_168_LONG_FLAT__ETHUSDT__2024__baseline__trial_d13fdc6646cf04325ad5b0f5/metrics.json,03f270f0e887d6d54c8f8f6a238fd503ef90c3c0de86620c23de1f967be18658
CURATED_BREADTH_SCREEN_V1,CANDIDATE_H005_DONCHIAN_168_LONG_FLAT,variant_03c4724abe6c8715f5eaa727,H005_donchian,existing-qntylab-strategies-v1,price_breakout,168,ETHUSDT,2024,2024-01-01T00:00:00Z,2024-12-31T23:00:00Z,stress,10.0,10.0,trial_fae34895420740521f8b8e43,3584c161874dc3b8d8f9961901e5abaadebe32a1aaba6d321106b8ccb1f61187,8783,368,0.039959016393442626,-0.03580658913177415,-0.5385392818967294,0.45404724875953484,-0.9925865306562642,0.736,-0.5540794618108145,experiments/runs/curated_breadth_screen_v1/156__CANDIDATE_H005_DONCHIAN_168_LONG_FLAT__ETHUSDT__2024__stress__trial_fae34895420740521f8b8e43/run_receipt.json,76a012f784b1ef4758c4be7f2ac5d6a3b2d8ff5a0e8265a5796e41bc09af1df5,experiments/runs/curated_breadth_screen_v1/156__CANDIDATE_H005_DONCHIAN_168_LONG_FLAT__ETHUSDT__2024__stress__trial_fae34895420740521f8b8e43/metrics.json,f7a423908969fd8bee7d0a036f456873611f58234feea5b781d892acfafc0e02
CURATED_BREADTH_SCREEN_V1,CANDIDATE_H005_DONCHIAN_168_LONG_FLAT,variant_03c4724abe6c8715f5eaa727,H005_donchian,existing-qntylab-strategies-v1,price_breakout,168,ETHUSDT,2025,2025-01-01T00:00:00Z,2025-12-31T23:00:00Z,baseline,10.0,0.0,trial_b2c4a214eb66a8b9dff2774b,3584c161874dc3b8d8f9961901e5abaadebe32a1aaba6d321106b8ccb1f61187,8759,284,0.02968036529680365,-0.1683446424336572,-0.37412978797735486,-0.11655617326158696,-0.2575736147157679,0.28400000000000003,-0.37412978797735486,experiments/runs/curated_breadth_screen_v1/157__CANDIDATE_H005_DONCHIAN_168_LONG_FLAT__ETHUSDT__2025__baseline__trial_b2c4a214eb66a8b9dff2774b/run_receipt.json,75d7920810c868366ea11751e4c6ed8850ad2ce5694c38b9b6371392fa27f464,experiments/runs/curated_breadth_screen_v1/157__CANDIDATE_H005_DONCHIAN_168_LONG_FLAT__ETHUSDT__2025__baseline__trial_b2c4a214eb66a8b9dff2774b/metrics.json,ad074ad459635b9f41ab7841bb4d3f2b373a519389fa4bcc1fef9bf5d1e718e8
CURATED_BREADTH_SCREEN_V1,CANDIDATE_H005_DONCHIAN_168_LONG_FLAT,variant_03c4724abe6c8715f5eaa727,H005_donchian,existing-qntylab-strategies-v1,price_breakout,168,ETHUSDT,2025,2025-01-01T00:00:00Z,2025-12-31T23:00:00Z,stress,10.0,10.0,trial_fe602eddcba40a9d1c3c2654,3584c161874dc3b8d8f9961901e5abaadebe32a1aaba6d321106b8ccb1f61187,8759,284,0.02968036529680365,-0.1683446424336572,-0.5291295151033417,-0.11655617326158696,-0.41257334184175476,0.5680000000000001,-0.5291295151033417,experiments/runs/curated_breadth_screen_v1/158__CANDIDATE_H005_DONCHIAN_168_LONG_FLAT__ETHUSDT__2025__stress__trial_fe602eddcba40a9d1c3c2654/run_receipt.json,5598c821380c5cbbd56d6f86318dd0b53a5fad8f49ea7214c7f21187e61a1267,experiments/runs/curated_breadth_screen_v1/158__CANDIDATE_H005_DONCHIAN_168_LONG_FLAT__ETHUSDT__2025__stress__trial_fe602eddcba40a9d1c3c2654/metrics.json,d9275094ebd0d4b60b829c3b6e20e21cc0933b66f482a4c87f605209a5244529
CURATED_BREADTH_SCREEN_V1,CANDIDATE_H005_DONCHIAN_168_LONG_FLAT,variant_03c4724abe6c8715f5eaa727,H005_donchian,existing-qntylab-strategies-v1,price_breakout,168,ETHUSDT,2026YTD,2026-01-01T00:00:00Z,2026-07-27T23:00:00Z,baseline,10.0,0.0,trial_43ece0a44ba12fc1f5efa1bc,3584c161874dc3b8d8f9961901e5abaadebe32a1aaba6d321106b8ccb1f61187,4991,102,0.020432692307692308,0.04269734485818977,-0.05849575296678766,-0.36488232471197823,0.3063865717451906,0.10200000000000001,-0.08194307509986543,experiments/runs/curated_breadth_screen_v1/159__CANDIDATE_H005_DONCHIAN_168_LONG_FLAT__ETHUSDT__2026YTD__baseline__trial_43ece0a44ba12fc1f5efa1bc/run_receipt.json,370130e88bc11e822b521d890c11a42d97d4f33064c24d9c4487ce9dd2c5a3ed,experiments/runs/curated_breadth_screen_v1/159__CANDIDATE_H005_DONCHIAN_168_LONG_FLAT__ETHUSDT__2026YTD__baseline__trial_43ece0a44ba12fc1f5efa1bc/metrics.json,82d404d27c95f77c9b26067f18f95dc58de3dccf1d684097f71c3c7301462dd3
CURATED_BREADTH_SCREEN_V1,CANDIDATE_H005_DONCHIAN_168_LONG_FLAT,variant_03c4724abe6c8715f5eaa727,H005_donchian,existing-qntylab-strategies-v1,price_breakout,168,ETHUSDT,2026YTD,2026-01-01T00:00:00Z,2026-07-27T23:00:00Z,stress,10.0,10.0,trial_9b5626f4f291b463045cab59,3584c161874dc3b8d8f9961901e5abaadebe32a1aaba6d321106b8ccb1f61187,4991,102,0.020432692307692308,0.04269734485818977,-0.14995507292711385,-0.36488232471197823,0.21492725178486438,0.20400000000000001,-0.15339892863562266,experiments/runs/curated_breadth_screen_v1/160__CANDIDATE_H005_DONCHIAN_168_LONG_FLAT__ETHUSDT__2026YTD__stress__trial_9b5626f4f291b463045cab59/run_receipt.json,6b090f668946d873efaac8eb783b51b6ed23edc5291248a22ce2250942c47ea7,experiments/runs/curated_breadth_screen_v1/160__CANDIDATE_H005_DONCHIAN_168_LONG_FLAT__ETHUSDT__2026YTD__stress__trial_9b5626f4f291b463045cab59/metrics.json,73566ad9bf264e7b9c1bf1ce21fe0fddbedf26dbf863996edb8cb0bb53c3cbee
CURATED_BREADTH_SCREEN_V1,CANDIDATE_H005_DONCHIAN_168_LONG_FLAT,variant_03c4724abe6c8715f5eaa727,H005_donchian,existing-qntylab-strategies-v1,price_breakout,168,SOLUSDT,2022,2022-01-01T00:00:00Z,2022-12-31T23:00:00Z,baseline,10.0,0.0,trial_5388d7461275a827b08aab59,c431aa068acbfedf3cb0c38845dfac275044a9cf83367075b47d47f06974e99d,8759,204,0.021118721461187213,-0.14843139101920244,-0.3057316572969694,-0.9421626638821209,0.6364310065851515,0.20400000000000001,-0.345271795807196,experiments/runs/curated_breadth_screen_v1/161__CANDIDATE_H005_DONCHIAN_168_LONG_FLAT__SOLUSDT__2022__baseline__trial_5388d7461275a827b08aab59/run_receipt.json,275c0a9ff41ace3e91b232bd0023a4a5437f8c60d240e2ef9262cd9cc5eef98d,experiments/runs/curated_breadth_screen_v1/161__CANDIDATE_H005_DONCHIAN_168_LONG_FLAT__SOLUSDT__2022__baseline__trial_5388d7461275a827b08aab59/metrics.json,c517b5e6de889a2b79cc3420699fff56b8ca2766aceb01352b44444a8d71b113
CURATED_BREADTH_SCREEN_V1,CANDIDATE_H005_DONCHIAN_168_LONG_FLAT,variant_03c4724abe6c8715f5eaa727,H005_donchian,existing-qntylab-strategies-v1,price_breakout,168,SOLUSDT,2022,2022-01-01T00:00:00Z,2022-12-31T23:00:00Z,stress,10.0,10.0,trial_982a8df8c15c21f730c4f0d3,c431aa068acbfedf3cb0c38845dfac275044a9cf83367075b47d47f06974e99d,8759,204,0.021118721461187213,-0.14843139101920244,-0.434091528596255,-0.9421626638821209,0.5080711352858659,0.40800000000000003,-0.4572640389987018,experiments/runs/curated_breadth_screen_v1/162__CANDIDATE_H005_DONCHIAN_168_LONG_FLAT__SOLUSDT__2022__stress__trial_982a8df8c15c21f730c4f0d3/run_receipt.json,787bfbf9136d2a63c6f05416c2fae65910613835cb702565d57652eeee8dde66,experiments/runs/curated_breadth_screen_v1/162__CANDIDATE_H005_DONCHIAN_168_LONG_FLAT__SOLUSDT__2022__stress__trial_982a8df8c15c21f730c4f0d3/metrics.json,ecddf6df80ad66254e3a56324b6f3d7202f2d4d80919aae23e240daa584a354c
CURATED_BREADTH_SCREEN_V1,CANDIDATE_H005_DONCHIAN_168_LONG_FLAT,variant_03c4724abe6c8715f5eaa727,H005_donchian,existing-qntylab-strategies-v1,price_breakout,168,SOLUSDT,2024,2024-01-01T00:00:00Z,2024-12-31T23:00:00Z,baseline,10.0,0.0,trial_97a773241d1bf5b641eb8238,c431aa068acbfedf3cb0c38845dfac275044a9cf83367075b47d47f06974e99d,8783,374,0.03756830601092896,-0.12528365824061738,-0.3982445082855476,0.856708513142409,-1.2549530214279567,0.374,-0.3982445082855476,experiments/runs/curated_breadth_screen_v1/163__CANDIDATE_H005_DONCHIAN_168_LONG_FLAT__SOLUSDT__2024__baseline__trial_97a773241d1bf5b641eb8238/run_receipt.json,b60d93288e7c3508dcbb80d0bb9202d9fe99be78116f28c732eac479664aaa95,experiments/runs/curated_breadth_screen_v1/163__CANDIDATE_H005_DONCHIAN_168_LONG_FLAT__SOLUSDT__2024__baseline__trial_97a773241d1bf5b641eb8238/metrics.json,9f53032760b18c37473819966dcd29354e1023308479edf5a3c5328673fce4a4
CURATED_BREADTH_SCREEN_V1,CANDIDATE_H005_DONCHIAN_168_LONG_FLAT,variant_03c4724abe6c8715f5eaa727,H005_donchian,existing-qntylab-strategies-v1,price_breakout,168,SOLUSDT,2024,2024-01-01T00:00:00Z,2024-12-31T23:00:00Z,stress,10.0,10.0,trial_bc822fcba4ac35f8e9a3497b,c431aa068acbfedf3cb0c38845dfac275044a9cf83367075b47d47f06974e99d,8783,374,0.03756830601092896,-0.12528365824061738,-0.5861811718065565,0.856708513142409,-1.4428896849489656,0.748,-0.5861811718065565,experiments/runs/curated_breadth_screen_v1/164__CANDIDATE_H005_DONCHIAN_168_LONG_FLAT__SOLUSDT__2024__stress__trial_bc822fcba4ac35f8e9a3497b/run_receipt.json,5c2e6773c5af7de1d2d314fc479d374993c9483ec92ba26550e36e7cb370eab9,experiments/runs/curated_breadth_screen_v1/164__CANDIDATE_H005_DONCHIAN_168_LONG_FLAT__SOLUSDT__2024__stress__trial_bc822fcba4ac35f8e9a3497b/metrics.json,97035dc35a88f588eb85ee8e17b7f0420e40b5ad6d228a90c851865153e3b857
CURATED_BREADTH_SCREEN_V1,CANDIDATE_H005_DONCHIAN_168_LONG_FLAT,variant_03c4724abe6c8715f5eaa727,H005_donchian,existing-qntylab-strategies-v1,price_breakout,168,SOLUSDT,2025,2025-01-01T00:00:00Z,2025-12-31T23:00:00Z,baseline,10.0,0.0,trial_cb483bbb9cf9b0142ebbe138,c431aa068acbfedf3cb0c38845dfac275044a9cf83367075b47d47f06974e99d,8759,322,0.03264840182648402,0.018506185263652997,-0.26190404606483964,-0.3526020567154876,0.09069801065064798,0.32200000000000006,-0.39760509401324473,experiments/runs/curated_breadth_screen_v1/165__CANDIDATE_H005_DONCHIAN_168_LONG_FLAT__SOLUSDT__2025__baseline__trial_cb483bbb9cf9b0142ebbe138/run_receipt.json,0a84ef93a8a9df65fc6659f4b05e4368779241dbd3e630eda7bd1e0ea8e52a0b,experiments/runs/curated_breadth_screen_v1/165__CANDIDATE_H005_DONCHIAN_168_LONG_FLAT__SOLUSDT__2025__baseline__trial_cb483bbb9cf9b0142ebbe138/metrics.json,77aa10752a62afa1b9ed7f549f2bbb3555d7f5c0eb905b04e223a23722c6022d
CURATED_BREADTH_SCREEN_V1,CANDIDATE_H005_DONCHIAN_168_LONG_FLAT,variant_03c4724abe6c8715f5eaa727,H005_donchian,existing-qntylab-strategies-v1,price_breakout,168,SOLUSDT,2025,2025-01-01T00:00:00Z,2025-12-31T23:00:00Z,stress,10.0,10.0,trial_fa887857af6655ec230a5d34,c431aa068acbfedf3cb0c38845dfac275044a9cf83367075b47d47f06974e99d,8759,322,0.03264840182648402,0.018506185263652997,-0.4652854867796302,-0.3526020567154876,-0.11268343006414261,0.6440000000000001,-0.5494889808973971,experiments/runs/curated_breadth_screen_v1/166__CANDIDATE_H005_DONCHIAN_168_LONG_FLAT__SOLUSDT__2025__stress__trial_fa887857af6655ec230a5d34/run_receipt.json,eb932274746bba2f9bc1121afd6415406977add5295e392151afb5d427973e1e,experiments/runs/curated_breadth_screen_v1/166__CANDIDATE_H005_DONCHIAN_168_LONG_FLAT__SOLUSDT__2025__stress__trial_fa887857af6655ec230a5d34/metrics.json,9949507d46075fb3cf0169beba18c282b69d144df39b0236414d0872c4e5f97f
CURATED_BREADTH_SCREEN_V1,CANDIDATE_H005_DONCHIAN_168_LONG_FLAT,variant_03c4724abe6c8715f5eaa727,H005_donchian,existing-qntylab-strategies-v1,price_breakout,168,SOLUSDT,2026YTD,2026-01-01T00:00:00Z,2026-07-27T23:00:00Z,baseline,10.0,0.0,trial_2849e535fe56aa2ab059b571,c431aa068acbfedf3cb0c38845dfac275044a9cf83367075b47d47f06974e99d,4991,114,0.023036858974358976,-0.024410156394119698,-0.12963514402467857,-0.4071114662405114,0.27747632221583285,0.114,-0.14622340532912248,experiments/runs/curated_breadth_screen_v1/167__CANDIDATE_H005_DONCHIAN_168_LONG_FLAT__SOLUSDT__2026YTD__baseline__trial_2849e535fe56aa2ab059b571/run_receipt.json,0eb46f416a945fe3bc29aec2b28589ef0381ad2e3d906352c5b8a63ab2d71076,experiments/runs/curated_breadth_screen_v1/167__CANDIDATE_H005_DONCHIAN_168_LONG_FLAT__SOLUSDT__2026YTD__baseline__trial_2849e535fe56aa2ab059b571/metrics.json,67f1be0954c7787fa70b793911fc76848de652670ee5ba9e293caf2418838ca7
CURATED_BREADTH_SCREEN_V1,CANDIDATE_H005_DONCHIAN_168_LONG_FLAT,variant_03c4724abe6c8715f5eaa727,H005_donchian,existing-qntylab-strategies-v1,price_breakout,168,SOLUSDT,2026YTD,2026-01-01T00:00:00Z,2026-07-27T23:00:00Z,stress,10.0,10.0,trial_0acdb00163347abad1f0d851,c431aa068acbfedf3cb0c38845dfac275044a9cf83367075b47d47f06974e99d,4991,114,0.023036858974358976,-0.024410156394119698,-0.2235996011722885,-0.4071114662405114,0.18351186506822292,0.228,-0.2235996011722885,experiments/runs/curated_breadth_screen_v1/168__CANDIDATE_H005_DONCHIAN_168_LONG_FLAT__SOLUSDT__2026YTD__stress__trial_0acdb00163347abad1f0d851/run_receipt.json,eeb601bbd0157c6bbae2b0f5654f50f531b44f7574406c5eab75d7641fcb1847,experiments/runs/curated_breadth_screen_v1/168__CANDIDATE_H005_DONCHIAN_168_LONG_FLAT__SOLUSDT__2026YTD__stress__trial_0acdb00163347abad1f0d851/metrics.json,8b6a2257f7369818544419ad056066eb9995008fe8ee2835cab0648ad911704a
CURATED_BREADTH_SCREEN_V1,CANDIDATE_H005_DONCHIAN_720_LONG_FLAT,variant_9537b83ca36824b3cd47adc1,H005_donchian,existing-qntylab-strategies-v1,price_breakout,720,BTCUSDT,2022,2022-01-01T00:00:00Z,2022-12-31T23:00:00Z,baseline,10.0,0.0,trial_3353b9bc0a38fcded1c17342,6dcc8c6293f24e2e91957b286a96d9b87fd646e4b57c846495bd41d1aa225b65,8759,70,0.0061643835616438354,0.0016329751171961782,-0.06610212179320873,-0.645439945404816,0.5793378236116072,0.07,-0.09262249664452638,experiments/runs/curated_breadth_screen_v1/169__CANDIDATE_H005_DONCHIAN_720_LONG_FLAT__BTCUSDT__2022__baseline__trial_3353b9bc0a38fcded1c17342/run_receipt.json,afd2b2d16b31833440f36738355ed2c26f898d92cb8eb0259b530a2763e0136a,experiments/runs/curated_breadth_screen_v1/169__CANDIDATE_H005_DONCHIAN_720_LONG_FLAT__BTCUSDT__2022__baseline__trial_3353b9bc0a38fcded1c17342/metrics.json,01e79d02d2790acf738473a6ca54fdf70cf9dd46cf826d04ef46b806fa30626c
CURATED_BREADTH_SCREEN_V1,CANDIDATE_H005_DONCHIAN_720_LONG_FLAT,variant_9537b83ca36824b3cd47adc1,H005_donchian,existing-qntylab-strategies-v1,price_breakout,720,BTCUSDT,2022,2022-01-01T00:00:00Z,2022-12-31T23:00:00Z,stress,10.0,10.0,trial_548ffbce1e6a62613bf60974,6dcc8c6293f24e2e91957b286a96d9b87fd646e4b57c846495bd41d1aa225b65,8759,70,0.0061643835616438354,0.0016329751171961782,-0.12931770282566546,-0.645439945404816,0.5161222425791505,0.14,-0.14212678566514725,experiments/runs/curated_breadth_screen_v1/170__CANDIDATE_H005_DONCHIAN_720_LONG_FLAT__BTCUSDT__2022__stress__trial_548ffbce1e6a62613bf60974/run_receipt.json,d1a13fca03155fd61594e72e98a3574f1fd36afb710a0bedda32ccdc3b759dcf,experiments/runs/curated_breadth_screen_v1/170__CANDIDATE_H005_DONCHIAN_720_LONG_FLAT__BTCUSDT__2022__stress__trial_548ffbce1e6a62613bf60974/metrics.json,b1bcda1ec6bd19c57cf0bd7ef06e0345525e4629217132ccf601dc2a7f6d11b3
CURATED_BREADTH_SCREEN_V1,CANDIDATE_H005_DONCHIAN_720_LONG_FLAT,variant_9537b83ca36824b3cd47adc1,H005_donchian,existing-qntylab-strategies-v1,price_breakout,720,BTCUSDT,2024,2024-01-01T00:00:00Z,2024-12-31T23:00:00Z,baseline,10.0,0.0,trial_111b4f82e8578caee5310781,6dcc8c6293f24e2e91957b286a96d9b87fd646e4b57c846495bd41d1aa225b65,8783,226,0.02481785063752277,0.04653667638269732,-0.16523702132025975,1.2030722376312029,-1.3683092589514625,0.226,-0.17178555185088806,experiments/runs/curated_breadth_screen_v1/171__CANDIDATE_H005_DONCHIAN_720_LONG_FLAT__BTCUSDT__2024__baseline__trial_111b4f82e8578caee5310781/run_receipt.json,70bd41cc871bd2223eab41fb46db2d4167b204337f4a3db587beb86b33b916d4,experiments/runs/curated_breadth_screen_v1/171__CANDIDATE_H005_DONCHIAN_720_LONG_FLAT__BTCUSDT__2024__baseline__trial_111b4f82e8578caee5310781/metrics.json,07940a9af94f79fc8b5b0d9758da634127c004851085e52ffc80678f5e719704
CURATED_BREADTH_SCREEN_V1,CANDIDATE_H005_DONCHIAN_720_LONG_FLAT,variant_9537b83ca36824b3cd47adc1,H005_donchian,existing-qntylab-strategies-v1,price_breakout,720,BTCUSDT,2024,2024-01-01T00:00:00Z,2024-12-31T23:00:00Z,stress,10.0,10.0,trial_d8f6a5c7a359310d1fa8d155,6dcc8c6293f24e2e91957b286a96d9b87fd646e4b57c846495bd41d1aa225b65,8783,226,0.02481785063752277,0.04653667638269732,-0.3343076359269471,1.2030722376312029,-1.5373798735581499,0.452,-0.33670155639356125,experiments/runs/curated_breadth_screen_v1/172__CANDIDATE_H005_DONCHIAN_720_LONG_FLAT__BTCUSDT__2024__stress__trial_d8f6a5c7a359310d1fa8d155/run_receipt.json,6ff426c77cea04eac8d3a97f129267eedc0dac91c6511948851d39311e558867,experiments/runs/curated_breadth_screen_v1/172__CANDIDATE_H005_DONCHIAN_720_LONG_FLAT__BTCUSDT__2024__stress__trial_d8f6a5c7a359310d1fa8d155/metrics.json,64ca445e51c956a4cc10270c7617d1ce0b33722e7040e41d31f4004d91cfa240
CURATED_BREADTH_SCREEN_V1,CANDIDATE_H005_DONCHIAN_720_LONG_FLAT,variant_9537b83ca36824b3cd47adc1,H005_donchian,existing-qntylab-strategies-v1,price_breakout,720,BTCUSDT,2025,2025-01-01T00:00:00Z,2025-12-31T23:00:00Z,baseline,10.0,0.0,trial_40f8bd428d775b1e19929690,6dcc8c6293f24e2e91957b286a96d9b87fd646e4b57c846495bd41d1aa225b65,8759,126,0.012671232876712329,0.049921108963443483,-0.07438338374556597,-0.07153430562385155,-0.002849078121714421,0.126,-0.10263645620071393,experiments/runs/curated_breadth_screen_v1/173__CANDIDATE_H005_DONCHIAN_720_LONG_FLAT__BTCUSDT__2025__baseline__trial_40f8bd428d775b1e19929690/run_receipt.json,041a10efc691ea1737d3aa9606445a78664f7ffbb1da76cccc54acc5c2635ede,experiments/runs/curated_breadth_screen_v1/173__CANDIDATE_H005_DONCHIAN_720_LONG_FLAT__BTCUSDT__2025__baseline__trial_40f8bd428d775b1e19929690/metrics.json,374cfbea36c0b15b07db0eacc0d0545f03b39ef4b71d77d56a441a4782f4cf8a
CURATED_BREADTH_SCREEN_V1,CANDIDATE_H005_DONCHIAN_720_LONG_FLAT,variant_9537b83ca36824b3cd47adc1,H005_donchian,existing-qntylab-strategies-v1,price_breakout,720,BTCUSDT,2025,2025-01-01T00:00:00Z,2025-12-31T23:00:00Z,stress,10.0,10.0,trial_1adf7c2e20c60f7f6e47a8df,6dcc8c6293f24e2e91957b286a96d9b87fd646e4b57c846495bd41d1aa225b65,8759,126,0.012671232876712329,0.049921108963443483,-0.18407388819342807,-0.07153430562385155,-0.11253958256957652,0.252,-0.19863298469148438,experiments/runs/curated_breadth_screen_v1/174__CANDIDATE_H005_DONCHIAN_720_LONG_FLAT__BTCUSDT__2025__stress__trial_1adf7c2e20c60f7f6e47a8df/run_receipt.json,cf3c9980dd178c8c6f084a74c07d48e3e1e53592924c77c09716ba187ac53ba4,experiments/runs/curated_breadth_screen_v1/174__CANDIDATE_H005_DONCHIAN_720_LONG_FLAT__BTCUSDT__2025__stress__trial_1adf7c2e20c60f7f6e47a8df/metrics.json,70c999f941f64dcd90858f09e93df37f6c272ceb5721dbff5606fc44770bc07e
CURATED_BREADTH_SCREEN_V1,CANDIDATE_H005_DONCHIAN_720_LONG_FLAT,variant_9537b83ca36824b3cd47adc1,H005_donchian,existing-qntylab-strategies-v1,price_breakout,720,BTCUSDT,2026YTD,2026-01-01T00:00:00Z,2026-07-27T23:00:00Z,baseline,10.0,0.0,trial_283a7fa8b1a9d1a34c6caf43,6dcc8c6293f24e2e91957b286a96d9b87fd646e4b57c846495bd41d1aa225b65,4991,34,0.010416666666666666,-0.014794489258520005,-0.047767041104111785,-0.27392758141712437,0.22616054031301258,0.034,-0.05385323602621239,experiments/runs/curated_breadth_screen_v1/175__CANDIDATE_H005_DONCHIAN_720_LONG_FLAT__BTCUSDT__2026YTD__baseline__trial_283a7fa8b1a9d1a34c6caf43/run_receipt.json,901890a042e51c4754ba56fef5c02adeb09e7d398407b52c5250fa3266b0fbce,experiments/runs/curated_breadth_screen_v1/175__CANDIDATE_H005_DONCHIAN_720_LONG_FLAT__BTCUSDT__2026YTD__baseline__trial_283a7fa8b1a9d1a34c6caf43/metrics.json,2254bbf6f6aec71a6dc62ba2e41a85ded47a2ab010700d794601d69686be8782
CURATED_BREADTH_SCREEN_V1,CANDIDATE_H005_DONCHIAN_720_LONG_FLAT,variant_9537b83ca36824b3cd47adc1,H005_donchian,existing-qntylab-strategies-v1,price_breakout,720,BTCUSDT,2026YTD,2026-01-01T00:00:00Z,2026-07-27T23:00:00Z,stress,10.0,10.0,trial_865e383553b18731c69987cb,6dcc8c6293f24e2e91957b286a96d9b87fd646e4b57c846495bd41d1aa225b65,4991,34,0.010416666666666666,-0.014794489258520005,-0.07966747605337055,-0.27392758141712437,0.19426010536375382,0.068,-0.08003549311092817,experiments/runs/curated_breadth_screen_v1/176__CANDIDATE_H005_DONCHIAN_720_LONG_FLAT__BTCUSDT__2026YTD__stress__trial_865e383553b18731c69987cb/run_receipt.json,60fd5743d9c2421816088bfd0cbbb4d6f119648077c79f329d46a4cadc6063b5,experiments/runs/curated_breadth_screen_v1/176__CANDIDATE_H005_DONCHIAN_720_LONG_FLAT__BTCUSDT__2026YTD__stress__trial_865e383553b18731c69987cb/metrics.json,af6c06c9f6fc1bfa09a2673924a5428ee57d19e79f0dd08bf7adcb36ba3f146a
CURATED_BREADTH_SCREEN_V1,CANDIDATE_H005_DONCHIAN_720_LONG_FLAT,variant_9537b83ca36824b3cd47adc1,H005_donchian,existing-qntylab-strategies-v1,price_breakout,720,ETHUSDT,2022,2022-01-01T00:00:00Z,2022-12-31T23:00:00Z,baseline,10.0,0.0,trial_6e1f08fe6748e12031c35813,3584c161874dc3b8d8f9961901e5abaadebe32a1aaba6d321106b8ccb1f61187,8759,114,0.010844748858447488,-0.09294725362227141,-0.1908065455928465,-0.6787222269972926,0.4879156814044461,0.11399999999999999,-0.1908065455928465,experiments/runs/curated_breadth_screen_v1/177__CANDIDATE_H005_DONCHIAN_720_LONG_FLAT__ETHUSDT__2022__baseline__trial_6e1f08fe6748e12031c35813/run_receipt.json,150777f7a7d2e9bb3aa6cbbb267ea4e161f73bf8cb7684ee36adcc19b92a58d8,experiments/runs/curated_breadth_screen_v1/177__CANDIDATE_H005_DONCHIAN_720_LONG_FLAT__ETHUSDT__2022__baseline__trial_6e1f08fe6748e12031c35813/metrics.json,346d5a2343289f5b799a9bae024a98ad2cc950e476291245f6d331ccfcd321d4
CURATED_BREADTH_SCREEN_V1,CANDIDATE_H005_DONCHIAN_720_LONG_FLAT,variant_9537b83ca36824b3cd47adc1,H005_donchian,existing-qntylab-strategies-v1,price_breakout,720,ETHUSDT,2022,2022-01-01T00:00:00Z,2022-12-31T23:00:00Z,stress,10.0,10.0,trial_77ccd88164458d16369b7479,3584c161874dc3b8d8f9961901e5abaadebe32a1aaba6d321106b8ccb1f61187,8759,114,0.010844748858447488,-0.09294725362227141,-0.2781906933716827,-0.6787222269972926,0.4005315336256099,0.22799999999999998,-0.2781906933716827,experiments/runs/curated_breadth_screen_v1/178__CANDIDATE_H005_DONCHIAN_720_LONG_FLAT__ETHUSDT__2022__stress__trial_77ccd88164458d16369b7479/run_receipt.json,4d1abd8908635415d3519ce0f2c05bb78ff433800577e066b7960d5990ba4192,experiments/runs/curated_breadth_screen_v1/178__CANDIDATE_H005_DONCHIAN_720_LONG_FLAT__ETHUSDT__2022__stress__trial_77ccd88164458d16369b7479/metrics.json,7d1f52f3c59f0281f05a3cb163f62250518354b91e68caa28abe4eadef4f073e
CURATED_BREADTH_SCREEN_V1,CANDIDATE_H005_DONCHIAN_720_LONG_FLAT,variant_9537b83ca36824b3cd47adc1,H005_donchian,existing-qntylab-strategies-v1,price_breakout,720,ETHUSDT,2024,2024-01-01T00:00:00Z,2024-12-31T23:00:00Z,baseline,10.0,0.0,trial_05052bc63c3bdb1e3307f7b1,3584c161874dc3b8d8f9961901e5abaadebe32a1aaba6d321106b8ccb1f61187,8783,190,0.021288706739526413,-0.09280572101218121,-0.24987882551533158,0.45404724875953484,-0.7039260742748664,0.19,-0.26954063647210746,experiments/runs/curated_breadth_screen_v1/179__CANDIDATE_H005_DONCHIAN_720_LONG_FLAT__ETHUSDT__2024__baseline__trial_05052bc63c3bdb1e3307f7b1/run_receipt.json,317f26c3391213ed6d2e7ea8b73773e44b077854c662265502b6437952b37c03,experiments/runs/curated_breadth_screen_v1/179__CANDIDATE_H005_DONCHIAN_720_LONG_FLAT__ETHUSDT__2024__baseline__trial_05052bc63c3bdb1e3307f7b1/metrics.json,ea2f467a555870a096c984060e56d75b7a1cf4298ba13ec97f142b59f829c5c8
CURATED_BREADTH_SCREEN_V1,CANDIDATE_H005_DONCHIAN_720_LONG_FLAT,variant_9537b83ca36824b3cd47adc1,H005_donchian,existing-qntylab-strategies-v1,price_breakout,720,ETHUSDT,2024,2024-01-01T00:00:00Z,2024-12-31T23:00:00Z,stress,10.0,10.0,trial_5d5b14f18320d918d256d60c,3584c161874dc3b8d8f9961901e5abaadebe32a1aaba6d321106b8ccb1f61187,8783,190,0.021288706739526413,-0.09280572101218121,-0.37987414321277313,0.45404724875953484,-0.833921391972308,0.38,-0.38792908755244393,experiments/runs/curated_breadth_screen_v1/180__CANDIDATE_H005_DONCHIAN_720_LONG_FLAT__ETHUSDT__2024__stress__trial_5d5b14f18320d918d256d60c/run_receipt.json,b623c8d0cf74f823dbfbe3c8af6aa7b59cedbb7e2ba0096f836319b47ee81941,experiments/runs/curated_breadth_screen_v1/180__CANDIDATE_H005_DONCHIAN_720_LONG_FLAT__ETHUSDT__2024__stress__trial_5d5b14f18320d918d256d60c/metrics.json,6f00771f06764c58b2a6109e34ad001a5c185eebf4b75695f8edd3479cb3041f
CURATED_BREADTH_SCREEN_V1,CANDIDATE_H005_DONCHIAN_720_LONG_FLAT,variant_9537b83ca36824b3cd47adc1,H005_donchian,existing-qntylab-strategies-v1,price_breakout,720,ETHUSDT,2025,2025-01-01T00:00:00Z,2025-12-31T23:00:00Z,baseline,10.0,0.0,trial_703eb28058964ca7bd51c37b,3584c161874dc3b8d8f9961901e5abaadebe32a1aaba6d321106b8ccb1f61187,8759,130,0.01358447488584475,-0.07832427711959977,-0.1907970442481115,-0.11655617326158696,-0.07424087098652454,0.13,-0.2611977066107024,experiments/runs/curated_breadth_screen_v1/181__CANDIDATE_H005_DONCHIAN_720_LONG_FLAT__ETHUSDT__2025__baseline__trial_703eb28058964ca7bd51c37b/run_receipt.json,4da3ba3de9df8ab02b984e7850f4ab3965c4c8809c2b275cddc9fb966721090a,experiments/runs/curated_breadth_screen_v1/181__CANDIDATE_H005_DONCHIAN_720_LONG_FLAT__ETHUSDT__2025__baseline__trial_703eb28058964ca7bd51c37b/metrics.json,c185ed939cf98b252145c0ffcc9370db89e5514587d00a257e9d186cbd9079a8
CURATED_BREADTH_SCREEN_V1,CANDIDATE_H005_DONCHIAN_720_LONG_FLAT,variant_9537b83ca36824b3cd47adc1,H005_donchian,existing-qntylab-strategies-v1,price_breakout,720,ETHUSDT,2025,2025-01-01T00:00:00Z,2025-12-31T23:00:00Z,stress,10.0,10.0,trial_f97cb50c2141c8004612fc97,3584c161874dc3b8d8f9961901e5abaadebe32a1aaba6d321106b8ccb1f61187,8759,130,0.01358447488584475,-0.07832427711959977,-0.28963732883715,-0.11655617326158696,-0.17308115557556303,0.26,-0.34131988882914244,experiments/runs/curated_breadth_screen_v1/182__CANDIDATE_H005_DONCHIAN_720_LONG_FLAT__ETHUSDT__2025__stress__trial_f97cb50c2141c8004612fc97/run_receipt.json,0803d676138e2d8a4171944345f2d4d1ec412f75529cb3f0f1eaa9e5b29ad909,experiments/runs/curated_breadth_screen_v1/182__CANDIDATE_H005_DONCHIAN_720_LONG_FLAT__ETHUSDT__2025__stress__trial_f97cb50c2141c8004612fc97/metrics.json,c4b45b52172a4e8393ed761c67aa063a35354d2ec59dec31205c3b312d2de8fb
CURATED_BREADTH_SCREEN_V1,CANDIDATE_H005_DONCHIAN_720_LONG_FLAT,variant_9537b83ca36824b3cd47adc1,H005_donchian,existing-qntylab-strategies-v1,price_breakout,720,ETHUSDT,2026YTD,2026-01-01T00:00:00Z,2026-07-27T23:00:00Z,baseline,10.0,0.0,trial_e7eeb7b674cfa8b153939258,3584c161874dc3b8d8f9961901e5abaadebe32a1aaba6d321106b8ccb1f61187,4991,42,0.007411858974358974,-0.02152645099771433,-0.06181582871071312,-0.36488232471197823,0.3030664960012651,0.04200000000000001,-0.07739919868421641,experiments/runs/curated_breadth_screen_v1/183__CANDIDATE_H005_DONCHIAN_720_LONG_FLAT__ETHUSDT__2026YTD__baseline__trial_e7eeb7b674cfa8b153939258/run_receipt.json,5b74c9bf271bdf18b5a8339debd6915f4b15373132fd3c2497ee2c5001ccca8b,experiments/runs/curated_breadth_screen_v1/183__CANDIDATE_H005_DONCHIAN_720_LONG_FLAT__ETHUSDT__2026YTD__baseline__trial_e7eeb7b674cfa8b153939258/metrics.json,c2a90758984f29f174b93012372ff80e75b404ce12ed5a4edc6d45cc9d216f69
CURATED_BREADTH_SCREEN_V1,CANDIDATE_H005_DONCHIAN_720_LONG_FLAT,variant_9537b83ca36824b3cd47adc1,H005_donchian,existing-qntylab-strategies-v1,price_breakout,720,ETHUSDT,2026YTD,2026-01-01T00:00:00Z,2026-07-27T23:00:00Z,stress,10.0,10.0,trial_7649c0d38353b837106687fa,3584c161874dc3b8d8f9961901e5abaadebe32a1aaba6d321106b8ccb1f61187,4991,42,0.007411858974358974,-0.02152645099771433,-0.10048416628423873,-0.36488232471197823,0.2643981584277395,0.08400000000000002,-0.1109969376475739,experiments/runs/curated_breadth_screen_v1/184__CANDIDATE_H005_DONCHIAN_720_LONG_FLAT__ETHUSDT__2026YTD__stress__trial_7649c0d38353b837106687fa/run_receipt.json,fccf7e9a969abea3381a44a2c3a10c2c45918c429e0a4b9299dfbd9a29fdf6f5,experiments/runs/curated_breadth_screen_v1/184__CANDIDATE_H005_DONCHIAN_720_LONG_FLAT__ETHUSDT__2026YTD__stress__trial_7649c0d38353b837106687fa/metrics.json,bb8f82273d1fa39c862b58022cc8921c60d463d2ee74ddd9dc043ec9e2216722
CURATED_BREADTH_SCREEN_V1,CANDIDATE_H005_DONCHIAN_720_LONG_FLAT,variant_9537b83ca36824b3cd47adc1,H005_donchian,existing-qntylab-strategies-v1,price_breakout,720,SOLUSDT,2022,2022-01-01T00:00:00Z,2022-12-31T23:00:00Z,baseline,10.0,0.0,trial_db825e667bc5cc42196f7bd8,c431aa068acbfedf3cb0c38845dfac275044a9cf83367075b47d47f06974e99d,8759,42,0.004908675799086758,-0.0639683057902376,-0.10253234575929038,-0.9421626638821209,0.8396303181228305,0.041999999999999996,-0.1284813670563253,experiments/runs/curated_breadth_screen_v1/185__CANDIDATE_H005_DONCHIAN_720_LONG_FLAT__SOLUSDT__2022__baseline__trial_db825e667bc5cc42196f7bd8/run_receipt.json,82930db8e01e0bafc2302adc21990f0f13e0bc9d81647e75565663e9893f2390,experiments/runs/curated_breadth_screen_v1/185__CANDIDATE_H005_DONCHIAN_720_LONG_FLAT__SOLUSDT__2022__baseline__trial_db825e667bc5cc42196f7bd8/metrics.json,b5637d0c180f7ba1e7cbee7c3535340f54c0ce72a01a4ce8fb6d914fd282813f
CURATED_BREADTH_SCREEN_V1,CANDIDATE_H005_DONCHIAN_720_LONG_FLAT,variant_9537b83ca36824b3cd47adc1,H005_donchian,existing-qntylab-strategies-v1,price_breakout,720,SOLUSDT,2022,2022-01-01T00:00:00Z,2022-12-31T23:00:00Z,stress,10.0,10.0,trial_aa1fb73451443b3a34680bc2,c431aa068acbfedf3cb0c38845dfac275044a9cf83367075b47d47f06974e99d,8759,42,0.004908675799086758,-0.0639683057902376,-0.13954387136404,-0.9421626638821209,0.8026187925180809,0.08399999999999999,-0.14925075975647017,experiments/runs/curated_breadth_screen_v1/186__CANDIDATE_H005_DONCHIAN_720_LONG_FLAT__SOLUSDT__2022__stress__trial_aa1fb73451443b3a34680bc2/run_receipt.json,6962a5900ef9c180c03dcb72f80d1a40d1cfe8f6c018da24108f5f10a8b4a44c,experiments/runs/curated_breadth_screen_v1/186__CANDIDATE_H005_DONCHIAN_720_LONG_FLAT__SOLUSDT__2022__stress__trial_aa1fb73451443b3a34680bc2/metrics.json,5f2bc01fc72b4f41851b027f98514767089238bde8002ca4035011341c2390b1
CURATED_BREADTH_SCREEN_V1,CANDIDATE_H005_DONCHIAN_720_LONG_FLAT,variant_9537b83ca36824b3cd47adc1,H005_donchian,existing-qntylab-strategies-v1,price_breakout,720,SOLUSDT,2024,2024-01-01T00:00:00Z,2024-12-31T23:00:00Z,baseline,10.0,0.0,trial_ff742b37cda5e74775e680b5,c431aa068acbfedf3cb0c38845dfac275044a9cf83367075b47d47f06974e99d,8783,216,0.02163023679417122,-0.05816254950339039,-0.24110005095503673,0.856708513142409,-1.0978085640974458,0.21600000000000003,-0.25192231944997157,experiments/runs/curated_breadth_screen_v1/187__CANDIDATE_H005_DONCHIAN_720_LONG_FLAT__SOLUSDT__2024__baseline__trial_ff742b37cda5e74775e680b5/run_receipt.json,0508b69323a5704f3787d517a2b8038a1cc377e5bd4854a6000ab9c8226bb34d,experiments/runs/curated_breadth_screen_v1/187__CANDIDATE_H005_DONCHIAN_720_LONG_FLAT__SOLUSDT__2024__baseline__trial_ff742b37cda5e74775e680b5/metrics.json,e1dd5e680e30a1a9ee03765eff457d05a42a8ce67beddda63a3172fe651460fc
CURATED_BREADTH_SCREEN_V1,CANDIDATE_H005_DONCHIAN_720_LONG_FLAT,variant_9537b83ca36824b3cd47adc1,H005_donchian,existing-qntylab-strategies-v1,price_breakout,720,SOLUSDT,2024,2024-01-01T00:00:00Z,2024-12-31T23:00:00Z,stress,10.0,10.0,trial_2f1ef6e63e992a25c5eb6505,c431aa068acbfedf3cb0c38845dfac275044a9cf83367075b47d47f06974e99d,8783,216,0.02163023679417122,-0.05816254950339039,-0.3886369072287218,0.856708513142409,-1.2453454203711307,0.43200000000000005,-0.39311716470172164,experiments/runs/curated_breadth_screen_v1/188__CANDIDATE_H005_DONCHIAN_720_LONG_FLAT__SOLUSDT__2024__stress__trial_2f1ef6e63e992a25c5eb6505/run_receipt.json,524e7c974974a8495202d21eebc78991ff74e13af67034223f2fa3b48bd12415,experiments/runs/curated_breadth_screen_v1/188__CANDIDATE_H005_DONCHIAN_720_LONG_FLAT__SOLUSDT__2024__stress__trial_2f1ef6e63e992a25c5eb6505/metrics.json,9743ee7560757a7ec92123bd216df18bd917502a25b0f715e6e03bb6af22ed98
CURATED_BREADTH_SCREEN_V1,CANDIDATE_H005_DONCHIAN_720_LONG_FLAT,variant_9537b83ca36824b3cd47adc1,H005_donchian,existing-qntylab-strategies-v1,price_breakout,720,SOLUSDT,2025,2025-01-01T00:00:00Z,2025-12-31T23:00:00Z,baseline,10.0,0.0,trial_ccaba11133ab1c8a2dd9388f,c431aa068acbfedf3cb0c38845dfac275044a9cf83367075b47d47f06974e99d,8759,108,0.011986301369863013,-0.1476215715011805,-0.23500470359607528,-0.3526020567154876,0.11759735311941233,0.10800000000000001,-0.2426310515143969,experiments/runs/curated_breadth_screen_v1/189__CANDIDATE_H005_DONCHIAN_720_LONG_FLAT__SOLUSDT__2025__baseline__trial_ccaba11133ab1c8a2dd9388f/run_receipt.json,ccbba1b51db3a784e53796eecd2a1c90dd696286d33799023bfc26828743d3ef,experiments/runs/curated_breadth_screen_v1/189__CANDIDATE_H005_DONCHIAN_720_LONG_FLAT__SOLUSDT__2025__baseline__trial_ccaba11133ab1c8a2dd9388f/metrics.json,90fb02ea9cbc6d2b1741ae591f903eab7dec84616414a0ba992ef05161537fb5
CURATED_BREADTH_SCREEN_V1,CANDIDATE_H005_DONCHIAN_720_LONG_FLAT,variant_9537b83ca36824b3cd47adc1,H005_donchian,existing-qntylab-strategies-v1,price_breakout,720,SOLUSDT,2025,2025-01-01T00:00:00Z,2025-12-31T23:00:00Z,stress,10.0,10.0,trial_f1960744f556ae2651e94f20,c431aa068acbfedf3cb0c38845dfac275044a9cf83367075b47d47f06974e99d,8759,108,0.011986301369863013,-0.1476215715011805,-0.31350403870366317,-0.3526020567154876,0.03909801801182444,0.21600000000000003,-0.31350403870366317,experiments/runs/curated_breadth_screen_v1/190__CANDIDATE_H005_DONCHIAN_720_LONG_FLAT__SOLUSDT__2025__stress__trial_f1960744f556ae2651e94f20/run_receipt.json,37d6b0d10fa232902d2da138a69427459eec85c375bbdc38afe6a1c86ca7e0c2,experiments/runs/curated_breadth_screen_v1/190__CANDIDATE_H005_DONCHIAN_720_LONG_FLAT__SOLUSDT__2025__stress__trial_f1960744f556ae2651e94f20/metrics.json,4e66568f968979e75bd6fba4955155f2dd3bac3d0f5c854669044c95bdfa37bb
CURATED_BREADTH_SCREEN_V1,CANDIDATE_H005_DONCHIAN_720_LONG_FLAT,variant_9537b83ca36824b3cd47adc1,H005_donchian,existing-qntylab-strategies-v1,price_breakout,720,SOLUSDT,2026YTD,2026-01-01T00:00:00Z,2026-07-27T23:00:00Z,baseline,10.0,0.0,trial_de9192e3c4b2ca404fd33c50,c431aa068acbfedf3cb0c38845dfac275044a9cf83367075b47d47f06974e99d,4991,28,0.006209935897435897,0.003452515889303731,-0.02427594726949056,-0.4071114662405114,0.38283551897102086,0.028,-0.03663619721446787,experiments/runs/curated_breadth_screen_v1/191__CANDIDATE_H005_DONCHIAN_720_LONG_FLAT__SOLUSDT__2026YTD__baseline__trial_de9192e3c4b2ca404fd33c50/run_receipt.json,138647835294d669f3f6e28ae501c5c5122a5fc3c37e1b6f8d7831502ececd76,experiments/runs/curated_breadth_screen_v1/191__CANDIDATE_H005_DONCHIAN_720_LONG_FLAT__SOLUSDT__2026YTD__baseline__trial_de9192e3c4b2ca404fd33c50/metrics.json,aa516f1f49503b9dbbf2f4a52deb5db8677dc5a83b74429534110757cf0deebb
CURATED_BREADTH_SCREEN_V1,CANDIDATE_H005_DONCHIAN_720_LONG_FLAT,variant_9537b83ca36824b3cd47adc1,H005_donchian,existing-qntylab-strategies-v1,price_breakout,720,SOLUSDT,2026YTD,2026-01-01T00:00:00Z,2026-07-27T23:00:00Z,stress,10.0,10.0,trial_ad73cc4d9641c007ea43ec8d,c431aa068acbfedf3cb0c38845dfac275044a9cf83367075b47d47f06974e99d,4991,28,0.006209935897435897,0.003452515889303731,-0.0512648219174463,-0.4071114662405114,0.3558466443230651,0.056,-0.060466190122424046,experiments/runs/curated_breadth_screen_v1/192__CANDIDATE_H005_DONCHIAN_720_LONG_FLAT__SOLUSDT__2026YTD__stress__trial_ad73cc4d9641c007ea43ec8d/run_receipt.json,02de9a580a779b3604d75140659037904a2425daeff1dd0bb7a8e4e1d5850c90,experiments/runs/curated_breadth_screen_v1/192__CANDIDATE_H005_DONCHIAN_720_LONG_FLAT__SOLUSDT__2026YTD__stress__trial_ad73cc4d9641c007ea43ec8d/metrics.json,d3af4b04282b9a1482ad446aa8b60758cbf8cf25a1fb3ca375835f355336195a
CURATED_BREADTH_SCREEN_V1,CANDIDATE_H006_REVERSAL_1_LONG_SHORT,variant_66cfc915025fc7745f4c51e2,H006_short_horizon_reversal,existing-qntylab-strategies-v1,short_horizon_reversal,1,BTCUSDT,2022,2022-01-01T00:00:00Z,2022-12-31T23:00:00Z,baseline,10.0,0.0,trial_b641c791c73324a09a8d1290,6dcc8c6293f24e2e91957b286a96d9b87fd646e4b57c846495bd41d1aa225b65,8759,4728,1.0,0.4905474488936372,-0.9998844772111461,-0.645439945404816,-0.3544445318063302,9.456,-0.9998848636630787,experiments/runs/curated_breadth_screen_v1/193__CANDIDATE_H006_REVERSAL_1_LONG_SHORT__BTCUSDT__2022__baseline__trial_b641c791c73324a09a8d1290/run_receipt.json,286343a726ce333d99e2bf85c0db6b4ceae902d448ec627e784158473d574879,experiments/runs/curated_breadth_screen_v1/193__CANDIDATE_H006_REVERSAL_1_LONG_SHORT__BTCUSDT__2022__baseline__trial_b641c791c73324a09a8d1290/metrics.json,b9e5a932b6691c8b00732e357a36b026bd11119bbf1c8554d136eb2b28975905
CURATED_BREADTH_SCREEN_V1,CANDIDATE_H006_REVERSAL_1_LONG_SHORT,variant_66cfc915025fc7745f4c51e2,H006_short_horizon_reversal,existing-qntylab-strategies-v1,short_horizon_reversal,1,BTCUSDT,2022,2022-01-01T00:00:00Z,2022-12-31T23:00:00Z,stress,10.0,10.0,trial_87ba34925953c0b4d9e6a3ff,6dcc8c6293f24e2e91957b286a96d9b87fd646e4b57c846495bd41d1aa225b65,8759,4728,1.0,0.4905474488936372,-0.999999991214969,-0.645439945404816,-0.354560045810153,18.912,-0.9999999912268215,experiments/runs/curated_breadth_screen_v1/194__CANDIDATE_H006_REVERSAL_1_LONG_SHORT__BTCUSDT__2022__stress__trial_87ba34925953c0b4d9e6a3ff/run_receipt.json,308ed1921ada2902cc119555a0b85d2c0e2335ab18c32f654caddc759c73bb7b,experiments/runs/curated_breadth_screen_v1/194__CANDIDATE_H006_REVERSAL_1_LONG_SHORT__BTCUSDT__2022__stress__trial_87ba34925953c0b4d9e6a3ff/metrics.json,aded58590723cae6eb218a2db41c35c430442e7d726e98629445f8599debaa45
CURATED_BREADTH_SCREEN_V1,CANDIDATE_H006_REVERSAL_1_LONG_SHORT,variant_66cfc915025fc7745f4c51e2,H006_short_horizon_reversal,existing-qntylab-strategies-v1,short_horizon_reversal,1,BTCUSDT,2024,2024-01-01T00:00:00Z,2024-12-31T23:00:00Z,baseline,10.0,0.0,trial_3aa6ab1473bfb4e860a49e6e,6dcc8c6293f24e2e91957b286a96d9b87fd646e4b57c846495bd41d1aa225b65,8783,4678,0.9998861566484517,0.2748271922280894,-0.9998907527183454,1.2030722376312029,-2.2029629903495485,9.354000000000001,-0.9998911908035529,experiments/runs/curated_breadth_screen_v1/195__CANDIDATE_H006_REVERSAL_1_LONG_SHORT__BTCUSDT__2024__baseline__trial_3aa6ab1473bfb4e860a49e6e/run_receipt.json,2cfb31b539049547fb269d2d21e236147a1e27db190a61aea91a4cecf151f21b,experiments/runs/curated_breadth_screen_v1/195__CANDIDATE_H006_REVERSAL_1_LONG_SHORT__BTCUSDT__2024__baseline__trial_3aa6ab1473bfb4e860a49e6e/metrics.json,a4822c268032c40f51c5e37b481900427e8f7809da1771742205ca8a3bc9b5c3
CURATED_BREADTH_SCREEN_V1,CANDIDATE_H006_REVERSAL_1_LONG_SHORT,variant_66cfc915025fc7745f4c51e2,H006_short_horizon_reversal,existing-qntylab-strategies-v1,short_horizon_reversal,1,BTCUSDT,2024,2024-01-01T00:00:00Z,2024-12-31T23:00:00Z,stress,10.0,10.0,trial_4059276f40d8560642f76688,6dcc8c6293f24e2e91957b286a96d9b87fd646e4b57c846495bd41d1aa225b65,8783,4678,0.9998861566484517,0.2748271922280894,-0.9999999908122149,1.2030722376312029,-2.2030722284434177,18.708000000000002,-0.9999999908216147,experiments/runs/curated_breadth_screen_v1/196__CANDIDATE_H006_REVERSAL_1_LONG_SHORT__BTCUSDT__2024__stress__trial_4059276f40d8560642f76688/run_receipt.json,84c766b177ee0d1a0f45a79a454a31c24f9251eebf1f7a4f974564998a0859cc,experiments/runs/curated_breadth_screen_v1/196__CANDIDATE_H006_REVERSAL_1_LONG_SHORT__BTCUSDT__2024__stress__trial_4059276f40d8560642f76688/metrics.json,cd900dfca79fb6a5c2265ebfeba054c1335c039b43da1f13a4512074af622fab
CURATED_BREADTH_SCREEN_V1,CANDIDATE_H006_REVERSAL_1_LONG_SHORT,variant_66cfc915025fc7745f4c51e2,H006_short_horizon_reversal,existing-qntylab-strategies-v1,short_horizon_reversal,1,BTCUSDT,2025,2025-01-01T00:00:00Z,2025-12-31T23:00:00Z,baseline,10.0,0.0,trial_9cf5addfbcc924dec8fe9c44,6dcc8c6293f24e2e91957b286a96d9b87fd646e4b57c846495bd41d1aa225b65,8759,4493,1.0,0.2190521461774717,-0.9998488130626296,-0.07153430562385155,-0.9283145074387781,8.986,-0.9998500731319162,experiments/runs/curated_breadth_screen_v1/197__CANDIDATE_H006_REVERSAL_1_LONG_SHORT__BTCUSDT__2025__baseline__trial_9cf5addfbcc924dec8fe9c44/run_receipt.json,b35f4a60e754f15666ec4b7744071a9129f0ef2d92a563b8b7ee9f4ecc2332c3,experiments/runs/curated_breadth_screen_v1/197__CANDIDATE_H006_REVERSAL_1_LONG_SHORT__BTCUSDT__2025__baseline__trial_9cf5addfbcc924dec8fe9c44/metrics.json,63cfdc10e494ade3da95942e0f05cb089ff52c71f4bded225d2699d7f057392e
CURATED_BREADTH_SCREEN_V1,CANDIDATE_H006_REVERSAL_1_LONG_SHORT,variant_66cfc915025fc7745f4c51e2,H006_short_horizon_reversal,existing-qntylab-strategies-v1,short_horizon_reversal,1,BTCUSDT,2025,2025-01-01T00:00:00Z,2025-12-31T23:00:00Z,stress,10.0,10.0,trial_ab80e8d56c6728fa3c5d5b7e,6dcc8c6293f24e2e91957b286a96d9b87fd646e4b57c846495bd41d1aa225b65,8759,4493,1.0,0.2190521461774717,-0.9999999815850943,-0.07153430562385155,-0.9284656759612427,17.972,-0.9999999817385735,experiments/runs/curated_breadth_screen_v1/198__CANDIDATE_H006_REVERSAL_1_LONG_SHORT__BTCUSDT__2025__stress__trial_ab80e8d56c6728fa3c5d5b7e/run_receipt.json,80cabf0f6181ca34c5e4deaa1c4c7bd73557822f5f2bd76db7af1b9db6e022dc,experiments/runs/curated_breadth_screen_v1/198__CANDIDATE_H006_REVERSAL_1_LONG_SHORT__BTCUSDT__2025__stress__trial_ab80e8d56c6728fa3c5d5b7e/metrics.json,488580bd170433c9b0a93afcfbeb9744f08708670573a4bef66fc69953071c36
CURATED_BREADTH_SCREEN_V1,CANDIDATE_H006_REVERSAL_1_LONG_SHORT,variant_66cfc915025fc7745f4c51e2,H006_short_horizon_reversal,existing-qntylab-strategies-v1,short_horizon_reversal,1,BTCUSDT,2026YTD,2026-01-01T00:00:00Z,2026-07-27T23:00:00Z,baseline,10.0,0.0,trial_056931548ab0c40aaf327eda,6dcc8c6293f24e2e91957b286a96d9b87fd646e4b57c846495bd41d1aa225b65,4991,2602,1.0,1.2934320884756865,-0.9874528688111782,-0.27392758141712437,-0.7135252873940539,5.204,-0.9874558773266993,experiments/runs/curated_breadth_screen_v1/199__CANDIDATE_H006_REVERSAL_1_LONG_SHORT__BTCUSDT__2026YTD__baseline__trial_056931548ab0c40aaf327eda/run_receipt.json,1764dff1ab33e1dd12c8bcf6ea575046b5586e600724460320f9ee1bb720512f,experiments/runs/curated_breadth_screen_v1/199__CANDIDATE_H006_REVERSAL_1_LONG_SHORT__BTCUSDT__2026YTD__baseline__trial_056931548ab0c40aaf327eda/metrics.json,889755102ec0c498b3e6dc68f5c5d5fcd36aa3b5dda429e09e0c84565f564c4a
CURATED_BREADTH_SCREEN_V1,CANDIDATE_H006_REVERSAL_1_LONG_SHORT,variant_66cfc915025fc7745f4c51e2,H006_short_horizon_reversal,existing-qntylab-strategies-v1,short_horizon_reversal,1,BTCUSDT,2026YTD,2026-01-01T00:00:00Z,2026-07-27T23:00:00Z,stress,10.0,10.0,trial_2585e1440e901cb5d62fc060,6dcc8c6293f24e2e91957b286a96d9b87fd646e4b57c846495bd41d1aa225b65,4991,2602,1.0,1.2934320884756865,-0.9999320692863315,-0.27392758141712437,-0.7260044878692071,10.408,-0.9999320692863315,experiments/runs/curated_breadth_screen_v1/200__CANDIDATE_H006_REVERSAL_1_LONG_SHORT__BTCUSDT__2026YTD__stress__trial_2585e1440e901cb5d62fc060/run_receipt.json,6d120d244277357d748599ce82d2577ad7a8704c077d31bdf94af24e0e3e49a7,experiments/runs/curated_breadth_screen_v1/200__CANDIDATE_H006_REVERSAL_1_LONG_SHORT__BTCUSDT__2026YTD__stress__trial_2585e1440e901cb5d62fc060/metrics.json,aa2aca45c4df66fdfc471dd0b2aed4a0d072f0309583309d6daf7437d0a5ee8c
CURATED_BREADTH_SCREEN_V1,CANDIDATE_H006_REVERSAL_1_LONG_SHORT,variant_66cfc915025fc7745f4c51e2,H006_short_horizon_reversal,existing-qntylab-strategies-v1,short_horizon_reversal,1,ETHUSDT,2022,2022-01-01T00:00:00Z,2022-12-31T23:00:00Z,baseline,10.0,0.0,trial_605ab46c2c81406f97609fcd,3584c161874dc3b8d8f9961901e5abaadebe32a1aaba6d321106b8ccb1f61187,8759,4660,0.9995433789954338,-0.18543472180427645,-0.999927143500784,-0.6787222269972926,-0.3212049165034915,9.312000000000001,-0.9999284396303963,experiments/runs/curated_breadth_screen_v1/201__CANDIDATE_H006_REVERSAL_1_LONG_SHORT__ETHUSDT__2022__baseline__trial_605ab46c2c81406f97609fcd/run_receipt.json,489261cb9e17517a42039c4db315054f1c2693e45879c7755ab6d6ba4c742fd6,experiments/runs/curated_breadth_screen_v1/201__CANDIDATE_H006_REVERSAL_1_LONG_SHORT__ETHUSDT__2022__baseline__trial_605ab46c2c81406f97609fcd/metrics.json,9017684c016d42b75b2b00b267edcf8d6480b4263a925451e72fc9c8175d6e66
CURATED_BREADTH_SCREEN_V1,CANDIDATE_H006_REVERSAL_1_LONG_SHORT,variant_66cfc915025fc7745f4c51e2,H006_short_horizon_reversal,existing-qntylab-strategies-v1,short_horizon_reversal,1,ETHUSDT,2022,2022-01-01T00:00:00Z,2022-12-31T23:00:00Z,stress,10.0,10.0,trial_047588efe1bc821c1faa3e21,3584c161874dc3b8d8f9961901e5abaadebe32a1aaba6d321106b8ccb1f61187,8759,4660,0.9995433789954338,-0.18543472180427645,-0.9999999936042469,-0.6787222269972926,-0.3212777666069543,18.624000000000002,-0.999999993631877,experiments/runs/curated_breadth_screen_v1/202__CANDIDATE_H006_REVERSAL_1_LONG_SHORT__ETHUSDT__2022__stress__trial_047588efe1bc821c1faa3e21/run_receipt.json,1554c400f62a1d20382e6a55244af17b50b5aa02c1bccf968dc13a46c0b8e5b8,experiments/runs/curated_breadth_screen_v1/202__CANDIDATE_H006_REVERSAL_1_LONG_SHORT__ETHUSDT__2022__stress__trial_047588efe1bc821c1faa3e21/metrics.json,dc100c7b8de4c206008c2dd69afeb67640e7f02b17e571adfa868ec658b8cd1e
CURATED_BREADTH_SCREEN_V1,CANDIDATE_H006_REVERSAL_1_LONG_SHORT,variant_66cfc915025fc7745f4c51e2,H006_short_horizon_reversal,existing-qntylab-strategies-v1,short_horizon_reversal,1,ETHUSDT,2024,2024-01-01T00:00:00Z,2024-12-31T23:00:00Z,baseline,10.0,0.0,trial_2cfff6b1899e9d658afc725e,3584c161874dc3b8d8f9961901e5abaadebe32a1aaba6d321106b8ccb1f61187,8783,4717,0.9995446265938069,0.9695393826251553,-0.9998428355283161,0.45404724875953484,-1.4538900842878508,9.426000000000002,-0.9998509847634822,experiments/runs/curated_breadth_screen_v1/203__CANDIDATE_H006_REVERSAL_1_LONG_SHORT__ETHUSDT__2024__baseline__trial_2cfff6b1899e9d658afc725e/run_receipt.json,2a336d28ff8bee8e39f2d7ed86b7a5c30aac5a7ff8f176e0f22885a201eec53b,experiments/runs/curated_breadth_screen_v1/203__CANDIDATE_H006_REVERSAL_1_LONG_SHORT__ETHUSDT__2024__baseline__trial_2cfff6b1899e9d658afc725e/metrics.json,789a1de5bb54730f19e8bb67be1aaa535fd3f1723e2d8ac2ab84db0fd4212ef6
CURATED_BREADTH_SCREEN_V1,CANDIDATE_H006_REVERSAL_1_LONG_SHORT,variant_66cfc915025fc7745f4c51e2,H006_short_horizon_reversal,existing-qntylab-strategies-v1,short_horizon_reversal,1,ETHUSDT,2024,2024-01-01T00:00:00Z,2024-12-31T23:00:00Z,stress,10.0,10.0,trial_b1fd69454b3ea6cf03598608,3584c161874dc3b8d8f9961901e5abaadebe32a1aaba6d321106b8ccb1f61187,8783,4717,0.9995446265938069,0.9695393826251553,-0.9999999876937423,0.45404724875953484,-1.454047236453277,18.852000000000004,-0.9999999877910697,experiments/runs/curated_breadth_screen_v1/204__CANDIDATE_H006_REVERSAL_1_LONG_SHORT__ETHUSDT__2024__stress__trial_b1fd69454b3ea6cf03598608/run_receipt.json,23617d958604b349d55b76afc1686f38bd79439ff549285705443ed47036328d,experiments/runs/curated_breadth_screen_v1/204__CANDIDATE_H006_REVERSAL_1_LONG_SHORT__ETHUSDT__2024__stress__trial_b1fd69454b3ea6cf03598608/metrics.json,0893759f28313ce0ad02a66a6f16aee620687258d5e60a3c27ce3138b0fc0fc8
CURATED_BREADTH_SCREEN_V1,CANDIDATE_H006_REVERSAL_1_LONG_SHORT,variant_66cfc915025fc7745f4c51e2,H006_short_horizon_reversal,existing-qntylab-strategies-v1,short_horizon_reversal,1,ETHUSDT,2025,2025-01-01T00:00:00Z,2025-12-31T23:00:00Z,baseline,10.0,0.0,trial_fa553b3cbf247634c6365a68,3584c161874dc3b8d8f9961901e5abaadebe32a1aaba6d321106b8ccb1f61187,8759,4540,0.9995433789954338,0.21558916590682142,-0.9998615454208555,-0.11655617326158696,-0.8833053721592685,9.072000000000001,-0.9998620002967835,experiments/runs/curated_breadth_screen_v1/205__CANDIDATE_H006_REVERSAL_1_LONG_SHORT__ETHUSDT__2025__baseline__trial_fa553b3cbf247634c6365a68/run_receipt.json,87913fe8f4dc25a692fd4cc100eb3b2449b689a3705cfa9ffd99a54797657161,experiments/runs/curated_breadth_screen_v1/205__CANDIDATE_H006_REVERSAL_1_LONG_SHORT__ETHUSDT__2025__baseline__trial_fa553b3cbf247634c6365a68/metrics.json,696db66a10db76d6478398e28e19e07273071d61cd5ac286446fc145a2c2b0ba
CURATED_BREADTH_SCREEN_V1,CANDIDATE_H006_REVERSAL_1_LONG_SHORT,variant_66cfc915025fc7745f4c51e2,H006_short_horizon_reversal,existing-qntylab-strategies-v1,short_horizon_reversal,1,ETHUSDT,2025,2025-01-01T00:00:00Z,2025-12-31T23:00:00Z,stress,10.0,10.0,trial_3af01818df129ff60134f815,3584c161874dc3b8d8f9961901e5abaadebe32a1aaba6d321106b8ccb1f61187,8759,4540,0.9995433789954338,0.21558916590682142,-0.9999999845146528,-0.11655617326158696,-0.8834438112530658,18.144000000000002,-0.9999999845146528,experiments/runs/curated_breadth_screen_v1/206__CANDIDATE_H006_REVERSAL_1_LONG_SHORT__ETHUSDT__2025__stress__trial_3af01818df129ff60134f815/run_receipt.json,383822bc2c887294a3cd0266f2474a5e9a62c6e83419a975116e7c66889934e5,experiments/runs/curated_breadth_screen_v1/206__CANDIDATE_H006_REVERSAL_1_LONG_SHORT__ETHUSDT__2025__stress__trial_3af01818df129ff60134f815/metrics.json,152c75d08b14b53a5167b6e0f1a156c51c0f71034fad6d69520f201f7752de77
CURATED_BREADTH_SCREEN_V1,CANDIDATE_H006_REVERSAL_1_LONG_SHORT,variant_66cfc915025fc7745f4c51e2,H006_short_horizon_reversal,existing-qntylab-strategies-v1,short_horizon_reversal,1,ETHUSDT,2026YTD,2026-01-01T00:00:00Z,2026-07-27T23:00:00Z,baseline,10.0,0.0,trial_7ccf871b388412298bb5a353,3584c161874dc3b8d8f9961901e5abaadebe32a1aaba6d321106b8ccb1f61187,4991,2604,0.9993990384615384,0.19972427846470753,-0.9934258638923404,-0.36488232471197823,-0.6285435391803622,5.202,-0.9934266949291662,experiments/runs/curated_breadth_screen_v1/207__CANDIDATE_H006_REVERSAL_1_LONG_SHORT__ETHUSDT__2026YTD__baseline__trial_7ccf871b388412298bb5a353/run_receipt.json,92a49415d2fd8528297f60c9ffc05ec325c2ad598ab7ab20db973b50c78ed98b,experiments/runs/curated_breadth_screen_v1/207__CANDIDATE_H006_REVERSAL_1_LONG_SHORT__ETHUSDT__2026YTD__baseline__trial_7ccf871b388412298bb5a353/metrics.json,17aa41024dcb5d343d7ad89ccd3bfc3c5ecc3800ae2e047267ac26e7bbfd4421
CURATED_BREADTH_SCREEN_V1,CANDIDATE_H006_REVERSAL_1_LONG_SHORT,variant_66cfc915025fc7745f4c51e2,H006_short_horizon_reversal,existing-qntylab-strategies-v1,short_horizon_reversal,1,ETHUSDT,2026YTD,2026-01-01T00:00:00Z,2026-07-27T23:00:00Z,stress,10.0,10.0,trial_2329c6d28ed95aef76c8d0a1,3584c161874dc3b8d8f9961901e5abaadebe32a1aaba6d321106b8ccb1f61187,4991,2604,0.9993990384615384,0.19972427846470753,-0.9999643497382283,-0.36488232471197823,-0.6350820250262501,10.404,-0.9999643497382283,experiments/runs/curated_breadth_screen_v1/208__CANDIDATE_H006_REVERSAL_1_LONG_SHORT__ETHUSDT__2026YTD__stress__trial_2329c6d28ed95aef76c8d0a1/run_receipt.json,d0a4f5c0c31b9bca0b75099de79d4df48201bf04d19d8dba7e17bdb5cde7b962,experiments/runs/curated_breadth_screen_v1/208__CANDIDATE_H006_REVERSAL_1_LONG_SHORT__ETHUSDT__2026YTD__stress__trial_2329c6d28ed95aef76c8d0a1/metrics.json,d9d0ebb38b6e0e04c7ceacba78447d95fb68807cb6a09a2b6e218fde1108cb77
CURATED_BREADTH_SCREEN_V1,CANDIDATE_H006_REVERSAL_1_LONG_SHORT,variant_66cfc915025fc7745f4c51e2,H006_short_horizon_reversal,existing-qntylab-strategies-v1,short_horizon_reversal,1,SOLUSDT,2022,2022-01-01T00:00:00Z,2022-12-31T23:00:00Z,baseline,10.0,0.0,trial_1c1c04d9ddca7bc91ec16326,c431aa068acbfedf3cb0c38845dfac275044a9cf83367075b47d47f06974e99d,8759,4679,0.9842465753424657,-0.21662545462562788,-0.9999124497794813,-0.9421626638821209,-0.05774978589736046,9.09,-0.9999192230567844,experiments/runs/curated_breadth_screen_v1/209__CANDIDATE_H006_REVERSAL_1_LONG_SHORT__SOLUSDT__2022__baseline__trial_1c1c04d9ddca7bc91ec16326/run_receipt.json,b297237f4477edbec0831f376eef7c885d70b938bd3e65dfd85b8da2f7f25e84,experiments/runs/curated_breadth_screen_v1/209__CANDIDATE_H006_REVERSAL_1_LONG_SHORT__SOLUSDT__2022__baseline__trial_1c1c04d9ddca7bc91ec16326/metrics.json,0649022a981419b4d0169a92e3a9709c56427b98bec5a8c7547406f1113531f4
CURATED_BREADTH_SCREEN_V1,CANDIDATE_H006_REVERSAL_1_LONG_SHORT,variant_66cfc915025fc7745f4c51e2,H006_short_horizon_reversal,existing-qntylab-strategies-v1,short_horizon_reversal,1,SOLUSDT,2022,2022-01-01T00:00:00Z,2022-12-31T23:00:00Z,stress,10.0,10.0,trial_798744292161054cfdf23352,c431aa068acbfedf3cb0c38845dfac275044a9cf83367075b47d47f06974e99d,8759,4679,0.9842465753424657,-0.21662545462562788,-0.9999999903897778,-0.9421626638821209,-0.05783732650765694,18.18,-0.9999999907371224,experiments/runs/curated_breadth_screen_v1/210__CANDIDATE_H006_REVERSAL_1_LONG_SHORT__SOLUSDT__2022__stress__trial_798744292161054cfdf23352/run_receipt.json,64fae779c5751ab5150d8d15a7b8fd5546ffe28c3f0715b793638d3f6559106f,experiments/runs/curated_breadth_screen_v1/210__CANDIDATE_H006_REVERSAL_1_LONG_SHORT__SOLUSDT__2022__stress__trial_798744292161054cfdf23352/metrics.json,9f2bf6fc6f9517f66fa5836037c0256529158b328b39b56350caeb10f0d6819d
CURATED_BREADTH_SCREEN_V1,CANDIDATE_H006_REVERSAL_1_LONG_SHORT,variant_66cfc915025fc7745f4c51e2,H006_short_horizon_reversal,existing-qntylab-strategies-v1,short_horizon_reversal,1,SOLUSDT,2024,2024-01-01T00:00:00Z,2024-12-31T23:00:00Z,baseline,10.0,0.0,trial_67c55ab7e3c2130f86a52215,c431aa068acbfedf3cb0c38845dfac275044a9cf83367075b47d47f06974e99d,8783,4684,0.9972677595628415,4.812596877284265,-0.9994838732919022,0.856708513142409,-1.8561923864343113,9.32,-0.9995405079765696,experiments/runs/curated_breadth_screen_v1/211__CANDIDATE_H006_REVERSAL_1_LONG_SHORT__SOLUSDT__2024__baseline__trial_67c55ab7e3c2130f86a52215/run_receipt.json,2771335e2fd0f5658b382da9fee2c12b72589b4c3ce1dbdee8b68ec75f1b2389,experiments/runs/curated_breadth_screen_v1/211__CANDIDATE_H006_REVERSAL_1_LONG_SHORT__SOLUSDT__2024__baseline__trial_67c55ab7e3c2130f86a52215/metrics.json,24d2c23aa80cff8676a3c44d5da29f95e82dde95fea68c0a0a3e5ba892d7c0e6
CURATED_BREADTH_SCREEN_V1,CANDIDATE_H006_REVERSAL_1_LONG_SHORT,variant_66cfc915025fc7745f4c51e2,H006_short_horizon_reversal,existing-qntylab-strategies-v1,short_horizon_reversal,1,SOLUSDT,2024,2024-01-01T00:00:00Z,2024-12-31T23:00:00Z,stress,10.0,10.0,trial_c116e0c2bd9fb57048efca50,c431aa068acbfedf3cb0c38845dfac275044a9cf83367075b47d47f06974e99d,8783,4684,0.9972677595628415,4.812596877284265,-0.9999999550183724,0.856708513142409,-1.8567084681607815,18.64,-0.999999958325247,experiments/runs/curated_breadth_screen_v1/212__CANDIDATE_H006_REVERSAL_1_LONG_SHORT__SOLUSDT__2024__stress__trial_c116e0c2bd9fb57048efca50/run_receipt.json,21ff51e43bf2747e890b3fa18bc63f4dd916096d536d8b4fa94bf6c41798f678,experiments/runs/curated_breadth_screen_v1/212__CANDIDATE_H006_REVERSAL_1_LONG_SHORT__SOLUSDT__2024__stress__trial_c116e0c2bd9fb57048efca50/metrics.json,f3cd4bc6eac104d74921223bd385279803e211c8319d13c98932f4908855d12e
CURATED_BREADTH_SCREEN_V1,CANDIDATE_H006_REVERSAL_1_LONG_SHORT,variant_66cfc915025fc7745f4c51e2,H006_short_horizon_reversal,existing-qntylab-strategies-v1,short_horizon_reversal,1,SOLUSDT,2025,2025-01-01T00:00:00Z,2025-12-31T23:00:00Z,baseline,10.0,0.0,trial_c49c3d394cd28088acf19ebc,c431aa068acbfedf3cb0c38845dfac275044a9cf83367075b47d47f06974e99d,8759,4472,0.9964611872146119,0.39764494687234664,-0.9998076927194032,-0.3526020567154876,-0.6472056360039156,8.882000000000001,-0.9998102984003705,experiments/runs/curated_breadth_screen_v1/213__CANDIDATE_H006_REVERSAL_1_LONG_SHORT__SOLUSDT__2025__baseline__trial_c49c3d394cd28088acf19ebc/run_receipt.json,f9d8a977bc474e0bcedf54240d53a03e34a04110051cba7c4683accc503fdc7f,experiments/runs/curated_breadth_screen_v1/213__CANDIDATE_H006_REVERSAL_1_LONG_SHORT__SOLUSDT__2025__baseline__trial_c49c3d394cd28088acf19ebc/metrics.json,d8a4189b4c8c3c9f7fec41ea8dd4b544c0cc366b3b0181dd83b9bc5005989dd6
CURATED_BREADTH_SCREEN_V1,CANDIDATE_H006_REVERSAL_1_LONG_SHORT,variant_66cfc915025fc7745f4c51e2,H006_short_horizon_reversal,existing-qntylab-strategies-v1,short_horizon_reversal,1,SOLUSDT,2025,2025-01-01T00:00:00Z,2025-12-31T23:00:00Z,stress,10.0,10.0,trial_8f2dd9f1402aa9a181875222,c431aa068acbfedf3cb0c38845dfac275044a9cf83367075b47d47f06974e99d,8759,4472,0.9964611872146119,0.39764494687234664,-0.9999999740059117,-0.3526020567154876,-0.6473979172904241,17.764000000000003,-0.9999999740854816,experiments/runs/curated_breadth_screen_v1/214__CANDIDATE_H006_REVERSAL_1_LONG_SHORT__SOLUSDT__2025__stress__trial_8f2dd9f1402aa9a181875222/run_receipt.json,fbe03a406f8e41bf8c9d50312e1db5ce674efa129282ad49a3a07a2e587e3a7d,experiments/runs/curated_breadth_screen_v1/214__CANDIDATE_H006_REVERSAL_1_LONG_SHORT__SOLUSDT__2025__stress__trial_8f2dd9f1402aa9a181875222/metrics.json,bc9d86f111066deacd0b029d107b363ca048eecd925d6c0d06d8e642f313cd58
CURATED_BREADTH_SCREEN_V1,CANDIDATE_H006_REVERSAL_1_LONG_SHORT,variant_66cfc915025fc7745f4c51e2,H006_short_horizon_reversal,existing-qntylab-strategies-v1,short_horizon_reversal,1,SOLUSDT,2026YTD,2026-01-01T00:00:00Z,2026-07-27T23:00:00Z,baseline,10.0,0.0,trial_c2c55637ce881384f553959f,c431aa068acbfedf3cb0c38845dfac275044a9cf83367075b47d47f06974e99d,4991,2642,0.9879807692307693,0.0779747629549461,-0.9938679074897182,-0.4071114662405114,-0.5867564412492068,5.164,-0.9941114307401743,experiments/runs/curated_breadth_screen_v1/215__CANDIDATE_H006_REVERSAL_1_LONG_SHORT__SOLUSDT__2026YTD__baseline__trial_c2c55637ce881384f553959f/run_receipt.json,a76b166488c9a89b386026ba1a61c942deea7f6362a1dbe39361039585e1b842,experiments/runs/curated_breadth_screen_v1/215__CANDIDATE_H006_REVERSAL_1_LONG_SHORT__SOLUSDT__2026YTD__baseline__trial_c2c55637ce881384f553959f/metrics.json,9aeed9b84bcbdc9cc18ade4e2b872649ea1e91b5be10eb7872e7c115aa58a5b3
CURATED_BREADTH_SCREEN_V1,CANDIDATE_H006_REVERSAL_1_LONG_SHORT,variant_66cfc915025fc7745f4c51e2,H006_short_horizon_reversal,existing-qntylab-strategies-v1,short_horizon_reversal,1,SOLUSDT,2026YTD,2026-01-01T00:00:00Z,2026-07-27T23:00:00Z,stress,10.0,10.0,trial_f4d27f615ad07631de051110,c431aa068acbfedf3cb0c38845dfac275044a9cf83367075b47d47f06974e99d,4991,2642,0.9879807692307693,0.0779747629549461,-0.9999654731234809,-0.4071114662405114,-0.5928540068829695,10.328,-0.9999663244259722,experiments/runs/curated_breadth_screen_v1/216__CANDIDATE_H006_REVERSAL_1_LONG_SHORT__SOLUSDT__2026YTD__stress__trial_f4d27f615ad07631de051110/run_receipt.json,4815d90cb0a70906e94dfd401b13b3cb79fe69efc97ac9ea9e63297dc2ef448d,experiments/runs/curated_breadth_screen_v1/216__CANDIDATE_H006_REVERSAL_1_LONG_SHORT__SOLUSDT__2026YTD__stress__trial_f4d27f615ad07631de051110/metrics.json,497facaa1b17dee22b91d65a46293b7e5ea4a5d2c50185d185e57eb963616bb0
CURATED_BREADTH_SCREEN_V1,CANDIDATE_H006_REVERSAL_3_LONG_SHORT,variant_c21463e36d437e98cf38698b,H006_short_horizon_reversal,existing-qntylab-strategies-v1,short_horizon_reversal,3,BTCUSDT,2022,2022-01-01T00:00:00Z,2022-12-31T23:00:00Z,baseline,10.0,0.0,trial_ad8bc53dd3e12d20326e8947,6dcc8c6293f24e2e91957b286a96d9b87fd646e4b57c846495bd41d1aa225b65,8759,2577,1.0,-0.06512229110372347,-0.9946314344384,-0.645439945404816,-0.349191489033584,5.154,-0.994668752851364,experiments/runs/curated_breadth_screen_v1/217__CANDIDATE_H006_REVERSAL_3_LONG_SHORT__BTCUSDT__2022__baseline__trial_ad8bc53dd3e12d20326e8947/run_receipt.json,89a152f6cfa0e17e0561d224ac2b238ce569377721a5ae5abe52481e1eca770b,experiments/runs/curated_breadth_screen_v1/217__CANDIDATE_H006_REVERSAL_3_LONG_SHORT__BTCUSDT__2022__baseline__trial_ad8bc53dd3e12d20326e8947/metrics.json,6b17c9b5f0611fe74febc00af99ba4dc378e96f157925302a764f65ace7ceb9c
CURATED_BREADTH_SCREEN_V1,CANDIDATE_H006_REVERSAL_3_LONG_SHORT,variant_c21463e36d437e98cf38698b,H006_short_horizon_reversal,existing-qntylab-strategies-v1,short_horizon_reversal,3,BTCUSDT,2022,2022-01-01T00:00:00Z,2022-12-31T23:00:00Z,stress,10.0,10.0,trial_d4c19a44c40671896b273112,6dcc8c6293f24e2e91957b286a96d9b87fd646e4b57c846495bd41d1aa225b65,8759,2577,1.0,-0.06512229110372347,-0.9999694883544751,-0.645439945404816,-0.3545295429496591,10.308,-0.9999695281761714,experiments/runs/curated_breadth_screen_v1/218__CANDIDATE_H006_REVERSAL_3_LONG_SHORT__BTCUSDT__2022__stress__trial_d4c19a44c40671896b273112/run_receipt.json,d771d39b069982353aa41fab158db6be1a0a1ee554568879ad4a67f379feefaa,experiments/runs/curated_breadth_screen_v1/218__CANDIDATE_H006_REVERSAL_3_LONG_SHORT__BTCUSDT__2022__stress__trial_d4c19a44c40671896b273112/metrics.json,de9515b71007c0ae0b0afb4f96c7a921770d328aa3735968ee6bebe46f5e5be0
CURATED_BREADTH_SCREEN_V1,CANDIDATE_H006_REVERSAL_3_LONG_SHORT,variant_c21463e36d437e98cf38698b,H006_short_horizon_reversal,existing-qntylab-strategies-v1,short_horizon_reversal,3,BTCUSDT,2024,2024-01-01T00:00:00Z,2024-12-31T23:00:00Z,baseline,10.0,0.0,trial_8d28714cb5925b1c444ffbef,6dcc8c6293f24e2e91957b286a96d9b87fd646e4b57c846495bd41d1aa225b65,8783,2621,0.9997723132969034,0.7659988680266026,-0.9906729843649542,1.2030722376312029,-2.1937452219961573,5.238000000000001,-0.9910227955780764,experiments/runs/curated_breadth_screen_v1/219__CANDIDATE_H006_REVERSAL_3_LONG_SHORT__BTCUSDT__2024__baseline__trial_8d28714cb5925b1c444ffbef/run_receipt.json,13bbc2a295cd779d67787644dd4b866197b3a66ba62a555c5afee0b70f0165cc,experiments/runs/curated_breadth_screen_v1/219__CANDIDATE_H006_REVERSAL_3_LONG_SHORT__BTCUSDT__2024__baseline__trial_8d28714cb5925b1c444ffbef/metrics.json,dcb592add17b833254a41e218a55f5ac1e48b8c4177b27b5cc5e7157971d65f2
CURATED_BREADTH_SCREEN_V1,CANDIDATE_H006_REVERSAL_3_LONG_SHORT,variant_c21463e36d437e98cf38698b,H006_short_horizon_reversal,existing-qntylab-strategies-v1,short_horizon_reversal,3,BTCUSDT,2024,2024-01-01T00:00:00Z,2024-12-31T23:00:00Z,stress,10.0,10.0,trial_1ed1e1ada60fce7b5192641d,6dcc8c6293f24e2e91957b286a96d9b87fd646e4b57c846495bd41d1aa225b65,8783,2621,0.9997723132969034,0.7659988680266026,-0.99995125521914,1.2030722376312029,-2.2030234928503427,10.476000000000003,-0.999951466631014,experiments/runs/curated_breadth_screen_v1/220__CANDIDATE_H006_REVERSAL_3_LONG_SHORT__BTCUSDT__2024__stress__trial_1ed1e1ada60fce7b5192641d/run_receipt.json,aa9f25f57335946edca4d0534fce546d48112189763a5cef201ef4c83b71cac3,experiments/runs/curated_breadth_screen_v1/220__CANDIDATE_H006_REVERSAL_3_LONG_SHORT__BTCUSDT__2024__stress__trial_1ed1e1ada60fce7b5192641d/metrics.json,2b37f999a14c9484e18ad1b1dc0634872a1fa659ff8369578cfdfcecd449463e
CURATED_BREADTH_SCREEN_V1,CANDIDATE_H006_REVERSAL_3_LONG_SHORT,variant_c21463e36d437e98cf38698b,H006_short_horizon_reversal,existing-qntylab-strategies-v1,short_horizon_reversal,3,BTCUSDT,2025,2025-01-01T00:00:00Z,2025-12-31T23:00:00Z,baseline,10.0,0.0,trial_391b0c99f1a8ce0ff8f66db6,6dcc8c6293f24e2e91957b286a96d9b87fd646e4b57c846495bd41d1aa225b65,8759,2479,0.9997716894977169,-0.3750704403958225,-0.9956173458192707,-0.07153430562385155,-0.9240830401954192,4.954000000000001,-0.9956925308275272,experiments/runs/curated_breadth_screen_v1/221__CANDIDATE_H006_REVERSAL_3_LONG_SHORT__BTCUSDT__2025__baseline__trial_391b0c99f1a8ce0ff8f66db6/run_receipt.json,8c9f68a27f3f8f088778b5fe3992cb29bb77fc60cd12f0848396a43b494d9e88,experiments/runs/curated_breadth_screen_v1/221__CANDIDATE_H006_REVERSAL_3_LONG_SHORT__BTCUSDT__2025__baseline__trial_391b0c99f1a8ce0ff8f66db6/metrics.json,d33c5d1454fae0711b4f9131dc6707d01a4feb5b687797466aa73f2285634677
CURATED_BREADTH_SCREEN_V1,CANDIDATE_H006_REVERSAL_3_LONG_SHORT,variant_c21463e36d437e98cf38698b,H006_short_horizon_reversal,existing-qntylab-strategies-v1,short_horizon_reversal,3,BTCUSDT,2025,2025-01-01T00:00:00Z,2025-12-31T23:00:00Z,stress,10.0,10.0,trial_3b09bbc614bcabc192f6b808,6dcc8c6293f24e2e91957b286a96d9b87fd646e4b57c846495bd41d1aa225b65,8759,2479,0.9997716894977169,-0.3750704403958225,-0.9999695685300309,-0.07153430562385155,-0.9284352629061794,9.908000000000001,-0.9999699384458609,experiments/runs/curated_breadth_screen_v1/222__CANDIDATE_H006_REVERSAL_3_LONG_SHORT__BTCUSDT__2025__stress__trial_3b09bbc614bcabc192f6b808/run_receipt.json,e05d0813dfd8d6c542e01b40060693a521f9fc2e76dc6d7251ab93c9d24d666a,experiments/runs/curated_breadth_screen_v1/222__CANDIDATE_H006_REVERSAL_3_LONG_SHORT__BTCUSDT__2025__stress__trial_3b09bbc614bcabc192f6b808/metrics.json,eb1d2ce33000921199156743ee4b913be80b9589736ce48f57c3836f0c4a8e9e
CURATED_BREADTH_SCREEN_V1,CANDIDATE_H006_REVERSAL_3_LONG_SHORT,variant_c21463e36d437e98cf38698b,H006_short_horizon_reversal,existing-qntylab-strategies-v1,short_horizon_reversal,3,BTCUSDT,2026YTD,2026-01-01T00:00:00Z,2026-07-27T23:00:00Z,baseline,10.0,0.0,trial_e17b864391fc05b6e6cab2f6,6dcc8c6293f24e2e91957b286a96d9b87fd646e4b57c846495bd41d1aa225b65,4991,1466,1.0,0.1958576361476685,-0.93645297953518,-0.27392758141712437,-0.6625253981180557,2.932,-0.936701495075583,experiments/runs/curated_breadth_screen_v1/223__CANDIDATE_H006_REVERSAL_3_LONG_SHORT__BTCUSDT__2026YTD__baseline__trial_e17b864391fc05b6e6cab2f6/run_receipt.json,643b0f7903be86821f7619c46cd8dde34cad0eaad5a7f2e295eece670cc30d9d,experiments/runs/curated_breadth_screen_v1/223__CANDIDATE_H006_REVERSAL_3_LONG_SHORT__BTCUSDT__2026YTD__baseline__trial_e17b864391fc05b6e6cab2f6/metrics.json,f01aeb9f765e32943a8ea963be710f52cd73f440820d5829662147448d6fff8a
CURATED_BREADTH_SCREEN_V1,CANDIDATE_H006_REVERSAL_3_LONG_SHORT,variant_c21463e36d437e98cf38698b,H006_short_horizon_reversal,existing-qntylab-strategies-v1,short_horizon_reversal,3,BTCUSDT,2026YTD,2026-01-01T00:00:00Z,2026-07-27T23:00:00Z,stress,10.0,10.0,trial_999ccdb3d109d4ebe4acb3a7,6dcc8c6293f24e2e91957b286a96d9b87fd646e4b57c846495bd41d1aa225b65,4991,1466,1.0,0.1958576361476685,-0.9966429787473353,-0.27392758141712437,-0.722715397330211,5.864,-0.996649404078264,experiments/runs/curated_breadth_screen_v1/224__CANDIDATE_H006_REVERSAL_3_LONG_SHORT__BTCUSDT__2026YTD__stress__trial_999ccdb3d109d4ebe4acb3a7/run_receipt.json,859b2b62d25543e21d68a48c1a341b4b52dd00264b008724a70152dcafe6ac75,experiments/runs/curated_breadth_screen_v1/224__CANDIDATE_H006_REVERSAL_3_LONG_SHORT__BTCUSDT__2026YTD__stress__trial_999ccdb3d109d4ebe4acb3a7/metrics.json,cedc093174e00bccc0acc1c95049ec6b2f5458732f26d786f35b6772cc7e89d2
CURATED_BREADTH_SCREEN_V1,CANDIDATE_H006_REVERSAL_3_LONG_SHORT,variant_c21463e36d437e98cf38698b,H006_short_horizon_reversal,existing-qntylab-strategies-v1,short_horizon_reversal,3,ETHUSDT,2022,2022-01-01T00:00:00Z,2022-12-31T23:00:00Z,baseline,10.0,0.0,trial_e1ee47e8589f84a5efd302c6,3584c161874dc3b8d8f9961901e5abaadebe32a1aaba6d321106b8ccb1f61187,8759,2589,0.9994292237442922,0.007458805704571025,-0.9942946266195654,-0.6787222269972926,-0.3155723996222728,5.168,-0.9943246258024233,experiments/runs/curated_breadth_screen_v1/225__CANDIDATE_H006_REVERSAL_3_LONG_SHORT__ETHUSDT__2022__baseline__trial_e1ee47e8589f84a5efd302c6/run_receipt.json,1d8477d264f4a12c42cac92cd01f44a759dd99686b75b5e372aa7c101343207f,experiments/runs/curated_breadth_screen_v1/225__CANDIDATE_H006_REVERSAL_3_LONG_SHORT__ETHUSDT__2022__baseline__trial_e1ee47e8589f84a5efd302c6/metrics.json,6d5563d02e959766f55e981762d6a61a515daf6c3e96b64412893548091f312f
CURATED_BREADTH_SCREEN_V1,CANDIDATE_H006_REVERSAL_3_LONG_SHORT,variant_c21463e36d437e98cf38698b,H006_short_horizon_reversal,existing-qntylab-strategies-v1,short_horizon_reversal,3,ETHUSDT,2022,2022-01-01T00:00:00Z,2022-12-31T23:00:00Z,stress,10.0,10.0,trial_b80734f55fe2dc6ecfdf61f2,3584c161874dc3b8d8f9961901e5abaadebe32a1aaba6d321106b8ccb1f61187,8759,2589,0.9994292237442922,0.007458805704571025,-0.9999680230605668,-0.6787222269972926,-0.3212457960632742,10.336,-0.999968149786287,experiments/runs/curated_breadth_screen_v1/226__CANDIDATE_H006_REVERSAL_3_LONG_SHORT__ETHUSDT__2022__stress__trial_b80734f55fe2dc6ecfdf61f2/run_receipt.json,884368f538f51707664b9a3549b5d1b19f160bce5d563864159fc4ace5ea9379,experiments/runs/curated_breadth_screen_v1/226__CANDIDATE_H006_REVERSAL_3_LONG_SHORT__ETHUSDT__2022__stress__trial_b80734f55fe2dc6ecfdf61f2/metrics.json,a25bd25aee43947ce9a5a9704909dd9af4ec5f568013f36f189b9fd9c1605b60
CURATED_BREADTH_SCREEN_V1,CANDIDATE_H006_REVERSAL_3_LONG_SHORT,variant_c21463e36d437e98cf38698b,H006_short_horizon_reversal,existing-qntylab-strategies-v1,short_horizon_reversal,3,ETHUSDT,2024,2024-01-01T00:00:00Z,2024-12-31T23:00:00Z,baseline,10.0,0.0,trial_112434781b284aa900daa365,3584c161874dc3b8d8f9961901e5abaadebe32a1aaba6d321106b8ccb1f61187,8783,2644,0.9994307832422586,0.39572974125285265,-0.9929173447242535,0.45404724875953484,-1.4469645934837883,5.2780000000000005,-0.9933304006896654,experiments/runs/curated_breadth_screen_v1/227__CANDIDATE_H006_REVERSAL_3_LONG_SHORT__ETHUSDT__2024__baseline__trial_112434781b284aa900daa365/run_receipt.json,10e3ad1a86d157d7fa170a438ac17e2f1ea1e706c8dfcd6caf87f27638f04090,experiments/runs/curated_breadth_screen_v1/227__CANDIDATE_H006_REVERSAL_3_LONG_SHORT__ETHUSDT__2024__baseline__trial_112434781b284aa900daa365/metrics.json,7ee3551982504f156d6f9c5da0de3d079468ce85eef3d0b0a2cff4bf8f442855
CURATED_BREADTH_SCREEN_V1,CANDIDATE_H006_REVERSAL_3_LONG_SHORT,variant_c21463e36d437e98cf38698b,H006_short_horizon_reversal,existing-qntylab-strategies-v1,short_horizon_reversal,3,ETHUSDT,2024,2024-01-01T00:00:00Z,2024-12-31T23:00:00Z,stress,10.0,10.0,trial_da7da2515061fd3d63862c7a,3584c161874dc3b8d8f9961901e5abaadebe32a1aaba6d321106b8ccb1f61187,8783,2644,0.9994307832422586,0.39572974125285265,-0.9999644375394378,0.45404724875953484,-1.4540116862989727,10.556000000000001,-0.9999651374616716,experiments/runs/curated_breadth_screen_v1/228__CANDIDATE_H006_REVERSAL_3_LONG_SHORT__ETHUSDT__2024__stress__trial_da7da2515061fd3d63862c7a/run_receipt.json,7f115c2474e087b0d2868c0d37a2f9cf6055c2e007c2680501e62f1f7338fd34,experiments/runs/curated_breadth_screen_v1/228__CANDIDATE_H006_REVERSAL_3_LONG_SHORT__ETHUSDT__2024__stress__trial_da7da2515061fd3d63862c7a/metrics.json,21aae1cfe2e27bf9c3061b1ca24c11d28ceaed327232c5adc2842edbaecdbef1
CURATED_BREADTH_SCREEN_V1,CANDIDATE_H006_REVERSAL_3_LONG_SHORT,variant_c21463e36d437e98cf38698b,H006_short_horizon_reversal,existing-qntylab-strategies-v1,short_horizon_reversal,3,ETHUSDT,2025,2025-01-01T00:00:00Z,2025-12-31T23:00:00Z,baseline,10.0,0.0,trial_85c5df27880ccae5a6aa2aeb,3584c161874dc3b8d8f9961901e5abaadebe32a1aaba6d321106b8ccb1f61187,8759,2505,0.9998858447488584,-0.768963779394368,-0.9984656920636346,-0.11655617326158696,-0.8819095188020476,5.008000000000001,-0.9984685344774169,experiments/runs/curated_breadth_screen_v1/229__CANDIDATE_H006_REVERSAL_3_LONG_SHORT__ETHUSDT__2025__baseline__trial_85c5df27880ccae5a6aa2aeb/run_receipt.json,1da613bd99b37075252410bda8032dbb9cf949e4ae7c511d821b8104e0f3ee8c,experiments/runs/curated_breadth_screen_v1/229__CANDIDATE_H006_REVERSAL_3_LONG_SHORT__ETHUSDT__2025__baseline__trial_85c5df27880ccae5a6aa2aeb/metrics.json,4678ea319f414f4578acb3a2698da19dfeaa5b4fec0b7a2af9add7a3288e3294
CURATED_BREADTH_SCREEN_V1,CANDIDATE_H006_REVERSAL_3_LONG_SHORT,variant_c21463e36d437e98cf38698b,H006_short_horizon_reversal,existing-qntylab-strategies-v1,short_horizon_reversal,3,ETHUSDT,2025,2025-01-01T00:00:00Z,2025-12-31T23:00:00Z,stress,10.0,10.0,trial_d72cf600e19558c0d91c0938,3584c161874dc3b8d8f9961901e5abaadebe32a1aaba6d321106b8ccb1f61187,8759,2505,0.9998858447488584,-0.768963779394368,-0.9999899126825508,-0.11655617326158696,-0.8834337394209638,10.016000000000002,-0.9999899312836041,experiments/runs/curated_breadth_screen_v1/230__CANDIDATE_H006_REVERSAL_3_LONG_SHORT__ETHUSDT__2025__stress__trial_d72cf600e19558c0d91c0938/run_receipt.json,baeabd9ba5f2b763a325464870210fa83223348c936b1426c83920efca784b3f,experiments/runs/curated_breadth_screen_v1/230__CANDIDATE_H006_REVERSAL_3_LONG_SHORT__ETHUSDT__2025__stress__trial_d72cf600e19558c0d91c0938/metrics.json,60fbc7c644183b4dc7c7e32cd5c78fac0218eef2c9ba4e3d41688f9aaee976da
CURATED_BREADTH_SCREEN_V1,CANDIDATE_H006_REVERSAL_3_LONG_SHORT,variant_c21463e36d437e98cf38698b,H006_short_horizon_reversal,existing-qntylab-strategies-v1,short_horizon_reversal,3,ETHUSDT,2026YTD,2026-01-01T00:00:00Z,2026-07-27T23:00:00Z,baseline,10.0,0.0,trial_89e465a7875506aa38fe1e8e,3584c161874dc3b8d8f9961901e5abaadebe32a1aaba6d321106b8ccb1f61187,4991,1459,0.9995993589743589,0.07036813930744201,-0.9420757868242936,-0.36488232471197823,-0.5771934621123154,2.9139999999999997,-0.9436713983598013,experiments/runs/curated_breadth_screen_v1/231__CANDIDATE_H006_REVERSAL_3_LONG_SHORT__ETHUSDT__2026YTD__baseline__trial_89e465a7875506aa38fe1e8e/run_receipt.json,a967f9c7602a05c10fc2df7599739898c1103634e5d9a30510aa7d207341a3a3,experiments/runs/curated_breadth_screen_v1/231__CANDIDATE_H006_REVERSAL_3_LONG_SHORT__ETHUSDT__2026YTD__baseline__trial_89e465a7875506aa38fe1e8e/metrics.json,ca379dcad29c1e8cbe71ecdf3c78919b1726545d4b95b5d1286abef835958153
CURATED_BREADTH_SCREEN_V1,CANDIDATE_H006_REVERSAL_3_LONG_SHORT,variant_c21463e36d437e98cf38698b,H006_short_horizon_reversal,existing-qntylab-strategies-v1,short_horizon_reversal,3,ETHUSDT,2026YTD,2026-01-01T00:00:00Z,2026-07-27T23:00:00Z,stress,10.0,10.0,trial_0f66f9988b57df8d4fddb41e,3584c161874dc3b8d8f9961901e5abaadebe32a1aaba6d321106b8ccb1f61187,4991,1459,0.9995993589743589,0.07036813930744201,-0.9968836368852269,-0.36488232471197823,-0.6320013121732486,5.827999999999999,-0.9969633999727346,experiments/runs/curated_breadth_screen_v1/232__CANDIDATE_H006_REVERSAL_3_LONG_SHORT__ETHUSDT__2026YTD__stress__trial_0f66f9988b57df8d4fddb41e/run_receipt.json,20d9072883b4fb714124d73451d31f296ddc14d73307f6ea7319e4d5bfd1b1a4,experiments/runs/curated_breadth_screen_v1/232__CANDIDATE_H006_REVERSAL_3_LONG_SHORT__ETHUSDT__2026YTD__stress__trial_0f66f9988b57df8d4fddb41e/metrics.json,cbdc9487fafa32b947c6e68260be0989c011a767b0d19c3e466927dc6f106e0e
CURATED_BREADTH_SCREEN_V1,CANDIDATE_H006_REVERSAL_3_LONG_SHORT,variant_c21463e36d437e98cf38698b,H006_short_horizon_reversal,existing-qntylab-strategies-v1,short_horizon_reversal,3,SOLUSDT,2022,2022-01-01T00:00:00Z,2022-12-31T23:00:00Z,baseline,10.0,0.0,trial_db175f36ccb164291976536f,c431aa068acbfedf3cb0c38845dfac275044a9cf83367075b47d47f06974e99d,8759,2481,0.9905251141552511,-0.7155335612927585,-0.9976813899080726,-0.9421626638821209,-0.05551872602595176,4.804,-0.9979820571614005,experiments/runs/curated_breadth_screen_v1/233__CANDIDATE_H006_REVERSAL_3_LONG_SHORT__SOLUSDT__2022__baseline__trial_db175f36ccb164291976536f/run_receipt.json,078ba0df88e9e8bdb76a0ccc4e5decfe4f90c0a7afecb5779a363945682f649b,experiments/runs/curated_breadth_screen_v1/233__CANDIDATE_H006_REVERSAL_3_LONG_SHORT__SOLUSDT__2022__baseline__trial_db175f36ccb164291976536f/metrics.json,4555e24cf12fe29cee19b76f6c8907302de73eff2c8559cd2c854095cc87b5fb
CURATED_BREADTH_SCREEN_V1,CANDIDATE_H006_REVERSAL_3_LONG_SHORT,variant_c21463e36d437e98cf38698b,H006_short_horizon_reversal,existing-qntylab-strategies-v1,short_horizon_reversal,3,SOLUSDT,2022,2022-01-01T00:00:00Z,2022-12-31T23:00:00Z,stress,10.0,10.0,trial_d54aa1e7b2a904e66a3f390b,c431aa068acbfedf3cb0c38845dfac275044a9cf83367075b47d47f06974e99d,8759,2481,0.9905251141552511,-0.7155335612927585,-0.9999812801855203,-0.9421626638821209,-0.05781861630339946,9.608,-0.9999833795040621,experiments/runs/curated_breadth_screen_v1/234__CANDIDATE_H006_REVERSAL_3_LONG_SHORT__SOLUSDT__2022__stress__trial_d54aa1e7b2a904e66a3f390b/run_receipt.json,26ca5dcb848bad034c1a6a17d49d108a36014969063d774546141fdb69456eb0,experiments/runs/curated_breadth_screen_v1/234__CANDIDATE_H006_REVERSAL_3_LONG_SHORT__SOLUSDT__2022__stress__trial_d54aa1e7b2a904e66a3f390b/metrics.json,0b2784668207103df2fcb391aaf3b30f59fbf7f547f8a769803af2d4add911ec
CURATED_BREADTH_SCREEN_V1,CANDIDATE_H006_REVERSAL_3_LONG_SHORT,variant_c21463e36d437e98cf38698b,H006_short_horizon_reversal,existing-qntylab-strategies-v1,short_horizon_reversal,3,SOLUSDT,2024,2024-01-01T00:00:00Z,2024-12-31T23:00:00Z,baseline,10.0,0.0,trial_5b5ecc62b7c3ff7f8260799a,c431aa068acbfedf3cb0c38845dfac275044a9cf83367075b47d47f06974e99d,8783,2531,0.9982923497267759,1.6618169016941495,-0.9827292584318496,0.856708513142409,-1.8394377715742585,5.032,-0.9847130906801814,experiments/runs/curated_breadth_screen_v1/235__CANDIDATE_H006_REVERSAL_3_LONG_SHORT__SOLUSDT__2024__baseline__trial_5b5ecc62b7c3ff7f8260799a/run_receipt.json,c93b1b4f2d7399262f7a51dbe84afb47635ecdd2ceca6da53c8412d11671b23b,experiments/runs/curated_breadth_screen_v1/235__CANDIDATE_H006_REVERSAL_3_LONG_SHORT__SOLUSDT__2024__baseline__trial_5b5ecc62b7c3ff7f8260799a/metrics.json,81bd4ca4bd0ed5da08880c4a6f85b36d6c210c40a80264c88b3fd6e2497a1482
CURATED_BREADTH_SCREEN_V1,CANDIDATE_H006_REVERSAL_3_LONG_SHORT,variant_c21463e36d437e98cf38698b,H006_short_horizon_reversal,existing-qntylab-strategies-v1,short_horizon_reversal,3,SOLUSDT,2024,2024-01-01T00:00:00Z,2024-12-31T23:00:00Z,stress,10.0,10.0,trial_9e04b5f9c36f1c2a4fd048c6,c431aa068acbfedf3cb0c38845dfac275044a9cf83367075b47d47f06974e99d,8783,2531,0.9982923497267759,1.6618169016941495,-0.9998890654217043,0.856708513142409,-1.8565975785641133,10.064,-0.9998988173234469,experiments/runs/curated_breadth_screen_v1/236__CANDIDATE_H006_REVERSAL_3_LONG_SHORT__SOLUSDT__2024__stress__trial_9e04b5f9c36f1c2a4fd048c6/run_receipt.json,a4b579e799a40820edea1f4481a6aedf040ead748ebcf2ddd9a2a229028e3a4c,experiments/runs/curated_breadth_screen_v1/236__CANDIDATE_H006_REVERSAL_3_LONG_SHORT__SOLUSDT__2024__stress__trial_9e04b5f9c36f1c2a4fd048c6/metrics.json,3a4e5ec324cec9685669bc6e326474f4f6a50c08f5eecb17bdc2f52882c0d7c8
CURATED_BREADTH_SCREEN_V1,CANDIDATE_H006_REVERSAL_3_LONG_SHORT,variant_c21463e36d437e98cf38698b,H006_short_horizon_reversal,existing-qntylab-strategies-v1,short_horizon_reversal,3,SOLUSDT,2025,2025-01-01T00:00:00Z,2025-12-31T23:00:00Z,baseline,10.0,0.0,trial_e39627896cb7117a1b453239,c431aa068acbfedf3cb0c38845dfac275044a9cf83367075b47d47f06974e99d,8759,2461,0.9972602739726028,1.3271145613489908,-0.9823078399458703,-0.3526020567154876,-0.6297057832303827,4.8740000000000006,-0.9823739613686696,experiments/runs/curated_breadth_screen_v1/237__CANDIDATE_H006_REVERSAL_3_LONG_SHORT__SOLUSDT__2025__baseline__trial_e39627896cb7117a1b453239/run_receipt.json,fc81cd0b16398821438aee16ec6031a476a593a3ca1ad7d9ffc808f785fff811,experiments/runs/curated_breadth_screen_v1/237__CANDIDATE_H006_REVERSAL_3_LONG_SHORT__SOLUSDT__2025__baseline__trial_e39627896cb7117a1b453239/metrics.json,0feff15cf2b3f16bb149e479c26c7a7d9b827bbeac4a54d4f85d315794aa3bb2
CURATED_BREADTH_SCREEN_V1,CANDIDATE_H006_REVERSAL_3_LONG_SHORT,variant_c21463e36d437e98cf38698b,H006_short_horizon_reversal,existing-qntylab-strategies-v1,short_horizon_reversal,3,SOLUSDT,2025,2025-01-01T00:00:00Z,2025-12-31T23:00:00Z,stress,10.0,10.0,trial_c8d5e4476c6c36befcec1444,c431aa068acbfedf3cb0c38845dfac275044a9cf83367075b47d47f06974e99d,8759,2461,0.9972602739726028,1.3271145613489908,-0.9998667972032678,-0.3526020567154876,-0.6472647404877802,9.748000000000001,-0.9998667972032678,experiments/runs/curated_breadth_screen_v1/238__CANDIDATE_H006_REVERSAL_3_LONG_SHORT__SOLUSDT__2025__stress__trial_c8d5e4476c6c36befcec1444/run_receipt.json,bbf061373c261cc370a837c9b01b1248b23ef788d019ff2784ed1dbacdda040f,experiments/runs/curated_breadth_screen_v1/238__CANDIDATE_H006_REVERSAL_3_LONG_SHORT__SOLUSDT__2025__stress__trial_c8d5e4476c6c36befcec1444/metrics.json,b248068fa9eba2638b91f8df36ff6197f6b4ce4eef35cce584fb8f3ce17cfa94
CURATED_BREADTH_SCREEN_V1,CANDIDATE_H006_REVERSAL_3_LONG_SHORT,variant_c21463e36d437e98cf38698b,H006_short_horizon_reversal,existing-qntylab-strategies-v1,short_horizon_reversal,3,SOLUSDT,2026YTD,2026-01-01T00:00:00Z,2026-07-27T23:00:00Z,baseline,10.0,0.0,trial_39368b50367db9d3b77cdd63,c431aa068acbfedf3cb0c38845dfac275044a9cf83367075b47d47f06974e99d,4991,1471,0.9925881410256411,0.33080584850754047,-0.9245810952326401,-0.4071114662405114,-0.5174696289921287,2.8680000000000003,-0.9328262959422154,experiments/runs/curated_breadth_screen_v1/239__CANDIDATE_H006_REVERSAL_3_LONG_SHORT__SOLUSDT__2026YTD__baseline__trial_39368b50367db9d3b77cdd63/run_receipt.json,5af78c95d439acdb0145de2bf030e6a97cffda4a5abaaafbddf6b395f0aabbca,experiments/runs/curated_breadth_screen_v1/239__CANDIDATE_H006_REVERSAL_3_LONG_SHORT__SOLUSDT__2026YTD__baseline__trial_39368b50367db9d3b77cdd63/metrics.json,38db1b48fd16000f969f12b1b9874b95eedfc84df4403416719fd7d265e4c8ca
CURATED_BREADTH_SCREEN_V1,CANDIDATE_H006_REVERSAL_3_LONG_SHORT,variant_c21463e36d437e98cf38698b,H006_short_horizon_reversal,existing-qntylab-strategies-v1,short_horizon_reversal,3,SOLUSDT,2026YTD,2026-01-01T00:00:00Z,2026-07-27T23:00:00Z,stress,10.0,10.0,trial_4e32fc69aa150cb15493c72a,c431aa068acbfedf3cb0c38845dfac275044a9cf83367075b47d47f06974e99d,4991,1471,0.9925881410256411,0.33080584850754047,-0.995750112125219,-0.4071114662405114,-0.5886386458847076,5.736000000000001,-0.9959066705880005,experiments/runs/curated_breadth_screen_v1/240__CANDIDATE_H006_REVERSAL_3_LONG_SHORT__SOLUSDT__2026YTD__stress__trial_4e32fc69aa150cb15493c72a/run_receipt.json,c5ea46ffe3b361504efebeae6f71f31c6080af957f6ad1ce355023474667694d,experiments/runs/curated_breadth_screen_v1/240__CANDIDATE_H006_REVERSAL_3_LONG_SHORT__SOLUSDT__2026YTD__stress__trial_4e32fc69aa150cb15493c72a/metrics.json,76533c242d1726eecda6a0d26d1084f2f59487707b2f8a290f545bfc4c9a1b92
CURATED_BREADTH_SCREEN_V1,CANDIDATE_H006_REVERSAL_6_LONG_SHORT,variant_1e859ceb2d7330750601ba1c,H006_short_horizon_reversal,existing-qntylab-strategies-v1,short_horizon_reversal,6,BTCUSDT,2022,2022-01-01T00:00:00Z,2022-12-31T23:00:00Z,baseline,10.0,0.0,trial_b1f44ce0eca39e5d24ea435c,6dcc8c6293f24e2e91957b286a96d9b87fd646e4b57c846495bd41d1aa225b65,8759,1906,1.0,0.4015832075364174,-0.9691395731741173,-0.645439945404816,-0.3236996277693013,3.8120000000000003,-0.9702278954845891,experiments/runs/curated_breadth_screen_v1/241__CANDIDATE_H006_REVERSAL_6_LONG_SHORT__BTCUSDT__2022__baseline__trial_b1f44ce0eca39e5d24ea435c/run_receipt.json,79be87687b362273fb67ad5eace1ab1067efc89e7dcd69c7c98fa54c38c1e5ed,experiments/runs/curated_breadth_screen_v1/241__CANDIDATE_H006_REVERSAL_6_LONG_SHORT__BTCUSDT__2022__baseline__trial_b1f44ce0eca39e5d24ea435c/metrics.json,0c8ec075d25ee80a40c1a7c5bfb8b4c0a46bda9a6962e891c67b24e0327903b7
CURATED_BREADTH_SCREEN_V1,CANDIDATE_H006_REVERSAL_6_LONG_SHORT,variant_1e859ceb2d7330750601ba1c,H006_short_horizon_reversal,existing-qntylab-strategies-v1,short_horizon_reversal,6,BTCUSDT,2022,2022-01-01T00:00:00Z,2022-12-31T23:00:00Z,stress,10.0,10.0,trial_6d807b24f3df4941cceb7c65,6dcc8c6293f24e2e91957b286a96d9b87fd646e4b57c846495bd41d1aa225b65,8759,1906,1.0,0.4015832075364174,-0.9993256888222023,-0.645439945404816,-0.3538857434173863,7.6240000000000006,-0.9993283253765559,experiments/runs/curated_breadth_screen_v1/242__CANDIDATE_H006_REVERSAL_6_LONG_SHORT__BTCUSDT__2022__stress__trial_6d807b24f3df4941cceb7c65/run_receipt.json,00dd1d560810648448a18f99623ce1486d49fb04573b5293a2f55bfd6b5bfe39,experiments/runs/curated_breadth_screen_v1/242__CANDIDATE_H006_REVERSAL_6_LONG_SHORT__BTCUSDT__2022__stress__trial_6d807b24f3df4941cceb7c65/metrics.json,a92b411665011eb82ece87b6015a130c7b6218f236bf17b9ba13414dae00c18b
CURATED_BREADTH_SCREEN_V1,CANDIDATE_H006_REVERSAL_6_LONG_SHORT,variant_1e859ceb2d7330750601ba1c,H006_short_horizon_reversal,existing-qntylab-strategies-v1,short_horizon_reversal,6,BTCUSDT,2024,2024-01-01T00:00:00Z,2024-12-31T23:00:00Z,baseline,10.0,0.0,trial_b522733a5a5e6739ee210236,6dcc8c6293f24e2e91957b286a96d9b87fd646e4b57c846495bd41d1aa225b65,8783,1866,1.0,-0.2341592364531374,-0.981742636186857,1.2030722376312029,-2.18481487381806,3.732,-0.982181614028124,experiments/runs/curated_breadth_screen_v1/243__CANDIDATE_H006_REVERSAL_6_LONG_SHORT__BTCUSDT__2024__baseline__trial_b522733a5a5e6739ee210236/run_receipt.json,16999be37e9918df398fc057fcd06d699be60c68b4bdfeba472de21f5d882322,experiments/runs/curated_breadth_screen_v1/243__CANDIDATE_H006_REVERSAL_6_LONG_SHORT__BTCUSDT__2024__baseline__trial_b522733a5a5e6739ee210236/metrics.json,755abf58427729033df0e9faa26dc08e96a9354a0615ef183a23eed53ce67f5a
CURATED_BREADTH_SCREEN_V1,CANDIDATE_H006_REVERSAL_6_LONG_SHORT,variant_1e859ceb2d7330750601ba1c,H006_short_horizon_reversal,existing-qntylab-strategies-v1,short_horizon_reversal,6,BTCUSDT,2024,2024-01-01T00:00:00Z,2024-12-31T23:00:00Z,stress,10.0,10.0,trial_b31d0f6a0c1967e8afa0ce3d,6dcc8c6293f24e2e91957b286a96d9b87fd646e4b57c846495bd41d1aa225b65,8783,1866,1.0,-0.2341592364531374,-0.999568001928024,1.2030722376312029,-2.202640239559227,7.464,-0.9995744235686722,experiments/runs/curated_breadth_screen_v1/244__CANDIDATE_H006_REVERSAL_6_LONG_SHORT__BTCUSDT__2024__stress__trial_b31d0f6a0c1967e8afa0ce3d/run_receipt.json,94bb652f393ca3a4bc6ab70ede4300e08bdcab57273d8f19d50fad97cfbe2b9d,experiments/runs/curated_breadth_screen_v1/244__CANDIDATE_H006_REVERSAL_6_LONG_SHORT__BTCUSDT__2024__stress__trial_b31d0f6a0c1967e8afa0ce3d/metrics.json,a335a12865fed624c9c6ba9f6a2acc3ecc8469fb9245237d08f3a89fff35de24
CURATED_BREADTH_SCREEN_V1,CANDIDATE_H006_REVERSAL_6_LONG_SHORT,variant_1e859ceb2d7330750601ba1c,H006_short_horizon_reversal,existing-qntylab-strategies-v1,short_horizon_reversal,6,BTCUSDT,2025,2025-01-01T00:00:00Z,2025-12-31T23:00:00Z,baseline,10.0,0.0,trial_06ec968c81bdae6e5ba1efb2,6dcc8c6293f24e2e91957b286a96d9b87fd646e4b57c846495bd41d1aa225b65,8759,1713,1.0,-0.1311339088435094,-0.9718351828956986,-0.07153430562385155,-0.900300877271847,3.426,-0.9721716728724096,experiments/runs/curated_breadth_screen_v1/245__CANDIDATE_H006_REVERSAL_6_LONG_SHORT__BTCUSDT__2025__baseline__trial_06ec968c81bdae6e5ba1efb2/run_receipt.json,3da885c95a8743310f7207dee4d362534b73dfd2d235e79274d9da24dd3b79bb,experiments/runs/curated_breadth_screen_v1/245__CANDIDATE_H006_REVERSAL_6_LONG_SHORT__BTCUSDT__2025__baseline__trial_06ec968c81bdae6e5ba1efb2/metrics.json,67fb4788590a3f92ecd26269b657f38d5648e9ff06b13661e513f96058322d67
CURATED_BREADTH_SCREEN_V1,CANDIDATE_H006_REVERSAL_6_LONG_SHORT,variant_1e859ceb2d7330750601ba1c,H006_short_horizon_reversal,existing-qntylab-strategies-v1,short_horizon_reversal,6,BTCUSDT,2025,2025-01-01T00:00:00Z,2025-12-31T23:00:00Z,stress,10.0,10.0,trial_b756b729ad5785791d5f7514,6dcc8c6293f24e2e91957b286a96d9b87fd646e4b57c846495bd41d1aa225b65,8759,1713,1.0,-0.1311339088435094,-0.9990932788073161,-0.07153430562385155,-0.9275589731834646,6.852,-0.9990997258388754,experiments/runs/curated_breadth_screen_v1/246__CANDIDATE_H006_REVERSAL_6_LONG_SHORT__BTCUSDT__2025__stress__trial_b756b729ad5785791d5f7514/run_receipt.json,ad7f0f01a099ac47b39f764bfe0be8e167a6dc2c1a473075245a7c33e198bbed,experiments/runs/curated_breadth_screen_v1/246__CANDIDATE_H006_REVERSAL_6_LONG_SHORT__BTCUSDT__2025__stress__trial_b756b729ad5785791d5f7514/metrics.json,a58c40490d1d0cf471c433d6d2e472830bf1f2fae3a81e118925e210220876bb
CURATED_BREADTH_SCREEN_V1,CANDIDATE_H006_REVERSAL_6_LONG_SHORT,variant_1e859ceb2d7330750601ba1c,H006_short_horizon_reversal,existing-qntylab-strategies-v1,short_horizon_reversal,6,BTCUSDT,2026YTD,2026-01-01T00:00:00Z,2026-07-27T23:00:00Z,baseline,10.0,0.0,trial_87e875d52b332c5f0b7c181f,6dcc8c6293f24e2e91957b286a96d9b87fd646e4b57c846495bd41d1aa225b65,4991,999,1.0,0.4364986379152951,-0.8055543291807435,-0.27392758141712437,-0.5316267477636192,1.998,-0.8095888005156342,experiments/runs/curated_breadth_screen_v1/247__CANDIDATE_H006_REVERSAL_6_LONG_SHORT__BTCUSDT__2026YTD__baseline__trial_87e875d52b332c5f0b7c181f/run_receipt.json,a01ea19cbfa5ffd6379397204193ccfa90dc24fe71b77a25253edafc2af70ea2,experiments/runs/curated_breadth_screen_v1/247__CANDIDATE_H006_REVERSAL_6_LONG_SHORT__BTCUSDT__2026YTD__baseline__trial_87e875d52b332c5f0b7c181f/metrics.json,bcdcdcd5e6b63dcf26bf8c94a803e851eb68b69dec09f1e04c6b038ee05999dc
CURATED_BREADTH_SCREEN_V1,CANDIDATE_H006_REVERSAL_6_LONG_SHORT,variant_1e859ceb2d7330750601ba1c,H006_short_horizon_reversal,existing-qntylab-strategies-v1,short_horizon_reversal,6,BTCUSDT,2026YTD,2026-01-01T00:00:00Z,2026-07-27T23:00:00Z,stress,10.0,10.0,trial_e27b0a08d636fddbdbb9f2cb,6dcc8c6293f24e2e91957b286a96d9b87fd646e4b57c846495bd41d1aa225b65,4991,999,1.0,0.4364986379152951,-0.9737850386063293,-0.27392758141712437,-0.6998574571892049,3.996,-0.9741730475150452,experiments/runs/curated_breadth_screen_v1/248__CANDIDATE_H006_REVERSAL_6_LONG_SHORT__BTCUSDT__2026YTD__stress__trial_e27b0a08d636fddbdbb9f2cb/run_receipt.json,4ce89cac697d06ca6f2eeb1ead189be05f617d641c798a064ee7474328656f60,experiments/runs/curated_breadth_screen_v1/248__CANDIDATE_H006_REVERSAL_6_LONG_SHORT__BTCUSDT__2026YTD__stress__trial_e27b0a08d636fddbdbb9f2cb/metrics.json,ae3c795b1bcb38fb4fb22c456af94a78959a73239dc8f1216112e3ab904f6352
CURATED_BREADTH_SCREEN_V1,CANDIDATE_H006_REVERSAL_6_LONG_SHORT,variant_1e859ceb2d7330750601ba1c,H006_short_horizon_reversal,existing-qntylab-strategies-v1,short_horizon_reversal,6,ETHUSDT,2022,2022-01-01T00:00:00Z,2022-12-31T23:00:00Z,baseline,10.0,0.0,trial_f685fe3d0818f50f0e9cb083,3584c161874dc3b8d8f9961901e5abaadebe32a1aaba6d321106b8ccb1f61187,8759,1809,0.9998858447488584,-0.260325627054781,-0.9801762735411789,-0.6787222269972926,-0.3014540465438863,3.6160000000000005,-0.9802619512882496,experiments/runs/curated_breadth_screen_v1/249__CANDIDATE_H006_REVERSAL_6_LONG_SHORT__ETHUSDT__2022__baseline__trial_f685fe3d0818f50f0e9cb083/run_receipt.json,98bbf79a5732a63778dc0679fc2db30a71943e114c36205bb43e51c88369d106,experiments/runs/curated_breadth_screen_v1/249__CANDIDATE_H006_REVERSAL_6_LONG_SHORT__ETHUSDT__2022__baseline__trial_f685fe3d0818f50f0e9cb083/metrics.json,ea8d6fb32f5b78b5f5629cefa99238df7366ec7f1835e7c3b26791abf0744c3f
CURATED_BREADTH_SCREEN_V1,CANDIDATE_H006_REVERSAL_6_LONG_SHORT,variant_1e859ceb2d7330750601ba1c,H006_short_horizon_reversal,existing-qntylab-strategies-v1,short_horizon_reversal,6,ETHUSDT,2022,2022-01-01T00:00:00Z,2022-12-31T23:00:00Z,stress,10.0,10.0,trial_2a650f611c1d33dc4e8f8f96,3584c161874dc3b8d8f9961901e5abaadebe32a1aaba6d321106b8ccb1f61187,8759,1809,0.9998858447488584,-0.260325627054781,-0.9994725543790496,-0.6787222269972926,-0.320750327381757,7.232000000000001,-0.9994730597952335,experiments/runs/curated_breadth_screen_v1/250__CANDIDATE_H006_REVERSAL_6_LONG_SHORT__ETHUSDT__2022__stress__trial_2a650f611c1d33dc4e8f8f96/run_receipt.json,eb82267a56e08f682fe1f94bd82202c796715097940c856f4dcc703e704940d8,experiments/runs/curated_breadth_screen_v1/250__CANDIDATE_H006_REVERSAL_6_LONG_SHORT__ETHUSDT__2022__stress__trial_2a650f611c1d33dc4e8f8f96/metrics.json,d213443d6968b1c7a94227e1c777fb34f0e11773ff87f1363d5bd5e271ac477b
CURATED_BREADTH_SCREEN_V1,CANDIDATE_H006_REVERSAL_6_LONG_SHORT,variant_1e859ceb2d7330750601ba1c,H006_short_horizon_reversal,existing-qntylab-strategies-v1,short_horizon_reversal,6,ETHUSDT,2024,2024-01-01T00:00:00Z,2024-12-31T23:00:00Z,baseline,10.0,0.0,trial_289c9056f7c525419a69841e,3584c161874dc3b8d8f9961901e5abaadebe32a1aaba6d321106b8ccb1f61187,8783,1802,0.9996584699453552,-0.21350421639472272,-0.9785528002426318,0.45404724875953484,-1.4326000490021666,3.598,-0.9808091682656399,experiments/runs/curated_breadth_screen_v1/251__CANDIDATE_H006_REVERSAL_6_LONG_SHORT__ETHUSDT__2024__baseline__trial_289c9056f7c525419a69841e/run_receipt.json,a886747028abe9617609c31658e643aa3adc0817f9dec0d6fe219f4f8a7f6e33,experiments/runs/curated_breadth_screen_v1/251__CANDIDATE_H006_REVERSAL_6_LONG_SHORT__ETHUSDT__2024__baseline__trial_289c9056f7c525419a69841e/metrics.json,9bf08498f2dc3398f4cab7e37e740f165ce4f3ce441bab2ff53f09941da56ac5
CURATED_BREADTH_SCREEN_V1,CANDIDATE_H006_REVERSAL_6_LONG_SHORT,variant_1e859ceb2d7330750601ba1c,H006_short_horizon_reversal,existing-qntylab-strategies-v1,short_horizon_reversal,6,ETHUSDT,2024,2024-01-01T00:00:00Z,2024-12-31T23:00:00Z,stress,10.0,10.0,trial_bc1babc24ff10270a60ca851,3584c161874dc3b8d8f9961901e5abaadebe32a1aaba6d321106b8ccb1f61187,8783,1802,0.9996584699453552,-0.21350421639472272,-0.9994193574234275,0.45404724875953484,-1.4534666061829622,7.196,-0.999444177130562,experiments/runs/curated_breadth_screen_v1/252__CANDIDATE_H006_REVERSAL_6_LONG_SHORT__ETHUSDT__2024__stress__trial_bc1babc24ff10270a60ca851/run_receipt.json,c9abb21639ac4f13682f5493cb361d1ecbdcba7231c43b86748837c92206cc73,experiments/runs/curated_breadth_screen_v1/252__CANDIDATE_H006_REVERSAL_6_LONG_SHORT__ETHUSDT__2024__stress__trial_bc1babc24ff10270a60ca851/metrics.json,372da846fe33b22b9b07e9a6ccd8a4d256ab497d9180aa894eb9891e940ac175
CURATED_BREADTH_SCREEN_V1,CANDIDATE_H006_REVERSAL_6_LONG_SHORT,variant_1e859ceb2d7330750601ba1c,H006_short_horizon_reversal,existing-qntylab-strategies-v1,short_horizon_reversal,6,ETHUSDT,2025,2025-01-01T00:00:00Z,2025-12-31T23:00:00Z,baseline,10.0,0.0,trial_1ec0364b9db4584e8d1c75be,3584c161874dc3b8d8f9961901e5abaadebe32a1aaba6d321106b8ccb1f61187,8759,1724,0.9997716894977169,-0.6961648156196045,-0.9903271738688231,-0.11655617326158696,-0.8737710006072361,3.444,-0.9906601968583392,experiments/runs/curated_breadth_screen_v1/253__CANDIDATE_H006_REVERSAL_6_LONG_SHORT__ETHUSDT__2025__baseline__trial_1ec0364b9db4584e8d1c75be/run_receipt.json,65bd2b471b4cae85c068e0fe07e4841c240d02a2c4ebf7a62d68f862508a5beb,experiments/runs/curated_breadth_screen_v1/253__CANDIDATE_H006_REVERSAL_6_LONG_SHORT__ETHUSDT__2025__baseline__trial_1ec0364b9db4584e8d1c75be/metrics.json,77ca762658f7ecbb2dc3ca1a58322a1015f2a432f6cb929f033ed28d635cdc65
CURATED_BREADTH_SCREEN_V1,CANDIDATE_H006_REVERSAL_6_LONG_SHORT,variant_1e859ceb2d7330750601ba1c,H006_short_horizon_reversal,existing-qntylab-strategies-v1,short_horizon_reversal,6,ETHUSDT,2025,2025-01-01T00:00:00Z,2025-12-31T23:00:00Z,stress,10.0,10.0,trial_0f671afb387eeda425fb77c6,3584c161874dc3b8d8f9961901e5abaadebe32a1aaba6d321106b8ccb1f61187,8759,1724,0.9997716894977169,-0.6961648156196045,-0.9996941789607473,-0.11655617326158696,-0.8831380056991603,6.888,-0.9996941789607473,experiments/runs/curated_breadth_screen_v1/254__CANDIDATE_H006_REVERSAL_6_LONG_SHORT__ETHUSDT__2025__stress__trial_0f671afb387eeda425fb77c6/run_receipt.json,b666a5ac5ba09601cf45aaec0a7ae98eab2ae60805bf6d1c7de852dfa0228a9a,experiments/runs/curated_breadth_screen_v1/254__CANDIDATE_H006_REVERSAL_6_LONG_SHORT__ETHUSDT__2025__stress__trial_0f671afb387eeda425fb77c6/metrics.json,ec4d8243c75ee71ca955120a268ec2ab34fdbbfe2ced1e38156bee28b717dce0
CURATED_BREADTH_SCREEN_V1,CANDIDATE_H006_REVERSAL_6_LONG_SHORT,variant_1e859ceb2d7330750601ba1c,H006_short_horizon_reversal,existing-qntylab-strategies-v1,short_horizon_reversal,6,ETHUSDT,2026YTD,2026-01-01T00:00:00Z,2026-07-27T23:00:00Z,baseline,10.0,0.0,trial_65bc705a5b3b2b564b0a7664,3584c161874dc3b8d8f9961901e5abaadebe32a1aaba6d321106b8ccb1f61187,4991,1048,0.9993990384615384,-0.13291983732464696,-0.8930247472049566,-0.36488232471197823,-0.5281424224929784,2.09,-0.8976686938389715,experiments/runs/curated_breadth_screen_v1/255__CANDIDATE_H006_REVERSAL_6_LONG_SHORT__ETHUSDT__2026YTD__baseline__trial_65bc705a5b3b2b564b0a7664/run_receipt.json,4ed5b17a914e85ad7020cd7459e4a4e0d7a430f38eda66f55160110da393fa2c,experiments/runs/curated_breadth_screen_v1/255__CANDIDATE_H006_REVERSAL_6_LONG_SHORT__ETHUSDT__2026YTD__baseline__trial_65bc705a5b3b2b564b0a7664/metrics.json,86fc5a16fe2bab16e918fc4775d307f349a7294be19fecc9da47727be2691e44
CURATED_BREADTH_SCREEN_V1,CANDIDATE_H006_REVERSAL_6_LONG_SHORT,variant_1e859ceb2d7330750601ba1c,H006_short_horizon_reversal,existing-qntylab-strategies-v1,short_horizon_reversal,6,ETHUSDT,2026YTD,2026-01-01T00:00:00Z,2026-07-27T23:00:00Z,stress,10.0,10.0,trial_86566a8766ce21d7e65cbf34,3584c161874dc3b8d8f9961901e5abaadebe32a1aaba6d321106b8ccb1f61187,4991,1048,0.9993990384615384,-0.13291983732464696,-0.9868572411809006,-0.36488232471197823,-0.6219749164689223,4.18,-0.9871743319163762,experiments/runs/curated_breadth_screen_v1/256__CANDIDATE_H006_REVERSAL_6_LONG_SHORT__ETHUSDT__2026YTD__stress__trial_86566a8766ce21d7e65cbf34/run_receipt.json,f555ea231367128bb791daac2134c38af68260550118fdbfdc04a130bd23b53a,experiments/runs/curated_breadth_screen_v1/256__CANDIDATE_H006_REVERSAL_6_LONG_SHORT__ETHUSDT__2026YTD__stress__trial_86566a8766ce21d7e65cbf34/metrics.json,a102a26f4a30f0acc7091df3ca1f89cfc12c9fb2bb21c9cf396fc18a6798ef48
CURATED_BREADTH_SCREEN_V1,CANDIDATE_H006_REVERSAL_6_LONG_SHORT,variant_1e859ceb2d7330750601ba1c,H006_short_horizon_reversal,existing-qntylab-strategies-v1,short_horizon_reversal,6,SOLUSDT,2022,2022-01-01T00:00:00Z,2022-12-31T23:00:00Z,baseline,10.0,0.0,trial_9148ed090cbd94d0b5b4f81c,c431aa068acbfedf3cb0c38845dfac275044a9cf83367075b47d47f06974e99d,8759,1749,0.9946347031963471,0.07066556174080252,-0.964591699968191,-0.9421626638821209,-0.022429036086070164,3.4060000000000006,-0.9710875688324989,experiments/runs/curated_breadth_screen_v1/257__CANDIDATE_H006_REVERSAL_6_LONG_SHORT__SOLUSDT__2022__baseline__trial_9148ed090cbd94d0b5b4f81c/run_receipt.json,d7e970552b37497654fd06916e10ceb51e6f4c5faf7e94be01bb6d79ebd9ff8f,experiments/runs/curated_breadth_screen_v1/257__CANDIDATE_H006_REVERSAL_6_LONG_SHORT__SOLUSDT__2022__baseline__trial_9148ed090cbd94d0b5b4f81c/metrics.json,168e04785bc982321bc7163e74b11fa274de1f22d3eb2dfe669eb9968d9d99cc
CURATED_BREADTH_SCREEN_V1,CANDIDATE_H006_REVERSAL_6_LONG_SHORT,variant_1e859ceb2d7330750601ba1c,H006_short_horizon_reversal,existing-qntylab-strategies-v1,short_horizon_reversal,6,SOLUSDT,2022,2022-01-01T00:00:00Z,2022-12-31T23:00:00Z,stress,10.0,10.0,trial_d1ab390cc023b37a08610230,c431aa068acbfedf3cb0c38845dfac275044a9cf83367075b47d47f06974e99d,8759,1749,0.9946347031963471,0.07066556174080252,-0.9988368756953192,-0.9421626638821209,-0.056674211813198316,6.812000000000001,-0.9990330112466806,experiments/runs/curated_breadth_screen_v1/258__CANDIDATE_H006_REVERSAL_6_LONG_SHORT__SOLUSDT__2022__stress__trial_d1ab390cc023b37a08610230/run_receipt.json,1fd688040a41b34a08a846183236b06a89c142a8e9809642f13bbf3530b1a506,experiments/runs/curated_breadth_screen_v1/258__CANDIDATE_H006_REVERSAL_6_LONG_SHORT__SOLUSDT__2022__stress__trial_d1ab390cc023b37a08610230/metrics.json,75a6826362a92816d8c2967c37249ad8f52d05e0537510fb17aaf10ab1b925ca
CURATED_BREADTH_SCREEN_V1,CANDIDATE_H006_REVERSAL_6_LONG_SHORT,variant_1e859ceb2d7330750601ba1c,H006_short_horizon_reversal,existing-qntylab-strategies-v1,short_horizon_reversal,6,SOLUSDT,2024,2024-01-01T00:00:00Z,2024-12-31T23:00:00Z,baseline,10.0,0.0,trial_2def868158b40c03ae8bed77,c431aa068acbfedf3cb0c38845dfac275044a9cf83367075b47d47f06974e99d,8783,1810,0.9981785063752276,0.438279544077538,-0.9603984412853649,0.856708513142409,-1.817106954427774,3.5880000000000005,-0.9652213243105396,experiments/runs/curated_breadth_screen_v1/259__CANDIDATE_H006_REVERSAL_6_LONG_SHORT__SOLUSDT__2024__baseline__trial_2def868158b40c03ae8bed77/run_receipt.json,7bf2155a9a157b96df68d8a5e7d33f6f5ab0c523abdcb042b1230cc339db66b8,experiments/runs/curated_breadth_screen_v1/259__CANDIDATE_H006_REVERSAL_6_LONG_SHORT__SOLUSDT__2024__baseline__trial_2def868158b40c03ae8bed77/metrics.json,b2f06865a444fbe2b6e342665952276b8def7530e884eb943353bad0110684ee
CURATED_BREADTH_SCREEN_V1,CANDIDATE_H006_REVERSAL_6_LONG_SHORT,variant_1e859ceb2d7330750601ba1c,H006_short_horizon_reversal,existing-qntylab-strategies-v1,short_horizon_reversal,6,SOLUSDT,2024,2024-01-01T00:00:00Z,2024-12-31T23:00:00Z,stress,10.0,10.0,trial_4d701f4814acc61d1d270c7d,c431aa068acbfedf3cb0c38845dfac275044a9cf83367075b47d47f06974e99d,8783,1810,0.9981785063752276,0.438279544077538,-0.9989174084220512,0.856708513142409,-1.8556259215644602,7.176000000000001,-0.9989982341800292,experiments/runs/curated_breadth_screen_v1/260__CANDIDATE_H006_REVERSAL_6_LONG_SHORT__SOLUSDT__2024__stress__trial_4d701f4814acc61d1d270c7d/run_receipt.json,dcc3ec7ab5f372386eeaf52a218171b6c89495070e2cf7f4a3f677c6bf2e3429,experiments/runs/curated_breadth_screen_v1/260__CANDIDATE_H006_REVERSAL_6_LONG_SHORT__SOLUSDT__2024__stress__trial_4d701f4814acc61d1d270c7d/metrics.json,c96517da16fcd648cacc9b7b0bef5e7d821cab7f61068dd652d47e658ba75d1b
CURATED_BREADTH_SCREEN_V1,CANDIDATE_H006_REVERSAL_6_LONG_SHORT,variant_1e859ceb2d7330750601ba1c,H006_short_horizon_reversal,existing-qntylab-strategies-v1,short_horizon_reversal,6,SOLUSDT,2025,2025-01-01T00:00:00Z,2025-12-31T23:00:00Z,baseline,10.0,0.0,trial_3673ee0aee235d1a51b295db,c431aa068acbfedf3cb0c38845dfac275044a9cf83367075b47d47f06974e99d,8759,1672,0.9985159817351598,-0.20993920390982967,-0.9714915567212956,-0.3526020567154876,-0.618889500005808,3.3180000000000005,-0.9717703460590053,experiments/runs/curated_breadth_screen_v1/261__CANDIDATE_H006_REVERSAL_6_LONG_SHORT__SOLUSDT__2025__baseline__trial_3673ee0aee235d1a51b295db/run_receipt.json,a22b4719220ad70f31e8be0f07b89e33376f3c616113281bc28129a815f7cccd,experiments/runs/curated_breadth_screen_v1/261__CANDIDATE_H006_REVERSAL_6_LONG_SHORT__SOLUSDT__2025__baseline__trial_3673ee0aee235d1a51b295db/metrics.json,bc415fe068ade10ff1e279ffe677ad9c1e131f79327279b3a3b9d10fa33ed74b
CURATED_BREADTH_SCREEN_V1,CANDIDATE_H006_REVERSAL_6_LONG_SHORT,variant_1e859ceb2d7330750601ba1c,H006_short_horizon_reversal,existing-qntylab-strategies-v1,short_horizon_reversal,6,SOLUSDT,2025,2025-01-01T00:00:00Z,2025-12-31T23:00:00Z,stress,10.0,10.0,trial_1d6da468367c1006c113d744,c431aa068acbfedf3cb0c38845dfac275044a9cf83367075b47d47f06974e99d,8759,1672,0.9985159817351598,-0.20993920390982967,-0.9989781127086473,-0.3526020567154876,-0.6463760559931597,6.636000000000001,-0.9989836469098148,experiments/runs/curated_breadth_screen_v1/262__CANDIDATE_H006_REVERSAL_6_LONG_SHORT__SOLUSDT__2025__stress__trial_1d6da468367c1006c113d744/run_receipt.json,be515c0cd7e6e20b7faa9c33f0c425364a709680b2217edfdc312090bb914dbe,experiments/runs/curated_breadth_screen_v1/262__CANDIDATE_H006_REVERSAL_6_LONG_SHORT__SOLUSDT__2025__stress__trial_1d6da468367c1006c113d744/metrics.json,4182ef800bd5c305eec85ecc076691c68580ca16c002922bebec7b0599780538
CURATED_BREADTH_SCREEN_V1,CANDIDATE_H006_REVERSAL_6_LONG_SHORT,variant_1e859ceb2d7330750601ba1c,H006_short_horizon_reversal,existing-qntylab-strategies-v1,short_horizon_reversal,6,SOLUSDT,2026YTD,2026-01-01T00:00:00Z,2026-07-27T23:00:00Z,baseline,10.0,0.0,trial_47abed62d360ee29fdccd9f6,c431aa068acbfedf3cb0c38845dfac275044a9cf83367075b47d47f06974e99d,4991,996,0.9967948717948718,-0.08644942549536383,-0.8715131007726816,-0.4071114662405114,-0.4644016345321702,1.96,-0.9026770732989812,experiments/runs/curated_breadth_screen_v1/263__CANDIDATE_H006_REVERSAL_6_LONG_SHORT__SOLUSDT__2026YTD__baseline__trial_47abed62d360ee29fdccd9f6/run_receipt.json,447a643953b6ac5e5f5b46a4e22e2af5c2f028f365549574ed968b4827e51501,experiments/runs/curated_breadth_screen_v1/263__CANDIDATE_H006_REVERSAL_6_LONG_SHORT__SOLUSDT__2026YTD__baseline__trial_47abed62d360ee29fdccd9f6/metrics.json,9f95752f1a1fd854e91d6af65baf3787b7e11afa997833b710ddf0b17adf6173
CURATED_BREADTH_SCREEN_V1,CANDIDATE_H006_REVERSAL_6_LONG_SHORT,variant_1e859ceb2d7330750601ba1c,H006_short_horizon_reversal,existing-qntylab-strategies-v1,short_horizon_reversal,6,SOLUSDT,2026YTD,2026-01-01T00:00:00Z,2026-07-27T23:00:00Z,stress,10.0,10.0,trial_d30ee9e0ac85db4733701177,c431aa068acbfedf3cb0c38845dfac275044a9cf83367075b47d47f06974e99d,4991,996,0.9967948717948718,-0.08644942549536383,-0.9819992531610486,-0.4071114662405114,-0.5748877869205372,3.92,-0.9829565237489233,experiments/runs/curated_breadth_screen_v1/264__CANDIDATE_H006_REVERSAL_6_LONG_SHORT__SOLUSDT__2026YTD__stress__trial_d30ee9e0ac85db4733701177/run_receipt.json,ea11dc8848360ab811d1db65534a8fbba0ffc9503abdc2bbd54938b5b5d385c4,experiments/runs/curated_breadth_screen_v1/264__CANDIDATE_H006_REVERSAL_6_LONG_SHORT__SOLUSDT__2026YTD__stress__trial_d30ee9e0ac85db4733701177/metrics.json,ccdb84114471cd85c083250a50d3f45a70ae415ffc899bdc0b8766a50590ccb6
CURATED_BREADTH_SCREEN_V1,CANDIDATE_H006_REVERSAL_12_LONG_SHORT,variant_b2704b638049f154fd8799bd,H006_short_horizon_reversal,existing-qntylab-strategies-v1,short_horizon_reversal,12,BTCUSDT,2022,2022-01-01T00:00:00Z,2022-12-31T23:00:00Z,baseline,10.0,0.0,trial_815af59428e9e5d69a0138c1,6dcc8c6293f24e2e91957b286a96d9b87fd646e4b57c846495bd41d1aa225b65,8759,1332,1.0,0.3470690266095351,-0.9063412087494616,-0.645439945404816,-0.2609012633446456,2.6639999999999997,-0.9119797772336364,experiments/runs/curated_breadth_screen_v1/265__CANDIDATE_H006_REVERSAL_12_LONG_SHORT__BTCUSDT__2022__baseline__trial_815af59428e9e5d69a0138c1/run_receipt.json,9ba08cf66b45ee3625a2cbbe696ff6d9547f4427c34705716a7e8c6aa7f1d50f,experiments/runs/curated_breadth_screen_v1/265__CANDIDATE_H006_REVERSAL_12_LONG_SHORT__BTCUSDT__2022__baseline__trial_815af59428e9e5d69a0138c1/metrics.json,bbd95293b0e91e51c628847dfce4401047ae5ab10837cc7b2eb1636ebf2787ac
CURATED_BREADTH_SCREEN_V1,CANDIDATE_H006_REVERSAL_12_LONG_SHORT,variant_b2704b638049f154fd8799bd,H006_short_horizon_reversal,existing-qntylab-strategies-v1,short_horizon_reversal,12,BTCUSDT,2022,2022-01-01T00:00:00Z,2022-12-31T23:00:00Z,stress,10.0,10.0,trial_1959cd786db082eb55353398,6dcc8c6293f24e2e91957b286a96d9b87fd646e4b57c846495bd41d1aa225b65,8759,1332,1.0,0.3470690266095351,-0.9935228335371694,-0.645439945404816,-0.34808288813235344,5.327999999999999,-0.9937194120390276,experiments/runs/curated_breadth_screen_v1/266__CANDIDATE_H006_REVERSAL_12_LONG_SHORT__BTCUSDT__2022__stress__trial_1959cd786db082eb55353398/run_receipt.json,f1f9ec4c171cc0bedb7a13d1deb16ad133a10f26b3cee91ec67be9fc872c750d,experiments/runs/curated_breadth_screen_v1/266__CANDIDATE_H006_REVERSAL_12_LONG_SHORT__BTCUSDT__2022__stress__trial_1959cd786db082eb55353398/metrics.json,fd11208634809f84ed69ad2c3471383ee0ddd13a30f519aa1ec090fbb2d9579a
CURATED_BREADTH_SCREEN_V1,CANDIDATE_H006_REVERSAL_12_LONG_SHORT,variant_b2704b638049f154fd8799bd,H006_short_horizon_reversal,existing-qntylab-strategies-v1,short_horizon_reversal,12,BTCUSDT,2024,2024-01-01T00:00:00Z,2024-12-31T23:00:00Z,baseline,10.0,0.0,trial_33f20a291cf03dfe1fd96ac2,6dcc8c6293f24e2e91957b286a96d9b87fd646e4b57c846495bd41d1aa225b65,8783,1244,1.0,-0.2759676847558207,-0.9400152158140328,1.2030722376312029,-2.1430874534452355,2.4880000000000004,-0.9464108540518992,experiments/runs/curated_breadth_screen_v1/267__CANDIDATE_H006_REVERSAL_12_LONG_SHORT__BTCUSDT__2024__baseline__trial_33f20a291cf03dfe1fd96ac2/run_receipt.json,457e753a93af8c8b663052c664641ea10cc5be03eaa98ec6c0e1159cfdd22350,experiments/runs/curated_breadth_screen_v1/267__CANDIDATE_H006_REVERSAL_12_LONG_SHORT__BTCUSDT__2024__baseline__trial_33f20a291cf03dfe1fd96ac2/metrics.json,3522b9cf423b59e41c06539fb7506b7c6532b3629ccf201ee4da44df24090efa
CURATED_BREADTH_SCREEN_V1,CANDIDATE_H006_REVERSAL_12_LONG_SHORT,variant_b2704b638049f154fd8799bd,H006_short_horizon_reversal,existing-qntylab-strategies-v1,short_horizon_reversal,12,BTCUSDT,2024,2024-01-01T00:00:00Z,2024-12-31T23:00:00Z,stress,10.0,10.0,trial_fce2e03edf82d76fcb1431f1,6dcc8c6293f24e2e91957b286a96d9b87fd646e4b57c846495bd41d1aa225b65,8783,1244,1.0,-0.2759676847558207,-0.9950551398503342,1.2030722376312029,-2.198127377481537,4.976000000000001,-0.9953124828479067,experiments/runs/curated_breadth_screen_v1/268__CANDIDATE_H006_REVERSAL_12_LONG_SHORT__BTCUSDT__2024__stress__trial_fce2e03edf82d76fcb1431f1/run_receipt.json,85e5346f8a8d6b7f0ce663126537b81c1412a928ffb4b0efea3d4df97f682f5b,experiments/runs/curated_breadth_screen_v1/268__CANDIDATE_H006_REVERSAL_12_LONG_SHORT__BTCUSDT__2024__stress__trial_fce2e03edf82d76fcb1431f1/metrics.json,e1d93723ba95e64ba2b00da276b30346f11ba84f4a817d10ea3d3830400e05bb
CURATED_BREADTH_SCREEN_V1,CANDIDATE_H006_REVERSAL_12_LONG_SHORT,variant_b2704b638049f154fd8799bd,H006_short_horizon_reversal,existing-qntylab-strategies-v1,short_horizon_reversal,12,BTCUSDT,2025,2025-01-01T00:00:00Z,2025-12-31T23:00:00Z,baseline,10.0,0.0,trial_b386a4917e231e969d3442d0,6dcc8c6293f24e2e91957b286a96d9b87fd646e4b57c846495bd41d1aa225b65,8759,1226,1.0,-0.00102999810898452,-0.9141305606247719,-0.07153430562385155,-0.8425962550009204,2.452,-0.9259469604871884,experiments/runs/curated_breadth_screen_v1/269__CANDIDATE_H006_REVERSAL_12_LONG_SHORT__BTCUSDT__2025__baseline__trial_b386a4917e231e969d3442d0/run_receipt.json,773c2e26302fe7f736cbf11ea420266e22b3022096109aea2dc6508df88c5aa7,experiments/runs/curated_breadth_screen_v1/269__CANDIDATE_H006_REVERSAL_12_LONG_SHORT__BTCUSDT__2025__baseline__trial_b386a4917e231e969d3442d0/metrics.json,799ab11046ba29359dab80e41754ca50f8f1909e56d787b6eda2d8e320ae5d46
CURATED_BREADTH_SCREEN_V1,CANDIDATE_H006_REVERSAL_12_LONG_SHORT,variant_b2704b638049f154fd8799bd,H006_short_horizon_reversal,existing-qntylab-strategies-v1,short_horizon_reversal,12,BTCUSDT,2025,2025-01-01T00:00:00Z,2025-12-31T23:00:00Z,stress,10.0,10.0,trial_f4a487f333d408067d053bd5,6dcc8c6293f24e2e91957b286a96d9b87fd646e4b57c846495bd41d1aa225b65,8759,1226,1.0,-0.00102999810898452,-0.9926550743987814,-0.07153430562385155,-0.9211207687749299,4.904,-0.992771945102027,experiments/runs/curated_breadth_screen_v1/270__CANDIDATE_H006_REVERSAL_12_LONG_SHORT__BTCUSDT__2025__stress__trial_f4a487f333d408067d053bd5/run_receipt.json,9c51b969bfaa6aaa18d3b213b51acb55e85858e6e79fb80c5963b293a35ca53e,experiments/runs/curated_breadth_screen_v1/270__CANDIDATE_H006_REVERSAL_12_LONG_SHORT__BTCUSDT__2025__stress__trial_f4a487f333d408067d053bd5/metrics.json,d237af52bf2942d0aeaa1ddfbf37a5e964800e883424b947654466913757b8c3
CURATED_BREADTH_SCREEN_V1,CANDIDATE_H006_REVERSAL_12_LONG_SHORT,variant_b2704b638049f154fd8799bd,H006_short_horizon_reversal,existing-qntylab-strategies-v1,short_horizon_reversal,12,BTCUSDT,2026YTD,2026-01-01T00:00:00Z,2026-07-27T23:00:00Z,baseline,10.0,0.0,trial_6e8c86b84918b599021f3a02,6dcc8c6293f24e2e91957b286a96d9b87fd646e4b57c846495bd41d1aa225b65,4991,706,1.0,0.08003334881570567,-0.7372461353634925,-0.27392758141712437,-0.4633185539463681,1.412,-0.7441187303176522,experiments/runs/curated_breadth_screen_v1/271__CANDIDATE_H006_REVERSAL_12_LONG_SHORT__BTCUSDT__2026YTD__baseline__trial_6e8c86b84918b599021f3a02/run_receipt.json,f84a168732508d1b939676aa379319a22a50ea9d2870b6e0735bab103822e550,experiments/runs/curated_breadth_screen_v1/271__CANDIDATE_H006_REVERSAL_12_LONG_SHORT__BTCUSDT__2026YTD__baseline__trial_6e8c86b84918b599021f3a02/metrics.json,ca480bc600c71f2950fb0e25c23db4756e16114efd7ffff1e4b6a6ace86b26d4
CURATED_BREADTH_SCREEN_V1,CANDIDATE_H006_REVERSAL_12_LONG_SHORT,variant_b2704b638049f154fd8799bd,H006_short_horizon_reversal,existing-qntylab-strategies-v1,short_horizon_reversal,12,BTCUSDT,2026YTD,2026-01-01T00:00:00Z,2026-07-27T23:00:00Z,stress,10.0,10.0,trial_6af87629e381ebb15493d6a2,6dcc8c6293f24e2e91957b286a96d9b87fd646e4b57c846495bd41d1aa225b65,4991,706,1.0,0.08003334881570567,-0.9362574469723373,-0.27392758141712437,-0.6623298655552129,2.824,-0.9363667064621051,experiments/runs/curated_breadth_screen_v1/272__CANDIDATE_H006_REVERSAL_12_LONG_SHORT__BTCUSDT__2026YTD__stress__trial_6af87629e381ebb15493d6a2/run_receipt.json,e9ded37e50138251c258f135c88d6f9691de7badc8f73e4e5e7745b44875eff1,experiments/runs/curated_breadth_screen_v1/272__CANDIDATE_H006_REVERSAL_12_LONG_SHORT__BTCUSDT__2026YTD__stress__trial_6af87629e381ebb15493d6a2/metrics.json,db8998f57821707a90208bbf2c820f947396ca14934697abf40ee082144ba3d9
CURATED_BREADTH_SCREEN_V1,CANDIDATE_H006_REVERSAL_12_LONG_SHORT,variant_b2704b638049f154fd8799bd,H006_short_horizon_reversal,existing-qntylab-strategies-v1,short_horizon_reversal,12,ETHUSDT,2022,2022-01-01T00:00:00Z,2022-12-31T23:00:00Z,baseline,10.0,0.0,trial_43e836c2565e0333f4a16549,3584c161874dc3b8d8f9961901e5abaadebe32a1aaba6d321106b8ccb1f61187,8759,1246,0.9997716894977169,-0.3354857188013055,-0.9449171210223345,-0.6787222269972926,-0.26619489402504193,2.4880000000000004,-0.9453252445662947,experiments/runs/curated_breadth_screen_v1/273__CANDIDATE_H006_REVERSAL_12_LONG_SHORT__ETHUSDT__2022__baseline__trial_43e836c2565e0333f4a16549/run_receipt.json,a1e7a4f230b74af4374bc4e217c39ffb2e63a3300dce925047c426ea07795c6f,experiments/runs/curated_breadth_screen_v1/273__CANDIDATE_H006_REVERSAL_12_LONG_SHORT__ETHUSDT__2022__baseline__trial_43e836c2565e0333f4a16549/metrics.json,bed4a9c8fbb23d64d3e17c548de3e15829e8cd9300eafe2cafe6a20662e6f30b
CURATED_BREADTH_SCREEN_V1,CANDIDATE_H006_REVERSAL_12_LONG_SHORT,variant_b2704b638049f154fd8799bd,H006_short_horizon_reversal,existing-qntylab-strategies-v1,short_horizon_reversal,12,ETHUSDT,2022,2022-01-01T00:00:00Z,2022-12-31T23:00:00Z,stress,10.0,10.0,trial_47e325ddfdca9e4fb7d84d30,3584c161874dc3b8d8f9961901e5abaadebe32a1aaba6d321106b8ccb1f61187,8759,1246,0.9997716894977169,-0.3354857188013055,-0.9954568063356172,-0.6787222269972926,-0.3167345793383246,4.976000000000001,-0.995481413223872,experiments/runs/curated_breadth_screen_v1/274__CANDIDATE_H006_REVERSAL_12_LONG_SHORT__ETHUSDT__2022__stress__trial_47e325ddfdca9e4fb7d84d30/run_receipt.json,a7051074a98976a23313a3335827522f1eea7a574768521a89e03722f0013769,experiments/runs/curated_breadth_screen_v1/274__CANDIDATE_H006_REVERSAL_12_LONG_SHORT__ETHUSDT__2022__stress__trial_47e325ddfdca9e4fb7d84d30/metrics.json,aae24b44a6738f3e64dc594ab6b6a47a45a8160c4166055fe21f3f4e5b2974d6
CURATED_BREADTH_SCREEN_V1,CANDIDATE_H006_REVERSAL_12_LONG_SHORT,variant_b2704b638049f154fd8799bd,H006_short_horizon_reversal,existing-qntylab-strategies-v1,short_horizon_reversal,12,ETHUSDT,2024,2024-01-01T00:00:00Z,2024-12-31T23:00:00Z,baseline,10.0,0.0,trial_e219a8c29555f57926a6f254,3584c161874dc3b8d8f9961901e5abaadebe32a1aaba6d321106b8ccb1f61187,8783,1253,0.9997723132969034,-0.3805086610998074,-0.9493973246225696,0.45404724875953484,-1.4034445733821044,2.5020000000000002,-0.9558864237761118,experiments/runs/curated_breadth_screen_v1/275__CANDIDATE_H006_REVERSAL_12_LONG_SHORT__ETHUSDT__2024__baseline__trial_e219a8c29555f57926a6f254/run_receipt.json,4281e0acf87b1f1c1c2b352199587edaf055577f0caca3ebd2dfe7009d0b4854,experiments/runs/curated_breadth_screen_v1/275__CANDIDATE_H006_REVERSAL_12_LONG_SHORT__ETHUSDT__2024__baseline__trial_e219a8c29555f57926a6f254/metrics.json,2fe1cd8447d6f98447abb4a40cbe0ac62d1df93708695f806a23ff9bee1cd183
CURATED_BREADTH_SCREEN_V1,CANDIDATE_H006_REVERSAL_12_LONG_SHORT,variant_b2704b638049f154fd8799bd,H006_short_horizon_reversal,existing-qntylab-strategies-v1,short_horizon_reversal,12,ETHUSDT,2024,2024-01-01T00:00:00Z,2024-12-31T23:00:00Z,stress,10.0,10.0,trial_7c53834f6c32dd2462537cc8,3584c161874dc3b8d8f9961901e5abaadebe32a1aaba6d321106b8ccb1f61187,8783,1253,0.9997723132969034,-0.3805086610998074,-0.9958872646527495,0.45404724875953484,-1.4499345134122843,5.0040000000000004,-0.9961490674084011,experiments/runs/curated_breadth_screen_v1/276__CANDIDATE_H006_REVERSAL_12_LONG_SHORT__ETHUSDT__2024__stress__trial_7c53834f6c32dd2462537cc8/run_receipt.json,c1f4e1ef7d75918ea478300958077c8b843c38a4e52a59c04b7091d663eb9388,experiments/runs/curated_breadth_screen_v1/276__CANDIDATE_H006_REVERSAL_12_LONG_SHORT__ETHUSDT__2024__stress__trial_7c53834f6c32dd2462537cc8/metrics.json,e76e72d30d2272e2a7fe24732a328d10e113a6662387c73d1fa4e53e01e227af
CURATED_BREADTH_SCREEN_V1,CANDIDATE_H006_REVERSAL_12_LONG_SHORT,variant_b2704b638049f154fd8799bd,H006_short_horizon_reversal,existing-qntylab-strategies-v1,short_horizon_reversal,12,ETHUSDT,2025,2025-01-01T00:00:00Z,2025-12-31T23:00:00Z,baseline,10.0,0.0,trial_293405eacca7676de05191d0,3584c161874dc3b8d8f9961901e5abaadebe32a1aaba6d321106b8ccb1f61187,8759,1144,1.0,-0.47613085997942195,-0.9469060932156665,-0.11655617326158696,-0.8303499199540796,2.2880000000000003,-0.9553811855981025,experiments/runs/curated_breadth_screen_v1/277__CANDIDATE_H006_REVERSAL_12_LONG_SHORT__ETHUSDT__2025__baseline__trial_293405eacca7676de05191d0/run_receipt.json,a4af0dc149c369ab92ab425041200e8997f33e3d4a09761d6d84ca61cc14734c,experiments/runs/curated_breadth_screen_v1/277__CANDIDATE_H006_REVERSAL_12_LONG_SHORT__ETHUSDT__2025__baseline__trial_293405eacca7676de05191d0/metrics.json,8abd85a584321a1618b5e8feccd65c0ab0f4c6eeca4013d6428c3200c46a5b61
CURATED_BREADTH_SCREEN_V1,CANDIDATE_H006_REVERSAL_12_LONG_SHORT,variant_b2704b638049f154fd8799bd,H006_short_horizon_reversal,existing-qntylab-strategies-v1,short_horizon_reversal,12,ETHUSDT,2025,2025-01-01T00:00:00Z,2025-12-31T23:00:00Z,stress,10.0,10.0,trial_f962520b70d6f6ff7cea2a6c,3584c161874dc3b8d8f9961901e5abaadebe32a1aaba6d321106b8ccb1f61187,8759,1144,1.0,-0.47613085997942195,-0.9946435992920987,-0.11655617326158696,-0.8780874260305117,4.5760000000000005,-0.9950041765329177,experiments/runs/curated_breadth_screen_v1/278__CANDIDATE_H006_REVERSAL_12_LONG_SHORT__ETHUSDT__2025__stress__trial_f962520b70d6f6ff7cea2a6c/run_receipt.json,91a855d63e78a8f0f1545fce05270ee23cf3746603da158067f3392a9bca5fd6,experiments/runs/curated_breadth_screen_v1/278__CANDIDATE_H006_REVERSAL_12_LONG_SHORT__ETHUSDT__2025__stress__trial_f962520b70d6f6ff7cea2a6c/metrics.json,531d7e9a576462b940a66ddcea72aa0218484485fe55bb972ea688d702ea7305
CURATED_BREADTH_SCREEN_V1,CANDIDATE_H006_REVERSAL_12_LONG_SHORT,variant_b2704b638049f154fd8799bd,H006_short_horizon_reversal,existing-qntylab-strategies-v1,short_horizon_reversal,12,ETHUSDT,2026YTD,2026-01-01T00:00:00Z,2026-07-27T23:00:00Z,baseline,10.0,0.0,trial_4893b102b9d7dbecece85a46,3584c161874dc3b8d8f9961901e5abaadebe32a1aaba6d321106b8ccb1f61187,4991,674,1.0,-0.2152422727999832,-0.7964146537109615,-0.36488232471197823,-0.4315323289989833,1.3479999999999999,-0.7967647328729225,experiments/runs/curated_breadth_screen_v1/279__CANDIDATE_H006_REVERSAL_12_LONG_SHORT__ETHUSDT__2026YTD__baseline__trial_4893b102b9d7dbecece85a46/run_receipt.json,37910fe43de7ae2e215cb7824fa3dda11acf7f648d8e64ee063732c3a081ab44,experiments/runs/curated_breadth_screen_v1/279__CANDIDATE_H006_REVERSAL_12_LONG_SHORT__ETHUSDT__2026YTD__baseline__trial_4893b102b9d7dbecece85a46/metrics.json,f3bf68f8fb662e763816dfff769b1aef49119c51466891de709e5b5afa6a26f9
CURATED_BREADTH_SCREEN_V1,CANDIDATE_H006_REVERSAL_12_LONG_SHORT,variant_b2704b638049f154fd8799bd,H006_short_horizon_reversal,existing-qntylab-strategies-v1,short_horizon_reversal,12,ETHUSDT,2026YTD,2026-01-01T00:00:00Z,2026-07-27T23:00:00Z,stress,10.0,10.0,trial_0cf9c81c4d5e4d03fb8b3125,3584c161874dc3b8d8f9961901e5abaadebe32a1aaba6d321106b8ccb1f61187,4991,674,1.0,-0.2152422727999832,-0.9473277422454677,-0.36488232471197823,-0.5824454175334894,2.6959999999999997,-0.9474073422489769,experiments/runs/curated_breadth_screen_v1/280__CANDIDATE_H006_REVERSAL_12_LONG_SHORT__ETHUSDT__2026YTD__stress__trial_0cf9c81c4d5e4d03fb8b3125/run_receipt.json,e0484653e5d2749c63dfd0c08a1a6f19e0dda1054454899db971290deaeb88df,experiments/runs/curated_breadth_screen_v1/280__CANDIDATE_H006_REVERSAL_12_LONG_SHORT__ETHUSDT__2026YTD__stress__trial_0cf9c81c4d5e4d03fb8b3125/metrics.json,13cfc645352a8c6395894045f0f722f8dc8a5fb2262a9a8711376579a2f3e66e
CURATED_BREADTH_SCREEN_V1,CANDIDATE_H006_REVERSAL_12_LONG_SHORT,variant_b2704b638049f154fd8799bd,H006_short_horizon_reversal,existing-qntylab-strategies-v1,short_horizon_reversal,12,SOLUSDT,2022,2022-01-01T00:00:00Z,2022-12-31T23:00:00Z,baseline,10.0,0.0,trial_7ff431d101f8a139e5bda46e,c431aa068acbfedf3cb0c38845dfac275044a9cf83367075b47d47f06974e99d,8759,1213,0.9945205479452055,0.6327790712316259,-0.8419215536311466,-0.9421626638821209,0.10024111025097426,2.3340000000000005,-0.8912025719573934,experiments/runs/curated_breadth_screen_v1/281__CANDIDATE_H006_REVERSAL_12_LONG_SHORT__SOLUSDT__2022__baseline__trial_7ff431d101f8a139e5bda46e/run_receipt.json,fbc3db9c348ac85d8c3c5ed360c5181c060c0045c2a7701439c07d6ff2b8c397,experiments/runs/curated_breadth_screen_v1/281__CANDIDATE_H006_REVERSAL_12_LONG_SHORT__SOLUSDT__2022__baseline__trial_7ff431d101f8a139e5bda46e/metrics.json,eefd6283b04e963f922e450844c4f3016c6999a8c8ea9d2ced6e959c661ffa1c
CURATED_BREADTH_SCREEN_V1,CANDIDATE_H006_REVERSAL_12_LONG_SHORT,variant_b2704b638049f154fd8799bd,H006_short_horizon_reversal,existing-qntylab-strategies-v1,short_horizon_reversal,12,SOLUSDT,2022,2022-01-01T00:00:00Z,2022-12-31T23:00:00Z,stress,10.0,10.0,trial_b0c3e6b49ed554fec9db184e,c431aa068acbfedf3cb0c38845dfac275044a9cf83367075b47d47f06974e99d,8759,1213,0.9945205479452055,0.6327790712316259,-0.9847656231951967,-0.9421626638821209,-0.04260295931307578,4.668000000000001,-0.9880149090358179,experiments/runs/curated_breadth_screen_v1/282__CANDIDATE_H006_REVERSAL_12_LONG_SHORT__SOLUSDT__2022__stress__trial_b0c3e6b49ed554fec9db184e/run_receipt.json,33688f53a09d930edeb9cde8c3c09bcbb67586c45edc72d01c25bfac53327341,experiments/runs/curated_breadth_screen_v1/282__CANDIDATE_H006_REVERSAL_12_LONG_SHORT__SOLUSDT__2022__stress__trial_b0c3e6b49ed554fec9db184e/metrics.json,78f4eb4f09261b135570381ada60c25bed0b8550b0e1378b03fbfdb202868848
CURATED_BREADTH_SCREEN_V1,CANDIDATE_H006_REVERSAL_12_LONG_SHORT,variant_b2704b638049f154fd8799bd,H006_short_horizon_reversal,existing-qntylab-strategies-v1,short_horizon_reversal,12,SOLUSDT,2024,2024-01-01T00:00:00Z,2024-12-31T23:00:00Z,baseline,10.0,0.0,trial_cbdcaff8e634c1390424b7a9,c431aa068acbfedf3cb0c38845dfac275044a9cf83367075b47d47f06974e99d,8783,1235,0.9994307832422586,0.5013960167879645,-0.8719310383010414,0.856708513142409,-1.7286395514434503,2.4600000000000004,-0.9270476164266231,experiments/runs/curated_breadth_screen_v1/283__CANDIDATE_H006_REVERSAL_12_LONG_SHORT__SOLUSDT__2024__baseline__trial_cbdcaff8e634c1390424b7a9/run_receipt.json,8ea67672a7cf5a7f6401ffc2e674fb731b7223ab53fc6ffb45abea9baa306080,experiments/runs/curated_breadth_screen_v1/283__CANDIDATE_H006_REVERSAL_12_LONG_SHORT__SOLUSDT__2024__baseline__trial_cbdcaff8e634c1390424b7a9/metrics.json,ceb73f689cd4a95f25818c345118b3648a20dd58bf1e6ff8db63dd0bea0d9fe9
CURATED_BREADTH_SCREEN_V1,CANDIDATE_H006_REVERSAL_12_LONG_SHORT,variant_b2704b638049f154fd8799bd,H006_short_horizon_reversal,existing-qntylab-strategies-v1,short_horizon_reversal,12,SOLUSDT,2024,2024-01-01T00:00:00Z,2024-12-31T23:00:00Z,stress,10.0,10.0,trial_fbd095ff5b082fe4232d966b,c431aa068acbfedf3cb0c38845dfac275044a9cf83367075b47d47f06974e99d,8783,1235,0.9994307832422586,0.5013960167879645,-0.9891294154219573,0.856708513142409,-1.8458379285643662,4.920000000000001,-0.9919932642902732,experiments/runs/curated_breadth_screen_v1/284__CANDIDATE_H006_REVERSAL_12_LONG_SHORT__SOLUSDT__2024__stress__trial_fbd095ff5b082fe4232d966b/run_receipt.json,b6084fa5d0b3f1c6be70447500d8f4782c3eabc4f836fb44883147d55eac3d51,experiments/runs/curated_breadth_screen_v1/284__CANDIDATE_H006_REVERSAL_12_LONG_SHORT__SOLUSDT__2024__stress__trial_fbd095ff5b082fe4232d966b/metrics.json,b5672f76e37aeccf88f1aacc1aac266806b1f86d83c3b08dd20569f070f39dfe
CURATED_BREADTH_SCREEN_V1,CANDIDATE_H006_REVERSAL_12_LONG_SHORT,variant_b2704b638049f154fd8799bd,H006_short_horizon_reversal,existing-qntylab-strategies-v1,short_horizon_reversal,12,SOLUSDT,2025,2025-01-01T00:00:00Z,2025-12-31T23:00:00Z,baseline,10.0,0.0,trial_6fec2a508e03942d53df42d6,c431aa068acbfedf3cb0c38845dfac275044a9cf83367075b47d47f06974e99d,8759,1127,0.998972602739726,0.2419738882109439,-0.8673972284122283,-0.3526020567154876,-0.5147951716967407,2.236,-0.9274117109652669,experiments/runs/curated_breadth_screen_v1/285__CANDIDATE_H006_REVERSAL_12_LONG_SHORT__SOLUSDT__2025__baseline__trial_6fec2a508e03942d53df42d6/run_receipt.json,5ffacb642d25714ffe9134371b69e2d49a417d884aa9b713ad46682a9f1a379d,experiments/runs/curated_breadth_screen_v1/285__CANDIDATE_H006_REVERSAL_12_LONG_SHORT__SOLUSDT__2025__baseline__trial_6fec2a508e03942d53df42d6/metrics.json,3105f10621af7c20985fda1e4b98716ec5832920c835c58f84b1bf88bfcc78c1
CURATED_BREADTH_SCREEN_V1,CANDIDATE_H006_REVERSAL_12_LONG_SHORT,variant_b2704b638049f154fd8799bd,H006_short_horizon_reversal,existing-qntylab-strategies-v1,short_horizon_reversal,12,SOLUSDT,2025,2025-01-01T00:00:00Z,2025-12-31T23:00:00Z,stress,10.0,10.0,trial_d182f0140db5db40a7cd9b4a,c431aa068acbfedf3cb0c38845dfac275044a9cf83367075b47d47f06974e99d,8759,1127,0.998972602739726,0.2419738882109439,-0.9859054113320823,-0.3526020567154876,-0.6333033546165947,4.472,-0.9895436251010082,experiments/runs/curated_breadth_screen_v1/286__CANDIDATE_H006_REVERSAL_12_LONG_SHORT__SOLUSDT__2025__stress__trial_d182f0140db5db40a7cd9b4a/run_receipt.json,59f9cf1511e595feb8103a7de5a66ed901d756c2d9f75f2db290ac41bcbb74d9,experiments/runs/curated_breadth_screen_v1/286__CANDIDATE_H006_REVERSAL_12_LONG_SHORT__SOLUSDT__2025__stress__trial_d182f0140db5db40a7cd9b4a/metrics.json,ef7996a868396f26f9e0a5ab4264738355eb2ac3c81ab0134913b62afba9bad1
CURATED_BREADTH_SCREEN_V1,CANDIDATE_H006_REVERSAL_12_LONG_SHORT,variant_b2704b638049f154fd8799bd,H006_short_horizon_reversal,existing-qntylab-strategies-v1,short_horizon_reversal,12,SOLUSDT,2026YTD,2026-01-01T00:00:00Z,2026-07-27T23:00:00Z,baseline,10.0,0.0,trial_c5932371f1d20b436029b8b7,c431aa068acbfedf3cb0c38845dfac275044a9cf83367075b47d47f06974e99d,4991,643,0.9969951923076923,-0.19793939489190904,-0.7717752619943746,-0.4071114662405114,-0.3646637957538632,1.2560000000000002,-0.8113103562968056,experiments/runs/curated_breadth_screen_v1/287__CANDIDATE_H006_REVERSAL_12_LONG_SHORT__SOLUSDT__2026YTD__baseline__trial_c5932371f1d20b436029b8b7/run_receipt.json,88f39b0ec3f6d5a0b167de2e0d288593b6e5843a378e722b8c6e9a61b9786e20,experiments/runs/curated_breadth_screen_v1/287__CANDIDATE_H006_REVERSAL_12_LONG_SHORT__SOLUSDT__2026YTD__baseline__trial_c5932371f1d20b436029b8b7/metrics.json,3f49313ddd2dd19142e0f8edfda0dc85c7bf6c33eb037ce7fd6495a5b91f7b4f
CURATED_BREADTH_SCREEN_V1,CANDIDATE_H006_REVERSAL_12_LONG_SHORT,variant_b2704b638049f154fd8799bd,H006_short_horizon_reversal,existing-qntylab-strategies-v1,short_horizon_reversal,12,SOLUSDT,2026YTD,2026-01-01T00:00:00Z,2026-07-27T23:00:00Z,stress,10.0,10.0,trial_787a88fc3fb6aa4e8f590418,c431aa068acbfedf3cb0c38845dfac275044a9cf83367075b47d47f06974e99d,4991,643,0.9969951923076923,-0.19793939489190904,-0.9352206378685098,-0.4071114662405114,-0.5281091716279984,2.5120000000000005,-0.9378291554153039,experiments/runs/curated_breadth_screen_v1/288__CANDIDATE_H006_REVERSAL_12_LONG_SHORT__SOLUSDT__2026YTD__stress__trial_787a88fc3fb6aa4e8f590418/run_receipt.json,a09be227e387acc0c07608b770c50924c7f9ffd5cb9c109670da0be30928dfee,experiments/runs/curated_breadth_screen_v1/288__CANDIDATE_H006_REVERSAL_12_LONG_SHORT__SOLUSDT__2026YTD__stress__trial_787a88fc3fb6aa4e8f590418/metrics.json,163194842ba2097981eaa43320ea4c4c47bc9984fe507fa0af5b85e4743c41de
CURATED_BREADTH_SCREEN_V1,CANDIDATE_H007_VOL_SCALED_MA_24_96_RV24,variant_622da030e9dacdf22315383b,H007_volatility_scaled_moving_average,existing-qntylab-strategies-v1,volatility_scaled_trend,24/96 RV24,BTCUSDT,2022,2022-01-01T00:00:00Z,2022-12-31T23:00:00Z,baseline,10.0,0.0,trial_316adeae92ed2abab299c0d3,6dcc8c6293f24e2e91957b286a96d9b87fd646e4b57c846495bd41d1aa225b65,8759,1902,0.3924423009341524,-0.47929433524649456,-0.5579384857508916,-0.645439945404816,0.08750145965392442,0.16365509494258154,-0.5764009379522228,experiments/runs/curated_breadth_screen_v1/289__CANDIDATE_H007_VOL_SCALED_MA_24_96_RV24__BTCUSDT__2022__baseline__trial_316adeae92ed2abab299c0d3/run_receipt.json,998a70d44ca1ce025eba655596f40be6cd655cc94cb4d4f55061195ec2c0ffef,experiments/runs/curated_breadth_screen_v1/289__CANDIDATE_H007_VOL_SCALED_MA_24_96_RV24__BTCUSDT__2022__baseline__trial_316adeae92ed2abab299c0d3/metrics.json,8ff08616ade1d349f05c8827d11e06c37d021f78134a03fe0bc78cf8ea2ce3a0
CURATED_BREADTH_SCREEN_V1,CANDIDATE_H007_VOL_SCALED_MA_24_96_RV24,variant_622da030e9dacdf22315383b,H007_volatility_scaled_moving_average,existing-qntylab-strategies-v1,volatility_scaled_trend,24/96 RV24,BTCUSDT,2022,2022-01-01T00:00:00Z,2022-12-31T23:00:00Z,stress,10.0,10.0,trial_320635cf85b8a47d2273089e,6dcc8c6293f24e2e91957b286a96d9b87fd646e4b57c846495bd41d1aa225b65,8759,1902,0.3924423009341524,-0.47929433524649456,-0.6247484976839541,-0.645439945404816,0.020691447720861844,0.3273101898851631,-0.6389631780812406,experiments/runs/curated_breadth_screen_v1/290__CANDIDATE_H007_VOL_SCALED_MA_24_96_RV24__BTCUSDT__2022__stress__trial_320635cf85b8a47d2273089e/run_receipt.json,5b3d08538adeeb0e83b47bb24cb8700b0b1398d4986e5b305176b45abd059e6a,experiments/runs/curated_breadth_screen_v1/290__CANDIDATE_H007_VOL_SCALED_MA_24_96_RV24__BTCUSDT__2022__stress__trial_320635cf85b8a47d2273089e/metrics.json,caacd434e67dc622df552b35c3cddc5991155937e44305e5fe15e7f6ed6aa6c0
CURATED_BREADTH_SCREEN_V1,CANDIDATE_H007_VOL_SCALED_MA_24_96_RV24,variant_622da030e9dacdf22315383b,H007_volatility_scaled_moving_average,existing-qntylab-strategies-v1,volatility_scaled_trend,24/96 RV24,BTCUSDT,2024,2024-01-01T00:00:00Z,2024-12-31T23:00:00Z,baseline,10.0,0.0,trial_565d5982a4ab1530b08e28f0,6dcc8c6293f24e2e91957b286a96d9b87fd646e4b57c846495bd41d1aa225b65,8783,2344,0.4881820355625274,1.0211833721291255,0.7564045401559907,1.2030722376312029,-0.4466676974752122,0.14039599732435226,-0.22167001325673485,experiments/runs/curated_breadth_screen_v1/291__CANDIDATE_H007_VOL_SCALED_MA_24_96_RV24__BTCUSDT__2024__baseline__trial_565d5982a4ab1530b08e28f0/run_receipt.json,d6e9dc341dcf01f1f9985fd9baabf685f0c39673b5ffaa52363c4f19914b46d9,experiments/runs/curated_breadth_screen_v1/291__CANDIDATE_H007_VOL_SCALED_MA_24_96_RV24__BTCUSDT__2024__baseline__trial_565d5982a4ab1530b08e28f0/metrics.json,af968ca384698630a14ed9724fcb1bb17636cd264d1ca244910737b0000c413d
CURATED_BREADTH_SCREEN_V1,CANDIDATE_H007_VOL_SCALED_MA_24_96_RV24,variant_622da030e9dacdf22315383b,H007_volatility_scaled_moving_average,existing-qntylab-strategies-v1,volatility_scaled_trend,24/96 RV24,BTCUSDT,2024,2024-01-01T00:00:00Z,2024-12-31T23:00:00Z,stress,10.0,10.0,trial_c24d69fc0699539798c74842,6dcc8c6293f24e2e91957b286a96d9b87fd646e4b57c846495bd41d1aa225b65,8783,2344,0.4881820355625274,1.0211833721291255,0.5261789092346882,1.2030722376312029,-0.6768933283965146,0.2807919946487045,-0.26902274580240537,experiments/runs/curated_breadth_screen_v1/292__CANDIDATE_H007_VOL_SCALED_MA_24_96_RV24__BTCUSDT__2024__stress__trial_c24d69fc0699539798c74842/run_receipt.json,ea2ec6f894884148ce80266ef8f96319ebfed41e0164e4bdbbb2867871efc700,experiments/runs/curated_breadth_screen_v1/292__CANDIDATE_H007_VOL_SCALED_MA_24_96_RV24__BTCUSDT__2024__stress__trial_c24d69fc0699539798c74842/metrics.json,548ecc740d207dfe0395e7fee978469398cb6107e1b580f12900ff36d96282b3
CURATED_BREADTH_SCREEN_V1,CANDIDATE_H007_VOL_SCALED_MA_24_96_RV24,variant_622da030e9dacdf22315383b,H007_volatility_scaled_moving_average,existing-qntylab-strategies-v1,volatility_scaled_trend,24/96 RV24,BTCUSDT,2025,2025-01-01T00:00:00Z,2025-12-31T23:00:00Z,baseline,10.0,0.0,trial_36f3f7a8eaecacb6dc09a66e,6dcc8c6293f24e2e91957b286a96d9b87fd646e4b57c846495bd41d1aa225b65,8759,2040,0.4591075475066518,-0.030492108476950053,-0.17233525742433642,-0.07153430562385155,-0.10080095180048487,0.15817385842552306,-0.23625585389842663,experiments/runs/curated_breadth_screen_v1/293__CANDIDATE_H007_VOL_SCALED_MA_24_96_RV24__BTCUSDT__2025__baseline__trial_36f3f7a8eaecacb6dc09a66e/run_receipt.json,f73d15d3b26cfe44eb116d104c495690d73f87c6ca041c6f48cff626adaa6565,experiments/runs/curated_breadth_screen_v1/293__CANDIDATE_H007_VOL_SCALED_MA_24_96_RV24__BTCUSDT__2025__baseline__trial_36f3f7a8eaecacb6dc09a66e/metrics.json,65c08bc2ba7947ad5eca00ba2bc610f72e5539709780574e1d55298f907c2082
CURATED_BREADTH_SCREEN_V1,CANDIDATE_H007_VOL_SCALED_MA_24_96_RV24,variant_622da030e9dacdf22315383b,H007_volatility_scaled_moving_average,existing-qntylab-strategies-v1,volatility_scaled_trend,24/96 RV24,BTCUSDT,2025,2025-01-01T00:00:00Z,2025-12-31T23:00:00Z,stress,10.0,10.0,trial_9fe9963b5e111b4b1755c162,6dcc8c6293f24e2e91957b286a96d9b87fd646e4b57c846495bd41d1aa225b65,8759,2040,0.4591075475066518,-0.030492108476950053,-0.2935037808189319,-0.07153430562385155,-0.22196947519508037,0.3163477168510461,-0.34610584472721606,experiments/runs/curated_breadth_screen_v1/294__CANDIDATE_H007_VOL_SCALED_MA_24_96_RV24__BTCUSDT__2025__stress__trial_9fe9963b5e111b4b1755c162/run_receipt.json,95b36d7c9db4c29020b1666ddbcb1fd2282d267f7e5e42428fb88887459d32f5,experiments/runs/curated_breadth_screen_v1/294__CANDIDATE_H007_VOL_SCALED_MA_24_96_RV24__BTCUSDT__2025__stress__trial_9fe9963b5e111b4b1755c162/metrics.json,0868ffc1c23a0b1b1c9cb3c1ad22e0a548cc6fdb74d5b26547b9cc33e66bc2fa
CURATED_BREADTH_SCREEN_V1,CANDIDATE_H007_VOL_SCALED_MA_24_96_RV24,variant_622da030e9dacdf22315383b,H007_volatility_scaled_moving_average,existing-qntylab-strategies-v1,volatility_scaled_trend,24/96 RV24,BTCUSDT,2026YTD,2026-01-01T00:00:00Z,2026-07-27T23:00:00Z,baseline,10.0,0.0,trial_f8cb042e45b78af0cd3d3265,6dcc8c6293f24e2e91957b286a96d9b87fd646e4b57c846495bd41d1aa225b65,4991,1123,0.456902910313456,-0.1801360747131815,-0.24401536318436057,-0.27392758141712437,0.0299122182327638,0.08108868814778258,-0.3101317957733881,experiments/runs/curated_breadth_screen_v1/295__CANDIDATE_H007_VOL_SCALED_MA_24_96_RV24__BTCUSDT__2026YTD__baseline__trial_f8cb042e45b78af0cd3d3265/run_receipt.json,1af80a3b515380477cb9991dc751765664f448bc25335f0ee2eda71d07c74596,experiments/runs/curated_breadth_screen_v1/295__CANDIDATE_H007_VOL_SCALED_MA_24_96_RV24__BTCUSDT__2026YTD__baseline__trial_f8cb042e45b78af0cd3d3265/metrics.json,6d0bbb1a9a9b41b209cb1797d0dea9d79d958c290e4a3334b2c2fefddc1427e9
CURATED_BREADTH_SCREEN_V1,CANDIDATE_H007_VOL_SCALED_MA_24_96_RV24,variant_622da030e9dacdf22315383b,H007_volatility_scaled_moving_average,existing-qntylab-strategies-v1,volatility_scaled_trend,24/96 RV24,BTCUSDT,2026YTD,2026-01-01T00:00:00Z,2026-07-27T23:00:00Z,stress,10.0,10.0,trial_b643556ecb472291eae62e75,6dcc8c6293f24e2e91957b286a96d9b87fd646e4b57c846495bd41d1aa225b65,4991,1123,0.456902910313456,-0.1801360747131815,-0.3029558211941079,-0.27392758141712437,-0.029028239776983544,0.16217737629556517,-0.3603470146223646,experiments/runs/curated_breadth_screen_v1/296__CANDIDATE_H007_VOL_SCALED_MA_24_96_RV24__BTCUSDT__2026YTD__stress__trial_b643556ecb472291eae62e75/run_receipt.json,cf4862dd4a23651fad202f922319b6a7bdee36b2fdc1297f5eba0c143e8a0ceb,experiments/runs/curated_breadth_screen_v1/296__CANDIDATE_H007_VOL_SCALED_MA_24_96_RV24__BTCUSDT__2026YTD__stress__trial_b643556ecb472291eae62e75/metrics.json,bfe556e195e7b91b3e6814aaef8069782ccd59550b62bdcc48aad134dbb4be7b
CURATED_BREADTH_SCREEN_V1,CANDIDATE_H007_VOL_SCALED_MA_24_96_RV24,variant_622da030e9dacdf22315383b,H007_volatility_scaled_moving_average,existing-qntylab-strategies-v1,volatility_scaled_trend,24/96 RV24,ETHUSDT,2022,2022-01-01T00:00:00Z,2022-12-31T23:00:00Z,baseline,10.0,0.0,trial_f2801f4afbbf3f93e6bdb0fa,3584c161874dc3b8d8f9961901e5abaadebe32a1aaba6d321106b8ccb1f61187,8759,1786,0.4287663234613729,-0.44704633255330806,-0.5209573304784691,-0.6787222269972926,0.15776489651882342,0.14345320840481862,-0.554075775501512,experiments/runs/curated_breadth_screen_v1/297__CANDIDATE_H007_VOL_SCALED_MA_24_96_RV24__ETHUSDT__2022__baseline__trial_f2801f4afbbf3f93e6bdb0fa/run_receipt.json,b3d342ec4b3a66af8f6a13c147ff5905b74a99a04a0c0709ac37484f6e507647,experiments/runs/curated_breadth_screen_v1/297__CANDIDATE_H007_VOL_SCALED_MA_24_96_RV24__ETHUSDT__2022__baseline__trial_f2801f4afbbf3f93e6bdb0fa/metrics.json,0a53c1fa856005434f16b65c0e5f488f1cd35a9823b1caaefcca8285ee54457d
CURATED_BREADTH_SCREEN_V1,CANDIDATE_H007_VOL_SCALED_MA_24_96_RV24,variant_622da030e9dacdf22315383b,H007_volatility_scaled_moving_average,existing-qntylab-strategies-v1,volatility_scaled_trend,24/96 RV24,ETHUSDT,2022,2022-01-01T00:00:00Z,2022-12-31T23:00:00Z,stress,10.0,10.0,trial_00e21257364a49309af06c38,3584c161874dc3b8d8f9961901e5abaadebe32a1aaba6d321106b8ccb1f61187,8759,1786,0.4287663234613729,-0.44704633255330806,-0.5850308039456121,-0.6787222269972926,0.09369142305168043,0.28690641680963724,-0.5992192599297492,experiments/runs/curated_breadth_screen_v1/298__CANDIDATE_H007_VOL_SCALED_MA_24_96_RV24__ETHUSDT__2022__stress__trial_00e21257364a49309af06c38/run_receipt.json,c14372d11f45ac1ac2d837aabd0e5d96259b52a7491175c6ebb41570f2a7de6f,experiments/runs/curated_breadth_screen_v1/298__CANDIDATE_H007_VOL_SCALED_MA_24_96_RV24__ETHUSDT__2022__stress__trial_00e21257364a49309af06c38/metrics.json,352e61f6b7d65cc631a1a6fd63c06e7b7cfd4a126a87e0964587fdc5e7f37adb
CURATED_BREADTH_SCREEN_V1,CANDIDATE_H007_VOL_SCALED_MA_24_96_RV24,variant_622da030e9dacdf22315383b,H007_volatility_scaled_moving_average,existing-qntylab-strategies-v1,volatility_scaled_trend,24/96 RV24,ETHUSDT,2024,2024-01-01T00:00:00Z,2024-12-31T23:00:00Z,baseline,10.0,0.0,trial_f91039caf685ef125608f95a,3584c161874dc3b8d8f9961901e5abaadebe32a1aaba6d321106b8ccb1f61187,8783,2305,0.47839759253909603,0.6176742938289219,0.38996049645909503,0.45404724875953484,-0.06408675230043981,0.15171883466498856,-0.2501613134188859,experiments/runs/curated_breadth_screen_v1/299__CANDIDATE_H007_VOL_SCALED_MA_24_96_RV24__ETHUSDT__2024__baseline__trial_f91039caf685ef125608f95a/run_receipt.json,963ee373faeb5b0e4003e3c9fdcd9e020c5212f835f131006690a0f4fbd625b0,experiments/runs/curated_breadth_screen_v1/299__CANDIDATE_H007_VOL_SCALED_MA_24_96_RV24__ETHUSDT__2024__baseline__trial_f91039caf685ef125608f95a/metrics.json,956d658dc7656962cfc3b4f7d5ee70206acdc7b172cd2e8d6dde9af81634eff4
CURATED_BREADTH_SCREEN_V1,CANDIDATE_H007_VOL_SCALED_MA_24_96_RV24,variant_622da030e9dacdf22315383b,H007_volatility_scaled_moving_average,existing-qntylab-strategies-v1,volatility_scaled_trend,24/96 RV24,ETHUSDT,2024,2024-01-01T00:00:00Z,2024-12-31T23:00:00Z,stress,10.0,10.0,trial_d43f871bf4dbddb95205c177,3584c161874dc3b8d8f9961901e5abaadebe32a1aaba6d321106b8ccb1f61187,8783,2305,0.47839759253909603,0.6176742938289219,0.19418208517606783,0.45404724875953484,-0.259865163583467,0.3034376693299771,-0.2817906669465815,experiments/runs/curated_breadth_screen_v1/300__CANDIDATE_H007_VOL_SCALED_MA_24_96_RV24__ETHUSDT__2024__stress__trial_d43f871bf4dbddb95205c177/run_receipt.json,24088b7214a9bd151d4f214d9b9e8ae15d0b05b41d5a884e6a87b2d51724baeb,experiments/runs/curated_breadth_screen_v1/300__CANDIDATE_H007_VOL_SCALED_MA_24_96_RV24__ETHUSDT__2024__stress__trial_d43f871bf4dbddb95205c177/metrics.json,89c188fb45eb127525134c0631ac8b8cfa60905e36b701688c386e9e207e571d
CURATED_BREADTH_SCREEN_V1,CANDIDATE_H007_VOL_SCALED_MA_24_96_RV24,variant_622da030e9dacdf22315383b,H007_volatility_scaled_moving_average,existing-qntylab-strategies-v1,volatility_scaled_trend,24/96 RV24,ETHUSDT,2025,2025-01-01T00:00:00Z,2025-12-31T23:00:00Z,baseline,10.0,0.0,trial_e7ef58595be8d6d8df3924bd,3584c161874dc3b8d8f9961901e5abaadebe32a1aaba6d321106b8ccb1f61187,8759,2155,0.44883582157331875,0.0017000585899402676,-0.14024292132465177,-0.11655617326158696,-0.02368674806306481,0.15278035318059405,-0.4992861542334186,experiments/runs/curated_breadth_screen_v1/301__CANDIDATE_H007_VOL_SCALED_MA_24_96_RV24__ETHUSDT__2025__baseline__trial_e7ef58595be8d6d8df3924bd/run_receipt.json,c61a0ea9a539857bb4ebc0d5b54861b68b104567bf8dbd016642454fb19f9481,experiments/runs/curated_breadth_screen_v1/301__CANDIDATE_H007_VOL_SCALED_MA_24_96_RV24__ETHUSDT__2025__baseline__trial_e7ef58595be8d6d8df3924bd/metrics.json,6597ef15d583c0deb79dca25f144b2f8ba6a6b5c00c28d1e940d11da7308f68b
CURATED_BREADTH_SCREEN_V1,CANDIDATE_H007_VOL_SCALED_MA_24_96_RV24,variant_622da030e9dacdf22315383b,H007_volatility_scaled_moving_average,existing-qntylab-strategies-v1,volatility_scaled_trend,24/96 RV24,ETHUSDT,2025,2025-01-01T00:00:00Z,2025-12-31T23:00:00Z,stress,10.0,10.0,trial_b95adaa97e8091c807a8767a,3584c161874dc3b8d8f9961901e5abaadebe32a1aaba6d321106b8ccb1f61187,8759,2155,0.44883582157331875,0.0017000585899402676,-0.26214859207653285,-0.11655617326158696,-0.1455924188149459,0.3055607063611881,-0.5354103366344778,experiments/runs/curated_breadth_screen_v1/302__CANDIDATE_H007_VOL_SCALED_MA_24_96_RV24__ETHUSDT__2025__stress__trial_b95adaa97e8091c807a8767a/run_receipt.json,2e8e7d497242831caeaf28a813f058741a437fe6d48b6630f27e3ec39afdc843,experiments/runs/curated_breadth_screen_v1/302__CANDIDATE_H007_VOL_SCALED_MA_24_96_RV24__ETHUSDT__2025__stress__trial_b95adaa97e8091c807a8767a/metrics.json,88599a4b7254f84ab5e4e25bccb5479099d0f8ec58006f712eb276bb8a0845be
CURATED_BREADTH_SCREEN_V1,CANDIDATE_H007_VOL_SCALED_MA_24_96_RV24,variant_622da030e9dacdf22315383b,H007_volatility_scaled_moving_average,existing-qntylab-strategies-v1,volatility_scaled_trend,24/96 RV24,ETHUSDT,2026YTD,2026-01-01T00:00:00Z,2026-07-27T23:00:00Z,baseline,10.0,0.0,trial_d0f47ad32922319a5a321d04,3584c161874dc3b8d8f9961901e5abaadebe32a1aaba6d321106b8ccb1f61187,4991,1251,0.44237400644128727,-0.2091730951203169,-0.27172359091441056,-0.36488232471197823,0.09315873379756767,0.08236214369728145,-0.372245980832662,experiments/runs/curated_breadth_screen_v1/303__CANDIDATE_H007_VOL_SCALED_MA_24_96_RV24__ETHUSDT__2026YTD__baseline__trial_d0f47ad32922319a5a321d04/run_receipt.json,14f94396aab2cd028e59753bd2ced59fe2e552a896e1ad1f9f39da6ba7e592b8,experiments/runs/curated_breadth_screen_v1/303__CANDIDATE_H007_VOL_SCALED_MA_24_96_RV24__ETHUSDT__2026YTD__baseline__trial_d0f47ad32922319a5a321d04/metrics.json,3efe9b8963eca649c4b5bc685a574743120b2077c39c8e0836e8b29ff8069c0e
CURATED_BREADTH_SCREEN_V1,CANDIDATE_H007_VOL_SCALED_MA_24_96_RV24,variant_622da030e9dacdf22315383b,H007_volatility_scaled_moving_average,existing-qntylab-strategies-v1,volatility_scaled_trend,24/96 RV24,ETHUSDT,2026YTD,2026-01-01T00:00:00Z,2026-07-27T23:00:00Z,stress,10.0,10.0,trial_5d2d5d8dcefbb65933487595,3584c161874dc3b8d8f9961901e5abaadebe32a1aaba6d321106b8ccb1f61187,4991,1251,0.44237400644128727,-0.2091730951203169,-0.3293631202521825,-0.36488232471197823,0.03551920445979573,0.1647242873945629,-0.4134001861063381,experiments/runs/curated_breadth_screen_v1/304__CANDIDATE_H007_VOL_SCALED_MA_24_96_RV24__ETHUSDT__2026YTD__stress__trial_5d2d5d8dcefbb65933487595/run_receipt.json,fd7975e71799da3c35eb9b746d000d3c695c644420d4d6057b30a8c9fac42d53,experiments/runs/curated_breadth_screen_v1/304__CANDIDATE_H007_VOL_SCALED_MA_24_96_RV24__ETHUSDT__2026YTD__stress__trial_5d2d5d8dcefbb65933487595/metrics.json,19ca03ed3695ad4e926e27257f6d98115cbb3073ecc7e61d25109014cdb6b8e9
CURATED_BREADTH_SCREEN_V1,CANDIDATE_H007_VOL_SCALED_MA_24_96_RV24,variant_622da030e9dacdf22315383b,H007_volatility_scaled_moving_average,existing-qntylab-strategies-v1,volatility_scaled_trend,24/96 RV24,SOLUSDT,2022,2022-01-01T00:00:00Z,2022-12-31T23:00:00Z,baseline,10.0,0.0,trial_24c436bbb8739daa6c32ade0,c431aa068acbfedf3cb0c38845dfac275044a9cf83367075b47d47f06974e99d,8759,1883,0.35398785688068335,-0.45118918334094316,-0.5190750930833918,-0.9421626638821209,0.42308757079872905,0.1319741156376388,-0.565972784809771,experiments/runs/curated_breadth_screen_v1/305__CANDIDATE_H007_VOL_SCALED_MA_24_96_RV24__SOLUSDT__2022__baseline__trial_24c436bbb8739daa6c32ade0/run_receipt.json,731f19525090ca8cfcd970da6961fea9a30f188121475e2628e7ccb3d0b42c81,experiments/runs/curated_breadth_screen_v1/305__CANDIDATE_H007_VOL_SCALED_MA_24_96_RV24__SOLUSDT__2022__baseline__trial_24c436bbb8739daa6c32ade0/metrics.json,5aa456fa4bf7c9a8baba954e78c16bdee577652e7afb893ff32ed3d47a42cce8
CURATED_BREADTH_SCREEN_V1,CANDIDATE_H007_VOL_SCALED_MA_24_96_RV24,variant_622da030e9dacdf22315383b,H007_volatility_scaled_moving_average,existing-qntylab-strategies-v1,volatility_scaled_trend,24/96 RV24,SOLUSDT,2022,2022-01-01T00:00:00Z,2022-12-31T23:00:00Z,stress,10.0,10.0,trial_190dabaa7e303eca2c690bf2,c431aa068acbfedf3cb0c38845dfac275044a9cf83367075b47d47f06974e99d,8759,1883,0.35398785688068335,-0.45118918334094316,-0.5786007817668131,-0.9421626638821209,0.3635618821153078,0.2639482312752776,-0.59923607889339,experiments/runs/curated_breadth_screen_v1/306__CANDIDATE_H007_VOL_SCALED_MA_24_96_RV24__SOLUSDT__2022__stress__trial_190dabaa7e303eca2c690bf2/run_receipt.json,a18de24d8ffe88aa64bc68f367184ff237261d2577091340a068f09de1c6a76f,experiments/runs/curated_breadth_screen_v1/306__CANDIDATE_H007_VOL_SCALED_MA_24_96_RV24__SOLUSDT__2022__stress__trial_190dabaa7e303eca2c690bf2/metrics.json,a5122d095e5f6da80df08acf9378122c4f6a3198885c4cf3a5c3960dc47ffd11
CURATED_BREADTH_SCREEN_V1,CANDIDATE_H007_VOL_SCALED_MA_24_96_RV24,variant_622da030e9dacdf22315383b,H007_volatility_scaled_moving_average,existing-qntylab-strategies-v1,volatility_scaled_trend,24/96 RV24,SOLUSDT,2024,2024-01-01T00:00:00Z,2024-12-31T23:00:00Z,baseline,10.0,0.0,trial_b14ac0153eb99cc94b06a3ed,c431aa068acbfedf3cb0c38845dfac275044a9cf83367075b47d47f06974e99d,8783,2128,0.4656035078420038,0.23022442846393698,0.06456875315320776,0.856708513142409,-0.7921397599892013,0.14455952220327167,-0.34963559130989064,experiments/runs/curated_breadth_screen_v1/307__CANDIDATE_H007_VOL_SCALED_MA_24_96_RV24__SOLUSDT__2024__baseline__trial_b14ac0153eb99cc94b06a3ed/run_receipt.json,934d89c204b54fe0a8c446f29773807feb28ec57d77b01a561d26ce8cdc5bd2c,experiments/runs/curated_breadth_screen_v1/307__CANDIDATE_H007_VOL_SCALED_MA_24_96_RV24__SOLUSDT__2024__baseline__trial_b14ac0153eb99cc94b06a3ed/metrics.json,6ee324c7dc69906be3aa69038aacad35aba0a1c5599d7fd6c0b15499bb1d27dd
CURATED_BREADTH_SCREEN_V1,CANDIDATE_H007_VOL_SCALED_MA_24_96_RV24,variant_622da030e9dacdf22315383b,H007_volatility_scaled_moving_average,existing-qntylab-strategies-v1,volatility_scaled_trend,24/96 RV24,SOLUSDT,2024,2024-01-01T00:00:00Z,2024-12-31T23:00:00Z,stress,10.0,10.0,trial_e434cd945e02705604683d79,c431aa068acbfedf3cb0c38845dfac275044a9cf83367075b47d47f06974e99d,8783,2128,0.4656035078420038,0.23022442846393698,-0.0788677183916009,0.856708513142409,-0.9355762315340099,0.28911904440654335,-0.3747239236824109,experiments/runs/curated_breadth_screen_v1/308__CANDIDATE_H007_VOL_SCALED_MA_24_96_RV24__SOLUSDT__2024__stress__trial_e434cd945e02705604683d79/run_receipt.json,37cba487742a23acb57ddd2b97237d8f00f74009198eb355348796e95f115b53,experiments/runs/curated_breadth_screen_v1/308__CANDIDATE_H007_VOL_SCALED_MA_24_96_RV24__SOLUSDT__2024__stress__trial_e434cd945e02705604683d79/metrics.json,412d6f9700c3bce8f933c51a0ef0645604e36882a032c8c518d12e86032b96d0
CURATED_BREADTH_SCREEN_V1,CANDIDATE_H007_VOL_SCALED_MA_24_96_RV24,variant_622da030e9dacdf22315383b,H007_volatility_scaled_moving_average,existing-qntylab-strategies-v1,volatility_scaled_trend,24/96 RV24,SOLUSDT,2025,2025-01-01T00:00:00Z,2025-12-31T23:00:00Z,baseline,10.0,0.0,trial_afb41bd146a4846602ef09b4,c431aa068acbfedf3cb0c38845dfac275044a9cf83367075b47d47f06974e99d,8759,2025,0.4219825982814742,-0.09104860970191408,-0.22232939600358848,-0.3526020567154876,0.13027266071189914,0.1561105065119744,-0.4247862835391891,experiments/runs/curated_breadth_screen_v1/309__CANDIDATE_H007_VOL_SCALED_MA_24_96_RV24__SOLUSDT__2025__baseline__trial_afb41bd146a4846602ef09b4/run_receipt.json,bbb9fc074cc8820d93c490ccf5951518963dc50f29d2e7193dbe7b84c8aad4f7,experiments/runs/curated_breadth_screen_v1/309__CANDIDATE_H007_VOL_SCALED_MA_24_96_RV24__SOLUSDT__2025__baseline__trial_afb41bd146a4846602ef09b4/metrics.json,66825c621a5d03ab43c8bcec637e23d0422c32836a646426fa3b301b64b20bae
CURATED_BREADTH_SCREEN_V1,CANDIDATE_H007_VOL_SCALED_MA_24_96_RV24,variant_622da030e9dacdf22315383b,H007_volatility_scaled_moving_average,existing-qntylab-strategies-v1,volatility_scaled_trend,24/96 RV24,SOLUSDT,2025,2025-01-01T00:00:00Z,2025-12-31T23:00:00Z,stress,10.0,10.0,trial_8b139552f2c7327ce22d0799,c431aa068acbfedf3cb0c38845dfac275044a9cf83367075b47d47f06974e99d,8759,2025,0.4219825982814742,-0.09104860970191408,-0.33472182220682756,-0.3526020567154876,0.017880234508660053,0.3122210130239488,-0.48043550770630283,experiments/runs/curated_breadth_screen_v1/310__CANDIDATE_H007_VOL_SCALED_MA_24_96_RV24__SOLUSDT__2025__stress__trial_8b139552f2c7327ce22d0799/run_receipt.json,5de614c97823926d972f79dc98c46c2fd7de249325bdeff4db31a9b47dc65d0b,experiments/runs/curated_breadth_screen_v1/310__CANDIDATE_H007_VOL_SCALED_MA_24_96_RV24__SOLUSDT__2025__stress__trial_8b139552f2c7327ce22d0799/metrics.json,5ed92f9780ca4030e197dae9a92f7d6341165928a88df95e85f579b891a206d6
CURATED_BREADTH_SCREEN_V1,CANDIDATE_H007_VOL_SCALED_MA_24_96_RV24,variant_622da030e9dacdf22315383b,H007_volatility_scaled_moving_average,existing-qntylab-strategies-v1,volatility_scaled_trend,24/96 RV24,SOLUSDT,2026YTD,2026-01-01T00:00:00Z,2026-07-27T23:00:00Z,baseline,10.0,0.0,trial_f6b529073394019ef07b1c37,c431aa068acbfedf3cb0c38845dfac275044a9cf83367075b47d47f06974e99d,4991,1162,0.43658202365772253,-0.16229825517406027,-0.23267687320124786,-0.4071114662405114,0.17443459303926356,0.08775101117129719,-0.36044884409428823,experiments/runs/curated_breadth_screen_v1/311__CANDIDATE_H007_VOL_SCALED_MA_24_96_RV24__SOLUSDT__2026YTD__baseline__trial_f6b529073394019ef07b1c37/run_receipt.json,d234d7466782712497ffae33d7d30ccd6dc7a0508d1b7ed7c6557a0faa0abb70,experiments/runs/curated_breadth_screen_v1/311__CANDIDATE_H007_VOL_SCALED_MA_24_96_RV24__SOLUSDT__2026YTD__baseline__trial_f6b529073394019ef07b1c37/metrics.json,c7f8b38f0d0b1486581dd7ea0f3c65c846c439ee896c8a5f4c359a1a36fcb0b1
CURATED_BREADTH_SCREEN_V1,CANDIDATE_H007_VOL_SCALED_MA_24_96_RV24,variant_622da030e9dacdf22315383b,H007_volatility_scaled_moving_average,existing-qntylab-strategies-v1,volatility_scaled_trend,24/96 RV24,SOLUSDT,2026YTD,2026-01-01T00:00:00Z,2026-07-27T23:00:00Z,stress,10.0,10.0,trial_d304ce24ddef36b9843803e1,c431aa068acbfedf3cb0c38845dfac275044a9cf83367075b47d47f06974e99d,4991,1162,0.43658202365772253,-0.16229825517406027,-0.29718529554699424,-0.4071114662405114,0.10992617069351718,0.17550202234259438,-0.403664483822595,experiments/runs/curated_breadth_screen_v1/312__CANDIDATE_H007_VOL_SCALED_MA_24_96_RV24__SOLUSDT__2026YTD__stress__trial_d304ce24ddef36b9843803e1/run_receipt.json,cb8f1ad7ab74036a5963b2484aa4075fdd952de935d219228ccec3902bbcd243,experiments/runs/curated_breadth_screen_v1/312__CANDIDATE_H007_VOL_SCALED_MA_24_96_RV24__SOLUSDT__2026YTD__stress__trial_d304ce24ddef36b9843803e1/metrics.json,87f387f87db7187c22e3bc10b3a03f4faad353b6e2d3a4b11d7a4b6648c59bd3
CURATED_BREADTH_SCREEN_V1,CANDIDATE_H007_VOL_SCALED_MA_24_96_RV72,variant_66992d55a7d8a402179ce209,H007_volatility_scaled_moving_average,existing-qntylab-strategies-v1,volatility_scaled_trend,24/96 RV72,BTCUSDT,2022,2022-01-01T00:00:00Z,2022-12-31T23:00:00Z,baseline,10.0,0.0,trial_16e7c6e24ab1e0111dd8a5c1,6dcc8c6293f24e2e91957b286a96d9b87fd646e4b57c846495bd41d1aa225b65,8759,1907,0.3964279846038732,-0.45626410450050825,-0.5281244898550723,-0.645439945404816,0.11731545554974365,0.14171884989168596,-0.5485324529855709,experiments/runs/curated_breadth_screen_v1/313__CANDIDATE_H007_VOL_SCALED_MA_24_96_RV72__BTCUSDT__2022__baseline__trial_16e7c6e24ab1e0111dd8a5c1/run_receipt.json,f4d9f4b275e03748b2973586bea2abad8a7b8ea884ac56ce69fd189e2b9eb555,experiments/runs/curated_breadth_screen_v1/313__CANDIDATE_H007_VOL_SCALED_MA_24_96_RV72__BTCUSDT__2022__baseline__trial_16e7c6e24ab1e0111dd8a5c1/metrics.json,6bd0733a8a48767b8b287a95c6b4241520737501eedeb117418765abfc795472
CURATED_BREADTH_SCREEN_V1,CANDIDATE_H007_VOL_SCALED_MA_24_96_RV72,variant_66992d55a7d8a402179ce209,H007_volatility_scaled_moving_average,existing-qntylab-strategies-v1,volatility_scaled_trend,24/96 RV72,BTCUSDT,2022,2022-01-01T00:00:00Z,2022-12-31T23:00:00Z,stress,10.0,10.0,trial_8c849d29be37e0ffd2af14a3,6dcc8c6293f24e2e91957b286a96d9b87fd646e4b57c846495bd41d1aa225b65,8759,1907,0.3964279846038732,-0.45626410450050825,-0.5905367429168584,-0.645439945404816,0.05490320248795755,0.2834376997833719,-0.6066665261824755,experiments/runs/curated_breadth_screen_v1/314__CANDIDATE_H007_VOL_SCALED_MA_24_96_RV72__BTCUSDT__2022__stress__trial_8c849d29be37e0ffd2af14a3/run_receipt.json,add91c093fa912ca3c18521bdb1eeccf2b389d5096dd618d11676e9bd99b9a29,experiments/runs/curated_breadth_screen_v1/314__CANDIDATE_H007_VOL_SCALED_MA_24_96_RV72__BTCUSDT__2022__stress__trial_8c849d29be37e0ffd2af14a3/metrics.json,bb8a3f771f481f24db7922c3027839c5816863e4b0afe8729bd82719ef00d633
CURATED_BREADTH_SCREEN_V1,CANDIDATE_H007_VOL_SCALED_MA_24_96_RV72,variant_66992d55a7d8a402179ce209,H007_volatility_scaled_moving_average,existing-qntylab-strategies-v1,volatility_scaled_trend,24/96 RV72,BTCUSDT,2024,2024-01-01T00:00:00Z,2024-12-31T23:00:00Z,baseline,10.0,0.0,trial_46a643c75fbe512eb7adfcc8,6dcc8c6293f24e2e91957b286a96d9b87fd646e4b57c846495bd41d1aa225b65,8783,2337,0.4932536508300197,1.1507198788036472,0.9279675781196421,1.2030722376312029,-0.2751046595115607,0.10930348572516183,-0.19049840760255254,experiments/runs/curated_breadth_screen_v1/315__CANDIDATE_H007_VOL_SCALED_MA_24_96_RV72__BTCUSDT__2024__baseline__trial_46a643c75fbe512eb7adfcc8/run_receipt.json,9ce0c3c50e061e95b137150ae48ff85cbecb5ae27b65565822f68c3a3dd63cae,experiments/runs/curated_breadth_screen_v1/315__CANDIDATE_H007_VOL_SCALED_MA_24_96_RV72__BTCUSDT__2024__baseline__trial_46a643c75fbe512eb7adfcc8/metrics.json,2b816bcb7b8ac1f20cf8c87ecb79d406d8b31fe632a445491a34b5a9a29d62e0
CURATED_BREADTH_SCREEN_V1,CANDIDATE_H007_VOL_SCALED_MA_24_96_RV72,variant_66992d55a7d8a402179ce209,H007_volatility_scaled_moving_average,existing-qntylab-strategies-v1,volatility_scaled_trend,24/96 RV72,BTCUSDT,2024,2024-01-01T00:00:00Z,2024-12-31T23:00:00Z,stress,10.0,10.0,trial_b12c99cc0faad3d6e85f3df0,6dcc8c6293f24e2e91957b286a96d9b87fd646e4b57c846495bd41d1aa225b65,8783,2337,0.4932536508300197,1.1507198788036472,0.7281387560665009,1.2030722376312029,-0.47493348156470194,0.21860697145032365,-0.2235965812005165,experiments/runs/curated_breadth_screen_v1/316__CANDIDATE_H007_VOL_SCALED_MA_24_96_RV72__BTCUSDT__2024__stress__trial_b12c99cc0faad3d6e85f3df0/run_receipt.json,fa4c7fb85dc65fd6f27f8a5d87f7022ca37b4bb4d63b7dde0afac8b281d2d70a,experiments/runs/curated_breadth_screen_v1/316__CANDIDATE_H007_VOL_SCALED_MA_24_96_RV72__BTCUSDT__2024__stress__trial_b12c99cc0faad3d6e85f3df0/metrics.json,dfa6b337e9b9ae91965b0f9c5170a8e26ef664f13c9b10ae3a6e155ceaf0aeb0
CURATED_BREADTH_SCREEN_V1,CANDIDATE_H007_VOL_SCALED_MA_24_96_RV72,variant_66992d55a7d8a402179ce209,H007_volatility_scaled_moving_average,existing-qntylab-strategies-v1,volatility_scaled_trend,24/96 RV72,BTCUSDT,2025,2025-01-01T00:00:00Z,2025-12-31T23:00:00Z,baseline,10.0,0.0,trial_d8a63293f44e1a82ab36a885,6dcc8c6293f24e2e91957b286a96d9b87fd646e4b57c846495bd41d1aa225b65,8759,1925,0.4667091151580465,-0.06469128666654878,-0.18052939543166102,-0.07153430562385155,-0.10899508980780948,0.13219742101508372,-0.24381546894549466,experiments/runs/curated_breadth_screen_v1/317__CANDIDATE_H007_VOL_SCALED_MA_24_96_RV72__BTCUSDT__2025__baseline__trial_d8a63293f44e1a82ab36a885/run_receipt.json,b4de23b9b286def32916e53b6dbc5a6531b49ba167e00c8b31643c04a3528442,experiments/runs/curated_breadth_screen_v1/317__CANDIDATE_H007_VOL_SCALED_MA_24_96_RV72__BTCUSDT__2025__baseline__trial_d8a63293f44e1a82ab36a885/metrics.json,8cfc6d4553461b40af8a70d5f0a113710d546d10070e1912d59b057fe5fadd41
CURATED_BREADTH_SCREEN_V1,CANDIDATE_H007_VOL_SCALED_MA_24_96_RV72,variant_66992d55a7d8a402179ce209,H007_volatility_scaled_moving_average,existing-qntylab-strategies-v1,volatility_scaled_trend,24/96 RV72,BTCUSDT,2025,2025-01-01T00:00:00Z,2025-12-31T23:00:00Z,stress,10.0,10.0,trial_901a7ab463912fb6ac342bbf,6dcc8c6293f24e2e91957b286a96d9b87fd646e4b57c846495bd41d1aa225b65,8759,1925,0.4667091151580465,-0.06469128666654878,-0.28209910238432145,-0.07153430562385155,-0.2105647967604699,0.26439484203016744,-0.33554767916932926,experiments/runs/curated_breadth_screen_v1/318__CANDIDATE_H007_VOL_SCALED_MA_24_96_RV72__BTCUSDT__2025__stress__trial_901a7ab463912fb6ac342bbf/run_receipt.json,1cc779131d886ec585a4655b40fcc32bc2f6cbb17373a8a1cb45955ee3f5fdb9,experiments/runs/curated_breadth_screen_v1/318__CANDIDATE_H007_VOL_SCALED_MA_24_96_RV72__BTCUSDT__2025__stress__trial_901a7ab463912fb6ac342bbf/metrics.json,e4b6c2d6fb9359a03d95b13a8c45f09a596710a8373ab7947f197fa9a6801c98
CURATED_BREADTH_SCREEN_V1,CANDIDATE_H007_VOL_SCALED_MA_24_96_RV72,variant_66992d55a7d8a402179ce209,H007_volatility_scaled_moving_average,existing-qntylab-strategies-v1,volatility_scaled_trend,24/96 RV72,BTCUSDT,2026YTD,2026-01-01T00:00:00Z,2026-07-27T23:00:00Z,baseline,10.0,0.0,trial_33595e62e55f9e65bc03cfde,6dcc8c6293f24e2e91957b286a96d9b87fd646e4b57c846495bd41d1aa225b65,4991,1095,0.46649699639601183,-0.14801498211572117,-0.20312348338841213,-0.27392758141712437,0.07080409802871224,0.06683960066927455,-0.27495844935487834,experiments/runs/curated_breadth_screen_v1/319__CANDIDATE_H007_VOL_SCALED_MA_24_96_RV72__BTCUSDT__2026YTD__baseline__trial_33595e62e55f9e65bc03cfde/run_receipt.json,453c97bcd285a97e392f55455c97730165a936a95376f81aa5527883fee999ce,experiments/runs/curated_breadth_screen_v1/319__CANDIDATE_H007_VOL_SCALED_MA_24_96_RV72__BTCUSDT__2026YTD__baseline__trial_33595e62e55f9e65bc03cfde/metrics.json,94cdc47259264b6f165ab1d300f3b4584a8912eba97db7d98f9adc15c8656074
CURATED_BREADTH_SCREEN_V1,CANDIDATE_H007_VOL_SCALED_MA_24_96_RV72,variant_66992d55a7d8a402179ce209,H007_volatility_scaled_moving_average,existing-qntylab-strategies-v1,volatility_scaled_trend,24/96 RV72,BTCUSDT,2026YTD,2026-01-01T00:00:00Z,2026-07-27T23:00:00Z,stress,10.0,10.0,trial_aa8f7d0b44fa1d7cdc991a15,6dcc8c6293f24e2e91957b286a96d9b87fd646e4b57c846495bd41d1aa225b65,4991,1095,0.46649699639601183,-0.14801498211572117,-0.25470865947753996,-0.27392758141712437,0.01921892193958441,0.1336792013385491,-0.31900380916303694,experiments/runs/curated_breadth_screen_v1/320__CANDIDATE_H007_VOL_SCALED_MA_24_96_RV72__BTCUSDT__2026YTD__stress__trial_aa8f7d0b44fa1d7cdc991a15/run_receipt.json,aa19378d832d2561d09dfbde05185e530dbbe32a0aff5813ec763db704d422ef,experiments/runs/curated_breadth_screen_v1/320__CANDIDATE_H007_VOL_SCALED_MA_24_96_RV72__BTCUSDT__2026YTD__stress__trial_aa8f7d0b44fa1d7cdc991a15/metrics.json,2ed6bb0e7e7419e4e97f562c1634825dbc54b9541adc82fa956f8765923eb4f2
CURATED_BREADTH_SCREEN_V1,CANDIDATE_H007_VOL_SCALED_MA_24_96_RV72,variant_66992d55a7d8a402179ce209,H007_volatility_scaled_moving_average,existing-qntylab-strategies-v1,volatility_scaled_trend,24/96 RV72,ETHUSDT,2022,2022-01-01T00:00:00Z,2022-12-31T23:00:00Z,baseline,10.0,0.0,trial_a24dc3ac593ae62117b22bc7,3584c161874dc3b8d8f9961901e5abaadebe32a1aaba6d321106b8ccb1f61187,8759,1775,0.42977496956880673,-0.4077722263292576,-0.4756644298287427,-0.6787222269972926,0.20305779716854988,0.12176797942421252,-0.5178204245625893,experiments/runs/curated_breadth_screen_v1/321__CANDIDATE_H007_VOL_SCALED_MA_24_96_RV72__ETHUSDT__2022__baseline__trial_a24dc3ac593ae62117b22bc7/run_receipt.json,27893b615523cac50e7bb9704671a2ad32b7d019eca03673503fe4d08c6437c3,experiments/runs/curated_breadth_screen_v1/321__CANDIDATE_H007_VOL_SCALED_MA_24_96_RV72__ETHUSDT__2022__baseline__trial_a24dc3ac593ae62117b22bc7/metrics.json,b475168095cd3fb7f08d716eb95c0ee49cfc6c955cf180bee8f63c8a2f66a0ee
CURATED_BREADTH_SCREEN_V1,CANDIDATE_H007_VOL_SCALED_MA_24_96_RV72,variant_66992d55a7d8a402179ce209,H007_volatility_scaled_moving_average,existing-qntylab-strategies-v1,volatility_scaled_trend,24/96 RV72,ETHUSDT,2022,2022-01-01T00:00:00Z,2022-12-31T23:00:00Z,stress,10.0,10.0,trial_ca9ac3f8b168a09cf3771701,3584c161874dc3b8d8f9961901e5abaadebe32a1aaba6d321106b8ccb1f61187,8759,1775,0.42977496956880673,-0.4077722263292576,-0.5358210321014178,-0.6787222269972926,0.14290119489587472,0.24353595884842505,-0.5525687022411474,experiments/runs/curated_breadth_screen_v1/322__CANDIDATE_H007_VOL_SCALED_MA_24_96_RV72__ETHUSDT__2022__stress__trial_ca9ac3f8b168a09cf3771701/run_receipt.json,5ba4386bac1ad52c17879213a2f1890d1c4833807160ddeb78ca8d5476e22596,experiments/runs/curated_breadth_screen_v1/322__CANDIDATE_H007_VOL_SCALED_MA_24_96_RV72__ETHUSDT__2022__stress__trial_ca9ac3f8b168a09cf3771701/metrics.json,e07af857bbc245daad6af4be027007b9bbbd2870414f3a4acbfa561ef47abf86
CURATED_BREADTH_SCREEN_V1,CANDIDATE_H007_VOL_SCALED_MA_24_96_RV72,variant_66992d55a7d8a402179ce209,H007_volatility_scaled_moving_average,existing-qntylab-strategies-v1,volatility_scaled_trend,24/96 RV72,ETHUSDT,2024,2024-01-01T00:00:00Z,2024-12-31T23:00:00Z,baseline,10.0,0.0,trial_c0acdbe241d9ed7daa737807,3584c161874dc3b8d8f9961901e5abaadebe32a1aaba6d321106b8ccb1f61187,8783,2182,0.4826036606874204,0.6430570414472883,0.45445768940860565,0.45404724875953484,0.000410440649070809,0.1219266003223652,-0.2541491608192957,experiments/runs/curated_breadth_screen_v1/323__CANDIDATE_H007_VOL_SCALED_MA_24_96_RV72__ETHUSDT__2024__baseline__trial_c0acdbe241d9ed7daa737807/run_receipt.json,b81f6dd9915efe8b6bd00ac79bf0382199123feda1b63a7c7759197ae3f02614,experiments/runs/curated_breadth_screen_v1/323__CANDIDATE_H007_VOL_SCALED_MA_24_96_RV72__ETHUSDT__2024__baseline__trial_c0acdbe241d9ed7daa737807/metrics.json,8531dcfc19a55a662bba76cae9403813f0f6b2e955136b0af66a9a57d17681c0
CURATED_BREADTH_SCREEN_V1,CANDIDATE_H007_VOL_SCALED_MA_24_96_RV72,variant_66992d55a7d8a402179ce209,H007_volatility_scaled_moving_average,existing-qntylab-strategies-v1,volatility_scaled_trend,24/96 RV72,ETHUSDT,2024,2024-01-01T00:00:00Z,2024-12-31T23:00:00Z,stress,10.0,10.0,trial_68950c06006b89db5f89e155,3584c161874dc3b8d8f9961901e5abaadebe32a1aaba6d321106b8ccb1f61187,8783,2182,0.4826036606874204,0.6430570414472883,0.2873787720646952,0.45404724875953484,-0.16666847669483964,0.2438532006447304,-0.28028742032511267,experiments/runs/curated_breadth_screen_v1/324__CANDIDATE_H007_VOL_SCALED_MA_24_96_RV72__ETHUSDT__2024__stress__trial_68950c06006b89db5f89e155/run_receipt.json,620e1322e132722aafb776ac6520ceaf7fe07b7346bee49b58782a629201421f,experiments/runs/curated_breadth_screen_v1/324__CANDIDATE_H007_VOL_SCALED_MA_24_96_RV72__ETHUSDT__2024__stress__trial_68950c06006b89db5f89e155/metrics.json,a73497f0bacf06331c5227b49919d4d7803cc8d79b98625c8271098e5ba317e1
CURATED_BREADTH_SCREEN_V1,CANDIDATE_H007_VOL_SCALED_MA_24_96_RV72,variant_66992d55a7d8a402179ce209,H007_volatility_scaled_moving_average,existing-qntylab-strategies-v1,volatility_scaled_trend,24/96 RV72,ETHUSDT,2025,2025-01-01T00:00:00Z,2025-12-31T23:00:00Z,baseline,10.0,0.0,trial_8a15afff67ac04f7ef0ee4b8,3584c161874dc3b8d8f9961901e5abaadebe32a1aaba6d321106b8ccb1f61187,8759,1946,0.4557976131849814,0.019295174330516307,-0.09959019297230565,-0.11655617326158696,0.016965980289281313,0.12397350986380223,-0.5128943571417451,experiments/runs/curated_breadth_screen_v1/325__CANDIDATE_H007_VOL_SCALED_MA_24_96_RV72__ETHUSDT__2025__baseline__trial_8a15afff67ac04f7ef0ee4b8/run_receipt.json,c17ba270bd6b552ae8f633ab9ce5ce49e813d9eae7a3297608e3ad1874815c69,experiments/runs/curated_breadth_screen_v1/325__CANDIDATE_H007_VOL_SCALED_MA_24_96_RV72__ETHUSDT__2025__baseline__trial_8a15afff67ac04f7ef0ee4b8/metrics.json,5abd41ea60cb9cb3e015186bdea7d5d486f305b421064ec7cedf2971f9db47c8
CURATED_BREADTH_SCREEN_V1,CANDIDATE_H007_VOL_SCALED_MA_24_96_RV72,variant_66992d55a7d8a402179ce209,H007_volatility_scaled_moving_average,existing-qntylab-strategies-v1,volatility_scaled_trend,24/96 RV72,ETHUSDT,2025,2025-01-01T00:00:00Z,2025-12-31T23:00:00Z,stress,10.0,10.0,trial_107ce9a6fb15f800ccd2c734,3584c161874dc3b8d8f9961901e5abaadebe32a1aaba6d321106b8ccb1f61187,8759,1946,0.4557976131849814,0.019295174330516307,-0.20469000596299458,-0.11655617326158696,-0.08813383270140762,0.24794701972760447,-0.5358972702704669,experiments/runs/curated_breadth_screen_v1/326__CANDIDATE_H007_VOL_SCALED_MA_24_96_RV72__ETHUSDT__2025__stress__trial_107ce9a6fb15f800ccd2c734/run_receipt.json,4c615b9e77a2a13c70e67eef2c47abf233a869da7a857dfe97813f5c4f427465,experiments/runs/curated_breadth_screen_v1/326__CANDIDATE_H007_VOL_SCALED_MA_24_96_RV72__ETHUSDT__2025__stress__trial_107ce9a6fb15f800ccd2c734/metrics.json,a96b5fd995a23a599f55c4df9498ce9a294524e8cb0215411508ae240249ac82
CURATED_BREADTH_SCREEN_V1,CANDIDATE_H007_VOL_SCALED_MA_24_96_RV72,variant_66992d55a7d8a402179ce209,H007_volatility_scaled_moving_average,existing-qntylab-strategies-v1,volatility_scaled_trend,24/96 RV72,ETHUSDT,2026YTD,2026-01-01T00:00:00Z,2026-07-27T23:00:00Z,baseline,10.0,0.0,trial_64d4d88618b55fd049bb8d38,3584c161874dc3b8d8f9961901e5abaadebe32a1aaba6d321106b8ccb1f61187,4991,1048,0.4517548666360244,-0.18020219623024403,-0.23230345288327048,-0.36488232471197823,0.13257887182870776,0.06562898248774654,-0.35164370415322543,experiments/runs/curated_breadth_screen_v1/327__CANDIDATE_H007_VOL_SCALED_MA_24_96_RV72__ETHUSDT__2026YTD__baseline__trial_64d4d88618b55fd049bb8d38/run_receipt.json,3a0f753de200c49aa0b490b3cfb2c138723940055ee758f96d1bd0ffdec71ead,experiments/runs/curated_breadth_screen_v1/327__CANDIDATE_H007_VOL_SCALED_MA_24_96_RV72__ETHUSDT__2026YTD__baseline__trial_64d4d88618b55fd049bb8d38/metrics.json,3b43233ddfe427f61749f5d72ac8cd88bbf45b2ed78463cc67d8d542c40b2b29
CURATED_BREADTH_SCREEN_V1,CANDIDATE_H007_VOL_SCALED_MA_24_96_RV72,variant_66992d55a7d8a402179ce209,H007_volatility_scaled_moving_average,existing-qntylab-strategies-v1,volatility_scaled_trend,24/96 RV72,ETHUSDT,2026YTD,2026-01-01T00:00:00Z,2026-07-27T23:00:00Z,stress,10.0,10.0,trial_bbc01193cd0c6d067ea15897,3584c161874dc3b8d8f9961901e5abaadebe32a1aaba6d321106b8ccb1f61187,4991,1048,0.4517548666360244,-0.18020219623024403,-0.28113304948286033,-0.36488232471197823,0.0837492752291179,0.13125796497549308,-0.38630977025836843,experiments/runs/curated_breadth_screen_v1/328__CANDIDATE_H007_VOL_SCALED_MA_24_96_RV72__ETHUSDT__2026YTD__stress__trial_bbc01193cd0c6d067ea15897/run_receipt.json,dbb0796430a6e0fca8cf0205ccc53811dc650c2b8588a8a06535a98fe372d52a,experiments/runs/curated_breadth_screen_v1/328__CANDIDATE_H007_VOL_SCALED_MA_24_96_RV72__ETHUSDT__2026YTD__stress__trial_bbc01193cd0c6d067ea15897/metrics.json,7502d76c1ae58d1c231acf9252ead9f0b9fdfcbf7eef60cd1e830ca873e4d53a
CURATED_BREADTH_SCREEN_V1,CANDIDATE_H007_VOL_SCALED_MA_24_96_RV72,variant_66992d55a7d8a402179ce209,H007_volatility_scaled_moving_average,existing-qntylab-strategies-v1,volatility_scaled_trend,24/96 RV72,SOLUSDT,2022,2022-01-01T00:00:00Z,2022-12-31T23:00:00Z,baseline,10.0,0.0,trial_eba4d52eb9cfefa6ff300eb7,c431aa068acbfedf3cb0c38845dfac275044a9cf83367075b47d47f06974e99d,8759,1847,0.3560616033167672,-0.46446545688992136,-0.519974156566839,-0.9421626638821209,0.4221885073152819,0.10936522636090343,-0.5723174085936437,experiments/runs/curated_breadth_screen_v1/329__CANDIDATE_H007_VOL_SCALED_MA_24_96_RV72__SOLUSDT__2022__baseline__trial_eba4d52eb9cfefa6ff300eb7/run_receipt.json,595426c51adefaa8b015e094f5b40c8ca290c9d2d50b1a4d103cb8eab583353a,experiments/runs/curated_breadth_screen_v1/329__CANDIDATE_H007_VOL_SCALED_MA_24_96_RV72__SOLUSDT__2022__baseline__trial_eba4d52eb9cfefa6ff300eb7/metrics.json,ffec754357230ab1c752198efdc45386473e75389e31b8896953d651d446251d
CURATED_BREADTH_SCREEN_V1,CANDIDATE_H007_VOL_SCALED_MA_24_96_RV72,variant_66992d55a7d8a402179ce209,H007_volatility_scaled_moving_average,existing-qntylab-strategies-v1,volatility_scaled_trend,24/96 RV72,SOLUSDT,2022,2022-01-01T00:00:00Z,2022-12-31T23:00:00Z,stress,10.0,10.0,trial_f85c970438f089d7530a2c99,c431aa068acbfedf3cb0c38845dfac275044a9cf83367075b47d47f06974e99d,8759,1847,0.3560616033167672,-0.46446545688992136,-0.5697679687925523,-0.9421626638821209,0.3723946950895686,0.21873045272180686,-0.5943655065351716,experiments/runs/curated_breadth_screen_v1/330__CANDIDATE_H007_VOL_SCALED_MA_24_96_RV72__SOLUSDT__2022__stress__trial_f85c970438f089d7530a2c99/run_receipt.json,832e2ace9e1c70aee843586c60c6775f009f83253dad471acbeb288a6c0bc89a,experiments/runs/curated_breadth_screen_v1/330__CANDIDATE_H007_VOL_SCALED_MA_24_96_RV72__SOLUSDT__2022__stress__trial_f85c970438f089d7530a2c99/metrics.json,4f1ce68b0d360b2dc63807021feea318e6cd03714dd14d3215c527aec0678326
CURATED_BREADTH_SCREEN_V1,CANDIDATE_H007_VOL_SCALED_MA_24_96_RV72,variant_66992d55a7d8a402179ce209,H007_volatility_scaled_moving_average,existing-qntylab-strategies-v1,volatility_scaled_trend,24/96 RV72,SOLUSDT,2024,2024-01-01T00:00:00Z,2024-12-31T23:00:00Z,baseline,10.0,0.0,trial_f04cb9655db6d8b3c6ed0c94,c431aa068acbfedf3cb0c38845dfac275044a9cf83367075b47d47f06974e99d,8783,2165,0.466109098305226,0.22349479400214745,0.08892265526193865,0.856708513142409,-0.7677858578804704,0.11646173817223257,-0.3594812461343785,experiments/runs/curated_breadth_screen_v1/331__CANDIDATE_H007_VOL_SCALED_MA_24_96_RV72__SOLUSDT__2024__baseline__trial_f04cb9655db6d8b3c6ed0c94/run_receipt.json,a34af6afc716677f4b9a660bbb6f10f96962378c9561437b51e223307f84ffee,experiments/runs/curated_breadth_screen_v1/331__CANDIDATE_H007_VOL_SCALED_MA_24_96_RV72__SOLUSDT__2024__baseline__trial_f04cb9655db6d8b3c6ed0c94/metrics.json,9016784e6ce7d0bdb2d5f895321e88d0569e3bf7e45367392c760968fcbe52f8
CURATED_BREADTH_SCREEN_V1,CANDIDATE_H007_VOL_SCALED_MA_24_96_RV72,variant_66992d55a7d8a402179ce209,H007_volatility_scaled_moving_average,existing-qntylab-strategies-v1,volatility_scaled_trend,24/96 RV72,SOLUSDT,2024,2024-01-01T00:00:00Z,2024-12-31T23:00:00Z,stress,10.0,10.0,trial_fc226690451f37d12dfbe14c,c431aa068acbfedf3cb0c38845dfac275044a9cf83367075b47d47f06974e99d,8783,2165,0.466109098305226,0.22349479400214745,-0.030939722105504552,0.856708513142409,-0.8876482352479136,0.23292347634446514,-0.37972170254446913,experiments/runs/curated_breadth_screen_v1/332__CANDIDATE_H007_VOL_SCALED_MA_24_96_RV72__SOLUSDT__2024__stress__trial_fc226690451f37d12dfbe14c/run_receipt.json,607ff0cf2f395dd178535552dc9b3fd332ed4db1d0676a7ff7f8800ba3df2ad6,experiments/runs/curated_breadth_screen_v1/332__CANDIDATE_H007_VOL_SCALED_MA_24_96_RV72__SOLUSDT__2024__stress__trial_fc226690451f37d12dfbe14c/metrics.json,ec5b6f6e770f82f9c71842c92079e287de9009cd38391b04bd9a50b286a7e2fc
CURATED_BREADTH_SCREEN_V1,CANDIDATE_H007_VOL_SCALED_MA_24_96_RV72,variant_66992d55a7d8a402179ce209,H007_volatility_scaled_moving_average,existing-qntylab-strategies-v1,volatility_scaled_trend,24/96 RV72,SOLUSDT,2025,2025-01-01T00:00:00Z,2025-12-31T23:00:00Z,baseline,10.0,0.0,trial_adbcae061bf203220d172b9d,c431aa068acbfedf3cb0c38845dfac275044a9cf83367075b47d47f06974e99d,8759,2003,0.42926052473089105,-0.1758748385565192,-0.27712477344117203,-0.3526020567154876,0.07547728327431558,0.1311791989941658,-0.4487660447934366,experiments/runs/curated_breadth_screen_v1/333__CANDIDATE_H007_VOL_SCALED_MA_24_96_RV72__SOLUSDT__2025__baseline__trial_adbcae061bf203220d172b9d/run_receipt.json,1ee1fc2275dab10d1dec6d06a8852a4f14f9ad4ce6c78177e844a76814353541,experiments/runs/curated_breadth_screen_v1/333__CANDIDATE_H007_VOL_SCALED_MA_24_96_RV72__SOLUSDT__2025__baseline__trial_adbcae061bf203220d172b9d/metrics.json,ce21f63a6881b6376ec142eb16bf564dc821bd51761fb2bf889089b415a5608e
CURATED_BREADTH_SCREEN_V1,CANDIDATE_H007_VOL_SCALED_MA_24_96_RV72,variant_66992d55a7d8a402179ce209,H007_volatility_scaled_moving_average,existing-qntylab-strategies-v1,volatility_scaled_trend,24/96 RV72,SOLUSDT,2025,2025-01-01T00:00:00Z,2025-12-31T23:00:00Z,stress,10.0,10.0,trial_48d550bfe449d65b817f7941,c431aa068acbfedf3cb0c38845dfac275044a9cf83367075b47d47f06974e99d,8759,2003,0.42926052473089105,-0.1758748385565192,-0.36600330300640205,-0.3526020567154876,-0.013401246290914437,0.2623583979883316,-0.5131699281321767,experiments/runs/curated_breadth_screen_v1/334__CANDIDATE_H007_VOL_SCALED_MA_24_96_RV72__SOLUSDT__2025__stress__trial_48d550bfe449d65b817f7941/run_receipt.json,f076902d56353986ec8539ab1fe99f4e597521cadc03b4bc39c1377f4c310bb7,experiments/runs/curated_breadth_screen_v1/334__CANDIDATE_H007_VOL_SCALED_MA_24_96_RV72__SOLUSDT__2025__stress__trial_48d550bfe449d65b817f7941/metrics.json,f0bdad759419348374bfd9dd868363244478cd3349a56400e57d0aad7cec7193
CURATED_BREADTH_SCREEN_V1,CANDIDATE_H007_VOL_SCALED_MA_24_96_RV72,variant_66992d55a7d8a402179ce209,H007_volatility_scaled_moving_average,existing-qntylab-strategies-v1,volatility_scaled_trend,24/96 RV72,SOLUSDT,2026YTD,2026-01-01T00:00:00Z,2026-07-27T23:00:00Z,baseline,10.0,0.0,trial_21b6bae830c7f842755ba961,c431aa068acbfedf3cb0c38845dfac275044a9cf83367075b47d47f06974e99d,4991,1196,0.44252484836652994,-0.18077682147249474,-0.23799540345534642,-0.4071114662405114,0.169116062785165,0.07238002573074198,-0.3574105789945521,experiments/runs/curated_breadth_screen_v1/335__CANDIDATE_H007_VOL_SCALED_MA_24_96_RV72__SOLUSDT__2026YTD__baseline__trial_21b6bae830c7f842755ba961/run_receipt.json,06099d851e8e503e79ff2f600433c7cc00f363ef59f426c0a9ecd00d8cf03c1e,experiments/runs/curated_breadth_screen_v1/335__CANDIDATE_H007_VOL_SCALED_MA_24_96_RV72__SOLUSDT__2026YTD__baseline__trial_21b6bae830c7f842755ba961/metrics.json,87d25d934193c9b4364a2176f5f7e47bbc22cf95b2191ed7e54c45813c31c2d7
CURATED_BREADTH_SCREEN_V1,CANDIDATE_H007_VOL_SCALED_MA_24_96_RV72,variant_66992d55a7d8a402179ce209,H007_volatility_scaled_moving_average,existing-qntylab-strategies-v1,volatility_scaled_trend,24/96 RV72,SOLUSDT,2026YTD,2026-01-01T00:00:00Z,2026-07-27T23:00:00Z,stress,10.0,10.0,trial_f4f9ed2d7b8d5d17c01ea1bf,c431aa068acbfedf3cb0c38845dfac275044a9cf83367075b47d47f06974e99d,4991,1196,0.44252484836652994,-0.18077682147249474,-0.2912593965205107,-0.4071114662405114,0.11585206972000073,0.14476005146148396,-0.39558939657604375,experiments/runs/curated_breadth_screen_v1/336__CANDIDATE_H007_VOL_SCALED_MA_24_96_RV72__SOLUSDT__2026YTD__stress__trial_f4f9ed2d7b8d5d17c01ea1bf/run_receipt.json,98d3ca31cdfddafeeb7fe3b500f0ecda932891f5a806b5c58e237bbc17ca32bc,experiments/runs/curated_breadth_screen_v1/336__CANDIDATE_H007_VOL_SCALED_MA_24_96_RV72__SOLUSDT__2026YTD__stress__trial_f4f9ed2d7b8d5d17c01ea1bf/metrics.json,a2ec2dc5d720bbdb1237b023a5b4197e8f176b4fdcfe77fc9db6c20241de994e
CURATED_BREADTH_SCREEN_V1,CANDIDATE_H007_VOL_SCALED_MA_24_96_RV168,variant_2ec6b5a20cd8e3181a6a46f0,H007_volatility_scaled_moving_average,existing-qntylab-strategies-v1,volatility_scaled_trend,24/96 RV168,BTCUSDT,2022,2022-01-01T00:00:00Z,2022-12-31T23:00:00Z,baseline,10.0,0.0,trial_9fa5aa98d20a4885c35820ff,6dcc8c6293f24e2e91957b286a96d9b87fd646e4b57c846495bd41d1aa225b65,8759,1756,0.4016316557097301,-0.43701362623397433,-0.5063935113980182,-0.645439945404816,0.13904643400679773,0.13150343769664613,-0.5265396130053798,experiments/runs/curated_breadth_screen_v1/337__CANDIDATE_H007_VOL_SCALED_MA_24_96_RV168__BTCUSDT__2022__baseline__trial_9fa5aa98d20a4885c35820ff/run_receipt.json,f16a9d4c5ccfe1c0b5c9a51c36d9aa0b6954da298db78fb0547f3b75bf879929,experiments/runs/curated_breadth_screen_v1/337__CANDIDATE_H007_VOL_SCALED_MA_24_96_RV168__BTCUSDT__2022__baseline__trial_9fa5aa98d20a4885c35820ff/metrics.json,2c7fe092dbc4eeccbdafa45ce3aeb6f6ab974290134c6d7822f4b3925660aa52
CURATED_BREADTH_SCREEN_V1,CANDIDATE_H007_VOL_SCALED_MA_24_96_RV168,variant_2ec6b5a20cd8e3181a6a46f0,H007_volatility_scaled_moving_average,existing-qntylab-strategies-v1,volatility_scaled_trend,24/96 RV168,BTCUSDT,2022,2022-01-01T00:00:00Z,2022-12-31T23:00:00Z,stress,10.0,10.0,trial_2f42ea8e7378987dfc24b527,6dcc8c6293f24e2e91957b286a96d9b87fd646e4b57c846495bd41d1aa225b65,8759,1756,0.4016316557097301,-0.43701362623397433,-0.5672736861814093,-0.645439945404816,0.0781662592234067,0.26300687539329226,-0.5833077273481206,experiments/runs/curated_breadth_screen_v1/338__CANDIDATE_H007_VOL_SCALED_MA_24_96_RV168__BTCUSDT__2022__stress__trial_2f42ea8e7378987dfc24b527/run_receipt.json,8f66f6c1fb9b88450cceab188a119f7b2cc30246ed9b6e25d56ddaac0b58a170,experiments/runs/curated_breadth_screen_v1/338__CANDIDATE_H007_VOL_SCALED_MA_24_96_RV168__BTCUSDT__2022__stress__trial_2f42ea8e7378987dfc24b527/metrics.json,201374e92bd749ec2ace7602594be19a90901b80f3cbbf1de54defb854da8568
CURATED_BREADTH_SCREEN_V1,CANDIDATE_H007_VOL_SCALED_MA_24_96_RV168,variant_2ec6b5a20cd8e3181a6a46f0,H007_volatility_scaled_moving_average,existing-qntylab-strategies-v1,volatility_scaled_trend,24/96 RV168,BTCUSDT,2024,2024-01-01T00:00:00Z,2024-12-31T23:00:00Z,baseline,10.0,0.0,trial_d18312adcb80c36dc7535f1b,6dcc8c6293f24e2e91957b286a96d9b87fd646e4b57c846495bd41d1aa225b65,8783,2447,0.4915223765070267,1.1144967730595448,0.916977708860649,1.2030722376312029,-0.28609452877055386,0.09802963782256735,-0.1923294736203952,experiments/runs/curated_breadth_screen_v1/339__CANDIDATE_H007_VOL_SCALED_MA_24_96_RV168__BTCUSDT__2024__baseline__trial_d18312adcb80c36dc7535f1b/run_receipt.json,6efb409ee24f762c25f93fa00b44376edbe1fe48afcfecddd4e6d5689d572554,experiments/runs/curated_breadth_screen_v1/339__CANDIDATE_H007_VOL_SCALED_MA_24_96_RV168__BTCUSDT__2024__baseline__trial_d18312adcb80c36dc7535f1b/metrics.json,532eb7dec26cbcc7c10ba0833525bb9dff8ee5adf88dba85189ca585a6ba10a3
CURATED_BREADTH_SCREEN_V1,CANDIDATE_H007_VOL_SCALED_MA_24_96_RV168,variant_2ec6b5a20cd8e3181a6a46f0,H007_volatility_scaled_moving_average,existing-qntylab-strategies-v1,volatility_scaled_trend,24/96 RV168,BTCUSDT,2024,2024-01-01T00:00:00Z,2024-12-31T23:00:00Z,stress,10.0,10.0,trial_b1415c1d5441de5ef0287c59,6dcc8c6293f24e2e91957b286a96d9b87fd646e4b57c846495bd41d1aa225b65,8783,2447,0.4915223765070267,1.1144967730595448,0.7377659665305654,1.2030722376312029,-0.4653062711006375,0.1960592756451347,-0.22567450019591784,experiments/runs/curated_breadth_screen_v1/340__CANDIDATE_H007_VOL_SCALED_MA_24_96_RV168__BTCUSDT__2024__stress__trial_b1415c1d5441de5ef0287c59/run_receipt.json,e0cd385131e45f3520143b421e2257e557c754b97d30680009662ceebcc4bbf5,experiments/runs/curated_breadth_screen_v1/340__CANDIDATE_H007_VOL_SCALED_MA_24_96_RV168__BTCUSDT__2024__stress__trial_b1415c1d5441de5ef0287c59/metrics.json,887d51a2d9c07fe5304bf73d2405e06d2d5ee787105c51e57049e85ae6347f5b
CURATED_BREADTH_SCREEN_V1,CANDIDATE_H007_VOL_SCALED_MA_24_96_RV168,variant_2ec6b5a20cd8e3181a6a46f0,H007_volatility_scaled_moving_average,existing-qntylab-strategies-v1,volatility_scaled_trend,24/96 RV168,BTCUSDT,2025,2025-01-01T00:00:00Z,2025-12-31T23:00:00Z,baseline,10.0,0.0,trial_cfa23b90cfcd87c9b074c7d2,6dcc8c6293f24e2e91957b286a96d9b87fd646e4b57c846495bd41d1aa225b65,8759,2188,0.4678562136807115,-0.04556155899268832,-0.1578833542098047,-0.07153430562385155,-0.08634904858595316,0.12518087199786568,-0.2324460065101992,experiments/runs/curated_breadth_screen_v1/341__CANDIDATE_H007_VOL_SCALED_MA_24_96_RV168__BTCUSDT__2025__baseline__trial_cfa23b90cfcd87c9b074c7d2/run_receipt.json,57c7fb3e210fee6edfd8d6f0dd4272e839b3cf57c397ad555abf73651ce42ef6,experiments/runs/curated_breadth_screen_v1/341__CANDIDATE_H007_VOL_SCALED_MA_24_96_RV168__BTCUSDT__2025__baseline__trial_cfa23b90cfcd87c9b074c7d2/metrics.json,8e648b536e09d910735751692fab323ac2b9d303b806bc20d286e4bdabbc7a3b
CURATED_BREADTH_SCREEN_V1,CANDIDATE_H007_VOL_SCALED_MA_24_96_RV168,variant_2ec6b5a20cd8e3181a6a46f0,H007_volatility_scaled_moving_average,existing-qntylab-strategies-v1,volatility_scaled_trend,24/96 RV168,BTCUSDT,2025,2025-01-01T00:00:00Z,2025-12-31T23:00:00Z,stress,10.0,10.0,trial_ef5a3811df6a466752a9f9d2,6dcc8c6293f24e2e91957b286a96d9b87fd646e4b57c846495bd41d1aa225b65,8759,2188,0.4678562136807115,-0.04556155899268832,-0.25706863863220664,-0.07153430562385155,-0.1855343330083551,0.25036174399573136,-0.31238347527129917,experiments/runs/curated_breadth_screen_v1/342__CANDIDATE_H007_VOL_SCALED_MA_24_96_RV168__BTCUSDT__2025__stress__trial_ef5a3811df6a466752a9f9d2/run_receipt.json,94f0dcbcc978384a1f765e77e124614d3d26e014a4e0c7373166e087d8c0d335,experiments/runs/curated_breadth_screen_v1/342__CANDIDATE_H007_VOL_SCALED_MA_24_96_RV168__BTCUSDT__2025__stress__trial_ef5a3811df6a466752a9f9d2/metrics.json,88237a231171a1d069f162659a4b056a98cb603c5f1dfa16da0c4f73c404d9d3
CURATED_BREADTH_SCREEN_V1,CANDIDATE_H007_VOL_SCALED_MA_24_96_RV168,variant_2ec6b5a20cd8e3181a6a46f0,H007_volatility_scaled_moving_average,existing-qntylab-strategies-v1,volatility_scaled_trend,24/96 RV168,BTCUSDT,2026YTD,2026-01-01T00:00:00Z,2026-07-27T23:00:00Z,baseline,10.0,0.0,trial_d0fee86fdd83af92a91314ed,6dcc8c6293f24e2e91957b286a96d9b87fd646e4b57c846495bd41d1aa225b65,4991,832,0.46957978916951804,-0.15761730445149902,-0.20800045425143243,-0.27392758141712437,0.06592712716569193,0.06164594600868405,-0.28202117442377006,experiments/runs/curated_breadth_screen_v1/343__CANDIDATE_H007_VOL_SCALED_MA_24_96_RV168__BTCUSDT__2026YTD__baseline__trial_d0fee86fdd83af92a91314ed/run_receipt.json,41bdf3fd2efeb81c8766178974a62674f200309910a38859d2d0220950688260,experiments/runs/curated_breadth_screen_v1/343__CANDIDATE_H007_VOL_SCALED_MA_24_96_RV168__BTCUSDT__2026YTD__baseline__trial_d0fee86fdd83af92a91314ed/metrics.json,63b3f966901e98e1f89484d73c35f87c403e4a8f4ba9cceffb8b45e12693fdd4
CURATED_BREADTH_SCREEN_V1,CANDIDATE_H007_VOL_SCALED_MA_24_96_RV168,variant_2ec6b5a20cd8e3181a6a46f0,H007_volatility_scaled_moving_average,existing-qntylab-strategies-v1,volatility_scaled_trend,24/96 RV168,BTCUSDT,2026YTD,2026-01-01T00:00:00Z,2026-07-27T23:00:00Z,stress,10.0,10.0,trial_f8807719f67bd31af8c4b93e,6dcc8c6293f24e2e91957b286a96d9b87fd646e4b57c846495bd41d1aa225b65,4991,832,0.46957978916951804,-0.15761730445149902,-0.25541108923149713,-0.27392758141712437,0.01851649218562723,0.1232918920173681,-0.32215726326437344,experiments/runs/curated_breadth_screen_v1/344__CANDIDATE_H007_VOL_SCALED_MA_24_96_RV168__BTCUSDT__2026YTD__stress__trial_f8807719f67bd31af8c4b93e/run_receipt.json,6c2b473c0f4fe8c9a527e1766e84b6426a50a9f8a989acbdb38fb229096e59df,experiments/runs/curated_breadth_screen_v1/344__CANDIDATE_H007_VOL_SCALED_MA_24_96_RV168__BTCUSDT__2026YTD__stress__trial_f8807719f67bd31af8c4b93e/metrics.json,30d5d779f4f9803277f1f9d0f5d7285e402eb80d4f217b036ada564507d1f2ec
CURATED_BREADTH_SCREEN_V1,CANDIDATE_H007_VOL_SCALED_MA_24_96_RV168,variant_2ec6b5a20cd8e3181a6a46f0,H007_volatility_scaled_moving_average,existing-qntylab-strategies-v1,volatility_scaled_trend,24/96 RV168,ETHUSDT,2022,2022-01-01T00:00:00Z,2022-12-31T23:00:00Z,baseline,10.0,0.0,trial_5f63612ba2767dc2f0d04863,3584c161874dc3b8d8f9961901e5abaadebe32a1aaba6d321106b8ccb1f61187,8759,1709,0.42777989008466816,-0.36197329075438744,-0.42996723953531846,-0.6787222269972926,0.2487549874619741,0.11269443380446853,-0.5076276174960238,experiments/runs/curated_breadth_screen_v1/345__CANDIDATE_H007_VOL_SCALED_MA_24_96_RV168__ETHUSDT__2022__baseline__trial_5f63612ba2767dc2f0d04863/run_receipt.json,cdc75fb5396a264542d3ebb39cea8dff7391d62ca37618e3a63aac0fa9d68dcd,experiments/runs/curated_breadth_screen_v1/345__CANDIDATE_H007_VOL_SCALED_MA_24_96_RV168__ETHUSDT__2022__baseline__trial_5f63612ba2767dc2f0d04863/metrics.json,d4221128a561a7bb6bcb01b4c051b942a1feb39a0d0a7b0c930428971e0b2295
CURATED_BREADTH_SCREEN_V1,CANDIDATE_H007_VOL_SCALED_MA_24_96_RV168,variant_2ec6b5a20cd8e3181a6a46f0,H007_volatility_scaled_moving_average,existing-qntylab-strategies-v1,volatility_scaled_trend,24/96 RV168,ETHUSDT,2022,2022-01-01T00:00:00Z,2022-12-31T23:00:00Z,stress,10.0,10.0,trial_513c05c0e3279c6178276dc4,3584c161874dc3b8d8f9961901e5abaadebe32a1aaba6d321106b8ccb1f61187,8759,1709,0.42777989008466816,-0.36197329075438744,-0.49076579594919834,-0.6787222269972926,0.18795643104809423,0.22538886760893706,-0.5285766153227227,experiments/runs/curated_breadth_screen_v1/346__CANDIDATE_H007_VOL_SCALED_MA_24_96_RV168__ETHUSDT__2022__stress__trial_513c05c0e3279c6178276dc4/run_receipt.json,2abe03b370355404f59ef70acd910181a1acba66c27ba3f008e45328155e2909,experiments/runs/curated_breadth_screen_v1/346__CANDIDATE_H007_VOL_SCALED_MA_24_96_RV168__ETHUSDT__2022__stress__trial_513c05c0e3279c6178276dc4/metrics.json,13a2c9f243372cd127fe5e88326be992d6344d5a4beb233f41bad9e4476e652f
CURATED_BREADTH_SCREEN_V1,CANDIDATE_H007_VOL_SCALED_MA_24_96_RV168,variant_2ec6b5a20cd8e3181a6a46f0,H007_volatility_scaled_moving_average,existing-qntylab-strategies-v1,volatility_scaled_trend,24/96 RV168,ETHUSDT,2024,2024-01-01T00:00:00Z,2024-12-31T23:00:00Z,baseline,10.0,0.0,trial_1fdc90835bbcfc6823fc9914,3584c161874dc3b8d8f9961901e5abaadebe32a1aaba6d321106b8ccb1f61187,8783,2660,0.477042897098454,0.7587824112210866,0.5723083005493965,0.45404724875953484,0.11826105178986168,0.11206927019990606,-0.24419552416349732,experiments/runs/curated_breadth_screen_v1/347__CANDIDATE_H007_VOL_SCALED_MA_24_96_RV168__ETHUSDT__2024__baseline__trial_1fdc90835bbcfc6823fc9914/run_receipt.json,a5ac58e8738e7f9a63dba9967152f978169135166269d8712d6db1bdbfc6757e,experiments/runs/curated_breadth_screen_v1/347__CANDIDATE_H007_VOL_SCALED_MA_24_96_RV168__ETHUSDT__2024__baseline__trial_1fdc90835bbcfc6823fc9914/metrics.json,43f1c493294030c09ded674bd8a2eeac8e63a835b0cfafb473141155c0a7d816
CURATED_BREADTH_SCREEN_V1,CANDIDATE_H007_VOL_SCALED_MA_24_96_RV168,variant_2ec6b5a20cd8e3181a6a46f0,H007_volatility_scaled_moving_average,existing-qntylab-strategies-v1,volatility_scaled_trend,24/96 RV168,ETHUSDT,2024,2024-01-01T00:00:00Z,2024-12-31T23:00:00Z,stress,10.0,10.0,trial_0f262ab8b8d36e1f27f2dc2e,3584c161874dc3b8d8f9961901e5abaadebe32a1aaba6d321106b8ccb1f61187,8783,2660,0.477042897098454,0.7587824112210866,0.4054719900910033,0.45404724875953484,-0.04857525866853152,0.22413854039981213,-0.26988841666324026,experiments/runs/curated_breadth_screen_v1/348__CANDIDATE_H007_VOL_SCALED_MA_24_96_RV168__ETHUSDT__2024__stress__trial_0f262ab8b8d36e1f27f2dc2e/run_receipt.json,38c07224dbe0edd1f06c7845f20cbb060f80605b0b066049b3ab142219f7349b,experiments/runs/curated_breadth_screen_v1/348__CANDIDATE_H007_VOL_SCALED_MA_24_96_RV168__ETHUSDT__2024__stress__trial_0f262ab8b8d36e1f27f2dc2e/metrics.json,3c6b3aca8cab4579cc3f08760509911a7529424410262dfc6d7028e6b40f2aa3
CURATED_BREADTH_SCREEN_V1,CANDIDATE_H007_VOL_SCALED_MA_24_96_RV168,variant_2ec6b5a20cd8e3181a6a46f0,H007_volatility_scaled_moving_average,existing-qntylab-strategies-v1,volatility_scaled_trend,24/96 RV168,ETHUSDT,2025,2025-01-01T00:00:00Z,2025-12-31T23:00:00Z,baseline,10.0,0.0,trial_2914520a35b6476cdc7c195a,3584c161874dc3b8d8f9961901e5abaadebe32a1aaba6d321106b8ccb1f61187,8759,2075,0.4619425690225761,0.10635582290337542,-0.014112888609372654,-0.11655617326158696,0.1024432846522143,0.11524088827659895,-0.5105151449148464,experiments/runs/curated_breadth_screen_v1/349__CANDIDATE_H007_VOL_SCALED_MA_24_96_RV168__ETHUSDT__2025__baseline__trial_2914520a35b6476cdc7c195a/run_receipt.json,460432d5f80c90a5783893b83d4d9dbdf5555018ae1d84fbc68eeef6349184bc,experiments/runs/curated_breadth_screen_v1/349__CANDIDATE_H007_VOL_SCALED_MA_24_96_RV168__ETHUSDT__2025__baseline__trial_2914520a35b6476cdc7c195a/metrics.json,2667856a3cfa2230747ada4f3f023bd547cfe8f6e82543778e0fa1c4a44815e9
CURATED_BREADTH_SCREEN_V1,CANDIDATE_H007_VOL_SCALED_MA_24_96_RV168,variant_2ec6b5a20cd8e3181a6a46f0,H007_volatility_scaled_moving_average,existing-qntylab-strategies-v1,volatility_scaled_trend,24/96 RV168,ETHUSDT,2025,2025-01-01T00:00:00Z,2025-12-31T23:00:00Z,stress,10.0,10.0,trial_e11711a8e20dae2ff27a4b33,3584c161874dc3b8d8f9961901e5abaadebe32a1aaba6d321106b8ccb1f61187,8759,2075,0.4619425690225761,0.10635582290337542,-0.12155365651421135,-0.11655617326158696,-0.004997483252624391,0.2304817765531979,-0.5314670615938826,experiments/runs/curated_breadth_screen_v1/350__CANDIDATE_H007_VOL_SCALED_MA_24_96_RV168__ETHUSDT__2025__stress__trial_e11711a8e20dae2ff27a4b33/run_receipt.json,df9a17aa4ad418c7ef1c4c2bbc3b411e590fc7805709265a4fed8880ed20cd94,experiments/runs/curated_breadth_screen_v1/350__CANDIDATE_H007_VOL_SCALED_MA_24_96_RV168__ETHUSDT__2025__stress__trial_e11711a8e20dae2ff27a4b33/metrics.json,084fb68d3a9f6df3c50ccf05b59aca3e8a9d1b43530368cae8e80bc0c9db2485
CURATED_BREADTH_SCREEN_V1,CANDIDATE_H007_VOL_SCALED_MA_24_96_RV168,variant_2ec6b5a20cd8e3181a6a46f0,H007_volatility_scaled_moving_average,existing-qntylab-strategies-v1,volatility_scaled_trend,24/96 RV168,ETHUSDT,2026YTD,2026-01-01T00:00:00Z,2026-07-27T23:00:00Z,baseline,10.0,0.0,trial_192b2346899375b5da1f019a,3584c161874dc3b8d8f9961901e5abaadebe32a1aaba6d321106b8ccb1f61187,4991,955,0.45672779455641743,-0.19505396941809128,-0.242103503584294,-0.36488232471197823,0.12277882112768423,0.06018991745123625,-0.3541457425686443,experiments/runs/curated_breadth_screen_v1/351__CANDIDATE_H007_VOL_SCALED_MA_24_96_RV168__ETHUSDT__2026YTD__baseline__trial_192b2346899375b5da1f019a/run_receipt.json,8d617e4fbf0787bd347b954bc3a67ab4d9f1a4a1b8018598dd24057277c4ce0c,experiments/runs/curated_breadth_screen_v1/351__CANDIDATE_H007_VOL_SCALED_MA_24_96_RV168__ETHUSDT__2026YTD__baseline__trial_192b2346899375b5da1f019a/metrics.json,5f9f4e61fc87bc9f5c10790a9164b2a7c29fe6ddbb51d23c4745cbbfe05e2860
CURATED_BREADTH_SCREEN_V1,CANDIDATE_H007_VOL_SCALED_MA_24_96_RV168,variant_2ec6b5a20cd8e3181a6a46f0,H007_volatility_scaled_moving_average,existing-qntylab-strategies-v1,volatility_scaled_trend,24/96 RV168,ETHUSDT,2026YTD,2026-01-01T00:00:00Z,2026-07-27T23:00:00Z,stress,10.0,10.0,trial_57dd8702e6e57a3064fe3f54,3584c161874dc3b8d8f9961901e5abaadebe32a1aaba6d321106b8ccb1f61187,4991,955,0.45672779455641743,-0.19505396941809128,-0.28644061332635373,-0.36488232471197823,0.0784417113856245,0.1203798349024725,-0.38557078199856465,experiments/runs/curated_breadth_screen_v1/352__CANDIDATE_H007_VOL_SCALED_MA_24_96_RV168__ETHUSDT__2026YTD__stress__trial_57dd8702e6e57a3064fe3f54/run_receipt.json,49581f8257d03a1041fa1d523443cf01ecbe1410b367cbaf15334c85c8968046,experiments/runs/curated_breadth_screen_v1/352__CANDIDATE_H007_VOL_SCALED_MA_24_96_RV168__ETHUSDT__2026YTD__stress__trial_57dd8702e6e57a3064fe3f54/metrics.json,5dbcf378dadd345e0929655e489327d1156513d46223c2b173889359f7206b01
CURATED_BREADTH_SCREEN_V1,CANDIDATE_H007_VOL_SCALED_MA_24_96_RV168,variant_2ec6b5a20cd8e3181a6a46f0,H007_volatility_scaled_moving_average,existing-qntylab-strategies-v1,volatility_scaled_trend,24/96 RV168,SOLUSDT,2022,2022-01-01T00:00:00Z,2022-12-31T23:00:00Z,baseline,10.0,0.0,trial_7fa9a471591f00398b512e38,c431aa068acbfedf3cb0c38845dfac275044a9cf83367075b47d47f06974e99d,8759,1819,0.35606453575498404,-0.447764084894275,-0.5003937305257602,-0.9421626638821209,0.4417689333563607,0.10009653440806418,-0.5510804383420145,experiments/runs/curated_breadth_screen_v1/353__CANDIDATE_H007_VOL_SCALED_MA_24_96_RV168__SOLUSDT__2022__baseline__trial_7fa9a471591f00398b512e38/run_receipt.json,6150708628b994bd2925deba7fa296ff4556fb8d68eba37358916ab58d0043b1,experiments/runs/curated_breadth_screen_v1/353__CANDIDATE_H007_VOL_SCALED_MA_24_96_RV168__SOLUSDT__2022__baseline__trial_7fa9a471591f00398b512e38/metrics.json,341ae5c7241f6f0172e20f041ddeadc5c086682d49c131233c9c6f07c528db29
CURATED_BREADTH_SCREEN_V1,CANDIDATE_H007_VOL_SCALED_MA_24_96_RV168,variant_2ec6b5a20cd8e3181a6a46f0,H007_volatility_scaled_moving_average,existing-qntylab-strategies-v1,volatility_scaled_trend,24/96 RV168,SOLUSDT,2022,2022-01-01T00:00:00Z,2022-12-31T23:00:00Z,stress,10.0,10.0,trial_cb7faa4687aee6758cfdedde,c431aa068acbfedf3cb0c38845dfac275044a9cf83367075b47d47f06974e99d,8759,1819,0.35606453575498404,-0.447764084894275,-0.5480476370147401,-0.9421626638821209,0.39411502686738076,0.20019306881612836,-0.5720524147632131,experiments/runs/curated_breadth_screen_v1/354__CANDIDATE_H007_VOL_SCALED_MA_24_96_RV168__SOLUSDT__2022__stress__trial_cb7faa4687aee6758cfdedde/run_receipt.json,7f52cd2f09b9b23decacbd156518c8aaf832a7e35b2c709f69b7295ca90491e9,experiments/runs/curated_breadth_screen_v1/354__CANDIDATE_H007_VOL_SCALED_MA_24_96_RV168__SOLUSDT__2022__stress__trial_cb7faa4687aee6758cfdedde/metrics.json,3369b3d7690a52959a93b917d11f9cd352b3536542b290ecbfab707479c70c7b
CURATED_BREADTH_SCREEN_V1,CANDIDATE_H007_VOL_SCALED_MA_24_96_RV168,variant_2ec6b5a20cd8e3181a6a46f0,H007_volatility_scaled_moving_average,existing-qntylab-strategies-v1,volatility_scaled_trend,24/96 RV168,SOLUSDT,2024,2024-01-01T00:00:00Z,2024-12-31T23:00:00Z,baseline,10.0,0.0,trial_ac7e62203a064629a70915b4,c431aa068acbfedf3cb0c38845dfac275044a9cf83367075b47d47f06974e99d,8783,2305,0.4683003052290306,0.34410275054921713,0.20722218915048352,0.856708513142409,-0.6494863239919255,0.10733726991306058,-0.370927590094439,experiments/runs/curated_breadth_screen_v1/355__CANDIDATE_H007_VOL_SCALED_MA_24_96_RV168__SOLUSDT__2024__baseline__trial_ac7e62203a064629a70915b4/run_receipt.json,03c35d2932da4507b1a2bc060d8d3b9b8e22c4d88609052c0a0b62cae65c7d02,experiments/runs/curated_breadth_screen_v1/355__CANDIDATE_H007_VOL_SCALED_MA_24_96_RV168__SOLUSDT__2024__baseline__trial_ac7e62203a064629a70915b4/metrics.json,6c467e8be4efec6aca61a80e4a36db4542f569858113765dfc1a489a98d67fa0
CURATED_BREADTH_SCREEN_V1,CANDIDATE_H007_VOL_SCALED_MA_24_96_RV168,variant_2ec6b5a20cd8e3181a6a46f0,H007_volatility_scaled_moving_average,existing-qntylab-strategies-v1,volatility_scaled_trend,24/96 RV168,SOLUSDT,2024,2024-01-01T00:00:00Z,2024-12-31T23:00:00Z,stress,10.0,10.0,trial_5b1ca616aced0032f166b5ca,c431aa068acbfedf3cb0c38845dfac275044a9cf83367075b47d47f06974e99d,8783,2305,0.4683003052290306,0.34410275054921713,0.08418017835245784,0.856708513142409,-0.7725283347899512,0.21467453982612117,-0.39016097262090266,experiments/runs/curated_breadth_screen_v1/356__CANDIDATE_H007_VOL_SCALED_MA_24_96_RV168__SOLUSDT__2024__stress__trial_5b1ca616aced0032f166b5ca/run_receipt.json,856d635978b8d8b944da6cf37cad2844b623f0806ab44ba637d6cf7761f1ca72,experiments/runs/curated_breadth_screen_v1/356__CANDIDATE_H007_VOL_SCALED_MA_24_96_RV168__SOLUSDT__2024__stress__trial_5b1ca616aced0032f166b5ca/metrics.json,1eb5f5986546521365be2e7aa9c39cf83322f582b870b782437a73b147eb23d6
CURATED_BREADTH_SCREEN_V1,CANDIDATE_H007_VOL_SCALED_MA_24_96_RV168,variant_2ec6b5a20cd8e3181a6a46f0,H007_volatility_scaled_moving_average,existing-qntylab-strategies-v1,volatility_scaled_trend,24/96 RV168,SOLUSDT,2025,2025-01-01T00:00:00Z,2025-12-31T23:00:00Z,baseline,10.0,0.0,trial_c4b997244a6d2df6dd8681ef,c431aa068acbfedf3cb0c38845dfac275044a9cf83367075b47d47f06974e99d,8759,2300,0.4290851554408599,-0.17126829167564395,-0.26645434793723766,-0.3526020567154876,0.08614770877824995,0.12207933312701147,-0.4687322451643039,experiments/runs/curated_breadth_screen_v1/357__CANDIDATE_H007_VOL_SCALED_MA_24_96_RV168__SOLUSDT__2025__baseline__trial_c4b997244a6d2df6dd8681ef/run_receipt.json,182ed5e10b8b4408ad93ea7f4dcc9c40af6898e79ab3132507fff5cfbc08582f,experiments/runs/curated_breadth_screen_v1/357__CANDIDATE_H007_VOL_SCALED_MA_24_96_RV168__SOLUSDT__2025__baseline__trial_c4b997244a6d2df6dd8681ef/metrics.json,bf7411c49913b0475e341908434c35e426dbc5d830cd721ae1764e7dc2ec0af0
CURATED_BREADTH_SCREEN_V1,CANDIDATE_H007_VOL_SCALED_MA_24_96_RV168,variant_2ec6b5a20cd8e3181a6a46f0,H007_volatility_scaled_moving_average,existing-qntylab-strategies-v1,volatility_scaled_trend,24/96 RV168,SOLUSDT,2025,2025-01-01T00:00:00Z,2025-12-31T23:00:00Z,stress,10.0,10.0,trial_46c3fab93437422d868d6c8a,c431aa068acbfedf3cb0c38845dfac275044a9cf83367075b47d47f06974e99d,8759,2300,0.4290851554408599,-0.17126829167564395,-0.3507752427914185,-0.3526020567154876,0.0018268139240691372,0.24415866625402294,-0.5266409655450758,experiments/runs/curated_breadth_screen_v1/358__CANDIDATE_H007_VOL_SCALED_MA_24_96_RV168__SOLUSDT__2025__stress__trial_46c3fab93437422d868d6c8a/run_receipt.json,852d5f9db400b3a6b7f2917999a1cc7e334796c1d624ab45b95477e0887c0951,experiments/runs/curated_breadth_screen_v1/358__CANDIDATE_H007_VOL_SCALED_MA_24_96_RV168__SOLUSDT__2025__stress__trial_46c3fab93437422d868d6c8a/metrics.json,901a3c0780b098727137829e7540ef7d8cf41b2b3b451ae5fc5c18e36261990e
CURATED_BREADTH_SCREEN_V1,CANDIDATE_H007_VOL_SCALED_MA_24_96_RV168,variant_2ec6b5a20cd8e3181a6a46f0,H007_volatility_scaled_moving_average,existing-qntylab-strategies-v1,volatility_scaled_trend,24/96 RV168,SOLUSDT,2026YTD,2026-01-01T00:00:00Z,2026-07-27T23:00:00Z,baseline,10.0,0.0,trial_af318d0a5cf11f58093096f4,c431aa068acbfedf3cb0c38845dfac275044a9cf83367075b47d47f06974e99d,4991,1026,0.4433984412874615,-0.22022238229325453,-0.2708756146060841,-0.4071114662405114,0.1362358516344273,0.06714304431973578,-0.3697943218200659,experiments/runs/curated_breadth_screen_v1/359__CANDIDATE_H007_VOL_SCALED_MA_24_96_RV168__SOLUSDT__2026YTD__baseline__trial_af318d0a5cf11f58093096f4/run_receipt.json,ef924824714d3d4aac3fe0987447ebf79e65a80b457d4e9c0f8141bff9c35c3a,experiments/runs/curated_breadth_screen_v1/359__CANDIDATE_H007_VOL_SCALED_MA_24_96_RV168__SOLUSDT__2026YTD__baseline__trial_af318d0a5cf11f58093096f4/metrics.json,628df843aecdcaa625acee775fb422e86369cf3c10181ecb2190e5d20513dee6
CURATED_BREADTH_SCREEN_V1,CANDIDATE_H007_VOL_SCALED_MA_24_96_RV168,variant_2ec6b5a20cd8e3181a6a46f0,H007_volatility_scaled_moving_average,existing-qntylab-strategies-v1,volatility_scaled_trend,24/96 RV168,SOLUSDT,2026YTD,2026-01-01T00:00:00Z,2026-07-27T23:00:00Z,stress,10.0,10.0,trial_ebada51ad3415cb582c52360,c431aa068acbfedf3cb0c38845dfac275044a9cf83367075b47d47f06974e99d,4991,1026,0.4433984412874615,-0.22022238229325453,-0.31827998545685154,-0.4071114662405114,0.08883148078365988,0.13428608863947156,-0.40243613447641835,experiments/runs/curated_breadth_screen_v1/360__CANDIDATE_H007_VOL_SCALED_MA_24_96_RV168__SOLUSDT__2026YTD__stress__trial_ebada51ad3415cb582c52360/run_receipt.json,86b77822f7e2ad8ed3ca4ee8d72131ee85a6ba301f6fab4bf9bee864dcb3654a,experiments/runs/curated_breadth_screen_v1/360__CANDIDATE_H007_VOL_SCALED_MA_24_96_RV168__SOLUSDT__2026YTD__stress__trial_ebada51ad3415cb582c52360/metrics.json,d6b6d38db34dfdf289dc844165f8881ce6f4c026beed74d9ec0a911349c54441
